L J MC_steps R2 R2_std E E_std E2 E2_std E4 E4_std Sin1 Sin1_std Cos1 Cos1_std Mag2 Mag2_std Mag4 Mag4_std Mag1 Mag1_std eig1 eig1_std eig2 eig2_std eig3 eig3_std R_g_2_trace R_g_2_trace_std R_g_2_direct R_g_2_direct_std asphericity asphericity_std
200 0.27 16000000 369 0 -51.9158 0 2695.25 0 7.26436e+06 0 -0.0189364 0 -0.108798 0 0.0121955 0 0.00014873 0 0.110433 0 4.10418 0 9.50317 0 66.5798 0 80.1872 0 80.1872 0 0.559107 0 
200 0.27 16800000 345 16.9706 -48.7526 2.2367 2386.82 218.089 5.79205e+06 1.04108e+06 -0.0318419 0.00912555 -0.00851797 0.0709084 0.011309 0.000626842 0.00012868 1.41779e-05 0.106262 0.00294951 5.15735 0.744703 12.5481 2.15305 2679.7 1847.75 2697.4 1850.65 2697.4 1850.65 0.77342 0.151542 
200 0.27 17600000 271 61.4709 -64.3824 12.8485 4640.34 1845.73 3.17529e+07 2.12083e+07 -0.00327156 0.0241078 -0.0452731 0.0559937 0.0132098 0.00160726 0.000182248 4.47484e-05 0.114317 0.00686469 4.54961 0.701935 14.872 2.37925 1808.25 1422.57 1827.67 1423.54 1827.67 1423.54 0.648631 0.143486 
200 0.27 18400000 294.5 50.3953 -62.0177 9.85156 4234.4 1428.24 2.60896e+07 1.66452e+07 0.00866838 0.0208288 -0.0799092 0.0516076 0.0188493 0.00503056 0.000456524 0.000239889 0.133019 0.0169949 4.50011 0.528194 14.0203 1.93088 1363.3 1134.38 1381.82 1135.33 1381.82 1135.33 0.545129 0.140054 
200 0.27 19200000 453.8 148.076 -58.028 8.65147 3741.49 1224.7 2.14981e+07 1.3935e+07 0.0155811 0.0177732 -0.0577967 0.0457789 0.0156412 0.00494267 0.000366797 0.000208016 0.117014 0.0197425 4.65714 0.445287 27.7518 12.3786 1397.71 908.026 1430.12 909.292 1430.12 909.292 0.605254 0.124281 
200 0.27 20000000 513.333 134.834 -56.1715 7.40607 3484.34 1047.23 1.87207e+07 1.18861e+07 -0.00591824 0.0245876 -0.0500816 0.0387938 0.0152002 0.00413852 0.00033381 0.000175943 0.116511 0.0164585 4.56817 0.379856 24.396 10.7608 1183.13 781.632 1212.09 783.447 1212.09 783.447 0.626489 0.105366 
200 0.27 20800000 482.714 118.998 -59.5351 7.07073 3894.39 974.605 2.18153e+07 1.05832e+07 -0.00383317 0.0211633 -0.0168482 0.045303 0.0178003 0.00428694 0.000445495 0.000182851 0.125975 0.0166067 4.98699 0.506316 26.0761 9.35377 1698.89 822.719 1729.95 825.114 1729.95 825.114 0.67601 0.101284 
200 0.27 21600000 454.5 107.416 -56.2679 6.90054 3547.02 912.587 1.92439e+07 9.56761e+06 -0.015139 0.021325 -0.0267542 0.0407087 0.0178406 0.00375127 0.000430864 0.000160579 0.127056 0.014566 4.8036 0.47508 25.6888 8.19257 1490.92 745.701 1521.41 747.863 1521.41 747.863 0.616622 0.104596 
200 0.27 22400000 503.667 106.139 -51.5471 7.57853 3174.01 884.142 1.71097e+07 8.73933e+06 -0.0108222 0.0193875 -0.0180948 0.0370951 0.0162119 0.00367107 0.000384115 0.000149387 0.119206 0.0149136 4.62798 0.453593 23.677 7.52523 1340.47 677.852 1368.78 680.165 1368.78 680.165 0.636245 0.0947969 
200 0.27 23200000 467 116.119 -52.9743 6.95377 3289.82 803.278 1.72755e+07 7.86697e+06 -0.00835286 0.0176053 -0.0161941 0.0334343 0.01461 0.00440913 0.000345707 0.000150118 0.108676 0.0211263 4.63184 0.40825 23.5466 6.77383 1209.79 622.536 1237.97 624.6 1237.97 624.6 0.590017 0.0959286 
200 0.27 24000000 489.545 116.119 -51.742 6.42987 3132.01 745.593 1.59245e+07 7.26687e+06 -0.00420646 0.0164859 -0.0130199 0.0311717 0.0134399 0.00440913 0.000314554 0.000150118 0.102587 0.0211263 4.5359 0.382244 21.8113 6.37645 1107.86 574.226 1134.21 576.372 1134.21 576.372 0.606024 0.0885333 
200 0.27 24800000 541.833 118.45 -53.785 6.21012 3355.61 716.204 1.74155e+07 6.81254e+06 -0.0103121 0.0162033 -0.0122629 0.028009 0.0128214 0.00402074 0.000291359 0.000134577 0.100502 0.019121 4.64643 0.366022 21.3892 5.85903 1027.59 531.956 1053.62 533.946 1053.62 533.946 0.608733 0.0811969 
200 0.27 25600000 579.308 118.45 -56.622 6.34745 3729.82 752.549 2.12739e+07 7.2998e+06 -0.0189195 0.0170908 -0.0082196 0.0262231 0.0131089 0.00402074 0.000290039 0.000134577 0.10267 0.019121 6.49153 1.80462 236.679 206.914 1220.81 524.957 1463.98 631.162 1463.98 631.162 0.581356 0.0794324 
200 0.27 26400000 553.571 102.108 -54.6583 6.19037 3524.02 726.392 1.98057e+07 6.92444e+06 -0.0131577 0.0168133 -0.0101349 0.0243473 0.0125325 0.00345671 0.000271136 0.000116861 0.100407 0.0163897 6.21256 1.69715 220.201 192.79 1139.91 493.655 1366.32 593.586 1366.32 593.586 0.593597 0.0746958 
200 0.27 27200000 560.733 102.108 -55.2793 5.80875 3561.93 678.954 1.9602e+07 6.46581e+06 -0.0061226 0.017101 -0.0134816 0.022953 0.0125085 0.00345671 0.000262938 0.000116861 0.101069 0.0163897 6.14878 1.5852 206.384 184.114 1067.38 466.042 1279.91 560.268 1279.91 560.268 0.579511 0.0710317 
200 0.27 28000000 602 100.173 -56.9202 5.67273 3754.79 663.347 2.11389e+07 6.24168e+06 -0.0164808 0.0189108 -0.0262713 0.0248517 0.016546 0.00482108 0.000618112 0.000356158 0.112107 0.0180399 6.00496 1.49264 194.374 169.554 1007.79 440.707 1208.17 529.824 1208.17 529.824 0.583067 0.0666811 
200 0.27 28800000 624.647 100.173 -55.6055 5.48928 3604.22 641.188 1.99794e+07 5.98124e+06 -0.0128281 0.0181477 -0.0309974 0.0248517 0.0163637 0.00482108 0.00059239 0.000340292 0.112334 0.0180399 5.86611 1.41128 183.387 162.901 953.785 418.08 1143.04 502.646 1143.04 502.646 0.589627 0.0630806 
200 0.27 29600000 592.667 90.6401 -54.8388 5.23759 3501.08 613.805 1.90392e+07 5.72238e+06 -0.0169198 0.0175947 -0.03073 0.0224911 0.0159082 0.00432738 0.000563183 0.000318728 0.111113 0.0160628 5.95581 1.33572 173.981 151.327 902.53 397.983 1082.47 478.357 1082.47 478.357 0.565842 0.0639033 
200 0.27 30400000 565.105 89.9624 -53.6001 5.10631 3368.38 595.67 1.80876e+07 5.49975e+06 -0.0151158 0.0167609 -0.0265845 0.0224869 0.0152082 0.00432738 0.0005339 0.000306883 0.107953 0.0160628 5.72293 1.28556 165.83 146.072 857.73 379.549 1029.28 456.127 1029.28 456.127 0.555509 0.0613696 
200 0.27 31200000 580.1 86.705 -53.2516 4.86287 3308.68 568.871 1.74196e+07 5.26517e+06 -0.014361 0.0159399 -0.0188236 0.0231769 0.0152751 0.00394068 0.000520894 0.000288409 0.108987 0.0156365 6.26951 1.33242 160.624 136.497 903.846 363.363 1070.74 435.201 1070.74 435.201 0.57163 0.0603813 
200 0.27 32000000 580.1 82.7865 -53.2516 4.63872 3308.68 541.833 1.74196e+07 5.0207e+06 -0.014361 0.0154801 -0.0188236 0.0231769 0.0152751 0.00394068 0.000520894 0.000279094 0.108987 0.0156365 6.26951 1.269 160.624 132.074 903.846 348.278 1070.74 417.016 1070.74 417.016 0.57163 0.0583661 
200 0.27 32800000 562.182 82.4181 -54.2697 4.48801 3388.33 531.306 1.74748e+07 4.80215e+06 -0.0121657 0.0156573 -0.0131282 0.0217585 0.0151129 0.00375217 0.000491155 0.000263023 0.109551 0.0156365 6.20358 1.2126 147.689 124.394 825.657 334.511 979.549 400.387 979.549 400.387 0.542506 0.0586916 
200 0.27 33600000 562.182 81.5112 -54.2697 4.42828 3388.33 531.306 1.74748e+07 4.71934e+06 -0.0121657 0.0149946 -0.0131282 0.0217585 0.0151129 0.00375217 0.000491155 0.000255301 0.109551 0.0156365 6.20358 1.15994 147.689 123.652 825.657 321.815 979.549 385.088 979.549 385.088 0.542506 0.0596817 
200 0.27 34400000 535.917 78.2732 -54.7057 4.13034 3402.14 479.268 1.70873e+07 4.41364e+06 -0.0119776 0.0143992 -0.0183151 0.0205542 0.0144472 0.00334819 0.000455989 0.000242303 0.107091 0.0131448 6.04424 1.12086 136.53 114.278 928.705 336.801 1071.28 391.3 1071.28 391.3 0.541152 0.0602517 
200 0.27 35200000 535.917 76.2147 -54.7057 4.0995 3402.14 471.331 1.70873e+07 4.28592e+06 -0.0119776 0.0138336 -0.0183151 0.0205542 0.0144472 0.00334819 0.000455989 0.000236435 0.107091 0.0131448 6.04424 1.07616 136.53 111.155 928.705 324.981 1071.28 377.549 1071.28 377.549 0.541152 0.0581321 
200 0.27 36000000 558.154 76.114 -53.6156 3.94192 3278.64 453.59 1.60988e+07 4.13377e+06 -0.0183838 0.0144903 -0.0191565 0.0189903 0.0144733 0.00321686 0.000451477 0.000224717 0.106756 0.0131448 6.01298 1.03486 127.186 105.679 1056.02 349.97 1189.22 394.154 1189.22 394.154 0.563833 0.0582617 
200 0.27 36800000 558.154 76.114 -53.6156 3.92171 3278.64 450.901 1.60988e+07 3.98949e+06 -0.0183838 0.0146817 -0.0191565 0.0189903 0.0144733 0.00321686 0.000451477 0.000218291 0.106756 0.0131448 6.01298 1.47655 127.186 105.681 1056.02 344.676 1189.22 392.993 1189.22 392.993 0.563833 0.0562538 
200 0.27 37600000 567.286 71.4127 -53.2528 3.6809 3215.23 424.398 1.53809e+07 3.87204e+06 -0.0217117 0.014217 -0.0234256 0.0181074 0.0147171 0.00294669 0.000459717 0.000210663 0.107342 0.0112694 6.99017 1.4298 151.032 102.034 1090.9 334.542 1248.93 381.427 1248.93 381.427 0.554407 0.0544886 
200 0.27 38400000 567.286 76.0507 -53.2528 3.62061 3215.23 423.459 1.53809e+07 3.74652e+06 -0.0217117 0.0140548 -0.0234256 0.0181074 0.0147171 0.00287957 0.000459717 0.000203655 0.107342 0.0112694 6.99017 1.38068 151.032 98.6143 1090.9 324.78 1248.93 370.263 1248.93 370.263 0.554407 0.0527594 
200 0.27 39200000 592.8 73.8993 -53.9107 3.62061 3268.77 423.459 1.5468e+07 3.73187e+06 -0.0222466 0.0138134 -0.0206507 0.0171115 0.0143389 0.00276861 0.000435353 0.000197345 0.106399 0.0112694 6.88013 1.3374 142.188 95.4234 1023.12 315.655 1172.19 359.838 1172.19 359.838 0.545062 0.0512666 
200 0.27 40000000 592.8 73.7072 -53.9107 3.62061 3268.77 423.459 1.5468e+07 3.73187e+06 -0.0222466 0.0137533 -0.0206507 0.0171115 0.0143389 0.00276861 0.000435353 0.000191059 0.106399 0.0112694 6.88013 1.29784 142.188 92.4469 1023.12 306.879 1172.19 349.865 1172.19 349.865 0.545062 0.0500574 
200 0.27 40800000 601.688 71.9816 -54.3254 3.35752 3311.99 386.574 1.57513e+07 3.48092e+06 -0.0234057 0.0134871 -0.020732 0.0160422 0.0141638 0.00260522 0.000417801 0.000185461 0.10632 0.00990698 6.88381 1.26124 134.682 89.6099 1057.03 303.837 1198.59 344.164 1198.59 344.164 0.564374 0.0500405 
200 0.27 41600000 601.688 70.2856 -54.3254 3.32314 3311.99 381.421 1.57513e+07 3.40378e+06 -0.0234057 0.0131071 -0.020732 0.0160422 0.0141638 0.00254845 0.000417801 0.000180235 0.10632 0.00990698 6.88381 1.22406 134.682 86.9696 1057.03 296.022 1198.59 335.299 1198.59 335.299 0.564374 0.0485249 
200 0.27 42400000 602 70.2856 -53.4852 3.32314 3215.19 381.421 1.50119e+07 3.31636e+06 -0.0228628 0.0127988 -0.0173489 0.0154512 0.0135087 0.00249336 0.000393857 0.000175323 0.103228 0.00990698 6.7265 1.19265 127.539 84.481 999.211 288.703 1133.48 326.986 1133.48 326.986 0.56079 0.0472507 
200 0.27 43200000 602 70.2856 -53.4852 3.32314 3215.19 381.421 1.50119e+07 3.28373e+06 -0.0228628 0.0127897 -0.0173489 0.0154512 0.0135087 0.00248131 0.000393857 0.000170689 0.103228 0.00990698 6.7265 1.15867 127.539 82.1277 999.211 281.783 1133.48 319.103 1133.48 319.103 0.56079 0.0474837 
200 0.27 44000000 594.556 65.0353 -53.0557 3.18728 3152.98 370.708 1.44228e+07 3.17627e+06 -0.0230462 0.012835 -0.0160003 0.0146515 0.013652 0.00237087 0.000388734 0.000165826 0.104386 0.008993 6.67022 1.12863 121.25 79.9046 947.135 275.005 1075.06 311.421 1075.06 311.421 0.549839 0.046185 
200 0.27 44800000 594.556 63.5576 -53.0557 3.18728 3152.98 370.708 1.44228e+07 3.17627e+06 -0.0230462 0.013136 -0.0160003 0.0146515 0.013652 0.00234759 0.000388734 0.000161371 0.104386 0.008993 6.67022 1.10185 121.25 77.8015 947.135 268.654 1075.06 304.217 1075.06 304.217 0.549839 0.0450437 
200 0.27 45600000 596.211 62.8369 -52.6467 3.18728 3102.55 370.708 1.39795e+07 3.17627e+06 -0.0182251 0.0128084 -0.0198774 0.0143842 0.0138142 0.00225846 0.000384658 0.000157278 0.105602 0.008993 6.62935 1.07403 115.949 75.7879 1020.91 278.95 1143.49 310.973 1143.49 310.973 0.557963 0.045246 
200 0.27 46400000 596.211 62.8369 -52.6467 3.18728 3102.55 370.708 1.39795e+07 3.17627e+06 -0.0182251 0.01253 -0.0198774 0.0143842 0.0138142 0.0022542 0.000384658 0.000153378 0.105602 0.008993 6.62935 1.0467 115.949 73.8739 1020.91 272.921 1143.49 304.185 1143.49 304.185 0.557963 0.0451842 
200 0.27 47200000 594.45 70.0491 -52.1632 2.99089 3046.83 348.501 1.35303e+07 3.00499e+06 -0.0182951 0.0122618 -0.0224943 0.013901 0.0135063 0.00216029 0.000369095 0.000149813 0.104546 0.008116 6.5196 1.02429 111.385 72.068 971.724 267.162 1089.63 297.747 1089.63 297.747 0.540196 0.0447118 
200 0.27 48000000 594.45 70.0491 -52.1632 2.99089 3046.83 348.501 1.35303e+07 3.00499e+06 -0.0182951 0.0119627 -0.0224943 0.013901 0.0135063 0.00213931 0.000369095 0.000146397 0.104546 0.008116 6.5196 0.999345 111.385 70.3522 971.724 261.622 1089.63 291.56 1089.63 291.56 0.540196 0.0441124 
200 0.27 48800000 594.45 70.0491 -52.1632 2.99089 3046.83 348.501 1.35303e+07 3.00499e+06 -0.0182951 0.0123094 -0.0224943 0.0141589 0.0135063 0.00219572 0.000369095 0.000148014 0.104546 0.00809591 6.5196 0.977335 111.385 68.6771 971.724 255.784 1089.63 284.971 1089.63 284.971 0.540196 0.0431225 
200 0.27 49600000 594.45 70.0491 -52.1632 2.99089 3046.83 348.501 1.35303e+07 3.00499e+06 -0.0182951 0.0121307 -0.0224943 0.0141589 0.0135063 0.00215152 0.000369095 0.000144579 0.104546 0.00809513 6.5196 0.959252 111.385 67.1219 971.724 250.619 1089.63 279.234 1089.63 279.234 0.540196 0.0423536 
200 0.27 50400000 608.409 70.0491 -51.9743 2.72495 2999.27 320.049 1.28921e+07 3.00499e+06 -0.0237141 0.0122441 -0.0202112 0.0138014 0.0144625 0.0021168 0.00040632 0.000141387 0.108352 0.0082053 6.38392 0.937862 105.429 65.6057 898.959 245.406 1010.77 273.383 1010.77 273.383 0.534232 0.0414178 
200 0.27 51200000 608.409 70.0491 -51.9743 2.72495 2999.27 320.049 1.28921e+07 3.00499e+06 -0.0237141 0.0125235 -0.0202112 0.0138014 0.0144625 0.00242546 0.00040632 0.000173605 0.108352 0.00845645 6.38392 0.91763 105.429 64.1713 898.959 254.654 1010.77 280.047 1010.77 280.047 0.534232 0.0416684 
200 0.27 52000000 608.409 70.0491 -51.9743 2.72495 2999.27 320.049 1.28921e+07 3.00499e+06 -0.0237141 0.0122749 -0.0202112 0.0138316 0.0144625 0.00238182 0.00040632 0.000170139 0.108352 0.00830477 6.38392 0.899481 105.429 62.7908 898.959 264.018 1010.77 287.151 1010.77 287.151 0.534232 0.0417969 
200 0.27 52800000 608.409 70.0491 -51.9743 2.74331 2999.27 329.88 1.28921e+07 3.18447e+06 -0.0237141 0.0128072 -0.0202112 0.0138316 0.0144625 0.00253638 0.00040632 0.000181823 0.108352 0.00864477 6.38392 0.881793 105.429 61.479 898.959 263.976 1010.77 281.969 1010.77 281.969 0.534232 0.0416139 
200 0.27 53600000 588.25 58.648 -53.7767 3.03599 3238.4 372.145 1.5503e+07 3.56826e+06 -0.0230362 0.0125584 -0.0204844 0.013807 0.0162193 0.00268847 0.000564006 0.000199477 0.112451 0.00862899 6.21459 0.863834 99.0464 60.2169 1114.51 268.334 1219.77 282.546 1219.77 282.546 0.559288 0.0411138 
200 0.27 54400000 588.25 58.648 -53.7767 3.03599 3238.4 372.145 1.5503e+07 3.56826e+06 -0.0230362 0.0123061 -0.0204844 0.013807 0.0162193 0.00268847 0.000564006 0.000199477 0.112451 0.00849862 6.21459 0.848348 99.0464 58.988 1114.51 268.334 1219.77 288.179 1219.77 288.179 0.559288 0.0410102 
200 0.27 55200000 588.25 58.648 -53.7767 3.03599 3238.4 372.145 1.5503e+07 3.56826e+06 -0.0230362 0.0120995 -0.0204844 0.0141655 0.0162193 0.00268847 0.000564006 0.000199477 0.112451 0.00848392 6.21459 0.831869 99.0464 57.8257 1114.51 268.334 1219.77 282.788 1219.77 282.788 0.559288 0.0407931 
200 0.27 56000000 588.25 58.648 -53.7767 3.03599 3238.4 372.145 1.5503e+07 3.56826e+06 -0.0230362 0.0119486 -0.0204844 0.0141655 0.0162193 0.00268847 0.000564006 0.000199477 0.112451 0.00848392 6.21459 0.816285 99.0464 56.7125 1114.51 268.334 1219.77 279.901 1219.77 279.901 0.559288 0.0407931 
200 0.27 56800000 579.346 58.648 -53.3702 2.82954 3175.1 348.862 1.47978e+07 3.36274e+06 -0.0240829 0.0117527 -0.0260145 0.0136272 0.0161577 0.00268847 0.000542819 0.000199477 0.113078 0.00840432 6.05482 0.801351 94.5015 55.6434 1200.06 260.976 1300.62 275.582 1300.62 275.582 0.574283 0.0402257 
200 0.27 57600000 579.346 58.648 -53.3702 2.82954 3175.1 348.862 1.47978e+07 3.36274e+06 -0.0240829 0.0116938 -0.0260145 0.0136272 0.0161577 0.00268847 0.000542819 0.000199477 0.113078 0.00840432 6.05482 0.788326 94.5015 54.6119 1200.06 260.976 1300.62 271.365 1300.62 271.365 0.574283 0.0402512 
200 0.27 58400000 579.346 58.648 -53.3702 2.82954 3175.1 348.862 1.47978e+07 3.36274e+06 -0.0240829 0.0114969 -0.0260145 0.0135168 0.0161577 0.00268847 0.000542819 0.000199477 0.113078 0.00840432 6.05482 0.774356 94.5015 53.6235 1200.06 260.976 1300.62 267.258 1300.62 267.258 0.574283 0.0395738 
200 0.27 59200000 579.346 58.648 -53.3702 2.82954 3175.1 348.862 1.47978e+07 3.36274e+06 -0.0240829 0.0117103 -0.0260145 0.0135168 0.0161577 0.00268847 0.000542819 0.000199477 0.113078 0.00840432 6.05482 0.763613 94.5015 52.6657 1200.06 260.976 1300.62 267.258 1300.62 267.258 0.574283 0.0388604 
200 0.27 60000000 587 52.9976 -54.263 2.76471 3269.49 336.47 1.5378e+07 3.1722e+06 -0.0228241 0.0115255 -0.0287418 0.0130463 0.0165182 0.00232095 0.000551412 0.000171378 0.114579 0.00778042 6.11381 0.750997 88.9668 51.7381 1120.05 254.306 1215.13 261.485 1215.13 261.485 0.562161 0.0388228 
200 0.27 60800000 587 52.1005 -54.263 2.76471 3269.49 336.47 1.5378e+07 3.1722e+06 -0.0228241 0.0113234 -0.0287418 0.0130463 0.0165182 0.00232095 0.000551412 0.000171378 0.114579 0.00764943 6.11381 0.740296 88.9668 50.8412 1120.05 254.306 1215.13 261.485 1215.13 261.485 0.562161 0.0390206 
200 0.27 61600000 587 51.9442 -54.263 2.76471 3269.49 336.47 1.5378e+07 3.1722e+06 -0.0228241 0.0111509 -0.0287418 0.0126949 0.0165182 0.00232095 0.000551412 0.000171378 0.114579 0.00752319 6.11381 0.727938 88.9668 49.9805 1120.05 254.306 1215.13 261.485 1215.13 261.485 0.562161 0.0383557 
200 0.27 62400000 587 51.6787 -54.263 2.76471 3269.49 336.47 1.5378e+07 3.1722e+06 -0.0228241 0.0109653 -0.0287418 0.0126949 0.0165182 0.00232095 0.000551412 0.000171378 0.114579 0.00750203 6.11381 0.71614 88.9668 49.1501 1120.05 254.306 1215.13 261.485 1215.13 261.485 0.562161 0.0377125 
200 0.27 63200000 588.067 50.8608 -53.936 2.59967 3237.92 315.516 1.52087e+07 2.96524e+06 -0.0207574 0.0109108 -0.0269499 0.0122731 0.0160117 0.00232095 0.000522064 0.000171378 0.112843 0.0074681 6.10659 0.707121 84.2114 48.3441 1050.17 246.767 1140.49 254.483 1140.49 254.483 0.553272 0.0370877 
200 0.27 64000000 588.067 53.2767 -53.936 2.59967 3237.92 315.516 1.52087e+07 2.96524e+06 -0.0207574 0.0107614 -0.0269499 0.0122731 0.0160117 0.00232095 0.000522064 0.000171378 0.112843 0.0074681 6.10659 0.696343 84.2114 47.5588 1050.17 246.767 1140.49 254.483 1140.49 254.483 0.553272 0.03648 
200 0.27 64800000 588.067 52.5504 -53.936 2.59967 3237.92 315.516 1.52087e+07 2.96524e+06 -0.0207574 0.0106709 -0.0269499 0.0118825 0.0160117 0.00232095 0.000522064 0.000171378 0.112843 0.0074681 6.10659 0.685163 84.2114 46.7965 1050.17 246.767 1140.49 254.483 1140.49 254.483 0.553272 0.0363724 
200 0.27 65600000 588.067 52.437 -53.936 2.59967 3237.92 315.516 1.52087e+07 2.96524e+06 -0.0207574 0.0105188 -0.0269499 0.0118825 0.0160117 0.00232095 0.000522064 0.000171378 0.112843 0.0074681 6.10659 0.679354 84.2114 57.6669 1050.17 246.767 1140.49 254.483 1140.49 254.483 0.553272 0.0360077 
200 0.27 66400000 604.844 52.0394 -53.9191 2.43724 3233.99 295.821 1.5098e+07 2.78197e+06 -0.0214884 0.0105201 -0.0223769 0.0122344 0.0158718 0.00211893 0.000506665 0.000155687 0.112698 0.00703892 6.16782 0.670412 117.685 56.79 1088.09 234.239 1211.94 248.408 1211.94 248.408 0.553592 0.0354774 
200 0.27 67200000 604.844 51.8836 -53.9191 2.43724 3233.99 295.821 1.5098e+07 2.78197e+06 -0.0214884 0.0104281 -0.0223769 0.0122344 0.0158718 0.00211893 0.000506665 0.000155687 0.112698 0.00693126 6.16782 0.661445 117.685 55.939 1088.09 234.239 1211.94 248.408 1211.94 248.408 0.553592 0.03552 
200 0.27 68000000 604.844 51.1723 -53.9191 2.43724 3233.99 295.821 1.5098e+07 2.78197e+06 -0.0214884 0.0102707 -0.0223769 0.0119343 0.0158718 0.00211893 0.000506665 0.000155687 0.112698 0.00685649 6.16782 0.6518 117.685 55.1045 1088.09 234.239 1211.94 248.408 1211.94 248.408 0.553592 0.0357791 
200 0.27 68800000 604.844 50.4333 -53.9191 2.43724 3233.99 295.821 1.5098e+07 2.78197e+06 -0.0214884 0.010304 -0.0223769 0.0119343 0.0158718 0.00211893 0.000506665 0.000155687 0.112698 0.00679322 6.16782 0.642426 117.685 54.3029 1088.09 234.239 1211.94 248.408 1211.94 248.408 0.553592 0.0357791 
200 0.27 69600000 614.824 49.6949 -54.1252 2.30257 3262.26 279.767 1.52263e+07 2.62129e+06 -0.0238154 0.0101799 -0.0224551 0.0116474 0.0157128 0.00211893 0.000490952 0.000155687 0.112504 0.00676721 6.19024 0.633319 111.913 53.5234 1127.86 223.811 1245.96 236.691 1245.96 236.691 0.56536 0.0347387 
200 0.27 70400000 614.824 49.0415 -54.1252 2.30257 3262.26 279.767 1.52263e+07 2.62129e+06 -0.0238154 0.0102933 -0.0224551 0.0116474 0.0157128 0.00211893 0.000490952 0.000155687 0.112504 0.00676721 6.19024 0.625328 111.913 52.7699 1127.86 223.811 1245.96 236.113 1245.96 236.113 0.56536 0.0347387 
200 0.27 71200000 614.824 48.7407 -54.1252 2.30257 3262.26 279.767 1.52263e+07 2.62129e+06 -0.0238154 0.0102459 -0.0224551 0.0113991 0.0157128 0.00211893 0.000490952 0.000155687 0.112504 0.00676721 6.19024 0.616626 111.913 52.0335 1127.86 223.811 1245.96 236.113 1245.96 236.113 0.56536 0.0339687 
200 0.27 72000000 614.824 48.1237 -54.1252 2.30257 3262.26 279.767 1.52263e+07 2.62129e+06 -0.0238154 0.0101573 -0.0224551 0.0113991 0.0157128 0.00211893 0.000490952 0.000155687 0.112504 0.00676721 6.19024 0.608822 111.913 51.3196 1127.86 223.811 1245.96 236.113 1245.96 236.113 0.56536 0.0339687 
200 0.27 72800000 608.5 47.7284 -53.7234 2.20943 3207.24 269.581 1.4705e+07 2.52696e+06 -0.0182226 0.0100451 -0.0211226 0.0110827 0.0156655 0.00189352 0.000485384 0.000139836 0.112426 0.00648262 6.06067 0.601731 106.182 50.6267 1068.03 219.227 1180.28 231.953 1180.28 231.953 0.56058 0.0331368 
200 0.27 73600000 608.5 47.0929 -53.7234 2.20943 3207.24 269.581 1.4705e+07 2.52696e+06 -0.0182226 0.00991409 -0.0211226 0.0110827 0.0156655 0.00189352 0.000485384 0.000139836 0.112426 0.00640296 6.06067 0.593912 106.182 49.9494 1068.03 219.227 1180.28 231.953 1180.28 231.953 0.56058 0.0330355 
200 0.27 74400000 608.5 46.6247 -53.7234 2.20943 3207.24 269.581 1.4705e+07 2.52696e+06 -0.0182226 0.00978205 -0.0211226 0.0107837 0.0156655 0.00189352 0.000485384 0.000139836 0.112426 0.00636723 6.06067 0.585901 106.182 49.2862 1068.03 219.227 1180.28 231.953 1180.28 231.953 0.56058 0.0326628 
200 0.27 75200000 608.5 46.1917 -53.7234 2.20943 3207.24 269.581 1.4705e+07 2.52696e+06 -0.0182226 0.00994642 -0.0211226 0.0107837 0.0156655 0.00189352 0.000485384 0.000139836 0.112426 0.00631989 6.06067 0.578247 106.182 48.6307 1068.03 219.227 1180.28 231.953 1180.28 231.953 0.56058 0.0326628 
200 0.27 76000000 606.421 45.8306 -53.4534 2.10958 3188.17 256.066 1.45926e+07 2.39646e+06 -0.0155275 0.00985044 -0.0211678 0.0105009 0.0153784 0.00189352 0.000470233 0.000139836 0.11131 0.00627078 6.03624 0.570687 102.413 48.001 1052.27 208.255 1160.72 220.568 1160.72 220.568 0.559555 0.0321628 
200 0.27 76800000 606.421 45.3305 -53.4534 2.10958 3188.17 256.066 1.45926e+07 2.39646e+06 -0.0155275 0.00979921 -0.0211678 0.0105009 0.0153784 0.00189352 0.000470233 0.000139836 0.11131 0.00627376 6.03624 0.563276 102.413 47.3898 1052.27 208.255 1160.72 220.568 1160.72 220.568 0.559555 0.0321628 
200 0.27 77600000 606.421 45.0597 -53.4534 2.10958 3188.17 256.066 1.45926e+07 2.39646e+06 -0.0155275 0.00991376 -0.0211678 0.0104786 0.0153784 0.00189352 0.000470233 0.000139836 0.11131 0.00626841 6.03624 0.557618 102.413 46.7934 1052.27 208.255 1160.72 220.568 1160.72 220.568 0.559555 0.0319028 
200 0.27 78400000 606.421 44.5137 -53.4534 2.10958 3188.17 256.066 1.45926e+07 2.39646e+06 -0.0155275 0.00978963 -0.0211678 0.0104786 0.0153784 0.00189352 0.000470233 0.000139836 0.11131 0.00629506 6.03624 0.550803 102.413 46.2144 1052.27 208.255 1160.72 220.568 1160.72 220.568 0.559555 0.0319028 
200 0.27 79200000 594.725 43.9998 -53.9572 2.06351 3252.03 251.098 1.52645e+07 2.36895e+06 -0.0147499 0.00979153 -0.0171823 0.0103528 0.0157344 0.00171511 0.0004829 0.000125874 0.112417 0.00622171 5.98273 0.544626 98.3389 45.6445 1002.52 203.698 1106.84 216.019 1106.84 216.019 0.547789 0.0316124 
200 0.27 80000000 594.725 43.5045 -53.9572 2.06339 3252.03 251.098 1.52645e+07 2.36895e+06 -0.0147499 0.00968028 -0.0171823 0.0103528 0.0157344 0.00170542 0.0004829 0.000125874 0.112417 0.006189 5.98273 0.537904 98.3389 45.094 1002.52 203.698 1106.84 216.019 1106.84 216.019 0.547789 0.0316124 
200 0.27 80800000 594.725 43.1113 -53.9572 2.06339 3252.03 251.098 1.52645e+07 2.36895e+06 -0.0147499 0.00962019 -0.0171823 0.0101007 0.0157344 0.00170542 0.0004829 0.000125874 0.112417 0.00611395 5.98273 0.531348 98.3389 44.5456 1002.52 203.698 1106.84 216.019 1106.84 216.019 0.547789 0.0314491 
200 0.27 81600000 594.725 43.1501 -53.9572 2.06339 3252.03 251.098 1.52645e+07 2.36895e+06 -0.0147499 0.0095192 -0.0171823 0.0101007 0.0157344 0.00170542 0.0004829 0.000125874 0.112417 0.00610841 5.98273 0.525085 98.3389 44.0218 1002.52 203.698 1106.84 216.019 1106.84 216.019 0.547789 0.0314491 
200 0.27 82400000 594.725 42.9608 -53.9572 1.98679 3252.03 240.238 1.52645e+07 2.27418e+06 -0.0147499 0.00940595 -0.0171823 0.00989574 0.0157344 0.00170542 0.0004829 0.000125874 0.112417 0.00603921 5.98273 0.519631 98.3389 47.6797 1002.52 197.915 1106.84 213.191 1106.84 213.191 0.547789 0.030728 
200 0.27 83200000 594.725 42.5318 -53.9572 1.98968 3252.03 240.238 1.52645e+07 2.27418e+06 -0.0147499 0.00938578 -0.0171823 0.00989574 0.0157344 0.00170542 0.0004829 0.000125874 0.112417 0.00599216 5.98273 0.51362 98.3389 47.1332 1002.52 197.915 1106.84 213.191 1106.84 213.191 0.547789 0.030728 
200 0.27 84000000 594.725 42.4574 -53.9572 1.96947 3252.03 240.238 1.52645e+07 2.27418e+06 -0.0147499 0.00931145 -0.0171823 0.00974591 0.0157344 0.00170542 0.0004829 0.000125874 0.112417 0.00593776 5.98273 0.507655 98.3389 46.6002 1002.52 197.915 1106.84 213.191 1106.84 213.191 0.547789 0.030295 
200 0.27 84800000 594.725 42.0907 -53.9572 1.96947 3252.03 240.238 1.52645e+07 2.27418e+06 -0.0147499 0.00928418 -0.0171823 0.00974591 0.0157344 0.00170542 0.0004829 0.000125874 0.112417 0.00589613 5.98273 0.504091 98.3389 46.0806 1002.52 197.915 1106.84 213.191 1106.84 213.191 0.547789 0.030295 
200 0.27 85600000 579.5 41.7753 -53.7983 1.93808 3224.8 229.347 1.48802e+07 2.17264e+06 -0.0178263 0.00918877 -0.0171254 0.00978478 0.0153691 0.00159006 0.000458698 0.000116735 0.111211 0.00583992 5.95857 0.498379 111.003 45.565 1010.33 191.542 1127.29 206.658 1127.29 206.658 0.553178 0.0299613 
200 0.27 86400000 579.5 41.5647 -53.7983 1.94555 3224.8 229.347 1.48802e+07 2.17264e+06 -0.0178263 0.00911768 -0.0171254 0.00978478 0.0153691 0.00158903 0.000458698 0.000116735 0.111211 0.00577816 5.95857 0.493188 111.003 45.0681 1010.33 191.542 1127.29 206.658 1127.29 206.658 0.553178 0.0299613 
200 0.27 87200000 579.5 41.3373 -53.7983 1.93254 3224.8 229.347 1.48802e+07 2.17264e+06 -0.0178263 0.0090324 -0.0171254 0.00961523 0.0153691 0.00158903 0.000458698 0.000116735 0.111211 0.0057815 5.95857 0.48866 111.003 44.5774 1010.33 191.542 1127.29 206.658 1127.29 206.658 0.553178 0.0299655 
200 0.27 88000000 579.5 41.0155 -53.7983 1.93254 3224.8 229.347 1.48802e+07 2.17264e+06 -0.0178263 0.0089347 -0.0171254 0.00961523 0.0153691 0.00158903 0.000458698 0.000116735 0.111211 0.00573582 5.95857 0.483307 111.003 44.0996 1010.33 191.542 1127.29 206.658 1127.29 206.658 0.553178 0.0299655 
200 0.27 88800000 579.5 40.7044 -53.7983 1.90076 3224.8 222 1.48802e+07 2.09333e+06 -0.0178263 0.0089491 -0.0171254 0.00947034 0.0153691 0.00158903 0.000458698 0.000116735 0.111211 0.00575525 5.95857 0.478487 111.003 43.6335 1010.33 187.767 1127.29 202.802 1127.29 202.802 0.553178 0.0295283 
200 0.27 89600000 579.5 40.3504 -53.7983 1.90076 3224.8 222 1.48802e+07 2.09333e+06 -0.0178263 0.00892514 -0.0171254 0.00947034 0.0153691 0.00158903 0.000458698 0.000116735 0.111211 0.00569343 5.95857 0.476349 111.003 43.1722 1010.33 187.767 1127.29 202.802 1127.29 202.802 0.553178 0.0295283 
200 0.27 90400000 579.5 40.8709 -53.7983 1.86633 3224.8 222 1.48802e+07 2.09333e+06 -0.0178263 0.00885262 -0.0171254 0.00931114 0.0153691 0.00158903 0.000458698 0.000116735 0.111211 0.00567623 5.95857 0.471485 111.003 42.7246 1010.33 187.767 1127.29 202.802 1127.29 202.802 0.553178 0.0293466 
200 0.27 91200000 579.5 40.4654 -53.7983 1.86105 3224.8 222 1.48802e+07 2.09333e+06 -0.0178263 0.00876565 -0.0171254 0.00931114 0.0153691 0.00158903 0.000458698 0.000116735 0.111211 0.00568263 5.95857 0.466637 111.003 42.2756 1010.33 187.767 1127.29 202.802 1127.29 202.802 0.553178 0.0293466 
200 0.27 92000000 568.417 40.1537 -54.4037 1.83898 3284.42 214.134 1.51875e+07 2.00671e+06 -0.0172433 0.00872249 -0.0122281 0.00988422 0.0156233 0.00152737 0.000468044 0.00010738 0.111951 0.00567372 5.91817 0.462023 103.796 41.8445 976.598 180.126 1086.31 194.422 1086.31 194.422 0.547812 0.0287405 
200 0.27 92800000 568.417 39.7768 -54.4037 1.84758 3284.42 215.834 1.51875e+07 2.00671e+06 -0.0172433 0.00875207 -0.0122281 0.00988422 0.0156233 0.00151163 0.000468044 0.00010738 0.111951 0.00561646 5.91817 0.459039 103.796 41.4231 976.598 180.126 1086.31 194.422 1086.31 194.422 0.547812 0.0287405 
200 0.27 93600000 568.417 39.6843 -54.4037 1.82886 3284.42 214.134 1.51875e+07 2.00671e+06 -0.0172433 0.00874934 -0.0122281 0.00968259 0.0156233 0.00149683 0.000468044 0.00010738 0.111951 0.00556693 5.91817 0.454535 103.796 41.0117 976.598 180.126 1086.31 194.422 1086.31 194.422 0.547812 0.0281703 
200 0.27 94400000 568.417 39.5794 -54.4037 1.83468 3284.42 214.921 1.51875e+07 2.00671e+06 -0.0172433 0.00867468 -0.0122281 0.00968259 0.0156233 0.0015057 0.000468044 0.00010738 0.111951 0.00558989 5.91817 0.450296 103.796 40.6051 976.598 180.126 1086.31 194.422 1086.31 194.422 0.547812 0.0281703 
200 0.27 95200000 568.417 39.2798 -54.4037 1.87358 3284.42 226.234 1.51875e+07 2.08291e+06 -0.0172433 0.00860186 -0.0122281 0.0100681 0.0156233 0.00149081 0.000468044 0.00010738 0.111951 0.00553411 5.91817 0.44663 103.796 40.204 976.598 174.766 1086.31 187.947 1086.31 187.947 0.547812 0.0288053 
200 0.27 96000000 568.417 39.2328 -54.4037 1.87358 3284.42 226.234 1.51875e+07 2.08291e+06 -0.0172433 0.00853241 -0.0122281 0.0100681 0.0156233 0.00147681 0.000468044 0.00010738 0.111951 0.00547939 5.91817 0.442318 103.796 39.8121 976.598 174.766 1086.31 187.947 1086.31 187.947 0.547812 0.0288053 
200 0.27 96800000 568.417 38.8483 -54.4037 1.87358 3284.42 226.234 1.51875e+07 2.08291e+06 -0.0172433 0.00848445 -0.0122281 0.0100429 0.0156233 0.00147681 0.000468044 0.00010738 0.111951 0.00542583 5.91817 0.439314 103.796 39.4305 976.598 174.766 1086.31 187.947 1086.31 187.947 0.547812 0.0283029 
200 0.27 97600000 568.417 38.5124 -54.4037 1.87358 3284.42 226.234 1.51875e+07 2.08291e+06 -0.0172433 0.00840949 -0.0122281 0.0100429 0.0156233 0.00147681 0.000468044 0.00010738 0.111951 0.00537705 5.91817 0.435731 103.796 39.058 976.598 174.766 1086.31 187.947 1086.31 187.947 0.547812 0.0283029 
200 0.27 98400000 562.115 38.3504 -55.2368 1.81826 3387.48 217.631 1.60914e+07 2.00499e+06 -0.0166307 0.00835592 -0.00489926 0.0105533 0.0158273 0.00143654 0.000465121 9.91601e-05 0.113442 0.00533336 5.89163 0.43193 97.2877 38.6899 1017.09 168.657 1120.27 181.065 1120.27 181.065 0.557108 0.0278205 
200 0.27 99200000 562.115 38.2833 -55.2368 1.81826 3387.48 217.631 1.60914e+07 2.00499e+06 -0.0166307 0.0082986 -0.00489926 0.0105533 0.0158273 0.00142663 0.000465121 9.91601e-05 0.113442 0.00529866 5.89163 0.428559 97.2877 38.3285 1017.09 168.657 1120.27 181.065 1120.27 181.065 0.557108 0.0278205 
200 0.27 100000000 562.115 38.0795 -55.2368 1.80177 3387.48 217.631 1.60914e+07 2.00499e+06 -0.0166307 0.00826395 -0.00489926 0.0105533 0.0158273 0.00141358 0.000465121 9.91601e-05 0.113442 0.00524875 5.89163 0.424765 97.2877 37.9744 1017.09 168.657 1120.27 181.065 1120.27 181.065 0.557108 0.0278789 
200 0.27 100800000 562.115 38.8251 -55.2368 1.80177 3387.48 217.631 1.60914e+07 2.00499e+06 -0.0166307 0.00819552 -0.00489926 0.0105533 0.0158273 0.00140037 0.000465121 9.91601e-05 0.113442 0.0052007 5.89163 0.421162 97.2877 37.6285 1017.09 168.657 1120.27 181.065 1120.27 181.065 0.557108 0.0278789 
200 0.27 101600000 562.115 38.9937 -55.2368 1.79417 3387.48 213.332 1.60914e+07 2.0111e+06 -0.0166307 0.00822078 -0.00489926 0.0105533 0.0158273 0.00140934 0.000465121 9.91601e-05 0.113442 0.00522364 5.89163 0.417958 97.2877 37.2886 1017.09 165.963 1120.27 178.305 1120.27 178.305 0.557108 0.0276012 
200 0.27 102400000 562.115 38.776 -55.2368 1.77789 3387.48 211.573 1.60914e+07 1.99432e+06 -0.0166307 0.0081491 -0.00489926 0.0105533 0.0158273 0.0013965 0.000465121 9.91601e-05 0.113442 0.00517594 5.89163 0.414238 97.2877 36.9535 1017.09 165.963 1120.27 178.305 1120.27 178.305 0.557108 0.0276012 
200 0.27 103200000 562.115 38.7031 -55.2368 1.77127 3387.48 211.573 1.60914e+07 1.99213e+06 -0.0166307 0.00816052 -0.00489926 0.0105533 0.0158273 0.00138959 0.000465121 9.91601e-05 0.113442 0.00515655 5.89163 0.410662 97.2877 36.6241 1017.09 165.963 1120.27 178.305 1120.27 178.305 0.557108 0.0280129 
200 0.27 104000000 562.115 38.3679 -55.2368 1.75549 3387.48 211.573 1.60914e+07 1.99213e+06 -0.0166307 0.00809329 -0.00489926 0.0105533 0.0158273 0.00137864 0.000465121 9.91601e-05 0.113442 0.00511362 5.89163 11.0796 97.2877 44.601 1017.09 166.523 1120.27 196.794 1120.27 196.794 0.557108 0.0280129 
200 0.27 104800000 560.071 38.1053 -55.587 1.73982 3428.93 206.84 1.65493e+07 1.94779e+06 -0.0149877 0.00805499 -0.00400113 0.00983767 0.0158795 0.00136998 0.000462367 9.21155e-05 0.11395 0.00508414 16.8216 10.9811 117.929 44.211 1024.37 165.675 1159.12 195.067 1159.12 195.067 0.548167 0.0275142 
200 0.27 105600000 560.071 37.7682 -55.587 1.72704 3428.93 205.191 1.65493e+07 1.93072e+06 -0.0149877 0.00798801 -0.00400113 0.00983767 0.0158795 0.0013612 0.000462367 9.21155e-05 0.11395 0.00505328 16.8216 10.9411 117.929 43.8301 1024.37 165.675 1159.12 193.571 1159.12 193.571 0.548167 0.0275142 
200 0.27 106400000 560.071 37.5523 -55.587 1.71246 3428.93 204.348 1.65493e+07 1.92143e+06 -0.0149877 0.00795241 -0.00400113 0.00983767 0.0158795 0.00134926 0.000462367 9.21155e-05 0.11395 0.00500993 16.8216 10.819 117.929 43.4561 1024.37 165.287 1159.12 192.091 1159.12 192.091 0.548167 0.0270434 
200 0.27 107200000 560.071 37.2325 -55.587 1.70975 3428.93 204.348 1.65493e+07 1.92143e+06 -0.0149877 0.00788718 -0.00400113 0.00983767 0.0158795 0.0013435 0.000462367 9.21155e-05 0.11395 0.00501377 16.8216 10.819 117.929 43.0862 1024.37 165.287 1159.12 191.659 1159.12 191.659 0.548167 0.0270434 
200 0.27 108000000 560.071 36.9716 -55.587 1.69536 3428.93 201.064 1.65493e+07 1.88735e+06 -0.0149877 0.00781919 -0.00400113 0.00983767 0.0158795 0.00133847 0.000462367 9.21155e-05 0.11395 0.00504013 16.8216 10.6042 117.929 42.7236 1024.37 161.575 1159.12 190.247 1159.12 190.247 0.548167 0.026587 
200 0.27 108800000 560.071 36.744 -55.587 1.68125 3428.93 199.349 1.65493e+07 1.87147e+06 -0.0149877 0.00791125 -0.00400113 0.00983767 0.0158795 0.00133285 0.000462367 9.21155e-05 0.11395 0.00502437 16.8216 10.5675 117.929 42.3655 1024.37 161.384 1159.12 188.847 1159.12 188.847 0.548167 0.026587 
200 0.27 109600000 560.071 36.4326 -55.587 1.66834 3428.93 197.977 1.65493e+07 1.86727e+06 -0.0149877 0.00784507 -0.00400113 0.00983767 0.0158795 0.0013252 0.000462367 9.21155e-05 0.11395 0.00499919 16.8216 10.537 117.929 42.0154 1024.37 162.571 1159.12 190.08 1159.12 190.08 0.548167 0.0261394 
200 0.27 110400000 560.071 36.2175 -55.587 1.65515 3428.93 197.977 1.65493e+07 1.86727e+06 -0.0149877 0.00778447 -0.00400113 0.00983767 0.0158795 0.00131654 0.000462367 9.21155e-05 0.11395 0.00496606 16.8216 10.537 117.929 41.6686 1024.37 162.893 1159.12 189.828 1159.12 189.828 0.548167 0.0261394 
200 0.27 111200000 554.667 35.919 -55.5767 1.6427 3412.59 194.696 1.61946e+07 1.82708e+06 -0.0122292 0.00772641 -0.00522409 0.00928395 0.0153731 0.00130895 0.000441935 8.82114e-05 0.111553 0.00494048 16.1365 10.2519 111.232 41.3273 1066.58 161.591 1193.95 188.311 1193.95 188.311 0.555807 0.026318 
200 0.27 112000000 554.667 35.7637 -55.5767 1.6408 3412.59 194.094 1.61946e+07 1.81627e+06 -0.0122292 0.00766412 -0.00522409 0.00928395 0.0153731 0.00130344 0.000441935 8.82114e-05 0.111553 0.00494189 16.1365 10.2172 111.232 40.9912 1066.58 160.397 1193.95 186.777 1193.95 186.777 0.555807 0.026318 
200 0.27 112800000 554.667 35.5374 -55.5767 1.62737 3412.59 192.538 1.61946e+07 1.81018e+06 -0.0122292 0.00763627 -0.00522409 0.00928395 0.0153731 0.00129446 0.000441935 8.82114e-05 0.111553 0.00490618 16.1365 10.1088 111.232 40.6628 1066.58 160.397 1193.95 185.478 1193.95 185.478 0.555807 0.0258867 
200 0.27 113600000 554.667 35.3139 -55.5767 1.61449 3412.59 191.378 1.61946e+07 1.81018e+06 -0.0122292 0.00765807 -0.00522409 0.00928395 0.0153731 0.00129082 0.000441935 8.82114e-05 0.111553 0.00488894 16.1365 10.1088 111.232 40.3387 1066.58 160.397 1193.95 184.184 1193.95 184.184 0.555807 0.0258867 
200 0.27 114400000 554.667 35.263 -55.5767 1.60317 3412.59 189.704 1.61946e+07 1.77751e+06 -0.0122292 0.00759824 -0.00522409 0.00928395 0.0153731 0.00129082 0.000441935 8.82114e-05 0.111553 0.00487533 16.1365 10.0997 111.232 40.02 1066.58 157.056 1193.95 182.923 1193.95 182.923 0.555807 0.0258327 
200 0.27 115200000 554.667 35.037 -55.5767 1.61191 3412.59 191.451 1.61946e+07 1.79772e+06 -0.0122292 0.00757126 -0.00522409 0.00928395 0.0153731 0.00129624 0.000441935 8.82114e-05 0.111553 0.00490854 16.1365 10.0997 111.232 39.7068 1066.58 156.619 1193.95 181.667 1193.95 181.667 0.555807 0.0258327 
200 0.27 116000000 554.667 34.7872 -55.5767 1.5994 3412.59 190.02 1.61946e+07 1.78489e+06 -0.0122292 0.00754909 -0.00522409 0.00928395 0.0153731 0.00129082 0.000441935 8.82114e-05 0.111553 0.00487945 16.1365 10.0997 111.232 39.3996 1066.58 156.619 1193.95 180.421 1193.95 180.421 0.555807 0.0254256 
200 0.27 116800000 554.667 34.5333 -55.5767 1.59205 3412.59 189.039 1.61946e+07 1.77751e+06 -0.0122292 0.0075227 -0.00522409 0.00928395 0.0153731 0.00129082 0.000441935 8.82114e-05 0.111553 0.00487035 16.1365 10.0997 111.232 39.093 1066.58 156.619 1193.95 179.002 1193.95 179.002 0.555807 0.0254256 
200 0.27 117600000 558.078 34.7957 -55.8098 1.58381 3435.81 190.103 1.63264e+07 1.77514e+06 -0.0087106 0.00754193 -0.0028158 0.00898673 0.0153585 0.00127089 0.000442621 8.27009e-05 0.111314 0.00481774 15.4524 9.61414 105.547 38.7938 1022.96 153.32 1143.96 177.773 1143.96 177.773 0.554983 0.0252319 
200 0.27 118400000 558.078 34.6 -55.8098 1.59758 3435.81 190.103 1.63264e+07 1.77514e+06 -0.0087106 0.00754193 -0.0028158 0.00898673 0.0153585 0.00126281 0.000442621 8.27009e-05 0.111314 0.00481774 15.4524 9.58453 105.547 38.4982 1022.96 153.32 1143.96 176.584 1143.96 176.584 0.554983 0.0252319 
200 0.27 119200000 558.078 34.3401 -55.8098 1.62674 3435.81 190.103 1.63264e+07 1.77514e+06 -0.0087106 0.00754193 -0.0028158 0.00898673 0.0153585 0.00125589 0.000442621 8.27009e-05 0.111314 0.00477784 15.4524 9.48862 105.547 38.2081 1022.96 153.32 1143.96 175.418 1143.96 175.418 0.554983 0.0252496 
200 0.27 120000000 558.078 34.3113 -55.8098 1.62674 3435.81 190.103 1.63264e+07 1.77514e+06 -0.0087106 0.00754193 -0.0028158 0.00898673 0.0153585 0.00124643 0.000442621 8.27009e-05 0.111314 0.00477784 15.4524 9.48862 105.547 37.9226 1022.96 153.32 1143.96 175.483 1143.96 175.483 0.554983 0.0252496 
200 0.27 120800000 558.078 34.0757 -55.8098 1.6288 3435.81 188.963 1.63264e+07 1.73395e+06 -0.0087106 0.00754193 -0.0028158 0.00898673 0.0153585 0.00123848 0.000442621 8.27009e-05 0.111314 0.00470556 15.4524 9.324 105.547 37.6418 1022.96 150.316 1143.96 174.333 1143.96 174.333 0.554983 0.0251372 
200 0.27 121600000 558.078 33.8195 -55.8098 1.6288 3435.81 188.963 1.63264e+07 1.72723e+06 -0.0087106 0.00754193 -0.0028158 0.00898673 0.0153585 0.00123852 0.000442621 8.27009e-05 0.111314 0.00470556 15.4524 9.29647 105.547 37.3651 1022.96 149.361 1143.96 173.207 1143.96 173.207 0.554983 0.0251372 
200 0.27 122400000 558.078 33.6641 -55.8098 1.6288 3435.81 189.508 1.63264e+07 1.76168e+06 -0.0087106 0.00754193 -0.0028158 0.00898673 0.0153585 0.00123182 0.000442621 8.27009e-05 0.111314 0.00467045 15.4524 9.26444 105.547 37.0922 1022.96 148.676 1143.96 172.108 1143.96 172.108 0.554983 0.0249816 
200 0.27 123200000 558.078 33.4208 -55.8098 1.6288 3435.81 188.963 1.63264e+07 1.74864e+06 -0.0087106 0.00754193 -0.0028158 0.00898673 0.0153585 0.00122278 0.000442621 8.27009e-05 0.111314 0.00464269 15.4524 9.26444 105.547 36.8197 1022.96 148.676 1143.96 171.074 1143.96 171.074 0.554983 0.0249816 
200 0.27 124000000 556 33.323 -55.282 1.60178 3405.03 187.602 1.63807e+07 1.7395e+06 -0.0086016 0.00754193 -0.00365918 0.00849758 0.0151984 0.00121492 0.000431731 7.85499e-05 0.11096 0.00460668 14.842 9.05107 100.476 36.5539 1011.41 146.735 1126.73 170.002 1126.73 170.002 0.550667 0.0246147 
200 0.27 124800000 556 33.3011 -55.282 1.59228 3405.03 186.39 1.63807e+07 1.72699e+06 -0.0086016 0.00754193 -0.00365918 0.00849758 0.0151984 0.00120853 0.000431731 7.85499e-05 0.11096 0.00458734 14.842 9.02564 100.476 36.2918 1011.41 145.705 1126.73 168.811 1126.73 168.811 0.550667 0.0246147 
200 0.27 125600000 556 33.06 -55.282 1.5982 3405.03 186.217 1.63807e+07 1.71843e+06 -0.0086016 0.00754193 -0.00365918 0.00849758 0.0151984 0.00120061 0.000431731 7.85499e-05 0.11096 0.00456122 14.842 8.9403 100.476 36.034 1011.41 147.172 1126.73 169.667 1126.73 169.667 0.550667 0.0248384 
200 0.27 126400000 556 32.913 -55.282 1.63607 3405.03 195.527 1.63807e+07 1.9589e+06 -0.0086016 0.00754193 -0.00365918 0.00849758 0.0151984 0.00119948 0.000431731 7.85499e-05 0.11096 0.0045584 14.842 8.9403 100.476 35.7803 1011.41 146.29 1126.73 168.632 1126.73 168.632 0.550667 0.0248384 
200 0.27 127200000 556 32.7116 -55.282 1.63905 3405.03 195.181 1.63807e+07 1.94862e+06 -0.0086016 0.00754193 -0.00365918 0.00849758 0.0151984 0.00119193 0.000431731 7.85499e-05 0.11096 0.00452803 14.842 8.92958 100.476 35.5266 1011.41 148.455 1126.73 170.152 1126.73 170.152 0.550667 0.0245137 
200 0.27 128000000 556 32.7345 -55.282 1.63186 3405.03 194.295 1.63807e+07 1.93769e+06 -0.0086016 0.00754193 -0.00365918 0.00849758 0.0151984 0.00118352 0.000431731 7.85499e-05 0.11096 0.00450086 14.842 8.92958 100.476 35.2804 1011.41 148.214 1126.73 169.114 1126.73 169.114 0.550667 0.0245137 
200 0.27 128800000 556 32.51 -55.282 1.62037 3405.03 192.946 1.63807e+07 1.92482e+06 -0.0086016 0.00754193 -0.00365918 0.00849758 0.0151984 0.00117902 0.000431731 7.85499e-05 0.11096 0.00449065 14.842 8.92958 100.476 35.0354 1011.41 148.214 1126.73 168.083 1126.73 168.083 0.550667 0.0241795 
200 0.27 129600000 556 32.3432 -55.282 1.61724 3405.03 192.328 1.63807e+07 1.91459e+06 -0.0086016 0.00754193 -0.00365918 0.00849758 0.0151984 0.00117248 0.000431731 7.85499e-05 0.11096 0.00446502 14.842 8.92958 100.476 34.7953 1011.41 148.214 1126.73 167.082 1126.73 167.082 0.550667 0.0241795 
200 0.27 130400000 549.597 32.1421 -55.1349 1.60968 3412.97 191.313 1.69188e+07 1.90213e+06 -0.00581021 0.00724018 -0.00563317 0.00825158 0.0151468 0.0011678 0.000425806 7.44091e-05 0.110849 0.00445598 14.433 8.54967 96.0785 34.5569 1065.87 147.437 1176.39 168.14 1176.39 168.14 0.557869 0.0239066 
200 0.27 131200000 549.597 32.0002 -55.1349 1.59908 3412.97 190.005 1.69188e+07 1.88913e+06 -0.00581021 0.00724018 -0.00563317 0.00825158 0.0151468 0.00116367 0.000425806 7.44091e-05 0.110849 0.00444738 14.433 8.52663 96.0785 34.3224 1065.87 146.593 1176.39 167.158 1176.39 167.158 0.557869 0.0239075 
200 0.27 132000000 549.597 31.9242 -55.1349 1.58841 3412.97 188.789 1.69188e+07 1.87749e+06 -0.00581021 0.00724018 -0.00563317 0.00825158 0.0151468 0.00115613 0.000425806 7.44091e-05 0.110849 0.00441404 14.433 8.44836 96.0785 34.0896 1065.87 148.05 1176.39 168.1 1176.39 168.1 0.557869 0.0239173 
200 0.27 132800000 549.597 31.7406 -55.1349 1.59787 3412.97 188.675 1.69188e+07 1.86816e+06 -0.00581021 0.00724018 -0.00563317 0.00825158 0.0151468 0.00115279 0.000425806 7.44091e-05 0.110849 0.00443462 14.433 8.44836 96.0785 33.863 1065.87 147.204 1176.39 167.127 1176.39 167.127 0.557869 0.0237567 
200 0.27 133600000 549.597 31.6443 -55.1349 1.60581 3412.97 190.32 1.69188e+07 1.88892e+06 -0.00581021 0.00724018 -0.00563317 0.00825158 0.0151468 0.00114617 0.000425806 7.44091e-05 0.110849 0.0044196 14.433 8.31976 96.0785 33.639 1065.87 146.378 1176.39 166.174 1176.39 166.174 0.557869 0.0236322 
200 0.27 134400000 549.597 31.8328 -55.1349 1.59794 3412.97 189.41 1.69188e+07 1.87869e+06 -0.00581021 0.00724018 -0.00563317 0.00825158 0.0151468 0.00114285 0.000425806 7.44091e-05 0.110849 0.00442816 14.433 8.29849 96.0785 33.4182 1065.87 145.534 1176.39 165.206 1176.39 165.206 0.557869 0.0235081 
200 0.27 135200000 549.597 31.63 -55.1349 1.58847 3412.97 188.349 1.69188e+07 1.86803e+06 -0.00581021 0.00724018 -0.00563317 0.00825158 0.0151468 0.00113688 0.000425806 7.44091e-05 0.110849 0.00444978 14.433 8.26359 96.0785 33.1964 1065.87 144.613 1176.39 164.142 1176.39 164.142 0.557869 0.0234597 
200 0.27 136000000 549.597 32.1291 -55.1349 1.58048 3412.97 187.296 1.69188e+07 1.85597e+06 -0.00581021 0.00724018 -0.00563317 0.00825158 0.0151468 0.00113337 0.000425806 7.44091e-05 0.110849 0.00444978 14.433 8.26359 96.0785 32.9809 1065.87 143.788 1176.39 163.195 1176.39 163.195 0.557869 0.023321 
200 0.27 136800000 556.408 33.8349 -55.0849 1.57018 3409.1 186.065 1.68842e+07 1.84416e+06 -0.00747164 0.00724018 -0.004859 0.00785352 0.0149078 0.00113109 0.000416708 7.10469e-05 0.109338 0.00440764 13.893 8.10183 92.0574 32.7688 1056.62 142.982 1162.57 162.272 1162.57 162.272 0.56265 0.0232028 
200 0.27 137600000 556.408 33.8349 -55.0849 1.55997 3409.1 184.851 1.68842e+07 1.83256e+06 -0.00747164 0.00724018 -0.004859 0.00785352 0.0149078 0.00112643 0.000416708 7.10469e-05 0.109338 0.00439385 13.893 8.08214 92.0574 32.5583 1056.62 142.185 1162.57 161.355 1162.57 161.355 0.56265 0.0230512 
200 0.27 138400000 556.408 33.8349 -55.0849 1.55452 3409.1 184.118 1.68842e+07 1.82251e+06 -0.00747164 0.00724018 -0.004859 0.00785352 0.0149078 0.00112134 0.000416708 7.10469e-05 0.109338 0.00438628 13.893 8.01233 92.0574 32.3609 1056.62 142.071 1162.57 161.11 1162.57 161.11 0.56265 0.0229566 
200 0.27 139200000 556.408 33.8349 -55.0849 1.54499 3409.1 183.045 1.68842e+07 1.81216e+06 -0.00747164 0.00724018 -0.004859 0.00785352 0.0149078 0.00111488 0.000416708 7.10469e-05 0.109338 0.00438628 13.893 8.01233 92.0574 32.1565 1056.62 143.274 1162.57 161.856 1162.57 161.856 0.56265 0.0229722 
200 0.27 140000000 556.408 33.6372 -55.0849 1.53646 3409.1 181.954 1.68842e+07 1.80056e+06 -0.00747164 0.00724018 -0.004859 0.00785352 0.0149078 0.00111034 0.000416708 7.10469e-05 0.109338 0.00435517 13.893 7.99538 92.0574 31.9543 1056.62 142.508 1162.57 160.978 1162.57 160.978 0.56265 0.0228383 
200 0.27 140800000 556.408 33.6372 -55.0849 1.53328 3409.1 181.405 1.68842e+07 1.79187e+06 -0.00747164 0.00724018 -0.004859 0.00785352 0.0149078 0.00110532 0.000416708 7.10469e-05 0.109338 0.00435517 13.893 7.99538 92.0574 31.7523 1056.62 142.511 1162.57 160.723 1162.57 160.723 0.56265 0.0228312 
200 0.27 141600000 556.408 33.6372 -55.0849 1.53386 3409.1 181.619 1.68842e+07 1.79136e+06 -0.00747164 0.00724018 -0.004859 0.00785352 0.0149078 0.00110158 0.000416708 7.10469e-05 0.109338 0.00436459 13.893 7.99538 92.0574 31.5556 1056.62 141.756 1162.57 159.86 1162.57 159.86 0.56265 0.0226883 
200 0.27 142400000 556.408 33.6372 -55.0849 1.52865 3409.1 180.923 1.68842e+07 1.7819e+06 -0.00747164 0.00724018 -0.004859 0.00785352 0.0149078 0.00114808 0.000416708 7.10469e-05 0.109338 0.00439902 13.893 7.99538 92.0574 31.3607 1056.62 141.011 1162.57 159.008 1162.57 159.008 0.56265 0.022551 
200 0.27 143200000 547.163 32.8875 -55.3735 1.51929 3435.54 179.858 1.69788e+07 1.77185e+06 -0.00807536 0.00686136 -0.00500612 0.00844381 0.0147852 0.00114199 0.000427266 6.91997e-05 0.108275 0.00438705 13.4205 7.6986 89.6829 31.1688 1101.7 140.918 1204.81 158.661 1204.81 158.661 0.57118 0.0225638 
200 0.27 144000000 547.163 32.8875 -55.3735 1.54479 3435.54 185.909 1.69788e+07 1.91056e+06 -0.00807536 0.00686136 -0.00500612 0.00844381 0.0147852 0.00114829 0.000427266 6.91997e-05 0.108275 0.00439045 13.4205 7.68157 89.6829 30.9796 1101.7 140.205 1204.81 157.845 1204.81 157.845 0.57118 0.0225755 
200 0.27 144800000 547.163 32.8875 -55.3735 1.53526 3435.54 184.771 1.69788e+07 1.89933e+06 -0.00807536 0.00686136 -0.00500612 0.00844381 0.0147852 0.00114327 0.000427266 6.91997e-05 0.108275 0.004373 13.4205 7.61877 89.6829 30.7914 1101.7 139.476 1204.81 157.012 1204.81 157.012 0.57118 0.0224414 
200 0.27 145600000 547.163 32.8875 -55.3735 1.52692 3435.54 183.82 1.69788e+07 1.88937e+06 -0.00807536 0.00686136 -0.00500612 0.00844381 0.0147852 0.00113988 0.000427266 6.91997e-05 0.108275 0.00436369 13.4205 7.61877 89.6829 30.6062 1101.7 138.767 1204.81 156.201 1204.81 156.201 0.57118 0.0223257 
200 0.27 146400000 547.163 32.3648 -55.3735 1.51859 3435.54 182.869 1.69788e+07 1.87947e+06 -0.00807536 0.00686136 -0.00500612 0.00844381 0.0147852 0.00113926 0.000427266 6.88541e-05 0.108275 0.00437681 13.4205 7.51152 89.6829 30.4233 1101.7 138.067 1204.81 155.401 1204.81 155.401 0.57118 0.0222579 
200 0.27 147200000 547.163 32.3648 -55.3735 1.50992 3435.54 181.877 1.69788e+07 1.86944e+06 -0.00807536 0.00686136 -0.00500612 0.00844381 0.0147852 0.00113235 0.000427266 6.88541e-05 0.108275 0.00437681 13.4205 7.49559 89.6829 30.242 1101.7 139.576 1204.81 156.47 1204.81 156.47 0.57118 0.0222694 
200 0.27 148000000 547.163 32.3648 -55.3735 1.50093 3435.54 180.829 1.69788e+07 1.8591e+06 -0.00807536 0.00686136 -0.00500612 0.00844381 0.0147852 0.00112847 0.000427266 6.88541e-05 0.108275 0.00433644 13.4205 7.46819 89.6829 30.0614 1101.7 140.749 1204.81 157.272 1204.81 157.272 0.57118 0.0224036 
200 0.27 148800000 547.163 32.3648 -55.3735 1.49769 3435.54 180.389 1.69788e+07 1.85134e+06 -0.00807536 0.00686136 -0.00500612 0.00844381 0.0147852 0.00113774 0.000427266 6.88541e-05 0.108275 0.00435301 13.4205 7.46819 89.6829 29.8846 1101.7 140.04 1204.81 156.471 1204.81 156.471 0.57118 0.0224036 
200 0.27 149600000 547.163 32.3747 -55.3735 1.48885 3435.54 179.316 1.69788e+07 1.84067e+06 -0.00807536 0.00686136 -0.00500612 0.00844381 0.0147852 0.00113426 0.000427266 6.73341e-05 0.108275 0.00435577 13.4205 7.33326 89.6829 29.7091 1101.7 139.234 1204.81 155.572 1204.81 155.572 0.57118 0.0224253 
200 0.27 150400000 547.163 32.3747 -55.3735 1.48689 3435.54 178.854 1.69788e+07 1.83236e+06 -0.00807536 0.00686136 -0.00500612 0.00844381 0.0147852 0.00113013 0.000427266 6.73341e-05 0.108275 0.00434565 13.4205 7.3182 89.6829 29.5369 1101.7 138.546 1204.81 154.794 1204.81 154.794 0.57118 0.0224253 
200 0.27 151200000 547.163 32.3747 -55.3735 1.47814 3435.54 177.816 1.69788e+07 1.82217e+06 -0.00807536 0.00686136 -0.00500612 0.00844381 0.0147852 0.00112475 0.000427266 6.73341e-05 0.108275 0.00432868 13.4205 7.2608 89.6829 29.3664 1101.7 137.873 1204.81 154.031 1204.81 154.031 0.57118 0.0224253 
200 0.27 152000000 547.163 32.3747 -55.3735 1.47368 3435.54 177.209 1.69788e+07 1.81378e+06 -0.00807536 0.00686136 -0.00500612 0.00844381 0.0147852 0.00112077 0.000427266 6.73341e-05 0.108275 0.00431959 13.4205 7.2608 89.6829 29.1972 1101.7 138.478 1204.81 154.346 1204.81 154.346 0.57118 0.0224253 
200 0.27 152800000 547.163 31.7698 -55.3735 1.48138 3435.54 177.112 1.69788e+07 1.80597e+06 -0.00807536 0.00686136 -0.00500612 0.00844381 0.0147852 0.00111734 0.000427266 6.72918e-05 0.108275 0.00432096 13.4205 7.25966 89.6829 29.0299 1101.7 138.555 1204.81 154.2 1204.81 154.2 0.57118 0.022263 
200 0.27 153600000 547.163 31.7698 -55.3735 1.47389 3435.54 176.263 1.69788e+07 1.79706e+06 -0.00807536 0.00686136 -0.00500612 0.00844381 0.0147852 0.00111375 0.000427266 6.72918e-05 0.108275 0.00431783 13.4205 7.25966 89.6829 28.8645 1101.7 138.516 1204.81 153.455 1204.81 153.455 0.57118 0.022263 
200 0.27 154400000 547.163 31.7698 -55.3735 1.46584 3435.54 175.26 1.69788e+07 1.78682e+06 -0.00807536 0.00686136 -0.00500612 0.00844381 0.0147852 0.00110743 0.000427266 6.72918e-05 0.108275 0.00429309 13.4205 7.25966 89.6829 28.7011 1101.7 137.499 1204.81 152.721 1204.81 152.721 0.57118 0.0224409 
200 0.27 155200000 547.163 31.7698 -55.3735 1.45777 3435.54 174.338 1.69788e+07 1.77767e+06 -0.00807536 0.00686136 -0.00500612 0.00844381 0.0147852 0.00110956 0.000427266 6.72918e-05 0.108275 0.0042987 13.4205 7.25966 89.6829 28.5397 1101.7 137.499 1204.81 151.993 1204.81 151.993 0.57118 0.0224409 
200 0.27 156000000 532.886 31.5959 -55.3358 1.46049 3437.46 174.905 1.72003e+07 1.78178e+06 -0.0103672 0.00660928 -0.00475634 0.00844381 0.0149644 0.00110354 0.000438267 6.47012e-05 0.108392 0.00427441 12.7389 7.00085 82.9732 28.3808 1114.33 136.499 1210.04 151.278 1210.04 151.278 0.568279 0.0231705 
200 0.27 156800000 532.886 31.5959 -55.3358 1.4618 3437.46 175.218 1.72003e+07 1.78262e+06 -0.0103672 0.00660928 -0.00475634 0.00844381 0.0149644 0.00115515 0.000438267 7.21792e-05 0.108392 0.00436025 12.7389 6.98734 82.9732 28.2235 1114.33 136.499 1210.04 150.565 1210.04 150.565 0.568279 0.0231705 
200 0.27 157600000 532.886 31.5959 -55.3358 1.45463 3437.46 174.402 1.72003e+07 1.77411e+06 -0.0103672 0.00660928 -0.00475634 0.00844381 0.0149644 0.00114901 0.000438267 7.18029e-05 0.108392 0.00433598 12.7389 6.93386 82.9732 28.068 1114.33 135.49 1210.04 149.854 1210.04 149.854 0.568279 0.0231705 
200 0.27 158400000 532.886 31.5959 -55.3358 1.44862 3437.46 173.598 1.72003e+07 1.76451e+06 -0.0103672 0.00660928 -0.00475634 0.00844381 0.0149644 0.00114329 0.000438267 7.14371e-05 0.108392 0.00431309 12.7389 6.93386 82.9732 27.9144 1114.33 135.49 1210.04 149.122 1210.04 149.122 0.568279 0.0231705 
200 0.27 159200000 532.886 31.4423 -55.3358 1.44143 3437.46 172.782 1.72003e+07 1.75611e+06 -0.0103672 0.00660928 -0.00475634 0.00844381 0.0149644 0.0011374 0.000438267 7.1071e-05 0.108392 0.00428965 12.7389 6.85504 82.9732 27.762 1114.33 134.403 1210.04 148.412 1210.04 148.412 0.568279 0.022682 
200 0.27 160000000 532.886 31.4423 -55.3358 1.43552 3437.46 171.993 1.72003e+07 1.74672e+06 -0.0103672 0.00660928 -0.00475634 0.00844381 0.0149644 0.00113191 0.000438267 7.07141e-05 0.108392 0.00426773 12.7389 6.85504 82.9732 27.6194 1114.33 134.403 1210.04 148.981 1210.04 148.981 0.568279 0.022682 
200 0.27 160800000 532.886 31.4423 -55.3358 1.43085 3437.46 171.402 1.72003e+07 1.73912e+06 -0.0103672 0.00660928 -0.00475634 0.00844381 0.0149644 0.00112602 0.000438267 7.03529e-05 0.108392 0.0042445 12.7389 6.85504 82.9732 27.4704 1114.33 133.655 1210.04 148.285 1210.04 148.285 0.568279 0.022682 
200 0.27 161600000 532.886 31.4423 -55.3358 1.42383 3437.46 170.505 1.72003e+07 1.72962e+06 -0.0103672 0.00660928 -0.00475634 0.00844381 0.0149644 0.00112376 0.000438267 7.00408e-05 0.108392 0.0042389 12.7389 6.85504 82.9732 27.3226 1114.33 133.655 1210.04 147.897 1210.04 147.897 0.568279 0.022682 
200 0.27 162400000 532.886 30.7875 -55.3358 1.41711 3437.46 169.637 1.72003e+07 1.72023e+06 -0.0103672 0.00660928 -0.00475634 0.00844381 0.0149644 0.00111766 0.000438267 6.96701e-05 0.108392 0.00421673 12.7389 6.85504 82.9732 27.1755 1114.33 137.47 1210.04 148.187 1210.04 148.187 0.568279 0.0230091 
200 0.27 163200000 532.886 30.7875 -55.3358 1.41515 3437.46 169.229 1.72003e+07 1.71315e+06 -0.0103672 0.00660928 -0.00475634 0.00844381 0.0149644 0.00111408 0.000438267 6.93379e-05 0.108392 0.00421117 12.7389 6.85504 82.9732 27.031 1114.33 137.47 1210.04 147.519 1210.04 147.519 0.568279 0.0230091 
200 0.27 164000000 532.886 30.7875 -55.3358 1.40894 3437.46 168.519 1.72003e+07 1.70548e+06 -0.0103672 0.00660928 -0.00475634 0.00844381 0.0149644 0.0011087 0.000438267 6.89969e-05 0.108392 0.00418961 12.7389 6.85504 82.9732 26.8885 1114.33 137.47 1210.04 147.51 1210.04 147.51 0.568279 0.0230091 
200 0.27 164800000 532.886 30.7875 -55.3358 1.40156 3437.46 167.619 1.72003e+07 1.69655e+06 -0.0103672 0.00660928 -0.00475634 0.00844381 0.0149644 0.00110312 0.000438267 6.86284e-05 0.108392 0.00417105 12.7389 6.85504 82.9732 26.7452 1114.33 137.47 1210.04 147.51 1210.04 147.51 0.568279 0.0230091 
200 0.27 165600000 532.886 30.1806 -55.3358 1.3948 3437.46 166.852 1.72003e+07 1.68875e+06 -0.0103672 0.00660928 -0.00475634 0.00844381 0.0149644 0.0010988 0.000438267 6.83033e-05 0.108392 0.00415563 12.7389 6.85504 82.9732 26.605 1114.33 134.717 1210.04 145.813 1210.04 145.813 0.568279 0.0227633 
200 0.27 166400000 532.886 30.1806 -55.3358 1.38746 3437.46 165.971 1.72003e+07 1.68014e+06 -0.0103672 0.00660928 -0.00475634 0.00844381 0.0149644 0.001093 0.000438267 6.7955e-05 0.108392 0.004134 12.7389 6.85504 82.9732 29.808 1114.33 134.717 1210.04 148.647 1210.04 148.647 0.568279 0.0227633 
200 0.27 167200000 532.886 30.1806 -55.3358 1.38158 3437.46 165.199 1.72003e+07 1.6714e+06 -0.0103672 0.00660928 -0.00475634 0.00844381 0.0149644 0.00108979 0.000438267 6.76391e-05 0.108392 0.00413281 12.7389 6.85504 82.9732 37.5788 1114.33 139.951 1210.04 161.574 1210.04 161.574 0.568279 0.0227633 
200 0.27 168000000 532.886 30.1806 -55.3358 1.37846 3437.46 164.737 1.72003e+07 1.66461e+06 -0.0103672 0.00660928 -0.00475634 0.00844381 0.0149644 0.00108855 0.000438267 6.73834e-05 0.108392 0.00413005 12.7389 6.85504 82.9732 37.5788 1114.33 139.951 1210.04 161.574 1210.04 161.574 0.568279 0.0227633 
200 0.27 168800000 534.312 29.5853 -55.3331 1.37144 3422.87 163.88 1.68725e+07 1.65611e+06 -0.00960793 0.00615338 -0.00237391 0.00743547 0.0152604 0.00109071 0.000461289 6.73046e-05 0.109434 0.00413603 12.3174 6.42021 106.233 37.2005 1164.1 138.997 1282.65 160.41 1282.65 160.41 0.566862 0.0229027 
200 0.27 169600000 534.312 29.5853 -55.3331 1.36436 3422.87 163.054 1.68725e+07 1.64812e+06 -0.00960793 0.00612236 -0.00237391 0.00743547 0.0152604 0.00108695 0.000461289 6.69969e-05 0.109434 0.00413132 12.3174 6.40915 106.233 37.2005 1164.1 138.997 1282.65 160.41 1282.65 160.41 0.566862 0.0229027 
200 0.27 170400000 534.312 29.5853 -55.3331 1.37455 3422.87 165.207 1.68725e+07 1.6827e+06 -0.00960793 0.00614395 -0.00237391 0.00743547 0.0152604 0.00108723 0.000461289 6.68197e-05 0.109434 0.00412602 12.3174 6.36136 106.233 36.8253 1164.1 138.208 1282.65 159.248 1282.65 159.248 0.566862 0.0229027 
200 0.27 171200000 534.312 29.5853 -55.3331 1.36851 3422.87 164.516 1.68725e+07 1.6754e+06 -0.00960793 0.00611581 -0.00237391 0.00743547 0.0152604 0.00108236 0.000461289 6.65093e-05 0.109434 0.00410641 12.3174 6.36136 106.233 36.8253 1164.1 138.208 1282.65 159.248 1282.65 159.248 0.566862 0.0229027 
200 0.27 172000000 534.312 29.0128 -55.3331 1.36699 3422.87 164.152 1.68725e+07 1.66887e+06 -0.00960793 0.00610196 -0.00237391 0.00743547 0.0152604 0.0010788 0.000461289 6.62105e-05 0.109434 0.0040967 12.3174 6.28933 106.233 36.4562 1164.1 137.04 1282.65 157.796 1282.65 157.796 0.566862 0.0224674 
200 0.27 172800000 534.312 29.0128 -55.3331 1.36006 3422.87 163.324 1.68725e+07 1.66078e+06 -0.00960793 0.00610196 -0.00237391 0.00743547 0.0152604 0.00107444 0.000461289 6.59102e-05 0.109434 0.00407974 12.3174 6.27865 106.233 36.4562 1164.1 137.04 1282.65 157.796 1282.65 157.796 0.566862 0.0224674 
200 0.27 173600000 534.312 29.0128 -55.3331 1.35464 3422.87 162.605 1.68725e+07 1.65252e+06 -0.00960793 0.00610196 -0.00237391 0.00743547 0.0152604 0.00107256 0.000461289 6.56461e-05 0.109434 0.00407494 12.3174 6.24711 106.233 36.0999 1164.1 136.128 1282.65 156.688 1282.65 156.688 0.566862 0.0224674 
200 0.27 174400000 534.312 29.0128 -55.3331 1.35228 3422.87 162.288 1.68725e+07 1.64688e+06 -0.00960793 0.00610196 -0.00237391 0.00743547 0.0152604 0.00106722 0.000461289 6.53215e-05 0.109434 0.00405592 12.3174 6.24711 106.233 36.0999 1164.1 136.128 1282.65 156.688 1282.65 156.688 0.566862 0.0224674 
200 0.27 175200000 534.312 28.9883 -55.3331 1.34696 3422.87 161.673 1.68725e+07 1.64007e+06 -0.00960793 0.00610196 -0.00237391 0.00743547 0.0152604 0.00106342 0.000461289 6.50328e-05 0.109434 0.00404274 12.3174 6.16389 106.233 35.7499 1164.1 135.243 1282.65 155.469 1282.65 155.469 0.566862 0.0220544 
200 0.27 176000000 534.312 28.9883 -55.3331 1.34029 3422.87 160.87 1.68725e+07 1.63221e+06 -0.00960793 0.00610196 -0.00237391 0.00743547 0.0152604 0.00105831 0.000461289 6.47108e-05 0.109434 0.00402521 12.3174 6.15369 106.233 35.7499 1164.1 135.243 1282.65 155.469 1282.65 155.469 0.566862 0.0220544 
200 0.27 176800000 534.312 28.9883 -55.3331 1.35727 3422.87 160.963 1.68725e+07 1.62631e+06 -0.00960793 0.00610196 -0.00237391 0.00743547 0.0152604 0.00105482 0.000461289 6.44285e-05 0.109434 0.00401459 12.3174 6.10873 106.233 35.4049 1164.1 134.405 1282.65 154.302 1282.65 154.302 0.566862 0.0220544 
200 0.27 177600000 534.312 28.9883 -55.3331 1.35136 3422.87 160.3 1.68725e+07 1.61947e+06 -0.00960793 0.00610196 -0.00237391 0.00743547 0.0152604 0.00104973 0.000461289 6.4114e-05 0.109434 0.00399681 12.3174 6.10873 106.233 35.4049 1164.1 134.405 1282.65 154.302 1282.65 154.302 0.566862 0.0220544 
200 0.27 178400000 534.312 28.5801 -55.3331 1.34473 3422.87 159.528 1.68725e+07 1.612e+06 -0.00960793 0.00610196 -0.00237391 0.00743547 0.0152604 0.00104505 0.000461289 6.37998e-05 0.109434 0.00398145 12.3174 6.09236 106.233 35.7522 1164.1 134.942 1282.65 155.57 1282.65 155.57 0.566862 0.0218019 
200 0.27 179200000 534.312 28.5801 -55.3331 1.34091 3422.87 159.048 1.68725e+07 1.60576e+06 -0.00960793 0.00610196 -0.00237391 0.00743547 0.0152604 0.00104218 0.000461289 6.35267e-05 0.109434 0.00397864 12.3174 6.09236 106.233 35.7522 1164.1 134.942 1282.65 155.57 1282.65 155.57 0.566862 0.0218019 
200 0.27 180000000 534.312 28.5801 -55.3331 1.33442 3422.87 158.298 1.68725e+07 1.59851e+06 -0.00960793 0.00610196 -0.00237391 0.00743547 0.0152604 0.00103926 0.000461289 6.32558e-05 0.109434 0.00397476 12.3174 6.09236 106.233 35.4177 1164.1 134.37 1282.65 154.535 1282.65 154.535 0.566862 0.0218019 
200 0.27 180800000 534.312 28.5801 -55.3331 1.32802 3422.87 157.56 1.68725e+07 1.59137e+06 -0.00960793 0.00610196 -0.00237391 0.00743547 0.0152604 0.00103428 0.000461289 6.29552e-05 0.109434 0.00395752 12.3174 6.09236 106.233 35.4177 1164.1 134.37 1282.65 154.535 1282.65 154.535 0.566862 0.0218019 
200 0.27 181600000 550.337 28.634 -55.0446 1.32227 3393.58 156.914 1.66377e+07 1.58476e+06 -0.0101216 0.00586381 -0.00327969 0.00743547 0.0150452 0.00102969 0.000446894 6.26769e-05 0.108715 0.00393836 12.0202 5.9281 118.118 36.4352 1226.47 133.997 1356.61 155.542 1356.61 155.542 0.570716 0.0214314 
200 0.27 182400000 550.337 28.634 -55.0446 1.31719 3393.58 156.336 1.66377e+07 1.57844e+06 -0.0101216 0.00584409 -0.00327969 0.00743547 0.0150452 0.001026 0.000446894 6.24103e-05 0.108715 0.00392452 12.0202 5.91785 118.118 36.4352 1226.47 133.997 1356.61 155.542 1356.61 155.542 0.570716 0.0214314 
200 0.27 183200000 550.337 28.634 -55.0446 1.31092 3393.58 155.605 1.66377e+07 1.57136e+06 -0.0101216 0.00581896 -0.00327969 0.00743547 0.0150452 0.0010229 0.000446894 6.21482e-05 0.108715 0.00391651 12.0202 5.87469 118.118 36.1014 1226.47 133.198 1356.61 154.551 1356.61 154.551 0.570716 0.0214314 
200 0.27 184000000 550.337 28.634 -55.0446 1.3058 3393.58 154.942 1.66377e+07 1.56397e+06 -0.0101216 0.00579151 -0.00327969 0.00743547 0.0150452 0.00102027 0.000446894 6.1889e-05 0.108715 0.00391702 12.0202 5.87469 118.118 36.1014 1226.47 133.198 1356.61 154.551 1356.61 154.551 0.570716 0.0214314 
200 0.27 184800000 550.337 28.5936 -55.0446 1.30161 3393.58 154.382 1.66377e+07 1.55702e+06 -0.0101216 0.00576539 -0.00327969 0.00743547 0.0150452 0.0010167 0.000446894 6.1605e-05 0.108715 0.00390619 12.0202 5.81654 118.118 35.7742 1226.47 132.4 1356.61 153.566 1356.61 153.566 0.570716 0.0218312 
200 0.27 185600000 550.337 28.5936 -55.0446 1.30201 3393.58 154.516 1.66377e+07 1.55632e+06 -0.0101216 0.00574202 -0.00327969 0.00743547 0.0150452 0.00101254 0.000446894 6.13165e-05 0.108715 0.00389276 12.0202 5.80677 118.118 35.7742 1226.47 132.4 1356.61 153.566 1356.61 153.566 0.570716 0.0218312 
200 0.27 186400000 550.337 28.5936 -55.0446 1.30217 3393.58 154.609 1.66377e+07 1.55523e+06 -0.0101216 0.00573394 -0.00327969 0.00743547 0.0150452 0.00100783 0.000446894 6.10421e-05 0.108715 0.00387474 12.0202 5.80062 118.118 35.4518 1226.47 131.574 1356.61 152.557 1356.61 152.557 0.570716 0.0218312 
200 0.27 187200000 550.337 28.5936 -55.0446 1.29883 3393.58 154.181 1.66377e+07 1.54955e+06 -0.0101216 0.00572814 -0.00327969 0.00743547 0.0150452 0.00100315 0.000446894 6.07653e-05 0.108715 0.00385745 12.0202 5.80062 118.118 35.4518 1226.47 131.574 1356.61 152.557 1356.61 152.557 0.570716 0.0218312 
200 0.27 188000000 550.337 28.3593 -55.0446 1.29283 3393.58 153.486 1.66377e+07 1.54287e+06 -0.0101216 0.00576834 -0.00327969 0.00743547 0.0150452 0.00100527 0.000446894 6.07262e-05 0.108715 0.00386304 12.0202 5.80062 118.118 35.1319 1226.47 130.973 1356.61 151.61 1356.61 151.61 0.570716 0.0214344 
200 0.27 188800000 550.337 28.3593 -55.0446 1.29077 3393.58 153.143 1.66377e+07 1.53741e+06 -0.0101216 0.00575919 -0.00327969 0.00743547 0.0150452 0.00100085 0.000446894 6.04658e-05 0.108715 0.00384587 12.0202 5.80062 118.118 35.1319 1226.47 130.973 1356.61 151.61 1356.61 151.61 0.570716 0.0214344 
200 0.27 189600000 550.337 28.3593 -55.0446 1.28495 3393.58 152.478 1.66377e+07 1.53098e+06 -0.0101216 0.00577955 -0.00327969 0.00743547 0.0150452 0.00100392 0.000446894 6.0494e-05 0.108715 0.00385301 12.0202 5.80062 118.118 34.8183 1226.47 133.251 1356.61 153.074 1356.61 153.074 0.570716 0.0214344 
200 0.27 190400000 550.337 28.3593 -55.0446 1.27922 3393.58 151.825 1.66377e+07 1.52465e+06 -0.0101216 0.00575346 -0.00327969 0.00743547 0.0150452 0.00100089 0.000446894 6.02513e-05 0.108715 0.00384367 12.0202 5.80062 118.118 34.8183 1226.47 133.251 1356.61 153.074 1356.61 153.074 0.570716 0.0214344 
200 0.27 191200000 550.337 27.915 -55.0446 1.28528 3393.58 151.796 1.66377e+07 1.51957e+06 -0.0101216 0.00572907 -0.00327969 0.00743547 0.0150452 0.000998553 0.000446894 6.00118e-05 0.108715 0.00385269 12.0202 5.80062 118.118 34.5062 1226.47 132.097 1356.61 151.719 1356.61 151.719 0.570716 0.0220011 
200 0.27 192000000 550.337 27.915 -55.0446 1.28394 3393.58 151.639 1.66377e+07 1.51589e+06 -0.0101216 0.0057033 -0.00327969 0.00743547 0.0150452 0.000994125 0.000446894 5.97556e-05 0.108715 0.00385269 12.0202 5.80062 118.118 34.5062 1226.47 132.097 1356.61 151.719 1356.61 151.719 0.570716 0.0220011 
200 0.27 192800000 550.337 27.915 -55.0446 1.28328 3393.58 151.595 1.66377e+07 1.51341e+06 -0.0101216 0.00567761 -0.00327969 0.00743547 0.0150452 0.000989688 0.000446894 5.94905e-05 0.108715 0.0038194 12.0202 5.80062 118.118 34.2047 1226.47 131.079 1356.61 150.358 1356.61 150.358 0.570716 0.0220011 
200 0.27 193600000 550.337 27.915 -55.0446 1.27908 3393.58 151.044 1.66377e+07 1.50689e+06 -0.0101216 0.00566796 -0.00327969 0.00743547 0.0150452 0.000985479 0.000446894 5.9243e-05 0.108715 0.0038194 12.0202 5.80062 118.118 34.2047 1226.47 131.079 1356.61 150.358 1356.61 150.358 0.570716 0.0220011 
200 0.27 194400000 539.473 27.6205 -55.1565 1.27693 3407.48 150.709 1.66987e+07 1.50174e+06 -0.0101762 0.00564266 -0.00352014 0.006461 0.0149545 0.000983232 0.000440187 5.90114e-05 0.108261 0.00380895 11.5448 5.50598 111.515 33.9087 1232.6 130.164 1355.66 149.433 1355.66 149.433 0.571184 0.0216137 
200 0.27 195200000 539.473 27.6205 -55.1565 1.2714 3407.48 150.082 1.66987e+07 1.49572e+06 -0.0101762 0.00564959 -0.00352014 0.006461 0.0149545 0.000978867 0.000440187 5.87554e-05 0.108261 0.00380895 11.5448 5.49768 111.515 33.9087 1232.6 130.164 1355.66 149.433 1355.66 149.433 0.571184 0.0216137 
200 0.27 196000000 539.473 27.6205 -55.1565 1.26971 3407.48 149.874 1.66987e+07 1.4917e+06 -0.0101762 0.00562699 -0.00352014 0.006461 0.0149545 0.000976292 0.000440187 5.85272e-05 0.108261 0.00378167 11.5448 5.46009 111.515 33.6192 1232.6 129.392 1355.66 148.504 1355.66 148.504 0.571184 0.0216137 
200 0.27 196800000 539.473 27.6205 -55.1565 1.26581 3407.48 149.42 1.66987e+07 1.48642e+06 -0.0101762 0.00561368 -0.00352014 0.006461 0.0149545 0.000972274 0.000440187 5.82892e-05 0.108261 0.00378167 11.5448 5.46009 111.515 33.6192 1232.6 129.392 1355.66 148.504 1355.66 148.504 0.571184 0.0216137 
200 0.27 197600000 539.473 27.2155 -55.1565 1.2639 3407.48 149.178 1.66987e+07 1.48214e+06 -0.0101762 0.00558906 -0.00352014 0.006461 0.0149545 0.000968068 0.000440187 5.80366e-05 0.108261 0.00374895 11.5448 5.40966 111.515 33.3346 1232.6 128.665 1355.66 147.621 1355.66 147.621 0.571184 0.0213544 
200 0.27 198400000 539.473 27.2155 -55.1565 1.25929 3407.48 148.662 1.66987e+07 1.47674e+06 -0.0101762 0.00556566 -0.00352014 0.006461 0.0149545 0.000965096 0.000440187 5.78124e-05 0.108261 0.00374895 11.5448 5.40176 111.515 33.3346 1232.6 128.665 1355.66 147.621 1355.66 147.621 0.571184 0.0213544 
200 0.27 199200000 539.473 27.2155 -55.1565 1.25429 3407.48 148.104 1.66987e+07 1.4712e+06 -0.0101762 0.00554719 -0.00352014 0.006461 0.0149545 0.000961265 0.000440187 5.75611e-05 0.108261 0.00372373 11.5448 5.36828 111.515 33.0545 1232.6 128.304 1355.66 146.754 1355.66 146.754 0.571184 0.0213544 
200 0.27 200000000 539.473 27.2155 -55.1565 1.25333 3407.48 147.847 1.66987e+07 1.46642e+06 -0.0101762 0.00553547 -0.00352014 0.006461 0.0149545 0.000957147 0.000440187 5.73238e-05 0.108261 0.00371668 11.5448 5.36828 111.515 33.0545 1232.6 128.304 1355.66 146.754 1355.66 146.754 0.571184 0.0213544 
200 0.27 200800000 539.473 26.7886 -55.1565 1.24793 3407.48 147.216 1.66987e+07 1.46042e+06 -0.0101762 0.00553596 -0.00352014 0.006461 0.0149545 0.000953076 0.000440187 5.70797e-05 0.108261 0.00369304 11.5448 5.31665 111.515 32.7787 1232.6 127.663 1355.66 145.881 1355.66 145.881 0.571184 0.0216118 
200 0.27 201600000 539.473 26.7886 -55.1565 1.24307 3407.48 146.607 1.66987e+07 1.45415e+06 -0.0101762 0.00551508 -0.00352014 0.006461 0.0149545 0.000948998 0.000440187 5.68397e-05 0.108261 0.00368663 11.5448 5.30912 111.515 32.7787 1232.6 127.663 1355.66 145.881 1355.66 145.881 0.571184 0.0216118 
200 0.27 202400000 539.473 26.7886 -55.1565 1.25176 3407.48 148.497 1.66987e+07 1.48673e+06 -0.0101762 0.00550353 -0.00352014 0.006461 0.0149545 0.000973888 0.000440187 5.97451e-05 0.108261 0.00373009 11.5448 5.27384 111.515 32.5077 1232.6 127.663 1355.66 144.659 1355.66 144.659 0.571184 0.0216118 
200 0.27 203200000 539.473 26.7886 -55.1565 1.24991 3407.48 148.259 1.66987e+07 1.48254e+06 -0.0101762 0.00549583 -0.00352014 0.006461 0.0149545 0.000970269 0.000440187 5.95142e-05 0.108261 0.00373009 11.5448 5.27384 111.515 32.5077 1232.6 127.663 1355.66 144.659 1355.66 144.659 0.571184 0.0216118 
200 0.27 204000000 539.473 26.7099 -55.1565 1.24487 3407.48 147.69 1.66987e+07 1.47699e+06 -0.0101762 0.00547281 -0.00352014 0.006461 0.0149545 0.000967849 0.000440187 5.92921e-05 0.108261 0.00371853 11.5448 5.24878 111.515 32.2415 1232.6 125.641 1355.66 143.806 1355.66 143.806 0.571184 0.0212597 
200 0.27 204800000 539.473 26.7099 -55.1565 1.25095 3407.48 148.976 1.66987e+07 1.49638e+06 -0.0101762 0.00556508 -0.00352014 0.006461 0.0149545 0.00100198 0.000440187 6.41712e-05 0.108261 0.0037608 11.5448 5.24878 111.515 32.2415 1232.6 125.641 1355.66 143.806 1355.66 143.806 0.571184 0.0212597 
200 0.27 205600000 539.473 26.7099 -55.1565 1.24611 3407.48 148.368 1.66987e+07 1.4901e+06 -0.0101762 0.00559403 -0.00352014 0.006461 0.0149545 0.00105397 0.000440187 6.88965e-05 0.108261 0.00391614 11.5448 5.24878 111.515 31.9807 1232.6 125.641 1355.66 142.971 1355.66 142.971 0.571184 0.0212597 
200 0.27 206400000 539.473 26.7099 -55.1565 1.24515 3407.48 148.267 1.66987e+07 1.48729e+06 -0.0101762 0.0055708 -0.00352014 0.006461 0.0149545 0.00105397 0.000440187 6.88965e-05 0.108261 0.00391614 11.5448 5.24878 111.515 31.9807 1232.6 125.641 1355.66 142.971 1355.66 142.971 0.571184 0.0212597 
200 0.27 207200000 534.95 26.2715 -55.576 1.24393 3460.06 148.003 1.72292e+07 1.48264e+06 -0.0104493 0.00554764 -0.00420315 0.006461 0.0154908 0.0010452 0.000485015 7.41316e-05 0.109914 0.00388397 11.2029 5.14008 108.027 31.7857 1193.09 124.821 1312.32 142.979 1312.32 142.979 0.56356 0.0209152 
200 0.27 208000000 534.95 26.2715 -55.576 1.24568 3460.06 147.873 1.72292e+07 1.47814e+06 -0.0104493 0.00552739 -0.00420315 0.006461 0.0154908 0.0010452 0.000485015 7.41316e-05 0.109914 0.00388397 11.2029 5.13322 108.027 31.7857 1193.09 124.821 1312.32 142.979 1312.32 142.979 0.56356 0.0209152 
200 0.27 208800000 534.95 26.2715 -55.576 1.24439 3460.06 147.606 1.72292e+07 1.47354e+06 -0.0104493 0.00550455 -0.00420315 0.006461 0.0154908 0.00104088 0.000485015 7.41316e-05 0.109914 0.00387124 11.2029 5.09926 108.027 31.5249 1193.09 124.211 1312.32 142.14 1312.32 142.14 0.56356 0.0209152 
200 0.27 209600000 534.95 26.2715 -55.576 1.24518 3460.06 147.808 1.72292e+07 1.47438e+06 -0.0104493 0.00554761 -0.00420315 0.006461 0.0154908 0.00104088 0.000485015 7.41316e-05 0.109914 0.00387124 11.2029 5.09926 108.027 31.5249 1193.09 124.211 1312.32 142.14 1312.32 142.14 0.56356 0.0209152 
200 0.27 210400000 534.95 26.3339 -55.576 1.24011 3460.06 147.225 1.72292e+07 1.46883e+06 -0.0104493 0.00552844 -0.00420315 0.006461 0.0154908 0.0010342 0.000485015 7.41316e-05 0.109914 0.00384651 11.2029 5.05614 108.027 31.2761 1193.09 123.551 1312.32 141.346 1312.32 141.346 0.56356 0.0205753 
200 0.27 211200000 534.95 26.3339 -55.576 1.23785 3460.06 146.924 1.72292e+07 1.46428e+06 -0.0104493 0.00551222 -0.00420315 0.006461 0.0154908 0.0010342 0.000485015 7.41316e-05 0.109914 0.00384651 11.2029 5.04928 108.027 31.2761 1193.09 123.551 1312.32 141.346 1312.32 141.346 0.56356 0.0205753 
200 0.27 212000000 534.95 26.3339 -55.576 1.23282 3460.06 146.333 1.72292e+07 1.45864e+06 -0.0104493 0.00548987 -0.00420315 0.006461 0.0154908 0.00102919 0.000485015 7.41316e-05 0.109914 0.00383464 11.2029 5.02315 108.027 31.0275 1193.09 122.983 1312.32 140.532 1312.32 140.532 0.56356 0.0205753 
200 0.27 212800000 534.95 26.3339 -55.576 1.22903 3460.06 145.835 1.72292e+07 1.4529e+06 -0.0104493 0.00547491 -0.00420315 0.006461 0.0154908 0.00102919 0.000485015 7.41316e-05 0.109914 0.00383464 11.2029 5.02315 108.027 31.0275 1193.09 122.983 1312.32 140.532 1312.32 140.532 0.56356 0.0205753 
200 0.27 213600000 534.95 25.9091 -55.576 1.22511 3460.06 145.325 1.72292e+07 1.44715e+06 -0.0104493 0.0054927 -0.00420315 0.006461 0.0154908 0.00102274 0.000485015 7.18582e-05 0.109914 0.00381887 11.2029 5.02315 108.027 30.7871 1193.09 122.342 1312.32 139.764 1312.32 139.764 0.56356 0.0202445 
200 0.27 214400000 534.95 25.9091 -55.576 1.22069 3460.06 144.83 1.72292e+07 1.4422e+06 -0.0104493 0.00547155 -0.00420315 0.006461 0.0154908 0.00102274 0.000485015 7.18582e-05 0.109914 0.00381887 11.2029 5.02315 108.027 30.7871 1193.09 122.342 1312.32 139.764 1312.32 139.764 0.56356 0.0202445 
200 0.27 215200000 534.95 25.9091 -55.576 1.22262 3460.06 145.25 1.72292e+07 1.44638e+06 -0.0104493 0.0054527 -0.00420315 0.006461 0.0154908 0.00101481 0.000485015 7.18582e-05 0.109914 0.00378835 11.2029 5.02315 108.027 30.548 1193.09 121.698 1312.32 138.987 1312.32 138.987 0.56356 0.0202445 
200 0.27 216000000 534.95 25.9091 -55.576 1.21787 3460.06 144.71 1.72292e+07 1.44122e+06 -0.0104493 0.00543098 -0.00420315 0.006461 0.0154908 0.00101481 0.000485015 7.18582e-05 0.109914 0.00378835 11.2029 5.02315 108.027 30.548 1193.09 121.698 1312.32 138.987 1312.32 138.987 0.56356 0.0202445 
200 0.27 216800000 534.95 25.4979 -55.576 1.21305 3460.06 144.139 1.72292e+07 1.43576e+06 -0.0104493 0.00543682 -0.00420315 0.006461 0.0154908 0.00100675 0.000485015 7.18582e-05 0.109914 0.00375852 11.2029 5.02315 108.027 30.3134 1193.09 121.041 1312.32 138.202 1312.32 138.202 0.56356 0.020072 
200 0.27 217600000 534.95 25.4979 -55.576 1.21349 3460.06 144.28 1.72292e+07 1.43604e+06 -0.0104493 0.00541633 -0.00420315 0.006461 0.0154908 0.00100675 0.000485015 7.18582e-05 0.109914 0.00375852 11.2029 5.02315 108.027 30.3134 1193.09 121.041 1312.32 138.202 1312.32 138.202 0.56356 0.020072 
200 0.27 218400000 534.95 25.4979 -55.576 1.21103 3460.06 143.953 1.72292e+07 1.43144e+06 -0.0104493 0.00540878 -0.00420315 0.006461 0.0154908 0.000999349 0.000485015 7.18582e-05 0.109914 0.00372903 11.2029 5.02315 108.027 30.0824 1193.09 120.413 1312.32 137.448 1312.32 137.448 0.56356 0.020072 
200 0.27 219200000 534.95 25.4979 -55.576 1.20671 3460.06 143.468 1.72292e+07 1.42664e+06 -0.0104493 0.00539642 -0.00420315 0.006461 0.0154908 0.000999349 0.000485015 7.18582e-05 0.109914 0.00372903 11.2029 5.02315 108.027 30.0824 1193.09 120.413 1312.32 137.448 1312.32 137.448 0.56356 0.020072 
200 0.27 220000000 527.055 25.2504 -55.7941 1.20542 3484.96 143.222 1.73962e+07 1.4225e+06 -0.00980184 0.00537534 -0.00294613 0.0057024 0.0153173 0.000993535 0.00047159 7.02042e-05 0.109465 0.0037102 10.838 4.82001 102.891 29.8531 1179.81 120.013 1293.54 136.797 1293.54 136.797 0.560309 0.0198039 
200 0.27 220800000 527.055 25.2504 -55.7941 1.2008 3484.96 142.692 1.73962e+07 1.41747e+06 -0.00980184 0.00535772 -0.00294613 0.0057024 0.0153173 0.000993535 0.00047159 7.02042e-05 0.109465 0.0037102 10.838 4.81425 102.891 29.8531 1179.81 120.013 1293.54 136.797 1293.54 136.797 0.560309 0.0198039 
200 0.27 221600000 527.055 25.2504 -55.7941 1.19631 3484.96 142.184 1.73962e+07 1.41259e+06 -0.00980184 0.00534883 -0.00294613 0.00567882 0.0153173 0.000988156 0.00047159 7.02042e-05 0.109465 0.00369177 10.838 4.7841 102.891 29.63 1179.81 119.501 1293.54 136.052 1293.54 136.052 0.560309 0.0198039 
200 0.27 222400000 527.055 25.2504 -55.7941 1.19417 3484.96 141.887 1.73962e+07 1.40843e+06 -0.00980184 0.00533124 -0.00294613 0.00567882 0.0153173 0.000988156 0.00047159 7.02042e-05 0.109465 0.00369177 10.838 4.7841 102.891 29.63 1179.81 119.501 1293.54 136.052 1293.54 136.052 0.560309 0.0198039 
200 0.27 223200000 527.055 25.0796 -55.7941 1.19167 3484.96 141.567 1.73962e+07 1.40425e+06 -0.00980184 0.00531079 -0.00294613 0.00567882 0.0153173 0.000980911 0.00047159 7.02042e-05 0.109465 0.00366339 10.838 4.74598 102.891 29.409 1179.81 118.861 1293.54 135.293 1293.54 135.293 0.560309 0.019518 
200 0.27 224000000 527.055 25.0796 -55.7941 1.19519 3484.96 142.308 1.73962e+07 1.41412e+06 -0.00980184 0.00533385 -0.00294613 0.00567882 0.0153173 0.000980911 0.00047159 7.02042e-05 0.109465 0.00366339 10.838 4.74042 102.891 29.409 1179.81 118.861 1293.54 135.293 1293.54 135.293 0.560309 0.019518 
200 0.27 224800000 527.055 25.0796 -55.7941 1.1909 3484.96 141.823 1.73962e+07 1.40942e+06 -0.00980184 0.00532152 -0.00294613 0.00567882 0.0153173 0.000990589 0.00047159 7.02042e-05 0.109465 0.00367077 10.838 4.71096 102.891 29.1921 1179.81 117.978 1293.54 134.297 1293.54 134.297 0.560309 0.019518 
200 0.27 225600000 527.055 25.0796 -55.7941 1.18815 3484.96 141.455 1.73962e+07 1.40466e+06 -0.00980184 0.00530219 -0.00294613 0.00567882 0.0153173 0.000990589 0.00047159 7.02042e-05 0.109465 0.00367077 10.838 4.71096 102.891 29.1921 1179.81 117.978 1293.54 134.297 1293.54 134.297 0.560309 0.019518 
200 0.27 226400000 527.055 25.0871 -55.7941 1.18486 3484.96 141.074 1.73962e+07 1.40039e+06 -0.00980184 0.00528257 -0.00294613 0.00567882 0.0153173 0.000988619 0.00047159 6.84244e-05 0.109465 0.00368938 10.838 4.67435 102.891 28.9787 1179.81 117.368 1293.54 133.574 1293.54 133.574 0.560309 0.0193081 
200 0.27 227200000 527.055 25.0871 -55.7941 1.18042 3484.96 140.543 1.73962e+07 1.3953e+06 -0.00980184 0.00527208 -0.00294613 0.00567882 0.0153173 0.000988619 0.00047159 6.84244e-05 0.109465 0.00368938 10.838 4.66916 102.891 28.9787 1179.81 117.368 1293.54 133.574 1293.54 133.574 0.560309 0.0193081 
200 0.27 228000000 527.055 25.0871 -55.7941 1.17646 3484.96 140.098 1.73962e+07 1.39085e+06 -0.00980184 0.00525484 -0.00294613 0.00567882 0.0153173 0.000984107 0.00047159 6.84244e-05 0.109465 0.00367219 10.838 4.64071 102.891 28.7676 1179.81 116.788 1293.54 132.879 1293.54 132.879 0.560309 0.0193081 
200 0.27 228800000 527.055 25.0871 -55.7941 1.17306 3484.96 139.651 1.73962e+07 1.38577e+06 -0.00980184 0.00523591 -0.00294613 0.00567882 0.0153173 0.000984107 0.00047159 6.84244e-05 0.109465 0.00367219 10.838 4.64071 102.891 28.7676 1179.81 116.788 1293.54 132.879 1293.54 132.879 0.560309 0.0193081 
200 0.27 229600000 527.055 24.7987 -55.7941 1.1687 3484.96 139.145 1.73962e+07 1.38098e+06 -0.00980184 0.00521661 -0.00294613 0.00567882 0.0153173 0.000978535 0.00047159 6.84244e-05 0.109465 0.00365177 10.838 4.61665 102.891 28.5611 1179.81 116.19 1293.54 132.173 1293.54 132.173 0.560309 0.0190553 
200 0.27 230400000 527.055 24.7987 -55.7941 1.16436 3484.96 138.634 1.73962e+07 1.37612e+06 -0.00980184 0.00519736 -0.00294613 0.00567882 0.0153173 0.000978535 0.00047159 6.84244e-05 0.109465 0.00365177 10.838 4.61665 102.891 28.5611 1179.81 116.19 1293.54 132.173 1293.54 132.173 0.560309 0.0190553 
200 0.27 231200000 527.055 24.7987 -55.7941 1.16036 3484.96 138.133 1.73962e+07 1.37104e+06 -0.00980184 0.00518182 -0.00294613 0.00567882 0.0153173 0.000971311 0.00047159 6.84244e-05 0.109465 0.00362473 10.838 4.61665 102.891 28.3558 1179.81 115.61 1293.54 131.483 1293.54 131.483 0.560309 0.0190553 
200 0.27 232000000 527.055 24.7987 -55.7941 1.15611 3484.96 137.623 1.73962e+07 1.36614e+06 -0.00980184 0.00516319 -0.00294613 0.00567882 0.0153173 0.000971311 0.00047159 6.84244e-05 0.109465 0.00362473 10.838 4.61665 102.891 28.3558 1179.81 115.61 1293.54 131.483 1293.54 131.483 0.560309 0.0190553 
200 0.27 232800000 534.868 24.5265 -55.7768 1.15198 3472 137.151 1.71713e+07 1.36163e+06 -0.00933952 0.00516538 -0.00273716 0.00567882 0.0151207 0.000964969 0.000468915 6.70919e-05 0.108388 0.00360457 10.5512 4.53736 98.1938 28.1475 1150.55 114.829 1259.29 130.574 1259.29 130.574 0.562242 0.0187794 
200 0.27 233600000 534.868 24.5265 -55.7768 1.15197 3472 137.202 1.71713e+07 1.36095e+06 -0.00933952 0.0051691 -0.00273716 0.00567882 0.0151207 0.000964969 0.000468915 6.70919e-05 0.108388 0.00360457 10.5512 4.53258 98.1938 28.1475 1150.55 114.829 1259.29 130.574 1259.29 130.574 0.562242 0.0187794 
200 0.27 234400000 534.868 24.5265 -55.7768 1.14777 3472 136.705 1.71713e+07 1.35622e+06 -0.00933952 0.00515063 -0.00273716 0.00567882 0.0151207 0.000958056 0.000468915 6.70919e-05 0.108388 0.00358134 10.5512 4.50507 98.1938 27.9472 1150.55 114.269 1259.29 129.902 1259.29 129.902 0.562242 0.0187794 
200 0.27 235200000 534.868 24.5265 -55.7768 1.14864 3472 136.584 1.71713e+07 1.35266e+06 -0.00933952 0.00513191 -0.00273716 0.00567882 0.0151207 0.000958056 0.000468915 6.70919e-05 0.108388 0.00358134 10.5512 4.50507 98.1938 27.9472 1150.55 114.269 1259.29 129.902 1259.29 129.902 0.562242 0.0187794 
200 0.27 236000000 534.868 24.1775 -55.7768 1.14589 3472 136.218 1.71713e+07 1.34814e+06 -0.00933952 0.00511392 -0.00273716 0.00567882 0.0151207 0.000954917 0.000468915 6.70919e-05 0.108388 0.00358058 10.5512 4.47184 98.1938 27.7516 1150.55 113.703 1259.29 129.233 1259.29 129.233 0.562242 0.0186497 
200 0.27 236800000 534.868 24.1775 -55.7768 1.14247 3472 135.833 1.71713e+07 1.34413e+06 -0.00933952 0.0051008 -0.00273716 0.00567882 0.0151207 0.000954917 0.000468915 6.70919e-05 0.108388 0.00358058 10.5512 4.46733 98.1938 27.7516 1150.55 113.703 1259.29 129.233 1259.29 129.233 0.562242 0.0186497 
200 0.27 237600000 534.868 24.1775 -55.7768 1.13948 3472 135.487 1.71713e+07 1.34025e+06 -0.00933952 0.00508255 -0.00273716 0.00567882 0.0151207 0.000949266 0.000468915 6.70919e-05 0.108388 0.00355717 10.5512 4.4447 98.1938 27.5587 1150.55 112.898 1259.29 128.308 1259.29 128.308 0.562242 0.0186497 
200 0.27 238400000 534.868 24.1775 -55.7768 1.13547 3472 135.03 1.71713e+07 1.33592e+06 -0.00933952 0.00507745 -0.00273716 0.00567882 0.0151207 0.000949266 0.000468915 6.70919e-05 0.108388 0.00355717 10.5512 4.4447 98.1938 27.5587 1150.55 112.898 1259.29 128.308 1259.29 128.308 0.562242 0.0186497 
200 0.27 239200000 534.868 23.8329 -55.7768 1.13326 3472 134.734 1.71713e+07 1.33191e+06 -0.00933952 0.00507218 -0.00273716 0.00567882 0.0151207 0.000942514 0.000468915 6.57626e-05 0.108388 0.00353243 10.5512 4.4447 98.1938 27.3666 1150.55 112.364 1259.29 127.666 1259.29 127.666 0.562242 0.0185052 
200 0.27 240000000 534.868 23.8329 -55.7768 1.13066 3472 134.423 1.71713e+07 1.32819e+06 -0.00933952 0.00505444 -0.00273716 0.00567882 0.0151207 0.000942514 0.000468915 6.57626e-05 0.108388 0.00353243 10.5512 4.4447 98.1938 27.3666 1150.55 112.364 1259.29 127.666 1259.29 127.666 0.562242 0.0185052 
200 0.27 240800000 534.868 23.8329 -55.7768 1.12697 3472 133.959 1.71713e+07 1.32348e+06 -0.00933952 0.00503652 -0.00273716 0.00567882 0.0151207 0.000938933 0.000468915 6.57626e-05 0.108388 0.00352889 10.5512 4.4447 98.1938 27.1787 1150.55 111.805 1259.29 127.007 1259.29 127.007 0.562242 0.0185052 
200 0.27 241600000 534.868 23.8329 -55.7768 1.12301 3472 133.487 1.71713e+07 1.31898e+06 -0.00933952 0.00501875 -0.00273716 0.00567882 0.0151207 0.000938933 0.000468915 6.57626e-05 0.108388 0.00352889 10.5512 4.4447 98.1938 27.1787 1150.55 111.805 1259.29 127.007 1259.29 127.007 0.562242 0.0185052 
200 0.27 242400000 534.868 23.9499 -55.7768 1.11927 3472 133.024 1.71713e+07 1.31436e+06 -0.00933952 0.00500165 -0.00273716 0.00567882 0.0151207 0.000934548 0.000468915 6.57626e-05 0.108388 0.00351932 10.5512 4.4447 98.1938 26.9923 1150.55 111.245 1259.29 126.347 1259.29 126.347 0.562242 0.0182542 
200 0.27 243200000 534.868 23.9499 -55.7768 1.11567 3472 132.572 1.71713e+07 1.30975e+06 -0.00933952 0.00498967 -0.00273716 0.00567882 0.0151207 0.000934548 0.000468915 6.57626e-05 0.108388 0.00351932 10.5512 4.4447 98.1938 26.9923 1150.55 111.245 1259.29 126.347 1259.29 126.347 0.562242 0.0182542 
200 0.27 244000000 534.868 23.9499 -55.7768 1.11217 3472 132.179 1.71713e+07 1.30585e+06 -0.00933952 0.00497447 -0.00273716 0.00567882 0.0151207 0.000929065 0.000468915 6.57626e-05 0.108388 0.00349641 10.5512 4.4447 98.1938 26.8101 1150.55 110.706 1259.29 125.712 1259.29 125.712 0.562242 0.0182542 
200 0.27 244800000 534.868 23.9499 -55.7768 1.11979 3472 133.885 1.71713e+07 1.33872e+06 -0.00933952 0.00496641 -0.00273716 0.00567882 0.0151207 0.000929065 0.000468915 6.57626e-05 0.108388 0.00349641 10.5512 4.4447 98.1938 26.8101 1150.55 110.706 1259.29 125.712 1259.29 125.712 0.562242 0.0182542 
200 0.27 245600000 541.556 23.7782 -55.9799 1.11651 3492.76 133.46 1.73291e+07 1.3341e+06 -0.00902744 0.00495933 -0.0022209 0.00519464 0.0148667 0.000923515 0.000452841 6.43261e-05 0.107492 0.00347328 10.21 4.28615 93.7669 26.6276 1110.99 113.164 1214.96 125.476 1214.96 125.476 0.559163 0.0180276 
200 0.27 246400000 541.556 23.7782 -55.9799 1.12056 3492.76 133.453 1.73291e+07 1.33081e+06 -0.00902744 0.00494234 -0.0022209 0.00519464 0.0148667 0.000923515 0.000452841 6.43261e-05 0.107492 0.00347328 10.21 4.28243 93.7669 26.6276 1110.99 113.164 1214.96 125.476 1214.96 125.476 0.559163 0.0180276 
200 0.27 247200000 541.556 23.7782 -55.9799 1.11797 3492.76 133.145 1.73291e+07 1.32718e+06 -0.00902744 0.00492811 -0.0022209 0.00515885 0.0148667 0.000922214 0.000452841 6.43261e-05 0.107492 0.00349635 10.21 4.25805 93.7669 26.4498 1110.99 113.164 1214.96 125.476 1214.96 125.476 0.559163 0.0180276 
200 0.27 248000000 541.556 23.7782 -55.9799 1.11418 3492.76 132.711 1.73291e+07 1.32303e+06 -0.00902744 0.00491316 -0.0022209 0.00515885 0.0148667 0.000922214 0.000452841 6.43261e-05 0.107492 0.00349635 10.21 4.25805 93.7669 26.4498 1110.99 113.164 1214.96 125.476 1214.96 125.476 0.559163 0.0180276 
200 0.27 248800000 541.556 23.7186 -55.9799 1.11281 3492.76 132.49 1.73291e+07 1.31961e+06 -0.00902744 0.00493138 -0.0022209 0.00513926 0.0148667 0.000916202 0.000452841 6.43261e-05 0.107492 0.00347464 10.21 4.22757 93.7669 26.2722 1110.99 113.164 1214.96 125.476 1214.96 125.476 0.559163 0.0178042 
200 0.27 249600000 541.556 23.7186 -55.9799 1.11195 3492.76 132.392 1.73291e+07 1.31736e+06 -0.00902744 0.00491486 -0.0022209 0.00513926 0.0148667 0.000916202 0.000452841 6.43261e-05 0.107492 0.00347464 10.21 4.22402 93.7669 26.2722 1110.99 113.164 1214.96 125.476 1214.96 125.476 0.559163 0.0178042 
200 0.27 250400000 541.556 23.7186 -55.9799 1.11465 3492.76 132.349 1.73291e+07 1.31415e+06 -0.00902744 0.0049027 -0.0022209 0.00510849 0.0148667 0.000912258 0.000452841 6.43261e-05 0.107492 0.00346437 10.21 4.20023 93.7669 26.1092 1110.99 113.164 1214.96 125.476 1214.96 125.476 0.559163 0.0178042 
200 0.27 251200000 541.556 23.7186 -55.9799 1.11118 3492.76 131.914 1.73291e+07 1.3097e+06 -0.00902744 0.00488906 -0.0022209 0.00510849 0.0148667 0.000912258 0.000452841 6.43261e-05 0.107492 0.00346437 10.21 4.20023 93.7669 26.1092 1110.99 113.164 1214.96 125.476 1214.96 125.476 0.559163 0.0178042 
200 0.27 252000000 541.556 23.588 -55.9799 1.10746 3492.76 131.469 1.73291e+07 1.30541e+06 -0.00902744 0.00487619 -0.0022209 0.00509462 0.0148667 0.000906766 0.000452841 6.30614e-05 0.107492 0.00344189 10.21 4.17062 93.7669 25.9271 1110.99 113.164 1214.96 125.476 1214.96 125.476 0.559163 0.0176018 
200 0.27 252800000 541.556 23.588 -55.9799 1.10396 3492.76 131.075 1.73291e+07 1.30158e+06 -0.00902744 0.0048868 -0.0022209 0.00509462 0.0148667 0.000906766 0.000452841 6.30614e-05 0.107492 0.00344189 10.21 4.1673 93.7669 25.9271 1110.99 113.164 1214.96 125.476 1214.96 125.476 0.559163 0.0176018 
200 0.27 253600000 541.556 23.5663 -55.9799 1.10026 3492.76 130.644 1.73291e+07 1.29749e+06 -0.00902744 0.00487047 -0.0022209 0.00509394 0.0148667 0.000900797 0.000452841 6.30614e-05 0.107492 0.00341978 10.21 4.14414 93.7669 25.7565 1110.99 113.164 1214.96 125.476 1214.96 125.476 0.559163 0.0176018 
200 0.27 254400000 541.556 23.5663 -55.9799 1.09811 3492.76 130.357 1.73291e+07 1.29371e+06 -0.00902744 0.00485433 -0.0022209 0.00509394 0.0148667 0.000900797 0.000452841 6.30614e-05 0.107492 0.00341978 10.21 4.14414 93.7669 25.7565 1110.99 113.164 1214.96 125.476 1214.96 125.476 0.559163 0.0176018 
200 0.27 255200000 541.556 23.4124 -55.9799 1.09446 3492.76 129.931 1.73291e+07 1.28967e+06 -0.00902744 0.00483922 -0.0022209 0.00509394 0.0148667 0.000896284 0.000452841 6.30614e-05 0.107492 0.00340937 10.21 4.12544 93.7669 25.5877 1110.99 113.164 1214.96 125.476 1214.96 125.476 0.559163 0.0175155 
200 0.27 256000000 541.556 23.4124 -55.9799 1.09797 3492.76 129.918 1.73291e+07 1.28662e+06 -0.00902744 0.00482314 -0.0022209 0.00509394 0.0148667 0.000896284 0.000452841 6.30614e-05 0.107492 0.00340937 10.21 4.12544 93.7669 25.5877 1110.99 113.164 1214.96 125.476 1214.96 125.476 0.559163 0.0175155 
200 0.27 256800000 541.556 23.3755 -55.9799 1.09916 3492.76 130.185 1.73291e+07 1.28902e+06 -0.00902744 0.00483428 -0.0022209 0.00509394 0.0148667 0.000900228 0.000452841 6.30614e-05 0.107492 0.0034198 10.21 4.12544 93.7669 25.4811 1110.99 113.164 1214.96 125.476 1214.96 125.476 0.559163 0.0175155 
200 0.27 257600000 541.556 23.3755 -55.9799 1.09773 3492.76 129.97 1.73291e+07 1.28581e+06 -0.00902744 0.00481846 -0.0022209 0.00509394 0.0148667 0.000900228 0.000452841 6.30614e-05 0.107492 0.0034198 10.21 4.12544 93.7669 25.4811 1110.99 113.164 1214.96 125.476 1214.96 125.476 0.559163 0.0175155 
200 0.27 258400000 545.145 23.2982 -55.6749 1.0946 3463.93 129.572 1.71026e+07 1.28159e+06 -0.00852246 0.00480266 -0.00242598 0.00509394 0.014701 0.000898664 0.000447332 6.14443e-05 0.106401 0.00343735 9.94611 4.06114 90.0209 25.2595 1125.81 113.164 1225.78 125.476 1225.78 125.476 0.558916 0.0174338 
200 0.27 259200000 545.145 23.2982 -55.6749 1.09102 3463.93 129.155 1.71026e+07 1.27765e+06 -0.00852246 0.00479097 -0.00242598 0.00509394 0.014701 0.000898664 0.000447332 6.14443e-05 0.106401 0.00343735 9.94611 4.0581 90.0209 25.2595 1125.81 113.164 1225.78 125.476 1225.78 125.476 0.558916 0.0174338 
200 0.27 260000000 545.145 23.2386 -55.6749 1.08748 3463.93 128.748 1.71026e+07 1.27381e+06 -0.00852246 0.00477876 -0.00242598 0.00509394 0.014701 0.000895705 0.000447332 6.14443e-05 0.106401 0.00342837 9.94611 4.036 90.0209 25.0991 1125.81 113.164 1225.78 125.476 1225.78 125.476 0.558916 0.0174338 
200 0.27 260800000 545.145 23.2386 -55.6749 1.084 3463.93 128.329 1.71026e+07 1.26975e+06 -0.00852246 0.00476576 -0.00242598 0.00509394 0.014701 0.000895705 0.000447332 6.14443e-05 0.106401 0.00342837 9.94611 4.036 90.0209 25.0991 1125.81 113.164 1225.78 125.476 1225.78 125.476 0.558916 0.0174338 
200 0.27 261600000 545.145 23.1687 -55.6749 1.0821 3463.93 128.087 1.71026e+07 1.26657e+06 -0.00852246 0.00475028 -0.00242598 0.00509394 0.014701 0.000893597 0.000447332 6.14443e-05 0.106401 0.00343207 9.94611 4.0085 90.0209 24.9401 1125.81 113.164 1225.78 125.476 1225.78 125.476 0.558916 0.017425 
200 0.27 262400000 545.145 23.1687 -55.6749 1.0792 3463.93 127.762 1.71026e+07 1.26318e+06 -0.00852246 0.00473532 -0.00242598 0.00509394 0.014701 0.000893597 0.000447332 6.14443e-05 0.106401 0.00343207 9.94611 4.00548 90.0209 24.9401 1125.81 113.164 1225.78 125.476 1225.78 125.476 0.558916 0.017425 
200 0.27 263200000 545.145 23.2094 -55.6749 1.08509 3463.93 129.061 1.71026e+07 1.28659e+06 -0.00852246 0.00472148 -0.00242598 0.00509394 0.014701 0.000889444 0.000447332 6.14443e-05 0.106401 0.00342115 9.94611 3.99496 90.0209 24.8693 1125.81 113.164 1225.78 125.476 1225.78 125.476 0.558916 0.017425 
200 0.27 264000000 545.145 23.2094 -55.6749 1.08476 3463.93 128.91 1.71026e+07 1.28354e+06 -0.00852246 0.00470651 -0.00242598 0.00509394 0.014701 0.000889444 0.000447332 6.14443e-05 0.106401 0.00342115 9.94611 3.99496 90.0209 24.8693 1125.81 113.164 1225.78 125.476 1225.78 125.476 0.558916 0.017425 
200 0.27 264800000 545.145 23.6403 -55.6749 1.08282 3463.93 128.651 1.71026e+07 1.28002e+06 -0.00852246 0.00469436 -0.00242598 0.00509394 0.014701 0.000885573 0.000447332 6.07716e-05 0.106401 0.00340672 9.94611 3.99496 90.0209 24.6294 1125.81 113.164 1225.78 125.476 1225.78 125.476 0.558916 0.0174241 
200 0.27 265600000 545.145 23.6403 -55.6749 1.07938 3463.93 128.24 1.71026e+07 1.27607e+06 -0.00852246 0.0046951 -0.00242598 0.00509394 0.014701 0.000885573 0.000447332 6.07716e-05 0.106401 0.00340672 9.94611 3.99496 90.0209 24.6294 1125.81 113.164 1225.78 125.476 1225.78 125.476 0.558916 0.0174241 
200 0.27 266400000 545.145 23.6403 -55.6749 1.07668 3463.93 127.933 1.71026e+07 1.27275e+06 -0.00852246 0.00469014 -0.00242598 0.00509394 0.014701 0.000879988 0.000447332 6.07716e-05 0.106401 0.00338771 9.94611 3.99496 90.0209 24.4759 1125.81 113.164 1225.78 125.476 1225.78 125.476 0.558916 0.0174241 
200 0.27 267200000 545.145 23.6403 -55.6749 1.07326 3463.93 127.532 1.71026e+07 1.26894e+06 -0.00852246 0.00468014 -0.00242598 0.00509394 0.014701 0.000879988 0.000447332 6.07716e-05 0.106401 0.00338771 9.94611 3.99496 90.0209 24.4759 1125.81 113.164 1225.78 125.476 1225.78 125.476 0.558916 0.0174241 
200 0.27 268000000 545.145 23.6403 -55.6749 1.07189 3463.93 127.353 1.71026e+07 1.26609e+06 -0.00852246 0.00466996 -0.00242598 0.00509394 0.014701 0.000875433 0.000447332 6.07716e-05 0.106401 0.00336875 9.94611 3.99496 90.0209 24.3257 1125.81 113.164 1225.78 125.476 1225.78 125.476 0.558916 0.0173227 
200 0.27 268800000 545.145 23.6403 -55.6749 1.0687 3463.93 126.993 1.71026e+07 1.26259e+06 -0.00852246 0.00466962 -0.00242598 0.00509394 0.014701 0.000875433 0.000447332 6.07716e-05 0.106401 0.00336875 9.94611 3.99496 90.0209 24.3257 1125.81 113.164 1225.78 125.476 1225.78 125.476 0.558916 0.0173227 
200 0.27 269600000 545.145 23.6403 -55.6749 1.07381 3463.93 127.018 1.71026e+07 1.25976e+06 -0.00852246 0.00465495 -0.00242598 0.00509394 0.014701 0.000869964 0.000447332 6.07716e-05 0.106401 0.00334801 9.94611 3.99496 90.0209 24.3033 1125.81 113.164 1225.78 125.476 1225.78 125.476 0.558916 0.0173227 
200 0.27 270400000 545.145 23.6403 -55.6749 1.07144 3463.93 126.743 1.71026e+07 1.25661e+06 -0.00852246 0.00464452 -0.00242598 0.00509394 0.014701 0.000869964 0.000447332 6.07716e-05 0.106401 0.00334801 9.94611 3.99496 90.0209 24.3033 1125.81 113.164 1225.78 125.476 1225.78 125.476 0.558916 0.0173227 
200 0.27 271200000 535.8 23.0775 -55.5998 1.0703 3457.91 126.6 1.70859e+07 1.2541e+06 -0.00798309 0.00464093 -0.00210272 0.00560215 0.0143655 0.000865808 0.00042963 5.9669e-05 0.105181 0.00395955 9.71356 3.85861 86.4206 24.0288 1123.43 103.168 1219.57 116.059 1219.57 116.059 0.553472 0.0170841 
200 0.27 272000000 535.8 23.0775 -55.5998 1.06933 3457.91 126.423 1.70859e+07 1.25118e+06 -0.00798309 0.00463131 -0.00210272 0.00560215 0.0143655 0.000865808 0.00042963 5.9669e-05 0.105181 0.00395955 9.71356 3.85611 86.4206 24.0288 1123.43 103.168 1219.57 116.059 1219.57 116.059 0.553472 0.0170841 
200 0.27 272800000 535.8 23.0775 -55.5998 1.06862 3457.91 126.262 1.70859e+07 1.24828e+06 -0.00798309 0.00462273 -0.00210272 0.00560215 0.0143655 0.000865808 0.00042963 5.9669e-05 0.105181 0.00395955 9.71356 3.83598 86.4206 23.8839 1123.43 102.536 1219.57 115.352 1219.57 115.352 0.553472 0.0170841 
200 0.27 273600000 535.8 23.0775 -55.5998 1.07571 3457.91 126.306 1.70859e+07 1.24553e+06 -0.00798309 0.00460848 -0.00210272 0.00560215 0.0143655 0.000865808 0.00042963 5.9669e-05 0.105181 0.00395955 9.71356 3.83598 86.4206 23.8839 1123.43 102.536 1219.57 115.352 1219.57 115.352 0.553472 0.0170841 
200 0.27 274400000 535.8 23.0775 -55.5998 1.0752 3457.91 126.267 1.70859e+07 1.24408e+06 -0.00798309 0.0045978 -0.00210272 0.00560215 0.0143655 0.000865808 0.00042963 5.9669e-05 0.105181 0.00395955 9.71356 3.81106 86.4206 23.7559 1123.43 102.53 1219.57 114.859 1219.57 114.859 0.553472 0.01689 
200 0.27 275200000 535.8 23.0775 -55.5998 1.07536 3457.91 126.343 1.70859e+07 1.24403e+06 -0.00798309 0.00458413 -0.00210272 0.00560215 0.0143655 0.000865808 0.00042963 5.9669e-05 0.105181 0.00395955 9.71356 3.80861 86.4206 23.7559 1123.43 102.53 1219.57 114.859 1219.57 114.859 0.553472 0.01689 
200 0.27 276000000 535.8 23.0775 -55.5998 1.07237 3457.91 125.97 1.70859e+07 1.24021e+06 -0.00798309 0.00457179 -0.00210272 0.00560215 0.0143655 0.000865808 0.00042963 5.9669e-05 0.105181 0.00395955 9.71356 3.78884 86.4206 23.7559 1123.43 102.53 1219.57 114.156 1219.57 114.156 0.553472 0.01689 
200 0.27 276800000 535.8 23.0775 -55.5998 1.06915 3457.91 125.585 1.70859e+07 1.23651e+06 -0.00798309 0.00455905 -0.00210272 0.00560215 0.0143655 0.000865808 0.00042963 5.9669e-05 0.105181 0.00395955 9.71356 3.78884 86.4206 23.7559 1123.43 102.53 1219.57 114.156 1219.57 114.156 0.553472 0.01689 
200 0.27 277600000 535.8 22.7715 -55.5998 1.06635 3457.91 125.276 1.70859e+07 1.23336e+06 -0.00798309 0.00455221 -0.00210272 0.00560215 0.0143655 0.000865808 0.00042963 5.82175e-05 0.105181 0.00395955 9.71356 3.76465 86.4206 23.4588 1123.43 102.53 1219.57 113.659 1219.57 113.659 0.553472 0.016696 
200 0.27 278400000 535.8 22.7715 -55.5998 1.06587 3457.91 125.241 1.70859e+07 1.23204e+06 -0.00798309 0.00458202 -0.00210272 0.00560215 0.0143655 0.000865808 0.00042963 5.82175e-05 0.105181 0.00395955 9.71356 3.76227 86.4206 23.4588 1123.43 102.53 1219.57 113.659 1219.57 113.659 0.553472 0.016696 
200 0.27 279200000 535.8 22.7715 -55.5998 1.06264 3457.91 124.866 1.70859e+07 1.2285e+06 -0.00798309 0.00456826 -0.00210272 0.00560215 0.0143655 0.000865808 0.00042963 5.82175e-05 0.105181 0.00395955 9.71356 3.74275 86.4206 23.3197 1123.43 102.53 1219.57 113.32 1219.57 113.32 0.553472 0.016696 
200 0.27 280000000 535.8 22.7715 -55.5998 1.06339 3457.91 124.78 1.70859e+07 1.22582e+06 -0.00798309 0.00455502 -0.00210272 0.00560215 0.0143655 0.000865808 0.00042963 5.82175e-05 0.105181 0.00395955 9.71356 3.74275 86.4206 23.3197 1123.43 102.53 1219.57 113.32 1219.57 113.32 0.553472 0.016696 
200 0.27 280800000 535.8 22.7809 -55.5998 1.06083 3457.91 124.495 1.70859e+07 1.22281e+06 -0.00798309 0.00454151 -0.00210272 0.00560215 0.0143655 0.000865808 0.00042963 5.82175e-05 0.105181 0.00395955 9.71356 3.7278 86.4206 23.2414 1123.43 102.53 1219.57 113.013 1219.57 113.013 0.553472 0.0167655 
200 0.27 281600000 535.8 22.7809 -55.5998 1.058 3457.91 124.14 1.70859e+07 1.21914e+06 -0.00798309 0.00452823 -0.00210272 0.00560215 0.0143655 0.000865808 0.00042963 5.82175e-05 0.105181 0.00395955 9.71356 3.7278 86.4206 23.2414 1123.43 102.53 1219.57 113.013 1219.57 113.013 0.553472 0.0167655 
200 0.27 282400000 535.8 22.7809 -55.5998 1.05517 3457.91 123.787 1.70859e+07 1.21549e+06 -0.00798309 0.00451469 -0.00210272 0.00560215 0.0143655 0.000865808 0.00042963 5.82175e-05 0.105181 0.00395955 9.71356 3.7278 86.4206 23.2414 1123.43 102.53 1219.57 113.013 1219.57 113.013 0.553472 0.0167655 
200 0.27 283200000 535.8 22.7809 -55.5998 1.05204 3457.91 123.43 1.70859e+07 1.21215e+06 -0.00798309 0.00450249 -0.00210272 0.00560215 0.0143655 0.000865808 0.00042963 5.82175e-05 0.105181 0.00395955 9.71356 3.7278 86.4206 23.2414 1123.43 102.53 1219.57 113.013 1219.57 113.013 0.553472 0.0167655 
200 0.27 284000000 535.8 23.0104 -55.5998 1.04907 3457.91 123.1 1.70859e+07 1.20899e+06 -0.00798309 0.0045109 -0.00210272 0.00560215 0.0143655 0.000865808 0.00042963 5.68391e-05 0.105181 0.00395955 9.71356 3.6753 86.4206 22.9099 1123.43 102.53 1219.57 113.013 1219.57 113.013 0.553472 0.0166581 
200 0.27 284800000 535.8 23.0104 -55.5998 1.04639 3457.91 122.761 1.70859e+07 1.20541e+06 -0.00798309 0.00450864 -0.00210272 0.00560215 0.0143655 0.000865808 0.00042963 5.68391e-05 0.105181 0.00395955 9.71356 3.6732 86.4206 22.9099 1123.43 102.53 1219.57 113.013 1219.57 113.013 0.553472 0.0166581 
200 0.27 285600000 535.8 23.0104 -55.5998 1.04398 3457.91 122.492 1.70859e+07 1.20253e+06 -0.00798309 0.00450041 -0.00210272 0.00560215 0.0143655 0.000865808 0.00042963 5.68391e-05 0.105181 0.00395955 9.71356 3.6546 86.4206 22.7772 1123.43 102.53 1219.57 113.013 1219.57 113.013 0.553472 0.0166581 
200 0.27 286400000 535.8 23.0104 -55.5998 1.04091 3457.91 122.132 1.70859e+07 1.19912e+06 -0.00798309 0.00448816 -0.00210272 0.00560215 0.0143655 0.000865808 0.00042963 5.68391e-05 0.105181 0.00395955 9.71356 3.6546 86.4206 22.7772 1123.43 102.53 1219.57 113.013 1219.57 113.013 0.553472 0.0166581 
200 0.27 287200000 535.8 23.0104 -55.5998 1.03788 3457.91 121.773 1.70859e+07 1.19572e+06 -0.00798309 0.004479 -0.00210272 0.00560215 0.0143655 0.000865808 0.00042963 5.68391e-05 0.105181 0.00395955 9.71356 3.63219 86.4206 22.7255 1123.43 102.53 1219.57 113.013 1219.57 113.013 0.553472 0.0164697 
200 0.27 288000000 535.8 23.0104 -55.5998 1.03485 3457.91 121.417 1.70859e+07 1.19233e+06 -0.00798309 0.00446673 -0.00210272 0.00560215 0.0143655 0.000865808 0.00042963 5.68391e-05 0.105181 0.00395955 9.71356 3.63019 86.4206 22.7255 1123.43 102.53 1219.57 113.013 1219.57 113.013 0.553472 0.0164697 
200 0.27 288800000 535.8 23.0104 -55.5998 1.03188 3457.91 121.062 1.70859e+07 1.18893e+06 -0.00798309 0.00445399 -0.00210272 0.00560215 0.0143655 0.000865808 0.00042963 5.68391e-05 0.105181 0.00395955 9.71356 3.62618 86.4206 25.0129 1123.43 102.53 1219.57 114.321 1219.57 114.321 0.553472 0.0164697 
200 0.27 289600000 535.8 23.0104 -55.5998 1.0291 3457.91 120.719 1.70859e+07 1.18546e+06 -0.00798309 0.00444965 -0.00210272 0.00560215 0.0143655 0.000865808 0.00042963 5.68391e-05 0.105181 0.00395955 9.71356 3.62618 86.4206 25.0129 1123.43 102.53 1219.57 114.321 1219.57 114.321 0.553472 0.0164697 
200 0.27 290400000 535.8 22.5572 -55.5998 1.03035 3457.91 120.995 1.70859e+07 1.18833e+06 -0.00798309 0.00445675 -0.00210272 0.00560215 0.0143655 0.000865808 0.00042963 5.55174e-05 0.105181 0.00395955 9.71356 3.62618 86.4206 24.872 1123.43 102.53 1219.57 113.84 1219.57 113.84 0.553472 0.016279 
200 0.27 291200000 535.8 22.5572 -55.5998 1.0282 3457.91 120.751 1.70859e+07 1.18559e+06 -0.00798309 0.00445105 -0.00210272 0.00560215 0.0143655 0.000865808 0.00042963 5.55174e-05 0.105181 0.00395955 9.71356 3.62618 86.4206 24.872 1123.43 102.53 1219.57 113.84 1219.57 113.84 0.553472 0.016279 
200 0.27 292000000 535.8 22.5572 -55.5998 1.02637 3457.91 120.533 1.70859e+07 1.18292e+06 -0.00798309 0.0044382 -0.00210272 0.00560215 0.0143655 0.000865808 0.00042963 5.55174e-05 0.105181 0.00395955 9.71356 3.62618 86.4206 24.7322 1123.43 102.53 1219.57 113.359 1219.57 113.359 0.553472 0.016279 
200 0.27 292800000 535.8 22.5572 -55.5998 1.03066 3457.91 121.477 1.70859e+07 1.19907e+06 -0.00798309 0.00444136 -0.00210272 0.00560215 0.0143655 0.000865808 0.00042963 5.55174e-05 0.105181 0.00395955 9.71356 3.62618 86.4206 24.7322 1123.43 102.53 1219.57 113.359 1219.57 113.359 0.553472 0.016279 
200 0.27 293600000 535.8 22.5572 -55.5998 1.02912 3457.91 121.279 1.70859e+07 1.19643e+06 -0.00798309 0.0044395 -0.00210272 0.00560215 0.0143655 0.000865808 0.00042963 5.55174e-05 0.105181 0.00395955 9.71356 3.62618 86.4206 24.5945 1123.43 102.53 1219.57 113.013 1219.57 113.013 0.553472 0.0160967 
200 0.27 294400000 535.8 22.5572 -55.5998 1.02632 3457.91 120.935 1.70859e+07 1.19302e+06 -0.00798309 0.00443426 -0.00210272 0.00560215 0.0143655 0.000865808 0.00042963 5.55174e-05 0.105181 0.00395955 9.71356 3.62618 86.4206 24.5945 1123.43 102.53 1219.57 113.013 1219.57 113.013 0.553472 0.0160967 
200 0.27 295200000 535.8 22.5572 -55.5998 1.02394 3457.91 120.63 1.70859e+07 1.18966e+06 -0.00798309 0.00443544 -0.00210272 0.00560215 0.0143655 0.000865808 0.00042963 5.55174e-05 0.105181 0.00395955 9.71356 3.62618 86.4206 24.4567 1123.43 102.53 1219.57 113.013 1219.57 113.013 0.553472 0.0160967 
200 0.27 296000000 535.8 22.5572 -55.5998 1.02122 3457.91 120.327 1.70859e+07 1.18672e+06 -0.00798309 0.00442584 -0.00210272 0.00560215 0.0143655 0.000865808 0.00042963 5.55174e-05 0.105181 0.00395955 9.71356 3.62618 86.4206 24.4567 1123.43 102.53 1219.57 113.013 1219.57 113.013 0.553472 0.0160967 
200 0.27 296800000 544.318 22.2058 -55.5822 1.01845 3454.48 120.017 1.70037e+07 1.18375e+06 -0.00538391 0.00441486 -0.00050358 0.00560215 0.0144806 0.000865808 0.000428393 5.42803e-05 0.10598 0.00395955 9.29629 3.5088 91.3521 24.3218 1095.73 98.2742 1196.38 112.039 1196.38 112.039 0.554794 0.0160211 
200 0.27 297600000 544.318 22.2058 -55.5822 1.01612 3454.48 119.717 1.70037e+07 1.18044e+06 -0.00538391 0.00440433 -0.00050358 0.00560215 0.0144806 0.000865808 0.000428393 5.42803e-05 0.10598 0.00395955 9.29629 3.50726 91.3521 24.3218 1095.73 98.2742 1196.38 112.039 1196.38 112.039 0.554794 0.0160211 
200 0.27 298400000 544.318 22.2058 -55.5822 1.01369 3454.48 119.447 1.70037e+07 1.17767e+06 -0.00538391 0.00439197 -0.00050358 0.00560215 0.0144806 0.000865808 0.000428393 5.42803e-05 0.10598 0.00395955 9.29629 3.49051 91.3521 24.1882 1095.73 97.8929 1196.38 111.584 1196.38 111.584 0.554794 0.0160211 
200 0.27 299200000 544.318 22.2058 -55.5822 1.0128 3454.48 119.295 1.70037e+07 1.17519e+06 -0.00538391 0.00438005 -0.00050358 0.00560215 0.0144806 0.000865808 0.000428393 5.42803e-05 0.10598 0.00395955 9.29629 3.49051 91.3521 24.1882 1095.73 97.8929 1196.38 111.584 1196.38 111.584 0.554794 0.0160211 
200 0.27 300000000 544.318 22.2058 -55.5822 1.01037 3454.48 119.025 1.70037e+07 1.17244e+06 -0.00538391 0.00437312 -0.00050358 0.00560215 0.0144806 0.000865808 0.000428393 5.42803e-05 0.10598 0.00395955 9.29629 3.46949 91.3521 24.0558 1095.73 97.3774 1196.38 110.978 1196.38 110.978 0.554794 0.0158539 
200 0.27 300800000 544.318 22.2058 -55.5822 1.00917 3454.48 118.87 1.70037e+07 1.17006e+06 -0.00538391 0.0043666 -0.00050358 0.00560215 0.0144806 0.000865808 0.000428393 5.42803e-05 0.10598 0.00395955 9.29629 3.46808 91.3521 24.0558 1095.73 97.3774 1196.38 110.978 1196.38 110.978 0.554794 0.0158539 
200 0.27 301600000 544.318 22.2058 -55.5822 1.00669 3454.48 118.558 1.70037e+07 1.16679e+06 -0.00538391 0.00436336 -0.00050358 0.00560215 0.0144806 0.000865808 0.000428393 5.42803e-05 0.10598 0.00395955 9.29629 3.45172 91.3521 23.9247 1095.73 97.0065 1196.38 110.533 1196.38 110.533 0.554794 0.0158539 
200 0.27 302400000 544.318 22.2058 -55.5822 1.00444 3454.48 118.268 1.70037e+07 1.16359e+06 -0.00538391 0.00437228 -0.00050358 0.00560215 0.0144806 0.000865808 0.000428393 5.42803e-05 0.10598 0.00395955 9.29629 3.45172 91.3521 23.9247 1095.73 97.0065 1196.38 110.533 1196.38 110.533 0.554794 0.0158539 
200 0.27 303200000 544.318 21.7399 -55.5822 1.00191 3454.48 117.952 1.70037e+07 1.16036e+06 -0.00538391 0.00436797 -0.00050358 0.00560215 0.0144806 0.000865808 0.000428393 5.34417e-05 0.10598 0.00395955 9.29629 3.43105 91.3521 23.7958 1095.73 96.8784 1196.38 110.015 1196.38 110.015 0.554794 0.0156987 
200 0.27 304000000 544.318 21.7399 -55.5822 0.999937 3454.48 117.694 1.70037e+07 1.15732e+06 -0.00538391 0.00435823 -0.00050358 0.00560215 0.0144806 0.000865808 0.000428393 5.34417e-05 0.10598 0.00395955 9.29629 3.42976 91.3521 23.7958 1095.73 96.8784 1196.38 110.015 1196.38 110.015 0.554794 0.0156987 
200 0.27 304800000 544.318 21.7399 -55.5822 0.997191 3454.48 117.38 1.70037e+07 1.15437e+06 -0.00538391 0.00435011 -0.00050358 0.00560215 0.0144806 0.000865808 0.000428393 5.34417e-05 0.10598 0.00395955 9.29629 3.41379 91.3521 23.668 1095.73 96.8784 1196.38 109.489 1196.38 109.489 0.554794 0.0156987 
200 0.27 305600000 544.318 21.7399 -55.5822 0.994578 3454.48 117.06 1.70037e+07 1.15121e+06 -0.00538391 0.00434396 -0.00050358 0.00560215 0.0144806 0.000865808 0.000428393 5.34417e-05 0.10598 0.00395955 9.29629 3.41379 91.3521 23.668 1095.73 96.8784 1196.38 109.489 1196.38 109.489 0.554794 0.0156987 
200 0.27 306400000 544.318 21.9315 -55.5822 0.992201 3454.48 116.76 1.70037e+07 1.14805e+06 -0.00538391 0.00433971 -0.00050358 0.00560215 0.0144806 0.000865808 0.000428393 5.34417e-05 0.10598 0.00395955 9.29629 3.40107 91.3521 23.5419 1095.73 96.8784 1196.38 109.052 1196.38 109.052 0.554794 0.0156215 
200 0.27 307200000 544.318 21.9315 -55.5822 0.989491 3454.48 116.449 1.70037e+07 1.14513e+06 -0.00538391 0.00432802 -0.00050358 0.00560215 0.0144806 0.000865808 0.000428393 5.34417e-05 0.10598 0.00395955 9.29629 3.40107 91.3521 23.5419 1095.73 96.8784 1196.38 109.052 1196.38 109.052 0.554794 0.0156215 
200 0.27 308000000 544.318 21.9315 -55.5822 0.988356 3454.48 116.305 1.70037e+07 1.1429e+06 -0.00538391 0.00431968 -0.00050358 0.00560215 0.0144806 0.000865808 0.000428393 5.34417e-05 0.10598 0.00395955 9.29629 3.40107 91.3521 23.4169 1095.73 96.8784 1196.38 108.612 1196.38 108.612 0.554794 0.0156215 
200 0.27 308800000 544.318 21.9315 -55.5822 0.989416 3454.48 116.542 1.70037e+07 1.14534e+06 -0.00538391 0.00432662 -0.00050358 0.00560215 0.0144806 0.000865808 0.000428393 5.34417e-05 0.10598 0.00395955 9.29629 3.40107 91.3521 23.4169 1095.73 96.8784 1196.38 108.612 1196.38 108.612 0.554794 0.0156215 
200 0.27 309600000 544.318 23.7822 -55.5822 0.987283 3454.48 116.304 1.70037e+07 1.14281e+06 -0.00538391 0.004318 -0.00050358 0.00560215 0.0144806 0.000865808 0.000428393 5.23501e-05 0.10598 0.00395955 9.29629 3.36409 91.3521 23.2921 1095.73 96.8784 1196.38 109.513 1196.38 109.513 0.554794 0.0156061 
200 0.27 310400000 544.318 23.7822 -55.5822 0.984667 3454.48 115.989 1.70037e+07 1.13977e+06 -0.00538391 0.00431457 -0.00050358 0.00560215 0.0144806 0.000865808 0.000428393 5.23501e-05 0.10598 0.00395955 9.29629 3.36409 91.3521 23.2921 1095.73 96.8784 1196.38 109.513 1196.38 109.513 0.554794 0.0156061 
200 0.27 311200000 544.318 23.7822 -55.5822 0.98383 3454.48 115.848 1.70037e+07 1.13749e+06 -0.00538391 0.00430548 -0.00050358 0.00560215 0.0144806 0.000865808 0.000428393 5.23501e-05 0.10598 0.00395955 9.29629 3.36409 91.3521 24.0411 1095.73 96.8784 1196.38 109.955 1196.38 109.955 0.554794 0.0156061 
200 0.27 312000000 544.318 23.7822 -55.5822 0.982076 3454.48 115.644 1.70037e+07 1.13508e+06 -0.00538391 0.0042986 -0.00050358 0.00560215 0.0144806 0.000865808 0.000428393 5.23501e-05 0.10598 0.00395955 9.29629 3.36409 91.3521 24.0411 1095.73 96.8784 1196.38 109.955 1196.38 109.955 0.554794 0.0156061 
200 0.27 312800000 544.318 23.7822 -55.5822 0.979633 3454.48 115.341 1.70037e+07 1.13203e+06 -0.00538391 0.00428768 -0.00050358 0.00560215 0.0144806 0.000865808 0.000428393 5.23501e-05 0.10598 0.00395955 9.29629 3.36409 91.3521 23.9149 1095.73 97.8672 1196.38 110.923 1196.38 110.923 0.554794 0.0154902 
200 0.27 313600000 544.318 23.7822 -55.5822 0.978057 3454.48 115.151 1.70037e+07 1.12968e+06 -0.00538391 0.00427772 -0.00050358 0.00560215 0.0144806 0.000865808 0.000428393 5.23501e-05 0.10598 0.00395955 9.29629 3.36409 91.3521 23.9149 1095.73 97.8672 1196.38 110.923 1196.38 110.923 0.554794 0.0154902 
200 0.27 314400000 544.318 23.7822 -55.5822 0.975528 3454.48 114.867 1.70037e+07 1.12699e+06 -0.00538391 0.00427043 -0.00050358 0.00560215 0.0144806 0.000865808 0.000428393 5.23501e-05 0.10598 0.00395955 9.29629 3.36409 91.3521 23.7905 1095.73 97.5182 1196.38 110.507 1196.38 110.507 0.554794 0.0154902 
200 0.27 315200000 544.318 23.7822 -55.5822 0.974577 3454.48 114.721 1.70037e+07 1.12474e+06 -0.00538391 0.0042622 -0.00050358 0.00560215 0.0144806 0.000865808 0.000428393 5.23501e-05 0.10598 0.00395955 9.29629 3.36409 91.3521 23.7905 1095.73 97.5182 1196.38 110.507 1196.38 110.507 0.554794 0.0154902 
200 0.27 316000000 544.318 23.7364 -55.5822 0.972531 3454.48 114.457 1.70037e+07 1.12181e+06 -0.00538391 0.00425609 -0.00050358 0.00560215 0.0144806 0.000865808 0.000428393 5.13782e-05 0.10598 0.00395955 9.29629 3.36409 91.3521 23.6653 1095.73 97.0389 1196.38 109.947 1196.38 109.947 0.554794 0.0154345 
200 0.27 316800000 544.318 23.7364 -55.5822 0.971995 3454.48 114.404 1.70037e+07 1.12049e+06 -0.00538391 0.00424481 -0.00050358 0.00560215 0.0144806 0.000865808 0.000428393 5.13782e-05 0.10598 0.00395955 9.29629 3.36409 91.3521 23.7167 1095.73 97.0389 1196.38 109.947 1196.38 109.947 0.554794 0.0154345 
200 0.27 317600000 544.318 23.7364 -55.5822 0.969439 3454.48 114.102 1.70037e+07 1.11763e+06 -0.00538391 0.00423358 -0.00050358 0.00560215 0.0144806 0.000865808 0.000428393 5.13782e-05 0.10598 0.00395955 9.29629 3.36409 91.3521 25.3008 1095.73 97.9546 1196.38 112.399 1196.38 112.399 0.554794 0.0154345 
200 0.27 318400000 544.318 23.7364 -55.5822 0.966885 3454.48 113.807 1.70037e+07 1.11488e+06 -0.00538391 0.00424344 -0.00050358 0.00560215 0.0144806 0.000865808 0.000428393 5.13782e-05 0.10598 0.00395955 9.29629 3.36409 91.3521 25.3008 1095.73 97.9546 1196.38 112.399 1196.38 112.399 0.554794 0.0154345 
200 0.27 319200000 544.318 23.7364 -55.5822 0.964354 3454.48 113.518 1.70037e+07 1.11217e+06 -0.00538391 0.0042383 -0.00050358 0.00560215 0.0144806 0.000865808 0.000428393 5.13782e-05 0.10598 0.00395955 9.29629 3.36409 91.3521 25.1721 1095.73 97.5933 1196.38 111.967 1196.38 111.967 0.554794 0.0152815 
200 0.27 320000000 544.318 23.7364 -55.5822 0.961876 3454.48 113.22 1.70037e+07 1.10931e+06 -0.00538391 0.0042337 -0.00050358 0.00560215 0.0144806 0.000865808 0.000428393 5.13782e-05 0.10598 0.00395955 9.29629 3.36409 91.3521 25.1721 1095.73 97.5933 1196.38 111.967 1196.38 111.967 0.554794 0.0152815 
200 0.27 320800000 544.318 23.7364 -55.5822 0.959563 3454.48 112.963 1.70037e+07 1.10681e+06 -0.00538391 0.00422486 -0.00050358 0.00560215 0.0144806 0.000865808 0.000428393 5.13782e-05 0.10598 0.00395955 9.29629 3.36409 91.3521 25.0446 1095.73 97.2527 1196.38 111.556 1196.38 111.556 0.554794 0.0152815 
200 0.27 321600000 544.318 23.7364 -55.5822 0.958533 3454.48 112.815 1.70037e+07 1.10464e+06 -0.00538391 0.00421589 -0.00050358 0.00560215 0.0144806 0.000865808 0.000428393 5.13782e-05 0.10598 0.00395955 9.29629 3.36409 91.3521 25.0446 1095.73 97.2527 1196.38 111.556 1196.38 111.556 0.554794 0.0152815 
200 0.27 322400000 550.505 23.2739 -55.6272 0.956588 3445.77 112.597 1.67417e+07 1.1023e+06 -0.00281126 0.00577452 -0.00112346 0.00475327 0.0141914 0.000761927 0.000410156 5.05816e-05 0.104971 0.0033052 9.01932 3.21702 101.431 24.9174 1154.11 104.929 1264.56 116.365 1264.56 116.365 0.559393 0.0151612 
200 0.27 323200000 550.505 23.2739 -55.6272 0.95436 3445.77 112.318 1.67417e+07 1.09944e+06 -0.00281126 0.00577452 -0.00112346 0.00475327 0.0141914 0.000761927 0.000410156 5.05816e-05 0.104971 0.0033052 9.01932 3.21598 101.431 24.9174 1154.11 104.929 1264.56 116.365 1264.56 116.365 0.559393 0.0151612 
200 0.27 324000000 550.505 23.2739 -55.6272 0.951938 3445.77 112.044 1.67417e+07 1.09687e+06 -0.00281126 0.00577452 -0.00112346 0.00475327 0.0141914 0.000758341 0.000410156 5.05816e-05 0.104971 0.0033052 9.01932 3.20121 101.431 24.7931 1154.11 104.929 1264.56 116.365 1264.56 116.365 0.559393 0.015147 
200 0.27 324800000 550.505 23.2739 -55.6272 0.951324 3445.77 111.923 1.67417e+07 1.09477e+06 -0.00281126 0.00577452 -0.00112346 0.00475327 0.0141914 0.000758341 0.000410156 5.05816e-05 0.104971 0.0033052 9.01932 3.20121 101.431 24.7931 1154.11 104.929 1264.56 116.365 1264.56 116.365 0.559393 0.015147 
200 0.27 325600000 550.505 23.2739 -55.6272 0.949643 3445.77 111.703 1.67417e+07 1.09214e+06 -0.00281126 0.00577452 -0.00112346 0.00475327 0.0141914 0.000756974 0.000410156 5.05816e-05 0.104971 0.0033052 9.01932 3.18394 101.431 25.1768 1154.11 104.929 1264.56 116.365 1264.56 116.365 0.559393 0.0150097 
200 0.27 326400000 550.505 23.2739 -55.6272 0.947927 3445.77 111.479 1.67417e+07 1.0895e+06 -0.00281126 0.00577452 -0.00112346 0.00475327 0.0141914 0.000756974 0.000410156 5.05816e-05 0.104971 0.0033052 9.01932 3.18296 101.431 25.1768 1154.11 104.929 1264.56 116.365 1264.56 116.365 0.559393 0.0150097 
200 0.27 327200000 550.505 23.2739 -55.6272 0.946342 3445.77 111.272 1.67417e+07 1.08695e+06 -0.00281126 0.00577452 -0.00112346 0.00475327 0.0141914 0.000753178 0.000410156 5.05816e-05 0.104971 0.0033052 9.01932 3.16831 101.431 25.0521 1154.11 104.929 1264.56 116.365 1264.56 116.365 0.559393 0.0149997 
200 0.27 328000000 550.505 23.2739 -55.6272 0.944635 3445.77 111.05 1.67417e+07 1.08434e+06 -0.00281126 0.00577452 -0.00112346 0.00475327 0.0141914 0.000753178 0.000410156 5.05816e-05 0.104971 0.0033052 9.01932 3.16831 101.431 25.0521 1154.11 104.929 1264.56 116.365 1264.56 116.365 0.559393 0.0149997 
200 0.27 328800000 550.505 22.8067 -55.6272 0.942946 3445.77 110.83 1.67417e+07 1.08174e+06 -0.00281126 0.00577452 -0.00112346 0.00475327 0.0141914 0.000753645 0.000410156 4.95493e-05 0.104971 0.0033052 9.01932 3.15154 101.431 24.9289 1154.11 104.929 1264.56 116.365 1264.56 116.365 0.559393 0.0149087 
200 0.27 329600000 550.505 22.8067 -55.6272 0.941206 3445.77 110.633 1.67417e+07 1.07955e+06 -0.00281126 0.00577452 -0.00112346 0.00475327 0.0141914 0.000753645 0.000410156 4.95493e-05 0.104971 0.0033052 9.01932 3.15066 101.431 24.9289 1154.11 104.929 1264.56 116.365 1264.56 116.365 0.559393 0.0149087 
200 0.27 330400000 550.505 22.8067 -55.6272 0.944141 3445.77 111.266 1.67417e+07 1.08954e+06 -0.00281126 0.00577452 -0.00112346 0.00475327 0.0141914 0.000751896 0.000410156 4.95493e-05 0.104971 0.0033052 9.01932 3.13634 101.431 24.8045 1154.11 104.929 1264.56 116.365 1264.56 116.365 0.559393 0.0148841 
200 0.27 331200000 550.505 22.8067 -55.6272 0.944182 3445.77 111.183 1.67417e+07 1.08755e+06 -0.00281126 0.00577452 -0.00112346 0.00475327 0.0141914 0.000751896 0.000410156 4.95493e-05 0.104971 0.0033052 9.01932 3.13634 101.431 24.8045 1154.11 104.929 1264.56 116.365 1264.56 116.365 0.559393 0.0148841 
200 0.27 332000000 550.505 22.8067 -55.6272 0.944807 3445.77 111.125 1.67417e+07 1.0856e+06 -0.00281126 0.00577452 -0.00112346 0.00475327 0.0141914 0.000751896 0.000410156 4.95493e-05 0.104971 0.0033052 9.01932 3.12374 101.431 24.6829 1154.11 104.929 1264.56 116.365 1264.56 116.365 0.559393 0.0148404 
200 0.27 332800000 550.505 22.8067 -55.6272 0.942711 3445.77 110.862 1.67417e+07 1.08286e+06 -0.00281126 0.00577452 -0.00112346 0.00475327 0.0141914 0.000751896 0.000410156 4.95493e-05 0.104971 0.0033052 9.01932 3.12374 101.431 24.6829 1154.11 104.929 1264.56 116.365 1264.56 116.365 0.559393 0.0148404 
200 0.27 333600000 550.505 22.8067 -55.6272 0.940995 3445.77 110.667 1.67417e+07 1.0807e+06 -0.00281126 0.00577452 -0.00112346 0.00475327 0.0141914 0.000751896 0.000410156 4.95493e-05 0.104971 0.0033052 9.01932 3.12374 101.431 24.5626 1154.11 104.929 1264.56 116.365 1264.56 116.365 0.559393 0.014794 
200 0.27 334400000 550.505 22.8067 -55.6272 0.938652 3445.77 110.39 1.67417e+07 1.07808e+06 -0.00281126 0.00577452 -0.00112346 0.00475327 0.0141914 0.000751896 0.000410156 4.95493e-05 0.104971 0.0033052 9.01932 3.12374 101.431 24.5626 1154.11 104.929 1264.56 116.365 1264.56 116.365 0.559393 0.014794 
200 0.27 335200000 550.505 22.3513 -55.6272 0.936809 3445.77 110.183 1.67417e+07 1.07589e+06 -0.00281126 0.00577452 -0.00112346 0.00475327 0.0141914 0.000751896 0.000410156 4.89616e-05 0.104971 0.0033052 9.01932 3.0888 101.431 24.443 1154.11 104.929 1264.56 116.365 1264.56 116.365 0.559393 0.0147205 
200 0.27 336000000 550.505 22.3513 -55.6272 0.934476 3445.77 109.914 1.67417e+07 1.07338e+06 -0.00281126 0.00577452 -0.00112346 0.00475327 0.0141914 0.000751896 0.000410156 4.89616e-05 0.104971 0.0033052 9.01932 3.08801 101.431 24.443 1154.11 104.929 1264.56 116.365 1264.56 116.365 0.559393 0.0147205 
200 0.27 336800000 550.505 22.3513 -55.6272 0.932196 3445.77 109.641 1.67417e+07 1.07077e+06 -0.00281126 0.00577452 -0.00112346 0.00475327 0.0141914 0.000751896 0.000410156 4.89616e-05 0.104971 0.0033052 9.01932 3.07414 101.431 24.325 1154.11 104.929 1264.56 116.365 1264.56 116.365 0.559393 0.0146716 
200 0.27 337600000 550.505 22.3513 -55.6272 0.930436 3445.77 109.443 1.67417e+07 1.06862e+06 -0.00281126 0.00577452 -0.00112346 0.00475327 0.0141914 0.000751896 0.000410156 4.89616e-05 0.104971 0.0033052 9.01932 3.07414 101.431 24.325 1154.11 104.929 1264.56 116.365 1264.56 116.365 0.559393 0.0146716 
200 0.27 338400000 550.505 22.3513 -55.6272 0.928525 3445.77 109.199 1.67417e+07 1.066e+06 -0.00281126 0.00577452 -0.00112346 0.00475327 0.0141914 0.000751896 0.000410156 4.89616e-05 0.104971 0.0033052 9.01932 3.05828 101.431 24.2085 1154.11 104.929 1264.56 116.365 1264.56 116.365 0.559393 0.0146411 
200 0.27 339200000 550.505 22.3513 -55.6272 0.929905 3445.77 109.493 1.67417e+07 1.06952e+06 -0.00281126 0.00577452 -0.00112346 0.00475327 0.0141914 0.000751896 0.000410156 4.89616e-05 0.104971 0.0033052 9.01932 3.05754 101.431 24.2085 1154.11 104.929 1264.56 116.365 1264.56 116.365 0.559393 0.0146411 
200 0.27 340000000 550.505 22.3513 -55.6272 0.929793 3445.77 109.507 1.67417e+07 1.06903e+06 -0.00281126 0.00577452 -0.00112346 0.00475327 0.0141914 0.000751896 0.000410156 4.89616e-05 0.104971 0.0033052 9.01932 3.05528 101.431 24.0929 1154.11 104.929 1264.56 116.365 1264.56 116.365 0.559393 0.0146392 
200 0.27 340800000 550.505 22.3513 -55.6272 0.928389 3445.77 109.339 1.67417e+07 1.06699e+06 -0.00281126 0.00577452 -0.00112346 0.00475327 0.0141914 0.000751896 0.000410156 4.89616e-05 0.104971 0.0033052 9.01932 3.05528 101.431 24.0929 1154.11 104.929 1264.56 116.365 1264.56 116.365 0.559393 0.0146392 
200 0.27 341600000 550.505 22.4195 -55.6272 0.931329 3445.77 109.976 1.67417e+07 1.07731e+06 -0.00281126 0.00577452 -0.00112346 0.00475327 0.0141914 0.000751896 0.000410156 4.80639e-05 0.104971 0.0033052 9.01932 3.05528 101.431 23.9788 1154.11 104.929 1264.56 116.365 1264.56 116.365 0.559393 0.0145389 
200 0.27 342400000 550.505 22.4195 -55.6272 0.93077 3445.77 109.915 1.67417e+07 1.07602e+06 -0.00281126 0.00577452 -0.00112346 0.00475327 0.0141914 0.000751896 0.000410156 4.80639e-05 0.104971 0.0033052 9.01932 3.05528 101.431 23.9788 1154.11 104.929 1264.56 116.365 1264.56 116.365 0.559393 0.0145389 
200 0.27 343200000 550.505 22.4195 -55.6272 0.92869 3445.77 109.683 1.67417e+07 1.07377e+06 -0.00281126 0.00577452 -0.00112346 0.00475327 0.0141914 0.000751896 0.000410156 4.80639e-05 0.104971 0.0033052 9.01932 3.05528 101.431 23.8654 1154.11 104.929 1264.56 116.365 1264.56 116.365 0.559393 0.0145389 
200 0.27 344000000 550.505 22.4195 -55.6272 0.927572 3445.77 109.537 1.67417e+07 1.07172e+06 -0.00281126 0.00577452 -0.00112346 0.00475327 0.0141914 0.000751896 0.000410156 4.80639e-05 0.104971 0.0033052 9.01932 3.05528 101.431 23.8654 1154.11 104.929 1264.56 116.365 1264.56 116.365 0.559393 0.0145389 
200 0.27 344800000 550.505 22.4195 -55.6272 0.925747 3445.77 109.303 1.67417e+07 1.06916e+06 -0.00281126 0.00577452 -0.00112346 0.00475327 0.0141914 0.000751896 0.000410156 4.80639e-05 0.104971 0.0033052 9.01932 3.05528 101.431 23.7526 1154.11 104.929 1264.56 116.365 1264.56 116.365 0.559393 0.0144617 
200 0.27 345600000 550.505 22.4195 -55.6272 0.924195 3445.77 109.124 1.67417e+07 1.06712e+06 -0.00281126 0.00577452 -0.00112346 0.00475327 0.0141914 0.000751896 0.000410156 4.80639e-05 0.104971 0.0033052 9.01932 3.05528 101.431 23.7526 1154.11 104.929 1264.56 116.365 1264.56 116.365 0.559393 0.0144617 
200 0.27 346400000 550.505 22.4195 -55.6272 0.922207 3445.77 108.874 1.67417e+07 1.06454e+06 -0.00281126 0.00577452 -0.00112346 0.00475327 0.0141914 0.000751896 0.000410156 4.80639e-05 0.104971 0.0033052 9.01932 3.05528 101.431 23.6411 1154.11 104.929 1264.56 116.365 1264.56 116.365 0.559393 0.0143993 
200 0.27 347200000 550.505 22.4195 -55.6272 0.920062 3445.77 108.632 1.67417e+07 1.06227e+06 -0.00281126 0.00577452 -0.00112346 0.00475327 0.0141914 0.000751896 0.000410156 4.80639e-05 0.104971 0.0033052 9.01932 3.05528 101.431 23.6411 1154.11 104.929 1264.56 116.365 1264.56 116.365 0.559393 0.0143993 
200 0.27 348000000 543.856 22.0341 -55.9219 0.91816 3477.95 108.42 1.69862e+07 1.06014e+06 -0.0034449 0.00577452 -0.000492432 0.00475327 0.0142539 0.000738807 0.000405993 4.71406e-05 0.105655 0.0033052 8.77465 2.97041 100.134 23.5314 1132.39 99.08 1241.3 109.715 1241.3 109.715 0.555867 0.0143349 
200 0.27 348800000 543.856 22.0341 -55.9219 0.917505 3477.95 108.344 1.69862e+07 1.05872e+06 -0.0034449 0.00577452 -0.000492432 0.00475327 0.0142539 0.000738807 0.000405993 4.71406e-05 0.105655 0.0033052 8.77465 2.96984 100.134 23.6423 1132.39 99.08 1241.3 109.715 1241.3 109.715 0.555867 0.0143349 
200 0.27 349600000 543.856 22.0341 -55.9219 0.915704 3477.95 108.143 1.69862e+07 1.05664e+06 -0.0034449 0.00577452 -0.000492432 0.00475327 0.0142539 0.000738807 0.000405993 4.71406e-05 0.105655 0.0033052 8.77465 2.95674 100.134 24.8767 1132.39 99.08 1241.3 109.715 1241.3 109.715 0.555867 0.0143152 
200 0.27 350400000 543.856 22.0341 -55.9219 0.913814 3477.95 107.903 1.69862e+07 1.05413e+06 -0.0034449 0.00577452 -0.000492432 0.00475327 0.0142539 0.000738807 0.000405993 4.71406e-05 0.105655 0.0033052 8.77465 2.95674 100.134 24.8767 1132.39 99.08 1241.3 109.715 1241.3 109.715 0.555867 0.0143152 
200 0.27 351200000 543.856 22.0341 -55.9219 0.91189 3477.95 107.689 1.69862e+07 1.05202e+06 -0.0034449 0.00577452 -0.000492432 0.00475327 0.0142539 0.000738807 0.000405993 4.71406e-05 0.105655 0.0033052 8.77465 2.94217 100.134 24.7624 1132.39 99.08 1241.3 109.715 1241.3 109.715 0.555867 0.0143639 
200 0.27 352000000 543.856 22.0341 -55.9219 0.912327 3477.95 107.799 1.69862e+07 1.05283e+06 -0.0034449 0.00577452 -0.000492432 0.00475327 0.0142539 0.000738807 0.000405993 4.71406e-05 0.105655 0.0033052 8.77465 2.94164 100.134 24.7624 1132.39 99.08 1241.3 109.715 1241.3 109.715 0.555867 0.0143639 
200 0.27 352800000 543.856 22.0341 -55.9219 0.912373 3477.95 107.724 1.69862e+07 1.05105e+06 -0.0034449 0.00577452 -0.000492432 0.00475327 0.0142539 0.000738807 0.000405993 4.71406e-05 0.105655 0.0033052 8.77465 2.92866 100.134 24.6467 1132.39 99.08 1241.3 109.715 1241.3 109.715 0.555867 0.0143639 
200 0.27 353600000 543.856 22.0341 -55.9219 0.910299 3477.95 107.491 1.69862e+07 1.04885e+06 -0.0034449 0.00577452 -0.000492432 0.00475327 0.0142539 0.000738807 0.000405993 4.71406e-05 0.105655 0.0033052 8.77465 2.92866 100.134 24.6467 1132.39 99.08 1241.3 109.715 1241.3 109.715 0.555867 0.0143639 
200 0.27 354400000 543.856 21.6469 -55.9219 0.909677 3477.95 107.38 1.69862e+07 1.04703e+06 -0.0034449 0.00577452 -0.000492432 0.00475327 0.0142539 0.000738807 0.000405993 4.67057e-05 0.105655 0.0033052 8.77465 2.91448 100.134 24.5337 1132.39 99.08 1241.3 109.715 1241.3 109.715 0.555867 0.0142287 
200 0.27 355200000 543.856 21.6469 -55.9219 0.907558 3477.95 107.128 1.69862e+07 1.04464e+06 -0.0034449 0.00577452 -0.000492432 0.00475327 0.0142539 0.000738807 0.000405993 4.67057e-05 0.105655 0.0033052 8.77465 2.91396 100.134 24.5337 1132.39 99.08 1241.3 109.715 1241.3 109.715 0.555867 0.0142287 
200 0.27 356000000 543.856 21.6469 -55.9219 0.906725 3477.95 107.023 1.69862e+07 1.04299e+06 -0.0034449 0.00577452 -0.000492432 0.00475327 0.0142539 0.000738807 0.000405993 4.67057e-05 0.105655 0.0033052 8.77465 2.90109 100.134 24.42 1132.39 99.08 1241.3 109.715 1241.3 109.715 0.555867 0.0142287 
200 0.27 356800000 543.856 21.6469 -55.9219 0.904673 3477.95 106.792 1.69862e+07 1.04082e+06 -0.0034449 0.00577452 -0.000492432 0.00475327 0.0142539 0.000738807 0.000405993 4.67057e-05 0.105655 0.0033052 8.77465 2.90109 100.134 24.42 1132.39 99.08 1241.3 109.715 1241.3 109.715 0.555867 0.0142287 
200 0.27 357600000 543.856 21.6469 -55.9219 0.902578 3477.95 106.552 1.69862e+07 1.03859e+06 -0.0034449 0.00577452 -0.000492432 0.00475327 0.0142539 0.000738807 0.000405993 4.67057e-05 0.105655 0.0033052 8.77465 2.88824 100.134 24.3132 1132.39 99.08 1241.3 109.715 1241.3 109.715 0.555867 0.0141698 
200 0.27 358400000 543.856 21.6469 -55.9219 0.901416 3477.95 106.407 1.69862e+07 1.03674e+06 -0.0034449 0.00577452 -0.000492432 0.00475327 0.0142539 0.000738807 0.000405993 4.67057e-05 0.105655 0.0033052 8.77465 2.88824 100.134 24.3132 1132.39 99.08 1241.3 109.715 1241.3 109.715 0.555867 0.0141698 
200 0.27 359200000 543.856 21.6469 -55.9219 0.900049 3477.95 106.247 1.69862e+07 1.03486e+06 -0.0034449 0.00577452 -0.000492432 0.00475327 0.0142539 0.000738807 0.000405993 4.67057e-05 0.105655 0.0033052 8.77465 2.88824 100.134 24.204 1132.39 99.08 1241.3 109.715 1241.3 109.715 0.555867 0.0141698 
200 0.27 360000000 543.856 21.6469 -55.9219 0.898106 3477.95 106.006 1.69862e+07 1.03247e+06 -0.0034449 0.00577452 -0.000492432 0.00475327 0.0142539 0.000738807 0.000405993 4.67057e-05 0.105655 0.0033052 8.77465 2.88824 100.134 24.204 1132.39 99.08 1241.3 109.715 1241.3 109.715 0.555867 0.0141698 
200 0.27 360800000 543.856 21.3515 -55.9219 0.896231 3477.95 105.797 1.69862e+07 1.03043e+06 -0.0034449 0.00577452 -0.000492432 0.00475327 0.0142539 0.000738807 0.000405993 4.59011e-05 0.105655 0.0033052 8.77465 2.87415 100.134 24.0933 1132.39 99.08 1241.3 109.715 1241.3 109.715 0.555867 0.014153 
200 0.27 361600000 543.856 21.3515 -55.9219 0.894501 3477.95 105.604 1.69862e+07 1.02847e+06 -0.0034449 0.00577452 -0.000492432 0.00475327 0.0142539 0.000738807 0.000405993 4.59011e-05 0.105655 0.0033052 8.77465 2.87415 100.134 24.0933 1132.39 99.08 1241.3 109.715 1241.3 109.715 0.555867 0.014153 
200 0.27 362400000 543.856 21.3515 -55.9219 0.892607 3477.95 105.368 1.69862e+07 1.0261e+06 -0.0034449 0.00577452 -0.000492432 0.00475327 0.0142539 0.000738807 0.000405993 4.59011e-05 0.105655 0.0033052 8.77465 2.87415 100.134 23.9851 1132.39 99.08 1241.3 109.715 1241.3 109.715 0.555867 0.014153 
200 0.27 363200000 543.856 21.3515 -55.9219 0.894107 3477.95 105.685 1.69862e+07 1.03024e+06 -0.0034449 0.00577452 -0.000492432 0.00475327 0.0142539 0.000738807 0.000405993 4.59011e-05 0.105655 0.0033052 8.77465 2.87415 100.134 23.9851 1132.39 99.08 1241.3 109.715 1241.3 109.715 0.555867 0.014153 
200 0.27 364000000 543.856 21.3515 -55.9219 0.892621 3477.95 105.491 1.69862e+07 1.02799e+06 -0.0034449 0.00577452 -0.000492432 0.00475327 0.0142539 0.000738807 0.000405993 4.59011e-05 0.105655 0.0033052 8.77465 2.87415 100.134 23.8791 1132.39 99.08 1241.3 109.715 1241.3 109.715 0.555867 0.014153 
200 0.27 364800000 543.856 21.3515 -55.9219 0.890908 3477.95 105.3 1.69862e+07 1.02605e+06 -0.0034449 0.00577452 -0.000492432 0.00475327 0.0142539 0.000738807 0.000405993 4.59011e-05 0.105655 0.0033052 8.77465 2.87415 100.134 23.8791 1132.39 99.08 1241.3 109.715 1241.3 109.715 0.555867 0.014153 
200 0.27 365600000 543.856 21.3515 -55.9219 0.888883 3477.95 105.067 1.69862e+07 1.02388e+06 -0.0034449 0.00577452 -0.000492432 0.00475327 0.0142539 0.000738807 0.000405993 4.59011e-05 0.105655 0.0033052 8.77465 2.87415 100.134 23.7737 1132.39 99.08 1241.3 109.715 1241.3 109.715 0.555867 0.014153 
200 0.27 366400000 543.856 21.3515 -55.9219 0.891631 3477.95 105.661 1.69862e+07 1.03373e+06 -0.0034449 0.00577452 -0.000492432 0.00475327 0.0142539 0.000738807 0.000405993 4.59011e-05 0.105655 0.0033052 8.77465 2.87415 100.134 23.7737 1132.39 99.08 1241.3 109.715 1241.3 109.715 0.555867 0.014153 
200 0.27 367200000 543.856 21.3515 -55.9219 0.890801 3477.95 105.555 1.69862e+07 1.03209e+06 -0.0034449 0.00577452 -0.000492432 0.00475327 0.0142539 0.000738807 0.000405993 4.63646e-05 0.105655 0.0033052 8.77465 2.87415 100.134 23.6687 1132.39 99.08 1241.3 109.715 1241.3 109.715 0.555867 0.0139287 
200 0.27 368000000 543.856 21.3515 -55.9219 0.888937 3477.95 105.346 1.69862e+07 1.03008e+06 -0.0034449 0.00577452 -0.000492432 0.00475327 0.0142539 0.000738807 0.000405993 4.63646e-05 0.105655 0.0033052 8.77465 2.87415 100.134 23.6687 1132.39 99.08 1241.3 109.715 1241.3 109.715 0.555867 0.0139287 
200 0.27 368800000 543.856 21.3515 -55.9219 0.886962 3477.95 105.108 1.69862e+07 1.0278e+06 -0.0034449 0.00577452 -0.000492432 0.00475327 0.0142539 0.000738807 0.000405993 4.63646e-05 0.105655 0.0033052 8.77465 2.87415 100.134 23.5657 1132.39 99.08 1241.3 109.715 1241.3 109.715 0.555867 0.0139287 
200 0.27 369600000 543.856 21.3515 -55.9219 0.885085 3477.95 104.875 1.69862e+07 1.02548e+06 -0.0034449 0.00577452 -0.000492432 0.00475327 0.0142539 0.000738807 0.000405993 4.63646e-05 0.105655 0.0033052 8.77465 2.87415 100.134 23.5657 1132.39 99.08 1241.3 109.715 1241.3 109.715 0.555867 0.0139287 
200 0.27 370400000 543.856 21.3515 -55.9219 0.884055 3477.95 104.743 1.69862e+07 1.02373e+06 -0.0034449 0.00577452 -0.000492432 0.00475327 0.0142539 0.000738807 0.000405993 4.63646e-05 0.105655 0.0033052 8.77465 2.87415 100.134 23.462 1132.39 99.08 1241.3 109.715 1241.3 109.715 0.555867 0.0139051 
200 0.27 371200000 543.856 21.3515 -55.9219 0.882069 3477.95 104.509 1.69862e+07 1.02155e+06 -0.0034449 0.00577452 -0.000492432 0.00475327 0.0142539 0.000738807 0.000405993 4.63646e-05 0.105655 0.0033052 8.77465 2.87415 100.134 23.462 1132.39 99.08 1241.3 109.715 1241.3 109.715 0.555867 0.0139051 
200 0.27 372000000 543.856 21.3515 -55.9219 0.880322 3477.95 104.314 1.69862e+07 1.01962e+06 -0.0034449 0.00577452 -0.000492432 0.00475327 0.0142539 0.000738807 0.000405993 4.63646e-05 0.105655 0.0033052 8.77465 2.87415 100.134 23.3602 1132.39 99.08 1241.3 109.715 1241.3 109.715 0.555867 0.0139051 
200 0.27 372800000 543.856 21.3515 -55.9219 0.878493 3477.95 104.109 1.69862e+07 1.01765e+06 -0.0034449 0.00577452 -0.000492432 0.00475327 0.0142539 0.000738807 0.000405993 4.63646e-05 0.105655 0.0033052 8.77465 2.87415 100.134 23.3602 1132.39 99.08 1241.3 109.715 1241.3 109.715 0.555867 0.0139051 
200 0.27 373600000 545.362 20.5791 -55.9581 0.877177 3476.02 103.955 1.69241e+07 1.01587e+06 -0.00360855 0.00500432 -0.00180454 0.00415163 0.0142587 0.00070647 0.000411457 4.5556e-05 0.105374 0.00285744 8.56543 2.75878 103.827 23.2598 1147.3 93.1175 1259.69 103.634 1259.69 103.634 0.560392 0.0141082 
200 0.27 374400000 545.362 20.5791 -55.9581 0.875861 3476.02 103.781 1.69241e+07 1.01378e+06 -0.00360855 0.00500432 -0.00180454 0.00415163 0.0142587 0.00070647 0.000411457 4.5556e-05 0.105374 0.00285744 8.56543 2.75856 103.827 23.2598 1147.3 93.1175 1259.69 103.634 1259.69 103.634 0.560392 0.0141082 
200 0.27 375200000 545.362 20.5791 -55.9581 0.875089 3476.02 103.667 1.69241e+07 1.0121e+06 -0.00360855 0.00500432 -0.00180454 0.00414018 0.0142587 0.000703443 0.000411457 4.5556e-05 0.105374 0.00285744 8.56543 2.74657 103.827 23.1601 1147.3 93.1175 1259.69 103.408 1259.69 103.408 0.560392 0.0141082 
200 0.27 376000000 545.362 20.5791 -55.9581 0.873618 3476.02 103.476 1.69241e+07 1.00993e+06 -0.00360855 0.00500432 -0.00180454 0.00414018 0.0142587 0.000703443 0.000411457 4.5556e-05 0.105374 0.00285744 8.56543 2.74657 103.827 23.1601 1147.3 93.1175 1259.69 103.408 1259.69 103.408 0.560392 0.0141082 
200 0.27 376800000 545.362 20.5791 -55.9581 0.872208 3476.02 103.314 1.69241e+07 1.00815e+06 -0.00360855 0.00500432 -0.00180454 0.00414018 0.0142587 0.000700415 0.000411457 4.5556e-05 0.105374 0.00285744 8.56543 2.73441 103.827 23.0611 1147.3 93.1175 1259.69 103.408 1259.69 103.408 0.560392 0.0141082 
200 0.27 377600000 545.362 20.5791 -55.9581 0.87222 3476.02 103.245 1.69241e+07 1.00656e+06 -0.00360855 0.00500432 -0.00180454 0.00414018 0.0142587 0.000700415 0.000411457 4.5556e-05 0.105374 0.00285744 8.56543 2.73421 103.827 23.0611 1147.3 93.1175 1259.69 103.408 1259.69 103.408 0.560392 0.0141082 
200 0.27 378400000 545.362 20.5791 -55.9581 0.870395 3476.02 103.04 1.69241e+07 1.00461e+06 -0.00360855 0.00500432 -0.00180454 0.00414018 0.0142587 0.000697814 0.000411457 4.5556e-05 0.105374 0.00285744 8.56543 2.72237 103.827 22.9621 1147.3 93.1175 1259.69 103.408 1259.69 103.408 0.560392 0.0141082 
200 0.27 379200000 545.362 20.5791 -55.9581 0.869314 3476.02 102.905 1.69241e+07 1.00292e+06 -0.00360855 0.00500432 -0.00180454 0.00414018 0.0142587 0.000697814 0.000411457 4.5556e-05 0.105374 0.00285744 8.56543 2.72237 103.827 22.9621 1147.3 93.1175 1259.69 103.408 1259.69 103.408 0.560392 0.0141082 
200 0.27 380000000 545.362 20.3438 -55.9581 0.870585 3476.02 102.887 1.69241e+07 1.00137e+06 -0.00360855 0.00500432 -0.00180454 0.00412274 0.0142587 0.000694754 0.000411457 4.49231e-05 0.105374 0.00285744 8.56543 2.71046 103.827 22.8638 1147.3 93.1175 1259.69 103.408 1259.69 103.408 0.560392 0.0139952 
200 0.27 380800000 545.362 20.3438 -55.9581 0.868689 3476.02 102.669 1.69241e+07 999349 -0.00360855 0.00500432 -0.00180454 0.00412274 0.0142587 0.000694754 0.000411457 4.49231e-05 0.105374 0.00285744 8.56543 2.71024 103.827 22.8638 1147.3 93.1175 1259.69 103.408 1259.69 103.408 0.560392 0.0139952 
200 0.27 381600000 545.362 20.3438 -55.9581 0.867445 3476.02 102.522 1.69241e+07 997641 -0.00360855 0.00500432 -0.00180454 0.00412274 0.0142587 0.000692282 0.000411457 4.49231e-05 0.105374 0.00285744 8.56543 2.69866 103.827 22.7863 1147.3 93.1175 1259.69 103.408 1259.69 103.408 0.560392 0.0139952 
200 0.27 382400000 545.362 20.3438 -55.9581 0.866085 3476.02 102.366 1.69241e+07 995911 -0.00360855 0.00500432 -0.00180454 0.00412274 0.0142587 0.000692282 0.000411457 4.49231e-05 0.105374 0.00285744 8.56543 2.69851 103.827 22.7863 1147.3 93.1175 1259.69 103.408 1259.69 103.408 0.560392 0.0139952 
200 0.27 383200000 545.362 20.3438 -55.9581 0.864409 3476.02 102.178 1.69241e+07 994077 -0.00360855 0.00500432 -0.00180454 0.00412274 0.0142587 0.000689607 0.000411457 4.49231e-05 0.105374 0.00285744 8.56543 2.68694 103.827 22.6904 1147.3 93.1175 1259.69 103.408 1259.69 103.408 0.560392 0.0139034 
200 0.27 384000000 545.362 20.3438 -55.9581 0.863488 3476.02 102.056 1.69241e+07 992438 -0.00360855 0.00500432 -0.00180454 0.00412274 0.0142587 0.000689607 0.000411457 4.49231e-05 0.105374 0.00285744 8.56543 2.6867 103.827 22.6904 1147.3 93.1175 1259.69 103.408 1259.69 103.408 0.560392 0.0139034 
200 0.27 384800000 545.362 20.3438 -55.9581 0.861933 3476.02 101.857 1.69241e+07 990309 -0.00360855 0.00500432 -0.00180454 0.00412274 0.0142587 0.00068814 0.000411457 4.49231e-05 0.105374 0.00285744 8.56543 2.6861 103.827 22.5957 1147.3 93.1175 1259.69 103.408 1259.69 103.408 0.560392 0.0139034 
200 0.27 385600000 545.362 20.3438 -55.9581 0.860303 3476.02 101.65 1.69241e+07 988173 -0.00360855 0.00500432 -0.00180454 0.00412274 0.0142587 0.00068814 0.000411457 4.49231e-05 0.105374 0.00285744 8.56543 2.6861 103.827 22.5957 1147.3 93.1175 1259.69 103.408 1259.69 103.408 0.560392 0.0139034 
200 0.27 386400000 545.362 20.006 -55.9581 0.859671 3476.02 101.572 1.69241e+07 986844 -0.00360855 0.00500432 -0.00180454 0.00412274 0.0142587 0.000686354 0.000411457 4.4304e-05 0.105374 0.00285744 8.56543 2.66385 103.827 22.5013 1147.3 93.1175 1259.69 103.408 1259.69 103.408 0.560392 0.0137869 
200 0.27 387200000 545.362 20.006 -55.9581 0.85792 3476.02 101.375 1.69241e+07 984983 -0.00360855 0.00500432 -0.00180454 0.00412274 0.0142587 0.000686354 0.000411457 4.4304e-05 0.105374 0.00285744 8.56543 2.66361 103.827 22.5013 1147.3 93.1175 1259.69 103.408 1259.69 103.408 0.560392 0.0137869 
200 0.27 388000000 545.362 20.006 -55.9581 0.85609 3476.02 101.158 1.69241e+07 982940 -0.00360855 0.00500432 -0.00180454 0.00412274 0.0142587 0.0006849 0.000411457 4.4304e-05 0.105374 0.00285744 8.56543 2.65243 103.827 22.4076 1147.3 93.1175 1259.69 103.408 1259.69 103.408 0.560392 0.0137869 
200 0.27 388800000 545.362 20.006 -55.9581 0.855158 3476.02 101.036 1.69241e+07 981339 -0.00360855 0.00500432 -0.00180454 0.00412274 0.0142587 0.0006849 0.000411457 4.4304e-05 0.105374 0.00285744 8.56543 2.65218 103.827 22.4076 1147.3 93.1175 1259.69 103.408 1259.69 103.408 0.560392 0.0137869 
200 0.27 389600000 545.362 20.006 -55.9581 0.853789 3476.02 100.858 1.69241e+07 979319 -0.00360855 0.00500432 -0.00180454 0.00412274 0.0142587 0.000682406 0.000411457 4.4304e-05 0.105374 0.00285744 8.56543 2.6411 103.827 22.3138 1147.3 93.1175 1259.69 103.408 1259.69 103.408 0.560392 0.0140839 
200 0.27 390400000 545.362 20.006 -55.9581 0.852366 3476.02 100.697 1.69241e+07 977626 -0.00360855 0.00500432 -0.00180454 0.00412274 0.0142587 0.000682406 0.000411457 4.4304e-05 0.105374 0.00285744 8.56543 2.64086 103.827 22.3138 1147.3 93.1175 1259.69 103.408 1259.69 103.408 0.560392 0.0140839 
200 0.27 391200000 545.362 20.006 -55.9581 0.850568 3476.02 100.483 1.69241e+07 975608 -0.00360855 0.00500432 -0.00180454 0.00412274 0.0142587 0.000680354 0.000411457 4.4304e-05 0.105374 0.00285744 8.56543 2.63561 103.827 22.2208 1147.3 93.1175 1259.69 103.408 1259.69 103.408 0.560392 0.0140839 
200 0.27 392000000 545.362 20.006 -55.9581 0.850244 3476.02 100.401 1.69241e+07 974094 -0.00360855 0.00500432 -0.00180454 0.00412274 0.0142587 0.000680354 0.000411457 4.4304e-05 0.105374 0.00285744 8.56543 2.63561 103.827 22.2208 1147.3 93.1175 1259.69 103.408 1259.69 103.408 0.560392 0.0140839 
200 0.27 392800000 545.362 19.7219 -55.9581 0.848647 3476.02 100.199 1.69241e+07 972031 -0.00360855 0.00500432 -0.00180454 0.00412274 0.0142587 0.00067819 0.000411457 4.36562e-05 0.105374 0.00285744 8.56543 2.63561 103.827 22.1297 1147.3 93.1175 1259.69 103.408 1259.69 103.408 0.560392 0.0140198 
200 0.27 393600000 545.362 19.7219 -55.9581 0.848434 3476.02 100.123 1.69241e+07 970536 -0.00360855 0.00500432 -0.00180454 0.00412274 0.0142587 0.00067819 0.000411457 4.36562e-05 0.105374 0.00285744 8.56543 2.63561 103.827 22.1297 1147.3 93.1175 1259.69 103.408 1259.69 103.408 0.560392 0.0140198 
200 0.27 394400000 545.362 19.7219 -55.9581 0.847314 3476.02 99.989 1.69241e+07 968941 -0.00360855 0.00500432 -0.00180454 0.00412274 0.0142587 0.00067543 0.000411457 4.36562e-05 0.105374 0.00285744 8.56543 2.63561 103.827 22.0364 1147.3 93.1175 1259.69 103.408 1259.69 103.408 0.560392 0.0140198 
200 0.27 395200000 545.362 19.7219 -55.9581 0.847177 3476.02 99.9169 1.69241e+07 967460 -0.00360855 0.00500432 -0.00180454 0.00412274 0.0142587 0.00067543 0.000411457 4.36562e-05 0.105374 0.00285744 8.56543 2.63561 103.827 22.0364 1147.3 93.1175 1259.69 103.408 1259.69 103.408 0.560392 0.0140198 
200 0.27 396000000 545.362 19.7219 -55.9581 0.846635 3476.02 99.8224 1.69241e+07 965952 -0.00360855 0.00500432 -0.00180454 0.00412274 0.0142587 0.000674991 0.000411457 4.36562e-05 0.105374 0.00285744 8.56543 2.63561 103.827 21.9466 1147.3 93.1175 1259.69 103.408 1259.69 103.408 0.560392 0.0139768 
200 0.27 396800000 545.362 19.7219 -55.9581 0.844861 3476.02 99.6168 1.69241e+07 964050 -0.00360855 0.00500432 -0.00180454 0.00412274 0.0142587 0.000674991 0.000411457 4.36562e-05 0.105374 0.00285744 8.56543 2.63561 103.827 21.9466 1147.3 93.1175 1259.69 103.408 1259.69 103.408 0.560392 0.0139768 
200 0.27 397600000 545.362 19.7219 -55.9581 0.844026 3476.02 99.5075 1.69241e+07 962497 -0.00360855 0.00500432 -0.00180454 0.00412274 0.0142587 0.000672321 0.000411457 4.36562e-05 0.105374 0.00285744 8.56543 2.63561 103.827 21.858 1147.3 93.1175 1259.69 103.408 1259.69 103.408 0.560392 0.0139768 
200 0.27 398400000 545.362 19.7219 -55.9581 0.84239 3476.02 99.3247 1.69241e+07 960757 -0.00360855 0.00500432 -0.00180454 0.00412274 0.0142587 0.000672321 0.000411457 4.36562e-05 0.105374 0.00285744 8.56543 2.63561 103.827 21.858 1147.3 93.1175 1259.69 103.408 1259.69 103.408 0.560392 0.0139768 
200 0.27 399200000 544.621 19.5262 -55.5232 0.841287 3422.55 99.1794 1.64354e+07 958963 -0.00508815 0.00500432 -0.000756052 0.00412274 0.0140441 0.000669567 0.000396687 4.31215e-05 0.104813 0.00285744 8.45373 2.5753 99.856 21.7698 1157.13 87.427 1265.44 99.1071 1265.44 99.1071 0.560388 0.0138637 
200 0.27 400000000 544.621 19.5262 -55.5232 0.839616 3422.55 98.9917 1.64354e+07 957202 -0.00508815 0.00500432 -0.000756052 0.00412274 0.0140441 0.000669567 0.000396687 4.31215e-05 0.104813 0.00285744 8.45373 2.57505 99.856 21.7698 1157.13 87.427 1265.44 99.1071 1265.44 99.1071 0.560388 0.0138637 
200 0.27 400800000 544.621 19.5262 -55.5232 0.838439 3422.55 98.8542 1.64354e+07 955637 -0.00508815 0.00500432 -0.000756052 0.00412274 0.0140441 0.000666815 0.000396687 4.31215e-05 0.104813 0.00285744 8.45373 2.56462 99.856 21.6819 1157.13 87.427 1265.44 98.7057 1265.44 98.7057 0.560388 0.0138637 
200 0.27 401600000 544.621 19.5262 -55.5232 0.837116 3422.55 98.6825 1.64354e+07 953720 -0.00508815 0.00500432 -0.000756052 0.00412274 0.0140441 0.000666815 0.000396687 4.31215e-05 0.104813 0.00285744 8.45373 2.56437 99.856 21.6819 1157.13 87.427 1265.44 98.7057 1265.44 98.7057 0.560388 0.0138637 
200 0.27 402400000 544.621 19.5262 -55.5232 0.835444 3422.55 98.494 1.64354e+07 951963 -0.00508815 0.00500432 -0.000756052 0.00412274 0.0140441 0.000664788 0.000396687 4.31215e-05 0.104813 0.00285744 8.45373 2.55407 99.856 21.5951 1157.13 87.427 1265.44 98.4122 1265.44 98.4122 0.560388 0.0137492 
200 0.27 403200000 544.621 19.5262 -55.5232 0.835973 3422.55 98.6106 1.64354e+07 952965 -0.00508815 0.00500432 -0.000756052 0.00412274 0.0140441 0.000664788 0.000396687 4.31215e-05 0.104813 0.00285744 8.45373 2.55386 99.856 21.5951 1157.13 87.427 1265.44 98.4122 1265.44 98.4122 0.560388 0.0137492 
200 0.27 404000000 544.621 19.5262 -55.5232 0.835587 3422.55 98.5275 1.64354e+07 951526 -0.00508815 0.00500432 -0.000756052 0.00412274 0.0140441 0.000662596 0.000396687 4.31215e-05 0.104813 0.00285744 8.45373 2.54358 99.856 21.5091 1157.13 87.427 1265.44 98.1188 1265.44 98.1188 0.560388 0.0137492 
200 0.27 404800000 544.621 19.5262 -55.5232 0.834224 3422.55 98.3741 1.64354e+07 949934 -0.00508815 0.00500432 -0.000756052 0.00412274 0.0140441 0.000662596 0.000396687 4.31215e-05 0.104813 0.00285744 8.45373 2.54338 99.856 21.5091 1157.13 87.427 1265.44 98.1188 1265.44 98.1188 0.560388 0.0137492 
200 0.27 405600000 544.621 19.2061 -55.5232 0.834198 3422.55 98.3912 1.64354e+07 949649 -0.00508815 0.00500432 -0.000756052 0.00412274 0.0140441 0.000660265 0.000396687 4.24398e-05 0.104813 0.00285744 8.45373 2.53318 99.856 21.4232 1157.13 87.427 1265.44 97.8091 1265.44 97.8091 0.560388 0.0137319 
200 0.27 406400000 544.621 19.2061 -55.5232 0.832759 3422.55 98.2304 1.64354e+07 948038 -0.00508815 0.00500432 -0.000756052 0.00412274 0.0140441 0.000660265 0.000396687 4.24398e-05 0.104813 0.00285744 8.45373 2.533 99.856 21.4232 1157.13 87.427 1265.44 97.8091 1265.44 97.8091 0.560388 0.0137319 
200 0.27 407200000 544.621 19.2061 -55.5232 0.834593 3422.55 98.6138 1.64354e+07 953687 -0.00508815 0.00500432 -0.000756052 0.00412274 0.0140441 0.000657587 0.000396687 4.24398e-05 0.104813 0.00285744 8.45373 2.52288 99.856 21.3361 1157.13 87.427 1265.44 97.4741 1265.44 97.4741 0.560388 0.0137319 
200 0.27 408000000 544.621 19.2061 -55.5232 0.833042 3422.55 98.4403 1.64354e+07 952022 -0.00508815 0.00500432 -0.000756052 0.00412274 0.0140441 0.000657587 0.000396687 4.24398e-05 0.104813 0.00285744 8.45373 2.52273 99.856 21.3361 1157.13 87.427 1265.44 97.4741 1265.44 97.4741 0.560388 0.0137319 
200 0.27 408800000 544.621 19.2061 -55.5232 0.834584 3422.55 98.4356 1.64354e+07 950669 -0.00508815 0.00500432 -0.000756052 0.00412274 0.0140441 0.000655396 0.000396687 4.24398e-05 0.104813 0.00285744 8.45373 2.51263 99.856 21.2507 1157.13 87.427 1265.44 97.1262 1265.44 97.1262 0.560388 0.0136368 
200 0.27 409600000 544.621 19.2061 -55.5232 0.836682 3422.55 98.8792 1.64354e+07 957608 -0.00508815 0.00500432 -0.000756052 0.00412274 0.0140441 0.000655396 0.000396687 4.24398e-05 0.104813 0.00285744 8.45373 2.51248 99.856 21.2507 1157.13 87.427 1265.44 97.1262 1265.44 97.1262 0.560388 0.0136368 
200 0.27 410400000 544.621 19.2061 -55.5232 0.835776 3422.55 98.7633 1.64354e+07 956126 -0.00508815 0.00500432 -0.000756052 0.00412274 0.0140441 0.000652918 0.000396687 4.24398e-05 0.104813 0.00285744 8.45373 2.50819 99.856 21.1674 1157.13 87.427 1265.44 96.8539 1265.44 96.8539 0.560388 0.0136368 
200 0.27 411200000 544.621 19.2061 -55.5232 0.841496 3422.55 100.164 1.64354e+07 991717 -0.00508815 0.00500432 -0.000756052 0.00412274 0.0140441 0.000652918 0.000396687 4.24398e-05 0.104813 0.00285744 8.45373 2.50819 99.856 21.1674 1157.13 87.427 1265.44 96.8539 1265.44 96.8539 0.560388 0.0136368 
200 0.27 412000000 544.621 18.94 -55.5232 0.841255 3422.55 100.143 1.64354e+07 990952 -0.00508815 0.00500432 -0.000756052 0.00412274 0.0140441 0.000651299 0.000396687 4.18977e-05 0.104813 0.00285744 8.45373 2.49914 99.856 21.0848 1157.13 87.427 1265.44 96.6735 1265.44 96.6735 0.560388 0.0135293 
200 0.27 412800000 544.621 18.94 -55.5232 0.839564 3422.55 99.9429 1.64354e+07 989052 -0.00508815 0.00500432 -0.000756052 0.00412274 0.0140441 0.000651299 0.000396687 4.18977e-05 0.104813 0.00285744 8.45373 2.49914 99.856 21.0848 1157.13 87.427 1265.44 96.6735 1265.44 96.6735 0.560388 0.0135293 
200 0.27 413600000 544.621 18.94 -55.5232 0.839293 3422.55 99.8649 1.64354e+07 987583 -0.00508815 0.00500432 -0.000756052 0.00412274 0.0140441 0.000649848 0.000396687 4.18977e-05 0.104813 0.00285744 8.45373 2.49914 99.856 21.0023 1157.13 87.427 1265.44 96.6735 1265.44 96.6735 0.560388 0.0135293 
200 0.27 414400000 544.621 18.94 -55.5232 0.839011 3422.55 99.7863 1.64354e+07 986117 -0.00508815 0.00500432 -0.000756052 0.00412274 0.0140441 0.000649848 0.000396687 4.18977e-05 0.104813 0.00285744 8.45373 2.49914 99.856 21.0023 1157.13 87.427 1265.44 96.6735 1265.44 96.6735 0.560388 0.0135293 
200 0.27 415200000 544.621 18.94 -55.5232 0.837414 3422.55 99.5889 1.64354e+07 984158 -0.00508815 0.00500432 -0.000756052 0.00412274 0.0140441 0.0006484 0.000396687 4.18977e-05 0.104813 0.00285744 8.45373 2.49914 99.856 20.9209 1157.13 87.427 1265.44 96.6735 1265.44 96.6735 0.560388 0.0134934 
200 0.27 416000000 544.621 18.94 -55.5232 0.83606 3422.55 99.413 1.64354e+07 982219 -0.00508815 0.00500432 -0.000756052 0.00412274 0.0140441 0.0006484 0.000396687 4.18977e-05 0.104813 0.00285744 8.45373 2.49914 99.856 20.9209 1157.13 87.427 1265.44 96.6735 1265.44 96.6735 0.560388 0.0134934 
200 0.27 416800000 544.621 18.94 -55.5232 0.836458 3422.55 99.5034 1.64354e+07 982841 -0.00508815 0.00500432 -0.000756052 0.00412274 0.0140441 0.000645869 0.000396687 4.18977e-05 0.104813 0.00285744 8.45373 2.49914 99.856 20.84 1157.13 87.427 1265.44 96.6735 1265.44 96.6735 0.560388 0.0134934 
200 0.27 417600000 544.621 18.94 -55.5232 0.835156 3422.55 99.3332 1.64354e+07 980929 -0.00508815 0.00500432 -0.000756052 0.00412274 0.0140441 0.000645869 0.000396687 4.18977e-05 0.104813 0.00285744 8.45373 2.49914 99.856 20.84 1157.13 87.427 1265.44 96.6735 1265.44 96.6735 0.560388 0.0134934 
200 0.27 418400000 544.621 18.9107 -55.5232 0.833784 3422.55 99.1781 1.64354e+07 979317 -0.00508815 0.00500432 -0.000756052 0.00412274 0.0140441 0.000643943 0.000396687 4.12736e-05 0.104813 0.00285744 8.45373 2.49914 99.856 20.7602 1157.13 87.427 1265.44 96.6735 1265.44 96.6735 0.560388 0.0133929 
200 0.27 419200000 544.621 18.9107 -55.5232 0.832137 3422.55 98.9826 1.64354e+07 977458 -0.00508815 0.00500432 -0.000756052 0.00412274 0.0140441 0.000643943 0.000396687 4.12736e-05 0.104813 0.00285744 8.45373 2.49914 99.856 20.7602 1157.13 87.427 1265.44 96.6735 1265.44 96.6735 0.560388 0.0133929 
200 0.27 420000000 544.621 18.9107 -55.5232 0.833439 3422.55 99.2518 1.64354e+07 980963 -0.00508815 0.00500432 -0.000756052 0.00412274 0.0140441 0.000641563 0.000396687 4.12736e-05 0.104813 0.00285744 8.45373 2.49914 99.856 20.68 1157.13 87.427 1265.44 96.6735 1265.44 96.6735 0.560388 0.0133929 
200 0.27 420800000 544.621 18.9107 -55.5232 0.831908 3422.55 99.0604 1.64354e+07 979032 -0.00508815 0.00500432 -0.000756052 0.00412274 0.0140441 0.000641563 0.000396687 4.12736e-05 0.104813 0.00285744 8.45373 2.49914 99.856 20.68 1157.13 87.427 1265.44 96.6735 1265.44 96.6735 0.560388 0.0133929 
200 0.27 421600000 544.621 18.9107 -55.5232 0.830512 3422.55 98.8809 1.64354e+07 977113 -0.00508815 0.00500432 -0.000756052 0.00412274 0.0140441 0.000640368 0.000396687 4.12736e-05 0.104813 0.00285744 8.45373 2.49914 99.856 20.601 1157.13 87.427 1265.44 96.6735 1265.44 96.6735 0.560388 0.0132885 
200 0.27 422400000 544.621 18.9107 -55.5232 0.830002 3422.55 98.7917 1.64354e+07 975678 -0.00508815 0.00500432 -0.000756052 0.00412274 0.0140441 0.000640368 0.000396687 4.12736e-05 0.104813 0.00285744 8.45373 2.49914 99.856 20.601 1157.13 87.427 1265.44 96.6735 1265.44 96.6735 0.560388 0.0132885 
200 0.27 423200000 544.621 18.9107 -55.5232 0.828611 3422.55 98.613 1.64354e+07 973772 -0.00508815 0.00500432 -0.000756052 0.00412274 0.0140441 0.000638376 0.000396687 4.12736e-05 0.104813 0.00285744 8.45373 2.49914 99.856 20.523 1157.13 87.427 1265.44 96.6735 1265.44 96.6735 0.560388 0.0132885 
200 0.27 424000000 544.621 18.9107 -55.5232 0.82747 3422.55 98.4796 1.64354e+07 972253 -0.00508815 0.00500432 -0.000756052 0.00412274 0.0140441 0.000638376 0.000396687 4.12736e-05 0.104813 0.00285744 8.45373 2.49914 99.856 20.523 1157.13 87.427 1265.44 96.6735 1265.44 96.6735 0.560388 0.0132885 
200 0.27 424800000 541.488 18.4146 -55.7437 0.826166 3456.82 98.3316 1.69002e+07 970692 -0.00499326 0.00456634 -0.0017947 0.00385315 0.013907 0.000646705 0.000388598 4.06486e-05 0.104228 0.00272043 8.26794 2.41477 94.9375 20.4452 1144.71 83.5824 1247.91 94.5785 1247.91 94.5785 0.561476 0.0131856 
200 0.27 425600000 541.488 18.4146 -55.7437 0.825301 3456.82 98.2197 1.69002e+07 969233 -0.00499326 0.00456634 -0.0017947 0.00385315 0.013907 0.000646705 0.000388598 4.06486e-05 0.104228 0.00272043 8.26794 2.41477 94.9375 20.4452 1144.71 83.5824 1247.91 94.5785 1247.91 94.5785 0.561476 0.0131856 
200 0.27 426400000 541.488 18.4146 -55.7437 0.823892 3456.82 98.0399 1.69002e+07 967349 -0.00499326 0.00456634 -0.0017947 0.00385315 0.013907 0.000646705 0.000388598 4.06486e-05 0.104228 0.00272043 8.26794 2.40539 94.9375 20.366 1144.71 83.291 1247.91 94.2439 1247.91 94.2439 0.561476 0.0131856 
200 0.27 427200000 541.488 18.4146 -55.7437 0.822727 3456.82 97.8777 1.69002e+07 965517 -0.00499326 0.00456634 -0.0017947 0.00385315 0.013907 0.000646705 0.000388598 4.06486e-05 0.104228 0.00272043 8.26794 2.40539 94.9375 20.366 1144.71 83.291 1247.91 94.2439 1247.91 94.2439 0.561476 0.0131856 
200 0.27 428000000 541.488 18.4146 -55.7437 0.822115 3456.82 97.8092 1.69002e+07 964331 -0.00499326 0.00456634 -0.0017947 0.00385315 0.013907 0.000646705 0.000388598 4.06486e-05 0.104228 0.00272043 8.26794 2.39608 94.9375 20.2878 1144.71 83.3511 1247.91 94.2021 1247.91 94.2021 0.561476 0.0131805 
200 0.27 428800000 541.488 18.4146 -55.7437 0.820526 3456.82 97.6212 1.69002e+07 962551 -0.00499326 0.00456634 -0.0017947 0.00385315 0.013907 0.000646705 0.000388598 4.06486e-05 0.104228 0.00272043 8.26794 2.39608 94.9375 20.2878 1144.71 83.3511 1247.91 94.2021 1247.91 94.2021 0.561476 0.0131805 
200 0.27 429600000 541.488 18.4146 -55.7437 0.819051 3456.82 97.437 1.69002e+07 960697 -0.00499326 0.00456634 -0.0017947 0.00385315 0.013907 0.000646705 0.000388598 4.06486e-05 0.104228 0.00272043 8.26794 2.38689 94.9375 20.2114 1144.71 83.136 1247.91 93.9466 1247.91 93.9466 0.561476 0.0131805 
200 0.27 430400000 541.488 18.4146 -55.7437 0.817806 3456.82 97.2707 1.69002e+07 959086 -0.00499326 0.00456634 -0.0017947 0.00385315 0.013907 0.000646705 0.000388598 4.06486e-05 0.104228 0.00272043 8.26794 2.38689 94.9375 20.2114 1144.71 83.136 1247.91 93.9466 1247.91 93.9466 0.561476 0.0131805 
200 0.27 431200000 541.488 18.8681 -55.7437 0.816612 3456.82 97.1527 1.69002e+07 957645 -0.00499326 0.00456634 -0.0017947 0.00380921 0.013907 0.000646705 0.000388598 4.01658e-05 0.104228 0.00272043 8.26794 2.37776 94.9375 20.1358 1144.71 82.9177 1247.91 93.6889 1247.91 93.6889 0.561476 0.0131452 
200 0.27 432000000 541.488 18.8681 -55.7437 0.815114 3456.82 96.9829 1.69002e+07 956019 -0.00499326 0.00456634 -0.0017947 0.00380921 0.013907 0.000646705 0.000388598 4.01658e-05 0.104228 0.00272043 8.26794 2.37776 94.9375 20.1358 1144.71 82.9177 1247.91 93.6889 1247.91 93.6889 0.561476 0.0131452 
200 0.27 432800000 541.488 18.8681 -55.7437 0.814536 3456.82 96.892 1.69002e+07 954640 -0.00499326 0.00456634 -0.0017947 0.00380921 0.013907 0.000646705 0.000388598 4.01658e-05 0.104228 0.00272043 8.26794 2.3687 94.9375 20.0612 1144.71 82.8404 1247.91 93.33 1247.91 93.33 0.561476 0.0131452 
200 0.27 433600000 541.488 18.8681 -55.7437 0.814188 3456.82 96.8149 1.69002e+07 953286 -0.00499326 0.00456634 -0.0017947 0.00380921 0.013907 0.000646705 0.000388598 4.01658e-05 0.104228 0.00272043 8.26794 2.3687 94.9375 20.0612 1144.71 82.8404 1247.91 93.33 1247.91 93.33 0.561476 0.0131452 
200 0.27 434400000 541.488 18.8681 -55.7437 0.813392 3456.82 96.7084 1.69002e+07 951806 -0.00499326 0.00456634 -0.0017947 0.00380921 0.013907 0.000646705 0.000388598 4.01658e-05 0.104228 0.00272043 8.26794 2.35971 94.9375 19.987 1144.71 82.8404 1247.91 93.0773 1247.91 93.0773 0.561476 0.0130599 
200 0.27 435200000 541.488 18.8681 -55.7437 0.812124 3456.82 96.5649 1.69002e+07 950310 -0.00499326 0.00456634 -0.0017947 0.00380921 0.013907 0.000646705 0.000388598 4.01658e-05 0.104228 0.00272043 8.26794 2.35971 94.9375 19.987 1144.71 82.8404 1247.91 93.0773 1247.91 93.0773 0.561476 0.0130599 
200 0.27 436000000 541.488 18.8681 -55.7437 0.81342 3456.82 96.5552 1.69002e+07 949028 -0.00499326 0.00456634 -0.0017947 0.00380921 0.013907 0.000646705 0.000388598 4.01658e-05 0.104228 0.00272043 8.26794 2.35491 94.9375 19.9133 1144.71 82.8404 1247.91 92.8342 1247.91 92.8342 0.561476 0.0130599 
200 0.27 436800000 541.488 18.8681 -55.7437 0.811927 3456.82 96.3856 1.69002e+07 947419 -0.00499326 0.00456634 -0.0017947 0.00380921 0.013907 0.000646705 0.000388598 4.01658e-05 0.104228 0.00272043 8.26794 2.35491 94.9375 19.9133 1144.71 82.8404 1247.91 92.8342 1247.91 92.8342 0.561476 0.0130599 
200 0.27 437600000 541.488 18.586 -55.7437 0.810425 3456.82 96.2033 1.69002e+07 945656 -0.00499326 0.00456634 -0.0017947 0.0037621 0.013907 0.000646705 0.000388598 3.97102e-05 0.104228 0.00272043 8.26794 2.3419 94.9375 19.8395 1144.71 82.8404 1247.91 92.4843 1247.91 92.4843 0.561476 0.0130925 
200 0.27 438400000 541.488 18.586 -55.7437 0.808893 3456.82 96.0242 1.69002e+07 943971 -0.00499326 0.00456634 -0.0017947 0.0037621 0.013907 0.000646705 0.000388598 3.97102e-05 0.104228 0.00272043 8.26794 2.3419 94.9375 19.8395 1144.71 82.8404 1247.91 92.4843 1247.91 92.4843 0.561476 0.0130925 
200 0.27 439200000 541.488 18.586 -55.7437 0.807456 3456.82 95.862 1.69002e+07 942411 -0.00499326 0.00456634 -0.0017947 0.0037669 0.013907 0.000646705 0.000388598 3.97102e-05 0.104228 0.00272043 8.26794 2.33307 94.9375 19.7658 1144.71 82.8404 1247.91 92.2061 1247.91 92.2061 0.561476 0.0130925 
200 0.27 440000000 541.488 18.586 -55.7437 0.807034 3456.82 95.7271 1.69002e+07 940964 -0.00499326 0.00456634 -0.0017947 0.0037669 0.013907 0.000646705 0.000388598 3.97102e-05 0.104228 0.00272043 8.26794 2.33307 94.9375 19.7658 1144.71 82.8404 1247.91 92.2061 1247.91 92.2061 0.561476 0.0130925 
200 0.27 440800000 541.488 18.586 -55.7437 0.806811 3456.82 95.8417 1.69002e+07 941985 -0.00499326 0.00456634 -0.0017947 0.0037621 0.013907 0.000646705 0.000388598 3.97102e-05 0.104228 0.00272043 8.26794 2.32433 94.9375 19.6931 1144.71 82.8404 1247.91 92.2061 1247.91 92.2061 0.561476 0.0131476 
200 0.27 441600000 541.488 18.586 -55.7437 0.805314 3456.82 95.6619 1.69002e+07 940265 -0.00499326 0.00456634 -0.0017947 0.0037621 0.013907 0.000646705 0.000388598 3.97102e-05 0.104228 0.00272043 8.26794 2.32433 94.9375 19.6931 1144.71 82.8404 1247.91 92.2061 1247.91 92.2061 0.561476 0.0131476 
200 0.27 442400000 541.488 18.586 -55.7437 0.80396 3456.82 95.5095 1.69002e+07 938761 -0.00499326 0.00456634 -0.0017947 0.0037621 0.013907 0.000646705 0.000388598 3.97102e-05 0.104228 0.00272043 8.26794 2.31564 94.9375 19.6212 1144.71 82.8404 1247.91 92.6154 1247.91 92.6154 0.561476 0.0131476 
200 0.27 443200000 541.488 18.586 -55.7437 0.802924 3456.82 95.3722 1.69002e+07 937117 -0.00499326 0.00456634 -0.0017947 0.0037621 0.013907 0.000646705 0.000388598 3.97102e-05 0.104228 0.00272043 8.26794 2.31564 94.9375 19.6212 1144.71 82.8404 1247.91 92.6154 1247.91 92.6154 0.561476 0.0131476 
200 0.27 444000000 541.488 18.3111 -55.7437 0.801488 3456.82 95.2095 1.69002e+07 935566 -0.00499326 0.00456634 -0.0017947 0.00372678 0.013907 0.000646705 0.000388598 3.91411e-05 0.104228 0.00272043 8.26794 2.31538 94.9375 19.5495 1144.71 82.8404 1247.91 92.2849 1247.91 92.2849 0.561476 0.013193 
200 0.27 444800000 541.488 18.3111 -55.7437 0.799999 3456.82 95.033 1.69002e+07 933898 -0.00499326 0.00456634 -0.0017947 0.00372678 0.013907 0.000646705 0.000388598 3.91411e-05 0.104228 0.00272043 8.26794 2.31538 94.9375 19.5495 1144.71 82.8404 1247.91 92.2849 1247.91 92.2849 0.561476 0.013193 
200 0.27 445600000 541.488 18.3111 -55.7437 0.798598 3456.82 94.8749 1.69002e+07 932376 -0.00499326 0.00456634 -0.0017947 0.00372323 0.013907 0.000646705 0.000388598 3.91411e-05 0.104228 0.00272043 8.26794 2.31538 94.9375 19.4788 1144.71 82.8404 1247.91 92.2061 1247.91 92.2061 0.561476 0.013193 
200 0.27 446400000 541.488 18.3111 -55.7437 0.797127 3456.82 94.699 1.69002e+07 930702 -0.00499326 0.00456634 -0.0017947 0.00372323 0.013907 0.000646705 0.000388598 3.91411e-05 0.104228 0.00272043 8.26794 2.31538 94.9375 19.4788 1144.71 82.8404 1247.91 92.2061 1247.91 92.2061 0.561476 0.013193 
200 0.27 447200000 541.488 18.3111 -55.7437 0.797127 3456.82 94.7159 1.69002e+07 930444 -0.00499326 0.00456634 -0.0017947 0.00372323 0.013907 0.000646705 0.000388598 3.91411e-05 0.104228 0.00272043 8.26794 2.31538 94.9375 19.4087 1144.71 82.8404 1247.91 92.2061 1247.91 92.2061 0.561476 0.0130966 
200 0.27 448000000 541.488 18.3111 -55.7437 0.795717 3456.82 94.5424 1.69002e+07 928738 -0.00499326 0.00456634 -0.0017947 0.00372323 0.013907 0.000646705 0.000388598 3.91411e-05 0.104228 0.00272043 8.26794 2.31538 94.9375 19.4087 1144.71 82.8404 1247.91 92.2061 1247.91 92.2061 0.561476 0.0130966 
200 0.27 448800000 541.488 18.3111 -55.7437 0.794768 3456.82 94.4286 1.69002e+07 927389 -0.00499326 0.00456634 -0.0017947 0.00372323 0.013907 0.000646705 0.000388598 3.91411e-05 0.104228 0.00272043 8.26794 2.31538 94.9375 19.3393 1144.71 82.8404 1247.91 92.2061 1247.91 92.2061 0.561476 0.0130966 
200 0.27 449600000 541.488 18.3111 -55.7437 0.804688 3456.82 97.3296 1.69002e+07 1.04196e+06 -0.00499326 0.00456634 -0.0017947 0.00372323 0.013907 0.000646705 0.000388598 4.12387e-05 0.104228 0.00272043 8.26794 2.31538 94.9375 19.3393 1144.71 82.8404 1247.91 92.2061 1247.91 92.2061 0.561476 0.0130966 
200 0.27 450400000 546.026 18.0592 -55.8316 0.803828 3468.66 97.2108 1.71724e+07 1.04025e+06 -0.00453678 0.00456634 -0.00255686 0.00381734 0.0140487 0.000646705 0.000402554 4.44379e-05 0.104853 0.00272043 8.13775 2.27317 91.7306 19.2801 1166.05 81.3002 1265.92 91.3464 1265.92 91.3464 0.569227 0.0130559 
200 0.27 451200000 546.026 18.0592 -55.8316 0.802423 3468.66 97.0486 1.71724e+07 1.03853e+06 -0.00453678 0.00456634 -0.00255686 0.00381734 0.0140487 0.000646705 0.000402554 4.44379e-05 0.104853 0.00272043 8.13775 3.18179 91.7306 19.2801 1166.05 81.3002 1265.92 91.5624 1265.92 91.5624 0.569227 0.0130559 
200 0.27 452000000 546.026 18.0592 -55.8316 0.800991 3468.66 96.8712 1.71724e+07 1.03666e+06 -0.00453678 0.00456634 -0.00255686 0.00381734 0.0140487 0.000646705 0.000402554 4.44379e-05 0.104853 0.00272043 8.13775 3.17599 91.7306 19.9327 1166.05 81.8905 1265.92 93.0909 1265.92 93.0909 0.569227 0.0130559 
200 0.27 452800000 546.026 18.0592 -55.8316 0.800009 3468.66 96.751 1.71724e+07 1.0351e+06 -0.00453678 0.00456634 -0.00255686 0.00381734 0.0140487 0.000646705 0.000402554 4.44379e-05 0.104853 0.00272043 8.13775 3.17019 91.7306 19.9327 1166.05 81.8905 1265.92 93.0909 1265.92 93.0909 0.569227 0.0130559 
200 0.27 453600000 546.026 18.0592 -55.8316 0.800785 3468.66 96.7225 1.71724e+07 1.03366e+06 -0.00453678 0.00456634 -0.00255686 0.00381734 0.0140487 0.000646705 0.000402554 4.44379e-05 0.104853 0.00272043 8.13775 3.16443 91.7306 19.8623 1166.05 81.6883 1265.92 92.851 1265.92 92.851 0.569227 0.0129628 
200 0.27 454400000 546.026 18.0592 -55.8316 0.799386 3468.66 96.5609 1.71724e+07 1.03196e+06 -0.00453678 0.00456634 -0.00255686 0.00381734 0.0140487 0.000646705 0.000402554 4.44379e-05 0.104853 0.00272043 8.13775 3.15869 91.7306 19.8623 1166.05 81.6883 1265.92 92.851 1265.92 92.851 0.569227 0.0129628 
200 0.27 455200000 546.026 18.0592 -55.8316 0.798111 3468.66 96.4143 1.71724e+07 1.03033e+06 -0.00453678 0.00456634 -0.00255686 0.00381734 0.0140487 0.000646705 0.000402554 4.44379e-05 0.104853 0.00272043 8.13775 3.15295 91.7306 19.7924 1166.05 81.4871 1265.92 92.6119 1265.92 92.6119 0.569227 0.0129628 
200 0.27 456000000 546.026 18.0592 -55.8316 0.797761 3468.66 96.244 1.71724e+07 1.02858e+06 -0.00453678 0.00456634 -0.00255686 0.00381734 0.0140487 0.000646705 0.000402554 4.44379e-05 0.104853 0.00272043 8.13775 3.14726 91.7306 19.7924 1166.05 81.4871 1265.92 92.6119 1265.92 92.6119 0.569227 0.0129628 
200 0.27 456800000 546.026 18.2476 -55.8316 0.796594 3468.66 96.1812 1.71724e+07 1.02713e+06 -0.00453678 0.00456634 -0.00255686 0.00376601 0.0140487 0.000646705 0.000402554 4.3904e-05 0.104853 0.00272043 8.13775 3.14157 91.7306 19.7233 1166.05 81.2847 1265.92 92.3732 1265.92 92.3732 0.569227 0.0128736 
200 0.27 457600000 546.026 18.2476 -55.8316 0.796612 3468.66 96.1228 1.71724e+07 1.0257e+06 -0.00453678 0.00456634 -0.00255686 0.00376601 0.0140487 0.000646705 0.000402554 4.3904e-05 0.104853 0.00272043 8.13775 3.13592 91.7306 19.7233 1166.05 81.2847 1265.92 92.3732 1265.92 92.3732 0.569227 0.0128736 
200 0.27 458400000 546.026 18.2476 -55.8316 0.796156 3468.66 96.0396 1.71724e+07 1.02424e+06 -0.00453678 0.00456634 -0.00255686 0.00376601 0.0140487 0.000646705 0.000402554 4.3904e-05 0.104853 0.00272043 8.13775 3.13028 91.7306 19.6547 1166.05 81.0873 1265.92 92.1396 1265.92 92.1396 0.569227 0.0128736 
200 0.27 459200000 546.026 18.2476 -55.8316 0.795621 3468.66 95.8996 1.71724e+07 1.02265e+06 -0.00453678 0.00456634 -0.00255686 0.00376601 0.0140487 0.000646705 0.000402554 4.3904e-05 0.104853 0.00272043 8.13775 3.12465 91.7306 19.6547 1166.05 81.0873 1265.92 92.1396 1265.92 92.1396 0.569227 0.0128736 
200 0.27 460000000 546.026 18.2476 -55.8316 0.799607 3468.66 97.0098 1.71724e+07 1.04785e+06 -0.00453678 0.00456634 -0.00255686 0.00376601 0.0140487 0.000646705 0.000402554 4.3904e-05 0.104853 0.00272043 8.13775 3.11904 91.7306 19.5856 1166.05 80.8623 1265.92 91.8577 1265.92 91.8577 0.569227 0.0128291 
200 0.27 460800000 546.026 18.2476 -55.8316 0.800398 3468.66 96.9802 1.71724e+07 1.04641e+06 -0.00453678 0.00456634 -0.00255686 0.00376601 0.0140487 0.000646705 0.000402554 4.3904e-05 0.104853 0.00272043 8.13775 3.11345 91.7306 19.5856 1166.05 80.8623 1265.92 91.8577 1265.92 91.8577 0.569227 0.0128291 
200 0.27 461600000 546.026 18.2476 -55.8316 0.799277 3468.66 96.8483 1.71724e+07 1.04482e+06 -0.00453678 0.00456634 -0.00255686 0.00376601 0.0140487 0.000646705 0.000402554 4.3904e-05 0.104853 0.00272043 8.13775 3.10788 91.7306 19.5164 1166.05 80.671 1265.92 91.529 1265.92 91.529 0.569227 0.0128291 
200 0.27 462400000 546.026 18.2476 -55.8316 0.79984 3468.66 96.8109 1.71724e+07 1.04338e+06 -0.00453678 0.00456634 -0.00255686 0.00376601 0.0140487 0.000646705 0.000402554 4.3904e-05 0.104853 0.00272043 8.13775 3.10233 91.7306 19.5164 1166.05 80.671 1265.92 91.529 1265.92 91.529 0.569227 0.0128291 
200 0.27 463200000 546.026 18.9763 -55.8316 0.801109 3468.66 96.6872 1.71724e+07 1.04182e+06 -0.00453678 0.00456634 -0.00255686 0.00380773 0.0140487 0.000646705 0.000402554 4.3444e-05 0.104853 0.00272043 8.13775 3.0968 91.7306 19.4486 1166.05 80.671 1265.92 91.3002 1265.92 91.3002 0.569227 0.0127401 
200 0.27 464000000 546.026 18.9763 -55.8316 0.801109 3468.66 96.597 1.71724e+07 1.04034e+06 -0.00453678 0.00456634 -0.00255686 0.00380773 0.0140487 0.000646705 0.000402554 4.3444e-05 0.104853 0.00272043 8.13775 3.0913 91.7306 19.4486 1166.05 80.671 1265.92 91.3002 1265.92 91.3002 0.569227 0.0127401 
200 0.27 464800000 546.026 18.9763 -55.8316 0.801109 3468.66 96.4788 1.71724e+07 1.03865e+06 -0.00453678 0.00456634 -0.00255686 0.00380773 0.0140487 0.000646705 0.000402554 4.3444e-05 0.104853 0.00272043 8.13775 3.08582 91.7306 19.3797 1166.05 80.671 1265.92 90.9996 1265.92 90.9996 0.569227 0.0127401 
200 0.27 465600000 546.026 18.9763 -55.8316 0.801109 3468.66 96.3292 1.71724e+07 1.03702e+06 -0.00453678 0.00456634 -0.00255686 0.00380773 0.0140487 0.000646705 0.000402554 4.3444e-05 0.104853 0.00272043 8.13775 3.08034 91.7306 19.3797 1166.05 80.671 1265.92 90.9996 1265.92 90.9996 0.569227 0.0127401 
200 0.27 466400000 546.026 18.9763 -55.8316 0.795801 3468.66 96.1641 1.71724e+07 1.0353e+06 -0.00453678 0.00456634 -0.00255686 0.00380773 0.0140487 0.000646705 0.000402554 4.3444e-05 0.104853 0.00272043 8.13775 3.0749 91.7306 19.3131 1166.05 80.671 1265.92 90.7756 1265.92 90.7756 0.569227 0.0126683 
200 0.27 467200000 546.026 18.9763 -55.8316 0.795801 3468.66 96.0615 1.71724e+07 1.03381e+06 -0.00453678 0.00456634 -0.00255686 0.00380773 0.0140487 0.000646705 0.000402554 4.3444e-05 0.104853 0.00272043 8.13775 3.06946 91.7306 19.3131 1166.05 80.671 1265.92 90.7756 1265.92 90.7756 0.569227 0.0126683 
200 0.27 468000000 546.026 18.9763 -55.8316 0.795801 3468.66 95.9349 1.71724e+07 1.03227e+06 -0.00453678 0.00456634 -0.00255686 0.00380773 0.0140487 0.000646705 0.000402554 4.3444e-05 0.104853 0.00272043 8.13775 3.06405 91.7306 19.2469 1166.05 80.671 1265.92 90.5545 1265.92 90.5545 0.569227 0.0126683 
200 0.27 468800000 546.026 18.9763 -55.8316 0.795801 3468.66 96.0298 1.71724e+07 1.03272e+06 -0.00453678 0.00456634 -0.00255686 0.00380773 0.0140487 0.000646705 0.000402554 4.3444e-05 0.104853 0.00272043 8.13775 3.05866 91.7306 19.2469 1166.05 80.671 1265.92 90.5545 1265.92 90.5545 0.569227 0.0126683 
200 0.27 469600000 546.026 18.9763 -55.8316 0.792475 3468.66 95.9191 1.71724e+07 1.03122e+06 -0.00453678 0.00456634 -0.00255686 0.00375658 0.0140487 0.000646705 0.000402554 4.30426e-05 0.104853 0.00272043 8.13775 3.05327 91.7306 19.1803 1166.05 80.671 1265.92 90.636 1265.92 90.636 0.569227 0.0125797 
200 0.27 470400000 546.026 18.9763 -55.8316 0.793288 3468.66 95.8911 1.71724e+07 1.02983e+06 -0.00453678 0.00456634 -0.00255686 0.00375658 0.0140487 0.000646705 0.000402554 4.30426e-05 0.104853 0.00272043 8.13775 3.04791 91.7306 19.1803 1166.05 80.671 1265.92 90.636 1265.92 90.636 0.569227 0.0125797 
200 0.27 471200000 546.026 18.9763 -55.8316 0.791914 3468.66 95.7305 1.71724e+07 1.02816e+06 -0.00453678 0.00456634 -0.00255686 0.00375658 0.0140487 0.000646705 0.000402554 4.30426e-05 0.104853 0.00272043 8.13775 3.04258 91.7306 19.1147 1166.05 80.671 1265.92 90.3758 1265.92 90.3758 0.569227 0.0125797 
200 0.27 472000000 546.026 18.9763 -55.8316 0.791421 3468.66 95.6458 1.71724e+07 1.02672e+06 -0.00453678 0.00456634 -0.00255686 0.00375658 0.0140487 0.000646705 0.000402554 4.30426e-05 0.104853 0.00272043 8.13775 3.03728 91.7306 19.1147 1166.05 80.671 1265.92 90.3758 1265.92 90.3758 0.569227 0.0125797 
200 0.27 472800000 546.026 18.9763 -55.8316 0.790311 3468.66 95.498 1.71724e+07 1.02494e+06 -0.00453678 0.00456634 -0.00255686 0.00375658 0.0140487 0.000646705 0.000402554 4.30426e-05 0.104853 0.00272043 8.13775 3.03197 91.7306 19.0493 1166.05 80.671 1265.92 90.1385 1265.92 90.1385 0.569227 0.0124981 
200 0.27 473600000 546.026 18.9763 -55.8316 0.789372 3468.66 95.3371 1.71724e+07 1.02327e+06 -0.00453678 0.00456634 -0.00255686 0.00375658 0.0140487 0.000646705 0.000402554 4.30426e-05 0.104853 0.00272043 8.13775 3.02671 91.7306 19.0493 1166.05 80.671 1265.92 90.1385 1265.92 90.1385 0.569227 0.0124981 
200 0.27 474400000 546.026 18.9763 -55.8316 0.789372 3468.66 95.1758 1.71724e+07 1.0216e+06 -0.00453678 0.00456634 -0.00255686 0.00375658 0.0140487 0.000646705 0.000402554 4.30426e-05 0.104853 0.00272043 8.13775 3.02145 91.7306 18.9849 1166.05 80.671 1265.92 89.9108 1265.92 89.9108 0.569227 0.0124981 
200 0.27 475200000 546.026 18.9763 -55.8316 0.789372 3468.66 95.1361 1.71724e+07 1.02023e+06 -0.00453678 0.00456634 -0.00255686 0.00375658 0.0140487 0.000646705 0.000402554 4.30426e-05 0.104853 0.00272043 8.13775 3.0162 91.7306 18.9849 1166.05 80.671 1265.92 89.9108 1265.92 89.9108 0.569227 0.0124981 
200 0.27 476000000 554.399 19.3618 -55.2915 0.834662 3413.61 94.9794 1.68489e+07 1.0186e+06 -0.00447212 0.0040886 -0.00160783 0.00372642 0.0137807 0.000617737 0.000388243 4.25537e-05 0.103924 0.00249966 10.1291 3.01098 93.1705 18.9207 1147.06 79.1464 1250.36 89.6928 1250.36 89.6928 0.568356 0.0124887 
200 0.27 476800000 554.399 19.3618 -55.2915 0.834662 3413.61 94.8202 1.68489e+07 1.01683e+06 -0.00447212 0.0040886 -0.00160783 0.00372642 0.0137807 0.000617737 0.000388243 4.25537e-05 0.103924 0.00249966 10.1291 3.00577 93.1705 18.9207 1147.06 79.1464 1250.36 89.6928 1250.36 89.6928 0.568356 0.0124887 
200 0.27 477600000 554.399 19.3618 -55.2915 0.834662 3413.61 94.6712 1.68489e+07 1.01508e+06 -0.00447212 0.0040886 -0.00160783 0.00372642 0.0137807 0.000617737 0.000388243 4.25537e-05 0.103924 0.00249966 10.1291 3.00059 93.1705 18.8564 1147.06 78.8744 1250.36 89.3859 1250.36 89.3859 0.568356 0.0124887 
200 0.27 478400000 554.399 19.3618 -55.2915 0.834662 3413.61 94.5077 1.68489e+07 1.01337e+06 -0.00447212 0.0040886 -0.00160783 0.00372642 0.0137807 0.000617737 0.000388243 4.25537e-05 0.103924 0.00249966 10.1291 2.99542 93.1705 18.8564 1147.06 78.8744 1250.36 89.3859 1250.36 89.3859 0.568356 0.0124887 
200 0.27 479200000 554.399 19.3618 -55.2915 0.834662 3413.61 94.3718 1.68489e+07 1.01185e+06 -0.00447212 0.0040886 -0.00160783 0.00372642 0.0137807 0.000617737 0.000388243 4.25537e-05 0.103924 0.00249966 10.1291 2.99027 93.1705 18.7933 1147.06 78.6806 1250.36 89.1584 1250.36 89.1584 0.568356 0.0124318 
200 0.27 480000000 554.399 19.3618 -55.2915 0.834662 3413.61 94.2132 1.68489e+07 1.01021e+06 -0.00447212 0.0040886 -0.00160783 0.00372642 0.0137807 0.000617737 0.000388243 4.25537e-05 0.103924 0.00249966 10.1291 2.98513 93.1705 18.7933 1147.06 78.6806 1250.36 89.1584 1250.36 89.1584 0.568356 0.0124318 
200 0.27 480800000 554.399 19.3618 -55.2915 0.834662 3413.61 94.0591 1.68489e+07 1.0086e+06 -0.00447212 0.0040886 -0.00160783 0.00372642 0.0137807 0.000617737 0.000388243 4.25537e-05 0.103924 0.00249966 10.1291 2.98 93.1705 18.9149 1147.06 79.1712 1250.36 89.8854 1250.36 89.8854 0.568356 0.0124318 
200 0.27 481600000 554.399 19.3618 -55.2915 0.834662 3413.61 94.0078 1.68489e+07 1.00726e+06 -0.00447212 0.0040886 -0.00160783 0.00372642 0.0137807 0.000617737 0.000388243 4.25537e-05 0.103924 0.00249966 10.1291 2.9749 93.1705 18.9149 1147.06 79.1712 1250.36 89.8854 1250.36 89.8854 0.568356 0.0124318 
200 0.27 482400000 554.399 19.3618 -55.2915 0.834662 3413.61 93.876 1.68489e+07 1.00576e+06 -0.00447212 0.0040886 -0.00160783 0.00376649 0.0137807 0.000617737 0.000388243 4.19714e-05 0.103924 0.00249966 10.1291 2.96981 93.1705 18.8521 1147.06 79.0581 1250.36 89.7011 1250.36 89.7011 0.568356 0.0123675 
200 0.27 483200000 554.399 19.3618 -55.2915 0.834662 3413.61 93.7775 1.68489e+07 1.00436e+06 -0.00447212 0.0040886 -0.00160783 0.00376649 0.0137807 0.000617737 0.000388243 4.19714e-05 0.103924 0.00249966 10.1291 2.96475 93.1705 18.8521 1147.06 79.0581 1250.36 89.7011 1250.36 89.7011 0.568356 0.0123675 
200 0.27 484000000 554.399 19.3618 -55.2915 0.834662 3413.61 93.625 1.68489e+07 1.00264e+06 -0.00447212 0.0040886 -0.00160783 0.00376649 0.0137807 0.000617737 0.000388243 4.19714e-05 0.103924 0.00249966 10.1291 2.9597 93.1705 18.7898 1147.06 78.8745 1250.36 89.4836 1250.36 89.4836 0.568356 0.0123675 
200 0.27 484800000 554.399 19.3618 -55.2915 0.834662 3413.61 93.4836 1.68489e+07 1.00095e+06 -0.00447212 0.0040886 -0.00160783 0.00376649 0.0137807 0.000617737 0.000388243 4.19714e-05 0.103924 0.00249966 10.1291 2.95467 93.1705 18.7898 1147.06 78.8745 1250.36 89.4836 1250.36 89.4836 0.568356 0.0123675 
200 0.27 485600000 554.399 19.3618 -55.2915 0.834662 3413.61 93.4369 1.68489e+07 999856 -0.00447212 0.0040886 -0.00160783 0.00376649 0.0137807 0.000617737 0.000388243 4.19714e-05 0.103924 0.00249966 10.1291 2.94965 93.1705 18.7267 1147.06 78.6543 1250.36 89.2275 1250.36 89.2275 0.568356 0.0122957 
200 0.27 486400000 554.399 19.3618 -55.2915 0.834662 3413.61 93.2799 1.68489e+07 998235 -0.00447212 0.0040886 -0.00160783 0.00376649 0.0137807 0.000617737 0.000388243 4.19714e-05 0.103924 0.00249966 10.1291 2.94466 93.1705 18.7267 1147.06 78.6543 1250.36 89.2275 1250.36 89.2275 0.568356 0.0122957 
200 0.27 487200000 554.399 19.3618 -55.2915 0.834662 3413.61 93.4922 1.68489e+07 1.00049e+06 -0.00447212 0.0040886 -0.00160783 0.00376649 0.0137807 0.000617737 0.000388243 4.19714e-05 0.103924 0.00249966 10.1291 2.93968 93.1705 18.6654 1147.06 78.4747 1250.36 89.0148 1250.36 89.0148 0.568356 0.0122957 
200 0.27 488000000 554.399 19.3618 -55.2915 0.834662 3413.61 93.452 1.68489e+07 999186 -0.00447212 0.0040886 -0.00160783 0.00376649 0.0137807 0.000617737 0.000388243 4.19714e-05 0.103924 0.00249966 10.1291 2.93471 93.1705 18.6654 1147.06 78.4747 1250.36 89.0148 1250.36 89.0148 0.568356 0.0122957 
200 0.27 488800000 554.399 19.3618 -55.2915 0.834662 3413.61 93.2941 1.68489e+07 997534 -0.00447212 0.0040886 -0.00160783 0.0037199 0.0137807 0.000617737 0.000388243 4.1547e-05 0.103924 0.00249966 10.1291 2.92977 93.1705 18.6037 1147.06 78.3943 1250.36 88.8031 1250.36 88.8031 0.568356 0.0123196 
200 0.27 489600000 554.399 19.3618 -55.2915 0.834662 3413.61 93.1616 1.68489e+07 995890 -0.00447212 0.0040886 -0.00160783 0.0037199 0.0137807 0.000617737 0.000388243 4.1547e-05 0.103924 0.00249966 10.1291 2.92485 93.1705 18.6037 1147.06 78.3943 1250.36 88.8031 1250.36 88.8031 0.568356 0.0123196 
200 0.27 490400000 554.399 19.3618 -55.2915 0.834662 3413.61 93.0464 1.68489e+07 994326 -0.00447212 0.0040886 -0.00160783 0.0037199 0.0137807 0.000617737 0.000388243 4.1547e-05 0.103924 0.00249966 10.1291 2.91995 93.1705 18.5433 1147.06 78.3943 1250.36 88.592 1250.36 88.592 0.568356 0.0123196 
200 0.27 491200000 554.399 19.3618 -55.2915 0.834662 3413.61 93.0158 1.68489e+07 993043 -0.00447212 0.0040886 -0.00160783 0.0037199 0.0137807 0.000617737 0.000388243 4.1547e-05 0.103924 0.00249966 10.1291 2.91504 93.1705 18.5433 1147.06 78.3943 1250.36 88.592 1250.36 88.592 0.568356 0.0123196 
200 0.27 492000000 554.399 19.3618 -55.2915 0.834662 3413.61 92.9764 1.68489e+07 991757 -0.00447212 0.0040886 -0.00160783 0.0037199 0.0137807 0.000617737 0.000388243 4.1547e-05 0.103924 0.00249966 10.1291 2.91015 93.1705 18.4828 1147.06 78.3943 1250.36 88.3828 1250.36 88.3828 0.568356 0.0122947 
200 0.27 492800000 554.399 19.3618 -55.2915 0.834662 3413.61 92.9186 1.68489e+07 990592 -0.00447212 0.0040886 -0.00160783 0.0037199 0.0137807 0.000617737 0.000388243 4.1547e-05 0.103924 0.00249966 10.1291 2.90528 93.1705 18.4828 1147.06 78.3943 1250.36 88.3828 1250.36 88.3828 0.568356 0.0122947 
200 0.27 493600000 554.399 19.3618 -55.2915 0.834662 3413.61 92.785 1.68489e+07 988964 -0.00447212 0.0040886 -0.00160783 0.0037199 0.0137807 0.000617737 0.000388243 4.1547e-05 0.103924 0.00249966 10.1291 2.90044 93.1705 18.423 1147.06 78.3943 1250.36 88.1676 1250.36 88.1676 0.568356 0.0122947 
200 0.27 494400000 554.399 19.3618 -55.2915 0.834662 3413.61 92.771 1.68489e+07 987387 -0.00447212 0.0040886 -0.00160783 0.0037199 0.0137807 0.000617737 0.000388243 4.1547e-05 0.103924 0.00249966 10.1291 2.89562 93.1705 18.423 1147.06 78.3943 1250.36 88.1676 1250.36 88.1676 0.568356 0.0122947 
200 0.27 495200000 554.399 19.3618 -55.2915 0.834662 3413.61 92.771 1.68489e+07 985937 -0.00447212 0.0040886 -0.00160783 0.00367068 0.0137807 0.000617737 0.000388243 4.10471e-05 0.103924 0.00249966 10.1291 2.89081 93.1705 18.3631 1147.06 78.3943 1250.36 87.9594 1250.36 87.9594 0.568356 0.0122758 
200 0.27 496000000 554.399 19.3618 -55.2915 0.834662 3413.61 92.771 1.68489e+07 987120 -0.00447212 0.0040886 -0.00160783 0.00367068 0.0137807 0.000617737 0.000388243 4.10471e-05 0.103924 0.00249966 10.1291 2.88602 93.1705 18.3631 1147.06 78.3943 1250.36 87.9594 1250.36 87.9594 0.568356 0.0122758 
200 0.27 496800000 554.399 19.3618 -55.2915 0.834662 3413.61 92.771 1.68489e+07 985767 -0.00447212 0.0040886 -0.00160783 0.00367068 0.0137807 0.000617737 0.000388243 4.10471e-05 0.103924 0.00249966 10.1291 2.88124 93.1705 18.304 1147.06 78.3943 1250.36 87.739 1250.36 87.739 0.568356 0.0122758 
200 0.27 497600000 554.399 19.3618 -55.2915 0.834662 3413.61 92.771 1.68489e+07 986425 -0.00447212 0.0040886 -0.00160783 0.00367068 0.0137807 0.000617737 0.000388243 4.10471e-05 0.103924 0.00249966 10.1291 2.87648 93.1705 18.304 1147.06 78.3943 1250.36 87.739 1250.36 87.739 0.568356 0.0122758 
200 0.27 498400000 554.399 19.3618 -55.2915 0.834662 3413.61 92.771 1.68489e+07 984898 -0.00447212 0.0040886 -0.00160783 0.00367068 0.0137807 0.000617737 0.000388243 4.10471e-05 0.103924 0.00249966 10.1291 2.87173 93.1705 18.2449 1147.06 78.3943 1250.36 87.465 1250.36 87.465 0.568356 0.0122758 
200 0.27 499200000 554.399 19.3618 -55.2915 0.834662 3413.61 92.771 1.68489e+07 983492 -0.00447212 0.0040886 -0.00160783 0.00367068 0.0137807 0.000617737 0.000388243 4.10471e-05 0.103924 0.00249966 10.1291 2.86699 93.1705 18.2449 1147.06 78.3943 1250.36 87.465 1250.36 87.465 0.568356 0.0122758 
200 0.27 500000000 554.399 19.3618 -55.2915 0.834662 3413.61 92.771 1.68489e+07 981942 -0.00447212 0.0040886 -0.00160783 0.00367068 0.0137807 0.000617737 0.000388243 4.10471e-05 0.103924 0.00249966 10.1291 2.86226 93.1705 18.1857 1147.06 78.3943 1250.36 87.1994 1250.36 87.1994 0.568356 0.0122758 
200 0.27 500800000 554.399 19.3618 -55.2915 0.834662 3413.61 92.771 1.68489e+07 980324 -0.00447212 0.0040886 -0.00160783 0.00367068 0.0137807 0.000617737 0.000388243 4.10471e-05 0.103924 0.00249966 10.1291 2.85757 93.1705 18.1857 1147.06 78.3943 1250.36 87.1994 1250.36 87.1994 0.568356 0.0122758 
200 0.27 501600000 550.977 19.3618 -55.4789 0.811501 3439.7 93.956 1.71988e+07 1.04127e+06 -0.0047309 0.0040886 -0.000931833 0.00362325 0.0137897 0.0005967 0.000393664 4.2015e-05 0.103747 0.00243507 9.89593 2.85288 92.1048 18.1276 1127.78 76.7706 1229.78 86.9905 1229.78 86.9905 0.565649 0.0121161 
200 0.27 502400000 550.977 19.3618 -55.4789 0.811501 3439.7 93.8481 1.71988e+07 1.03983e+06 -0.0047309 0.0040886 -0.000931833 0.00362325 0.0137897 0.0005967 0.000393664 4.2015e-05 0.103747 0.00243507 9.89593 2.84821 92.1048 18.1276 1127.78 76.7706 1229.78 86.9905 1229.78 86.9905 0.565649 0.0121161 
200 0.27 503200000 550.977 19.3618 -55.4789 0.811501 3439.7 93.7199 1.71988e+07 1.03817e+06 -0.0047309 0.0040886 -0.000931833 0.00362325 0.0137897 0.000594779 0.000393664 4.2015e-05 0.103747 0.00243507 9.89593 2.84354 92.1048 18.07 1127.78 76.602 1229.78 86.7145 1229.78 86.7145 0.565649 0.0121161 
200 0.27 504000000 550.977 19.3618 -55.4789 0.811501 3439.7 93.6882 1.71988e+07 1.03684e+06 -0.0047309 0.0040886 -0.000931833 0.00362325 0.0137897 0.000594779 0.000393664 4.2015e-05 0.103747 0.00243507 9.89593 2.83889 92.1048 18.07 1127.78 76.602 1229.78 86.7145 1229.78 86.7145 0.565649 0.0121161 
200 0.27 504800000 550.977 19.3618 -55.4789 0.811501 3439.7 93.5355 1.71988e+07 1.03517e+06 -0.0047309 0.0040886 -0.000931833 0.00362325 0.0137897 0.000595347 0.000393664 4.2015e-05 0.103747 0.00243507 9.89593 2.83426 92.1048 18.0128 1127.78 76.602 1229.78 86.5331 1229.78 86.5331 0.565649 0.0121161 
200 0.27 505600000 550.977 19.3618 -55.4789 0.811501 3439.7 93.399 1.71988e+07 1.03365e+06 -0.0047309 0.0040886 -0.000931833 0.00362325 0.0137897 0.000595347 0.000393664 4.2015e-05 0.103747 0.00243507 9.89593 2.82966 92.1048 18.0128 1127.78 76.602 1229.78 86.5331 1229.78 86.5331 0.565649 0.0121161 
200 0.27 506400000 550.977 19.3618 -55.4789 0.811501 3439.7 93.3141 1.71988e+07 1.03223e+06 -0.0047309 0.0040886 -0.000931833 0.00362325 0.0137897 0.000594176 0.000393664 4.2015e-05 0.103747 0.00243507 9.89593 2.82507 92.1048 17.9558 1127.78 76.602 1229.78 86.3319 1229.78 86.3319 0.565649 0.0121161 
200 0.27 507200000 550.977 19.3618 -55.4789 0.811501 3439.7 93.1723 1.71988e+07 1.03069e+06 -0.0047309 0.0040886 -0.000931833 0.00362325 0.0137897 0.000594176 0.000393664 4.2015e-05 0.103747 0.00243507 9.89593 2.8205 92.1048 17.9558 1127.78 76.602 1229.78 86.3319 1229.78 86.3319 0.565649 0.0121161 
200 0.27 508000000 550.977 19.3618 -55.4789 0.811501 3439.7 93.1363 1.71988e+07 1.02938e+06 -0.0047309 0.0040886 -0.000931833 0.00358694 0.0137897 0.00059281 0.000393664 4.14732e-05 0.103747 0.00243507 9.89593 2.81593 92.1048 17.8993 1127.78 76.602 1229.78 86.132 1229.78 86.132 0.565649 0.0119668 
200 0.27 508800000 550.977 19.3618 -55.4789 0.811501 3439.7 93.1252 1.71988e+07 1.02808e+06 -0.0047309 0.0040886 -0.000931833 0.00358694 0.0137897 0.00059281 0.000393664 4.14732e-05 0.103747 0.00243507 9.89593 2.81138 92.1048 17.8993 1127.78 76.602 1229.78 86.132 1229.78 86.132 0.565649 0.0119668 
200 0.27 509600000 550.977 19.3618 -55.4789 0.811501 3439.7 94.7525 1.71988e+07 1.07602e+06 -0.0047309 0.0040886 -0.000931833 0.00358694 0.0137897 0.000590988 0.000393664 4.14732e-05 0.103747 0.00243507 9.89593 2.80683 92.1048 17.843 1127.78 76.602 1229.78 85.8909 1229.78 85.8909 0.565649 0.0119668 
200 0.27 510400000 550.977 19.3618 -55.4789 0.811501 3439.7 94.7408 1.71988e+07 1.07516e+06 -0.0047309 0.0040886 -0.000931833 0.00358694 0.0137897 0.000590988 0.000393664 4.14732e-05 0.103747 0.00243507 9.89593 2.8023 92.1048 17.843 1127.78 76.602 1229.78 85.8909 1229.78 85.8909 0.565649 0.0119668 
200 0.27 511200000 550.977 19.3618 -55.4789 0.811501 3439.7 94.6157 1.71988e+07 1.07364e+06 -0.0047309 0.0040886 -0.000931833 0.00358694 0.0137897 0.000589253 0.000393664 4.14732e-05 0.103747 0.00243507 9.89593 2.79779 92.1048 17.787 1127.78 76.602 1229.78 85.649 1229.78 85.649 0.565649 0.0119668 
200 0.27 512000000 550.977 19.3618 -55.4789 0.811501 3439.7 94.4691 1.71988e+07 1.07202e+06 -0.0047309 0.0040886 -0.000931833 0.00358694 0.0137897 0.000589253 0.000393664 4.14732e-05 0.103747 0.00243507 9.89593 2.79329 92.1048 17.787 1127.78 76.602 1229.78 85.649 1229.78 85.649 0.565649 0.0119668 
200 0.27 512800000 550.977 19.3618 -55.4789 0.811501 3439.7 94.3972 1.71988e+07 1.07062e+06 -0.0047309 0.0040886 -0.000931833 0.00358694 0.0137897 0.000588672 0.000393664 4.14732e-05 0.103747 0.00243507 9.89593 2.7888 92.1048 17.7312 1127.78 76.602 1229.78 85.4567 1229.78 85.4567 0.565649 0.0119668 
200 0.27 513600000 550.977 19.3618 -55.4789 0.811501 3439.7 94.2486 1.71988e+07 1.06891e+06 -0.0047309 0.0040886 -0.000931833 0.00358694 0.0137897 0.000588672 0.000393664 4.14732e-05 0.103747 0.00243507 9.89593 2.78435 92.1048 17.7312 1127.78 76.602 1229.78 85.4567 1229.78 85.4567 0.565649 0.0119668 
200 0.27 514400000 550.977 19.3618 -55.4789 0.811501 3439.7 94.1167 1.71988e+07 1.06721e+06 -0.0047309 0.0040886 -0.000931833 0.00355403 0.0137897 0.000588427 0.000393664 4.10942e-05 0.103747 0.00243507 9.89593 2.77989 92.1048 17.6761 1127.78 76.602 1229.78 85.3083 1229.78 85.3083 0.565649 0.0119002 
200 0.27 515200000 550.977 19.3618 -55.4789 0.811501 3439.7 93.9981 1.71988e+07 1.06557e+06 -0.0047309 0.0040886 -0.000931833 0.00355403 0.0137897 0.000588427 0.000393664 4.10942e-05 0.103747 0.00243507 9.89593 2.77547 92.1048 17.6761 1127.78 76.602 1229.78 85.3083 1229.78 85.3083 0.565649 0.0119002 
200 0.27 516000000 550.977 19.3618 -55.4789 0.811501 3439.7 93.9055 1.71988e+07 1.06415e+06 -0.0047309 0.0040886 -0.000931833 0.00355403 0.0137897 0.000587055 0.000393664 4.10942e-05 0.103747 0.00243507 9.89593 2.77104 92.1048 17.621 1127.78 76.602 1229.78 85.1153 1229.78 85.1153 0.565649 0.0119002 
200 0.27 516800000 550.977 19.3618 -55.4789 0.811501 3439.7 93.8181 1.71988e+07 1.06275e+06 -0.0047309 0.0040886 -0.000931833 0.00355403 0.0137897 0.000587055 0.000393664 4.10942e-05 0.103747 0.00243507 9.89593 2.76664 92.1048 17.621 1127.78 76.602 1229.78 85.1153 1229.78 85.1153 0.565649 0.0119002 
200 0.27 517600000 550.977 19.3618 -55.4789 0.811501 3439.7 93.6687 1.71988e+07 1.0611e+06 -0.0047309 0.0040886 -0.000931833 0.00355403 0.0137897 0.000587055 0.000393664 4.10942e-05 0.103747 0.00243507 9.89593 2.76225 92.1048 17.566 1127.78 76.602 1229.78 84.8825 1229.78 84.8825 0.565649 0.01187 
200 0.27 518400000 550.977 19.3618 -55.4789 0.811501 3439.7 93.5818 1.71988e+07 1.05964e+06 -0.0047309 0.0040886 -0.000931833 0.00355403 0.0137897 0.000587055 0.000393664 4.10942e-05 0.103747 0.00243507 9.89593 2.75786 92.1048 17.566 1127.78 76.602 1229.78 84.8825 1229.78 84.8825 0.565649 0.01187 
200 0.27 519200000 550.977 19.3618 -55.4789 0.811501 3439.7 93.4335 1.71988e+07 1.05799e+06 -0.0047309 0.0040886 -0.000931833 0.00355403 0.0137897 0.000587055 0.000393664 4.10942e-05 0.103747 0.00243507 9.89593 2.75349 92.1048 17.5116 1127.78 76.602 1229.78 84.7159 1229.78 84.7159 0.565649 0.01187 
200 0.27 520000000 550.977 19.3618 -55.4789 0.811501 3439.7 93.5841 1.71988e+07 1.05918e+06 -0.0047309 0.0040886 -0.000931833 0.00355403 0.0137897 0.000587055 0.000393664 4.10942e-05 0.103747 0.00243507 9.89593 2.74913 92.1048 17.5116 1127.78 76.602 1229.78 84.7159 1229.78 84.7159 0.565649 0.01187 
200 0.27 520800000 550.977 19.3618 -55.4789 0.811501 3439.7 93.4465 1.71988e+07 1.05765e+06 -0.0047309 0.0040886 -0.000931833 0.00350905 0.0137897 0.000587055 0.000393664 4.0597e-05 0.103747 0.00243507 9.89593 2.74479 92.1048 17.458 1127.78 76.602 1229.78 84.53 1229.78 84.53 0.565649 0.0118557 
200 0.27 521600000 550.977 19.3618 -55.4789 0.811501 3439.7 93.3266 1.71988e+07 1.05619e+06 -0.0047309 0.0040886 -0.000931833 0.00350905 0.0137897 0.000587055 0.000393664 4.0597e-05 0.103747 0.00243507 9.89593 2.74046 92.1048 17.458 1127.78 76.602 1229.78 84.53 1229.78 84.53 0.565649 0.0118557 
200 0.27 522400000 550.977 19.3618 -55.4789 0.811501 3439.7 93.199 1.71988e+07 1.0547e+06 -0.0047309 0.0040886 -0.000931833 0.00350905 0.0137897 0.000587055 0.000393664 4.0597e-05 0.103747 0.00243507 9.89593 2.73615 92.1048 17.4045 1127.78 76.602 1229.78 84.3413 1229.78 84.3413 0.565649 0.0118557 
200 0.27 523200000 550.977 19.3618 -55.4789 0.811501 3439.7 93.0836 1.71988e+07 1.05326e+06 -0.0047309 0.0040886 -0.000931833 0.00350905 0.0137897 0.000587055 0.000393664 4.0597e-05 0.103747 0.00243507 9.89593 2.73186 92.1048 17.4045 1127.78 76.602 1229.78 84.3413 1229.78 84.3413 0.565649 0.0118557 
200 0.27 524000000 550.977 19.3618 -55.4789 0.811501 3439.7 93.0107 1.71988e+07 1.05191e+06 -0.0047309 0.0040886 -0.000931833 0.00350905 0.0137897 0.000587055 0.000393664 4.0597e-05 0.103747 0.00243507 9.89593 2.72759 92.1048 17.3513 1127.78 76.602 1229.78 84.1503 1229.78 84.1503 0.565649 0.0118557 
200 0.27 524800000 550.977 19.3618 -55.4789 0.811501 3439.7 92.8833 1.71988e+07 1.05028e+06 -0.0047309 0.0040886 -0.000931833 0.00350905 0.0137897 0.000587055 0.000393664 4.0597e-05 0.103747 0.00243507 9.89593 2.7233 92.1048 17.3513 1127.78 76.602 1229.78 84.1503 1229.78 84.1503 0.565649 0.0118557 
200 0.27 525600000 550.977 19.3618 -55.4789 0.811501 3439.7 92.7643 1.71988e+07 1.04868e+06 -0.0047309 0.0040886 -0.000931833 0.00350905 0.0137897 0.000587055 0.000393664 4.0597e-05 0.103747 0.00243507 9.89593 2.71904 92.1048 17.2975 1127.78 76.602 1229.78 83.8865 1229.78 83.8865 0.565649 0.0118557 
200 0.27 526400000 550.977 19.3618 -55.4789 0.811501 3439.7 92.64 1.71988e+07 1.04707e+06 -0.0047309 0.0040886 -0.000931833 0.00350905 0.0137897 0.000587055 0.000393664 4.0597e-05 0.103747 0.00243507 9.89593 2.7148 92.1048 17.2975 1127.78 76.602 1229.78 83.8865 1229.78 83.8865 0.565649 0.0118557 
200 0.27 527200000 542.066 20.9895 -55.4624 0.771094 3442.36 92.536 1.73301e+07 1.04568e+06 -0.00479102 0.00376054 -0.000796201 0.00346874 0.013646 0.000630614 0.000386266 4.02023e-05 0.103138 0.00251669 9.69619 2.71056 88.4122 17.245 1119.12 74.0943 1217.23 83.6987 1217.23 83.6987 0.562941 0.0117204 
200 0.27 528000000 542.066 20.9895 -55.4624 0.771094 3442.36 92.5481 1.73301e+07 1.0451e+06 -0.00479102 0.00376054 -0.000796201 0.00346874 0.013646 0.000630614 0.000386266 4.02023e-05 0.103138 0.00251669 9.69619 2.70634 88.4122 17.245 1119.12 74.0943 1217.23 83.6987 1217.23 83.6987 0.562941 0.0117204 
200 0.27 528800000 542.066 20.9895 -55.4624 0.771094 3442.36 92.4095 1.73301e+07 1.04358e+06 -0.00479102 0.00376054 -0.000796201 0.00346874 0.013646 0.000630614 0.000386266 4.02023e-05 0.103138 0.00251669 9.69619 2.70215 88.4122 17.1929 1119.12 73.9321 1217.23 83.5085 1217.23 83.5085 0.562941 0.0117204 
200 0.27 529600000 542.066 20.9895 -55.4624 0.771094 3442.36 92.2874 1.73301e+07 1.04199e+06 -0.00479102 0.00376054 -0.000796201 0.00346874 0.013646 0.000630614 0.000386266 4.02023e-05 0.103138 0.00251669 9.69619 2.69796 88.4122 17.1929 1119.12 73.9321 1217.23 83.5085 1217.23 83.5085 0.562941 0.0117204 
200 0.27 530400000 542.066 20.9895 -55.4624 0.771094 3442.36 92.1542 1.73301e+07 1.04037e+06 -0.00479102 0.00376054 -0.000796201 0.00346874 0.013646 0.000630614 0.000386266 4.02023e-05 0.103138 0.00251669 9.69619 2.69377 88.4122 17.1408 1119.12 73.7743 1217.23 83.3218 1217.23 83.3218 0.562941 0.0117081 
200 0.27 531200000 542.066 20.9895 -55.4624 0.771094 3442.36 92.0297 1.73301e+07 1.03878e+06 -0.00479102 0.00376054 -0.000796201 0.00346874 0.013646 0.000630614 0.000386266 4.02023e-05 0.103138 0.00251669 9.69619 2.6896 88.4122 17.1408 1119.12 73.7743 1217.23 83.3218 1217.23 83.3218 0.562941 0.0117081 
200 0.27 532000000 542.066 20.9895 -55.4624 0.771094 3442.36 91.9461 1.73301e+07 1.03739e+06 -0.00479102 0.00376054 -0.000796201 0.00346874 0.013646 0.000630614 0.000386266 4.02023e-05 0.103138 0.00251669 9.69619 2.68545 88.4122 17.0889 1119.12 73.6653 1217.23 83.1591 1217.23 83.1591 0.562941 0.0117081 
200 0.27 532800000 542.066 20.9895 -55.4624 0.771094 3442.36 91.8069 1.73301e+07 1.03587e+06 -0.00479102 0.00376054 -0.000796201 0.00346874 0.013646 0.000630614 0.000386266 4.02023e-05 0.103138 0.00251669 9.69619 2.6813 88.4122 17.0889 1119.12 73.6653 1217.23 83.1591 1217.23 83.1591 0.562941 0.0117081 
200 0.27 533600000 542.066 20.9895 -55.4624 0.771094 3442.36 91.7473 1.73301e+07 1.03458e+06 -0.00479102 0.00376054 -0.000796201 0.00343247 0.013646 0.000630614 0.000386266 4.05772e-05 0.103138 0.00251669 9.69619 2.67719 88.4122 17.0375 1119.12 73.5016 1217.23 82.9675 1217.23 82.9675 0.562941 0.0116015 
200 0.27 534400000 542.066 20.9895 -55.4624 0.771094 3442.36 91.7126 1.73301e+07 1.03358e+06 -0.00479102 0.00376054 -0.000796201 0.00343247 0.013646 0.000630614 0.000386266 4.05772e-05 0.103138 0.00251669 9.69619 2.67307 88.4122 17.0375 1119.12 73.5016 1217.23 82.9675 1217.23 82.9675 0.562941 0.0116015 
200 0.27 535200000 542.066 20.9895 -55.4624 0.771094 3442.36 91.6964 1.73301e+07 1.03233e+06 -0.00479102 0.00376054 -0.000796201 0.00343247 0.013646 0.000630614 0.000386266 4.05772e-05 0.103138 0.00251669 9.69619 2.66896 88.4122 16.9853 1119.12 73.2756 1217.23 82.7126 1217.23 82.7126 0.562941 0.0116015 
200 0.27 536000000 542.066 20.9895 -55.4624 0.771094 3442.36 91.6272 1.73301e+07 1.03104e+06 -0.00479102 0.00376054 -0.000796201 0.00343247 0.013646 0.000630614 0.000386266 4.05772e-05 0.103138 0.00251669 9.69619 2.66486 88.4122 16.9853 1119.12 73.2756 1217.23 82.7126 1217.23 82.7126 0.562941 0.0116015 
200 0.27 536800000 542.066 20.9895 -55.4624 0.771094 3442.36 91.571 1.73301e+07 1.02977e+06 -0.00479102 0.00376054 -0.000796201 0.00343247 0.013646 0.000630614 0.000386266 4.05772e-05 0.103138 0.00251669 9.69619 2.66078 88.4122 16.9334 1119.12 73.2598 1217.23 82.4591 1217.23 82.4591 0.562941 0.0115736 
200 0.27 537600000 542.066 20.9895 -55.4624 0.771094 3442.36 91.4317 1.73301e+07 1.02821e+06 -0.00479102 0.00376054 -0.000796201 0.00343247 0.013646 0.000630614 0.000386266 4.05772e-05 0.103138 0.00251669 9.69619 2.65672 88.4122 16.9334 1119.12 73.2598 1217.23 82.4591 1217.23 82.4591 0.562941 0.0115736 
200 0.27 538400000 542.066 20.9895 -55.4624 0.771094 3442.36 91.3152 1.73301e+07 1.02683e+06 -0.00479102 0.00376054 -0.000796201 0.00343247 0.013646 0.000630614 0.000386266 4.05772e-05 0.103138 0.00251669 9.69619 2.65269 88.4122 16.8821 1119.12 73.2598 1217.23 82.228 1217.23 82.228 0.562941 0.0115736 
200 0.27 539200000 542.066 20.9895 -55.4624 0.771094 3442.36 91.2813 1.73301e+07 1.02584e+06 -0.00479102 0.00376054 -0.000796201 0.00343247 0.013646 0.000630614 0.000386266 4.05772e-05 0.103138 0.00251669 9.69619 2.64864 88.4122 16.8821 1119.12 73.2598 1217.23 82.228 1217.23 82.228 0.562941 0.0115736 
200 0.27 540000000 542.066 20.9895 -55.4624 0.771094 3442.36 91.2322 1.73301e+07 1.02459e+06 -0.00479102 0.00376054 -0.000796201 0.00340734 0.013646 0.000630614 0.000386266 4.01876e-05 0.103138 0.00251669 9.69619 2.6446 88.4122 16.8321 1119.12 73.2598 1217.23 82.0952 1217.23 82.0952 0.562941 0.0115089 
200 0.27 540800000 542.066 20.9895 -55.4624 0.771094 3442.36 91.104 1.73301e+07 1.02304e+06 -0.00479102 0.00376054 -0.000796201 0.00340734 0.013646 0.000630614 0.000386266 4.01876e-05 0.103138 0.00251669 9.69619 2.64058 88.4122 16.8321 1119.12 73.2598 1217.23 82.0952 1217.23 82.0952 0.562941 0.0115089 
200 0.27 541600000 542.066 20.9895 -55.4624 0.771094 3442.36 91.0103 1.73301e+07 1.02173e+06 -0.00479102 0.00376054 -0.000796201 0.00340734 0.013646 0.000630614 0.000386266 4.01876e-05 0.103138 0.00251669 9.69619 2.63657 88.4122 16.7824 1119.12 73.2598 1217.23 81.9211 1217.23 81.9211 0.562941 0.0115089 
200 0.27 542400000 542.066 20.9895 -55.4624 0.771094 3442.36 90.887 1.73301e+07 1.02034e+06 -0.00479102 0.00376054 -0.000796201 0.00340734 0.013646 0.000630614 0.000386266 4.01876e-05 0.103138 0.00251669 9.69619 2.63258 88.4122 16.7824 1119.12 73.2598 1217.23 81.9211 1217.23 81.9211 0.562941 0.0115089 
200 0.27 543200000 542.066 20.9895 -55.4624 0.771094 3442.36 90.8122 1.73301e+07 1.01904e+06 -0.00479102 0.00376054 -0.000796201 0.00340734 0.013646 0.000630614 0.000386266 4.01876e-05 0.103138 0.00251669 9.69619 2.6286 88.4122 16.7332 1119.12 73.2598 1217.23 81.7424 1217.23 81.7424 0.562941 0.0115089 
200 0.27 544000000 542.066 20.9895 -55.4624 0.771094 3442.36 90.6897 1.73301e+07 1.01751e+06 -0.00479102 0.00376054 -0.000796201 0.00340734 0.013646 0.000630614 0.000386266 4.01876e-05 0.103138 0.00251669 9.69619 2.62463 88.4122 16.7332 1119.12 73.2598 1217.23 81.7424 1217.23 81.7424 0.562941 0.0115089 
200 0.27 544800000 542.066 20.9895 -55.4624 0.771094 3442.36 90.555 1.73301e+07 1.01605e+06 -0.00479102 0.00376054 -0.000796201 0.00340734 0.013646 0.000630614 0.000386266 4.01876e-05 0.103138 0.00251669 9.69619 2.62067 88.4122 16.6833 1119.12 73.2598 1217.23 81.4998 1217.23 81.4998 0.562941 0.0115089 
200 0.27 545600000 542.066 20.9895 -55.4624 0.771094 3442.36 90.4696 1.73301e+07 1.01478e+06 -0.00479102 0.00376054 -0.000796201 0.00340734 0.013646 0.000630614 0.000386266 4.01876e-05 0.103138 0.00251669 9.69619 2.61673 88.4122 16.6833 1119.12 73.2598 1217.23 81.4998 1217.23 81.4998 0.562941 0.0115089 
200 0.27 546400000 542.066 20.9895 -55.4624 0.771094 3442.36 90.4678 1.73301e+07 1.01358e+06 -0.00479102 0.00376054 -0.000796201 0.00336958 0.013646 0.000630614 0.000386266 3.97037e-05 0.103138 0.00251669 9.69619 2.6128 88.4122 16.6346 1119.12 73.2598 1217.23 81.3305 1217.23 81.3305 0.562941 0.0114908 
200 0.27 547200000 542.066 20.9895 -55.4624 0.771094 3442.36 90.3623 1.73301e+07 1.01212e+06 -0.00479102 0.00376054 -0.000796201 0.00336958 0.013646 0.000630614 0.000386266 3.97037e-05 0.103138 0.00251669 9.69619 2.6089 88.4122 16.6346 1119.12 73.2598 1217.23 81.3305 1217.23 81.3305 0.562941 0.0114908 
200 0.27 548000000 542.066 20.9895 -55.4624 0.771094 3442.36 90.227 1.73301e+07 1.01065e+06 -0.00479102 0.00376054 -0.000796201 0.00336958 0.013646 0.000630614 0.000386266 3.97037e-05 0.103138 0.00251669 9.69619 2.60498 88.4122 16.586 1119.12 73.2598 1217.23 81.1587 1217.23 81.1587 0.562941 0.0114908 
200 0.27 548800000 542.066 20.9895 -55.4624 0.771094 3442.36 90.0978 1.73301e+07 1.00914e+06 -0.00479102 0.00376054 -0.000796201 0.00336958 0.013646 0.000630614 0.000386266 3.97037e-05 0.103138 0.00251669 9.69619 2.60109 88.4122 16.586 1119.12 73.2598 1217.23 81.1587 1217.23 81.1587 0.562941 0.0114908 
200 0.27 549600000 542.066 20.9895 -55.4624 0.771094 3442.36 89.9832 1.73301e+07 1.0078e+06 -0.00479102 0.00376054 -0.000796201 0.00336958 0.013646 0.000630614 0.000386266 3.97037e-05 0.103138 0.00251669 9.69619 2.59721 88.4122 16.5374 1119.12 73.2598 1217.23 81.1266 1217.23 81.1266 0.562941 0.0114908 
200 0.27 550400000 542.066 20.9895 -55.4624 0.771094 3442.36 89.8741 1.73301e+07 1.00634e+06 -0.00479102 0.00376054 -0.000796201 0.00336958 0.013646 0.000630614 0.000386266 3.97037e-05 0.103138 0.00251669 9.69619 2.59334 88.4122 16.5374 1119.12 73.2598 1217.23 81.1266 1217.23 81.1266 0.562941 0.0114908 
200 0.27 551200000 542.066 20.9895 -55.4624 0.771094 3442.36 89.7661 1.73301e+07 1.00503e+06 -0.00479102 0.00376054 -0.000796201 0.00336958 0.013646 0.000630614 0.000386266 3.97037e-05 0.103138 0.00251669 9.69619 2.58948 88.4122 16.4895 1119.12 73.2598 1217.23 80.9504 1217.23 80.9504 0.562941 0.0114908 
200 0.27 552000000 542.066 20.9895 -55.4624 0.771094 3442.36 89.6461 1.73301e+07 1.00355e+06 -0.00479102 0.00376054 -0.000796201 0.00336958 0.013646 0.000630614 0.000386266 3.97037e-05 0.103138 0.00251669 9.69619 2.58572 88.4122 16.4895 1119.12 73.2598 1217.23 80.9504 1217.23 80.9504 0.562941 0.0114908 
200 0.27 552800000 542.066 20.9895 -55.4624 0.738342 3442.36 89.6046 1.73301e+07 1.00236e+06 -0.00479102 0.00376054 -0.000796201 0.00333946 0.013646 0.000630614 0.000386266 3.92971e-05 0.103138 0.00251669 9.69619 2.58188 88.4122 16.4413 1119.12 71.6779 1217.23 80.7349 1217.23 80.7349 0.562941 0.0113546 
200 0.27 553600000 542.066 20.9895 -55.4624 0.738491 3442.36 89.7018 1.73301e+07 1.00291e+06 -0.00479102 0.00376054 -0.000796201 0.00333946 0.013646 0.000630614 0.000386266 3.92971e-05 0.103138 0.00251669 9.69619 2.57805 88.4122 16.4413 1119.12 71.6779 1217.23 80.7349 1217.23 80.7349 0.562941 0.0113546 
200 0.27 554400000 542.066 20.9895 -55.4624 0.738342 3442.36 89.5743 1.73301e+07 1.00142e+06 -0.00479102 0.00376054 -0.000796201 0.0033314 0.013646 0.000630614 0.000386266 3.92971e-05 0.103138 0.00251669 9.69619 2.57424 88.4122 16.3936 1119.12 71.5296 1217.23 80.5601 1217.23 80.5601 0.562941 0.0113546 
200 0.27 555200000 542.066 20.9895 -55.4624 0.738342 3442.36 89.459 1.73301e+07 1.0001e+06 -0.00479102 0.00376054 -0.000796201 0.0033314 0.013646 0.000630614 0.000386266 3.92971e-05 0.103138 0.00251669 9.69619 2.57043 88.4122 16.3936 1119.12 71.5296 1217.23 80.5601 1217.23 80.5601 0.562941 0.0113546 
200 0.27 556000000 542.066 20.9895 -55.4624 0.738342 3442.36 89.3443 1.73301e+07 998784 -0.00479102 0.00376054 -0.000796201 0.00333285 0.013646 0.000630614 0.000386266 3.92971e-05 0.103138 0.00251669 9.69619 2.56664 88.4122 16.3465 1119.12 71.3876 1217.23 80.393 1217.23 80.393 0.562941 0.0113546 
200 0.27 556800000 542.066 20.9895 -55.4624 0.738342 3442.36 89.3075 1.73301e+07 997818 -0.00479102 0.00376054 -0.000796201 0.00333285 0.013646 0.000630614 0.000386266 3.92971e-05 0.103138 0.00251669 9.69619 2.56285 88.4122 16.3465 1119.12 71.3876 1217.23 80.393 1217.23 80.393 0.562941 0.0113546 
200 0.27 557600000 542.066 20.9895 -55.4624 0.738342 3442.36 89.2012 1.73301e+07 996395 -0.00479102 0.00376054 -0.000796201 0.00332963 0.013646 0.000630614 0.000386266 3.92971e-05 0.103138 0.00251669 9.69619 3.03663 88.4122 16.7614 1119.12 73.1056 1217.23 83.1788 1217.23 83.1788 0.562941 0.0113546 
200 0.27 558400000 542.066 20.9895 -55.4624 0.738342 3442.36 89.1028 1.73301e+07 995141 -0.00479102 0.00376054 -0.000796201 0.00332963 0.013646 0.000630614 0.000386266 3.92971e-05 0.103138 0.00251669 9.69619 3.03217 88.4122 16.7614 1119.12 73.1056 1217.23 83.1788 1217.23 83.1788 0.562941 0.0113546 
200 0.27 559200000 542.066 20.9895 -55.4624 0.738342 3442.36 88.9999 1.73301e+07 993877 -0.00479102 0.00376054 -0.000796201 0.00331459 0.013646 0.000630614 0.000386266 3.8885e-05 0.103138 0.00251669 9.69619 3.02773 88.4122 16.7134 1119.12 72.9582 1217.23 83.0024 1217.23 83.0024 0.562941 0.0113417 
200 0.27 560000000 542.066 20.9895 -55.4624 0.738342 3442.36 88.902 1.73301e+07 992630 -0.00479102 0.00376054 -0.000796201 0.00331459 0.013646 0.000630614 0.000386266 3.8885e-05 0.103138 0.00251669 9.69619 3.02329 88.4122 16.7134 1119.12 72.9582 1217.23 83.0024 1217.23 83.0024 0.562941 0.0113417 
200 0.27 560800000 542.066 20.9895 -55.4624 0.738342 3442.36 88.8816 1.73301e+07 991488 -0.00479102 0.00376054 -0.000796201 0.003312 0.013646 0.000630614 0.000386266 3.8885e-05 0.103138 0.00251669 9.69619 3.01888 88.4122 16.6658 1119.12 72.812 1217.23 82.8276 1217.23 82.8276 0.562941 0.0113417 
200 0.27 561600000 542.066 20.9895 -55.4624 0.738342 3442.36 88.7535 1.73301e+07 990106 -0.00479102 0.00376054 -0.000796201 0.003312 0.013646 0.000630614 0.000386266 3.8885e-05 0.103138 0.00251669 9.69619 3.01446 88.4122 16.6658 1119.12 72.812 1217.23 82.8276 1217.23 82.8276 0.562941 0.0113417 
200 0.27 562400000 542.066 20.9895 -55.4624 0.738342 3442.36 88.6338 1.73301e+07 988785 -0.00479102 0.00376054 -0.000796201 0.003312 0.013646 0.000630614 0.000386266 3.8885e-05 0.103138 0.00251669 9.69619 3.01006 88.4122 16.6183 1119.12 72.661 1217.23 82.648 1217.23 82.648 0.562941 0.0113417 
200 0.27 563200000 542.066 20.9895 -55.4624 0.738342 3442.36 88.5124 1.73301e+07 987342 -0.00479102 0.00376054 -0.000796201 0.003312 0.013646 0.000630614 0.000386266 3.8885e-05 0.103138 0.00251669 9.69619 3.00569 88.4122 16.6183 1119.12 72.661 1217.23 82.648 1217.23 82.648 0.562941 0.0113417 
200 0.27 564000000 542.066 20.9895 -55.4624 0.738342 3442.36 88.3993 1.73301e+07 986056 -0.00479102 0.00376054 -0.000796201 0.003312 0.013646 0.000630614 0.000386266 3.8885e-05 0.103138 0.00251669 9.69619 3.00133 88.4122 16.5709 1119.12 72.5258 1217.23 82.4673 1217.23 82.4673 0.562941 0.0113417 
200 0.27 564800000 542.066 20.9895 -55.4624 0.738342 3442.36 88.3003 1.73301e+07 984822 -0.00479102 0.00376054 -0.000796201 0.003312 0.013646 0.000630614 0.000386266 3.8885e-05 0.103138 0.00251669 9.69619 2.99698 88.4122 16.5709 1119.12 72.5258 1217.23 82.4673 1217.23 82.4673 0.562941 0.0113417 
200 0.27 565600000 542.066 20.9895 -55.4624 0.738342 3442.36 88.1819 1.73301e+07 983394 -0.00479102 0.00376054 -0.000796201 0.00328163 0.013646 0.000630614 0.000386266 3.85541e-05 0.103138 0.00251669 9.69619 2.99263 88.4122 16.5242 1119.12 72.3802 1217.23 82.2943 1217.23 82.2943 0.562941 0.0112685 
200 0.27 566400000 542.066 20.9895 -55.4624 0.738342 3442.36 88.064 1.73301e+07 982092 -0.00479102 0.00376054 -0.000796201 0.00328163 0.013646 0.000630614 0.000386266 3.85541e-05 0.103138 0.00251669 9.69619 2.98831 88.4122 16.5242 1119.12 72.3802 1217.23 82.2943 1217.23 82.2943 0.562941 0.0112685 
200 0.27 567200000 542.066 20.9895 -55.4624 0.738342 3442.36 88.006 1.73301e+07 980944 -0.00479102 0.00376054 -0.000796201 0.00328163 0.013646 0.000630614 0.000386266 3.85541e-05 0.103138 0.00251669 9.69619 2.98399 88.4122 16.4777 1119.12 72.2207 1217.23 82.0926 1217.23 82.0926 0.562941 0.0112685 
200 0.27 568000000 542.066 20.9895 -55.4624 0.738342 3442.36 87.9578 1.73301e+07 979909 -0.00479102 0.00376054 -0.000796201 0.00328163 0.013646 0.000630614 0.000386266 3.85541e-05 0.103138 0.00251669 9.69619 2.97969 88.4122 16.4777 1119.12 72.2207 1217.23 82.0926 1217.23 82.0926 0.562941 0.0112685 
200 0.27 568800000 542.066 20.9895 -55.4624 0.738342 3442.36 87.8766 1.73301e+07 978732 -0.00479102 0.00376054 -0.000796201 0.00328163 0.013646 0.000630614 0.000386266 3.85541e-05 0.103138 0.00251669 9.69619 2.9754 88.4122 16.4317 1119.12 72.0796 1217.23 81.9245 1217.23 81.9245 0.562941 0.0112685 
200 0.27 569600000 542.066 20.9895 -55.4624 0.738342 3442.36 87.8219 1.73301e+07 977597 -0.00479102 0.00376054 -0.000796201 0.00328163 0.013646 0.000630614 0.000386266 3.85541e-05 0.103138 0.00251669 9.69619 2.97111 88.4122 16.4317 1119.12 72.0796 1217.23 81.9245 1217.23 81.9245 0.562941 0.0112685 
200 0.27 570400000 542.066 20.9895 -55.4624 0.738342 3442.36 87.741 1.73301e+07 976425 -0.00479102 0.00376054 -0.000796201 0.00328163 0.013646 0.000630614 0.000386266 3.85541e-05 0.103138 0.00251669 9.69619 2.96684 88.4122 16.3854 1119.12 71.9529 1217.23 81.7518 1217.23 81.7518 0.562941 0.0112685 
200 0.27 571200000 542.066 20.9895 -55.4624 0.738342 3442.36 87.6249 1.73301e+07 975024 -0.00479102 0.00376054 -0.000796201 0.00328163 0.013646 0.000630614 0.000386266 3.85541e-05 0.103138 0.00251669 9.69619 2.96258 88.4122 16.3854 1119.12 71.9529 1217.23 81.7518 1217.23 81.7518 0.562941 0.0112685 
200 0.27 572000000 542.066 20.9895 -55.4624 0.738342 3442.36 87.5 1.73301e+07 973633 -0.00479102 0.00376054 -0.000796201 0.00326839 0.013646 0.000630614 0.000386266 3.8116e-05 0.103138 0.00251669 9.69619 2.95835 88.4122 16.339 1119.12 71.8021 1217.23 81.5716 1217.23 81.5716 0.562941 0.0111414 
200 0.27 572800000 542.066 20.9895 -55.4624 0.738342 3442.36 87.3876 1.73301e+07 972246 -0.00479102 0.00376054 -0.000796201 0.00326839 0.013646 0.000630614 0.000386266 3.8116e-05 0.103138 0.00251669 9.69619 2.95412 88.4122 16.339 1119.12 71.8021 1217.23 81.5716 1217.23 81.5716 0.562941 0.0111414 
200 0.27 573600000 542.066 20.9895 -55.4624 0.738342 3442.36 87.3809 1.73301e+07 971595 -0.00479102 0.00376054 -0.000796201 0.00326966 0.013646 0.000630614 0.000386266 3.8116e-05 0.103138 0.00251669 9.69619 2.94989 88.4122 16.2935 1119.12 71.6596 1217.23 81.402 1217.23 81.402 0.562941 0.0111414 
200 0.27 574400000 542.066 20.9895 -55.4624 0.738342 3442.36 88.1651 1.73301e+07 988728 -0.00479102 0.00376054 -0.000796201 0.00326966 0.013646 0.000630614 0.000386266 3.8116e-05 0.103138 0.00251669 9.69619 2.9457 88.4122 16.2935 1119.12 71.6596 1217.23 81.402 1217.23 81.402 0.562941 0.0111414 
200 0.27 575200000 542.066 20.9895 -55.4624 0.738342 3442.36 88.0415 1.73301e+07 987387 -0.00479102 0.00376054 -0.000796201 0.00327207 0.013646 0.000630614 0.000386266 3.8116e-05 0.103138 0.00251669 9.69619 2.94149 88.4122 16.248 1119.12 71.465 1217.23 81.1816 1217.23 81.1816 0.562941 0.0111414 
200 0.27 576000000 542.066 20.9895 -55.4624 0.738342 3442.36 87.924 1.73301e+07 986092 -0.00479102 0.00376054 -0.000796201 0.00327207 0.013646 0.000630614 0.000386266 3.8116e-05 0.103138 0.00251669 9.69619 2.93733 88.4122 16.248 1119.12 71.465 1217.23 81.1816 1217.23 81.1816 0.562941 0.0111414 
200 0.27 576800000 542.066 20.9895 -55.4624 0.738342 3442.36 87.8723 1.73301e+07 985032 -0.00479102 0.00376054 -0.000796201 0.003263 0.013646 0.000630614 0.000386266 3.8116e-05 0.103138 0.00251669 9.69619 2.93315 88.4122 16.2027 1119.12 71.3198 1217.23 80.9955 1217.23 80.9955 0.562941 0.0111414 
200 0.27 577600000 542.066 20.9895 -55.4624 0.738342 3442.36 87.7474 1.73301e+07 983670 -0.00479102 0.00376054 -0.000796201 0.003263 0.013646 0.000630614 0.000386266 3.8116e-05 0.103138 0.00251669 9.69619 2.92899 88.4122 16.2027 1119.12 71.3198 1217.23 80.9955 1217.23 80.9955 0.562941 0.0111414 
200 0.27 578400000 541.503 19.0889 -55.4624 0.720011 3441.04 87.6253 1.72462e+07 982276 -0.00432466 0.00376054 -0.00130963 0.00325477 0.0136049 0.000630614 0.000387557 3.78569e-05 0.102735 0.00251669 11.0213 2.92483 88.0156 16.2239 1119.01 71.6711 1218.05 81.4273 1218.05 81.4273 0.559849 0.011034 
200 0.27 579200000 541.503 19.0889 -55.4624 0.719809 3441.04 87.5981 1.72462e+07 981428 -0.00432466 0.00376054 -0.00130963 0.00325477 0.0136049 0.000630614 0.000387557 3.78569e-05 0.102735 0.00251669 11.0213 2.92069 88.0156 16.2239 1119.01 71.6711 1218.05 81.4273 1218.05 81.4273 0.559849 0.011034 
200 0.27 580000000 541.503 19.0889 -55.4624 0.719125 3441.04 87.513 1.72462e+07 980259 -0.00432466 0.00376054 -0.00130963 0.00324979 0.0136049 0.000630614 0.000387557 3.78569e-05 0.102735 0.00251669 11.0213 2.91655 88.0156 16.1788 1119.01 71.4685 1218.05 81.1967 1218.05 81.1967 0.559849 0.011034 
200 0.27 580800000 541.503 19.0889 -55.4624 0.718529 3441.04 87.4291 1.72462e+07 978995 -0.00432466 0.00376054 -0.00130963 0.00324979 0.0136049 0.000630614 0.000387557 3.78569e-05 0.102735 0.00251669 11.0213 2.91243 88.0156 16.1788 1119.01 71.4685 1218.05 81.1967 1218.05 81.1967 0.559849 0.011034 
200 0.27 581600000 541.503 19.0889 -55.4624 0.71812 3441.04 87.3633 1.72462e+07 977868 -0.00432466 0.00376054 -0.00130963 0.00325155 0.0136049 0.000630614 0.000387557 3.78569e-05 0.102735 0.00251669 11.0213 2.90832 88.0156 16.1344 1119.01 71.4271 1218.05 81.0967 1218.05 81.0967 0.559849 0.011034 
200 0.27 582400000 541.503 19.0889 -55.4624 0.717125 3441.04 87.2401 1.72462e+07 976515 -0.00432466 0.00376054 -0.00130963 0.00325155 0.0136049 0.000630614 0.000387557 3.78569e-05 0.102735 0.00251669 11.0213 2.90422 88.0156 16.1344 1119.01 71.4271 1218.05 81.0967 1218.05 81.0967 0.559849 0.011034 
200 0.27 583200000 541.503 19.0889 -55.4624 0.716145 3441.04 87.1175 1.72462e+07 975158 -0.00432466 0.00376054 -0.00130963 0.00324963 0.0136049 0.000630614 0.000387557 3.78569e-05 0.102735 0.00251669 11.0213 2.90013 88.0156 16.0898 1119.01 71.2322 1218.05 80.8719 1218.05 80.8719 0.559849 0.011034 
200 0.27 584000000 541.503 19.0889 -55.4624 0.715626 3441.04 87.0449 1.72462e+07 974028 -0.00432466 0.00376054 -0.00130963 0.00324963 0.0136049 0.000630614 0.000387557 3.78569e-05 0.102735 0.00251669 11.0213 2.89607 88.0156 16.0898 1119.01 71.2322 1218.05 80.8719 1218.05 80.8719 0.559849 0.011034 
200 0.27 584800000 541.503 19.0889 -55.4624 0.714907 3441.04 86.9576 1.72462e+07 972869 -0.00432466 0.00376054 -0.00130963 0.00323541 0.0136049 0.000630614 0.000387557 3.74318e-05 0.102735 0.00251669 11.0213 2.89201 88.0156 16.046 1119.01 71.0954 1218.05 80.7094 1218.05 80.7094 0.559849 0.0110122 
200 0.27 585600000 541.503 19.0889 -55.4624 0.713997 3441.04 86.8398 1.72462e+07 971505 -0.00432466 0.00376054 -0.00130963 0.00323541 0.0136049 0.000630614 0.000387557 3.74318e-05 0.102735 0.00251669 11.0213 2.88796 88.0156 16.046 1119.01 71.0954 1218.05 80.7094 1218.05 80.7094 0.559849 0.0110122 
200 0.27 586400000 541.503 19.0889 -55.4624 0.713008 3441.04 86.7182 1.72462e+07 970176 -0.00432466 0.00376054 -0.00130963 0.00323272 0.0136049 0.000630614 0.000387557 3.74318e-05 0.102735 0.00251669 11.0213 2.88391 88.0156 16.0022 1119.01 70.8972 1218.05 80.4835 1218.05 80.4835 0.559849 0.0110122 
200 0.27 587200000 541.503 19.0889 -55.4624 0.712594 3441.04 86.6591 1.72462e+07 969086 -0.00432466 0.00376054 -0.00130963 0.00323272 0.0136049 0.000630614 0.000387557 3.74318e-05 0.102735 0.00251669 11.0213 2.87989 88.0156 16.0022 1119.01 70.8972 1218.05 80.4835 1218.05 80.4835 0.559849 0.0110122 
200 0.27 588000000 541.503 19.0889 -55.4624 0.711818 3441.04 86.5671 1.72462e+07 967926 -0.00432466 0.00376054 -0.00130963 0.00323495 0.0136049 0.000630614 0.000387557 3.74318e-05 0.102735 0.00251669 11.0213 2.87589 88.0156 15.9586 1119.01 70.7951 1218.05 80.3347 1218.05 80.3347 0.559849 0.0110122 
200 0.27 588800000 541.503 19.0889 -55.4624 0.711869 3441.04 86.5262 1.72462e+07 966853 -0.00432466 0.00376054 -0.00130963 0.00323495 0.0136049 0.000630614 0.000387557 3.74318e-05 0.102735 0.00251669 11.0213 2.87188 88.0156 15.9586 1119.01 70.7951 1218.05 80.3347 1218.05 80.3347 0.559849 0.0110122 
200 0.27 589600000 541.503 19.0889 -55.4624 0.712179 3441.04 86.5866 1.72462e+07 966984 -0.00432466 0.00376054 -0.00130963 0.00323463 0.0136049 0.000630614 0.000387557 3.74318e-05 0.102735 0.00251669 11.0213 2.8679 88.0156 15.9153 1119.01 70.6262 1218.05 80.141 1218.05 80.141 0.559849 0.0110122 
200 0.27 590400000 541.503 19.0889 -55.4624 0.711245 3441.04 86.4783 1.72462e+07 965771 -0.00432466 0.00376054 -0.00130963 0.00323463 0.0136049 0.000630614 0.000387557 3.74318e-05 0.102735 0.00251669 11.0213 2.86394 88.0156 15.9153 1119.01 70.6262 1218.05 80.141 1218.05 80.141 0.559849 0.0110122 
200 0.27 591200000 541.503 19.0889 -55.4624 0.710341 3441.04 86.3735 1.72462e+07 964575 -0.00432466 0.00376054 -0.00130963 0.00322853 0.0136049 0.000630614 0.000387557 3.70817e-05 0.102735 0.00251669 11.0213 2.85996 88.0156 15.872 1119.01 70.492 1218.05 79.9664 1218.05 79.9664 0.559849 0.0110962 
200 0.27 592000000 541.503 19.0889 -55.4624 0.710996 3441.04 86.3547 1.72462e+07 963526 -0.00432466 0.00376054 -0.00130963 0.00322853 0.0136049 0.000630614 0.000387557 3.70817e-05 0.102735 0.00251669 11.0213 2.85601 88.0156 15.872 1119.01 70.492 1218.05 79.9664 1218.05 79.9664 0.559849 0.0110962 
200 0.27 592800000 541.503 19.0889 -55.4624 0.710017 3441.04 86.2391 1.72462e+07 962275 -0.00432466 0.00376054 -0.00130963 0.003226 0.0136049 0.000630614 0.000387557 3.70817e-05 0.102735 0.00251669 11.0213 2.85206 88.0156 15.8294 1119.01 70.3594 1218.05 79.8088 1218.05 79.8088 0.559849 0.0110962 
200 0.27 593600000 541.503 19.0889 -55.4624 0.709054 3441.04 86.1199 1.72462e+07 960968 -0.00432466 0.00376054 -0.00130963 0.003226 0.0136049 0.000630614 0.000387557 3.70817e-05 0.102735 0.00251669 11.0213 2.84813 88.0156 15.8294 1119.01 70.3594 1218.05 79.8088 1218.05 79.8088 0.559849 0.0110962 
200 0.27 594400000 541.503 19.0889 -55.4624 0.708922 3441.04 86.0313 1.72462e+07 959835 -0.00432466 0.00376054 -0.00130963 0.00322655 0.0136049 0.000630614 0.000387557 3.70817e-05 0.102735 0.00251669 11.0213 2.8442 88.0156 15.7869 1119.01 70.2297 1218.05 79.6535 1218.05 79.6535 0.559849 0.0110962 
200 0.27 595200000 541.503 19.0889 -55.4624 0.709131 3441.04 86.0173 1.72462e+07 958798 -0.00432466 0.00376054 -0.00130963 0.00322655 0.0136049 0.000630614 0.000387557 3.70817e-05 0.102735 0.00251669 11.0213 2.84029 88.0156 15.7869 1119.01 70.2297 1218.05 79.6535 1218.05 79.6535 0.559849 0.0110962 
200 0.27 596000000 541.503 19.0889 -55.4624 0.708922 3441.04 85.9252 1.72462e+07 957659 -0.00432466 0.00376054 -0.00130963 0.0032186 0.0136049 0.000630614 0.000387557 3.70817e-05 0.102735 0.00251669 11.0213 2.83638 88.0156 15.7445 1119.01 70.0982 1218.05 79.4961 1218.05 79.4961 0.559849 0.0110962 
200 0.27 596800000 541.503 19.0889 -55.4624 0.708922 3441.04 85.8399 1.72462e+07 956541 -0.00432466 0.00376054 -0.00130963 0.0032186 0.0136049 0.000630614 0.000387557 3.70817e-05 0.102735 0.00251669 11.0213 2.83249 88.0156 15.7445 1119.01 70.0982 1218.05 79.4961 1218.05 79.4961 0.559849 0.0110962 
200 0.27 597600000 541.503 19.0889 -55.4624 0.708922 3441.04 85.7232 1.72462e+07 955283 -0.00432466 0.00376054 -0.00130963 0.00321354 0.0136049 0.000630614 0.000387557 3.6726e-05 0.102735 0.00251669 11.0213 2.82861 88.0156 15.7024 1119.01 69.97 1218.05 79.3426 1218.05 79.3426 0.559849 0.0115006 
200 0.27 598400000 541.503 19.0889 -55.4624 0.708922 3441.04 85.696 1.72462e+07 954249 -0.00432466 0.00376054 -0.00130963 0.00321354 0.0136049 0.000630614 0.000387557 3.6726e-05 0.102735 0.00251669 11.0213 2.82473 88.0156 15.7024 1119.01 69.97 1218.05 79.3426 1218.05 79.3426 0.559849 0.0115006 
200 0.27 599200000 541.503 19.0889 -55.4624 0.708922 3441.04 85.5887 1.72462e+07 952946 -0.00432466 0.00376054 -0.00130963 0.0032048 0.0136049 0.000630614 0.000387557 3.6726e-05 0.102735 0.00251669 11.0213 2.82087 88.0156 15.6604 1119.01 69.838 1218.05 79.1852 1218.05 79.1852 0.559849 0.0115006 
200 0.27 600000000 541.503 19.0889 -55.4624 0.708922 3441.04 85.4816 1.72462e+07 951760 -0.00432466 0.00376054 -0.00130963 0.0032048 0.0136049 0.000630614 0.000387557 3.6726e-05 0.102735 0.00251669 11.0213 2.81703 88.0156 15.6604 1119.01 69.838 1218.05 79.1852 1218.05 79.1852 0.559849 0.0115006 
200 0.27 600800000 541.503 19.0889 -55.4624 0.708922 3441.04 85.3716 1.72462e+07 950560 -0.00432466 0.00376054 -0.00130963 0.00320037 0.0136049 0.000630614 0.000387557 3.6726e-05 0.102735 0.00251669 11.0213 2.81319 88.0156 15.619 1119.01 69.7072 1218.05 79.0302 1218.05 79.0302 0.559849 0.0115006 
200 0.27 601600000 541.503 19.0889 -55.4624 0.708922 3441.04 85.3577 1.72462e+07 949543 -0.00432466 0.00376054 -0.00130963 0.00320037 0.0136049 0.000630614 0.000387557 3.6726e-05 0.102735 0.00251669 11.0213 2.80937 88.0156 15.619 1119.01 69.7072 1218.05 79.0302 1218.05 79.0302 0.559849 0.0115006 
200 0.27 602400000 541.503 19.0889 -55.4624 0.708922 3441.04 85.2725 1.72462e+07 948441 -0.00432466 0.00376054 -0.00130963 0.00319166 0.0136049 0.000630614 0.000387557 3.6726e-05 0.102735 0.00251669 11.0213 2.80555 88.0156 15.5777 1119.01 69.5701 1218.05 78.8693 1218.05 78.8693 0.559849 0.0115006 
200 0.27 603200000 541.503 19.0889 -55.4624 0.708922 3441.04 85.2113 1.72462e+07 947389 -0.00432466 0.00376054 -0.00130963 0.00319166 0.0136049 0.000630614 0.000387557 3.6726e-05 0.102735 0.00251669 11.0213 2.80175 88.0156 15.5777 1119.01 69.5701 1218.05 78.8693 1218.05 78.8693 0.559849 0.0115006 
200 0.27 604000000 541.503 19.0889 -55.4624 0.73754 3441.04 85.0978 1.72462e+07 946105 -0.00432466 0.00376054 -0.00130963 0.00318771 0.0136049 0.000630614 0.000387557 3.63983e-05 0.102735 0.00251669 11.0213 2.79797 88.0156 15.5367 1119.01 69.4345 1218.05 78.71 1218.05 78.71 0.559849 0.0113816 
200 0.27 604800000 541.503 19.0889 -55.4624 0.73754 3441.04 85.0343 1.72462e+07 945054 -0.00432466 0.00376054 -0.00130963 0.00318771 0.0136049 0.000630614 0.000387557 3.63983e-05 0.102735 0.00251669 11.0213 2.79417 88.0156 15.5367 1119.01 69.4345 1218.05 78.71 1218.05 78.71 0.559849 0.0113816 
200 0.27 605600000 541.503 19.0889 -55.4624 0.73754 3441.04 85.1202 1.72462e+07 945546 -0.00432466 0.00376054 -0.00130963 0.00317908 0.0136049 0.000630614 0.000387557 3.63983e-05 0.102735 0.00251669 11.0213 2.79041 88.0156 15.4958 1119.01 69.3034 1218.05 78.5548 1218.05 78.5548 0.559849 0.0113816 
200 0.27 606400000 541.503 19.0889 -55.4624 0.73754 3441.04 85.0053 1.72462e+07 944305 -0.00432466 0.00376054 -0.00130963 0.00317908 0.0136049 0.000630614 0.000387557 3.63983e-05 0.102735 0.00251669 11.0213 2.78665 88.0156 15.4958 1119.01 69.3034 1218.05 78.5548 1218.05 78.5548 0.559849 0.0113816 
200 0.27 607200000 541.503 19.0889 -55.4624 0.73754 3441.04 84.9566 1.72462e+07 943334 -0.00432466 0.00376054 -0.00130963 0.0031874 0.0136049 0.000630614 0.000387557 3.63983e-05 0.102735 0.00251669 11.0213 2.78289 88.0156 15.4549 1119.01 69.1736 1218.05 78.4002 1218.05 78.4002 0.559849 0.0113816 
200 0.27 608000000 541.503 19.0889 -55.4624 0.73754 3441.04 84.8815 1.72462e+07 942271 -0.00432466 0.00376054 -0.00130963 0.0031874 0.0136049 0.000630614 0.000387557 3.63983e-05 0.102735 0.00251669 11.0213 2.77916 88.0156 15.4549 1119.01 69.1736 1218.05 78.4002 1218.05 78.4002 0.559849 0.0113816 
200 0.27 608800000 541.503 19.0889 -55.4624 0.73754 3441.04 84.7671 1.72462e+07 941026 -0.00432466 0.00376054 -0.00130963 0.00319067 0.0136049 0.000630614 0.000387557 3.63983e-05 0.102735 0.00251669 11.0213 2.77542 88.0156 15.4142 1119.01 69.093 1218.05 78.2737 1218.05 78.2737 0.559849 0.0113816 
200 0.27 609600000 541.503 19.0889 -55.4624 0.73754 3441.04 84.6776 1.72462e+07 939932 -0.00432466 0.00376054 -0.00130963 0.00319067 0.0136049 0.000630614 0.000387557 3.63983e-05 0.102735 0.00251669 11.0213 2.77169 88.0156 15.4142 1119.01 69.093 1218.05 78.2737 1218.05 78.2737 0.559849 0.0113816 
200 0.27 610400000 541.503 19.0889 -55.4624 0.73754 3441.04 84.5937 1.72462e+07 938855 -0.00432466 0.00376054 -0.00130963 0.00318853 0.0136049 0.000630614 0.000387557 3.60355e-05 0.102735 0.00251669 11.0213 2.76798 88.0156 15.374 1119.01 68.9373 1218.05 78.0847 1218.05 78.0847 0.559849 0.0112594 
200 0.27 611200000 541.503 19.0889 -55.4624 0.73754 3441.04 84.4859 1.72462e+07 937687 -0.00432466 0.00376054 -0.00130963 0.00318853 0.0136049 0.000630614 0.000387557 3.60355e-05 0.102735 0.00251669 11.0213 2.76427 88.0156 15.374 1119.01 68.9373 1218.05 78.0847 1218.05 78.0847 0.559849 0.0112594 
200 0.27 612000000 541.503 19.0889 -55.4624 0.73754 3441.04 84.382 1.72462e+07 936434 -0.00432466 0.00376054 -0.00130963 0.00318393 0.0136049 0.000630614 0.000387557 3.60355e-05 0.102735 0.00251669 11.0213 2.76057 88.0156 15.3336 1119.01 68.9097 1218.05 78.0037 1218.05 78.0037 0.559849 0.0112594 
200 0.27 612800000 541.503 19.0889 -55.4624 0.73754 3441.04 84.2725 1.72462e+07 935255 -0.00432466 0.00376054 -0.00130963 0.00318393 0.0136049 0.000630614 0.000387557 3.60355e-05 0.102735 0.00251669 11.0213 2.75689 88.0156 15.3336 1119.01 68.9097 1218.05 78.0037 1218.05 78.0037 0.559849 0.0112594 
200 0.27 613600000 541.503 19.0889 -55.4624 0.73754 3441.04 84.1747 1.72462e+07 934142 -0.00432466 0.00376054 -0.00130963 0.00317593 0.0136049 0.000630614 0.000387557 3.60355e-05 0.102735 0.00251669 11.0213 2.75321 88.0156 15.2935 1119.01 68.779 1218.05 77.8365 1218.05 77.8365 0.559849 0.0112594 
200 0.27 614400000 541.503 19.0889 -55.4624 0.73754 3441.04 84.0643 1.72462e+07 932899 -0.00432466 0.00376054 -0.00130963 0.00317593 0.0136049 0.000630614 0.000387557 3.60355e-05 0.102735 0.00251669 11.0213 2.74954 88.0156 15.2935 1119.01 68.779 1218.05 77.8365 1218.05 77.8365 0.559849 0.0112594 
200 0.27 615200000 541.503 19.0889 -55.4624 0.73754 3441.04 83.9968 1.72462e+07 931871 -0.00432466 0.00376054 -0.00130963 0.00316759 0.0136049 0.000630614 0.000387557 3.60355e-05 0.102735 0.00251669 11.0213 2.74588 88.0156 15.2531 1119.01 68.8902 1218.05 77.8798 1218.05 77.8798 0.559849 0.0112594 
200 0.27 616000000 541.503 19.0889 -55.4624 0.73754 3441.04 85.0495 1.72462e+07 960147 -0.00432466 0.00376054 -0.00130963 0.00316759 0.0136049 0.000630614 0.000387557 3.60355e-05 0.102735 0.00251669 11.0213 2.74224 88.0156 15.2531 1119.01 68.8902 1218.05 77.8798 1218.05 77.8798 0.559849 0.0112594 
200 0.27 616800000 541.503 19.0889 -55.4624 0.73754 3441.04 84.9365 1.72462e+07 958906 -0.00432466 0.00376054 -0.00130963 0.00317973 0.0136049 0.000630614 0.000387557 3.56905e-05 0.102735 0.00251669 11.0213 2.73861 88.0156 15.2136 1119.01 68.7785 1218.05 77.7282 1218.05 77.7282 0.559849 0.0113034 
200 0.27 617600000 541.503 19.0889 -55.4624 0.73754 3441.04 84.8257 1.72462e+07 957695 -0.00432466 0.00376054 -0.00130963 0.00317973 0.0136049 0.000630614 0.000387557 3.56905e-05 0.102735 0.00251669 11.0213 2.73501 88.0156 15.2136 1119.01 68.7785 1218.05 77.7282 1218.05 77.7282 0.559849 0.0113034 
200 0.27 618400000 541.503 19.0889 -55.4624 0.73754 3441.04 84.8665 1.72462e+07 957591 -0.00432466 0.00376054 -0.00130963 0.00317138 0.0136049 0.000630614 0.000387557 3.56905e-05 0.102735 0.00251669 11.0213 2.7314 88.0156 15.4243 1119.01 69.6109 1218.05 78.8887 1218.05 78.8887 0.559849 0.0113034 
200 0.27 619200000 541.503 19.0889 -55.4624 0.73754 3441.04 84.9421 1.72462e+07 957935 -0.00432466 0.00376054 -0.00130963 0.00317138 0.0136049 0.000630614 0.000387557 3.56905e-05 0.102735 0.00251669 11.0213 2.72778 88.0156 15.4243 1119.01 69.6109 1218.05 78.8887 1218.05 78.8887 0.559849 0.0113034 
200 0.27 620000000 541.503 19.0889 -55.4624 0.73754 3441.04 84.8579 1.72462e+07 956736 -0.00432466 0.00376054 -0.00130963 0.0031699 0.0136049 0.000630614 0.000387557 3.56905e-05 0.102735 0.00251669 11.0213 2.72419 88.0156 15.3846 1119.01 69.4844 1218.05 78.7385 1218.05 78.7385 0.559849 0.0113034 
200 0.27 620800000 541.503 19.0889 -55.4624 0.73754 3441.04 84.7784 1.72462e+07 955663 -0.00432466 0.00376054 -0.00130963 0.0031699 0.0136049 0.000630614 0.000387557 3.56905e-05 0.102735 0.00251669 11.0213 2.7206 88.0156 15.3846 1119.01 69.4844 1218.05 78.7385 1218.05 78.7385 0.559849 0.0113034 
200 0.27 621600000 541.503 19.0889 -55.4624 0.73754 3441.04 84.7202 1.72462e+07 954621 -0.00432466 0.00376054 -0.00130963 0.00316336 0.0136049 0.000630614 0.000387557 3.56905e-05 0.102735 0.00251669 11.0213 2.71703 88.0156 15.3453 1119.01 69.3509 1218.05 78.5819 1218.05 78.5819 0.559849 0.0113034 
200 0.27 622400000 541.503 19.0889 -55.4624 0.73754 3441.04 84.6453 1.72462e+07 953563 -0.00432466 0.00376054 -0.00130963 0.00316336 0.0136049 0.000630614 0.000387557 3.56905e-05 0.102735 0.00251669 11.0213 2.71345 88.0156 15.3453 1119.01 69.3509 1218.05 78.5819 1218.05 78.5819 0.559849 0.0113034 
200 0.27 623200000 541.503 19.0889 -55.4624 0.73754 3441.04 84.5344 1.72462e+07 952350 -0.00432466 0.00376054 -0.00130963 0.0031602 0.0136049 0.000630614 0.000387557 3.54206e-05 0.102735 0.00251669 11.0213 2.70989 88.0156 15.3056 1119.01 69.1963 1218.05 78.3957 1218.05 78.3957 0.559849 0.0111986 
200 0.27 624000000 541.503 19.0889 -55.4624 0.73754 3441.04 84.453 1.72462e+07 951282 -0.00432466 0.00376054 -0.00130963 0.0031602 0.0136049 0.000630614 0.000387557 3.54206e-05 0.102735 0.00251669 11.0213 2.70634 88.0156 15.3056 1119.01 69.1963 1218.05 78.3957 1218.05 78.3957 0.559849 0.0111986 
200 0.27 624800000 541.503 19.0889 -55.4624 0.73754 3441.04 84.3507 1.72462e+07 950140 -0.00432466 0.00376054 -0.00130963 0.00315786 0.0136049 0.000630614 0.000387557 3.54206e-05 0.102735 0.00251669 11.0213 2.70279 88.0156 15.266 1119.01 69.1086 1218.05 78.2667 1218.05 78.2667 0.559849 0.0111986 
200 0.27 625600000 541.503 19.0889 -55.4624 0.73754 3441.04 84.2596 1.72462e+07 948927 -0.00432466 0.00376054 -0.00130963 0.00315786 0.0136049 0.000630614 0.000387557 3.54206e-05 0.102735 0.00251669 11.0213 2.69926 88.0156 15.266 1119.01 69.1086 1218.05 78.2667 1218.05 78.2667 0.559849 0.0111986 
200 0.27 626400000 541.503 19.0889 -55.4624 0.73754 3441.04 84.2433 1.72462e+07 947945 -0.00432466 0.00376054 -0.00130963 0.00315091 0.0136049 0.000630614 0.000387557 3.54206e-05 0.102735 0.00251669 11.0213 2.69574 88.0156 15.2275 1119.01 68.9803 1218.05 78.1164 1218.05 78.1164 0.559849 0.0111986 
200 0.27 627200000 541.503 19.0889 -55.4624 0.73754 3441.04 84.1663 1.72462e+07 946896 -0.00432466 0.00376054 -0.00130963 0.00315091 0.0136049 0.000630614 0.000387557 3.54206e-05 0.102735 0.00251669 11.0213 2.69223 88.0156 15.2275 1119.01 68.9803 1218.05 78.1164 1218.05 78.1164 0.559849 0.0111986 
200 0.27 628000000 541.503 19.0889 -55.4624 0.73754 3441.04 84.134 1.72462e+07 945910 -0.00432466 0.00376054 -0.00130963 0.0031429 0.0136049 0.000630614 0.000387557 3.54206e-05 0.102735 0.00251669 11.0213 2.68872 88.0156 15.189 1119.01 68.8529 1218.05 77.9664 1218.05 77.9664 0.559849 0.0111986 
200 0.27 628800000 541.503 19.0889 -55.4624 0.73754 3441.04 84.0268 1.72462e+07 944743 -0.00432466 0.00376054 -0.00130963 0.0031429 0.0136049 0.000630614 0.000387557 3.54206e-05 0.102735 0.00251669 11.0213 2.68521 88.0156 15.189 1119.01 68.8529 1218.05 77.9664 1218.05 77.9664 0.559849 0.0111986 
200 0.27 629600000 542.479 17.5231 -55.2705 0.7142 3423.53 84.4478 1.71975e+07 951902 -0.00263149 0.00370229 -0.00196212 0.0031348 0.0136283 0.000525762 0.000382481 3.50739e-05 0.103062 0.00209839 10.6487 2.68174 85.6828 15.1538 1136.37 71.2546 1232.7 78.3079 1232.7 78.3079 0.563572 0.0111625 
200 0.27 630400000 542.479 17.5231 -55.2705 0.7142 3423.53 84.3979 1.71975e+07 950898 -0.00263149 0.00370229 -0.00196212 0.0031348 0.0136283 0.000525762 0.000382481 3.50739e-05 0.103062 0.00209839 10.6487 2.67827 85.6828 15.1538 1136.37 71.2546 1232.7 78.3079 1232.7 78.3079 0.563572 0.0111625 
200 0.27 631200000 542.479 17.5231 -55.2705 0.7142 3423.53 84.2883 1.71975e+07 949687 -0.00263149 0.00370229 -0.00196212 0.00312682 0.0136283 0.000525762 0.000382481 3.50739e-05 0.103062 0.00209839 10.6487 2.6748 85.6828 15.1151 1136.37 71.2546 1232.7 78.1048 1232.7 78.1048 0.563572 0.0111625 
200 0.27 632000000 542.479 17.5231 -55.2705 0.7142 3423.53 84.179 1.71975e+07 948483 -0.00263149 0.00370229 -0.00196212 0.00312682 0.0136283 0.000525762 0.000382481 3.50739e-05 0.103062 0.00209839 10.6487 2.67134 85.6828 15.1151 1136.37 71.2546 1232.7 78.1048 1232.7 78.1048 0.563572 0.0111625 
200 0.27 632800000 542.479 17.5231 -55.2705 0.7142 3423.53 84.0725 1.71975e+07 947257 -0.00263149 0.00370229 -0.00196212 0.00311964 0.0136283 0.000525762 0.000382481 3.50739e-05 0.103062 0.00209839 10.6487 2.66788 85.6828 15.077 1136.37 71.2546 1232.7 77.9825 1232.7 77.9825 0.563572 0.0111625 
200 0.27 633600000 542.479 17.5231 -55.2705 0.7142 3423.53 83.9867 1.71975e+07 946194 -0.00263149 0.00370229 -0.00196212 0.00311964 0.0136283 0.000525762 0.000382481 3.50739e-05 0.103062 0.00209839 10.6487 2.66444 85.6828 15.077 1136.37 71.2546 1232.7 77.9825 1232.7 77.9825 0.563572 0.0111625 
200 0.27 634400000 542.479 17.5231 -55.2705 0.7142 3423.53 83.9145 1.71975e+07 945083 -0.00263149 0.00370229 -0.00196212 0.0031157 0.0136283 0.000525762 0.000382481 3.50739e-05 0.103062 0.00209839 10.6487 2.661 85.6828 15.0392 1136.37 71.2546 1232.7 77.8388 1232.7 77.8388 0.563572 0.0111625 
200 0.27 635200000 542.479 17.5231 -55.2705 0.7142 3423.53 83.8869 1.71975e+07 944298 -0.00263149 0.00370229 -0.00196212 0.0031157 0.0136283 0.000525762 0.000382481 3.50739e-05 0.103062 0.00209839 10.6487 2.65758 85.6828 15.0392 1136.37 71.2546 1232.7 77.8388 1232.7 77.8388 0.563572 0.0111625 
200 0.27 636000000 542.479 17.5231 -55.2705 0.7142 3423.53 83.8093 1.71975e+07 943263 -0.00263149 0.00370229 -0.00196212 0.00310806 0.0136283 0.000525762 0.000382481 3.47271e-05 0.103062 0.00209839 10.6487 2.65417 85.6828 15.0016 1136.37 71.2546 1232.7 77.6942 1232.7 77.6942 0.563572 0.0110529 
200 0.27 636800000 542.479 17.5231 -55.2705 0.7142 3423.53 83.704 1.71975e+07 942115 -0.00263149 0.00370229 -0.00196212 0.00310806 0.0136283 0.000525762 0.000382481 3.47271e-05 0.103062 0.00209839 10.6487 2.65077 85.6828 15.0016 1136.37 71.2546 1232.7 77.6942 1232.7 77.6942 0.563572 0.0110529 
200 0.27 637600000 542.479 17.5231 -55.2705 0.7142 3423.53 83.6064 1.71975e+07 940910 -0.00263149 0.00370229 -0.00196212 0.0031137 0.0136283 0.000525762 0.000382481 3.47271e-05 0.103062 0.00209839 10.6487 2.64737 85.6828 14.9642 1136.37 71.2546 1232.7 77.5794 1232.7 77.5794 0.563572 0.0110529 
200 0.27 638400000 542.479 17.5231 -55.2705 0.7142 3423.53 83.5833 1.71975e+07 940171 -0.00263149 0.00370229 -0.00196212 0.0031137 0.0136283 0.000525762 0.000382481 3.47271e-05 0.103062 0.00209839 10.6487 2.64398 85.6828 14.9642 1136.37 71.2546 1232.7 77.5794 1232.7 77.5794 0.563572 0.0110529 
200 0.27 639200000 542.479 17.5231 -55.2705 0.7142 3423.53 83.5325 1.71975e+07 939209 -0.00263149 0.00370229 -0.00196212 0.00310665 0.0136283 0.000525762 0.000382481 3.47271e-05 0.103062 0.00209839 10.6487 2.64059 85.6828 14.9269 1136.37 71.2546 1232.7 77.5794 1232.7 77.5794 0.563572 0.0110529 
200 0.27 640000000 542.479 17.5231 -55.2705 0.7142 3423.53 83.4304 1.71975e+07 938090 -0.00263149 0.00370229 -0.00196212 0.00310665 0.0136283 0.000525762 0.000382481 3.47271e-05 0.103062 0.00209839 10.6487 2.63724 85.6828 14.9269 1136.37 71.2546 1232.7 77.5794 1232.7 77.5794 0.563572 0.0110529 
200 0.27 640800000 542.479 17.5231 -55.2705 0.7142 3423.53 83.7392 1.71975e+07 942703 -0.00263149 0.00370229 -0.00196212 0.00309982 0.0136283 0.000525762 0.000382481 3.47271e-05 0.103062 0.00209839 10.6487 2.63388 85.6828 14.8898 1136.37 71.2546 1232.7 77.5794 1232.7 77.5794 0.563572 0.0110529 
200 0.27 641600000 542.479 17.5231 -55.2705 0.7142 3423.53 83.6329 1.71975e+07 941543 -0.00263149 0.00370229 -0.00196212 0.00309982 0.0136283 0.000525762 0.000382481 3.47271e-05 0.103062 0.00209839 10.6487 2.63052 85.6828 14.8898 1136.37 71.2546 1232.7 77.5794 1232.7 77.5794 0.563572 0.0110529 
200 0.27 642400000 542.479 17.5231 -55.2705 0.7142 3423.53 83.5685 1.71975e+07 940493 -0.00263149 0.00370229 -0.00196212 0.00310002 0.0136283 0.000525762 0.000382481 3.44411e-05 0.103062 0.00209839 10.6487 2.62718 85.6828 14.8528 1136.37 71.2546 1232.7 77.5794 1232.7 77.5794 0.563572 0.0109405 
200 0.27 643200000 542.479 17.5231 -55.2705 0.7142 3423.53 83.511 1.71975e+07 939489 -0.00263149 0.00370229 -0.00196212 0.00310002 0.0136283 0.000525762 0.000382481 3.44411e-05 0.103062 0.00209839 10.6487 2.62385 85.6828 14.8528 1136.37 71.2546 1232.7 77.5794 1232.7 77.5794 0.563572 0.0109405 
200 0.27 644000000 542.479 17.5231 -55.2705 0.7142 3423.53 83.4399 1.71975e+07 938486 -0.00263149 0.00370229 -0.00196212 0.00309367 0.0136283 0.000525762 0.000382481 3.44411e-05 0.103062 0.00209839 10.6487 2.62051 85.6828 14.8159 1136.37 71.2546 1232.7 77.5794 1232.7 77.5794 0.563572 0.0109405 
200 0.27 644800000 542.479 17.5231 -55.2705 0.7142 3423.53 83.371 1.71975e+07 937490 -0.00263149 0.00370229 -0.00196212 0.00309367 0.0136283 0.000525762 0.000382481 3.44411e-05 0.103062 0.00209839 10.6487 2.61719 85.6828 14.8159 1136.37 71.2546 1232.7 77.5794 1232.7 77.5794 0.563572 0.0109405 
200 0.27 645600000 542.479 17.5231 -55.2705 0.7142 3423.53 83.2758 1.71975e+07 936416 -0.00263149 0.00370229 -0.00196212 0.00309347 0.0136283 0.000525762 0.000382481 3.44411e-05 0.103062 0.00209839 10.6487 2.61388 85.6828 14.7796 1136.37 71.2546 1232.7 77.5794 1232.7 77.5794 0.563572 0.0109405 
200 0.27 646400000 542.479 17.5231 -55.2705 0.7142 3423.53 83.1897 1.71975e+07 935379 -0.00263149 0.00370229 -0.00196212 0.00309347 0.0136283 0.000525762 0.000382481 3.44411e-05 0.103062 0.00209839 10.6487 2.61058 85.6828 14.7796 1136.37 71.2546 1232.7 77.5794 1232.7 77.5794 0.563572 0.0109405 
200 0.27 647200000 542.479 17.5231 -55.2705 0.7142 3423.53 83.3394 1.71975e+07 936919 -0.00263149 0.00370229 -0.00196212 0.0030919 0.0136283 0.000525762 0.000382481 3.44411e-05 0.103062 0.00209839 10.6487 2.60728 85.6828 14.7433 1136.37 71.2546 1232.7 77.5794 1232.7 77.5794 0.563572 0.0109405 
200 0.27 648000000 542.479 17.5231 -55.2705 0.7142 3423.53 83.2348 1.71975e+07 935781 -0.00263149 0.00370229 -0.00196212 0.0030919 0.0136283 0.000525762 0.000382481 3.44411e-05 0.103062 0.00209839 10.6487 2.604 85.6828 14.7433 1136.37 71.2546 1232.7 77.5794 1232.7 77.5794 0.563572 0.0109405 
200 0.27 648800000 542.479 17.5231 -55.2705 0.7142 3423.53 83.2121 1.71975e+07 934847 -0.00263149 0.00370229 -0.00196212 0.00308636 0.0136283 0.000525762 0.000382481 3.41666e-05 0.103062 0.00209839 10.6487 2.60072 85.6828 14.707 1136.37 71.2546 1232.7 77.5794 1232.7 77.5794 0.563572 0.0108302 
200 0.27 649600000 542.479 17.5231 -55.2705 0.7142 3423.53 83.1076 1.71975e+07 933708 -0.00263149 0.00370229 -0.00196212 0.00308636 0.0136283 0.000525762 0.000382481 3.41666e-05 0.103062 0.00209839 10.6487 2.59744 85.6828 14.707 1136.37 71.2546 1232.7 77.5794 1232.7 77.5794 0.563572 0.0108302 
200 0.27 650400000 542.479 17.5231 -55.2705 0.7142 3423.53 83.0197 1.71975e+07 932672 -0.00263149 0.00370229 -0.00196212 0.0030808 0.0136283 0.000525762 0.000382481 3.41666e-05 0.103062 0.00209839 10.6487 2.59418 85.6828 14.6707 1136.37 71.2546 1232.7 77.5794 1232.7 77.5794 0.563572 0.0108302 
200 0.27 651200000 542.479 17.5231 -55.2705 0.7142 3423.53 82.9278 1.71975e+07 931622 -0.00263149 0.00370229 -0.00196212 0.0030808 0.0136283 0.000525762 0.000382481 3.41666e-05 0.103062 0.00209839 10.6487 2.59093 85.6828 14.6707 1136.37 71.2546 1232.7 77.5794 1232.7 77.5794 0.563572 0.0108302 
200 0.27 652000000 542.479 17.5231 -55.2705 0.7142 3423.53 82.8538 1.71975e+07 930535 -0.00263149 0.00370229 -0.00196212 0.00307539 0.0136283 0.000525762 0.000382481 3.41666e-05 0.103062 0.00209839 10.6487 2.58768 85.6828 14.635 1136.37 71.2546 1232.7 77.5794 1232.7 77.5794 0.563572 0.0108302 
200 0.27 652800000 542.479 17.5231 -55.2705 0.7142 3423.53 82.752 1.71975e+07 929429 -0.00263149 0.00370229 -0.00196212 0.00307539 0.0136283 0.000525762 0.000382481 3.41666e-05 0.103062 0.00209839 10.6487 2.58445 85.6828 14.635 1136.37 71.2546 1232.7 77.5794 1232.7 77.5794 0.563572 0.0108302 
200 0.27 653600000 542.479 17.5231 -55.2705 0.7142 3423.53 82.6622 1.71975e+07 928280 -0.00263149 0.00370229 -0.00196212 0.00306769 0.0136283 0.000525762 0.000382481 3.41666e-05 0.103062 0.00209839 10.6487 2.58122 85.6828 14.5993 1136.37 71.2546 1232.7 77.5794 1232.7 77.5794 0.563572 0.0108302 
200 0.27 654400000 542.479 17.5231 -55.2705 0.7142 3423.53 82.569 1.71975e+07 927230 -0.00263149 0.00370229 -0.00196212 0.00306769 0.0136283 0.000525762 0.000382481 3.41666e-05 0.103062 0.00209839 10.6487 2.578 85.6828 14.5993 1136.37 71.2546 1232.7 77.5794 1232.7 77.5794 0.563572 0.0108302 
200 0.27 655200000 542.479 17.5231 -55.2705 0.698173 3423.53 82.4663 1.71975e+07 926113 -0.00263149 0.00370229 -0.00196212 0.0030606 0.0136283 0.000525762 0.000382481 3.39364e-05 0.103062 0.00209839 10.6487 2.57477 85.6828 14.7678 1136.37 68.6759 1232.7 76.4255 1232.7 76.4255 0.563572 0.0107643 
200 0.27 656000000 542.479 17.5231 -55.2705 0.698173 3423.53 82.3759 1.71975e+07 924969 -0.00263149 0.00370229 -0.00196212 0.0030606 0.0136283 0.000525762 0.000382481 3.39364e-05 0.103062 0.00209839 10.6487 2.57157 85.6828 14.7678 1136.37 68.6759 1232.7 76.4255 1232.7 76.4255 0.563572 0.0107643 
200 0.27 656800000 542.479 17.5231 -55.2705 0.698173 3423.53 82.2878 1.71975e+07 923834 -0.00263149 0.00370229 -0.00196212 0.00305687 0.0136283 0.000525762 0.000382481 3.39364e-05 0.103062 0.00209839 10.6487 2.56837 85.6828 14.7318 1136.37 68.6759 1232.7 76.5391 1232.7 76.5391 0.563572 0.0107643 
200 0.27 657600000 542.479 17.5231 -55.2705 0.698173 3423.53 82.2147 1.71975e+07 922859 -0.00263149 0.00370229 -0.00196212 0.00305687 0.0136283 0.000525762 0.000382481 3.39364e-05 0.103062 0.00209839 10.6487 2.56518 85.6828 14.7318 1136.37 68.6759 1232.7 76.5391 1232.7 76.5391 0.563572 0.0107643 
200 0.27 658400000 542.479 17.5231 -55.2705 0.698173 3423.53 82.1554 1.71975e+07 921913 -0.00263149 0.00370229 -0.00196212 0.0030562 0.0136283 0.000525762 0.000382481 3.39364e-05 0.103062 0.00209839 10.6487 2.56199 85.6828 14.6958 1136.37 68.6759 1232.7 76.3599 1232.7 76.3599 0.563572 0.0107643 
200 0.27 659200000 542.479 17.5231 -55.2705 0.698173 3423.53 82.15 1.71975e+07 921015 -0.00263149 0.00370229 -0.00196212 0.0030562 0.0136283 0.000525762 0.000382481 3.39364e-05 0.103062 0.00209839 10.6487 2.55882 85.6828 14.6958 1136.37 68.6759 1232.7 76.3599 1232.7 76.3599 0.563572 0.0107643 
200 0.27 660000000 542.479 17.5231 -55.2705 0.698173 3423.53 82.0667 1.71975e+07 920016 -0.00263149 0.00370229 -0.00196212 0.0030562 0.0136283 0.000525762 0.000382481 3.39364e-05 0.103062 0.00209839 10.6487 2.55566 85.6828 14.6604 1136.37 68.6759 1232.7 76.2232 1232.7 76.2232 0.563572 0.0107643 
200 0.27 660800000 542.479 17.5231 -55.2705 0.698173 3423.53 81.9666 1.71975e+07 918881 -0.00263149 0.00370229 -0.00196212 0.0030562 0.0136283 0.000525762 0.000382481 3.39364e-05 0.103062 0.00209839 10.6487 2.5525 85.6828 14.6604 1136.37 68.6759 1232.7 76.2232 1232.7 76.2232 0.563572 0.0107643 
200 0.27 661600000 542.479 17.5231 -55.2705 0.698173 3423.53 81.8702 1.71975e+07 917744 -0.00263149 0.00370229 -0.00196212 0.0030562 0.0136283 0.000525762 0.000382481 3.3627e-05 0.103062 0.00209839 10.6487 2.54934 85.6828 14.6248 1136.37 68.6759 1232.7 76.08 1232.7 76.08 0.563572 0.0107521 
200 0.27 662400000 542.479 17.5231 -55.2705 0.698173 3423.53 81.7755 1.71975e+07 916700 -0.00263149 0.00370229 -0.00196212 0.0030562 0.0136283 0.000525762 0.000382481 3.3627e-05 0.103062 0.00209839 10.6487 2.5462 85.6828 14.6248 1136.37 68.6759 1232.7 76.08 1232.7 76.08 0.563572 0.0107521 
200 0.27 663200000 542.479 17.5231 -55.2705 0.698173 3423.53 81.7119 1.71975e+07 915758 -0.00263149 0.00370229 -0.00196212 0.0030562 0.0136283 0.000525762 0.000382481 3.3627e-05 0.103062 0.00209839 10.6487 2.54307 85.6828 14.5897 1136.37 68.6759 1232.7 75.9454 1232.7 75.9454 0.563572 0.0107521 
200 0.27 664000000 542.479 17.5231 -55.2705 0.698173 3423.53 81.6116 1.71975e+07 914669 -0.00263149 0.00370229 -0.00196212 0.0030562 0.0136283 0.000525762 0.000382481 3.3627e-05 0.103062 0.00209839 10.6487 2.53994 85.6828 14.5897 1136.37 68.6759 1232.7 75.9454 1232.7 75.9454 0.563572 0.0107521 
200 0.27 664800000 542.479 17.5231 -55.2705 0.698173 3423.53 81.5131 1.71975e+07 913600 -0.00263149 0.00370229 -0.00196212 0.0030562 0.0136283 0.000525762 0.000382481 3.3627e-05 0.103062 0.00209839 10.6487 2.53683 85.6828 14.5547 1136.37 68.6759 1232.7 75.8111 1232.7 75.8111 0.563572 0.0107521 
200 0.27 665600000 542.479 17.5231 -55.2705 0.698173 3423.53 81.4129 1.71975e+07 912495 -0.00263149 0.00370229 -0.00196212 0.0030562 0.0136283 0.000525762 0.000382481 3.3627e-05 0.103062 0.00209839 10.6487 2.53372 85.6828 14.5547 1136.37 68.6759 1232.7 75.8111 1232.7 75.8111 0.563572 0.0107521 
200 0.27 666400000 542.479 17.5231 -55.2705 0.698173 3423.53 81.3474 1.71975e+07 911558 -0.00263149 0.00370229 -0.00196212 0.0030562 0.0136283 0.000525762 0.000382481 3.3627e-05 0.103062 0.00209839 10.6487 2.53061 85.6828 14.5199 1136.37 68.6759 1232.7 75.625 1232.7 75.625 0.563572 0.0107521 
200 0.27 667200000 542.479 17.5231 -55.2705 0.698173 3423.53 81.284 1.71975e+07 910626 -0.00263149 0.00370229 -0.00196212 0.0030562 0.0136283 0.000525762 0.000382481 3.3627e-05 0.103062 0.00209839 10.6487 2.52751 85.6828 14.5199 1136.37 68.6759 1232.7 75.625 1232.7 75.625 0.563572 0.0107521 
200 0.27 668000000 542.479 17.5231 -55.2705 0.698173 3423.53 81.2328 1.71975e+07 909716 -0.00263149 0.00370229 -0.00196212 0.0030562 0.0136283 0.000525762 0.000382481 3.33023e-05 0.103062 0.00209839 10.6487 2.52442 85.6828 14.4849 1136.37 68.6759 1232.7 75.4621 1232.7 75.4621 0.563572 0.0106532 
200 0.27 668800000 542.479 17.5231 -55.2705 0.698173 3423.53 81.1576 1.71975e+07 908660 -0.00263149 0.00370229 -0.00196212 0.0030562 0.0136283 0.000525762 0.000382481 3.33023e-05 0.103062 0.00209839 10.6487 2.52133 85.6828 14.4849 1136.37 68.6759 1232.7 75.4621 1232.7 75.4621 0.563572 0.0106532 
200 0.27 669600000 542.479 17.5231 -55.2705 0.698173 3423.53 81.0587 1.71975e+07 907584 -0.00263149 0.00370229 -0.00196212 0.0030562 0.0136283 0.000525762 0.000382481 3.33023e-05 0.103062 0.00209839 10.6487 2.51826 85.6828 14.4499 1136.37 68.6759 1232.7 75.3012 1232.7 75.3012 0.563572 0.0106532 
200 0.27 670400000 542.479 17.5231 -55.2705 0.698173 3423.53 80.9615 1.71975e+07 906531 -0.00263149 0.00370229 -0.00196212 0.0030562 0.0136283 0.000525762 0.000382481 3.33023e-05 0.103062 0.00209839 10.6487 2.51521 85.6828 14.4499 1136.37 68.6759 1232.7 75.3012 1232.7 75.3012 0.563572 0.0106532 
200 0.27 671200000 542.479 17.5231 -55.2705 0.698173 3423.53 80.8803 1.71975e+07 905562 -0.00263149 0.00370229 -0.00196212 0.0030562 0.0136283 0.000525762 0.000382481 3.33023e-05 0.103062 0.00209839 10.6487 2.51214 85.6828 14.4156 1136.37 68.6759 1232.7 75.1665 1232.7 75.1665 0.563572 0.0106532 
200 0.27 672000000 542.479 17.5231 -55.2705 0.698173 3423.53 80.8554 1.71975e+07 904856 -0.00263149 0.00370229 -0.00196212 0.0030562 0.0136283 0.000525762 0.000382481 3.33023e-05 0.103062 0.00209839 10.6487 2.5091 85.6828 14.4156 1136.37 68.6759 1232.7 75.1665 1232.7 75.1665 0.563572 0.0106532 
200 0.27 672800000 542.479 17.5231 -55.2705 0.698173 3423.53 80.759 1.71975e+07 903812 -0.00263149 0.00370229 -0.00196212 0.0030562 0.0136283 0.000525762 0.000382481 3.33023e-05 0.103062 0.00209839 10.6487 2.50606 85.6828 14.3815 1136.37 68.6759 1232.7 75.0328 1232.7 75.0328 0.563572 0.0106532 
200 0.27 673600000 542.479 17.5231 -55.2705 0.698173 3423.53 80.7014 1.71975e+07 902862 -0.00263149 0.00370229 -0.00196212 0.0030562 0.0136283 0.000525762 0.000382481 3.33023e-05 0.103062 0.00209839 10.6487 2.50302 85.6828 14.3815 1136.37 68.6759 1232.7 75.0328 1232.7 75.0328 0.563572 0.0106532 
200 0.27 674400000 542.479 17.5231 -55.2705 0.698173 3423.53 80.6043 1.71975e+07 901811 -0.00263149 0.00370229 -0.00196212 0.0030562 0.0136283 0.000525762 0.000382481 3.29837e-05 0.103062 0.00209839 10.6487 2.49998 85.6828 14.3478 1136.37 68.6759 1232.7 74.9052 1232.7 74.9052 0.563572 0.0105542 
200 0.27 675200000 542.479 17.5231 -55.2705 0.698173 3423.53 80.5315 1.71975e+07 900780 -0.00263149 0.00370229 -0.00196212 0.0030562 0.0136283 0.000525762 0.000382481 3.29837e-05 0.103062 0.00209839 10.6487 2.49696 85.6828 14.3478 1136.37 68.6759 1232.7 74.9052 1232.7 74.9052 0.563572 0.0105542 
200 0.27 676000000 542.479 17.5231 -55.2705 0.698173 3423.53 80.4574 1.71975e+07 899843 -0.00263149 0.00370229 -0.00196212 0.0030562 0.0136283 0.000525762 0.000382481 3.29837e-05 0.103062 0.00209839 10.6487 2.49395 85.6828 14.3136 1136.37 68.6759 1232.7 74.7565 1232.7 74.7565 0.563572 0.0105542 
200 0.27 676800000 542.479 17.5231 -55.2705 0.698173 3423.53 80.448 1.71975e+07 898989 -0.00263149 0.00370229 -0.00196212 0.0030562 0.0136283 0.000525762 0.000382481 3.29837e-05 0.103062 0.00209839 10.6487 2.49094 85.6828 14.3136 1136.37 68.6759 1232.7 74.7565 1232.7 74.7565 0.563572 0.0105542 
200 0.27 677600000 542.479 17.5231 -55.2705 0.698173 3423.53 80.3575 1.71975e+07 897992 -0.00263149 0.00370229 -0.00196212 0.0030562 0.0136283 0.000525762 0.000382481 3.29837e-05 0.103062 0.00209839 10.6487 2.48795 85.6828 14.2797 1136.37 68.6759 1232.7 74.7565 1232.7 74.7565 0.563572 0.0105542 
200 0.27 678400000 542.479 17.5231 -55.2705 0.698173 3423.53 80.2671 1.71975e+07 896997 -0.00263149 0.00370229 -0.00196212 0.0030562 0.0136283 0.000525762 0.000382481 3.29837e-05 0.103062 0.00209839 10.6487 2.48496 85.6828 14.2797 1136.37 68.6759 1232.7 74.7565 1232.7 74.7565 0.563572 0.0105542 
200 0.27 679200000 542.479 17.5231 -55.2705 0.698173 3423.53 80.212 1.71975e+07 896108 -0.00263149 0.00370229 -0.00196212 0.0030562 0.0136283 0.000525762 0.000382481 3.29837e-05 0.103062 0.00209839 10.6487 2.48196 85.6828 14.2454 1136.37 68.6759 1232.7 74.7565 1232.7 74.7565 0.563572 0.0105542 
200 0.27 680000000 542.479 17.5231 -55.2705 0.698173 3423.53 80.1225 1.71975e+07 895120 -0.00263149 0.00370229 -0.00196212 0.0030562 0.0136283 0.000525762 0.000382481 3.29837e-05 0.103062 0.00209839 10.6487 2.47899 85.6828 14.2454 1136.37 68.6759 1232.7 74.7565 1232.7 74.7565 0.563572 0.0105542 
200 0.27 680800000 547.079 16.7681 -55.2238 0.694421 3411 80.0472 1.6966e+07 894190 -0.00189158 0.00370229 -0.000759029 0.00302367 0.0136561 0.000525762 0.000381204 3.26713e-05 0.103227 0.00209839 10.2538 2.47601 83.2153 14.2116 1132.25 66.0667 1225.72 74.3187 1225.72 74.3187 0.564299 0.0104635 
200 0.27 681600000 547.079 16.7681 -55.2238 0.694421 3411 79.978 1.6966e+07 893277 -0.00189158 0.00370229 -0.000759029 0.00302367 0.0136561 0.000525762 0.000381204 3.26713e-05 0.103227 0.00209839 10.2538 2.47304 83.2153 14.2116 1132.25 66.0667 1225.72 74.3187 1225.72 74.3187 0.564299 0.0104635 
200 0.27 682400000 547.079 16.7681 -55.2238 0.694421 3411 79.9205 1.6966e+07 892391 -0.00189158 0.00370229 -0.000759029 0.00301642 0.0136561 0.000525762 0.000381204 3.26713e-05 0.103227 0.00209839 10.2538 2.47008 83.2153 14.1783 1132.25 66.2897 1225.72 74.6232 1225.72 74.6232 0.564299 0.0104635 
200 0.27 683200000 547.079 16.7681 -55.2238 0.694421 3411 79.8356 1.6966e+07 891430 -0.00189158 0.00370229 -0.000759029 0.00301642 0.0136561 0.000525762 0.000381204 3.26713e-05 0.103227 0.00209839 10.2538 2.46712 83.2153 14.1783 1132.25 66.2897 1225.72 74.6232 1225.72 74.6232 0.564299 0.0104635 
200 0.27 684000000 547.079 16.7681 -55.2238 0.694421 3411 79.9319 1.6966e+07 892183 -0.00189158 0.00370229 -0.000759029 0.0030133 0.0136561 0.000525762 0.000381204 3.26713e-05 0.103227 0.00209839 10.2538 2.46446 83.2153 14.146 1132.25 66.2084 1225.72 74.5244 1225.72 74.5244 0.564299 0.0104635 
200 0.27 684800000 547.079 16.7681 -55.2238 0.694421 3411 79.8446 1.6966e+07 891213 -0.00189158 0.00370229 -0.000759029 0.0030133 0.0136561 0.000525762 0.000381204 3.26713e-05 0.103227 0.00209839 10.2538 2.46152 83.2153 14.146 1132.25 66.2084 1225.72 74.5244 1225.72 74.5244 0.564299 0.0104635 
200 0.27 685600000 547.079 16.7681 -55.2238 0.694421 3411 79.7586 1.6966e+07 890250 -0.00189158 0.00370229 -0.000759029 0.00301009 0.0136561 0.000525762 0.000381204 3.26713e-05 0.103227 0.00209839 10.2538 2.45859 83.2153 14.1132 1132.25 66.1022 1225.72 74.3992 1225.72 74.3992 0.564299 0.0104635 
200 0.27 686400000 547.079 16.7681 -55.2238 0.694421 3411 79.7196 1.6966e+07 889397 -0.00189158 0.00370229 -0.000759029 0.00301009 0.0136561 0.000525762 0.000381204 3.26713e-05 0.103227 0.00209839 10.2538 2.45567 83.2153 14.1132 1132.25 66.1022 1225.72 74.3992 1225.72 74.3992 0.564299 0.0104635 
200 0.27 687200000 547.079 16.7681 -55.2238 0.694421 3411 79.7069 1.6966e+07 888358 -0.00189158 0.00370229 -0.000759029 0.00300563 0.0136561 0.000525762 0.000381204 3.24456e-05 0.103227 0.00209839 10.2538 2.45275 83.2153 14.0806 1132.25 66.0667 1225.72 74.2737 1225.72 74.2737 0.564299 0.0103639 
200 0.27 688000000 547.079 16.7681 -55.2238 0.694421 3411 79.7069 1.6966e+07 887525 -0.00189158 0.00370229 -0.000759029 0.00300563 0.0136561 0.000525762 0.000381204 3.24456e-05 0.103227 0.00209839 10.2538 2.44984 83.2153 14.0806 1132.25 66.0667 1225.72 74.2737 1225.72 74.2737 0.564299 0.0103639 
200 0.27 688800000 547.079 16.7681 -55.2238 0.694421 3411 79.7069 1.6966e+07 886667 -0.00189158 0.00370229 -0.000759029 0.00300046 0.0136561 0.000525762 0.000381204 3.24456e-05 0.103227 0.00209839 10.2538 2.44693 83.2153 14.0477 1132.25 66.0667 1225.72 74.1651 1225.72 74.1651 0.564299 0.0103639 
200 0.27 689600000 547.079 16.7681 -55.2238 0.694421 3411 79.7875 1.6966e+07 889681 -0.00189158 0.00370229 -0.000759029 0.00300046 0.0136561 0.000525762 0.000381204 3.24456e-05 0.103227 0.00209839 10.2538 2.44405 83.2153 14.0477 1132.25 66.0667 1225.72 74.1651 1225.72 74.1651 0.564299 0.0103639 
200 0.27 690400000 547.079 16.7681 -55.2238 0.694421 3411 79.7069 1.6966e+07 888627 -0.00189158 0.00370229 -0.000759029 0.00299628 0.0136561 0.000525762 0.000381204 3.24456e-05 0.103227 0.00209839 10.2538 2.44116 83.2153 14.0153 1132.25 66.0667 1225.72 73.9907 1225.72 73.9907 0.564299 0.0103639 
200 0.27 691200000 547.079 16.7681 -55.2238 0.694421 3411 79.7069 1.6966e+07 887763 -0.00189158 0.00370229 -0.000759029 0.00299628 0.0136561 0.000525762 0.000381204 3.24456e-05 0.103227 0.00209839 10.2538 2.43829 83.2153 14.0153 1132.25 66.0667 1225.72 73.9907 1225.72 73.9907 0.564299 0.0103639 
200 0.27 692000000 547.079 16.7681 -55.2238 0.694421 3411 79.7069 1.6966e+07 886771 -0.00189158 0.00370229 -0.000759029 0.00298926 0.0136561 0.000525762 0.000381204 3.24456e-05 0.103227 0.00209839 10.2538 2.43542 83.2153 13.9832 1132.25 66.0667 1225.72 73.868 1225.72 73.868 0.564299 0.0103639 
200 0.27 692800000 547.079 16.7681 -55.2238 0.694421 3411 79.7069 1.6966e+07 885847 -0.00189158 0.00370229 -0.000759029 0.00298926 0.0136561 0.000525762 0.000381204 3.24456e-05 0.103227 0.00209839 10.2538 2.43255 83.2153 13.9832 1132.25 66.0667 1225.72 73.868 1225.72 73.868 0.564299 0.0103639 
200 0.27 693600000 547.079 16.7681 -55.2238 0.694421 3411 79.7069 1.6966e+07 884953 -0.00189158 0.00370229 -0.000759029 0.00298476 0.0136561 0.000525762 0.000381204 3.21514e-05 0.103227 0.00209839 10.2538 2.42969 83.2153 13.951 1132.25 66.0667 1225.72 73.7401 1225.72 73.7401 0.564299 0.0102685 
200 0.27 694400000 547.079 16.7681 -55.2238 0.694421 3411 79.7069 1.6966e+07 887699 -0.00189158 0.00370229 -0.000759029 0.00298476 0.0136561 0.000525762 0.000381204 3.21514e-05 0.103227 0.00209839 10.2538 2.42684 83.2153 13.951 1132.25 66.0667 1225.72 73.7401 1225.72 73.7401 0.564299 0.0102685 
200 0.27 695200000 547.079 16.7681 -55.2238 0.694421 3411 79.7069 1.6966e+07 886712 -0.00189158 0.00370229 -0.000759029 0.00298042 0.0136561 0.000525762 0.000381204 3.21514e-05 0.103227 0.00209839 10.2538 2.42399 83.2153 13.9192 1132.25 66.0667 1225.72 73.6187 1225.72 73.6187 0.564299 0.0102685 
200 0.27 696000000 547.079 16.7681 -55.2238 0.694421 3411 79.7069 1.6966e+07 885691 -0.00189158 0.00370229 -0.000759029 0.00298042 0.0136561 0.000525762 0.000381204 3.21514e-05 0.103227 0.00209839 10.2538 2.42115 83.2153 13.9192 1132.25 66.0667 1225.72 73.6187 1225.72 73.6187 0.564299 0.0102685 
200 0.27 696800000 547.079 16.7681 -55.2238 0.694421 3411 79.7069 1.6966e+07 884659 -0.00189158 0.00370229 -0.000759029 0.0029739 0.0136561 0.000525762 0.000381204 3.21514e-05 0.103227 0.00209839 10.2538 2.41832 83.2153 13.8874 1132.25 66.0667 1225.72 73.4938 1225.72 73.4938 0.564299 0.0102685 
200 0.27 697600000 547.079 16.7681 -55.2238 0.694421 3411 79.7069 1.6966e+07 883690 -0.00189158 0.00370229 -0.000759029 0.0029739 0.0136561 0.000525762 0.000381204 3.21514e-05 0.103227 0.00209839 10.2538 2.41549 83.2153 13.8874 1132.25 66.0667 1225.72 73.4938 1225.72 73.4938 0.564299 0.0102685 
200 0.27 698400000 547.079 16.7681 -55.2238 0.694421 3411 79.7069 1.6966e+07 882808 -0.00189158 0.00370229 -0.000759029 0.00296767 0.0136561 0.000525762 0.000381204 3.21514e-05 0.103227 0.00209839 10.2538 2.41267 83.2153 13.8553 1132.25 66.0667 1225.72 73.3665 1225.72 73.3665 0.564299 0.0102685 
200 0.27 699200000 547.079 16.7681 -55.2238 0.694421 3411 79.7069 1.6966e+07 882255 -0.00189158 0.00370229 -0.000759029 0.00296767 0.0136561 0.000525762 0.000381204 3.21514e-05 0.103227 0.00209839 10.2538 2.40986 83.2153 13.8553 1132.25 66.0667 1225.72 73.3665 1225.72 73.3665 0.564299 0.0102685 
200 0.27 700000000 547.079 16.7681 -55.2238 0.694421 3411 79.7069 1.6966e+07 881299 -0.00189158 0.00370229 -0.000759029 0.00296821 0.0136561 0.000525762 0.000381204 3.19353e-05 0.103227 0.00209839 10.2538 2.40704 83.2153 13.824 1132.25 66.0667 1225.72 73.2303 1225.72 73.2303 0.564299 0.0102243 
200 0.27 700800000 547.079 16.7681 -55.2238 0.694421 3411 79.7069 1.6966e+07 880487 -0.00189158 0.00370229 -0.000759029 0.00296821 0.0136561 0.000525762 0.000381204 3.19353e-05 0.103227 0.00209839 10.2538 2.40425 83.2153 13.824 1132.25 66.0667 1225.72 73.2303 1225.72 73.2303 0.564299 0.0102243 
200 0.27 701600000 547.079 16.7681 -55.2238 0.694421 3411 79.7069 1.6966e+07 879561 -0.00189158 0.00370229 -0.000759029 0.00296305 0.0136561 0.000525762 0.000381204 3.19353e-05 0.103227 0.00209839 10.2538 2.40145 83.2153 13.7919 1132.25 66.0667 1225.72 73.6632 1225.72 73.6632 0.564299 0.0102243 
200 0.27 702400000 547.079 16.7681 -55.2238 0.694421 3411 79.7069 1.6966e+07 878698 -0.00189158 0.00370229 -0.000759029 0.00296305 0.0136561 0.000525762 0.000381204 3.19353e-05 0.103227 0.00209839 10.2538 2.39867 83.2153 13.7919 1132.25 66.0667 1225.72 73.6632 1225.72 73.6632 0.564299 0.0102243 
200 0.27 703200000 547.079 16.7681 -55.2238 0.694421 3411 79.7069 1.6966e+07 877679 -0.00189158 0.00370229 -0.000759029 0.00296305 0.0136561 0.000525762 0.000381204 3.19353e-05 0.103227 0.00209839 10.2538 2.39589 83.2153 13.7607 1132.25 66.0667 1225.72 73.5426 1225.72 73.5426 0.564299 0.0102243 
200 0.27 704000000 547.079 16.7681 -55.2238 0.694421 3411 79.7069 1.6966e+07 876869 -0.00189158 0.00370229 -0.000759029 0.00296305 0.0136561 0.000525762 0.000381204 3.19353e-05 0.103227 0.00209839 10.2538 2.39311 83.2153 13.7607 1132.25 66.0667 1225.72 73.5426 1225.72 73.5426 0.564299 0.0102243 
200 0.27 704800000 547.079 16.7681 -55.2238 0.694421 3411 79.7069 1.6966e+07 876029 -0.00189158 0.00370229 -0.000759029 0.00296305 0.0136561 0.000525762 0.000381204 3.19353e-05 0.103227 0.00209839 10.2538 2.39035 83.2153 13.7298 1132.25 66.0667 1225.72 73.4165 1225.72 73.4165 0.564299 0.0102243 
200 0.27 705600000 547.079 16.7681 -55.2238 0.694421 3411 79.7069 1.6966e+07 875099 -0.00189158 0.00370229 -0.000759029 0.00296305 0.0136561 0.000525762 0.000381204 3.19353e-05 0.103227 0.00209839 10.2538 2.38759 83.2153 13.7298 1132.25 66.0667 1225.72 73.4165 1225.72 73.4165 0.564299 0.0102243 
200 0.27 706400000 547.079 16.7681 -55.2238 0.684127 3411 78.585 1.6966e+07 874128 -0.00189158 0.00370229 -0.000759029 0.00296048 0.0136561 0.000525762 0.000381204 3.16799e-05 0.103227 0.00209839 10.2538 2.38483 83.2153 13.6988 1132.25 65.3296 1225.72 73.2932 1225.72 73.2932 0.564299 0.01013 
200 0.27 707200000 547.079 16.7681 -55.2238 0.684127 3411 78.4999 1.6966e+07 873118 -0.00189158 0.00370229 -0.000759029 0.00296048 0.0136561 0.000525762 0.000381204 3.16799e-05 0.103227 0.00209839 10.2538 2.38208 83.2153 13.6988 1132.25 65.3296 1225.72 73.2932 1225.72 73.2932 0.564299 0.01013 
200 0.27 708000000 547.079 16.7681 -55.2238 0.684127 3411 78.4149 1.6966e+07 872189 -0.00189158 0.00370229 -0.000759029 0.00295423 0.0136561 0.000525762 0.000381204 3.16799e-05 0.103227 0.00209839 10.2538 2.37934 83.2153 13.6681 1132.25 65.2264 1225.72 73.1724 1225.72 73.1724 0.564299 0.01013 
200 0.27 708800000 547.079 16.7681 -55.2238 0.684127 3411 78.3257 1.6966e+07 871230 -0.00189158 0.00370229 -0.000759029 0.00295423 0.0136561 0.000525762 0.000381204 3.16799e-05 0.103227 0.00209839 10.2538 2.3766 83.2153 13.6681 1132.25 65.2264 1225.72 73.1724 1225.72 73.1724 0.564299 0.01013 
200 0.27 709600000 547.079 16.7681 -55.2238 0.684127 3411 78.2975 1.6966e+07 870430 -0.00189158 0.00370229 -0.000759029 0.0029558 0.0136561 0.000525762 0.000381204 3.16799e-05 0.103227 0.00209839 10.2538 2.37388 83.2153 13.6375 1132.25 65.1243 1225.72 73.0529 1225.72 73.0529 0.564299 0.01013 
200 0.27 710400000 547.079 16.7681 -55.2238 0.684127 3411 78.2463 1.6966e+07 869606 -0.00189158 0.00370229 -0.000759029 0.0029558 0.0136561 0.000525762 0.000381204 3.16799e-05 0.103227 0.00209839 10.2538 2.37116 83.2153 13.6375 1132.25 65.1243 1225.72 73.0529 1225.72 73.0529 0.564299 0.01013 
200 0.27 711200000 547.079 16.7681 -55.2238 0.684127 3411 78.2458 1.6966e+07 868667 -0.00189158 0.00370229 -0.000759029 0.00295249 0.0136561 0.000525762 0.000381204 3.16799e-05 0.103227 0.00209839 10.2538 2.36843 83.2153 13.6069 1132.25 65.0203 1225.72 72.9309 1225.72 72.9309 0.564299 0.01013 
200 0.27 712000000 547.079 16.7681 -55.2238 0.684127 3411 78.3191 1.6966e+07 870512 -0.00189158 0.00370229 -0.000759029 0.00295249 0.0136561 0.000525762 0.000381204 3.16799e-05 0.103227 0.00209839 10.2538 2.36571 83.2153 13.6069 1132.25 65.0203 1225.72 72.9309 1225.72 72.9309 0.564299 0.01013 
200 0.27 712800000 547.079 16.7681 -55.2238 0.684127 3411 78.2564 1.6966e+07 869668 -0.00189158 0.00370229 -0.000759029 0.00295279 0.0136561 0.000525762 0.000381204 3.14765e-05 0.103227 0.00209839 10.2538 2.36301 83.2153 13.5763 1132.25 64.894 1225.72 72.7869 1225.72 72.7869 0.564299 0.0101677 
200 0.27 713600000 547.079 16.7681 -55.2238 0.684127 3411 78.2458 1.6966e+07 868759 -0.00189158 0.00370229 -0.000759029 0.00295279 0.0136561 0.000525762 0.000381204 3.14765e-05 0.103227 0.00209839 10.2538 2.36032 83.2153 13.5763 1132.25 64.894 1225.72 72.7869 1225.72 72.7869 0.564299 0.0101677 
200 0.27 714400000 547.079 16.7681 -55.2238 0.684127 3411 78.2458 1.6966e+07 867778 -0.00189158 0.00370229 -0.000759029 0.00294745 0.0136561 0.000525762 0.000381204 3.14765e-05 0.103227 0.00209839 10.2538 2.35763 83.2153 13.571 1132.25 64.8506 1225.72 72.7616 1225.72 72.7616 0.564299 0.0101677 
200 0.27 715200000 547.079 16.7681 -55.2238 0.684127 3411 78.2458 1.6966e+07 866795 -0.00189158 0.00370229 -0.000759029 0.00294745 0.0136561 0.000525762 0.000381204 3.14765e-05 0.103227 0.00209839 10.2538 2.35494 83.2153 13.571 1132.25 64.8506 1225.72 72.7616 1225.72 72.7616 0.564299 0.0101677 
200 0.27 716000000 547.079 16.7681 -55.2238 0.684127 3411 78.2458 1.6966e+07 865817 -0.00189158 0.00370229 -0.000759029 0.00294095 0.0136561 0.000525762 0.000381204 3.14765e-05 0.103227 0.00209839 10.2538 2.35226 83.2153 13.5404 1132.25 64.755 1225.72 72.638 1225.72 72.638 0.564299 0.0101677 
200 0.27 716800000 547.079 16.7681 -55.2238 0.684127 3411 78.2458 1.6966e+07 864830 -0.00189158 0.00370229 -0.000759029 0.00294095 0.0136561 0.000525762 0.000381204 3.14765e-05 0.103227 0.00209839 10.2538 2.34958 83.2153 13.5404 1132.25 64.755 1225.72 72.638 1225.72 72.638 0.564299 0.0101677 
200 0.27 717600000 547.079 16.7681 -55.2238 0.684127 3411 78.2458 1.6966e+07 863976 -0.00189158 0.00370229 -0.000759029 0.00293862 0.0136561 0.000525762 0.000381204 3.14765e-05 0.103227 0.00209839 10.2538 2.34691 83.2153 13.5104 1132.25 64.6468 1225.72 72.5124 1225.72 72.5124 0.564299 0.0101677 
200 0.27 718400000 547.079 16.7681 -55.2238 0.684127 3411 78.2458 1.6966e+07 863304 -0.00189158 0.00370229 -0.000759029 0.00293862 0.0136561 0.000525762 0.000381204 3.14765e-05 0.103227 0.00209839 10.2538 2.34424 83.2153 13.5104 1132.25 64.6468 1225.72 72.5124 1225.72 72.5124 0.564299 0.0101677 
200 0.27 719200000 547.079 16.7681 -55.2238 0.684127 3411 78.2458 1.6966e+07 862391 -0.00189158 0.00370229 -0.000759029 0.00293084 0.0136561 0.000525762 0.000381204 3.11993e-05 0.103227 0.00209839 10.2538 2.34158 83.2153 13.4805 1132.25 64.5735 1225.72 72.407 1225.72 72.407 0.564299 0.0101897 
200 0.27 720000000 547.079 16.7681 -55.2238 0.684127 3411 78.2458 1.6966e+07 861445 -0.00189158 0.00370229 -0.000759029 0.00293084 0.0136561 0.000525762 0.000381204 3.11993e-05 0.103227 0.00209839 10.2538 2.33894 83.2153 13.4805 1132.25 64.5735 1225.72 72.407 1225.72 72.407 0.564299 0.0101897 
200 0.27 720800000 547.079 16.7681 -55.2238 0.684127 3411 78.2458 1.6966e+07 860599 -0.00189158 0.00370229 -0.000759029 0.0029242 0.0136561 0.000525762 0.000381204 3.11993e-05 0.103227 0.00209839 10.2538 2.33629 83.2153 13.4509 1132.25 64.4715 1225.72 72.2884 1225.72 72.2884 0.564299 0.0101897 
200 0.27 721600000 547.079 16.7681 -55.2238 0.684127 3411 78.2458 1.6966e+07 859796 -0.00189158 0.00370229 -0.000759029 0.0029242 0.0136561 0.000525762 0.000381204 3.11993e-05 0.103227 0.00209839 10.2538 2.33364 83.2153 13.4509 1132.25 64.4715 1225.72 72.2884 1225.72 72.2884 0.564299 0.0101897 
200 0.27 722400000 547.079 16.7681 -55.2238 0.684127 3411 78.2458 1.6966e+07 858959 -0.00189158 0.00370229 -0.000759029 0.00292132 0.0136561 0.000525762 0.000381204 3.11993e-05 0.103227 0.00209839 10.2538 2.33101 83.2153 13.4205 1132.25 64.3512 1225.72 72.1472 1225.72 72.1472 0.564299 0.0101897 
200 0.27 723200000 547.079 16.7681 -55.2238 0.684127 3411 78.2458 1.6966e+07 858159 -0.00189158 0.00370229 -0.000759029 0.00292132 0.0136561 0.000525762 0.000381204 3.11993e-05 0.103227 0.00209839 10.2538 2.32838 83.2153 13.4205 1132.25 64.3512 1225.72 72.1472 1225.72 72.1472 0.564299 0.0101897 
200 0.27 724000000 547.079 16.7681 -55.2238 0.684127 3411 78.2458 1.6966e+07 857192 -0.00189158 0.00370229 -0.000759029 0.0029198 0.0136561 0.000525762 0.000381204 3.11993e-05 0.103227 0.00209839 10.2538 2.32576 83.2153 13.3911 1132.25 64.2516 1225.72 72.031 1225.72 72.031 0.564299 0.0101897 
200 0.27 724800000 547.079 16.7681 -55.2238 0.684127 3411 78.2458 1.6966e+07 856423 -0.00189158 0.00370229 -0.000759029 0.0029198 0.0136561 0.000525762 0.000381204 3.11993e-05 0.103227 0.00209839 10.2538 2.32314 83.2153 13.3911 1132.25 64.2516 1225.72 72.031 1225.72 72.031 0.564299 0.0101897 
200 0.27 725600000 547.079 16.7681 -55.2238 0.684127 3411 78.2458 1.6966e+07 855593 -0.00189158 0.00370229 -0.000759029 0.00291303 0.0136561 0.000525762 0.000381204 3.0923e-05 0.103227 0.00209839 10.2538 2.32053 83.2153 13.3619 1132.25 64.1479 1225.72 71.9106 1225.72 71.9106 0.564299 0.0101112 
200 0.27 726400000 547.079 16.7681 -55.2238 0.684127 3411 78.2458 1.6966e+07 854788 -0.00189158 0.00370229 -0.000759029 0.00291303 0.0136561 0.000525762 0.000381204 3.0923e-05 0.103227 0.00209839 10.2538 2.31793 83.2153 13.3619 1132.25 64.1479 1225.72 71.9106 1225.72 71.9106 0.564299 0.0101112 
200 0.27 727200000 547.079 16.7681 -55.2238 0.684127 3411 78.2458 1.6966e+07 853833 -0.00189158 0.00370229 -0.000759029 0.00291217 0.0136561 0.000525762 0.000381204 3.0923e-05 0.103227 0.00209839 10.2538 2.31533 83.2153 13.3326 1132.25 64.0491 1225.72 71.7948 1225.72 71.7948 0.564299 0.0101112 
200 0.27 728000000 547.079 16.7681 -55.2238 0.684127 3411 78.2458 1.6966e+07 852921 -0.00189158 0.00370229 -0.000759029 0.00291217 0.0136561 0.000525762 0.000381204 3.0923e-05 0.103227 0.00209839 10.2538 2.31274 83.2153 13.3326 1132.25 64.0491 1225.72 71.7948 1225.72 71.7948 0.564299 0.0101112 
200 0.27 728800000 547.079 16.7681 -55.2238 0.684127 3411 78.2458 1.6966e+07 851966 -0.00189158 0.00370229 -0.000759029 0.00291217 0.0136561 0.000525762 0.000381204 3.0923e-05 0.103227 0.00209839 10.2538 2.31016 83.2153 13.3036 1132.25 63.9497 1225.72 71.679 1225.72 71.679 0.564299 0.0101112 
200 0.27 729600000 547.079 16.7681 -55.2238 0.684127 3411 78.2458 1.6966e+07 851148 -0.00189158 0.00370229 -0.000759029 0.00291217 0.0136561 0.000525762 0.000381204 3.0923e-05 0.103227 0.00209839 10.2538 2.30757 83.2153 13.3036 1132.25 63.9497 1225.72 71.679 1225.72 71.679 0.564299 0.0101112 
200 0.27 730400000 547.079 16.7681 -55.2238 0.684127 3411 78.2458 1.6966e+07 850302 -0.00189158 0.00370229 -0.000759029 0.00291217 0.0136561 0.000525762 0.000381204 3.0923e-05 0.103227 0.00209839 10.2538 2.30501 83.2153 13.274 1132.25 63.8158 1225.72 71.5259 1225.72 71.5259 0.564299 0.0101112 
200 0.27 731200000 547.079 16.7681 -55.2238 0.684127 3411 78.2458 1.6966e+07 849526 -0.00189158 0.00370229 -0.000759029 0.00291217 0.0136561 0.000525762 0.000381204 3.0923e-05 0.103227 0.00209839 10.2538 2.30244 83.2153 13.274 1132.25 63.8158 1225.72 71.5259 1225.72 71.5259 0.564299 0.0101112 
200 0.27 732000000 548.734 15.6519 -54.96 0.669547 3378.59 77.2592 1.66762e+07 848760 -0.000890225 0.00355939 0.000362579 0.00290902 0.0135624 0.000464661 0.000373047 3.07138e-05 0.103011 0.00184929 10.0333 2.29987 80.2596 13.2448 1124.26 63.8861 1214.56 71.5483 1214.56 71.5483 0.563237 0.0100477 
200 0.27 732800000 548.734 15.6519 -54.96 0.669547 3378.59 77.2592 1.66762e+07 847857 -0.000890225 0.00355939 0.000362579 0.00290902 0.0135624 0.000464661 0.000373047 3.07138e-05 0.103011 0.00184929 10.0333 2.29731 80.2596 13.2448 1124.26 63.8861 1214.56 71.5483 1214.56 71.5483 0.563237 0.0100477 
200 0.27 733600000 548.734 15.6519 -54.96 0.669547 3378.59 77.2592 1.66762e+07 847092 -0.000890225 0.00355939 0.000362579 0.00290902 0.0135624 0.000464541 0.000373047 3.07138e-05 0.103011 0.00185407 10.0333 2.29476 80.2596 13.216 1124.26 63.7883 1214.56 71.4336 1214.56 71.4336 0.563237 0.0100477 
200 0.27 734400000 548.734 15.6519 -54.96 0.669547 3378.59 77.2592 1.66762e+07 846337 -0.000890225 0.00355939 0.000362579 0.00290902 0.0135624 0.000464541 0.000373047 3.07138e-05 0.103011 0.00185407 10.0333 2.29221 80.2596 13.216 1124.26 63.7883 1214.56 71.4336 1214.56 71.4336 0.563237 0.0100477 
200 0.27 735200000 548.734 15.6519 -54.96 0.669547 3378.59 77.2592 1.66762e+07 845994 -0.000890225 0.00355939 0.000362579 0.00290902 0.0135624 0.000463647 0.000373047 3.07138e-05 0.103011 0.00185067 10.0333 2.28966 80.2596 13.1873 1124.26 63.647 1214.56 71.275 1214.56 71.275 0.563237 0.0100477 
200 0.27 736000000 548.734 15.6519 -54.96 0.669547 3378.59 77.2592 1.66762e+07 845110 -0.000890225 0.00355939 0.000362579 0.00290902 0.0135624 0.000463647 0.000373047 3.07138e-05 0.103011 0.00185067 10.0333 2.28712 80.2596 13.1873 1124.26 63.647 1214.56 71.275 1214.56 71.275 0.563237 0.0100477 
200 0.27 736800000 548.734 15.6519 -54.96 0.669547 3378.59 77.2592 1.66762e+07 844173 -0.000890225 0.00355939 0.000362579 0.00290902 0.0135624 0.000462802 0.000373047 3.07138e-05 0.103011 0.0018469 10.0333 2.2846 80.2596 13.1588 1124.26 63.5467 1214.56 71.1582 1214.56 71.1582 0.563237 0.0100477 
200 0.27 737600000 548.734 15.6519 -54.96 0.669547 3378.59 77.2592 1.66762e+07 843363 -0.000890225 0.00355939 0.000362579 0.00290902 0.0135624 0.000462802 0.000373047 3.07138e-05 0.103011 0.0018469 10.0333 2.28207 80.2596 13.1588 1124.26 63.5467 1214.56 71.1582 1214.56 71.1582 0.563237 0.0100477 
200 0.27 738400000 548.734 15.6519 -54.96 0.669547 3378.59 77.2592 1.66762e+07 845692 -0.000890225 0.00355939 0.000362579 0.00288983 0.0135624 0.000462868 0.000373047 3.04454e-05 0.103011 0.00184387 10.0333 2.27956 80.2596 13.1305 1124.26 63.4503 1214.56 71.0458 1214.56 71.0458 0.563237 0.0100245 
200 0.27 739200000 548.734 15.6519 -54.96 0.669547 3378.59 77.2592 1.66762e+07 844769 -0.000890225 0.00355939 0.000362579 0.00288983 0.0135624 0.000462868 0.000373047 3.04454e-05 0.103011 0.00184387 10.0333 2.27706 80.2596 13.1305 1124.26 63.4503 1214.56 71.0458 1214.56 71.0458 0.563237 0.0100245 
200 0.27 740000000 548.734 15.6519 -54.96 0.669547 3378.59 77.2592 1.66762e+07 844035 -0.000890225 0.00355939 0.000362579 0.00288983 0.0135624 0.000462137 0.000373047 3.04454e-05 0.103011 0.00184066 10.0333 2.27475 80.2596 13.354 1124.26 63.4943 1214.56 71.278 1214.56 71.278 0.563237 0.0100245 
200 0.27 740800000 548.734 15.6519 -54.96 0.669547 3378.59 77.2592 1.66762e+07 844111 -0.000890225 0.00355939 0.000362579 0.00288983 0.0135624 0.000462137 0.000373047 3.04454e-05 0.103011 0.00184066 10.0333 2.27224 80.2596 13.354 1124.26 63.4943 1214.56 71.278 1214.56 71.278 0.563237 0.0100245 
200 0.27 741600000 548.734 15.6519 -54.96 0.669547 3378.59 77.2592 1.66762e+07 858298 -0.000890225 0.00355939 0.000362579 0.00288983 0.0135624 0.000461569 0.000373047 3.04454e-05 0.103011 0.00183958 10.0333 2.26974 80.2596 13.3249 1124.26 63.4444 1214.56 71.1972 1214.56 71.1972 0.563237 0.0100245 
200 0.27 742400000 548.734 15.6519 -54.96 0.669547 3378.59 77.2592 1.66762e+07 857529 -0.000890225 0.00355939 0.000362579 0.00288983 0.0135624 0.000461569 0.000373047 3.04454e-05 0.103011 0.00183958 10.0333 2.26725 80.2596 13.3249 1124.26 63.4444 1214.56 71.1972 1214.56 71.1972 0.563237 0.0100245 
200 0.27 743200000 548.734 15.6519 -54.96 0.669547 3378.59 77.2592 1.66762e+07 856631 -0.000890225 0.00355939 0.000362579 0.00288983 0.0135624 0.000460975 0.000373047 3.04454e-05 0.103011 0.00183844 10.0333 2.26477 80.2596 13.2966 1124.26 63.3474 1214.56 71.0844 1214.56 71.0844 0.563237 0.0100245 
200 0.27 744000000 548.734 15.6519 -54.96 0.669547 3378.59 77.2592 1.66762e+07 855706 -0.000890225 0.00355939 0.000362579 0.00288983 0.0135624 0.000460975 0.000373047 3.04454e-05 0.103011 0.00183844 10.0333 2.26228 80.2596 13.2966 1124.26 63.3474 1214.56 71.0844 1214.56 71.0844 0.563237 0.0100245 
200 0.27 744800000 548.734 15.6519 -54.96 0.669547 3378.59 77.2592 1.66762e+07 854810 -0.000890225 0.00355939 0.000362579 0.00287705 0.0135624 0.000460476 0.000373047 3.01904e-05 0.103011 0.00183682 10.0333 2.25981 80.2596 13.2679 1124.26 63.2256 1214.56 70.9462 1214.56 70.9462 0.563237 0.00994468 
200 0.27 745600000 548.734 15.6519 -54.96 0.669547 3378.59 77.2592 1.66762e+07 853874 -0.000890225 0.00355939 0.000362579 0.00287705 0.0135624 0.000460476 0.000373047 3.01904e-05 0.103011 0.00183682 10.0333 2.25733 80.2596 13.2679 1124.26 63.2256 1214.56 70.9462 1214.56 70.9462 0.563237 0.00994468 
200 0.27 746400000 548.734 15.6519 -54.96 0.669547 3378.59 77.2592 1.66762e+07 852988 -0.000890225 0.00355939 0.000362579 0.00287705 0.0135624 0.000459566 0.000373047 3.01904e-05 0.103011 0.00183311 10.0333 2.25487 80.2596 13.2396 1124.26 63.0984 1214.56 70.8037 1214.56 70.8037 0.563237 0.00994468 
200 0.27 747200000 548.734 15.6519 -54.96 0.669547 3378.59 77.2592 1.66762e+07 852247 -0.000890225 0.00355939 0.000362579 0.00287705 0.0135624 0.000459566 0.000373047 3.01904e-05 0.103011 0.00183311 10.0333 2.25241 80.2596 13.2396 1124.26 63.0984 1214.56 70.8037 1214.56 70.8037 0.563237 0.00994468 
200 0.27 748000000 548.734 15.6519 -54.96 0.669547 3378.59 77.2592 1.66762e+07 851476 -0.000890225 0.00355939 0.000362579 0.00287705 0.0135624 0.00045912 0.000373047 3.01904e-05 0.103011 0.00183326 10.0333 2.24996 80.2596 13.2114 1124.26 62.9607 1214.56 70.6492 1214.56 70.6492 0.563237 0.00994468 
200 0.27 748800000 548.734 15.6519 -54.96 0.669547 3378.59 77.2592 1.66762e+07 850714 -0.000890225 0.00355939 0.000362579 0.00287705 0.0135624 0.00045912 0.000373047 3.01904e-05 0.103011 0.00183326 10.0333 2.2475 80.2596 13.2114 1124.26 62.9607 1214.56 70.6492 1214.56 70.6492 0.563237 0.00994468 
200 0.27 749600000 548.734 15.6519 -54.96 0.669547 3378.59 77.2592 1.66762e+07 849925 -0.000890225 0.00355939 0.000362579 0.00287705 0.0135624 0.000458249 0.000373047 3.01904e-05 0.103011 0.00182972 10.0333 2.24506 80.2596 13.1834 1124.26 62.8416 1214.56 70.5147 1214.56 70.5147 0.563237 0.00994468 
200 0.27 750400000 548.734 15.6519 -54.96 0.669547 3378.59 77.2592 1.66762e+07 849123 -0.000890225 0.00355939 0.000362579 0.00287705 0.0135624 0.000458249 0.000373047 3.01904e-05 0.103011 0.00182972 10.0333 2.24263 80.2596 13.1834 1124.26 62.8416 1214.56 70.5147 1214.56 70.5147 0.563237 0.00994468 
200 0.27 751200000 548.734 15.6519 -54.96 0.669547 3378.59 77.2592 1.66762e+07 848358 -0.000890225 0.00355939 0.000362579 0.00285562 0.0135624 0.000457268 0.000373047 2.99543e-05 0.103011 0.00182628 10.0333 2.2402 80.2596 13.1553 1124.26 62.7778 1214.56 70.4204 1214.56 70.4204 0.563237 0.00987558 
200 0.27 752000000 548.734 15.6519 -54.96 0.669547 3378.59 77.2592 1.66762e+07 847608 -0.000890225 0.00355939 0.000362579 0.00285562 0.0135624 0.000457268 0.000373047 2.99543e-05 0.103011 0.00182628 10.0333 2.23777 80.2596 13.1553 1124.26 62.7778 1214.56 70.4204 1214.56 70.4204 0.563237 0.00987558 
200 0.27 752800000 548.734 15.6519 -54.96 0.669547 3378.59 77.2592 1.66762e+07 846839 -0.000890225 0.00355939 0.000362579 0.00285562 0.0135624 0.000456277 0.000373047 2.99543e-05 0.103011 0.00182249 10.0333 2.23535 80.2596 13.1276 1124.26 62.7186 1214.56 70.33 1214.56 70.33 0.563237 0.00987558 
200 0.27 753600000 548.734 15.6519 -54.96 0.669547 3378.59 77.2592 1.66762e+07 846001 -0.000890225 0.00355939 0.000362579 0.00285562 0.0135624 0.000456277 0.000373047 2.99543e-05 0.103011 0.00182249 10.0333 2.23293 80.2596 13.1276 1124.26 62.7186 1214.56 70.33 1214.56 70.33 0.563237 0.00987558 
200 0.27 754400000 548.734 15.6519 -54.96 0.669547 3378.59 77.2592 1.66762e+07 846758 -0.000890225 0.00355939 0.000362579 0.00285562 0.0135624 0.000455319 0.000373047 2.99543e-05 0.103011 0.00181857 10.0333 2.23054 80.2596 13.1 1124.26 62.6267 1214.56 70.2228 1214.56 70.2228 0.563237 0.00987558 
200 0.27 755200000 548.734 15.6519 -54.96 0.669547 3378.59 77.2592 1.66762e+07 845903 -0.000890225 0.00355939 0.000362579 0.00285562 0.0135624 0.000455319 0.000373047 2.99543e-05 0.103011 0.00181857 10.0333 2.22813 80.2596 13.1 1124.26 62.6267 1214.56 70.2228 1214.56 70.2228 0.563237 0.00987558 
200 0.27 756000000 548.734 15.6519 -54.96 0.669547 3378.59 77.2592 1.66762e+07 845039 -0.000890225 0.00355939 0.000362579 0.00285562 0.0135624 0.000454755 0.000373047 2.99543e-05 0.103011 0.00181582 10.0333 2.22573 80.2596 13.0726 1124.26 62.4917 1214.56 70.0711 1214.56 70.0711 0.563237 0.00987558 
200 0.27 756800000 548.734 15.6519 -54.96 0.669547 3378.59 77.2592 1.66762e+07 844131 -0.000890225 0.00355939 0.000362579 0.00285562 0.0135624 0.000454755 0.000373047 2.99543e-05 0.103011 0.00181582 10.0333 2.22333 80.2596 13.0726 1124.26 62.4917 1214.56 70.0711 1214.56 70.0711 0.563237 0.00987558 
200 0.27 757600000 548.734 15.6519 -54.96 0.646822 3378.59 75.925 1.66762e+07 843360 -0.000890225 0.00355939 0.000362579 0.00283107 0.0135624 0.000454755 0.000373047 2.97008e-05 0.103011 0.00181393 10.0333 2.22094 80.2596 13.0448 1124.26 62.41 1214.56 69.9634 1214.56 69.9634 0.563237 0.00979966 
200 0.27 758400000 548.734 15.6519 -54.96 0.646822 3378.59 75.8445 1.66762e+07 842494 -0.000890225 0.00355939 0.000362579 0.00283107 0.0135624 0.000454755 0.000373047 2.97008e-05 0.103011 0.00181393 10.0333 2.21856 80.2596 13.0448 1124.26 62.41 1214.56 69.9634 1214.56 69.9634 0.563237 0.00979966 
200 0.27 759200000 548.734 15.6519 -54.96 0.646822 3378.59 75.7856 1.66762e+07 841723 -0.000890225 0.00355939 0.000362579 0.00283107 0.0135624 0.000454755 0.000373047 2.97008e-05 0.103011 0.00181141 10.0333 2.21619 80.2596 13.0176 1124.26 62.3126 1214.56 69.8511 1214.56 69.8511 0.563237 0.00979966 
200 0.27 760000000 548.734 15.6519 -54.96 0.646822 3378.59 75.7048 1.66762e+07 840827 -0.000890225 0.00355939 0.000362579 0.00283107 0.0135624 0.000454755 0.000373047 2.97008e-05 0.103011 0.00181141 10.0333 2.21381 80.2596 13.0176 1124.26 62.3126 1214.56 69.8511 1214.56 69.8511 0.563237 0.00979966 
200 0.27 760800000 548.734 15.6519 -54.96 0.646822 3378.59 75.6326 1.66762e+07 839931 -0.000890225 0.00355939 0.000362579 0.00283107 0.0135624 0.000454755 0.000373047 2.97008e-05 0.103011 0.00180802 10.0333 2.21144 80.2596 12.9904 1124.26 62.2753 1214.56 69.7802 1214.56 69.7802 0.563237 0.00979966 
200 0.27 761600000 548.734 15.6519 -54.96 0.646822 3378.59 75.7329 1.66762e+07 840854 -0.000890225 0.00355939 0.000362579 0.00283107 0.0135624 0.000454755 0.000373047 2.97008e-05 0.103011 0.00180802 10.0333 2.20907 80.2596 12.9904 1124.26 62.2753 1214.56 69.7802 1214.56 69.7802 0.563237 0.00979966 
200 0.27 762400000 548.734 15.6519 -54.96 0.646822 3378.59 75.6551 1.66762e+07 839954 -0.000890225 0.00355939 0.000362579 0.00283107 0.0135624 0.000454755 0.000373047 2.97008e-05 0.103011 0.00180608 10.0333 2.20673 80.2596 12.9635 1124.26 62.1852 1214.56 69.6751 1214.56 69.6751 0.563237 0.00979966 
200 0.27 763200000 548.734 15.6519 -54.96 0.646822 3378.59 75.5925 1.66762e+07 839178 -0.000890225 0.00355939 0.000362579 0.00283107 0.0135624 0.000454755 0.000373047 2.97008e-05 0.103011 0.00180608 10.0333 2.20437 80.2596 12.9635 1124.26 62.1852 1214.56 69.6751 1214.56 69.6751 0.563237 0.00979966 
200 0.27 764000000 548.734 15.6519 -54.96 0.646822 3378.59 79.7582 1.66762e+07 1.15797e+06 -0.000890225 0.00355939 0.000362579 0.00282608 0.0135624 0.000469203 0.000373047 3.64257e-05 0.103011 0.00181896 10.0333 2.20203 80.2596 12.9366 1124.26 62.0967 1214.56 69.5712 1214.56 69.5712 0.563237 0.00975414 
200 0.27 764800000 548.734 15.6519 -54.96 0.646822 3378.59 79.6734 1.66762e+07 1.15797e+06 -0.000890225 0.00355939 0.000362579 0.00282608 0.0135624 0.000469203 0.000373047 3.64257e-05 0.103011 0.00181896 10.0333 2.19969 80.2596 12.9366 1124.26 62.0967 1214.56 69.5712 1214.56 69.5712 0.563237 0.00975414 
200 0.27 765600000 548.734 15.6519 -54.96 0.646822 3378.59 79.6878 1.66762e+07 1.15797e+06 -0.000890225 0.00355939 0.000362579 0.00282608 0.0135624 0.000468817 0.000373047 3.64257e-05 0.103011 0.00182052 10.0333 2.19734 80.2596 12.9096 1124.26 61.9719 1214.56 69.4317 1214.56 69.4317 0.563237 0.00975414 
200 0.27 766400000 548.734 15.6519 -54.96 0.646822 3378.59 79.6039 1.66762e+07 1.15797e+06 -0.000890225 0.00355939 0.000362579 0.00282608 0.0135624 0.000468817 0.000373047 3.64257e-05 0.103011 0.00182052 10.0333 2.19501 80.2596 12.9096 1124.26 61.9719 1214.56 69.4317 1214.56 69.4317 0.563237 0.00975414 
200 0.27 767200000 548.734 15.6519 -54.96 0.646822 3378.59 79.5534 1.66762e+07 1.1531e+06 -0.000890225 0.00355939 0.000362579 0.00282608 0.0135624 0.000468583 0.000373047 3.63076e-05 0.103011 0.00182291 10.0333 2.19268 80.2596 12.883 1124.26 61.8754 1214.56 69.3204 1214.56 69.3204 0.563237 0.00971895 
200 0.27 768000000 548.734 15.6519 -54.96 0.646822 3378.59 79.5534 1.66762e+07 1.1531e+06 -0.000890225 0.00355939 0.000362579 0.00282608 0.0135624 0.000468583 0.000373047 3.63076e-05 0.103011 0.00182291 10.0333 2.19035 80.2596 12.883 1124.26 61.8754 1214.56 69.3204 1214.56 69.3204 0.563237 0.00971895 
200 0.27 768800000 548.734 15.6519 -54.96 0.646822 3378.59 79.5534 1.66762e+07 1.1531e+06 -0.000890225 0.00355939 0.000362579 0.00282608 0.0135624 0.000467879 0.000373047 3.63076e-05 0.103011 0.00182028 10.0333 2.18804 80.2596 12.8562 1124.26 61.7843 1214.56 69.2136 1214.56 69.2136 0.563237 0.00971895 
200 0.27 769600000 548.734 15.6519 -54.96 0.646822 3378.59 79.5534 1.66762e+07 1.1531e+06 -0.000890225 0.00355939 0.000362579 0.00282608 0.0135624 0.000467879 0.000373047 3.63076e-05 0.103011 0.00182028 10.0333 2.18573 80.2596 12.8562 1124.26 61.7843 1214.56 69.2136 1214.56 69.2136 0.563237 0.00971895 
200 0.27 770400000 548.734 15.6519 -54.96 0.646822 3378.59 79.2684 1.66762e+07 1.14825e+06 -0.000890225 0.00355939 0.000362579 0.00280321 0.0135624 0.000467309 0.000373047 3.61553e-05 0.103011 0.00181915 10.0333 2.18342 80.2596 12.8296 1124.26 61.6945 1214.56 69.1082 1214.56 69.1082 0.563237 0.00973073 
200 0.27 771200000 548.734 15.6519 -54.96 0.646822 3378.59 79.199 1.66762e+07 1.14825e+06 -0.000890225 0.00355939 0.000362579 0.00280321 0.0135624 0.000467309 0.000373047 3.61553e-05 0.103011 0.00181915 10.0333 2.18112 80.2596 12.8296 1124.26 61.6945 1214.56 69.1082 1214.56 69.1082 0.563237 0.00973073 
200 0.27 772000000 548.734 15.6519 -54.96 0.646822 3378.59 79.1596 1.66762e+07 1.14825e+06 -0.000890225 0.00355939 0.000362579 0.00280321 0.0135624 0.000466338 0.000373047 3.61553e-05 0.103011 0.00181535 10.0333 2.17882 80.2596 12.8032 1124.26 61.6033 1214.56 69.0021 1214.56 69.0021 0.563237 0.00973073 
200 0.27 772800000 548.734 15.6519 -54.96 0.646822 3378.59 79.1596 1.66762e+07 1.14825e+06 -0.000890225 0.00355939 0.000362579 0.00280321 0.0135624 0.000466338 0.000373047 3.61553e-05 0.103011 0.00181535 10.0333 2.17653 80.2596 12.8032 1124.26 61.6033 1214.56 69.0021 1214.56 69.0021 0.563237 0.00973073 
200 0.27 773600000 548.734 15.6519 -54.96 0.646822 3378.59 79.1596 1.66762e+07 1.14412e+06 -0.000890225 0.00355939 0.000362579 0.00280321 0.0135624 0.000465805 0.000373047 3.60068e-05 0.103011 0.0018142 10.0333 2.17424 80.2596 12.777 1124.26 61.5138 1214.56 68.8977 1214.56 68.8977 0.563237 0.00970265 
200 0.27 774400000 548.734 15.6519 -54.96 0.646822 3378.59 79.1596 1.66762e+07 1.14412e+06 -0.000890225 0.00355939 0.000362579 0.00280321 0.0135624 0.000465805 0.000373047 3.60068e-05 0.103011 0.0018142 10.0333 2.17195 80.2596 12.777 1124.26 61.5138 1214.56 68.8977 1214.56 68.8977 0.563237 0.00970265 
200 0.27 775200000 548.734 15.6519 -54.96 0.646822 3378.59 79.1596 1.66762e+07 1.14412e+06 -0.000890225 0.00355939 0.000362579 0.00280321 0.0135624 0.000465009 0.000373047 3.60068e-05 0.103011 0.00181166 10.0333 2.16967 80.2596 12.7501 1124.26 61.4055 1214.56 68.7727 1214.56 68.7727 0.563237 0.00970265 
200 0.27 776000000 548.734 15.6519 -54.96 0.646822 3378.59 79.1596 1.66762e+07 1.14412e+06 -0.000890225 0.00355939 0.000362579 0.00280321 0.0135624 0.000465009 0.000373047 3.60068e-05 0.103011 0.00181166 10.0333 2.1674 80.2596 12.7501 1124.26 61.4055 1214.56 68.7727 1214.56 68.7727 0.563237 0.00970265 
200 0.27 776800000 548.734 15.6519 -54.96 0.646822 3378.59 79.2495 1.66762e+07 1.14082e+06 -0.000890225 0.00355939 0.000362579 0.00278787 0.0135624 0.000464333 0.000373047 3.5859e-05 0.103011 0.00180885 10.0333 2.16513 80.2596 12.724 1124.26 61.3099 1214.56 68.6625 1214.56 68.6625 0.563237 0.00966416 
200 0.27 777600000 548.734 15.6519 -54.96 0.646822 3378.59 79.2495 1.66762e+07 1.14082e+06 -0.000890225 0.00355939 0.000362579 0.00278787 0.0135624 0.000464333 0.000373047 3.5859e-05 0.103011 0.00180885 10.0333 2.16287 80.2596 12.724 1124.26 61.3099 1214.56 68.6625 1214.56 68.6625 0.563237 0.00966416 
200 0.27 778400000 548.734 15.6519 -54.96 0.646822 3378.59 79.2495 1.66762e+07 1.14082e+06 -0.000890225 0.00355939 0.000362579 0.00278787 0.0135624 0.000464119 0.000373047 3.5859e-05 0.103011 0.00181176 10.0333 2.16061 80.2596 12.698 1124.26 61.2415 1214.56 68.5669 1214.56 68.5669 0.563237 0.00966416 
200 0.27 779200000 548.734 15.6519 -54.96 0.646822 3378.59 79.2495 1.66762e+07 1.14082e+06 -0.000890225 0.00355939 0.000362579 0.00278787 0.0135624 0.000464119 0.000373047 3.5859e-05 0.103011 0.00181176 10.0333 2.15835 80.2596 12.698 1124.26 61.2415 1214.56 68.5669 1214.56 68.5669 0.563237 0.00966416 
200 0.27 780000000 548.734 15.6519 -54.96 0.646822 3378.59 79.2495 1.66762e+07 1.13739e+06 -0.000890225 0.00355939 0.000362579 0.00278787 0.0135624 0.000463187 0.000373047 3.57358e-05 0.103011 0.00180797 10.0333 2.1561 80.2596 12.8618 1124.26 61.2766 1214.56 68.748 1214.56 68.748 0.563237 0.00962895 
200 0.27 780800000 548.734 15.6519 -54.96 0.646822 3378.59 79.2495 1.66762e+07 1.13739e+06 -0.000890225 0.00355939 0.000362579 0.00278787 0.0135624 0.000464121 0.000373047 3.57358e-05 0.103011 0.00180797 10.0333 2.15385 80.2596 12.8618 1124.26 61.2766 1214.56 68.748 1214.56 68.748 0.563237 0.00962895 
200 0.27 781600000 548.734 15.6519 -54.96 0.646822 3378.59 79.2495 1.66762e+07 1.13739e+06 -0.000890225 0.00355939 0.000362579 0.00278787 0.0135624 0.000465452 0.000373047 3.57358e-05 0.103011 0.00181311 10.0333 2.15161 80.2596 12.8357 1124.26 61.2068 1214.56 68.651 1214.56 68.651 0.563237 0.00962895 
200 0.27 782400000 548.734 15.6519 -54.96 0.646822 3378.59 79.2495 1.66762e+07 1.13739e+06 -0.000890225 0.00355939 0.000362579 0.00278787 0.0135624 0.000465452 0.000373047 3.57358e-05 0.103011 0.00181311 10.0333 2.14937 80.2596 12.8357 1124.26 61.2068 1214.56 68.651 1214.56 68.651 0.563237 0.00962895 
200 0.27 783200000 551.752 14.8965 -55.0242 0.641479 3398.43 79.767 1.74252e+07 1.13284e+06 -0.0015927 0.00355939 -0.000360065 0.0027861 0.0136471 0.000464543 0.000391801 3.57262e-05 0.103035 0.00180936 9.76874 2.14714 81.1021 12.8097 1114.81 61.1074 1205.68 68.5372 1205.68 68.5372 0.563455 0.00962088 
200 0.27 784000000 551.752 14.8965 -55.0242 0.641479 3398.43 79.767 1.74252e+07 1.13284e+06 -0.0015927 0.00355939 -0.000360065 0.0027861 0.0136471 0.000464543 0.000391801 3.57262e-05 0.103035 0.00180936 9.76874 2.14491 81.1021 12.8097 1114.81 61.1074 1205.68 68.5372 1205.68 68.5372 0.563455 0.00962088 
200 0.27 784800000 551.752 14.8965 -55.0242 0.641479 3398.43 79.767 1.74252e+07 1.13284e+06 -0.0015927 0.00355939 -0.000360065 0.0027861 0.0136471 0.000463579 0.000391801 3.57262e-05 0.103035 0.00180587 9.76874 2.14269 81.1021 12.7837 1114.81 61.0218 1205.68 68.4362 1205.68 68.4362 0.563455 0.00962088 
200 0.27 785600000 551.752 14.8965 -55.0242 0.641479 3398.43 79.767 1.74252e+07 1.13284e+06 -0.0015927 0.00355939 -0.000360065 0.0027861 0.0136471 0.000463579 0.000391801 3.57262e-05 0.103035 0.00180587 9.76874 2.14046 81.1021 12.7837 1114.81 61.0218 1205.68 68.4362 1205.68 68.4362 0.563455 0.00962088 
200 0.27 786400000 551.752 14.8965 -55.0242 0.641479 3398.43 79.767 1.74252e+07 1.12914e+06 -0.0015927 0.00355939 -0.000360065 0.0027861 0.0136471 0.000462623 0.000391801 3.55818e-05 0.103035 0.00180259 9.76874 2.13825 81.1021 12.758 1114.81 60.9337 1205.68 68.3336 1205.68 68.3336 0.563455 0.00964424 
200 0.27 787200000 551.752 14.8965 -55.0242 0.641479 3398.43 79.767 1.74252e+07 1.12914e+06 -0.0015927 0.00355939 -0.000360065 0.0027861 0.0136471 0.000462623 0.000391801 3.55818e-05 0.103035 0.00180259 9.76874 2.13604 81.1021 12.758 1114.81 60.9337 1205.68 68.3336 1205.68 68.3336 0.563455 0.00964424 
200 0.27 788000000 551.752 14.8965 -55.0242 0.641479 3398.43 79.767 1.74252e+07 1.12914e+06 -0.0015927 0.00355939 -0.000360065 0.0027861 0.0136471 0.000461671 0.000391801 3.55818e-05 0.103035 0.00179924 9.76874 2.13384 81.1021 12.7324 1114.81 60.8461 1205.68 68.2316 1205.68 68.2316 0.563455 0.00964424 
200 0.27 788800000 551.752 14.8965 -55.0242 0.641479 3398.43 79.767 1.74252e+07 1.12914e+06 -0.0015927 0.00355939 -0.000360065 0.0027861 0.0136471 0.000461671 0.000391801 3.55818e-05 0.103035 0.00179924 9.76874 2.13164 81.1021 12.7324 1114.81 60.8461 1205.68 68.2316 1205.68 68.2316 0.563455 0.00964424 
200 0.27 789600000 551.752 14.8965 -55.0242 0.641479 3398.43 79.767 1.74252e+07 1.12489e+06 -0.0015927 0.00355939 -0.000360065 0.0027861 0.0136471 0.000460727 0.000391801 3.54407e-05 0.103035 0.00179924 9.76874 2.12945 81.1021 12.7069 1114.81 60.7215 1205.68 68.0927 1205.68 68.0927 0.563455 0.00961548 
200 0.27 790400000 551.752 14.8965 -55.0242 0.641479 3398.43 79.767 1.74252e+07 1.12489e+06 -0.0015927 0.00355939 -0.000360065 0.0027861 0.0136471 0.000460727 0.000391801 3.54407e-05 0.103035 0.00179924 9.76874 2.12725 81.1021 12.7069 1114.81 60.7215 1205.68 68.0927 1205.68 68.0927 0.563455 0.00961548 
200 0.27 791200000 551.752 14.8965 -55.0242 0.641479 3398.43 79.767 1.74252e+07 1.12489e+06 -0.0015927 0.00355939 -0.000360065 0.0027861 0.0136471 0.000460507 0.000391801 3.54407e-05 0.103035 0.00179924 9.76874 2.12506 81.1021 12.6815 1114.81 60.6426 1205.68 67.9885 1205.68 67.9885 0.563455 0.00961548 
200 0.27 792000000 551.752 14.8965 -55.0242 0.641479 3398.43 79.767 1.74252e+07 1.12489e+06 -0.0015927 0.00355939 -0.000360065 0.0027861 0.0136471 0.000460507 0.000391801 3.54407e-05 0.103035 0.00179924 9.76874 2.12289 81.1021 12.6815 1114.81 60.6426 1205.68 67.9885 1205.68 67.9885 0.563455 0.00961548 
200 0.27 792800000 551.752 14.8965 -55.0242 0.641479 3398.43 79.767 1.74252e+07 1.12094e+06 -0.0015927 0.00355939 -0.000360065 0.0027861 0.0136471 0.000459658 0.000391801 3.53229e-05 0.103035 0.00179924 9.76874 2.1207 81.1021 12.6559 1114.81 60.5571 1205.68 67.8875 1205.68 67.8875 0.563455 0.0096032 
200 0.27 793600000 551.752 14.8965 -55.0242 0.641479 3398.43 79.767 1.74252e+07 1.12094e+06 -0.0015927 0.00355939 -0.000360065 0.0027861 0.0136471 0.000459658 0.000391801 3.53229e-05 0.103035 0.00179924 9.76874 2.11854 81.1021 12.6559 1114.81 60.5571 1205.68 67.8875 1205.68 67.8875 0.563455 0.0096032 
200 0.27 794400000 551.752 14.8965 -55.0242 0.641479 3398.43 79.767 1.74252e+07 1.12094e+06 -0.0015927 0.00355939 -0.000360065 0.0027861 0.0136471 0.000458715 0.000391801 3.53229e-05 0.103035 0.00179924 9.76874 2.11638 81.1021 12.6306 1114.81 60.4721 1205.68 67.7883 1205.68 67.7883 0.563455 0.0096032 
200 0.27 795200000 551.752 14.8965 -55.0242 0.641479 3398.43 79.767 1.74252e+07 1.12094e+06 -0.0015927 0.00355939 -0.000360065 0.0027861 0.0136471 0.000458715 0.000391801 3.53229e-05 0.103035 0.00179924 9.76874 2.11421 81.1021 12.6306 1114.81 60.4721 1205.68 67.7883 1205.68 67.7883 0.563455 0.0096032 
200 0.27 796000000 551.752 14.8965 -55.0242 0.641392 3398.43 79.5583 1.74252e+07 1.11657e+06 -0.0015927 0.00355939 -0.000360065 0.0027861 0.0136471 0.000458198 0.000391801 3.51944e-05 0.103035 0.00179924 9.76874 2.11206 81.1021 12.6075 1114.81 60.3489 1205.68 67.6516 1205.68 67.6516 0.563455 0.00957178 
200 0.27 796800000 551.752 14.8965 -55.0242 0.641392 3398.43 79.5583 1.74252e+07 1.11657e+06 -0.0015927 0.00355939 -0.000360065 0.0027861 0.0136471 0.000458198 0.000391801 3.51944e-05 0.103035 0.00179924 9.76874 2.1099 81.1021 12.6075 1114.81 60.3489 1205.68 67.6516 1205.68 67.6516 0.563455 0.00957178 
200 0.27 797600000 551.752 14.8965 -55.0242 0.641392 3398.43 79.5583 1.74252e+07 1.11657e+06 -0.0015927 0.00355939 -0.000360065 0.0027861 0.0136471 0.000458734 0.000391801 3.51944e-05 0.103035 0.00179924 9.76874 2.10776 81.1021 12.5824 1114.81 60.2271 1205.68 67.5139 1205.68 67.5139 0.563455 0.00957178 
200 0.27 798400000 551.752 14.8965 -55.0242 0.641392 3398.43 79.5583 1.74252e+07 1.11657e+06 -0.0015927 0.00355939 -0.000360065 0.0027861 0.0136471 0.000458734 0.000391801 3.51944e-05 0.103035 0.00179924 9.76874 2.10561 81.1021 12.5824 1114.81 60.2271 1205.68 67.5139 1205.68 67.5139 0.563455 0.00957178 
200 0.27 799200000 551.752 14.8965 -55.0242 0.641392 3398.43 79.5583 1.74252e+07 1.11305e+06 -0.0015927 0.00355939 -0.000360065 0.0027861 0.0136471 0.000457958 0.000391801 3.50994e-05 0.103035 0.00179924 9.76874 2.10347 81.1021 12.5574 1114.81 60.1427 1205.68 67.4153 1205.68 67.4153 0.563455 0.00953668 
200 0.27 800000000 551.752 14.8965 -55.0242 0.641392 3398.43 79.5583 1.74252e+07 1.11305e+06 -0.0015927 0.00355939 -0.000360065 0.0027861 0.0136471 0.000457958 0.000391801 3.50994e-05 0.103035 0.00179924 9.76874 2.10134 81.1021 12.5574 1114.81 60.1427 1205.68 67.4153 1205.68 67.4153 0.563455 0.00953668 
200 0.27 800800000 551.752 14.8965 -55.0242 0.641392 3398.43 79.5583 1.74252e+07 1.11305e+06 -0.0015927 0.00355939 -0.000360065 0.0027861 0.0136471 0.00045763 0.000391801 3.50994e-05 0.103035 0.00179924 9.76874 2.0992 81.1021 12.5325 1114.81 60.0243 1205.68 67.2804 1205.68 67.2804 0.563455 0.00953668 
200 0.27 801600000 551.752 14.8965 -55.0242 0.641392 3398.43 79.5583 1.74252e+07 1.11305e+06 -0.0015927 0.00355939 -0.000360065 0.0027861 0.0136471 0.00045763 0.000391801 3.50994e-05 0.103035 0.00179924 9.76874 2.09707 81.1021 12.5325 1114.81 60.0243 1205.68 67.2804 1205.68 67.2804 0.563455 0.00953668 
200 0.27 802400000 551.752 14.8965 -55.0242 0.641392 3398.43 79.5583 1.74252e+07 1.10867e+06 -0.0015927 0.00355939 -0.000360065 0.0027861 0.0136471 0.000457125 0.000391801 3.49901e-05 0.103035 0.00179924 9.76874 2.09495 81.1021 12.5076 1114.81 59.9399 1205.68 67.1817 1205.68 67.1817 0.563455 0.00950704 
200 0.27 803200000 551.752 14.8965 -55.0242 0.641392 3398.43 79.5583 1.74252e+07 1.10867e+06 -0.0015927 0.00355939 -0.000360065 0.0027861 0.0136471 0.000457125 0.000391801 3.49901e-05 0.103035 0.00179924 9.76874 2.09283 81.1021 12.5076 1114.81 59.9399 1205.68 67.1817 1205.68 67.1817 0.563455 0.00950704 
200 0.27 804000000 551.752 14.8965 -55.0242 0.641392 3398.43 79.5583 1.74252e+07 1.10867e+06 -0.0015927 0.00355939 -0.000360065 0.0027861 0.0136471 0.000456262 0.000391801 3.49901e-05 0.103035 0.00179924 9.76874 2.09071 81.1021 12.4824 1114.81 59.8854 1205.68 67.102 1205.68 67.102 0.563455 0.00950704 
200 0.27 804800000 551.752 14.8965 -55.0242 0.641392 3398.43 79.5583 1.74252e+07 1.10867e+06 -0.0015927 0.00355939 -0.000360065 0.0027861 0.0136471 0.000456262 0.000391801 3.49901e-05 0.103035 0.00179924 9.76874 2.0886 81.1021 12.4824 1114.81 59.8854 1205.68 67.102 1205.68 67.102 0.563455 0.00950704 
200 0.27 805600000 551.752 14.8965 -55.0242 0.641392 3398.43 79.5583 1.74252e+07 1.10617e+06 -0.0015927 0.00355939 -0.000360065 0.0027861 0.0136471 0.000455446 0.000391801 3.4866e-05 0.103035 0.00179924 9.76874 2.08649 81.1021 12.4577 1114.81 59.87 1205.68 67.0544 1205.68 67.0544 0.563455 0.00947075 
200 0.27 806400000 551.752 14.8965 -55.0242 0.641392 3398.43 79.5583 1.74252e+07 1.10617e+06 -0.0015927 0.00355939 -0.000360065 0.0027861 0.0136471 0.000455446 0.000391801 3.4866e-05 0.103035 0.00179924 9.76874 2.08438 81.1021 12.4577 1114.81 59.87 1205.68 67.0544 1205.68 67.0544 0.563455 0.00947075 
200 0.27 807200000 551.752 14.8965 -55.0242 0.641392 3398.43 79.5583 1.74252e+07 1.10617e+06 -0.0015927 0.00355939 -0.000360065 0.0027861 0.0136471 0.000454755 0.000391801 3.4866e-05 0.103035 0.00179924 9.76874 2.08227 81.1021 12.4329 1114.81 59.7609 1205.68 66.9314 1205.68 66.9314 0.563455 0.00947075 
200 0.27 808000000 551.752 14.8965 -55.0242 0.641392 3398.43 79.5583 1.74252e+07 1.10617e+06 -0.0015927 0.00355939 -0.000360065 0.0027861 0.0136471 0.000454755 0.000391801 3.4866e-05 0.103035 0.00179924 9.76874 2.08018 81.1021 12.4329 1114.81 59.7609 1205.68 66.9314 1205.68 66.9314 0.563455 0.00947075 
200 0.27 808800000 551.752 14.8965 -55.0242 0.634415 3398.43 78.4663 1.74252e+07 1.10095e+06 -0.0015927 0.00355939 -0.000360065 0.00272896 0.0136471 0.000454755 0.000391801 3.47496e-05 0.103035 0.00179924 9.76874 2.71224 81.1021 12.6518 1114.81 59.6987 1205.68 67.1463 1205.68 67.1463 0.563455 0.00945548 
200 0.27 809600000 551.752 14.8965 -55.0242 0.634415 3398.43 78.4663 1.74252e+07 1.10095e+06 -0.0015927 0.00355939 -0.000360065 0.00272896 0.0136471 0.000454755 0.000391801 3.47496e-05 0.103035 0.00179924 9.76874 2.70951 81.1021 12.6518 1114.81 59.6987 1205.68 67.1463 1205.68 67.1463 0.563455 0.00945548 
200 0.27 810400000 551.752 14.8965 -55.0242 0.634415 3398.43 78.4663 1.74252e+07 1.10095e+06 -0.0015927 0.00355939 -0.000360065 0.00272896 0.0136471 0.00045586 0.000391801 3.47496e-05 0.103035 0.00179924 9.76874 2.70679 81.1021 12.627 1114.81 59.6433 1205.68 67.0636 1205.68 67.0636 0.563455 0.00945548 
200 0.27 811200000 551.752 14.8965 -55.0242 0.634415 3398.43 78.4663 1.74252e+07 1.10095e+06 -0.0015927 0.00355939 -0.000360065 0.00272896 0.0136471 0.00045586 0.000391801 3.47496e-05 0.103035 0.00179924 9.76874 2.70407 81.1021 12.627 1114.81 59.6433 1205.68 67.0636 1205.68 67.0636 0.563455 0.00945548 
200 0.27 812000000 551.752 14.8965 -55.0242 0.634415 3398.43 78.4663 1.74252e+07 1.09966e+06 -0.0015927 0.00355939 -0.000360065 0.00272896 0.0136471 0.000454976 0.000391801 3.46423e-05 0.103035 0.00179924 9.76874 2.70136 81.1021 12.6022 1114.81 59.5483 1205.68 66.9541 1205.68 66.9541 0.563455 0.00942739 
200 0.27 812800000 551.752 14.8965 -55.0242 0.634415 3398.43 78.4663 1.74252e+07 1.09966e+06 -0.0015927 0.00355939 -0.000360065 0.00272896 0.0136471 0.000454976 0.000391801 3.46423e-05 0.103035 0.00179924 9.76874 2.69866 81.1021 12.6022 1114.81 59.5483 1205.68 66.9541 1205.68 66.9541 0.563455 0.00942739 
200 0.27 813600000 551.752 14.8965 -55.0242 0.634415 3398.43 78.4663 1.74252e+07 1.09966e+06 -0.0015927 0.00355939 -0.000360065 0.00272896 0.0136471 0.000454755 0.000391801 3.46423e-05 0.103035 0.00179924 9.76874 2.69596 81.1021 12.5772 1114.81 59.5581 1205.68 66.9291 1205.68 66.9291 0.563455 0.00942739 
200 0.27 814400000 551.752 14.8965 -55.0242 0.634415 3398.43 78.4663 1.74252e+07 1.09966e+06 -0.0015927 0.00355939 -0.000360065 0.00272896 0.0136471 0.000454755 0.000391801 3.46423e-05 0.103035 0.00179924 9.76874 2.69327 81.1021 12.5772 1114.81 59.5581 1205.68 66.9291 1205.68 66.9291 0.563455 0.00942739 
200 0.27 815200000 551.752 14.8965 -55.0242 0.634415 3398.43 78.4663 1.74252e+07 1.09625e+06 -0.0015927 0.00355939 -0.000360065 0.00272896 0.0136471 0.000454755 0.000391801 3.45057e-05 0.103035 0.00179924 9.76874 2.68221 81.1021 12.553 1114.81 59.4767 1205.68 66.8341 1205.68 66.8341 0.563455 0.00941446 
200 0.27 816000000 551.752 14.8965 -55.0242 0.634415 3398.43 78.4663 1.74252e+07 1.09625e+06 -0.0015927 0.00355939 -0.000360065 0.00272896 0.0136471 0.000454755 0.000391801 3.45057e-05 0.103035 0.00179924 9.76874 2.68221 81.1021 12.553 1114.81 59.4767 1205.68 66.8341 1205.68 66.8341 0.563455 0.00941446 
200 0.27 816800000 551.752 14.8965 -55.0242 0.634415 3398.43 78.4663 1.74252e+07 1.09625e+06 -0.0015927 0.00355939 -0.000360065 0.00272896 0.0136471 0.000454755 0.000391801 3.45057e-05 0.103035 0.00179924 9.76874 2.67689 81.1021 12.528 1114.81 59.8647 1205.68 67.1567 1205.68 67.1567 0.563455 0.00941446 
200 0.27 817600000 551.752 14.8965 -55.0242 0.634415 3398.43 78.4663 1.74252e+07 1.09625e+06 -0.0015927 0.00355939 -0.000360065 0.00272896 0.0136471 0.000454755 0.000391801 3.45057e-05 0.103035 0.00179924 9.76874 2.67689 81.1021 12.528 1114.81 59.8647 1205.68 67.1567 1205.68 67.1567 0.563455 0.00941446 
200 0.27 818400000 551.752 14.8965 -55.0242 0.634415 3398.43 78.4663 1.74252e+07 1.09204e+06 -0.0015927 0.00355939 -0.000360065 0.00272896 0.0136471 0.000454755 0.000391801 3.43858e-05 0.103035 0.00179924 9.76874 2.67159 81.1021 12.5036 1114.81 59.7837 1205.68 67.0611 1205.68 67.0611 0.563455 0.0093771 
200 0.27 819200000 551.752 14.8965 -55.0242 0.634415 3398.43 78.4663 1.74252e+07 1.09204e+06 -0.0015927 0.00355939 -0.000360065 0.00272896 0.0136471 0.000454755 0.000391801 3.43858e-05 0.103035 0.00179924 9.76874 2.67159 81.1021 12.5036 1114.81 59.7837 1205.68 67.0611 1205.68 67.0611 0.563455 0.0093771 
200 0.27 820000000 551.752 14.8965 -55.0242 0.634415 3398.43 78.4663 1.74252e+07 1.09204e+06 -0.0015927 0.00355939 -0.000360065 0.00272896 0.0136471 0.000454755 0.000391801 3.43858e-05 0.103035 0.00179924 9.76874 2.6663 81.1021 12.4793 1114.81 59.7037 1205.68 66.9669 1205.68 66.9669 0.563455 0.0093771 
200 0.27 820800000 551.752 14.8965 -55.0242 0.634415 3398.43 78.4663 1.74252e+07 1.09204e+06 -0.0015927 0.00355939 -0.000360065 0.00272896 0.0136471 0.000454755 0.000391801 3.43858e-05 0.103035 0.00179924 9.76874 2.6663 81.1021 12.4793 1114.81 59.7037 1205.68 66.9669 1205.68 66.9669 0.563455 0.0093771 
200 0.27 821600000 551.752 14.8965 -55.0242 0.643579 3398.43 79.5322 1.74252e+07 1.08831e+06 -0.0015927 0.00355939 -0.000360065 0.00272896 0.0136471 0.000454755 0.000391801 3.42515e-05 0.103035 0.00179924 9.76874 2.66106 81.1021 12.4553 1114.81 59.6223 1205.68 66.872 1205.68 66.872 0.563455 0.00938631 
200 0.27 822400000 551.752 14.8965 -55.0242 0.643579 3398.43 79.5322 1.74252e+07 1.08831e+06 -0.0015927 0.00355939 -0.000360065 0.00272896 0.0136471 0.000454755 0.000391801 3.42515e-05 0.103035 0.00179924 9.76874 2.66106 81.1021 12.4553 1114.81 59.6223 1205.68 66.872 1205.68 66.872 0.563455 0.00938631 
200 0.27 823200000 551.752 14.8965 -55.0242 0.643579 3398.43 79.5322 1.74252e+07 1.08831e+06 -0.0015927 0.00355939 -0.000360065 0.00272896 0.0136471 0.000454755 0.000391801 3.42515e-05 0.103035 0.00179924 9.76874 2.65583 81.1021 12.4309 1114.81 59.6182 1205.68 66.8365 1205.68 66.8365 0.563455 0.00938631 
200 0.27 824000000 551.752 14.8965 -55.0242 0.643579 3398.43 79.5322 1.74252e+07 1.08831e+06 -0.0015927 0.00355939 -0.000360065 0.00272896 0.0136471 0.000454755 0.000391801 3.42515e-05 0.103035 0.00179924 9.76874 2.65583 81.1021 12.4309 1114.81 59.6182 1205.68 66.8365 1205.68 66.8365 0.563455 0.00938631 
200 0.27 824800000 551.752 14.8965 -55.0242 0.643579 3398.43 79.5322 1.74252e+07 1.08657e+06 -0.0015927 0.00355939 -0.000360065 0.00272896 0.0136471 0.000454755 0.000391801 3.41331e-05 0.103035 0.00179924 9.76874 2.65061 81.1021 12.407 1114.81 59.5377 1205.68 66.7423 1205.68 66.7423 0.563455 0.00935058 
200 0.27 825600000 551.752 14.8965 -55.0242 0.643579 3398.43 79.5322 1.74252e+07 1.08657e+06 -0.0015927 0.00355939 -0.000360065 0.00272896 0.0136471 0.000454755 0.000391801 3.41331e-05 0.103035 0.00179924 9.76874 2.65061 81.1021 12.407 1114.81 59.5377 1205.68 66.7423 1205.68 66.7423 0.563455 0.00935058 
200 0.27 826400000 551.752 14.8965 -55.0242 0.643579 3398.43 79.5322 1.74252e+07 1.08657e+06 -0.0015927 0.00355939 -0.000360065 0.00272896 0.0136471 0.000454755 0.000391801 3.41331e-05 0.103035 0.00179924 9.76874 2.64539 81.1021 12.3832 1114.81 59.4589 1205.68 66.6496 1205.68 66.6496 0.563455 0.00935058 
200 0.27 827200000 551.752 14.8965 -55.0242 0.643579 3398.43 79.5322 1.74252e+07 1.08657e+06 -0.0015927 0.00355939 -0.000360065 0.00272896 0.0136471 0.000454755 0.000391801 3.41331e-05 0.103035 0.00179924 9.76874 2.64539 81.1021 12.3832 1114.81 59.4589 1205.68 66.6496 1205.68 66.6496 0.563455 0.00935058 
200 0.27 828000000 551.752 14.8965 -55.0242 0.643579 3398.43 79.5322 1.74252e+07 1.08657e+06 -0.0015927 0.00355939 -0.000360065 0.00272896 0.0136471 0.000454755 0.000391801 3.40275e-05 0.103035 0.00179924 9.76874 2.64019 81.1021 12.359 1114.81 59.481 1205.68 66.6376 1205.68 66.6376 0.563455 0.00931391 
200 0.27 828800000 551.752 14.8965 -55.0242 0.643579 3398.43 79.5322 1.74252e+07 1.08657e+06 -0.0015927 0.00355939 -0.000360065 0.00272896 0.0136471 0.000454755 0.000391801 3.40275e-05 0.103035 0.00179924 9.76874 2.64019 81.1021 12.359 1114.81 59.481 1205.68 66.6376 1205.68 66.6376 0.563455 0.00931391 
200 0.27 829600000 551.752 14.8965 -55.0242 0.643579 3398.43 79.5322 1.74252e+07 1.08657e+06 -0.0015927 0.00355939 -0.000360065 0.00272896 0.0136471 0.000454755 0.000391801 3.40275e-05 0.103035 0.00179924 9.76874 2.63506 81.1021 12.3353 1114.81 59.3992 1205.68 66.5423 1205.68 66.5423 0.563455 0.00931391 
200 0.27 830400000 551.752 14.8965 -55.0242 0.643579 3398.43 79.5322 1.74252e+07 1.08657e+06 -0.0015927 0.00355939 -0.000360065 0.00272896 0.0136471 0.000454755 0.000391801 3.40275e-05 0.103035 0.00179924 9.76874 2.63506 81.1021 12.3353 1114.81 59.3992 1205.68 66.5423 1205.68 66.5423 0.563455 0.00931391 
200 0.27 831200000 551.752 14.8965 -55.0242 0.643579 3398.43 79.5322 1.74252e+07 1.08657e+06 -0.0015927 0.00355939 -0.000360065 0.00272896 0.0136471 0.000454755 0.000391801 3.3896e-05 0.103035 0.00179924 9.76874 2.62993 81.1021 12.3119 1114.81 59.3191 1205.68 66.4491 1205.68 66.4491 0.563455 0.00928338 
200 0.27 832000000 551.752 14.8965 -55.0242 0.643579 3398.43 79.5322 1.74252e+07 1.08657e+06 -0.0015927 0.00355939 -0.000360065 0.00272896 0.0136471 0.000454755 0.000391801 3.3896e-05 0.103035 0.00179924 9.76874 2.62993 81.1021 12.3119 1114.81 59.3191 1205.68 66.4491 1205.68 66.4491 0.563455 0.00928338 
200 0.27 832800000 551.752 14.8965 -55.0242 0.643579 3398.43 79.5322 1.74252e+07 1.08657e+06 -0.0015927 0.00355939 -0.000360065 0.00272896 0.0136471 0.000454755 0.000391801 3.3896e-05 0.103035 0.00179924 9.76874 2.62482 81.1021 12.2884 1114.81 59.2392 1205.68 66.356 1205.68 66.356 0.563455 0.00928338 
200 0.27 833600000 551.752 14.8965 -55.0242 0.643579 3398.43 79.5322 1.74252e+07 1.08657e+06 -0.0015927 0.00355939 -0.000360065 0.00272896 0.0136471 0.000454755 0.000391801 3.3896e-05 0.103035 0.00179924 9.76874 2.62482 81.1021 12.2884 1114.81 59.2392 1205.68 66.356 1205.68 66.356 0.563455 0.00928338 
200 0.27 834400000 550.002 14.0679 -55.1005 0.634258 3402.84 78.5975 1.73528e+07 1.07523e+06 -0.000972822 0.00311542 -0.000896732 0.00266568 0.0136196 0.00044532 0.00038526 3.37765e-05 0.103142 0.00174639 11.1833 2.61972 80.426 12.2647 1115 59.1798 1206.61 66.2733 1206.61 66.2733 0.561202 0.00924757 
200 0.27 835200000 550.002 14.0679 -55.1005 0.634258 3402.84 78.5975 1.73528e+07 1.07523e+06 -0.000972822 0.00311542 -0.000896732 0.00266568 0.0136196 0.00044532 0.00038526 3.37765e-05 0.103142 0.00174639 11.1833 2.61972 80.426 12.2647 1115 59.1798 1206.61 66.2733 1206.61 66.2733 0.561202 0.00924757 
200 0.27 836000000 550.002 14.0679 -55.1005 0.634258 3402.84 78.5975 1.73528e+07 1.07523e+06 -0.000972822 0.00311542 -0.000896732 0.0026635 0.0136196 0.00044461 0.00038526 3.37765e-05 0.103142 0.00174339 11.1833 2.61462 80.426 12.2412 1115 59.1228 1206.61 66.1921 1206.61 66.1921 0.561202 0.00924757 
200 0.27 836800000 550.002 14.0679 -55.1005 0.634258 3402.84 78.5975 1.73528e+07 1.07523e+06 -0.000972822 0.00311542 -0.000896732 0.0026635 0.0136196 0.00044461 0.00038526 3.37765e-05 0.103142 0.00174339 11.1833 2.61462 80.426 12.2412 1115 59.1228 1206.61 66.1921 1206.61 66.1921 0.561202 0.00924757 
200 0.27 837600000 550.002 14.0679 -55.1005 0.634258 3402.84 78.5975 1.73528e+07 1.07523e+06 -0.000972822 0.00311542 -0.000896732 0.00265858 0.0136196 0.000443761 0.00038526 3.36597e-05 0.103142 0.00174 11.1833 2.60956 80.426 12.2181 1115 59.045 1206.61 66.1014 1206.61 66.1014 0.561202 0.00921173 
200 0.27 838400000 550.002 14.0679 -55.1005 0.634258 3402.84 78.5975 1.73528e+07 1.07523e+06 -0.000972822 0.00311542 -0.000896732 0.00265858 0.0136196 0.000443761 0.00038526 3.36597e-05 0.103142 0.00174 11.1833 2.60956 80.426 12.2181 1115 59.045 1206.61 66.1014 1206.61 66.1014 0.561202 0.00921173 
200 0.27 839200000 550.002 14.0679 -55.1005 0.634258 3402.84 78.5975 1.73528e+07 1.07523e+06 -0.000972822 0.00311542 -0.000896732 0.00265415 0.0136196 0.000442906 0.00038526 3.36597e-05 0.103142 0.00173673 11.1833 2.60451 80.426 12.1949 1115 58.9344 1206.61 65.9756 1206.61 65.9756 0.561202 0.00921173 
200 0.27 840000000 550.002 14.0679 -55.1005 0.634258 3402.84 78.5975 1.73528e+07 1.07523e+06 -0.000972822 0.00311542 -0.000896732 0.00265415 0.0136196 0.000442906 0.00038526 3.36597e-05 0.103142 0.00173673 11.1833 2.60451 80.426 12.1949 1115 58.9344 1206.61 65.9756 1206.61 65.9756 0.561202 0.00921173 
200 0.27 840800000 550.002 14.0679 -55.1005 0.634258 3402.84 78.5975 1.73528e+07 1.07523e+06 -0.000972822 0.00311542 -0.000896732 0.00265753 0.0136196 0.000442052 0.00038526 3.35338e-05 0.103142 0.00173339 11.1833 2.5995 80.426 12.1718 1115 58.8565 1206.61 65.8846 1206.61 65.8846 0.561202 0.00917719 
200 0.27 841600000 550.002 14.0679 -55.1005 0.634258 3402.84 78.5975 1.73528e+07 1.07523e+06 -0.000972822 0.00311542 -0.000896732 0.00265753 0.0136196 0.000442052 0.00038526 3.35338e-05 0.103142 0.00173339 11.1833 2.5995 80.426 12.1718 1115 58.8565 1206.61 65.8846 1206.61 65.8846 0.561202 0.00917719 
200 0.27 842400000 550.002 14.0679 -55.1005 0.634258 3402.84 78.5975 1.73528e+07 1.07523e+06 -0.000972822 0.00311542 -0.000896732 0.00265753 0.0136196 0.000441199 0.00038526 3.35338e-05 0.103142 0.00173035 11.1833 2.5945 80.426 12.1487 1115 58.7786 1206.61 65.7929 1206.61 65.7929 0.561202 0.00917719 
200 0.27 843200000 550.002 14.0679 -55.1005 0.634258 3402.84 78.5975 1.73528e+07 1.07523e+06 -0.000972822 0.00311542 -0.000896732 0.00265753 0.0136196 0.000441199 0.00038526 3.35338e-05 0.103142 0.00173035 11.1833 2.5945 80.426 12.1487 1115 58.7786 1206.61 65.7929 1206.61 65.7929 0.561202 0.00917719 
200 0.27 844000000 550.002 14.0679 -55.1005 0.634258 3402.84 78.5975 1.73528e+07 1.07523e+06 -0.000972822 0.00311542 -0.000896732 0.00265753 0.0136196 0.000440718 0.00038526 3.34204e-05 0.103142 0.00172871 11.1833 2.58951 80.426 12.1255 1115 58.6669 1206.61 65.667 1206.61 65.667 0.561202 0.00915767 
200 0.27 844800000 550.002 14.0679 -55.1005 0.634258 3402.84 78.5975 1.73528e+07 1.07523e+06 -0.000972822 0.00311542 -0.000896732 0.00265753 0.0136196 0.000440718 0.00038526 3.34204e-05 0.103142 0.00172871 11.1833 2.58951 80.426 12.1255 1115 58.6669 1206.61 65.667 1206.61 65.667 0.561202 0.00915767 
200 0.27 845600000 550.002 14.0679 -55.1005 0.634258 3402.84 78.5975 1.73528e+07 1.07523e+06 -0.000972822 0.00311542 -0.000896732 0.00265753 0.0136196 0.000440097 0.00038526 3.34204e-05 0.103142 0.00172712 11.1833 2.58456 80.426 12.1029 1115 58.554 1206.61 65.5405 1206.61 65.5405 0.561202 0.00915767 
200 0.27 846400000 550.002 14.0679 -55.1005 0.634258 3402.84 78.5975 1.73528e+07 1.07523e+06 -0.000972822 0.00311542 -0.000896732 0.00265753 0.0136196 0.000440097 0.00038526 3.34204e-05 0.103142 0.00172712 11.1833 2.58456 80.426 12.1029 1115 58.554 1206.61 65.5405 1206.61 65.5405 0.561202 0.00915767 
200 0.27 847200000 550.002 14.0679 -55.1005 0.62994 3402.84 77.8518 1.73528e+07 1.05906e+06 -0.000972822 0.00311542 -0.000896732 0.00265481 0.0136196 0.000439444 0.00038526 3.32941e-05 0.103142 0.0017252 11.1833 2.57961 80.426 12.0804 1115 58.4764 1206.61 65.4504 1206.61 65.4504 0.561202 0.00912562 
200 0.27 848000000 550.002 14.0679 -55.1005 0.62994 3402.84 77.8518 1.73528e+07 1.05906e+06 -0.000972822 0.00311542 -0.000896732 0.00265481 0.0136196 0.000439444 0.00038526 3.32941e-05 0.103142 0.0017252 11.1833 2.57961 80.426 12.0804 1115 58.4764 1206.61 65.4504 1206.61 65.4504 0.561202 0.00912562 
200 0.27 848800000 550.002 14.0679 -55.1005 0.62994 3402.84 77.8518 1.73528e+07 1.05906e+06 -0.000972822 0.00311542 -0.000896732 0.0026501 0.0136196 0.000438709 0.00038526 3.32941e-05 0.103142 0.00172194 11.1833 2.57468 80.426 12.0577 1115 58.3856 1206.61 65.3473 1206.61 65.3473 0.561202 0.00912562 
200 0.27 849600000 550.002 14.0679 -55.1005 0.62994 3402.84 77.8518 1.73528e+07 1.05906e+06 -0.000972822 0.00311542 -0.000896732 0.0026501 0.0136196 0.000438709 0.00038526 3.32941e-05 0.103142 0.00172194 11.1833 2.57468 80.426 12.0577 1115 58.3856 1206.61 65.3473 1206.61 65.3473 0.561202 0.00912562 
200 0.27 850400000 550.002 14.0679 -55.1005 0.62994 3402.84 77.8518 1.73528e+07 1.05906e+06 -0.000972822 0.00311542 -0.000896732 0.00264583 0.0136196 0.000438055 0.00038526 3.31887e-05 0.103142 0.00171927 11.1833 2.56977 80.426 12.035 1115 58.2907 1206.61 65.235 1206.61 65.235 0.561202 0.00909485 
200 0.27 851200000 550.002 14.0679 -55.1005 0.62994 3402.84 77.8518 1.73528e+07 1.05906e+06 -0.000972822 0.00311542 -0.000896732 0.00264583 0.0136196 0.000438055 0.00038526 3.31887e-05 0.103142 0.00171927 11.1833 2.56977 80.426 12.035 1115 58.2907 1206.61 65.235 1206.61 65.235 0.561202 0.00909485 
200 0.27 852000000 550.002 14.0679 -55.1005 0.62994 3402.84 77.8518 1.73528e+07 1.05906e+06 -0.000972822 0.00311542 -0.000896732 0.00264583 0.0136196 0.000437582 0.00038526 3.31887e-05 0.103142 0.00171598 11.1833 2.56489 80.426 12.0127 1115 58.2145 1206.61 65.1462 1206.61 65.1462 0.561202 0.00909485 
200 0.27 852800000 550.002 14.0679 -55.1005 0.62994 3402.84 77.8518 1.73528e+07 1.05906e+06 -0.000972822 0.00311542 -0.000896732 0.00264583 0.0136196 0.000437582 0.00038526 3.31887e-05 0.103142 0.00171598 11.1833 2.56489 80.426 12.0127 1115 58.2145 1206.61 65.1462 1206.61 65.1462 0.561202 0.00909485 
200 0.27 853600000 550.002 14.0679 -55.1005 0.62994 3402.84 77.8518 1.73528e+07 1.05953e+06 -0.000972822 0.00311542 -0.000896732 0.00264583 0.0136196 0.000436849 0.00038526 3.30621e-05 0.103142 0.00171532 11.1833 2.56001 80.426 11.9904 1115 58.1378 1206.61 65.0569 1206.61 65.0569 0.561202 0.0090864 
200 0.27 854400000 550.002 14.0679 -55.1005 0.62994 3402.84 77.8518 1.73528e+07 1.05953e+06 -0.000972822 0.00311542 -0.000896732 0.00264583 0.0136196 0.000436849 0.00038526 3.30621e-05 0.103142 0.00171532 11.1833 2.56001 80.426 11.9904 1115 58.1378 1206.61 65.0569 1206.61 65.0569 0.561202 0.0090864 
200 0.27 855200000 550.002 14.0679 -55.1005 0.62994 3402.84 77.8518 1.73528e+07 1.05953e+06 -0.000972822 0.00311542 -0.000896732 0.00264583 0.0136196 0.000436199 0.00038526 3.30621e-05 0.103142 0.00171261 11.1833 2.55514 80.426 11.9682 1115 58.0638 1206.61 64.9702 1206.61 64.9702 0.561202 0.0090864 
200 0.27 856000000 550.002 14.0679 -55.1005 0.62994 3402.84 77.8518 1.73528e+07 1.05953e+06 -0.000972822 0.00311542 -0.000896732 0.00264583 0.0136196 0.000436199 0.00038526 3.30621e-05 0.103142 0.00171261 11.1833 2.55514 80.426 11.9682 1115 58.0638 1206.61 64.9702 1206.61 64.9702 0.561202 0.0090864 
200 0.27 856800000 550.002 14.0679 -55.1005 0.62994 3402.84 77.8518 1.73528e+07 1.05906e+06 -0.000972822 0.00311542 -0.000896732 0.00264583 0.0136196 0.000435304 0.00038526 3.29437e-05 0.103142 0.00170979 11.1833 2.55029 80.426 11.9462 1115 57.9878 1206.61 64.8817 1206.61 64.8817 0.561202 0.00913676 
200 0.27 857600000 550.002 14.0679 -55.1005 0.62994 3402.84 77.8518 1.73528e+07 1.05906e+06 -0.000972822 0.00311542 -0.000896732 0.00264583 0.0136196 0.000435304 0.00038526 3.29437e-05 0.103142 0.00170979 11.1833 2.55029 80.426 11.9462 1115 57.9878 1206.61 64.8817 1206.61 64.8817 0.561202 0.00913676 
200 0.27 858400000 550.002 14.0679 -55.1005 0.62994 3402.84 77.8518 1.73528e+07 1.05906e+06 -0.000972822 0.00311542 -0.000896732 0.00264583 0.0136196 0.000434562 0.00038526 3.29437e-05 0.103142 0.00170654 11.1833 2.54547 80.426 11.9242 1115 57.9121 1206.61 64.7936 1206.61 64.7936 0.561202 0.00913676 
200 0.27 859200000 550.002 14.0679 -55.1005 0.62994 3402.84 77.8518 1.73528e+07 1.05906e+06 -0.000972822 0.00311542 -0.000896732 0.00264583 0.0136196 0.000434562 0.00038526 3.29437e-05 0.103142 0.00170654 11.1833 2.54547 80.426 11.9242 1115 57.9121 1206.61 64.7936 1206.61 64.7936 0.561202 0.00913676 
200 0.27 860000000 550.002 14.0679 -55.1005 0.623723 3402.84 77.1512 1.73528e+07 1.05287e+06 -0.000972822 0.00311542 -0.000896732 0.0026527 0.0136196 0.000433943 0.00038526 3.28328e-05 0.103142 0.00170461 11.1833 2.54066 80.426 11.9017 1115 57.9101 1206.61 64.7638 1206.61 64.7638 0.561202 0.00910851 
200 0.27 860800000 550.002 14.0679 -55.1005 0.623723 3402.84 77.1512 1.73528e+07 1.05287e+06 -0.000972822 0.00311542 -0.000896732 0.0026527 0.0136196 0.000433943 0.00038526 3.28328e-05 0.103142 0.00170461 11.1833 2.54066 80.426 11.9017 1115 57.9101 1206.61 64.7638 1206.61 64.7638 0.561202 0.00910851 
200 0.27 861600000 550.002 14.0679 -55.1005 0.623723 3402.84 77.1512 1.73528e+07 1.05287e+06 -0.000972822 0.00311542 -0.000896732 0.0026527 0.0136196 0.000433309 0.00038526 3.28328e-05 0.103142 0.00170272 11.1833 2.53587 80.426 11.8798 1115 57.8347 1206.61 64.6759 1206.61 64.6759 0.561202 0.00910851 
200 0.27 862400000 550.002 14.0679 -55.1005 0.623723 3402.84 77.1512 1.73528e+07 1.05287e+06 -0.000972822 0.00311542 -0.000896732 0.0026527 0.0136196 0.000433309 0.00038526 3.28328e-05 0.103142 0.00170272 11.1833 2.53587 80.426 11.8798 1115 57.8347 1206.61 64.6759 1206.61 64.6759 0.561202 0.00910851 
200 0.27 863200000 550.002 14.0679 -55.1005 0.623723 3402.84 77.1512 1.73528e+07 1.04916e+06 -0.000972822 0.00311542 -0.000896732 0.0026527 0.0136196 0.000432675 0.00038526 3.27151e-05 0.103142 0.00170046 11.1833 2.53111 80.426 11.8578 1115 57.7857 1206.61 64.6031 1206.61 64.6031 0.561202 0.00907424 
200 0.27 864000000 550.002 14.0679 -55.1005 0.623723 3402.84 77.1512 1.73528e+07 1.04916e+06 -0.000972822 0.00311542 -0.000896732 0.0026527 0.0136196 0.000432675 0.00038526 3.27151e-05 0.103142 0.00170046 11.1833 2.53111 80.426 11.8578 1115 57.7857 1206.61 64.6031 1206.61 64.6031 0.561202 0.00907424 
200 0.27 864800000 550.002 14.0679 -55.1005 0.623723 3402.84 77.1512 1.73528e+07 1.04916e+06 -0.000972822 0.00311542 -0.000896732 0.0026527 0.0136196 0.000432628 0.00038526 3.27151e-05 0.103142 0.00170101 11.1833 2.52637 80.426 11.8357 1115 57.7026 1206.61 64.5022 1206.61 64.5022 0.561202 0.00907424 
200 0.27 865600000 550.002 14.0679 -55.1005 0.623723 3402.84 77.1512 1.73528e+07 1.04916e+06 -0.000972822 0.00311542 -0.000896732 0.0026527 0.0136196 0.000432628 0.00038526 3.27151e-05 0.103142 0.00170101 11.1833 2.52637 80.426 11.8357 1115 57.7026 1206.61 64.5022 1206.61 64.5022 0.561202 0.00907424 
200 0.27 866400000 550.002 14.0679 -55.1005 0.623723 3402.84 77.1512 1.73528e+07 1.04547e+06 -0.000972822 0.00311542 -0.000896732 0.0026527 0.0136196 0.000432026 0.00038526 3.25928e-05 0.103142 0.00169872 11.1833 2.52164 80.426 11.8141 1115 57.626 1206.61 64.4135 1206.61 64.4135 0.561202 0.0090416 
200 0.27 867200000 550.002 14.0679 -55.1005 0.623723 3402.84 77.1512 1.73528e+07 1.04547e+06 -0.000972822 0.00311542 -0.000896732 0.0026527 0.0136196 0.000432026 0.00038526 3.25928e-05 0.103142 0.00169872 11.1833 2.52164 80.426 11.8141 1115 57.626 1206.61 64.4135 1206.61 64.4135 0.561202 0.0090416 
200 0.27 868000000 550.002 14.0679 -55.1005 0.623723 3402.84 77.1512 1.73528e+07 1.04547e+06 -0.000972822 0.00311542 -0.000896732 0.0026527 0.0136196 0.000431375 0.00038526 3.25928e-05 0.103142 0.00169607 11.1833 2.51694 80.426 11.7924 1115 57.5241 1206.61 64.2967 1206.61 64.2967 0.561202 0.0090416 
200 0.27 868800000 550.002 14.0679 -55.1005 0.623723 3402.84 77.1512 1.73528e+07 1.04547e+06 -0.000972822 0.00311542 -0.000896732 0.0026527 0.0136196 0.000431375 0.00038526 3.25928e-05 0.103142 0.00169607 11.1833 2.51694 80.426 11.7924 1115 57.5241 1206.61 64.2967 1206.61 64.2967 0.561202 0.0090416 
200 0.27 869600000 550.002 14.0679 -55.1005 0.623723 3402.84 77.1512 1.73528e+07 1.04522e+06 -0.000972822 0.00311542 -0.000896732 0.0026527 0.0136196 0.00043063 0.00038526 3.24854e-05 0.103142 0.00169323 11.1833 2.51223 80.426 11.7707 1115 57.4279 1206.61 64.1851 1206.61 64.1851 0.561202 0.00904512 
200 0.27 870400000 550.002 14.0679 -55.1005 0.623723 3402.84 77.1512 1.73528e+07 1.04522e+06 -0.000972822 0.00311542 -0.000896732 0.0026527 0.0136196 0.00043063 0.00038526 3.24854e-05 0.103142 0.00169323 11.1833 2.51223 80.426 11.7707 1115 57.4279 1206.61 64.1851 1206.61 64.1851 0.561202 0.00904512 
200 0.27 871200000 550.002 14.0679 -55.1005 0.623723 3402.84 77.1512 1.73528e+07 1.04522e+06 -0.000972822 0.00311542 -0.000896732 0.0026527 0.0136196 0.000429826 0.00038526 3.24854e-05 0.103142 0.00169029 11.1833 2.50756 80.426 11.7492 1115 57.3552 1206.61 64.0998 1206.61 64.0998 0.561202 0.00904512 
200 0.27 872000000 550.002 14.0679 -55.1005 0.623723 3402.84 77.1512 1.73528e+07 1.04522e+06 -0.000972822 0.00311542 -0.000896732 0.0026527 0.0136196 0.000429826 0.00038526 3.24854e-05 0.103142 0.00169029 11.1833 2.50756 80.426 11.7492 1115 57.3552 1206.61 64.0998 1206.61 64.0998 0.561202 0.00904512 
200 0.27 872800000 550.002 14.0679 -55.1005 0.616357 3402.84 76.3327 1.73528e+07 1.03899e+06 -0.000972822 0.00311542 -0.000896732 0.0026527 0.0136196 0.000429369 0.00038526 3.23787e-05 0.103142 0.00168929 11.1833 2.5029 80.426 11.7276 1115 57.2502 1206.61 63.9813 1206.61 63.9813 0.561202 0.00901569 
200 0.27 873600000 550.002 14.0679 -55.1005 0.616357 3402.84 76.3327 1.73528e+07 1.03899e+06 -0.000972822 0.00311542 -0.000896732 0.0026527 0.0136196 0.000429369 0.00038526 3.23787e-05 0.103142 0.00168929 11.1833 2.5029 80.426 11.7276 1115 57.2502 1206.61 63.9813 1206.61 63.9813 0.561202 0.00901569 
200 0.27 874400000 550.002 14.0679 -55.1005 0.616357 3402.84 76.3327 1.73528e+07 1.03899e+06 -0.000972822 0.00311542 -0.000896732 0.0026527 0.0136196 0.000428683 0.00038526 3.23787e-05 0.103142 0.0016863 11.1833 2.49826 80.426 11.7063 1115 57.1774 1206.61 63.8963 1206.61 63.8963 0.561202 0.00901569 
200 0.27 875200000 550.002 14.0679 -55.1005 0.616357 3402.84 76.3327 1.73528e+07 1.03899e+06 -0.000972822 0.00311542 -0.000896732 0.0026527 0.0136196 0.000428683 0.00038526 3.23787e-05 0.103142 0.0016863 11.1833 2.49826 80.426 11.7063 1115 57.1774 1206.61 63.8963 1206.61 63.8963 0.561202 0.00901569 
200 0.27 876000000 550.002 14.0679 -55.1005 0.616357 3402.84 76.3327 1.73528e+07 1.03646e+06 -0.000972822 0.00311542 -0.000896732 0.0026527 0.0136196 0.000427964 0.00038526 3.22746e-05 0.103142 0.00168344 11.1833 2.49363 80.426 11.6849 1115 57.2129 1206.61 63.8984 1206.61 63.8984 0.561202 0.00898457 
200 0.27 876800000 550.002 14.0679 -55.1005 0.616357 3402.84 76.3327 1.73528e+07 1.03646e+06 -0.000972822 0.00311542 -0.000896732 0.0026527 0.0136196 0.000427964 0.00038526 3.22746e-05 0.103142 0.00168344 11.1833 2.49363 80.426 11.6849 1115 57.2129 1206.61 63.8984 1206.61 63.8984 0.561202 0.00898457 
200 0.27 877600000 550.002 14.0679 -55.1005 0.616357 3402.84 76.3327 1.73528e+07 1.03646e+06 -0.000972822 0.00311542 -0.000896732 0.0026527 0.0136196 0.000427321 0.00038526 3.22746e-05 0.103142 0.00168091 11.1833 2.489 80.426 11.6922 1115 57.109 1206.61 63.7937 1206.61 63.7937 0.561202 0.00898457 
200 0.27 878400000 550.002 14.0679 -55.1005 0.616357 3402.84 76.3327 1.73528e+07 1.03646e+06 -0.000972822 0.00311542 -0.000896732 0.0026527 0.0136196 0.000427321 0.00038526 3.22746e-05 0.103142 0.00168091 11.1833 2.489 80.426 11.6922 1115 57.109 1206.61 63.7937 1206.61 63.7937 0.561202 0.00898457 
200 0.27 879200000 550.002 14.0679 -55.1005 0.616357 3402.84 76.3327 1.73528e+07 1.03392e+06 -0.000972822 0.00311542 -0.000896732 0.0026527 0.0136196 0.000426652 0.00038526 3.21586e-05 0.103142 0.00167893 11.1833 2.48441 80.426 11.6711 1115 57.036 1206.61 63.7088 1206.61 63.7088 0.561202 0.00896744 
200 0.27 880000000 550.002 14.0679 -55.1005 0.616357 3402.84 76.3327 1.73528e+07 1.03392e+06 -0.000972822 0.00311542 -0.000896732 0.0026527 0.0136196 0.000426652 0.00038526 3.21586e-05 0.103142 0.00167893 11.1833 2.48441 80.426 11.6711 1115 57.036 1206.61 63.7088 1206.61 63.7088 0.561202 0.00896744 
200 0.27 880800000 550.002 14.0679 -55.1005 0.616357 3402.84 76.3327 1.73528e+07 1.03392e+06 -0.000972822 0.00311542 -0.000896732 0.0026527 0.0136196 0.000425944 0.00038526 3.21586e-05 0.103142 0.00167628 11.1833 2.47984 80.426 11.65 1115 57.0434 1206.61 63.6856 1206.61 63.6856 0.561202 0.00896744 
200 0.27 881600000 550.002 14.0679 -55.1005 0.616357 3402.84 76.3327 1.73528e+07 1.03392e+06 -0.000972822 0.00311542 -0.000896732 0.0026527 0.0136196 0.000425944 0.00038526 3.21586e-05 0.103142 0.00167628 11.1833 2.47984 80.426 11.65 1115 57.0434 1206.61 63.6856 1206.61 63.6856 0.561202 0.00896744 
200 0.27 882400000 550.002 14.0679 -55.1005 0.616357 3402.84 76.3327 1.73528e+07 1.03392e+06 -0.000972822 0.00311542 -0.000896732 0.0026527 0.0136196 0.000425175 0.00038526 3.20408e-05 0.103142 0.00167319 11.1833 2.47529 80.426 11.6288 1115 56.969 1206.61 63.5987 1206.61 63.5987 0.561202 0.00894289 
200 0.27 883200000 550.002 14.0679 -55.1005 0.616357 3402.84 76.3327 1.73528e+07 1.03392e+06 -0.000972822 0.00311542 -0.000896732 0.0026527 0.0136196 0.000425175 0.00038526 3.20408e-05 0.103142 0.00167319 11.1833 2.47529 80.426 11.6288 1115 56.969 1206.61 63.5987 1206.61 63.5987 0.561202 0.00894289 
200 0.27 884000000 550.002 14.0679 -55.1005 0.616357 3402.84 76.3327 1.73528e+07 1.03392e+06 -0.000972822 0.00311542 -0.000896732 0.0026527 0.0136196 0.000424497 0.00038526 3.20408e-05 0.103142 0.00167103 11.1833 2.47078 80.426 11.6079 1115 56.8966 1206.61 63.5146 1206.61 63.5146 0.561202 0.00894289 
200 0.27 884800000 550.002 14.0679 -55.1005 0.616357 3402.84 76.3327 1.73528e+07 1.03392e+06 -0.000972822 0.00311542 -0.000896732 0.0026527 0.0136196 0.000424497 0.00038526 3.20408e-05 0.103142 0.00167103 11.1833 2.47078 80.426 11.6079 1115 56.8966 1206.61 63.5146 1206.61 63.5146 0.561202 0.00894289 
200 0.27 885600000 547.875 13.4002 -55.1474 0.609475 3405.41 75.5739 1.72581e+07 1.02534e+06 -0.0009966 0.00311542 -0.00048548 0.00258871 0.0135738 0.00042372 0.000376965 3.19234e-05 0.103278 0.00166813 10.8824 2.46624 77.9008 11.5871 1108.06 56.8618 1196.85 63.4554 1196.85 63.4554 0.560074 0.00891479 
200 0.27 886400000 547.875 13.4002 -55.1474 0.609475 3405.41 75.5739 1.72581e+07 1.02534e+06 -0.0009966 0.00311542 -0.00048548 0.00258871 0.0135738 0.00042372 0.000376965 3.19234e-05 0.103278 0.00166813 10.8824 2.46624 77.9008 11.5871 1108.06 56.8618 1196.85 63.4554 1196.85 63.4554 0.560074 0.00891479 
200 0.27 887200000 547.875 13.4002 -55.1474 0.609475 3405.41 75.5739 1.72581e+07 1.02534e+06 -0.0009966 0.00311542 -0.00048548 0.00258871 0.0135738 0.000422942 0.000376965 3.19234e-05 0.103278 0.00166526 10.8824 2.46174 77.9008 11.5664 1108.06 56.789 1196.85 63.3711 1196.85 63.3711 0.560074 0.00891479 
200 0.27 888000000 547.875 13.4002 -55.1474 0.609475 3405.41 75.5739 1.72581e+07 1.02534e+06 -0.0009966 0.00311542 -0.00048548 0.00258871 0.0135738 0.000422942 0.000376965 3.19234e-05 0.103278 0.00166526 10.8824 2.46174 77.9008 11.5664 1108.06 56.789 1196.85 63.3711 1196.85 63.3711 0.560074 0.00891479 
200 0.27 888800000 547.875 13.4002 -55.1474 0.609475 3405.41 75.5739 1.72581e+07 1.02319e+06 -0.0009966 0.00311542 -0.00048548 0.00258871 0.0135738 0.000422406 0.000376965 3.1807e-05 0.103278 0.00166403 10.8824 2.45724 77.9008 11.5457 1108.06 56.6899 1196.85 63.2608 1196.85 63.2608 0.560074 0.00888334 
200 0.27 889600000 547.875 13.4002 -55.1474 0.609475 3405.41 75.5739 1.72581e+07 1.02319e+06 -0.0009966 0.00311542 -0.00048548 0.00258871 0.0135738 0.000422406 0.000376965 3.1807e-05 0.103278 0.00166403 10.8824 2.45724 77.9008 11.5457 1108.06 56.6899 1196.85 63.2608 1196.85 63.2608 0.560074 0.00888334 
200 0.27 890400000 547.875 13.4002 -55.1474 0.609475 3405.41 75.5739 1.72581e+07 1.02319e+06 -0.0009966 0.00311542 -0.00048548 0.00258871 0.0135738 0.000421645 0.000376965 3.1807e-05 0.103278 0.0016614 10.8824 2.45277 77.9008 11.5248 1108.06 56.5873 1196.85 63.1465 1196.85 63.1465 0.560074 0.00888334 
200 0.27 891200000 547.875 13.4002 -55.1474 0.609475 3405.41 75.5739 1.72581e+07 1.02319e+06 -0.0009966 0.00311542 -0.00048548 0.00258871 0.0135738 0.000421645 0.000376965 3.1807e-05 0.103278 0.0016614 10.8824 2.45277 77.9008 11.5248 1108.06 56.5873 1196.85 63.1465 1196.85 63.1465 0.560074 0.00888334 
200 0.27 892000000 547.875 13.4002 -55.1474 0.609475 3405.41 75.5739 1.72581e+07 1.02319e+06 -0.0009966 0.00311542 -0.00048548 0.00258871 0.0135738 0.000421209 0.000376965 3.17039e-05 0.103278 0.00165975 10.8824 2.44833 77.9008 11.5043 1108.06 56.5386 1196.85 63.0754 1196.85 63.0754 0.560074 0.00889978 
200 0.27 892800000 547.875 13.4002 -55.1474 0.609475 3405.41 75.5739 1.72581e+07 1.02319e+06 -0.0009966 0.00311542 -0.00048548 0.00258871 0.0135738 0.000421209 0.000376965 3.17039e-05 0.103278 0.00165975 10.8824 2.44833 77.9008 11.5043 1108.06 56.5386 1196.85 63.0754 1196.85 63.0754 0.560074 0.00889978 
200 0.27 893600000 547.875 13.4002 -55.1474 0.609475 3405.41 75.5739 1.72581e+07 1.02319e+06 -0.0009966 0.00311542 -0.00048548 0.00258871 0.0135738 0.000421159 0.000376965 3.17039e-05 0.103278 0.00165927 10.8824 2.44388 77.9008 11.4839 1108.06 56.4365 1196.85 62.9608 1196.85 62.9608 0.560074 0.00889978 
200 0.27 894400000 547.875 13.4002 -55.1474 0.609475 3405.41 75.5739 1.72581e+07 1.02319e+06 -0.0009966 0.00311542 -0.00048548 0.00258871 0.0135738 0.000421159 0.000376965 3.17039e-05 0.103278 0.00165927 10.8824 2.44388 77.9008 11.4839 1108.06 56.4365 1196.85 62.9608 1196.85 62.9608 0.560074 0.00889978 
200 0.27 895200000 547.875 13.4002 -55.1474 0.609475 3405.41 75.5739 1.72581e+07 1.02319e+06 -0.0009966 0.00311542 -0.00048548 0.00258871 0.0135738 0.000420395 0.000376965 3.16075e-05 0.103278 0.00165626 10.8824 2.43946 77.9008 11.4635 1108.06 56.3558 1196.85 62.8633 1196.85 62.8633 0.560074 0.00889698 
200 0.27 896000000 547.875 13.4002 -55.1474 0.609475 3405.41 75.5739 1.72581e+07 1.02319e+06 -0.0009966 0.00311542 -0.00048548 0.00258871 0.0135738 0.000420395 0.000376965 3.16075e-05 0.103278 0.00165626 10.8824 2.43946 77.9008 11.4635 1108.06 56.3558 1196.85 62.8633 1196.85 62.8633 0.560074 0.00889698 
200 0.27 896800000 547.875 13.4002 -55.1474 0.609475 3405.41 75.5739 1.72581e+07 1.02319e+06 -0.0009966 0.00311542 -0.00048548 0.00258871 0.0135738 0.000419633 0.000376965 3.16075e-05 0.103278 0.00165326 10.8824 2.43504 77.9008 11.4428 1108.06 56.2569 1196.85 62.7517 1196.85 62.7517 0.560074 0.00889698 
200 0.27 897600000 547.875 13.4002 -55.1474 0.609475 3405.41 75.5739 1.72581e+07 1.02319e+06 -0.0009966 0.00311542 -0.00048548 0.00258871 0.0135738 0.000419633 0.000376965 3.16075e-05 0.103278 0.00165326 10.8824 2.43504 77.9008 11.4428 1108.06 56.2569 1196.85 62.7517 1196.85 62.7517 0.560074 0.00889698 
200 0.27 898400000 547.875 13.4002 -55.1474 0.602975 3405.41 74.8539 1.72581e+07 1.01273e+06 -0.0009966 0.00311542 -0.00048548 0.00258871 0.0135738 0.000419071 0.000376965 3.15037e-05 0.103278 0.00165087 10.8824 2.43066 77.9008 11.4227 1108.06 56.1846 1196.85 62.6686 1196.85 62.6686 0.560074 0.00886637 
200 0.27 899200000 547.875 13.4002 -55.1474 0.602975 3405.41 74.8539 1.72581e+07 1.01273e+06 -0.0009966 0.00311542 -0.00048548 0.00258871 0.0135738 0.000419071 0.000376965 3.15037e-05 0.103278 0.00165087 10.8824 2.43066 77.9008 11.4227 1108.06 56.1846 1196.85 62.6686 1196.85 62.6686 0.560074 0.00886637 
200 0.27 900000000 547.875 13.4002 -55.1474 0.602975 3405.41 74.8539 1.72581e+07 1.01273e+06 -0.0009966 0.00311542 -0.00048548 0.00258871 0.0135738 0.000418315 0.000376965 3.15037e-05 0.103278 0.00164795 10.8824 2.42629 77.9008 11.4027 1108.06 56.117 1196.85 62.5902 1196.85 62.5902 0.560074 0.00886637 
200 0.27 900800000 547.875 13.4002 -55.1474 0.602975 3405.41 74.8539 1.72581e+07 1.01273e+06 -0.0009966 0.00311542 -0.00048548 0.00258871 0.0135738 0.000418315 0.000376965 3.15037e-05 0.103278 0.00164795 10.8824 2.42629 77.9008 11.4027 1108.06 56.117 1196.85 62.5902 1196.85 62.5902 0.560074 0.00886637 
200 0.27 901600000 547.875 13.4002 -55.1474 0.602975 3405.41 74.8539 1.72581e+07 1.01191e+06 -0.0009966 0.00311542 -0.00048548 0.00258871 0.0135738 0.000417573 0.000376965 3.13992e-05 0.103278 0.001645 10.8824 2.42194 77.9008 11.3826 1108.06 56.054 1196.85 62.5081 1196.85 62.5081 0.560074 0.00883438 
200 0.27 902400000 547.875 13.4002 -55.1474 0.602975 3405.41 74.8539 1.72581e+07 1.01191e+06 -0.0009966 0.00311542 -0.00048548 0.00258871 0.0135738 0.000417573 0.000376965 3.13992e-05 0.103278 0.001645 10.8824 2.42194 77.9008 11.3826 1108.06 56.054 1196.85 62.5081 1196.85 62.5081 0.560074 0.00883438 
200 0.27 903200000 547.875 13.4002 -55.1474 0.602975 3405.41 74.8539 1.72581e+07 1.01191e+06 -0.0009966 0.00311542 -0.00048548 0.00258871 0.0135738 0.000416823 0.000376965 3.13992e-05 0.103278 0.00164204 10.8824 2.41757 77.9008 11.3626 1108.06 55.9838 1196.85 62.4265 1196.85 62.4265 0.560074 0.00883438 
200 0.27 904000000 547.875 13.4002 -55.1474 0.602975 3405.41 74.8539 1.72581e+07 1.01191e+06 -0.0009966 0.00311542 -0.00048548 0.00258871 0.0135738 0.000416823 0.000376965 3.13992e-05 0.103278 0.00164204 10.8824 2.41757 77.9008 11.3626 1108.06 55.9838 1196.85 62.4265 1196.85 62.4265 0.560074 0.00883438 
200 0.27 904800000 547.875 13.4002 -55.1474 0.602975 3405.41 74.8539 1.72581e+07 1.01191e+06 -0.0009966 0.00311542 -0.00048548 0.00258871 0.0135738 0.000416078 0.000376965 3.12893e-05 0.103278 0.00163938 10.8824 2.41324 77.9008 11.3425 1108.06 55.8956 1196.85 62.3237 1196.85 62.3237 0.560074 0.00880271 
200 0.27 905600000 547.875 13.4002 -55.1474 0.602975 3405.41 74.8539 1.72581e+07 1.01191e+06 -0.0009966 0.00311542 -0.00048548 0.00258871 0.0135738 0.000416078 0.000376965 3.12893e-05 0.103278 0.00163938 10.8824 2.41324 77.9008 11.3425 1108.06 55.8956 1196.85 62.3237 1196.85 62.3237 0.560074 0.00880271 
200 0.27 906400000 547.875 13.4002 -55.1474 0.602975 3405.41 74.8539 1.72581e+07 1.01191e+06 -0.0009966 0.00311542 -0.00048548 0.00258871 0.0135738 0.000415395 0.000376965 3.12893e-05 0.103278 0.00163712 10.8824 2.40894 77.9008 11.3226 1108.06 55.825 1196.85 62.2418 1196.85 62.2418 0.560074 0.00880271 
200 0.27 907200000 547.875 13.4002 -55.1474 0.602975 3405.41 74.8539 1.72581e+07 1.01191e+06 -0.0009966 0.00311542 -0.00048548 0.00258871 0.0135738 0.000415395 0.000376965 3.12893e-05 0.103278 0.00163712 10.8824 2.40894 77.9008 11.3226 1108.06 55.825 1196.85 62.2418 1196.85 62.2418 0.560074 0.00880271 
200 0.27 908000000 547.875 13.4002 -55.1474 0.602975 3405.41 74.8539 1.72581e+07 1.01191e+06 -0.0009966 0.00311542 -0.00048548 0.00258871 0.0135738 0.000414663 0.000376965 3.11816e-05 0.103278 0.00163448 10.8824 2.40465 77.9008 11.3028 1108.06 55.758 1196.85 62.1637 1196.85 62.1637 0.560074 0.00880495 
200 0.27 908800000 547.875 13.4002 -55.1474 0.602975 3405.41 74.8539 1.72581e+07 1.01191e+06 -0.0009966 0.00311542 -0.00048548 0.00258871 0.0135738 0.000414663 0.000376965 3.11816e-05 0.103278 0.00163448 10.8824 2.40465 77.9008 11.3028 1108.06 55.758 1196.85 62.1637 1196.85 62.1637 0.560074 0.00880495 
200 0.27 909600000 547.875 13.4002 -55.1474 0.602975 3405.41 74.8539 1.72581e+07 1.01191e+06 -0.0009966 0.00311542 -0.00048548 0.00258871 0.0135738 0.000414213 0.000376965 3.11816e-05 0.103278 0.00163318 10.8824 2.40036 77.9008 11.2831 1108.06 55.6902 1196.85 62.0847 1196.85 62.0847 0.560074 0.00880495 
200 0.27 910400000 547.875 13.4002 -55.1474 0.602975 3405.41 74.8539 1.72581e+07 1.01191e+06 -0.0009966 0.00311542 -0.00048548 0.00258871 0.0135738 0.000414213 0.000376965 3.11816e-05 0.103278 0.00163318 10.8824 2.40036 77.9008 11.2831 1108.06 55.6902 1196.85 62.0847 1196.85 62.0847 0.560074 0.00880495 
200 0.27 911200000 547.875 13.4002 -55.1474 0.611318 3405.41 75.6559 1.72581e+07 1.00928e+06 -0.0009966 0.00311542 -0.00048548 0.00252988 0.0135738 0.000413602 0.000376965 3.10901e-05 0.103278 0.00163067 10.8824 2.39611 77.9008 11.2635 1108.06 55.6298 1196.85 62.0047 1196.85 62.0047 0.560074 0.00877801 
200 0.27 912000000 547.875 13.4002 -55.1474 0.611318 3405.41 75.6559 1.72581e+07 1.00928e+06 -0.0009966 0.00311542 -0.00048548 0.00252988 0.0135738 0.000413602 0.000376965 3.10901e-05 0.103278 0.00163067 10.8824 2.39611 77.9008 11.2635 1108.06 55.6298 1196.85 62.0047 1196.85 62.0047 0.560074 0.00877801 
200 0.27 912800000 547.875 13.4002 -55.1474 0.611318 3405.41 75.6559 1.72581e+07 1.00928e+06 -0.0009966 0.00311542 -0.00048548 0.00252612 0.0135738 0.00041291 0.000376965 3.10901e-05 0.103278 0.00162785 10.8824 2.39184 77.9008 11.2438 1108.06 55.5643 1196.85 61.9218 1196.85 61.9218 0.560074 0.00877801 
200 0.27 913600000 547.875 13.4002 -55.1474 0.611318 3405.41 75.6559 1.72581e+07 1.00928e+06 -0.0009966 0.00311542 -0.00048548 0.00252612 0.0135738 0.00041291 0.000376965 3.10901e-05 0.103278 0.00162785 10.8824 2.39184 77.9008 11.2438 1108.06 55.5643 1196.85 61.9218 1196.85 61.9218 0.560074 0.00877801 
200 0.27 914400000 547.875 13.4002 -55.1474 0.611318 3405.41 75.6559 1.72581e+07 1.00928e+06 -0.0009966 0.00311542 -0.00048548 0.00252248 0.0135738 0.000412594 0.000376965 3.09969e-05 0.103278 0.0016277 10.8824 2.3876 77.9008 11.2243 1108.06 55.4941 1196.85 61.8408 1196.85 61.8408 0.560074 0.00874845 
200 0.27 915200000 547.875 13.4002 -55.1474 0.611318 3405.41 75.6559 1.72581e+07 1.00928e+06 -0.0009966 0.00311542 -0.00048548 0.00252248 0.0135738 0.000412594 0.000376965 3.09969e-05 0.103278 0.0016277 10.8824 2.3876 77.9008 11.2243 1108.06 55.4941 1196.85 61.8408 1196.85 61.8408 0.560074 0.00874845 
200 0.27 916000000 547.875 13.4002 -55.1474 0.611318 3405.41 75.6559 1.72581e+07 1.00928e+06 -0.0009966 0.00311542 -0.00048548 0.00251969 0.0135738 0.000412137 0.000376965 3.09969e-05 0.103278 0.00162665 10.8824 2.38339 77.9008 11.2048 1108.06 55.4273 1196.85 61.7629 1196.85 61.7629 0.560074 0.00874845 
200 0.27 916800000 547.875 13.4002 -55.1474 0.611318 3405.41 75.6559 1.72581e+07 1.00928e+06 -0.0009966 0.00311542 -0.00048548 0.00251969 0.0135738 0.000412137 0.000376965 3.09969e-05 0.103278 0.00162665 10.8824 2.38339 77.9008 11.2048 1108.06 55.4273 1196.85 61.7629 1196.85 61.7629 0.560074 0.00874845 
200 0.27 917600000 547.875 13.4002 -55.1474 0.611318 3405.41 75.6559 1.72581e+07 1.00928e+06 -0.0009966 0.00311542 -0.00048548 0.00252167 0.0135738 0.000411426 0.000376965 3.08972e-05 0.103278 0.00162426 10.8824 2.37917 77.9008 11.1851 1108.06 55.373 1196.85 61.6904 1196.85 61.6904 0.560074 0.00873025 
200 0.27 918400000 547.875 13.4002 -55.1474 0.611318 3405.41 75.6559 1.72581e+07 1.00928e+06 -0.0009966 0.00311542 -0.00048548 0.00252167 0.0135738 0.000411426 0.000376965 3.08972e-05 0.103278 0.00162426 10.8824 2.37917 77.9008 11.1851 1108.06 55.373 1196.85 61.6904 1196.85 61.6904 0.560074 0.00873025 
200 0.27 919200000 547.875 13.4002 -55.1474 0.611318 3405.41 75.6559 1.72581e+07 1.00928e+06 -0.0009966 0.00311542 -0.00048548 0.00251742 0.0135738 0.000412121 0.000376965 3.08972e-05 0.103278 0.0016246 10.8824 2.37499 77.9008 11.1659 1108.06 55.2751 1196.85 61.5812 1196.85 61.5812 0.560074 0.00873025 
200 0.27 920000000 547.875 13.4002 -55.1474 0.611318 3405.41 75.6559 1.72581e+07 1.00928e+06 -0.0009966 0.00311542 -0.00048548 0.00251742 0.0135738 0.000412121 0.000376965 3.08972e-05 0.103278 0.0016246 10.8824 2.37499 77.9008 11.1659 1108.06 55.2751 1196.85 61.5812 1196.85 61.5812 0.560074 0.00873025 
200 0.27 920800000 547.875 13.4002 -55.1474 0.611318 3405.41 75.6559 1.72581e+07 1.00928e+06 -0.0009966 0.00311542 -0.00048548 0.00251612 0.0135738 0.000411414 0.000376965 3.0862e-05 0.103278 0.00162173 10.8824 2.37086 77.9008 11.3658 1108.06 55.3301 1196.85 61.7995 1196.85 61.7995 0.560074 0.00870397 
200 0.27 921600000 547.875 13.4002 -55.1474 0.611318 3405.41 75.6559 1.72581e+07 1.00928e+06 -0.0009966 0.00311542 -0.00048548 0.00251612 0.0135738 0.000411414 0.000376965 3.0862e-05 0.103278 0.00162173 10.8824 2.37086 77.9008 11.3658 1108.06 55.3301 1196.85 61.7995 1196.85 61.7995 0.560074 0.00870397 
200 0.27 922400000 547.875 13.4002 -55.1474 0.611318 3405.41 75.6559 1.72581e+07 1.00928e+06 -0.0009966 0.00311542 -0.00048548 0.00251612 0.0135738 0.000410707 0.000376965 3.0862e-05 0.103278 0.00161921 10.8824 2.36671 77.9008 11.3463 1108.06 55.2617 1196.85 61.7204 1196.85 61.7204 0.560074 0.00870397 
200 0.27 923200000 547.875 13.4002 -55.1474 0.611318 3405.41 75.6559 1.72581e+07 1.00928e+06 -0.0009966 0.00311542 -0.00048548 0.00251612 0.0135738 0.000410707 0.000376965 3.0862e-05 0.103278 0.00161921 10.8824 2.36671 77.9008 11.3463 1108.06 55.2617 1196.85 61.7204 1196.85 61.7204 0.560074 0.00870397 
200 0.27 924000000 547.875 13.4002 -55.1474 0.611185 3405.41 74.7297 1.72581e+07 995594 -0.0009966 0.00311542 -0.00048548 0.00251612 0.0135738 0.000410093 0.000376965 3.076e-05 0.103278 0.00161661 10.8824 2.36255 77.9008 11.3269 1108.06 55.2066 1196.85 61.6455 1196.85 61.6455 0.560074 0.00867475 
200 0.27 924800000 547.875 13.4002 -55.1474 0.611185 3405.41 74.7297 1.72581e+07 995594 -0.0009966 0.00311542 -0.00048548 0.00251612 0.0135738 0.000410093 0.000376965 3.076e-05 0.103278 0.00161661 10.8824 2.36255 77.9008 11.3269 1108.06 55.2066 1196.85 61.6455 1196.85 61.6455 0.560074 0.00867475 
200 0.27 925600000 547.875 13.4002 -55.1474 0.611185 3405.41 74.7297 1.72581e+07 995594 -0.0009966 0.00311542 -0.00048548 0.00251612 0.0135738 0.000409718 0.000376965 3.076e-05 0.103278 0.00161551 10.8824 2.3584 77.9008 11.5147 1108.06 55.2165 1196.85 61.7925 1196.85 61.7925 0.560074 0.00867475 
200 0.27 926400000 547.875 13.4002 -55.1474 0.611185 3405.41 74.7297 1.72581e+07 995594 -0.0009966 0.00311542 -0.00048548 0.00251612 0.0135738 0.000409718 0.000376965 3.076e-05 0.103278 0.00161551 10.8824 2.3584 77.9008 11.5147 1108.06 55.2165 1196.85 61.7925 1196.85 61.7925 0.560074 0.00867475 
200 0.27 927200000 547.875 13.4002 -55.1474 0.611185 3405.41 74.7297 1.72581e+07 995594 -0.0009966 0.00311542 -0.00048548 0.00251612 0.0135738 0.000409244 0.000376965 3.06762e-05 0.103278 0.00161352 10.8824 2.35429 77.9008 11.4952 1108.06 55.1486 1196.85 61.7139 1196.85 61.7139 0.560074 0.00865895 
200 0.27 928000000 547.875 13.4002 -55.1474 0.611185 3405.41 74.7297 1.72581e+07 995594 -0.0009966 0.00311542 -0.00048548 0.00251612 0.0135738 0.000409244 0.000376965 3.06762e-05 0.103278 0.00161352 10.8824 2.35429 77.9008 11.4952 1108.06 55.1486 1196.85 61.7139 1196.85 61.7139 0.560074 0.00865895 
200 0.27 928800000 547.875 13.4002 -55.1474 0.611185 3405.41 74.7297 1.72581e+07 995594 -0.0009966 0.00311542 -0.00048548 0.00251612 0.0135738 0.000408696 0.000376965 3.06762e-05 0.103278 0.00161145 10.8824 2.3502 77.9008 11.4757 1108.06 55.0825 1196.85 61.6372 1196.85 61.6372 0.560074 0.00865895 
200 0.27 929600000 547.875 13.4002 -55.1474 0.611185 3405.41 74.7297 1.72581e+07 995594 -0.0009966 0.00311542 -0.00048548 0.00251612 0.0135738 0.000408696 0.000376965 3.06762e-05 0.103278 0.00161145 10.8824 2.3502 77.9008 11.4757 1108.06 55.0825 1196.85 61.6372 1196.85 61.6372 0.560074 0.00865895 
200 0.27 930400000 547.875 13.4002 -55.1474 0.611185 3405.41 74.7297 1.72581e+07 995594 -0.0009966 0.00311542 -0.00048548 0.00251612 0.0135738 0.000408009 0.000376965 3.05834e-05 0.103278 0.00160863 10.8824 2.34611 77.9008 11.4558 1108.06 55.008 1196.85 61.5469 1196.85 61.5469 0.560074 0.00862914 
200 0.27 931200000 547.875 13.4002 -55.1474 0.611185 3405.41 74.7297 1.72581e+07 995594 -0.0009966 0.00311542 -0.00048548 0.00251612 0.0135738 0.000408009 0.000376965 3.05834e-05 0.103278 0.00160863 10.8824 2.34611 77.9008 11.4558 1108.06 55.008 1196.85 61.5469 1196.85 61.5469 0.560074 0.00862914 
200 0.27 932000000 547.875 13.4002 -55.1474 0.611185 3405.41 74.7297 1.72581e+07 995594 -0.0009966 0.00311542 -0.00048548 0.00251612 0.0135738 0.000407692 0.000376965 3.05834e-05 0.103278 0.00160789 10.8824 2.34204 77.9008 11.4365 1108.06 54.9419 1196.85 61.4701 1196.85 61.4701 0.560074 0.00862914 
200 0.27 932800000 547.875 13.4002 -55.1474 0.611185 3405.41 74.7297 1.72581e+07 995594 -0.0009966 0.00311542 -0.00048548 0.00251612 0.0135738 0.000407692 0.000376965 3.05834e-05 0.103278 0.00160789 10.8824 2.34204 77.9008 11.4365 1108.06 54.9419 1196.85 61.4701 1196.85 61.4701 0.560074 0.00862914 
200 0.27 933600000 547.875 13.4002 -55.1474 0.611185 3405.41 74.7297 1.72581e+07 995594 -0.0009966 0.00311542 -0.00048548 0.00251612 0.0135738 0.000407928 0.000376965 3.04779e-05 0.103278 0.00160948 10.8824 2.33799 77.9008 11.417 1108.06 54.8761 1196.85 61.3933 1196.85 61.3933 0.560074 0.00860857 
200 0.27 934400000 547.875 13.4002 -55.1474 0.611185 3405.41 74.7297 1.72581e+07 995594 -0.0009966 0.00311542 -0.00048548 0.00251612 0.0135738 0.000407928 0.000376965 3.04779e-05 0.103278 0.00160948 10.8824 2.33799 77.9008 11.417 1108.06 54.8761 1196.85 61.3933 1196.85 61.3933 0.560074 0.00860857 
200 0.27 935200000 547.875 13.4002 -55.1474 0.611185 3405.41 74.7297 1.72581e+07 995594 -0.0009966 0.00311542 -0.00048548 0.00251612 0.0135738 0.000407802 0.000376965 3.04779e-05 0.103278 0.00160744 10.8824 2.33393 77.9008 11.3975 1108.06 54.8006 1196.85 61.3066 1196.85 61.3066 0.560074 0.00860857 
200 0.27 936000000 547.875 13.4002 -55.1474 0.611185 3405.41 74.7297 1.72581e+07 995594 -0.0009966 0.00311542 -0.00048548 0.00251612 0.0135738 0.000407802 0.000376965 3.04779e-05 0.103278 0.00160744 10.8824 2.33393 77.9008 11.3975 1108.06 54.8006 1196.85 61.3066 1196.85 61.3066 0.560074 0.00860857 
200 0.27 936800000 549.667 12.783 -54.8602 0.600767 3371.4 73.8608 1.6968e+07 981910 -0.00160759 0.00283319 -0.00118838 0.00252108 0.0135091 0.000407356 0.000372035 3.03881e-05 0.103131 0.0016056 10.6142 2.32991 79.2271 11.3783 1103.63 54.7357 1193.47 61.2311 1193.47 61.2311 0.56013 0.00857953 
200 0.27 937600000 549.667 12.783 -54.8602 0.600767 3371.4 73.8608 1.6968e+07 981910 -0.00160759 0.00283319 -0.00118838 0.00252108 0.0135091 0.000407356 0.000372035 3.03881e-05 0.103131 0.0016056 10.6142 2.32991 79.2271 11.3783 1103.63 54.7357 1193.47 61.2311 1193.47 61.2311 0.56013 0.00857953 
200 0.27 938400000 549.667 12.783 -54.8602 0.600767 3371.4 73.8608 1.6968e+07 981910 -0.00160759 0.00283319 -0.00118838 0.00252108 0.0135091 0.000406828 0.000372035 3.03881e-05 0.103131 0.00160374 10.6142 2.32589 79.2271 11.3593 1103.63 54.6687 1193.47 61.1539 1193.47 61.1539 0.56013 0.00857953 
200 0.27 939200000 549.667 12.783 -54.8602 0.600767 3371.4 73.8608 1.6968e+07 981910 -0.00160759 0.00283319 -0.00118838 0.00252108 0.0135091 0.000406828 0.000372035 3.03881e-05 0.103131 0.00160374 10.6142 2.32589 79.2271 11.3593 1103.63 54.6687 1193.47 61.1539 1193.47 61.1539 0.56013 0.00857953 
200 0.27 940000000 549.667 12.783 -54.8602 0.600767 3371.4 73.8608 1.6968e+07 981910 -0.00160759 0.00283319 -0.00118838 0.00252108 0.0135091 0.000406957 0.000372035 3.02853e-05 0.103131 0.00160477 10.6142 2.32189 79.2271 11.3399 1103.63 54.5861 1193.47 61.0605 1193.47 61.0605 0.56013 0.00855996 
200 0.27 940800000 549.667 12.783 -54.8602 0.600767 3371.4 73.8608 1.6968e+07 981910 -0.00160759 0.00283319 -0.00118838 0.00252108 0.0135091 0.000406957 0.000372035 3.02853e-05 0.103131 0.00160477 10.6142 2.32189 79.2271 11.3399 1103.63 54.5861 1193.47 61.0605 1193.47 61.0605 0.56013 0.00855996 
200 0.27 941600000 549.667 12.783 -54.8602 0.600767 3371.4 73.8608 1.6968e+07 981910 -0.00160759 0.00283319 -0.00118838 0.00252108 0.0135091 0.00040665 0.000372035 3.02853e-05 0.103131 0.00160408 10.6142 2.31788 79.2271 11.3206 1103.63 54.6637 1193.47 61.1024 1193.47 61.1024 0.56013 0.00855996 
200 0.27 942400000 549.667 12.783 -54.8602 0.600767 3371.4 73.8608 1.6968e+07 981910 -0.00160759 0.00283319 -0.00118838 0.00252108 0.0135091 0.00040665 0.000372035 3.02853e-05 0.103131 0.00160408 10.6142 2.31788 79.2271 11.3206 1103.63 54.6637 1193.47 61.1024 1193.47 61.1024 0.56013 0.00855996 
200 0.27 943200000 549.667 12.783 -54.8602 0.600767 3371.4 73.8608 1.6968e+07 981910 -0.00160759 0.00283319 -0.00118838 0.00252108 0.0135091 0.000406368 0.000372035 3.02067e-05 0.103131 0.00160367 10.6142 2.3139 79.2271 11.3016 1103.63 54.6012 1193.47 61.0292 1193.47 61.0292 0.56013 0.00856584 
200 0.27 944000000 549.667 12.783 -54.8602 0.600767 3371.4 73.8608 1.6968e+07 981910 -0.00160759 0.00283319 -0.00118838 0.00252108 0.0135091 0.000406368 0.000372035 3.02067e-05 0.103131 0.00160367 10.6142 2.3139 79.2271 11.3016 1103.63 54.6012 1193.47 61.0292 1193.47 61.0292 0.56013 0.00856584 
200 0.27 944800000 549.667 12.783 -54.8602 0.600767 3371.4 73.8608 1.6968e+07 981910 -0.00160759 0.00283319 -0.00118838 0.00252108 0.0135091 0.000405766 0.000372035 3.02067e-05 0.103131 0.00160105 10.6142 2.30993 79.2271 11.2827 1103.63 54.5365 1193.47 60.954 1193.47 60.954 0.56013 0.00855556 
200 0.27 945600000 549.667 12.783 -54.8602 0.600767 3371.4 73.8608 1.6968e+07 981910 -0.00160759 0.00283319 -0.00118838 0.00252108 0.0135091 0.000405766 0.000372035 3.02067e-05 0.103131 0.00160105 10.6142 2.30993 79.2271 11.2827 1103.63 54.5365 1193.47 60.954 1193.47 60.954 0.56013 0.00855556 
200 0.27 946400000 549.667 12.783 -54.8602 0.600767 3371.4 73.8608 1.6968e+07 981910 -0.00160759 0.00283319 -0.00118838 0.00252108 0.0135091 0.000405441 0.000372035 3.01033e-05 0.103131 0.00160056 10.6142 2.306 79.2271 11.2638 1103.63 54.4591 1193.47 60.8614 1193.47 60.8614 0.56013 0.00856013 
200 0.27 947200000 549.667 12.783 -54.8602 0.600767 3371.4 73.8608 1.6968e+07 981910 -0.00160759 0.00283319 -0.00118838 0.00252108 0.0135091 0.000405441 0.000372035 3.01033e-05 0.103131 0.00160056 10.6142 2.306 79.2271 11.2638 1103.63 54.4591 1193.47 60.8614 1193.47 60.8614 0.56013 0.00856013 
200 0.27 948000000 549.667 12.783 -54.8602 0.600767 3371.4 73.8608 1.6968e+07 981910 -0.00160759 0.00283319 -0.00118838 0.00252108 0.0135091 0.000404756 0.000372035 3.01033e-05 0.103131 0.00159782 10.6142 2.30206 79.2271 11.2451 1103.63 54.3955 1193.47 60.7873 1193.47 60.7873 0.56013 0.00855146 
200 0.27 948800000 549.667 12.783 -54.8602 0.600767 3371.4 73.8608 1.6968e+07 981910 -0.00160759 0.00283319 -0.00118838 0.00252108 0.0135091 0.000404756 0.000372035 3.01033e-05 0.103131 0.00159782 10.6142 2.30206 79.2271 11.2451 1103.63 54.3955 1193.47 60.7873 1193.47 60.7873 0.56013 0.00855146 
200 0.27 949600000 549.667 12.775 -54.8602 0.600916 3371.4 73.8196 1.6968e+07 972632 -0.00160759 0.00283319 -0.00118838 0.00252108 0.0135091 0.000404318 0.000372035 3.00129e-05 0.103131 0.001596 10.6142 2.29814 79.2271 11.2261 1103.63 54.3298 1193.47 60.7105 1193.47 60.7105 0.56013 0.00854135 
200 0.27 950400000 549.667 12.775 -54.8602 0.600916 3371.4 73.8196 1.6968e+07 972632 -0.00160759 0.00283319 -0.00118838 0.00252108 0.0135091 0.000404318 0.000372035 3.00129e-05 0.103131 0.001596 10.6142 2.29814 79.2271 11.2261 1103.63 54.3298 1193.47 60.7105 1193.47 60.7105 0.56013 0.00854135 
200 0.27 951200000 549.667 12.775 -54.8602 0.600916 3371.4 73.8196 1.6968e+07 972632 -0.00160759 0.00283319 -0.00118838 0.00252108 0.0135091 0.000404022 0.000372035 3.00129e-05 0.103131 0.00159568 10.6142 2.29422 79.2271 11.2072 1103.63 54.2766 1193.47 60.6391 1193.47 60.6391 0.56013 0.00853404 
200 0.27 952000000 549.667 12.775 -54.8602 0.600916 3371.4 73.8196 1.6968e+07 972632 -0.00160759 0.00283319 -0.00118838 0.00252108 0.0135091 0.000404022 0.000372035 3.00129e-05 0.103131 0.00159568 10.6142 2.29422 79.2271 11.2072 1103.63 54.2766 1193.47 60.6391 1193.47 60.6391 0.56013 0.00853404 
200 0.27 952800000 549.667 12.775 -54.8602 0.600916 3371.4 73.8196 1.6968e+07 972632 -0.00160759 0.00283319 -0.00118838 0.00252108 0.0135091 0.00040344 0.000372035 2.99299e-05 0.103131 0.00159331 10.6142 2.29032 79.2271 11.1885 1103.63 54.2248 1193.47 60.5688 1193.47 60.5688 0.56013 0.0085203 
200 0.27 953600000 549.667 12.775 -54.8602 0.600916 3371.4 73.8196 1.6968e+07 972632 -0.00160759 0.00283319 -0.00118838 0.00252108 0.0135091 0.00040344 0.000372035 2.99299e-05 0.103131 0.00159331 10.6142 2.29032 79.2271 11.1885 1103.63 54.2248 1193.47 60.5688 1193.47 60.5688 0.56013 0.0085203 
200 0.27 954400000 549.667 12.775 -54.8602 0.600916 3371.4 73.8196 1.6968e+07 972632 -0.00160759 0.00283319 -0.00118838 0.00252108 0.0135091 0.000402767 0.000372035 2.99299e-05 0.103131 0.00159066 10.6142 2.28642 79.2271 11.1694 1103.63 54.5289 1193.47 60.8192 1193.47 60.8192 0.56013 0.00853232 
200 0.27 955200000 549.667 12.775 -54.8602 0.600916 3371.4 73.8196 1.6968e+07 972632 -0.00160759 0.00283319 -0.00118838 0.00252108 0.0135091 0.000402767 0.000372035 2.99299e-05 0.103131 0.00159066 10.6142 2.28642 79.2271 11.1694 1103.63 54.5289 1193.47 60.8192 1193.47 60.8192 0.56013 0.00853232 
200 0.27 956000000 549.667 12.775 -54.8602 0.600916 3371.4 73.8196 1.6968e+07 972632 -0.00160759 0.00283319 -0.00118838 0.00252108 0.0135091 0.00040419 0.000372035 2.99705e-05 0.103131 0.00159288 10.6142 2.28255 79.2271 11.1509 1103.63 54.4656 1193.47 60.7453 1193.47 60.7453 0.56013 0.0085326 
200 0.27 956800000 549.667 12.775 -54.8602 0.600916 3371.4 73.8196 1.6968e+07 972632 -0.00160759 0.00283319 -0.00118838 0.00252108 0.0135091 0.00040419 0.000372035 2.99705e-05 0.103131 0.00159288 10.6142 2.28255 79.2271 11.1509 1103.63 54.4656 1193.47 60.7453 1193.47 60.7453 0.56013 0.0085326 
200 0.27 957600000 549.667 12.775 -54.8602 0.600916 3371.4 73.8196 1.6968e+07 972632 -0.00160759 0.00283319 -0.00118838 0.00252108 0.0135091 0.00040375 0.000372035 2.99705e-05 0.103131 0.00159116 10.6142 2.27869 79.2271 11.1325 1103.63 54.4011 1193.47 60.6707 1193.47 60.6707 0.56013 0.008519 
200 0.27 958400000 549.667 12.775 -54.8602 0.600916 3371.4 73.8196 1.6968e+07 972632 -0.00160759 0.00283319 -0.00118838 0.00252108 0.0135091 0.00040375 0.000372035 2.99705e-05 0.103131 0.00159116 10.6142 2.27869 79.2271 11.1325 1103.63 54.4011 1193.47 60.6707 1193.47 60.6707 0.56013 0.008519 
200 0.27 959200000 549.667 12.775 -54.8602 0.600916 3371.4 73.8196 1.6968e+07 972632 -0.00160759 0.00283319 -0.00118838 0.00252108 0.0135091 0.000403066 0.000372035 2.98755e-05 0.103131 0.00158846 10.6142 2.27485 79.2271 11.114 1103.63 54.3572 1193.47 60.6074 1193.47 60.6074 0.56013 0.00851139 
200 0.27 960000000 549.667 12.775 -54.8602 0.600916 3371.4 73.8196 1.6968e+07 972632 -0.00160759 0.00283319 -0.00118838 0.00252108 0.0135091 0.000403066 0.000372035 2.98755e-05 0.103131 0.00158846 10.6142 2.27485 79.2271 11.114 1103.63 54.3572 1193.47 60.6074 1193.47 60.6074 0.56013 0.00851139 
200 0.27 960800000 549.667 12.775 -54.8602 0.600916 3371.4 73.8196 1.6968e+07 972632 -0.00160759 0.00283319 -0.00118838 0.00252108 0.0135091 0.000402415 0.000372035 2.98755e-05 0.103131 0.00158632 10.6142 2.271 79.2271 11.0955 1103.63 54.2654 1193.47 60.5048 1193.47 60.5048 0.56013 0.00849784 
200 0.27 961600000 549.667 12.775 -54.8602 0.600916 3371.4 73.8196 1.6968e+07 972632 -0.00160759 0.00283319 -0.00118838 0.00252108 0.0135091 0.000402415 0.000372035 2.98755e-05 0.103131 0.00158632 10.6142 2.271 79.2271 11.0955 1103.63 54.2654 1193.47 60.5048 1193.47 60.5048 0.56013 0.00849784 
200 0.27 962400000 549.667 12.775 -54.8602 0.618771 3371.4 73.383 1.6968e+07 961436 -0.00160759 0.00283319 -0.00118838 0.00245319 0.0135091 0.000401885 0.000372035 2.97828e-05 0.103131 0.00158399 10.6142 2.26719 79.2271 11.0773 1103.63 54.2008 1193.47 60.4235 1193.47 60.4235 0.56013 0.00850047 
200 0.27 963200000 549.667 12.775 -54.8602 0.618771 3371.4 73.383 1.6968e+07 961436 -0.00160759 0.00283319 -0.00118838 0.00245319 0.0135091 0.000401885 0.000372035 2.97828e-05 0.103131 0.00158399 10.6142 2.26719 79.2271 11.0773 1103.63 54.2008 1193.47 60.4235 1193.47 60.4235 0.56013 0.00850047 
200 0.27 964000000 549.667 12.775 -54.8602 0.618771 3371.4 73.383 1.6968e+07 961436 -0.00160759 0.00283319 -0.00118838 0.00245319 0.0135091 0.000401348 0.000372035 2.97828e-05 0.103131 0.00158165 10.6142 2.26337 79.2271 11.059 1103.63 54.1392 1193.47 60.3511 1193.47 60.3511 0.56013 0.00851009 
200 0.27 964800000 549.667 12.775 -54.8602 0.618771 3371.4 73.383 1.6968e+07 961436 -0.00160759 0.00283319 -0.00118838 0.00245319 0.0135091 0.000401348 0.000372035 2.97828e-05 0.103131 0.00158165 10.6142 2.26337 79.2271 11.059 1103.63 54.1392 1193.47 60.3511 1193.47 60.3511 0.56013 0.00851009 
200 0.27 965600000 549.667 12.775 -54.8602 0.618771 3371.4 73.383 1.6968e+07 961436 -0.00160759 0.00283319 -0.00118838 0.00245319 0.0135091 0.000400945 0.000372035 2.97033e-05 0.103131 0.00158013 10.6142 2.25957 79.2271 11.0407 1103.63 54.0521 1193.47 60.2522 1193.47 60.2522 0.56013 0.00849946 
200 0.27 966400000 549.667 12.775 -54.8602 0.618771 3371.4 73.383 1.6968e+07 961436 -0.00160759 0.00283319 -0.00118838 0.00245319 0.0135091 0.000400945 0.000372035 2.97033e-05 0.103131 0.00158013 10.6142 2.25957 79.2271 11.0407 1103.63 54.0521 1193.47 60.2522 1193.47 60.2522 0.56013 0.00849946 
200 0.27 967200000 549.667 12.775 -54.8602 0.618771 3371.4 73.383 1.6968e+07 961436 -0.00160759 0.00283319 -0.00118838 0.00245319 0.0135091 0.000400345 0.000372035 2.97033e-05 0.103131 0.00157756 10.6142 2.25579 79.2271 11.0227 1103.63 53.987 1193.47 60.1778 1193.47 60.1778 0.56013 0.00848935 
200 0.27 968000000 549.667 12.775 -54.8602 0.618771 3371.4 73.383 1.6968e+07 961436 -0.00160759 0.00283319 -0.00118838 0.00245319 0.0135091 0.000400345 0.000372035 2.97033e-05 0.103131 0.00157756 10.6142 2.25579 79.2271 11.0227 1103.63 53.987 1193.47 60.1778 1193.47 60.1778 0.56013 0.00848935 
200 0.27 968800000 549.667 12.775 -54.8602 0.618771 3371.4 73.383 1.6968e+07 961436 -0.00160759 0.00283319 -0.00118838 0.00245319 0.0135091 0.000399952 0.000372035 2.96222e-05 0.103131 0.00157631 10.6142 2.25203 79.2271 11.0047 1103.63 53.9259 1193.47 60.1065 1193.47 60.1065 0.56013 0.00849095 
200 0.27 969600000 549.667 12.775 -54.8602 0.618771 3371.4 73.383 1.6968e+07 961436 -0.00160759 0.00283319 -0.00118838 0.00245319 0.0135091 0.000399952 0.000372035 2.96222e-05 0.103131 0.00157631 10.6142 2.25203 79.2271 11.0047 1103.63 53.9259 1193.47 60.1065 1193.47 60.1065 0.56013 0.00849095 
200 0.27 970400000 549.667 12.775 -54.8602 0.618771 3371.4 73.383 1.6968e+07 961436 -0.00160759 0.00283319 -0.00118838 0.00245319 0.0135091 0.00040028 0.000372035 2.96222e-05 0.103131 0.00157596 10.6142 2.24827 79.2271 10.9867 1103.63 53.865 1193.47 60.0357 1193.47 60.0357 0.56013 0.00848754 
200 0.27 971200000 549.667 12.775 -54.8602 0.618771 3371.4 73.383 1.6968e+07 961436 -0.00160759 0.00283319 -0.00118838 0.00245319 0.0135091 0.00040028 0.000372035 2.96222e-05 0.103131 0.00157596 10.6142 2.24827 79.2271 10.9867 1103.63 53.865 1193.47 60.0357 1193.47 60.0357 0.56013 0.00848754 
200 0.27 972000000 549.667 12.775 -54.8602 0.618771 3371.4 73.383 1.6968e+07 961436 -0.00160759 0.00283319 -0.00118838 0.00245319 0.0135091 0.000400074 0.000372035 2.9555e-05 0.103131 0.00157685 10.6142 2.24453 79.2271 10.9862 1103.63 53.7814 1193.47 59.9356 1193.47 59.9356 0.56013 0.00848188 
200 0.27 972800000 549.667 12.775 -54.8602 0.618771 3371.4 73.383 1.6968e+07 961436 -0.00160759 0.00283319 -0.00118838 0.00245319 0.0135091 0.000400074 0.000372035 2.9555e-05 0.103131 0.00157685 10.6142 2.24453 79.2271 10.9862 1103.63 53.7814 1193.47 59.9356 1193.47 59.9356 0.56013 0.00848188 
200 0.27 973600000 549.667 12.775 -54.8602 0.618771 3371.4 73.383 1.6968e+07 961436 -0.00160759 0.00283319 -0.00118838 0.00245319 0.0135091 0.000399647 0.000372035 2.9555e-05 0.103131 0.00157464 10.6142 2.24081 79.2271 10.9682 1103.63 53.706 1193.47 59.8506 1193.47 59.8506 0.56013 0.00846793 
200 0.27 974400000 549.667 12.775 -54.8602 0.618771 3371.4 73.383 1.6968e+07 961436 -0.00160759 0.00283319 -0.00118838 0.00245319 0.0135091 0.000399647 0.000372035 2.9555e-05 0.103131 0.00157464 10.6142 2.24081 79.2271 10.9682 1103.63 53.706 1193.47 59.8506 1193.47 59.8506 0.56013 0.00846793 
200 0.27 975200000 549.667 12.775 -54.8602 0.618771 3371.4 72.4661 1.6968e+07 948708 -0.00160759 0.00283319 -0.00118838 0.00245319 0.0135091 0.000398987 0.000372035 2.94603e-05 0.103131 0.00157204 10.6142 2.2371 79.2271 10.9504 1103.63 53.6545 1193.47 59.7812 1193.47 59.7812 0.56013 0.00845962 
200 0.27 976000000 549.667 12.775 -54.8602 0.618771 3371.4 72.4661 1.6968e+07 948708 -0.00160759 0.00283319 -0.00118838 0.00245319 0.0135091 0.000398987 0.000372035 2.94603e-05 0.103131 0.00157204 10.6142 2.2371 79.2271 10.9504 1103.63 53.6545 1193.47 59.7812 1193.47 59.7812 0.56013 0.00845962 
200 0.27 976800000 549.667 12.775 -54.8602 0.618771 3371.4 72.4661 1.6968e+07 948708 -0.00160759 0.00283319 -0.00118838 0.00245319 0.0135091 0.000398333 0.000372035 2.94603e-05 0.103131 0.00156944 10.6142 2.2334 79.2271 10.9326 1103.63 53.5921 1193.47 59.7086 1193.47 59.7086 0.56013 0.00844824 
200 0.27 977600000 549.667 12.775 -54.8602 0.618771 3371.4 72.4661 1.6968e+07 948708 -0.00160759 0.00283319 -0.00118838 0.00245319 0.0135091 0.000398333 0.000372035 2.94603e-05 0.103131 0.00156944 10.6142 2.2334 79.2271 10.9326 1103.63 53.5921 1193.47 59.7086 1193.47 59.7086 0.56013 0.00844824 
200 0.27 978400000 549.667 12.775 -54.8602 0.618771 3371.4 72.4661 1.6968e+07 948708 -0.00160759 0.00283319 -0.00118838 0.00245319 0.0135091 0.000397732 0.000372035 2.93736e-05 0.103131 0.00156691 10.6142 2.22972 79.2271 10.915 1103.63 53.5296 1193.47 59.637 1193.47 59.637 0.56013 0.00843685 
200 0.27 979200000 549.667 12.775 -54.8602 0.618771 3371.4 72.4661 1.6968e+07 948708 -0.00160759 0.00283319 -0.00118838 0.00245319 0.0135091 0.000397732 0.000372035 2.93736e-05 0.103131 0.00156691 10.6142 2.22972 79.2271 10.915 1103.63 53.5296 1193.47 59.637 1193.47 59.637 0.56013 0.00843685 
200 0.27 980000000 549.667 12.775 -54.8602 0.618771 3371.4 72.4661 1.6968e+07 948708 -0.00160759 0.00283319 -0.00118838 0.00245319 0.0135091 0.000397179 0.000372035 2.93736e-05 0.103131 0.00156449 10.6142 2.22605 79.2271 10.8975 1103.63 53.463 1193.47 59.5614 1193.47 59.5614 0.56013 0.00843202 
200 0.27 980800000 549.667 12.775 -54.8602 0.618771 3371.4 72.4661 1.6968e+07 948708 -0.00160759 0.00283319 -0.00118838 0.00245319 0.0135091 0.000397179 0.000372035 2.93736e-05 0.103131 0.00156449 10.6142 2.22605 79.2271 10.8975 1103.63 53.463 1193.47 59.5614 1193.47 59.5614 0.56013 0.00843202 
200 0.27 981600000 549.667 12.775 -54.8602 0.618771 3371.4 72.4661 1.6968e+07 948708 -0.00160759 0.00283319 -0.00118838 0.00245319 0.0135091 0.000396594 0.000372035 2.92929e-05 0.103131 0.00156197 10.6142 2.22238 79.2271 10.8798 1103.63 53.3792 1193.47 59.4682 1193.47 59.4682 0.56013 0.00842489 
200 0.27 982400000 549.667 12.775 -54.8602 0.618771 3371.4 72.4661 1.6968e+07 948708 -0.00160759 0.00283319 -0.00118838 0.00245319 0.0135091 0.000396594 0.000372035 2.92929e-05 0.103131 0.00156197 10.6142 2.22238 79.2271 10.8798 1103.63 53.3792 1193.47 59.4682 1193.47 59.4682 0.56013 0.00842489 
200 0.27 983200000 549.667 12.775 -54.8602 0.618771 3371.4 72.4661 1.6968e+07 948708 -0.00160759 0.00283319 -0.00118838 0.00245319 0.0135091 0.000396016 0.000372035 2.92929e-05 0.103131 0.00156001 10.6142 2.21874 79.2271 10.8624 1103.63 53.3183 1193.47 59.3981 1193.47 59.3981 0.56013 0.00841097 
200 0.27 984000000 549.667 12.775 -54.8602 0.618771 3371.4 72.4661 1.6968e+07 948708 -0.00160759 0.00283319 -0.00118838 0.00245319 0.0135091 0.000396016 0.000372035 2.92929e-05 0.103131 0.00156001 10.6142 2.21874 79.2271 10.8624 1103.63 53.3183 1193.47 59.3981 1193.47 59.3981 0.56013 0.00841097 
200 0.27 984800000 549.667 12.775 -54.8602 0.618771 3371.4 72.4661 1.6968e+07 948708 -0.00160759 0.00283319 -0.00118838 0.00245319 0.0135091 0.000395393 0.000372035 2.91974e-05 0.103131 0.00155748 10.6142 2.21508 79.2271 10.845 1103.63 53.255 1193.47 59.3194 1193.47 59.3194 0.56013 0.00840463 
200 0.27 985600000 549.667 12.775 -54.8602 0.618771 3371.4 72.4661 1.6968e+07 948708 -0.00160759 0.00283319 -0.00118838 0.00245319 0.0135091 0.000395393 0.000372035 2.91974e-05 0.103131 0.00155748 10.6142 2.21508 79.2271 10.845 1103.63 53.255 1193.47 59.3194 1193.47 59.3194 0.56013 0.00840463 
200 0.27 986400000 549.667 12.775 -54.8602 0.618771 3371.4 72.4661 1.6968e+07 948708 -0.00160759 0.00283319 -0.00118838 0.00245319 0.0135091 0.00039482 0.000372035 2.91974e-05 0.103131 0.00155501 10.6142 2.21144 79.2271 10.8275 1103.63 53.222 1193.47 59.267 1193.47 59.267 0.56013 0.00839126 
200 0.27 987200000 549.667 12.775 -54.8602 0.618771 3371.4 72.4661 1.6968e+07 948708 -0.00160759 0.00283319 -0.00118838 0.00245319 0.0135091 0.00039482 0.000372035 2.91974e-05 0.103131 0.00155501 10.6142 2.21144 79.2271 10.8275 1103.63 53.222 1193.47 59.267 1193.47 59.267 0.56013 0.00839126 
200 0.27 988000000 551.957 12.3062 -54.6484 0.602516 3348.77 71.6521 1.67661e+07 938317 -0.00216058 0.00283319 -0.00157289 0.00241332 0.0134091 0.000394172 0.000367666 2.91078e-05 0.102775 0.00155247 10.3608 2.20783 76.8746 10.8101 1101.68 53.1412 1188.92 59.1741 1188.92 59.1741 0.562172 0.00838296 
200 0.27 988800000 551.957 12.3062 -54.6484 0.602516 3348.77 71.6521 1.67661e+07 938317 -0.00216058 0.00283319 -0.00157289 0.00241332 0.0134091 0.000394172 0.000367666 2.91078e-05 0.102775 0.00155247 10.3608 2.20783 76.8746 10.8101 1101.68 53.1412 1188.92 59.1741 1188.92 59.1741 0.562172 0.00838296 
200 0.27 989600000 551.957 12.3062 -54.6484 0.602516 3348.77 71.6521 1.67661e+07 938317 -0.00216058 0.00283319 -0.00157289 0.00241332 0.0134091 0.000393705 0.000367666 2.91078e-05 0.102775 0.00155134 10.3608 2.20421 76.8746 10.7923 1101.68 53.1001 1188.92 59.1174 1188.92 59.1174 0.562172 0.0083772 
200 0.27 990400000 551.957 12.3062 -54.6484 0.602516 3348.77 71.6521 1.67661e+07 938317 -0.00216058 0.00283319 -0.00157289 0.00241332 0.0134091 0.000393705 0.000367666 2.91078e-05 0.102775 0.00155134 10.3608 2.20421 76.8746 10.7923 1101.68 53.1001 1188.92 59.1174 1188.92 59.1174 0.562172 0.0083772 
200 0.27 991200000 551.957 12.3062 -54.6484 0.602516 3348.77 71.6521 1.67661e+07 938317 -0.00216058 0.00283319 -0.00157289 0.00241332 0.0134091 0.000393393 0.000367666 2.9016e-05 0.102775 0.00155043 10.3608 2.20062 76.8746 10.775 1101.68 53.0644 1188.92 59.0626 1188.92 59.0626 0.562172 0.00836867 
200 0.27 992000000 551.957 12.3062 -54.6484 0.602516 3348.77 71.6521 1.67661e+07 938317 -0.00216058 0.00283319 -0.00157289 0.00241332 0.0134091 0.000393393 0.000367666 2.9016e-05 0.102775 0.00155043 10.3608 2.20062 76.8746 10.775 1101.68 53.0644 1188.92 59.0626 1188.92 59.0626 0.562172 0.00836867 
200 0.27 992800000 551.957 12.3062 -54.6484 0.602516 3348.77 71.6521 1.67661e+07 938317 -0.00216058 0.00283319 -0.00157289 0.00241332 0.0134091 0.000393495 0.000367666 2.9016e-05 0.102775 0.00155143 10.3608 2.19703 76.8746 10.7579 1101.68 53.027 1188.92 59.0063 1188.92 59.0063 0.562172 0.00835921 
200 0.27 993600000 551.957 12.3062 -54.6484 0.602516 3348.77 71.6521 1.67661e+07 938317 -0.00216058 0.00283319 -0.00157289 0.00241332 0.0134091 0.000393495 0.000367666 2.9016e-05 0.102775 0.00155143 10.3608 2.19703 76.8746 10.7579 1101.68 53.027 1188.92 59.0063 1188.92 59.0063 0.562172 0.00835921 
200 0.27 994400000 551.957 12.3062 -54.6484 0.602516 3348.77 71.6521 1.67661e+07 938317 -0.00216058 0.00283319 -0.00157289 0.00241332 0.0134091 0.000392877 0.000367666 2.89239e-05 0.102775 0.0015489 10.3608 2.19348 76.8746 10.7407 1101.68 52.9668 1188.92 58.9368 1188.92 58.9368 0.562172 0.00834619 
200 0.27 995200000 551.957 12.3062 -54.6484 0.602516 3348.77 71.6521 1.67661e+07 938317 -0.00216058 0.00283319 -0.00157289 0.00241332 0.0134091 0.000392877 0.000367666 2.89239e-05 0.102775 0.0015489 10.3608 2.19348 76.8746 10.7407 1101.68 52.9668 1188.92 58.9368 1188.92 58.9368 0.562172 0.00834619 
200 0.27 996000000 551.957 12.3062 -54.6484 0.602516 3348.77 71.6521 1.67661e+07 938317 -0.00216058 0.00283319 -0.00157289 0.00241332 0.0134091 0.000392255 0.000367666 2.89239e-05 0.102775 0.00154641 10.3608 2.18992 76.8746 10.7236 1101.68 52.9076 1188.92 58.8683 1188.92 58.8683 0.562172 0.00833715 
200 0.27 996800000 551.957 12.3062 -54.6484 0.602516 3348.77 71.6521 1.67661e+07 938317 -0.00216058 0.00283319 -0.00157289 0.00241332 0.0134091 0.000392255 0.000367666 2.89239e-05 0.102775 0.00154641 10.3608 2.18992 76.8746 10.7236 1101.68 52.9076 1188.92 58.8683 1188.92 58.8683 0.562172 0.00833715 
200 0.27 997600000 551.957 12.3062 -54.6484 0.602516 3348.77 71.6521 1.67661e+07 938317 -0.00216058 0.00283319 -0.00157289 0.00241332 0.0134091 0.000391976 0.000367666 2.88297e-05 0.102775 0.00154611 10.3608 2.18636 76.8746 10.7065 1101.68 52.9063 1188.92 58.8443 1188.92 58.8443 0.562172 0.00834632 
200 0.27 998400000 551.957 12.3062 -54.6484 0.602516 3348.77 71.6521 1.67661e+07 938317 -0.00216058 0.00283319 -0.00157289 0.00241332 0.0134091 0.000391976 0.000367666 2.88297e-05 0.102775 0.00154611 10.3608 2.18636 76.8746 10.7065 1101.68 52.9063 1188.92 58.8443 1188.92 58.8443 0.562172 0.00834632 
200 0.27 999200000 551.957 12.3062 -54.6484 0.602516 3348.77 71.6521 1.67661e+07 938317 -0.00216058 0.00283319 -0.00157289 0.00241332 0.0134091 0.000391428 0.000367666 2.88297e-05 0.102775 0.00154451 10.3608 2.18281 76.8746 10.6991 1101.68 52.8532 1188.92 58.7945 1188.92 58.7945 0.562172 0.00834022 
200 0.27 1000000000 551.957 12.3062 -54.6484 0.602516 3348.77 71.6521 1.67661e+07 938317 -0.00216058 0.00283319 -0.00157289 0.00241332 0.0134091 0.000391428 0.000367666 2.88297e-05 0.102775 0.00154451 10.3608 2.18281 76.8746 10.6991 1101.68 52.8532 1188.92 58.7945 1188.92 58.7945 0.562172 0.00834022 
200 0.27 1000800000 551.957 12.3062 -54.6484 0.602516 3348.77 70.9516 1.67661e+07 927752 -0.00216058 0.00283319 -0.00157289 0.00241332 0.0134091 0.000391221 0.000367666 2.87423e-05 0.102775 0.00154477 10.3608 2.17927 76.8746 10.6818 1101.68 52.7775 1188.92 58.7072 1188.92 58.7072 0.562172 0.00832668 
200 0.27 1001600000 551.957 12.3062 -54.6484 0.602516 3348.77 70.9516 1.67661e+07 927752 -0.00216058 0.00283319 -0.00157289 0.00241332 0.0134091 0.000391221 0.000367666 2.87423e-05 0.102775 0.00154477 10.3608 2.17927 76.8746 10.6818 1101.68 52.7775 1188.92 58.7072 1188.92 58.7072 0.562172 0.00832668 
200 0.27 1002400000 551.957 12.3062 -54.6484 0.602516 3348.77 70.9516 1.67661e+07 927752 -0.00216058 0.00283319 -0.00157289 0.00241332 0.0134091 0.000391283 0.000367666 2.87423e-05 0.102775 0.00154573 10.3608 2.17574 76.8746 10.6647 1101.68 53.074 1188.92 58.9477 1188.92 58.9477 0.562172 0.00834003 
200 0.27 1003200000 551.957 12.3062 -54.6484 0.602516 3348.77 70.9516 1.67661e+07 927752 -0.00216058 0.00283319 -0.00157289 0.00241332 0.0134091 0.000391283 0.000367666 2.87423e-05 0.102775 0.00154573 10.3608 2.17574 76.8746 10.6647 1101.68 53.074 1188.92 58.9477 1188.92 58.9477 0.562172 0.00834003 
200 0.27 1004000000 551.957 12.3062 -54.6484 0.602516 3348.77 70.9516 1.67661e+07 927419 -0.00216058 0.00283319 -0.00157289 0.00241332 0.0134091 0.000390935 0.000367666 2.86495e-05 0.102775 0.00154457 10.3608 2.17224 76.8746 10.648 1101.68 53.015 1188.92 58.8798 1188.92 58.8798 0.562172 0.00832811 
200 0.27 1004800000 551.957 12.3062 -54.6484 0.602516 3348.77 70.9516 1.67661e+07 927419 -0.00216058 0.00283319 -0.00157289 0.00241332 0.0134091 0.000390935 0.000367666 2.86495e-05 0.102775 0.00154457 10.3608 2.17224 76.8746 10.648 1101.68 53.015 1188.92 58.8798 1188.92 58.8798 0.562172 0.00832811 
200 0.27 1005600000 551.957 12.3062 -54.6484 0.602516 3348.77 70.9516 1.67661e+07 927419 -0.00216058 0.00283319 -0.00157289 0.00241332 0.0134091 0.000390304 0.000367666 2.86495e-05 0.102775 0.00154223 10.3608 2.16876 76.8746 10.6312 1101.68 52.9576 1188.92 58.8135 1188.92 58.8135 0.562172 0.00832252 
200 0.27 1006400000 551.957 12.3062 -54.6484 0.602516 3348.77 70.9516 1.67661e+07 927419 -0.00216058 0.00283319 -0.00157289 0.00241332 0.0134091 0.000390304 0.000367666 2.86495e-05 0.102775 0.00154223 10.3608 2.16876 76.8746 10.6312 1101.68 52.9576 1188.92 58.8135 1188.92 58.8135 0.562172 0.00832252 
200 0.27 1007200000 551.957 12.3062 -54.6484 0.602516 3348.77 70.9516 1.67661e+07 927419 -0.00216058 0.00283319 -0.00157289 0.00241332 0.0134091 0.000389943 0.000367666 2.85695e-05 0.102775 0.00154085 10.3608 2.16527 76.8746 10.6143 1101.68 52.8778 1188.92 58.7247 1188.92 58.7247 0.562172 0.00830968 
200 0.27 1008000000 551.957 12.3062 -54.6484 0.602516 3348.77 70.9516 1.67661e+07 927419 -0.00216058 0.00283319 -0.00157289 0.00241332 0.0134091 0.000389943 0.000367666 2.85695e-05 0.102775 0.00154085 10.3608 2.16527 76.8746 10.6143 1101.68 52.8778 1188.92 58.7247 1188.92 58.7247 0.562172 0.00830968 
200 0.27 1008800000 551.957 12.3062 -54.6484 0.602516 3348.77 70.9516 1.67661e+07 927419 -0.00216058 0.00283319 -0.00157289 0.00241332 0.0134091 0.000389347 0.000367666 2.85695e-05 0.102775 0.00153837 10.3608 2.16178 76.8746 10.5976 1101.68 52.837 1188.92 58.6669 1188.92 58.6669 0.562172 0.0083021 
200 0.27 1009600000 551.957 12.3062 -54.6484 0.602516 3348.77 70.9516 1.67661e+07 927419 -0.00216058 0.00283319 -0.00157289 0.00241332 0.0134091 0.000389347 0.000367666 2.85695e-05 0.102775 0.00153837 10.3608 2.16178 76.8746 10.5976 1101.68 52.837 1188.92 58.6669 1188.92 58.6669 0.562172 0.0083021 
200 0.27 1010400000 551.957 12.3062 -54.6484 0.602516 3348.77 70.9516 1.67661e+07 927419 -0.00216058 0.00283319 -0.00157289 0.00241332 0.0134091 0.000388722 0.000367666 2.84869e-05 0.102775 0.00153602 10.3608 2.15832 76.8746 10.581 1101.68 52.7794 1188.92 58.6005 1188.92 58.6005 0.562172 0.00829268 
200 0.27 1011200000 551.957 12.3062 -54.6484 0.602516 3348.77 70.9516 1.67661e+07 927419 -0.00216058 0.00283319 -0.00157289 0.00241332 0.0134091 0.000388722 0.000367666 2.84869e-05 0.102775 0.00153602 10.3608 2.15832 76.8746 10.581 1101.68 52.7794 1188.92 58.6005 1188.92 58.6005 0.562172 0.00829268 
200 0.27 1012000000 551.957 12.3062 -54.6484 0.602516 3348.77 70.9516 1.67661e+07 927419 -0.00216058 0.00283319 -0.00157289 0.00241332 0.0134091 0.000388369 0.000367666 2.84869e-05 0.102775 0.00153481 10.3608 2.15486 76.8746 10.5644 1101.68 52.7229 1188.92 58.5348 1188.92 58.5348 0.562172 0.00829605 
200 0.27 1012800000 551.957 12.3062 -54.6484 0.602516 3348.77 70.9516 1.67661e+07 927419 -0.00216058 0.00283319 -0.00157289 0.00241332 0.0134091 0.000388369 0.000367666 2.84869e-05 0.102775 0.00153481 10.3608 2.15486 76.8746 10.5644 1101.68 52.7229 1188.92 58.5348 1188.92 58.5348 0.562172 0.00829605 
200 0.27 1013600000 551.957 12.3062 -54.6484 0.587492 3348.77 70.0423 1.67661e+07 916659 -0.00216058 0.00283319 -0.00157289 0.00236104 0.0134091 0.000387815 0.000367666 2.84106e-05 0.102775 0.00153266 10.3608 2.15143 76.8746 10.548 1101.68 52.6598 1188.92 58.4634 1188.92 58.4634 0.562172 0.00828888 
200 0.27 1014400000 551.957 12.3062 -54.6484 0.587492 3348.77 70.0423 1.67661e+07 916659 -0.00216058 0.00283319 -0.00157289 0.00236104 0.0134091 0.000387815 0.000367666 2.84106e-05 0.102775 0.00153266 10.3608 2.15143 76.8746 10.548 1101.68 52.6598 1188.92 58.4634 1188.92 58.4634 0.562172 0.00828888 
200 0.27 1015200000 551.957 12.3062 -54.6484 0.587492 3348.77 70.0423 1.67661e+07 916659 -0.00216058 0.00283319 -0.00157289 0.00236104 0.0134091 0.000387245 0.000367666 2.84106e-05 0.102775 0.00153074 10.3608 2.14799 76.8746 10.5315 1101.68 52.5797 1188.92 58.3725 1188.92 58.3725 0.562172 0.00827818 
200 0.27 1016000000 551.957 12.3062 -54.6484 0.587492 3348.77 70.0423 1.67661e+07 916659 -0.00216058 0.00283319 -0.00157289 0.00236104 0.0134091 0.000387245 0.000367666 2.84106e-05 0.102775 0.00153074 10.3608 2.14799 76.8746 10.5315 1101.68 52.5797 1188.92 58.3725 1188.92 58.3725 0.562172 0.00827818 
200 0.27 1016800000 551.957 12.3062 -54.6484 0.587492 3348.77 70.0423 1.67661e+07 916659 -0.00216058 0.00283319 -0.00157289 0.00235512 0.0134091 0.000386859 0.000367666 2.83211e-05 0.102775 0.00152979 10.3608 2.14458 76.8746 10.515 1101.68 52.5081 1188.92 58.2923 1188.92 58.2923 0.562172 0.0082651 
200 0.27 1017600000 551.957 12.3062 -54.6484 0.587492 3348.77 70.0423 1.67661e+07 916659 -0.00216058 0.00283319 -0.00157289 0.00235512 0.0134091 0.000386859 0.000367666 2.83211e-05 0.102775 0.00152979 10.3608 2.14458 76.8746 10.515 1101.68 52.5081 1188.92 58.2923 1188.92 58.2923 0.562172 0.0082651 
200 0.27 1018400000 551.957 12.3062 -54.6484 0.587492 3348.77 70.0423 1.67661e+07 916659 -0.00216058 0.00283319 -0.00157289 0.00235512 0.0134091 0.000386433 0.000367666 2.83211e-05 0.102775 0.00152796 10.3608 2.14116 76.8746 10.4983 1101.68 52.5071 1188.92 58.2727 1188.92 58.2727 0.562172 0.00826697 
200 0.27 1019200000 551.957 12.3062 -54.6484 0.587492 3348.77 70.0423 1.67661e+07 916659 -0.00216058 0.00283319 -0.00157289 0.00235512 0.0134091 0.000386433 0.000367666 2.83211e-05 0.102775 0.00152796 10.3608 2.14116 76.8746 10.4983 1101.68 52.5071 1188.92 58.2727 1188.92 58.2727 0.562172 0.00826697 
200 0.27 1020000000 551.957 12.3062 -54.6484 0.587492 3348.77 70.0423 1.67661e+07 916659 -0.00216058 0.00283319 -0.00157289 0.00235274 0.0134091 0.000386942 0.000367666 2.82574e-05 0.102775 0.00152896 10.3608 2.13778 76.8746 10.482 1101.68 52.4491 1188.92 58.206 1188.92 58.206 0.562172 0.00825424 
200 0.27 1020800000 551.957 12.3062 -54.6484 0.587492 3348.77 70.0423 1.67661e+07 916659 -0.00216058 0.00283319 -0.00157289 0.00235274 0.0134091 0.000386942 0.000367666 2.82574e-05 0.102775 0.00152896 10.3608 2.13778 76.8746 10.482 1101.68 52.4491 1188.92 58.206 1188.92 58.206 0.562172 0.00825424 
200 0.27 1021600000 551.957 12.3062 -54.6484 0.587492 3348.77 70.0423 1.67661e+07 916659 -0.00216058 0.00283319 -0.00157289 0.00235274 0.0134091 0.000386384 0.000367666 2.82574e-05 0.102775 0.00152658 10.3608 2.13439 76.8746 10.4654 1101.68 52.394 1188.92 58.1381 1188.92 58.1381 0.562172 0.00825571 
200 0.27 1022400000 551.957 12.3062 -54.6484 0.587492 3348.77 70.0423 1.67661e+07 916659 -0.00216058 0.00283319 -0.00157289 0.00235274 0.0134091 0.000386384 0.000367666 2.82574e-05 0.102775 0.00152658 10.3608 2.13439 76.8746 10.4654 1101.68 52.394 1188.92 58.1381 1188.92 58.1381 0.562172 0.00825571 
200 0.27 1023200000 551.957 12.3062 -54.6484 0.587492 3348.77 70.0423 1.67661e+07 916659 -0.00216058 0.00283319 -0.00157289 0.00235395 0.0134091 0.000385792 0.000367666 2.81706e-05 0.102775 0.00152432 10.3608 2.13101 76.8746 10.4491 1101.68 52.3516 1188.92 58.079 1188.92 58.079 0.562172 0.00824567 
200 0.27 1024000000 551.957 12.3062 -54.6484 0.587492 3348.77 70.0423 1.67661e+07 916659 -0.00216058 0.00283319 -0.00157289 0.00235395 0.0134091 0.000385792 0.000367666 2.81706e-05 0.102775 0.00152432 10.3608 2.13101 76.8746 10.4491 1101.68 52.3516 1188.92 58.079 1188.92 58.079 0.562172 0.00824567 
200 0.27 1024800000 551.957 12.3062 -54.6484 0.587492 3348.77 70.0423 1.67661e+07 916659 -0.00216058 0.00283319 -0.00157289 0.00235395 0.0134091 0.000385465 0.000367666 2.81706e-05 0.102775 0.00152319 10.3608 2.12767 76.8746 10.4329 1101.68 52.2769 1188.92 57.993 1188.92 57.993 0.562172 0.00823982 
200 0.27 1025600000 551.957 12.3062 -54.6484 0.587492 3348.77 70.0423 1.67661e+07 916659 -0.00216058 0.00283319 -0.00157289 0.00235395 0.0134091 0.000385465 0.000367666 2.81706e-05 0.102775 0.00152319 10.3608 2.12767 76.8746 10.4329 1101.68 52.2769 1188.92 57.993 1188.92 57.993 0.562172 0.00823982 
200 0.27 1026400000 551.957 12.3062 -54.6484 0.587492 3348.77 69.4116 1.67661e+07 908284 -0.00216058 0.00283319 -0.00157289 0.00235144 0.0134091 0.000385267 0.000367666 2.80848e-05 0.102775 0.00152198 10.3608 2.1243 76.8746 10.4166 1101.68 52.2146 1188.92 57.9212 1188.92 57.9212 0.562172 0.00822968 
200 0.27 1027200000 551.957 12.3062 -54.6484 0.587492 3348.77 69.4116 1.67661e+07 908284 -0.00216058 0.00283319 -0.00157289 0.00235144 0.0134091 0.000385267 0.000367666 2.80848e-05 0.102775 0.00152198 10.3608 2.1243 76.8746 10.4166 1101.68 52.2146 1188.92 57.9212 1188.92 57.9212 0.562172 0.00822968 
200 0.27 1028000000 551.957 12.3062 -54.6484 0.587492 3348.77 69.4116 1.67661e+07 908284 -0.00216058 0.00283319 -0.00157289 0.00235144 0.0134091 0.000384862 0.000367666 2.80848e-05 0.102775 0.00152027 10.3608 2.12095 76.8746 10.4003 1101.68 52.1525 1188.92 57.8496 1188.92 57.8496 0.562172 0.00821903 
200 0.27 1028800000 551.957 12.3062 -54.6484 0.587492 3348.77 69.4116 1.67661e+07 908284 -0.00216058 0.00283319 -0.00157289 0.00235144 0.0134091 0.000384862 0.000367666 2.80848e-05 0.102775 0.00152027 10.3608 2.12095 76.8746 10.4003 1101.68 52.1525 1188.92 57.8496 1188.92 57.8496 0.562172 0.00821903 
200 0.27 1029600000 551.957 12.3062 -54.6484 0.587492 3348.77 69.4116 1.67661e+07 908284 -0.00216058 0.00283319 -0.00157289 0.00235144 0.0134091 0.000384691 0.000367666 2.79963e-05 0.102775 0.00152028 10.3608 2.11761 76.8746 10.3842 1101.68 52.0703 1188.92 57.7584 1188.92 57.7584 0.562172 0.00820618 
200 0.27 1030400000 551.957 12.3062 -54.6484 0.587492 3348.77 69.4116 1.67661e+07 908284 -0.00216058 0.00283319 -0.00157289 0.00235144 0.0134091 0.000384691 0.000367666 2.79963e-05 0.102775 0.00152028 10.3608 2.11761 76.8746 10.3842 1101.68 52.0703 1188.92 57.7584 1188.92 57.7584 0.562172 0.00820618 
200 0.27 1031200000 551.957 12.3062 -54.6484 0.587492 3348.77 69.4116 1.67661e+07 908284 -0.00216058 0.00283319 -0.00157289 0.00235144 0.0134091 0.000384216 0.000367666 2.79963e-05 0.102775 0.00151891 10.3608 2.11431 76.8746 10.3681 1101.68 51.9973 1188.92 57.6744 1188.92 57.6744 0.562172 0.00819326 
200 0.27 1032000000 551.957 12.3062 -54.6484 0.587492 3348.77 69.4116 1.67661e+07 908284 -0.00216058 0.00283319 -0.00157289 0.00235144 0.0134091 0.000384216 0.000367666 2.79963e-05 0.102775 0.00151891 10.3608 2.11431 76.8746 10.3681 1101.68 51.9973 1188.92 57.6744 1188.92 57.6744 0.562172 0.00819326 
200 0.27 1032800000 551.957 12.3062 -54.6484 0.587492 3348.77 69.4116 1.67661e+07 908284 -0.00216058 0.00283319 -0.00157289 0.00235144 0.0134091 0.000384119 0.000367666 2.7912e-05 0.102775 0.00152091 10.3608 2.111 76.8746 10.3522 1101.68 51.9413 1188.92 57.6099 1188.92 57.6099 0.562172 0.00818189 
200 0.27 1033600000 551.957 12.3062 -54.6484 0.587492 3348.77 69.4116 1.67661e+07 908284 -0.00216058 0.00283319 -0.00157289 0.00235144 0.0134091 0.000384119 0.000367666 2.7912e-05 0.102775 0.00152091 10.3608 2.111 76.8746 10.3522 1101.68 51.9413 1188.92 57.6099 1188.92 57.6099 0.562172 0.00818189 
200 0.27 1034400000 551.957 12.3062 -54.6484 0.587492 3348.77 69.4116 1.67661e+07 908284 -0.00216058 0.00283319 -0.00157289 0.00235144 0.0134091 0.000383517 0.000367666 2.7912e-05 0.102775 0.00151863 10.3608 2.10771 76.8746 10.3364 1101.68 51.9009 1188.92 57.5529 1188.92 57.5529 0.562172 0.00817186 
200 0.27 1035200000 551.957 12.3062 -54.6484 0.587492 3348.77 69.4116 1.67661e+07 908284 -0.00216058 0.00283319 -0.00157289 0.00235144 0.0134091 0.000383517 0.000367666 2.7912e-05 0.102775 0.00151863 10.3608 2.10771 76.8746 10.3364 1101.68 51.9009 1188.92 57.5529 1188.92 57.5529 0.562172 0.00817186 
200 0.27 1036000000 551.957 12.3062 -54.6484 0.587492 3348.77 69.4116 1.67661e+07 908284 -0.00216058 0.00283319 -0.00157289 0.00235144 0.0134091 0.000383061 0.000367666 2.78325e-05 0.102775 0.00151685 10.3608 2.10443 76.8746 10.3206 1101.68 51.846 1188.92 57.4898 1188.92 57.4898 0.562172 0.00816065 
200 0.27 1036800000 551.957 12.3062 -54.6484 0.587492 3348.77 69.4116 1.67661e+07 908284 -0.00216058 0.00283319 -0.00157289 0.00235144 0.0134091 0.000383061 0.000367666 2.78325e-05 0.102775 0.00151685 10.3608 2.10443 76.8746 10.3206 1101.68 51.846 1188.92 57.4898 1188.92 57.4898 0.562172 0.00816065 
200 0.27 1037600000 551.957 12.3062 -54.6484 0.587492 3348.77 69.4116 1.67661e+07 908284 -0.00216058 0.00283319 -0.00157289 0.00235144 0.0134091 0.000382462 0.000367666 2.78325e-05 0.102775 0.00151459 10.3608 2.10114 76.8746 10.3049 1101.68 51.7927 1188.92 57.4278 1188.92 57.4278 0.562172 0.00817932 
200 0.27 1038400000 551.957 12.3062 -54.6484 0.587492 3348.77 69.4116 1.67661e+07 908284 -0.00216058 0.00283319 -0.00157289 0.00235144 0.0134091 0.000382462 0.000367666 2.78325e-05 0.102775 0.00151459 10.3608 2.10114 76.8746 10.3049 1101.68 51.7927 1188.92 57.4278 1188.92 57.4278 0.562172 0.00817932 
200 0.27 1039200000 550.206 12.0829 -54.6487 0.573252 3344.88 68.9629 1.66451e+07 898363 -0.00168836 0.00255103 -0.00160409 0.00233073 0.0134383 0.000451772 0.000365576 2.95577e-05 0.103058 0.00159018 10.1375 2.09787 74.8323 10.2893 1109.58 51.7378 1194.55 57.3648 1194.55 57.3648 0.563478 0.00816669 
200 0.27 1040000000 550.206 12.0829 -54.6487 0.573252 3344.88 68.9629 1.66451e+07 898363 -0.00168836 0.00255103 -0.00160409 0.00233073 0.0134383 0.000451772 0.000365576 2.95577e-05 0.103058 0.00159018 10.1375 2.09787 74.8323 10.2893 1109.58 51.7378 1194.55 57.3648 1194.55 57.3648 0.563478 0.00816669 
200 0.27 1040800000 550.206 12.0829 -54.6487 0.573252 3344.88 68.9629 1.66451e+07 898363 -0.00168836 0.00255103 -0.00160409 0.00232989 0.0134383 0.000451772 0.000365576 2.95577e-05 0.103058 0.00159018 10.1375 2.09463 74.8323 10.2733 1109.58 51.6582 1194.55 57.2762 1194.55 57.2762 0.563478 0.00815476 
200 0.27 1041600000 550.206 12.0829 -54.6487 0.573252 3344.88 68.9629 1.66451e+07 898363 -0.00168836 0.00255103 -0.00160409 0.00232989 0.0134383 0.000451772 0.000365576 2.95577e-05 0.103058 0.00159018 10.1375 2.09463 74.8323 10.2733 1109.58 51.6582 1194.55 57.2762 1194.55 57.2762 0.563478 0.00815476 
200 0.27 1042400000 550.206 12.0829 -54.6487 0.573252 3344.88 68.9629 1.66451e+07 898363 -0.00168836 0.00255103 -0.00160409 0.00232683 0.0134383 0.000451772 0.000365576 2.95577e-05 0.103058 0.00159018 10.1375 2.09138 74.8323 10.2576 1109.58 51.5934 1194.55 57.2033 1194.55 57.2033 0.563478 0.00814232 
200 0.27 1043200000 550.206 12.0829 -54.6487 0.573252 3344.88 68.9629 1.66451e+07 898363 -0.00168836 0.00255103 -0.00160409 0.00232683 0.0134383 0.000451772 0.000365576 2.95577e-05 0.103058 0.00159018 10.1375 2.09138 74.8323 10.2576 1109.58 51.5934 1194.55 57.2033 1194.55 57.2033 0.563478 0.00814232 
200 0.27 1044000000 550.206 12.0829 -54.6487 0.573252 3344.88 68.9629 1.66451e+07 898363 -0.00168836 0.00255103 -0.00160409 0.00232885 0.0134383 0.000451772 0.000365576 2.95577e-05 0.103058 0.00159018 10.1375 2.08813 74.8323 10.242 1109.58 51.5398 1194.55 57.141 1194.55 57.141 0.563478 0.00815083 
200 0.27 1044800000 550.206 12.0829 -54.6487 0.573252 3344.88 68.9629 1.66451e+07 898363 -0.00168836 0.00255103 -0.00160409 0.00232885 0.0134383 0.000451772 0.000365576 2.95577e-05 0.103058 0.00159018 10.1375 2.08813 74.8323 10.242 1109.58 51.5398 1194.55 57.141 1194.55 57.141 0.563478 0.00815083 
200 0.27 1045600000 550.206 12.0829 -54.6487 0.573252 3344.88 68.9629 1.66451e+07 898363 -0.00168836 0.00255103 -0.00160409 0.00232553 0.0134383 0.000451772 0.000365576 2.95577e-05 0.103058 0.00159018 10.1375 2.08489 74.8323 10.2265 1109.58 51.5192 1194.55 57.1019 1194.55 57.1019 0.563478 0.00813829 
200 0.27 1046400000 550.206 12.0829 -54.6487 0.573252 3344.88 68.9629 1.66451e+07 898363 -0.00168836 0.00255103 -0.00160409 0.00232553 0.0134383 0.000451772 0.000365576 2.95577e-05 0.103058 0.00159018 10.1375 2.08489 74.8323 10.2265 1109.58 51.5192 1194.55 57.1019 1194.55 57.1019 0.563478 0.00813829 
200 0.27 1047200000 550.206 12.0829 -54.6487 0.573252 3344.88 68.9629 1.66451e+07 898363 -0.00168836 0.00255103 -0.00160409 0.00232416 0.0134383 0.000451772 0.000365576 2.95577e-05 0.103058 0.00159018 10.1375 2.08168 74.8323 10.2111 1109.58 51.4652 1194.55 57.0397 1194.55 57.0397 0.563478 0.00812912 
200 0.27 1048000000 550.206 12.0829 -54.6487 0.573252 3344.88 68.9629 1.66451e+07 898363 -0.00168836 0.00255103 -0.00160409 0.00232416 0.0134383 0.000451772 0.000365576 2.95577e-05 0.103058 0.00159018 10.1375 2.08168 74.8323 10.2111 1109.58 51.4652 1194.55 57.0397 1194.55 57.0397 0.563478 0.00812912 
200 0.27 1048800000 550.206 12.0829 -54.6487 0.573252 3344.88 68.9629 1.66451e+07 898363 -0.00168836 0.00255103 -0.00160409 0.00232125 0.0134383 0.000451772 0.000365576 2.95577e-05 0.103058 0.00159018 10.1375 2.07847 74.8323 10.1955 1109.58 51.441 1194.55 56.9984 1194.55 56.9984 0.563478 0.00811798 
200 0.27 1049600000 550.206 12.0829 -54.6487 0.573252 3344.88 68.9629 1.66451e+07 898363 -0.00168836 0.00255103 -0.00160409 0.00232125 0.0134383 0.000451772 0.000365576 2.95577e-05 0.103058 0.00159018 10.1375 2.07847 74.8323 10.1955 1109.58 51.441 1194.55 56.9984 1194.55 56.9984 0.563478 0.00811798 
200 0.27 1050400000 550.206 12.0829 -54.6487 0.573252 3344.88 68.9629 1.66451e+07 898363 -0.00168836 0.00255103 -0.00160409 0.00231815 0.0134383 0.000451772 0.000365576 2.95577e-05 0.103058 0.00159018 10.1375 2.07527 74.8323 10.1802 1109.58 51.3631 1194.55 56.9111 1194.55 56.9111 0.563478 0.00812218 
200 0.27 1051200000 550.206 12.0829 -54.6487 0.573252 3344.88 68.9629 1.66451e+07 898363 -0.00168836 0.00255103 -0.00160409 0.00231815 0.0134383 0.000451772 0.000365576 2.95577e-05 0.103058 0.00159018 10.1375 2.07527 74.8323 10.1802 1109.58 51.3631 1194.55 56.9111 1194.55 56.9111 0.563478 0.00812218 
200 0.27 1052000000 550.206 11.9998 -54.6487 0.573252 3344.88 68.7156 1.66451e+07 891223 -0.00168836 0.00255103 -0.00160409 0.00231522 0.0134383 0.000451772 0.000365576 2.95577e-05 0.103058 0.00159018 10.1375 2.07207 74.8323 10.1647 1109.58 51.2907 1194.55 56.8306 1194.55 56.8306 0.563478 0.00811349 
200 0.27 1052800000 550.206 11.9998 -54.6487 0.573252 3344.88 68.7156 1.66451e+07 891223 -0.00168836 0.00255103 -0.00160409 0.00231522 0.0134383 0.000451772 0.000365576 2.95577e-05 0.103058 0.00159018 10.1375 2.07207 74.8323 10.1647 1109.58 51.2907 1194.55 56.8306 1194.55 56.8306 0.563478 0.00811349 
200 0.27 1053600000 550.206 11.9998 -54.6487 0.573252 3344.88 68.7156 1.66451e+07 891223 -0.00168836 0.00255103 -0.00160409 0.00231177 0.0134383 0.000451772 0.000365576 2.95577e-05 0.103058 0.00159018 10.1375 2.06888 74.8323 10.1495 1109.58 51.2364 1194.55 56.7683 1194.55 56.7683 0.563478 0.00810155 
200 0.27 1054400000 550.206 11.9998 -54.6487 0.573252 3344.88 68.7156 1.66451e+07 891223 -0.00168836 0.00255103 -0.00160409 0.00231177 0.0134383 0.000451772 0.000365576 2.95577e-05 0.103058 0.00159018 10.1375 2.06888 74.8323 10.1495 1109.58 51.2364 1194.55 56.7683 1194.55 56.7683 0.563478 0.00810155 
200 0.27 1055200000 550.206 11.9998 -54.6487 0.573252 3344.88 68.7156 1.66451e+07 891223 -0.00168836 0.00255103 -0.00160409 0.00230822 0.0134383 0.000451772 0.000365576 2.95577e-05 0.103058 0.00159018 10.1375 2.0657 74.8323 10.1342 1109.58 51.1805 1194.55 56.6996 1194.55 56.6996 0.563478 0.00808923 
200 0.27 1056000000 550.206 11.9998 -54.6487 0.573252 3344.88 68.7156 1.66451e+07 891223 -0.00168836 0.00255103 -0.00160409 0.00230822 0.0134383 0.000451772 0.000365576 2.95577e-05 0.103058 0.00159018 10.1375 2.0657 74.8323 10.1342 1109.58 51.1805 1194.55 56.6996 1194.55 56.6996 0.563478 0.00808923 
200 0.27 1056800000 550.206 11.9998 -54.6487 0.573252 3344.88 68.7156 1.66451e+07 891223 -0.00168836 0.00255103 -0.00160409 0.0023052 0.0134383 0.000451772 0.000365576 2.95577e-05 0.103058 0.00159018 10.1375 2.06255 74.8323 10.1187 1109.58 51.1028 1194.55 56.613 1194.55 56.613 0.563478 0.00807825 
200 0.27 1057600000 550.206 11.9998 -54.6487 0.573252 3344.88 68.7156 1.66451e+07 891223 -0.00168836 0.00255103 -0.00160409 0.0023052 0.0134383 0.000451772 0.000365576 2.95577e-05 0.103058 0.00159018 10.1375 2.06255 74.8323 10.1187 1109.58 51.1028 1194.55 56.613 1194.55 56.613 0.563478 0.00807825 
200 0.27 1058400000 550.206 11.9998 -54.6487 0.573252 3344.88 68.7156 1.66451e+07 891223 -0.00168836 0.00255103 -0.00160409 0.00230167 0.0134383 0.000451772 0.000365576 2.95577e-05 0.103058 0.00159018 10.1375 2.05939 74.8323 10.1034 1109.58 51.0247 1194.55 56.5263 1194.55 56.5263 0.563478 0.00807452 
200 0.27 1059200000 550.206 11.9998 -54.6487 0.573252 3344.88 68.7156 1.66451e+07 891223 -0.00168836 0.00255103 -0.00160409 0.00230167 0.0134383 0.000451772 0.000365576 2.95577e-05 0.103058 0.00159018 10.1375 2.05939 74.8323 10.1034 1109.58 51.0247 1194.55 56.5263 1194.55 56.5263 0.563478 0.00807452 
200 0.27 1060000000 550.206 11.9998 -54.6487 0.573252 3344.88 68.7156 1.66451e+07 891223 -0.00168836 0.00255103 -0.00160409 0.00229987 0.0134383 0.000451772 0.000365576 2.95577e-05 0.103058 0.00159018 10.1375 2.05624 74.8323 10.0882 1109.58 50.9723 1194.55 56.4652 1194.55 56.4652 0.563478 0.008081 
200 0.27 1060800000 550.206 11.9998 -54.6487 0.573252 3344.88 68.7156 1.66451e+07 891223 -0.00168836 0.00255103 -0.00160409 0.00229987 0.0134383 0.000451772 0.000365576 2.95577e-05 0.103058 0.00159018 10.1375 2.05624 74.8323 10.0882 1109.58 50.9723 1194.55 56.4652 1194.55 56.4652 0.563478 0.008081 
200 0.27 1061600000 550.206 11.9998 -54.6487 0.573252 3344.88 68.7156 1.66451e+07 891223 -0.00168836 0.00255103 -0.00160409 0.00229646 0.0134383 0.000451772 0.000365576 2.95577e-05 0.103058 0.00159018 10.1375 2.05311 74.8323 10.0828 1109.58 50.9555 1194.55 56.4553 1194.55 56.4553 0.563478 0.00806937 
200 0.27 1062400000 550.206 11.9998 -54.6487 0.573252 3344.88 68.7156 1.66451e+07 891223 -0.00168836 0.00255103 -0.00160409 0.00229646 0.0134383 0.000451772 0.000365576 2.95577e-05 0.103058 0.00159018 10.1375 2.05311 74.8323 10.0828 1109.58 50.9555 1194.55 56.4553 1194.55 56.4553 0.563478 0.00806937 
200 0.27 1063200000 550.206 11.9998 -54.6487 0.573252 3344.88 68.7156 1.66451e+07 891223 -0.00168836 0.00255103 -0.00160409 0.00229326 0.0134383 0.000451772 0.000365576 2.95577e-05 0.103058 0.00159018 10.1375 2.04999 74.8323 10.0679 1109.58 50.9047 1194.55 56.3966 1194.55 56.3966 0.563478 0.00807603 
200 0.27 1064000000 550.206 11.9998 -54.6487 0.573252 3344.88 68.7156 1.66451e+07 891223 -0.00168836 0.00255103 -0.00160409 0.00229326 0.0134383 0.000451772 0.000365576 2.95577e-05 0.103058 0.00159018 10.1375 2.04999 74.8323 10.0679 1109.58 50.9047 1194.55 56.3966 1194.55 56.3966 0.563478 0.00807603 
200 0.27 1064800000 550.206 11.856 -54.6487 0.565968 3344.88 67.9201 1.66451e+07 881735 -0.00168836 0.00255103 -0.00160409 0.00228991 0.0134383 0.000451772 0.000365576 2.95577e-05 0.103058 0.00159018 10.1375 2.04688 74.8323 10.0525 1109.58 50.8278 1194.55 56.3113 1194.55 56.3113 0.563478 0.00806421 
200 0.27 1065600000 550.206 11.856 -54.6487 0.565968 3344.88 67.9201 1.66451e+07 881735 -0.00168836 0.00255103 -0.00160409 0.00228991 0.0134383 0.000451772 0.000365576 2.95577e-05 0.103058 0.00159018 10.1375 2.04688 74.8323 10.0525 1109.58 50.8278 1194.55 56.3113 1194.55 56.3113 0.563478 0.00806421 
200 0.27 1066400000 550.206 11.856 -54.6487 0.565968 3344.88 67.9201 1.66451e+07 881735 -0.00168836 0.00255103 -0.00160409 0.00228642 0.0134383 0.000451772 0.000365576 2.95577e-05 0.103058 0.00159018 10.1375 2.04377 74.8323 10.0374 1109.58 50.8027 1194.55 56.2703 1194.55 56.2703 0.563478 0.00805825 
200 0.27 1067200000 550.206 11.856 -54.6487 0.565968 3344.88 67.9201 1.66451e+07 881735 -0.00168836 0.00255103 -0.00160409 0.00228642 0.0134383 0.000451772 0.000365576 2.95577e-05 0.103058 0.00159018 10.1375 2.04377 74.8323 10.0374 1109.58 50.8027 1194.55 56.2703 1194.55 56.2703 0.563478 0.00805825 
200 0.27 1068000000 550.206 11.856 -54.6487 0.565968 3344.88 67.9201 1.66451e+07 881735 -0.00168836 0.00255103 -0.00160409 0.00228324 0.0134383 0.000451772 0.000365576 2.95577e-05 0.103058 0.00159018 10.1375 2.04066 74.8323 10.0225 1109.58 50.7705 1194.55 56.222 1194.55 56.222 0.563478 0.00804601 
200 0.27 1068800000 550.206 11.856 -54.6487 0.565968 3344.88 67.9201 1.66451e+07 881735 -0.00168836 0.00255103 -0.00160409 0.00228324 0.0134383 0.000451772 0.000365576 2.95577e-05 0.103058 0.00159018 10.1375 2.04066 74.8323 10.0225 1109.58 50.7705 1194.55 56.222 1194.55 56.222 0.563478 0.00804601 
200 0.27 1069600000 550.206 11.856 -54.6487 0.565968 3344.88 67.9201 1.66451e+07 881735 -0.00168836 0.00255103 -0.00160409 0.0022805 0.0134383 0.000451772 0.000365576 2.95577e-05 0.103058 0.00159018 10.1375 2.03758 74.8323 10.0077 1109.58 50.7192 1194.55 56.1626 1194.55 56.1626 0.563478 0.00804143 
200 0.27 1070400000 550.206 11.856 -54.6487 0.565968 3344.88 67.9201 1.66451e+07 881735 -0.00168836 0.00255103 -0.00160409 0.0022805 0.0134383 0.000451772 0.000365576 2.95577e-05 0.103058 0.00159018 10.1375 2.03758 74.8323 10.0077 1109.58 50.7192 1194.55 56.1626 1194.55 56.1626 0.563478 0.00804143 
200 0.27 1071200000 550.206 11.856 -54.6487 0.565968 3344.88 67.9201 1.66451e+07 881735 -0.00168836 0.00255103 -0.00160409 0.00227712 0.0134383 0.000451772 0.000365576 2.95577e-05 0.103058 0.00159018 10.1375 2.03451 74.8323 10.0296 1109.58 50.8728 1194.55 56.3655 1194.55 56.3655 0.563478 0.0080297 
200 0.27 1072000000 550.206 11.856 -54.6487 0.565968 3344.88 67.9201 1.66451e+07 881735 -0.00168836 0.00255103 -0.00160409 0.00227712 0.0134383 0.000451772 0.000365576 2.95577e-05 0.103058 0.00159018 10.1375 2.03451 74.8323 10.0296 1109.58 50.8728 1194.55 56.3655 1194.55 56.3655 0.563478 0.0080297 
200 0.27 1072800000 550.206 11.856 -54.6487 0.565968 3344.88 67.9201 1.66451e+07 881735 -0.00168836 0.00255103 -0.00160409 0.00228182 0.0134383 0.000451772 0.000365576 2.95577e-05 0.103058 0.00159018 10.1375 2.03146 74.8323 10.0149 1109.58 50.846 1194.55 56.3214 1194.55 56.3214 0.563478 0.00802199 
200 0.27 1073600000 550.206 11.856 -54.6487 0.565968 3344.88 67.9201 1.66451e+07 881735 -0.00168836 0.00255103 -0.00160409 0.00228182 0.0134383 0.000451772 0.000365576 2.95577e-05 0.103058 0.00159018 10.1375 2.03146 74.8323 10.0149 1109.58 50.846 1194.55 56.3214 1194.55 56.3214 0.563478 0.00802199 
200 0.27 1074400000 550.206 11.856 -54.6487 0.565968 3344.88 67.9201 1.66451e+07 881735 -0.00168836 0.00255103 -0.00160409 0.00227844 0.0134383 0.000451772 0.000365576 2.95577e-05 0.103058 0.00159018 10.1375 2.02841 74.8323 10.0002 1109.58 50.7942 1194.55 56.2618 1194.55 56.2618 0.563478 0.0080128 
200 0.27 1075200000 550.206 11.856 -54.6487 0.565968 3344.88 67.9201 1.66451e+07 881735 -0.00168836 0.00255103 -0.00160409 0.00227844 0.0134383 0.000451772 0.000365576 2.95577e-05 0.103058 0.00159018 10.1375 2.02841 74.8323 10.0002 1109.58 50.7942 1194.55 56.2618 1194.55 56.2618 0.563478 0.0080128 
200 0.27 1076000000 550.206 11.856 -54.6487 0.565968 3344.88 67.9201 1.66451e+07 881735 -0.00168836 0.00255103 -0.00160409 0.00227818 0.0134383 0.000451772 0.000365576 2.95577e-05 0.103058 0.00159018 10.1375 2.02537 74.8323 9.98517 1109.58 50.7289 1194.55 56.188 1194.55 56.188 0.563478 0.00800191 
200 0.27 1076800000 550.206 11.856 -54.6487 0.565968 3344.88 67.9201 1.66451e+07 881735 -0.00168836 0.00255103 -0.00160409 0.00227818 0.0134383 0.000451772 0.000365576 2.95577e-05 0.103058 0.00159018 10.1375 2.02537 74.8323 9.98517 1109.58 50.7289 1194.55 56.188 1194.55 56.188 0.563478 0.00800191 
200 0.27 1077600000 550.206 11.8148 -54.6487 0.565968 3344.88 67.2052 1.66451e+07 871131 -0.00168836 0.00255103 -0.00160409 0.00227497 0.0134383 0.000451772 0.000365576 2.95577e-05 0.103058 0.00159018 10.1375 2.02233 74.8323 9.97048 1109.58 50.7115 1194.55 56.1528 1194.55 56.1528 0.563478 0.00799918 
200 0.27 1078400000 550.206 11.8148 -54.6487 0.565968 3344.88 67.2052 1.66451e+07 871131 -0.00168836 0.00255103 -0.00160409 0.00227497 0.0134383 0.000451772 0.000365576 2.95577e-05 0.103058 0.00159018 10.1375 2.02233 74.8323 9.97048 1109.58 50.7115 1194.55 56.1528 1194.55 56.1528 0.563478 0.00799918 
200 0.27 1079200000 550.206 11.8148 -54.6487 0.565968 3344.88 67.2052 1.66451e+07 871131 -0.00168836 0.00255103 -0.00160409 0.00227155 0.0134383 0.000451772 0.000365576 2.95577e-05 0.103058 0.00159018 10.1375 2.01929 74.8323 9.95584 1109.58 50.6664 1194.55 56.094 1194.55 56.094 0.563478 0.00799046 
200 0.27 1080000000 550.206 11.8148 -54.6487 0.565968 3344.88 67.2052 1.66451e+07 871131 -0.00168836 0.00255103 -0.00160409 0.00227155 0.0134383 0.000451772 0.000365576 2.95577e-05 0.103058 0.00159018 10.1375 2.01929 74.8323 9.95584 1109.58 50.6664 1194.55 56.094 1194.55 56.094 0.563478 0.00799046 
200 0.27 1080800000 550.206 11.8148 -54.6487 0.565968 3344.88 67.2052 1.66451e+07 871131 -0.00168836 0.00255103 -0.00160409 0.00227083 0.0134383 0.000451772 0.000365576 2.95577e-05 0.103058 0.00159018 10.1375 2.01627 74.8323 9.94127 1109.58 50.6146 1194.55 56.0344 1194.55 56.0344 0.563478 0.00797914 
200 0.27 1081600000 550.206 11.8148 -54.6487 0.565968 3344.88 67.2052 1.66451e+07 871131 -0.00168836 0.00255103 -0.00160409 0.00227083 0.0134383 0.000451772 0.000365576 2.95577e-05 0.103058 0.00159018 10.1375 2.01627 74.8323 9.94127 1109.58 50.6146 1194.55 56.0344 1194.55 56.0344 0.563478 0.00797914 
200 0.27 1082400000 550.206 11.8148 -54.6487 0.565968 3344.88 67.2052 1.66451e+07 871131 -0.00168836 0.00255103 -0.00160409 0.00227083 0.0134383 0.000451772 0.000365576 2.95577e-05 0.103058 0.00159018 10.1375 2.01325 74.8323 9.92676 1109.58 50.5644 1194.55 55.9762 1194.55 55.9762 0.563478 0.00798158 
200 0.27 1083200000 550.206 11.8148 -54.6487 0.565968 3344.88 67.2052 1.66451e+07 871131 -0.00168836 0.00255103 -0.00160409 0.00227083 0.0134383 0.000451772 0.000365576 2.95577e-05 0.103058 0.00159018 10.1375 2.01325 74.8323 9.92676 1109.58 50.5644 1194.55 55.9762 1194.55 55.9762 0.563478 0.00798158 
200 0.27 1084000000 550.206 11.8148 -54.6487 0.565968 3344.88 67.2052 1.66451e+07 871131 -0.00168836 0.00255103 -0.00160409 0.00226348 0.0134383 0.000451772 0.000365576 2.95577e-05 0.103058 0.00159018 10.1375 2.01025 74.8323 9.91232 1109.58 50.5016 1194.55 55.9022 1194.55 55.9022 0.563478 0.00797973 
200 0.27 1084800000 550.206 11.8148 -54.6487 0.565968 3344.88 67.2052 1.66451e+07 871131 -0.00168836 0.00255103 -0.00160409 0.00226348 0.0134383 0.000451772 0.000365576 2.95577e-05 0.103058 0.00159018 10.1375 2.01025 74.8323 9.91232 1109.58 50.5016 1194.55 55.9022 1194.55 55.9022 0.563478 0.00797973 
200 0.27 1085600000 550.206 11.8148 -54.6487 0.565968 3344.88 67.2052 1.66451e+07 871131 -0.00168836 0.00255103 -0.00160409 0.00226061 0.0134383 0.000451772 0.000365576 2.95577e-05 0.103058 0.00159018 10.1375 2.00724 74.8323 9.89789 1109.58 50.4477 1194.55 55.8404 1194.55 55.8404 0.563478 0.00797218 
200 0.27 1086400000 550.206 11.8148 -54.6487 0.565968 3344.88 67.2052 1.66451e+07 871131 -0.00168836 0.00255103 -0.00160409 0.00226061 0.0134383 0.000451772 0.000365576 2.95577e-05 0.103058 0.00159018 10.1375 2.00724 74.8323 9.89789 1109.58 50.4477 1194.55 55.8404 1194.55 55.8404 0.563478 0.00797218 
200 0.27 1087200000 550.206 11.8148 -54.6487 0.565968 3344.88 67.2052 1.66451e+07 871131 -0.00168836 0.00255103 -0.00160409 0.00226061 0.0134383 0.000451772 0.000365576 2.95577e-05 0.103058 0.00159018 10.1375 2.00426 74.8323 9.96572 1109.58 50.4252 1194.55 55.8719 1194.55 55.8719 0.563478 0.00796247 
200 0.27 1088000000 550.206 11.8148 -54.6487 0.565968 3344.88 67.2052 1.66451e+07 871131 -0.00168836 0.00255103 -0.00160409 0.00226061 0.0134383 0.000451772 0.000365576 2.95577e-05 0.103058 0.00159018 10.1375 2.00426 74.8323 9.96572 1109.58 50.4252 1194.55 55.8719 1194.55 55.8719 0.563478 0.00796247 
200 0.27 1088800000 550.206 11.8148 -54.6487 0.565968 3344.88 67.2052 1.66451e+07 871131 -0.00168836 0.00255103 -0.00160409 0.00226061 0.0134383 0.000451772 0.000365576 2.95577e-05 0.103058 0.00159018 10.1375 2.0013 74.8323 10.3535 1109.58 50.6199 1194.55 56.3721 1194.55 56.3721 0.563478 0.00795093 
200 0.27 1089600000 550.206 11.8148 -54.6487 0.565968 3344.88 67.2052 1.66451e+07 871131 -0.00168836 0.00255103 -0.00160409 0.00226061 0.0134383 0.000451772 0.000365576 2.95577e-05 0.103058 0.00159018 10.1375 2.0013 74.8323 10.3535 1109.58 50.6199 1194.55 56.3721 1194.55 56.3721 0.563478 0.00795093 
200 0.27 1090400000 550.206 11.592 -54.6487 0.556808 3344.88 67.3728 1.66451e+07 866052 -0.00168836 0.00255103 -0.00160409 0.00225448 0.0134383 0.000451772 0.000365576 2.95577e-05 0.103058 0.00159018 10.1375 1.99834 74.8323 10.3386 1109.58 50.5699 1194.55 56.314 1194.55 56.314 0.563478 0.00794346 
200 0.27 1091200000 550.206 11.592 -54.6487 0.556808 3344.88 67.3728 1.66451e+07 866052 -0.00168836 0.00255103 -0.00160409 0.00225448 0.0134383 0.000451772 0.000365576 2.95577e-05 0.103058 0.00159018 10.1375 1.99834 74.8323 10.3386 1109.58 50.5699 1194.55 56.314 1194.55 56.314 0.563478 0.00794346 
200 0.27 1092000000 550.206 11.592 -54.6487 0.556808 3344.88 67.3728 1.66451e+07 866052 -0.00168836 0.00255103 -0.00160409 0.00225119 0.0134383 0.000451772 0.000365576 2.95577e-05 0.103058 0.00159018 10.1375 1.99539 74.8323 10.3237 1109.58 50.5286 1194.55 56.2573 1194.55 56.2573 0.563478 0.00793282 
200 0.27 1092800000 550.206 11.592 -54.6487 0.556808 3344.88 67.3728 1.66451e+07 866052 -0.00168836 0.00255103 -0.00160409 0.00225119 0.0134383 0.000451772 0.000365576 2.95577e-05 0.103058 0.00159018 10.1375 1.99539 74.8323 10.3237 1109.58 50.5286 1194.55 56.2573 1194.55 56.2573 0.563478 0.00793282 
200 0.27 1093600000 550.206 11.592 -54.6487 0.556808 3344.88 67.3728 1.66451e+07 866052 -0.00168836 0.00255103 -0.00160409 0.00225548 0.0134383 0.000451772 0.000365576 2.95577e-05 0.103058 0.00159018 10.1375 1.99244 74.8323 10.3088 1109.58 50.4537 1194.55 56.1738 1194.55 56.1738 0.563478 0.00792736 
200 0.27 1094400000 550.206 11.592 -54.6487 0.556808 3344.88 67.3728 1.66451e+07 866052 -0.00168836 0.00255103 -0.00160409 0.00225548 0.0134383 0.000451772 0.000365576 2.95577e-05 0.103058 0.00159018 10.1375 1.99244 74.8323 10.3088 1109.58 50.4537 1194.55 56.1738 1194.55 56.1738 0.563478 0.00792736 
200 0.27 1095200000 550.206 11.592 -54.6487 0.556808 3344.88 67.3728 1.66451e+07 866052 -0.00168836 0.00255103 -0.00160409 0.00225217 0.0134383 0.000451772 0.000365576 2.95577e-05 0.103058 0.00159018 10.1375 1.98949 74.8323 10.2936 1109.58 50.3804 1194.55 56.0922 1194.55 56.0922 0.563478 0.00791642 
200 0.27 1096000000 550.206 11.592 -54.6487 0.556808 3344.88 67.3728 1.66451e+07 866052 -0.00168836 0.00255103 -0.00160409 0.00225217 0.0134383 0.000451772 0.000365576 2.95577e-05 0.103058 0.00159018 10.1375 1.98949 74.8323 10.2936 1109.58 50.3804 1194.55 56.0922 1194.55 56.0922 0.563478 0.00791642 
200 0.27 1096800000 550.206 11.592 -54.6487 0.556808 3344.88 67.3728 1.66451e+07 866052 -0.00168836 0.00255103 -0.00160409 0.00224932 0.0134383 0.000451772 0.000365576 2.95577e-05 0.103058 0.00159018 10.1375 1.98656 74.8323 10.2789 1109.58 50.3285 1194.55 56.0324 1194.55 56.0324 0.563478 0.00790488 
200 0.27 1097600000 550.206 11.592 -54.6487 0.556808 3344.88 67.3728 1.66451e+07 866052 -0.00168836 0.00255103 -0.00160409 0.00224932 0.0134383 0.000451772 0.000365576 2.95577e-05 0.103058 0.00159018 10.1375 1.98656 74.8323 10.2789 1109.58 50.3285 1194.55 56.0324 1194.55 56.0324 0.563478 0.00790488 
200 0.27 1098400000 550.206 11.592 -54.6487 0.556808 3344.88 67.3728 1.66451e+07 866052 -0.00168836 0.00255103 -0.00160409 0.00224704 0.0134383 0.000451772 0.000365576 2.95577e-05 0.103058 0.00159018 10.1375 1.98365 74.8323 10.264 1109.58 50.2792 1194.55 55.9746 1194.55 55.9746 0.563478 0.00790903 
200 0.27 1099200000 550.206 11.592 -54.6487 0.556808 3344.88 67.3728 1.66451e+07 866052 -0.00168836 0.00255103 -0.00160409 0.00224704 0.0134383 0.000451772 0.000365576 2.95577e-05 0.103058 0.00159018 10.1375 1.98365 74.8323 10.264 1109.58 50.2792 1194.55 55.9746 1194.55 55.9746 0.563478 0.00790903 
200 0.27 1100000000 550.206 11.592 -54.6487 0.556808 3344.88 67.3728 1.66451e+07 866052 -0.00168836 0.00255103 -0.00160409 0.00224376 0.0134383 0.000451772 0.000365576 2.95577e-05 0.103058 0.00159018 10.1375 1.98073 74.8323 10.2492 1109.58 50.2404 1194.55 55.9209 1194.55 55.9209 0.563478 0.00789789 
200 0.27 1100800000 550.206 11.592 -54.6487 0.556808 3344.88 67.3728 1.66451e+07 866052 -0.00168836 0.00255103 -0.00160409 0.00224376 0.0134383 0.000451772 0.000365576 2.95577e-05 0.103058 0.00159018 10.1375 1.98073 74.8323 10.2492 1109.58 50.2404 1194.55 55.9209 1194.55 55.9209 0.563478 0.00789789 
200 0.27 1101600000 550.206 11.592 -54.6487 0.556808 3344.88 67.3728 1.66451e+07 866052 -0.00168836 0.00255103 -0.00160409 0.00224281 0.0134383 0.000451772 0.000365576 2.95577e-05 0.103058 0.00159018 10.1375 1.97783 74.8323 10.2344 1109.58 50.1845 1194.55 55.8527 1194.55 55.8527 0.563478 0.00789589 
200 0.27 1102400000 550.206 11.592 -54.6487 0.556808 3344.88 67.3728 1.66451e+07 866052 -0.00168836 0.00255103 -0.00160409 0.00224281 0.0134383 0.000451772 0.000365576 2.95577e-05 0.103058 0.00159018 10.1375 1.97783 74.8323 10.2344 1109.58 50.1845 1194.55 55.8527 1194.55 55.8527 0.563478 0.00789589 
200 0.27 1103200000 550.206 11.4935 -54.6487 0.556808 3344.88 66.603 1.66451e+07 855875 -0.00168836 0.00255103 -0.00160409 0.00224507 0.0134383 0.000451772 0.000365576 2.95577e-05 0.103058 0.00159018 10.1375 1.97494 74.8323 10.2196 1109.58 50.1363 1194.55 55.7913 1194.55 55.7913 0.563478 0.00788481 
200 0.27 1104000000 550.206 11.4935 -54.6487 0.556808 3344.88 66.603 1.66451e+07 855875 -0.00168836 0.00255103 -0.00160409 0.00224507 0.0134383 0.000451772 0.000365576 2.95577e-05 0.103058 0.00159018 10.1375 1.97494 74.8323 10.2196 1109.58 50.1363 1194.55 55.7913 1194.55 55.7913 0.563478 0.00788481 
200 0.27 1104800000 550.206 11.4935 -54.6487 0.556808 3344.88 66.603 1.66451e+07 855875 -0.00168836 0.00255103 -0.00160409 0.00224507 0.0134383 0.000451772 0.000365576 2.95577e-05 0.103058 0.00159018 10.1375 1.97205 74.8323 10.2049 1109.58 50.0848 1194.55 55.7274 1194.55 55.7274 0.563478 0.00788861 
200 0.27 1105600000 550.206 11.4935 -54.6487 0.556808 3344.88 66.603 1.66451e+07 855875 -0.00168836 0.00255103 -0.00160409 0.00224507 0.0134383 0.000451772 0.000365576 2.95577e-05 0.103058 0.00159018 10.1375 1.97205 74.8323 10.2049 1109.58 50.0848 1194.55 55.7274 1194.55 55.7274 0.563478 0.00788861 
200 0.27 1106400000 550.206 11.4935 -54.6487 0.556808 3344.88 66.603 1.66451e+07 855875 -0.00168836 0.00255103 -0.00160409 0.00224507 0.0134383 0.000451772 0.000365576 2.95577e-05 0.103058 0.00159018 10.1375 1.96918 74.8323 10.2737 1109.58 50.0932 1194.55 55.8025 1194.55 55.8025 0.563478 0.00787729 
200 0.27 1107200000 550.206 11.4935 -54.6487 0.556808 3344.88 66.603 1.66451e+07 855875 -0.00168836 0.00255103 -0.00160409 0.00224507 0.0134383 0.000451772 0.000365576 2.95577e-05 0.103058 0.00159018 10.1375 1.96918 74.8323 10.2737 1109.58 50.0932 1194.55 55.8025 1194.55 55.8025 0.563478 0.00787729 
200 0.27 1108000000 550.206 11.4935 -54.6487 0.556808 3344.88 66.603 1.66451e+07 855875 -0.00168836 0.00255103 -0.00160409 0.00224507 0.0134383 0.000451772 0.000365576 2.95577e-05 0.103058 0.00159018 10.1375 1.96632 74.8323 10.2591 1109.58 50.0429 1194.55 55.7444 1194.55 55.7444 0.563478 0.00786582 
200 0.27 1108800000 550.206 11.4935 -54.6487 0.556808 3344.88 66.603 1.66451e+07 855875 -0.00168836 0.00255103 -0.00160409 0.00224507 0.0134383 0.000451772 0.000365576 2.95577e-05 0.103058 0.00159018 10.1375 1.96632 74.8323 10.2591 1109.58 50.0429 1194.55 55.7444 1194.55 55.7444 0.563478 0.00786582 
200 0.27 1109600000 550.206 11.4935 -54.6487 0.556808 3344.88 66.603 1.66451e+07 855875 -0.00168836 0.00255103 -0.00160409 0.00223559 0.0134383 0.000451772 0.000365576 2.95577e-05 0.103058 0.00159018 10.1375 1.96346 74.8323 10.2442 1109.58 49.9991 1194.55 55.6877 1194.55 55.6877 0.563478 0.0078579 
200 0.27 1110400000 550.206 11.4935 -54.6487 0.556808 3344.88 66.603 1.66451e+07 855875 -0.00168836 0.00255103 -0.00160409 0.00223559 0.0134383 0.000451772 0.000365576 2.95577e-05 0.103058 0.00159018 10.1375 1.96346 74.8323 10.2442 1109.58 49.9991 1194.55 55.6877 1194.55 55.6877 0.563478 0.0078579 
200 0.27 1111200000 550.206 11.4935 -54.6487 0.556808 3344.88 66.603 1.66451e+07 855875 -0.00168836 0.00255103 -0.00160409 0.00223559 0.0134383 0.000451772 0.000365576 2.95577e-05 0.103058 0.00159018 10.1375 1.9606 74.8323 10.2297 1109.58 49.9502 1194.55 55.6309 1194.55 55.6309 0.563478 0.0078487 
200 0.27 1112000000 550.206 11.4935 -54.6487 0.556808 3344.88 66.603 1.66451e+07 855875 -0.00168836 0.00255103 -0.00160409 0.00223559 0.0134383 0.000451772 0.000365576 2.95577e-05 0.103058 0.00159018 10.1375 1.9606 74.8323 10.2297 1109.58 49.9502 1194.55 55.6309 1194.55 55.6309 0.563478 0.0078487 
200 0.27 1112800000 550.206 11.4935 -54.6487 0.556808 3344.88 66.603 1.66451e+07 855875 -0.00168836 0.00255103 -0.00160409 0.00223559 0.0134383 0.000451772 0.000365576 2.95577e-05 0.103058 0.00159018 10.1375 1.95775 74.8323 10.215 1109.58 49.878 1194.55 55.5501 1194.55 55.5501 0.563478 0.00783733 
200 0.27 1113600000 550.206 11.4935 -54.6487 0.556808 3344.88 66.603 1.66451e+07 855875 -0.00168836 0.00255103 -0.00160409 0.00223559 0.0134383 0.000451772 0.000365576 2.95577e-05 0.103058 0.00159018 10.1375 1.95775 74.8323 10.215 1109.58 49.878 1194.55 55.5501 1194.55 55.5501 0.563478 0.00783733 
200 0.27 1114400000 550.206 11.4935 -54.6487 0.556808 3344.88 66.603 1.66451e+07 855875 -0.00168836 0.00255103 -0.00160409 0.00223559 0.0134383 0.000451772 0.000365576 2.95577e-05 0.103058 0.00159018 10.1375 1.9549 74.8323 10.2005 1109.58 49.8106 1194.55 55.4751 1194.55 55.4751 0.563478 0.00782699 
200 0.27 1115200000 550.206 11.4935 -54.6487 0.556808 3344.88 66.603 1.66451e+07 855875 -0.00168836 0.00255103 -0.00160409 0.00223559 0.0134383 0.000451772 0.000365576 2.95577e-05 0.103058 0.00159018 10.1375 1.9549 74.8323 10.2005 1109.58 49.8106 1194.55 55.4751 1194.55 55.4751 0.563478 0.00782699 
200 0.27 1116000000 550.206 11.3698 -54.6487 0.54391 3344.88 65.8424 1.66451e+07 846054 -0.00168836 0.00255103 -0.00160409 0.00223126 0.0134383 0.000451772 0.000365576 2.95577e-05 0.103058 0.00159018 10.1375 1.95208 74.8323 10.1859 1109.58 49.7469 1194.55 55.4037 1194.55 55.4037 0.563478 0.00781647 
200 0.27 1116800000 550.206 11.3698 -54.6487 0.54391 3344.88 65.8424 1.66451e+07 846054 -0.00168836 0.00255103 -0.00160409 0.00223126 0.0134383 0.000451772 0.000365576 2.95577e-05 0.103058 0.00159018 10.1375 1.95208 74.8323 10.1859 1109.58 49.7469 1194.55 55.4037 1194.55 55.4037 0.563478 0.00781647 
200 0.27 1117600000 550.206 11.3698 -54.6487 0.54391 3344.88 65.8424 1.66451e+07 846054 -0.00168836 0.00255103 -0.00160409 0.00223126 0.0134383 0.000451772 0.000365576 2.95577e-05 0.103058 0.00159018 10.1375 1.94925 74.8323 10.1714 1109.58 49.7088 1194.55 55.3514 1194.55 55.3514 0.563478 0.00780652 
200 0.27 1118400000 550.206 11.3698 -54.6487 0.54391 3344.88 65.8424 1.66451e+07 846054 -0.00168836 0.00255103 -0.00160409 0.00223126 0.0134383 0.000451772 0.000365576 2.95577e-05 0.103058 0.00159018 10.1375 1.94925 74.8323 10.1714 1109.58 49.7088 1194.55 55.3514 1194.55 55.3514 0.563478 0.00780652 
200 0.27 1119200000 550.206 11.3698 -54.6487 0.54391 3344.88 65.8424 1.66451e+07 846054 -0.00168836 0.00255103 -0.00160409 0.00223126 0.0134383 0.000451772 0.000365576 2.95577e-05 0.103058 0.00159018 10.1375 1.94644 74.8323 10.1571 1109.58 49.6618 1194.55 55.2967 1194.55 55.2967 0.563478 0.00780675 
200 0.27 1120000000 550.206 11.3698 -54.6487 0.54391 3344.88 65.8424 1.66451e+07 846054 -0.00168836 0.00255103 -0.00160409 0.00223126 0.0134383 0.000451772 0.000365576 2.95577e-05 0.103058 0.00159018 10.1375 1.94644 74.8323 10.1571 1109.58 49.6618 1194.55 55.2967 1194.55 55.2967 0.563478 0.00780675 
200 0.27 1120800000 550.206 11.3698 -54.6487 0.54391 3344.88 65.8424 1.66451e+07 846054 -0.00168836 0.00255103 -0.00160409 0.00223126 0.0134383 0.000451772 0.000365576 2.95577e-05 0.103058 0.00159018 10.1375 1.94364 74.8323 10.1429 1109.58 49.6114 1194.55 55.2389 1194.55 55.2389 0.563478 0.00779788 
200 0.27 1121600000 550.206 11.3698 -54.6487 0.54391 3344.88 65.8424 1.66451e+07 846054 -0.00168836 0.00255103 -0.00160409 0.00223126 0.0134383 0.000451772 0.000365576 2.95577e-05 0.103058 0.00159018 10.1375 1.94364 74.8323 10.1429 1109.58 49.6114 1194.55 55.2389 1194.55 55.2389 0.563478 0.00779788 
200 0.27 1122400000 550.206 11.3698 -54.6487 0.54391 3344.88 65.8424 1.66451e+07 846054 -0.00168836 0.00255103 -0.00160409 0.00222179 0.0134383 0.000451772 0.000365576 2.95577e-05 0.103058 0.00159018 10.1375 1.94085 74.8323 10.1283 1109.58 49.6105 1194.55 55.223 1194.55 55.223 0.563478 0.00779843 
200 0.27 1123200000 550.206 11.3698 -54.6487 0.54391 3344.88 65.8424 1.66451e+07 846054 -0.00168836 0.00255103 -0.00160409 0.00222179 0.0134383 0.000451772 0.000365576 2.95577e-05 0.103058 0.00159018 10.1375 1.94085 74.8323 10.1283 1109.58 49.6105 1194.55 55.223 1194.55 55.223 0.563478 0.00779843 
200 0.27 1124000000 550.206 11.3698 -54.6487 0.54391 3344.88 65.8424 1.66451e+07 846054 -0.00168836 0.00255103 -0.00160409 0.00222179 0.0134383 0.000451772 0.000365576 2.95577e-05 0.103058 0.00159018 10.1375 1.93805 74.8323 10.114 1109.58 49.5619 1194.55 55.1666 1194.55 55.1666 0.563478 0.00779172 
200 0.27 1124800000 550.206 11.3698 -54.6487 0.54391 3344.88 65.8424 1.66451e+07 846054 -0.00168836 0.00255103 -0.00160409 0.00222179 0.0134383 0.000451772 0.000365576 2.95577e-05 0.103058 0.00159018 10.1375 1.93805 74.8323 10.114 1109.58 49.5619 1194.55 55.1666 1194.55 55.1666 0.563478 0.00779172 
200 0.27 1125600000 550.206 11.3698 -54.6487 0.54391 3344.88 65.8424 1.66451e+07 846054 -0.00168836 0.00255103 -0.00160409 0.00222179 0.0134383 0.000451772 0.000365576 2.95577e-05 0.103058 0.00159018 10.1375 1.93528 74.8323 10.0999 1109.58 49.5137 1194.55 55.111 1194.55 55.111 0.563478 0.00778049 
200 0.27 1126400000 550.206 11.3698 -54.6487 0.54391 3344.88 65.8424 1.66451e+07 846054 -0.00168836 0.00255103 -0.00160409 0.00222179 0.0134383 0.000451772 0.000365576 2.95577e-05 0.103058 0.00159018 10.1375 1.93528 74.8323 10.0999 1109.58 49.5137 1194.55 55.111 1194.55 55.111 0.563478 0.00778049 
200 0.27 1127200000 550.206 11.3698 -54.6487 0.54391 3344.88 65.8424 1.66451e+07 846054 -0.00168836 0.00255103 -0.00160409 0.00222179 0.0134383 0.000451772 0.000365576 2.95577e-05 0.103058 0.00159018 10.1375 1.9325 74.8323 10.0857 1109.58 49.4466 1194.55 55.0364 1194.55 55.0364 0.563478 0.00777278 
200 0.27 1128000000 550.206 11.3698 -54.6487 0.54391 3344.88 65.8424 1.66451e+07 846054 -0.00168836 0.00255103 -0.00160409 0.00222179 0.0134383 0.000451772 0.000365576 2.95577e-05 0.103058 0.00159018 10.1375 1.9325 74.8323 10.0857 1109.58 49.4466 1194.55 55.0364 1194.55 55.0364 0.563478 0.00777278 
200 0.27 1128800000 550.206 11.2806 -54.6487 0.54391 3344.88 65.0856 1.66451e+07 836693 -0.00168836 0.00255103 -0.00160409 0.00221001 0.0134383 0.000451772 0.000365576 2.95577e-05 0.103058 0.00159018 10.1375 1.92973 74.8323 10.0712 1109.58 49.3756 1194.55 54.9573 1194.55 54.9573 0.563478 0.00776558 
200 0.27 1129600000 550.206 11.2806 -54.6487 0.54391 3344.88 65.0856 1.66451e+07 836693 -0.00168836 0.00255103 -0.00160409 0.00221001 0.0134383 0.000451772 0.000365576 2.95577e-05 0.103058 0.00159018 10.1375 1.92973 74.8323 10.0712 1109.58 49.3756 1194.55 54.9573 1194.55 54.9573 0.563478 0.00776558 
200 0.27 1130400000 550.206 11.2806 -54.6487 0.54391 3344.88 65.0856 1.66451e+07 836693 -0.00168836 0.00255103 -0.00160409 0.00221001 0.0134383 0.000451772 0.000365576 2.95577e-05 0.103058 0.00159018 10.1375 1.92696 74.8323 10.0571 1109.58 49.3292 1194.55 54.9028 1194.55 54.9028 0.563478 0.00777116 
200 0.27 1131200000 550.206 11.2806 -54.6487 0.54391 3344.88 65.0856 1.66451e+07 836693 -0.00168836 0.00255103 -0.00160409 0.00221001 0.0134383 0.000451772 0.000365576 2.95577e-05 0.103058 0.00159018 10.1375 1.92696 74.8323 10.0571 1109.58 49.3292 1194.55 54.9028 1194.55 54.9028 0.563478 0.00777116 
200 0.27 1132000000 550.206 11.2806 -54.6487 0.54391 3344.88 65.0856 1.66451e+07 836693 -0.00168836 0.00255103 -0.00160409 0.00221001 0.0134383 0.000451772 0.000365576 2.95577e-05 0.103058 0.00159018 10.1375 1.92422 74.8323 10.0431 1109.58 49.2819 1194.55 54.8481 1194.55 54.8481 0.563478 0.00776044 
200 0.27 1132800000 550.206 11.2806 -54.6487 0.54391 3344.88 65.0856 1.66451e+07 836693 -0.00168836 0.00255103 -0.00160409 0.00221001 0.0134383 0.000451772 0.000365576 2.95577e-05 0.103058 0.00159018 10.1375 1.92422 74.8323 10.0431 1109.58 49.2819 1194.55 54.8481 1194.55 54.8481 0.563478 0.00776044 
200 0.27 1133600000 550.206 11.2806 -54.6487 0.54391 3344.88 65.0856 1.66451e+07 965739 -0.00168836 0.00255103 -0.00160409 0.00221001 0.0134383 0.000451772 0.000365576 2.95577e-05 0.103058 0.00159018 10.1375 1.92148 74.8323 10.0292 1109.58 49.2368 1194.55 54.7955 1194.55 54.7955 0.563478 0.00777604 
200 0.27 1134400000 550.206 11.2806 -54.6487 0.54391 3344.88 65.0856 1.66451e+07 965739 -0.00168836 0.00255103 -0.00160409 0.00221001 0.0134383 0.000451772 0.000365576 2.95577e-05 0.103058 0.00159018 10.1375 1.92148 74.8323 10.0292 1109.58 49.2368 1194.55 54.7955 1194.55 54.7955 0.563478 0.00777604 
200 0.27 1135200000 550.206 11.2806 -54.6487 0.54391 3344.88 65.548 1.66451e+07 988347 -0.00168836 0.00255103 -0.00160409 0.00220306 0.0134383 0.000451772 0.000365576 2.95577e-05 0.103058 0.00159018 10.1375 1.91875 74.8323 10.0152 1109.58 49.1725 1194.55 54.724 1194.55 54.724 0.563478 0.00776493 
200 0.27 1136000000 550.206 11.2806 -54.6487 0.54391 3344.88 65.548 1.66451e+07 988347 -0.00168836 0.00255103 -0.00160409 0.00220306 0.0134383 0.000451772 0.000365576 2.95577e-05 0.103058 0.00159018 10.1375 1.91875 74.8323 10.0152 1109.58 49.1725 1194.55 54.724 1194.55 54.724 0.563478 0.00776493 
200 0.27 1136800000 550.206 11.2806 -54.6487 0.54391 3344.88 65.548 1.66451e+07 988347 -0.00168836 0.00255103 -0.00160409 0.00220272 0.0134383 0.000451772 0.000365576 2.95577e-05 0.103058 0.00159018 10.1375 1.91603 74.8323 10.0014 1109.58 49.1254 1194.55 54.6695 1194.55 54.6695 0.563478 0.00775455 
200 0.27 1137600000 550.206 11.2806 -54.6487 0.54391 3344.88 65.548 1.66451e+07 988347 -0.00168836 0.00255103 -0.00160409 0.00220272 0.0134383 0.000451772 0.000365576 2.95577e-05 0.103058 0.00159018 10.1375 1.91603 74.8323 10.0014 1109.58 49.1254 1194.55 54.6695 1194.55 54.6695 0.563478 0.00775455 
200 0.27 1138400000 550.206 11.2806 -54.6487 0.54391 3344.88 65.548 1.66451e+07 988347 -0.00168836 0.00255103 -0.00160409 0.0021997 0.0134383 0.000451772 0.000365576 2.95577e-05 0.103058 0.00159018 10.1375 1.91332 74.8323 9.9875 1109.58 49.0742 1194.55 54.611 1194.55 54.611 0.563478 0.00774554 
200 0.27 1139200000 550.206 11.2806 -54.6487 0.54391 3344.88 65.548 1.66451e+07 988347 -0.00168836 0.00255103 -0.00160409 0.0021997 0.0134383 0.000451772 0.000365576 2.95577e-05 0.103058 0.00159018 10.1375 1.91332 74.8323 9.9875 1109.58 49.0742 1194.55 54.611 1194.55 54.611 0.563478 0.00774554 
200 0.27 1140000000 550.206 11.2806 -54.6487 0.54391 3344.88 65.548 1.66451e+07 1.02395e+06 -0.00168836 0.00255103 -0.00160409 0.00221285 0.0134383 0.000451772 0.000365576 2.95577e-05 0.103058 0.00159018 10.1375 1.9106 74.8323 9.97378 1109.58 49.0271 1194.55 54.5566 1194.55 54.5566 0.563478 0.00773452 
200 0.27 1140800000 550.206 11.2806 -54.6487 0.54391 3344.88 65.548 1.66451e+07 1.02395e+06 -0.00168836 0.00255103 -0.00160409 0.00221285 0.0134383 0.000451772 0.000365576 2.95577e-05 0.103058 0.00159018 10.1375 1.9106 74.8323 9.97378 1109.58 49.0271 1194.55 54.5566 1194.55 54.5566 0.563478 0.00773452 
200 0.27 1141600000 551.312 11.1424 -54.5886 0.538993 3351.3 69.092 1.72332e+07 1.18095e+06 -0.00121502 0.00236262 -0.00108259 0.0022105 0.0134232 0.000451772 0.000367703 2.95577e-05 0.102921 0.00159018 9.79029 1.90791 77.0116 9.9599 1118.27 49.0077 1205.07 54.5209 1205.07 54.5209 0.563263 0.00772396 
200 0.27 1142400000 551.312 11.1424 -54.5886 0.538993 3351.3 69.092 1.72332e+07 1.18095e+06 -0.00121502 0.00236262 -0.00108259 0.0022105 0.0134232 0.000451772 0.000367703 2.95577e-05 0.102921 0.00159018 9.79029 1.90791 77.0116 9.9599 1118.27 49.0077 1205.07 54.5209 1205.07 54.5209 0.563263 0.00772396 
200 0.27 1143200000 551.312 11.1424 -54.5886 0.538993 3351.3 69.092 1.72332e+07 1.18095e+06 -0.00121502 0.00236262 -0.00108259 0.00220775 0.0134232 0.000451772 0.000367703 2.95577e-05 0.102921 0.00159018 9.79029 1.90521 77.0116 9.94609 1118.27 48.9617 1205.07 54.4671 1205.07 54.4671 0.563263 0.00772616 
200 0.27 1144000000 551.312 11.1424 -54.5886 0.538993 3351.3 69.092 1.72332e+07 1.18095e+06 -0.00121502 0.00236262 -0.00108259 0.00220775 0.0134232 0.000451772 0.000367703 2.95577e-05 0.102921 0.00159018 9.79029 1.90521 77.0116 9.94609 1118.27 48.9617 1205.07 54.4671 1205.07 54.4671 0.563263 0.00772616 
200 0.27 1144800000 551.312 11.1424 -54.5886 0.538993 3351.3 69.092 1.72332e+07 1.18095e+06 -0.00121502 0.00236262 -0.00108259 0.00220564 0.0134232 0.000451772 0.000367703 2.95577e-05 0.102921 0.00159018 9.79029 1.90251 77.0116 9.9324 1118.27 48.9149 1205.07 54.4129 1205.07 54.4129 0.563263 0.00771845 
200 0.27 1145600000 551.312 11.1424 -54.5886 0.538993 3351.3 69.092 1.72332e+07 1.18095e+06 -0.00121502 0.00236262 -0.00108259 0.00220564 0.0134232 0.000451772 0.000367703 2.95577e-05 0.102921 0.00159018 9.79029 1.90251 77.0116 9.9324 1118.27 48.9149 1205.07 54.4129 1205.07 54.4129 0.563263 0.00771845 
200 0.27 1146400000 551.312 11.1424 -54.5886 0.538993 3351.3 69.092 1.72332e+07 1.18095e+06 -0.00121502 0.00236262 -0.00108259 0.00220252 0.0134232 0.000451772 0.000367703 2.95577e-05 0.102921 0.00159018 9.79029 1.89984 77.0116 9.91853 1118.27 48.8633 1205.07 54.3501 1205.07 54.3501 0.563263 0.00770946 
200 0.27 1147200000 551.312 11.1424 -54.5886 0.538993 3351.3 69.092 1.72332e+07 1.18095e+06 -0.00121502 0.00236262 -0.00108259 0.00220252 0.0134232 0.000451772 0.000367703 2.95577e-05 0.102921 0.00159018 9.79029 1.89984 77.0116 9.91853 1118.27 48.8633 1205.07 54.3501 1205.07 54.3501 0.563263 0.00770946 
200 0.27 1148000000 551.312 11.1424 -54.5886 0.538993 3351.3 69.092 1.72332e+07 1.18095e+06 -0.00121502 0.00236262 -0.00108259 0.00219945 0.0134232 0.000451772 0.000367703 2.95577e-05 0.102921 0.00159018 9.79029 1.89716 77.0116 9.90482 1118.27 48.7987 1205.07 54.2784 1205.07 54.2784 0.563263 0.00769861 
200 0.27 1148800000 551.312 11.1424 -54.5886 0.538993 3351.3 69.092 1.72332e+07 1.18095e+06 -0.00121502 0.00236262 -0.00108259 0.00219945 0.0134232 0.000451772 0.000367703 2.95577e-05 0.102921 0.00159018 9.79029 1.89716 77.0116 9.90482 1118.27 48.7987 1205.07 54.2784 1205.07 54.2784 0.563263 0.00769861 
200 0.27 1149600000 551.312 11.1424 -54.5886 0.538993 3351.3 69.092 1.72332e+07 1.18095e+06 -0.00121502 0.00236262 -0.00108259 0.0021967 0.0134232 0.000451772 0.000367703 2.95577e-05 0.102921 0.00159018 9.79029 1.89449 77.0116 9.89088 1118.27 48.777 1205.07 54.245 1205.07 54.245 0.563263 0.00768835 
200 0.27 1150400000 551.312 11.1424 -54.5886 0.538993 3351.3 69.092 1.72332e+07 1.18095e+06 -0.00121502 0.00236262 -0.00108259 0.0021967 0.0134232 0.000451772 0.000367703 2.95577e-05 0.102921 0.00159018 9.79029 1.89449 77.0116 9.89088 1118.27 48.777 1205.07 54.245 1205.07 54.245 0.563263 0.00768835 
200 0.27 1151200000 551.312 11.1424 -54.5886 0.538993 3351.3 69.092 1.72332e+07 1.18095e+06 -0.00121502 0.00236262 -0.00108259 0.00219671 0.0134232 0.000451772 0.000367703 2.95577e-05 0.102921 0.00159018 9.79029 1.89183 77.0116 9.8771 1118.27 48.7112 1205.07 54.1718 1205.07 54.1718 0.563263 0.00767801 
200 0.27 1152000000 551.312 11.1424 -54.5886 0.538993 3351.3 69.092 1.72332e+07 1.18095e+06 -0.00121502 0.00236262 -0.00108259 0.00219671 0.0134232 0.000451772 0.000367703 2.95577e-05 0.102921 0.00159018 9.79029 1.89183 77.0116 9.8771 1118.27 48.7112 1205.07 54.1718 1205.07 54.1718 0.563263 0.00767801 
200 0.27 1152800000 551.312 11.1424 -54.5886 0.538993 3351.3 69.092 1.72332e+07 1.18095e+06 -0.00121502 0.00236262 -0.00108259 0.00219412 0.0134232 0.000451772 0.000367703 2.95577e-05 0.102921 0.00159018 9.79029 1.88919 77.0116 9.86369 1118.27 48.6654 1205.07 54.1191 1205.07 54.1191 0.563263 0.00766734 
200 0.27 1153600000 551.312 11.1424 -54.5886 0.538993 3351.3 69.092 1.72332e+07 1.18095e+06 -0.00121502 0.00236262 -0.00108259 0.00219412 0.0134232 0.000451772 0.000367703 2.95577e-05 0.102921 0.00159018 9.79029 1.88919 77.0116 9.86369 1118.27 48.6654 1205.07 54.1191 1205.07 54.1191 0.563263 0.00766734 
200 0.27 1154400000 551.312 11.2283 -54.5886 0.538993 3351.3 68.3916 1.72332e+07 1.16822e+06 -0.00121502 0.00236262 -0.00108259 0.00219122 0.0134232 0.000451772 0.000367703 2.95577e-05 0.102921 0.00159018 9.79029 1.88655 77.0116 9.8502 1118.27 48.6244 1205.07 54.0649 1205.07 54.0649 0.563263 0.00765699 
200 0.27 1155200000 551.312 11.2283 -54.5886 0.538993 3351.3 68.3916 1.72332e+07 1.16822e+06 -0.00121502 0.00236262 -0.00108259 0.00219122 0.0134232 0.000451772 0.000367703 2.95577e-05 0.102921 0.00159018 9.79029 1.88655 77.0116 9.8502 1118.27 48.6244 1205.07 54.0649 1205.07 54.0649 0.563263 0.00765699 
200 0.27 1156000000 551.312 11.2283 -54.5886 0.538993 3351.3 68.3916 1.72332e+07 1.16822e+06 -0.00121502 0.00236262 -0.00108259 0.00218817 0.0134232 0.000451772 0.000367703 2.95577e-05 0.102921 0.00159018 9.79029 1.88392 77.0116 9.83684 1118.27 48.578 1205.07 54.0116 1205.07 54.0116 0.563263 0.00764664 
200 0.27 1156800000 551.312 11.2283 -54.5886 0.538993 3351.3 68.3916 1.72332e+07 1.16822e+06 -0.00121502 0.00236262 -0.00108259 0.00218817 0.0134232 0.000451772 0.000367703 2.95577e-05 0.102921 0.00159018 9.79029 1.88392 77.0116 9.83684 1118.27 48.578 1205.07 54.0116 1205.07 54.0116 0.563263 0.00764664 
200 0.27 1157600000 551.312 11.2283 -54.5886 0.538993 3351.3 68.3916 1.72332e+07 1.16822e+06 -0.00121502 0.00236262 -0.00108259 0.00218558 0.0134232 0.000451772 0.000367703 2.95577e-05 0.102921 0.00159018 9.79029 1.8813 77.0116 9.82347 1118.27 48.5828 1205.07 53.9968 1205.07 53.9968 0.563263 0.00765845 
200 0.27 1158400000 551.312 11.2283 -54.5886 0.538993 3351.3 68.3916 1.72332e+07 1.16822e+06 -0.00121502 0.00236262 -0.00108259 0.00218558 0.0134232 0.000451772 0.000367703 2.95577e-05 0.102921 0.00159018 9.79029 1.8813 77.0116 9.82347 1118.27 48.5828 1205.07 53.9968 1205.07 53.9968 0.563263 0.00765845 
200 0.27 1159200000 551.312 11.2283 -54.5886 0.538993 3351.3 68.3916 1.72332e+07 1.16822e+06 -0.00121502 0.00236262 -0.00108259 0.00218308 0.0134232 0.000451772 0.000367703 2.95577e-05 0.102921 0.00159018 9.79029 1.87867 77.0116 9.81013 1118.27 48.5168 1205.07 53.9223 1205.07 53.9223 0.563263 0.00765471 
200 0.27 1160000000 551.312 11.2283 -54.5886 0.538993 3351.3 68.3916 1.72332e+07 1.16822e+06 -0.00121502 0.00236262 -0.00108259 0.00218308 0.0134232 0.000451772 0.000367703 2.95577e-05 0.102921 0.00159018 9.79029 1.87867 77.0116 9.81013 1118.27 48.5168 1205.07 53.9223 1205.07 53.9223 0.563263 0.00765471 
200 0.27 1160800000 551.312 11.2283 -54.5886 0.538993 3351.3 68.3916 1.72332e+07 1.16822e+06 -0.00121502 0.00236262 -0.00108259 0.0021815 0.0134232 0.000451772 0.000367703 2.95577e-05 0.102921 0.00159018 9.79029 1.87606 77.0116 9.79669 1118.27 48.5738 1205.07 53.9545 1205.07 53.9545 0.563263 0.00766472 
200 0.27 1161600000 551.312 11.2283 -54.5886 0.538993 3351.3 68.3916 1.72332e+07 1.16822e+06 -0.00121502 0.00236262 -0.00108259 0.0021815 0.0134232 0.000451772 0.000367703 2.95577e-05 0.102921 0.00159018 9.79029 1.87606 77.0116 9.79669 1118.27 48.5738 1205.07 53.9545 1205.07 53.9545 0.563263 0.00766472 
200 0.27 1162400000 551.312 11.2283 -54.5886 0.538993 3351.3 68.3916 1.72332e+07 1.16822e+06 -0.00121502 0.00236262 -0.00108259 0.00218317 0.0134232 0.000451772 0.000367703 2.95577e-05 0.102921 0.00159018 9.79029 1.87344 77.0116 9.78345 1118.27 48.5282 1205.07 53.9018 1205.07 53.9018 0.563263 0.00765615 
200 0.27 1163200000 551.312 11.2283 -54.5886 0.538993 3351.3 68.3916 1.72332e+07 1.16822e+06 -0.00121502 0.00236262 -0.00108259 0.00218317 0.0134232 0.000451772 0.000367703 2.95577e-05 0.102921 0.00159018 9.79029 1.87344 77.0116 9.78345 1118.27 48.5282 1205.07 53.9018 1205.07 53.9018 0.563263 0.00765615 
200 0.27 1164000000 551.312 11.2283 -54.5886 0.538993 3351.3 68.3916 1.72332e+07 1.16822e+06 -0.00121502 0.00236262 -0.00108259 0.00218026 0.0134232 0.000451772 0.000367703 2.95577e-05 0.102921 0.00159018 9.79029 1.87084 77.0116 9.77015 1118.27 48.4621 1205.07 53.8287 1205.07 53.8287 0.563263 0.0076486 
200 0.27 1164800000 551.312 11.2283 -54.5886 0.538993 3351.3 68.3916 1.72332e+07 1.16822e+06 -0.00121502 0.00236262 -0.00108259 0.00218026 0.0134232 0.000451772 0.000367703 2.95577e-05 0.102921 0.00159018 9.79029 1.87084 77.0116 9.77015 1118.27 48.4621 1205.07 53.8287 1205.07 53.8287 0.563263 0.0076486 
200 0.27 1165600000 551.312 11.2283 -54.5886 0.538993 3351.3 68.3916 1.72332e+07 1.16822e+06 -0.00121502 0.00236262 -0.00108259 0.00217974 0.0134232 0.000451772 0.000367703 2.95577e-05 0.102921 0.00159018 9.79029 1.86826 77.0116 9.75699 1118.27 48.4152 1205.07 53.775 1205.07 53.775 0.563263 0.00763933 
200 0.27 1166400000 551.312 11.2283 -54.5886 0.538993 3351.3 68.3916 1.72332e+07 1.16822e+06 -0.00121502 0.00236262 -0.00108259 0.00217974 0.0134232 0.000451772 0.000367703 2.95577e-05 0.102921 0.00159018 9.79029 1.86826 77.0116 9.75699 1118.27 48.4152 1205.07 53.775 1205.07 53.775 0.563263 0.00763933 
200 0.27 1167200000 551.312 11.1349 -54.5886 0.527277 3351.3 67.6318 1.72332e+07 1.15539e+06 -0.00121502 0.00236262 -0.00108259 0.00217929 0.0134232 0.000451772 0.000367703 2.95577e-05 0.102921 0.00159018 9.79029 1.86567 77.0116 9.74372 1118.27 48.3951 1205.07 53.7397 1205.07 53.7397 0.563263 0.00762875 
200 0.27 1168000000 551.312 11.1349 -54.5886 0.527277 3351.3 67.6318 1.72332e+07 1.15539e+06 -0.00121502 0.00236262 -0.00108259 0.00217929 0.0134232 0.000451772 0.000367703 2.95577e-05 0.102921 0.00159018 9.79029 1.86567 77.0116 9.74372 1118.27 48.3951 1205.07 53.7397 1205.07 53.7397 0.563263 0.00762875 
200 0.27 1168800000 551.312 11.1349 -54.5886 0.527277 3351.3 67.6318 1.72332e+07 1.15539e+06 -0.00121502 0.00236262 -0.00108259 0.00217811 0.0134232 0.000451772 0.000367703 2.95577e-05 0.102921 0.00159018 9.79029 1.86309 77.0116 9.73029 1118.27 48.3551 1205.07 53.6883 1205.07 53.6883 0.563263 0.00762545 
200 0.27 1169600000 551.312 11.1349 -54.5886 0.527277 3351.3 67.6318 1.72332e+07 1.15539e+06 -0.00121502 0.00236262 -0.00108259 0.00217811 0.0134232 0.000451772 0.000367703 2.95577e-05 0.102921 0.00159018 9.79029 1.86309 77.0116 9.73029 1118.27 48.3551 1205.07 53.6883 1205.07 53.6883 0.563263 0.00762545 
200 0.27 1170400000 551.312 11.1349 -54.5886 0.527277 3351.3 67.6318 1.72332e+07 1.15539e+06 -0.00121502 0.00236262 -0.00108259 0.00217588 0.0134232 0.000451772 0.000367703 2.95577e-05 0.102921 0.00159018 9.79029 1.86052 77.0116 9.71713 1118.27 48.29 1205.07 53.615 1205.07 53.615 0.563263 0.00761789 
200 0.27 1171200000 551.312 11.1349 -54.5886 0.527277 3351.3 67.6318 1.72332e+07 1.15539e+06 -0.00121502 0.00236262 -0.00108259 0.00217588 0.0134232 0.000451772 0.000367703 2.95577e-05 0.102921 0.00159018 9.79029 1.86052 77.0116 9.71713 1118.27 48.29 1205.07 53.615 1205.07 53.615 0.563263 0.00761789 
200 0.27 1172000000 551.312 11.1349 -54.5886 0.527277 3351.3 67.6318 1.72332e+07 1.15539e+06 -0.00121502 0.00236262 -0.00108259 0.00217474 0.0134232 0.000451772 0.000367703 2.95577e-05 0.102921 0.00159018 9.79029 1.85797 77.0116 9.85833 1118.27 48.3358 1205.07 53.7764 1205.07 53.7764 0.563263 0.00760753 
200 0.27 1172800000 551.312 11.1349 -54.5886 0.527277 3351.3 67.6318 1.72332e+07 1.15539e+06 -0.00121502 0.00236262 -0.00108259 0.00217474 0.0134232 0.000451772 0.000367703 2.95577e-05 0.102921 0.00159018 9.79029 1.85797 77.0116 9.85833 1118.27 48.3358 1205.07 53.7764 1205.07 53.7764 0.563263 0.00760753 
200 0.27 1173600000 551.312 11.1349 -54.5886 0.527277 3351.3 67.6318 1.72332e+07 1.15539e+06 -0.00121502 0.00236262 -0.00108259 0.00217091 0.0134232 0.000451772 0.000367703 2.95577e-05 0.102921 0.00159018 9.79029 1.85542 77.0116 9.84507 1118.27 48.2894 1205.07 53.7229 1205.07 53.7229 0.563263 0.00759733 
200 0.27 1174400000 551.312 11.1349 -54.5886 0.527277 3351.3 67.6318 1.72332e+07 1.15539e+06 -0.00121502 0.00236262 -0.00108259 0.00217091 0.0134232 0.000451772 0.000367703 2.95577e-05 0.102921 0.00159018 9.79029 1.85542 77.0116 9.84507 1118.27 48.2894 1205.07 53.7229 1205.07 53.7229 0.563263 0.00759733 
200 0.27 1175200000 551.312 11.1349 -54.5886 0.527277 3351.3 67.6318 1.72332e+07 1.15539e+06 -0.00121502 0.00236262 -0.00108259 0.00216905 0.0134232 0.000451772 0.000367703 2.95577e-05 0.102921 0.00159018 9.79029 1.85287 77.0116 9.83176 1118.27 48.2253 1205.07 53.6519 1205.07 53.6519 0.563263 0.00758975 
200 0.27 1176000000 551.312 11.1349 -54.5886 0.527277 3351.3 67.6318 1.72332e+07 1.15539e+06 -0.00121502 0.00236262 -0.00108259 0.00216905 0.0134232 0.000451772 0.000367703 2.95577e-05 0.102921 0.00159018 9.79029 1.85287 77.0116 9.83176 1118.27 48.2253 1205.07 53.6519 1205.07 53.6519 0.563263 0.00758975 
200 0.27 1176800000 551.312 11.1349 -54.5886 0.527277 3351.3 67.6318 1.72332e+07 1.15539e+06 -0.00121502 0.00236262 -0.00108259 0.0021655 0.0134232 0.000451772 0.000367703 2.95577e-05 0.102921 0.00159018 9.79029 1.85032 77.0116 9.95283 1118.27 48.528 1205.07 54.1145 1205.07 54.1145 0.563263 0.00758101 
200 0.27 1177600000 551.312 11.1349 -54.5886 0.527277 3351.3 67.6318 1.72332e+07 1.15539e+06 -0.00121502 0.00236262 -0.00108259 0.0021655 0.0134232 0.000451772 0.000367703 2.95577e-05 0.102921 0.00159018 9.79029 1.85032 77.0116 9.95283 1118.27 48.528 1205.07 54.1145 1205.07 54.1145 0.563263 0.00758101 
200 0.27 1178400000 551.312 11.1349 -54.5886 0.527277 3351.3 67.6318 1.72332e+07 1.15539e+06 -0.00121502 0.00236262 -0.00108259 0.00216355 0.0134232 0.000451772 0.000367703 2.95577e-05 0.102921 0.00159018 9.79029 1.84779 77.0116 9.93951 1118.27 48.484 1205.07 54.0631 1205.07 54.0631 0.563263 0.00757787 
200 0.27 1179200000 551.312 11.1349 -54.5886 0.527277 3351.3 67.6318 1.72332e+07 1.15539e+06 -0.00121502 0.00236262 -0.00108259 0.00216355 0.0134232 0.000451772 0.000367703 2.95577e-05 0.102921 0.00159018 9.79029 1.84779 77.0116 9.93951 1118.27 48.484 1205.07 54.0631 1205.07 54.0631 0.563263 0.00757787 
200 0.27 1180000000 551.312 11.2264 -54.5886 0.527277 3351.3 66.911 1.72332e+07 1.14271e+06 -0.00121502 0.00236262 -0.00108259 0.00216123 0.0134232 0.000451772 0.000367703 2.95577e-05 0.102921 0.00159018 9.79029 1.84527 77.0116 9.92604 1118.27 48.4233 1205.07 53.9951 1205.07 53.9951 0.563263 0.0075691 
200 0.27 1180800000 551.312 11.2264 -54.5886 0.527277 3351.3 66.911 1.72332e+07 1.14271e+06 -0.00121502 0.00236262 -0.00108259 0.00216123 0.0134232 0.000451772 0.000367703 2.95577e-05 0.102921 0.00159018 9.79029 1.84527 77.0116 9.92604 1118.27 48.4233 1205.07 53.9951 1205.07 53.9951 0.563263 0.0075691 
200 0.27 1181600000 551.312 11.2264 -54.5886 0.527277 3351.3 66.911 1.72332e+07 1.14271e+06 -0.00121502 0.00236262 -0.00108259 0.00216288 0.0134232 0.000451772 0.000367703 2.95577e-05 0.102921 0.00159018 9.79029 1.84275 77.0116 9.91287 1118.27 48.3784 1205.07 53.9431 1205.07 53.9431 0.563263 0.00755884 
200 0.27 1182400000 551.312 11.2264 -54.5886 0.527277 3351.3 66.911 1.72332e+07 1.14271e+06 -0.00121502 0.00236262 -0.00108259 0.00216288 0.0134232 0.000451772 0.000367703 2.95577e-05 0.102921 0.00159018 9.79029 1.84275 77.0116 9.91287 1118.27 48.3784 1205.07 53.9431 1205.07 53.9431 0.563263 0.00755884 
200 0.27 1183200000 551.312 11.2264 -54.5886 0.527277 3351.3 66.911 1.72332e+07 1.14271e+06 -0.00121502 0.00236262 -0.00108259 0.00216018 0.0134232 0.000451772 0.000367703 2.95577e-05 0.102921 0.00159018 9.79029 1.84023 77.0116 9.8993 1118.27 48.3228 1205.07 53.8787 1205.07 53.8787 0.563263 0.00755187 
200 0.27 1184000000 551.312 11.2264 -54.5886 0.527277 3351.3 66.911 1.72332e+07 1.14271e+06 -0.00121502 0.00236262 -0.00108259 0.00216018 0.0134232 0.000451772 0.000367703 2.95577e-05 0.102921 0.00159018 9.79029 1.84023 77.0116 9.8993 1118.27 48.3228 1205.07 53.8787 1205.07 53.8787 0.563263 0.00755187 
200 0.27 1184800000 551.312 11.2264 -54.5886 0.527277 3351.3 66.911 1.72332e+07 1.14271e+06 -0.00121502 0.00236262 -0.00108259 0.00215841 0.0134232 0.000451772 0.000367703 2.95577e-05 0.102921 0.00159018 9.79029 1.83772 77.0116 9.88593 1118.27 48.2908 1205.07 53.8335 1205.07 53.8335 0.563263 0.00754216 
200 0.27 1185600000 551.312 11.2264 -54.5886 0.527277 3351.3 66.911 1.72332e+07 1.14271e+06 -0.00121502 0.00236262 -0.00108259 0.00215841 0.0134232 0.000451772 0.000367703 2.95577e-05 0.102921 0.00159018 9.79029 1.83772 77.0116 9.88593 1118.27 48.2908 1205.07 53.8335 1205.07 53.8335 0.563263 0.00754216 
200 0.27 1186400000 551.312 11.2264 -54.5886 0.527277 3351.3 66.911 1.72332e+07 1.14271e+06 -0.00121502 0.00236262 -0.00108259 0.00215633 0.0134232 0.000451772 0.000367703 2.95577e-05 0.102921 0.00159018 9.79029 1.83522 77.0116 9.89656 1118.27 48.2527 1205.07 53.8102 1205.07 53.8102 0.563263 0.00753469 
200 0.27 1187200000 551.312 11.2264 -54.5886 0.527277 3351.3 66.911 1.72332e+07 1.14271e+06 -0.00121502 0.00236262 -0.00108259 0.00215633 0.0134232 0.000451772 0.000367703 2.95577e-05 0.102921 0.00159018 9.79029 1.83522 77.0116 9.89656 1118.27 48.2527 1205.07 53.8102 1205.07 53.8102 0.563263 0.00753469 
200 0.27 1188000000 551.312 11.2264 -54.5886 0.527277 3351.3 66.911 1.72332e+07 1.14271e+06 -0.00121502 0.00236262 -0.00108259 0.00215633 0.0134232 0.000451772 0.000367703 2.95577e-05 0.102921 0.00159018 9.79029 1.83272 77.0116 10.1539 1118.27 48.243 1205.07 53.938 1205.07 53.938 0.563263 0.00752888 
200 0.27 1188800000 551.312 11.2264 -54.5886 0.527277 3351.3 66.911 1.72332e+07 1.14271e+06 -0.00121502 0.00236262 -0.00108259 0.00215633 0.0134232 0.000451772 0.000367703 2.95577e-05 0.102921 0.00159018 9.79029 1.83272 77.0116 10.1539 1118.27 48.243 1205.07 53.938 1205.07 53.938 0.563263 0.00752888 
200 0.27 1189600000 551.312 11.2264 -54.5886 0.527277 3351.3 66.911 1.72332e+07 1.14271e+06 -0.00121502 0.00236262 -0.00108259 0.00215633 0.0134232 0.000451772 0.000367703 2.95577e-05 0.102921 0.00159018 9.79029 1.83023 77.0116 10.1405 1118.27 48.2002 1205.07 53.8877 1205.07 53.8877 0.563263 0.00752744 
200 0.27 1190400000 551.312 11.2264 -54.5886 0.527277 3351.3 66.911 1.72332e+07 1.14271e+06 -0.00121502 0.00236262 -0.00108259 0.00215633 0.0134232 0.000451772 0.000367703 2.95577e-05 0.102921 0.00159018 9.79029 1.83023 77.0116 10.1405 1118.27 48.2002 1205.07 53.8877 1205.07 53.8877 0.563263 0.00752744 
200 0.27 1191200000 551.312 11.2264 -54.5886 0.527277 3351.3 66.911 1.72332e+07 1.14271e+06 -0.00121502 0.00236262 -0.00108259 0.00215633 0.0134232 0.000451772 0.000367703 2.95577e-05 0.102921 0.00159018 9.79029 1.82774 77.0116 10.1269 1118.27 48.1453 1205.07 53.8229 1205.07 53.8229 0.563263 0.00751808 
200 0.27 1192000000 551.312 11.2264 -54.5886 0.527277 3351.3 66.911 1.72332e+07 1.14271e+06 -0.00121502 0.00236262 -0.00108259 0.00215633 0.0134232 0.000451772 0.000367703 2.95577e-05 0.102921 0.00159018 9.79029 1.82774 77.0116 10.1269 1118.27 48.1453 1205.07 53.8229 1205.07 53.8229 0.563263 0.00751808 
200 0.27 1192800000 551.312 11.4167 -54.5886 0.516339 3351.3 66.207 1.72332e+07 1.13078e+06 -0.00121502 0.00236262 -0.00108259 0.00214751 0.0134232 0.000451772 0.000367703 2.95577e-05 0.102921 0.00159018 9.79029 1.82525 77.0116 10.1309 1118.27 48.1868 1205.07 53.84 1205.07 53.84 0.563263 0.00752845 
200 0.27 1193600000 551.312 11.4167 -54.5886 0.516339 3351.3 66.207 1.72332e+07 1.13078e+06 -0.00121502 0.00236262 -0.00108259 0.00214751 0.0134232 0.000451772 0.000367703 2.95577e-05 0.102921 0.00159018 9.79029 1.82525 77.0116 10.1309 1118.27 48.1868 1205.07 53.84 1205.07 53.84 0.563263 0.00752845 
200 0.27 1194400000 551.312 11.4167 -54.5886 0.516339 3351.3 66.207 1.72332e+07 1.13078e+06 -0.00121502 0.00236262 -0.00108259 0.00214954 0.0134232 0.000451772 0.000367703 2.95577e-05 0.102921 0.00159018 9.79029 1.82278 77.0116 10.1309 1118.27 48.1219 1205.07 53.7677 1205.07 53.7677 0.563263 0.00752063 
200 0.27 1195200000 551.312 11.4167 -54.5886 0.516339 3351.3 66.207 1.72332e+07 1.13078e+06 -0.00121502 0.00236262 -0.00108259 0.00214954 0.0134232 0.000451772 0.000367703 2.95577e-05 0.102921 0.00159018 9.79029 1.82278 77.0116 10.1309 1118.27 48.1219 1205.07 53.7677 1205.07 53.7677 0.563263 0.00752063 
200 0.27 1196000000 551.312 11.4167 -54.5886 0.516339 3351.3 66.207 1.72332e+07 1.13078e+06 -0.00121502 0.00236262 -0.00108259 0.00214994 0.0134232 0.000451772 0.000367703 2.95577e-05 0.102921 0.00159018 9.79029 1.82032 77.0116 10.1309 1118.27 48.0781 1205.07 53.7163 1205.07 53.7163 0.563263 0.007514 
200 0.27 1196800000 551.312 11.4167 -54.5886 0.516339 3351.3 66.207 1.72332e+07 1.13078e+06 -0.00121502 0.00236262 -0.00108259 0.00214994 0.0134232 0.000451772 0.000367703 2.95577e-05 0.102921 0.00159018 9.79029 1.82032 77.0116 10.1309 1118.27 48.0781 1205.07 53.7163 1205.07 53.7163 0.563263 0.007514 
200 0.27 1197600000 551.312 11.4167 -54.5886 0.516339 3351.3 66.207 1.72332e+07 1.13078e+06 -0.00121502 0.00236262 -0.00108259 0.00214728 0.0134232 0.000451772 0.000367703 2.95577e-05 0.102921 0.00159018 9.79029 1.81787 77.0116 10.1309 1118.27 48.0349 1205.07 53.6654 1205.07 53.6654 0.563263 0.00751153 
200 0.27 1198400000 551.312 11.4167 -54.5886 0.516339 3351.3 66.207 1.72332e+07 1.13078e+06 -0.00121502 0.00236262 -0.00108259 0.00214728 0.0134232 0.000451772 0.000367703 2.95577e-05 0.102921 0.00159018 9.79029 1.81787 77.0116 10.1309 1118.27 48.0349 1205.07 53.6654 1205.07 53.6654 0.563263 0.00751153 
200 0.27 1199200000 551.312 11.4167 -54.5886 0.516339 3351.3 66.207 1.72332e+07 1.13078e+06 -0.00121502 0.00236262 -0.00108259 0.00214522 0.0134232 0.000451772 0.000367703 2.95577e-05 0.102921 0.00159018 9.79029 1.81543 77.0116 10.1309 1118.27 47.9907 1205.07 53.6138 1205.07 53.6138 0.563263 0.00750247 
200 0.27 1200000000 551.312 11.4167 -54.5886 0.516339 3351.3 66.207 1.72332e+07 1.13078e+06 -0.00121502 0.00236262 -0.00108259 0.00214522 0.0134232 0.000451772 0.000367703 2.95577e-05 0.102921 0.00159018 9.79029 1.81543 77.0116 10.1309 1118.27 47.9907 1205.07 53.6138 1205.07 53.6138 0.563263 0.00750247 
200 0.27 1200800000 551.312 11.4167 -54.5886 0.516339 3351.3 66.207 1.72332e+07 1.13078e+06 -0.00121502 0.00236262 -0.00108259 0.00214266 0.0134232 0.000451772 0.000367703 2.95577e-05 0.102921 0.00159018 9.79029 1.81299 77.0116 10.1309 1118.27 47.9608 1205.07 53.5724 1205.07 53.5724 0.563263 0.00749287 
200 0.27 1201600000 551.312 11.4167 -54.5886 0.516339 3351.3 66.207 1.72332e+07 1.13078e+06 -0.00121502 0.00236262 -0.00108259 0.00214266 0.0134232 0.000451772 0.000367703 2.95577e-05 0.102921 0.00159018 9.79029 1.81299 77.0116 10.1309 1118.27 47.9608 1205.07 53.5724 1205.07 53.5724 0.563263 0.00749287 
200 0.27 1202400000 551.312 11.4167 -54.5886 0.516339 3351.3 66.207 1.72332e+07 1.13078e+06 -0.00121502 0.00236262 -0.00108259 0.00214188 0.0134232 0.000451772 0.000367703 2.95577e-05 0.102921 0.00159018 9.79029 1.81057 77.0116 10.1309 1118.27 47.9253 1205.07 53.5232 1205.07 53.5232 0.563263 0.00748548 
200 0.27 1203200000 551.312 11.4167 -54.5886 0.516339 3351.3 66.207 1.72332e+07 1.13078e+06 -0.00121502 0.00236262 -0.00108259 0.00214188 0.0134232 0.000451772 0.000367703 2.95577e-05 0.102921 0.00159018 9.79029 1.81057 77.0116 10.1309 1118.27 47.9253 1205.07 53.5232 1205.07 53.5232 0.563263 0.00748548 
200 0.27 1204000000 551.312 11.4167 -54.5886 0.516339 3351.3 66.207 1.72332e+07 1.13078e+06 -0.00121502 0.00236262 -0.00108259 0.00214011 0.0134232 0.000451772 0.000367703 2.95577e-05 0.102921 0.00159018 9.79029 1.80814 77.0116 10.1309 1118.27 47.9033 1205.07 53.4875 1205.07 53.4875 0.563263 0.0074755 
200 0.27 1204800000 551.312 11.4167 -54.5886 0.516339 3351.3 66.207 1.72332e+07 1.13078e+06 -0.00121502 0.00236262 -0.00108259 0.00214011 0.0134232 0.000451772 0.000367703 2.95577e-05 0.102921 0.00159018 9.79029 1.80814 77.0116 10.1309 1118.27 47.9033 1205.07 53.4875 1205.07 53.4875 0.563263 0.0074755 
200 0.27 1205600000 551.312 11.4167 -54.5886 0.516339 3351.3 65.6422 1.72332e+07 1.11939e+06 -0.00121502 0.00236262 -0.00108259 0.00213767 0.0134232 0.000451772 0.000367703 2.95577e-05 0.102921 0.00159018 9.79029 1.80572 77.0116 10.1309 1118.27 47.8611 1205.07 53.4329 1205.07 53.4329 0.563263 0.00746866 
200 0.27 1206400000 551.312 11.4167 -54.5886 0.516339 3351.3 65.6422 1.72332e+07 1.11939e+06 -0.00121502 0.00236262 -0.00108259 0.00213767 0.0134232 0.000451772 0.000367703 2.95577e-05 0.102921 0.00159018 9.79029 1.80572 77.0116 10.1309 1118.27 47.8611 1205.07 53.4329 1205.07 53.4329 0.563263 0.00746866 
200 0.27 1207200000 551.312 11.4167 -54.5886 0.516339 3351.3 65.6422 1.72332e+07 1.11939e+06 -0.00121502 0.00236262 -0.00108259 0.00213827 0.0134232 0.000451772 0.000367703 2.95577e-05 0.102921 0.00159018 9.79029 1.8033 77.0116 10.1309 1118.27 47.8198 1205.07 53.3847 1205.07 53.3847 0.563263 0.00746559 
200 0.27 1208000000 551.312 11.4167 -54.5886 0.516339 3351.3 65.6422 1.72332e+07 1.11939e+06 -0.00121502 0.00236262 -0.00108259 0.00213827 0.0134232 0.000451772 0.000367703 2.95577e-05 0.102921 0.00159018 9.79029 1.8033 77.0116 10.1309 1118.27 47.8198 1205.07 53.3847 1205.07 53.3847 0.563263 0.00746559 
200 0.27 1208800000 551.312 11.4167 -54.5886 0.516339 3351.3 65.6422 1.72332e+07 1.11939e+06 -0.00121502 0.00236262 -0.00108259 0.00213606 0.0134232 0.000451772 0.000367703 2.95577e-05 0.102921 0.00159018 9.79029 1.80089 77.0116 10.1309 1118.27 47.7624 1205.07 53.3198 1205.07 53.3198 0.563263 0.0074556 
200 0.27 1209600000 551.312 11.4167 -54.5886 0.516339 3351.3 65.6422 1.72332e+07 1.11939e+06 -0.00121502 0.00236262 -0.00108259 0.00213606 0.0134232 0.000451772 0.000367703 2.95577e-05 0.102921 0.00159018 9.79029 1.80089 77.0116 10.1309 1118.27 47.7624 1205.07 53.3198 1205.07 53.3198 0.563263 0.0074556 
200 0.27 1210400000 551.312 11.4167 -54.5886 0.516339 3351.3 65.6422 1.72332e+07 1.11939e+06 -0.00121502 0.00236262 -0.00108259 0.00213427 0.0134232 0.000451772 0.000367703 2.95577e-05 0.102921 0.00159018 9.79029 1.79849 77.0116 10.1309 1118.27 47.7209 1205.07 53.2712 1205.07 53.2712 0.563263 0.00745554 
200 0.27 1211200000 551.312 11.4167 -54.5886 0.516339 3351.3 65.6422 1.72332e+07 1.11939e+06 -0.00121502 0.00236262 -0.00108259 0.00213427 0.0134232 0.000451772 0.000367703 2.95577e-05 0.102921 0.00159018 9.79029 1.79849 77.0116 10.1309 1118.27 47.7209 1205.07 53.2712 1205.07 53.2712 0.563263 0.00745554 
200 0.27 1212000000 551.312 11.4167 -54.5886 0.516339 3351.3 65.6422 1.72332e+07 1.11939e+06 -0.00121502 0.00236262 -0.00108259 0.00213771 0.0134232 0.000451772 0.000367703 2.95577e-05 0.102921 0.00159018 9.79029 1.7961 77.0116 10.1309 1118.27 47.6752 1205.07 53.2188 1205.07 53.2188 0.563263 0.00744883 
200 0.27 1212800000 551.312 11.4167 -54.5886 0.516339 3351.3 65.6422 1.72332e+07 1.11939e+06 -0.00121502 0.00236262 -0.00108259 0.00213771 0.0134232 0.000451772 0.000367703 2.95577e-05 0.102921 0.00159018 9.79029 1.7961 77.0116 10.1309 1118.27 47.6752 1205.07 53.2188 1205.07 53.2188 0.563263 0.00744883 
200 0.27 1213600000 551.312 11.4167 -54.5886 0.516339 3351.3 65.6422 1.72332e+07 1.11939e+06 -0.00121502 0.00236262 -0.00108259 0.0021352 0.0134232 0.000451772 0.000367703 2.95577e-05 0.102921 0.00159018 9.79029 1.79371 77.0116 10.1309 1118.27 47.6347 1205.07 53.1713 1205.07 53.1713 0.563263 0.00745833 
200 0.27 1214400000 551.312 11.4167 -54.5886 0.516339 3351.3 65.6422 1.72332e+07 1.11939e+06 -0.00121502 0.00236262 -0.00108259 0.0021352 0.0134232 0.000451772 0.000367703 2.95577e-05 0.102921 0.00159018 9.79029 1.79371 77.0116 10.1309 1118.27 47.6347 1205.07 53.1713 1205.07 53.1713 0.563263 0.00745833 
200 0.27 1215200000 551.312 11.4167 -54.5886 0.516339 3351.3 65.6422 1.72332e+07 1.11939e+06 -0.00121502 0.00236262 -0.00108259 0.00213331 0.0134232 0.000451772 0.000367703 2.95577e-05 0.102921 0.00159018 9.79029 1.79133 77.0116 10.1309 1118.27 47.5924 1205.07 53.122 1205.07 53.122 0.563263 0.00745166 
200 0.27 1216000000 551.312 11.4167 -54.5886 0.516339 3351.3 65.6422 1.72332e+07 1.11939e+06 -0.00121502 0.00236262 -0.00108259 0.00213331 0.0134232 0.000451772 0.000367703 2.95577e-05 0.102921 0.00159018 9.79029 1.79133 77.0116 10.1309 1118.27 47.5924 1205.07 53.122 1205.07 53.122 0.563263 0.00745166 
200 0.27 1216800000 551.312 11.4167 -54.5886 0.516339 3351.3 65.6422 1.72332e+07 1.11939e+06 -0.00121502 0.00236262 -0.00108259 0.00213331 0.0134232 0.000451772 0.000367703 2.95577e-05 0.102921 0.00159018 9.79029 1.78896 77.0116 10.1309 1118.27 47.5505 1205.07 53.0732 1205.07 53.0732 0.563263 0.00744595 
200 0.27 1217600000 551.312 11.4167 -54.5886 0.516339 3351.3 65.6422 1.72332e+07 1.11939e+06 -0.00121502 0.00236262 -0.00108259 0.00213331 0.0134232 0.000451772 0.000367703 2.95577e-05 0.102921 0.00159018 9.79029 1.78896 77.0116 10.1309 1118.27 47.5505 1205.07 53.0732 1205.07 53.0732 0.563263 0.00744595 
200 0.27 1218400000 551.312 11.4167 -54.5886 0.511036 3351.3 65.0938 1.72332e+07 1.10758e+06 -0.00121502 0.00236262 -0.00108259 0.00212795 0.0134232 0.000451772 0.000367703 2.95577e-05 0.102921 0.00159018 9.79029 1.78659 77.0116 9.98599 1118.27 47.5059 1205.07 53.0216 1205.07 53.0216 0.563263 0.00743658 
200 0.27 1219200000 551.312 11.4167 -54.5886 0.511036 3351.3 65.0938 1.72332e+07 1.10758e+06 -0.00121502 0.00236262 -0.00108259 0.00212795 0.0134232 0.000451772 0.000367703 2.95577e-05 0.102921 0.00159018 9.79029 1.78659 77.0116 9.98599 1118.27 47.5059 1205.07 53.0216 1205.07 53.0216 0.563263 0.00743658 
200 0.27 1220000000 551.312 11.4167 -54.5886 0.511036 3351.3 65.0938 1.72332e+07 1.10758e+06 -0.00121502 0.00236262 -0.00108259 0.00212667 0.0134232 0.000451772 0.000367703 2.95577e-05 0.102921 0.00159018 9.79029 1.78422 77.0116 9.98599 1118.27 47.4513 1205.07 52.9602 1205.07 52.9602 0.563263 0.00742713 
200 0.27 1220800000 551.312 11.4167 -54.5886 0.511036 3351.3 65.0938 1.72332e+07 1.10758e+06 -0.00121502 0.00236262 -0.00108259 0.00212667 0.0134232 0.000451772 0.000367703 2.95577e-05 0.102921 0.00159018 9.79029 1.78422 77.0116 9.98599 1118.27 47.4513 1205.07 52.9602 1205.07 52.9602 0.563263 0.00742713 
200 0.27 1221600000 551.312 11.4167 -54.5886 0.511036 3351.3 65.0938 1.72332e+07 1.10758e+06 -0.00121502 0.00236262 -0.00108259 0.00212667 0.0134232 0.000451772 0.000367703 2.95577e-05 0.102921 0.00159018 9.79029 1.78185 77.0116 9.98599 1118.27 47.41 1205.07 52.9119 1205.07 52.9119 0.563263 0.00742484 
200 0.27 1222400000 551.312 11.4167 -54.5886 0.511036 3351.3 65.0938 1.72332e+07 1.10758e+06 -0.00121502 0.00236262 -0.00108259 0.00212667 0.0134232 0.000451772 0.000367703 2.95577e-05 0.102921 0.00159018 9.79029 1.78185 77.0116 9.98599 1118.27 47.41 1205.07 52.9119 1205.07 52.9119 0.563263 0.00742484 
200 0.27 1223200000 551.312 11.4167 -54.5886 0.511036 3351.3 65.0938 1.72332e+07 1.10758e+06 -0.00121502 0.00236262 -0.00108259 0.00212667 0.0134232 0.000451772 0.000367703 2.95577e-05 0.102921 0.00159018 9.79029 1.77951 77.0116 9.98599 1118.27 47.3676 1205.07 52.8629 1205.07 52.8629 0.563263 0.00741555 
200 0.27 1224000000 551.312 11.4167 -54.5886 0.511036 3351.3 65.0938 1.72332e+07 1.10758e+06 -0.00121502 0.00236262 -0.00108259 0.00212667 0.0134232 0.000451772 0.000367703 2.95577e-05 0.102921 0.00159018 9.79029 1.77951 77.0116 9.98599 1118.27 47.3676 1205.07 52.8629 1205.07 52.8629 0.563263 0.00741555 
200 0.27 1224800000 551.312 11.4167 -54.5886 0.511036 3351.3 65.0938 1.72332e+07 1.10758e+06 -0.00121502 0.00236262 -0.00108259 0.00212357 0.0134232 0.000451772 0.000367703 2.95577e-05 0.102921 0.00159018 9.79029 1.77716 77.0116 9.98599 1118.27 47.3265 1205.07 52.8148 1205.07 52.8148 0.563263 0.00741742 
200 0.27 1225600000 551.312 11.4167 -54.5886 0.511036 3351.3 65.0938 1.72332e+07 1.10758e+06 -0.00121502 0.00236262 -0.00108259 0.00212357 0.0134232 0.000451772 0.000367703 2.95577e-05 0.102921 0.00159018 9.79029 1.77716 77.0116 9.98599 1118.27 47.3265 1205.07 52.8148 1205.07 52.8148 0.563263 0.00741742 
200 0.27 1226400000 551.312 11.4167 -54.5886 0.511036 3351.3 65.0938 1.72332e+07 1.10758e+06 -0.00121502 0.00236262 -0.00108259 0.00212357 0.0134232 0.000451772 0.000367703 2.95577e-05 0.102921 0.00159018 9.79029 1.77483 77.0116 9.98599 1118.27 47.2846 1205.07 52.766 1205.07 52.766 0.563263 0.00741117 
200 0.27 1227200000 551.312 11.4167 -54.5886 0.511036 3351.3 65.0938 1.72332e+07 1.10758e+06 -0.00121502 0.00236262 -0.00108259 0.00212357 0.0134232 0.000451772 0.000367703 2.95577e-05 0.102921 0.00159018 9.79029 1.77483 77.0116 9.98599 1118.27 47.2846 1205.07 52.766 1205.07 52.766 0.563263 0.00741117 
200 0.27 1228000000 551.312 11.4167 -54.5886 0.511036 3351.3 65.0938 1.72332e+07 1.10758e+06 -0.00121502 0.00236262 -0.00108259 0.00212357 0.0134232 0.000451772 0.000367703 2.95577e-05 0.102921 0.00159018 9.79029 1.77249 77.0116 9.98599 1118.27 47.268 1205.07 52.7336 1205.07 52.7336 0.563263 0.00740853 
200 0.27 1228800000 551.312 11.4167 -54.5886 0.511036 3351.3 65.0938 1.72332e+07 1.10758e+06 -0.00121502 0.00236262 -0.00108259 0.00212357 0.0134232 0.000451772 0.000367703 2.95577e-05 0.102921 0.00159018 9.79029 1.77249 77.0116 9.98599 1118.27 47.268 1205.07 52.7336 1205.07 52.7336 0.563263 0.00740853 
200 0.27 1229600000 551.312 11.4167 -54.5886 0.511036 3351.3 65.0938 1.72332e+07 1.10758e+06 -0.00121502 0.00236262 -0.00108259 0.00212357 0.0134232 0.000451772 0.000367703 2.95577e-05 0.102921 0.00159018 9.79029 1.77017 77.0116 9.98599 1118.27 47.272 1205.07 52.8005 1205.07 52.8005 0.563263 0.00740242 
200 0.27 1230400000 551.312 11.4167 -54.5886 0.511036 3351.3 65.0938 1.72332e+07 1.10758e+06 -0.00121502 0.00236262 -0.00108259 0.00212357 0.0134232 0.000451772 0.000367703 2.95577e-05 0.102921 0.00159018 9.79029 1.77017 77.0116 9.98599 1118.27 47.272 1205.07 52.8005 1205.07 52.8005 0.563263 0.00740242 
200 0.27 1231200000 551.312 11.4167 -54.5886 0.511036 3351.3 64.4091 1.72332e+07 1.09593e+06 -0.00121502 0.00236262 -0.00108259 0.00213688 0.0134232 0.000451772 0.000367703 2.95577e-05 0.102921 0.00159018 9.79029 1.76785 77.0116 9.98599 1118.27 47.231 1205.07 52.7526 1205.07 52.7526 0.563263 0.00739818 
200 0.27 1232000000 551.312 11.4167 -54.5886 0.511036 3351.3 64.4091 1.72332e+07 1.09593e+06 -0.00121502 0.00236262 -0.00108259 0.00213688 0.0134232 0.000451772 0.000367703 2.95577e-05 0.102921 0.00159018 9.79029 1.76785 77.0116 9.98599 1118.27 47.231 1205.07 52.7526 1205.07 52.7526 0.563263 0.00739818 
200 0.27 1232800000 551.312 11.4167 -54.5886 0.511036 3351.3 64.4091 1.72332e+07 1.09593e+06 -0.00121502 0.00236262 -0.00108259 0.00213688 0.0134232 0.000451772 0.000367703 2.95577e-05 0.102921 0.00159018 9.79029 1.76554 77.0116 9.98599 1118.27 47.19 1205.07 52.7047 1205.07 52.7047 0.563263 0.00739308 
200 0.27 1233600000 551.312 11.4167 -54.5886 0.511036 3351.3 64.4091 1.72332e+07 1.09593e+06 -0.00121502 0.00236262 -0.00108259 0.00213688 0.0134232 0.000451772 0.000367703 2.95577e-05 0.102921 0.00159018 9.79029 1.76554 77.0116 9.98599 1118.27 47.19 1205.07 52.7047 1205.07 52.7047 0.563263 0.00739308 
200 0.27 1234400000 551.312 11.4167 -54.5886 0.511036 3351.3 64.4091 1.72332e+07 1.09593e+06 -0.00121502 0.00236262 -0.00108259 0.00213688 0.0134232 0.000451772 0.000367703 2.95577e-05 0.102921 0.00159018 9.79029 1.76323 77.0116 9.98599 1118.27 47.1662 1205.07 52.6666 1205.07 52.6666 0.563263 0.00738464 
200 0.27 1235200000 551.312 11.4167 -54.5886 0.511036 3351.3 64.4091 1.72332e+07 1.09593e+06 -0.00121502 0.00236262 -0.00108259 0.00213688 0.0134232 0.000451772 0.000367703 2.95577e-05 0.102921 0.00159018 9.79029 1.76323 77.0116 9.98599 1118.27 47.1662 1205.07 52.6666 1205.07 52.6666 0.563263 0.00738464 
200 0.27 1236000000 551.312 11.4167 -54.5886 0.511036 3351.3 64.4091 1.72332e+07 1.09593e+06 -0.00121502 0.00236262 -0.00108259 0.00213688 0.0134232 0.000451772 0.000367703 2.95577e-05 0.102921 0.00159018 9.79029 1.76093 77.0116 9.98599 1118.27 47.1281 1205.07 52.6168 1205.07 52.6168 0.563263 0.00737857 
200 0.27 1236800000 551.312 11.4167 -54.5886 0.511036 3351.3 64.4091 1.72332e+07 1.09593e+06 -0.00121502 0.00236262 -0.00108259 0.00213688 0.0134232 0.000451772 0.000367703 2.95577e-05 0.102921 0.00159018 9.79029 1.76093 77.0116 9.98599 1118.27 47.1281 1205.07 52.6168 1205.07 52.6168 0.563263 0.00737857 
200 0.27 1237600000 551.312 11.4167 -54.5886 0.511036 3351.3 64.4091 1.72332e+07 1.09593e+06 -0.00121502 0.00236262 -0.00108259 0.00212636 0.0134232 0.000451772 0.000367703 2.95577e-05 0.102921 0.00159018 9.79029 1.75864 77.0116 9.98599 1118.27 47.0859 1205.07 52.568 1205.07 52.568 0.563263 0.00736894 
200 0.27 1238400000 551.312 11.4167 -54.5886 0.511036 3351.3 64.4091 1.72332e+07 1.09593e+06 -0.00121502 0.00236262 -0.00108259 0.00212636 0.0134232 0.000451772 0.000367703 2.95577e-05 0.102921 0.00159018 9.79029 1.75864 77.0116 9.98599 1118.27 47.0859 1205.07 52.568 1205.07 52.568 0.563263 0.00736894 
200 0.27 1239200000 551.312 11.4167 -54.5886 0.511036 3351.3 64.4091 1.72332e+07 1.09593e+06 -0.00121502 0.00236262 -0.00108259 0.00212636 0.0134232 0.000451772 0.000367703 2.95577e-05 0.102921 0.00159018 9.79029 1.75635 77.0116 9.98599 1118.27 47.0244 1205.07 52.5119 1205.07 52.5119 0.563263 0.00735973 
200 0.27 1240000000 551.312 11.4167 -54.5886 0.511036 3351.3 64.4091 1.72332e+07 1.09593e+06 -0.00121502 0.00236262 -0.00108259 0.00212636 0.0134232 0.000451772 0.000367703 2.95577e-05 0.102921 0.00159018 9.79029 1.75635 77.0116 9.98599 1118.27 47.0244 1205.07 52.5119 1205.07 52.5119 0.563263 0.00735973 
200 0.27 1240800000 551.312 11.4167 -54.5886 0.511036 3351.3 64.4091 1.72332e+07 1.09593e+06 -0.00121502 0.00236262 -0.00108259 0.00212636 0.0134232 0.000451772 0.000367703 2.95577e-05 0.102921 0.00159018 9.79029 1.75407 77.0116 9.98599 1118.27 46.9899 1205.07 52.5119 1205.07 52.5119 0.563263 0.00735067 
200 0.27 1241600000 551.312 11.4167 -54.5886 0.511036 3351.3 64.4091 1.72332e+07 1.09593e+06 -0.00121502 0.00236262 -0.00108259 0.00212636 0.0134232 0.000451772 0.000367703 2.95577e-05 0.102921 0.00159018 9.79029 1.75407 77.0116 9.98599 1118.27 46.9899 1205.07 52.5119 1205.07 52.5119 0.563263 0.00735067 
200 0.27 1242400000 551.312 11.4167 -54.5886 0.511036 3351.3 64.4091 1.72332e+07 1.09593e+06 -0.00121502 0.00236262 -0.00108259 0.00212636 0.0134232 0.000451772 0.000367703 2.95577e-05 0.102921 0.00159018 9.79029 1.75178 77.0116 9.98599 1118.27 46.9482 1205.07 52.5119 1205.07 52.5119 0.563263 0.00734115 
200 0.27 1243200000 551.312 11.4167 -54.5886 0.511036 3351.3 64.4091 1.72332e+07 1.09593e+06 -0.00121502 0.00236262 -0.00108259 0.00212636 0.0134232 0.000451772 0.000367703 2.95577e-05 0.102921 0.00159018 9.79029 1.75178 77.0116 9.98599 1118.27 46.9482 1205.07 52.5119 1205.07 52.5119 0.563263 0.00734115 
200 0.27 1244000000 553.497 11.2896 -54.7274 0.500846 3368.01 63.7451 1.73137e+07 1.08508e+06 -0.00100934 0.00217569 -0.0010142 0.00213907 0.0134184 0.000376915 0.000367012 2.51201e-05 0.102946 0.00136774 9.46161 1.74952 80.3814 9.78464 1124.3 46.9083 1214.14 52.3575 1214.14 52.3575 0.563002 0.00733785 
200 0.27 1244800000 553.497 11.2896 -54.7274 0.500846 3368.01 63.7451 1.73137e+07 1.08508e+06 -0.00100934 0.00217569 -0.0010142 0.00213907 0.0134184 0.000376915 0.000367012 2.51201e-05 0.102946 0.00136774 9.46161 1.74952 80.3814 9.78464 1124.3 46.9083 1214.14 52.3575 1214.14 52.3575 0.563002 0.00733785 
200 0.27 1245600000 553.497 11.2896 -54.7274 0.500846 3368.01 63.7451 1.73137e+07 1.08508e+06 -0.00100934 0.00217569 -0.0010142 0.00213907 0.0134184 0.000376915 0.000367012 2.51941e-05 0.102946 0.00136835 9.46161 1.74725 80.3814 9.77815 1124.3 46.8663 1214.14 52.3091 1214.14 52.3091 0.563002 0.00732847 
200 0.27 1246400000 553.497 11.2896 -54.7274 0.500846 3368.01 63.7451 1.73137e+07 1.08508e+06 -0.00100934 0.00217569 -0.0010142 0.00213907 0.0134184 0.000376915 0.000367012 2.51941e-05 0.102946 0.00136835 9.46161 1.74725 80.3814 9.77815 1124.3 46.8663 1214.14 52.3091 1214.14 52.3091 0.563002 0.00732847 
200 0.27 1247200000 553.497 11.2896 -54.7274 0.500846 3368.01 63.7451 1.73137e+07 1.08508e+06 -0.00100934 0.00217569 -0.0010142 0.00213907 0.0134184 0.000376915 0.000367012 2.52437e-05 0.102946 0.00136673 9.46161 1.74499 80.3814 9.77815 1124.3 46.8253 1214.14 52.2615 1214.14 52.2615 0.563002 0.00731896 
200 0.27 1248000000 553.497 11.2896 -54.7274 0.500846 3368.01 63.7451 1.73137e+07 1.08508e+06 -0.00100934 0.00217569 -0.0010142 0.00213907 0.0134184 0.000376915 0.000367012 2.52437e-05 0.102946 0.00136673 9.46161 1.74499 80.3814 9.77815 1124.3 46.8253 1214.14 52.2615 1214.14 52.2615 0.563002 0.00731896 
200 0.27 1248800000 553.497 11.2896 -54.7274 0.500846 3368.01 63.7451 1.73137e+07 1.08508e+06 -0.00100934 0.00217569 -0.0010142 0.00213907 0.0134184 0.000376915 0.000367012 2.52437e-05 0.102946 0.00136497 9.46161 1.74273 80.3814 9.77815 1124.3 46.784 1214.14 52.2137 1214.14 52.2137 0.563002 0.00730952 
200 0.27 1249600000 553.497 11.2896 -54.7274 0.500846 3368.01 63.7451 1.73137e+07 1.08508e+06 -0.00100934 0.00217569 -0.0010142 0.00213907 0.0134184 0.000376915 0.000367012 2.52437e-05 0.102946 0.00136497 9.46161 1.74273 80.3814 9.77815 1124.3 46.784 1214.14 52.2137 1214.14 52.2137 0.563002 0.00730952 
200 0.27 1250400000 553.497 11.2896 -54.7274 0.500846 3368.01 63.7451 1.73137e+07 1.08508e+06 -0.00100934 0.00217569 -0.0010142 0.00213907 0.0134184 0.000376915 0.000367012 2.5184e-05 0.102946 0.00136323 9.46161 1.74049 80.3814 9.77815 1124.3 46.7443 1214.14 52.1624 1214.14 52.1624 0.563002 0.00730685 
200 0.27 1251200000 553.497 11.2896 -54.7274 0.500846 3368.01 63.7451 1.73137e+07 1.08508e+06 -0.00100934 0.00217569 -0.0010142 0.00213907 0.0134184 0.000376915 0.000367012 2.5184e-05 0.102946 0.00136323 9.46161 1.74049 80.3814 9.77815 1124.3 46.7443 1214.14 52.1624 1214.14 52.1624 0.563002 0.00730685 
200 0.27 1252000000 553.497 11.2896 -54.7274 0.500846 3368.01 63.7451 1.73137e+07 1.08508e+06 -0.00100934 0.00217569 -0.0010142 0.00213907 0.0134184 0.000376915 0.000367012 2.5184e-05 0.102946 0.00136146 9.46161 1.73824 80.3814 9.77815 1124.3 46.707 1214.14 52.1135 1214.14 52.1135 0.563002 0.0073054 
200 0.27 1252800000 553.497 11.2896 -54.7274 0.500846 3368.01 63.7451 1.73137e+07 1.08508e+06 -0.00100934 0.00217569 -0.0010142 0.00213907 0.0134184 0.000376915 0.000367012 2.5184e-05 0.102946 0.00136146 9.46161 1.73824 80.3814 9.77815 1124.3 46.707 1214.14 52.1135 1214.14 52.1135 0.563002 0.0073054 
200 0.27 1253600000 553.497 11.2896 -54.7274 0.500846 3368.01 63.7451 1.73137e+07 1.08508e+06 -0.00100934 0.00217569 -0.0010142 0.00213907 0.0134184 0.000376915 0.000367012 2.51452e-05 0.102946 0.00136029 9.46161 1.736 80.3814 9.77815 1124.3 46.6666 1214.14 52.0667 1214.14 52.0667 0.563002 0.00729747 
200 0.27 1254400000 553.497 11.2896 -54.7274 0.500846 3368.01 63.7451 1.73137e+07 1.08508e+06 -0.00100934 0.00217569 -0.0010142 0.00213907 0.0134184 0.000376915 0.000367012 2.51452e-05 0.102946 0.00136029 9.46161 1.736 80.3814 9.77815 1124.3 46.6666 1214.14 52.0667 1214.14 52.0667 0.563002 0.00729747 
200 0.27 1255200000 553.497 11.2896 -54.7274 0.500846 3368.01 63.7451 1.73137e+07 1.08508e+06 -0.00100934 0.00217569 -0.0010142 0.00213907 0.0134184 0.000376915 0.000367012 2.51452e-05 0.102946 0.00135909 9.46161 1.73377 80.3814 9.77815 1124.3 46.6312 1214.14 52.0525 1214.14 52.0525 0.563002 0.00729479 
200 0.27 1256000000 553.497 11.2896 -54.7274 0.500846 3368.01 63.7451 1.73137e+07 1.08508e+06 -0.00100934 0.00217569 -0.0010142 0.00213907 0.0134184 0.000376915 0.000367012 2.51452e-05 0.102946 0.00135909 9.46161 1.73377 80.3814 9.77815 1124.3 46.6312 1214.14 52.0525 1214.14 52.0525 0.563002 0.00729479 
200 0.27 1256800000 553.497 11.2896 -54.7274 0.500846 3368.01 63.5771 1.73137e+07 1.07816e+06 -0.00100934 0.00217569 -0.0010142 0.00213907 0.0134184 0.000376915 0.000367012 2.50589e-05 0.102946 0.00136128 9.46161 1.73154 80.3814 9.77815 1124.3 46.6032 1214.14 52.0113 1214.14 52.0113 0.563002 0.00728575 
200 0.27 1257600000 553.497 11.2896 -54.7274 0.500846 3368.01 63.5771 1.73137e+07 1.07816e+06 -0.00100934 0.00217569 -0.0010142 0.00213907 0.0134184 0.000376915 0.000367012 2.50589e-05 0.102946 0.00136128 9.46161 1.73154 80.3814 9.77815 1124.3 46.6032 1214.14 52.0113 1214.14 52.0113 0.563002 0.00728575 
200 0.27 1258400000 553.497 11.2896 -54.7274 0.500846 3368.01 63.5771 1.73137e+07 1.07816e+06 -0.00100934 0.00217569 -0.0010142 0.00213907 0.0134184 0.000376915 0.000367012 2.50589e-05 0.102946 0.00135977 9.46161 1.72934 80.3814 9.77815 1124.3 46.562 1214.14 51.9637 1214.14 51.9637 0.563002 0.0072765 
200 0.27 1259200000 553.497 11.2896 -54.7274 0.500846 3368.01 63.5771 1.73137e+07 1.07816e+06 -0.00100934 0.00217569 -0.0010142 0.00213907 0.0134184 0.000376915 0.000367012 2.50589e-05 0.102946 0.00135977 9.46161 1.72934 80.3814 9.77815 1124.3 46.562 1214.14 51.9637 1214.14 51.9637 0.563002 0.0072765 
200 0.27 1260000000 553.497 11.2896 -54.7274 0.500846 3368.01 63.5771 1.73137e+07 1.07816e+06 -0.00100934 0.00217569 -0.0010142 0.00213907 0.0134184 0.000376915 0.000367012 2.5019e-05 0.102946 0.00135821 9.46161 1.72712 80.3814 9.77815 1124.3 46.5131 1214.14 51.9083 1214.14 51.9083 0.563002 0.00726716 
200 0.27 1260800000 553.497 11.2896 -54.7274 0.500846 3368.01 63.5771 1.73137e+07 1.07816e+06 -0.00100934 0.00217569 -0.0010142 0.00213907 0.0134184 0.000376915 0.000367012 2.5019e-05 0.102946 0.00135821 9.46161 1.72712 80.3814 9.77815 1124.3 46.5131 1214.14 51.9083 1214.14 51.9083 0.563002 0.00726716 
200 0.27 1261600000 553.497 11.2896 -54.7274 0.500846 3368.01 63.5771 1.73137e+07 1.07816e+06 -0.00100934 0.00217569 -0.0010142 0.00213907 0.0134184 0.000376915 0.000367012 2.5019e-05 0.102946 0.00135647 9.46161 1.72491 80.3814 9.77815 1124.3 46.4654 1214.14 51.8512 1214.14 51.8512 0.563002 0.00725786 
200 0.27 1262400000 553.497 11.2896 -54.7274 0.500846 3368.01 63.5771 1.73137e+07 1.07816e+06 -0.00100934 0.00217569 -0.0010142 0.00213907 0.0134184 0.000376915 0.000367012 2.5019e-05 0.102946 0.00135647 9.46161 1.72491 80.3814 9.77815 1124.3 46.4654 1214.14 51.8512 1214.14 51.8512 0.563002 0.00725786 
200 0.27 1263200000 553.497 11.2896 -54.7274 0.500846 3368.01 63.5771 1.73137e+07 1.07816e+06 -0.00100934 0.00217569 -0.0010142 0.00213907 0.0134184 0.000376915 0.000367012 2.49394e-05 0.102946 0.00135479 9.46161 1.72271 80.3814 9.77815 1124.3 46.4256 1214.14 51.8049 1214.14 51.8049 0.563002 0.00725026 
200 0.27 1264000000 553.497 11.2896 -54.7274 0.500846 3368.01 63.5771 1.73137e+07 1.07816e+06 -0.00100934 0.00217569 -0.0010142 0.00213907 0.0134184 0.000376915 0.000367012 2.49394e-05 0.102946 0.00135479 9.46161 1.72271 80.3814 9.77815 1124.3 46.4256 1214.14 51.8049 1214.14 51.8049 0.563002 0.00725026 
200 0.27 1264800000 553.497 11.2896 -54.7274 0.500846 3368.01 63.5771 1.73137e+07 1.07816e+06 -0.00100934 0.00217569 -0.0010142 0.00213907 0.0134184 0.000376915 0.000367012 2.49394e-05 0.102946 0.00135393 9.46161 1.7205 80.3814 9.77815 1124.3 46.5986 1214.14 51.9388 1214.14 51.9388 0.563002 0.00726143 
200 0.27 1265600000 553.497 11.2896 -54.7274 0.500846 3368.01 63.5771 1.73137e+07 1.07816e+06 -0.00100934 0.00217569 -0.0010142 0.00213907 0.0134184 0.000376915 0.000367012 2.49394e-05 0.102946 0.00135393 9.46161 1.7205 80.3814 9.77815 1124.3 46.5986 1214.14 51.9388 1214.14 51.9388 0.563002 0.00726143 
200 0.27 1266400000 553.497 11.2896 -54.7274 0.500846 3368.01 63.5771 1.73137e+07 1.07816e+06 -0.00100934 0.00217569 -0.0010142 0.00213907 0.0134184 0.000376915 0.000367012 2.49064e-05 0.102946 0.00135242 9.46161 1.71831 80.3814 9.77815 1124.3 46.5783 1214.14 51.9054 1214.14 51.9054 0.563002 0.00725226 
200 0.27 1267200000 553.497 11.2896 -54.7274 0.500846 3368.01 63.5771 1.73137e+07 1.07816e+06 -0.00100934 0.00217569 -0.0010142 0.00213907 0.0134184 0.000376915 0.000367012 2.49064e-05 0.102946 0.00135242 9.46161 1.71831 80.3814 9.77815 1124.3 46.5783 1214.14 51.9054 1214.14 51.9054 0.563002 0.00725226 
200 0.27 1268000000 553.497 11.2896 -54.7274 0.500846 3368.01 63.5771 1.73137e+07 1.07816e+06 -0.00100934 0.00217569 -0.0010142 0.00213907 0.0134184 0.000376915 0.000367012 2.49064e-05 0.102946 0.00135134 9.46161 1.71613 80.3814 9.77815 1124.3 46.5286 1214.14 51.8464 1214.14 51.8464 0.563002 0.007243 
200 0.27 1268800000 553.497 11.2896 -54.7274 0.500846 3368.01 63.5771 1.73137e+07 1.07816e+06 -0.00100934 0.00217569 -0.0010142 0.00213907 0.0134184 0.000376915 0.000367012 2.49064e-05 0.102946 0.00135134 9.46161 1.71613 80.3814 9.77815 1124.3 46.5286 1214.14 51.8464 1214.14 51.8464 0.563002 0.007243 
200 0.27 1269600000 553.497 11.2896 -54.7274 0.49588 3368.01 62.9487 1.73137e+07 1.06883e+06 -0.00100934 0.00217569 -0.0010142 0.00209835 0.0134184 0.000376915 0.000367012 2.48234e-05 0.102946 0.00134963 9.46161 1.71395 80.3814 9.62465 1124.3 46.4889 1214.14 51.8004 1214.14 51.8004 0.563002 0.00723397 
200 0.27 1270400000 553.497 11.2896 -54.7274 0.49588 3368.01 62.9487 1.73137e+07 1.06883e+06 -0.00100934 0.00217569 -0.0010142 0.00209835 0.0134184 0.000376915 0.000367012 2.48234e-05 0.102946 0.00134963 9.46161 1.71395 80.3814 9.62465 1124.3 46.4889 1214.14 51.8004 1214.14 51.8004 0.563002 0.00723397 
200 0.27 1271200000 553.497 11.2896 -54.7274 0.49588 3368.01 62.9487 1.73137e+07 1.06883e+06 -0.00100934 0.00217569 -0.0010142 0.00209835 0.0134184 0.000376915 0.000367012 2.48234e-05 0.102946 0.00134844 9.46161 1.71178 80.3814 9.61283 1124.3 46.4487 1214.14 51.7542 1214.14 51.7542 0.563002 0.00722478 
200 0.27 1272000000 553.497 11.2896 -54.7274 0.49588 3368.01 62.9487 1.73137e+07 1.06883e+06 -0.00100934 0.00217569 -0.0010142 0.00209835 0.0134184 0.000376915 0.000367012 2.48234e-05 0.102946 0.00134844 9.46161 1.71178 80.3814 9.61283 1124.3 46.4487 1214.14 51.7542 1214.14 51.7542 0.563002 0.00722478 
200 0.27 1272800000 553.497 11.2896 -54.7274 0.49588 3368.01 62.9487 1.73137e+07 1.06883e+06 -0.00100934 0.00217569 -0.0010142 0.00209835 0.0134184 0.000376915 0.000367012 2.47973e-05 0.102946 0.00134696 9.46161 1.70961 80.3814 9.60099 1124.3 46.4093 1214.14 51.7086 1214.14 51.7086 0.563002 0.00721596 
200 0.27 1273600000 553.497 11.2896 -54.7274 0.49588 3368.01 62.9487 1.73137e+07 1.06883e+06 -0.00100934 0.00217569 -0.0010142 0.00209835 0.0134184 0.000376915 0.000367012 2.47973e-05 0.102946 0.00134696 9.46161 1.70961 80.3814 9.60099 1124.3 46.4093 1214.14 51.7086 1214.14 51.7086 0.563002 0.00721596 
200 0.27 1274400000 553.497 11.2896 -54.7274 0.49588 3368.01 62.9487 1.73137e+07 1.06883e+06 -0.00100934 0.00217569 -0.0010142 0.00209835 0.0134184 0.000376915 0.000367012 2.47973e-05 0.102946 0.00134756 9.46161 1.70744 80.3814 9.58889 1124.3 46.3554 1214.14 51.6468 1214.14 51.6468 0.563002 0.00720874 
200 0.27 1275200000 553.497 11.2896 -54.7274 0.49588 3368.01 62.9487 1.73137e+07 1.06883e+06 -0.00100934 0.00217569 -0.0010142 0.00209835 0.0134184 0.000376915 0.000367012 2.47973e-05 0.102946 0.00134756 9.46161 1.70744 80.3814 9.58889 1124.3 46.3554 1214.14 51.6468 1214.14 51.6468 0.563002 0.00720874 
200 0.27 1276000000 553.497 11.2896 -54.7274 0.49588 3368.01 62.9487 1.73137e+07 1.06883e+06 -0.00100934 0.00217569 -0.0010142 0.00209835 0.0134184 0.000376915 0.000367012 2.47021e-05 0.102946 0.00134588 9.46161 1.70528 80.3814 9.58737 1124.3 46.3172 1214.14 51.6017 1214.14 51.6017 0.563002 0.00721931 
200 0.27 1276800000 553.497 11.2896 -54.7274 0.49588 3368.01 62.9487 1.73137e+07 1.06883e+06 -0.00100934 0.00217569 -0.0010142 0.00209835 0.0134184 0.000376915 0.000367012 2.47021e-05 0.102946 0.00134588 9.46161 1.70528 80.3814 9.58737 1124.3 46.3172 1214.14 51.6017 1214.14 51.6017 0.563002 0.00721931 
200 0.27 1277600000 553.497 11.2896 -54.7274 0.49588 3368.01 62.9487 1.73137e+07 1.06883e+06 -0.00100934 0.00217569 -0.0010142 0.00209835 0.0134184 0.000376915 0.000367012 2.47021e-05 0.102946 0.00134421 9.46161 1.70313 80.3814 9.58737 1124.3 46.2779 1214.14 51.556 1214.14 51.556 0.563002 0.00721418 
200 0.27 1278400000 553.497 11.2896 -54.7274 0.49588 3368.01 62.9487 1.73137e+07 1.06883e+06 -0.00100934 0.00217569 -0.0010142 0.00209835 0.0134184 0.000376915 0.000367012 2.47021e-05 0.102946 0.00134421 9.46161 1.70313 80.3814 9.58737 1124.3 46.2779 1214.14 51.556 1214.14 51.556 0.563002 0.00721418 
200 0.27 1279200000 553.497 11.2896 -54.7274 0.49588 3368.01 62.9487 1.73137e+07 1.06883e+06 -0.00100934 0.00217569 -0.0010142 0.00209835 0.0134184 0.000376915 0.000367012 2.46801e-05 0.102946 0.00134338 9.46161 1.70097 80.3814 9.58737 1124.3 46.2387 1214.14 51.5105 1214.14 51.5105 0.563002 0.00720605 
200 0.27 1280000000 553.497 11.2896 -54.7274 0.49588 3368.01 62.9487 1.73137e+07 1.06883e+06 -0.00100934 0.00217569 -0.0010142 0.00209835 0.0134184 0.000376915 0.000367012 2.46801e-05 0.102946 0.00134338 9.46161 1.70097 80.3814 9.58737 1124.3 46.2387 1214.14 51.5105 1214.14 51.5105 0.563002 0.00720605 
200 0.27 1280800000 553.497 11.2896 -54.7274 0.49588 3368.01 62.9487 1.73137e+07 1.06883e+06 -0.00100934 0.00217569 -0.0010142 0.00209835 0.0134184 0.000376915 0.000367012 2.46801e-05 0.102946 0.00134196 9.46161 1.69884 80.3814 9.58737 1124.3 46.1978 1214.14 51.4637 1214.14 51.4637 0.563002 0.00720287 
200 0.27 1281600000 553.497 11.2896 -54.7274 0.49588 3368.01 62.9487 1.73137e+07 1.06883e+06 -0.00100934 0.00217569 -0.0010142 0.00209835 0.0134184 0.000376915 0.000367012 2.46801e-05 0.102946 0.00134196 9.46161 1.69884 80.3814 9.58737 1124.3 46.1978 1214.14 51.4637 1214.14 51.4637 0.563002 0.00720287 
200 0.27 1282400000 553.497 11.2896 -54.7274 0.49588 3368.01 62.4361 1.73137e+07 1.05945e+06 -0.00100934 0.00217569 -0.0010142 0.00209835 0.0134184 0.000376915 0.000367012 2.46662e-05 0.102946 0.00134157 9.46161 1.69671 80.3814 9.58737 1124.3 46.1577 1214.14 51.4174 1214.14 51.4174 0.563002 0.00719382 
200 0.27 1283200000 553.497 11.2896 -54.7274 0.49588 3368.01 62.4361 1.73137e+07 1.05945e+06 -0.00100934 0.00217569 -0.0010142 0.00209835 0.0134184 0.000376915 0.000367012 2.46662e-05 0.102946 0.00134157 9.46161 1.69671 80.3814 9.58737 1124.3 46.1577 1214.14 51.4174 1214.14 51.4174 0.563002 0.00719382 
200 0.27 1284000000 553.497 11.2896 -54.7274 0.49588 3368.01 62.4361 1.73137e+07 1.05945e+06 -0.00100934 0.00217569 -0.0010142 0.00209835 0.0134184 0.000376915 0.000367012 2.46662e-05 0.102946 0.00133995 9.46161 1.69458 80.3814 9.58737 1124.3 46.1171 1214.14 51.3706 1214.14 51.3706 0.563002 0.00718545 
200 0.27 1284800000 553.497 11.2896 -54.7274 0.49588 3368.01 62.4361 1.73137e+07 1.05945e+06 -0.00100934 0.00217569 -0.0010142 0.00209835 0.0134184 0.000376915 0.000367012 2.46662e-05 0.102946 0.00133995 9.46161 1.69458 80.3814 9.58737 1124.3 46.1171 1214.14 51.3706 1214.14 51.3706 0.563002 0.00718545 
200 0.27 1285600000 553.497 11.2896 -54.7274 0.49588 3368.01 62.4361 1.73137e+07 1.05945e+06 -0.00100934 0.00217569 -0.0010142 0.00209835 0.0134184 0.000376915 0.000367012 2.46662e-05 0.102946 0.0013385 9.46161 1.69245 80.3814 9.61491 1124.3 46.1495 1214.14 51.4884 1214.14 51.4884 0.563002 0.00717667 
200 0.27 1286400000 553.497 11.2896 -54.7274 0.49588 3368.01 62.4361 1.73137e+07 1.05945e+06 -0.00100934 0.00217569 -0.0010142 0.00209835 0.0134184 0.000376915 0.000367012 2.46662e-05 0.102946 0.0013385 9.46161 1.69245 80.3814 9.61491 1124.3 46.1495 1214.14 51.4884 1214.14 51.4884 0.563002 0.00717667 
200 0.27 1287200000 553.497 11.2896 -54.7274 0.49588 3368.01 62.4361 1.73137e+07 1.05945e+06 -0.00100934 0.00217569 -0.0010142 0.00209835 0.0134184 0.000376915 0.000367012 2.46662e-05 0.102946 0.00133696 9.46161 1.69033 80.3814 9.60318 1124.3 46.1108 1214.14 51.4434 1214.14 51.4434 0.563002 0.00716823 
200 0.27 1288000000 553.497 11.2896 -54.7274 0.49588 3368.01 62.4361 1.73137e+07 1.05945e+06 -0.00100934 0.00217569 -0.0010142 0.00209835 0.0134184 0.000376915 0.000367012 2.46662e-05 0.102946 0.00133696 9.46161 1.69033 80.3814 9.60318 1124.3 46.1108 1214.14 51.4434 1214.14 51.4434 0.563002 0.00716823 
200 0.27 1288800000 553.497 11.2896 -54.7274 0.49588 3368.01 62.4361 1.73137e+07 1.05945e+06 -0.00100934 0.00217569 -0.0010142 0.00209835 0.0134184 0.000376915 0.000367012 2.46662e-05 0.102946 0.00133704 9.46161 1.68822 80.3814 9.5915 1124.3 46.0723 1214.14 51.3986 1214.14 51.3986 0.563002 0.00716244 
200 0.27 1289600000 553.497 11.2896 -54.7274 0.49588 3368.01 62.4361 1.73137e+07 1.05945e+06 -0.00100934 0.00217569 -0.0010142 0.00209835 0.0134184 0.000376915 0.000367012 2.46662e-05 0.102946 0.00133704 9.46161 1.68822 80.3814 9.5915 1124.3 46.0723 1214.14 51.3986 1214.14 51.3986 0.563002 0.00716244 
200 0.27 1290400000 553.497 11.2896 -54.7274 0.49588 3368.01 62.4361 1.73137e+07 1.05945e+06 -0.00100934 0.00217569 -0.0010142 0.00209835 0.0134184 0.000376915 0.000367012 2.46662e-05 0.102946 0.00133611 9.46161 1.6861 80.3814 9.58737 1124.3 46.0248 1214.14 51.3449 1214.14 51.3449 0.563002 0.00715346 
200 0.27 1291200000 553.497 11.2896 -54.7274 0.49588 3368.01 62.4361 1.73137e+07 1.05945e+06 -0.00100934 0.00217569 -0.0010142 0.00209835 0.0134184 0.000376915 0.000367012 2.46662e-05 0.102946 0.00133611 9.46161 1.6861 80.3814 9.58737 1124.3 46.0248 1214.14 51.3449 1214.14 51.3449 0.563002 0.00715346 
200 0.27 1292000000 553.497 11.2896 -54.7274 0.49588 3368.01 62.4361 1.73137e+07 1.05945e+06 -0.00100934 0.00217569 -0.0010142 0.00209835 0.0134184 0.000376915 0.000367012 2.46662e-05 0.102946 0.00133685 9.46161 1.68399 80.3814 9.58737 1124.3 45.9699 1214.14 51.2822 1214.14 51.2822 0.563002 0.00714746 
200 0.27 1292800000 553.497 11.2896 -54.7274 0.49588 3368.01 62.4361 1.73137e+07 1.05945e+06 -0.00100934 0.00217569 -0.0010142 0.00209835 0.0134184 0.000376915 0.000367012 2.46662e-05 0.102946 0.00133685 9.46161 1.68399 80.3814 9.58737 1124.3 45.9699 1214.14 51.2822 1214.14 51.2822 0.563002 0.00714746 
200 0.27 1293600000 553.497 11.2896 -54.7274 0.49588 3368.01 62.4361 1.73137e+07 1.05945e+06 -0.00100934 0.00217569 -0.0010142 0.00209835 0.0134184 0.000376915 0.000367012 2.46662e-05 0.102946 0.00133531 9.46161 1.6819 80.3814 9.58737 1124.3 45.9142 1214.14 51.2204 1214.14 51.2204 0.563002 0.00713927 
200 0.27 1294400000 553.497 11.2896 -54.7274 0.49588 3368.01 62.4361 1.73137e+07 1.05945e+06 -0.00100934 0.00217569 -0.0010142 0.00209835 0.0134184 0.000376915 0.000367012 2.46662e-05 0.102946 0.00133531 9.46161 1.6819 80.3814 9.58737 1124.3 45.9142 1214.14 51.2204 1214.14 51.2204 0.563002 0.00713927 
200 0.27 1295200000 553.497 10.8811 -54.7274 0.490071 3368.01 61.9719 1.73137e+07 1.05085e+06 -0.00100934 0.00217467 -0.0010142 0.00206496 0.0134184 0.000376915 0.000367012 2.46662e-05 0.102946 0.00133371 9.46161 1.67982 80.3814 9.54476 1124.3 45.9882 1214.14 51.2685 1214.14 51.2685 0.563002 0.0071495 
200 0.27 1296000000 553.497 10.8811 -54.7274 0.490071 3368.01 61.9719 1.73137e+07 1.05085e+06 -0.00100934 0.00217467 -0.0010142 0.00206496 0.0134184 0.000376915 0.000367012 2.46662e-05 0.102946 0.00133371 9.46161 1.67982 80.3814 9.54476 1124.3 45.9882 1214.14 51.2685 1214.14 51.2685 0.563002 0.0071495 
200 0.27 1296800000 553.497 10.8811 -54.7274 0.490071 3368.01 61.9719 1.73137e+07 1.05085e+06 -0.00100934 0.00217467 -0.0010142 0.00206496 0.0134184 0.000376915 0.000367012 2.46662e-05 0.102946 0.00133432 9.46161 1.67772 80.3814 9.53316 1124.3 45.9436 1214.14 51.2177 1214.14 51.2177 0.563002 0.0071432 
200 0.27 1297600000 553.497 10.8811 -54.7274 0.490071 3368.01 61.9719 1.73137e+07 1.05085e+06 -0.00100934 0.00217467 -0.0010142 0.00206496 0.0134184 0.000376915 0.000367012 2.46662e-05 0.102946 0.00133432 9.46161 1.67772 80.3814 9.53316 1124.3 45.9436 1214.14 51.2177 1214.14 51.2177 0.563002 0.0071432 
200 0.27 1298400000 553.497 10.8811 -54.7274 0.490071 3368.01 61.9719 1.73137e+07 1.05085e+06 -0.00100934 0.00217467 -0.0010142 0.00206496 0.0134184 0.000376915 0.000367012 2.46662e-05 0.102946 0.00133266 9.46161 1.67563 80.3814 9.52145 1124.3 45.8972 1214.14 51.1626 1214.14 51.1626 0.563002 0.00713445 
200 0.27 1299200000 553.497 10.8811 -54.7274 0.490071 3368.01 61.9719 1.73137e+07 1.05085e+06 -0.00100934 0.00217467 -0.0010142 0.00206496 0.0134184 0.000376915 0.000367012 2.46662e-05 0.102946 0.00133266 9.46161 1.67563 80.3814 9.52145 1124.3 45.8972 1214.14 51.1626 1214.14 51.1626 0.563002 0.00713445 
200 0.27 1300000000 553.497 10.8811 -54.7274 0.490071 3368.01 61.9719 1.73137e+07 1.05085e+06 -0.00100934 0.00217467 -0.0010142 0.00206496 0.0134184 0.000376915 0.000367012 2.46662e-05 0.102946 0.00133214 9.46161 1.67355 80.3814 9.50976 1124.3 45.8589 1214.14 51.1144 1214.14 51.1144 0.563002 0.0071257 
200 0.27 1300800000 553.497 10.8811 -54.7274 0.490071 3368.01 61.9719 1.73137e+07 1.05085e+06 -0.00100934 0.00217467 -0.0010142 0.00206496 0.0134184 0.000376915 0.000367012 2.46662e-05 0.102946 0.00133214 9.46161 1.67355 80.3814 9.50976 1124.3 45.8589 1214.14 51.1144 1214.14 51.1144 0.563002 0.0071257 
200 0.27 1301600000 553.497 10.8811 -54.7274 0.490071 3368.01 61.9719 1.73137e+07 1.05085e+06 -0.00100934 0.00217467 -0.0010142 0.00206078 0.0134184 0.000376915 0.000367012 2.46662e-05 0.102946 0.00133098 9.46161 1.67148 80.3814 9.4983 1124.3 45.8045 1214.14 51.0541 1214.14 51.0541 0.563002 0.00712494 
200 0.27 1302400000 553.497 10.8811 -54.7274 0.490071 3368.01 61.9719 1.73137e+07 1.05085e+06 -0.00100934 0.00217467 -0.0010142 0.00206078 0.0134184 0.000376915 0.000367012 2.46662e-05 0.102946 0.00133098 9.46161 1.67148 80.3814 9.4983 1124.3 45.8045 1214.14 51.0541 1214.14 51.0541 0.563002 0.00712494 
200 0.27 1303200000 553.497 10.8811 -54.7274 0.490071 3368.01 61.9719 1.73137e+07 1.05085e+06 -0.00100934 0.00217467 -0.0010142 0.00206078 0.0134184 0.000376915 0.000367012 2.46662e-05 0.102946 0.00133068 9.46161 1.66942 80.3814 9.48686 1124.3 45.7661 1214.14 51.0097 1214.14 51.0097 0.563002 0.00711649 
200 0.27 1304000000 553.497 10.8811 -54.7274 0.490071 3368.01 61.9719 1.73137e+07 1.05085e+06 -0.00100934 0.00217467 -0.0010142 0.00206078 0.0134184 0.000376915 0.000367012 2.46662e-05 0.102946 0.00133068 9.46161 1.66942 80.3814 9.48686 1124.3 45.7661 1214.14 51.0097 1214.14 51.0097 0.563002 0.00711649 
200 0.27 1304800000 553.497 10.8811 -54.7274 0.490071 3368.01 61.9719 1.73137e+07 1.05085e+06 -0.00100934 0.00217467 -0.0010142 0.00206078 0.0134184 0.000376915 0.000367012 2.46662e-05 0.102946 0.00132913 9.46161 1.66736 80.3814 9.47545 1124.3 45.7338 1214.14 50.9659 1214.14 50.9659 0.563002 0.00711599 
200 0.27 1305600000 553.497 10.8811 -54.7274 0.490071 3368.01 61.9719 1.73137e+07 1.05085e+06 -0.00100934 0.00217467 -0.0010142 0.00206078 0.0134184 0.000376915 0.000367012 2.46662e-05 0.102946 0.00132913 9.46161 1.66736 80.3814 9.47545 1124.3 45.7338 1214.14 50.9659 1214.14 50.9659 0.563002 0.00711599 
200 0.27 1306400000 553.497 10.8811 -54.7274 0.490071 3368.01 61.9719 1.73137e+07 1.05085e+06 -0.00100934 0.00217467 -0.0010142 0.00206078 0.0134184 0.000376915 0.000367012 2.46662e-05 0.102946 0.00132913 9.46161 1.6653 80.3814 9.46405 1124.3 45.6959 1214.14 50.9218 1214.14 50.9218 0.563002 0.00710903 
200 0.27 1307200000 553.497 10.8811 -54.7274 0.490071 3368.01 61.9719 1.73137e+07 1.05085e+06 -0.00100934 0.00217467 -0.0010142 0.00206078 0.0134184 0.000376915 0.000367012 2.46662e-05 0.102946 0.00132913 9.46161 1.6653 80.3814 9.46405 1124.3 45.6959 1214.14 50.9218 1214.14 50.9218 0.563002 0.00710903 
200 0.27 1308000000 553.497 10.8811 -54.7274 0.490071 3368.01 61.3695 1.73137e+07 1.04075e+06 -0.00100934 0.00217467 -0.0010142 0.00205805 0.0134184 0.000376915 0.000367012 2.46662e-05 0.102946 0.00132913 9.46161 1.66325 80.3814 9.45264 1124.3 45.6571 1214.14 50.8768 1214.14 50.8768 0.563002 0.00710092 
200 0.27 1308800000 553.497 10.8811 -54.7274 0.490071 3368.01 61.3695 1.73137e+07 1.04075e+06 -0.00100934 0.00217467 -0.0010142 0.00205805 0.0134184 0.000376915 0.000367012 2.46662e-05 0.102946 0.00132913 9.46161 1.66325 80.3814 9.45264 1124.3 45.6571 1214.14 50.8768 1214.14 50.8768 0.563002 0.00710092 
200 0.27 1309600000 553.497 10.8811 -54.7274 0.490071 3368.01 61.3695 1.73137e+07 1.04075e+06 -0.00100934 0.00217467 -0.0010142 0.00205805 0.0134184 0.000376915 0.000367012 2.46662e-05 0.102946 0.00132913 9.46161 1.6612 80.3814 9.4413 1124.3 45.6187 1214.14 50.8323 1214.14 50.8323 0.563002 0.00709396 
200 0.27 1310400000 553.497 10.8811 -54.7274 0.490071 3368.01 61.3695 1.73137e+07 1.04075e+06 -0.00100934 0.00217467 -0.0010142 0.00205805 0.0134184 0.000376915 0.000367012 2.46662e-05 0.102946 0.00132913 9.46161 1.6612 80.3814 9.4413 1124.3 45.6187 1214.14 50.8323 1214.14 50.8323 0.563002 0.00709396 
200 0.27 1311200000 553.497 10.8811 -54.7274 0.490071 3368.01 61.3695 1.73137e+07 1.04075e+06 -0.00100934 0.00217467 -0.0010142 0.00205805 0.0134184 0.000376915 0.000367012 2.46662e-05 0.102946 0.00132913 9.46161 1.65917 80.3814 9.43001 1124.3 45.5815 1214.14 50.7892 1214.14 50.7892 0.563002 0.00708751 
200 0.27 1312000000 553.497 10.8811 -54.7274 0.490071 3368.01 61.3695 1.73137e+07 1.04075e+06 -0.00100934 0.00217467 -0.0010142 0.00205805 0.0134184 0.000376915 0.000367012 2.46662e-05 0.102946 0.00132913 9.46161 1.65917 80.3814 9.43001 1124.3 45.5815 1214.14 50.7892 1214.14 50.7892 0.563002 0.00708751 
200 0.27 1312800000 553.497 10.8811 -54.7274 0.490071 3368.01 61.3695 1.73137e+07 1.04075e+06 -0.00100934 0.00217467 -0.0010142 0.00205805 0.0134184 0.000376915 0.000367012 2.46662e-05 0.102946 0.00132913 9.46161 1.65713 80.3814 9.41873 1124.3 45.5428 1214.14 50.7445 1214.14 50.7445 0.563002 0.00707985 
200 0.27 1313600000 553.497 10.8811 -54.7274 0.490071 3368.01 61.3695 1.73137e+07 1.04075e+06 -0.00100934 0.00217467 -0.0010142 0.00205805 0.0134184 0.000376915 0.000367012 2.46662e-05 0.102946 0.00132913 9.46161 1.65713 80.3814 9.41873 1124.3 45.5428 1214.14 50.7445 1214.14 50.7445 0.563002 0.00707985 
200 0.27 1314400000 553.497 10.8811 -54.7274 0.490071 3368.01 61.3695 1.73137e+07 1.04075e+06 -0.00100934 0.00217467 -0.0010142 0.00205805 0.0134184 0.000376915 0.000367012 2.46662e-05 0.102946 0.00132913 9.46161 1.65509 80.3814 9.40743 1124.3 45.5638 1214.14 50.7472 1214.14 50.7472 0.563002 0.00708914 
200 0.27 1315200000 553.497 10.8811 -54.7274 0.490071 3368.01 61.3695 1.73137e+07 1.04075e+06 -0.00100934 0.00217467 -0.0010142 0.00205805 0.0134184 0.000376915 0.000367012 2.46662e-05 0.102946 0.00132913 9.46161 1.65509 80.3814 9.40743 1124.3 45.5638 1214.14 50.7472 1214.14 50.7472 0.563002 0.00708914 
200 0.27 1316000000 553.497 10.8811 -54.7274 0.490071 3368.01 61.3695 1.73137e+07 1.04075e+06 -0.00100934 0.00217467 -0.0010142 0.00205805 0.0134184 0.000376915 0.000367012 2.46662e-05 0.102946 0.00132913 9.46161 1.65306 80.3814 9.39905 1124.3 45.5266 1214.14 50.7038 1214.14 50.7038 0.563002 0.00708734 
200 0.27 1316800000 553.497 10.8811 -54.7274 0.490071 3368.01 61.3695 1.73137e+07 1.04075e+06 -0.00100934 0.00217467 -0.0010142 0.00205805 0.0134184 0.000376915 0.000367012 2.46662e-05 0.102946 0.00132913 9.46161 1.65306 80.3814 9.39905 1124.3 45.5266 1214.14 50.7038 1214.14 50.7038 0.563002 0.00708734 
200 0.27 1317600000 553.497 10.8811 -54.7274 0.490071 3368.01 61.3695 1.73137e+07 1.04075e+06 -0.00100934 0.00217467 -0.0010142 0.00205805 0.0134184 0.000376915 0.000367012 2.46662e-05 0.102946 0.00132913 9.46161 1.65103 80.3814 9.39905 1124.3 45.473 1214.14 50.6442 1214.14 50.6442 0.563002 0.00707873 
200 0.27 1318400000 553.497 10.8811 -54.7274 0.490071 3368.01 61.3695 1.73137e+07 1.04075e+06 -0.00100934 0.00217467 -0.0010142 0.00205805 0.0134184 0.000376915 0.000367012 2.46662e-05 0.102946 0.00132913 9.46161 1.65103 80.3814 9.39905 1124.3 45.473 1214.14 50.6442 1214.14 50.6442 0.563002 0.00707873 
200 0.27 1319200000 553.497 10.8811 -54.7274 0.490071 3368.01 61.3695 1.73137e+07 1.04075e+06 -0.00100934 0.00217467 -0.0010142 0.00205805 0.0134184 0.000376915 0.000367012 2.46662e-05 0.102946 0.00132913 9.46161 1.64901 80.3814 9.39905 1124.3 45.4247 1214.14 50.5901 1214.14 50.5901 0.563002 0.00707401 
200 0.27 1320000000 553.497 10.8811 -54.7274 0.490071 3368.01 61.3695 1.73137e+07 1.04075e+06 -0.00100934 0.00217467 -0.0010142 0.00205805 0.0134184 0.000376915 0.000367012 2.46662e-05 0.102946 0.00132913 9.46161 1.64901 80.3814 9.39905 1124.3 45.4247 1214.14 50.5901 1214.14 50.5901 0.563002 0.00707401 
200 0.27 1320800000 553.497 10.8811 -54.7274 0.483676 3368.01 61.356 1.73137e+07 1.03471e+06 -0.00100934 0.00217467 -0.0010142 0.0020386 0.0134184 0.000376915 0.000367012 2.46662e-05 0.102946 0.00132913 9.46161 1.647 80.3814 9.36242 1124.3 45.3881 1214.14 50.5476 1214.14 50.5476 0.563002 0.00706914 
200 0.27 1321600000 553.497 10.8811 -54.7274 0.483676 3368.01 61.356 1.73137e+07 1.03471e+06 -0.00100934 0.00217467 -0.0010142 0.0020386 0.0134184 0.000376915 0.000367012 2.46662e-05 0.102946 0.00132913 9.46161 1.647 80.3814 9.36242 1124.3 45.3881 1214.14 50.5476 1214.14 50.5476 0.563002 0.00706914 
200 0.27 1322400000 553.497 10.8811 -54.7274 0.483676 3368.01 61.356 1.73137e+07 1.03471e+06 -0.00100934 0.00217467 -0.0010142 0.0020386 0.0134184 0.000376915 0.000367012 2.46662e-05 0.102946 0.00132913 9.46161 1.645 80.3814 9.35136 1124.3 45.3506 1214.14 50.5043 1214.14 50.5043 0.563002 0.00706049 
200 0.27 1323200000 553.497 10.8811 -54.7274 0.483676 3368.01 61.356 1.73137e+07 1.03471e+06 -0.00100934 0.00217467 -0.0010142 0.0020386 0.0134184 0.000376915 0.000367012 2.46662e-05 0.102946 0.00132913 9.46161 1.645 80.3814 9.35136 1124.3 45.3506 1214.14 50.5043 1214.14 50.5043 0.563002 0.00706049 
200 0.27 1324000000 553.497 10.8811 -54.7274 0.483676 3368.01 61.356 1.73137e+07 1.03471e+06 -0.00100934 0.00217467 -0.0010142 0.0020386 0.0134184 0.000376915 0.000367012 2.46662e-05 0.102946 0.00132913 9.46161 1.64299 80.3814 9.34031 1124.3 45.321 1214.14 50.4632 1214.14 50.4632 0.563002 0.00705463 
200 0.27 1324800000 553.497 10.8811 -54.7274 0.483676 3368.01 61.356 1.73137e+07 1.03471e+06 -0.00100934 0.00217467 -0.0010142 0.0020386 0.0134184 0.000376915 0.000367012 2.46662e-05 0.102946 0.00132913 9.46161 1.64299 80.3814 9.34031 1124.3 45.321 1214.14 50.4632 1214.14 50.4632 0.563002 0.00705463 
200 0.27 1325600000 553.497 10.8811 -54.7274 0.483676 3368.01 61.356 1.73137e+07 1.03471e+06 -0.00100934 0.00217467 -0.0010142 0.0020386 0.0134184 0.000376915 0.000367012 2.46662e-05 0.102946 0.00132913 9.46161 1.64099 80.3814 9.32921 1124.3 45.2824 1214.14 50.4186 1214.14 50.4186 0.563002 0.00704662 
200 0.27 1326400000 553.497 10.8811 -54.7274 0.483676 3368.01 61.356 1.73137e+07 1.03471e+06 -0.00100934 0.00217467 -0.0010142 0.0020386 0.0134184 0.000376915 0.000367012 2.46662e-05 0.102946 0.00132913 9.46161 1.64099 80.3814 9.32921 1124.3 45.2824 1214.14 50.4186 1214.14 50.4186 0.563002 0.00704662 
200 0.27 1327200000 553.497 10.8811 -54.7274 0.483676 3368.01 61.356 1.73137e+07 1.03471e+06 -0.00100934 0.00217467 -0.0010142 0.00206404 0.0134184 0.000376915 0.000367012 2.46662e-05 0.102946 0.00132913 9.46161 1.63899 80.3814 9.31802 1124.3 45.2367 1214.14 50.3645 1214.14 50.3645 0.563002 0.00703972 
200 0.27 1328000000 553.497 10.8811 -54.7274 0.483676 3368.01 61.356 1.73137e+07 1.03471e+06 -0.00100934 0.00217467 -0.0010142 0.00206404 0.0134184 0.000376915 0.000367012 2.46662e-05 0.102946 0.00132913 9.46161 1.63899 80.3814 9.31802 1124.3 45.2367 1214.14 50.3645 1214.14 50.3645 0.563002 0.00703972 
200 0.27 1328800000 553.497 10.8811 -54.7274 0.483676 3368.01 61.356 1.73137e+07 1.03471e+06 -0.00100934 0.00217467 -0.0010142 0.00206404 0.0134184 0.000376915 0.000367012 2.46662e-05 0.102946 0.00132913 9.46161 1.637 80.3814 9.30695 1124.3 45.3833 1214.14 50.478 1214.14 50.478 0.563002 0.00704963 
200 0.27 1329600000 553.497 10.8811 -54.7274 0.483676 3368.01 61.356 1.73137e+07 1.03471e+06 -0.00100934 0.00217467 -0.0010142 0.00206404 0.0134184 0.000376915 0.000367012 2.46662e-05 0.102946 0.00132913 9.46161 1.637 80.3814 9.30695 1124.3 45.3833 1214.14 50.478 1214.14 50.478 0.563002 0.00704963 
200 0.27 1330400000 553.497 10.8811 -54.7274 0.483676 3368.01 61.356 1.73137e+07 1.03471e+06 -0.00100934 0.00217467 -0.0010142 0.00206404 0.0134184 0.000376915 0.000367012 2.46662e-05 0.102946 0.00132913 9.46161 1.63503 80.3814 9.296 1124.3 45.3452 1214.14 50.4343 1214.14 50.4343 0.563002 0.00704161 
200 0.27 1331200000 553.497 10.8811 -54.7274 0.483676 3368.01 61.356 1.73137e+07 1.03471e+06 -0.00100934 0.00217467 -0.0010142 0.00206404 0.0134184 0.000376915 0.000367012 2.46662e-05 0.102946 0.00132913 9.46161 1.63503 80.3814 9.296 1124.3 45.3452 1214.14 50.4343 1214.14 50.4343 0.563002 0.00704161 
200 0.27 1332000000 553.497 10.8811 -54.7274 0.483676 3368.01 61.356 1.73137e+07 1.03471e+06 -0.00100934 0.00217467 -0.0010142 0.00206404 0.0134184 0.000376915 0.000367012 2.46662e-05 0.102946 0.00132913 9.46161 1.63304 80.3814 9.29156 1124.3 45.3201 1214.14 50.3973 1214.14 50.3973 0.563002 0.00703328 
200 0.27 1332800000 553.497 10.8811 -54.7274 0.483676 3368.01 61.356 1.73137e+07 1.03471e+06 -0.00100934 0.00217467 -0.0010142 0.00206404 0.0134184 0.000376915 0.000367012 2.46662e-05 0.102946 0.00132913 9.46161 1.63304 80.3814 9.29156 1124.3 45.3201 1214.14 50.3973 1214.14 50.3973 0.563002 0.00703328 
200 0.27 1333600000 553.497 10.8811 -54.7274 0.483676 3368.01 60.7979 1.73137e+07 1.02611e+06 -0.00100934 0.00217467 -0.0010142 0.00205407 0.0134184 0.000376915 0.000367012 2.46662e-05 0.102946 0.00132913 9.46161 1.63106 80.3814 9.29156 1124.3 45.2843 1214.14 50.3556 1214.14 50.3556 0.563002 0.00704053 
200 0.27 1334400000 553.497 10.8811 -54.7274 0.483676 3368.01 60.7979 1.73137e+07 1.02611e+06 -0.00100934 0.00217467 -0.0010142 0.00205407 0.0134184 0.000376915 0.000367012 2.46662e-05 0.102946 0.00132913 9.46161 1.63106 80.3814 9.29156 1124.3 45.2843 1214.14 50.3556 1214.14 50.3556 0.563002 0.00704053 
200 0.27 1335200000 553.497 10.8811 -54.7274 0.483676 3368.01 60.7979 1.73137e+07 1.02611e+06 -0.00100934 0.00217467 -0.0010142 0.00205407 0.0134184 0.000376915 0.000367012 2.46662e-05 0.102946 0.00132913 9.46161 1.62909 80.3814 9.29156 1124.3 45.2473 1214.14 50.3126 1214.14 50.3126 0.563002 0.00703576 
200 0.27 1336000000 553.497 10.8811 -54.7274 0.483676 3368.01 60.7979 1.73137e+07 1.02611e+06 -0.00100934 0.00217467 -0.0010142 0.00205407 0.0134184 0.000376915 0.000367012 2.46662e-05 0.102946 0.00132913 9.46161 1.62909 80.3814 9.29156 1124.3 45.2473 1214.14 50.3126 1214.14 50.3126 0.563002 0.00703576 
200 0.27 1336800000 553.497 10.8811 -54.7274 0.483676 3368.01 60.7979 1.73137e+07 1.02611e+06 -0.00100934 0.00217467 -0.0010142 0.00205407 0.0134184 0.000376915 0.000367012 2.46662e-05 0.102946 0.00132913 9.46161 1.62713 80.3814 9.29156 1124.3 45.1941 1214.14 50.2539 1214.14 50.2539 0.563002 0.00702725 
200 0.27 1337600000 553.497 10.8811 -54.7274 0.483676 3368.01 60.7979 1.73137e+07 1.02611e+06 -0.00100934 0.00217467 -0.0010142 0.00205407 0.0134184 0.000376915 0.000367012 2.46662e-05 0.102946 0.00132913 9.46161 1.62713 80.3814 9.29156 1124.3 45.1941 1214.14 50.2539 1214.14 50.2539 0.563002 0.00702725 
200 0.27 1338400000 553.497 10.8811 -54.7274 0.483676 3368.01 60.7979 1.73137e+07 1.02611e+06 -0.00100934 0.00217467 -0.0010142 0.00205407 0.0134184 0.000376915 0.000367012 2.46662e-05 0.102946 0.00132913 9.46161 1.62516 80.3814 9.29156 1124.3 45.1493 1214.14 50.2012 1214.14 50.2012 0.563002 0.00702884 
200 0.27 1339200000 553.497 10.8811 -54.7274 0.483676 3368.01 60.7979 1.73137e+07 1.02611e+06 -0.00100934 0.00217467 -0.0010142 0.00205407 0.0134184 0.000376915 0.000367012 2.46662e-05 0.102946 0.00132913 9.46161 1.62516 80.3814 9.29156 1124.3 45.1493 1214.14 50.2012 1214.14 50.2012 0.563002 0.00702884 
200 0.27 1340000000 553.497 10.8811 -54.7274 0.483676 3368.01 60.7979 1.73137e+07 1.02611e+06 -0.00100934 0.00217467 -0.0010142 0.00204674 0.0134184 0.000376915 0.000367012 2.46662e-05 0.102946 0.00132913 9.46161 1.6232 80.3814 9.29156 1124.3 45.1665 1214.14 50.2008 1214.14 50.2008 0.563002 0.00703853 
200 0.27 1340800000 553.497 10.8811 -54.7274 0.483676 3368.01 60.7979 1.73137e+07 1.02611e+06 -0.00100934 0.00217467 -0.0010142 0.00204674 0.0134184 0.000376915 0.000367012 2.46662e-05 0.102946 0.00132913 9.46161 1.6232 80.3814 9.29156 1124.3 45.1665 1214.14 50.2008 1214.14 50.2008 0.563002 0.00703853 
200 0.27 1341600000 553.497 10.8811 -54.7274 0.483676 3368.01 60.7979 1.73137e+07 1.02611e+06 -0.00100934 0.00217467 -0.0010142 0.00204674 0.0134184 0.000376915 0.000367012 2.46662e-05 0.102946 0.00132913 9.46161 1.62127 80.3814 9.29156 1124.3 45.1142 1214.14 50.1409 1214.14 50.1409 0.563002 0.00703142 
200 0.27 1342400000 553.497 10.8811 -54.7274 0.483676 3368.01 60.7979 1.73137e+07 1.02611e+06 -0.00100934 0.00217467 -0.0010142 0.00204674 0.0134184 0.000376915 0.000367012 2.46662e-05 0.102946 0.00132913 9.46161 1.62127 80.3814 9.29156 1124.3 45.1142 1214.14 50.1409 1214.14 50.1409 0.563002 0.00703142 
200 0.27 1343200000 553.497 10.8811 -54.7274 0.483676 3368.01 60.7979 1.73137e+07 1.02611e+06 -0.00100934 0.00217467 -0.0010142 0.00204674 0.0134184 0.000376915 0.000367012 2.46662e-05 0.102946 0.00132913 9.46161 1.61933 80.3814 9.29156 1124.3 45.0788 1214.14 50.0999 1214.14 50.0999 0.563002 0.00702974 
200 0.27 1344000000 553.497 10.8811 -54.7274 0.483676 3368.01 60.7979 1.73137e+07 1.02611e+06 -0.00100934 0.00217467 -0.0010142 0.00204674 0.0134184 0.000376915 0.000367012 2.46662e-05 0.102946 0.00132913 9.46161 1.61933 80.3814 9.29156 1124.3 45.0788 1214.14 50.0999 1214.14 50.0999 0.563002 0.00702974 
200 0.27 1344800000 553.497 10.8811 -54.7274 0.483676 3368.01 60.7979 1.73137e+07 1.02611e+06 -0.00100934 0.00217467 -0.0010142 0.00204674 0.0134184 0.000376915 0.000367012 2.46662e-05 0.102946 0.00132913 9.46161 1.61738 80.3814 9.29156 1124.3 45.0438 1214.14 50.0592 1214.14 50.0592 0.563002 0.00703875 
200 0.27 1345600000 553.497 10.8811 -54.7274 0.483676 3368.01 60.7979 1.73137e+07 1.02611e+06 -0.00100934 0.00217467 -0.0010142 0.00204674 0.0134184 0.000376915 0.000367012 2.46662e-05 0.102946 0.00132913 9.46161 1.61738 80.3814 9.29156 1124.3 45.0438 1214.14 50.0592 1214.14 50.0592 0.563002 0.00703875 
200 0.27 1346400000 552.111 10.7186 -54.6895 0.474469 3356.64 60.2137 1.70915e+07 1.01637e+06 -0.000757114 0.0020635 -0.00115092 0.00205053 0.0133007 0.000376915 0.000359978 2.46662e-05 0.102578 0.00132913 9.19821 1.61544 78.0706 9.18883 1117 44.9905 1204.27 49.9994 1204.27 49.9994 0.564315 0.00703722 
200 0.27 1347200000 552.111 10.7186 -54.6895 0.474469 3356.64 60.2137 1.70915e+07 1.01637e+06 -0.000757114 0.0020635 -0.00115092 0.00205053 0.0133007 0.000376915 0.000359978 2.46662e-05 0.102578 0.00132913 9.19821 1.61544 78.0706 9.18883 1117 44.9905 1204.27 49.9994 1204.27 49.9994 0.564315 0.00703722 
200 0.27 1348000000 552.111 10.7186 -54.6895 0.474469 3356.64 60.2137 1.70915e+07 1.01637e+06 -0.000757114 0.0020635 -0.00115092 0.00205053 0.0133007 0.000376915 0.000359978 2.46662e-05 0.102578 0.00132913 9.19821 1.6135 78.0706 9.56504 1117 45.1515 1204.27 50.4411 1204.27 50.4411 0.564315 0.00702904 
200 0.27 1348800000 552.111 10.7186 -54.6895 0.474469 3356.64 60.2137 1.70915e+07 1.01637e+06 -0.000757114 0.0020635 -0.00115092 0.00205053 0.0133007 0.000376915 0.000359978 2.46662e-05 0.102578 0.00132913 9.19821 1.6135 78.0706 9.56504 1117 45.1515 1204.27 50.4411 1204.27 50.4411 0.564315 0.00702904 
200 0.27 1349600000 552.111 10.7186 -54.6895 0.474469 3356.64 60.2137 1.70915e+07 1.01637e+06 -0.000757114 0.0020635 -0.00115092 0.00205053 0.0133007 0.000376915 0.000359978 2.46662e-05 0.102578 0.00132913 9.19821 1.61157 78.0706 9.57169 1117 45.1936 1204.27 50.5043 1204.27 50.5043 0.564315 0.00702389 
200 0.27 1350400000 552.111 10.7186 -54.6895 0.474469 3356.64 60.2137 1.70915e+07 1.01637e+06 -0.000757114 0.0020635 -0.00115092 0.00205053 0.0133007 0.000376915 0.000359978 2.46662e-05 0.102578 0.00132913 9.19821 1.61157 78.0706 9.57169 1117 45.1936 1204.27 50.5043 1204.27 50.5043 0.564315 0.00702389 
200 0.27 1351200000 552.111 10.7186 -54.6895 0.474469 3356.64 60.2137 1.70915e+07 1.01637e+06 -0.000757114 0.0020635 -0.00115092 0.00205053 0.0133007 0.000376915 0.000359978 2.46662e-05 0.102578 0.00132913 9.19821 1.60964 78.0706 9.56045 1117 45.1526 1204.27 50.4571 1204.27 50.4571 0.564315 0.00701547 
200 0.27 1352000000 552.111 10.7186 -54.6895 0.474469 3356.64 60.2137 1.70915e+07 1.01637e+06 -0.000757114 0.0020635 -0.00115092 0.00205053 0.0133007 0.000376915 0.000359978 2.46662e-05 0.102578 0.00132913 9.19821 1.60964 78.0706 9.56045 1117 45.1526 1204.27 50.4571 1204.27 50.4571 0.564315 0.00701547 
200 0.27 1352800000 552.111 10.7186 -54.6895 0.474469 3356.64 60.2137 1.70915e+07 1.01637e+06 -0.000757114 0.0020635 -0.00115092 0.00205053 0.0133007 0.000376915 0.000359978 2.46662e-05 0.102578 0.00132913 9.19821 1.60773 78.0706 9.54939 1117 45.1163 1204.27 50.4149 1204.27 50.4149 0.564315 0.00700725 
200 0.27 1353600000 552.111 10.7186 -54.6895 0.474469 3356.64 60.2137 1.70915e+07 1.01637e+06 -0.000757114 0.0020635 -0.00115092 0.00205053 0.0133007 0.000376915 0.000359978 2.46662e-05 0.102578 0.00132913 9.19821 1.60773 78.0706 9.54939 1117 45.1163 1204.27 50.4149 1204.27 50.4149 0.564315 0.00700725 
200 0.27 1354400000 552.111 10.7186 -54.6895 0.474469 3356.64 60.2137 1.70915e+07 1.01637e+06 -0.000757114 0.0020635 -0.00115092 0.00205053 0.0133007 0.000376915 0.000359978 2.46662e-05 0.102578 0.00132913 9.19821 1.60581 78.0706 9.53823 1117 45.0787 1204.27 50.3676 1204.27 50.3676 0.564315 0.00699952 
200 0.27 1355200000 552.111 10.7186 -54.6895 0.474469 3356.64 60.2137 1.70915e+07 1.01637e+06 -0.000757114 0.0020635 -0.00115092 0.00205053 0.0133007 0.000376915 0.000359978 2.46662e-05 0.102578 0.00132913 9.19821 1.60581 78.0706 9.53823 1117 45.0787 1204.27 50.3676 1204.27 50.3676 0.564315 0.00699952 
200 0.27 1356000000 552.111 10.7186 -54.6895 0.474469 3356.64 60.2137 1.70915e+07 1.01637e+06 -0.000757114 0.0020635 -0.00115092 0.00205053 0.0133007 0.000376915 0.000359978 2.46662e-05 0.102578 0.00132913 9.19821 1.60391 78.0706 9.52721 1117 45.0435 1204.27 50.3265 1204.27 50.3265 0.564315 0.00699569 
200 0.27 1356800000 552.111 10.7186 -54.6895 0.474469 3356.64 60.2137 1.70915e+07 1.01637e+06 -0.000757114 0.0020635 -0.00115092 0.00205053 0.0133007 0.000376915 0.000359978 2.46662e-05 0.102578 0.00132913 9.19821 1.60391 78.0706 9.52721 1117 45.0435 1204.27 50.3265 1204.27 50.3265 0.564315 0.00699569 
200 0.27 1357600000 552.111 10.7186 -54.6895 0.474469 3356.64 60.2137 1.70915e+07 1.01637e+06 -0.000757114 0.0020635 -0.00115092 0.00205053 0.0133007 0.000376915 0.000359978 2.46662e-05 0.102578 0.00132913 9.19821 1.602 78.0706 9.51598 1117 45.005 1204.27 50.2814 1204.27 50.2814 0.564315 0.00699006 
200 0.27 1358400000 552.111 10.7186 -54.6895 0.474469 3356.64 60.2137 1.70915e+07 1.01637e+06 -0.000757114 0.0020635 -0.00115092 0.00205053 0.0133007 0.000376915 0.000359978 2.46662e-05 0.102578 0.00132913 9.19821 1.602 78.0706 9.51598 1117 45.005 1204.27 50.2814 1204.27 50.2814 0.564315 0.00699006 
200 0.27 1359200000 552.111 10.7186 -54.6895 0.474469 3356.64 59.8887 1.70915e+07 1.01467e+06 -0.000757114 0.0020635 -0.00115092 0.00205053 0.0133007 0.000376915 0.000359978 2.46662e-05 0.102578 0.00132913 9.19821 1.60009 78.0706 9.50481 1117 44.9562 1204.27 50.225 1204.27 50.225 0.564315 0.0069821 
200 0.27 1360000000 552.111 10.7186 -54.6895 0.474469 3356.64 59.8887 1.70915e+07 1.01467e+06 -0.000757114 0.0020635 -0.00115092 0.00205053 0.0133007 0.000376915 0.000359978 2.46662e-05 0.102578 0.00132913 9.19821 1.60009 78.0706 9.50481 1117 44.9562 1204.27 50.225 1204.27 50.225 0.564315 0.0069821 
200 0.27 1360800000 552.111 10.7186 -54.6895 0.474469 3356.64 59.8887 1.70915e+07 1.01467e+06 -0.000757114 0.0020635 -0.00115092 0.00205053 0.0133007 0.000376915 0.000359978 2.46662e-05 0.102578 0.00132913 9.19821 1.5982 78.0706 9.49377 1117 44.9234 1204.27 50.1818 1204.27 50.1818 0.564315 0.00697392 
200 0.27 1361600000 552.111 10.7186 -54.6895 0.474469 3356.64 59.8887 1.70915e+07 1.01467e+06 -0.000757114 0.0020635 -0.00115092 0.00205053 0.0133007 0.000376915 0.000359978 2.46662e-05 0.102578 0.00132913 9.19821 1.5982 78.0706 9.49377 1117 44.9234 1204.27 50.1818 1204.27 50.1818 0.564315 0.00697392 
200 0.27 1362400000 552.111 10.7186 -54.6895 0.474469 3356.64 59.8887 1.70915e+07 1.01467e+06 -0.000757114 0.0020635 -0.00115092 0.00205053 0.0133007 0.000376915 0.000359978 2.46662e-05 0.102578 0.00132913 9.19821 1.5963 78.0706 9.48266 1117 44.8988 1204.27 50.1462 1204.27 50.1462 0.564315 0.00698003 
200 0.27 1363200000 552.111 10.7186 -54.6895 0.474469 3356.64 59.8887 1.70915e+07 1.01467e+06 -0.000757114 0.0020635 -0.00115092 0.00205053 0.0133007 0.000376915 0.000359978 2.46662e-05 0.102578 0.00132913 9.19821 1.5963 78.0706 9.48266 1117 44.8988 1204.27 50.1462 1204.27 50.1462 0.564315 0.00698003 
200 0.27 1364000000 552.111 10.7186 -54.6895 0.474469 3356.64 59.8887 1.70915e+07 1.01467e+06 -0.000757114 0.0020635 -0.00115092 0.00205053 0.0133007 0.000376915 0.000359978 2.46662e-05 0.102578 0.00132913 9.19821 1.59442 78.0706 9.47173 1117 44.8623 1204.27 50.1038 1204.27 50.1038 0.564315 0.00697252 
200 0.27 1364800000 552.111 10.7186 -54.6895 0.474469 3356.64 59.8887 1.70915e+07 1.01467e+06 -0.000757114 0.0020635 -0.00115092 0.00205053 0.0133007 0.000376915 0.000359978 2.46662e-05 0.102578 0.00132913 9.19821 1.59442 78.0706 9.47173 1117 44.8623 1204.27 50.1038 1204.27 50.1038 0.564315 0.00697252 
200 0.27 1365600000 552.111 10.7186 -54.6895 0.474469 3356.64 59.8887 1.70915e+07 1.01467e+06 -0.000757114 0.0020635 -0.00115092 0.00205053 0.0133007 0.000376915 0.000359978 2.46662e-05 0.102578 0.00132913 9.19821 1.59254 78.0706 9.46079 1117 44.8257 1204.27 50.0613 1204.27 50.0613 0.564315 0.00696442 
200 0.27 1366400000 552.111 10.7186 -54.6895 0.474469 3356.64 59.8887 1.70915e+07 1.01467e+06 -0.000757114 0.0020635 -0.00115092 0.00205053 0.0133007 0.000376915 0.000359978 2.46662e-05 0.102578 0.00132913 9.19821 1.59254 78.0706 9.46079 1117 44.8257 1204.27 50.0613 1204.27 50.0613 0.564315 0.00696442 
200 0.27 1367200000 552.111 10.7186 -54.6895 0.474469 3356.64 59.8887 1.70915e+07 1.01467e+06 -0.000757114 0.0020635 -0.00115092 0.00205053 0.0133007 0.000376915 0.000359978 2.46662e-05 0.102578 0.00132913 9.19821 1.59066 78.0706 9.44996 1117 44.7911 1204.27 50.0209 1204.27 50.0209 0.564315 0.00696516 
200 0.27 1368000000 552.111 10.7186 -54.6895 0.474469 3356.64 59.8887 1.70915e+07 1.01467e+06 -0.000757114 0.0020635 -0.00115092 0.00205053 0.0133007 0.000376915 0.000359978 2.46662e-05 0.102578 0.00132913 9.19821 1.59066 78.0706 9.44996 1117 44.7911 1204.27 50.0209 1204.27 50.0209 0.564315 0.00696516 
200 0.27 1368800000 552.111 10.7186 -54.6895 0.474469 3356.64 59.8887 1.70915e+07 1.01467e+06 -0.000757114 0.0020635 -0.00115092 0.00205053 0.0133007 0.000376915 0.000359978 2.46662e-05 0.102578 0.00132913 9.19821 1.58879 78.0706 9.44516 1117 44.7456 1204.27 49.9673 1204.27 49.9673 0.564315 0.00695797 
200 0.27 1369600000 552.111 10.7186 -54.6895 0.474469 3356.64 59.8887 1.70915e+07 1.01467e+06 -0.000757114 0.0020635 -0.00115092 0.00205053 0.0133007 0.000376915 0.000359978 2.46662e-05 0.102578 0.00132913 9.19821 1.58879 78.0706 9.44516 1117 44.7456 1204.27 49.9673 1204.27 49.9673 0.564315 0.00695797 
200 0.27 1370400000 552.111 10.7186 -54.6895 0.474469 3356.64 59.8887 1.70915e+07 1.01467e+06 -0.000757114 0.0020635 -0.00115092 0.00205053 0.0133007 0.000376915 0.000359978 2.46662e-05 0.102578 0.00132913 9.19821 1.58691 78.0706 9.44516 1117 44.8612 1204.27 50.056 1204.27 50.056 0.564315 0.00696532 
200 0.27 1371200000 552.111 10.7186 -54.6895 0.474469 3356.64 59.8887 1.70915e+07 1.01467e+06 -0.000757114 0.0020635 -0.00115092 0.00205053 0.0133007 0.000376915 0.000359978 2.46662e-05 0.102578 0.00132913 9.19821 1.58691 78.0706 9.44516 1117 44.8612 1204.27 50.056 1204.27 50.056 0.564315 0.00696532 
200 0.27 1372000000 552.111 10.7186 -54.6895 0.46704 3356.64 59.3251 1.70915e+07 1.00528e+06 -0.000757114 0.0020635 -0.00115092 0.00205266 0.0133007 0.000376915 0.000359978 2.46662e-05 0.102578 0.00132913 9.19821 1.58506 78.0706 9.41718 1117 44.8243 1204.27 50.0136 1204.27 50.0136 0.564315 0.00695813 
200 0.27 1372800000 552.111 10.7186 -54.6895 0.46704 3356.64 59.3251 1.70915e+07 1.00528e+06 -0.000757114 0.0020635 -0.00115092 0.00205266 0.0133007 0.000376915 0.000359978 2.46662e-05 0.102578 0.00132913 9.19821 1.58506 78.0706 9.41718 1117 44.8243 1204.27 50.0136 1204.27 50.0136 0.564315 0.00695813 
200 0.27 1373600000 552.111 10.7186 -54.6895 0.46704 3356.64 59.3251 1.70915e+07 1.00528e+06 -0.000757114 0.0020635 -0.00115092 0.00205266 0.0133007 0.000376915 0.000359978 2.46662e-05 0.102578 0.00132913 9.19821 1.58319 78.0706 9.40616 1117 44.9193 1204.27 50.0846 1204.27 50.0846 0.564315 0.00696547 
200 0.27 1374400000 552.111 10.7186 -54.6895 0.46704 3356.64 59.3251 1.70915e+07 1.00528e+06 -0.000757114 0.0020635 -0.00115092 0.00205266 0.0133007 0.000376915 0.000359978 2.46662e-05 0.102578 0.00132913 9.19821 1.58319 78.0706 9.40616 1117 44.9193 1204.27 50.0846 1204.27 50.0846 0.564315 0.00696547 
200 0.27 1375200000 552.111 10.7186 -54.6895 0.46704 3356.64 59.3251 1.70915e+07 1.00528e+06 -0.000757114 0.0020635 -0.00115092 0.00205266 0.0133007 0.000376915 0.000359978 2.46662e-05 0.102578 0.00132913 9.19821 1.58133 78.0706 9.39518 1117 44.9007 1204.27 50.0548 1204.27 50.0548 0.564315 0.00695775 
200 0.27 1376000000 552.111 10.7186 -54.6895 0.46704 3356.64 59.3251 1.70915e+07 1.00528e+06 -0.000757114 0.0020635 -0.00115092 0.00205266 0.0133007 0.000376915 0.000359978 2.46662e-05 0.102578 0.00132913 9.19821 1.58133 78.0706 9.39518 1117 44.9007 1204.27 50.0548 1204.27 50.0548 0.564315 0.00695775 
200 0.27 1376800000 552.111 10.7186 -54.6895 0.46704 3356.64 59.3251 1.70915e+07 1.00528e+06 -0.000757114 0.0020635 -0.00115092 0.00205266 0.0133007 0.000376915 0.000359978 2.46662e-05 0.102578 0.00132913 9.19821 1.57949 78.0706 9.3845 1117 44.8648 1204.27 50.0134 1204.27 50.0134 0.564315 0.00694958 
200 0.27 1377600000 552.111 10.7186 -54.6895 0.46704 3356.64 59.3251 1.70915e+07 1.00528e+06 -0.000757114 0.0020635 -0.00115092 0.00205266 0.0133007 0.000376915 0.000359978 2.46662e-05 0.102578 0.00132913 9.19821 1.57949 78.0706 9.3845 1117 44.8648 1204.27 50.0134 1204.27 50.0134 0.564315 0.00694958 
200 0.27 1378400000 552.111 10.7186 -54.6895 0.46704 3356.64 59.3251 1.70915e+07 1.00528e+06 -0.000757114 0.0020635 -0.00115092 0.00205266 0.0133007 0.000376915 0.000359978 2.46662e-05 0.102578 0.00132913 9.19821 1.57764 78.0706 9.37382 1117 44.8414 1204.27 49.9784 1204.27 49.9784 0.564315 0.00694627 
200 0.27 1379200000 552.111 10.7186 -54.6895 0.46704 3356.64 59.3251 1.70915e+07 1.00528e+06 -0.000757114 0.0020635 -0.00115092 0.00205266 0.0133007 0.000376915 0.000359978 2.46662e-05 0.102578 0.00132913 9.19821 1.57764 78.0706 9.37382 1117 44.8414 1204.27 49.9784 1204.27 49.9784 0.564315 0.00694627 
200 0.27 1380000000 552.111 10.7186 -54.6895 0.46704 3356.64 59.3251 1.70915e+07 1.00528e+06 -0.000757114 0.0020635 -0.00115092 0.00205266 0.0133007 0.000376915 0.000359978 2.46662e-05 0.102578 0.00132913 9.19821 1.57579 78.0706 9.37182 1117 44.7954 1204.27 49.9261 1204.27 49.9261 0.564315 0.00694078 
200 0.27 1380800000 552.111 10.7186 -54.6895 0.46704 3356.64 59.3251 1.70915e+07 1.00528e+06 -0.000757114 0.0020635 -0.00115092 0.00205266 0.0133007 0.000376915 0.000359978 2.46662e-05 0.102578 0.00132913 9.19821 1.57579 78.0706 9.37182 1117 44.7954 1204.27 49.9261 1204.27 49.9261 0.564315 0.00694078 
200 0.27 1381600000 552.111 10.7186 -54.6895 0.46704 3356.64 59.3251 1.70915e+07 1.00528e+06 -0.000757114 0.0020635 -0.00115092 0.00205266 0.0133007 0.000376915 0.000359978 2.46662e-05 0.102578 0.00132913 9.19821 1.57395 78.0706 9.37182 1117 44.761 1204.27 49.8856 1204.27 49.8856 0.564315 0.00694593 
200 0.27 1382400000 552.111 10.7186 -54.6895 0.46704 3356.64 59.3251 1.70915e+07 1.00528e+06 -0.000757114 0.0020635 -0.00115092 0.00205266 0.0133007 0.000376915 0.000359978 2.46662e-05 0.102578 0.00132913 9.19821 1.57395 78.0706 9.37182 1117 44.761 1204.27 49.8856 1204.27 49.8856 0.564315 0.00694593 
200 0.27 1383200000 552.111 10.7186 -54.6895 0.46704 3356.64 59.3251 1.70915e+07 1.00528e+06 -0.000757114 0.0020635 -0.00115092 0.00205266 0.0133007 0.000376915 0.000359978 2.46662e-05 0.102578 0.00132913 9.19821 1.57211 78.0706 9.37182 1117 44.7248 1204.27 49.844 1204.27 49.844 0.564315 0.00693823 
200 0.27 1384000000 552.111 10.7186 -54.6895 0.46704 3356.64 59.3251 1.70915e+07 1.00528e+06 -0.000757114 0.0020635 -0.00115092 0.00205266 0.0133007 0.000376915 0.000359978 2.46662e-05 0.102578 0.00132913 9.19821 1.57211 78.0706 9.37182 1117 44.7248 1204.27 49.844 1204.27 49.844 0.564315 0.00693823 
200 0.27 1384800000 552.111 10.7186 -54.6895 0.46704 3356.64 58.9168 1.70915e+07 997655 -0.000757114 0.0020635 -0.00115092 0.00205266 0.0133007 0.000376915 0.000359978 2.46662e-05 0.102578 0.00132913 9.19821 1.57028 78.0706 9.33067 1117 44.6772 1204.27 49.7896 1204.27 49.7896 0.564315 0.00693109 
200 0.27 1385600000 552.111 10.7186 -54.6895 0.46704 3356.64 58.9168 1.70915e+07 997655 -0.000757114 0.0020635 -0.00115092 0.00205266 0.0133007 0.000376915 0.000359978 2.46662e-05 0.102578 0.00132913 9.19821 1.57028 78.0706 9.33067 1117 44.6772 1204.27 49.7896 1204.27 49.7896 0.564315 0.00693109 
200 0.27 1386400000 552.111 10.7186 -54.6895 0.46704 3356.64 58.9168 1.70915e+07 997655 -0.000757114 0.0020635 -0.00115092 0.00205266 0.0133007 0.000376915 0.000359978 2.46662e-05 0.102578 0.00132913 9.19821 1.56846 78.0706 9.32001 1117 44.6268 1204.27 49.7327 1204.27 49.7327 0.564315 0.00692502 
200 0.27 1387200000 552.111 10.7186 -54.6895 0.46704 3356.64 58.9168 1.70915e+07 997655 -0.000757114 0.0020635 -0.00115092 0.00205266 0.0133007 0.000376915 0.000359978 2.46662e-05 0.102578 0.00132913 9.19821 1.56846 78.0706 9.32001 1117 44.6268 1204.27 49.7327 1204.27 49.7327 0.564315 0.00692502 
200 0.27 1388000000 552.111 10.7186 -54.6895 0.46704 3356.64 58.9168 1.70915e+07 997655 -0.000757114 0.0020635 -0.00115092 0.00205266 0.0133007 0.000376915 0.000359978 2.46662e-05 0.102578 0.00132913 9.19821 1.56664 78.0706 9.30941 1117 44.5913 1204.27 49.6913 1204.27 49.6913 0.564315 0.00691907 
200 0.27 1388800000 552.111 10.7186 -54.6895 0.46704 3356.64 58.9168 1.70915e+07 997655 -0.000757114 0.0020635 -0.00115092 0.00205266 0.0133007 0.000376915 0.000359978 2.46662e-05 0.102578 0.00132913 9.19821 1.56664 78.0706 9.30941 1117 44.5913 1204.27 49.6913 1204.27 49.6913 0.564315 0.00691907 
200 0.27 1389600000 552.111 10.7186 -54.6895 0.46704 3356.64 58.9168 1.70915e+07 997655 -0.000757114 0.0020635 -0.00115092 0.00205266 0.0133007 0.000376915 0.000359978 2.46662e-05 0.102578 0.00132913 9.19821 1.56482 78.0706 9.29881 1117 44.5475 1204.27 49.6396 1204.27 49.6396 0.564315 0.00691645 
200 0.27 1390400000 552.111 10.7186 -54.6895 0.46704 3356.64 58.9168 1.70915e+07 997655 -0.000757114 0.0020635 -0.00115092 0.00205266 0.0133007 0.000376915 0.000359978 2.46662e-05 0.102578 0.00132913 9.19821 1.56482 78.0706 9.29881 1117 44.5475 1204.27 49.6396 1204.27 49.6396 0.564315 0.00691645 
200 0.27 1391200000 552.111 10.7186 -54.6895 0.46704 3356.64 58.9168 1.70915e+07 997655 -0.000757114 0.0020635 -0.00115092 0.00205266 0.0133007 0.000376915 0.000359978 2.46662e-05 0.102578 0.00132913 9.19821 1.563 78.0706 9.29406 1117 44.5129 1204.27 49.5995 1204.27 49.5995 0.564315 0.00690992 
200 0.27 1392000000 552.111 10.7186 -54.6895 0.46704 3356.64 58.9168 1.70915e+07 997655 -0.000757114 0.0020635 -0.00115092 0.00205266 0.0133007 0.000376915 0.000359978 2.46662e-05 0.102578 0.00132913 9.19821 1.563 78.0706 9.29406 1117 44.5129 1204.27 49.5995 1204.27 49.5995 0.564315 0.00690992 
200 0.27 1392800000 552.111 10.7186 -54.6895 0.46704 3356.64 58.9168 1.70915e+07 997655 -0.000757114 0.0020635 -0.00115092 0.00205266 0.0133007 0.000376915 0.000359978 2.46662e-05 0.102578 0.00132913 9.19821 1.5612 78.0706 9.29406 1117 44.4677 1204.27 49.5487 1204.27 49.5487 0.564315 0.00690394 
200 0.27 1393600000 552.111 10.7186 -54.6895 0.46704 3356.64 58.9168 1.70915e+07 997655 -0.000757114 0.0020635 -0.00115092 0.00205266 0.0133007 0.000376915 0.000359978 2.46662e-05 0.102578 0.00132913 9.19821 1.5612 78.0706 9.29406 1117 44.4677 1204.27 49.5487 1204.27 49.5487 0.564315 0.00690394 
200 0.27 1394400000 552.111 10.7186 -54.6895 0.46704 3356.64 58.9168 1.70915e+07 997655 -0.000757114 0.0020635 -0.00115092 0.00205266 0.0133007 0.000376915 0.000359978 2.46662e-05 0.102578 0.00132913 9.19821 1.55939 78.0706 9.29406 1117 44.4234 1204.27 49.4985 1204.27 49.4985 0.564315 0.00689598 
200 0.27 1395200000 552.111 10.7186 -54.6895 0.46704 3356.64 58.9168 1.70915e+07 997655 -0.000757114 0.0020635 -0.00115092 0.00205266 0.0133007 0.000376915 0.000359978 2.46662e-05 0.102578 0.00132913 9.19821 1.55939 78.0706 9.29406 1117 44.4234 1204.27 49.4985 1204.27 49.4985 0.564315 0.00689598 
200 0.27 1396000000 552.111 10.7186 -54.6895 0.46704 3356.64 58.9168 1.70915e+07 997655 -0.000757114 0.0020635 -0.00115092 0.00205266 0.0133007 0.000376915 0.000359978 2.46662e-05 0.102578 0.00132913 9.19821 1.6 78.0706 9.29406 1117 44.3726 1204.27 49.4445 1204.27 49.4445 0.564315 0.00689411 
200 0.27 1396800000 552.111 10.7186 -54.6895 0.46704 3356.64 58.9168 1.70915e+07 997655 -0.000757114 0.0020635 -0.00115092 0.00205266 0.0133007 0.000376915 0.000359978 2.46662e-05 0.102578 0.00132913 9.19821 1.6 78.0706 9.29406 1117 44.3726 1204.27 49.4445 1204.27 49.4445 0.564315 0.00689411 
200 0.27 1397600000 552.111 10.5105 -54.6895 0.459574 3356.64 58.3722 1.70915e+07 988622 -0.000757114 0.00202196 -0.00115092 0.00201513 0.0133007 0.000376915 0.000359978 2.46662e-05 0.102578 0.00132913 9.19821 1.59816 78.0706 9.25751 1117 44.3374 1204.27 49.4039 1204.27 49.4039 0.564315 0.00688613 
200 0.27 1398400000 552.111 10.5105 -54.6895 0.459574 3356.64 58.3722 1.70915e+07 988622 -0.000757114 0.00202196 -0.00115092 0.00201513 0.0133007 0.000376915 0.000359978 2.46662e-05 0.102578 0.00132913 9.19821 1.59816 78.0706 9.25751 1117 44.3374 1204.27 49.4039 1204.27 49.4039 0.564315 0.00688613 
200 0.27 1399200000 552.111 10.5105 -54.6895 0.459574 3356.64 58.3722 1.70915e+07 988622 -0.000757114 0.00202196 -0.00115092 0.00201513 0.0133007 0.000376915 0.000359978 2.46662e-05 0.102578 0.00132913 9.19821 1.59633 78.0706 9.24716 1117 44.3033 1204.27 49.3644 1204.27 49.3644 0.564315 0.00687846 
200 0.27 1400000000 552.111 10.5105 -54.6895 0.459574 3356.64 58.3722 1.70915e+07 988622 -0.000757114 0.00202196 -0.00115092 0.00201513 0.0133007 0.000376915 0.000359978 2.46662e-05 0.102578 0.00132913 9.19821 1.59633 78.0706 9.24716 1117 44.3033 1204.27 49.3644 1204.27 49.3644 0.564315 0.00687846 
200 0.27 1400800000 552.111 10.5105 -54.6895 0.459574 3356.64 58.3722 1.70915e+07 988622 -0.000757114 0.00202196 -0.00115092 0.00201513 0.0133007 0.000376915 0.000359978 2.46662e-05 0.102578 0.00132913 9.19821 1.59449 78.0706 9.23683 1117 44.2743 1204.27 49.325 1204.27 49.325 0.564315 0.00687713 
200 0.27 1401600000 552.111 10.5105 -54.6895 0.459574 3356.64 58.3722 1.70915e+07 988622 -0.000757114 0.00202196 -0.00115092 0.00201513 0.0133007 0.000376915 0.000359978 2.46662e-05 0.102578 0.00132913 9.19821 1.59449 78.0706 9.23683 1117 44.2743 1204.27 49.325 1204.27 49.325 0.564315 0.00687713 
200 0.27 1402400000 552.111 10.5105 -54.6895 0.459574 3356.64 58.3722 1.70915e+07 988622 -0.000757114 0.00202196 -0.00115092 0.00201513 0.0133007 0.000376915 0.000359978 2.46662e-05 0.102578 0.00132913 9.19821 1.59267 78.0706 9.22648 1117 44.2395 1204.27 49.2848 1204.27 49.2848 0.564315 0.0068692 
200 0.27 1403200000 552.111 10.5105 -54.6895 0.459574 3356.64 58.3722 1.70915e+07 988622 -0.000757114 0.00202196 -0.00115092 0.00201513 0.0133007 0.000376915 0.000359978 2.46662e-05 0.102578 0.00132913 9.19821 1.59267 78.0706 9.22648 1117 44.2395 1204.27 49.2848 1204.27 49.2848 0.564315 0.0068692 
200 0.27 1404000000 552.111 10.5105 -54.6895 0.459574 3356.64 58.3722 1.70915e+07 988622 -0.000757114 0.00202196 -0.00115092 0.00201513 0.0133007 0.000376915 0.000359978 2.46662e-05 0.102578 0.00132913 9.19821 1.59085 78.0706 9.21614 1117 44.206 1204.27 49.2458 1204.27 49.2458 0.564315 0.00686501 
200 0.27 1404800000 552.111 10.5105 -54.6895 0.459574 3356.64 58.3722 1.70915e+07 988622 -0.000757114 0.00202196 -0.00115092 0.00201513 0.0133007 0.000376915 0.000359978 2.46662e-05 0.102578 0.00132913 9.19821 1.59085 78.0706 9.21614 1117 44.206 1204.27 49.2458 1204.27 49.2458 0.564315 0.00686501 
200 0.27 1405600000 552.111 10.5105 -54.6895 0.459574 3356.64 58.3722 1.70915e+07 988622 -0.000757114 0.00202196 -0.00115092 0.00201513 0.0133007 0.000376915 0.000359978 2.46662e-05 0.102578 0.00132913 9.19821 1.58903 78.0706 9.208 1117 44.1588 1204.27 49.1934 1204.27 49.1934 0.564315 0.00685923 
200 0.27 1406400000 552.111 10.5105 -54.6895 0.459574 3356.64 58.3722 1.70915e+07 988622 -0.000757114 0.00202196 -0.00115092 0.00201513 0.0133007 0.000376915 0.000359978 2.46662e-05 0.102578 0.00132913 9.19821 1.58903 78.0706 9.208 1117 44.1588 1204.27 49.1934 1204.27 49.1934 0.564315 0.00685923 
200 0.27 1407200000 552.111 10.5105 -54.6895 0.459574 3356.64 58.3722 1.70915e+07 988622 -0.000757114 0.00202196 -0.00115092 0.00201513 0.0133007 0.000376915 0.000359978 2.46662e-05 0.102578 0.00132913 9.19821 1.5872 78.0706 9.208 1117 44.1326 1204.27 49.157 1204.27 49.157 0.564315 0.00685142 
200 0.27 1408000000 552.111 10.5105 -54.6895 0.459574 3356.64 58.3722 1.70915e+07 988622 -0.000757114 0.00202196 -0.00115092 0.00201513 0.0133007 0.000376915 0.000359978 2.46662e-05 0.102578 0.00132913 9.19821 1.5872 78.0706 9.208 1117 44.1326 1204.27 49.157 1204.27 49.157 0.564315 0.00685142 
200 0.27 1408800000 552.111 10.5105 -54.6895 0.459574 3356.64 58.3722 1.70915e+07 988622 -0.000757114 0.00202196 -0.00115092 0.00201513 0.0133007 0.000376915 0.000359978 2.46662e-05 0.102578 0.00132913 9.19821 1.58539 78.0706 9.208 1117 44.092 1204.27 49.1107 1204.27 49.1107 0.564315 0.00684402 
200 0.27 1409600000 552.111 10.5105 -54.6895 0.459574 3356.64 58.3722 1.70915e+07 988622 -0.000757114 0.00202196 -0.00115092 0.00201513 0.0133007 0.000376915 0.000359978 2.46662e-05 0.102578 0.00132913 9.19821 1.58539 78.0706 9.208 1117 44.092 1204.27 49.1107 1204.27 49.1107 0.564315 0.00684402 
200 0.27 1410400000 552.111 10.5105 -54.6895 0.459574 3356.64 57.8708 1.70915e+07 980298 -0.000757114 0.00202196 -0.00115092 0.00201513 0.0133007 0.000376915 0.000359978 2.46662e-05 0.102578 0.00132913 9.19821 1.58358 78.0706 9.17475 1117 44.0586 1204.27 49.0717 1204.27 49.0717 0.564315 0.00684472 
200 0.27 1411200000 552.111 10.5105 -54.6895 0.459574 3356.64 57.8708 1.70915e+07 980298 -0.000757114 0.00202196 -0.00115092 0.00201513 0.0133007 0.000376915 0.000359978 2.46662e-05 0.102578 0.00132913 9.19821 1.58358 78.0706 9.17475 1117 44.0586 1204.27 49.0717 1204.27 49.0717 0.564315 0.00684472 
200 0.27 1412000000 552.111 10.5105 -54.6895 0.459574 3356.64 57.8708 1.70915e+07 980298 -0.000757114 0.00202196 -0.00115092 0.00201513 0.0133007 0.000376915 0.000359978 2.46662e-05 0.102578 0.00132913 9.19821 1.58177 78.0706 9.16456 1117 44.0243 1204.27 49.0321 1204.27 49.0321 0.564315 0.00683776 
200 0.27 1412800000 552.111 10.5105 -54.6895 0.459574 3356.64 57.8708 1.70915e+07 980298 -0.000757114 0.00202196 -0.00115092 0.00201513 0.0133007 0.000376915 0.000359978 2.46662e-05 0.102578 0.00132913 9.19821 1.58177 78.0706 9.16456 1117 44.0243 1204.27 49.0321 1204.27 49.0321 0.564315 0.00683776 
200 0.27 1413600000 552.111 10.5105 -54.6895 0.459574 3356.64 57.8708 1.70915e+07 980298 -0.000757114 0.00202196 -0.00115092 0.00201513 0.0133007 0.000376915 0.000359978 2.46662e-05 0.102578 0.00132913 9.19821 1.57998 78.0706 9.15441 1117 43.9897 1204.27 48.9923 1204.27 48.9923 0.564315 0.00683039 
200 0.27 1414400000 552.111 10.5105 -54.6895 0.459574 3356.64 57.8708 1.70915e+07 980298 -0.000757114 0.00202196 -0.00115092 0.00201513 0.0133007 0.000376915 0.000359978 2.46662e-05 0.102578 0.00132913 9.19821 1.57998 78.0706 9.15441 1117 43.9897 1204.27 48.9923 1204.27 48.9923 0.564315 0.00683039 
200 0.27 1415200000 552.111 10.5105 -54.6895 0.459574 3356.64 57.8708 1.70915e+07 980298 -0.000757114 0.00202196 -0.00115092 0.00201513 0.0133007 0.000376915 0.000359978 2.46662e-05 0.102578 0.00132913 9.19821 1.57818 78.0706 9.14423 1117 43.9566 1204.27 48.9538 1204.27 48.9538 0.564315 0.00683293 
200 0.27 1416000000 552.111 10.5105 -54.6895 0.459574 3356.64 57.8708 1.70915e+07 980298 -0.000757114 0.00202196 -0.00115092 0.00201513 0.0133007 0.000376915 0.000359978 2.46662e-05 0.102578 0.00132913 9.19821 1.57818 78.0706 9.14423 1117 43.9566 1204.27 48.9538 1204.27 48.9538 0.564315 0.00683293 
200 0.27 1416800000 552.111 10.5105 -54.6895 0.459574 3356.64 57.8708 1.70915e+07 980298 -0.000757114 0.00202196 -0.00115092 0.00201513 0.0133007 0.000376915 0.000359978 2.46662e-05 0.102578 0.00132913 9.19821 1.57639 78.0706 9.14064 1117 43.9231 1204.27 48.9148 1204.27 48.9148 0.564315 0.00682619 
200 0.27 1417600000 552.111 10.5105 -54.6895 0.459574 3356.64 57.8708 1.70915e+07 980298 -0.000757114 0.00202196 -0.00115092 0.00201513 0.0133007 0.000376915 0.000359978 2.46662e-05 0.102578 0.00132913 9.19821 1.57639 78.0706 9.14064 1117 43.9231 1204.27 48.9148 1204.27 48.9148 0.564315 0.00682619 
200 0.27 1418400000 552.111 10.5105 -54.6895 0.459574 3356.64 57.8708 1.70915e+07 980298 -0.000757114 0.00202196 -0.00115092 0.00201513 0.0133007 0.000376915 0.000359978 2.46662e-05 0.102578 0.00132913 9.19821 1.5746 78.0706 9.14064 1117 43.8983 1204.27 48.8827 1204.27 48.8827 0.564315 0.00681958 
200 0.27 1419200000 552.111 10.5105 -54.6895 0.459574 3356.64 57.8708 1.70915e+07 980298 -0.000757114 0.00202196 -0.00115092 0.00201513 0.0133007 0.000376915 0.000359978 2.46662e-05 0.102578 0.00132913 9.19821 1.5746 78.0706 9.14064 1117 43.8983 1204.27 48.8827 1204.27 48.8827 0.564315 0.00681958 
200 0.27 1420000000 552.111 10.5105 -54.6895 0.459574 3356.64 57.8708 1.70915e+07 980298 -0.000757114 0.00202196 -0.00115092 0.00201513 0.0133007 0.000376915 0.000359978 2.46662e-05 0.102578 0.00132913 9.19821 1.57282 78.0706 9.14064 1117 43.8486 1204.27 48.827 1204.27 48.827 0.564315 0.0068164 
200 0.27 1420800000 552.111 10.5105 -54.6895 0.459574 3356.64 57.8708 1.70915e+07 980298 -0.000757114 0.00202196 -0.00115092 0.00201513 0.0133007 0.000376915 0.000359978 2.46662e-05 0.102578 0.00132913 9.19821 1.57282 78.0706 9.14064 1117 43.8486 1204.27 48.827 1204.27 48.827 0.564315 0.0068164 
200 0.27 1421600000 552.111 10.5105 -54.6895 0.459574 3356.64 57.8708 1.70915e+07 980298 -0.000757114 0.00202196 -0.00115092 0.00201513 0.0133007 0.000376915 0.000359978 2.46662e-05 0.102578 0.00132913 9.19821 1.57104 78.0706 9.14064 1117 43.8314 1204.27 48.7982 1204.27 48.7982 0.564315 0.00680865 
200 0.27 1422400000 552.111 10.5105 -54.6895 0.459574 3356.64 57.8708 1.70915e+07 980298 -0.000757114 0.00202196 -0.00115092 0.00201513 0.0133007 0.000376915 0.000359978 2.46662e-05 0.102578 0.00132913 9.19821 1.57104 78.0706 9.14064 1117 43.8314 1204.27 48.7982 1204.27 48.7982 0.564315 0.00680865 
200 0.27 1423200000 552.111 10.5105 -54.6895 0.452857 3356.64 57.3919 1.70915e+07 972715 -0.000757114 0.00202196 -0.00115092 0.00201221 0.0133007 0.000376915 0.000359978 2.46662e-05 0.102578 0.00132913 9.19821 1.56926 78.0706 9.09329 1117 43.7842 1204.27 48.7446 1204.27 48.7446 0.564315 0.00680145 
200 0.27 1424000000 552.111 10.5105 -54.6895 0.452857 3356.64 57.3919 1.70915e+07 972715 -0.000757114 0.00202196 -0.00115092 0.00201221 0.0133007 0.000376915 0.000359978 2.46662e-05 0.102578 0.00132913 9.19821 1.56926 78.0706 9.09329 1117 43.7842 1204.27 48.7446 1204.27 48.7446 0.564315 0.00680145 
200 0.27 1424800000 552.111 10.5105 -54.6895 0.453301 3356.64 57.3919 1.70915e+07 972715 -0.000757114 0.00202196 -0.00115092 0.00201221 0.0133007 0.000376915 0.000359978 2.46662e-05 0.102578 0.00132913 9.19821 1.56749 78.0706 9.09951 1117 43.7346 1204.27 48.6912 1204.27 48.6912 0.564315 0.00679474 
200 0.27 1425600000 552.111 10.5105 -54.6895 0.453301 3356.64 57.3919 1.70915e+07 972715 -0.000757114 0.00202196 -0.00115092 0.00201221 0.0133007 0.000376915 0.000359978 2.46662e-05 0.102578 0.00132913 9.19821 1.56749 78.0706 9.09951 1117 43.7346 1204.27 48.6912 1204.27 48.6912 0.564315 0.00679474 
200 0.27 1426400000 552.111 10.5105 -54.6895 0.452959 3356.64 57.3919 1.70915e+07 972715 -0.000757114 0.00202196 -0.00115092 0.00201221 0.0133007 0.000376915 0.000359978 2.46662e-05 0.102578 0.00132913 9.19821 1.56572 78.0706 9.08951 1117 43.7011 1204.27 48.6524 1204.27 48.6524 0.564315 0.00678775 
200 0.27 1427200000 552.111 10.5105 -54.6895 0.452959 3356.64 57.3919 1.70915e+07 972715 -0.000757114 0.00202196 -0.00115092 0.00201221 0.0133007 0.000376915 0.000359978 2.46662e-05 0.102578 0.00132913 9.19821 1.56572 78.0706 9.08951 1117 43.7011 1204.27 48.6524 1204.27 48.6524 0.564315 0.00678775 
200 0.27 1428000000 552.111 10.5105 -54.6895 0.452857 3356.64 57.3919 1.70915e+07 972715 -0.000757114 0.00202196 -0.00115092 0.00201221 0.0133007 0.000376915 0.000359978 2.46662e-05 0.102578 0.00132913 9.19821 1.56395 78.0706 9.07948 1117 43.6684 1204.27 48.6144 1204.27 48.6144 0.564315 0.00678748 
200 0.27 1428800000 552.111 10.5105 -54.6895 0.452857 3356.64 57.3919 1.70915e+07 972715 -0.000757114 0.00202196 -0.00115092 0.00201221 0.0133007 0.000376915 0.000359978 2.46662e-05 0.102578 0.00132913 9.19821 1.56395 78.0706 9.07948 1117 43.6684 1204.27 48.6144 1204.27 48.6144 0.564315 0.00678748 
200 0.27 1429600000 552.111 10.5105 -54.6895 0.452151 3356.64 57.3919 1.70915e+07 972715 -0.000757114 0.00202196 -0.00115092 0.00200319 0.0133007 0.000376915 0.000359978 2.46662e-05 0.102578 0.00132913 9.19821 1.5622 78.0706 9.0695 1117 43.6352 1204.27 48.5758 1204.27 48.5758 0.564315 0.00678104 
200 0.27 1430400000 552.111 10.5105 -54.6895 0.452151 3356.64 57.3919 1.70915e+07 972715 -0.000757114 0.00202196 -0.00115092 0.00200319 0.0133007 0.000376915 0.000359978 2.46662e-05 0.102578 0.00132913 9.19821 1.5622 78.0706 9.0695 1117 43.6352 1204.27 48.5758 1204.27 48.5758 0.564315 0.00678104 
200 0.27 1431200000 552.111 10.5105 -54.6895 0.451889 3356.64 57.3919 1.70915e+07 972715 -0.000757114 0.00202196 -0.00115092 0.00200319 0.0133007 0.000376915 0.000359978 2.46662e-05 0.102578 0.00132913 9.19821 1.56045 78.0706 9.0695 1117 43.6029 1204.27 48.5384 1204.27 48.5384 0.564315 0.00677673 
200 0.27 1432000000 552.111 10.5105 -54.6895 0.451889 3356.64 57.3919 1.70915e+07 972715 -0.000757114 0.00202196 -0.00115092 0.00200319 0.0133007 0.000376915 0.000359978 2.46662e-05 0.102578 0.00132913 9.19821 1.56045 78.0706 9.0695 1117 43.6029 1204.27 48.5384 1204.27 48.5384 0.564315 0.00677673 
200 0.27 1432800000 552.111 10.5105 -54.6895 0.451545 3356.64 57.3919 1.70915e+07 972715 -0.000757114 0.00202196 -0.00115092 0.00200319 0.0133007 0.000376915 0.000359978 2.46662e-05 0.102578 0.00132913 9.19821 1.55869 78.0706 9.0695 1117 43.5561 1204.27 48.4863 1204.27 48.4863 0.564315 0.00677248 
200 0.27 1433600000 552.111 10.5105 -54.6895 0.451545 3356.64 57.3919 1.70915e+07 972715 -0.000757114 0.00202196 -0.00115092 0.00200319 0.0133007 0.000376915 0.000359978 2.46662e-05 0.102578 0.00132913 9.19821 1.55869 78.0706 9.0695 1117 43.5561 1204.27 48.4863 1204.27 48.4863 0.564315 0.00677248 
200 0.27 1434400000 552.111 10.5105 -54.6895 0.451545 3356.64 57.3919 1.70915e+07 972715 -0.000757114 0.00202196 -0.00115092 0.00200319 0.0133007 0.000376915 0.000359978 2.46662e-05 0.102578 0.00132913 9.19821 1.55695 78.0706 9.0695 1117 43.5232 1204.27 48.4481 1204.27 48.4481 0.564315 0.00676944 
200 0.27 1435200000 552.111 10.5105 -54.6895 0.451545 3356.64 57.3919 1.70915e+07 972715 -0.000757114 0.00202196 -0.00115092 0.00200319 0.0133007 0.000376915 0.000359978 2.46662e-05 0.102578 0.00132913 9.19821 1.55695 78.0706 9.0695 1117 43.5232 1204.27 48.4481 1204.27 48.4481 0.564315 0.00676944 
200 0.27 1436000000 552.111 10.5105 -54.6895 0.451545 3356.64 56.8752 1.70915e+07 964041 -0.000757114 0.00202196 -0.00115092 0.00199836 0.0133007 0.000376915 0.000359978 2.46662e-05 0.102578 0.00132913 9.19821 1.5552 78.0706 9.02966 1117 43.4899 1204.27 48.4097 1204.27 48.4097 0.564315 0.00676248 
200 0.27 1436800000 552.111 10.5105 -54.6895 0.451545 3356.64 56.8752 1.70915e+07 964041 -0.000757114 0.00202196 -0.00115092 0.00199836 0.0133007 0.000376915 0.000359978 2.46662e-05 0.102578 0.00132913 9.19821 1.5552 78.0706 9.02966 1117 43.4899 1204.27 48.4097 1204.27 48.4097 0.564315 0.00676248 
200 0.27 1437600000 552.111 10.5105 -54.6895 0.451545 3356.64 56.8752 1.70915e+07 964041 -0.000757114 0.00202196 -0.00115092 0.00199836 0.0133007 0.000376915 0.000359978 2.46662e-05 0.102578 0.00132913 9.19821 1.55347 78.0706 9.01972 1117 43.4568 1204.27 48.3711 1204.27 48.3711 0.564315 0.00675842 
200 0.27 1438400000 552.111 10.5105 -54.6895 0.451545 3356.64 56.8752 1.70915e+07 964041 -0.000757114 0.00202196 -0.00115092 0.00199836 0.0133007 0.000376915 0.000359978 2.46662e-05 0.102578 0.00132913 9.19821 1.55347 78.0706 9.01972 1117 43.4568 1204.27 48.3711 1204.27 48.3711 0.564315 0.00675842 
200 0.27 1439200000 552.111 10.5105 -54.6895 0.451545 3356.64 56.8752 1.70915e+07 964041 -0.000757114 0.00202196 -0.00115092 0.00199836 0.0133007 0.000376915 0.000359978 2.46662e-05 0.102578 0.00132913 9.19821 1.55173 78.0706 9.01095 1117 43.482 1204.27 48.3823 1204.27 48.3823 0.564315 0.00676232 
200 0.27 1440000000 552.111 10.5105 -54.6895 0.451545 3356.64 56.8752 1.70915e+07 964041 -0.000757114 0.00202196 -0.00115092 0.00199836 0.0133007 0.000376915 0.000359978 2.46662e-05 0.102578 0.00132913 9.19821 1.55173 78.0706 9.01095 1117 43.482 1204.27 48.3823 1204.27 48.3823 0.564315 0.00676232 
200 0.27 1440800000 552.111 10.5105 -54.6895 0.451545 3356.64 56.8752 1.70915e+07 964041 -0.000757114 0.00202196 -0.00115092 0.00199836 0.0133007 0.000376915 0.000359978 2.46662e-05 0.102578 0.00132913 9.19821 1.55 78.0706 9.01095 1117 43.4491 1204.27 48.3443 1204.27 48.3443 0.564315 0.00675715 
200 0.27 1441600000 552.111 10.5105 -54.6895 0.451545 3356.64 56.8752 1.70915e+07 964041 -0.000757114 0.00202196 -0.00115092 0.00199836 0.0133007 0.000376915 0.000359978 2.46662e-05 0.102578 0.00132913 9.19821 1.55 78.0706 9.01095 1117 43.4491 1204.27 48.3443 1204.27 48.3443 0.564315 0.00675715 
200 0.27 1442400000 552.111 10.5105 -54.6895 0.451545 3356.64 56.8752 1.70915e+07 964041 -0.000757114 0.00202196 -0.00115092 0.00199694 0.0133007 0.000376915 0.000359978 2.46662e-05 0.102578 0.00132913 9.19821 1.54827 78.0706 9.01095 1117 43.4161 1204.27 48.3062 1204.27 48.3062 0.564315 0.00675018 
200 0.27 1443200000 552.111 10.5105 -54.6895 0.451545 3356.64 56.8752 1.70915e+07 964041 -0.000757114 0.00202196 -0.00115092 0.00199694 0.0133007 0.000376915 0.000359978 2.46662e-05 0.102578 0.00132913 9.19821 1.54827 78.0706 9.01095 1117 43.4161 1204.27 48.3062 1204.27 48.3062 0.564315 0.00675018 
200 0.27 1444000000 552.111 10.5105 -54.6895 0.451545 3356.64 56.8752 1.70915e+07 964041 -0.000757114 0.00202196 -0.00115092 0.00199694 0.0133007 0.000376915 0.000359978 2.46662e-05 0.102578 0.00132913 9.19821 1.54762 78.0706 9.01095 1117 43.384 1204.27 48.2686 1204.27 48.2686 0.564315 0.00675567 
200 0.27 1444800000 552.111 10.5105 -54.6895 0.451545 3356.64 56.8752 1.70915e+07 964041 -0.000757114 0.00202196 -0.00115092 0.00199694 0.0133007 0.000376915 0.000359978 2.46662e-05 0.102578 0.00132913 9.19821 1.54762 78.0706 9.01095 1117 43.384 1204.27 48.2686 1204.27 48.2686 0.564315 0.00675567 
200 0.27 1445600000 552.111 10.5105 -54.6895 0.451545 3356.64 56.8752 1.70915e+07 964041 -0.000757114 0.00202196 -0.00115092 0.00199694 0.0133007 0.000376915 0.000359978 2.46662e-05 0.102578 0.00132913 9.19821 1.54762 78.0706 9.01095 1117 43.3518 1204.27 48.2315 1204.27 48.2315 0.564315 0.00675034 
200 0.27 1446400000 552.111 10.5105 -54.6895 0.451545 3356.64 56.8752 1.70915e+07 964041 -0.000757114 0.00202196 -0.00115092 0.00199694 0.0133007 0.000376915 0.000359978 2.46662e-05 0.102578 0.00132913 9.19821 1.54762 78.0706 9.01095 1117 43.3518 1204.27 48.2315 1204.27 48.2315 0.564315 0.00675034 
200 0.27 1447200000 552.111 10.5105 -54.6895 0.451545 3356.64 56.8752 1.70915e+07 964041 -0.000757114 0.00202196 -0.00115092 0.00199694 0.0133007 0.000376915 0.000359978 2.46662e-05 0.102578 0.00132913 9.19821 1.54762 78.0706 9.01095 1117 43.3194 1204.27 48.1941 1204.27 48.1941 0.564315 0.00674291 
200 0.27 1448000000 552.111 10.5105 -54.6895 0.451545 3356.64 56.8752 1.70915e+07 964041 -0.000757114 0.00202196 -0.00115092 0.00199694 0.0133007 0.000376915 0.000359978 2.46662e-05 0.102578 0.00132913 9.19821 1.54762 78.0706 9.01095 1117 43.3194 1204.27 48.1941 1204.27 48.1941 0.564315 0.00674291 
200 0.27 1448800000 552.819 10.2167 -54.6561 0.447433 3350.23 56.5309 1.69896e+07 957828 -0.000753838 0.0019292 -0.00110405 0.00198192 0.0133073 0.000339036 0.000357486 2.29081e-05 0.102674 0.00125246 9.29612 1.5414 78.4876 8.95104 1105.08 43.3374 1192.86 48.5612 1192.86 48.5612 0.562759 0.00675514 
200 0.27 1449600000 552.819 10.2167 -54.6561 0.447433 3350.23 56.5309 1.69896e+07 957828 -0.000753838 0.0019292 -0.00110405 0.00198192 0.0133073 0.000339036 0.000357486 2.29081e-05 0.102674 0.00125246 9.29612 1.5414 78.4876 8.95104 1105.08 43.3374 1192.86 48.5612 1192.86 48.5612 0.562759 0.00675514 
200 0.27 1450400000 552.819 10.2167 -54.6561 0.447971 3350.23 56.5309 1.69896e+07 957828 -0.000753838 0.0019292 -0.00110405 0.00198192 0.0133073 0.000339036 0.000357486 2.29081e-05 0.102674 0.00125333 9.29612 1.53968 78.4876 8.94128 1105.08 43.3374 1192.86 48.5612 1192.86 48.5612 0.562759 0.00674774 
200 0.27 1451200000 552.819 10.2167 -54.6561 0.447971 3350.23 56.5309 1.69896e+07 957828 -0.000753838 0.0019292 -0.00110405 0.00198192 0.0133073 0.000339036 0.000357486 2.29081e-05 0.102674 0.00125333 9.29612 1.53968 78.4876 8.94128 1105.08 43.3374 1192.86 48.5612 1192.86 48.5612 0.562759 0.00674774 
200 0.27 1452000000 552.819 10.2167 -54.6561 0.447847 3350.23 56.5309 1.69896e+07 957828 -0.000753838 0.00192732 -0.00110405 0.00198192 0.0133073 0.000339036 0.000357486 2.29081e-05 0.102674 0.00125194 9.29612 1.53797 78.4876 8.93147 1105.08 43.3374 1192.86 48.5612 1192.86 48.5612 0.562759 0.00675489 
200 0.27 1452800000 552.819 10.2167 -54.6561 0.447847 3350.23 56.5309 1.69896e+07 957828 -0.000753838 0.00192732 -0.00110405 0.00198192 0.0133073 0.000339036 0.000357486 2.29081e-05 0.102674 0.00125194 9.29612 1.53797 78.4876 8.93147 1105.08 43.3374 1192.86 48.5612 1192.86 48.5612 0.562759 0.00675489 
200 0.27 1453600000 552.819 10.2167 -54.6561 0.447437 3350.23 56.5309 1.69896e+07 957828 -0.000753838 0.00192732 -0.00110405 0.00198192 0.0133073 0.000339036 0.000357486 2.29081e-05 0.102674 0.00125081 9.29612 1.53627 78.4876 8.92248 1105.08 43.3374 1192.86 48.5612 1192.86 48.5612 0.562759 0.0067497 
200 0.27 1454400000 552.819 10.2167 -54.6561 0.447437 3350.23 56.5309 1.69896e+07 957828 -0.000753838 0.00192732 -0.00110405 0.00198192 0.0133073 0.000339036 0.000357486 2.29081e-05 0.102674 0.00125081 9.29612 1.53627 78.4876 8.92248 1105.08 43.3374 1192.86 48.5612 1192.86 48.5612 0.562759 0.0067497 
200 0.27 1455200000 552.819 10.2167 -54.6561 0.447613 3350.23 56.5309 1.69896e+07 957828 -0.000753838 0.00192096 -0.00110405 0.00197322 0.0133073 0.000339036 0.000357486 2.29081e-05 0.102674 0.00125143 9.29612 1.53457 78.4876 8.92248 1105.08 43.3374 1192.86 48.5612 1192.86 48.5612 0.562759 0.00674261 
200 0.27 1456000000 552.819 10.2167 -54.6561 0.447613 3350.23 56.5309 1.69896e+07 957828 -0.000753838 0.00192096 -0.00110405 0.00197322 0.0133073 0.000339036 0.000357486 2.29081e-05 0.102674 0.00125143 9.29612 1.53457 78.4876 8.92248 1105.08 43.3374 1192.86 48.5612 1192.86 48.5612 0.562759 0.00674261 
200 0.27 1456800000 552.819 10.2167 -54.6561 0.447726 3350.23 56.5309 1.69896e+07 957828 -0.000753838 0.00192096 -0.00110405 0.00197322 0.0133073 0.000339036 0.000357486 2.29081e-05 0.102674 0.00125009 9.29612 1.53287 78.4876 8.92248 1105.08 43.3374 1192.86 48.5612 1192.86 48.5612 0.562759 0.00674861 
200 0.27 1457600000 552.819 10.2167 -54.6561 0.447726 3350.23 56.5309 1.69896e+07 957828 -0.000753838 0.00192096 -0.00110405 0.00197322 0.0133073 0.000339036 0.000357486 2.29081e-05 0.102674 0.00125009 9.29612 1.53287 78.4876 8.92248 1105.08 43.3374 1192.86 48.5612 1192.86 48.5612 0.562759 0.00674861 
200 0.27 1458400000 552.819 10.2167 -54.6561 0.44729 3350.23 56.5309 1.69896e+07 957828 -0.000753838 0.00192052 -0.00110405 0.00197322 0.0133073 0.000339036 0.000357486 2.29081e-05 0.102674 0.00124877 9.29612 1.53118 78.4876 8.92248 1105.08 43.3374 1192.86 48.5612 1192.86 48.5612 0.562759 0.00675892 
200 0.27 1459200000 552.819 10.2167 -54.6561 0.44729 3350.23 56.5309 1.69896e+07 957828 -0.000753838 0.00192052 -0.00110405 0.00197322 0.0133073 0.000339036 0.000357486 2.29081e-05 0.102674 0.00124877 9.29612 1.53118 78.4876 8.92248 1105.08 43.3374 1192.86 48.5612 1192.86 48.5612 0.562759 0.00675892 
200 0.27 1460000000 552.819 10.2167 -54.6561 0.446806 3350.23 56.5309 1.69896e+07 957828 -0.000753838 0.00192052 -0.00110405 0.00197322 0.0133073 0.000339036 0.000357486 2.29081e-05 0.102674 0.00124772 9.29612 1.5295 78.4876 8.92248 1105.08 43.3374 1192.86 48.5612 1192.86 48.5612 0.562759 0.00675892 
200 0.27 1460800000 552.819 10.2167 -54.6561 0.446806 3350.23 56.5309 1.69896e+07 957828 -0.000753838 0.00192052 -0.00110405 0.00197322 0.0133073 0.000339036 0.000357486 2.29081e-05 0.102674 0.00124772 9.29612 1.5295 78.4876 8.92248 1105.08 43.3374 1192.86 48.5612 1192.86 48.5612 0.562759 0.00675892 
200 0.27 1461600000 552.819 10.2167 -54.6561 0.446427 3350.23 56.3373 1.69896e+07 951338 -0.000753838 0.00192052 -0.00110405 0.00196495 0.0133073 0.000339036 0.000357486 2.29081e-05 0.102674 0.00124722 9.29612 1.52781 78.4876 8.87341 1105.08 43.3374 1192.86 48.5612 1192.86 48.5612 0.562759 0.00676045 
200 0.27 1462400000 552.819 10.2167 -54.6561 0.446427 3350.23 56.3373 1.69896e+07 951338 -0.000753838 0.00192052 -0.00110405 0.00196495 0.0133073 0.000339036 0.000357486 2.29081e-05 0.102674 0.00124722 9.29612 1.52781 78.4876 8.87341 1105.08 43.3374 1192.86 48.5612 1192.86 48.5612 0.562759 0.00676045 
200 0.27 1463200000 552.819 10.2167 -54.6561 0.445939 3350.23 56.3373 1.69896e+07 951338 -0.000753838 0.00192052 -0.00110405 0.00196495 0.0133073 0.000339036 0.000357486 2.29081e-05 0.102674 0.00124627 9.29612 1.52613 78.4876 8.86385 1105.08 43.3374 1192.86 48.5612 1192.86 48.5612 0.562759 0.00676045 
200 0.27 1464000000 552.819 10.2167 -54.6561 0.445939 3350.23 56.3373 1.69896e+07 951338 -0.000753838 0.00192052 -0.00110405 0.00196495 0.0133073 0.000339036 0.000357486 2.29081e-05 0.102674 0.00124627 9.29612 1.52613 78.4876 8.86385 1105.08 43.3374 1192.86 48.5612 1192.86 48.5612 0.562759 0.00676045 
200 0.27 1464800000 552.819 10.2167 -54.6561 0.445461 3350.23 56.3373 1.69896e+07 951338 -0.000753838 0.00192052 -0.00110405 0.00196495 0.0133073 0.000339036 0.000357486 2.29081e-05 0.102674 0.00124624 9.29612 1.52445 78.4876 8.8614 1105.08 43.3374 1192.86 48.5612 1192.86 48.5612 0.562759 0.00674785 
200 0.27 1465600000 552.819 10.2167 -54.6561 0.445461 3350.23 56.3373 1.69896e+07 951338 -0.000753838 0.00192052 -0.00110405 0.00196495 0.0133073 0.000339036 0.000357486 2.29081e-05 0.102674 0.00124624 9.29612 1.52445 78.4876 8.8614 1105.08 43.3374 1192.86 48.5612 1192.86 48.5612 0.562759 0.00674785 
200 0.27 1466400000 552.819 10.2167 -54.6561 0.44532 3350.23 56.3373 1.69896e+07 951338 -0.000753838 0.00192052 -0.00110405 0.00196495 0.0133073 0.000339036 0.000357486 2.29081e-05 0.102674 0.00124755 9.29612 1.52277 78.4876 8.86639 1105.08 43.3374 1192.86 48.5612 1192.86 48.5612 0.562759 0.00674785 
200 0.27 1467200000 552.819 10.2167 -54.6561 0.44532 3350.23 56.3373 1.69896e+07 951338 -0.000753838 0.00192052 -0.00110405 0.00196495 0.0133073 0.000339036 0.000357486 2.29081e-05 0.102674 0.00124755 9.29612 1.52277 78.4876 8.86639 1105.08 43.3374 1192.86 48.5612 1192.86 48.5612 0.562759 0.00674785 
200 0.27 1468000000 552.819 10.2167 -54.6561 0.445645 3350.23 56.3373 1.69896e+07 951338 -0.000753838 0.00192052 -0.00110405 0.00196182 0.0133073 0.000339036 0.000357486 2.29081e-05 0.102674 0.00124638 9.29612 1.52111 78.4876 8.8614 1105.08 43.3374 1192.86 48.5612 1192.86 48.5612 0.562759 0.00673356 
200 0.27 1468800000 552.819 10.2167 -54.6561 0.445645 3350.23 56.3373 1.69896e+07 951338 -0.000753838 0.00192052 -0.00110405 0.00196182 0.0133073 0.000339036 0.000357486 2.29081e-05 0.102674 0.00124638 9.29612 1.52111 78.4876 8.8614 1105.08 43.3374 1192.86 48.5612 1192.86 48.5612 0.562759 0.00673356 
200 0.27 1469600000 552.819 10.2167 -54.6561 0.445521 3350.23 56.3373 1.69896e+07 951338 -0.000753838 0.00192052 -0.00110405 0.00196182 0.0133073 0.000339036 0.000357486 2.29081e-05 0.102674 0.00124505 9.29612 1.51944 78.4876 8.8614 1105.08 43.3374 1192.86 48.5612 1192.86 48.5612 0.562759 0.00673356 
200 0.27 1470400000 552.819 10.2167 -54.6561 0.445521 3350.23 56.3373 1.69896e+07 951338 -0.000753838 0.00192052 -0.00110405 0.00196182 0.0133073 0.000339036 0.000357486 2.29081e-05 0.102674 0.00124505 9.29612 1.51944 78.4876 8.8614 1105.08 43.3374 1192.86 48.5612 1192.86 48.5612 0.562759 0.00673356 
200 0.27 1471200000 552.819 10.2167 -54.6561 0.445042 3350.23 56.3373 1.69896e+07 951338 -0.000753838 0.00192052 -0.00110405 0.00196182 0.0133073 0.000339036 0.000357486 2.29081e-05 0.102674 0.00124402 9.29612 1.51778 78.4876 8.8614 1105.08 43.3374 1192.86 48.5612 1192.86 48.5612 0.562759 0.00672305 
200 0.27 1472000000 552.819 10.2167 -54.6561 0.445042 3350.23 56.3373 1.69896e+07 951338 -0.000753838 0.00192052 -0.00110405 0.00196182 0.0133073 0.000339036 0.000357486 2.29081e-05 0.102674 0.00124402 9.29612 1.51778 78.4876 8.8614 1105.08 43.3374 1192.86 48.5612 1192.86 48.5612 0.562759 0.00672305 
200 0.27 1472800000 552.819 10.2167 -54.6561 0.44512 3350.23 56.3373 1.69896e+07 951338 -0.000753838 0.00192052 -0.00110405 0.00196182 0.0133073 0.000339036 0.000357486 2.29081e-05 0.102674 0.0012427 9.29612 1.51611 78.4876 8.8614 1105.08 43.3374 1192.86 48.5612 1192.86 48.5612 0.562759 0.00672305 
200 0.27 1473600000 552.819 10.2167 -54.6561 0.44512 3350.23 56.3373 1.69896e+07 951338 -0.000753838 0.00192052 -0.00110405 0.00196182 0.0133073 0.000339036 0.000357486 2.29081e-05 0.102674 0.0012427 9.29612 1.51611 78.4876 8.8614 1105.08 43.3374 1192.86 48.5612 1192.86 48.5612 0.562759 0.00672305 
200 0.27 1474400000 552.819 10.2167 -54.6561 0.444635 3350.23 56.0287 1.69896e+07 944151 -0.000753838 0.00192052 -0.00110405 0.0019496 0.0133073 0.000339036 0.000357486 2.29081e-05 0.102674 0.00124191 9.29612 1.51446 78.4876 8.81878 1105.08 44.1996 1192.86 49.0851 1192.86 49.0851 0.562759 0.00671201 
200 0.27 1475200000 552.819 10.2167 -54.6561 0.444635 3350.23 56.0287 1.69896e+07 944151 -0.000753838 0.00192052 -0.00110405 0.0019496 0.0133073 0.000339036 0.000357486 2.29081e-05 0.102674 0.00124191 9.29612 1.51446 78.4876 8.81878 1105.08 44.1996 1192.86 49.0851 1192.86 49.0851 0.562759 0.00671201 
200 0.27 1476000000 552.819 10.2167 -54.6561 0.44427 3350.23 56.0287 1.69896e+07 944151 -0.000753838 0.00192052 -0.00110405 0.0019496 0.0133073 0.000339036 0.000357486 2.29081e-05 0.102674 0.0012408 9.29612 1.51281 78.4876 8.80927 1105.08 44.1996 1192.86 49.0851 1192.86 49.0851 0.562759 0.00671201 
200 0.27 1476800000 552.819 10.2167 -54.6561 0.44427 3350.23 56.0287 1.69896e+07 944151 -0.000753838 0.00192052 -0.00110405 0.0019496 0.0133073 0.000339036 0.000357486 2.29081e-05 0.102674 0.0012408 9.29612 1.51281 78.4876 8.80927 1105.08 44.1996 1192.86 49.0851 1192.86 49.0851 0.562759 0.00671201 
200 0.27 1477600000 552.819 10.2167 -54.6561 0.44427 3350.23 56.0287 1.69896e+07 944151 -0.000753838 0.00192052 -0.00110405 0.0019496 0.0133073 0.000339036 0.000357486 2.29081e-05 0.102674 0.00124015 9.29612 1.51117 78.4876 8.79991 1105.08 44.1996 1192.86 49.0851 1192.86 49.0851 0.562759 0.00669885 
200 0.27 1478400000 552.819 10.2167 -54.6561 0.44427 3350.23 56.0287 1.69896e+07 944151 -0.000753838 0.00192052 -0.00110405 0.0019496 0.0133073 0.000339036 0.000357486 2.29081e-05 0.102674 0.00124015 9.29612 1.51117 78.4876 8.79991 1105.08 44.1996 1192.86 49.0851 1192.86 49.0851 0.562759 0.00669885 
200 0.27 1479200000 552.819 10.2167 -54.6561 0.44427 3350.23 56.0287 1.69896e+07 944151 -0.000753838 0.00192052 -0.00110405 0.0019496 0.0133073 0.000339036 0.000357486 2.29081e-05 0.102674 0.00124281 9.29612 1.50953 78.4876 8.79058 1105.08 44.1996 1192.86 49.0851 1192.86 49.0851 0.562759 0.00669885 
200 0.27 1480000000 552.819 10.2167 -54.6561 0.44427 3350.23 56.0287 1.69896e+07 944151 -0.000753838 0.00192052 -0.00110405 0.0019496 0.0133073 0.000339036 0.000357486 2.29081e-05 0.102674 0.00124281 9.29612 1.50953 78.4876 8.79058 1105.08 44.1996 1192.86 49.0851 1192.86 49.0851 0.562759 0.00669885 
200 0.27 1480800000 552.819 10.2167 -54.6561 0.44427 3350.23 56.0287 1.69896e+07 944151 -0.000753838 0.00192052 -0.00110405 0.00194235 0.0133073 0.000339036 0.000357486 2.29081e-05 0.102674 0.00124271 9.29612 1.50789 78.4876 8.78132 1105.08 44.1996 1192.86 49.0851 1192.86 49.0851 0.562759 0.00668568 
200 0.27 1481600000 552.819 10.2167 -54.6561 0.44427 3350.23 56.0287 1.69896e+07 944151 -0.000753838 0.00192052 -0.00110405 0.00194235 0.0133073 0.000339036 0.000357486 2.29081e-05 0.102674 0.00124271 9.29612 1.50789 78.4876 8.78132 1105.08 44.1996 1192.86 49.0851 1192.86 49.0851 0.562759 0.00668568 
200 0.27 1482400000 552.819 10.2167 -54.6561 0.44427 3350.23 56.0287 1.69896e+07 944151 -0.000753838 0.00192052 -0.00110405 0.00194235 0.0133073 0.000339036 0.000357486 2.29081e-05 0.102674 0.00124145 9.29612 1.50625 78.4876 8.78021 1105.08 44.1996 1192.86 49.0851 1192.86 49.0851 0.562759 0.00668568 
200 0.27 1483200000 552.819 10.2167 -54.6561 0.44427 3350.23 56.0287 1.69896e+07 944151 -0.000753838 0.00192052 -0.00110405 0.00194235 0.0133073 0.000339036 0.000357486 2.29081e-05 0.102674 0.00124145 9.29612 1.50625 78.4876 8.78021 1105.08 44.1996 1192.86 49.0851 1192.86 49.0851 0.562759 0.00668568 
200 0.27 1484000000 552.819 10.2167 -54.6561 0.44427 3350.23 56.0287 1.69896e+07 944151 -0.000753838 0.00192052 -0.00110405 0.00194235 0.0133073 0.000339036 0.000357486 2.29081e-05 0.102674 0.00124014 9.29612 1.50461 78.4876 8.78021 1105.08 44.1996 1192.86 49.0851 1192.86 49.0851 0.562759 0.00669627 
200 0.27 1484800000 552.819 10.2167 -54.6561 0.44427 3350.23 56.0287 1.69896e+07 944151 -0.000753838 0.00192052 -0.00110405 0.00194235 0.0133073 0.000339036 0.000357486 2.29081e-05 0.102674 0.00124014 9.29612 1.50461 78.4876 8.78021 1105.08 44.1996 1192.86 49.0851 1192.86 49.0851 0.562759 0.00669627 
200 0.27 1485600000 552.819 10.2167 -54.6561 0.44427 3350.23 56.0287 1.69896e+07 944151 -0.000753838 0.00192052 -0.00110405 0.00194235 0.0133073 0.000339036 0.000357486 2.29081e-05 0.102674 0.00124027 9.29612 1.50299 78.4876 8.78021 1105.08 44.1996 1192.86 49.0851 1192.86 49.0851 0.562759 0.00669627 
200 0.27 1486400000 552.819 10.2167 -54.6561 0.44427 3350.23 56.0287 1.69896e+07 944151 -0.000753838 0.00192052 -0.00110405 0.00194235 0.0133073 0.000339036 0.000357486 2.29081e-05 0.102674 0.00124027 9.29612 1.50299 78.4876 8.78021 1105.08 44.1996 1192.86 49.0851 1192.86 49.0851 0.562759 0.00669627 
200 0.27 1487200000 552.819 10.2167 -54.6561 0.44427 3350.23 55.7474 1.69896e+07 936499 -0.000753838 0.00192052 -0.00110405 0.00193748 0.0133073 0.000339036 0.000357486 2.29081e-05 0.102674 0.00123892 9.29612 1.50135 78.4876 8.75038 1105.08 44.1996 1192.86 49.0851 1192.86 49.0851 0.562759 0.00668801 
200 0.27 1488000000 552.819 10.2167 -54.6561 0.44427 3350.23 55.7474 1.69896e+07 936499 -0.000753838 0.00192052 -0.00110405 0.00193748 0.0133073 0.000339036 0.000357486 2.29081e-05 0.102674 0.00123892 9.29612 1.50135 78.4876 8.75038 1105.08 44.1996 1192.86 49.0851 1192.86 49.0851 0.562759 0.00668801 
200 0.27 1488800000 552.819 10.2167 -54.6561 0.44427 3350.23 55.7474 1.69896e+07 936499 -0.000753838 0.00192052 -0.00110405 0.00193748 0.0133073 0.000339036 0.000357486 2.29081e-05 0.102674 0.00123762 9.29612 1.49972 78.4876 8.74107 1105.08 44.1996 1192.86 49.0851 1192.86 49.0851 0.562759 0.00668801 
200 0.27 1489600000 552.819 10.2167 -54.6561 0.44427 3350.23 55.7474 1.69896e+07 936499 -0.000753838 0.00192052 -0.00110405 0.00193748 0.0133073 0.000339036 0.000357486 2.29081e-05 0.102674 0.00123762 9.29612 1.49972 78.4876 8.74107 1105.08 44.1996 1192.86 49.0851 1192.86 49.0851 0.562759 0.00668801 
200 0.27 1490400000 552.819 10.2167 -54.6561 0.44427 3350.23 55.7474 1.69896e+07 936499 -0.000753838 0.00192052 -0.00110405 0.00193748 0.0133073 0.000339036 0.000357486 2.29081e-05 0.102674 0.00123848 9.29612 1.49811 78.4876 8.73189 1105.08 44.1996 1192.86 49.0851 1192.86 49.0851 0.562759 0.00669059 
200 0.27 1491200000 552.819 10.2167 -54.6561 0.44427 3350.23 55.7474 1.69896e+07 936499 -0.000753838 0.00192052 -0.00110405 0.00193748 0.0133073 0.000339036 0.000357486 2.29081e-05 0.102674 0.00123848 9.29612 1.49811 78.4876 8.73189 1105.08 44.1996 1192.86 49.0851 1192.86 49.0851 0.562759 0.00669059 
200 0.27 1492000000 552.819 10.2167 -54.6561 0.44427 3350.23 55.7474 1.69896e+07 936499 -0.000753838 0.00192052 -0.00110405 0.00193748 0.0133073 0.000339036 0.000357486 2.29081e-05 0.102674 0.00123744 9.29612 1.49649 78.4876 8.72267 1105.08 44.1996 1192.86 49.0851 1192.86 49.0851 0.562759 0.00669059 
200 0.27 1492800000 552.819 10.2167 -54.6561 0.44427 3350.23 55.7474 1.69896e+07 936499 -0.000753838 0.00192052 -0.00110405 0.00193748 0.0133073 0.000339036 0.000357486 2.29081e-05 0.102674 0.00123744 9.29612 1.49649 78.4876 8.72267 1105.08 44.1996 1192.86 49.0851 1192.86 49.0851 0.562759 0.00669059 
200 0.27 1493600000 552.819 10.2167 -54.6561 0.44427 3350.23 55.7474 1.69896e+07 936499 -0.000753838 0.00192052 -0.00110405 0.00193289 0.0133073 0.000339036 0.000357486 2.29081e-05 0.102674 0.00123738 9.29612 1.49491 78.4876 8.7519 1105.08 44.1996 1192.86 49.0851 1192.86 49.0851 0.562759 0.00667612 
200 0.27 1494400000 552.819 10.2167 -54.6561 0.44427 3350.23 55.7474 1.69896e+07 936499 -0.000753838 0.00192052 -0.00110405 0.00193289 0.0133073 0.000339036 0.000357486 2.29081e-05 0.102674 0.00123738 9.29612 1.49491 78.4876 8.7519 1105.08 44.1996 1192.86 49.0851 1192.86 49.0851 0.562759 0.00667612 
200 0.27 1495200000 552.819 10.2167 -54.6561 0.44427 3350.23 55.7474 1.69896e+07 936499 -0.000753838 0.00192052 -0.00110405 0.00193289 0.0133073 0.000339036 0.000357486 2.29081e-05 0.102674 0.00123711 9.29612 1.4933 78.4876 8.74274 1105.08 44.1996 1192.86 49.0851 1192.86 49.0851 0.562759 0.00667612 
200 0.27 1496000000 552.819 10.2167 -54.6561 0.44427 3350.23 55.7474 1.69896e+07 936499 -0.000753838 0.00192052 -0.00110405 0.00193289 0.0133073 0.000339036 0.000357486 2.29081e-05 0.102674 0.00123711 9.29612 1.4933 78.4876 8.74274 1105.08 44.1996 1192.86 49.0851 1192.86 49.0851 0.562759 0.00667612 
200 0.27 1496800000 552.819 10.2167 -54.6561 0.44427 3350.23 55.7474 1.69896e+07 936499 -0.000753838 0.00192052 -0.00110405 0.00193289 0.0133073 0.000339036 0.000357486 2.29081e-05 0.102674 0.00123584 9.29612 1.49169 78.4876 8.73356 1105.08 44.1996 1192.86 49.0851 1192.86 49.0851 0.562759 0.00666336 
200 0.27 1497600000 552.819 10.2167 -54.6561 0.44427 3350.23 55.7474 1.69896e+07 936499 -0.000753838 0.00192052 -0.00110405 0.00193289 0.0133073 0.000339036 0.000357486 2.29081e-05 0.102674 0.00123584 9.29612 1.49169 78.4876 8.73356 1105.08 44.1996 1192.86 49.0851 1192.86 49.0851 0.562759 0.00666336 
200 0.27 1498400000 552.819 10.2167 -54.6561 0.44427 3350.23 55.7474 1.69896e+07 936499 -0.000753838 0.00192052 -0.00110405 0.00193289 0.0133073 0.000339036 0.000357486 2.29081e-05 0.102674 0.00123501 9.29612 1.49009 78.4876 8.72426 1105.08 44.1996 1192.86 49.0851 1192.86 49.0851 0.562759 0.00666336 
200 0.27 1499200000 552.819 10.2167 -54.6561 0.44427 3350.23 55.7474 1.69896e+07 936499 -0.000753838 0.00192052 -0.00110405 0.00193289 0.0133073 0.000339036 0.000357486 2.29081e-05 0.102674 0.00123501 9.29612 1.49009 78.4876 8.72426 1105.08 44.1996 1192.86 49.0851 1192.86 49.0851 0.562759 0.00666336 
200 0.27 1500000000 552.819 10.7427 -54.6561 0.440719 3350.23 55.2752 1.69896e+07 928433 -0.000753838 0.00193949 -0.00110405 0.00192541 0.0133073 0.000339036 0.000357486 2.29081e-05 0.102674 0.00123445 9.29612 1.4885 78.4876 8.71508 1105.08 43.4399 1192.86 48.2435 1192.86 48.2435 0.562759 0.00665116 
200 0.27 1500800000 552.819 10.7427 -54.6561 0.440719 3350.23 55.2752 1.69896e+07 928433 -0.000753838 0.00193949 -0.00110405 0.00192541 0.0133073 0.000339036 0.000357486 2.29081e-05 0.102674 0.00123445 9.29612 1.4885 78.4876 8.71508 1105.08 43.4399 1192.86 48.2435 1192.86 48.2435 0.562759 0.00665116 
200 0.27 1501600000 552.819 10.7427 -54.6561 0.440719 3350.23 55.2752 1.69896e+07 928433 -0.000753838 0.00193949 -0.00110405 0.00192541 0.0133073 0.000339036 0.000357486 2.29081e-05 0.102674 0.00123493 9.29612 1.4869 78.4876 8.70598 1105.08 43.4399 1192.86 48.2435 1192.86 48.2435 0.562759 0.00665116 
200 0.27 1502400000 552.819 10.7427 -54.6561 0.440719 3350.23 55.2752 1.69896e+07 928433 -0.000753838 0.00193949 -0.00110405 0.00192541 0.0133073 0.000339036 0.000357486 2.29081e-05 0.102674 0.00123493 9.29612 1.4869 78.4876 8.70598 1105.08 43.4399 1192.86 48.2435 1192.86 48.2435 0.562759 0.00665116 
200 0.27 1503200000 552.819 10.7427 -54.6561 0.440719 3350.23 55.2752 1.69896e+07 928433 -0.000753838 0.00193949 -0.00110405 0.00192541 0.0133073 0.000339036 0.000357486 2.29081e-05 0.102674 0.00123395 9.29612 1.48531 78.4876 8.69696 1105.08 43.4399 1192.86 48.2435 1192.86 48.2435 0.562759 0.00663939 
200 0.27 1504000000 552.819 10.7427 -54.6561 0.440719 3350.23 55.2752 1.69896e+07 928433 -0.000753838 0.00193949 -0.00110405 0.00192541 0.0133073 0.000339036 0.000357486 2.29081e-05 0.102674 0.00123395 9.29612 1.48531 78.4876 8.69696 1105.08 43.4399 1192.86 48.2435 1192.86 48.2435 0.562759 0.00663939 
200 0.27 1504800000 552.819 10.7427 -54.6561 0.440719 3350.23 55.2752 1.69896e+07 928433 -0.000753838 0.00193949 -0.00110405 0.00192541 0.0133073 0.000339036 0.000357486 2.29081e-05 0.102674 0.00123301 9.29612 1.48372 78.4876 8.6879 1105.08 43.4399 1192.86 48.2435 1192.86 48.2435 0.562759 0.00663939 
200 0.27 1505600000 552.819 10.7427 -54.6561 0.440719 3350.23 55.2752 1.69896e+07 928433 -0.000753838 0.00193949 -0.00110405 0.00192541 0.0133073 0.000339036 0.000357486 2.29081e-05 0.102674 0.00123301 9.29612 1.48372 78.4876 8.6879 1105.08 43.4399 1192.86 48.2435 1192.86 48.2435 0.562759 0.00663939 
200 0.27 1506400000 552.819 10.7427 -54.6561 0.43904 3350.23 55.2752 1.69896e+07 928433 -0.000753838 0.00193949 -0.00110405 0.00192872 0.0133073 0.000339036 0.000357486 2.29081e-05 0.102674 0.0012321 9.29612 1.48214 78.4876 8.67886 1105.08 43.4399 1192.86 48.2435 1192.86 48.2435 0.562759 0.00662622 
200 0.27 1507200000 552.819 10.7427 -54.6561 0.43904 3350.23 55.2752 1.69896e+07 928433 -0.000753838 0.00193949 -0.00110405 0.00192872 0.0133073 0.000339036 0.000357486 2.29081e-05 0.102674 0.0012321 9.29612 1.48214 78.4876 8.67886 1105.08 43.4399 1192.86 48.2435 1192.86 48.2435 0.562759 0.00662622 
200 0.27 1508000000 552.819 10.7427 -54.6561 0.438828 3350.23 55.2752 1.69896e+07 928433 -0.000753838 0.00193949 -0.00110405 0.00192872 0.0133073 0.000339036 0.000357486 2.29081e-05 0.102674 0.00123134 9.29612 1.48055 78.4876 8.66982 1105.08 43.4399 1192.86 48.2435 1192.86 48.2435 0.562759 0.00662622 
200 0.27 1508800000 552.819 10.7427 -54.6561 0.438828 3350.23 55.2752 1.69896e+07 928433 -0.000753838 0.00193949 -0.00110405 0.00192872 0.0133073 0.000339036 0.000357486 2.29081e-05 0.102674 0.00123134 9.29612 1.48055 78.4876 8.66982 1105.08 43.4399 1192.86 48.2435 1192.86 48.2435 0.562759 0.00662622 
200 0.27 1509600000 552.819 10.7427 -54.6561 0.438828 3350.23 55.2752 1.69896e+07 928433 -0.000753838 0.00193949 -0.00110405 0.00192872 0.0133073 0.000339036 0.000357486 2.29081e-05 0.102674 0.00123071 9.29612 1.47898 78.4876 8.66081 1105.08 43.4399 1192.86 48.2435 1192.86 48.2435 0.562759 0.00661952 
200 0.27 1510400000 552.819 10.7427 -54.6561 0.438828 3350.23 55.2752 1.69896e+07 928433 -0.000753838 0.00193949 -0.00110405 0.00192872 0.0133073 0.000339036 0.000357486 2.29081e-05 0.102674 0.00123071 9.29612 1.47898 78.4876 8.66081 1105.08 43.4399 1192.86 48.2435 1192.86 48.2435 0.562759 0.00661952 
200 0.27 1511200000 552.819 10.7427 -54.6561 0.438828 3350.23 55.2752 1.69896e+07 928433 -0.000753838 0.00193949 -0.00110405 0.00192872 0.0133073 0.000339036 0.000357486 2.29081e-05 0.102674 0.00123019 9.29612 1.47741 78.4876 8.65183 1105.08 43.4399 1192.86 48.2435 1192.86 48.2435 0.562759 0.00661952 
200 0.27 1512000000 552.819 10.7427 -54.6561 0.438828 3350.23 55.2752 1.69896e+07 928433 -0.000753838 0.00193949 -0.00110405 0.00192872 0.0133073 0.000339036 0.000357486 2.29081e-05 0.102674 0.00123019 9.29612 1.47741 78.4876 8.65183 1105.08 43.4399 1192.86 48.2435 1192.86 48.2435 0.562759 0.00661952 
200 0.27 1512800000 552.819 10.7427 -54.6561 0.437597 3350.23 54.8318 1.69896e+07 921222 -0.000753838 0.00193949 -0.00110405 0.00192147 0.0133073 0.000339036 0.000357486 2.29081e-05 0.102674 0.00123201 9.29612 1.47583 78.4876 8.64272 1105.08 43.4399 1192.86 48.2435 1192.86 48.2435 0.562759 0.00660584 
200 0.27 1513600000 552.819 10.7427 -54.6561 0.437597 3350.23 54.8318 1.69896e+07 921222 -0.000753838 0.00193949 -0.00110405 0.00192147 0.0133073 0.000339036 0.000357486 2.29081e-05 0.102674 0.00123201 9.29612 1.47583 78.4876 8.64272 1105.08 43.4399 1192.86 48.2435 1192.86 48.2435 0.562759 0.00660584 
200 0.27 1514400000 552.819 10.7427 -54.6561 0.437154 3350.23 54.8318 1.69896e+07 921222 -0.000753838 0.00193949 -0.00110405 0.00192147 0.0133073 0.000339036 0.000357486 2.29081e-05 0.102674 0.0012307 9.29612 1.47427 78.4876 8.63376 1105.08 43.4399 1192.86 48.2435 1192.86 48.2435 0.562759 0.00660584 
200 0.27 1515200000 552.819 10.7427 -54.6561 0.437154 3350.23 54.8318 1.69896e+07 921222 -0.000753838 0.00193949 -0.00110405 0.00192147 0.0133073 0.000339036 0.000357486 2.29081e-05 0.102674 0.0012307 9.29612 1.47427 78.4876 8.63376 1105.08 43.4399 1192.86 48.2435 1192.86 48.2435 0.562759 0.00660584 
200 0.27 1516000000 552.819 10.7427 -54.6561 0.437043 3350.23 54.8318 1.69896e+07 921222 -0.000753838 0.00193949 -0.00110405 0.00192147 0.0133073 0.000339036 0.000357486 2.29081e-05 0.102674 0.00122961 9.29612 1.4727 78.4876 8.62482 1105.08 43.4399 1192.86 48.2435 1192.86 48.2435 0.562759 0.00659202 
200 0.27 1516800000 552.819 10.7427 -54.6561 0.437043 3350.23 54.8318 1.69896e+07 921222 -0.000753838 0.00193949 -0.00110405 0.00192147 0.0133073 0.000339036 0.000357486 2.29081e-05 0.102674 0.00122961 9.29612 1.4727 78.4876 8.62482 1105.08 43.4399 1192.86 48.2435 1192.86 48.2435 0.562759 0.00659202 
200 0.27 1517600000 552.819 10.7427 -54.6561 0.437043 3350.23 54.8318 1.69896e+07 921222 -0.000753838 0.00193949 -0.00110405 0.00192147 0.0133073 0.000339036 0.000357486 2.29081e-05 0.102674 0.00122923 9.29612 1.47115 78.4876 8.61592 1105.08 43.4399 1192.86 48.2435 1192.86 48.2435 0.562759 0.00659202 
200 0.27 1518400000 552.819 10.7427 -54.6561 0.437043 3350.23 54.8318 1.69896e+07 921222 -0.000753838 0.00193949 -0.00110405 0.00192147 0.0133073 0.000339036 0.000357486 2.29081e-05 0.102674 0.00122923 9.29612 1.47115 78.4876 8.61592 1105.08 43.4399 1192.86 48.2435 1192.86 48.2435 0.562759 0.00659202 
200 0.27 1519200000 552.819 10.7427 -54.6561 0.437136 3350.23 54.8318 1.69896e+07 921222 -0.000753838 0.00193949 -0.00110405 0.00191427 0.0133073 0.000339036 0.000357486 2.29081e-05 0.102674 0.00122793 9.29612 1.46958 78.4876 8.60697 1105.08 43.4399 1192.86 48.2435 1192.86 48.2435 0.562759 0.00658337 
200 0.27 1520000000 552.819 10.7427 -54.6561 0.437136 3350.23 54.8318 1.69896e+07 921222 -0.000753838 0.00193949 -0.00110405 0.00191427 0.0133073 0.000339036 0.000357486 2.29081e-05 0.102674 0.00122793 9.29612 1.46958 78.4876 8.60697 1105.08 43.4399 1192.86 48.2435 1192.86 48.2435 0.562759 0.00658337 
200 0.27 1520800000 552.819 10.7427 -54.6561 0.437027 3350.23 54.8318 1.69896e+07 921222 -0.000753838 0.00193949 -0.00110405 0.00191427 0.0133073 0.000339036 0.000357486 2.29081e-05 0.102674 0.0012267 9.29612 1.46802 78.4876 8.59807 1105.08 43.4399 1192.86 48.2435 1192.86 48.2435 0.562759 0.00658337 
200 0.27 1521600000 552.819 10.7427 -54.6561 0.437027 3350.23 54.8318 1.69896e+07 921222 -0.000753838 0.00193949 -0.00110405 0.00191427 0.0133073 0.000339036 0.000357486 2.29081e-05 0.102674 0.0012267 9.29612 1.46802 78.4876 8.59807 1105.08 43.4399 1192.86 48.2435 1192.86 48.2435 0.562759 0.00658337 
200 0.27 1522400000 552.819 10.7427 -54.6561 0.437027 3350.23 54.8318 1.69896e+07 921222 -0.000753838 0.00193949 -0.00110405 0.00191427 0.0133073 0.000339036 0.000357486 2.29081e-05 0.102674 0.0012254 9.29612 1.46648 78.4876 8.58916 1105.08 43.4399 1192.86 48.2435 1192.86 48.2435 0.562759 0.00657796 
200 0.27 1523200000 552.819 10.7427 -54.6561 0.437027 3350.23 54.8318 1.69896e+07 921222 -0.000753838 0.00193949 -0.00110405 0.00191427 0.0133073 0.000339036 0.000357486 2.29081e-05 0.102674 0.0012254 9.29612 1.46648 78.4876 8.58916 1105.08 43.4399 1192.86 48.2435 1192.86 48.2435 0.562759 0.00657796 
200 0.27 1524000000 552.819 10.7427 -54.6561 0.437027 3350.23 54.8318 1.69896e+07 921222 -0.000753838 0.00193949 -0.00110405 0.00191427 0.0133073 0.000339036 0.000357486 2.29081e-05 0.102674 0.00122501 9.29612 1.46493 78.4876 8.58062 1105.08 43.4399 1192.86 48.2435 1192.86 48.2435 0.562759 0.00657107 
200 0.27 1524800000 552.819 10.7427 -54.6561 0.437027 3350.23 54.8318 1.69896e+07 921222 -0.000753838 0.00193949 -0.00110405 0.00191427 0.0133073 0.000339036 0.000357486 2.29081e-05 0.102674 0.00122501 9.29612 1.46493 78.4876 8.58062 1105.08 43.4399 1192.86 48.2435 1192.86 48.2435 0.562759 0.00657107 
200 0.27 1525600000 552.819 10.7427 -54.6561 0.435982 3350.23 54.5935 1.69896e+07 915056 -0.000753838 0.00193949 -0.00110405 0.00190524 0.0133073 0.000339036 0.000357486 2.29081e-05 0.102674 0.00122398 9.29612 1.46338 78.4876 8.57133 1105.08 44.1456 1192.86 48.9612 1192.86 48.9612 0.562759 0.00656615 
200 0.27 1526400000 552.819 10.7427 -54.6561 0.435982 3350.23 54.5935 1.69896e+07 915056 -0.000753838 0.00193949 -0.00110405 0.00190524 0.0133073 0.000339036 0.000357486 2.29081e-05 0.102674 0.00122398 9.29612 1.46338 78.4876 8.57133 1105.08 44.1456 1192.86 48.9612 1192.86 48.9612 0.562759 0.00656615 
200 0.27 1527200000 552.819 10.7427 -54.6561 0.436142 3350.23 54.5935 1.69896e+07 915056 -0.000753838 0.00193949 -0.00110405 0.00190524 0.0133073 0.000339036 0.000357486 2.29081e-05 0.102674 0.00122276 9.29612 1.46184 78.4876 8.56255 1105.08 44.1456 1192.86 48.9612 1192.86 48.9612 0.562759 0.00656131 
200 0.27 1528000000 552.819 10.7427 -54.6561 0.436142 3350.23 54.5935 1.69896e+07 915056 -0.000753838 0.00193949 -0.00110405 0.00190524 0.0133073 0.000339036 0.000357486 2.29081e-05 0.102674 0.00122276 9.29612 1.46184 78.4876 8.56255 1105.08 44.1456 1192.86 48.9612 1192.86 48.9612 0.562759 0.00656131 
200 0.27 1528800000 552.819 10.7427 -54.6561 0.435697 3350.23 54.5935 1.69896e+07 915056 -0.000753838 0.00193949 -0.00110405 0.00190524 0.0133073 0.000339036 0.000357486 2.29081e-05 0.102674 0.00122363 9.29612 1.4603 78.4876 8.55378 1105.08 44.1456 1192.86 48.9612 1192.86 48.9612 0.562759 0.00656096 
200 0.27 1529600000 552.819 10.7427 -54.6561 0.435697 3350.23 54.5935 1.69896e+07 915056 -0.000753838 0.00193949 -0.00110405 0.00190524 0.0133073 0.000339036 0.000357486 2.29081e-05 0.102674 0.00122363 9.29612 1.4603 78.4876 8.55378 1105.08 44.1456 1192.86 48.9612 1192.86 48.9612 0.562759 0.00656096 
200 0.27 1530400000 552.819 10.7427 -54.6561 0.4366 3350.23 54.8534 1.69896e+07 915056 -0.000753838 0.00193949 -0.00110405 0.00190524 0.0133073 0.000339036 0.000357486 2.29081e-05 0.102674 0.00122306 9.29612 1.45877 78.4876 8.58702 1105.08 44.1456 1192.86 48.9612 1192.86 48.9612 0.562759 0.00655735 
200 0.27 1531200000 552.819 10.7427 -54.6561 0.4366 3350.23 54.8534 1.69896e+07 915056 -0.000753838 0.00193949 -0.00110405 0.00190524 0.0133073 0.000339036 0.000357486 2.29081e-05 0.102674 0.00122306 9.29612 1.45877 78.4876 8.58702 1105.08 44.1456 1192.86 48.9612 1192.86 48.9612 0.562759 0.00655735 
200 0.27 1532000000 552.819 10.7427 -54.6561 0.4362 3350.23 54.9222 1.69896e+07 915056 -0.000753838 0.00193949 -0.00110405 0.00190425 0.0133073 0.000339036 0.000357486 2.29081e-05 0.102674 0.00122177 9.29612 1.45723 78.4876 8.66843 1105.08 44.1456 1192.86 48.9612 1192.86 48.9612 0.562759 0.00655437 
200 0.27 1532800000 552.819 10.7427 -54.6561 0.4362 3350.23 54.9222 1.69896e+07 915056 -0.000753838 0.00193949 -0.00110405 0.00190425 0.0133073 0.000339036 0.000357486 2.29081e-05 0.102674 0.00122177 9.29612 1.45723 78.4876 8.66843 1105.08 44.1456 1192.86 48.9612 1192.86 48.9612 0.562759 0.00655437 
200 0.27 1533600000 552.819 10.7427 -54.6561 0.4362 3350.23 54.9222 1.69896e+07 915056 -0.000753838 0.00193949 -0.00110405 0.00190425 0.0133073 0.000339036 0.000357486 2.29081e-05 0.102674 0.00122086 9.29612 1.4557 78.4876 8.66843 1105.08 44.1456 1192.86 48.9612 1192.86 48.9612 0.562759 0.00654897 
200 0.27 1534400000 552.819 10.7427 -54.6561 0.4362 3350.23 54.9222 1.69896e+07 915056 -0.000753838 0.00193949 -0.00110405 0.00190425 0.0133073 0.000339036 0.000357486 2.29081e-05 0.102674 0.00122086 9.29612 1.4557 78.4876 8.66843 1105.08 44.1456 1192.86 48.9612 1192.86 48.9612 0.562759 0.00654897 
200 0.27 1535200000 552.819 10.7427 -54.6561 0.4362 3350.23 54.9222 1.69896e+07 915056 -0.000753838 0.00193949 -0.00110405 0.00190425 0.0133073 0.000339036 0.000357486 2.29081e-05 0.102674 0.00121961 9.29612 1.45417 78.4876 8.65704 1105.08 44.1456 1192.86 48.9612 1192.86 48.9612 0.562759 0.00654219 
200 0.27 1536000000 552.819 10.7427 -54.6561 0.4362 3350.23 54.9222 1.69896e+07 915056 -0.000753838 0.00193949 -0.00110405 0.00190425 0.0133073 0.000339036 0.000357486 2.29081e-05 0.102674 0.00121961 9.29612 1.45417 78.4876 8.65704 1105.08 44.1456 1192.86 48.9612 1192.86 48.9612 0.562759 0.00654219 
200 0.27 1536800000 552.819 10.7427 -54.6561 0.4362 3350.23 54.9222 1.69896e+07 915056 -0.000753838 0.00193949 -0.00110405 0.00190425 0.0133073 0.000339036 0.000357486 2.29081e-05 0.102674 0.00121849 9.29612 1.45264 78.4876 8.65704 1105.08 44.1456 1192.86 48.9612 1192.86 48.9612 0.562759 0.00654035 
200 0.27 1537600000 552.819 10.7427 -54.6561 0.4362 3350.23 54.9222 1.69896e+07 915056 -0.000753838 0.00193949 -0.00110405 0.00190425 0.0133073 0.000339036 0.000357486 2.29081e-05 0.102674 0.00121849 9.29612 1.45264 78.4876 8.65704 1105.08 44.1456 1192.86 48.9612 1192.86 48.9612 0.562759 0.00654035 
200 0.27 1538400000 552.819 10.7427 -54.6561 0.434367 3350.23 54.8449 1.69896e+07 923799 -0.000753838 0.00193949 -0.00110405 0.00190425 0.0133073 0.000339036 0.000357486 2.29081e-05 0.102674 0.00121827 9.29612 1.45112 78.4876 8.63989 1105.08 44.1456 1192.86 48.9612 1192.86 48.9612 0.562759 0.00654836 
200 0.27 1539200000 552.819 10.7427 -54.6561 0.434367 3350.23 54.8449 1.69896e+07 923799 -0.000753838 0.00193949 -0.00110405 0.00190425 0.0133073 0.000339036 0.000357486 2.29081e-05 0.102674 0.00121827 9.29612 1.45112 78.4876 8.63989 1105.08 44.1456 1192.86 48.9612 1192.86 48.9612 0.562759 0.00654836 
200 0.27 1540000000 552.819 10.7427 -54.6561 0.434516 3350.23 54.8449 1.69896e+07 923799 -0.000753838 0.00193949 -0.00110405 0.00190425 0.0133073 0.000339036 0.000357486 2.29081e-05 0.102674 0.00121711 9.29612 1.44961 78.4876 8.63989 1105.08 44.1456 1192.86 48.9612 1192.86 48.9612 0.562759 0.00654302 
200 0.27 1540800000 552.819 10.7427 -54.6561 0.434516 3350.23 54.8449 1.69896e+07 923799 -0.000753838 0.00193949 -0.00110405 0.00190425 0.0133073 0.000339036 0.000357486 2.29081e-05 0.102674 0.00121711 9.29612 1.44961 78.4876 8.63989 1105.08 44.1456 1192.86 48.9612 1192.86 48.9612 0.562759 0.00654302 
200 0.27 1541600000 552.819 10.7427 -54.6561 0.434367 3350.23 54.8449 1.69896e+07 923799 -0.000753838 0.00193949 -0.00110405 0.00190425 0.0133073 0.000339036 0.000357486 2.29081e-05 0.102674 0.00121685 9.29612 1.4481 78.4876 8.63545 1105.08 44.1456 1192.86 48.9612 1192.86 48.9612 0.562759 0.00653791 
200 0.27 1542400000 552.819 10.7427 -54.6561 0.434367 3350.23 54.8449 1.69896e+07 923799 -0.000753838 0.00193949 -0.00110405 0.00190425 0.0133073 0.000339036 0.000357486 2.29081e-05 0.102674 0.00121685 9.29612 1.4481 78.4876 8.63545 1105.08 44.1456 1192.86 48.9612 1192.86 48.9612 0.562759 0.00653791 
200 0.27 1543200000 552.819 10.7427 -54.6561 0.434367 3350.23 54.8449 1.69896e+07 923799 -0.000753838 0.00193949 -0.00110405 0.00190425 0.0133073 0.000339036 0.000357486 2.29081e-05 0.102674 0.00121569 9.29612 1.44659 78.4876 8.63545 1105.08 44.1456 1192.86 48.9612 1192.86 48.9612 0.562759 0.00653106 
200 0.27 1544000000 552.819 10.7427 -54.6561 0.434367 3350.23 54.8449 1.69896e+07 923799 -0.000753838 0.00193949 -0.00110405 0.00190425 0.0133073 0.000339036 0.000357486 2.29081e-05 0.102674 0.00121569 9.29612 1.44659 78.4876 8.63545 1105.08 44.1456 1192.86 48.9612 1192.86 48.9612 0.562759 0.00653106 
200 0.27 1544800000 552.819 10.7427 -54.6561 0.43354 3350.23 54.8449 1.69896e+07 923799 -0.000753838 0.00193949 -0.00110405 0.00190425 0.0133073 0.000339036 0.000357486 2.29081e-05 0.102674 0.00121502 9.29612 1.44509 78.4876 8.63545 1105.08 44.1456 1192.86 48.9612 1192.86 48.9612 0.562759 0.00653247 
200 0.27 1545600000 552.819 10.7427 -54.6561 0.43354 3350.23 54.8449 1.69896e+07 923799 -0.000753838 0.00193949 -0.00110405 0.00190425 0.0133073 0.000339036 0.000357486 2.29081e-05 0.102674 0.00121502 9.29612 1.44509 78.4876 8.63545 1105.08 44.1456 1192.86 48.9612 1192.86 48.9612 0.562759 0.00653247 
200 0.27 1546400000 552.819 10.7427 -54.6561 0.434016 3350.23 54.8449 1.69896e+07 923799 -0.000753838 0.00193949 -0.00110405 0.00190425 0.0133073 0.000339036 0.000357486 2.29081e-05 0.102674 0.00121485 9.29612 1.44358 78.4876 8.63545 1105.08 44.1456 1192.86 48.9612 1192.86 48.9612 0.562759 0.00652816 
200 0.27 1547200000 552.819 10.7427 -54.6561 0.434016 3350.23 54.8449 1.69896e+07 923799 -0.000753838 0.00193949 -0.00110405 0.00190425 0.0133073 0.000339036 0.000357486 2.29081e-05 0.102674 0.00121485 9.29612 1.44358 78.4876 8.63545 1105.08 44.1456 1192.86 48.9612 1192.86 48.9612 0.562759 0.00652816 
200 0.27 1548000000 552.819 10.7427 -54.6561 0.433916 3350.23 54.8449 1.69896e+07 923799 -0.000753838 0.00193949 -0.00110405 0.00190425 0.0133073 0.000339036 0.000357486 2.29081e-05 0.102674 0.00121358 9.29612 1.44208 78.4876 8.63545 1105.08 44.1456 1192.86 48.9612 1192.86 48.9612 0.562759 0.00652135 
200 0.27 1548800000 552.819 10.7427 -54.6561 0.433916 3350.23 54.8449 1.69896e+07 923799 -0.000753838 0.00193949 -0.00110405 0.00190425 0.0133073 0.000339036 0.000357486 2.29081e-05 0.102674 0.00121358 9.29612 1.44208 78.4876 8.63545 1105.08 44.1456 1192.86 48.9612 1192.86 48.9612 0.562759 0.00652135 
200 0.27 1549600000 552.819 10.7427 -54.6561 0.433485 3350.23 54.8449 1.69896e+07 923799 -0.000753838 0.00193949 -0.00110405 0.00190425 0.0133073 0.000339036 0.000357486 2.29081e-05 0.102674 0.00121243 9.29612 1.44058 78.4876 8.63545 1105.08 44.1456 1192.86 48.9612 1192.86 48.9612 0.562759 0.00652225 
200 0.27 1550400000 552.819 10.7427 -54.6561 0.433485 3350.23 54.8449 1.69896e+07 923799 -0.000753838 0.00193949 -0.00110405 0.00190425 0.0133073 0.000339036 0.000357486 2.29081e-05 0.102674 0.00121243 9.29612 1.44058 78.4876 8.63545 1105.08 44.1456 1192.86 48.9612 1192.86 48.9612 0.562759 0.00652225 
200 0.27 1551200000 556.581 10.3996 -54.6002 0.433048 3346.03 54.3891 1.70034e+07 916109 -0.000231348 0.00187566 -0.000642001 0.00189575 0.0132773 0.000339036 0.000357628 2.29081e-05 0.102429 0.00121164 9.08064 1.43908 78.9402 8.57512 1111.18 43.6883 1199.2 48.5469 1199.2 48.5469 0.564449 0.00651547 
200 0.27 1552000000 556.581 10.3996 -54.6002 0.433048 3346.03 54.3891 1.70034e+07 916109 -0.000231348 0.00187566 -0.000642001 0.00189575 0.0132773 0.000339036 0.000357628 2.29081e-05 0.102429 0.00121164 9.08064 1.43908 78.9402 8.57512 1111.18 43.6883 1199.2 48.5469 1199.2 48.5469 0.564449 0.00651547 
200 0.27 1552800000 556.581 10.3996 -54.6002 0.433033 3346.03 54.3891 1.70034e+07 916109 -0.000231348 0.00187566 -0.000642001 0.00189575 0.0132773 0.000339036 0.000357628 2.29081e-05 0.102429 0.00121046 9.08064 1.43759 78.9402 8.57512 1111.18 43.6883 1199.2 48.5469 1199.2 48.5469 0.564449 0.0065211 
200 0.27 1553600000 556.581 10.3996 -54.6002 0.433033 3346.03 54.3891 1.70034e+07 916109 -0.000231348 0.00187566 -0.000642001 0.00189575 0.0132773 0.000339036 0.000357628 2.29081e-05 0.102429 0.00121046 9.08064 1.43759 78.9402 8.57512 1111.18 43.6883 1199.2 48.5469 1199.2 48.5469 0.564449 0.0065211 
200 0.27 1554400000 556.581 10.3996 -54.6002 0.432614 3346.03 54.3891 1.70034e+07 916109 -0.000231348 0.00187566 -0.000642001 0.00189575 0.0132773 0.000339036 0.000357628 2.29081e-05 0.102429 0.00120964 9.08064 1.4361 78.9402 8.57512 1111.18 43.6883 1199.2 48.5469 1199.2 48.5469 0.564449 0.0065155 
200 0.27 1555200000 556.581 10.3996 -54.6002 0.432614 3346.03 54.3891 1.70034e+07 916109 -0.000231348 0.00187566 -0.000642001 0.00189575 0.0132773 0.000339036 0.000357628 2.29081e-05 0.102429 0.00120964 9.08064 1.4361 78.9402 8.57512 1111.18 43.6883 1199.2 48.5469 1199.2 48.5469 0.564449 0.0065155 
200 0.27 1556000000 556.581 10.3996 -54.6002 0.4323 3346.03 54.3891 1.70034e+07 916109 -0.000231348 0.00187566 -0.000642001 0.00189575 0.0132773 0.000339036 0.000357628 2.29081e-05 0.102429 0.00120911 9.08064 1.43462 78.9402 8.57512 1111.18 43.6883 1199.2 48.5469 1199.2 48.5469 0.564449 0.00650891 
200 0.27 1556800000 556.581 10.3996 -54.6002 0.4323 3346.03 54.3891 1.70034e+07 916109 -0.000231348 0.00187566 -0.000642001 0.00189575 0.0132773 0.000339036 0.000357628 2.29081e-05 0.102429 0.00120911 9.08064 1.43462 78.9402 8.57512 1111.18 43.6883 1199.2 48.5469 1199.2 48.5469 0.564449 0.00650891 
200 0.27 1557600000 556.581 10.3996 -54.6002 0.431972 3346.03 54.3891 1.70034e+07 916109 -0.000231348 0.00187566 -0.000642001 0.00189575 0.0132773 0.000339036 0.000357628 2.29081e-05 0.102429 0.00120801 9.08064 1.43314 78.9402 8.57512 1111.18 43.6883 1199.2 48.5469 1199.2 48.5469 0.564449 0.00650306 
200 0.27 1558400000 556.581 10.3996 -54.6002 0.431972 3346.03 54.3891 1.70034e+07 916109 -0.000231348 0.00187566 -0.000642001 0.00189575 0.0132773 0.000339036 0.000357628 2.29081e-05 0.102429 0.00120801 9.08064 1.43314 78.9402 8.57512 1111.18 43.6883 1199.2 48.5469 1199.2 48.5469 0.564449 0.00650306 
200 0.27 1559200000 556.581 10.3996 -54.6002 0.431673 3346.03 54.3891 1.70034e+07 916109 -0.000231348 0.00187566 -0.000642001 0.00189575 0.0132773 0.000339036 0.000357628 2.29081e-05 0.102429 0.00121001 9.08064 1.43166 78.9402 8.57512 1111.18 43.6883 1199.2 48.5469 1199.2 48.5469 0.564449 0.00651001 
200 0.27 1560000000 556.581 10.3996 -54.6002 0.431673 3346.03 54.3891 1.70034e+07 916109 -0.000231348 0.00187566 -0.000642001 0.00189575 0.0132773 0.000339036 0.000357628 2.29081e-05 0.102429 0.00121001 9.08064 1.43166 78.9402 8.57512 1111.18 43.6883 1199.2 48.5469 1199.2 48.5469 0.564449 0.00651001 
200 0.27 1560800000 556.581 10.3996 -54.6002 0.431241 3346.03 54.3891 1.70034e+07 916109 -0.000231348 0.00187566 -0.000642001 0.00189575 0.0132773 0.000339036 0.000357628 2.29081e-05 0.102429 0.00120906 9.08064 1.43018 78.9402 8.57512 1111.18 43.6883 1199.2 48.5469 1199.2 48.5469 0.564449 0.00650482 
200 0.27 1561600000 556.581 10.3996 -54.6002 0.431241 3346.03 54.3891 1.70034e+07 916109 -0.000231348 0.00187566 -0.000642001 0.00189575 0.0132773 0.000339036 0.000357628 2.29081e-05 0.102429 0.00120906 9.08064 1.43018 78.9402 8.57512 1111.18 43.6883 1199.2 48.5469 1199.2 48.5469 0.564449 0.00650482 
200 0.27 1562400000 556.581 10.3996 -54.6002 0.430796 3346.03 54.3891 1.70034e+07 916109 -0.000231348 0.00187566 -0.000642001 0.00189575 0.0132773 0.000339036 0.000357628 2.29081e-05 0.102429 0.00120787 9.08064 1.42871 78.9402 8.6702 1111.18 43.6883 1199.2 48.5469 1199.2 48.5469 0.564449 0.00650374 
200 0.27 1563200000 556.581 10.3996 -54.6002 0.430796 3346.03 54.3891 1.70034e+07 916109 -0.000231348 0.00187566 -0.000642001 0.00189575 0.0132773 0.000339036 0.000357628 2.29081e-05 0.102429 0.00120787 9.08064 1.42871 78.9402 8.6702 1111.18 43.6883 1199.2 48.5469 1199.2 48.5469 0.564449 0.00650374 
200 0.27 1564000000 556.581 10.3996 -54.6002 0.430449 3346.03 54.1527 1.70034e+07 909607 -0.000231348 0.00187566 -0.000642001 0.00189575 0.0132773 0.000339036 0.000357628 2.29081e-05 0.102429 0.00120758 9.08064 1.42724 78.9402 8.6897 1111.18 43.6883 1199.2 48.5469 1199.2 48.5469 0.564449 0.00649955 
200 0.27 1564800000 556.581 10.3996 -54.6002 0.430449 3346.03 54.1527 1.70034e+07 909607 -0.000231348 0.00187566 -0.000642001 0.00189575 0.0132773 0.000339036 0.000357628 2.29081e-05 0.102429 0.00120758 9.08064 1.42724 78.9402 8.6897 1111.18 43.6883 1199.2 48.5469 1199.2 48.5469 0.564449 0.00649955 
200 0.27 1565600000 556.581 10.3996 -54.6002 0.430625 3346.03 54.1527 1.70034e+07 909607 -0.000231348 0.00187566 -0.000642001 0.00189575 0.0132773 0.000339036 0.000357628 2.29081e-05 0.102429 0.00120779 9.08064 1.42577 78.9402 8.6897 1111.18 43.6883 1199.2 48.5469 1199.2 48.5469 0.564449 0.00649305 
200 0.27 1566400000 556.581 10.3996 -54.6002 0.430625 3346.03 54.1527 1.70034e+07 909607 -0.000231348 0.00187566 -0.000642001 0.00189575 0.0132773 0.000339036 0.000357628 2.29081e-05 0.102429 0.00120779 9.08064 1.42577 78.9402 8.6897 1111.18 43.6883 1199.2 48.5469 1199.2 48.5469 0.564449 0.00649305 
200 0.27 1567200000 556.581 10.3996 -54.6002 0.430182 3346.03 54.1527 1.70034e+07 909607 -0.000231348 0.00187566 -0.000642001 0.00189575 0.0132773 0.000339036 0.000357628 2.29081e-05 0.102429 0.00120691 9.08064 1.4243 78.9402 8.67249 1111.18 43.6883 1199.2 48.5469 1199.2 48.5469 0.564449 0.00649666 
200 0.27 1568000000 556.581 10.3996 -54.6002 0.430182 3346.03 54.1527 1.70034e+07 909607 -0.000231348 0.00187566 -0.000642001 0.00189575 0.0132773 0.000339036 0.000357628 2.29081e-05 0.102429 0.00120691 9.08064 1.4243 78.9402 8.67249 1111.18 43.6883 1199.2 48.5469 1199.2 48.5469 0.564449 0.00649666 
200 0.27 1568800000 556.581 10.3996 -54.6002 0.430202 3346.03 54.1527 1.70034e+07 909607 -0.000231348 0.00187566 -0.000642001 0.00189575 0.0132773 0.000339036 0.000357628 2.29081e-05 0.102429 0.00120656 9.08064 1.42285 78.9402 8.67249 1111.18 43.6883 1199.2 48.5469 1199.2 48.5469 0.564449 0.00649005 
200 0.27 1569600000 556.581 10.3996 -54.6002 0.430202 3346.03 54.1527 1.70034e+07 909607 -0.000231348 0.00187566 -0.000642001 0.00189575 0.0132773 0.000339036 0.000357628 2.29081e-05 0.102429 0.00120656 9.08064 1.42285 78.9402 8.67249 1111.18 43.6883 1199.2 48.5469 1199.2 48.5469 0.564449 0.00649005 
200 0.27 1570400000 556.581 10.3996 -54.6002 0.432121 3346.03 54.6153 1.70034e+07 909607 -0.000231348 0.00187566 -0.000642001 0.00189575 0.0132773 0.000339036 0.000357628 2.29081e-05 0.102429 0.00120538 9.08064 1.42139 78.9402 8.65578 1111.18 43.6883 1199.2 48.5469 1199.2 48.5469 0.564449 0.00648354 
200 0.27 1571200000 556.581 10.3996 -54.6002 0.432121 3346.03 54.6153 1.70034e+07 909607 -0.000231348 0.00187566 -0.000642001 0.00189575 0.0132773 0.000339036 0.000357628 2.29081e-05 0.102429 0.00120538 9.08064 1.42139 78.9402 8.65578 1111.18 43.6883 1199.2 48.5469 1199.2 48.5469 0.564449 0.00648354 
200 0.27 1572000000 556.581 10.3996 -54.6002 0.432121 3346.03 54.6153 1.70034e+07 909607 -0.000231348 0.00187566 -0.000642001 0.00189575 0.0132773 0.000339036 0.000357628 2.29081e-05 0.102429 0.00120436 9.08064 1.41994 78.9402 8.65578 1111.18 43.6883 1199.2 48.5469 1199.2 48.5469 0.564449 0.00648765 
200 0.27 1572800000 556.581 10.3996 -54.6002 0.432121 3346.03 54.6153 1.70034e+07 909607 -0.000231348 0.00187566 -0.000642001 0.00189575 0.0132773 0.000339036 0.000357628 2.29081e-05 0.102429 0.00120436 9.08064 1.41994 78.9402 8.65578 1111.18 43.6883 1199.2 48.5469 1199.2 48.5469 0.564449 0.00648765 
200 0.27 1573600000 556.581 10.3996 -54.6002 0.432121 3346.03 54.6153 1.70034e+07 909607 -0.000231348 0.00187566 -0.000642001 0.00189575 0.0132773 0.000339036 0.000357628 2.29081e-05 0.102429 0.00120328 9.08064 1.41849 78.9402 8.63895 1111.18 43.6883 1199.2 48.5469 1199.2 48.5469 0.564449 0.00648576 
200 0.27 1574400000 556.581 10.3996 -54.6002 0.432121 3346.03 54.6153 1.70034e+07 909607 -0.000231348 0.00187566 -0.000642001 0.00189575 0.0132773 0.000339036 0.000357628 2.29081e-05 0.102429 0.00120328 9.08064 1.41849 78.9402 8.63895 1111.18 43.6883 1199.2 48.5469 1199.2 48.5469 0.564449 0.00648576 
200 0.27 1575200000 556.581 10.3996 -54.6002 0.432121 3346.03 54.6153 1.70034e+07 909607 -0.000231348 0.00187566 -0.000642001 0.00189575 0.0132773 0.000339036 0.000357628 2.29081e-05 0.102429 0.00120299 9.08064 1.41705 78.9402 8.63895 1111.18 43.6883 1199.2 48.5469 1199.2 48.5469 0.564449 0.00647955 
200 0.27 1576000000 556.581 10.3996 -54.6002 0.432121 3346.03 54.6153 1.70034e+07 909607 -0.000231348 0.00187566 -0.000642001 0.00189575 0.0132773 0.000339036 0.000357628 2.29081e-05 0.102429 0.00120299 9.08064 1.41705 78.9402 8.63895 1111.18 43.6883 1199.2 48.5469 1199.2 48.5469 0.564449 0.00647955 
200 0.27 1576800000 556.581 10.3996 -54.6002 0.430847 3346.03 54.7149 1.70034e+07 908212 -0.000231348 0.00187566 -0.000642001 0.00187211 0.0132773 0.000339036 0.000357628 2.29081e-05 0.102429 0.00120266 9.08064 1.41561 78.9402 8.62223 1111.18 43.0393 1199.2 47.7747 1199.2 47.7747 0.564449 0.00647307 
200 0.27 1577600000 556.581 10.3996 -54.6002 0.430847 3346.03 54.7149 1.70034e+07 908212 -0.000231348 0.00187566 -0.000642001 0.00187211 0.0132773 0.000339036 0.000357628 2.29081e-05 0.102429 0.00120266 9.08064 1.41561 78.9402 8.62223 1111.18 43.0393 1199.2 47.7747 1199.2 47.7747 0.564449 0.00647307 
200 0.27 1578400000 556.581 10.3996 -54.6002 0.430847 3346.03 54.7149 1.70034e+07 908212 -0.000231348 0.00187566 -0.000642001 0.00187211 0.0132773 0.000339036 0.000357628 2.29081e-05 0.102429 0.00120317 9.08064 1.41417 78.9402 8.62223 1111.18 43.0393 1199.2 47.7747 1199.2 47.7747 0.564449 0.00647014 
200 0.27 1579200000 556.581 10.3996 -54.6002 0.430847 3346.03 54.7149 1.70034e+07 908212 -0.000231348 0.00187566 -0.000642001 0.00187211 0.0132773 0.000339036 0.000357628 2.29081e-05 0.102429 0.00120317 9.08064 1.41417 78.9402 8.62223 1111.18 43.0393 1199.2 47.7747 1199.2 47.7747 0.564449 0.00647014 
200 0.27 1580000000 556.581 10.3996 -54.6002 0.430847 3346.03 54.7149 1.70034e+07 908212 -0.000231348 0.00187566 -0.000642001 0.00187211 0.0132773 0.000339036 0.000357628 2.29081e-05 0.102429 0.00120225 9.08064 1.41273 78.9402 8.60573 1111.18 43.0393 1199.2 47.7747 1199.2 47.7747 0.564449 0.00646744 
200 0.27 1580800000 556.581 10.3996 -54.6002 0.430847 3346.03 54.7149 1.70034e+07 908212 -0.000231348 0.00187566 -0.000642001 0.00187211 0.0132773 0.000339036 0.000357628 2.29081e-05 0.102429 0.00120225 9.08064 1.41273 78.9402 8.60573 1111.18 43.0393 1199.2 47.7747 1199.2 47.7747 0.564449 0.00646744 
200 0.27 1581600000 556.581 10.3996 -54.6002 0.430847 3346.03 54.7149 1.70034e+07 908212 -0.000231348 0.00187566 -0.000642001 0.00187211 0.0132773 0.000339036 0.000357628 2.29081e-05 0.102429 0.0012018 9.08064 1.41129 78.9402 8.60573 1111.18 43.0393 1199.2 47.7747 1199.2 47.7747 0.564449 0.0064658 
200 0.27 1582400000 556.581 10.3996 -54.6002 0.430847 3346.03 54.7149 1.70034e+07 908212 -0.000231348 0.00187566 -0.000642001 0.00187211 0.0132773 0.000339036 0.000357628 2.29081e-05 0.102429 0.0012018 9.08064 1.41129 78.9402 8.60573 1111.18 43.0393 1199.2 47.7747 1199.2 47.7747 0.564449 0.0064658 
200 0.27 1583200000 556.581 10.3996 -54.6002 0.4296 3346.03 54.7149 1.70034e+07 908212 -0.000231348 0.00187566 -0.000642001 0.00186673 0.0132773 0.000339036 0.000357628 2.29081e-05 0.102429 0.00120065 9.08064 1.40985 78.9402 8.58872 1111.18 43.0393 1199.2 47.7747 1199.2 47.7747 0.564449 0.00646384 
200 0.27 1584000000 556.581 10.3996 -54.6002 0.4296 3346.03 54.7149 1.70034e+07 908212 -0.000231348 0.00187566 -0.000642001 0.00186673 0.0132773 0.000339036 0.000357628 2.29081e-05 0.102429 0.00120065 9.08064 1.40985 78.9402 8.58872 1111.18 43.0393 1199.2 47.7747 1199.2 47.7747 0.564449 0.00646384 
200 0.27 1584800000 556.581 10.3996 -54.6002 0.4296 3346.03 54.7149 1.70034e+07 908212 -0.000231348 0.00187566 -0.000642001 0.00186673 0.0132773 0.000339036 0.000357628 2.29081e-05 0.102429 0.0012001 9.08064 1.40843 78.9402 8.61545 1111.18 43.0393 1199.2 47.7747 1199.2 47.7747 0.564449 0.00645902 
200 0.27 1585600000 556.581 10.3996 -54.6002 0.4296 3346.03 54.7149 1.70034e+07 908212 -0.000231348 0.00187566 -0.000642001 0.00186673 0.0132773 0.000339036 0.000357628 2.29081e-05 0.102429 0.0012001 9.08064 1.40843 78.9402 8.61545 1111.18 43.0393 1199.2 47.7747 1199.2 47.7747 0.564449 0.00645902 
200 0.27 1586400000 556.581 10.3996 -54.6002 0.4296 3346.03 54.7149 1.70034e+07 908212 -0.000231348 0.00187566 -0.000642001 0.00186673 0.0132773 0.000339036 0.000357628 2.29081e-05 0.102429 0.00119889 9.08064 1.40699 78.9402 8.62896 1111.18 43.0393 1199.2 47.7747 1199.2 47.7747 0.564449 0.00646353 
200 0.27 1587200000 556.581 10.3996 -54.6002 0.4296 3346.03 54.7149 1.70034e+07 908212 -0.000231348 0.00187566 -0.000642001 0.00186673 0.0132773 0.000339036 0.000357628 2.29081e-05 0.102429 0.00119889 9.08064 1.40699 78.9402 8.62896 1111.18 43.0393 1199.2 47.7747 1199.2 47.7747 0.564449 0.00646353 
200 0.27 1588000000 556.581 10.3996 -54.6002 0.4296 3346.03 54.7149 1.70034e+07 908212 -0.000231348 0.00187566 -0.000642001 0.00186673 0.0132773 0.000339036 0.000357628 2.29081e-05 0.102429 0.00119768 9.08064 1.40556 78.9402 8.62896 1111.18 43.0393 1199.2 47.7747 1199.2 47.7747 0.564449 0.00645746 
200 0.27 1588800000 556.581 10.3996 -54.6002 0.4296 3346.03 54.7149 1.70034e+07 908212 -0.000231348 0.00187566 -0.000642001 0.00186673 0.0132773 0.000339036 0.000357628 2.29081e-05 0.102429 0.00119768 9.08064 1.40556 78.9402 8.62896 1111.18 43.0393 1199.2 47.7747 1199.2 47.7747 0.564449 0.00645746 
200 0.27 1589600000 556.581 10.3996 -54.6002 0.42787 3346.03 54.3164 1.70034e+07 900855 -0.000231348 0.00187566 -0.000642001 0.00186673 0.0132773 0.000339036 0.000357628 2.29081e-05 0.102429 0.00119709 9.08064 1.40414 78.9402 8.61229 1111.18 43.0393 1199.2 47.7747 1199.2 47.7747 0.564449 0.00646462 
200 0.27 1590400000 556.581 10.3996 -54.6002 0.42787 3346.03 54.3164 1.70034e+07 900855 -0.000231348 0.00187566 -0.000642001 0.00186673 0.0132773 0.000339036 0.000357628 2.29081e-05 0.102429 0.00119709 9.08064 1.40414 78.9402 8.61229 1111.18 43.0393 1199.2 47.7747 1199.2 47.7747 0.564449 0.00646462 
200 0.27 1591200000 556.581 10.3996 -54.6002 0.42787 3346.03 54.3164 1.70034e+07 900855 -0.000231348 0.00187566 -0.000642001 0.00186673 0.0132773 0.000339036 0.000357628 2.29081e-05 0.102429 0.00119597 9.08064 1.40272 78.9402 8.61229 1111.18 43.0393 1199.2 47.7747 1199.2 47.7747 0.564449 0.00645863 
200 0.27 1592000000 556.581 10.3996 -54.6002 0.42787 3346.03 54.3164 1.70034e+07 900855 -0.000231348 0.00187566 -0.000642001 0.00186673 0.0132773 0.000339036 0.000357628 2.29081e-05 0.102429 0.00119597 9.08064 1.40272 78.9402 8.61229 1111.18 43.0393 1199.2 47.7747 1199.2 47.7747 0.564449 0.00645863 
200 0.27 1592800000 556.581 10.3996 -54.6002 0.42787 3346.03 54.3164 1.70034e+07 900855 -0.000231348 0.00187566 -0.000642001 0.00186673 0.0132773 0.000339036 0.000357628 2.29081e-05 0.102429 0.00119546 9.08064 1.4013 78.9402 8.59587 1111.18 43.0393 1199.2 47.7747 1199.2 47.7747 0.564449 0.00645457 
200 0.27 1593600000 556.581 10.3996 -54.6002 0.42787 3346.03 54.3164 1.70034e+07 900855 -0.000231348 0.00187566 -0.000642001 0.00186673 0.0132773 0.000339036 0.000357628 2.29081e-05 0.102429 0.00119546 9.08064 1.4013 78.9402 8.59587 1111.18 43.0393 1199.2 47.7747 1199.2 47.7747 0.564449 0.00645457 
200 0.27 1594400000 556.581 10.3996 -54.6002 0.42787 3346.03 54.3164 1.70034e+07 900855 -0.000231348 0.00187566 -0.000642001 0.00186673 0.0132773 0.000339036 0.000357628 2.29081e-05 0.102429 0.00119484 9.08064 1.39988 78.9402 8.59587 1111.18 43.0393 1199.2 47.7747 1199.2 47.7747 0.564449 0.00645461 
200 0.27 1595200000 556.581 10.3996 -54.6002 0.42787 3346.03 54.3164 1.70034e+07 900855 -0.000231348 0.00187566 -0.000642001 0.00186673 0.0132773 0.000339036 0.000357628 2.29081e-05 0.102429 0.00119484 9.08064 1.39988 78.9402 8.59587 1111.18 43.0393 1199.2 47.7747 1199.2 47.7747 0.564449 0.00645461 
200 0.27 1596000000 556.581 10.3996 -54.6002 0.426793 3346.03 54.3164 1.70034e+07 900855 -0.000231348 0.00187566 -0.000642001 0.00186673 0.0132773 0.000339036 0.000357628 2.29081e-05 0.102429 0.00119386 9.08064 1.39847 78.9402 8.57951 1111.18 43.0393 1199.2 47.7747 1199.2 47.7747 0.564449 0.00645196 
200 0.27 1596800000 556.581 10.3996 -54.6002 0.426793 3346.03 54.3164 1.70034e+07 900855 -0.000231348 0.00187566 -0.000642001 0.00186673 0.0132773 0.000339036 0.000357628 2.29081e-05 0.102429 0.00119386 9.08064 1.39847 78.9402 8.57951 1111.18 43.0393 1199.2 47.7747 1199.2 47.7747 0.564449 0.00645196 
200 0.27 1597600000 556.581 10.3996 -54.6002 0.426793 3346.03 54.3164 1.70034e+07 900855 -0.000231348 0.00187566 -0.000642001 0.00186673 0.0132773 0.000339036 0.000357628 2.29081e-05 0.102429 0.00119267 9.08064 1.39706 78.9402 8.57951 1111.18 43.0393 1199.2 47.7747 1199.2 47.7747 0.564449 0.00644554 
200 0.27 1598400000 556.581 10.3996 -54.6002 0.426793 3346.03 54.3164 1.70034e+07 900855 -0.000231348 0.00187566 -0.000642001 0.00186673 0.0132773 0.000339036 0.000357628 2.29081e-05 0.102429 0.00119267 9.08064 1.39706 78.9402 8.57951 1111.18 43.0393 1199.2 47.7747 1199.2 47.7747 0.564449 0.00644554 
200 0.27 1599200000 556.581 10.3996 -54.6002 0.426793 3346.03 54.3164 1.70034e+07 900855 -0.000231348 0.00187566 -0.000642001 0.00186673 0.0132773 0.000339036 0.000357628 2.29081e-05 0.102429 0.00119147 9.08064 1.39565 78.9402 8.56271 1111.18 43.0393 1199.2 47.7747 1199.2 47.7747 0.564449 0.00643903 
200 0.27 1600000000 556.581 10.3996 -54.6002 0.426793 3346.03 54.3164 1.70034e+07 900855 -0.000231348 0.00187566 -0.000642001 0.00186673 0.0132773 0.000339036 0.000357628 2.29081e-05 0.102429 0.00119147 9.08064 1.39565 78.9402 8.56271 1111.18 43.0393 1199.2 47.7747 1199.2 47.7747 0.564449 0.00643903 
200 0.27 1600800000 556.581 10.3996 -54.6002 0.426793 3346.03 54.3164 1.70034e+07 900855 -0.000231348 0.00187566 -0.000642001 0.00186673 0.0132773 0.000339036 0.000357628 2.29081e-05 0.102429 0.00119123 9.08064 1.39424 78.9402 8.56271 1111.18 43.0393 1199.2 47.7747 1199.2 47.7747 0.564449 0.00643604 
200 0.27 1601600000 556.581 10.3996 -54.6002 0.426793 3346.03 54.3164 1.70034e+07 900855 -0.000231348 0.00187566 -0.000642001 0.00186673 0.0132773 0.000339036 0.000357628 2.29081e-05 0.102429 0.00119123 9.08064 1.39424 78.9402 8.56271 1111.18 43.0393 1199.2 47.7747 1199.2 47.7747 0.564449 0.00643604 
200 0.27 1602400000 556.581 10.0881 -54.6002 0.426102 3346.03 53.8841 1.70034e+07 894286 -0.000231348 0.00183786 -0.000642001 0.00185422 0.0132773 0.000339036 0.000357628 2.29081e-05 0.102429 0.00119165 9.08064 1.39284 78.9402 8.54652 1111.18 42.5033 1199.2 47.1551 1199.2 47.1551 0.564449 0.00642963 
200 0.27 1603200000 556.581 10.0881 -54.6002 0.426102 3346.03 53.8841 1.70034e+07 894286 -0.000231348 0.00183786 -0.000642001 0.00185422 0.0132773 0.000339036 0.000357628 2.29081e-05 0.102429 0.00119165 9.08064 1.39284 78.9402 8.54652 1111.18 42.5033 1199.2 47.1551 1199.2 47.1551 0.564449 0.00642963 
200 0.27 1604000000 556.581 10.0881 -54.6002 0.426102 3346.03 53.8841 1.70034e+07 894286 -0.000231348 0.00183786 -0.000642001 0.00185422 0.0132773 0.000339036 0.000357628 2.29081e-05 0.102429 0.00119063 9.08064 1.39144 78.9402 8.54652 1111.18 42.5033 1199.2 47.1551 1199.2 47.1551 0.564449 0.00642335 
200 0.27 1604800000 556.581 10.0881 -54.6002 0.426102 3346.03 53.8841 1.70034e+07 894286 -0.000231348 0.00183786 -0.000642001 0.00185422 0.0132773 0.000339036 0.000357628 2.29081e-05 0.102429 0.00119063 9.08064 1.39144 78.9402 8.54652 1111.18 42.5033 1199.2 47.1551 1199.2 47.1551 0.564449 0.00642335 
200 0.27 1605600000 556.581 10.0881 -54.6002 0.426102 3346.03 53.8841 1.70034e+07 894286 -0.000231348 0.00183786 -0.000642001 0.0018553 0.0132773 0.000339036 0.000357628 2.29081e-05 0.102429 0.00119045 9.08064 1.39005 78.9402 8.53037 1111.18 42.5033 1199.2 47.1551 1199.2 47.1551 0.564449 0.0064171 
200 0.27 1606400000 556.581 10.0881 -54.6002 0.426102 3346.03 53.8841 1.70034e+07 894286 -0.000231348 0.00183786 -0.000642001 0.0018553 0.0132773 0.000339036 0.000357628 2.29081e-05 0.102429 0.00119045 9.08064 1.39005 78.9402 8.53037 1111.18 42.5033 1199.2 47.1551 1199.2 47.1551 0.564449 0.0064171 
200 0.27 1607200000 556.581 10.0881 -54.6002 0.426102 3346.03 53.8841 1.70034e+07 894286 -0.000231348 0.00183786 -0.000642001 0.0018553 0.0132773 0.000339036 0.000357628 2.29081e-05 0.102429 0.00118925 9.08064 1.38866 78.9402 8.53037 1111.18 42.5033 1199.2 47.1551 1199.2 47.1551 0.564449 0.00641071 
200 0.27 1608000000 556.581 10.0881 -54.6002 0.426102 3346.03 53.8841 1.70034e+07 894286 -0.000231348 0.00183786 -0.000642001 0.0018553 0.0132773 0.000339036 0.000357628 2.29081e-05 0.102429 0.00118925 9.08064 1.38866 78.9402 8.53037 1111.18 42.5033 1199.2 47.1551 1199.2 47.1551 0.564449 0.00641071 
200 0.27 1608800000 556.581 10.0881 -54.6002 0.424391 3346.03 53.8841 1.70034e+07 894286 -0.000231348 0.00183786 -0.000642001 0.00185389 0.0132773 0.000339036 0.000357628 2.29081e-05 0.102429 0.00118946 9.08064 1.38727 78.9402 8.51401 1111.18 42.5033 1199.2 47.1551 1199.2 47.1551 0.564449 0.00640711 
200 0.27 1609600000 556.581 10.0881 -54.6002 0.424391 3346.03 53.8841 1.70034e+07 894286 -0.000231348 0.00183786 -0.000642001 0.00185389 0.0132773 0.000339036 0.000357628 2.29081e-05 0.102429 0.00118946 9.08064 1.38727 78.9402 8.51401 1111.18 42.5033 1199.2 47.1551 1199.2 47.1551 0.564449 0.00640711 
200 0.27 1610400000 556.581 10.0881 -54.6002 0.424391 3346.03 53.8841 1.70034e+07 894286 -0.000231348 0.00183786 -0.000642001 0.00185389 0.0132773 0.000339036 0.000357628 2.29081e-05 0.102429 0.00118829 9.08064 1.38588 78.9402 8.51401 1111.18 42.5033 1199.2 47.1551 1199.2 47.1551 0.564449 0.00640359 
200 0.27 1611200000 556.581 10.0881 -54.6002 0.424391 3346.03 53.8841 1.70034e+07 894286 -0.000231348 0.00183786 -0.000642001 0.00185389 0.0132773 0.000339036 0.000357628 2.29081e-05 0.102429 0.00118829 9.08064 1.38588 78.9402 8.51401 1111.18 42.5033 1199.2 47.1551 1199.2 47.1551 0.564449 0.00640359 
200 0.27 1612000000 556.581 10.0881 -54.6002 0.424391 3346.03 53.8841 1.70034e+07 894286 -0.000231348 0.00183786 -0.000642001 0.00185706 0.0132773 0.000339036 0.000357628 2.29081e-05 0.102429 0.0011871 9.08064 1.3845 78.9402 8.49778 1111.18 42.5033 1199.2 47.1551 1199.2 47.1551 0.564449 0.0063984 
200 0.27 1612800000 556.581 10.0881 -54.6002 0.424391 3346.03 53.8841 1.70034e+07 894286 -0.000231348 0.00183786 -0.000642001 0.00185706 0.0132773 0.000339036 0.000357628 2.29081e-05 0.102429 0.0011871 9.08064 1.3845 78.9402 8.49778 1111.18 42.5033 1199.2 47.1551 1199.2 47.1551 0.564449 0.0063984 
200 0.27 1613600000 556.581 10.0881 -54.6002 0.424391 3346.03 53.8841 1.70034e+07 894286 -0.000231348 0.00183786 -0.000642001 0.00185706 0.0132773 0.000339036 0.000357628 2.29081e-05 0.102429 0.00118596 9.08064 1.38316 78.9402 8.49778 1111.18 42.5033 1199.2 47.1551 1199.2 47.1551 0.564449 0.00639765 
200 0.27 1614400000 556.581 10.0881 -54.6002 0.424391 3346.03 53.8841 1.70034e+07 894286 -0.000231348 0.00183786 -0.000642001 0.00185706 0.0132773 0.000339036 0.000357628 2.29081e-05 0.102429 0.00118596 9.08064 1.38316 78.9402 8.49778 1111.18 42.5033 1199.2 47.1551 1199.2 47.1551 0.564449 0.00639765 
200 0.27 1615200000 556.581 10.0881 -54.6002 0.423106 3346.03 53.5119 1.70034e+07 887967 -0.000231348 0.00183786 -0.000642001 0.00185761 0.0132773 0.000339036 0.000357628 2.29081e-05 0.102429 0.0011667 9.08064 1.37678 78.9402 8.50062 1111.18 42.5033 1199.2 47.1551 1199.2 47.1551 0.564449 0.00634454 
200 0.27 1616000000 556.581 10.0881 -54.6002 0.423106 3346.03 53.5119 1.70034e+07 887967 -0.000231348 0.00183786 -0.000642001 0.00185761 0.0132773 0.000339036 0.000357628 2.29081e-05 0.102429 0.0011667 9.08064 1.37678 78.9402 8.50062 1111.18 42.5033 1199.2 47.1551 1199.2 47.1551 0.564449 0.00634454 
200 0.27 1616800000 556.581 10.0881 -54.6002 0.423106 3346.03 53.5119 1.70034e+07 887967 -0.000231348 0.00183786 -0.000642001 0.00185761 0.0132773 0.000339036 0.000357628 2.29081e-05 0.102429 0.0011667 9.08064 1.37678 78.9402 8.50062 1111.18 42.5033 1199.2 47.1551 1199.2 47.1551 0.564449 0.00634454 
