L J MC_steps R2 R2_std E E_std E2 E2_std E4 E4_std Sin1 Sin1_std Cos1 Cos1_std Mag2 Mag2_std Mag4 Mag4_std Mag1 Mag1_std eig1 eig1_std eig2 eig2_std eig3 eig3_std R_g_2_trace R_g_2_trace_std R_g_2_direct R_g_2_direct_std asphericity asphericity_std
500 0.28 100000000 485 0 -105.04 0 11033.4 0 1.21737e+08 0 0.0317035 0 -0.0638367 0 0.00508024 0 2.58089e-05 0 0.0712758 0 15.5585 0 30.2344 0 130.324 0 176.117 0 176.117 0 0.377283 0 
500 0.28 105000000 532 33.234 -145.999 28.9624 22993.4 8456.97 6.71736e+08 3.88909e+08 -0.000779708 0.0229691 -0.0319212 0.0225677 0.00309333 0.00140496 1.35165e-05 8.692e-06 0.0522694 0.0134396 11.1564 3.11279 40.1354 7.00108 172.295 29.6774 223.586 33.5657 223.586 33.5657 0.433313 0.0396189 
500 0.28 110000000 500.333 34.0501 -139.028 20.1297 20544.4 5982.07 5.29428e+08 2.84119e+08 0.011482 0.0182951 -0.00655043 0.0256022 0.0031453 0.000937599 1.25302e-05 5.85036e-06 0.0538469 0.00905184 10.4144 2.16183 48.3046 8.14092 180.72 20.9469 239.439 25.8511 239.439 25.8511 0.416641 0.0297141 
500 0.28 115000000 1180 589.162 -140.093 15.1255 20541.3 4486.55 5.0246e+08 2.14365e+08 0.00462961 0.0149497 -0.000566278 0.0198887 0.00249797 0.000899316 9.47491e-06 5.12382e-06 0.0462799 0.00943576 11.1191 1.73244 44.5809 6.90498 212.092 31.3836 267.792 31.2858 267.792 31.2858 0.47378 0.0542708 
500 0.28 120000000 1663 639.361 -146.489 13.3845 22354.8 3938.77 5.77309e+08 1.84096e+08 0.0141331 0.0146727 -0.0140811 0.019982 0.00347085 0.00112908 1.84209e-05 8.99036e-06 0.0541848 0.0103427 11.0656 1.38678 41.8641 6.03483 253.573 44.7984 306.502 42.7229 306.502 42.7229 0.528587 0.0654832 
500 0.28 125000000 1728 536.095 -146.945 11.1615 22340.2 3282.34 5.63726e+08 1.53914e+08 0.0206189 0.0135853 -0.0223099 0.0182676 0.00403246 0.0010715 2.31494e-05 8.64651e-06 0.0589385 0.00964973 11.4614 1.21081 49.2388 8.40314 253.029 37.3353 313.729 36.2085 313.729 36.2085 0.500638 0.0602393 
500 0.28 130000000 1859 475.246 -153.513 11.3363 24465.9 3433.46 6.81101e+08 1.70919e+08 0.0169777 0.0121227 -0.00371146 0.0232735 0.00512233 0.00136443 3.927e-05 1.66636e-05 0.0659457 0.0105119 11.1553 1.07583 48.0376 7.28804 278.789 39.9114 337.982 38.3069 337.982 38.3069 0.531437 0.0589838 
500 0.28 135000000 1737.25 431.154 -150.547 10.3001 23513.1 3133.7 6.31426e+08 1.56607e+08 0.0187118 0.0107306 -0.00322812 0.0203694 0.00460102 0.00128963 3.44745e-05 1.52551e-05 0.0615589 0.0100717 11.7282 1.08318 47.9299 6.37783 258.004 39.9702 317.662 38.5331 317.662 38.5331 0.494701 0.0620041 
500 0.28 140000000 1785.22 385.907 -155.639 10.3381 25185.5 3200.8 7.26513e+08 1.65576e+08 0.00561368 0.0156038 -0.000146511 0.0183377 0.0052493 0.0012991 4.27441e-05 1.56417e-05 0.0660696 0.00991136 11.8663 0.971603 47.4481 5.68735 262.983 35.8379 322.298 34.5294 322.298 34.5294 0.505179 0.0559931 
500 0.28 145000000 1775.2 347.447 -157.696 9.50665 25771.7 2933.92 7.50261e+08 1.50711e+08 0.0106035 0.0148198 0.00682435 0.0211598 0.00551642 0.00119634 4.47431e-05 1.42047e-05 0.0683623 0.00918158 13.8102 2.0409 55.5917 9.26752 3300.71 2882.02 3370.11 2891.58 3370.11 2891.58 0.553108 0.0678747 
500 0.28 150000000 1778.64 326.892 -158.97 8.72736 26109.2 2686.54 7.61084e+08 1.37398e+08 -0.000255644 0.0169915 0.0112086 0.0211598 0.00636751 0.00135696 6.07999e-05 2.00284e-05 0.0732364 0.0095534 13.3742 1.90135 53.4463 8.66977 4504.41 2860.36 4571.24 2867.34 4571.24 2867.34 0.593061 0.0725161 
500 0.28 155000000 1779.83 289.557 -157.122 8.19331 25493 2532.36 7.26845e+08 1.30145e+08 -0.00773969 0.0190359 0.00742228 0.0176416 0.00661048 0.00140815 6.29145e-05 2.02132e-05 0.0751624 0.00975898 14.4439 2.02156 53.6953 7.95086 4140.98 2644.99 4209.12 2651.16 4209.12 2651.16 0.561711 0.0729355 
500 0.28 160000000 1775.46 272.443 -154.56 7.95374 24711.1 2455.31 6.89007e+08 1.25514e+08 -0.00860901 0.0190359 0.00635333 0.0176416 0.00613309 0.00140815 5.80876e-05 2.02132e-05 0.0709277 0.00975898 13.8065 1.96398 54.5732 7.38758 5823.27 2928.05 5891.65 2932.93 5891.65 2932.93 0.594797 0.0744521 
500 0.28 165000000 1670 268.22 -152.768 7.58463 24143.5 2344.6 6.5987e+08 1.19883e+08 -0.0052857 0.0164739 -0.00503262 0.0190163 0.00747087 0.00173773 9.80899e-05 4.18937e-05 0.0771241 0.0104292 13.8917 1.82554 52.723 7.08781 5411.53 2747.7 5478.14 2752.43 5478.14 2752.43 0.562585 0.0757826 
500 0.28 170000000 1684.2 254.701 -154.638 7.30593 24713.7 2256.56 6.87149e+08 1.14952e+08 0.000500907 0.0164739 -0.00565945 0.0190163 0.00742967 0.00162237 9.46813e-05 3.92392e-05 0.0775013 0.00974071 13.4257 1.76231 51.4844 6.72263 5059.62 2586.95 5124.53 2591.55 5124.53 2591.55 0.554134 0.0712 
500 0.28 175000000 1644.75 238.128 -154.346 6.85518 24574.4 2119.82 6.75801e+08 1.08326e+08 0.00319962 0.0164555 -0.00087861 0.0170869 0.00739815 0.00152128 9.17613e-05 3.68953e-05 0.0778587 0.00913846 13.5479 1.6564 50.906 6.3273 4754.99 2443.14 4819.44 2447.47 4819.44 2447.47 0.546043 0.0672082 
500 0.28 180000000 1777.47 258.474 -155.953 6.63782 25070.5 2052.35 7.00136e+08 1.04652e+08 0.000320837 0.0164555 -0.000244367 0.0170869 0.0070918 0.00146231 8.66458e-05 3.50778e-05 0.0760316 0.00878164 13.3066 1.57644 52.1191 6.07027 4488.14 2313.95 4553.56 2317.9 4553.56 2317.9 0.536604 0.0639142 
500 0.28 185000000 1804.33 249.644 -154.765 6.37462 24683.5 1974.47 6.7945e+08 1.00862e+08 0.00170257 0.0146951 0.00314509 0.015655 0.00693821 0.00138912 8.28723e-05 3.33314e-05 0.0754622 0.00831222 13.2765 1.48915 55.244 6.48771 4254.29 2197.18 4322.81 2200.58 4322.81 2200.58 0.525724 0.0612824 
500 0.28 190000000 1770.89 249.644 -155.498 6.08115 24882.2 1880.53 6.86317e+08 9.57865e+07 0.00668103 0.0146951 0.00384436 0.015655 0.00707527 0.00132275 8.33031e-05 3.15799e-05 0.0766318 0.0079566 13.5195 1.43046 54.1399 6.23951 5679.74 2501.56 5747.4 2503.77 5747.4 2503.77 0.550424 0.0628378 
500 0.28 195000000 1686 251.164 -223.879 66.8992 139632 111858 2.69743e+11 2.62244e+11 0.00398283 0.0155474 -0.027838 0.0335479 0.0266659 0.0191359 0.00803474 0.00775016 0.104379 0.0281586 13.0811 1.53606 51.7759 6.42977 5396.29 2392.48 5461.14 2394.89 5461.14 2394.89 0.525593 0.0644156 
500 0.28 200000000 1686 251.164 -223.879 93.0974 139632 164531 2.69743e+11 4.39545e+11 0.00398283 0.0155474 -0.027838 0.0432073 0.0266659 0.0263206 0.00803474 0.0112068 0.104379 0.0371673 13.0811 1.53606 51.7759 6.42977 5396.29 2292.26 5461.14 2294.81 5461.14 2294.81 0.525593 0.0652169 
500 0.28 205000000 1535.91 269.47 -361.699 144.365 402423 269464 1.0834e+12 8.09755e+11 -0.00512482 0.0155474 -0.0857702 0.0626826 0.0653129 0.0405987 0.0258842 0.0183486 0.155984 0.0554643 12.2679 1.53606 47.7009 7.01874 4906.63 2199.9 4966.59 2202.56 4966.59 2202.56 0.483153 0.065179 
500 0.28 210000000 1535.91 269.47 -361.699 144.365 402423 269464 1.0834e+12 8.09755e+11 -0.00512482 0.0155474 -0.0857702 0.0626826 0.0653129 0.0405987 0.0258842 0.0183486 0.155984 0.0554643 12.2679 1.53606 47.7009 7.01874 4906.63 2114.53 4966.59 2117.27 4966.59 2117.27 0.483153 0.0651859 
500 0.28 215000000 1412.83 294.559 -483.56 242.688 646146 470269 1.91559e+12 1.51577e+12 -0.0123111 0.0197258 -0.134786 0.0998882 0.0984734 0.0671141 0.0416139 0.0312199 0.199702 0.0894931 11.6308 1.84157 44.1783 7.56837 4498.56 2035.41 4554.37 2038.21 4554.37 2038.21 0.448194 0.0779684 
500 0.28 220000000 1412.83 294.559 -483.56 242.688 646146 470269 1.91559e+12 1.51577e+12 -0.0123111 0.0197258 -0.134786 0.0998882 0.0984734 0.0671141 0.0416139 0.0312199 0.199702 0.0894931 11.6308 1.84157 44.1783 7.56837 4498.56 1961.9 4554.37 1964.73 4554.37 1964.73 0.448194 0.0779684 
500 0.28 225000000 1306 294.559 -589.854 242.688 864200 470269 2.70158e+12 1.51577e+12 -0.0187169 0.0197258 -0.176319 0.0998882 0.126649 0.0671141 0.0550438 0.0312199 0.236775 0.0894931 11.0768 1.84157 41.2116 7.56837 4153.25 1893.43 4205.54 1896.29 4205.54 1896.29 0.41793 0.0779684 
500 0.28 230000000 1306 294.559 -589.854 242.688 864200 470269 2.70158e+12 1.51577e+12 -0.0187169 0.0197258 -0.176319 0.0998882 0.126649 0.0671141 0.0550438 0.0312199 0.236775 0.0894931 11.0768 1.84157 41.2116 7.56837 4153.25 1881.16 4205.54 1887.37 4205.54 1887.37 0.41793 0.0779684 
500 0.28 235000000 1219 309.757 -683.86 278.675 1.06195e+06 557379 3.45123e+12 1.92596e+12 -0.0232297 0.0196992 -0.212938 0.112097 0.151995 0.0759252 0.0676736 0.0360304 0.269426 0.100255 10.6225 1.83386 38.6884 8.24117 3857.23 1769.71 3906.54 1772.58 3906.54 1772.58 0.390882 0.0853325 
500 0.28 240000000 1219 309.757 -683.86 278.675 1.06195e+06 557379 3.45123e+12 1.92596e+12 -0.0232297 0.0196992 -0.212938 0.112097 0.151995 0.0759252 0.0676736 0.0360304 0.269426 0.100255 10.6225 1.83386 38.6884 8.24117 3857.23 1718.27 3906.54 1725.35 3906.54 1725.35 0.390882 0.0853325 
500 0.28 245000000 1140.6 309.757 -772.206 278.675 1.26041e+06 557379 4.31142e+12 1.92596e+12 -0.0260399 0.0196992 -0.245845 0.112097 0.17545 0.0759252 0.0800994 0.0360304 0.298779 0.100255 10.1944 1.83386 36.5375 8.24117 3600.7 1718.27 3647.43 1725.35 3647.43 1725.35 0.368029 0.0853325 
500 0.28 250000000 1140.6 309.757 -772.206 278.675 1.26041e+06 557379 4.31142e+12 1.92596e+12 -0.0260399 0.0196992 -0.245845 0.112097 0.17545 0.0759252 0.0800994 0.0360304 0.298779 0.100255 10.1944 1.83386 36.5375 8.24117 3600.7 1718.27 3647.43 1725.35 3647.43 1725.35 0.368029 0.0853325 
500 0.28 255000000 1076.5 302.042 -861.917 295.296 1.48626e+06 628802 5.52735e+12 2.57127e+12 -0.027495 0.0176925 -0.276124 0.114517 0.197979 0.0791437 0.0930432 0.03946 0.325859 0.102382 9.81923 1.77184 34.6371 8.14616 3376.2 1569.38 3420.66 1576.61 3420.66 1576.61 0.347756 0.0848666 
500 0.28 260000000 1076.5 302.042 -861.917 295.296 1.48626e+06 628802 5.52735e+12 2.57127e+12 -0.027495 0.0176925 -0.276124 0.114517 0.197979 0.0791437 0.0930432 0.03946 0.325859 0.102382 9.81923 1.77184 34.6371 8.14616 3376.2 1569.38 3420.66 1576.61 3420.66 1576.61 0.347756 0.0848666 
500 0.28 265000000 1015.82 302.042 -936.43 295.296 1.66561e+06 628802 6.41663e+12 2.57127e+12 -0.0285085 0.0176925 -0.302617 0.114517 0.217534 0.0791437 0.10412 0.03946 0.349532 0.102382 9.46389 1.77184 32.9707 8.14616 3178.21 1569.38 3220.65 1576.61 3220.65 1576.61 0.332004 0.0848666 
500 0.28 270000000 1015.82 302.042 -936.43 295.296 1.66561e+06 628802 6.41663e+12 2.57127e+12 -0.0285085 0.0176925 -0.302617 0.114517 0.217534 0.0791437 0.10412 0.03946 0.349532 0.102382 9.46389 1.77184 32.9707 8.14616 3178.21 1569.38 3220.65 1576.61 3220.65 1576.61 0.332004 0.0848666 
500 0.28 275000000 961.889 289.411 -999.222 292.671 1.81037e+06 637011 7.07366e+12 2.71095e+12 -0.0294518 0.0158345 -0.32598 0.112121 0.234624 0.078376 0.113657 0.0401001 0.370373 0.100217 9.17113 1.68934 31.4765 7.83019 3002.2 1438.88 3042.85 1445.99 3042.85 1445.99 0.317186 0.0807554 
500 0.28 280000000 961.889 289.411 -999.222 292.671 1.81037e+06 637011 7.07366e+12 2.71095e+12 -0.0294518 0.0158345 -0.32598 0.112121 0.234624 0.078376 0.113657 0.0401001 0.370373 0.100217 9.17113 1.68934 31.4765 7.83019 3002.2 1438.88 3042.85 1445.99 3042.85 1445.99 0.317186 0.0807554 
500 0.28 285000000 913.421 289.411 -1060.37 292.671 1.96094e+06 637011 7.85139e+12 2.71095e+12 -0.0299272 0.0158345 -0.347555 0.112121 0.250857 0.078376 0.123197 0.0401001 0.389665 0.100217 8.8993 1.68934 30.1381 7.83019 2844.73 1438.88 2883.76 1445.99 2883.76 1445.99 0.304259 0.0807554 
500 0.28 290000000 913.421 289.411 -1060.37 292.671 1.96094e+06 637011 7.85139e+12 2.71095e+12 -0.0299272 0.0158345 -0.347555 0.112121 0.250857 0.078376 0.123197 0.0401001 0.389665 0.100217 8.8993 1.68934 30.1381 7.83019 2844.73 1438.88 2883.76 1445.99 2883.76 1445.99 0.304259 0.0807554 
500 0.28 295000000 869.6 319.588 -1113.93 381.492 2.09031e+06 850530 8.49686e+12 3.76775e+12 -0.0311713 0.0143441 -0.366718 0.143033 0.265174 0.101765 0.131469 0.0535219 0.406827 0.128329 8.6635 1.947 28.9257 9.02019 2703.01 1612.71 2740.6 1620.21 2740.6 1620.21 0.292717 0.0988648 
500 0.28 300000000 869.6 319.588 -1113.93 381.492 2.09031e+06 850530 8.49686e+12 3.76775e+12 -0.0311713 0.0143441 -0.366718 0.143033 0.265174 0.101765 0.131469 0.0535219 0.406827 0.128329 8.6635 1.947 28.9257 9.02019 2703.01 1612.71 2740.6 1620.21 2740.6 1620.21 0.292717 0.0988648 
500 0.28 305000000 869.6 319.588 -1113.93 381.492 2.09031e+06 850530 8.49686e+12 3.76775e+12 -0.0311713 0.0143441 -0.366718 0.143033 0.265174 0.101765 0.131469 0.0535219 0.406827 0.128329 8.6635 1.947 28.9257 9.02019 2703.01 1612.71 2740.6 1620.21 2740.6 1620.21 0.292717 0.0988648 
500 0.28 310000000 869.6 319.588 -1113.93 381.492 2.09031e+06 850530 8.49686e+12 3.76775e+12 -0.0311713 0.0143441 -0.366718 0.143033 0.265174 0.101765 0.131469 0.0535219 0.406827 0.128329 8.6635 1.947 28.9257 9.02019 2703.01 1612.71 2740.6 1620.21 2740.6 1620.21 0.292717 0.0988648 
500 0.28 315000000 794.227 319.588 -1235.34 381.492 2.44574e+06 850530 1.09985e+13 3.76775e+12 -0.0351034 0.0140878 -0.40444 0.143033 0.297152 0.101765 0.15413 0.0535219 0.441244 0.128329 8.35149 1.947 26.8168 9.02019 2457.85 1612.71 2493.02 1620.21 2493.02 1620.21 0.266396 0.0988648 
500 0.28 320000000 794.227 319.588 -1235.34 381.492 2.44574e+06 850530 1.09985e+13 3.76775e+12 -0.0351034 0.0140878 -0.40444 0.143033 0.297152 0.101765 0.15413 0.0535219 0.441244 0.128329 8.35149 1.947 26.8168 9.02019 2457.85 1612.71 2493.02 1620.21 2493.02 1620.21 0.266396 0.0988648 
500 0.28 325000000 794.227 319.588 -1235.34 381.492 2.44574e+06 850530 1.09985e+13 3.76775e+12 -0.0351034 0.0140878 -0.40444 0.143033 0.297152 0.101765 0.15413 0.0535219 0.441244 0.128329 8.35149 1.947 26.8168 9.02019 2457.85 1612.71 2493.02 1620.21 2493.02 1620.21 0.266396 0.0988648 
500 0.28 330000000 794.227 319.588 -1235.34 381.492 2.44574e+06 850530 1.09985e+13 3.76775e+12 -0.0351034 0.0140878 -0.40444 0.143033 0.297152 0.101765 0.15413 0.0535219 0.441244 0.128329 8.35149 1.947 26.8168 9.02019 2457.85 1612.71 2493.02 1620.21 2493.02 1620.21 0.266396 0.0988648 
500 0.28 335000000 732.958 294.087 -1333.34 375.744 2.7265e+06 916324 1.29e+13 5.10044e+12 -0.0403267 0.014411 -0.434947 0.134486 0.322679 0.0997369 0.171635 0.0577386 0.46921 0.121159 8.0816 1.70724 25.0538 8.30637 2253.59 1405.15 2286.72 1412.32 2286.72 1412.32 0.244752 0.0933001 
500 0.28 340000000 732.958 294.087 -1333.34 375.744 2.7265e+06 916324 1.29e+13 5.10044e+12 -0.0403267 0.014411 -0.434947 0.134486 0.322679 0.0997369 0.171635 0.0577386 0.46921 0.121159 8.0816 1.70724 25.0538 8.30637 2253.59 1405.15 2286.72 1412.32 2286.72 1412.32 0.244752 0.0933001 
500 0.28 345000000 732.958 294.087 -1333.34 375.744 2.7265e+06 916324 1.29e+13 5.10044e+12 -0.0403267 0.014411 -0.434947 0.134486 0.322679 0.0997369 0.171635 0.0577386 0.46921 0.121159 8.0816 1.70724 25.0538 8.30637 2253.59 1405.15 2286.72 1412.32 2286.72 1412.32 0.244752 0.0933001 
500 0.28 350000000 732.958 294.087 -1333.34 375.744 2.7265e+06 916324 1.29e+13 5.10044e+12 -0.0403267 0.014411 -0.434947 0.134486 0.322679 0.0997369 0.171635 0.0577386 0.46921 0.121159 8.0816 1.70724 25.0538 8.30637 2253.59 1405.15 2286.72 1412.32 2286.72 1412.32 0.244752 0.0933001 
500 0.28 355000000 680.5 294.087 -1422.98 375.744 2.99703e+06 916324 1.49065e+13 5.10044e+12 -0.0431702 0.014411 -0.461425 0.134486 0.345026 0.0997369 0.187358 0.0577386 0.493352 0.121159 7.83152 1.70724 23.5559 8.30637 2080.72 1405.15 2112.11 1412.32 2112.11 1412.32 0.226446 0.0933001 
500 0.28 360000000 680.5 294.087 -1422.98 375.744 2.99703e+06 916324 1.49065e+13 5.10044e+12 -0.0431702 0.014411 -0.461425 0.134486 0.345026 0.0997369 0.187358 0.0577386 0.493352 0.121159 7.83152 1.70724 23.5559 8.30637 2080.72 1405.15 2112.11 1412.32 2112.11 1412.32 0.226446 0.0933001 
500 0.28 365000000 680.5 294.087 -1422.98 375.744 2.99703e+06 916324 1.49065e+13 5.10044e+12 -0.0431702 0.014411 -0.461425 0.134486 0.345026 0.0997369 0.187358 0.0577386 0.493352 0.121159 7.83152 1.70724 23.5559 8.30637 2080.72 1405.15 2112.11 1412.32 2112.11 1412.32 0.226446 0.0933001 
500 0.28 370000000 680.5 294.087 -1422.98 375.744 2.99703e+06 916324 1.49065e+13 5.10044e+12 -0.0431702 0.014411 -0.461425 0.134486 0.345026 0.0997369 0.187358 0.0577386 0.493352 0.121159 7.83152 1.70724 23.5559 8.30637 2080.72 1405.15 2112.11 1412.32 2112.11 1412.32 0.226446 0.0933001 
500 0.28 375000000 636.25 267.504 -1506.62 359.809 3.26357e+06 929580 1.70755e+13 5.83585e+12 -0.0466632 0.0136745 -0.485666 0.124471 0.366794 0.0947442 0.204135 0.057919 0.51569 0.112413 7.63324 1.52108 22.2774 7.56955 1932.55 1240.54 1962.46 1247.23 1962.46 1247.23 0.210616 0.0859896 
500 0.28 380000000 636.25 267.504 -1506.62 359.809 3.26357e+06 929580 1.70755e+13 5.83585e+12 -0.0466632 0.0136745 -0.485666 0.124471 0.366794 0.0947442 0.204135 0.057919 0.51569 0.112413 7.63324 1.52108 22.2774 7.56955 1932.55 1240.54 1962.46 1247.23 1962.46 1247.23 0.210616 0.0859896 
500 0.28 385000000 636.25 267.504 -1506.62 359.809 3.26357e+06 929580 1.70755e+13 5.83585e+12 -0.0466632 0.0136745 -0.485666 0.124471 0.366794 0.0947442 0.204135 0.057919 0.51569 0.112413 7.63324 1.52108 22.2774 7.56955 1932.55 1240.54 1962.46 1247.23 1962.46 1247.23 0.210616 0.0859896 
500 0.28 390000000 636.25 267.504 -1506.62 359.809 3.26357e+06 929580 1.70755e+13 5.83585e+12 -0.0466632 0.0136745 -0.485666 0.124471 0.366794 0.0947442 0.204135 0.057919 0.51569 0.112413 7.63324 1.52108 22.2774 7.56955 1932.55 1240.54 1962.46 1247.23 1962.46 1247.23 0.210616 0.0859896 
500 0.28 395000000 598.967 267.504 -1578.05 359.809 3.48911e+06 929580 1.88826e+13 5.83585e+12 -0.0490395 0.0136745 -0.506871 0.124471 0.38586 0.0947442 0.218935 0.057919 0.535175 0.112413 7.46455 1.52108 21.1718 7.56955 1804.15 1240.54 1832.79 1247.23 1832.79 1247.23 0.196923 0.0859896 
500 0.28 400000000 598.967 267.504 -1578.05 359.809 3.48911e+06 929580 1.88826e+13 5.83585e+12 -0.0490395 0.0136745 -0.506871 0.124471 0.38586 0.0947442 0.218935 0.057919 0.535175 0.112413 7.46455 1.52108 21.1718 7.56955 1804.15 1240.54 1832.79 1247.23 1832.79 1247.23 0.196923 0.0859896 
500 0.28 405000000 598.967 267.504 -1578.05 359.809 3.48911e+06 929580 1.88826e+13 5.83585e+12 -0.0490395 0.0136745 -0.506871 0.124471 0.38586 0.0947442 0.218935 0.057919 0.535175 0.112413 7.46455 1.52108 21.1718 7.56955 1804.15 1240.54 1832.79 1247.23 1832.79 1247.23 0.196923 0.0859896 
500 0.28 410000000 598.967 267.504 -1578.05 359.809 3.48911e+06 929580 1.88826e+13 5.83585e+12 -0.0490395 0.0136745 -0.506871 0.124471 0.38586 0.0947442 0.218935 0.057919 0.535175 0.112413 7.46455 1.52108 21.1718 7.56955 1804.15 1240.54 1832.79 1247.23 1832.79 1247.23 0.196923 0.0859896 
500 0.28 415000000 564.594 243.474 -1641.95 339.329 3.69376e+06 907483 2.05642e+13 6.06006e+12 -0.0514977 0.0127913 -0.525274 0.115042 0.402371 0.0893314 0.231676 0.0568514 0.552113 0.104095 7.31348 1.36414 20.1922 6.90457 1691.81 1108.59 1719.31 1114.77 1719.31 1114.77 0.185089 0.0789391 
500 0.28 420000000 564.594 243.474 -1641.95 339.329 3.69376e+06 907483 2.05642e+13 6.06006e+12 -0.0514977 0.0127913 -0.525274 0.115042 0.402371 0.0893314 0.231676 0.0568514 0.552113 0.104095 7.31348 1.36414 20.1922 6.90457 1691.81 1108.59 1719.31 1114.77 1719.31 1114.77 0.185089 0.0789391 
500 0.28 425000000 564.594 243.474 -1641.95 339.329 3.69376e+06 907483 2.05642e+13 6.06006e+12 -0.0514977 0.0127913 -0.525274 0.115042 0.402371 0.0893314 0.231676 0.0568514 0.552113 0.104095 7.31348 1.36414 20.1922 6.90457 1691.81 1108.59 1719.31 1114.77 1719.31 1114.77 0.185089 0.0789391 
500 0.28 430000000 564.594 243.474 -1641.95 339.329 3.69376e+06 907483 2.05642e+13 6.06006e+12 -0.0514977 0.0127913 -0.525274 0.115042 0.402371 0.0893314 0.231676 0.0568514 0.552113 0.104095 7.31348 1.36414 20.1922 6.90457 1691.81 1108.59 1719.31 1114.77 1719.31 1114.77 0.185089 0.0789391 
500 0.28 435000000 535.206 243.474 -1698.76 339.329 3.87654e+06 907483 2.20764e+13 6.06006e+12 -0.0537583 0.0127913 -0.541365 0.115042 0.416722 0.0893314 0.242633 0.0568514 0.566924 0.104095 7.17099 1.36414 19.3318 6.90457 1592.67 1108.59 1619.17 1114.77 1619.17 1114.77 0.174605 0.0789391 
500 0.28 440000000 535.206 243.474 -1698.76 339.329 3.87654e+06 907483 2.20764e+13 6.06006e+12 -0.0537583 0.0127913 -0.541365 0.115042 0.416722 0.0893314 0.242633 0.0568514 0.566924 0.104095 7.17099 1.36414 19.3318 6.90457 1592.67 1108.59 1619.17 1114.77 1619.17 1114.77 0.174605 0.0789391 
500 0.28 445000000 535.206 243.474 -1698.76 339.329 3.87654e+06 907483 2.20764e+13 6.06006e+12 -0.0537583 0.0127913 -0.541365 0.115042 0.416722 0.0893314 0.242633 0.0568514 0.566924 0.104095 7.17099 1.36414 19.3318 6.90457 1592.67 1108.59 1619.17 1114.77 1619.17 1114.77 0.174605 0.0789391 
500 0.28 450000000 535.206 243.474 -1698.76 339.329 3.87654e+06 907483 2.20764e+13 6.06006e+12 -0.0537583 0.0127913 -0.541365 0.115042 0.416722 0.0893314 0.242633 0.0568514 0.566924 0.104095 7.17099 1.36414 19.3318 6.90457 1592.67 1108.59 1619.17 1114.77 1619.17 1114.77 0.174605 0.0789391 
500 0.28 455000000 508.25 222.845 -1745.79 317.118 4.02125e+06 863723 2.31871e+13 5.92725e+12 -0.0549657 0.0118308 -0.555181 0.106075 0.428586 0.0831632 0.25124 0.0537956 0.579529 0.0960713 7.02881 1.24192 18.5617 6.32699 1504.59 1001.1 1530.18 1006.83 1530.18 1006.83 0.165937 0.0724543 
500 0.28 460000000 508.25 222.845 -1745.79 317.118 4.02125e+06 863723 2.31871e+13 5.92725e+12 -0.0549657 0.0118308 -0.555181 0.106075 0.428586 0.0831632 0.25124 0.0537956 0.579529 0.0960713 7.02881 1.24192 18.5617 6.32699 1504.59 1001.1 1530.18 1006.83 1530.18 1006.83 0.165937 0.0724543 
500 0.28 465000000 508.25 222.845 -1745.79 317.118 4.02125e+06 863723 2.31871e+13 5.92725e+12 -0.0549657 0.0118308 -0.555181 0.106075 0.428586 0.0831632 0.25124 0.0537956 0.579529 0.0960713 7.02881 1.24192 18.5617 6.32699 1504.59 1001.1 1530.18 1006.83 1530.18 1006.83 0.165937 0.0724543 
500 0.28 470000000 508.25 222.845 -1745.79 317.118 4.02125e+06 863723 2.31871e+13 5.92725e+12 -0.0549657 0.0118308 -0.555181 0.106075 0.428586 0.0831632 0.25124 0.0537956 0.579529 0.0960713 7.02881 1.24192 18.5617 6.32699 1504.59 1001.1 1530.18 1006.83 1530.18 1006.83 0.165937 0.0724543 
500 0.28 475000000 485.974 222.845 -1789.01 317.118 4.15641e+06 863723 2.42528e+13 5.92725e+12 -0.0554053 0.0118308 -0.567484 0.106075 0.439002 0.0831632 0.258679 0.0537956 0.590685 0.0960713 6.90679 1.24192 17.8568 6.32699 1425.78 1001.1 1450.54 1006.83 1450.54 1006.83 0.158194 0.0724543 
500 0.28 480000000 485.974 222.845 -1789.01 317.118 4.15641e+06 863723 2.42528e+13 5.92725e+12 -0.0554053 0.0118308 -0.567484 0.106075 0.439002 0.0831632 0.258679 0.0537956 0.590685 0.0960713 6.90679 1.24192 17.8568 6.32699 1425.78 1001.1 1450.54 1006.83 1450.54 1006.83 0.158194 0.0724543 
500 0.28 485000000 485.974 222.845 -1789.01 317.118 4.15641e+06 863723 2.42528e+13 5.92725e+12 -0.0554053 0.0118308 -0.567484 0.106075 0.439002 0.0831632 0.258679 0.0537956 0.590685 0.0960713 6.90679 1.24192 17.8568 6.32699 1425.78 1001.1 1450.54 1006.83 1450.54 1006.83 0.158194 0.0724543 
500 0.28 490000000 485.974 222.845 -1789.01 317.118 4.15641e+06 863723 2.42528e+13 5.92725e+12 -0.0554053 0.0118308 -0.567484 0.106075 0.439002 0.0831632 0.258679 0.0537956 0.590685 0.0960713 6.90679 1.24192 17.8568 6.32699 1425.78 1001.1 1450.54 1006.83 1450.54 1006.83 0.158194 0.0724543 
500 0.28 495000000 464.7 275.222 -1827.63 408.275 4.2767e+06 1.12295e+06 2.51938e+13 7.79941e+12 -0.0554802 0.0136922 -0.578513 0.135272 0.448268 0.106637 0.265235 0.0693177 0.600657 0.122623 6.80082 1.52655 17.2166 7.85136 1354.85 912.117 1378.87 917.442 1378.87 917.442 0.151229 0.091201 
500 0.28 500000000 464.7 275.222 -1827.63 408.275 4.2767e+06 1.12295e+06 2.51938e+13 7.79941e+12 -0.0554802 0.0136922 -0.578513 0.135272 0.448268 0.106637 0.265235 0.0693177 0.600657 0.122623 6.80082 1.52655 17.2166 7.85136 1354.85 912.117 1378.87 917.442 1378.87 917.442 0.151229 0.091201 
500 0.28 505000000 464.7 275.222 -1827.63 408.275 4.2767e+06 1.12295e+06 2.51938e+13 7.79941e+12 -0.0554802 0.0136922 -0.578513 0.135272 0.448268 0.106637 0.265235 0.0693177 0.600657 0.122623 6.80082 1.52655 17.2166 7.85136 1354.85 912.117 1378.87 917.442 1378.87 917.442 0.151229 0.091201 
500 0.28 510000000 464.7 275.222 -1827.63 408.275 4.2767e+06 1.12295e+06 2.51938e+13 7.79941e+12 -0.0554802 0.0136922 -0.578513 0.135272 0.448268 0.106637 0.265235 0.0693177 0.600657 0.122623 6.80082 1.52655 17.2166 7.85136 1354.85 912.117 1378.87 917.442 1378.87 917.442 0.151229 0.091201 
500 0.28 515000000 464.7 275.222 -1827.63 408.275 4.2767e+06 1.12295e+06 2.51938e+13 7.79941e+12 -0.0554802 0.0136922 -0.578513 0.135272 0.448268 0.106637 0.265235 0.0693177 0.600657 0.122623 6.80082 1.52655 17.2166 7.85136 1354.85 912.117 1378.87 917.442 1378.87 917.442 0.151229 0.091201 
500 0.28 520000000 464.7 275.222 -1827.63 408.275 4.2767e+06 1.12295e+06 2.51938e+13 7.79941e+12 -0.0554802 0.0136922 -0.578513 0.135272 0.448268 0.106637 0.265235 0.0693177 0.600657 0.122623 6.80082 1.52655 17.2166 7.85136 1354.85 912.117 1378.87 917.442 1378.87 917.442 0.151229 0.091201 
500 0.28 525000000 464.7 275.222 -1827.63 408.275 4.2767e+06 1.12295e+06 2.51938e+13 7.79941e+12 -0.0554802 0.0136922 -0.578513 0.135272 0.448268 0.106637 0.265235 0.0693177 0.600657 0.122623 6.80082 1.52655 17.2166 7.85136 1354.85 912.117 1378.87 917.442 1378.87 917.442 0.151229 0.091201 
500 0.28 530000000 464.7 275.222 -1827.63 408.275 4.2767e+06 1.12295e+06 2.51938e+13 7.79941e+12 -0.0554802 0.0136922 -0.578513 0.135272 0.448268 0.106637 0.265235 0.0693177 0.600657 0.122623 6.80082 1.52655 17.2166 7.85136 1354.85 912.117 1378.87 917.442 1378.87 917.442 0.151229 0.091201 
500 0.28 535000000 426.455 275.222 -1893.32 408.275 4.47919e+06 1.12295e+06 2.67514e+13 7.79941e+12 -0.0566766 0.0136922 -0.597541 0.135272 0.464375 0.106637 0.276689 0.0693177 0.617946 0.122623 6.61399 1.52655 16.1212 7.85136 1232.34 837.384 1255.08 844.027 1255.08 844.027 0.139131 0.091201 
500 0.28 540000000 426.455 275.222 -1893.32 408.275 4.47919e+06 1.12295e+06 2.67514e+13 7.79941e+12 -0.0566766 0.0136922 -0.597541 0.135272 0.464375 0.106637 0.276689 0.0693177 0.617946 0.122623 6.61399 1.52655 16.1212 7.85136 1232.34 837.384 1255.08 844.027 1255.08 844.027 0.139131 0.091201 
500 0.28 545000000 426.455 275.222 -1893.32 408.275 4.47919e+06 1.12295e+06 2.67514e+13 7.79941e+12 -0.0566766 0.0136922 -0.597541 0.135272 0.464375 0.106637 0.276689 0.0693177 0.617946 0.122623 6.61399 1.52655 16.1212 7.85136 1232.34 837.384 1255.08 844.027 1255.08 844.027 0.139131 0.091201 
500 0.28 550000000 426.455 275.222 -1893.32 408.275 4.47919e+06 1.12295e+06 2.67514e+13 7.79941e+12 -0.0566766 0.0136922 -0.597541 0.135272 0.464375 0.106637 0.276689 0.0693177 0.617946 0.122623 6.61399 1.52655 16.1212 7.85136 1232.34 837.384 1255.08 844.027 1255.08 844.027 0.139131 0.091201 
500 0.28 555000000 426.455 275.222 -1893.32 408.275 4.47919e+06 1.12295e+06 2.67514e+13 7.79941e+12 -0.0566766 0.0136922 -0.597541 0.135272 0.464375 0.106637 0.276689 0.0693177 0.617946 0.122623 6.61399 1.52655 16.1212 7.85136 1232.34 837.384 1255.08 844.027 1255.08 844.027 0.139131 0.091201 
500 0.28 560000000 426.455 275.222 -1893.32 408.275 4.47919e+06 1.12295e+06 2.67514e+13 7.79941e+12 -0.0566766 0.0136922 -0.597541 0.135272 0.464375 0.106637 0.276689 0.0693177 0.617946 0.122623 6.61399 1.52655 16.1212 7.85136 1232.34 837.384 1255.08 844.027 1255.08 844.027 0.139131 0.091201 
500 0.28 565000000 426.455 275.222 -1893.32 408.275 4.47919e+06 1.12295e+06 2.67514e+13 7.79941e+12 -0.0566766 0.0136922 -0.597541 0.135272 0.464375 0.106637 0.276689 0.0693177 0.617946 0.122623 6.61399 1.52655 16.1212 7.85136 1232.34 837.384 1255.08 844.027 1255.08 844.027 0.139131 0.091201 
500 0.28 570000000 426.455 275.222 -1893.32 408.275 4.47919e+06 1.12295e+06 2.67514e+13 7.79941e+12 -0.0566766 0.0136922 -0.597541 0.135272 0.464375 0.106637 0.276689 0.0693177 0.617946 0.122623 6.61399 1.52655 16.1212 7.85136 1232.34 837.384 1255.08 844.027 1255.08 844.027 0.139131 0.091201 
500 0.28 575000000 395.646 237.857 -1951.89 358.64 4.66772e+06 1.00156e+06 2.83122e+13 7.09558e+12 -0.0571642 0.0115133 -0.614048 0.117301 0.47876 0.0931212 0.287454 0.0612221 0.632959 0.106355 6.43627 1.31493 15.2321 6.78899 1130.25 773.8 1151.92 778.444 1151.92 778.444 0.129261 0.0786022 
500 0.28 580000000 395.646 237.857 -1951.89 358.64 4.66772e+06 1.00156e+06 2.83122e+13 7.09558e+12 -0.0571642 0.0115133 -0.614048 0.117301 0.47876 0.0931212 0.287454 0.0612221 0.632959 0.106355 6.43627 1.31493 15.2321 6.78899 1130.25 773.8 1151.92 778.444 1151.92 778.444 0.129261 0.0786022 
500 0.28 585000000 395.646 237.857 -1951.89 358.64 4.66772e+06 1.00156e+06 2.83122e+13 7.09558e+12 -0.0571642 0.0115133 -0.614048 0.117301 0.47876 0.0931212 0.287454 0.0612221 0.632959 0.106355 6.43627 1.31493 15.2321 6.78899 1130.25 773.8 1151.92 778.444 1151.92 778.444 0.129261 0.0786022 
500 0.28 590000000 395.646 237.857 -1951.89 358.64 4.66772e+06 1.00156e+06 2.83122e+13 7.09558e+12 -0.0571642 0.0115133 -0.614048 0.117301 0.47876 0.0931212 0.287454 0.0612221 0.632959 0.106355 6.43627 1.31493 15.2321 6.78899 1130.25 773.8 1151.92 778.444 1151.92 778.444 0.129261 0.0786022 
500 0.28 595000000 395.646 237.857 -1951.89 358.64 4.66772e+06 1.00156e+06 2.83122e+13 7.09558e+12 -0.0571642 0.0115133 -0.614048 0.117301 0.47876 0.0931212 0.287454 0.0612221 0.632959 0.106355 6.43627 1.31493 15.2321 6.78899 1130.25 773.8 1151.92 778.444 1151.92 778.444 0.129261 0.0786022 
500 0.28 600000000 395.646 237.857 -1951.89 358.64 4.66772e+06 1.00156e+06 2.83122e+13 7.09558e+12 -0.0571642 0.0115133 -0.614048 0.117301 0.47876 0.0931212 0.287454 0.0612221 0.632959 0.106355 6.43627 1.31493 15.2321 6.78899 1130.25 773.8 1151.92 778.444 1151.92 778.444 0.129261 0.0786022 
500 0.28 605000000 395.646 237.857 -1951.89 358.64 4.66772e+06 1.00156e+06 2.83122e+13 7.09558e+12 -0.0571642 0.0115133 -0.614048 0.117301 0.47876 0.0931212 0.287454 0.0612221 0.632959 0.106355 6.43627 1.31493 15.2321 6.78899 1130.25 773.8 1151.92 778.444 1151.92 778.444 0.129261 0.0786022 
500 0.28 610000000 395.646 237.857 -1951.89 358.64 4.66772e+06 1.00156e+06 2.83122e+13 7.09558e+12 -0.0571642 0.0115133 -0.614048 0.117301 0.47876 0.0931212 0.287454 0.0612221 0.632959 0.106355 6.43627 1.31493 15.2321 6.78899 1130.25 773.8 1151.92 778.444 1151.92 778.444 0.129261 0.0786022 
500 0.28 615000000 369.192 237.857 -2004.38 358.64 4.84248e+06 1.00156e+06 2.98395e+13 7.09558e+12 -0.0578326 0.0115133 -0.628362 0.117301 0.491524 0.0931212 0.297316 0.0612221 0.646033 0.106355 6.29758 1.31493 14.4741 6.78899 1043.86 725.239 1064.64 733.234 1064.64 733.234 0.12074 0.0786022 
500 0.28 620000000 369.192 237.857 -2004.38 358.64 4.84248e+06 1.00156e+06 2.98395e+13 7.09558e+12 -0.0578326 0.0115133 -0.628362 0.117301 0.491524 0.0931212 0.297316 0.0612221 0.646033 0.106355 6.29758 1.31493 14.4741 6.78899 1043.86 725.239 1064.64 733.234 1064.64 733.234 0.12074 0.0786022 
500 0.28 625000000 369.192 237.857 -2004.38 358.64 4.84248e+06 1.00156e+06 2.98395e+13 7.09558e+12 -0.0578326 0.0115133 -0.628362 0.117301 0.491524 0.0931212 0.297316 0.0612221 0.646033 0.106355 6.29758 1.31493 14.4741 6.78899 1043.86 725.239 1064.64 733.234 1064.64 733.234 0.12074 0.0786022 
500 0.28 630000000 369.192 237.857 -2004.38 358.64 4.84248e+06 1.00156e+06 2.98395e+13 7.09558e+12 -0.0578326 0.0115133 -0.628362 0.117301 0.491524 0.0931212 0.297316 0.0612221 0.646033 0.106355 6.29758 1.31493 14.4741 6.78899 1043.86 725.239 1064.64 733.234 1064.64 733.234 0.12074 0.0786022 
500 0.28 635000000 369.192 237.857 -2004.38 358.64 4.84248e+06 1.00156e+06 2.98395e+13 7.09558e+12 -0.0578326 0.0115133 -0.628362 0.117301 0.491524 0.0931212 0.297316 0.0612221 0.646033 0.106355 6.29758 1.31493 14.4741 6.78899 1043.86 725.239 1064.64 733.234 1064.64 733.234 0.12074 0.0786022 
500 0.28 640000000 369.192 237.857 -2004.38 358.64 4.84248e+06 1.00156e+06 2.98395e+13 7.09558e+12 -0.0578326 0.0115133 -0.628362 0.117301 0.491524 0.0931212 0.297316 0.0612221 0.646033 0.106355 6.29758 1.31493 14.4741 6.78899 1043.86 725.239 1064.64 733.234 1064.64 733.234 0.12074 0.0786022 
500 0.28 645000000 369.192 237.857 -2004.38 358.64 4.84248e+06 1.00156e+06 2.98395e+13 7.09558e+12 -0.0578326 0.0115133 -0.628362 0.117301 0.491524 0.0931212 0.297316 0.0612221 0.646033 0.106355 6.29758 1.31493 14.4741 6.78899 1043.86 725.239 1064.64 733.234 1064.64 733.234 0.12074 0.0786022 
500 0.28 650000000 369.192 237.857 -2004.38 358.64 4.84248e+06 1.00156e+06 2.98395e+13 7.09558e+12 -0.0578326 0.0115133 -0.628362 0.117301 0.491524 0.0931212 0.297316 0.0612221 0.646033 0.106355 6.29758 1.31493 14.4741 6.78899 1043.86 725.239 1064.64 733.234 1064.64 733.234 0.12074 0.0786022 
500 0.28 655000000 345.893 209.016 -2050.98 320.802 5.00129e+06 912341 3.12885e+13 6.67703e+12 -0.0528412 0.0106493 -0.640937 0.10358 0.502698 0.0828379 0.306092 0.0552403 0.657379 0.0939235 6.17772 1.15222 13.8282 5.96251 969.807 671.523 989.813 675.624 989.813 675.624 0.11331 0.0689728 
500 0.28 660000000 345.893 209.016 -2050.98 320.802 5.00129e+06 912341 3.12885e+13 6.67703e+12 -0.0528412 0.0106493 -0.640937 0.10358 0.502698 0.0828379 0.306092 0.0552403 0.657379 0.0939235 6.17772 1.15222 13.8282 5.96251 969.807 671.523 989.813 675.624 989.813 675.624 0.11331 0.0689728 
500 0.28 665000000 345.893 209.016 -2050.98 320.802 5.00129e+06 912341 3.12885e+13 6.67703e+12 -0.0528412 0.0106493 -0.640937 0.10358 0.502698 0.0828379 0.306092 0.0552403 0.657379 0.0939235 6.17772 1.15222 13.8282 5.96251 969.807 671.523 989.813 675.624 989.813 675.624 0.11331 0.0689728 
500 0.28 670000000 345.893 209.016 -2050.98 320.802 5.00129e+06 912341 3.12885e+13 6.67703e+12 -0.0528412 0.0106493 -0.640937 0.10358 0.502698 0.0828379 0.306092 0.0552403 0.657379 0.0939235 6.17772 1.15222 13.8282 5.96251 969.807 671.523 989.813 675.624 989.813 675.624 0.11331 0.0689728 
500 0.28 675000000 345.893 209.016 -2050.98 320.802 5.00129e+06 912341 3.12885e+13 6.67703e+12 -0.0528412 0.0106493 -0.640937 0.10358 0.502698 0.0828379 0.306092 0.0552403 0.657379 0.0939235 6.17772 1.15222 13.8282 5.96251 969.807 671.523 989.813 675.624 989.813 675.624 0.11331 0.0689728 
500 0.28 680000000 345.893 209.016 -2050.98 320.802 5.00129e+06 912341 3.12885e+13 6.67703e+12 -0.0528412 0.0106493 -0.640937 0.10358 0.502698 0.0828379 0.306092 0.0552403 0.657379 0.0939235 6.17772 1.15222 13.8282 5.96251 969.807 671.523 989.813 675.624 989.813 675.624 0.11331 0.0689728 
500 0.28 685000000 345.893 209.016 -2050.98 320.802 5.00129e+06 912341 3.12885e+13 6.67703e+12 -0.0528412 0.0106493 -0.640937 0.10358 0.502698 0.0828379 0.306092 0.0552403 0.657379 0.0939235 6.17772 1.15222 13.8282 5.96251 969.807 671.523 989.813 675.624 989.813 675.624 0.11331 0.0689728 
500 0.28 690000000 345.893 209.016 -2050.98 320.802 5.00129e+06 912341 3.12885e+13 6.67703e+12 -0.0528412 0.0106493 -0.640937 0.10358 0.502698 0.0828379 0.306092 0.0552403 0.657379 0.0939235 6.17772 1.15222 13.8282 5.96251 969.807 671.523 989.813 675.624 989.813 675.624 0.11331 0.0689728 
500 0.28 695000000 326.35 209.016 -2094.43 320.802 5.15487e+06 912341 3.27608e+13 6.67703e+12 -0.0481425 0.0106493 -0.652295 0.10358 0.513097 0.0828379 0.314617 0.0552403 0.667658 0.0939235 6.05988 1.15222 13.2673 5.96251 905.632 639.135 924.959 646.157 924.959 646.157 0.107148 0.0689728 
500 0.28 700000000 326.35 209.016 -2094.43 320.802 5.15487e+06 912341 3.27608e+13 6.67703e+12 -0.0481425 0.0106493 -0.652295 0.10358 0.513097 0.0828379 0.314617 0.0552403 0.667658 0.0939235 6.05988 1.15222 13.2673 5.96251 905.632 639.135 924.959 646.157 924.959 646.157 0.107148 0.0689728 
500 0.28 705000000 326.35 209.016 -2094.43 320.802 5.15487e+06 912341 3.27608e+13 6.67703e+12 -0.0481425 0.0106493 -0.652295 0.10358 0.513097 0.0828379 0.314617 0.0552403 0.667658 0.0939235 6.05988 1.15222 13.2673 5.96251 905.632 639.135 924.959 646.157 924.959 646.157 0.107148 0.0689728 
500 0.28 710000000 326.35 209.016 -2094.43 320.802 5.15487e+06 912341 3.27608e+13 6.67703e+12 -0.0481425 0.0106493 -0.652295 0.10358 0.513097 0.0828379 0.314617 0.0552403 0.667658 0.0939235 6.05988 1.15222 13.2673 5.96251 905.632 639.135 924.959 646.157 924.959 646.157 0.107148 0.0689728 
500 0.28 715000000 326.35 209.016 -2094.43 320.802 5.15487e+06 912341 3.27608e+13 6.67703e+12 -0.0481425 0.0106493 -0.652295 0.10358 0.513097 0.0828379 0.314617 0.0552403 0.667658 0.0939235 6.05988 1.15222 13.2673 5.96251 905.632 639.135 924.959 646.157 924.959 646.157 0.107148 0.0689728 
500 0.28 720000000 326.35 209.016 -2094.43 320.802 5.15487e+06 912341 3.27608e+13 6.67703e+12 -0.0481425 0.0106493 -0.652295 0.10358 0.513097 0.0828379 0.314617 0.0552403 0.667658 0.0939235 6.05988 1.15222 13.2673 5.96251 905.632 639.135 924.959 646.157 924.959 646.157 0.107148 0.0689728 
500 0.28 725000000 326.35 209.016 -2094.43 320.802 5.15487e+06 912341 3.27608e+13 6.67703e+12 -0.0481425 0.0106493 -0.652295 0.10358 0.513097 0.0828379 0.314617 0.0552403 0.667658 0.0939235 6.05988 1.15222 13.2673 5.96251 905.632 639.135 924.959 646.157 924.959 646.157 0.107148 0.0689728 
500 0.28 730000000 326.35 209.016 -2094.43 320.802 5.15487e+06 912341 3.27608e+13 6.67703e+12 -0.0481425 0.0106493 -0.652295 0.10358 0.513097 0.0828379 0.314617 0.0552403 0.667658 0.0939235 6.05988 1.15222 13.2673 5.96251 905.632 639.135 924.959 646.157 924.959 646.157 0.107148 0.0689728 
500 0.28 735000000 308.109 186.273 -2136.34 291.836 5.31054e+06 849094 3.43678e+13 6.51387e+12 -0.0452712 0.0117034 -0.663016 0.0929559 0.523461 0.0750402 0.323763 0.0510837 0.677427 0.0842956 5.95185 1.03009 12.7756 5.3093 849.475 592.948 868.203 596.619 868.203 596.619 0.101808 0.0613027 
500 0.28 740000000 308.109 186.273 -2136.34 291.836 5.31054e+06 849094 3.43678e+13 6.51387e+12 -0.0452712 0.0117034 -0.663016 0.0929559 0.523461 0.0750402 0.323763 0.0510837 0.677427 0.0842956 5.95185 1.03009 12.7756 5.3093 849.475 592.948 868.203 596.619 868.203 596.619 0.101808 0.0613027 
500 0.28 745000000 308.109 186.273 -2136.34 291.836 5.31054e+06 849094 3.43678e+13 6.51387e+12 -0.0452712 0.0117034 -0.663016 0.0929559 0.523461 0.0750402 0.323763 0.0510837 0.677427 0.0842956 5.95185 1.03009 12.7756 5.3093 849.475 592.948 868.203 596.619 868.203 596.619 0.101808 0.0613027 
500 0.28 750000000 308.109 186.273 -2136.34 291.836 5.31054e+06 849094 3.43678e+13 6.51387e+12 -0.0452712 0.0117034 -0.663016 0.0929559 0.523461 0.0750402 0.323763 0.0510837 0.677427 0.0842956 5.95185 1.03009 12.7756 5.3093 849.475 592.948 868.203 596.619 868.203 596.619 0.101808 0.0613027 
500 0.28 755000000 308.109 186.273 -2136.34 291.836 5.31054e+06 849094 3.43678e+13 6.51387e+12 -0.0452712 0.0117034 -0.663016 0.0929559 0.523461 0.0750402 0.323763 0.0510837 0.677427 0.0842956 5.95185 1.03009 12.7756 5.3093 849.475 592.948 868.203 596.619 868.203 596.619 0.101808 0.0613027 
500 0.28 760000000 308.109 186.273 -2136.34 291.836 5.31054e+06 849094 3.43678e+13 6.51387e+12 -0.0452712 0.0117034 -0.663016 0.0929559 0.523461 0.0750402 0.323763 0.0510837 0.677427 0.0842956 5.95185 1.03009 12.7756 5.3093 849.475 592.948 868.203 596.619 868.203 596.619 0.101808 0.0613027 
500 0.28 765000000 308.109 186.273 -2136.34 291.836 5.31054e+06 849094 3.43678e+13 6.51387e+12 -0.0452712 0.0117034 -0.663016 0.0929559 0.523461 0.0750402 0.323763 0.0510837 0.677427 0.0842956 5.95185 1.03009 12.7756 5.3093 849.475 592.948 868.203 596.619 868.203 596.619 0.101808 0.0613027 
500 0.28 770000000 308.109 186.273 -2136.34 291.836 5.31054e+06 849094 3.43678e+13 6.51387e+12 -0.0452712 0.0117034 -0.663016 0.0929559 0.523461 0.0750402 0.323763 0.0510837 0.677427 0.0842956 5.95185 1.03009 12.7756 5.3093 849.475 592.948 868.203 596.619 868.203 596.619 0.101808 0.0613027 
500 0.28 775000000 292.309 186.273 -2166.89 291.836 5.41314e+06 849094 3.52766e+13 6.51387e+12 -0.0432692 0.0117034 -0.671475 0.0929559 0.530973 0.0750402 0.329667 0.0510837 0.685045 0.0842956 5.86235 1.03009 12.3622 5.3093 799.917 570.458 818.141 576.718 818.141 576.718 0.0968409 0.0613027 
500 0.28 780000000 292.309 186.273 -2166.89 291.836 5.41314e+06 849094 3.52766e+13 6.51387e+12 -0.0432692 0.0117034 -0.671475 0.0929559 0.530973 0.0750402 0.329667 0.0510837 0.685045 0.0842956 5.86235 1.03009 12.3622 5.3093 799.917 570.458 818.141 576.718 818.141 576.718 0.0968409 0.0613027 
500 0.28 785000000 292.309 186.273 -2166.89 291.836 5.41314e+06 849094 3.52766e+13 6.51387e+12 -0.0432692 0.0117034 -0.671475 0.0929559 0.530973 0.0750402 0.329667 0.0510837 0.685045 0.0842956 5.86235 1.03009 12.3622 5.3093 799.917 570.458 818.141 576.718 818.141 576.718 0.0968409 0.0613027 
500 0.28 790000000 292.309 186.273 -2166.89 291.836 5.41314e+06 849094 3.52766e+13 6.51387e+12 -0.0432692 0.0117034 -0.671475 0.0929559 0.530973 0.0750402 0.329667 0.0510837 0.685045 0.0842956 5.86235 1.03009 12.3622 5.3093 799.917 570.458 818.141 576.718 818.141 576.718 0.0968409 0.0613027 
500 0.28 795000000 292.309 186.273 -2166.89 291.836 5.41314e+06 849094 3.52766e+13 6.51387e+12 -0.0432692 0.0117034 -0.671475 0.0929559 0.530973 0.0750402 0.329667 0.0510837 0.685045 0.0842956 5.86235 1.03009 12.3622 5.3093 799.917 570.458 818.141 576.718 818.141 576.718 0.0968409 0.0613027 
500 0.28 800000000 292.309 186.273 -2166.89 291.836 5.41314e+06 849094 3.52766e+13 6.51387e+12 -0.0432692 0.0117034 -0.671475 0.0929559 0.530973 0.0750402 0.329667 0.0510837 0.685045 0.0842956 5.86235 1.03009 12.3622 5.3093 799.917 570.458 818.141 576.718 818.141 576.718 0.0968409 0.0613027 
500 0.28 805000000 292.309 186.273 -2166.89 291.836 5.41314e+06 849094 3.52766e+13 6.51387e+12 -0.0432692 0.0117034 -0.671475 0.0929559 0.530973 0.0750402 0.329667 0.0510837 0.685045 0.0842956 5.86235 1.03009 12.3622 5.3093 799.917 570.458 818.141 576.718 818.141 576.718 0.0968409 0.0613027 
500 0.28 810000000 292.309 186.273 -2166.89 291.836 5.41314e+06 849094 3.52766e+13 6.51387e+12 -0.0432692 0.0117034 -0.671475 0.0929559 0.530973 0.0750402 0.329667 0.0510837 0.685045 0.0842956 5.86235 1.03009 12.3622 5.3093 799.917 570.458 818.141 576.718 818.141 576.718 0.0968409 0.0613027 
500 0.28 815000000 277.847 168.016 -2188.64 264.055 5.47626e+06 770754 3.57056e+13 5.92588e+12 -0.0413067 0.0110541 -0.677482 0.0837456 0.535269 0.0676249 0.331927 0.0460554 0.690311 0.0759077 5.78943 0.928356 11.9658 4.78073 755.891 530.745 773.646 534.061 773.646 534.061 0.0927913 0.0551504 
500 0.28 820000000 277.847 168.016 -2188.64 264.055 5.47626e+06 770754 3.57056e+13 5.92588e+12 -0.0413067 0.0110541 -0.677482 0.0837456 0.535269 0.0676249 0.331927 0.0460554 0.690311 0.0759077 5.78943 0.928356 11.9658 4.78073 755.891 530.745 773.646 534.061 773.646 534.061 0.0927913 0.0551504 
500 0.28 825000000 277.847 168.016 -2188.64 264.055 5.47626e+06 770754 3.57056e+13 5.92588e+12 -0.0413067 0.0110541 -0.677482 0.0837456 0.535269 0.0676249 0.331927 0.0460554 0.690311 0.0759077 5.78943 0.928356 11.9658 4.78073 755.891 530.745 773.646 534.061 773.646 534.061 0.0927913 0.0551504 
500 0.28 830000000 277.847 168.016 -2188.64 264.055 5.47626e+06 770754 3.57056e+13 5.92588e+12 -0.0413067 0.0110541 -0.677482 0.0837456 0.535269 0.0676249 0.331927 0.0460554 0.690311 0.0759077 5.78943 0.928356 11.9658 4.78073 755.891 530.745 773.646 534.061 773.646 534.061 0.0927913 0.0551504 
500 0.28 835000000 277.847 168.016 -2188.64 264.055 5.47626e+06 770754 3.57056e+13 5.92588e+12 -0.0413067 0.0110541 -0.677482 0.0837456 0.535269 0.0676249 0.331927 0.0460554 0.690311 0.0759077 5.78943 0.928356 11.9658 4.78073 755.891 530.745 773.646 534.061 773.646 534.061 0.0927913 0.0551504 
500 0.28 840000000 277.847 168.016 -2188.64 264.055 5.47626e+06 770754 3.57056e+13 5.92588e+12 -0.0413067 0.0110541 -0.677482 0.0837456 0.535269 0.0676249 0.331927 0.0460554 0.690311 0.0759077 5.78943 0.928356 11.9658 4.78073 755.891 530.745 773.646 534.061 773.646 534.061 0.0927913 0.0551504 
500 0.28 845000000 277.847 168.016 -2188.64 264.055 5.47626e+06 770754 3.57056e+13 5.92588e+12 -0.0413067 0.0110541 -0.677482 0.0837456 0.535269 0.0676249 0.331927 0.0460554 0.690311 0.0759077 5.78943 0.928356 11.9658 4.78073 755.891 530.745 773.646 534.061 773.646 534.061 0.0927913 0.0551504 
500 0.28 850000000 277.847 168.016 -2188.64 264.055 5.47626e+06 770754 3.57056e+13 5.92588e+12 -0.0413067 0.0110541 -0.677482 0.0837456 0.535269 0.0676249 0.331927 0.0460554 0.690311 0.0759077 5.78943 0.928356 11.9658 4.78073 755.891 530.745 773.646 534.061 773.646 534.061 0.0927913 0.0551504 
500 0.28 855000000 265.579 168.016 -2199.5 264.055 5.49004e+06 770754 3.55613e+13 5.92588e+12 -0.0392826 0.0110541 -0.681444 0.0837456 0.536939 0.0676249 0.331381 0.0460554 0.693609 0.0759077 5.73132 0.928356 11.6209 4.78073 716.491 514.693 733.843 520.332 733.843 520.332 0.0889629 0.0551504 
500 0.28 860000000 265.579 168.016 -2199.5 264.055 5.49004e+06 770754 3.55613e+13 5.92588e+12 -0.0392826 0.0110541 -0.681444 0.0837456 0.536939 0.0676249 0.331381 0.0460554 0.693609 0.0759077 5.73132 0.928356 11.6209 4.78073 716.491 514.693 733.843 520.332 733.843 520.332 0.0889629 0.0551504 
500 0.28 865000000 265.579 168.016 -2199.5 264.055 5.49004e+06 770754 3.55613e+13 5.92588e+12 -0.0392826 0.0110541 -0.681444 0.0837456 0.536939 0.0676249 0.331381 0.0460554 0.693609 0.0759077 5.73132 0.928356 11.6209 4.78073 716.491 514.693 733.843 520.332 733.843 520.332 0.0889629 0.0551504 
500 0.28 870000000 265.579 168.016 -2199.5 264.055 5.49004e+06 770754 3.55613e+13 5.92588e+12 -0.0392826 0.0110541 -0.681444 0.0837456 0.536939 0.0676249 0.331381 0.0460554 0.693609 0.0759077 5.73132 0.928356 11.6209 4.78073 716.491 514.693 733.843 520.332 733.843 520.332 0.0889629 0.0551504 
500 0.28 875000000 265.579 168.016 -2199.5 264.055 5.49004e+06 770754 3.55613e+13 5.92588e+12 -0.0392826 0.0110541 -0.681444 0.0837456 0.536939 0.0676249 0.331381 0.0460554 0.693609 0.0759077 5.73132 0.928356 11.6209 4.78073 716.491 514.693 733.843 520.332 733.843 520.332 0.0889629 0.0551504 
500 0.28 880000000 265.579 168.016 -2199.5 264.055 5.49004e+06 770754 3.55613e+13 5.92588e+12 -0.0392826 0.0110541 -0.681444 0.0837456 0.536939 0.0676249 0.331381 0.0460554 0.693609 0.0759077 5.73132 0.928356 11.6209 4.78073 716.491 514.693 733.843 520.332 733.843 520.332 0.0889629 0.0551504 
500 0.28 885000000 265.579 168.016 -2199.5 264.055 5.49004e+06 770754 3.55613e+13 5.92588e+12 -0.0392826 0.0110541 -0.681444 0.0837456 0.536939 0.0676249 0.331381 0.0460554 0.693609 0.0759077 5.73132 0.928356 11.6209 4.78073 716.491 514.693 733.843 520.332 733.843 520.332 0.0889629 0.0551504 
500 0.28 890000000 265.579 168.016 -2199.5 264.055 5.49004e+06 770754 3.55613e+13 5.92588e+12 -0.0392826 0.0110541 -0.681444 0.0837456 0.536939 0.0676249 0.331381 0.0460554 0.693609 0.0759077 5.73132 0.928356 11.6209 4.78073 716.491 514.693 733.843 520.332 733.843 520.332 0.0889629 0.0551504 
500 0.28 895000000 254.113 183.915 -2214.22 304.817 5.52654e+06 923676 3.57192e+13 7.18046e+12 -0.0384156 0.012621 -0.686152 0.0918512 0.540221 0.0769832 0.332981 0.0546352 0.697738 0.0833254 5.66643 0.929943 11.3114 5.2162 681.028 602.659 698.005 608.803 698.005 608.803 0.085617 0.0586205 
500 0.28 900000000 254.113 183.915 -2214.22 304.817 5.52654e+06 923676 3.57192e+13 7.18046e+12 -0.0384156 0.012621 -0.686152 0.0918512 0.540221 0.0769832 0.332981 0.0546352 0.697738 0.0833254 5.66643 0.929943 11.3114 5.2162 681.028 602.659 698.005 608.803 698.005 608.803 0.085617 0.0586205 
500 0.28 905000000 254.113 183.915 -2214.22 304.817 5.52654e+06 923676 3.57192e+13 7.18046e+12 -0.0384156 0.012621 -0.686152 0.0918512 0.540221 0.0769832 0.332981 0.0546352 0.697738 0.0833254 5.66643 0.929943 11.3114 5.2162 681.028 602.659 698.005 608.803 698.005 608.803 0.085617 0.0586205 
500 0.28 910000000 254.113 183.915 -2214.22 304.817 5.52654e+06 923676 3.57192e+13 7.18046e+12 -0.0384156 0.012621 -0.686152 0.0918512 0.540221 0.0769832 0.332981 0.0546352 0.697738 0.0833254 5.66643 0.929943 11.3114 5.2162 681.028 602.659 698.005 608.803 698.005 608.803 0.085617 0.0586205 
500 0.28 915000000 254.113 183.915 -2214.22 304.817 5.52654e+06 923676 3.57192e+13 7.18046e+12 -0.0384156 0.012621 -0.686152 0.0918512 0.540221 0.0769832 0.332981 0.0546352 0.697738 0.0833254 5.66643 0.929943 11.3114 5.2162 681.028 602.659 698.005 608.803 698.005 608.803 0.085617 0.0586205 
500 0.28 920000000 254.113 183.915 -2214.22 304.817 5.52654e+06 923676 3.57192e+13 7.18046e+12 -0.0384156 0.012621 -0.686152 0.0918512 0.540221 0.0769832 0.332981 0.0546352 0.697738 0.0833254 5.66643 0.929943 11.3114 5.2162 681.028 602.659 698.005 608.803 698.005 608.803 0.085617 0.0586205 
500 0.28 925000000 254.113 183.915 -2214.22 304.817 5.52654e+06 923676 3.57192e+13 7.18046e+12 -0.0384156 0.012621 -0.686152 0.0918512 0.540221 0.0769832 0.332981 0.0546352 0.697738 0.0833254 5.66643 0.929943 11.3114 5.2162 681.028 602.659 698.005 608.803 698.005 608.803 0.085617 0.0586205 
500 0.28 930000000 254.113 183.915 -2214.22 304.817 5.52654e+06 923676 3.57192e+13 7.18046e+12 -0.0384156 0.012621 -0.686152 0.0918512 0.540221 0.0769832 0.332981 0.0546352 0.697738 0.0833254 5.66643 0.929943 11.3114 5.2162 681.028 602.659 698.005 608.803 698.005 608.803 0.085617 0.0586205 
500 0.28 935000000 254.113 183.915 -2214.22 304.817 5.52654e+06 923676 3.57192e+13 7.18046e+12 -0.0384156 0.012621 -0.686152 0.0918512 0.540221 0.0769832 0.332981 0.0546352 0.697738 0.0833254 5.66643 0.929943 11.3114 5.2162 681.028 602.659 698.005 608.803 698.005 608.803 0.085617 0.0586205 
500 0.28 940000000 254.113 183.915 -2214.22 304.817 5.52654e+06 923676 3.57192e+13 7.18046e+12 -0.0384156 0.012621 -0.686152 0.0918512 0.540221 0.0769832 0.332981 0.0546352 0.697738 0.0833254 5.66643 0.929943 11.3114 5.2162 681.028 602.659 698.005 608.803 698.005 608.803 0.085617 0.0586205 
500 0.28 945000000 254.113 183.915 -2214.22 304.817 5.52654e+06 923676 3.57192e+13 7.18046e+12 -0.0384156 0.012621 -0.686152 0.0918512 0.540221 0.0769832 0.332981 0.0546352 0.697738 0.0833254 5.66643 0.929943 11.3114 5.2162 681.028 602.659 698.005 608.803 698.005 608.803 0.085617 0.0586205 
500 0.28 950000000 254.113 183.915 -2214.22 304.817 5.52654e+06 923676 3.57192e+13 7.18046e+12 -0.0384156 0.012621 -0.686152 0.0918512 0.540221 0.0769832 0.332981 0.0546352 0.697738 0.0833254 5.66643 0.929943 11.3114 5.2162 681.028 602.659 698.005 608.803 698.005 608.803 0.085617 0.0586205 
500 0.28 955000000 254.113 183.915 -2214.22 304.817 5.52654e+06 923676 3.57192e+13 7.18046e+12 -0.0384156 0.012621 -0.686152 0.0918512 0.540221 0.0769832 0.332981 0.0546352 0.697738 0.0833254 5.66643 0.929943 11.3114 5.2162 681.028 602.659 698.005 608.803 698.005 608.803 0.085617 0.0586205 
500 0.28 960000000 254.113 183.915 -2214.22 304.817 5.52654e+06 923676 3.57192e+13 7.18046e+12 -0.0384156 0.012621 -0.686152 0.0918512 0.540221 0.0769832 0.332981 0.0546352 0.697738 0.0833254 5.66643 0.929943 11.3114 5.2162 681.028 602.659 698.005 608.803 698.005 608.803 0.085617 0.0586205 
500 0.28 965000000 254.113 183.915 -2214.22 304.817 5.52654e+06 923676 3.57192e+13 7.18046e+12 -0.0384156 0.012621 -0.686152 0.0918512 0.540221 0.0769832 0.332981 0.0546352 0.697738 0.0833254 5.66643 0.929943 11.3114 5.2162 681.028 602.659 698.005 608.803 698.005 608.803 0.085617 0.0586205 
500 0.28 970000000 254.113 183.915 -2214.22 304.817 5.52654e+06 923676 3.57192e+13 7.18046e+12 -0.0384156 0.012621 -0.686152 0.0918512 0.540221 0.0769832 0.332981 0.0546352 0.697738 0.0833254 5.66643 0.929943 11.3114 5.2162 681.028 602.659 698.005 608.803 698.005 608.803 0.085617 0.0586205 
500 0.28 975000000 234.739 183.915 -2242.07 304.817 5.60183e+06 923676 3.61461e+13 7.18046e+12 -0.0312665 0.012621 -0.694902 0.0918512 0.54702 0.0769832 0.337104 0.0546352 0.705599 0.0833254 5.56272 0.929943 10.7588 5.2162 619.801 602.659 636.123 608.803 636.123 608.803 0.0801845 0.0586205 
500 0.28 980000000 234.739 183.915 -2242.07 304.817 5.60183e+06 923676 3.61461e+13 7.18046e+12 -0.0312665 0.012621 -0.694902 0.0918512 0.54702 0.0769832 0.337104 0.0546352 0.705599 0.0833254 5.56272 0.929943 10.7588 5.2162 619.801 602.659 636.123 608.803 636.123 608.803 0.0801845 0.0586205 
500 0.28 985000000 234.739 183.915 -2242.07 304.817 5.60183e+06 923676 3.61461e+13 7.18046e+12 -0.0312665 0.012621 -0.694902 0.0918512 0.54702 0.0769832 0.337104 0.0546352 0.705599 0.0833254 5.56272 0.929943 10.7588 5.2162 619.801 602.659 636.123 608.803 636.123 608.803 0.0801845 0.0586205 
500 0.28 990000000 234.739 183.915 -2242.07 304.817 5.60183e+06 923676 3.61461e+13 7.18046e+12 -0.0312665 0.012621 -0.694902 0.0918512 0.54702 0.0769832 0.337104 0.0546352 0.705599 0.0833254 5.56272 0.929943 10.7588 5.2162 619.801 602.659 636.123 608.803 636.123 608.803 0.0801845 0.0586205 
500 0.28 995000000 234.739 183.915 -2242.07 304.817 5.60183e+06 923676 3.61461e+13 7.18046e+12 -0.0312665 0.012621 -0.694902 0.0918512 0.54702 0.0769832 0.337104 0.0546352 0.705599 0.0833254 5.56272 0.929943 10.7588 5.2162 619.801 602.659 636.123 608.803 636.123 608.803 0.0801845 0.0586205 
500 0.28 1000000000 234.739 183.915 -2242.07 304.817 5.60183e+06 923676 3.61461e+13 7.18046e+12 -0.0312665 0.012621 -0.694902 0.0918512 0.54702 0.0769832 0.337104 0.0546352 0.705599 0.0833254 5.56272 0.929943 10.7588 5.2162 619.801 602.659 636.123 608.803 636.123 608.803 0.0801845 0.0586205 
500 0.28 1005000000 234.739 183.915 -2242.07 304.817 5.60183e+06 923676 3.61461e+13 7.18046e+12 -0.0312665 0.012621 -0.694902 0.0918512 0.54702 0.0769832 0.337104 0.0546352 0.705599 0.0833254 5.56272 0.929943 10.7588 5.2162 619.801 602.659 636.123 608.803 636.123 608.803 0.0801845 0.0586205 
500 0.28 1010000000 234.739 183.915 -2242.07 304.817 5.60183e+06 923676 3.61461e+13 7.18046e+12 -0.0312665 0.012621 -0.694902 0.0918512 0.54702 0.0769832 0.337104 0.0546352 0.705599 0.0833254 5.56272 0.929943 10.7588 5.2162 619.801 602.659 636.123 608.803 636.123 608.803 0.0801845 0.0586205 
500 0.28 1015000000 234.739 183.915 -2242.07 304.817 5.60183e+06 923676 3.61461e+13 7.18046e+12 -0.0312665 0.012621 -0.694902 0.0918512 0.54702 0.0769832 0.337104 0.0546352 0.705599 0.0833254 5.56272 0.929943 10.7588 5.2162 619.801 602.659 636.123 608.803 636.123 608.803 0.0801845 0.0586205 
500 0.28 1020000000 234.739 183.915 -2242.07 304.817 5.60183e+06 923676 3.61461e+13 7.18046e+12 -0.0312665 0.012621 -0.694902 0.0918512 0.54702 0.0769832 0.337104 0.0546352 0.705599 0.0833254 5.56272 0.929943 10.7588 5.2162 619.801 602.659 636.123 608.803 636.123 608.803 0.0801845 0.0586205 
500 0.28 1025000000 234.739 183.915 -2242.07 304.817 5.60183e+06 923676 3.61461e+13 7.18046e+12 -0.0312665 0.012621 -0.694902 0.0918512 0.54702 0.0769832 0.337104 0.0546352 0.705599 0.0833254 5.56272 0.929943 10.7588 5.2162 619.801 602.659 636.123 608.803 636.123 608.803 0.0801845 0.0586205 
500 0.28 1030000000 234.739 183.915 -2242.07 304.817 5.60183e+06 923676 3.61461e+13 7.18046e+12 -0.0312665 0.012621 -0.694902 0.0918512 0.54702 0.0769832 0.337104 0.0546352 0.705599 0.0833254 5.56272 0.929943 10.7588 5.2162 619.801 602.659 636.123 608.803 636.123 608.803 0.0801845 0.0586205 
500 0.28 1035000000 234.739 183.915 -2242.07 304.817 5.60183e+06 923676 3.61461e+13 7.18046e+12 -0.0312665 0.012621 -0.694902 0.0918512 0.54702 0.0769832 0.337104 0.0546352 0.705599 0.0833254 5.56272 0.929943 10.7588 5.2162 619.801 602.659 636.123 608.803 636.123 608.803 0.0801845 0.0586205 
500 0.28 1040000000 234.739 183.915 -2242.07 304.817 5.60183e+06 923676 3.61461e+13 7.18046e+12 -0.0312665 0.012621 -0.694902 0.0918512 0.54702 0.0769832 0.337104 0.0546352 0.705599 0.0833254 5.56272 0.929943 10.7588 5.2162 619.801 602.659 636.123 608.803 636.123 608.803 0.0801845 0.0586205 
500 0.28 1045000000 234.739 183.915 -2242.07 304.817 5.60183e+06 923676 3.61461e+13 7.18046e+12 -0.0312665 0.012621 -0.694902 0.0918512 0.54702 0.0769832 0.337104 0.0546352 0.705599 0.0833254 5.56272 0.929943 10.7588 5.2162 619.801 602.659 636.123 608.803 636.123 608.803 0.0801845 0.0586205 
500 0.28 1050000000 234.739 183.915 -2242.07 304.817 5.60183e+06 923676 3.61461e+13 7.18046e+12 -0.0312665 0.012621 -0.694902 0.0918512 0.54702 0.0769832 0.337104 0.0546352 0.705599 0.0833254 5.56272 0.929943 10.7588 5.2162 619.801 602.659 636.123 608.803 636.123 608.803 0.0801845 0.0586205 
500 0.28 1055000000 220.031 156.389 -2269.24 258.933 5.68555e+06 783297 3.67958e+13 6.06389e+12 -0.0218285 0.0184362 -0.70332 0.0781306 0.554851 0.0655282 0.343372 0.0465069 0.713488 0.0709108 5.47186 0.795045 10.3139 4.44119 568.812 512.557 584.598 517.791 584.598 517.791 0.0762015 0.0496008 
500 0.28 1060000000 220.031 156.389 -2269.24 258.933 5.68555e+06 783297 3.67958e+13 6.06389e+12 -0.0218285 0.0184362 -0.70332 0.0781306 0.554851 0.0655282 0.343372 0.0465069 0.713488 0.0709108 5.47186 0.795045 10.3139 4.44119 568.812 512.557 584.598 517.791 584.598 517.791 0.0762015 0.0496008 
500 0.28 1065000000 220.031 156.389 -2269.24 258.933 5.68555e+06 783297 3.67958e+13 6.06389e+12 -0.0218285 0.0184362 -0.70332 0.0781306 0.554851 0.0655282 0.343372 0.0465069 0.713488 0.0709108 5.47186 0.795045 10.3139 4.44119 568.812 512.557 584.598 517.791 584.598 517.791 0.0762015 0.0496008 
500 0.28 1070000000 220.031 156.389 -2269.24 258.933 5.68555e+06 783297 3.67958e+13 6.06389e+12 -0.0218285 0.0184362 -0.70332 0.0781306 0.554851 0.0655282 0.343372 0.0465069 0.713488 0.0709108 5.47186 0.795045 10.3139 4.44119 568.812 512.557 584.598 517.791 584.598 517.791 0.0762015 0.0496008 
500 0.28 1075000000 220.031 156.389 -2269.24 258.933 5.68555e+06 783297 3.67958e+13 6.06389e+12 -0.0218285 0.0184362 -0.70332 0.0781306 0.554851 0.0655282 0.343372 0.0465069 0.713488 0.0709108 5.47186 0.795045 10.3139 4.44119 568.812 512.557 584.598 517.791 584.598 517.791 0.0762015 0.0496008 
500 0.28 1080000000 220.031 156.389 -2269.24 258.933 5.68555e+06 783297 3.67958e+13 6.06389e+12 -0.0218285 0.0184362 -0.70332 0.0781306 0.554851 0.0655282 0.343372 0.0465069 0.713488 0.0709108 5.47186 0.795045 10.3139 4.44119 568.812 512.557 584.598 517.791 584.598 517.791 0.0762015 0.0496008 
500 0.28 1085000000 220.031 156.389 -2269.24 258.933 5.68555e+06 783297 3.67958e+13 6.06389e+12 -0.0218285 0.0184362 -0.70332 0.0781306 0.554851 0.0655282 0.343372 0.0465069 0.713488 0.0709108 5.47186 0.795045 10.3139 4.44119 568.812 512.557 584.598 517.791 584.598 517.791 0.0762015 0.0496008 
500 0.28 1090000000 220.031 156.389 -2269.24 258.933 5.68555e+06 783297 3.67958e+13 6.06389e+12 -0.0218285 0.0184362 -0.70332 0.0781306 0.554851 0.0655282 0.343372 0.0465069 0.713488 0.0709108 5.47186 0.795045 10.3139 4.44119 568.812 512.557 584.598 517.791 584.598 517.791 0.0762015 0.0496008 
500 0.28 1095000000 220.031 156.389 -2269.24 258.933 5.68555e+06 783297 3.67958e+13 6.06389e+12 -0.0218285 0.0184362 -0.70332 0.0781306 0.554851 0.0655282 0.343372 0.0465069 0.713488 0.0709108 5.47186 0.795045 10.3139 4.44119 568.812 512.557 584.598 517.791 584.598 517.791 0.0762015 0.0496008 
500 0.28 1100000000 220.031 156.389 -2269.24 258.933 5.68555e+06 783297 3.67958e+13 6.06389e+12 -0.0218285 0.0184362 -0.70332 0.0781306 0.554851 0.0655282 0.343372 0.0465069 0.713488 0.0709108 5.47186 0.795045 10.3139 4.44119 568.812 512.557 584.598 517.791 584.598 517.791 0.0762015 0.0496008 
500 0.28 1105000000 220.031 156.389 -2269.24 258.933 5.68555e+06 783297 3.67958e+13 6.06389e+12 -0.0218285 0.0184362 -0.70332 0.0781306 0.554851 0.0655282 0.343372 0.0465069 0.713488 0.0709108 5.47186 0.795045 10.3139 4.44119 568.812 512.557 584.598 517.791 584.598 517.791 0.0762015 0.0496008 
500 0.28 1110000000 220.031 156.389 -2269.24 258.933 5.68555e+06 783297 3.67958e+13 6.06389e+12 -0.0218285 0.0184362 -0.70332 0.0781306 0.554851 0.0655282 0.343372 0.0465069 0.713488 0.0709108 5.47186 0.795045 10.3139 4.44119 568.812 512.557 584.598 517.791 584.598 517.791 0.0762015 0.0496008 
500 0.28 1115000000 220.031 156.389 -2269.24 258.933 5.68555e+06 783297 3.67958e+13 6.06389e+12 -0.0218285 0.0184362 -0.70332 0.0781306 0.554851 0.0655282 0.343372 0.0465069 0.713488 0.0709108 5.47186 0.795045 10.3139 4.44119 568.812 512.557 584.598 517.791 584.598 517.791 0.0762015 0.0496008 
500 0.28 1120000000 220.031 156.389 -2269.24 258.933 5.68555e+06 783297 3.67958e+13 6.06389e+12 -0.0218285 0.0184362 -0.70332 0.0781306 0.554851 0.0655282 0.343372 0.0465069 0.713488 0.0709108 5.47186 0.795045 10.3139 4.44119 568.812 512.557 584.598 517.791 584.598 517.791 0.0762015 0.0496008 
500 0.28 1125000000 220.031 156.389 -2269.24 258.933 5.68555e+06 783297 3.67958e+13 6.06389e+12 -0.0218285 0.0184362 -0.70332 0.0781306 0.554851 0.0655282 0.343372 0.0465069 0.713488 0.0709108 5.47186 0.795045 10.3139 4.44119 568.812 512.557 584.598 517.791 584.598 517.791 0.0762015 0.0496008 
500 0.28 1130000000 220.031 156.389 -2269.24 258.933 5.68555e+06 783297 3.67958e+13 6.06389e+12 -0.0218285 0.0184362 -0.70332 0.0781306 0.554851 0.0655282 0.343372 0.0465069 0.713488 0.0709108 5.47186 0.795045 10.3139 4.44119 568.812 512.557 584.598 517.791 584.598 517.791 0.0762015 0.0496008 
500 0.28 1135000000 206.75 156.389 -2308.56 258.933 5.84345e+06 783297 3.85895e+13 6.06389e+12 -0.0106847 0.0184362 -0.712971 0.0781306 0.566202 0.0655282 0.354932 0.0465069 0.723069 0.0709108 5.37486 0.795045 9.90762 4.44119 525.723 512.557 541.006 517.791 541.006 517.791 0.0744326 0.0496008 
500 0.28 1140000000 206.75 156.389 -2308.56 258.933 5.84345e+06 783297 3.85895e+13 6.06389e+12 -0.0106847 0.0184362 -0.712971 0.0781306 0.566202 0.0655282 0.354932 0.0465069 0.723069 0.0709108 5.37486 0.795045 9.90762 4.44119 525.723 512.557 541.006 517.791 541.006 517.791 0.0744326 0.0496008 
500 0.28 1145000000 206.75 156.389 -2308.56 258.933 5.84345e+06 783297 3.85895e+13 6.06389e+12 -0.0106847 0.0184362 -0.712971 0.0781306 0.566202 0.0655282 0.354932 0.0465069 0.723069 0.0709108 5.37486 0.795045 9.90762 4.44119 525.723 512.557 541.006 517.791 541.006 517.791 0.0744326 0.0496008 
500 0.28 1150000000 206.75 156.389 -2308.56 258.933 5.84345e+06 783297 3.85895e+13 6.06389e+12 -0.0106847 0.0184362 -0.712971 0.0781306 0.566202 0.0655282 0.354932 0.0465069 0.723069 0.0709108 5.37486 0.795045 9.90762 4.44119 525.723 512.557 541.006 517.791 541.006 517.791 0.0744326 0.0496008 
500 0.28 1155000000 206.75 156.389 -2308.56 258.933 5.84345e+06 783297 3.85895e+13 6.06389e+12 -0.0106847 0.0184362 -0.712971 0.0781306 0.566202 0.0655282 0.354932 0.0465069 0.723069 0.0709108 5.37486 0.795045 9.90762 4.44119 525.723 512.557 541.006 517.791 541.006 517.791 0.0744326 0.0496008 
500 0.28 1160000000 206.75 156.389 -2308.56 258.933 5.84345e+06 783297 3.85895e+13 6.06389e+12 -0.0106847 0.0184362 -0.712971 0.0781306 0.566202 0.0655282 0.354932 0.0465069 0.723069 0.0709108 5.37486 0.795045 9.90762 4.44119 525.723 512.557 541.006 517.791 541.006 517.791 0.0744326 0.0496008 
500 0.28 1165000000 206.75 156.389 -2308.56 258.933 5.84345e+06 783297 3.85895e+13 6.06389e+12 -0.0106847 0.0184362 -0.712971 0.0781306 0.566202 0.0655282 0.354932 0.0465069 0.723069 0.0709108 5.37486 0.795045 9.90762 4.44119 525.723 512.557 541.006 517.791 541.006 517.791 0.0744326 0.0496008 
500 0.28 1170000000 206.75 156.389 -2308.56 258.933 5.84345e+06 783297 3.85895e+13 6.06389e+12 -0.0106847 0.0184362 -0.712971 0.0781306 0.566202 0.0655282 0.354932 0.0465069 0.723069 0.0709108 5.37486 0.795045 9.90762 4.44119 525.723 512.557 541.006 517.791 541.006 517.791 0.0744326 0.0496008 
500 0.28 1175000000 206.75 156.389 -2308.56 258.933 5.84345e+06 783297 3.85895e+13 6.06389e+12 -0.0106847 0.0184362 -0.712971 0.0781306 0.566202 0.0655282 0.354932 0.0465069 0.723069 0.0709108 5.37486 0.795045 9.90762 4.44119 525.723 512.557 541.006 517.791 541.006 517.791 0.0744326 0.0496008 
500 0.28 1180000000 206.75 156.389 -2308.56 258.933 5.84345e+06 783297 3.85895e+13 6.06389e+12 -0.0106847 0.0184362 -0.712971 0.0781306 0.566202 0.0655282 0.354932 0.0465069 0.723069 0.0709108 5.37486 0.795045 9.90762 4.44119 525.723 512.557 541.006 517.791 541.006 517.791 0.0744326 0.0496008 
500 0.28 1185000000 206.75 156.389 -2308.56 258.933 5.84345e+06 783297 3.85895e+13 6.06389e+12 -0.0106847 0.0184362 -0.712971 0.0781306 0.566202 0.0655282 0.354932 0.0465069 0.723069 0.0709108 5.37486 0.795045 9.90762 4.44119 525.723 512.557 541.006 517.791 541.006 517.791 0.0744326 0.0496008 
500 0.28 1190000000 206.75 156.389 -2308.56 258.933 5.84345e+06 783297 3.85895e+13 6.06389e+12 -0.0106847 0.0184362 -0.712971 0.0781306 0.566202 0.0655282 0.354932 0.0465069 0.723069 0.0709108 5.37486 0.795045 9.90762 4.44119 525.723 512.557 541.006 517.791 541.006 517.791 0.0744326 0.0496008 
500 0.28 1195000000 206.75 156.389 -2308.56 258.933 5.84345e+06 783297 3.85895e+13 6.06389e+12 -0.0106847 0.0184362 -0.712971 0.0781306 0.566202 0.0655282 0.354932 0.0465069 0.723069 0.0709108 5.37486 0.795045 9.90762 4.44119 525.723 512.557 541.006 517.791 541.006 517.791 0.0744326 0.0496008 
500 0.28 1200000000 206.75 156.389 -2308.56 258.933 5.84345e+06 783297 3.85895e+13 6.06389e+12 -0.0106847 0.0184362 -0.712971 0.0781306 0.566202 0.0655282 0.354932 0.0465069 0.723069 0.0709108 5.37486 0.795045 9.90762 4.44119 525.723 512.557 541.006 517.791 541.006 517.791 0.0744326 0.0496008 
500 0.28 1205000000 206.75 156.389 -2308.56 258.933 5.84345e+06 783297 3.85895e+13 6.06389e+12 -0.0106847 0.0184362 -0.712971 0.0781306 0.566202 0.0655282 0.354932 0.0465069 0.723069 0.0709108 5.37486 0.795045 9.90762 4.44119 525.723 512.557 541.006 517.791 541.006 517.791 0.0744326 0.0496008 
500 0.28 1210000000 206.75 156.389 -2308.56 258.933 5.84345e+06 783297 3.85895e+13 6.06389e+12 -0.0106847 0.0184362 -0.712971 0.0781306 0.566202 0.0655282 0.354932 0.0465069 0.723069 0.0709108 5.37486 0.795045 9.90762 4.44119 525.723 512.557 541.006 517.791 541.006 517.791 0.0744326 0.0496008 
500 0.28 1215000000 195.616 135.94 -2342.96 232.199 5.98227e+06 725425 4.01692e+13 6.06377e+12 0.000177513 0.0257838 -0.721095 0.0689613 0.576028 0.0594905 0.364966 0.0445955 0.731342 0.0629881 5.27821 0.704658 9.55679 3.87072 488.821 445.532 503.656 450.103 503.656 450.103 0.0738779 0.0425693 
500 0.28 1220000000 195.616 135.94 -2342.96 232.199 5.98227e+06 725425 4.01692e+13 6.06377e+12 0.000177513 0.0257838 -0.721095 0.0689613 0.576028 0.0594905 0.364966 0.0445955 0.731342 0.0629881 5.27821 0.704658 9.55679 3.87072 488.821 445.532 503.656 450.103 503.656 450.103 0.0738779 0.0425693 
500 0.28 1225000000 195.616 135.94 -2342.96 232.199 5.98227e+06 725425 4.01692e+13 6.06377e+12 0.000177513 0.0257838 -0.721095 0.0689613 0.576028 0.0594905 0.364966 0.0445955 0.731342 0.0629881 5.27821 0.704658 9.55679 3.87072 488.821 445.532 503.656 450.103 503.656 450.103 0.0738779 0.0425693 
500 0.28 1230000000 195.616 135.94 -2342.96 232.199 5.98227e+06 725425 4.01692e+13 6.06377e+12 0.000177513 0.0257838 -0.721095 0.0689613 0.576028 0.0594905 0.364966 0.0445955 0.731342 0.0629881 5.27821 0.704658 9.55679 3.87072 488.821 445.532 503.656 450.103 503.656 450.103 0.0738779 0.0425693 
500 0.28 1235000000 195.616 135.94 -2342.96 232.199 5.98227e+06 725425 4.01692e+13 6.06377e+12 0.000177513 0.0257838 -0.721095 0.0689613 0.576028 0.0594905 0.364966 0.0445955 0.731342 0.0629881 5.27821 0.704658 9.55679 3.87072 488.821 445.532 503.656 450.103 503.656 450.103 0.0738779 0.0425693 
500 0.28 1240000000 195.616 135.94 -2342.96 232.199 5.98227e+06 725425 4.01692e+13 6.06377e+12 0.000177513 0.0257838 -0.721095 0.0689613 0.576028 0.0594905 0.364966 0.0445955 0.731342 0.0629881 5.27821 0.704658 9.55679 3.87072 488.821 445.532 503.656 450.103 503.656 450.103 0.0738779 0.0425693 
500 0.28 1245000000 195.616 135.94 -2342.96 232.199 5.98227e+06 725425 4.01692e+13 6.06377e+12 0.000177513 0.0257838 -0.721095 0.0689613 0.576028 0.0594905 0.364966 0.0445955 0.731342 0.0629881 5.27821 0.704658 9.55679 3.87072 488.821 445.532 503.656 450.103 503.656 450.103 0.0738779 0.0425693 
500 0.28 1250000000 195.616 135.94 -2342.96 232.199 5.98227e+06 725425 4.01692e+13 6.06377e+12 0.000177513 0.0257838 -0.721095 0.0689613 0.576028 0.0594905 0.364966 0.0445955 0.731342 0.0629881 5.27821 0.704658 9.55679 3.87072 488.821 445.532 503.656 450.103 503.656 450.103 0.0738779 0.0425693 
500 0.28 1255000000 195.616 135.94 -2342.96 232.199 5.98227e+06 725425 4.01692e+13 6.06377e+12 0.000177513 0.0257838 -0.721095 0.0689613 0.576028 0.0594905 0.364966 0.0445955 0.731342 0.0629881 5.27821 0.704658 9.55679 3.87072 488.821 445.532 503.656 450.103 503.656 450.103 0.0738779 0.0425693 
500 0.28 1260000000 195.616 135.94 -2342.96 232.199 5.98227e+06 725425 4.01692e+13 6.06377e+12 0.000177513 0.0257838 -0.721095 0.0689613 0.576028 0.0594905 0.364966 0.0445955 0.731342 0.0629881 5.27821 0.704658 9.55679 3.87072 488.821 445.532 503.656 450.103 503.656 450.103 0.0738779 0.0425693 
500 0.28 1265000000 195.616 135.94 -2342.96 232.199 5.98227e+06 725425 4.01692e+13 6.06377e+12 0.000177513 0.0257838 -0.721095 0.0689613 0.576028 0.0594905 0.364966 0.0445955 0.731342 0.0629881 5.27821 0.704658 9.55679 3.87072 488.821 445.532 503.656 450.103 503.656 450.103 0.0738779 0.0425693 
500 0.28 1270000000 195.616 135.94 -2342.96 232.199 5.98227e+06 725425 4.01692e+13 6.06377e+12 0.000177513 0.0257838 -0.721095 0.0689613 0.576028 0.0594905 0.364966 0.0445955 0.731342 0.0629881 5.27821 0.704658 9.55679 3.87072 488.821 445.532 503.656 450.103 503.656 450.103 0.0738779 0.0425693 
500 0.28 1275000000 195.616 135.94 -2342.96 232.199 5.98227e+06 725425 4.01692e+13 6.06377e+12 0.000177513 0.0257838 -0.721095 0.0689613 0.576028 0.0594905 0.364966 0.0445955 0.731342 0.0629881 5.27821 0.704658 9.55679 3.87072 488.821 445.532 503.656 450.103 503.656 450.103 0.0738779 0.0425693 
500 0.28 1280000000 195.616 135.94 -2342.96 232.199 5.98227e+06 725425 4.01692e+13 6.06377e+12 0.000177513 0.0257838 -0.721095 0.0689613 0.576028 0.0594905 0.364966 0.0445955 0.731342 0.0629881 5.27821 0.704658 9.55679 3.87072 488.821 445.532 503.656 450.103 503.656 450.103 0.0738779 0.0425693 
500 0.28 1285000000 195.616 135.94 -2342.96 232.199 5.98227e+06 725425 4.01692e+13 6.06377e+12 0.000177513 0.0257838 -0.721095 0.0689613 0.576028 0.0594905 0.364966 0.0445955 0.731342 0.0629881 5.27821 0.704658 9.55679 3.87072 488.821 445.532 503.656 450.103 503.656 450.103 0.0738779 0.0425693 
500 0.28 1290000000 195.616 135.94 -2342.96 232.199 5.98227e+06 725425 4.01692e+13 6.06377e+12 0.000177513 0.0257838 -0.721095 0.0689613 0.576028 0.0594905 0.364966 0.0445955 0.731342 0.0629881 5.27821 0.704658 9.55679 3.87072 488.821 445.532 503.656 450.103 503.656 450.103 0.0738779 0.0425693 
500 0.28 1295000000 185.483 135.94 -2371.08 232.199 6.09326e+06 725425 4.13964e+13 6.06377e+12 0.00996393 0.0257838 -0.726905 0.0689613 0.582635 0.0594905 0.371041 0.0445955 0.737359 0.0629881 5.2186 0.704658 9.30254 3.87072 456.686 445.532 471.207 450.103 471.207 450.103 0.0700409 0.0425693 
500 0.28 1300000000 185.483 135.94 -2371.08 232.199 6.09326e+06 725425 4.13964e+13 6.06377e+12 0.00996393 0.0257838 -0.726905 0.0689613 0.582635 0.0594905 0.371041 0.0445955 0.737359 0.0629881 5.2186 0.704658 9.30254 3.87072 456.686 445.532 471.207 450.103 471.207 450.103 0.0700409 0.0425693 
500 0.28 1305000000 185.483 135.94 -2371.08 232.199 6.09326e+06 725425 4.13964e+13 6.06377e+12 0.00996393 0.0257838 -0.726905 0.0689613 0.582635 0.0594905 0.371041 0.0445955 0.737359 0.0629881 5.2186 0.704658 9.30254 3.87072 456.686 445.532 471.207 450.103 471.207 450.103 0.0700409 0.0425693 
500 0.28 1310000000 185.483 135.94 -2371.08 232.199 6.09326e+06 725425 4.13964e+13 6.06377e+12 0.00996393 0.0257838 -0.726905 0.0689613 0.582635 0.0594905 0.371041 0.0445955 0.737359 0.0629881 5.2186 0.704658 9.30254 3.87072 456.686 445.532 471.207 450.103 471.207 450.103 0.0700409 0.0425693 
500 0.28 1315000000 185.483 135.94 -2371.08 232.199 6.09326e+06 725425 4.13964e+13 6.06377e+12 0.00996393 0.0257838 -0.726905 0.0689613 0.582635 0.0594905 0.371041 0.0445955 0.737359 0.0629881 5.2186 0.704658 9.30254 3.87072 456.686 445.532 471.207 450.103 471.207 450.103 0.0700409 0.0425693 
500 0.28 1320000000 185.483 135.94 -2371.08 232.199 6.09326e+06 725425 4.13964e+13 6.06377e+12 0.00996393 0.0257838 -0.726905 0.0689613 0.582635 0.0594905 0.371041 0.0445955 0.737359 0.0629881 5.2186 0.704658 9.30254 3.87072 456.686 445.532 471.207 450.103 471.207 450.103 0.0700409 0.0425693 
500 0.28 1325000000 185.483 135.94 -2371.08 232.199 6.09326e+06 725425 4.13964e+13 6.06377e+12 0.00996393 0.0257838 -0.726905 0.0689613 0.582635 0.0594905 0.371041 0.0445955 0.737359 0.0629881 5.2186 0.704658 9.30254 3.87072 456.686 445.532 471.207 450.103 471.207 450.103 0.0700409 0.0425693 
500 0.28 1330000000 185.483 135.94 -2371.08 232.199 6.09326e+06 725425 4.13964e+13 6.06377e+12 0.00996393 0.0257838 -0.726905 0.0689613 0.582635 0.0594905 0.371041 0.0445955 0.737359 0.0629881 5.2186 0.704658 9.30254 3.87072 456.686 445.532 471.207 450.103 471.207 450.103 0.0700409 0.0425693 
500 0.28 1335000000 185.483 135.94 -2371.08 232.199 6.09326e+06 725425 4.13964e+13 6.06377e+12 0.00996393 0.0257838 -0.726905 0.0689613 0.582635 0.0594905 0.371041 0.0445955 0.737359 0.0629881 5.2186 0.704658 9.30254 3.87072 456.686 445.532 471.207 450.103 471.207 450.103 0.0700409 0.0425693 
500 0.28 1340000000 185.483 135.94 -2371.08 232.199 6.09326e+06 725425 4.13964e+13 6.06377e+12 0.00996393 0.0257838 -0.726905 0.0689613 0.582635 0.0594905 0.371041 0.0445955 0.737359 0.0629881 5.2186 0.704658 9.30254 3.87072 456.686 445.532 471.207 450.103 471.207 450.103 0.0700409 0.0425693 
500 0.28 1345000000 185.483 135.94 -2371.08 232.199 6.09326e+06 725425 4.13964e+13 6.06377e+12 0.00996393 0.0257838 -0.726905 0.0689613 0.582635 0.0594905 0.371041 0.0445955 0.737359 0.0629881 5.2186 0.704658 9.30254 3.87072 456.686 445.532 471.207 450.103 471.207 450.103 0.0700409 0.0425693 
500 0.28 1350000000 185.483 135.94 -2371.08 232.199 6.09326e+06 725425 4.13964e+13 6.06377e+12 0.00996393 0.0257838 -0.726905 0.0689613 0.582635 0.0594905 0.371041 0.0445955 0.737359 0.0629881 5.2186 0.704658 9.30254 3.87072 456.686 445.532 471.207 450.103 471.207 450.103 0.0700409 0.0425693 
500 0.28 1355000000 185.483 135.94 -2371.08 232.199 6.09326e+06 725425 4.13964e+13 6.06377e+12 0.00996393 0.0257838 -0.726905 0.0689613 0.582635 0.0594905 0.371041 0.0445955 0.737359 0.0629881 5.2186 0.704658 9.30254 3.87072 456.686 445.532 471.207 450.103 471.207 450.103 0.0700409 0.0425693 
500 0.28 1360000000 185.483 135.94 -2371.08 232.199 6.09326e+06 725425 4.13964e+13 6.06377e+12 0.00996393 0.0257838 -0.726905 0.0689613 0.582635 0.0594905 0.371041 0.0445955 0.737359 0.0629881 5.2186 0.704658 9.30254 3.87072 456.686 445.532 471.207 450.103 471.207 450.103 0.0700409 0.0425693 
500 0.28 1365000000 185.483 135.94 -2371.08 232.199 6.09326e+06 725425 4.13964e+13 6.06377e+12 0.00996393 0.0257838 -0.726905 0.0689613 0.582635 0.0594905 0.371041 0.0445955 0.737359 0.0629881 5.2186 0.704658 9.30254 3.87072 456.686 445.532 471.207 450.103 471.207 450.103 0.0700409 0.0425693 
500 0.28 1370000000 185.483 135.94 -2371.08 232.199 6.09326e+06 725425 4.13964e+13 6.06377e+12 0.00996393 0.0257838 -0.726905 0.0689613 0.582635 0.0594905 0.371041 0.0445955 0.737359 0.0629881 5.2186 0.704658 9.30254 3.87072 456.686 445.532 471.207 450.103 471.207 450.103 0.0700409 0.0425693 
500 0.28 1375000000 176.82 120.24 -2387.73 207.446 6.14748e+06 653289 4.18444e+13 5.53235e+12 0.0179564 0.028028 -0.73073 0.0610106 0.586263 0.0529273 0.373517 0.0398325 0.741298 0.0558958 5.16735 0.625235 9.06612 3.41784 428.589 393.891 442.822 397.93 442.822 397.93 0.0669714 0.0378043 
500 0.28 1380000000 176.82 120.24 -2387.73 207.446 6.14748e+06 653289 4.18444e+13 5.53235e+12 0.0179564 0.028028 -0.73073 0.0610106 0.586263 0.0529273 0.373517 0.0398325 0.741298 0.0558958 5.16735 0.625235 9.06612 3.41784 428.589 393.891 442.822 397.93 442.822 397.93 0.0669714 0.0378043 
500 0.28 1385000000 176.82 120.24 -2387.73 207.446 6.14748e+06 653289 4.18444e+13 5.53235e+12 0.0179564 0.028028 -0.73073 0.0610106 0.586263 0.0529273 0.373517 0.0398325 0.741298 0.0558958 5.16735 0.625235 9.06612 3.41784 428.589 393.891 442.822 397.93 442.822 397.93 0.0669714 0.0378043 
500 0.28 1390000000 176.82 120.24 -2387.73 207.446 6.14748e+06 653289 4.18444e+13 5.53235e+12 0.0179564 0.028028 -0.73073 0.0610106 0.586263 0.0529273 0.373517 0.0398325 0.741298 0.0558958 5.16735 0.625235 9.06612 3.41784 428.589 393.891 442.822 397.93 442.822 397.93 0.0669714 0.0378043 
500 0.28 1395000000 176.82 120.24 -2387.73 207.446 6.14748e+06 653289 4.18444e+13 5.53235e+12 0.0179564 0.028028 -0.73073 0.0610106 0.586263 0.0529273 0.373517 0.0398325 0.741298 0.0558958 5.16735 0.625235 9.06612 3.41784 428.589 393.891 442.822 397.93 442.822 397.93 0.0669714 0.0378043 
500 0.28 1400000000 176.82 120.24 -2387.73 207.446 6.14748e+06 653289 4.18444e+13 5.53235e+12 0.0179564 0.028028 -0.73073 0.0610106 0.586263 0.0529273 0.373517 0.0398325 0.741298 0.0558958 5.16735 0.625235 9.06612 3.41784 428.589 393.891 442.822 397.93 442.822 397.93 0.0669714 0.0378043 
500 0.28 1405000000 176.82 120.24 -2387.73 207.446 6.14748e+06 653289 4.18444e+13 5.53235e+12 0.0179564 0.028028 -0.73073 0.0610106 0.586263 0.0529273 0.373517 0.0398325 0.741298 0.0558958 5.16735 0.625235 9.06612 3.41784 428.589 393.891 442.822 397.93 442.822 397.93 0.0669714 0.0378043 
500 0.28 1410000000 176.82 120.24 -2387.73 207.446 6.14748e+06 653289 4.18444e+13 5.53235e+12 0.0179564 0.028028 -0.73073 0.0610106 0.586263 0.0529273 0.373517 0.0398325 0.741298 0.0558958 5.16735 0.625235 9.06612 3.41784 428.589 393.891 442.822 397.93 442.822 397.93 0.0669714 0.0378043 
500 0.28 1415000000 176.82 120.24 -2387.73 207.446 6.14748e+06 653289 4.18444e+13 5.53235e+12 0.0179564 0.028028 -0.73073 0.0610106 0.586263 0.0529273 0.373517 0.0398325 0.741298 0.0558958 5.16735 0.625235 9.06612 3.41784 428.589 393.891 442.822 397.93 442.822 397.93 0.0669714 0.0378043 
500 0.28 1420000000 176.82 120.24 -2387.73 207.446 6.14748e+06 653289 4.18444e+13 5.53235e+12 0.0179564 0.028028 -0.73073 0.0610106 0.586263 0.0529273 0.373517 0.0398325 0.741298 0.0558958 5.16735 0.625235 9.06612 3.41784 428.589 393.891 442.822 397.93 442.822 397.93 0.0669714 0.0378043 
500 0.28 1425000000 176.82 120.24 -2387.73 207.446 6.14748e+06 653289 4.18444e+13 5.53235e+12 0.0179564 0.028028 -0.73073 0.0610106 0.586263 0.0529273 0.373517 0.0398325 0.741298 0.0558958 5.16735 0.625235 9.06612 3.41784 428.589 393.891 442.822 397.93 442.822 397.93 0.0669714 0.0378043 
500 0.28 1430000000 176.82 120.24 -2387.73 207.446 6.14748e+06 653289 4.18444e+13 5.53235e+12 0.0179564 0.028028 -0.73073 0.0610106 0.586263 0.0529273 0.373517 0.0398325 0.741298 0.0558958 5.16735 0.625235 9.06612 3.41784 428.589 393.891 442.822 397.93 442.822 397.93 0.0669714 0.0378043 
500 0.28 1435000000 176.82 120.24 -2387.73 207.446 6.14748e+06 653289 4.18444e+13 5.53235e+12 0.0179564 0.028028 -0.73073 0.0610106 0.586263 0.0529273 0.373517 0.0398325 0.741298 0.0558958 5.16735 0.625235 9.06612 3.41784 428.589 393.891 442.822 397.93 442.822 397.93 0.0669714 0.0378043 
500 0.28 1440000000 176.82 120.24 -2387.73 207.446 6.14748e+06 653289 4.18444e+13 5.53235e+12 0.0179564 0.028028 -0.73073 0.0610106 0.586263 0.0529273 0.373517 0.0398325 0.741298 0.0558958 5.16735 0.625235 9.06612 3.41784 428.589 393.891 442.822 397.93 442.822 397.93 0.0669714 0.0378043 
500 0.28 1445000000 176.82 120.24 -2387.73 207.446 6.14748e+06 653289 4.18444e+13 5.53235e+12 0.0179564 0.028028 -0.73073 0.0610106 0.586263 0.0529273 0.373517 0.0398325 0.741298 0.0558958 5.16735 0.625235 9.06612 3.41784 428.589 393.891 442.822 397.93 442.822 397.93 0.0669714 0.0378043 
500 0.28 1450000000 176.82 120.24 -2387.73 207.446 6.14748e+06 653289 4.18444e+13 5.53235e+12 0.0179564 0.028028 -0.73073 0.0610106 0.586263 0.0529273 0.373517 0.0398325 0.741298 0.0558958 5.16735 0.625235 9.06612 3.41784 428.589 393.891 442.822 397.93 442.822 397.93 0.0669714 0.0378043 
500 0.28 1455000000 169.721 120.24 -2404.44 207.446 6.20591e+06 653289 4.2387e+13 5.53235e+12 0.0242345 0.028028 -0.734274 0.0610106 0.589506 0.0529273 0.375757 0.0398325 0.744799 0.0558958 5.1252 0.625235 8.83544 3.41784 403.799 393.891 417.76 397.93 417.76 397.93 0.0643659 0.0378043 
500 0.28 1460000000 169.721 120.24 -2404.44 207.446 6.20591e+06 653289 4.2387e+13 5.53235e+12 0.0242345 0.028028 -0.734274 0.0610106 0.589506 0.0529273 0.375757 0.0398325 0.744799 0.0558958 5.1252 0.625235 8.83544 3.41784 403.799 393.891 417.76 397.93 417.76 397.93 0.0643659 0.0378043 
500 0.28 1465000000 169.721 120.24 -2404.44 207.446 6.20591e+06 653289 4.2387e+13 5.53235e+12 0.0242345 0.028028 -0.734274 0.0610106 0.589506 0.0529273 0.375757 0.0398325 0.744799 0.0558958 5.1252 0.625235 8.83544 3.41784 403.799 393.891 417.76 397.93 417.76 397.93 0.0643659 0.0378043 
500 0.28 1470000000 169.721 120.24 -2404.44 207.446 6.20591e+06 653289 4.2387e+13 5.53235e+12 0.0242345 0.028028 -0.734274 0.0610106 0.589506 0.0529273 0.375757 0.0398325 0.744799 0.0558958 5.1252 0.625235 8.83544 3.41784 403.799 393.891 417.76 397.93 417.76 397.93 0.0643659 0.0378043 
500 0.28 1475000000 169.721 120.24 -2404.44 207.446 6.20591e+06 653289 4.2387e+13 5.53235e+12 0.0242345 0.028028 -0.734274 0.0610106 0.589506 0.0529273 0.375757 0.0398325 0.744799 0.0558958 5.1252 0.625235 8.83544 3.41784 403.799 393.891 417.76 397.93 417.76 397.93 0.0643659 0.0378043 
500 0.28 1480000000 169.721 120.24 -2404.44 207.446 6.20591e+06 653289 4.2387e+13 5.53235e+12 0.0242345 0.028028 -0.734274 0.0610106 0.589506 0.0529273 0.375757 0.0398325 0.744799 0.0558958 5.1252 0.625235 8.83544 3.41784 403.799 393.891 417.76 397.93 417.76 397.93 0.0643659 0.0378043 
500 0.28 1485000000 169.721 120.24 -2404.44 207.446 6.20591e+06 653289 4.2387e+13 5.53235e+12 0.0242345 0.028028 -0.734274 0.0610106 0.589506 0.0529273 0.375757 0.0398325 0.744799 0.0558958 5.1252 0.625235 8.83544 3.41784 403.799 393.891 417.76 397.93 417.76 397.93 0.0643659 0.0378043 
500 0.28 1490000000 169.721 120.24 -2404.44 207.446 6.20591e+06 653289 4.2387e+13 5.53235e+12 0.0242345 0.028028 -0.734274 0.0610106 0.589506 0.0529273 0.375757 0.0398325 0.744799 0.0558958 5.1252 0.625235 8.83544 3.41784 403.799 393.891 417.76 397.93 417.76 397.93 0.0643659 0.0378043 
500 0.28 1495000000 169.721 120.24 -2404.44 207.446 6.20591e+06 653289 4.2387e+13 5.53235e+12 0.0242345 0.028028 -0.734274 0.0610106 0.589506 0.0529273 0.375757 0.0398325 0.744799 0.0558958 5.1252 0.625235 8.83544 3.41784 403.799 393.891 417.76 397.93 417.76 397.93 0.0643659 0.0378043 
500 0.28 1500000000 169.721 120.24 -2404.44 207.446 6.20591e+06 653289 4.2387e+13 5.53235e+12 0.0242345 0.028028 -0.734274 0.0610106 0.589506 0.0529273 0.375757 0.0398325 0.744799 0.0558958 5.1252 0.625235 8.83544 3.41784 403.799 393.891 417.76 397.93 417.76 397.93 0.0643659 0.0378043 
500 0.28 1505000000 169.721 120.24 -2404.44 207.446 6.20591e+06 653289 4.2387e+13 5.53235e+12 0.0242345 0.028028 -0.734274 0.0610106 0.589506 0.0529273 0.375757 0.0398325 0.744799 0.0558958 5.1252 0.625235 8.83544 3.41784 403.799 393.891 417.76 397.93 417.76 397.93 0.0643659 0.0378043 
500 0.28 1510000000 169.721 120.24 -2404.44 207.446 6.20591e+06 653289 4.2387e+13 5.53235e+12 0.0242345 0.028028 -0.734274 0.0610106 0.589506 0.0529273 0.375757 0.0398325 0.744799 0.0558958 5.1252 0.625235 8.83544 3.41784 403.799 393.891 417.76 397.93 417.76 397.93 0.0643659 0.0378043 
500 0.28 1515000000 169.721 120.24 -2404.44 207.446 6.20591e+06 653289 4.2387e+13 5.53235e+12 0.0242345 0.028028 -0.734274 0.0610106 0.589506 0.0529273 0.375757 0.0398325 0.744799 0.0558958 5.1252 0.625235 8.83544 3.41784 403.799 393.891 417.76 397.93 417.76 397.93 0.0643659 0.0378043 
500 0.28 1520000000 169.721 120.24 -2404.44 207.446 6.20591e+06 653289 4.2387e+13 5.53235e+12 0.0242345 0.028028 -0.734274 0.0610106 0.589506 0.0529273 0.375757 0.0398325 0.744799 0.0558958 5.1252 0.625235 8.83544 3.41784 403.799 393.891 417.76 397.93 417.76 397.93 0.0643659 0.0378043 
500 0.28 1525000000 169.721 120.24 -2404.44 207.446 6.20591e+06 653289 4.2387e+13 5.53235e+12 0.0242345 0.028028 -0.734274 0.0610106 0.589506 0.0529273 0.375757 0.0398325 0.744799 0.0558958 5.1252 0.625235 8.83544 3.41784 403.799 393.891 417.76 397.93 417.76 397.93 0.0643659 0.0378043 
500 0.28 1530000000 169.721 120.24 -2404.44 207.446 6.20591e+06 653289 4.2387e+13 5.53235e+12 0.0242345 0.028028 -0.734274 0.0610106 0.589506 0.0529273 0.375757 0.0398325 0.744799 0.0558958 5.1252 0.625235 8.83544 3.41784 403.799 393.891 417.76 397.93 417.76 397.93 0.0643659 0.0378043 
500 0.28 1535000000 162.465 107.733 -2417.46 186.514 6.24817e+06 588410 4.27338e+13 4.98863e+12 0.028189 0.0267164 -0.737856 0.0546462 0.592747 0.0474419 0.378209 0.0356819 0.748134 0.0501016 5.10489 0.558876 8.65172 3.0631 381.722 352.903 395.478 356.521 395.478 356.521 0.0612413 0.0340353 
500 0.28 1540000000 162.465 107.733 -2417.46 186.514 6.24817e+06 588410 4.27338e+13 4.98863e+12 0.028189 0.0267164 -0.737856 0.0546462 0.592747 0.0474419 0.378209 0.0356819 0.748134 0.0501016 5.10489 0.558876 8.65172 3.0631 381.722 352.903 395.478 356.521 395.478 356.521 0.0612413 0.0340353 
500 0.28 1545000000 162.465 107.733 -2417.46 186.514 6.24817e+06 588410 4.27338e+13 4.98863e+12 0.028189 0.0267164 -0.737856 0.0546462 0.592747 0.0474419 0.378209 0.0356819 0.748134 0.0501016 5.10489 0.558876 8.65172 3.0631 381.722 352.903 395.478 356.521 395.478 356.521 0.0612413 0.0340353 
500 0.28 1550000000 162.465 107.733 -2417.46 186.514 6.24817e+06 588410 4.27338e+13 4.98863e+12 0.028189 0.0267164 -0.737856 0.0546462 0.592747 0.0474419 0.378209 0.0356819 0.748134 0.0501016 5.10489 0.558876 8.65172 3.0631 381.722 352.903 395.478 356.521 395.478 356.521 0.0612413 0.0340353 
500 0.28 1555000000 162.465 107.733 -2417.46 186.514 6.24817e+06 588410 4.27338e+13 4.98863e+12 0.028189 0.0267164 -0.737856 0.0546462 0.592747 0.0474419 0.378209 0.0356819 0.748134 0.0501016 5.10489 0.558876 8.65172 3.0631 381.722 352.903 395.478 356.521 395.478 356.521 0.0612413 0.0340353 
500 0.28 1560000000 162.465 107.733 -2417.46 186.514 6.24817e+06 588410 4.27338e+13 4.98863e+12 0.028189 0.0267164 -0.737856 0.0546462 0.592747 0.0474419 0.378209 0.0356819 0.748134 0.0501016 5.10489 0.558876 8.65172 3.0631 381.722 352.903 395.478 356.521 395.478 356.521 0.0612413 0.0340353 
500 0.28 1565000000 162.465 107.733 -2417.46 186.514 6.24817e+06 588410 4.27338e+13 4.98863e+12 0.028189 0.0267164 -0.737856 0.0546462 0.592747 0.0474419 0.378209 0.0356819 0.748134 0.0501016 5.10489 0.558876 8.65172 3.0631 381.722 352.903 395.478 356.521 395.478 356.521 0.0612413 0.0340353 
500 0.28 1570000000 162.465 107.733 -2417.46 186.514 6.24817e+06 588410 4.27338e+13 4.98863e+12 0.028189 0.0267164 -0.737856 0.0546462 0.592747 0.0474419 0.378209 0.0356819 0.748134 0.0501016 5.10489 0.558876 8.65172 3.0631 381.722 352.903 395.478 356.521 395.478 356.521 0.0612413 0.0340353 
500 0.28 1575000000 162.465 107.733 -2417.46 186.514 6.24817e+06 588410 4.27338e+13 4.98863e+12 0.028189 0.0267164 -0.737856 0.0546462 0.592747 0.0474419 0.378209 0.0356819 0.748134 0.0501016 5.10489 0.558876 8.65172 3.0631 381.722 352.903 395.478 356.521 395.478 356.521 0.0612413 0.0340353 
500 0.28 1580000000 162.465 107.733 -2417.46 186.514 6.24817e+06 588410 4.27338e+13 4.98863e+12 0.028189 0.0267164 -0.737856 0.0546462 0.592747 0.0474419 0.378209 0.0356819 0.748134 0.0501016 5.10489 0.558876 8.65172 3.0631 381.722 352.903 395.478 356.521 395.478 356.521 0.0612413 0.0340353 
500 0.28 1585000000 162.465 107.733 -2417.46 186.514 6.24817e+06 588410 4.27338e+13 4.98863e+12 0.028189 0.0267164 -0.737856 0.0546462 0.592747 0.0474419 0.378209 0.0356819 0.748134 0.0501016 5.10489 0.558876 8.65172 3.0631 381.722 352.903 395.478 356.521 395.478 356.521 0.0612413 0.0340353 
500 0.28 1590000000 162.465 107.733 -2417.46 186.514 6.24817e+06 588410 4.27338e+13 4.98863e+12 0.028189 0.0267164 -0.737856 0.0546462 0.592747 0.0474419 0.378209 0.0356819 0.748134 0.0501016 5.10489 0.558876 8.65172 3.0631 381.722 352.903 395.478 356.521 395.478 356.521 0.0612413 0.0340353 
500 0.28 1595000000 162.465 107.733 -2417.46 186.514 6.24817e+06 588410 4.27338e+13 4.98863e+12 0.028189 0.0267164 -0.737856 0.0546462 0.592747 0.0474419 0.378209 0.0356819 0.748134 0.0501016 5.10489 0.558876 8.65172 3.0631 381.722 352.903 395.478 356.521 395.478 356.521 0.0612413 0.0340353 
500 0.28 1600000000 162.465 107.733 -2417.46 186.514 6.24817e+06 588410 4.27338e+13 4.98863e+12 0.028189 0.0267164 -0.737856 0.0546462 0.592747 0.0474419 0.378209 0.0356819 0.748134 0.0501016 5.10489 0.558876 8.65172 3.0631 381.722 352.903 395.478 356.521 395.478 356.521 0.0612413 0.0340353 
500 0.28 1605000000 162.465 107.733 -2417.46 186.514 6.24817e+06 588410 4.27338e+13 4.98863e+12 0.028189 0.0267164 -0.737856 0.0546462 0.592747 0.0474419 0.378209 0.0356819 0.748134 0.0501016 5.10489 0.558876 8.65172 3.0631 381.722 352.903 395.478 356.521 395.478 356.521 0.0612413 0.0340353 
500 0.28 1610000000 162.465 107.733 -2417.46 186.514 6.24817e+06 588410 4.27338e+13 4.98863e+12 0.028189 0.0267164 -0.737856 0.0546462 0.592747 0.0474419 0.378209 0.0356819 0.748134 0.0501016 5.10489 0.558876 8.65172 3.0631 381.722 352.903 395.478 356.521 395.478 356.521 0.0612413 0.0340353 
500 0.28 1615000000 155.362 107.733 -2426.83 186.514 6.27427e+06 588410 4.28893e+13 4.98863e+12 0.0360753 0.0267164 -0.74001 0.0546462 0.595175 0.0474419 0.3798 0.0356819 0.750824 0.0501016 5.08432 0.558876 8.49155 3.0631 361.97 352.903 375.546 356.521 375.546 356.521 0.0584859 0.0340353 
500 0.28 1620000000 155.362 107.733 -2426.83 186.514 6.27427e+06 588410 4.28893e+13 4.98863e+12 0.0360753 0.0267164 -0.74001 0.0546462 0.595175 0.0474419 0.3798 0.0356819 0.750824 0.0501016 5.08432 0.558876 8.49155 3.0631 361.97 352.903 375.546 356.521 375.546 356.521 0.0584859 0.0340353 
500 0.28 1625000000 155.362 107.733 -2426.83 186.514 6.27427e+06 588410 4.28893e+13 4.98863e+12 0.0360753 0.0267164 -0.74001 0.0546462 0.595175 0.0474419 0.3798 0.0356819 0.750824 0.0501016 5.08432 0.558876 8.49155 3.0631 361.97 352.903 375.546 356.521 375.546 356.521 0.0584859 0.0340353 
500 0.28 1630000000 155.362 107.733 -2426.83 186.514 6.27427e+06 588410 4.28893e+13 4.98863e+12 0.0360753 0.0267164 -0.74001 0.0546462 0.595175 0.0474419 0.3798 0.0356819 0.750824 0.0501016 5.08432 0.558876 8.49155 3.0631 361.97 352.903 375.546 356.521 375.546 356.521 0.0584859 0.0340353 
500 0.28 1635000000 155.362 107.733 -2426.83 186.514 6.27427e+06 588410 4.28893e+13 4.98863e+12 0.0360753 0.0267164 -0.74001 0.0546462 0.595175 0.0474419 0.3798 0.0356819 0.750824 0.0501016 5.08432 0.558876 8.49155 3.0631 361.97 352.903 375.546 356.521 375.546 356.521 0.0584859 0.0340353 
500 0.28 1640000000 155.362 107.733 -2426.83 186.514 6.27427e+06 588410 4.28893e+13 4.98863e+12 0.0360753 0.0267164 -0.74001 0.0546462 0.595175 0.0474419 0.3798 0.0356819 0.750824 0.0501016 5.08432 0.558876 8.49155 3.0631 361.97 352.903 375.546 356.521 375.546 356.521 0.0584859 0.0340353 
500 0.28 1645000000 155.362 107.733 -2426.83 186.514 6.27427e+06 588410 4.28893e+13 4.98863e+12 0.0360753 0.0267164 -0.74001 0.0546462 0.595175 0.0474419 0.3798 0.0356819 0.750824 0.0501016 5.08432 0.558876 8.49155 3.0631 361.97 352.903 375.546 356.521 375.546 356.521 0.0584859 0.0340353 
500 0.28 1650000000 155.362 107.733 -2426.83 186.514 6.27427e+06 588410 4.28893e+13 4.98863e+12 0.0360753 0.0267164 -0.74001 0.0546462 0.595175 0.0474419 0.3798 0.0356819 0.750824 0.0501016 5.08432 0.558876 8.49155 3.0631 361.97 352.903 375.546 356.521 375.546 356.521 0.0584859 0.0340353 
500 0.28 1655000000 155.362 107.733 -2426.83 186.514 6.27427e+06 588410 4.28893e+13 4.98863e+12 0.0360753 0.0267164 -0.74001 0.0546462 0.595175 0.0474419 0.3798 0.0356819 0.750824 0.0501016 5.08432 0.558876 8.49155 3.0631 361.97 352.903 375.546 356.521 375.546 356.521 0.0584859 0.0340353 
500 0.28 1660000000 155.362 107.733 -2426.83 186.514 6.27427e+06 588410 4.28893e+13 4.98863e+12 0.0360753 0.0267164 -0.74001 0.0546462 0.595175 0.0474419 0.3798 0.0356819 0.750824 0.0501016 5.08432 0.558876 8.49155 3.0631 361.97 352.903 375.546 356.521 375.546 356.521 0.0584859 0.0340353 
500 0.28 1665000000 155.362 107.733 -2426.83 186.514 6.27427e+06 588410 4.28893e+13 4.98863e+12 0.0360753 0.0267164 -0.74001 0.0546462 0.595175 0.0474419 0.3798 0.0356819 0.750824 0.0501016 5.08432 0.558876 8.49155 3.0631 361.97 352.903 375.546 356.521 375.546 356.521 0.0584859 0.0340353 
500 0.28 1670000000 155.362 107.733 -2426.83 186.514 6.27427e+06 588410 4.28893e+13 4.98863e+12 0.0360753 0.0267164 -0.74001 0.0546462 0.595175 0.0474419 0.3798 0.0356819 0.750824 0.0501016 5.08432 0.558876 8.49155 3.0631 361.97 352.903 375.546 356.521 375.546 356.521 0.0584859 0.0340353 
500 0.28 1675000000 155.362 107.733 -2426.83 186.514 6.27427e+06 588410 4.28893e+13 4.98863e+12 0.0360753 0.0267164 -0.74001 0.0546462 0.595175 0.0474419 0.3798 0.0356819 0.750824 0.0501016 5.08432 0.558876 8.49155 3.0631 361.97 352.903 375.546 356.521 375.546 356.521 0.0584859 0.0340353 
500 0.28 1680000000 155.362 107.733 -2426.83 186.514 6.27427e+06 588410 4.28893e+13 4.98863e+12 0.0360753 0.0267164 -0.74001 0.0546462 0.595175 0.0474419 0.3798 0.0356819 0.750824 0.0501016 5.08432 0.558876 8.49155 3.0631 361.97 352.903 375.546 356.521 375.546 356.521 0.0584859 0.0340353 
500 0.28 1685000000 155.362 107.733 -2426.83 186.514 6.27427e+06 588410 4.28893e+13 4.98863e+12 0.0360753 0.0267164 -0.74001 0.0546462 0.595175 0.0474419 0.3798 0.0356819 0.750824 0.0501016 5.08432 0.558876 8.49155 3.0631 361.97 352.903 375.546 356.521 375.546 356.521 0.0584859 0.0340353 
500 0.28 1690000000 155.362 107.733 -2426.83 186.514 6.27427e+06 588410 4.28893e+13 4.98863e+12 0.0360753 0.0267164 -0.74001 0.0546462 0.595175 0.0474419 0.3798 0.0356819 0.750824 0.0501016 5.08432 0.558876 8.49155 3.0631 361.97 352.903 375.546 356.521 375.546 356.521 0.0584859 0.0340353 
500 0.28 1695000000 149.1 97.7855 -2436.99 180.205 6.30676e+06 604640 4.31508e+13 5.50069e+12 0.044598 0.0382436 -0.741322 0.0492913 0.596916 0.0444287 0.380672 0.0353247 0.752965 0.0453237 5.05997 0.507298 8.34004 2.7726 344.21 319.6 357.61 322.873 357.61 322.873 0.0562311 0.0309983 
500 0.28 1700000000 149.1 97.7855 -2436.99 180.205 6.30676e+06 604640 4.31508e+13 5.50069e+12 0.044598 0.0382436 -0.741322 0.0492913 0.596916 0.0444287 0.380672 0.0353247 0.752965 0.0453237 5.05997 0.507298 8.34004 2.7726 344.21 319.6 357.61 322.873 357.61 322.873 0.0562311 0.0309983 
500 0.28 1705000000 149.1 97.7855 -2436.99 180.205 6.30676e+06 604640 4.31508e+13 5.50069e+12 0.044598 0.0382436 -0.741322 0.0492913 0.596916 0.0444287 0.380672 0.0353247 0.752965 0.0453237 5.05997 0.507298 8.34004 2.7726 344.21 319.6 357.61 322.873 357.61 322.873 0.0562311 0.0309983 
500 0.28 1710000000 149.1 97.7855 -2436.99 180.205 6.30676e+06 604640 4.31508e+13 5.50069e+12 0.044598 0.0382436 -0.741322 0.0492913 0.596916 0.0444287 0.380672 0.0353247 0.752965 0.0453237 5.05997 0.507298 8.34004 2.7726 344.21 319.6 357.61 322.873 357.61 322.873 0.0562311 0.0309983 
500 0.28 1715000000 149.1 97.7855 -2436.99 180.205 6.30676e+06 604640 4.31508e+13 5.50069e+12 0.044598 0.0382436 -0.741322 0.0492913 0.596916 0.0444287 0.380672 0.0353247 0.752965 0.0453237 5.05997 0.507298 8.34004 2.7726 344.21 319.6 357.61 322.873 357.61 322.873 0.0562311 0.0309983 
500 0.28 1720000000 149.1 97.7855 -2436.99 180.205 6.30676e+06 604640 4.31508e+13 5.50069e+12 0.044598 0.0382436 -0.741322 0.0492913 0.596916 0.0444287 0.380672 0.0353247 0.752965 0.0453237 5.05997 0.507298 8.34004 2.7726 344.21 319.6 357.61 322.873 357.61 322.873 0.0562311 0.0309983 
500 0.28 1725000000 149.1 97.7855 -2436.99 180.205 6.30676e+06 604640 4.31508e+13 5.50069e+12 0.044598 0.0382436 -0.741322 0.0492913 0.596916 0.0444287 0.380672 0.0353247 0.752965 0.0453237 5.05997 0.507298 8.34004 2.7726 344.21 319.6 357.61 322.873 357.61 322.873 0.0562311 0.0309983 
500 0.28 1730000000 149.1 97.7855 -2436.99 180.205 6.30676e+06 604640 4.31508e+13 5.50069e+12 0.044598 0.0382436 -0.741322 0.0492913 0.596916 0.0444287 0.380672 0.0353247 0.752965 0.0453237 5.05997 0.507298 8.34004 2.7726 344.21 319.6 357.61 322.873 357.61 322.873 0.0562311 0.0309983 
500 0.28 1735000000 149.1 97.7855 -2436.99 180.205 6.30676e+06 604640 4.31508e+13 5.50069e+12 0.044598 0.0382436 -0.741322 0.0492913 0.596916 0.0444287 0.380672 0.0353247 0.752965 0.0453237 5.05997 0.507298 8.34004 2.7726 344.21 319.6 357.61 322.873 357.61 322.873 0.0562311 0.0309983 
500 0.28 1740000000 149.1 97.7855 -2436.99 180.205 6.30676e+06 604640 4.31508e+13 5.50069e+12 0.044598 0.0382436 -0.741322 0.0492913 0.596916 0.0444287 0.380672 0.0353247 0.752965 0.0453237 5.05997 0.507298 8.34004 2.7726 344.21 319.6 357.61 322.873 357.61 322.873 0.0562311 0.0309983 
500 0.28 1745000000 149.1 97.7855 -2436.99 180.205 6.30676e+06 604640 4.31508e+13 5.50069e+12 0.044598 0.0382436 -0.741322 0.0492913 0.596916 0.0444287 0.380672 0.0353247 0.752965 0.0453237 5.05997 0.507298 8.34004 2.7726 344.21 319.6 357.61 322.873 357.61 322.873 0.0562311 0.0309983 
500 0.28 1750000000 149.1 97.7855 -2436.99 180.205 6.30676e+06 604640 4.31508e+13 5.50069e+12 0.044598 0.0382436 -0.741322 0.0492913 0.596916 0.0444287 0.380672 0.0353247 0.752965 0.0453237 5.05997 0.507298 8.34004 2.7726 344.21 319.6 357.61 322.873 357.61 322.873 0.0562311 0.0309983 
500 0.28 1755000000 149.1 97.7855 -2436.99 180.205 6.30676e+06 604640 4.31508e+13 5.50069e+12 0.044598 0.0382436 -0.741322 0.0492913 0.596916 0.0444287 0.380672 0.0353247 0.752965 0.0453237 5.05997 0.507298 8.34004 2.7726 344.21 319.6 357.61 322.873 357.61 322.873 0.0562311 0.0309983 
500 0.28 1760000000 149.1 97.7855 -2436.99 180.205 6.30676e+06 604640 4.31508e+13 5.50069e+12 0.044598 0.0382436 -0.741322 0.0492913 0.596916 0.0444287 0.380672 0.0353247 0.752965 0.0453237 5.05997 0.507298 8.34004 2.7726 344.21 319.6 357.61 322.873 357.61 322.873 0.0562311 0.0309983 
500 0.28 1765000000 149.1 97.7855 -2436.99 180.205 6.30676e+06 604640 4.31508e+13 5.50069e+12 0.044598 0.0382436 -0.741322 0.0492913 0.596916 0.0444287 0.380672 0.0353247 0.752965 0.0453237 5.05997 0.507298 8.34004 2.7726 344.21 319.6 357.61 322.873 357.61 322.873 0.0562311 0.0309983 
500 0.28 1770000000 149.1 97.7855 -2436.99 180.205 6.30676e+06 604640 4.31508e+13 5.50069e+12 0.044598 0.0382436 -0.741322 0.0492913 0.596916 0.0444287 0.380672 0.0353247 0.752965 0.0453237 5.05997 0.507298 8.34004 2.7726 344.21 319.6 357.61 322.873 357.61 322.873 0.0562311 0.0309983 
500 0.28 1775000000 149.1 97.7855 -2436.99 180.205 6.30676e+06 604640 4.31508e+13 5.50069e+12 0.044598 0.0382436 -0.741322 0.0492913 0.596916 0.0444287 0.380672 0.0353247 0.752965 0.0453237 5.05997 0.507298 8.34004 2.7726 344.21 319.6 357.61 322.873 357.61 322.873 0.0562311 0.0309983 
500 0.28 1780000000 149.1 97.7855 -2436.99 180.205 6.30676e+06 604640 4.31508e+13 5.50069e+12 0.044598 0.0382436 -0.741322 0.0492913 0.596916 0.0444287 0.380672 0.0353247 0.752965 0.0453237 5.05997 0.507298 8.34004 2.7726 344.21 319.6 357.61 322.873 357.61 322.873 0.0562311 0.0309983 
500 0.28 1785000000 149.1 97.7855 -2436.99 180.205 6.30676e+06 604640 4.31508e+13 5.50069e+12 0.044598 0.0382436 -0.741322 0.0492913 0.596916 0.0444287 0.380672 0.0353247 0.752965 0.0453237 5.05997 0.507298 8.34004 2.7726 344.21 319.6 357.61 322.873 357.61 322.873 0.0562311 0.0309983 
500 0.28 1790000000 149.1 97.7855 -2436.99 180.205 6.30676e+06 604640 4.31508e+13 5.50069e+12 0.044598 0.0382436 -0.741322 0.0492913 0.596916 0.0444287 0.380672 0.0353247 0.752965 0.0453237 5.05997 0.507298 8.34004 2.7726 344.21 319.6 357.61 322.873 357.61 322.873 0.0562311 0.0309983 
500 0.28 1795000000 149.1 97.7855 -2436.99 180.205 6.30676e+06 604640 4.31508e+13 5.50069e+12 0.044598 0.0382436 -0.741322 0.0492913 0.596916 0.0444287 0.380672 0.0353247 0.752965 0.0453237 5.05997 0.507298 8.34004 2.7726 344.21 319.6 357.61 322.873 357.61 322.873 0.0562311 0.0309983 
500 0.28 1800000000 149.1 97.7855 -2436.99 180.205 6.30676e+06 604640 4.31508e+13 5.50069e+12 0.044598 0.0382436 -0.741322 0.0492913 0.596916 0.0444287 0.380672 0.0353247 0.752965 0.0453237 5.05997 0.507298 8.34004 2.7726 344.21 319.6 357.61 322.873 357.61 322.873 0.0562311 0.0309983 
500 0.28 1805000000 149.1 97.7855 -2436.99 180.205 6.30676e+06 604640 4.31508e+13 5.50069e+12 0.044598 0.0382436 -0.741322 0.0492913 0.596916 0.0444287 0.380672 0.0353247 0.752965 0.0453237 5.05997 0.507298 8.34004 2.7726 344.21 319.6 357.61 322.873 357.61 322.873 0.0562311 0.0309983 
500 0.28 1810000000 149.1 97.7855 -2436.99 180.205 6.30676e+06 604640 4.31508e+13 5.50069e+12 0.044598 0.0382436 -0.741322 0.0492913 0.596916 0.0444287 0.380672 0.0353247 0.752965 0.0453237 5.05997 0.507298 8.34004 2.7726 344.21 319.6 357.61 322.873 357.61 322.873 0.0562311 0.0309983 
500 0.28 1815000000 149.1 97.7855 -2436.99 180.205 6.30676e+06 604640 4.31508e+13 5.50069e+12 0.044598 0.0382436 -0.741322 0.0492913 0.596916 0.0444287 0.380672 0.0353247 0.752965 0.0453237 5.05997 0.507298 8.34004 2.7726 344.21 319.6 357.61 322.873 357.61 322.873 0.0562311 0.0309983 
500 0.28 1820000000 149.1 97.7855 -2436.99 180.205 6.30676e+06 604640 4.31508e+13 5.50069e+12 0.044598 0.0382436 -0.741322 0.0492913 0.596916 0.0444287 0.380672 0.0353247 0.752965 0.0453237 5.05997 0.507298 8.34004 2.7726 344.21 319.6 357.61 322.873 357.61 322.873 0.0562311 0.0309983 
500 0.28 1825000000 149.1 97.7855 -2436.99 180.205 6.30676e+06 604640 4.31508e+13 5.50069e+12 0.044598 0.0382436 -0.741322 0.0492913 0.596916 0.0444287 0.380672 0.0353247 0.752965 0.0453237 5.05997 0.507298 8.34004 2.7726 344.21 319.6 357.61 322.873 357.61 322.873 0.0562311 0.0309983 
500 0.28 1830000000 149.1 97.7855 -2436.99 180.205 6.30676e+06 604640 4.31508e+13 5.50069e+12 0.044598 0.0382436 -0.741322 0.0492913 0.596916 0.0444287 0.380672 0.0353247 0.752965 0.0453237 5.05997 0.507298 8.34004 2.7726 344.21 319.6 357.61 322.873 357.61 322.873 0.0562311 0.0309983 
500 0.28 1835000000 149.1 97.7855 -2436.99 180.205 6.30676e+06 604640 4.31508e+13 5.50069e+12 0.044598 0.0382436 -0.741322 0.0492913 0.596916 0.0444287 0.380672 0.0353247 0.752965 0.0453237 5.05997 0.507298 8.34004 2.7726 344.21 319.6 357.61 322.873 357.61 322.873 0.0562311 0.0309983 
500 0.28 1840000000 149.1 97.7855 -2436.99 180.205 6.30676e+06 604640 4.31508e+13 5.50069e+12 0.044598 0.0382436 -0.741322 0.0492913 0.596916 0.0444287 0.380672 0.0353247 0.752965 0.0453237 5.05997 0.507298 8.34004 2.7726 344.21 319.6 357.61 322.873 357.61 322.873 0.0562311 0.0309983 
500 0.28 1845000000 149.1 97.7855 -2436.99 180.205 6.30676e+06 604640 4.31508e+13 5.50069e+12 0.044598 0.0382436 -0.741322 0.0492913 0.596916 0.0444287 0.380672 0.0353247 0.752965 0.0453237 5.05997 0.507298 8.34004 2.7726 344.21 319.6 357.61 322.873 357.61 322.873 0.0562311 0.0309983 
500 0.28 1850000000 149.1 97.7855 -2436.99 180.205 6.30676e+06 604640 4.31508e+13 5.50069e+12 0.044598 0.0382436 -0.741322 0.0492913 0.596916 0.0444287 0.380672 0.0353247 0.752965 0.0453237 5.05997 0.507298 8.34004 2.7726 344.21 319.6 357.61 322.873 357.61 322.873 0.0562311 0.0309983 
500 0.28 1855000000 139.835 92.9278 -2456.9 180.205 6.37492e+06 604640 4.37608e+13 5.50069e+12 0.0603996 0.0382436 -0.744151 0.0485598 0.601256 0.0444287 0.383868 0.0353247 0.757499 0.0452604 5.04172 0.507298 8.06668 2.65029 313.543 301.332 326.651 304.486 326.651 304.486 0.0522001 0.0290759 
500 0.28 1860000000 139.835 92.9278 -2456.9 180.205 6.37492e+06 604640 4.37608e+13 5.50069e+12 0.0603996 0.0382436 -0.744151 0.0485598 0.601256 0.0444287 0.383868 0.0353247 0.757499 0.0452604 5.04172 0.507298 8.06668 2.65029 313.543 301.332 326.651 304.486 326.651 304.486 0.0522001 0.0290759 
500 0.28 1865000000 139.835 92.9278 -2456.9 180.205 6.37492e+06 604640 4.37608e+13 5.50069e+12 0.0603996 0.0382436 -0.744151 0.0485598 0.601256 0.0444287 0.383868 0.0353247 0.757499 0.0452604 5.04172 0.507298 8.06668 2.65029 313.543 301.332 326.651 304.486 326.651 304.486 0.0522001 0.0290759 
500 0.28 1870000000 139.835 92.9278 -2456.9 180.205 6.37492e+06 604640 4.37608e+13 5.50069e+12 0.0603996 0.0382436 -0.744151 0.0485598 0.601256 0.0444287 0.383868 0.0353247 0.757499 0.0452604 5.04172 0.507298 8.06668 2.65029 313.543 301.332 326.651 304.486 326.651 304.486 0.0522001 0.0290759 
500 0.28 1875000000 139.835 92.9278 -2456.9 180.205 6.37492e+06 604640 4.37608e+13 5.50069e+12 0.0603996 0.0382436 -0.744151 0.0485598 0.601256 0.0444287 0.383868 0.0353247 0.757499 0.0452604 5.04172 0.507298 8.06668 2.65029 313.543 301.332 326.651 304.486 326.651 304.486 0.0522001 0.0290759 
500 0.28 1880000000 139.835 92.9278 -2456.9 180.205 6.37492e+06 604640 4.37608e+13 5.50069e+12 0.0603996 0.0382436 -0.744151 0.0485598 0.601256 0.0444287 0.383868 0.0353247 0.757499 0.0452604 5.04172 0.507298 8.06668 2.65029 313.543 301.332 326.651 304.486 326.651 304.486 0.0522001 0.0290759 
500 0.28 1885000000 139.835 92.9278 -2456.9 180.205 6.37492e+06 604640 4.37608e+13 5.50069e+12 0.0603996 0.0382436 -0.744151 0.0485598 0.601256 0.0444287 0.383868 0.0353247 0.757499 0.0452604 5.04172 0.507298 8.06668 2.65029 313.543 301.332 326.651 304.486 326.651 304.486 0.0522001 0.0290759 
500 0.28 1890000000 139.835 92.9278 -2456.9 180.205 6.37492e+06 604640 4.37608e+13 5.50069e+12 0.0603996 0.0382436 -0.744151 0.0485598 0.601256 0.0444287 0.383868 0.0353247 0.757499 0.0452604 5.04172 0.507298 8.06668 2.65029 313.543 301.332 326.651 304.486 326.651 304.486 0.0522001 0.0290759 
500 0.28 1895000000 139.835 92.9278 -2456.9 180.205 6.37492e+06 604640 4.37608e+13 5.50069e+12 0.0603996 0.0382436 -0.744151 0.0485598 0.601256 0.0444287 0.383868 0.0353247 0.757499 0.0452604 5.04172 0.507298 8.06668 2.65029 313.543 301.332 326.651 304.486 326.651 304.486 0.0522001 0.0290759 
500 0.28 1900000000 139.835 92.9278 -2456.9 180.205 6.37492e+06 604640 4.37608e+13 5.50069e+12 0.0603996 0.0382436 -0.744151 0.0485598 0.601256 0.0444287 0.383868 0.0353247 0.757499 0.0452604 5.04172 0.507298 8.06668 2.65029 313.543 301.332 326.651 304.486 326.651 304.486 0.0522001 0.0290759 
500 0.28 1905000000 139.835 92.9278 -2456.9 180.205 6.37492e+06 604640 4.37608e+13 5.50069e+12 0.0603996 0.0382436 -0.744151 0.0485598 0.601256 0.0444287 0.383868 0.0353247 0.757499 0.0452604 5.04172 0.507298 8.06668 2.65029 313.543 301.332 326.651 304.486 326.651 304.486 0.0522001 0.0290759 
500 0.28 1910000000 139.835 92.9278 -2456.9 180.205 6.37492e+06 604640 4.37608e+13 5.50069e+12 0.0603996 0.0382436 -0.744151 0.0485598 0.601256 0.0444287 0.383868 0.0353247 0.757499 0.0452604 5.04172 0.507298 8.06668 2.65029 313.543 301.332 326.651 304.486 326.651 304.486 0.0522001 0.0290759 
500 0.28 1915000000 139.835 92.9278 -2456.9 180.205 6.37492e+06 604640 4.37608e+13 5.50069e+12 0.0603996 0.0382436 -0.744151 0.0485598 0.601256 0.0444287 0.383868 0.0353247 0.757499 0.0452604 5.04172 0.507298 8.06668 2.65029 313.543 301.332 326.651 304.486 326.651 304.486 0.0522001 0.0290759 
500 0.28 1920000000 139.835 92.9278 -2456.9 180.205 6.37492e+06 604640 4.37608e+13 5.50069e+12 0.0603996 0.0382436 -0.744151 0.0485598 0.601256 0.0444287 0.383868 0.0353247 0.757499 0.0452604 5.04172 0.507298 8.06668 2.65029 313.543 301.332 326.651 304.486 326.651 304.486 0.0522001 0.0290759 
500 0.28 1925000000 139.835 92.9278 -2456.9 180.205 6.37492e+06 604640 4.37608e+13 5.50069e+12 0.0603996 0.0382436 -0.744151 0.0485598 0.601256 0.0444287 0.383868 0.0353247 0.757499 0.0452604 5.04172 0.507298 8.06668 2.65029 313.543 301.332 326.651 304.486 326.651 304.486 0.0522001 0.0290759 
500 0.28 1930000000 139.835 92.9278 -2456.9 180.205 6.37492e+06 604640 4.37608e+13 5.50069e+12 0.0603996 0.0382436 -0.744151 0.0485598 0.601256 0.0444287 0.383868 0.0353247 0.757499 0.0452604 5.04172 0.507298 8.06668 2.65029 313.543 301.332 326.651 304.486 326.651 304.486 0.0522001 0.0290759 
500 0.28 1935000000 139.835 92.9278 -2456.9 180.205 6.37492e+06 604640 4.37608e+13 5.50069e+12 0.0603996 0.0382436 -0.744151 0.0485598 0.601256 0.0444287 0.383868 0.0353247 0.757499 0.0452604 5.04172 0.507298 8.06668 2.65029 313.543 301.332 326.651 304.486 326.651 304.486 0.0522001 0.0290759 
500 0.28 1940000000 139.835 92.9278 -2456.9 180.205 6.37492e+06 604640 4.37608e+13 5.50069e+12 0.0603996 0.0382436 -0.744151 0.0485598 0.601256 0.0444287 0.383868 0.0353247 0.757499 0.0452604 5.04172 0.507298 8.06668 2.65029 313.543 301.332 326.651 304.486 326.651 304.486 0.0522001 0.0290759 
500 0.28 1945000000 139.835 92.9278 -2456.9 180.205 6.37492e+06 604640 4.37608e+13 5.50069e+12 0.0603996 0.0382436 -0.744151 0.0485598 0.601256 0.0444287 0.383868 0.0353247 0.757499 0.0452604 5.04172 0.507298 8.06668 2.65029 313.543 301.332 326.651 304.486 326.651 304.486 0.0522001 0.0290759 
500 0.28 1950000000 139.835 92.9278 -2456.9 180.205 6.37492e+06 604640 4.37608e+13 5.50069e+12 0.0603996 0.0382436 -0.744151 0.0485598 0.601256 0.0444287 0.383868 0.0353247 0.757499 0.0452604 5.04172 0.507298 8.06668 2.65029 313.543 301.332 326.651 304.486 326.651 304.486 0.0522001 0.0290759 
500 0.28 1955000000 139.835 92.9278 -2456.9 180.205 6.37492e+06 604640 4.37608e+13 5.50069e+12 0.0603996 0.0382436 -0.744151 0.0485598 0.601256 0.0444287 0.383868 0.0353247 0.757499 0.0452604 5.04172 0.507298 8.06668 2.65029 313.543 301.332 326.651 304.486 326.651 304.486 0.0522001 0.0290759 
500 0.28 1960000000 139.835 92.9278 -2456.9 180.205 6.37492e+06 604640 4.37608e+13 5.50069e+12 0.0603996 0.0382436 -0.744151 0.0485598 0.601256 0.0444287 0.383868 0.0353247 0.757499 0.0452604 5.04172 0.507298 8.06668 2.65029 313.543 301.332 326.651 304.486 326.651 304.486 0.0522001 0.0290759 
500 0.28 1965000000 139.835 92.9278 -2456.9 180.205 6.37492e+06 604640 4.37608e+13 5.50069e+12 0.0603996 0.0382436 -0.744151 0.0485598 0.601256 0.0444287 0.383868 0.0353247 0.757499 0.0452604 5.04172 0.507298 8.06668 2.65029 313.543 301.332 326.651 304.486 326.651 304.486 0.0522001 0.0290759 
500 0.28 1970000000 139.835 92.9278 -2456.9 180.205 6.37492e+06 604640 4.37608e+13 5.50069e+12 0.0603996 0.0382436 -0.744151 0.0485598 0.601256 0.0444287 0.383868 0.0353247 0.757499 0.0452604 5.04172 0.507298 8.06668 2.65029 313.543 301.332 326.651 304.486 326.651 304.486 0.0522001 0.0290759 
500 0.28 1975000000 139.835 92.9278 -2456.9 180.205 6.37492e+06 604640 4.37608e+13 5.50069e+12 0.0603996 0.0382436 -0.744151 0.0485598 0.601256 0.0444287 0.383868 0.0353247 0.757499 0.0452604 5.04172 0.507298 8.06668 2.65029 313.543 301.332 326.651 304.486 326.651 304.486 0.0522001 0.0290759 
500 0.28 1980000000 139.835 92.9278 -2456.9 180.205 6.37492e+06 604640 4.37608e+13 5.50069e+12 0.0603996 0.0382436 -0.744151 0.0485598 0.601256 0.0444287 0.383868 0.0353247 0.757499 0.0452604 5.04172 0.507298 8.06668 2.65029 313.543 301.332 326.651 304.486 326.651 304.486 0.0522001 0.0290759 
500 0.28 1985000000 139.835 92.9278 -2456.9 180.205 6.37492e+06 604640 4.37608e+13 5.50069e+12 0.0603996 0.0382436 -0.744151 0.0485598 0.601256 0.0444287 0.383868 0.0353247 0.757499 0.0452604 5.04172 0.507298 8.06668 2.65029 313.543 301.332 326.651 304.486 326.651 304.486 0.0522001 0.0290759 
500 0.28 1990000000 139.835 92.9278 -2456.9 180.205 6.37492e+06 604640 4.37608e+13 5.50069e+12 0.0603996 0.0382436 -0.744151 0.0485598 0.601256 0.0444287 0.383868 0.0353247 0.757499 0.0452604 5.04172 0.507298 8.06668 2.65029 313.543 301.332 326.651 304.486 326.651 304.486 0.0522001 0.0290759 
500 0.28 1995000000 139.835 92.9278 -2456.9 180.205 6.37492e+06 604640 4.37608e+13 5.50069e+12 0.0603996 0.0382436 -0.744151 0.0485598 0.601256 0.0444287 0.383868 0.0353247 0.757499 0.0452604 5.04172 0.507298 8.06668 2.65029 313.543 301.332 326.651 304.486 326.651 304.486 0.0522001 0.0290759 
500 0.28 2000000000 139.835 92.9278 -2456.9 180.205 6.37492e+06 604640 4.37608e+13 5.50069e+12 0.0603996 0.0382436 -0.744151 0.0485598 0.601256 0.0444287 0.383868 0.0353247 0.757499 0.0452604 5.04172 0.507298 8.06668 2.65029 313.543 301.332 326.651 304.486 326.651 304.486 0.0522001 0.0290759 
500 0.28 2005000000 139.835 92.9278 -2456.9 180.205 6.37492e+06 604640 4.37608e+13 5.50069e+12 0.0603996 0.0382436 -0.744151 0.0485598 0.601256 0.0444287 0.383868 0.0353247 0.757499 0.0452604 5.04172 0.507298 8.06668 2.65029 313.543 301.332 326.651 304.486 326.651 304.486 0.0522001 0.0290759 
500 0.28 2010000000 139.835 92.9278 -2456.9 180.205 6.37492e+06 604640 4.37608e+13 5.50069e+12 0.0603996 0.0382436 -0.744151 0.0485598 0.601256 0.0444287 0.383868 0.0353247 0.757499 0.0452604 5.04172 0.507298 8.06668 2.65029 313.543 301.332 326.651 304.486 326.651 304.486 0.0522001 0.0290759 
500 0.28 2015000000 132.406 82.1976 -2465.49 152.407 6.39022e+06 509594 4.37092e+13 4.61216e+12 0.0754009 0.0425013 -0.744749 0.0411545 0.60307 0.0374477 0.38427 0.02962 0.76014 0.0382815 5.02995 0.423635 7.85707 2.33147 287.968 268.796 300.855 271.544 300.855 271.544 0.0485978 0.0262982 
500 0.28 2020000000 132.406 82.1976 -2465.49 152.407 6.39022e+06 509594 4.37092e+13 4.61216e+12 0.0754009 0.0425013 -0.744749 0.0411545 0.60307 0.0374477 0.38427 0.02962 0.76014 0.0382815 5.02995 0.423635 7.85707 2.33147 287.968 268.796 300.855 271.544 300.855 271.544 0.0485978 0.0262982 
500 0.28 2025000000 132.406 82.1976 -2465.49 152.407 6.39022e+06 509594 4.37092e+13 4.61216e+12 0.0754009 0.0425013 -0.744749 0.0411545 0.60307 0.0374477 0.38427 0.02962 0.76014 0.0382815 5.02995 0.423635 7.85707 2.33147 287.968 268.796 300.855 271.544 300.855 271.544 0.0485978 0.0262982 
500 0.28 2030000000 132.406 82.1976 -2465.49 152.407 6.39022e+06 509594 4.37092e+13 4.61216e+12 0.0754009 0.0425013 -0.744749 0.0411545 0.60307 0.0374477 0.38427 0.02962 0.76014 0.0382815 5.02995 0.423635 7.85707 2.33147 287.968 268.796 300.855 271.544 300.855 271.544 0.0485978 0.0262982 
500 0.28 2035000000 132.406 82.1976 -2465.49 152.407 6.39022e+06 509594 4.37092e+13 4.61216e+12 0.0754009 0.0425013 -0.744749 0.0411545 0.60307 0.0374477 0.38427 0.02962 0.76014 0.0382815 5.02995 0.423635 7.85707 2.33147 287.968 268.796 300.855 271.544 300.855 271.544 0.0485978 0.0262982 
500 0.28 2040000000 132.406 82.1976 -2465.49 152.407 6.39022e+06 509594 4.37092e+13 4.61216e+12 0.0754009 0.0425013 -0.744749 0.0411545 0.60307 0.0374477 0.38427 0.02962 0.76014 0.0382815 5.02995 0.423635 7.85707 2.33147 287.968 268.796 300.855 271.544 300.855 271.544 0.0485978 0.0262982 
500 0.28 2045000000 132.406 82.1976 -2465.49 152.407 6.39022e+06 509594 4.37092e+13 4.61216e+12 0.0754009 0.0425013 -0.744749 0.0411545 0.60307 0.0374477 0.38427 0.02962 0.76014 0.0382815 5.02995 0.423635 7.85707 2.33147 287.968 268.796 300.855 271.544 300.855 271.544 0.0485978 0.0262982 
500 0.28 2050000000 132.406 82.1976 -2465.49 152.407 6.39022e+06 509594 4.37092e+13 4.61216e+12 0.0754009 0.0425013 -0.744749 0.0411545 0.60307 0.0374477 0.38427 0.02962 0.76014 0.0382815 5.02995 0.423635 7.85707 2.33147 287.968 268.796 300.855 271.544 300.855 271.544 0.0485978 0.0262982 
500 0.28 2055000000 132.406 82.1976 -2465.49 152.407 6.39022e+06 509594 4.37092e+13 4.61216e+12 0.0754009 0.0425013 -0.744749 0.0411545 0.60307 0.0374477 0.38427 0.02962 0.76014 0.0382815 5.02995 0.423635 7.85707 2.33147 287.968 268.796 300.855 271.544 300.855 271.544 0.0485978 0.0262982 
500 0.28 2060000000 132.406 82.1976 -2465.49 152.407 6.39022e+06 509594 4.37092e+13 4.61216e+12 0.0754009 0.0425013 -0.744749 0.0411545 0.60307 0.0374477 0.38427 0.02962 0.76014 0.0382815 5.02995 0.423635 7.85707 2.33147 287.968 268.796 300.855 271.544 300.855 271.544 0.0485978 0.0262982 
500 0.28 2065000000 132.406 82.1976 -2465.49 152.407 6.39022e+06 509594 4.37092e+13 4.61216e+12 0.0754009 0.0425013 -0.744749 0.0411545 0.60307 0.0374477 0.38427 0.02962 0.76014 0.0382815 5.02995 0.423635 7.85707 2.33147 287.968 268.796 300.855 271.544 300.855 271.544 0.0485978 0.0262982 
500 0.28 2070000000 132.406 82.1976 -2465.49 152.407 6.39022e+06 509594 4.37092e+13 4.61216e+12 0.0754009 0.0425013 -0.744749 0.0411545 0.60307 0.0374477 0.38427 0.02962 0.76014 0.0382815 5.02995 0.423635 7.85707 2.33147 287.968 268.796 300.855 271.544 300.855 271.544 0.0485978 0.0262982 
500 0.28 2075000000 132.406 82.1976 -2465.49 152.407 6.39022e+06 509594 4.37092e+13 4.61216e+12 0.0754009 0.0425013 -0.744749 0.0411545 0.60307 0.0374477 0.38427 0.02962 0.76014 0.0382815 5.02995 0.423635 7.85707 2.33147 287.968 268.796 300.855 271.544 300.855 271.544 0.0485978 0.0262982 
500 0.28 2080000000 132.406 82.1976 -2465.49 152.407 6.39022e+06 509594 4.37092e+13 4.61216e+12 0.0754009 0.0425013 -0.744749 0.0411545 0.60307 0.0374477 0.38427 0.02962 0.76014 0.0382815 5.02995 0.423635 7.85707 2.33147 287.968 268.796 300.855 271.544 300.855 271.544 0.0485978 0.0262982 
500 0.28 2085000000 132.406 82.1976 -2465.49 152.407 6.39022e+06 509594 4.37092e+13 4.61216e+12 0.0754009 0.0425013 -0.744749 0.0411545 0.60307 0.0374477 0.38427 0.02962 0.76014 0.0382815 5.02995 0.423635 7.85707 2.33147 287.968 268.796 300.855 271.544 300.855 271.544 0.0485978 0.0262982 
500 0.28 2090000000 132.406 82.1976 -2465.49 152.407 6.39022e+06 509594 4.37092e+13 4.61216e+12 0.0754009 0.0425013 -0.744749 0.0411545 0.60307 0.0374477 0.38427 0.02962 0.76014 0.0382815 5.02995 0.423635 7.85707 2.33147 287.968 268.796 300.855 271.544 300.855 271.544 0.0485978 0.0262982 
500 0.28 2095000000 132.406 82.1976 -2465.49 152.407 6.39022e+06 509594 4.37092e+13 4.61216e+12 0.0754009 0.0425013 -0.744749 0.0411545 0.60307 0.0374477 0.38427 0.02962 0.76014 0.0382815 5.02995 0.423635 7.85707 2.33147 287.968 268.796 300.855 271.544 300.855 271.544 0.0485978 0.0262982 
500 0.28 2100000000 132.406 82.1976 -2465.49 152.407 6.39022e+06 509594 4.37092e+13 4.61216e+12 0.0754009 0.0425013 -0.744749 0.0411545 0.60307 0.0374477 0.38427 0.02962 0.76014 0.0382815 5.02995 0.423635 7.85707 2.33147 287.968 268.796 300.855 271.544 300.855 271.544 0.0485978 0.0262982 
500 0.28 2105000000 132.406 82.1976 -2465.49 152.407 6.39022e+06 509594 4.37092e+13 4.61216e+12 0.0754009 0.0425013 -0.744749 0.0411545 0.60307 0.0374477 0.38427 0.02962 0.76014 0.0382815 5.02995 0.423635 7.85707 2.33147 287.968 268.796 300.855 271.544 300.855 271.544 0.0485978 0.0262982 
500 0.28 2110000000 132.406 82.1976 -2465.49 152.407 6.39022e+06 509594 4.37092e+13 4.61216e+12 0.0754009 0.0425013 -0.744749 0.0411545 0.60307 0.0374477 0.38427 0.02962 0.76014 0.0382815 5.02995 0.423635 7.85707 2.33147 287.968 268.796 300.855 271.544 300.855 271.544 0.0485978 0.0262982 
500 0.28 2115000000 132.406 82.1976 -2465.49 152.407 6.39022e+06 509594 4.37092e+13 4.61216e+12 0.0754009 0.0425013 -0.744749 0.0411545 0.60307 0.0374477 0.38427 0.02962 0.76014 0.0382815 5.02995 0.423635 7.85707 2.33147 287.968 268.796 300.855 271.544 300.855 271.544 0.0485978 0.0262982 
500 0.28 2120000000 132.406 82.1976 -2465.49 152.407 6.39022e+06 509594 4.37092e+13 4.61216e+12 0.0754009 0.0425013 -0.744749 0.0411545 0.60307 0.0374477 0.38427 0.02962 0.76014 0.0382815 5.02995 0.423635 7.85707 2.33147 287.968 268.796 300.855 271.544 300.855 271.544 0.0485978 0.0262982 
500 0.28 2125000000 132.406 82.1976 -2465.49 152.407 6.39022e+06 509594 4.37092e+13 4.61216e+12 0.0754009 0.0425013 -0.744749 0.0411545 0.60307 0.0374477 0.38427 0.02962 0.76014 0.0382815 5.02995 0.423635 7.85707 2.33147 287.968 268.796 300.855 271.544 300.855 271.544 0.0485978 0.0262982 
500 0.28 2130000000 132.406 82.1976 -2465.49 152.407 6.39022e+06 509594 4.37092e+13 4.61216e+12 0.0754009 0.0425013 -0.744749 0.0411545 0.60307 0.0374477 0.38427 0.02962 0.76014 0.0382815 5.02995 0.423635 7.85707 2.33147 287.968 268.796 300.855 271.544 300.855 271.544 0.0485978 0.0262982 
500 0.28 2135000000 132.406 82.1976 -2465.49 152.407 6.39022e+06 509594 4.37092e+13 4.61216e+12 0.0754009 0.0425013 -0.744749 0.0411545 0.60307 0.0374477 0.38427 0.02962 0.76014 0.0382815 5.02995 0.423635 7.85707 2.33147 287.968 268.796 300.855 271.544 300.855 271.544 0.0485978 0.0262982 
500 0.28 2140000000 132.406 82.1976 -2465.49 152.407 6.39022e+06 509594 4.37092e+13 4.61216e+12 0.0754009 0.0425013 -0.744749 0.0411545 0.60307 0.0374477 0.38427 0.02962 0.76014 0.0382815 5.02995 0.423635 7.85707 2.33147 287.968 268.796 300.855 271.544 300.855 271.544 0.0485978 0.0262982 
500 0.28 2145000000 132.406 82.1976 -2465.49 152.407 6.39022e+06 509594 4.37092e+13 4.61216e+12 0.0754009 0.0425013 -0.744749 0.0411545 0.60307 0.0374477 0.38427 0.02962 0.76014 0.0382815 5.02995 0.423635 7.85707 2.33147 287.968 268.796 300.855 271.544 300.855 271.544 0.0485978 0.0262982 
500 0.28 2150000000 132.406 82.1976 -2465.49 152.407 6.39022e+06 509594 4.37092e+13 4.61216e+12 0.0754009 0.0425013 -0.744749 0.0411545 0.60307 0.0374477 0.38427 0.02962 0.76014 0.0382815 5.02995 0.423635 7.85707 2.33147 287.968 268.796 300.855 271.544 300.855 271.544 0.0485978 0.0262982 
500 0.28 2155000000 132.406 82.1976 -2465.49 152.407 6.39022e+06 509594 4.37092e+13 4.61216e+12 0.0754009 0.0425013 -0.744749 0.0411545 0.60307 0.0374477 0.38427 0.02962 0.76014 0.0382815 5.02995 0.423635 7.85707 2.33147 287.968 268.796 300.855 271.544 300.855 271.544 0.0485978 0.0262982 
500 0.28 2160000000 132.406 82.1976 -2465.49 152.407 6.39022e+06 509594 4.37092e+13 4.61216e+12 0.0754009 0.0425013 -0.744749 0.0411545 0.60307 0.0374477 0.38427 0.02962 0.76014 0.0382815 5.02995 0.423635 7.85707 2.33147 287.968 268.796 300.855 271.544 300.855 271.544 0.0485978 0.0262982 
500 0.28 2165000000 132.406 82.1976 -2465.49 152.407 6.39022e+06 509594 4.37092e+13 4.61216e+12 0.0754009 0.0425013 -0.744749 0.0411545 0.60307 0.0374477 0.38427 0.02962 0.76014 0.0382815 5.02995 0.423635 7.85707 2.33147 287.968 268.796 300.855 271.544 300.855 271.544 0.0485978 0.0262982 
500 0.28 2170000000 132.406 82.1976 -2465.49 152.407 6.39022e+06 509594 4.37092e+13 4.61216e+12 0.0754009 0.0425013 -0.744749 0.0411545 0.60307 0.0374477 0.38427 0.02962 0.76014 0.0382815 5.02995 0.423635 7.85707 2.33147 287.968 268.796 300.855 271.544 300.855 271.544 0.0485978 0.0262982 
500 0.28 2175000000 126.269 78.9251 -2464.49 152.407 6.36164e+06 509594 4.31413e+13 4.61216e+12 0.0891975 0.0425013 -0.744047 0.0405873 0.603326 0.0374477 0.383011 0.02962 0.761564 0.0382815 5.01358 0.423635 7.68491 2.25215 266.351 256.305 279.05 258.974 279.05 258.974 0.0458736 0.025212 
500 0.28 2180000000 126.269 78.9251 -2464.49 152.407 6.36164e+06 509594 4.31413e+13 4.61216e+12 0.0891975 0.0425013 -0.744047 0.0405873 0.603326 0.0374477 0.383011 0.02962 0.761564 0.0382815 5.01358 0.423635 7.68491 2.25215 266.351 256.305 279.05 258.974 279.05 258.974 0.0458736 0.025212 
500 0.28 2185000000 126.269 78.9251 -2464.49 152.407 6.36164e+06 509594 4.31413e+13 4.61216e+12 0.0891975 0.0425013 -0.744047 0.0405873 0.603326 0.0374477 0.383011 0.02962 0.761564 0.0382815 5.01358 0.423635 7.68491 2.25215 266.351 256.305 279.05 258.974 279.05 258.974 0.0458736 0.025212 
500 0.28 2190000000 126.269 78.9251 -2464.49 152.407 6.36164e+06 509594 4.31413e+13 4.61216e+12 0.0891975 0.0425013 -0.744047 0.0405873 0.603326 0.0374477 0.383011 0.02962 0.761564 0.0382815 5.01358 0.423635 7.68491 2.25215 266.351 256.305 279.05 258.974 279.05 258.974 0.0458736 0.025212 
500 0.28 2195000000 126.269 78.9251 -2464.49 152.407 6.36164e+06 509594 4.31413e+13 4.61216e+12 0.0891975 0.0425013 -0.744047 0.0405873 0.603326 0.0374477 0.383011 0.02962 0.761564 0.0382815 5.01358 0.423635 7.68491 2.25215 266.351 256.305 279.05 258.974 279.05 258.974 0.0458736 0.025212 
500 0.28 2200000000 126.269 78.9251 -2464.49 152.407 6.36164e+06 509594 4.31413e+13 4.61216e+12 0.0891975 0.0425013 -0.744047 0.0405873 0.603326 0.0374477 0.383011 0.02962 0.761564 0.0382815 5.01358 0.423635 7.68491 2.25215 266.351 256.305 279.05 258.974 279.05 258.974 0.0458736 0.025212 
500 0.28 2205000000 126.269 78.9251 -2464.49 152.407 6.36164e+06 509594 4.31413e+13 4.61216e+12 0.0891975 0.0425013 -0.744047 0.0405873 0.603326 0.0374477 0.383011 0.02962 0.761564 0.0382815 5.01358 0.423635 7.68491 2.25215 266.351 256.305 279.05 258.974 279.05 258.974 0.0458736 0.025212 
500 0.28 2210000000 126.269 78.9251 -2464.49 152.407 6.36164e+06 509594 4.31413e+13 4.61216e+12 0.0891975 0.0425013 -0.744047 0.0405873 0.603326 0.0374477 0.383011 0.02962 0.761564 0.0382815 5.01358 0.423635 7.68491 2.25215 266.351 256.305 279.05 258.974 279.05 258.974 0.0458736 0.025212 
500 0.28 2215000000 126.269 78.9251 -2464.49 152.407 6.36164e+06 509594 4.31413e+13 4.61216e+12 0.0891975 0.0425013 -0.744047 0.0405873 0.603326 0.0374477 0.383011 0.02962 0.761564 0.0382815 5.01358 0.423635 7.68491 2.25215 266.351 256.305 279.05 258.974 279.05 258.974 0.0458736 0.025212 
500 0.28 2220000000 126.269 78.9251 -2464.49 152.407 6.36164e+06 509594 4.31413e+13 4.61216e+12 0.0891975 0.0425013 -0.744047 0.0405873 0.603326 0.0374477 0.383011 0.02962 0.761564 0.0382815 5.01358 0.423635 7.68491 2.25215 266.351 256.305 279.05 258.974 279.05 258.974 0.0458736 0.025212 
500 0.28 2225000000 126.269 78.9251 -2464.49 152.407 6.36164e+06 509594 4.31413e+13 4.61216e+12 0.0891975 0.0425013 -0.744047 0.0405873 0.603326 0.0374477 0.383011 0.02962 0.761564 0.0382815 5.01358 0.423635 7.68491 2.25215 266.351 256.305 279.05 258.974 279.05 258.974 0.0458736 0.025212 
500 0.28 2230000000 126.269 78.9251 -2464.49 152.407 6.36164e+06 509594 4.31413e+13 4.61216e+12 0.0891975 0.0425013 -0.744047 0.0405873 0.603326 0.0374477 0.383011 0.02962 0.761564 0.0382815 5.01358 0.423635 7.68491 2.25215 266.351 256.305 279.05 258.974 279.05 258.974 0.0458736 0.025212 
500 0.28 2235000000 126.269 78.9251 -2464.49 152.407 6.36164e+06 509594 4.31413e+13 4.61216e+12 0.0891975 0.0425013 -0.744047 0.0405873 0.603326 0.0374477 0.383011 0.02962 0.761564 0.0382815 5.01358 0.423635 7.68491 2.25215 266.351 256.305 279.05 258.974 279.05 258.974 0.0458736 0.025212 
500 0.28 2240000000 126.269 78.9251 -2464.49 152.407 6.36164e+06 509594 4.31413e+13 4.61216e+12 0.0891975 0.0425013 -0.744047 0.0405873 0.603326 0.0374477 0.383011 0.02962 0.761564 0.0382815 5.01358 0.423635 7.68491 2.25215 266.351 256.305 279.05 258.974 279.05 258.974 0.0458736 0.025212 
500 0.28 2245000000 126.269 78.9251 -2464.49 152.407 6.36164e+06 509594 4.31413e+13 4.61216e+12 0.0891975 0.0425013 -0.744047 0.0405873 0.603326 0.0374477 0.383011 0.02962 0.761564 0.0382815 5.01358 0.423635 7.68491 2.25215 266.351 256.305 279.05 258.974 279.05 258.974 0.0458736 0.025212 
500 0.28 2250000000 126.269 78.9251 -2464.49 152.407 6.36164e+06 509594 4.31413e+13 4.61216e+12 0.0891975 0.0425013 -0.744047 0.0405873 0.603326 0.0374477 0.383011 0.02962 0.761564 0.0382815 5.01358 0.423635 7.68491 2.25215 266.351 256.305 279.05 258.974 279.05 258.974 0.0458736 0.025212 
500 0.28 2255000000 126.269 78.9251 -2464.49 152.407 6.36164e+06 509594 4.31413e+13 4.61216e+12 0.0891975 0.0425013 -0.744047 0.0405873 0.603326 0.0374477 0.383011 0.02962 0.761564 0.0382815 5.01358 0.423635 7.68491 2.25215 266.351 256.305 279.05 258.974 279.05 258.974 0.0458736 0.025212 
500 0.28 2260000000 126.269 78.9251 -2464.49 152.407 6.36164e+06 509594 4.31413e+13 4.61216e+12 0.0891975 0.0425013 -0.744047 0.0405873 0.603326 0.0374477 0.383011 0.02962 0.761564 0.0382815 5.01358 0.423635 7.68491 2.25215 266.351 256.305 279.05 258.974 279.05 258.974 0.0458736 0.025212 
500 0.28 2265000000 126.269 78.9251 -2464.49 152.407 6.36164e+06 509594 4.31413e+13 4.61216e+12 0.0891975 0.0425013 -0.744047 0.0405873 0.603326 0.0374477 0.383011 0.02962 0.761564 0.0382815 5.01358 0.423635 7.68491 2.25215 266.351 256.305 279.05 258.974 279.05 258.974 0.0458736 0.025212 
500 0.28 2270000000 126.269 78.9251 -2464.49 152.407 6.36164e+06 509594 4.31413e+13 4.61216e+12 0.0891975 0.0425013 -0.744047 0.0405873 0.603326 0.0374477 0.383011 0.02962 0.761564 0.0382815 5.01358 0.423635 7.68491 2.25215 266.351 256.305 279.05 258.974 279.05 258.974 0.0458736 0.025212 
500 0.28 2275000000 126.269 78.9251 -2464.49 152.407 6.36164e+06 509594 4.31413e+13 4.61216e+12 0.0891975 0.0425013 -0.744047 0.0405873 0.603326 0.0374477 0.383011 0.02962 0.761564 0.0382815 5.01358 0.423635 7.68491 2.25215 266.351 256.305 279.05 258.974 279.05 258.974 0.0458736 0.025212 
500 0.28 2280000000 126.269 78.9251 -2464.49 152.407 6.36164e+06 509594 4.31413e+13 4.61216e+12 0.0891975 0.0425013 -0.744047 0.0405873 0.603326 0.0374477 0.383011 0.02962 0.761564 0.0382815 5.01358 0.423635 7.68491 2.25215 266.351 256.305 279.05 258.974 279.05 258.974 0.0458736 0.025212 
500 0.28 2285000000 126.269 78.9251 -2464.49 152.407 6.36164e+06 509594 4.31413e+13 4.61216e+12 0.0891975 0.0425013 -0.744047 0.0405873 0.603326 0.0374477 0.383011 0.02962 0.761564 0.0382815 5.01358 0.423635 7.68491 2.25215 266.351 256.305 279.05 258.974 279.05 258.974 0.0458736 0.025212 
500 0.28 2290000000 126.269 78.9251 -2464.49 152.407 6.36164e+06 509594 4.31413e+13 4.61216e+12 0.0891975 0.0425013 -0.744047 0.0405873 0.603326 0.0374477 0.383011 0.02962 0.761564 0.0382815 5.01358 0.423635 7.68491 2.25215 266.351 256.305 279.05 258.974 279.05 258.974 0.0458736 0.025212 
500 0.28 2295000000 126.269 78.9251 -2464.49 152.407 6.36164e+06 509594 4.31413e+13 4.61216e+12 0.0891975 0.0425013 -0.744047 0.0405873 0.603326 0.0374477 0.383011 0.02962 0.761564 0.0382815 5.01358 0.423635 7.68491 2.25215 266.351 256.305 279.05 258.974 279.05 258.974 0.0458736 0.025212 
500 0.28 2300000000 126.269 78.9251 -2464.49 152.407 6.36164e+06 509594 4.31413e+13 4.61216e+12 0.0891975 0.0425013 -0.744047 0.0405873 0.603326 0.0374477 0.383011 0.02962 0.761564 0.0382815 5.01358 0.423635 7.68491 2.25215 266.351 256.305 279.05 258.974 279.05 258.974 0.0458736 0.025212 
500 0.28 2305000000 126.269 78.9251 -2464.49 152.407 6.36164e+06 509594 4.31413e+13 4.61216e+12 0.0891975 0.0425013 -0.744047 0.0405873 0.603326 0.0374477 0.383011 0.02962 0.761564 0.0382815 5.01358 0.423635 7.68491 2.25215 266.351 256.305 279.05 258.974 279.05 258.974 0.0458736 0.025212 
500 0.28 2310000000 126.269 78.9251 -2464.49 152.407 6.36164e+06 509594 4.31413e+13 4.61216e+12 0.0891975 0.0425013 -0.744047 0.0405873 0.603326 0.0374477 0.383011 0.02962 0.761564 0.0382815 5.01358 0.423635 7.68491 2.25215 266.351 256.305 279.05 258.974 279.05 258.974 0.0458736 0.025212 
500 0.28 2315000000 126.269 78.9251 -2464.49 152.407 6.36164e+06 509594 4.31413e+13 4.61216e+12 0.0891975 0.0425013 -0.744047 0.0405873 0.603326 0.0374477 0.383011 0.02962 0.761564 0.0382815 5.01358 0.423635 7.68491 2.25215 266.351 256.305 279.05 258.974 279.05 258.974 0.0458736 0.025212 
500 0.28 2320000000 126.269 78.9251 -2464.49 152.407 6.36164e+06 509594 4.31413e+13 4.61216e+12 0.0891975 0.0425013 -0.744047 0.0405873 0.603326 0.0374477 0.383011 0.02962 0.761564 0.0382815 5.01358 0.423635 7.68491 2.25215 266.351 256.305 279.05 258.974 279.05 258.974 0.0458736 0.025212 
500 0.28 2325000000 126.269 78.9251 -2464.49 152.407 6.36164e+06 509594 4.31413e+13 4.61216e+12 0.0891975 0.0425013 -0.744047 0.0405873 0.603326 0.0374477 0.383011 0.02962 0.761564 0.0382815 5.01358 0.423635 7.68491 2.25215 266.351 256.305 279.05 258.974 279.05 258.974 0.0458736 0.025212 
500 0.28 2330000000 126.269 78.9251 -2464.49 152.407 6.36164e+06 509594 4.31413e+13 4.61216e+12 0.0891975 0.0425013 -0.744047 0.0405873 0.603326 0.0374477 0.383011 0.02962 0.761564 0.0382815 5.01358 0.423635 7.68491 2.25215 266.351 256.305 279.05 258.974 279.05 258.974 0.0458736 0.025212 
500 0.28 2335000000 121.08 70.8442 -2465.3 130.635 6.34536e+06 438765 4.2754e+13 4.05097e+12 0.0985583 0.0422703 -0.744624 0.0352852 0.604124 0.0321129 0.382646 0.025433 0.763155 0.0329312 4.99735 0.364368 7.54368 2.00891 247.822 231.891 260.363 234.257 260.363 234.257 0.0434531 0.0227917 
500 0.28 2340000000 121.08 70.8442 -2465.3 130.635 6.34536e+06 438765 4.2754e+13 4.05097e+12 0.0985583 0.0422703 -0.744624 0.0352852 0.604124 0.0321129 0.382646 0.025433 0.763155 0.0329312 4.99735 0.364368 7.54368 2.00891 247.822 231.891 260.363 234.257 260.363 234.257 0.0434531 0.0227917 
500 0.28 2345000000 121.08 70.8442 -2465.3 130.635 6.34536e+06 438765 4.2754e+13 4.05097e+12 0.0985583 0.0422703 -0.744624 0.0352852 0.604124 0.0321129 0.382646 0.025433 0.763155 0.0329312 4.99735 0.364368 7.54368 2.00891 247.822 231.891 260.363 234.257 260.363 234.257 0.0434531 0.0227917 
500 0.28 2350000000 121.08 70.8442 -2465.3 130.635 6.34536e+06 438765 4.2754e+13 4.05097e+12 0.0985583 0.0422703 -0.744624 0.0352852 0.604124 0.0321129 0.382646 0.025433 0.763155 0.0329312 4.99735 0.364368 7.54368 2.00891 247.822 231.891 260.363 234.257 260.363 234.257 0.0434531 0.0227917 
500 0.28 2355000000 121.08 70.8442 -2465.3 130.635 6.34536e+06 438765 4.2754e+13 4.05097e+12 0.0985583 0.0422703 -0.744624 0.0352852 0.604124 0.0321129 0.382646 0.025433 0.763155 0.0329312 4.99735 0.364368 7.54368 2.00891 247.822 231.891 260.363 234.257 260.363 234.257 0.0434531 0.0227917 
500 0.28 2360000000 121.08 70.8442 -2465.3 130.635 6.34536e+06 438765 4.2754e+13 4.05097e+12 0.0985583 0.0422703 -0.744624 0.0352852 0.604124 0.0321129 0.382646 0.025433 0.763155 0.0329312 4.99735 0.364368 7.54368 2.00891 247.822 231.891 260.363 234.257 260.363 234.257 0.0434531 0.0227917 
500 0.28 2365000000 121.08 70.8442 -2465.3 130.635 6.34536e+06 438765 4.2754e+13 4.05097e+12 0.0985583 0.0422703 -0.744624 0.0352852 0.604124 0.0321129 0.382646 0.025433 0.763155 0.0329312 4.99735 0.364368 7.54368 2.00891 247.822 231.891 260.363 234.257 260.363 234.257 0.0434531 0.0227917 
500 0.28 2370000000 121.08 70.8442 -2465.3 130.635 6.34536e+06 438765 4.2754e+13 4.05097e+12 0.0985583 0.0422703 -0.744624 0.0352852 0.604124 0.0321129 0.382646 0.025433 0.763155 0.0329312 4.99735 0.364368 7.54368 2.00891 247.822 231.891 260.363 234.257 260.363 234.257 0.0434531 0.0227917 
500 0.28 2375000000 121.08 70.8442 -2465.3 130.635 6.34536e+06 438765 4.2754e+13 4.05097e+12 0.0985583 0.0422703 -0.744624 0.0352852 0.604124 0.0321129 0.382646 0.025433 0.763155 0.0329312 4.99735 0.364368 7.54368 2.00891 247.822 231.891 260.363 234.257 260.363 234.257 0.0434531 0.0227917 
500 0.28 2380000000 121.08 70.8442 -2465.3 130.635 6.34536e+06 438765 4.2754e+13 4.05097e+12 0.0985583 0.0422703 -0.744624 0.0352852 0.604124 0.0321129 0.382646 0.025433 0.763155 0.0329312 4.99735 0.364368 7.54368 2.00891 247.822 231.891 260.363 234.257 260.363 234.257 0.0434531 0.0227917 
500 0.28 2385000000 121.08 70.8442 -2465.3 130.635 6.34536e+06 438765 4.2754e+13 4.05097e+12 0.0985583 0.0422703 -0.744624 0.0352852 0.604124 0.0321129 0.382646 0.025433 0.763155 0.0329312 4.99735 0.364368 7.54368 2.00891 247.822 231.891 260.363 234.257 260.363 234.257 0.0434531 0.0227917 
500 0.28 2390000000 121.08 70.8442 -2465.3 130.635 6.34536e+06 438765 4.2754e+13 4.05097e+12 0.0985583 0.0422703 -0.744624 0.0352852 0.604124 0.0321129 0.382646 0.025433 0.763155 0.0329312 4.99735 0.364368 7.54368 2.00891 247.822 231.891 260.363 234.257 260.363 234.257 0.0434531 0.0227917 
500 0.28 2395000000 121.08 70.8442 -2465.3 130.635 6.34536e+06 438765 4.2754e+13 4.05097e+12 0.0985583 0.0422703 -0.744624 0.0352852 0.604124 0.0321129 0.382646 0.025433 0.763155 0.0329312 4.99735 0.364368 7.54368 2.00891 247.822 231.891 260.363 234.257 260.363 234.257 0.0434531 0.0227917 
500 0.28 2400000000 121.08 70.8442 -2465.3 130.635 6.34536e+06 438765 4.2754e+13 4.05097e+12 0.0985583 0.0422703 -0.744624 0.0352852 0.604124 0.0321129 0.382646 0.025433 0.763155 0.0329312 4.99735 0.364368 7.54368 2.00891 247.822 231.891 260.363 234.257 260.363 234.257 0.0434531 0.0227917 
500 0.28 2405000000 121.08 70.8442 -2465.3 130.635 6.34536e+06 438765 4.2754e+13 4.05097e+12 0.0985583 0.0422703 -0.744624 0.0352852 0.604124 0.0321129 0.382646 0.025433 0.763155 0.0329312 4.99735 0.364368 7.54368 2.00891 247.822 231.891 260.363 234.257 260.363 234.257 0.0434531 0.0227917 
500 0.28 2410000000 121.08 70.8442 -2465.3 130.635 6.34536e+06 438765 4.2754e+13 4.05097e+12 0.0985583 0.0422703 -0.744624 0.0352852 0.604124 0.0321129 0.382646 0.025433 0.763155 0.0329312 4.99735 0.364368 7.54368 2.00891 247.822 231.891 260.363 234.257 260.363 234.257 0.0434531 0.0227917 
500 0.28 2415000000 121.08 70.8442 -2465.3 130.635 6.34536e+06 438765 4.2754e+13 4.05097e+12 0.0985583 0.0422703 -0.744624 0.0352852 0.604124 0.0321129 0.382646 0.025433 0.763155 0.0329312 4.99735 0.364368 7.54368 2.00891 247.822 231.891 260.363 234.257 260.363 234.257 0.0434531 0.0227917 
500 0.28 2420000000 121.08 70.8442 -2465.3 130.635 6.34536e+06 438765 4.2754e+13 4.05097e+12 0.0985583 0.0422703 -0.744624 0.0352852 0.604124 0.0321129 0.382646 0.025433 0.763155 0.0329312 4.99735 0.364368 7.54368 2.00891 247.822 231.891 260.363 234.257 260.363 234.257 0.0434531 0.0227917 
500 0.28 2425000000 121.08 70.8442 -2465.3 130.635 6.34536e+06 438765 4.2754e+13 4.05097e+12 0.0985583 0.0422703 -0.744624 0.0352852 0.604124 0.0321129 0.382646 0.025433 0.763155 0.0329312 4.99735 0.364368 7.54368 2.00891 247.822 231.891 260.363 234.257 260.363 234.257 0.0434531 0.0227917 
500 0.28 2430000000 121.08 70.8442 -2465.3 130.635 6.34536e+06 438765 4.2754e+13 4.05097e+12 0.0985583 0.0422703 -0.744624 0.0352852 0.604124 0.0321129 0.382646 0.025433 0.763155 0.0329312 4.99735 0.364368 7.54368 2.00891 247.822 231.891 260.363 234.257 260.363 234.257 0.0434531 0.0227917 
500 0.28 2435000000 121.08 70.8442 -2465.3 130.635 6.34536e+06 438765 4.2754e+13 4.05097e+12 0.0985583 0.0422703 -0.744624 0.0352852 0.604124 0.0321129 0.382646 0.025433 0.763155 0.0329312 4.99735 0.364368 7.54368 2.00891 247.822 231.891 260.363 234.257 260.363 234.257 0.0434531 0.0227917 
500 0.28 2440000000 121.08 70.8442 -2465.3 130.635 6.34536e+06 438765 4.2754e+13 4.05097e+12 0.0985583 0.0422703 -0.744624 0.0352852 0.604124 0.0321129 0.382646 0.025433 0.763155 0.0329312 4.99735 0.364368 7.54368 2.00891 247.822 231.891 260.363 234.257 260.363 234.257 0.0434531 0.0227917 
500 0.28 2445000000 121.08 70.8442 -2465.3 130.635 6.34536e+06 438765 4.2754e+13 4.05097e+12 0.0985583 0.0422703 -0.744624 0.0352852 0.604124 0.0321129 0.382646 0.025433 0.763155 0.0329312 4.99735 0.364368 7.54368 2.00891 247.822 231.891 260.363 234.257 260.363 234.257 0.0434531 0.0227917 
500 0.28 2450000000 121.08 70.8442 -2465.3 130.635 6.34536e+06 438765 4.2754e+13 4.05097e+12 0.0985583 0.0422703 -0.744624 0.0352852 0.604124 0.0321129 0.382646 0.025433 0.763155 0.0329312 4.99735 0.364368 7.54368 2.00891 247.822 231.891 260.363 234.257 260.363 234.257 0.0434531 0.0227917 
500 0.28 2455000000 121.08 70.8442 -2465.3 130.635 6.34536e+06 438765 4.2754e+13 4.05097e+12 0.0985583 0.0422703 -0.744624 0.0352852 0.604124 0.0321129 0.382646 0.025433 0.763155 0.0329312 4.99735 0.364368 7.54368 2.00891 247.822 231.891 260.363 234.257 260.363 234.257 0.0434531 0.0227917 
500 0.28 2460000000 121.08 70.8442 -2465.3 130.635 6.34536e+06 438765 4.2754e+13 4.05097e+12 0.0985583 0.0422703 -0.744624 0.0352852 0.604124 0.0321129 0.382646 0.025433 0.763155 0.0329312 4.99735 0.364368 7.54368 2.00891 247.822 231.891 260.363 234.257 260.363 234.257 0.0434531 0.0227917 
500 0.28 2465000000 121.08 70.8442 -2465.3 130.635 6.34536e+06 438765 4.2754e+13 4.05097e+12 0.0985583 0.0422703 -0.744624 0.0352852 0.604124 0.0321129 0.382646 0.025433 0.763155 0.0329312 4.99735 0.364368 7.54368 2.00891 247.822 231.891 260.363 234.257 260.363 234.257 0.0434531 0.0227917 
500 0.28 2470000000 121.08 70.8442 -2465.3 130.635 6.34536e+06 438765 4.2754e+13 4.05097e+12 0.0985583 0.0422703 -0.744624 0.0352852 0.604124 0.0321129 0.382646 0.025433 0.763155 0.0329312 4.99735 0.364368 7.54368 2.00891 247.822 231.891 260.363 234.257 260.363 234.257 0.0434531 0.0227917 
500 0.28 2475000000 121.08 70.8442 -2465.3 130.635 6.34536e+06 438765 4.2754e+13 4.05097e+12 0.0985583 0.0422703 -0.744624 0.0352852 0.604124 0.0321129 0.382646 0.025433 0.763155 0.0329312 4.99735 0.364368 7.54368 2.00891 247.822 231.891 260.363 234.257 260.363 234.257 0.0434531 0.0227917 
500 0.28 2480000000 121.08 70.8442 -2465.3 130.635 6.34536e+06 438765 4.2754e+13 4.05097e+12 0.0985583 0.0422703 -0.744624 0.0352852 0.604124 0.0321129 0.382646 0.025433 0.763155 0.0329312 4.99735 0.364368 7.54368 2.00891 247.822 231.891 260.363 234.257 260.363 234.257 0.0434531 0.0227917 
500 0.28 2485000000 121.08 70.8442 -2465.3 130.635 6.34536e+06 438765 4.2754e+13 4.05097e+12 0.0985583 0.0422703 -0.744624 0.0352852 0.604124 0.0321129 0.382646 0.025433 0.763155 0.0329312 4.99735 0.364368 7.54368 2.00891 247.822 231.891 260.363 234.257 260.363 234.257 0.0434531 0.0227917 
500 0.28 2490000000 121.08 70.8442 -2465.3 130.635 6.34536e+06 438765 4.2754e+13 4.05097e+12 0.0985583 0.0422703 -0.744624 0.0352852 0.604124 0.0321129 0.382646 0.025433 0.763155 0.0329312 4.99735 0.364368 7.54368 2.00891 247.822 231.891 260.363 234.257 260.363 234.257 0.0434531 0.0227917 
500 0.28 2495000000 117.3 68.4579 -2469.06 130.635 6.3465e+06 438765 4.26082e+13 4.05097e+12 0.109156 0.0422703 -0.744476 0.0347893 0.605053 0.0321129 0.382622 0.025433 0.764684 0.0329312 4.95742 0.364368 7.40969 1.9521 231.795 222.812 244.162 225.121 244.162 225.121 0.0422594 0.0221289 
500 0.28 2500000000 117.3 68.4579 -2469.06 130.635 6.3465e+06 438765 4.26082e+13 4.05097e+12 0.109156 0.0422703 -0.744476 0.0347893 0.605053 0.0321129 0.382622 0.025433 0.764684 0.0329312 4.95742 0.364368 7.40969 1.9521 231.795 222.812 244.162 225.121 244.162 225.121 0.0422594 0.0221289 
500 0.28 2505000000 117.3 68.4579 -2469.06 130.635 6.3465e+06 438765 4.26082e+13 4.05097e+12 0.109156 0.0422703 -0.744476 0.0347893 0.605053 0.0321129 0.382622 0.025433 0.764684 0.0329312 4.95742 0.364368 7.40969 1.9521 231.795 222.812 244.162 225.121 244.162 225.121 0.0422594 0.0221289 
500 0.28 2510000000 117.3 68.4579 -2469.06 130.635 6.3465e+06 438765 4.26082e+13 4.05097e+12 0.109156 0.0422703 -0.744476 0.0347893 0.605053 0.0321129 0.382622 0.025433 0.764684 0.0329312 4.95742 0.364368 7.40969 1.9521 231.795 222.812 244.162 225.121 244.162 225.121 0.0422594 0.0221289 
500 0.28 2515000000 117.3 68.4579 -2469.06 130.635 6.3465e+06 438765 4.26082e+13 4.05097e+12 0.109156 0.0422703 -0.744476 0.0347893 0.605053 0.0321129 0.382622 0.025433 0.764684 0.0329312 4.95742 0.364368 7.40969 1.9521 231.795 222.812 244.162 225.121 244.162 225.121 0.0422594 0.0221289 
500 0.28 2520000000 117.3 68.4579 -2469.06 130.635 6.3465e+06 438765 4.26082e+13 4.05097e+12 0.109156 0.0422703 -0.744476 0.0347893 0.605053 0.0321129 0.382622 0.025433 0.764684 0.0329312 4.95742 0.364368 7.40969 1.9521 231.795 222.812 244.162 225.121 244.162 225.121 0.0422594 0.0221289 
500 0.28 2525000000 117.3 68.4579 -2469.06 130.635 6.3465e+06 438765 4.26082e+13 4.05097e+12 0.109156 0.0422703 -0.744476 0.0347893 0.605053 0.0321129 0.382622 0.025433 0.764684 0.0329312 4.95742 0.364368 7.40969 1.9521 231.795 222.812 244.162 225.121 244.162 225.121 0.0422594 0.0221289 
500 0.28 2530000000 117.3 68.4579 -2469.06 130.635 6.3465e+06 438765 4.26082e+13 4.05097e+12 0.109156 0.0422703 -0.744476 0.0347893 0.605053 0.0321129 0.382622 0.025433 0.764684 0.0329312 4.95742 0.364368 7.40969 1.9521 231.795 222.812 244.162 225.121 244.162 225.121 0.0422594 0.0221289 
500 0.28 2535000000 117.3 68.4579 -2469.06 130.635 6.3465e+06 438765 4.26082e+13 4.05097e+12 0.109156 0.0422703 -0.744476 0.0347893 0.605053 0.0321129 0.382622 0.025433 0.764684 0.0329312 4.95742 0.364368 7.40969 1.9521 231.795 222.812 244.162 225.121 244.162 225.121 0.0422594 0.0221289 
500 0.28 2540000000 117.3 68.4579 -2469.06 130.635 6.3465e+06 438765 4.26082e+13 4.05097e+12 0.109156 0.0422703 -0.744476 0.0347893 0.605053 0.0321129 0.382622 0.025433 0.764684 0.0329312 4.95742 0.364368 7.40969 1.9521 231.795 222.812 244.162 225.121 244.162 225.121 0.0422594 0.0221289 
500 0.28 2545000000 117.3 68.4579 -2469.06 130.635 6.3465e+06 438765 4.26082e+13 4.05097e+12 0.109156 0.0422703 -0.744476 0.0347893 0.605053 0.0321129 0.382622 0.025433 0.764684 0.0329312 4.95742 0.364368 7.40969 1.9521 231.795 222.812 244.162 225.121 244.162 225.121 0.0422594 0.0221289 
500 0.28 2550000000 117.3 68.4579 -2469.06 130.635 6.3465e+06 438765 4.26082e+13 4.05097e+12 0.109156 0.0422703 -0.744476 0.0347893 0.605053 0.0321129 0.382622 0.025433 0.764684 0.0329312 4.95742 0.364368 7.40969 1.9521 231.795 222.812 244.162 225.121 244.162 225.121 0.0422594 0.0221289 
500 0.28 2555000000 117.3 68.4579 -2469.06 130.635 6.3465e+06 438765 4.26082e+13 4.05097e+12 0.109156 0.0422703 -0.744476 0.0347893 0.605053 0.0321129 0.382622 0.025433 0.764684 0.0329312 4.95742 0.364368 7.40969 1.9521 231.795 222.812 244.162 225.121 244.162 225.121 0.0422594 0.0221289 
500 0.28 2560000000 117.3 68.4579 -2469.06 130.635 6.3465e+06 438765 4.26082e+13 4.05097e+12 0.109156 0.0422703 -0.744476 0.0347893 0.605053 0.0321129 0.382622 0.025433 0.764684 0.0329312 4.95742 0.364368 7.40969 1.9521 231.795 222.812 244.162 225.121 244.162 225.121 0.0422594 0.0221289 
500 0.28 2565000000 117.3 68.4579 -2469.06 130.635 6.3465e+06 438765 4.26082e+13 4.05097e+12 0.109156 0.0422703 -0.744476 0.0347893 0.605053 0.0321129 0.382622 0.025433 0.764684 0.0329312 4.95742 0.364368 7.40969 1.9521 231.795 222.812 244.162 225.121 244.162 225.121 0.0422594 0.0221289 
500 0.28 2570000000 117.3 68.4579 -2469.06 130.635 6.3465e+06 438765 4.26082e+13 4.05097e+12 0.109156 0.0422703 -0.744476 0.0347893 0.605053 0.0321129 0.382622 0.025433 0.764684 0.0329312 4.95742 0.364368 7.40969 1.9521 231.795 222.812 244.162 225.121 244.162 225.121 0.0422594 0.0221289 
500 0.28 2575000000 117.3 68.4579 -2469.06 130.635 6.3465e+06 438765 4.26082e+13 4.05097e+12 0.109156 0.0422703 -0.744476 0.0347893 0.605053 0.0321129 0.382622 0.025433 0.764684 0.0329312 4.95742 0.364368 7.40969 1.9521 231.795 222.812 244.162 225.121 244.162 225.121 0.0422594 0.0221289 
500 0.28 2580000000 117.3 68.4579 -2469.06 130.635 6.3465e+06 438765 4.26082e+13 4.05097e+12 0.109156 0.0422703 -0.744476 0.0347893 0.605053 0.0321129 0.382622 0.025433 0.764684 0.0329312 4.95742 0.364368 7.40969 1.9521 231.795 222.812 244.162 225.121 244.162 225.121 0.0422594 0.0221289 
500 0.28 2585000000 117.3 68.4579 -2469.06 130.635 6.3465e+06 438765 4.26082e+13 4.05097e+12 0.109156 0.0422703 -0.744476 0.0347893 0.605053 0.0321129 0.382622 0.025433 0.764684 0.0329312 4.95742 0.364368 7.40969 1.9521 231.795 222.812 244.162 225.121 244.162 225.121 0.0422594 0.0221289 
500 0.28 2590000000 117.3 68.4579 -2469.06 130.635 6.3465e+06 438765 4.26082e+13 4.05097e+12 0.109156 0.0422703 -0.744476 0.0347893 0.605053 0.0321129 0.382622 0.025433 0.764684 0.0329312 4.95742 0.364368 7.40969 1.9521 231.795 222.812 244.162 225.121 244.162 225.121 0.0422594 0.0221289 
500 0.28 2595000000 117.3 68.4579 -2469.06 130.635 6.3465e+06 438765 4.26082e+13 4.05097e+12 0.109156 0.0422703 -0.744476 0.0347893 0.605053 0.0321129 0.382622 0.025433 0.764684 0.0329312 4.95742 0.364368 7.40969 1.9521 231.795 222.812 244.162 225.121 244.162 225.121 0.0422594 0.0221289 
500 0.28 2600000000 117.3 68.4579 -2469.06 130.635 6.3465e+06 438765 4.26082e+13 4.05097e+12 0.109156 0.0422703 -0.744476 0.0347893 0.605053 0.0321129 0.382622 0.025433 0.764684 0.0329312 4.95742 0.364368 7.40969 1.9521 231.795 222.812 244.162 225.121 244.162 225.121 0.0422594 0.0221289 
500 0.28 2605000000 117.3 68.4579 -2469.06 130.635 6.3465e+06 438765 4.26082e+13 4.05097e+12 0.109156 0.0422703 -0.744476 0.0347893 0.605053 0.0321129 0.382622 0.025433 0.764684 0.0329312 4.95742 0.364368 7.40969 1.9521 231.795 222.812 244.162 225.121 244.162 225.121 0.0422594 0.0221289 
500 0.28 2610000000 117.3 68.4579 -2469.06 130.635 6.3465e+06 438765 4.26082e+13 4.05097e+12 0.109156 0.0422703 -0.744476 0.0347893 0.605053 0.0321129 0.382622 0.025433 0.764684 0.0329312 4.95742 0.364368 7.40969 1.9521 231.795 222.812 244.162 225.121 244.162 225.121 0.0422594 0.0221289 
500 0.28 2615000000 117.3 68.4579 -2469.06 130.635 6.3465e+06 438765 4.26082e+13 4.05097e+12 0.109156 0.0422703 -0.744476 0.0347893 0.605053 0.0321129 0.382622 0.025433 0.764684 0.0329312 4.95742 0.364368 7.40969 1.9521 231.795 222.812 244.162 225.121 244.162 225.121 0.0422594 0.0221289 
500 0.28 2620000000 117.3 68.4579 -2469.06 130.635 6.3465e+06 438765 4.26082e+13 4.05097e+12 0.109156 0.0422703 -0.744476 0.0347893 0.605053 0.0321129 0.382622 0.025433 0.764684 0.0329312 4.95742 0.364368 7.40969 1.9521 231.795 222.812 244.162 225.121 244.162 225.121 0.0422594 0.0221289 
500 0.28 2625000000 117.3 68.4579 -2469.06 130.635 6.3465e+06 438765 4.26082e+13 4.05097e+12 0.109156 0.0422703 -0.744476 0.0347893 0.605053 0.0321129 0.382622 0.025433 0.764684 0.0329312 4.95742 0.364368 7.40969 1.9521 231.795 222.812 244.162 225.121 244.162 225.121 0.0422594 0.0221289 
500 0.28 2630000000 117.3 68.4579 -2469.06 130.635 6.3465e+06 438765 4.26082e+13 4.05097e+12 0.109156 0.0422703 -0.744476 0.0347893 0.605053 0.0321129 0.382622 0.025433 0.764684 0.0329312 4.95742 0.364368 7.40969 1.9521 231.795 222.812 244.162 225.121 244.162 225.121 0.0422594 0.0221289 
500 0.28 2635000000 117.3 68.4579 -2469.06 130.635 6.3465e+06 438765 4.26082e+13 4.05097e+12 0.109156 0.0422703 -0.744476 0.0347893 0.605053 0.0321129 0.382622 0.025433 0.764684 0.0329312 4.95742 0.364368 7.40969 1.9521 231.795 222.812 244.162 225.121 244.162 225.121 0.0422594 0.0221289 
500 0.28 2640000000 117.3 68.4579 -2469.06 130.635 6.3465e+06 438765 4.26082e+13 4.05097e+12 0.109156 0.0422703 -0.744476 0.0347893 0.605053 0.0321129 0.382622 0.025433 0.764684 0.0329312 4.95742 0.364368 7.40969 1.9521 231.795 222.812 244.162 225.121 244.162 225.121 0.0422594 0.0221289 
500 0.28 2645000000 117.3 68.4579 -2469.06 130.635 6.3465e+06 438765 4.26082e+13 4.05097e+12 0.109156 0.0422703 -0.744476 0.0347893 0.605053 0.0321129 0.382622 0.025433 0.764684 0.0329312 4.95742 0.364368 7.40969 1.9521 231.795 222.812 244.162 225.121 244.162 225.121 0.0422594 0.0221289 
500 0.28 2650000000 117.3 68.4579 -2469.06 130.635 6.3465e+06 438765 4.26082e+13 4.05097e+12 0.109156 0.0422703 -0.744476 0.0347893 0.605053 0.0321129 0.382622 0.025433 0.764684 0.0329312 4.95742 0.364368 7.40969 1.9521 231.795 222.812 244.162 225.121 244.162 225.121 0.0422594 0.0221289 
500 0.28 2655000000 113.414 62.197 -2472.06 114.48 6.34598e+06 383920 4.24605e+13 3.55521e+12 0.116792 0.0407297 -0.74451 0.0308749 0.605305 0.0281205 0.381913 0.0222645 0.765663 0.0289102 4.92843 0.325274 7.28442 1.76615 217.754 203.877 229.967 205.958 229.967 205.958 0.0408724 0.0200171 
500 0.28 2660000000 113.414 62.197 -2472.06 114.48 6.34598e+06 383920 4.24605e+13 3.55521e+12 0.116792 0.0407297 -0.74451 0.0308749 0.605305 0.0281205 0.381913 0.0222645 0.765663 0.0289102 4.92843 0.325274 7.28442 1.76615 217.754 203.877 229.967 205.958 229.967 205.958 0.0408724 0.0200171 
500 0.28 2665000000 113.414 62.197 -2472.06 114.48 6.34598e+06 383920 4.24605e+13 3.55521e+12 0.116792 0.0407297 -0.74451 0.0308749 0.605305 0.0281205 0.381913 0.0222645 0.765663 0.0289102 4.92843 0.325274 7.28442 1.76615 217.754 203.877 229.967 205.958 229.967 205.958 0.0408724 0.0200171 
500 0.28 2670000000 113.414 62.197 -2472.06 114.48 6.34598e+06 383920 4.24605e+13 3.55521e+12 0.116792 0.0407297 -0.74451 0.0308749 0.605305 0.0281205 0.381913 0.0222645 0.765663 0.0289102 4.92843 0.325274 7.28442 1.76615 217.754 203.877 229.967 205.958 229.967 205.958 0.0408724 0.0200171 
500 0.28 2675000000 113.414 62.197 -2472.06 114.48 6.34598e+06 383920 4.24605e+13 3.55521e+12 0.116792 0.0407297 -0.74451 0.0308749 0.605305 0.0281205 0.381913 0.0222645 0.765663 0.0289102 4.92843 0.325274 7.28442 1.76615 217.754 203.877 229.967 205.958 229.967 205.958 0.0408724 0.0200171 
500 0.28 2680000000 113.414 62.197 -2472.06 114.48 6.34598e+06 383920 4.24605e+13 3.55521e+12 0.116792 0.0407297 -0.74451 0.0308749 0.605305 0.0281205 0.381913 0.0222645 0.765663 0.0289102 4.92843 0.325274 7.28442 1.76615 217.754 203.877 229.967 205.958 229.967 205.958 0.0408724 0.0200171 
500 0.28 2685000000 113.414 62.197 -2472.06 114.48 6.34598e+06 383920 4.24605e+13 3.55521e+12 0.116792 0.0407297 -0.74451 0.0308749 0.605305 0.0281205 0.381913 0.0222645 0.765663 0.0289102 4.92843 0.325274 7.28442 1.76615 217.754 203.877 229.967 205.958 229.967 205.958 0.0408724 0.0200171 
500 0.28 2690000000 113.414 62.197 -2472.06 114.48 6.34598e+06 383920 4.24605e+13 3.55521e+12 0.116792 0.0407297 -0.74451 0.0308749 0.605305 0.0281205 0.381913 0.0222645 0.765663 0.0289102 4.92843 0.325274 7.28442 1.76615 217.754 203.877 229.967 205.958 229.967 205.958 0.0408724 0.0200171 
500 0.28 2695000000 113.414 62.197 -2472.06 114.48 6.34598e+06 383920 4.24605e+13 3.55521e+12 0.116792 0.0407297 -0.74451 0.0308749 0.605305 0.0281205 0.381913 0.0222645 0.765663 0.0289102 4.92843 0.325274 7.28442 1.76615 217.754 203.877 229.967 205.958 229.967 205.958 0.0408724 0.0200171 
500 0.28 2700000000 113.414 62.197 -2472.06 114.48 6.34598e+06 383920 4.24605e+13 3.55521e+12 0.116792 0.0407297 -0.74451 0.0308749 0.605305 0.0281205 0.381913 0.0222645 0.765663 0.0289102 4.92843 0.325274 7.28442 1.76615 217.754 203.877 229.967 205.958 229.967 205.958 0.0408724 0.0200171 
500 0.28 2705000000 113.414 62.197 -2472.06 114.48 6.34598e+06 383920 4.24605e+13 3.55521e+12 0.116792 0.0407297 -0.74451 0.0308749 0.605305 0.0281205 0.381913 0.0222645 0.765663 0.0289102 4.92843 0.325274 7.28442 1.76615 217.754 203.877 229.967 205.958 229.967 205.958 0.0408724 0.0200171 
500 0.28 2710000000 113.414 62.197 -2472.06 114.48 6.34598e+06 383920 4.24605e+13 3.55521e+12 0.116792 0.0407297 -0.74451 0.0308749 0.605305 0.0281205 0.381913 0.0222645 0.765663 0.0289102 4.92843 0.325274 7.28442 1.76615 217.754 203.877 229.967 205.958 229.967 205.958 0.0408724 0.0200171 
500 0.28 2715000000 113.414 62.197 -2472.06 114.48 6.34598e+06 383920 4.24605e+13 3.55521e+12 0.116792 0.0407297 -0.74451 0.0308749 0.605305 0.0281205 0.381913 0.0222645 0.765663 0.0289102 4.92843 0.325274 7.28442 1.76615 217.754 203.877 229.967 205.958 229.967 205.958 0.0408724 0.0200171 
500 0.28 2720000000 113.414 62.197 -2472.06 114.48 6.34598e+06 383920 4.24605e+13 3.55521e+12 0.116792 0.0407297 -0.74451 0.0308749 0.605305 0.0281205 0.381913 0.0222645 0.765663 0.0289102 4.92843 0.325274 7.28442 1.76615 217.754 203.877 229.967 205.958 229.967 205.958 0.0408724 0.0200171 
500 0.28 2725000000 113.414 62.197 -2472.06 114.48 6.34598e+06 383920 4.24605e+13 3.55521e+12 0.116792 0.0407297 -0.74451 0.0308749 0.605305 0.0281205 0.381913 0.0222645 0.765663 0.0289102 4.92843 0.325274 7.28442 1.76615 217.754 203.877 229.967 205.958 229.967 205.958 0.0408724 0.0200171 
500 0.28 2730000000 113.414 62.197 -2472.06 114.48 6.34598e+06 383920 4.24605e+13 3.55521e+12 0.116792 0.0407297 -0.74451 0.0308749 0.605305 0.0281205 0.381913 0.0222645 0.765663 0.0289102 4.92843 0.325274 7.28442 1.76615 217.754 203.877 229.967 205.958 229.967 205.958 0.0408724 0.0200171 
500 0.28 2735000000 113.414 62.197 -2472.06 114.48 6.34598e+06 383920 4.24605e+13 3.55521e+12 0.116792 0.0407297 -0.74451 0.0308749 0.605305 0.0281205 0.381913 0.0222645 0.765663 0.0289102 4.92843 0.325274 7.28442 1.76615 217.754 203.877 229.967 205.958 229.967 205.958 0.0408724 0.0200171 
500 0.28 2740000000 113.414 62.197 -2472.06 114.48 6.34598e+06 383920 4.24605e+13 3.55521e+12 0.116792 0.0407297 -0.74451 0.0308749 0.605305 0.0281205 0.381913 0.0222645 0.765663 0.0289102 4.92843 0.325274 7.28442 1.76615 217.754 203.877 229.967 205.958 229.967 205.958 0.0408724 0.0200171 
500 0.28 2745000000 113.414 62.197 -2472.06 114.48 6.34598e+06 383920 4.24605e+13 3.55521e+12 0.116792 0.0407297 -0.74451 0.0308749 0.605305 0.0281205 0.381913 0.0222645 0.765663 0.0289102 4.92843 0.325274 7.28442 1.76615 217.754 203.877 229.967 205.958 229.967 205.958 0.0408724 0.0200171 
500 0.28 2750000000 113.414 62.197 -2472.06 114.48 6.34598e+06 383920 4.24605e+13 3.55521e+12 0.116792 0.0407297 -0.74451 0.0308749 0.605305 0.0281205 0.381913 0.0222645 0.765663 0.0289102 4.92843 0.325274 7.28442 1.76615 217.754 203.877 229.967 205.958 229.967 205.958 0.0408724 0.0200171 
500 0.28 2755000000 113.414 62.197 -2472.06 114.48 6.34598e+06 383920 4.24605e+13 3.55521e+12 0.116792 0.0407297 -0.74451 0.0308749 0.605305 0.0281205 0.381913 0.0222645 0.765663 0.0289102 4.92843 0.325274 7.28442 1.76615 217.754 203.877 229.967 205.958 229.967 205.958 0.0408724 0.0200171 
500 0.28 2760000000 113.414 62.197 -2472.06 114.48 6.34598e+06 383920 4.24605e+13 3.55521e+12 0.116792 0.0407297 -0.74451 0.0308749 0.605305 0.0281205 0.381913 0.0222645 0.765663 0.0289102 4.92843 0.325274 7.28442 1.76615 217.754 203.877 229.967 205.958 229.967 205.958 0.0408724 0.0200171 
500 0.28 2765000000 113.414 62.197 -2472.06 114.48 6.34598e+06 383920 4.24605e+13 3.55521e+12 0.116792 0.0407297 -0.74451 0.0308749 0.605305 0.0281205 0.381913 0.0222645 0.765663 0.0289102 4.92843 0.325274 7.28442 1.76615 217.754 203.877 229.967 205.958 229.967 205.958 0.0408724 0.0200171 
500 0.28 2770000000 113.414 62.197 -2472.06 114.48 6.34598e+06 383920 4.24605e+13 3.55521e+12 0.116792 0.0407297 -0.74451 0.0308749 0.605305 0.0281205 0.381913 0.0222645 0.765663 0.0289102 4.92843 0.325274 7.28442 1.76615 217.754 203.877 229.967 205.958 229.967 205.958 0.0408724 0.0200171 
500 0.28 2775000000 113.414 62.197 -2472.06 114.48 6.34598e+06 383920 4.24605e+13 3.55521e+12 0.116792 0.0407297 -0.74451 0.0308749 0.605305 0.0281205 0.381913 0.0222645 0.765663 0.0289102 4.92843 0.325274 7.28442 1.76615 217.754 203.877 229.967 205.958 229.967 205.958 0.0408724 0.0200171 
500 0.28 2780000000 113.414 62.197 -2472.06 114.48 6.34598e+06 383920 4.24605e+13 3.55521e+12 0.116792 0.0407297 -0.74451 0.0308749 0.605305 0.0281205 0.381913 0.0222645 0.765663 0.0289102 4.92843 0.325274 7.28442 1.76615 217.754 203.877 229.967 205.958 229.967 205.958 0.0408724 0.0200171 
500 0.28 2785000000 113.414 62.197 -2472.06 114.48 6.34598e+06 383920 4.24605e+13 3.55521e+12 0.116792 0.0407297 -0.74451 0.0308749 0.605305 0.0281205 0.381913 0.0222645 0.765663 0.0289102 4.92843 0.325274 7.28442 1.76615 217.754 203.877 229.967 205.958 229.967 205.958 0.0408724 0.0200171 
500 0.28 2790000000 113.414 62.197 -2472.06 114.48 6.34598e+06 383920 4.24605e+13 3.55521e+12 0.116792 0.0407297 -0.74451 0.0308749 0.605305 0.0281205 0.381913 0.0222645 0.765663 0.0289102 4.92843 0.325274 7.28442 1.76615 217.754 203.877 229.967 205.958 229.967 205.958 0.0408724 0.0200171 
500 0.28 2795000000 113.414 62.197 -2472.06 114.48 6.34598e+06 383920 4.24605e+13 3.55521e+12 0.116792 0.0407297 -0.74451 0.0308749 0.605305 0.0281205 0.381913 0.0222645 0.765663 0.0289102 4.92843 0.325274 7.28442 1.76615 217.754 203.877 229.967 205.958 229.967 205.958 0.0408724 0.0200171 
500 0.28 2800000000 113.414 62.197 -2472.06 114.48 6.34598e+06 383920 4.24605e+13 3.55521e+12 0.116792 0.0407297 -0.74451 0.0308749 0.605305 0.0281205 0.381913 0.0222645 0.765663 0.0289102 4.92843 0.325274 7.28442 1.76615 217.754 203.877 229.967 205.958 229.967 205.958 0.0408724 0.0200171 
500 0.28 2805000000 113.414 62.197 -2472.06 114.48 6.34598e+06 383920 4.24605e+13 3.55521e+12 0.116792 0.0407297 -0.74451 0.0308749 0.605305 0.0281205 0.381913 0.0222645 0.765663 0.0289102 4.92843 0.325274 7.28442 1.76615 217.754 203.877 229.967 205.958 229.967 205.958 0.0408724 0.0200171 
500 0.28 2810000000 113.414 62.197 -2472.06 114.48 6.34598e+06 383920 4.24605e+13 3.55521e+12 0.116792 0.0407297 -0.74451 0.0308749 0.605305 0.0281205 0.381913 0.0222645 0.765663 0.0289102 4.92843 0.325274 7.28442 1.76615 217.754 203.877 229.967 205.958 229.967 205.958 0.0408724 0.0200171 
500 0.28 2815000000 109.632 60.3284 -2477.57 114.48 6.36015e+06 383920 4.25203e+13 3.55521e+12 0.124584 0.0407297 -0.744535 0.0304408 0.606089 0.0281205 0.381975 0.0222645 0.766887 0.0289102 4.91097 0.325274 7.17321 1.72521 205.356 196.979 217.44 199.022 217.44 199.022 0.0394254 0.0195127 
500 0.28 2820000000 109.632 60.3284 -2477.57 114.48 6.36015e+06 383920 4.25203e+13 3.55521e+12 0.124584 0.0407297 -0.744535 0.0304408 0.606089 0.0281205 0.381975 0.0222645 0.766887 0.0289102 4.91097 0.325274 7.17321 1.72521 205.356 196.979 217.44 199.022 217.44 199.022 0.0394254 0.0195127 
500 0.28 2825000000 109.632 60.3284 -2477.57 114.48 6.36015e+06 383920 4.25203e+13 3.55521e+12 0.124584 0.0407297 -0.744535 0.0304408 0.606089 0.0281205 0.381975 0.0222645 0.766887 0.0289102 4.91097 0.325274 7.17321 1.72521 205.356 196.979 217.44 199.022 217.44 199.022 0.0394254 0.0195127 
500 0.28 2830000000 109.632 60.3284 -2477.57 114.48 6.36015e+06 383920 4.25203e+13 3.55521e+12 0.124584 0.0407297 -0.744535 0.0304408 0.606089 0.0281205 0.381975 0.0222645 0.766887 0.0289102 4.91097 0.325274 7.17321 1.72521 205.356 196.979 217.44 199.022 217.44 199.022 0.0394254 0.0195127 
500 0.28 2835000000 109.632 60.3284 -2477.57 114.48 6.36015e+06 383920 4.25203e+13 3.55521e+12 0.124584 0.0407297 -0.744535 0.0304408 0.606089 0.0281205 0.381975 0.0222645 0.766887 0.0289102 4.91097 0.325274 7.17321 1.72521 205.356 196.979 217.44 199.022 217.44 199.022 0.0394254 0.0195127 
500 0.28 2840000000 109.632 60.3284 -2477.57 114.48 6.36015e+06 383920 4.25203e+13 3.55521e+12 0.124584 0.0407297 -0.744535 0.0304408 0.606089 0.0281205 0.381975 0.0222645 0.766887 0.0289102 4.91097 0.325274 7.17321 1.72521 205.356 196.979 217.44 199.022 217.44 199.022 0.0394254 0.0195127 
500 0.28 2845000000 109.632 60.3284 -2477.57 114.48 6.36015e+06 383920 4.25203e+13 3.55521e+12 0.124584 0.0407297 -0.744535 0.0304408 0.606089 0.0281205 0.381975 0.0222645 0.766887 0.0289102 4.91097 0.325274 7.17321 1.72521 205.356 196.979 217.44 199.022 217.44 199.022 0.0394254 0.0195127 
500 0.28 2850000000 109.632 60.3284 -2477.57 114.48 6.36015e+06 383920 4.25203e+13 3.55521e+12 0.124584 0.0407297 -0.744535 0.0304408 0.606089 0.0281205 0.381975 0.0222645 0.766887 0.0289102 4.91097 0.325274 7.17321 1.72521 205.356 196.979 217.44 199.022 217.44 199.022 0.0394254 0.0195127 
500 0.28 2855000000 109.632 60.3284 -2477.57 114.48 6.36015e+06 383920 4.25203e+13 3.55521e+12 0.124584 0.0407297 -0.744535 0.0304408 0.606089 0.0281205 0.381975 0.0222645 0.766887 0.0289102 4.91097 0.325274 7.17321 1.72521 205.356 196.979 217.44 199.022 217.44 199.022 0.0394254 0.0195127 
500 0.28 2860000000 109.632 60.3284 -2477.57 114.48 6.36015e+06 383920 4.25203e+13 3.55521e+12 0.124584 0.0407297 -0.744535 0.0304408 0.606089 0.0281205 0.381975 0.0222645 0.766887 0.0289102 4.91097 0.325274 7.17321 1.72521 205.356 196.979 217.44 199.022 217.44 199.022 0.0394254 0.0195127 
500 0.28 2865000000 109.632 60.3284 -2477.57 114.48 6.36015e+06 383920 4.25203e+13 3.55521e+12 0.124584 0.0407297 -0.744535 0.0304408 0.606089 0.0281205 0.381975 0.0222645 0.766887 0.0289102 4.91097 0.325274 7.17321 1.72521 205.356 196.979 217.44 199.022 217.44 199.022 0.0394254 0.0195127 
500 0.28 2870000000 109.632 60.3284 -2477.57 114.48 6.36015e+06 383920 4.25203e+13 3.55521e+12 0.124584 0.0407297 -0.744535 0.0304408 0.606089 0.0281205 0.381975 0.0222645 0.766887 0.0289102 4.91097 0.325274 7.17321 1.72521 205.356 196.979 217.44 199.022 217.44 199.022 0.0394254 0.0195127 
500 0.28 2875000000 109.632 60.3284 -2477.57 114.48 6.36015e+06 383920 4.25203e+13 3.55521e+12 0.124584 0.0407297 -0.744535 0.0304408 0.606089 0.0281205 0.381975 0.0222645 0.766887 0.0289102 4.91097 0.325274 7.17321 1.72521 205.356 196.979 217.44 199.022 217.44 199.022 0.0394254 0.0195127 
500 0.28 2880000000 109.632 60.3284 -2477.57 114.48 6.36015e+06 383920 4.25203e+13 3.55521e+12 0.124584 0.0407297 -0.744535 0.0304408 0.606089 0.0281205 0.381975 0.0222645 0.766887 0.0289102 4.91097 0.325274 7.17321 1.72521 205.356 196.979 217.44 199.022 217.44 199.022 0.0394254 0.0195127 
500 0.28 2885000000 109.632 60.3284 -2477.57 114.48 6.36015e+06 383920 4.25203e+13 3.55521e+12 0.124584 0.0407297 -0.744535 0.0304408 0.606089 0.0281205 0.381975 0.0222645 0.766887 0.0289102 4.91097 0.325274 7.17321 1.72521 205.356 196.979 217.44 199.022 217.44 199.022 0.0394254 0.0195127 
500 0.28 2890000000 109.632 60.3284 -2477.57 114.48 6.36015e+06 383920 4.25203e+13 3.55521e+12 0.124584 0.0407297 -0.744535 0.0304408 0.606089 0.0281205 0.381975 0.0222645 0.766887 0.0289102 4.91097 0.325274 7.17321 1.72521 205.356 196.979 217.44 199.022 217.44 199.022 0.0394254 0.0195127 
500 0.28 2895000000 109.632 60.3284 -2477.57 114.48 6.36015e+06 383920 4.25203e+13 3.55521e+12 0.124584 0.0407297 -0.744535 0.0304408 0.606089 0.0281205 0.381975 0.0222645 0.766887 0.0289102 4.91097 0.325274 7.17321 1.72521 205.356 196.979 217.44 199.022 217.44 199.022 0.0394254 0.0195127 
500 0.28 2900000000 109.632 60.3284 -2477.57 114.48 6.36015e+06 383920 4.25203e+13 3.55521e+12 0.124584 0.0407297 -0.744535 0.0304408 0.606089 0.0281205 0.381975 0.0222645 0.766887 0.0289102 4.91097 0.325274 7.17321 1.72521 205.356 196.979 217.44 199.022 217.44 199.022 0.0394254 0.0195127 
500 0.28 2905000000 109.632 60.3284 -2477.57 114.48 6.36015e+06 383920 4.25203e+13 3.55521e+12 0.124584 0.0407297 -0.744535 0.0304408 0.606089 0.0281205 0.381975 0.0222645 0.766887 0.0289102 4.91097 0.325274 7.17321 1.72521 205.356 196.979 217.44 199.022 217.44 199.022 0.0394254 0.0195127 
500 0.28 2910000000 109.632 60.3284 -2477.57 114.48 6.36015e+06 383920 4.25203e+13 3.55521e+12 0.124584 0.0407297 -0.744535 0.0304408 0.606089 0.0281205 0.381975 0.0222645 0.766887 0.0289102 4.91097 0.325274 7.17321 1.72521 205.356 196.979 217.44 199.022 217.44 199.022 0.0394254 0.0195127 
500 0.28 2915000000 109.632 60.3284 -2477.57 114.48 6.36015e+06 383920 4.25203e+13 3.55521e+12 0.124584 0.0407297 -0.744535 0.0304408 0.606089 0.0281205 0.381975 0.0222645 0.766887 0.0289102 4.91097 0.325274 7.17321 1.72521 205.356 196.979 217.44 199.022 217.44 199.022 0.0394254 0.0195127 
500 0.28 2920000000 109.632 60.3284 -2477.57 114.48 6.36015e+06 383920 4.25203e+13 3.55521e+12 0.124584 0.0407297 -0.744535 0.0304408 0.606089 0.0281205 0.381975 0.0222645 0.766887 0.0289102 4.91097 0.325274 7.17321 1.72521 205.356 196.979 217.44 199.022 217.44 199.022 0.0394254 0.0195127 
500 0.28 2925000000 109.632 60.3284 -2477.57 114.48 6.36015e+06 383920 4.25203e+13 3.55521e+12 0.124584 0.0407297 -0.744535 0.0304408 0.606089 0.0281205 0.381975 0.0222645 0.766887 0.0289102 4.91097 0.325274 7.17321 1.72521 205.356 196.979 217.44 199.022 217.44 199.022 0.0394254 0.0195127 
500 0.28 2930000000 109.632 60.3284 -2477.57 114.48 6.36015e+06 383920 4.25203e+13 3.55521e+12 0.124584 0.0407297 -0.744535 0.0304408 0.606089 0.0281205 0.381975 0.0222645 0.766887 0.0289102 4.91097 0.325274 7.17321 1.72521 205.356 196.979 217.44 199.022 217.44 199.022 0.0394254 0.0195127 
500 0.28 2935000000 109.632 60.3284 -2477.57 114.48 6.36015e+06 383920 4.25203e+13 3.55521e+12 0.124584 0.0407297 -0.744535 0.0304408 0.606089 0.0281205 0.381975 0.0222645 0.766887 0.0289102 4.91097 0.325274 7.17321 1.72521 205.356 196.979 217.44 199.022 217.44 199.022 0.0394254 0.0195127 
500 0.28 2940000000 109.632 60.3284 -2477.57 114.48 6.36015e+06 383920 4.25203e+13 3.55521e+12 0.124584 0.0407297 -0.744535 0.0304408 0.606089 0.0281205 0.381975 0.0222645 0.766887 0.0289102 4.91097 0.325274 7.17321 1.72521 205.356 196.979 217.44 199.022 217.44 199.022 0.0394254 0.0195127 
500 0.28 2945000000 109.632 60.3284 -2477.57 114.48 6.36015e+06 383920 4.25203e+13 3.55521e+12 0.124584 0.0407297 -0.744535 0.0304408 0.606089 0.0281205 0.381975 0.0222645 0.766887 0.0289102 4.91097 0.325274 7.17321 1.72521 205.356 196.979 217.44 199.022 217.44 199.022 0.0394254 0.0195127 
500 0.28 2950000000 109.632 60.3284 -2477.57 114.48 6.36015e+06 383920 4.25203e+13 3.55521e+12 0.124584 0.0407297 -0.744535 0.0304408 0.606089 0.0281205 0.381975 0.0222645 0.766887 0.0289102 4.91097 0.325274 7.17321 1.72521 205.356 196.979 217.44 199.022 217.44 199.022 0.0394254 0.0195127 
500 0.28 2955000000 109.632 60.3284 -2477.57 114.48 6.36015e+06 383920 4.25203e+13 3.55521e+12 0.124584 0.0407297 -0.744535 0.0304408 0.606089 0.0281205 0.381975 0.0222645 0.766887 0.0289102 4.91097 0.325274 7.17321 1.72521 205.356 196.979 217.44 199.022 217.44 199.022 0.0394254 0.0195127 
500 0.28 2960000000 109.632 60.3284 -2477.57 114.48 6.36015e+06 383920 4.25203e+13 3.55521e+12 0.124584 0.0407297 -0.744535 0.0304408 0.606089 0.0281205 0.381975 0.0222645 0.766887 0.0289102 4.91097 0.325274 7.17321 1.72521 205.356 196.979 217.44 199.022 217.44 199.022 0.0394254 0.0195127 
500 0.28 2965000000 109.632 60.3284 -2477.57 114.48 6.36015e+06 383920 4.25203e+13 3.55521e+12 0.124584 0.0407297 -0.744535 0.0304408 0.606089 0.0281205 0.381975 0.0222645 0.766887 0.0289102 4.91097 0.325274 7.17321 1.72521 205.356 196.979 217.44 199.022 217.44 199.022 0.0394254 0.0195127 
500 0.28 2970000000 109.632 60.3284 -2477.57 114.48 6.36015e+06 383920 4.25203e+13 3.55521e+12 0.124584 0.0407297 -0.744535 0.0304408 0.606089 0.0281205 0.381975 0.0222645 0.766887 0.0289102 4.91097 0.325274 7.17321 1.72521 205.356 196.979 217.44 199.022 217.44 199.022 0.0394254 0.0195127 
500 0.28 2975000000 106.142 55.4985 -2483.11 102.292 6.37584e+06 342421 4.26101e+13 3.16333e+12 0.134221 0.0397588 -0.743309 0.0274702 0.606351 0.0250154 0.381482 0.0197948 0.767701 0.0257697 4.8981 0.290544 7.06548 1.5767 194.33 181.895 206.293 183.753 206.293 183.753 0.0380362 0.0178933 
500 0.28 2980000000 106.142 55.4985 -2483.11 102.292 6.37584e+06 342421 4.26101e+13 3.16333e+12 0.134221 0.0397588 -0.743309 0.0274702 0.606351 0.0250154 0.381482 0.0197948 0.767701 0.0257697 4.8981 0.290544 7.06548 1.5767 194.33 181.895 206.293 183.753 206.293 183.753 0.0380362 0.0178933 
500 0.28 2985000000 106.142 55.4985 -2483.11 102.292 6.37584e+06 342421 4.26101e+13 3.16333e+12 0.134221 0.0397588 -0.743309 0.0274702 0.606351 0.0250154 0.381482 0.0197948 0.767701 0.0257697 4.8981 0.290544 7.06548 1.5767 194.33 181.895 206.293 183.753 206.293 183.753 0.0380362 0.0178933 
500 0.28 2990000000 106.142 55.4985 -2483.11 102.292 6.37584e+06 342421 4.26101e+13 3.16333e+12 0.134221 0.0397588 -0.743309 0.0274702 0.606351 0.0250154 0.381482 0.0197948 0.767701 0.0257697 4.8981 0.290544 7.06548 1.5767 194.33 181.895 206.293 183.753 206.293 183.753 0.0380362 0.0178933 
500 0.28 2995000000 106.142 55.4985 -2483.11 102.292 6.37584e+06 342421 4.26101e+13 3.16333e+12 0.134221 0.0397588 -0.743309 0.0274702 0.606351 0.0250154 0.381482 0.0197948 0.767701 0.0257697 4.8981 0.290544 7.06548 1.5767 194.33 181.895 206.293 183.753 206.293 183.753 0.0380362 0.0178933 
500 0.28 3000000000 106.142 55.4985 -2483.11 102.292 6.37584e+06 342421 4.26101e+13 3.16333e+12 0.134221 0.0397588 -0.743309 0.0274702 0.606351 0.0250154 0.381482 0.0197948 0.767701 0.0257697 4.8981 0.290544 7.06548 1.5767 194.33 181.895 206.293 183.753 206.293 183.753 0.0380362 0.0178933 
500 0.28 3005000000 106.142 55.4985 -2483.11 102.292 6.37584e+06 342421 4.26101e+13 3.16333e+12 0.134221 0.0397588 -0.743309 0.0274702 0.606351 0.0250154 0.381482 0.0197948 0.767701 0.0257697 4.8981 0.290544 7.06548 1.5767 194.33 181.895 206.293 183.753 206.293 183.753 0.0380362 0.0178933 
500 0.28 3010000000 106.142 55.4985 -2483.11 102.292 6.37584e+06 342421 4.26101e+13 3.16333e+12 0.134221 0.0397588 -0.743309 0.0274702 0.606351 0.0250154 0.381482 0.0197948 0.767701 0.0257697 4.8981 0.290544 7.06548 1.5767 194.33 181.895 206.293 183.753 206.293 183.753 0.0380362 0.0178933 
500 0.28 3015000000 106.142 55.4985 -2483.11 102.292 6.37584e+06 342421 4.26101e+13 3.16333e+12 0.134221 0.0397588 -0.743309 0.0274702 0.606351 0.0250154 0.381482 0.0197948 0.767701 0.0257697 4.8981 0.290544 7.06548 1.5767 194.33 181.895 206.293 183.753 206.293 183.753 0.0380362 0.0178933 
500 0.28 3020000000 106.142 55.4985 -2483.11 102.292 6.37584e+06 342421 4.26101e+13 3.16333e+12 0.134221 0.0397588 -0.743309 0.0274702 0.606351 0.0250154 0.381482 0.0197948 0.767701 0.0257697 4.8981 0.290544 7.06548 1.5767 194.33 181.895 206.293 183.753 206.293 183.753 0.0380362 0.0178933 
500 0.28 3025000000 106.142 55.4985 -2483.11 102.292 6.37584e+06 342421 4.26101e+13 3.16333e+12 0.134221 0.0397588 -0.743309 0.0274702 0.606351 0.0250154 0.381482 0.0197948 0.767701 0.0257697 4.8981 0.290544 7.06548 1.5767 194.33 181.895 206.293 183.753 206.293 183.753 0.0380362 0.0178933 
500 0.28 3030000000 106.142 55.4985 -2483.11 102.292 6.37584e+06 342421 4.26101e+13 3.16333e+12 0.134221 0.0397588 -0.743309 0.0274702 0.606351 0.0250154 0.381482 0.0197948 0.767701 0.0257697 4.8981 0.290544 7.06548 1.5767 194.33 181.895 206.293 183.753 206.293 183.753 0.0380362 0.0178933 
500 0.28 3035000000 106.142 55.4985 -2483.11 102.292 6.37584e+06 342421 4.26101e+13 3.16333e+12 0.134221 0.0397588 -0.743309 0.0274702 0.606351 0.0250154 0.381482 0.0197948 0.767701 0.0257697 4.8981 0.290544 7.06548 1.5767 194.33 181.895 206.293 183.753 206.293 183.753 0.0380362 0.0178933 
500 0.28 3040000000 106.142 55.4985 -2483.11 102.292 6.37584e+06 342421 4.26101e+13 3.16333e+12 0.134221 0.0397588 -0.743309 0.0274702 0.606351 0.0250154 0.381482 0.0197948 0.767701 0.0257697 4.8981 0.290544 7.06548 1.5767 194.33 181.895 206.293 183.753 206.293 183.753 0.0380362 0.0178933 
500 0.28 3045000000 106.142 55.4985 -2483.11 102.292 6.37584e+06 342421 4.26101e+13 3.16333e+12 0.134221 0.0397588 -0.743309 0.0274702 0.606351 0.0250154 0.381482 0.0197948 0.767701 0.0257697 4.8981 0.290544 7.06548 1.5767 194.33 181.895 206.293 183.753 206.293 183.753 0.0380362 0.0178933 
500 0.28 3050000000 106.142 55.4985 -2483.11 102.292 6.37584e+06 342421 4.26101e+13 3.16333e+12 0.134221 0.0397588 -0.743309 0.0274702 0.606351 0.0250154 0.381482 0.0197948 0.767701 0.0257697 4.8981 0.290544 7.06548 1.5767 194.33 181.895 206.293 183.753 206.293 183.753 0.0380362 0.0178933 
500 0.28 3055000000 106.142 55.4985 -2483.11 102.292 6.37584e+06 342421 4.26101e+13 3.16333e+12 0.134221 0.0397588 -0.743309 0.0274702 0.606351 0.0250154 0.381482 0.0197948 0.767701 0.0257697 4.8981 0.290544 7.06548 1.5767 194.33 181.895 206.293 183.753 206.293 183.753 0.0380362 0.0178933 
500 0.28 3060000000 106.142 55.4985 -2483.11 102.292 6.37584e+06 342421 4.26101e+13 3.16333e+12 0.134221 0.0397588 -0.743309 0.0274702 0.606351 0.0250154 0.381482 0.0197948 0.767701 0.0257697 4.8981 0.290544 7.06548 1.5767 194.33 181.895 206.293 183.753 206.293 183.753 0.0380362 0.0178933 
500 0.28 3065000000 106.142 55.4985 -2483.11 102.292 6.37584e+06 342421 4.26101e+13 3.16333e+12 0.134221 0.0397588 -0.743309 0.0274702 0.606351 0.0250154 0.381482 0.0197948 0.767701 0.0257697 4.8981 0.290544 7.06548 1.5767 194.33 181.895 206.293 183.753 206.293 183.753 0.0380362 0.0178933 
500 0.28 3070000000 106.142 55.4985 -2483.11 102.292 6.37584e+06 342421 4.26101e+13 3.16333e+12 0.134221 0.0397588 -0.743309 0.0274702 0.606351 0.0250154 0.381482 0.0197948 0.767701 0.0257697 4.8981 0.290544 7.06548 1.5767 194.33 181.895 206.293 183.753 206.293 183.753 0.0380362 0.0178933 
500 0.28 3075000000 106.142 55.4985 -2483.11 102.292 6.37584e+06 342421 4.26101e+13 3.16333e+12 0.134221 0.0397588 -0.743309 0.0274702 0.606351 0.0250154 0.381482 0.0197948 0.767701 0.0257697 4.8981 0.290544 7.06548 1.5767 194.33 181.895 206.293 183.753 206.293 183.753 0.0380362 0.0178933 
500 0.28 3080000000 106.142 55.4985 -2483.11 102.292 6.37584e+06 342421 4.26101e+13 3.16333e+12 0.134221 0.0397588 -0.743309 0.0274702 0.606351 0.0250154 0.381482 0.0197948 0.767701 0.0257697 4.8981 0.290544 7.06548 1.5767 194.33 181.895 206.293 183.753 206.293 183.753 0.0380362 0.0178933 
500 0.28 3085000000 106.142 55.4985 -2483.11 102.292 6.37584e+06 342421 4.26101e+13 3.16333e+12 0.134221 0.0397588 -0.743309 0.0274702 0.606351 0.0250154 0.381482 0.0197948 0.767701 0.0257697 4.8981 0.290544 7.06548 1.5767 194.33 181.895 206.293 183.753 206.293 183.753 0.0380362 0.0178933 
500 0.28 3090000000 106.142 55.4985 -2483.11 102.292 6.37584e+06 342421 4.26101e+13 3.16333e+12 0.134221 0.0397588 -0.743309 0.0274702 0.606351 0.0250154 0.381482 0.0197948 0.767701 0.0257697 4.8981 0.290544 7.06548 1.5767 194.33 181.895 206.293 183.753 206.293 183.753 0.0380362 0.0178933 
500 0.28 3095000000 106.142 55.4985 -2483.11 102.292 6.37584e+06 342421 4.26101e+13 3.16333e+12 0.134221 0.0397588 -0.743309 0.0274702 0.606351 0.0250154 0.381482 0.0197948 0.767701 0.0257697 4.8981 0.290544 7.06548 1.5767 194.33 181.895 206.293 183.753 206.293 183.753 0.0380362 0.0178933 
500 0.28 3100000000 106.142 55.4985 -2483.11 102.292 6.37584e+06 342421 4.26101e+13 3.16333e+12 0.134221 0.0397588 -0.743309 0.0274702 0.606351 0.0250154 0.381482 0.0197948 0.767701 0.0257697 4.8981 0.290544 7.06548 1.5767 194.33 181.895 206.293 183.753 206.293 183.753 0.0380362 0.0178933 
500 0.28 3105000000 106.142 55.4985 -2483.11 102.292 6.37584e+06 342421 4.26101e+13 3.16333e+12 0.134221 0.0397588 -0.743309 0.0274702 0.606351 0.0250154 0.381482 0.0197948 0.767701 0.0257697 4.8981 0.290544 7.06548 1.5767 194.33 181.895 206.293 183.753 206.293 183.753 0.0380362 0.0178933 
