L J MC_steps R2 R2_std E E_std E2 E2_std E4 E4_std Sin1 Sin1_std Cos1 Cos1_std Mag2 Mag2_std Mag4 Mag4_std Mag1 Mag1_std eig1 eig1_std eig2 eig2_std eig3 eig3_std R_g_2_trace R_g_2_trace_std R_g_2_direct R_g_2_direct_std asphericity asphericity_std
300 0.29 36000000 91 0 -1068.22 0 1.1411e+06 0 1.30212e+12 0 -0.377571 0 0.633611 0 0.544022 0 0.29596 0 0.737579 0 3.41149 0 4.29232 0 7.12461 0 14.8284 0 14.8284 0 0.051357 0 
300 0.29 37800000 91 0 -1119.99 36.6068 1.25707e+06 81998.7 1.59366e+12 2.06156e+11 -0.373693 0.00274266 0.638896 0.00373714 0.547877 0.00272546 0.300184 0.00298644 0.740182 0.00184107 3.55897 0.104282 4.68652 0.278741 498.233 347.266 506.479 347.649 506.479 347.649 0.512561 0.32612 
300 0.29 39600000 69.6667 17.4186 -1125.23 24.7766 1.26799e+06 55388.8 1.61701e+12 1.38752e+11 -0.388936 0.0125799 0.627144 0.0099133 0.545351 0.0027488 0.29743 0.00300332 0.738472 0.00185954 3.49007 0.0894285 4.42003 0.286138 334.266 267.434 342.176 267.792 342.176 267.792 0.355396 0.25246 
300 0.29 41400000 59.5 15.754 -1143.08 24.1725 1.30898e+06 54641.7 1.72537e+12 1.4013e+11 -0.393251 0.0101479 0.632052 0.0085642 0.554842 0.00847397 0.308136 0.00954168 0.744791 0.00564787 3.50877 0.0689971 4.40598 0.214948 417.333 213.086 425.248 213.34 425.248 213.34 0.507809 0.230811 
300 0.29 43200000 50.2 15.1007 -1168.12 29.5836 1.36887e+06 69139.6 1.8977e+12 1.90595e+11 -0.384709 0.0111484 0.644684 0.013213 0.565112 0.0114167 0.320003 0.0130738 0.75155 0.00754705 3.45325 0.0742434 4.4042 0.171966 334.894 185.733 342.752 185.94 342.752 185.94 0.409652 0.204458 
300 0.29 45000000 47.6667 12.7947 -1173.41 25.1218 1.38067e+06 58614.8 1.92686e+12 1.61045e+11 -0.380641 0.0100047 0.650347 0.0121641 0.569327 0.0102627 0.324765 0.0117302 0.754354 0.00679036 3.42542 0.0668855 4.4457 0.148228 279.949 162.702 287.82 162.862 287.82 162.862 0.34423 0.180545 
300 0.29 46800000 47.2857 10.9725 -1166.77 22.3919 1.36487e+06 52328.2 1.88203e+12 1.44144e+11 -0.380565 0.00857575 0.650368 0.0104264 0.569084 0.00879946 0.324399 0.0100602 0.754219 0.00582165 3.45079 0.0619582 4.458 0.127562 240.756 144.102 248.664 144.226 248.664 144.226 0.297316 0.160732 
300 0.29 48600000 45 9.83616 -1173.56 20.5957 1.38063e+06 48103.9 1.92466e+12 1.3228e+11 -0.374008 0.00969164 0.655502 0.0103101 0.571167 0.00794232 0.326737 0.00907029 0.75561 0.00525739 3.45184 0.0542223 4.37141 0.137909 211.343 129.056 219.166 129.179 219.166 129.179 0.262838 0.144291 
300 0.29 50400000 45 8.74325 -1184.82 21.1634 1.40783e+06 49857.8 2.00436e+12 1.3954e+11 -0.368122 0.0102475 0.659175 0.00979692 0.571835 0.00708782 0.327447 0.00809024 0.756066 0.00469302 3.46522 0.0498218 4.4438 0.140305 206.647 114.802 214.556 114.908 214.556 114.908 0.32921 0.14271 
300 0.29 52200000 49 11.3666 -1188.31 20.9168 1.41583e+06 49396.7 2.02528e+12 1.38685e+11 -0.366829 0.0114507 0.660615 0.0108509 0.572637 0.00758907 0.328326 0.00867818 0.756608 0.00502018 3.47201 0.0502958 4.41891 0.128464 186.486 105.077 194.377 105.174 194.377 105.174 0.29733 0.131952 
300 0.29 54000000 50.6364 11.3666 -1192.98 20.9168 1.42682e+06 49396.7 2.05586e+12 1.38685e+11 -0.359474 0.0114507 0.663678 0.0108509 0.571835 0.00758907 0.327377 0.00867818 0.756087 0.00502018 3.47757 0.0502958 4.37595 0.123759 169.999 96.8094 177.853 96.9024 177.853 96.9024 0.271479 0.122463 
300 0.29 55800000 49.5 9.48317 -1194.21 18.2439 1.42948e+06 43009.1 2.06186e+12 1.20298e+11 -0.359215 0.0118052 0.663876 0.00951985 0.571734 0.00637766 0.32723 0.00730064 0.75603 0.00421667 3.49001 0.0450184 4.31823 0.127179 156.268 89.7104 164.077 89.8011 164.077 89.8011 0.250171 0.114096 
300 0.29 57600000 46.0769 9.48317 -1192.24 18.2439 1.42455e+06 43009.1 2.04667e+12 1.20298e+11 -0.354371 0.0118052 0.664989 0.00951985 0.569902 0.00637766 0.325152 0.00730064 0.754813 0.00421667 3.48635 0.0450184 4.26438 0.127456 144.68 83.5547 152.431 83.6451 152.431 83.6451 0.233029 0.106599 
300 0.29 59400000 43.7143 9.73467 -1189.87 16.1471 1.41876e+06 38177.9 2.02939e+12 1.07404e+11 -0.353451 0.0114398 0.666168 0.00843122 0.570698 0.00555017 0.326042 0.00635371 0.755345 0.00366946 3.50163 0.0400585 4.22773 0.137493 134.786 78.1701 142.515 78.2559 142.515 78.2559 0.218671 0.0999475 
300 0.29 61200000 43.1333 9.73467 -1196.48 16.1471 1.43494e+06 38177.9 2.07813e+12 1.07404e+11 -0.352531 0.0114398 0.668579 0.00843122 0.573228 0.00555017 0.329003 0.00635371 0.756999 0.00366946 3.44895 0.0616952 4.20978 0.137493 126.237 73.4247 133.896 73.512 133.896 73.512 0.208492 0.0938012 
300 0.29 63000000 42.25 8.62726 -1192.83 14.5187 1.42622e+06 34486.5 2.05312e+12 9.80946e+10 -0.349256 0.0107514 0.66741 0.00746831 0.569427 0.00613958 0.32485 0.00692308 0.754426 0.00409211 3.42735 0.0778214 4.27759 0.129029 118.707 69.2208 126.412 69.2974 126.412 69.2974 0.197339 0.0885992 
300 0.29 64800000 41.2353 8.62726 -1195.73 14.3977 1.43308e+06 34126.1 2.07237e+12 9.65635e+10 -0.348987 0.0107514 0.66814 0.00746831 0.570105 0.00581575 0.325595 0.00655575 0.754884 0.00387688 3.38437 0.0778214 4.26591 0.129029 112.06 65.4673 119.71 65.5444 119.71 65.5444 0.188305 0.0838467 
300 0.29 66600000 39.5556 8.07849 -1200.46 14.6815 1.44461e+06 34942.2 2.10679e+12 9.96385e+10 -0.349216 0.00955683 0.66881 0.0067683 0.571063 0.00557097 0.326672 0.00627934 0.755523 0.00371379 3.37204 0.0866298 4.2458 0.118544 106.102 62.1007 113.72 62.1761 113.72 62.1761 0.178656 0.0797418 
300 0.29 68400000 39.8421 8.07849 -1197.34 14.6815 1.43712e+06 34942.2 2.08518e+12 9.96385e+10 -0.346779 0.00955683 0.668425 0.0067683 0.568867 0.0056942 0.324226 0.00640756 0.754051 0.00379885 3.35794 0.0866298 4.23116 0.118544 100.867 59.0525 108.456 59.1261 108.456 59.1261 0.172096 0.0758143 
300 0.29 70200000 38.1 7.79025 -1198.33 14.206 1.43933e+06 33558 2.09063e+12 9.41119e+10 -0.346202 0.0117137 0.669066 0.00830719 0.569248 0.0054222 0.324631 0.00609998 0.754311 0.00361784 3.34742 0.0872057 4.20006 0.115174 96.1763 72.1516 103.724 72.2405 103.724 72.2405 0.167075 0.0831377 
300 0.29 72000000 38.1 7.79025 -1198.33 14.206 1.43933e+06 33558 2.09063e+12 9.41119e+10 -0.346202 0.0117137 0.669066 0.00830719 0.569248 0.00524753 0.324631 0.00590729 0.754311 0.0035001 3.34742 0.0872057 4.20006 0.115174 96.1763 72.1516 103.724 72.2405 103.724 72.2405 0.167075 0.0831377 
300 0.29 73800000 39.2727 7.79025 -1201.47 14.206 1.44669e+06 33558 2.11082e+12 9.41119e+10 -0.345713 0.0117137 0.66901 0.00830719 0.568749 0.00502886 0.324032 0.0056597 0.75399 0.00335466 3.35547 0.0872057 4.17935 0.10655 87.9057 72.1516 95.4405 72.2405 95.4405 72.2405 0.153361 0.0831377 
300 0.29 75600000 39.2727 7.79025 -1201.47 14.206 1.44669e+06 33558 2.11082e+12 9.41119e+10 -0.345713 0.0117137 0.66901 0.00830719 0.568749 0.004897 0.324032 0.00552206 0.75399 0.00326477 3.35547 0.0872057 4.17935 0.10655 87.9057 72.1516 95.4405 72.2405 95.4405 72.2405 0.153361 0.0831377 
300 0.29 77400000 38.5833 6.50685 -1206.72 14.0999 1.45938e+06 33420.5 2.14804e+12 9.4327e+10 -0.346558 0.00976684 0.66989 0.00696341 0.570403 0.00474456 0.325899 0.00534087 0.755091 0.00316459 3.34803 0.0726736 4.17053 0.0980351 80.9964 61.7025 88.515 61.7806 88.515 61.7806 0.14187 0.0730021 
300 0.29 79200000 38.5833 6.50685 -1206.72 14.0999 1.45938e+06 33420.5 2.14804e+12 9.4327e+10 -0.346558 0.00976684 0.66989 0.00696341 0.570403 0.00456703 0.325899 0.00514006 0.755091 0.00304645 3.34803 0.0726736 4.17053 0.0980351 80.9964 61.7025 88.515 61.7806 88.515 61.7806 0.14187 0.0730021 
300 0.29 81000000 37.0769 6.50685 -1203.56 14.0999 1.45207e+06 33420.5 2.12842e+12 9.4327e+10 -0.346106 0.00976684 0.668474 0.00696341 0.568161 0.00506931 0.323475 0.00565129 0.753565 0.00339832 3.32259 0.0726736 4.21566 0.100346 75.2062 61.7025 82.7445 61.7806 82.7445 61.7806 0.13351 0.0730021 
300 0.29 82800000 37.0769 6.50685 -1203.56 14.0999 1.45207e+06 33420.5 2.12842e+12 9.4327e+10 -0.346106 0.00976684 0.668474 0.00696341 0.568161 0.0048821 0.323475 0.00544304 0.753565 0.00327271 3.32259 0.0726736 4.21566 0.104201 75.2062 61.7025 82.7445 61.7806 82.7445 61.7806 0.13351 0.0730021 
300 0.29 84600000 39.2143 5.92313 -1209.93 12.6869 1.46783e+06 30485.2 2.1769e+12 8.87333e+10 -0.346634 0.00837187 0.66895 0.00603175 0.569099 0.00481165 0.324522 0.00537011 0.754194 0.0032238 3.34585 0.066866 4.24819 0.102617 76.0043 53.0894 83.5984 53.1501 83.5984 53.1501 0.154573 0.0636688 
300 0.29 86400000 39.2143 5.92313 -1209.93 12.6869 1.46783e+06 30485.2 2.1769e+12 8.87333e+10 -0.346634 0.00837187 0.66895 0.00603175 0.569099 0.00464616 0.324522 0.00518577 0.754194 0.00311283 3.34585 0.066866 4.24819 0.0996209 76.0043 53.0894 83.5984 53.1501 83.5984 53.1501 0.154573 0.0636688 
300 0.29 88200000 40.4 5.64569 -1211.43 12.4461 1.47127e+06 29696.3 2.18588e+12 8.51526e+10 -0.346369 0.00837187 0.668834 0.00603175 0.568686 0.00450443 0.324012 0.0050295 0.753932 0.00301731 3.33584 0.0631537 4.2335 0.0963857 71.2868 53.0894 78.8561 53.1501 78.8561 53.1501 0.145659 0.0636688 
300 0.29 90000000 40.4 5.64569 -1211.43 12.4461 1.47127e+06 29696.3 2.18588e+12 8.51526e+10 -0.346369 0.00837187 0.668834 0.00603175 0.568686 0.00438745 0.324012 0.00490142 0.753932 0.00293819 3.33584 0.0631537 4.2335 0.0946401 71.2868 53.0894 78.8561 53.1501 78.8561 53.1501 0.145659 0.0636688 
300 0.29 91800000 39.5625 5.35459 -1213.6 11.419 1.47639e+06 27308.6 2.2001e+12 7.92711e+10 -0.345287 0.00743298 0.669511 0.00530382 0.568805 0.00429459 0.324129 0.00479851 0.754016 0.00287572 3.33784 0.0592384 4.21675 0.0910907 67.1442 47.1868 74.6987 47.2456 74.6987 47.2456 0.137426 0.0579734 
300 0.29 93600000 39.5625 5.35459 -1213.6 11.419 1.47639e+06 27308.6 2.2001e+12 7.92711e+10 -0.345287 0.00743298 0.669511 0.00530382 0.568805 0.00416467 0.324129 0.00465356 0.754016 0.00278867 3.33784 0.0592384 4.21675 0.0885432 67.1442 47.1868 74.6987 47.2456 74.6987 47.2456 0.137426 0.0579734 
300 0.29 95400000 41.3529 5.33056 -1215.99 11.419 1.48212e+06 27188.1 2.21659e+12 7.7604e+10 -0.344802 0.00743298 0.669781 0.00530382 0.568758 0.00404218 0.324041 0.00451674 0.753995 0.00270665 3.34278 0.0559589 4.20847 0.0878785 63.4776 47.1868 71.0289 47.2456 71.0289 47.2456 0.129953 0.0579734 
300 0.29 97200000 41.3529 5.33056 -1215.99 11.419 1.48212e+06 27188.1 2.21659e+12 7.7604e+10 -0.344802 0.00743298 0.669781 0.00530382 0.568758 0.00392706 0.324041 0.00438793 0.753995 0.00262963 3.34278 0.0559589 4.20847 0.0878785 63.4776 47.1868 71.0289 47.2456 71.0289 47.2456 0.129953 0.0579734 
300 0.29 99000000 40.6111 5.08577 -1215.3 10.3724 1.48031e+06 24897 2.21069e+12 7.22933e+10 -0.345133 0.00660868 0.668827 0.00475837 0.567675 0.00397942 0.322825 0.00444406 0.753272 0.00266526 3.3151 0.0592999 4.2235 0.0827498 60.2544 42.4438 67.793 42.4977 67.793 42.4977 0.12456 0.0529401 
300 0.29 100800000 40.6111 5.08577 -1215.3 10.3724 1.48031e+06 24897 2.21069e+12 7.22933e+10 -0.345133 0.00660868 0.668827 0.00475837 0.567675 0.0039274 0.322825 0.00438785 0.753272 0.0026298 3.3151 0.0592999 4.2235 0.0816432 60.2544 42.4438 67.793 42.4977 67.793 42.4977 0.12456 0.0529401 
300 0.29 102600000 40.3158 4.82666 -1216.43 10.275 1.48295e+06 24449.3 2.21774e+12 6.96998e+10 -0.346788 0.00660868 0.667962 0.00475837 0.567684 0.00388189 0.322838 0.00433936 0.753278 0.0025986 3.29254 0.0603186 4.23921 0.0795187 57.3721 42.4438 64.9039 42.4977 64.9039 42.4977 0.119672 0.0529401 
300 0.29 104400000 40.3158 4.82666 -1216.43 10.275 1.48295e+06 24449.3 2.21774e+12 6.96998e+10 -0.346788 0.00660868 0.667962 0.00475837 0.567684 0.0038128 0.322838 0.00426252 0.753278 0.00255221 3.29254 0.0603186 4.23921 0.0788458 57.3721 42.4438 64.9039 42.4977 64.9039 42.4977 0.119672 0.0529401 
300 0.29 106200000 41.35 4.69482 -1218.25 10.7702 1.48731e+06 25778.2 2.23044e+12 7.42968e+10 -0.348898 0.00787213 0.667345 0.00450735 0.568457 0.00372819 0.3237 0.00416751 0.753796 0.00249569 3.27534 0.0687963 4.24141 0.0786879 63.0192 38.2894 70.536 38.3364 70.536 38.3364 0.137588 0.049223 
300 0.29 108000000 41.35 4.69482 -1218.25 10.7702 1.48731e+06 25778.2 2.23044e+12 7.42968e+10 -0.348898 0.00787213 0.667345 0.00450735 0.568457 0.00363868 0.3237 0.00406789 0.753796 0.00243565 3.27534 0.0687963 4.24141 0.0771091 63.0192 38.2894 70.536 38.3364 70.536 38.3364 0.137588 0.049223 
300 0.29 109800000 41.35 4.59031 -1218.25 10.7702 1.48731e+06 25778.2 2.23044e+12 7.42968e+10 -0.348898 0.00787213 0.667345 0.00450735 0.568457 0.00361627 0.3237 0.00404396 0.753796 0.00242026 3.27534 0.0687963 4.24141 0.075274 63.0192 38.2894 70.536 38.3364 70.536 38.3364 0.137588 0.049223 
300 0.29 111600000 41.35 4.59031 -1218.25 10.7702 1.48731e+06 25778.2 2.23044e+12 7.42968e+10 -0.348898 0.00787213 0.667345 0.00450735 0.568457 0.00355335 0.3237 0.00397366 0.753796 0.00237811 3.27534 0.0687963 4.24141 0.0735238 63.0192 38.2894 70.536 38.3364 70.536 38.3364 0.137588 0.049223 
300 0.29 113400000 39.6818 4.4212 -1218.73 10.7702 1.48821e+06 25778.2 2.23149e+12 7.42968e+10 -0.351875 0.00787213 0.665666 0.00439941 0.568357 0.00348505 0.323565 0.00389702 0.753736 0.00233247 3.25931 0.0687963 4.244 0.0720144 57.7566 35.1683 65.2599 35.2124 65.2599 35.2124 0.126964 0.0458805 
300 0.29 115200000 39.6818 4.4212 -1218.73 10.7702 1.48821e+06 25778.2 2.23149e+12 7.42968e+10 -0.351875 0.00787213 0.665666 0.00439941 0.568357 0.00345592 0.323565 0.0038668 0.753736 0.00231226 3.25931 0.0687963 4.244 0.0717087 57.7566 35.1683 65.2599 35.2124 65.2599 35.2124 0.126964 0.0458805 
300 0.29 117000000 39.6818 4.31945 -1218.73 10.7702 1.48821e+06 25778.2 2.23149e+12 7.42968e+10 -0.351875 0.00787213 0.665666 0.00439941 0.568357 0.00344785 0.323565 0.00386226 0.753736 0.00230553 3.25931 0.0687963 4.244 0.070477 57.7566 35.1683 65.2599 35.2124 65.2599 35.2124 0.126964 0.0458805 
300 0.29 118800000 39.6818 4.31945 -1218.73 10.7702 1.48821e+06 25778.2 2.23149e+12 7.42968e+10 -0.351875 0.00787213 0.665666 0.00439941 0.568357 0.00337452 0.323565 0.00378009 0.753736 0.00225651 3.25931 0.0687963 4.244 0.070477 57.7566 35.1683 65.2599 35.2124 65.2599 35.2124 0.126964 0.0458805 
300 0.29 120600000 38.2917 4.16728 -1218.96 8.99878 1.48862e+06 21515.1 2.2319e+12 6.19282e+10 -0.346629 0.00808806 0.668624 0.00492816 0.56907 0.00335167 0.32438 0.00375558 0.754208 0.00224087 3.27279 0.0573775 4.2709 0.0677823 53.3743 32.5095 60.918 32.5447 60.918 32.5447 0.117644 0.0429932 
300 0.29 122400000 38.2917 4.16728 -1218.96 8.99878 1.48862e+06 21515.1 2.2319e+12 6.19282e+10 -0.346629 0.00808806 0.668624 0.00492816 0.56907 0.00328556 0.32438 0.00368199 0.754208 0.00219653 3.27279 0.0573775 4.2709 0.0664443 53.3743 32.5095 60.918 32.5447 60.918 32.5447 0.117644 0.0429932 
300 0.29 124200000 38.2917 4.01512 -1218.96 8.99878 1.48862e+06 21515.1 2.2319e+12 6.19282e+10 -0.346629 0.00808806 0.668624 0.00492816 0.56907 0.00325085 0.32438 0.0036442 0.754208 0.00217297 3.27279 0.0573775 4.2709 0.065758 53.3743 32.5095 60.918 32.5447 60.918 32.5447 0.117644 0.0429932 
300 0.29 126000000 38.2917 4.01512 -1218.96 8.99878 1.48862e+06 21515.1 2.2319e+12 6.19282e+10 -0.346629 0.00808806 0.668624 0.00492816 0.56907 0.00338218 0.32438 0.00381678 0.754208 0.00225373 3.27279 0.0573775 4.2709 0.065758 53.3743 32.5095 60.918 32.5447 60.918 32.5447 0.117644 0.0429932 
300 0.29 127800000 38.8077 3.8642 -1221.29 8.99878 1.49442e+06 21515.1 2.25001e+12 6.19282e+10 -0.343682 0.007985 0.670856 0.00502895 0.570177 0.00336 0.325689 0.00380683 0.754928 0.00223846 3.27919 0.0573775 4.27018 0.0646065 49.6731 30.2187 57.2225 30.2503 57.2225 30.2503 0.109942 0.0403701 
300 0.29 129600000 38.8077 3.8642 -1221.29 8.99878 1.49442e+06 21515.1 2.25001e+12 6.19282e+10 -0.343682 0.007985 0.670856 0.00502895 0.570177 0.00335881 0.325689 0.00380683 0.754928 0.0022366 3.27919 0.0573775 4.27018 0.0646065 49.6731 30.2187 57.2225 30.2503 57.2225 30.2503 0.109942 0.0403701 
300 0.29 131400000 38.8077 4.91126 -1221.29 8.99878 1.49442e+06 21515.1 2.25001e+12 6.19282e+10 -0.343682 0.007985 0.670856 0.00502895 0.570177 0.00338784 0.325689 0.00386235 0.754928 0.00224592 3.27919 0.0573775 4.27018 0.0646065 49.6731 30.2187 57.2225 30.2503 57.2225 30.2503 0.109942 0.0403701 
300 0.29 133200000 38.8077 4.91126 -1221.29 8.99878 1.49442e+06 21515.1 2.25001e+12 6.19282e+10 -0.343682 0.007985 0.670856 0.00502895 0.570177 0.00338784 0.325689 0.00386235 0.754928 0.00224592 3.27919 0.0573775 4.27018 0.0646065 49.6731 30.2187 57.2225 30.2503 57.2225 30.2503 0.109942 0.0403701 
300 0.29 135000000 42.3214 4.81036 -1224.55 9.28763 1.50255e+06 22504.8 2.27547e+12 6.66725e+10 -0.338986 0.00921086 0.67468 0.00639731 0.572481 0.00348181 0.328353 0.00397827 0.756444 0.00230558 3.27622 0.0492827 4.28806 0.0603453 46.506 28.2257 54.0703 28.2533 54.0703 28.2533 0.103662 0.0379719 
300 0.29 136800000 42.3214 4.81036 -1224.55 9.28763 1.50255e+06 22504.8 2.27547e+12 6.66725e+10 -0.338986 0.00921086 0.67468 0.00639731 0.572481 0.00348181 0.328353 0.00397827 0.756444 0.00230558 3.27622 0.0492827 4.28806 0.0601188 46.506 28.2257 54.0703 28.2533 54.0703 28.2533 0.103662 0.0379719 
300 0.29 138600000 42.3214 4.81181 -1224.55 9.28763 1.50255e+06 22504.8 2.27547e+12 6.66725e+10 -0.338986 0.00921086 0.67468 0.00639731 0.572481 0.0033662 0.328353 0.00386433 0.756444 0.002229 3.27622 0.0492827 4.28806 0.0593877 46.506 28.2257 54.0703 28.2533 54.0703 28.2533 0.103662 0.0379719 
300 0.29 140400000 42.3214 4.81181 -1224.55 9.28763 1.50255e+06 22504.8 2.27547e+12 6.66725e+10 -0.338986 0.00921086 0.67468 0.00639731 0.572481 0.0033662 0.328353 0.00386433 0.756444 0.002229 3.27622 0.0492827 4.28806 0.0589426 46.506 28.2257 54.0703 28.2533 54.0703 28.2533 0.103662 0.0379719 
300 0.29 142200000 44.4 4.91397 -1224.86 9.28763 1.50319e+06 22504.8 2.27669e+12 6.66725e+10 -0.332381 0.010317 0.676944 0.00639731 0.5717 0.00338751 0.327467 0.00386912 0.755925 0.00224342 3.2738 0.0492827 4.29437 0.0576111 43.7881 26.4746 51.3563 26.4998 51.3563 26.4998 0.0986948 0.0357638 
300 0.29 144000000 44.4 4.91397 -1224.86 9.28763 1.50319e+06 22504.8 2.27669e+12 6.66725e+10 -0.332381 0.010317 0.676944 0.00639731 0.5717 0.00338751 0.327467 0.00386912 0.755925 0.00224342 3.2738 0.0492827 4.29437 0.0576111 43.7881 26.4746 51.3563 26.4998 51.3563 26.4998 0.0986948 0.0357638 
300 0.29 145800000 44.4 4.91397 -1224.86 9.28763 1.50319e+06 22504.8 2.27669e+12 6.66725e+10 -0.332381 0.010317 0.676944 0.00639731 0.5717 0.00333444 0.327467 0.00386433 0.755925 0.00219226 3.2738 0.0492827 4.29437 0.0576111 43.7881 26.4746 51.3563 26.4998 51.3563 26.4998 0.0986948 0.0357638 
300 0.29 147600000 44.4 4.91397 -1224.86 9.28763 1.50319e+06 22504.8 2.27669e+12 6.66725e+10 -0.332381 0.010317 0.676944 0.00639731 0.5717 0.00333444 0.327467 0.00386433 0.755925 0.00219226 3.2738 0.0492827 4.29437 0.0576111 43.7881 26.4746 51.3563 26.4998 51.3563 26.4998 0.0986948 0.0357638 
300 0.29 149400000 44.6875 4.7555 -1223.66 8.16922 1.5001e+06 19825.2 2.26651e+12 5.89372e+10 -0.32842 0.012753 0.678329 0.00655626 0.571052 0.00320955 0.326698 0.00371853 0.755505 0.00212336 3.29307 0.045914 4.30269 0.0540002 41.3636 24.9307 48.9594 24.9517 48.9594 24.9517 0.0931073 0.0339622 
300 0.29 151200000 44.6875 4.7555 -1223.66 8.16922 1.5001e+06 19825.2 2.26651e+12 5.89372e+10 -0.32842 0.012753 0.678329 0.00655626 0.571052 0.00320955 0.326698 0.00371853 0.755505 0.00212336 3.29307 0.045914 4.30269 0.0535795 41.3636 24.9307 48.9594 24.9517 48.9594 24.9517 0.0931073 0.0339622 
300 0.29 153000000 44.6875 4.7555 -1223.66 8.16922 1.5001e+06 19825.2 2.26651e+12 5.89372e+10 -0.32842 0.012753 0.678329 0.00655626 0.571052 0.00320955 0.326698 0.00371853 0.755505 0.00211005 3.29307 0.045914 4.30269 0.0532072 41.3636 24.9307 48.9594 24.9517 48.9594 24.9517 0.0931073 0.0339622 
300 0.29 154800000 44.6875 4.7555 -1223.66 8.16922 1.5001e+06 19825.2 2.26651e+12 5.89372e+10 -0.32842 0.012753 0.678329 0.00655626 0.571052 0.00320955 0.326698 0.00371853 0.755505 0.00212887 3.29307 0.045914 4.30269 0.0538333 41.3636 24.9307 48.9594 24.9517 48.9594 24.9517 0.0931073 0.0339622 
300 0.29 156600000 43.7647 4.7555 -1216.9 9.29053 1.48445e+06 21946.3 2.22421e+12 6.1971e+10 -0.319627 0.0129875 0.679669 0.00655626 0.568388 0.00383326 0.323798 0.00429575 0.753698 0.00256422 3.30446 0.045914 4.32284 0.0536295 65.2468 32.9761 72.8741 33.0117 72.8741 33.0117 0.116937 0.0394487 
300 0.29 158400000 43.7647 4.7555 -1216.9 9.29053 1.48445e+06 21946.3 2.22421e+12 6.1971e+10 -0.319627 0.0129875 0.679669 0.00655626 0.568388 0.00383326 0.323798 0.00429575 0.753698 0.00256422 3.30446 0.045914 4.32284 0.05354 65.2468 32.9761 72.8741 33.0117 72.8741 33.0117 0.116937 0.0394487 
300 0.29 160200000 43.7647 4.7555 -1216.9 9.29053 1.48445e+06 21946.3 2.22421e+12 6.1971e+10 -0.319627 0.0129875 0.679669 0.00655626 0.568388 0.00385293 0.323798 0.00431324 0.753698 0.00257866 3.30446 0.045914 4.32284 0.0542553 65.2468 32.9761 72.8741 33.0117 72.8741 33.0117 0.116937 0.0430931 
300 0.29 162000000 43.7647 4.7555 -1216.9 9.29053 1.48445e+06 21946.3 2.22421e+12 6.1971e+10 -0.319627 0.0129875 0.679669 0.00655626 0.568388 0.00385293 0.323798 0.00431324 0.753698 0.00257866 3.30446 0.045914 4.32284 0.0549755 65.2468 32.9761 72.8741 33.0117 72.8741 33.0117 0.116937 0.0430931 
300 0.29 163800000 44.3611 4.23829 -1211.58 13.504 1.47186e+06 31928.6 2.18871e+12 9.01439e+10 -0.309405 0.021211 0.681488 0.00654458 0.566039 0.00552042 0.321187 0.00615809 0.752121 0.00370036 3.32323 0.0497407 4.35111 0.0651129 82.2677 43.7526 89.942 43.8288 89.942 43.8288 0.150492 0.0599133 
300 0.29 165600000 44.3611 4.23829 -1211.58 13.504 1.47186e+06 31928.6 2.18871e+12 9.01439e+10 -0.309405 0.021211 0.681488 0.00654458 0.566039 0.00552042 0.321187 0.00615809 0.752121 0.00370036 3.32323 0.0497407 4.35111 0.0651129 82.2677 43.7526 89.942 43.8288 89.942 43.8288 0.150492 0.0599133 
300 0.29 167400000 44.3611 4.23829 -1211.58 13.504 1.47186e+06 31928.6 2.18871e+12 9.01439e+10 -0.309405 0.021211 0.681488 0.00654458 0.566039 0.00552042 0.321187 0.00615809 0.752121 0.00370036 3.32323 0.0497407 4.35111 0.0651129 82.2677 43.7526 89.942 43.8288 89.942 43.8288 0.150492 0.0599133 
300 0.29 169200000 44.3611 4.23829 -1211.58 13.504 1.47186e+06 31928.6 2.18871e+12 9.01439e+10 -0.309405 0.021211 0.681488 0.00654458 0.566039 0.00552042 0.321187 0.00615809 0.752121 0.00370036 3.32323 0.0497407 4.35111 0.0651129 82.2677 43.7526 89.942 43.8288 89.942 43.8288 0.150492 0.0599133 
300 0.29 171000000 45.3947 4.23829 -1214.36 13.504 1.47868e+06 31928.6 2.20939e+12 9.01439e+10 -0.301304 0.021211 0.684672 0.00654458 0.566584 0.00552042 0.321818 0.00615809 0.75248 0.00370036 3.33952 0.0497407 4.332 0.0651129 78.2033 43.7526 85.8748 43.8288 85.8748 43.8288 0.143156 0.0599133 
300 0.29 172800000 45.3947 4.23829 -1214.36 13.504 1.47868e+06 31928.6 2.20939e+12 9.01439e+10 -0.301304 0.021211 0.684672 0.00654458 0.566584 0.00552042 0.321818 0.00615809 0.75248 0.00370036 3.33952 0.0497407 4.332 0.0651129 78.2033 43.7526 85.8748 43.8288 85.8748 43.8288 0.143156 0.0599133 
300 0.29 174600000 45.3947 4.23829 -1214.36 13.504 1.47868e+06 31928.6 2.20939e+12 9.01439e+10 -0.301304 0.021211 0.684672 0.00654458 0.566584 0.00552042 0.321818 0.00615809 0.75248 0.00370036 3.33952 0.0497407 4.332 0.0651129 78.2033 43.7526 85.8748 43.8288 85.8748 43.8288 0.143156 0.0599133 
300 0.29 176400000 45.3947 4.23829 -1214.36 13.504 1.47868e+06 31928.6 2.20939e+12 9.01439e+10 -0.301304 0.021211 0.684672 0.00654458 0.566584 0.00552042 0.321818 0.00615809 0.75248 0.00370036 3.33952 0.0497407 4.332 0.0651129 78.2033 43.7526 85.8748 43.8288 85.8748 43.8288 0.143156 0.0599133 
300 0.29 178200000 46.15 4.72353 -1213.2 12.2508 1.47608e+06 29014 2.2029e+12 8.22399e+10 -0.292682 0.0343893 0.686799 0.0101557 0.565653 0.00502481 0.320784 0.0055555 0.751855 0.0033889 3.33048 0.0545272 4.3317 0.0614269 74.5933 40.0447 82.2555 40.1143 82.2555 40.1143 0.137916 0.055226 
300 0.29 180000000 46.15 4.72353 -1213.2 12.2508 1.47608e+06 29014 2.2029e+12 8.22399e+10 -0.292682 0.0343893 0.686799 0.0101557 0.565653 0.00502481 0.320784 0.0055555 0.751855 0.0033889 3.33048 0.0545272 4.3317 0.0614269 74.5933 40.0447 82.2555 40.1143 82.2555 40.1143 0.137916 0.055226 
300 0.29 181800000 46.15 4.72353 -1213.2 12.2508 1.47608e+06 29014 2.2029e+12 8.22399e+10 -0.292682 0.0343893 0.686799 0.0101557 0.565653 0.00502481 0.320784 0.0055555 0.751855 0.0033889 3.33048 0.0545272 4.3317 0.0614269 74.5933 40.0447 82.2555 40.1143 82.2555 40.1143 0.137916 0.055226 
300 0.29 183600000 46.15 4.72353 -1213.2 12.2508 1.47608e+06 29014 2.2029e+12 8.22399e+10 -0.292682 0.0343893 0.686799 0.0101557 0.565653 0.00502481 0.320784 0.0055555 0.751855 0.0033889 3.33048 0.0545272 4.3317 0.0614269 74.5933 40.0447 82.2555 40.1143 82.2555 40.1143 0.137916 0.055226 
300 0.29 185400000 46.15 4.72353 -1213.2 12.2508 1.47608e+06 29014 2.2029e+12 8.22399e+10 -0.292682 0.0343893 0.686799 0.0101557 0.565653 0.00502481 0.320784 0.0055555 0.751855 0.0033889 3.33048 0.0545272 4.3317 0.0614269 74.5933 40.0447 82.2555 40.1143 82.2555 40.1143 0.137916 0.055226 
300 0.29 187200000 46.15 4.72353 -1213.2 12.2508 1.47608e+06 29014 2.2029e+12 8.22399e+10 -0.292682 0.0343893 0.686799 0.0101557 0.565653 0.00502481 0.320784 0.0055555 0.751855 0.0033889 3.33048 0.0545272 4.3317 0.0614269 74.5933 40.0447 82.2555 40.1143 82.2555 40.1143 0.137916 0.055226 
300 0.29 189000000 46.15 4.72353 -1213.2 12.2508 1.47608e+06 29014 2.2029e+12 8.22399e+10 -0.292682 0.0343893 0.686799 0.0101557 0.565653 0.00502481 0.320784 0.0055555 0.751855 0.0033889 3.33048 0.0545272 4.3317 0.0614269 74.5933 40.0447 82.2555 40.1143 82.2555 40.1143 0.137916 0.055226 
300 0.29 190800000 46.15 4.72353 -1213.2 12.2508 1.47608e+06 29014 2.2029e+12 8.22399e+10 -0.292682 0.0343893 0.686799 0.0101557 0.565653 0.00502481 0.320784 0.0055555 0.751855 0.0033889 3.33048 0.0545272 4.3317 0.0614269 74.5933 40.0447 82.2555 40.1143 82.2555 40.1143 0.137916 0.055226 
300 0.29 192600000 48.0455 4.72353 -1208.15 12.1356 1.46412e+06 28738.8 2.16916e+12 8.13917e+10 -0.268596 0.0343893 0.690911 0.0101557 0.563189 0.00510192 0.31808 0.00567033 0.75019 0.00342617 3.38341 0.0651372 4.3944 0.0818097 132.998 66.5304 140.776 66.6573 140.776 66.6573 0.19073 0.071108 
300 0.29 194400000 48.0455 4.72353 -1208.15 12.1356 1.46412e+06 28738.8 2.16916e+12 8.13917e+10 -0.268596 0.0343893 0.690911 0.0101557 0.563189 0.00510192 0.31808 0.00567033 0.75019 0.00342617 3.38341 0.0651372 4.3944 0.0818097 132.998 66.5304 140.776 66.6573 140.776 66.6573 0.19073 0.071108 
300 0.29 196200000 48.0455 4.72353 -1208.15 12.1356 1.46412e+06 28738.8 2.16916e+12 8.13917e+10 -0.268596 0.0343893 0.690911 0.0101557 0.563189 0.00510192 0.31808 0.00567033 0.75019 0.00342617 3.38341 0.0651372 4.3944 0.0818097 132.998 84.9264 140.776 84.9771 140.776 84.9771 0.19073 0.071108 
300 0.29 198000000 48.0455 4.72353 -1208.15 12.1356 1.46412e+06 28738.8 2.16916e+12 8.13917e+10 -0.268596 0.0343893 0.690911 0.0101557 0.563189 0.00510192 0.31808 0.00567033 0.75019 0.00342617 3.38341 0.0651372 4.3944 0.0818097 132.998 91.2141 140.776 91.2449 140.776 91.2449 0.19073 0.071108 
300 0.29 199800000 48.0455 4.72353 -1208.15 12.1356 1.46412e+06 28738.8 2.16916e+12 8.13917e+10 -0.268596 0.0343893 0.690911 0.0101557 0.563189 0.00510192 0.31808 0.00567033 0.75019 0.00342617 3.38341 0.0651372 4.3944 0.0818097 132.998 202.534 140.776 202.6 140.776 202.6 0.19073 0.071108 
300 0.29 201600000 48.0455 4.72353 -1208.15 12.1356 1.46412e+06 28738.8 2.16916e+12 8.13917e+10 -0.268596 0.0343893 0.690911 0.0101557 0.563189 0.00510192 0.31808 0.00567033 0.75019 0.00342617 3.38341 0.0651372 4.3944 0.0818097 132.998 202.534 140.776 202.6 140.776 202.6 0.19073 0.071108 
300 0.29 203400000 48.0455 4.72353 -1208.15 12.1356 1.46412e+06 28738.8 2.16916e+12 8.13917e+10 -0.268596 0.0343893 0.690911 0.0101557 0.563189 0.00510192 0.31808 0.00567033 0.75019 0.00342617 3.38341 0.0651372 4.3944 0.0818097 132.998 202.534 140.776 202.6 140.776 202.6 0.19073 0.071108 
300 0.29 205200000 48.0455 4.72353 -1208.15 12.1356 1.46412e+06 28738.8 2.16916e+12 8.13917e+10 -0.268596 0.0343893 0.690911 0.0101557 0.563189 0.00510192 0.31808 0.00567033 0.75019 0.00342617 3.38341 0.0651372 4.3944 0.0818097 132.998 202.534 140.776 202.6 140.776 202.6 0.19073 0.071108 
300 0.29 207000000 46.4792 4.13493 -1205.1 12.3091 1.45692e+06 28897.2 2.14888e+12 8.02998e+10 -0.252333 0.046669 0.694065 0.0107525 0.561484 0.00565823 0.316232 0.00620757 0.749032 0.00382335 3.41395 0.0887213 4.42733 0.095498 430.177 325.895 438.019 326.062 438.019 326.062 0.247915 0.108 
300 0.29 208800000 46.4792 4.13493 -1205.1 12.3091 1.45692e+06 28897.2 2.14888e+12 8.02998e+10 -0.252333 0.046669 0.694065 0.0107525 0.561484 0.00565823 0.316232 0.00620757 0.749032 0.00382335 3.41395 0.0887213 4.42733 0.095498 430.177 325.895 438.019 326.062 438.019 326.062 0.247915 0.108 
300 0.29 210600000 46.4792 4.13493 -1205.1 12.3091 1.45692e+06 28897.2 2.14888e+12 8.02998e+10 -0.252333 0.046669 0.694065 0.0107525 0.561484 0.00565823 0.316232 0.00620757 0.749032 0.00382335 3.41395 0.0887213 4.42733 0.095498 430.177 325.895 438.019 326.062 438.019 326.062 0.247915 0.108 
300 0.29 212400000 46.4792 4.13493 -1205.1 12.3091 1.45692e+06 28897.2 2.14888e+12 8.02998e+10 -0.252333 0.046669 0.694065 0.0107525 0.561484 0.00565823 0.316232 0.00620757 0.749032 0.00382335 3.41395 0.0887213 4.42733 0.095498 430.177 325.895 438.019 326.062 438.019 326.062 0.247915 0.108 
300 0.29 214200000 46.4792 4.13493 -1205.1 12.3091 1.45692e+06 28897.2 2.14888e+12 8.02998e+10 -0.252333 0.046669 0.694065 0.0107525 0.561484 0.00565823 0.316232 0.00620757 0.749032 0.00382335 3.41395 0.0887213 4.42733 0.095498 430.177 325.895 438.019 326.062 438.019 326.062 0.247915 0.108 
300 0.29 216000000 46.4792 4.13493 -1205.1 12.3091 1.45692e+06 28897.2 2.14888e+12 8.02998e+10 -0.252333 0.046669 0.694065 0.0107525 0.561484 0.00565823 0.316232 0.00620757 0.749032 0.00382335 3.41395 0.0887213 4.42733 0.095498 430.177 325.895 438.019 326.062 438.019 326.062 0.247915 0.108 
300 0.29 217800000 46.4792 4.13493 -1205.1 12.3091 1.45692e+06 28897.2 2.14888e+12 8.02998e+10 -0.252333 0.046669 0.694065 0.0107525 0.561484 0.00565823 0.316232 0.00620757 0.749032 0.00382335 3.41395 0.0887213 4.42733 0.095498 430.177 325.895 438.019 326.062 438.019 326.062 0.247915 0.108 
300 0.29 219600000 46.4792 4.13493 -1205.1 12.3091 1.45692e+06 28897.2 2.14888e+12 8.02998e+10 -0.252333 0.046669 0.694065 0.0107525 0.561484 0.00565823 0.316232 0.00620757 0.749032 0.00382335 3.41395 0.0887213 4.42733 0.095498 430.177 325.895 438.019 326.062 438.019 326.062 0.247915 0.108 
300 0.29 221400000 45.3846 3.95907 -1212.63 12.8444 1.47565e+06 30908.3 2.20734e+12 9.06574e+10 -0.23979 0.046669 0.700291 0.0107525 0.565178 0.00578784 0.320514 0.00652837 0.75146 0.00385918 3.42542 0.0887213 4.47352 0.095498 502.219 325.895 510.118 326.062 510.118 326.062 0.294842 0.108 
300 0.29 223200000 45.3846 3.95907 -1212.63 12.8444 1.47565e+06 30908.3 2.20734e+12 9.06574e+10 -0.23979 0.046669 0.700291 0.0107525 0.565178 0.00578784 0.320514 0.00652837 0.75146 0.00385918 3.42542 0.0887213 4.47352 0.095498 502.219 325.895 510.118 326.062 510.118 326.062 0.294842 0.108 
300 0.29 225000000 45.3846 3.95907 -1212.63 12.8444 1.47565e+06 30908.3 2.20734e+12 9.06574e+10 -0.23979 0.046669 0.700291 0.0107525 0.565178 0.00578784 0.320514 0.00652837 0.75146 0.00385918 3.42542 0.0887213 4.47352 0.095498 502.219 325.895 510.118 326.062 510.118 326.062 0.294842 0.108 
300 0.29 226800000 45.3846 3.95907 -1212.63 12.8444 1.47565e+06 30908.3 2.20734e+12 9.06574e+10 -0.23979 0.046669 0.700291 0.0107525 0.565178 0.00578784 0.320514 0.00652837 0.75146 0.00385918 3.42542 0.0887213 4.47352 0.095498 502.219 325.895 510.118 326.062 510.118 326.062 0.294842 0.108 
300 0.29 228600000 45.3846 3.95907 -1212.63 12.8444 1.47565e+06 30908.3 2.20734e+12 9.06574e+10 -0.23979 0.046669 0.700291 0.0107525 0.565178 0.00578784 0.320514 0.00652837 0.75146 0.00385918 3.42542 0.0887213 4.47352 0.095498 502.219 325.895 510.118 326.062 510.118 326.062 0.294842 0.108 
300 0.29 230400000 45.3846 3.95907 -1212.63 12.8444 1.47565e+06 30908.3 2.20734e+12 9.06574e+10 -0.23979 0.046669 0.700291 0.0107525 0.565178 0.00578784 0.320514 0.00652837 0.75146 0.00385918 3.42542 0.0887213 4.47352 0.095498 502.219 325.895 510.118 326.062 510.118 326.062 0.294842 0.108 
300 0.29 232200000 45.3846 3.95907 -1212.63 12.8444 1.47565e+06 30908.3 2.20734e+12 9.06574e+10 -0.23979 0.046669 0.700291 0.0107525 0.565178 0.00578784 0.320514 0.00652837 0.75146 0.00385918 3.42542 0.0887213 4.47352 0.095498 502.219 325.895 510.118 326.062 510.118 326.062 0.294842 0.108 
300 0.29 234000000 45.3846 3.95907 -1212.63 12.8444 1.47565e+06 30908.3 2.20734e+12 9.06574e+10 -0.23979 0.046669 0.700291 0.0107525 0.565178 0.00578784 0.320514 0.00652837 0.75146 0.00385918 3.42542 0.0887213 4.47352 0.095498 502.219 325.895 510.118 326.062 510.118 326.062 0.294842 0.108 
300 0.29 235800000 44.5893 3.80937 -1221.79 18.712 1.49874e+06 45961.6 2.28128e+12 1.4058e+11 -0.228292 0.0457769 0.706713 0.0149019 0.570001 0.0092575 0.326245 0.010689 0.754593 0.00610302 3.43017 0.0775146 4.52506 0.122014 515.037 290.177 522.993 290.343 522.993 290.343 0.325817 0.117351 
300 0.29 237600000 44.5893 3.80937 -1221.79 18.712 1.49874e+06 45961.6 2.28128e+12 1.4058e+11 -0.228292 0.0457769 0.706713 0.0149019 0.570001 0.0092575 0.326245 0.010689 0.754593 0.00610302 3.43017 0.0775146 4.52506 0.122014 515.037 290.177 522.993 290.343 522.993 290.343 0.325817 0.117351 
300 0.29 239400000 44.5893 3.80937 -1221.79 18.712 1.49874e+06 45961.6 2.28128e+12 1.4058e+11 -0.228292 0.0457769 0.706713 0.0149019 0.570001 0.0092575 0.326245 0.010689 0.754593 0.00610302 3.43017 0.0775146 4.52506 0.122014 515.037 290.177 522.993 290.343 522.993 290.343 0.325817 0.117351 
300 0.29 241200000 44.5893 3.80937 -1221.79 18.712 1.49874e+06 45961.6 2.28128e+12 1.4058e+11 -0.228292 0.0457769 0.706713 0.0149019 0.570001 0.0092575 0.326245 0.010689 0.754593 0.00610302 3.43017 0.0775146 4.52506 0.122014 515.037 290.177 522.993 290.343 522.993 290.343 0.325817 0.117351 
300 0.29 243000000 44.5893 3.80937 -1221.79 18.712 1.49874e+06 45961.6 2.28128e+12 1.4058e+11 -0.228292 0.0457769 0.706713 0.0149019 0.570001 0.0092575 0.326245 0.010689 0.754593 0.00610302 3.43017 0.0775146 4.52506 0.122014 515.037 290.177 522.993 290.343 522.993 290.343 0.325817 0.117351 
300 0.29 244800000 44.5893 3.80937 -1221.79 18.712 1.49874e+06 45961.6 2.28128e+12 1.4058e+11 -0.228292 0.0457769 0.706713 0.0149019 0.570001 0.0092575 0.326245 0.010689 0.754593 0.00610302 3.43017 0.0775146 4.52506 0.122014 515.037 290.177 522.993 290.343 522.993 290.343 0.325817 0.117351 
300 0.29 246600000 44.5893 3.80937 -1221.79 18.712 1.49874e+06 45961.6 2.28128e+12 1.4058e+11 -0.228292 0.0457769 0.706713 0.0149019 0.570001 0.0092575 0.326245 0.010689 0.754593 0.00610302 3.43017 0.0775146 4.52506 0.122014 515.037 290.177 522.993 290.343 522.993 290.343 0.325817 0.117351 
300 0.29 248400000 44.5893 3.80937 -1221.79 18.712 1.49874e+06 45961.6 2.28128e+12 1.4058e+11 -0.228292 0.0457769 0.706713 0.0149019 0.570001 0.0092575 0.326245 0.010689 0.754593 0.00610302 3.43017 0.0775146 4.52506 0.122014 515.037 290.177 522.993 290.343 522.993 290.343 0.325817 0.117351 
300 0.29 250200000 44.3333 3.80937 -1224.48 18.712 1.50517e+06 45961.6 2.29988e+12 1.4058e+11 -0.212242 0.0457769 0.71003 0.0149019 0.570584 0.0092575 0.326913 0.010689 0.754978 0.00610302 3.45488 0.0775146 4.58517 0.122014 553.598 290.177 561.638 290.343 561.638 290.343 0.368047 0.117351 
300 0.29 252000000 44.3333 3.80937 -1224.48 18.712 1.50517e+06 45961.6 2.29988e+12 1.4058e+11 -0.212242 0.0457769 0.71003 0.0149019 0.570584 0.0092575 0.326913 0.010689 0.754978 0.00610302 3.45488 0.0775146 4.58517 0.122014 553.598 290.177 561.638 290.343 561.638 290.343 0.368047 0.117351 
300 0.29 253800000 44.3333 3.80937 -1224.48 18.712 1.50517e+06 45961.6 2.29988e+12 1.4058e+11 -0.212242 0.0457769 0.71003 0.0149019 0.570584 0.0092575 0.326913 0.010689 0.754978 0.00610302 3.45488 0.0775146 4.58517 0.122014 553.598 290.177 561.638 290.343 561.638 290.343 0.368047 0.117351 
300 0.29 255600000 44.3333 3.80937 -1224.48 18.712 1.50517e+06 45961.6 2.29988e+12 1.4058e+11 -0.212242 0.0457769 0.71003 0.0149019 0.570584 0.0092575 0.326913 0.010689 0.754978 0.00610302 3.45488 0.0775146 4.58517 0.122014 553.598 290.177 561.638 290.343 561.638 290.343 0.368047 0.117351 
300 0.29 257400000 44.3333 3.80937 -1224.48 18.712 1.50517e+06 45961.6 2.29988e+12 1.4058e+11 -0.212242 0.0457769 0.71003 0.0149019 0.570584 0.0092575 0.326913 0.010689 0.754978 0.00610302 3.45488 0.0775146 4.58517 0.122014 553.598 290.177 561.638 290.343 561.638 290.343 0.368047 0.117351 
300 0.29 259200000 44.3333 3.80937 -1224.48 18.712 1.50517e+06 45961.6 2.29988e+12 1.4058e+11 -0.212242 0.0457769 0.71003 0.0149019 0.570584 0.0092575 0.326913 0.010689 0.754978 0.00610302 3.45488 0.0775146 4.58517 0.122014 553.598 290.177 561.638 290.343 561.638 290.343 0.368047 0.117351 
300 0.29 261000000 44.3333 3.80937 -1224.48 18.712 1.50517e+06 45961.6 2.29988e+12 1.4058e+11 -0.212242 0.0457769 0.71003 0.0149019 0.570584 0.0092575 0.326913 0.010689 0.754978 0.00610302 3.45488 0.0775146 4.58517 0.122014 553.598 290.177 561.638 290.343 561.638 290.343 0.368047 0.117351 
300 0.29 262800000 44.3333 3.80937 -1224.48 18.712 1.50517e+06 45961.6 2.29988e+12 1.4058e+11 -0.212242 0.0457769 0.71003 0.0149019 0.570584 0.0092575 0.326913 0.010689 0.754978 0.00610302 3.45488 0.0775146 4.58517 0.122014 553.598 290.177 561.638 290.343 561.638 290.343 0.368047 0.117351 
300 0.29 264600000 44.6094 3.33325 -1226.41 16.9335 1.50981e+06 41526.9 2.31332e+12 1.26606e+11 -0.194502 0.0510241 0.714029 0.0147261 0.572777 0.00850626 0.329437 0.00981778 0.756426 0.00560861 3.45446 0.0715307 4.60029 0.127868 641.7 280.188 649.755 280.36 649.755 280.36 0.406192 0.127264 
300 0.29 266400000 44.6094 3.33325 -1226.41 16.9335 1.50981e+06 41526.9 2.31332e+12 1.26606e+11 -0.194502 0.0510241 0.714029 0.0147261 0.572777 0.00850626 0.329437 0.00981778 0.756426 0.00560861 3.45446 0.0715307 4.60029 0.127868 641.7 280.188 649.755 280.36 649.755 280.36 0.406192 0.127264 
300 0.29 268200000 44.6094 3.33325 -1226.41 16.9335 1.50981e+06 41526.9 2.31332e+12 1.26606e+11 -0.194502 0.0510241 0.714029 0.0147261 0.572777 0.00850626 0.329437 0.00981778 0.756426 0.00560861 3.45446 0.0715307 4.60029 0.127868 641.7 280.188 649.755 280.36 649.755 280.36 0.406192 0.127264 
300 0.29 270000000 44.6094 3.33325 -1226.41 16.9335 1.50981e+06 41526.9 2.31332e+12 1.26606e+11 -0.194502 0.0510241 0.714029 0.0147261 0.572777 0.00850626 0.329437 0.00981778 0.756426 0.00560861 3.45446 0.0715307 4.60029 0.127868 641.7 280.188 649.755 280.36 649.755 280.36 0.406192 0.127264 
300 0.29 271800000 44.6094 3.33325 -1226.41 16.9335 1.50981e+06 41526.9 2.31332e+12 1.26606e+11 -0.194502 0.0510241 0.714029 0.0147261 0.572777 0.00850626 0.329437 0.00981778 0.756426 0.00560861 3.45446 0.0715307 4.60029 0.127868 641.7 280.188 649.755 280.36 649.755 280.36 0.406192 0.127264 
300 0.29 273600000 44.6094 3.33325 -1226.41 16.9335 1.50981e+06 41526.9 2.31332e+12 1.26606e+11 -0.194502 0.0510241 0.714029 0.0147261 0.572777 0.00850626 0.329437 0.00981778 0.756426 0.00560861 3.45446 0.0715307 4.60029 0.127868 641.7 280.188 649.755 280.36 649.755 280.36 0.406192 0.127264 
300 0.29 275400000 44.6094 3.33325 -1226.41 16.9335 1.50981e+06 41526.9 2.31332e+12 1.26606e+11 -0.194502 0.0510241 0.714029 0.0147261 0.572777 0.00850626 0.329437 0.00981778 0.756426 0.00560861 3.45446 0.0715307 4.60029 0.127868 641.7 280.188 649.755 280.36 649.755 280.36 0.406192 0.127264 
300 0.29 277200000 44.6094 3.33325 -1226.41 16.9335 1.50981e+06 41526.9 2.31332e+12 1.26606e+11 -0.194502 0.0510241 0.714029 0.0147261 0.572777 0.00850626 0.329437 0.00981778 0.756426 0.00560861 3.45446 0.0715307 4.60029 0.127868 641.7 280.188 649.755 280.36 649.755 280.36 0.406192 0.127264 
300 0.29 279000000 45.5294 3.33325 -1222.41 16.9335 1.50003e+06 41526.9 2.28403e+12 1.26606e+11 -0.175692 0.0510241 0.715065 0.0147261 0.571611 0.00850626 0.328088 0.00981778 0.755658 0.00560861 3.47085 0.0715307 4.68045 0.127868 833.605 295.438 841.757 295.559 841.757 295.559 0.440604 0.127264 
300 0.29 280800000 45.5294 3.33325 -1222.41 16.9335 1.50003e+06 41526.9 2.28403e+12 1.26606e+11 -0.175692 0.0510241 0.715065 0.0147261 0.571611 0.00850626 0.328088 0.00981778 0.755658 0.00560861 3.47085 0.0715307 4.68045 0.127868 833.605 295.438 841.757 295.559 841.757 295.559 0.440604 0.127264 
300 0.29 282600000 45.5294 3.33325 -1222.41 16.9335 1.50003e+06 41526.9 2.28403e+12 1.26606e+11 -0.175692 0.0510241 0.715065 0.0147261 0.571611 0.00850626 0.328088 0.00981778 0.755658 0.00560861 3.47085 0.0715307 4.68045 0.127868 833.605 295.438 841.757 295.559 841.757 295.559 0.440604 0.127264 
300 0.29 284400000 45.5294 3.33325 -1222.41 16.9335 1.50003e+06 41526.9 2.28403e+12 1.26606e+11 -0.175692 0.0510241 0.715065 0.0147261 0.571611 0.00850626 0.328088 0.00981778 0.755658 0.00560861 3.47085 0.0715307 4.68045 0.127868 833.605 295.438 841.757 295.559 841.757 295.559 0.440604 0.127264 
300 0.29 286200000 45.5294 3.33325 -1222.41 16.9335 1.50003e+06 41526.9 2.28403e+12 1.26606e+11 -0.175692 0.0510241 0.715065 0.0147261 0.571611 0.00850626 0.328088 0.00981778 0.755658 0.00560861 3.47085 0.0715307 4.68045 0.127868 833.605 295.438 841.757 295.559 841.757 295.559 0.440604 0.127264 
300 0.29 288000000 45.5294 3.33325 -1222.41 16.9335 1.50003e+06 41526.9 2.28403e+12 1.26606e+11 -0.175692 0.0510241 0.715065 0.0147261 0.571611 0.00850626 0.328088 0.00981778 0.755658 0.00560861 3.47085 0.0715307 4.68045 0.127868 833.605 295.438 841.757 295.559 841.757 295.559 0.440604 0.127264 
300 0.29 289800000 45.5294 3.33325 -1222.41 16.9335 1.50003e+06 41526.9 2.28403e+12 1.26606e+11 -0.175692 0.0510241 0.715065 0.0147261 0.571611 0.00850626 0.328088 0.00981778 0.755658 0.00560861 3.47085 0.0715307 4.68045 0.127868 833.605 295.438 841.757 295.559 841.757 295.559 0.440604 0.127264 
300 0.29 291600000 45.5294 3.33325 -1222.41 16.9335 1.50003e+06 41526.9 2.28403e+12 1.26606e+11 -0.175692 0.0510241 0.715065 0.0147261 0.571611 0.00850626 0.328088 0.00981778 0.755658 0.00560861 3.47085 0.0715307 4.68045 0.127868 833.605 295.438 841.757 295.559 841.757 295.559 0.440604 0.127264 
300 0.29 293400000 45.8472 3.18445 -1220.34 16.1043 1.49475e+06 39547 2.26695e+12 1.20733e+11 -0.159399 0.0561457 0.715679 0.0131819 0.569996 0.00800288 0.32624 0.0092328 0.75459 0.00527738 3.45766 0.0636545 4.68707 0.140046 1195.03 578.087 1203.18 578.23 1203.18 578.23 0.471491 0.128791 
300 0.29 295200000 45.8472 3.18445 -1220.34 16.1043 1.49475e+06 39547 2.26695e+12 1.20733e+11 -0.159399 0.0561457 0.715679 0.0131819 0.569996 0.00800288 0.32624 0.0092328 0.75459 0.00527738 3.45766 0.0636545 4.68707 0.140046 1195.03 578.087 1203.18 578.23 1203.18 578.23 0.471491 0.128791 
300 0.29 297000000 45.8472 3.18445 -1220.34 16.1043 1.49475e+06 39547 2.26695e+12 1.20733e+11 -0.159399 0.0561457 0.715679 0.0131819 0.569996 0.00800288 0.32624 0.0092328 0.75459 0.00527738 3.45766 0.0636545 4.68707 0.140046 1195.03 578.087 1203.18 578.23 1203.18 578.23 0.471491 0.128791 
300 0.29 298800000 45.8472 3.18445 -1220.34 16.1043 1.49475e+06 39547 2.26695e+12 1.20733e+11 -0.159399 0.0561457 0.715679 0.0131819 0.569996 0.00800288 0.32624 0.0092328 0.75459 0.00527738 3.45766 0.0636545 4.68707 0.140046 1195.03 578.087 1203.18 578.23 1203.18 578.23 0.471491 0.128791 
300 0.29 300600000 45.8472 3.18445 -1220.34 16.1043 1.49475e+06 39547 2.26695e+12 1.20733e+11 -0.159399 0.0561457 0.715679 0.0131819 0.569996 0.00800288 0.32624 0.0092328 0.75459 0.00527738 3.45766 0.0636545 4.68707 0.140046 1195.03 578.087 1203.18 578.23 1203.18 578.23 0.471491 0.128791 
300 0.29 302400000 45.8472 3.18445 -1220.34 16.1043 1.49475e+06 39547 2.26695e+12 1.20733e+11 -0.159399 0.0561457 0.715679 0.0131819 0.569996 0.00800288 0.32624 0.0092328 0.75459 0.00527738 3.45766 0.0636545 4.68707 0.140046 1195.03 578.087 1203.18 578.23 1203.18 578.23 0.471491 0.128791 
300 0.29 304200000 45.8472 3.18445 -1220.34 16.1043 1.49475e+06 39547 2.26695e+12 1.20733e+11 -0.159399 0.0561457 0.715679 0.0131819 0.569996 0.00800288 0.32624 0.0092328 0.75459 0.00527738 3.45766 0.0636545 4.68707 0.140046 1195.03 578.087 1203.18 578.23 1203.18 578.23 0.471491 0.128791 
300 0.29 306000000 45.8472 3.18445 -1220.34 16.1043 1.49475e+06 39547 2.26695e+12 1.20733e+11 -0.159399 0.0561457 0.715679 0.0131819 0.569996 0.00800288 0.32624 0.0092328 0.75459 0.00527738 3.45766 0.0636545 4.68707 0.140046 1195.03 578.087 1203.18 578.23 1203.18 578.23 0.471491 0.128791 
300 0.29 307800000 46.1842 3.18445 -1216.46 16.1043 1.48547e+06 39547 2.24008e+12 1.20733e+11 -0.142719 0.0561457 0.715092 0.0131819 0.567483 0.00800288 0.323458 0.0092328 0.752899 0.00527738 3.45383 0.0636545 4.74475 0.140046 1718.84 663.729 1727.04 663.81 1727.04 663.81 0.499173 0.128791 
300 0.29 309600000 46.1842 3.18445 -1216.46 16.1043 1.48547e+06 39547 2.24008e+12 1.20733e+11 -0.142719 0.0561457 0.715092 0.0131819 0.567483 0.00800288 0.323458 0.0092328 0.752899 0.00527738 3.45383 0.0636545 4.74475 0.140046 1718.84 663.729 1727.04 663.81 1727.04 663.81 0.499173 0.128791 
300 0.29 311400000 46.1842 3.18445 -1216.46 16.1043 1.48547e+06 39547 2.24008e+12 1.20733e+11 -0.142719 0.0561457 0.715092 0.0131819 0.567483 0.00800288 0.323458 0.0092328 0.752899 0.00527738 3.45383 0.0636545 4.74475 0.140046 1718.84 663.729 1727.04 663.81 1727.04 663.81 0.499173 0.128791 
300 0.29 313200000 46.1842 3.18445 -1216.46 16.1043 1.48547e+06 39547 2.24008e+12 1.20733e+11 -0.142719 0.0561457 0.715092 0.0131819 0.567483 0.00800288 0.323458 0.0092328 0.752899 0.00527738 3.45383 0.0636545 4.74475 0.140046 1718.84 663.729 1727.04 663.81 1727.04 663.81 0.499173 0.128791 
300 0.29 315000000 46.1842 3.18445 -1216.46 16.1043 1.48547e+06 39547 2.24008e+12 1.20733e+11 -0.142719 0.0561457 0.715092 0.0131819 0.567483 0.00800288 0.323458 0.0092328 0.752899 0.00527738 3.45383 0.0636545 4.74475 0.140046 1718.84 663.729 1727.04 663.81 1727.04 663.81 0.499173 0.128791 
300 0.29 316800000 46.1842 3.18445 -1216.46 16.1043 1.48547e+06 39547 2.24008e+12 1.20733e+11 -0.142719 0.0561457 0.715092 0.0131819 0.567483 0.00800288 0.323458 0.0092328 0.752899 0.00527738 3.45383 0.0636545 4.74475 0.140046 1718.84 663.729 1727.04 663.81 1727.04 663.81 0.499173 0.128791 
300 0.29 318600000 46.1842 3.18445 -1216.46 16.1043 1.48547e+06 39547 2.24008e+12 1.20733e+11 -0.142719 0.0561457 0.715092 0.0131819 0.567483 0.00800288 0.323458 0.0092328 0.752899 0.00527738 3.45383 0.0636545 4.74475 0.140046 1718.84 663.729 1727.04 663.81 1727.04 663.81 0.499173 0.128791 
300 0.29 320400000 46.1842 3.18445 -1216.46 16.1043 1.48547e+06 39547 2.24008e+12 1.20733e+11 -0.142719 0.0561457 0.715092 0.0131819 0.567483 0.00800288 0.323458 0.0092328 0.752899 0.00527738 3.45383 0.0636545 4.74475 0.140046 1718.84 663.729 1727.04 663.81 1727.04 663.81 0.499173 0.128791 
300 0.29 322200000 46.85 3.01977 -1215.69 20.0184 1.48344e+06 48896.1 2.23318e+12 1.47618e+11 -0.127421 0.0813476 0.716017 0.0161284 0.567387 0.0103359 0.323323 0.0118499 0.752842 0.00683727 3.4728 0.0687324 4.78682 0.215667 2264.85 1471.56 2273.11 1471.77 2273.11 1471.77 0.524102 0.170458 
300 0.29 324000000 46.85 3.01977 -1215.69 20.0184 1.48344e+06 48896.1 2.23318e+12 1.47618e+11 -0.127421 0.0813476 0.716017 0.0161284 0.567387 0.0103359 0.323323 0.0118499 0.752842 0.00683727 3.4728 0.0687324 4.78682 0.215667 2264.85 1471.56 2273.11 1471.77 2273.11 1471.77 0.524102 0.170458 
300 0.29 325800000 46.85 3.01977 -1215.69 20.0184 1.48344e+06 48896.1 2.23318e+12 1.47618e+11 -0.127421 0.0813476 0.716017 0.0161284 0.567387 0.0103359 0.323323 0.0118499 0.752842 0.00683727 3.4728 0.0687324 4.78682 0.215667 2264.85 1471.56 2273.11 1471.77 2273.11 1471.77 0.524102 0.170458 
300 0.29 327600000 46.85 3.01977 -1215.69 20.0184 1.48344e+06 48896.1 2.23318e+12 1.47618e+11 -0.127421 0.0813476 0.716017 0.0161284 0.567387 0.0103359 0.323323 0.0118499 0.752842 0.00683727 3.4728 0.0687324 4.78682 0.215667 2264.85 1471.56 2273.11 1471.77 2273.11 1471.77 0.524102 0.170458 
300 0.29 329400000 46.85 3.01977 -1215.69 20.0184 1.48344e+06 48896.1 2.23318e+12 1.47618e+11 -0.127421 0.0813476 0.716017 0.0161284 0.567387 0.0103359 0.323323 0.0118499 0.752842 0.00683727 3.4728 0.0687324 4.78682 0.215667 2264.85 1471.56 2273.11 1471.77 2273.11 1471.77 0.524102 0.170458 
300 0.29 331200000 46.85 3.01977 -1215.69 20.0184 1.48344e+06 48896.1 2.23318e+12 1.47618e+11 -0.127421 0.0813476 0.716017 0.0161284 0.567387 0.0103359 0.323323 0.0118499 0.752842 0.00683727 3.4728 0.0687324 4.78682 0.215667 2264.85 1471.56 2273.11 1471.77 2273.11 1471.77 0.524102 0.170458 
300 0.29 333000000 46.85 3.01977 -1215.69 20.0184 1.48344e+06 48896.1 2.23318e+12 1.47618e+11 -0.127421 0.0813476 0.716017 0.0161284 0.567387 0.0103359 0.323323 0.0118499 0.752842 0.00683727 3.4728 0.0687324 4.78682 0.215667 2264.85 1471.56 2273.11 1471.77 2273.11 1471.77 0.524102 0.170458 
300 0.29 334800000 46.85 3.01977 -1215.69 20.0184 1.48344e+06 48896.1 2.23318e+12 1.47618e+11 -0.127421 0.0813476 0.716017 0.0161284 0.567387 0.0103359 0.323323 0.0118499 0.752842 0.00683727 3.4728 0.0687324 4.78682 0.215667 2264.85 1471.56 2273.11 1471.77 2273.11 1471.77 0.524102 0.170458 
300 0.29 336600000 46.85 3.01977 -1215.69 20.0184 1.48344e+06 48896.1 2.23318e+12 1.47618e+11 -0.127421 0.0813476 0.716017 0.0161284 0.567387 0.0103359 0.323323 0.0118499 0.752842 0.00683727 3.4728 0.0687324 4.78682 0.215667 2264.85 1471.56 2273.11 1471.77 2273.11 1471.77 0.524102 0.170458 
300 0.29 338400000 46.85 3.01977 -1215.69 20.0184 1.48344e+06 48896.1 2.23318e+12 1.47618e+11 -0.127421 0.0813476 0.716017 0.0161284 0.567387 0.0103359 0.323323 0.0118499 0.752842 0.00683727 3.4728 0.0687324 4.78682 0.215667 2264.85 1471.56 2273.11 1471.77 2273.11 1471.77 0.524102 0.170458 
300 0.29 340200000 46.85 3.01977 -1215.69 20.0184 1.48344e+06 48896.1 2.23318e+12 1.47618e+11 -0.127421 0.0813476 0.716017 0.0161284 0.567387 0.0103359 0.323323 0.0118499 0.752842 0.00683727 3.4728 0.0687324 4.78682 0.215667 2264.85 1471.56 2273.11 1471.77 2273.11 1471.77 0.524102 0.170458 
300 0.29 342000000 46.85 3.01977 -1215.69 20.0184 1.48344e+06 48896.1 2.23318e+12 1.47618e+11 -0.127421 0.0813476 0.716017 0.0161284 0.567387 0.0103359 0.323323 0.0118499 0.752842 0.00683727 3.4728 0.0687324 4.78682 0.215667 2264.85 1471.56 2273.11 1471.77 2273.11 1471.77 0.524102 0.170458 
300 0.29 343800000 46.85 3.01977 -1215.69 20.0184 1.48344e+06 48896.1 2.23318e+12 1.47618e+11 -0.127421 0.0813476 0.716017 0.0161284 0.567387 0.0103359 0.323323 0.0118499 0.752842 0.00683727 3.4728 0.0687324 4.78682 0.215667 2264.85 1471.56 2273.11 1471.77 2273.11 1471.77 0.524102 0.170458 
300 0.29 345600000 46.85 3.01977 -1215.69 20.0184 1.48344e+06 48896.1 2.23318e+12 1.47618e+11 -0.127421 0.0813476 0.716017 0.0161284 0.567387 0.0103359 0.323323 0.0118499 0.752842 0.00683727 3.4728 0.0687324 4.78682 0.215667 2264.85 1471.56 2273.11 1471.77 2273.11 1471.77 0.524102 0.170458 
300 0.29 347400000 46.85 3.01977 -1215.69 20.0184 1.48344e+06 48896.1 2.23318e+12 1.47618e+11 -0.127421 0.0813476 0.716017 0.0161284 0.567387 0.0103359 0.323323 0.0118499 0.752842 0.00683727 3.4728 0.0687324 4.78682 0.215667 2264.85 1471.56 2273.11 1471.77 2273.11 1471.77 0.524102 0.170458 
300 0.29 349200000 46.85 3.01977 -1215.69 20.0184 1.48344e+06 48896.1 2.23318e+12 1.47618e+11 -0.127421 0.0813476 0.716017 0.0161284 0.567387 0.0103359 0.323323 0.0118499 0.752842 0.00683727 3.4728 0.0687324 4.78682 0.215667 2264.85 1471.56 2273.11 1471.77 2273.11 1471.77 0.524102 0.170458 
300 0.29 351000000 47.0795 2.92679 -1212.49 20.0184 1.47601e+06 48896.1 2.21275e+12 1.47618e+11 -0.0954446 0.0813476 0.714499 0.0161284 0.565543 0.0103359 0.321397 0.0118499 0.751563 0.00683727 3.4946 0.0687324 4.8415 0.215667 3203.87 1471.56 3212.2 1471.77 3212.2 1471.77 0.567169 0.170458 
300 0.29 352800000 47.0795 2.92679 -1212.49 20.0184 1.47601e+06 48896.1 2.21275e+12 1.47618e+11 -0.0954446 0.0813476 0.714499 0.0161284 0.565543 0.0103359 0.321397 0.0118499 0.751563 0.00683727 3.4946 0.0687324 4.8415 0.215667 3203.87 1471.56 3212.2 1471.77 3212.2 1471.77 0.567169 0.170458 
300 0.29 354600000 47.0795 2.92679 -1212.49 20.0184 1.47601e+06 48896.1 2.21275e+12 1.47618e+11 -0.0954446 0.0813476 0.714499 0.0161284 0.565543 0.0103359 0.321397 0.0118499 0.751563 0.00683727 3.4946 0.0687324 4.8415 0.215667 3203.87 1471.56 3212.2 1471.77 3212.2 1471.77 0.567169 0.170458 
300 0.29 356400000 47.0795 2.92679 -1212.49 20.0184 1.47601e+06 48896.1 2.21275e+12 1.47618e+11 -0.0954446 0.0813476 0.714499 0.0161284 0.565543 0.0103359 0.321397 0.0118499 0.751563 0.00683727 3.4946 0.0687324 4.8415 0.215667 3203.87 1471.56 3212.2 1471.77 3212.2 1471.77 0.567169 0.170458 
300 0.29 358200000 47.0795 2.92679 -1212.49 20.0184 1.47601e+06 48896.1 2.21275e+12 1.47618e+11 -0.0954446 0.0813476 0.714499 0.0161284 0.565543 0.0103359 0.321397 0.0118499 0.751563 0.00683727 3.4946 0.0687324 4.8415 0.215667 3203.87 1471.56 3212.2 1471.77 3212.2 1471.77 0.567169 0.170458 
300 0.29 360000000 47.0795 2.92679 -1212.49 20.0184 1.47601e+06 48896.1 2.21275e+12 1.47618e+11 -0.0954446 0.0813476 0.714499 0.0161284 0.565543 0.0103359 0.321397 0.0118499 0.751563 0.00683727 3.4946 0.0687324 4.8415 0.215667 3203.87 1471.56 3212.2 1471.77 3212.2 1471.77 0.567169 0.170458 
300 0.29 361800000 47.0795 2.92679 -1212.49 20.0184 1.47601e+06 48896.1 2.21275e+12 1.47618e+11 -0.0954446 0.0813476 0.714499 0.0161284 0.565543 0.0103359 0.321397 0.0118499 0.751563 0.00683727 3.4946 0.0687324 4.8415 0.215667 3203.87 1471.56 3212.2 1471.77 3212.2 1471.77 0.567169 0.170458 
300 0.29 363600000 47.0795 2.92679 -1212.49 20.0184 1.47601e+06 48896.1 2.21275e+12 1.47618e+11 -0.0954446 0.0813476 0.714499 0.0161284 0.565543 0.0103359 0.321397 0.0118499 0.751563 0.00683727 3.4946 0.0687324 4.8415 0.215667 3203.87 1471.56 3212.2 1471.77 3212.2 1471.77 0.567169 0.170458 
300 0.29 365400000 47.0795 2.92679 -1212.49 20.0184 1.47601e+06 48896.1 2.21275e+12 1.47618e+11 -0.0954446 0.0813476 0.714499 0.0161284 0.565543 0.0103359 0.321397 0.0118499 0.751563 0.00683727 3.4946 0.0687324 4.8415 0.215667 3203.87 1471.56 3212.2 1471.77 3212.2 1471.77 0.567169 0.170458 
300 0.29 367200000 47.0795 2.92679 -1212.49 20.0184 1.47601e+06 48896.1 2.21275e+12 1.47618e+11 -0.0954446 0.0813476 0.714499 0.0161284 0.565543 0.0103359 0.321397 0.0118499 0.751563 0.00683727 3.4946 0.0687324 4.8415 0.215667 3203.87 1471.56 3212.2 1471.77 3212.2 1471.77 0.567169 0.170458 
300 0.29 369000000 47.0795 2.92679 -1212.49 20.0184 1.47601e+06 48896.1 2.21275e+12 1.47618e+11 -0.0954446 0.0813476 0.714499 0.0161284 0.565543 0.0103359 0.321397 0.0118499 0.751563 0.00683727 3.4946 0.0687324 4.8415 0.215667 3203.87 1471.56 3212.2 1471.77 3212.2 1471.77 0.567169 0.170458 
300 0.29 370800000 47.0795 2.92679 -1212.49 20.0184 1.47601e+06 48896.1 2.21275e+12 1.47618e+11 -0.0954446 0.0813476 0.714499 0.0161284 0.565543 0.0103359 0.321397 0.0118499 0.751563 0.00683727 3.4946 0.0687324 4.8415 0.215667 3203.87 1471.56 3212.2 1471.77 3212.2 1471.77 0.567169 0.170458 
300 0.29 372600000 47.0795 2.92679 -1212.49 20.0184 1.47601e+06 48896.1 2.21275e+12 1.47618e+11 -0.0954446 0.0813476 0.714499 0.0161284 0.565543 0.0103359 0.321397 0.0118499 0.751563 0.00683727 3.4946 0.0687324 4.8415 0.215667 3203.87 1471.56 3212.2 1471.77 3212.2 1471.77 0.567169 0.170458 
300 0.29 374400000 47.0795 2.92679 -1212.49 20.0184 1.47601e+06 48896.1 2.21275e+12 1.47618e+11 -0.0954446 0.0813476 0.714499 0.0161284 0.565543 0.0103359 0.321397 0.0118499 0.751563 0.00683727 3.4946 0.0687324 4.8415 0.215667 3203.87 1471.56 3212.2 1471.77 3212.2 1471.77 0.567169 0.170458 
300 0.29 376200000 47.0795 2.92679 -1212.49 20.0184 1.47601e+06 48896.1 2.21275e+12 1.47618e+11 -0.0954446 0.0813476 0.714499 0.0161284 0.565543 0.0103359 0.321397 0.0118499 0.751563 0.00683727 3.4946 0.0687324 4.8415 0.215667 3203.87 1471.56 3212.2 1471.77 3212.2 1471.77 0.567169 0.170458 
300 0.29 378000000 47.0795 2.92679 -1212.49 20.0184 1.47601e+06 48896.1 2.21275e+12 1.47618e+11 -0.0954446 0.0813476 0.714499 0.0161284 0.565543 0.0103359 0.321397 0.0118499 0.751563 0.00683727 3.4946 0.0687324 4.8415 0.215667 3203.87 1471.56 3212.2 1471.77 3212.2 1471.77 0.567169 0.170458 
300 0.29 379800000 46.3542 2.61825 -1198.97 22.6076 1.44526e+06 53619 2.132e+12 1.53831e+11 -0.0612431 0.0908019 0.707211 0.0156608 0.559652 0.0111377 0.31509 0.0124099 0.747529 0.00748267 3.51218 0.0676204 4.90283 0.208606 3968.58 1980.59 3976.99 1980.81 3976.99 1980.81 0.60305 0.159285 
300 0.29 381600000 46.3542 2.61825 -1198.97 22.6076 1.44526e+06 53619 2.132e+12 1.53831e+11 -0.0612431 0.0908019 0.707211 0.0156608 0.559652 0.0111377 0.31509 0.0124099 0.747529 0.00748267 3.51218 0.0676204 4.90283 0.208606 3968.58 1980.59 3976.99 1980.81 3976.99 1980.81 0.60305 0.159285 
300 0.29 383400000 46.3542 2.61825 -1198.97 22.6076 1.44526e+06 53619 2.132e+12 1.53831e+11 -0.0612431 0.0908019 0.707211 0.0156608 0.559652 0.0111377 0.31509 0.0124099 0.747529 0.00748267 3.51218 0.0676204 4.90283 0.208606 3968.58 1980.59 3976.99 1980.81 3976.99 1980.81 0.60305 0.159285 
300 0.29 385200000 46.3542 2.61825 -1198.97 22.6076 1.44526e+06 53619 2.132e+12 1.53831e+11 -0.0612431 0.0908019 0.707211 0.0156608 0.559652 0.0111377 0.31509 0.0124099 0.747529 0.00748267 3.51218 0.0676204 4.90283 0.208606 3968.58 1980.59 3976.99 1980.81 3976.99 1980.81 0.60305 0.159285 
300 0.29 387000000 46.3542 2.61825 -1198.97 22.6076 1.44526e+06 53619 2.132e+12 1.53831e+11 -0.0612431 0.0908019 0.707211 0.0156608 0.559652 0.0111377 0.31509 0.0124099 0.747529 0.00748267 3.51218 0.0676204 4.90283 0.208606 3968.58 1980.59 3976.99 1980.81 3976.99 1980.81 0.60305 0.159285 
300 0.29 388800000 46.3542 2.61825 -1198.97 22.6076 1.44526e+06 53619 2.132e+12 1.53831e+11 -0.0612431 0.0908019 0.707211 0.0156608 0.559652 0.0111377 0.31509 0.0124099 0.747529 0.00748267 3.51218 0.0676204 4.90283 0.208606 3968.58 1980.59 3976.99 1980.81 3976.99 1980.81 0.60305 0.159285 
300 0.29 390600000 46.3542 2.61825 -1198.97 22.6076 1.44526e+06 53619 2.132e+12 1.53831e+11 -0.0612431 0.0908019 0.707211 0.0156608 0.559652 0.0111377 0.31509 0.0124099 0.747529 0.00748267 3.51218 0.0676204 4.90283 0.208606 3968.58 1980.59 3976.99 1980.81 3976.99 1980.81 0.60305 0.159285 
300 0.29 392400000 46.3542 2.61825 -1198.97 22.6076 1.44526e+06 53619 2.132e+12 1.53831e+11 -0.0612431 0.0908019 0.707211 0.0156608 0.559652 0.0111377 0.31509 0.0124099 0.747529 0.00748267 3.51218 0.0676204 4.90283 0.208606 3968.58 1980.59 3976.99 1980.81 3976.99 1980.81 0.60305 0.159285 
300 0.29 394200000 46.3542 2.61825 -1198.97 22.6076 1.44526e+06 53619 2.132e+12 1.53831e+11 -0.0612431 0.0908019 0.707211 0.0156608 0.559652 0.0111377 0.31509 0.0124099 0.747529 0.00748267 3.51218 0.0676204 4.90283 0.208606 3968.58 1980.59 3976.99 1980.81 3976.99 1980.81 0.60305 0.159285 
300 0.29 396000000 46.3542 2.61825 -1198.97 22.6076 1.44526e+06 53619 2.132e+12 1.53831e+11 -0.0612431 0.0908019 0.707211 0.0156608 0.559652 0.0111377 0.31509 0.0124099 0.747529 0.00748267 3.51218 0.0676204 4.90283 0.208606 3968.58 1980.59 3976.99 1980.81 3976.99 1980.81 0.60305 0.159285 
300 0.29 397800000 46.3542 2.61825 -1198.97 22.6076 1.44526e+06 53619 2.132e+12 1.53831e+11 -0.0612431 0.0908019 0.707211 0.0156608 0.559652 0.0111377 0.31509 0.0124099 0.747529 0.00748267 3.51218 0.0676204 4.90283 0.208606 3968.58 1980.59 3976.99 1980.81 3976.99 1980.81 0.60305 0.159285 
300 0.29 399600000 46.3542 2.61825 -1198.97 22.6076 1.44526e+06 53619 2.132e+12 1.53831e+11 -0.0612431 0.0908019 0.707211 0.0156608 0.559652 0.0111377 0.31509 0.0124099 0.747529 0.00748267 3.51218 0.0676204 4.90283 0.208606 3968.58 1980.59 3976.99 1980.81 3976.99 1980.81 0.60305 0.159285 
300 0.29 401400000 46.3542 2.61825 -1198.97 22.6076 1.44526e+06 53619 2.132e+12 1.53831e+11 -0.0612431 0.0908019 0.707211 0.0156608 0.559652 0.0111377 0.31509 0.0124099 0.747529 0.00748267 3.51218 0.0676204 4.90283 0.208606 3968.58 1980.59 3976.99 1980.81 3976.99 1980.81 0.60305 0.159285 
300 0.29 403200000 46.3542 2.61825 -1198.97 22.6076 1.44526e+06 53619 2.132e+12 1.53831e+11 -0.0612431 0.0908019 0.707211 0.0156608 0.559652 0.0111377 0.31509 0.0124099 0.747529 0.00748267 3.51218 0.0676204 4.90283 0.208606 3968.58 1980.59 3976.99 1980.81 3976.99 1980.81 0.60305 0.159285 
300 0.29 405000000 46.3542 2.61825 -1198.97 22.6076 1.44526e+06 53619 2.132e+12 1.53831e+11 -0.0612431 0.0908019 0.707211 0.0156608 0.559652 0.0111377 0.31509 0.0124099 0.747529 0.00748267 3.51218 0.0676204 4.90283 0.208606 3968.58 1980.59 3976.99 1980.81 3976.99 1980.81 0.60305 0.159285 
300 0.29 406800000 46.3542 2.61825 -1198.97 22.6076 1.44526e+06 53619 2.132e+12 1.53831e+11 -0.0612431 0.0908019 0.707211 0.0156608 0.559652 0.0111377 0.31509 0.0124099 0.747529 0.00748267 3.51218 0.0676204 4.90283 0.208606 3968.58 1980.59 3976.99 1980.81 3976.99 1980.81 0.60305 0.159285 
300 0.29 408600000 46.6538 2.48064 -1204.06 22.6076 1.4577e+06 53619 2.16978e+12 1.53831e+11 -0.0324947 0.0908019 0.705933 0.0156608 0.560911 0.0111377 0.316476 0.0124099 0.748379 0.00748267 3.53156 0.0676204 4.9022 0.208606 4580.18 1980.59 4588.61 1980.81 4588.61 1980.81 0.633417 0.159285 
300 0.29 410400000 46.6538 2.48064 -1204.06 22.6076 1.4577e+06 53619 2.16978e+12 1.53831e+11 -0.0324947 0.0908019 0.705933 0.0156608 0.560911 0.0111377 0.316476 0.0124099 0.748379 0.00748267 3.53156 0.0676204 4.9022 0.208606 4580.18 1980.59 4588.61 1980.81 4588.61 1980.81 0.633417 0.159285 
300 0.29 412200000 46.6538 2.48064 -1204.06 22.6076 1.4577e+06 53619 2.16978e+12 1.53831e+11 -0.0324947 0.0908019 0.705933 0.0156608 0.560911 0.0111377 0.316476 0.0124099 0.748379 0.00748267 3.53156 0.0676204 4.9022 0.208606 4580.18 1980.59 4588.61 1980.81 4588.61 1980.81 0.633417 0.159285 
300 0.29 414000000 46.6538 2.48064 -1204.06 22.6076 1.4577e+06 53619 2.16978e+12 1.53831e+11 -0.0324947 0.0908019 0.705933 0.0156608 0.560911 0.0111377 0.316476 0.0124099 0.748379 0.00748267 3.53156 0.0676204 4.9022 0.208606 4580.18 1980.59 4588.61 1980.81 4588.61 1980.81 0.633417 0.159285 
300 0.29 415800000 46.6538 2.48064 -1204.06 22.6076 1.4577e+06 53619 2.16978e+12 1.53831e+11 -0.0324947 0.0908019 0.705933 0.0156608 0.560911 0.0111377 0.316476 0.0124099 0.748379 0.00748267 3.53156 0.0676204 4.9022 0.208606 4580.18 1980.59 4588.61 1980.81 4588.61 1980.81 0.633417 0.159285 
300 0.29 417600000 46.6538 2.48064 -1204.06 22.6076 1.4577e+06 53619 2.16978e+12 1.53831e+11 -0.0324947 0.0908019 0.705933 0.0156608 0.560911 0.0111377 0.316476 0.0124099 0.748379 0.00748267 3.53156 0.0676204 4.9022 0.208606 4580.18 1980.59 4588.61 1980.81 4588.61 1980.81 0.633417 0.159285 
300 0.29 419400000 46.6538 2.48064 -1204.06 22.6076 1.4577e+06 53619 2.16978e+12 1.53831e+11 -0.0324947 0.0908019 0.705933 0.0156608 0.560911 0.0111377 0.316476 0.0124099 0.748379 0.00748267 3.53156 0.0676204 4.9022 0.208606 4580.18 1980.59 4588.61 1980.81 4588.61 1980.81 0.633417 0.159285 
300 0.29 421200000 46.6538 2.48064 -1204.06 22.6076 1.4577e+06 53619 2.16978e+12 1.53831e+11 -0.0324947 0.0908019 0.705933 0.0156608 0.560911 0.0111377 0.316476 0.0124099 0.748379 0.00748267 3.53156 0.0676204 4.9022 0.208606 4580.18 1980.59 4588.61 1980.81 4588.61 1980.81 0.633417 0.159285 
300 0.29 423000000 46.6538 2.48064 -1204.06 22.6076 1.4577e+06 53619 2.16978e+12 1.53831e+11 -0.0324947 0.0908019 0.705933 0.0156608 0.560911 0.0111377 0.316476 0.0124099 0.748379 0.00748267 3.53156 0.0676204 4.9022 0.208606 4580.18 1980.59 4588.61 1980.81 4588.61 1980.81 0.633417 0.159285 
300 0.29 424800000 46.6538 2.48064 -1204.06 22.6076 1.4577e+06 53619 2.16978e+12 1.53831e+11 -0.0324947 0.0908019 0.705933 0.0156608 0.560911 0.0111377 0.316476 0.0124099 0.748379 0.00748267 3.53156 0.0676204 4.9022 0.208606 4580.18 1980.59 4588.61 1980.81 4588.61 1980.81 0.633417 0.159285 
300 0.29 426600000 46.6538 2.48064 -1204.06 22.6076 1.4577e+06 53619 2.16978e+12 1.53831e+11 -0.0324947 0.0908019 0.705933 0.0156608 0.560911 0.0111377 0.316476 0.0124099 0.748379 0.00748267 3.53156 0.0676204 4.9022 0.208606 4580.18 1980.59 4588.61 1980.81 4588.61 1980.81 0.633417 0.159285 
300 0.29 428400000 46.6538 2.48064 -1204.06 22.6076 1.4577e+06 53619 2.16978e+12 1.53831e+11 -0.0324947 0.0908019 0.705933 0.0156608 0.560911 0.0111377 0.316476 0.0124099 0.748379 0.00748267 3.53156 0.0676204 4.9022 0.208606 4580.18 1980.59 4588.61 1980.81 4588.61 1980.81 0.633417 0.159285 
300 0.29 430200000 46.6538 2.48064 -1204.06 22.6076 1.4577e+06 53619 2.16978e+12 1.53831e+11 -0.0324947 0.0908019 0.705933 0.0156608 0.560911 0.0111377 0.316476 0.0124099 0.748379 0.00748267 3.53156 0.0676204 4.9022 0.208606 4580.18 1980.59 4588.61 1980.81 4588.61 1980.81 0.633417 0.159285 
300 0.29 432000000 46.6538 2.48064 -1204.06 22.6076 1.4577e+06 53619 2.16978e+12 1.53831e+11 -0.0324947 0.0908019 0.705933 0.0156608 0.560911 0.0111377 0.316476 0.0124099 0.748379 0.00748267 3.53156 0.0676204 4.9022 0.208606 4580.18 1980.59 4588.61 1980.81 4588.61 1980.81 0.633417 0.159285 
300 0.29 433800000 46.6538 2.48064 -1204.06 22.6076 1.4577e+06 53619 2.16978e+12 1.53831e+11 -0.0324947 0.0908019 0.705933 0.0156608 0.560911 0.0111377 0.316476 0.0124099 0.748379 0.00748267 3.53156 0.0676204 4.9022 0.208606 4580.18 1980.59 4588.61 1980.81 4588.61 1980.81 0.633417 0.159285 
300 0.29 435600000 46.6538 2.48064 -1204.06 22.6076 1.4577e+06 53619 2.16978e+12 1.53831e+11 -0.0324947 0.0908019 0.705933 0.0156608 0.560911 0.0111377 0.316476 0.0124099 0.748379 0.00748267 3.53156 0.0676204 4.9022 0.208606 4580.18 1980.59 4588.61 1980.81 4588.61 1980.81 0.633417 0.159285 
300 0.29 437400000 45.7411 2.4252 -1195.18 19.6932 1.43742e+06 46529.2 2.11581e+12 1.32704e+11 -0.0179084 0.0875623 0.704059 0.0137371 0.556442 0.00999829 0.311727 0.0110832 0.745306 0.00673579 3.5279 0.0597596 4.93178 0.180803 4996.71 1946.29 5005.17 1946.48 5005.17 1946.48 0.659406 0.14616 
300 0.29 439200000 45.7411 2.4252 -1195.18 19.6932 1.43742e+06 46529.2 2.11581e+12 1.32704e+11 -0.0179084 0.0875623 0.704059 0.0137371 0.556442 0.00999829 0.311727 0.0110832 0.745306 0.00673579 3.5279 0.0597596 4.93178 0.180803 4996.71 1946.29 5005.17 1946.48 5005.17 1946.48 0.659406 0.14616 
300 0.29 441000000 45.7411 2.4252 -1195.18 19.6932 1.43742e+06 46529.2 2.11581e+12 1.32704e+11 -0.0179084 0.0875623 0.704059 0.0137371 0.556442 0.00999829 0.311727 0.0110832 0.745306 0.00673579 3.5279 0.0597596 4.93178 0.180803 4996.71 1946.29 5005.17 1946.48 5005.17 1946.48 0.659406 0.14616 
300 0.29 442800000 45.7411 2.4252 -1195.18 19.6932 1.43742e+06 46529.2 2.11581e+12 1.32704e+11 -0.0179084 0.0875623 0.704059 0.0137371 0.556442 0.00999829 0.311727 0.0110832 0.745306 0.00673579 3.5279 0.0597596 4.93178 0.180803 4996.71 1946.29 5005.17 1946.48 5005.17 1946.48 0.659406 0.14616 
300 0.29 444600000 45.7411 2.4252 -1195.18 19.6932 1.43742e+06 46529.2 2.11581e+12 1.32704e+11 -0.0179084 0.0875623 0.704059 0.0137371 0.556442 0.00999829 0.311727 0.0110832 0.745306 0.00673579 3.5279 0.0597596 4.93178 0.180803 4996.71 1946.29 5005.17 1946.48 5005.17 1946.48 0.659406 0.14616 
300 0.29 446400000 45.7411 2.4252 -1195.18 19.6932 1.43742e+06 46529.2 2.11581e+12 1.32704e+11 -0.0179084 0.0875623 0.704059 0.0137371 0.556442 0.00999829 0.311727 0.0110832 0.745306 0.00673579 3.5279 0.0597596 4.93178 0.180803 4996.71 1946.29 5005.17 1946.48 5005.17 1946.48 0.659406 0.14616 
300 0.29 448200000 45.7411 2.4252 -1195.18 19.6932 1.43742e+06 46529.2 2.11581e+12 1.32704e+11 -0.0179084 0.0875623 0.704059 0.0137371 0.556442 0.00999829 0.311727 0.0110832 0.745306 0.00673579 3.5279 0.0597596 4.93178 0.180803 4996.71 1946.29 5005.17 1946.48 5005.17 1946.48 0.659406 0.14616 
300 0.29 450000000 45.7411 2.4252 -1195.18 19.6932 1.43742e+06 46529.2 2.11581e+12 1.32704e+11 -0.0179084 0.0875623 0.704059 0.0137371 0.556442 0.00999829 0.311727 0.0110832 0.745306 0.00673579 3.5279 0.0597596 4.93178 0.180803 4996.71 1946.29 5005.17 1946.48 5005.17 1946.48 0.659406 0.14616 
300 0.29 451800000 45.7411 2.4252 -1195.18 19.6932 1.43742e+06 46529.2 2.11581e+12 1.32704e+11 -0.0179084 0.0875623 0.704059 0.0137371 0.556442 0.00999829 0.311727 0.0110832 0.745306 0.00673579 3.5279 0.0597596 4.93178 0.180803 4996.71 1946.29 5005.17 1946.48 5005.17 1946.48 0.659406 0.14616 
300 0.29 453600000 45.7411 2.4252 -1195.18 19.6932 1.43742e+06 46529.2 2.11581e+12 1.32704e+11 -0.0179084 0.0875623 0.704059 0.0137371 0.556442 0.00999829 0.311727 0.0110832 0.745306 0.00673579 3.5279 0.0597596 4.93178 0.180803 4996.71 1946.29 5005.17 1946.48 5005.17 1946.48 0.659406 0.14616 
300 0.29 455400000 45.7411 2.4252 -1195.18 19.6932 1.43742e+06 46529.2 2.11581e+12 1.32704e+11 -0.0179084 0.0875623 0.704059 0.0137371 0.556442 0.00999829 0.311727 0.0110832 0.745306 0.00673579 3.5279 0.0597596 4.93178 0.180803 4996.71 1946.29 5005.17 1946.48 5005.17 1946.48 0.659406 0.14616 
300 0.29 457200000 45.7411 2.4252 -1195.18 19.6932 1.43742e+06 46529.2 2.11581e+12 1.32704e+11 -0.0179084 0.0875623 0.704059 0.0137371 0.556442 0.00999829 0.311727 0.0110832 0.745306 0.00673579 3.5279 0.0597596 4.93178 0.180803 4996.71 1946.29 5005.17 1946.48 5005.17 1946.48 0.659406 0.14616 
300 0.29 459000000 45.7411 2.4252 -1195.18 19.6932 1.43742e+06 46529.2 2.11581e+12 1.32704e+11 -0.0179084 0.0875623 0.704059 0.0137371 0.556442 0.00999829 0.311727 0.0110832 0.745306 0.00673579 3.5279 0.0597596 4.93178 0.180803 4996.71 1946.29 5005.17 1946.48 5005.17 1946.48 0.659406 0.14616 
300 0.29 460800000 45.7411 2.4252 -1195.18 19.6932 1.43742e+06 46529.2 2.11581e+12 1.32704e+11 -0.0179084 0.0875623 0.704059 0.0137371 0.556442 0.00999829 0.311727 0.0110832 0.745306 0.00673579 3.5279 0.0597596 4.93178 0.180803 4996.71 1946.29 5005.17 1946.48 5005.17 1946.48 0.659406 0.14616 
300 0.29 462600000 45.7411 2.4252 -1195.18 19.6932 1.43742e+06 46529.2 2.11581e+12 1.32704e+11 -0.0179084 0.0875623 0.704059 0.0137371 0.556442 0.00999829 0.311727 0.0110832 0.745306 0.00673579 3.5279 0.0597596 4.93178 0.180803 4996.71 1946.29 5005.17 1946.48 5005.17 1946.48 0.659406 0.14616 
300 0.29 464400000 45.7411 2.4252 -1195.18 19.6932 1.43742e+06 46529.2 2.11581e+12 1.32704e+11 -0.0179084 0.0875623 0.704059 0.0137371 0.556442 0.00999829 0.311727 0.0110832 0.745306 0.00673579 3.5279 0.0597596 4.93178 0.180803 4996.71 1946.29 5005.17 1946.48 5005.17 1946.48 0.659406 0.14616 
300 0.29 466200000 44.8 2.43928 -1194.92 19.6932 1.43712e+06 46529.2 2.11682e+12 1.32704e+11 -0.00243867 0.0875623 0.705206 0.0137371 0.557458 0.00999829 0.312879 0.0110832 0.745983 0.00673579 3.54156 0.0597596 4.95261 0.180803 5098.99 1946.29 5107.48 1946.48 5107.48 1946.48 0.681823 0.14616 
300 0.29 468000000 44.8 2.43928 -1194.92 19.6932 1.43712e+06 46529.2 2.11682e+12 1.32704e+11 -0.00243867 0.0875623 0.705206 0.0137371 0.557458 0.00999829 0.312879 0.0110832 0.745983 0.00673579 3.54156 0.0597596 4.95261 0.180803 5098.99 1946.29 5107.48 1946.48 5107.48 1946.48 0.681823 0.14616 
300 0.29 469800000 44.8 2.43928 -1194.92 19.6932 1.43712e+06 46529.2 2.11682e+12 1.32704e+11 -0.00243867 0.0875623 0.705206 0.0137371 0.557458 0.00999829 0.312879 0.0110832 0.745983 0.00673579 3.54156 0.0597596 4.95261 0.180803 5098.99 1946.29 5107.48 1946.48 5107.48 1946.48 0.681823 0.14616 
300 0.29 471600000 44.8 2.43928 -1194.92 19.6932 1.43712e+06 46529.2 2.11682e+12 1.32704e+11 -0.00243867 0.0875623 0.705206 0.0137371 0.557458 0.00999829 0.312879 0.0110832 0.745983 0.00673579 3.54156 0.0597596 4.95261 0.180803 5098.99 1946.29 5107.48 1946.48 5107.48 1946.48 0.681823 0.14616 
300 0.29 473400000 44.8 2.43928 -1194.92 19.6932 1.43712e+06 46529.2 2.11682e+12 1.32704e+11 -0.00243867 0.0875623 0.705206 0.0137371 0.557458 0.00999829 0.312879 0.0110832 0.745983 0.00673579 3.54156 0.0597596 4.95261 0.180803 5098.99 1946.29 5107.48 1946.48 5107.48 1946.48 0.681823 0.14616 
300 0.29 475200000 44.8 2.43928 -1194.92 19.6932 1.43712e+06 46529.2 2.11682e+12 1.32704e+11 -0.00243867 0.0875623 0.705206 0.0137371 0.557458 0.00999829 0.312879 0.0110832 0.745983 0.00673579 3.54156 0.0597596 4.95261 0.180803 5098.99 1946.29 5107.48 1946.48 5107.48 1946.48 0.681823 0.14616 
300 0.29 477000000 44.8 2.43928 -1194.92 19.6932 1.43712e+06 46529.2 2.11682e+12 1.32704e+11 -0.00243867 0.0875623 0.705206 0.0137371 0.557458 0.00999829 0.312879 0.0110832 0.745983 0.00673579 3.54156 0.0597596 4.95261 0.180803 5098.99 1946.29 5107.48 1946.48 5107.48 1946.48 0.681823 0.14616 
300 0.29 478800000 44.8 2.43928 -1194.92 19.6932 1.43712e+06 46529.2 2.11682e+12 1.32704e+11 -0.00243867 0.0875623 0.705206 0.0137371 0.557458 0.00999829 0.312879 0.0110832 0.745983 0.00673579 3.54156 0.0597596 4.95261 0.180803 5098.99 1946.29 5107.48 1946.48 5107.48 1946.48 0.681823 0.14616 
300 0.29 480600000 44.8 2.43928 -1194.92 19.6932 1.43712e+06 46529.2 2.11682e+12 1.32704e+11 -0.00243867 0.0875623 0.705206 0.0137371 0.557458 0.00999829 0.312879 0.0110832 0.745983 0.00673579 3.54156 0.0597596 4.95261 0.180803 5098.99 1946.29 5107.48 1946.48 5107.48 1946.48 0.681823 0.14616 
300 0.29 482400000 44.8 2.43928 -1194.92 19.6932 1.43712e+06 46529.2 2.11682e+12 1.32704e+11 -0.00243867 0.0875623 0.705206 0.0137371 0.557458 0.00999829 0.312879 0.0110832 0.745983 0.00673579 3.54156 0.0597596 4.95261 0.180803 5098.99 1946.29 5107.48 1946.48 5107.48 1946.48 0.681823 0.14616 
300 0.29 484200000 44.8 2.43928 -1194.92 19.6932 1.43712e+06 46529.2 2.11682e+12 1.32704e+11 -0.00243867 0.0875623 0.705206 0.0137371 0.557458 0.00999829 0.312879 0.0110832 0.745983 0.00673579 3.54156 0.0597596 4.95261 0.180803 5098.99 1946.29 5107.48 1946.48 5107.48 1946.48 0.681823 0.14616 
300 0.29 486000000 44.8 2.43928 -1194.92 19.6932 1.43712e+06 46529.2 2.11682e+12 1.32704e+11 -0.00243867 0.0875623 0.705206 0.0137371 0.557458 0.00999829 0.312879 0.0110832 0.745983 0.00673579 3.54156 0.0597596 4.95261 0.180803 5098.99 1946.29 5107.48 1946.48 5107.48 1946.48 0.681823 0.14616 
300 0.29 487800000 44.8 2.43928 -1194.92 19.6932 1.43712e+06 46529.2 2.11682e+12 1.32704e+11 -0.00243867 0.0875623 0.705206 0.0137371 0.557458 0.00999829 0.312879 0.0110832 0.745983 0.00673579 3.54156 0.0597596 4.95261 0.180803 5098.99 1946.29 5107.48 1946.48 5107.48 1946.48 0.681823 0.14616 
300 0.29 489600000 44.8 2.43928 -1194.92 19.6932 1.43712e+06 46529.2 2.11682e+12 1.32704e+11 -0.00243867 0.0875623 0.705206 0.0137371 0.557458 0.00999829 0.312879 0.0110832 0.745983 0.00673579 3.54156 0.0597596 4.95261 0.180803 5098.99 1946.29 5107.48 1946.48 5107.48 1946.48 0.681823 0.14616 
300 0.29 491400000 44.8 2.43928 -1194.92 19.6932 1.43712e+06 46529.2 2.11682e+12 1.32704e+11 -0.00243867 0.0875623 0.705206 0.0137371 0.557458 0.00999829 0.312879 0.0110832 0.745983 0.00673579 3.54156 0.0597596 4.95261 0.180803 5098.99 1946.29 5107.48 1946.48 5107.48 1946.48 0.681823 0.14616 
300 0.29 493200000 44.8 2.43928 -1194.92 19.6932 1.43712e+06 46529.2 2.11682e+12 1.32704e+11 -0.00243867 0.0875623 0.705206 0.0137371 0.557458 0.00999829 0.312879 0.0110832 0.745983 0.00673579 3.54156 0.0597596 4.95261 0.180803 5098.99 1946.29 5107.48 1946.48 5107.48 1946.48 0.681823 0.14616 
300 0.29 495000000 44.6328 2.29255 -1205.37 19.6898 1.46334e+06 47385 2.20069e+12 1.40664e+11 0.0134711 0.0820473 0.707685 0.0124893 0.561349 0.00987942 0.317352 0.0110332 0.748554 0.00663087 3.53081 0.0523608 4.93654 0.158265 5135.11 1707.92 5143.58 1708.08 5143.58 1708.08 0.701428 0.133794 
300 0.29 496800000 44.6328 2.29255 -1205.37 19.6898 1.46334e+06 47385 2.20069e+12 1.40664e+11 0.0134711 0.0820473 0.707685 0.0124893 0.561349 0.00987942 0.317352 0.0110332 0.748554 0.00663087 3.53081 0.0523608 4.93654 0.158265 5135.11 1707.92 5143.58 1708.08 5143.58 1708.08 0.701428 0.133794 
300 0.29 498600000 44.6328 2.29255 -1205.37 19.6898 1.46334e+06 47385 2.20069e+12 1.40664e+11 0.0134711 0.0820473 0.707685 0.0124893 0.561349 0.00987942 0.317352 0.0110332 0.748554 0.00663087 3.53081 0.0523608 4.93654 0.158265 5135.11 1707.92 5143.58 1708.08 5143.58 1708.08 0.701428 0.133794 
300 0.29 500400000 44.6328 2.29255 -1205.37 19.6898 1.46334e+06 47385 2.20069e+12 1.40664e+11 0.0134711 0.0820473 0.707685 0.0124893 0.561349 0.00987942 0.317352 0.0110332 0.748554 0.00663087 3.53081 0.0523608 4.93654 0.158265 5135.11 1707.92 5143.58 1708.08 5143.58 1708.08 0.701428 0.133794 
300 0.29 502200000 44.6328 2.29255 -1205.37 19.6898 1.46334e+06 47385 2.20069e+12 1.40664e+11 0.0134711 0.0820473 0.707685 0.0124893 0.561349 0.00987942 0.317352 0.0110332 0.748554 0.00663087 3.53081 0.0523608 4.93654 0.158265 5135.11 1707.92 5143.58 1708.08 5143.58 1708.08 0.701428 0.133794 
300 0.29 504000000 44.6328 2.29255 -1205.37 19.6898 1.46334e+06 47385 2.20069e+12 1.40664e+11 0.0134711 0.0820473 0.707685 0.0124893 0.561349 0.00987942 0.317352 0.0110332 0.748554 0.00663087 3.53081 0.0523608 4.93654 0.158265 5135.11 1707.92 5143.58 1708.08 5143.58 1708.08 0.701428 0.133794 
300 0.29 505800000 44.6328 2.29255 -1205.37 19.6898 1.46334e+06 47385 2.20069e+12 1.40664e+11 0.0134711 0.0820473 0.707685 0.0124893 0.561349 0.00987942 0.317352 0.0110332 0.748554 0.00663087 3.53081 0.0523608 4.93654 0.158265 5135.11 1707.92 5143.58 1708.08 5143.58 1708.08 0.701428 0.133794 
300 0.29 507600000 44.6328 2.29255 -1205.37 19.6898 1.46334e+06 47385 2.20069e+12 1.40664e+11 0.0134711 0.0820473 0.707685 0.0124893 0.561349 0.00987942 0.317352 0.0110332 0.748554 0.00663087 3.53081 0.0523608 4.93654 0.158265 5135.11 1707.92 5143.58 1708.08 5143.58 1708.08 0.701428 0.133794 
300 0.29 509400000 44.6328 2.29255 -1205.37 19.6898 1.46334e+06 47385 2.20069e+12 1.40664e+11 0.0134711 0.0820473 0.707685 0.0124893 0.561349 0.00987942 0.317352 0.0110332 0.748554 0.00663087 3.53081 0.0523608 4.93654 0.158265 5135.11 1707.92 5143.58 1708.08 5143.58 1708.08 0.701428 0.133794 
300 0.29 511200000 44.6328 2.29255 -1205.37 19.6898 1.46334e+06 47385 2.20069e+12 1.40664e+11 0.0134711 0.0820473 0.707685 0.0124893 0.561349 0.00987942 0.317352 0.0110332 0.748554 0.00663087 3.53081 0.0523608 4.93654 0.158265 5135.11 1707.92 5143.58 1708.08 5143.58 1708.08 0.701428 0.133794 
300 0.29 513000000 44.6328 2.29255 -1205.37 19.6898 1.46334e+06 47385 2.20069e+12 1.40664e+11 0.0134711 0.0820473 0.707685 0.0124893 0.561349 0.00987942 0.317352 0.0110332 0.748554 0.00663087 3.53081 0.0523608 4.93654 0.158265 5135.11 1707.92 5143.58 1708.08 5143.58 1708.08 0.701428 0.133794 
300 0.29 514800000 44.6328 2.29255 -1205.37 19.6898 1.46334e+06 47385 2.20069e+12 1.40664e+11 0.0134711 0.0820473 0.707685 0.0124893 0.561349 0.00987942 0.317352 0.0110332 0.748554 0.00663087 3.53081 0.0523608 4.93654 0.158265 5135.11 1707.92 5143.58 1708.08 5143.58 1708.08 0.701428 0.133794 
300 0.29 516600000 44.6328 2.29255 -1205.37 19.6898 1.46334e+06 47385 2.20069e+12 1.40664e+11 0.0134711 0.0820473 0.707685 0.0124893 0.561349 0.00987942 0.317352 0.0110332 0.748554 0.00663087 3.53081 0.0523608 4.93654 0.158265 5135.11 1707.92 5143.58 1708.08 5143.58 1708.08 0.701428 0.133794 
300 0.29 518400000 44.6328 2.29255 -1205.37 19.6898 1.46334e+06 47385 2.20069e+12 1.40664e+11 0.0134711 0.0820473 0.707685 0.0124893 0.561349 0.00987942 0.317352 0.0110332 0.748554 0.00663087 3.53081 0.0523608 4.93654 0.158265 5135.11 1707.92 5143.58 1708.08 5143.58 1708.08 0.701428 0.133794 
300 0.29 520200000 44.6328 2.29255 -1205.37 19.6898 1.46334e+06 47385 2.20069e+12 1.40664e+11 0.0134711 0.0820473 0.707685 0.0124893 0.561349 0.00987942 0.317352 0.0110332 0.748554 0.00663087 3.53081 0.0523608 4.93654 0.158265 5135.11 1707.92 5143.58 1708.08 5143.58 1708.08 0.701428 0.133794 
300 0.29 522000000 44.6328 2.29255 -1205.37 19.6898 1.46334e+06 47385 2.20069e+12 1.40664e+11 0.0134711 0.0820473 0.707685 0.0124893 0.561349 0.00987942 0.317352 0.0110332 0.748554 0.00663087 3.53081 0.0523608 4.93654 0.158265 5135.11 1707.92 5143.58 1708.08 5143.58 1708.08 0.701428 0.133794 
300 0.29 523800000 45.125 2.2099 -1206.44 19.6898 1.46542e+06 47385 2.20386e+12 1.40664e+11 0.0263841 0.0820473 0.707294 0.0124893 0.560648 0.00987942 0.316477 0.0110332 0.748113 0.00663087 3.55011 0.0523608 4.94052 0.158265 5361.26 1707.92 5369.75 1708.08 5369.75 1708.08 0.718814 0.133794 
300 0.29 525600000 45.125 2.2099 -1206.44 19.6898 1.46542e+06 47385 2.20386e+12 1.40664e+11 0.0263841 0.0820473 0.707294 0.0124893 0.560648 0.00987942 0.316477 0.0110332 0.748113 0.00663087 3.55011 0.0523608 4.94052 0.158265 5361.26 1707.92 5369.75 1708.08 5369.75 1708.08 0.718814 0.133794 
300 0.29 527400000 45.125 2.2099 -1206.44 19.6898 1.46542e+06 47385 2.20386e+12 1.40664e+11 0.0263841 0.0820473 0.707294 0.0124893 0.560648 0.00987942 0.316477 0.0110332 0.748113 0.00663087 3.55011 0.0523608 4.94052 0.158265 5361.26 1707.92 5369.75 1708.08 5369.75 1708.08 0.718814 0.133794 
300 0.29 529200000 45.125 2.2099 -1206.44 19.6898 1.46542e+06 47385 2.20386e+12 1.40664e+11 0.0263841 0.0820473 0.707294 0.0124893 0.560648 0.00987942 0.316477 0.0110332 0.748113 0.00663087 3.55011 0.0523608 4.94052 0.158265 5361.26 1707.92 5369.75 1708.08 5369.75 1708.08 0.718814 0.133794 
300 0.29 531000000 45.125 2.2099 -1206.44 19.6898 1.46542e+06 47385 2.20386e+12 1.40664e+11 0.0263841 0.0820473 0.707294 0.0124893 0.560648 0.00987942 0.316477 0.0110332 0.748113 0.00663087 3.55011 0.0523608 4.94052 0.158265 5361.26 1707.92 5369.75 1708.08 5369.75 1708.08 0.718814 0.133794 
300 0.29 532800000 45.125 2.2099 -1206.44 19.6898 1.46542e+06 47385 2.20386e+12 1.40664e+11 0.0263841 0.0820473 0.707294 0.0124893 0.560648 0.00987942 0.316477 0.0110332 0.748113 0.00663087 3.55011 0.0523608 4.94052 0.158265 5361.26 1707.92 5369.75 1708.08 5369.75 1708.08 0.718814 0.133794 
300 0.29 534600000 45.125 2.2099 -1206.44 19.6898 1.46542e+06 47385 2.20386e+12 1.40664e+11 0.0263841 0.0820473 0.707294 0.0124893 0.560648 0.00987942 0.316477 0.0110332 0.748113 0.00663087 3.55011 0.0523608 4.94052 0.158265 5361.26 1707.92 5369.75 1708.08 5369.75 1708.08 0.718814 0.133794 
300 0.29 536400000 45.125 2.2099 -1206.44 19.6898 1.46542e+06 47385 2.20386e+12 1.40664e+11 0.0263841 0.0820473 0.707294 0.0124893 0.560648 0.00987942 0.316477 0.0110332 0.748113 0.00663087 3.55011 0.0523608 4.94052 0.158265 5361.26 1707.92 5369.75 1708.08 5369.75 1708.08 0.718814 0.133794 
300 0.29 538200000 45.125 2.2099 -1206.44 19.6898 1.46542e+06 47385 2.20386e+12 1.40664e+11 0.0263841 0.0820473 0.707294 0.0124893 0.560648 0.00987942 0.316477 0.0110332 0.748113 0.00663087 3.55011 0.0523608 4.94052 0.158265 5361.26 1707.92 5369.75 1708.08 5369.75 1708.08 0.718814 0.133794 
300 0.29 540000000 45.125 2.2099 -1206.44 19.6898 1.46542e+06 47385 2.20386e+12 1.40664e+11 0.0263841 0.0820473 0.707294 0.0124893 0.560648 0.00987942 0.316477 0.0110332 0.748113 0.00663087 3.55011 0.0523608 4.94052 0.158265 5361.26 1707.92 5369.75 1708.08 5369.75 1708.08 0.718814 0.133794 
300 0.29 541800000 45.125 2.2099 -1206.44 19.6898 1.46542e+06 47385 2.20386e+12 1.40664e+11 0.0263841 0.0820473 0.707294 0.0124893 0.560648 0.00987942 0.316477 0.0110332 0.748113 0.00663087 3.55011 0.0523608 4.94052 0.158265 5361.26 1707.92 5369.75 1708.08 5369.75 1708.08 0.718814 0.133794 
300 0.29 543600000 45.125 2.2099 -1206.44 19.6898 1.46542e+06 47385 2.20386e+12 1.40664e+11 0.0263841 0.0820473 0.707294 0.0124893 0.560648 0.00987942 0.316477 0.0110332 0.748113 0.00663087 3.55011 0.0523608 4.94052 0.158265 5361.26 1707.92 5369.75 1708.08 5369.75 1708.08 0.718814 0.133794 
300 0.29 545400000 45.125 2.2099 -1206.44 19.6898 1.46542e+06 47385 2.20386e+12 1.40664e+11 0.0263841 0.0820473 0.707294 0.0124893 0.560648 0.00987942 0.316477 0.0110332 0.748113 0.00663087 3.55011 0.0523608 4.94052 0.158265 5361.26 1707.92 5369.75 1708.08 5369.75 1708.08 0.718814 0.133794 
300 0.29 547200000 45.125 2.2099 -1206.44 19.6898 1.46542e+06 47385 2.20386e+12 1.40664e+11 0.0263841 0.0820473 0.707294 0.0124893 0.560648 0.00987942 0.316477 0.0110332 0.748113 0.00663087 3.55011 0.0523608 4.94052 0.158265 5361.26 1707.92 5369.75 1708.08 5369.75 1708.08 0.718814 0.133794 
300 0.29 549000000 45.125 2.2099 -1206.44 19.6898 1.46542e+06 47385 2.20386e+12 1.40664e+11 0.0263841 0.0820473 0.707294 0.0124893 0.560648 0.00987942 0.316477 0.0110332 0.748113 0.00663087 3.55011 0.0523608 4.94052 0.158265 5361.26 1707.92 5369.75 1708.08 5369.75 1708.08 0.718814 0.133794 
300 0.29 550800000 45.125 2.2099 -1206.44 19.6898 1.46542e+06 47385 2.20386e+12 1.40664e+11 0.0263841 0.0820473 0.707294 0.0124893 0.560648 0.00987942 0.316477 0.0110332 0.748113 0.00663087 3.55011 0.0523608 4.94052 0.158265 5361.26 1707.92 5369.75 1708.08 5369.75 1708.08 0.718814 0.133794 
300 0.29 552600000 43.7431 2.48189 -1208.76 17.7924 1.47089e+06 42717.5 2.21915e+12 1.26241e+11 0.0383755 0.0766175 0.708424 0.0111235 0.562446 0.00884236 0.318501 0.00986688 0.749313 0.00593735 3.5483 0.0493754 4.94211 0.140778 5709.93 1611.98 5718.42 1612.12 5718.42 1612.12 0.734312 0.122903 
300 0.29 554400000 43.7431 2.48189 -1208.76 17.7924 1.47089e+06 42717.5 2.21915e+12 1.26241e+11 0.0383755 0.0766175 0.708424 0.0111235 0.562446 0.00884236 0.318501 0.00986688 0.749313 0.00593735 3.5483 0.0493754 4.94211 0.140778 5709.93 1611.98 5718.42 1612.12 5718.42 1612.12 0.734312 0.122903 
300 0.29 556200000 43.7431 2.48189 -1208.76 17.7924 1.47089e+06 42717.5 2.21915e+12 1.26241e+11 0.0383755 0.0766175 0.708424 0.0111235 0.562446 0.00884236 0.318501 0.00986688 0.749313 0.00593735 3.5483 0.0493754 4.94211 0.140778 5709.93 1611.98 5718.42 1612.12 5718.42 1612.12 0.734312 0.122903 
300 0.29 558000000 43.7431 2.48189 -1208.76 17.7924 1.47089e+06 42717.5 2.21915e+12 1.26241e+11 0.0383755 0.0766175 0.708424 0.0111235 0.562446 0.00884236 0.318501 0.00986688 0.749313 0.00593735 3.5483 0.0493754 4.94211 0.140778 5709.93 1611.98 5718.42 1612.12 5718.42 1612.12 0.734312 0.122903 
300 0.29 559800000 43.7431 2.48189 -1208.76 17.7924 1.47089e+06 42717.5 2.21915e+12 1.26241e+11 0.0383755 0.0766175 0.708424 0.0111235 0.562446 0.00884236 0.318501 0.00986688 0.749313 0.00593735 3.5483 0.0493754 4.94211 0.140778 5709.93 1611.98 5718.42 1612.12 5718.42 1612.12 0.734312 0.122903 
300 0.29 561600000 43.7431 2.48189 -1208.76 17.7924 1.47089e+06 42717.5 2.21915e+12 1.26241e+11 0.0383755 0.0766175 0.708424 0.0111235 0.562446 0.00884236 0.318501 0.00986688 0.749313 0.00593735 3.5483 0.0493754 4.94211 0.140778 5709.93 1611.98 5718.42 1612.12 5718.42 1612.12 0.734312 0.122903 
300 0.29 563400000 43.7431 2.48189 -1208.76 17.7924 1.47089e+06 42717.5 2.21915e+12 1.26241e+11 0.0383755 0.0766175 0.708424 0.0111235 0.562446 0.00884236 0.318501 0.00986688 0.749313 0.00593735 3.5483 0.0493754 4.94211 0.140778 5709.93 1611.98 5718.42 1612.12 5718.42 1612.12 0.734312 0.122903 
300 0.29 565200000 43.7431 2.48189 -1208.76 17.7924 1.47089e+06 42717.5 2.21915e+12 1.26241e+11 0.0383755 0.0766175 0.708424 0.0111235 0.562446 0.00884236 0.318501 0.00986688 0.749313 0.00593735 3.5483 0.0493754 4.94211 0.140778 5709.93 1611.98 5718.42 1612.12 5718.42 1612.12 0.734312 0.122903 
300 0.29 567000000 43.7431 2.48189 -1208.76 17.7924 1.47089e+06 42717.5 2.21915e+12 1.26241e+11 0.0383755 0.0766175 0.708424 0.0111235 0.562446 0.00884236 0.318501 0.00986688 0.749313 0.00593735 3.5483 0.0493754 4.94211 0.140778 5709.93 1611.98 5718.42 1612.12 5718.42 1612.12 0.734312 0.122903 
300 0.29 568800000 43.7431 2.48189 -1208.76 17.7924 1.47089e+06 42717.5 2.21915e+12 1.26241e+11 0.0383755 0.0766175 0.708424 0.0111235 0.562446 0.00884236 0.318501 0.00986688 0.749313 0.00593735 3.5483 0.0493754 4.94211 0.140778 5709.93 1611.98 5718.42 1612.12 5718.42 1612.12 0.734312 0.122903 
300 0.29 570600000 43.7431 2.48189 -1208.76 17.7924 1.47089e+06 42717.5 2.21915e+12 1.26241e+11 0.0383755 0.0766175 0.708424 0.0111235 0.562446 0.00884236 0.318501 0.00986688 0.749313 0.00593735 3.5483 0.0493754 4.94211 0.140778 5709.93 1611.98 5718.42 1612.12 5718.42 1612.12 0.734312 0.122903 
300 0.29 572400000 43.7431 2.48189 -1208.76 17.7924 1.47089e+06 42717.5 2.21915e+12 1.26241e+11 0.0383755 0.0766175 0.708424 0.0111235 0.562446 0.00884236 0.318501 0.00986688 0.749313 0.00593735 3.5483 0.0493754 4.94211 0.140778 5709.93 1611.98 5718.42 1612.12 5718.42 1612.12 0.734312 0.122903 
300 0.29 574200000 43.7431 2.48189 -1208.76 17.7924 1.47089e+06 42717.5 2.21915e+12 1.26241e+11 0.0383755 0.0766175 0.708424 0.0111235 0.562446 0.00884236 0.318501 0.00986688 0.749313 0.00593735 3.5483 0.0493754 4.94211 0.140778 5709.93 1611.98 5718.42 1612.12 5718.42 1612.12 0.734312 0.122903 
300 0.29 576000000 43.7431 2.48189 -1208.76 17.7924 1.47089e+06 42717.5 2.21915e+12 1.26241e+11 0.0383755 0.0766175 0.708424 0.0111235 0.562446 0.00884236 0.318501 0.00986688 0.749313 0.00593735 3.5483 0.0493754 4.94211 0.140778 5709.93 1611.98 5718.42 1612.12 5718.42 1612.12 0.734312 0.122903 
300 0.29 577800000 43.7431 2.48189 -1208.76 17.7924 1.47089e+06 42717.5 2.21915e+12 1.26241e+11 0.0383755 0.0766175 0.708424 0.0111235 0.562446 0.00884236 0.318501 0.00986688 0.749313 0.00593735 3.5483 0.0493754 4.94211 0.140778 5709.93 1611.98 5718.42 1612.12 5718.42 1612.12 0.734312 0.122903 
300 0.29 579600000 43.7431 2.48189 -1208.76 17.7924 1.47089e+06 42717.5 2.21915e+12 1.26241e+11 0.0383755 0.0766175 0.708424 0.0111235 0.562446 0.00884236 0.318501 0.00986688 0.749313 0.00593735 3.5483 0.0493754 4.94211 0.140778 5709.93 1611.98 5718.42 1612.12 5718.42 1612.12 0.734312 0.122903 
300 0.29 581400000 44.2171 2.39611 -1208.9 17.7924 1.47086e+06 42717.5 2.21701e+12 1.26241e+11 0.0435626 0.0766175 0.710347 0.0111235 0.56313 0.00884236 0.319225 0.00986688 0.749783 0.00593735 3.55814 0.0493754 4.95559 0.140778 6070.47 1611.98 6078.98 1612.12 6078.98 1612.12 0.748183 0.122903 
300 0.29 583200000 44.2171 2.39611 -1208.9 17.7924 1.47086e+06 42717.5 2.21701e+12 1.26241e+11 0.0435626 0.0766175 0.710347 0.0111235 0.56313 0.00884236 0.319225 0.00986688 0.749783 0.00593735 3.55814 0.0493754 4.95559 0.140778 6070.47 1611.98 6078.98 1612.12 6078.98 1612.12 0.748183 0.122903 
300 0.29 585000000 44.2171 2.39611 -1208.9 17.7924 1.47086e+06 42717.5 2.21701e+12 1.26241e+11 0.0435626 0.0766175 0.710347 0.0111235 0.56313 0.00884236 0.319225 0.00986688 0.749783 0.00593735 3.55814 0.0493754 4.95559 0.140778 6070.47 1611.98 6078.98 1612.12 6078.98 1612.12 0.748183 0.122903 
300 0.29 586800000 44.2171 2.39611 -1208.9 17.7924 1.47086e+06 42717.5 2.21701e+12 1.26241e+11 0.0435626 0.0766175 0.710347 0.0111235 0.56313 0.00884236 0.319225 0.00986688 0.749783 0.00593735 3.55814 0.0493754 4.95559 0.140778 6070.47 1611.98 6078.98 1612.12 6078.98 1612.12 0.748183 0.122903 
300 0.29 588600000 44.2171 2.39611 -1208.9 17.7924 1.47086e+06 42717.5 2.21701e+12 1.26241e+11 0.0435626 0.0766175 0.710347 0.0111235 0.56313 0.00884236 0.319225 0.00986688 0.749783 0.00593735 3.55814 0.0493754 4.95559 0.140778 6070.47 1611.98 6078.98 1612.12 6078.98 1612.12 0.748183 0.122903 
300 0.29 590400000 44.2171 2.39611 -1208.9 17.7924 1.47086e+06 42717.5 2.21701e+12 1.26241e+11 0.0435626 0.0766175 0.710347 0.0111235 0.56313 0.00884236 0.319225 0.00986688 0.749783 0.00593735 3.55814 0.0493754 4.95559 0.140778 6070.47 1611.98 6078.98 1612.12 6078.98 1612.12 0.748183 0.122903 
300 0.29 592200000 44.2171 2.39611 -1208.9 17.7924 1.47086e+06 42717.5 2.21701e+12 1.26241e+11 0.0435626 0.0766175 0.710347 0.0111235 0.56313 0.00884236 0.319225 0.00986688 0.749783 0.00593735 3.55814 0.0493754 4.95559 0.140778 6070.47 1611.98 6078.98 1612.12 6078.98 1612.12 0.748183 0.122903 
300 0.29 594000000 44.2171 2.39611 -1208.9 17.7924 1.47086e+06 42717.5 2.21701e+12 1.26241e+11 0.0435626 0.0766175 0.710347 0.0111235 0.56313 0.00884236 0.319225 0.00986688 0.749783 0.00593735 3.55814 0.0493754 4.95559 0.140778 6070.47 1611.98 6078.98 1612.12 6078.98 1612.12 0.748183 0.122903 
300 0.29 595800000 44.2171 2.39611 -1208.9 17.7924 1.47086e+06 42717.5 2.21701e+12 1.26241e+11 0.0435626 0.0766175 0.710347 0.0111235 0.56313 0.00884236 0.319225 0.00986688 0.749783 0.00593735 3.55814 0.0493754 4.95559 0.140778 6070.47 1611.98 6078.98 1612.12 6078.98 1612.12 0.748183 0.122903 
300 0.29 597600000 44.2171 2.39611 -1208.9 17.7924 1.47086e+06 42717.5 2.21701e+12 1.26241e+11 0.0435626 0.0766175 0.710347 0.0111235 0.56313 0.00884236 0.319225 0.00986688 0.749783 0.00593735 3.55814 0.0493754 4.95559 0.140778 6070.47 1611.98 6078.98 1612.12 6078.98 1612.12 0.748183 0.122903 
300 0.29 599400000 44.2171 2.39611 -1208.9 17.7924 1.47086e+06 42717.5 2.21701e+12 1.26241e+11 0.0435626 0.0766175 0.710347 0.0111235 0.56313 0.00884236 0.319225 0.00986688 0.749783 0.00593735 3.55814 0.0493754 4.95559 0.140778 6070.47 1611.98 6078.98 1612.12 6078.98 1612.12 0.748183 0.122903 
300 0.29 601200000 44.2171 2.39611 -1208.9 17.7924 1.47086e+06 42717.5 2.21701e+12 1.26241e+11 0.0435626 0.0766175 0.710347 0.0111235 0.56313 0.00884236 0.319225 0.00986688 0.749783 0.00593735 3.55814 0.0493754 4.95559 0.140778 6070.47 1611.98 6078.98 1612.12 6078.98 1612.12 0.748183 0.122903 
300 0.29 603000000 44.2171 2.39611 -1208.9 17.7924 1.47086e+06 42717.5 2.21701e+12 1.26241e+11 0.0435626 0.0766175 0.710347 0.0111235 0.56313 0.00884236 0.319225 0.00986688 0.749783 0.00593735 3.55814 0.0493754 4.95559 0.140778 6070.47 1611.98 6078.98 1612.12 6078.98 1612.12 0.748183 0.122903 
300 0.29 604800000 44.2171 2.39611 -1208.9 17.7924 1.47086e+06 42717.5 2.21701e+12 1.26241e+11 0.0435626 0.0766175 0.710347 0.0111235 0.56313 0.00884236 0.319225 0.00986688 0.749783 0.00593735 3.55814 0.0493754 4.95559 0.140778 6070.47 1611.98 6078.98 1612.12 6078.98 1612.12 0.748183 0.122903 
300 0.29 606600000 44.2171 2.39611 -1208.9 17.7924 1.47086e+06 42717.5 2.21701e+12 1.26241e+11 0.0435626 0.0766175 0.710347 0.0111235 0.56313 0.00884236 0.319225 0.00986688 0.749783 0.00593735 3.55814 0.0493754 4.95559 0.140778 6070.47 1611.98 6078.98 1612.12 6078.98 1612.12 0.748183 0.122903 
300 0.29 608400000 44.2171 2.39611 -1208.9 17.7924 1.47086e+06 42717.5 2.21701e+12 1.26241e+11 0.0435626 0.0766175 0.710347 0.0111235 0.56313 0.00884236 0.319225 0.00986688 0.749783 0.00593735 3.55814 0.0493754 4.95559 0.140778 6070.47 1611.98 6078.98 1612.12 6078.98 1612.12 0.748183 0.122903 
300 0.29 610200000 43.8 2.31232 -1211.01 16.1547 1.47565e+06 38710.5 2.22934e+12 1.14027e+11 0.0503741 0.0972911 0.712512 0.0114834 0.56502 0.00832449 0.321344 0.00928081 0.751047 0.00559133 3.54573 0.0568158 4.94104 0.172088 6329.55 2116.53 6338.04 2116.7 6338.04 2116.7 0.760664 0.156829 
300 0.29 612000000 43.8 2.31232 -1211.01 16.1547 1.47565e+06 38710.5 2.22934e+12 1.14027e+11 0.0503741 0.0972911 0.712512 0.0114834 0.56502 0.00832449 0.321344 0.00928081 0.751047 0.00559133 3.54573 0.0568158 4.94104 0.172088 6329.55 2116.53 6338.04 2116.7 6338.04 2116.7 0.760664 0.156829 
300 0.29 613800000 43.8 2.31232 -1211.01 16.1547 1.47565e+06 38710.5 2.22934e+12 1.14027e+11 0.0503741 0.0972911 0.712512 0.0114834 0.56502 0.00832449 0.321344 0.00928081 0.751047 0.00559133 3.54573 0.0568158 4.94104 0.172088 6329.55 2116.53 6338.04 2116.7 6338.04 2116.7 0.760664 0.156829 
300 0.29 615600000 43.8 2.31232 -1211.01 16.1547 1.47565e+06 38710.5 2.22934e+12 1.14027e+11 0.0503741 0.0972911 0.712512 0.0114834 0.56502 0.00832449 0.321344 0.00928081 0.751047 0.00559133 3.54573 0.0568158 4.94104 0.172088 6329.55 2116.53 6338.04 2116.7 6338.04 2116.7 0.760664 0.156829 
300 0.29 617400000 43.8 2.31232 -1211.01 16.1547 1.47565e+06 38710.5 2.22934e+12 1.14027e+11 0.0503741 0.0972911 0.712512 0.0114834 0.56502 0.00832449 0.321344 0.00928081 0.751047 0.00559133 3.54573 0.0568158 4.94104 0.172088 6329.55 2116.53 6338.04 2116.7 6338.04 2116.7 0.760664 0.156829 
300 0.29 619200000 43.8 2.31232 -1211.01 16.1547 1.47565e+06 38710.5 2.22934e+12 1.14027e+11 0.0503741 0.0972911 0.712512 0.0114834 0.56502 0.00832449 0.321344 0.00928081 0.751047 0.00559133 3.54573 0.0568158 4.94104 0.172088 6329.55 2116.53 6338.04 2116.7 6338.04 2116.7 0.760664 0.156829 
300 0.29 621000000 43.8 2.31232 -1211.01 16.1547 1.47565e+06 38710.5 2.22934e+12 1.14027e+11 0.0503741 0.0972911 0.712512 0.0114834 0.56502 0.00832449 0.321344 0.00928081 0.751047 0.00559133 3.54573 0.0568158 4.94104 0.172088 6329.55 2116.53 6338.04 2116.7 6338.04 2116.7 0.760664 0.156829 
300 0.29 622800000 43.8 2.31232 -1211.01 16.1547 1.47565e+06 38710.5 2.22934e+12 1.14027e+11 0.0503741 0.0972911 0.712512 0.0114834 0.56502 0.00832449 0.321344 0.00928081 0.751047 0.00559133 3.54573 0.0568158 4.94104 0.172088 6329.55 2116.53 6338.04 2116.7 6338.04 2116.7 0.760664 0.156829 
300 0.29 624600000 43.8 2.31232 -1211.01 16.1547 1.47565e+06 38710.5 2.22934e+12 1.14027e+11 0.0503741 0.0972911 0.712512 0.0114834 0.56502 0.00832449 0.321344 0.00928081 0.751047 0.00559133 3.54573 0.0568158 4.94104 0.172088 6329.55 2116.53 6338.04 2116.7 6338.04 2116.7 0.760664 0.156829 
300 0.29 626400000 43.8 2.31232 -1211.01 16.1547 1.47565e+06 38710.5 2.22934e+12 1.14027e+11 0.0503741 0.0972911 0.712512 0.0114834 0.56502 0.00832449 0.321344 0.00928081 0.751047 0.00559133 3.54573 0.0568158 4.94104 0.172088 6329.55 2116.53 6338.04 2116.7 6338.04 2116.7 0.760664 0.156829 
300 0.29 628200000 43.8 2.31232 -1211.01 16.1547 1.47565e+06 38710.5 2.22934e+12 1.14027e+11 0.0503741 0.0972911 0.712512 0.0114834 0.56502 0.00832449 0.321344 0.00928081 0.751047 0.00559133 3.54573 0.0568158 4.94104 0.172088 6329.55 2116.53 6338.04 2116.7 6338.04 2116.7 0.760664 0.156829 
300 0.29 630000000 43.8 2.31232 -1211.01 16.1547 1.47565e+06 38710.5 2.22934e+12 1.14027e+11 0.0503741 0.0972911 0.712512 0.0114834 0.56502 0.00832449 0.321344 0.00928081 0.751047 0.00559133 3.54573 0.0568158 4.94104 0.172088 6329.55 2116.53 6338.04 2116.7 6338.04 2116.7 0.760664 0.156829 
300 0.29 631800000 43.8 2.31232 -1211.01 16.1547 1.47565e+06 38710.5 2.22934e+12 1.14027e+11 0.0503741 0.0972911 0.712512 0.0114834 0.56502 0.00832449 0.321344 0.00928081 0.751047 0.00559133 3.54573 0.0568158 4.94104 0.172088 6329.55 2116.53 6338.04 2116.7 6338.04 2116.7 0.760664 0.156829 
300 0.29 633600000 43.8 2.31232 -1211.01 16.1547 1.47565e+06 38710.5 2.22934e+12 1.14027e+11 0.0503741 0.0972911 0.712512 0.0114834 0.56502 0.00832449 0.321344 0.00928081 0.751047 0.00559133 3.54573 0.0568158 4.94104 0.172088 6329.55 2116.53 6338.04 2116.7 6338.04 2116.7 0.760664 0.156829 
300 0.29 635400000 43.8 2.31232 -1211.01 16.1547 1.47565e+06 38710.5 2.22934e+12 1.14027e+11 0.0503741 0.0972911 0.712512 0.0114834 0.56502 0.00832449 0.321344 0.00928081 0.751047 0.00559133 3.54573 0.0568158 4.94104 0.172088 6329.55 2116.53 6338.04 2116.7 6338.04 2116.7 0.760664 0.156829 
300 0.29 637200000 43.8 2.31232 -1211.01 16.1547 1.47565e+06 38710.5 2.22934e+12 1.14027e+11 0.0503741 0.0972911 0.712512 0.0114834 0.56502 0.00832449 0.321344 0.00928081 0.751047 0.00559133 3.54573 0.0568158 4.94104 0.172088 6329.55 2116.53 6338.04 2116.7 6338.04 2116.7 0.760664 0.156829 
300 0.29 639000000 43.8 2.21245 -1211.01 16.1547 1.47565e+06 38710.5 2.22934e+12 1.14027e+11 0.0503741 0.0972911 0.712512 0.0114834 0.56502 0.00832449 0.321344 0.00928081 0.751047 0.00559133 3.54573 0.0568158 4.94104 0.172088 6329.55 2116.53 6338.04 2116.7 6338.04 2116.7 0.760664 0.156829 
300 0.29 640800000 43.8 2.21245 -1211.01 16.1547 1.47565e+06 38710.5 2.22934e+12 1.14027e+11 0.0503741 0.0972911 0.712512 0.0114834 0.56502 0.00832449 0.321344 0.00928081 0.751047 0.00559133 3.54573 0.0568158 4.94104 0.172088 6329.55 2116.53 6338.04 2116.7 6338.04 2116.7 0.760664 0.156829 
300 0.29 642600000 43.8 2.21245 -1211.01 16.1547 1.47565e+06 38710.5 2.22934e+12 1.14027e+11 0.0503741 0.0972911 0.712512 0.0114834 0.56502 0.00832449 0.321344 0.00928081 0.751047 0.00559133 3.54573 0.0568158 4.94104 0.172088 6329.55 2116.53 6338.04 2116.7 6338.04 2116.7 0.760664 0.156829 
300 0.29 644400000 43.8 2.21245 -1211.01 16.1547 1.47565e+06 38710.5 2.22934e+12 1.14027e+11 0.0503741 0.0972911 0.712512 0.0114834 0.56502 0.00832449 0.321344 0.00928081 0.751047 0.00559133 3.54573 0.0568158 4.94104 0.172088 6329.55 2116.53 6338.04 2116.7 6338.04 2116.7 0.760664 0.156829 
300 0.29 646200000 43.8 2.21245 -1211.01 16.1547 1.47565e+06 38710.5 2.22934e+12 1.14027e+11 0.0503741 0.0972911 0.712512 0.0114834 0.56502 0.00832449 0.321344 0.00928081 0.751047 0.00559133 3.54573 0.0568158 4.94104 0.172088 6329.55 2116.53 6338.04 2116.7 6338.04 2116.7 0.760664 0.156829 
300 0.29 648000000 43.8 2.21245 -1211.01 16.1547 1.47565e+06 38710.5 2.22934e+12 1.14027e+11 0.0503741 0.0972911 0.712512 0.0114834 0.56502 0.00832449 0.321344 0.00928081 0.751047 0.00559133 3.54573 0.0568158 4.94104 0.172088 6329.55 2116.53 6338.04 2116.7 6338.04 2116.7 0.760664 0.156829 
300 0.29 649800000 43.8 2.21245 -1211.01 16.1547 1.47565e+06 38710.5 2.22934e+12 1.14027e+11 0.0503741 0.0972911 0.712512 0.0114834 0.56502 0.00832449 0.321344 0.00928081 0.751047 0.00559133 3.54573 0.0568158 4.94104 0.172088 6329.55 2116.53 6338.04 2116.7 6338.04 2116.7 0.760664 0.156829 
300 0.29 651600000 43.8 2.21245 -1211.01 16.1547 1.47565e+06 38710.5 2.22934e+12 1.14027e+11 0.0503741 0.0972911 0.712512 0.0114834 0.56502 0.00832449 0.321344 0.00928081 0.751047 0.00559133 3.54573 0.0568158 4.94104 0.172088 6329.55 2116.53 6338.04 2116.7 6338.04 2116.7 0.760664 0.156829 
300 0.29 653400000 43.8 2.21245 -1211.01 16.1547 1.47565e+06 38710.5 2.22934e+12 1.14027e+11 0.0503741 0.0972911 0.712512 0.0114834 0.56502 0.00832449 0.321344 0.00928081 0.751047 0.00559133 3.54573 0.0568158 4.94104 0.172088 6329.55 2116.53 6338.04 2116.7 6338.04 2116.7 0.760664 0.156829 
300 0.29 655200000 43.8 2.21245 -1211.01 16.1547 1.47565e+06 38710.5 2.22934e+12 1.14027e+11 0.0503741 0.0972911 0.712512 0.0114834 0.56502 0.00832449 0.321344 0.00928081 0.751047 0.00559133 3.54573 0.0568158 4.94104 0.172088 6329.55 2116.53 6338.04 2116.7 6338.04 2116.7 0.760664 0.156829 
300 0.29 657000000 43.8 2.21245 -1211.01 16.1547 1.47565e+06 38710.5 2.22934e+12 1.14027e+11 0.0503741 0.0972911 0.712512 0.0114834 0.56502 0.00832449 0.321344 0.00928081 0.751047 0.00559133 3.54573 0.0568158 4.94104 0.172088 6329.55 2116.53 6338.04 2116.7 6338.04 2116.7 0.760664 0.156829 
300 0.29 658800000 43.8 2.21245 -1211.01 16.1547 1.47565e+06 38710.5 2.22934e+12 1.14027e+11 0.0503741 0.0972911 0.712512 0.0114834 0.56502 0.00832449 0.321344 0.00928081 0.751047 0.00559133 3.54573 0.0568158 4.94104 0.172088 6329.55 2116.53 6338.04 2116.7 6338.04 2116.7 0.760664 0.156829 
300 0.29 660600000 43.8 2.21245 -1211.01 16.1547 1.47565e+06 38710.5 2.22934e+12 1.14027e+11 0.0503741 0.0972911 0.712512 0.0114834 0.56502 0.00832449 0.321344 0.00928081 0.751047 0.00559133 3.54573 0.0568158 4.94104 0.172088 6329.55 2116.53 6338.04 2116.7 6338.04 2116.7 0.760664 0.156829 
300 0.29 662400000 43.8 2.21245 -1211.01 16.1547 1.47565e+06 38710.5 2.22934e+12 1.14027e+11 0.0503741 0.0972911 0.712512 0.0114834 0.56502 0.00832449 0.321344 0.00928081 0.751047 0.00559133 3.54573 0.0568158 4.94104 0.172088 6329.55 2116.53 6338.04 2116.7 6338.04 2116.7 0.760664 0.156829 
300 0.29 664200000 43.8 2.21245 -1211.01 16.1547 1.47565e+06 38710.5 2.22934e+12 1.14027e+11 0.0503741 0.0972911 0.712512 0.0114834 0.56502 0.00832449 0.321344 0.00928081 0.751047 0.00559133 3.54573 0.0568158 4.94104 0.172088 6329.55 2116.53 6338.04 2116.7 6338.04 2116.7 0.760664 0.156829 
300 0.29 666000000 43.8 2.21245 -1211.01 16.1547 1.47565e+06 38710.5 2.22934e+12 1.14027e+11 0.0503741 0.0972911 0.712512 0.0114834 0.56502 0.00832449 0.321344 0.00928081 0.751047 0.00559133 3.54573 0.0568158 4.94104 0.172088 6329.55 2116.53 6338.04 2116.7 6338.04 2116.7 0.760664 0.156829 
300 0.29 667800000 44.2273 2.12177 -1216.23 15.5059 1.48809e+06 37134.1 2.26503e+12 1.09104e+11 0.0666868 0.0972911 0.715021 0.0114834 0.568493 0.00826034 0.325245 0.00922049 0.753368 0.0055436 3.57397 0.0568158 4.94824 0.172088 6556.05 2116.53 6564.58 2116.7 6564.58 2116.7 0.782119 0.156829 
300 0.29 669600000 44.2273 2.12177 -1216.23 15.5059 1.48809e+06 37134.1 2.26503e+12 1.09104e+11 0.0666868 0.0972911 0.715021 0.0114834 0.568493 0.00826034 0.325245 0.00922049 0.753368 0.0055436 3.57397 0.0568158 4.94824 0.172088 6556.05 2116.53 6564.58 2116.7 6564.58 2116.7 0.782119 0.156829 
300 0.29 671400000 44.2273 2.12177 -1216.23 15.5059 1.48809e+06 37134.1 2.26503e+12 1.09104e+11 0.0666868 0.0972911 0.715021 0.0114834 0.568493 0.00826034 0.325245 0.00922049 0.753368 0.0055436 3.57397 0.0568158 4.94824 0.172088 6556.05 2116.53 6564.58 2116.7 6564.58 2116.7 0.782119 0.156829 
300 0.29 673200000 44.2273 2.12177 -1216.23 15.5059 1.48809e+06 37134.1 2.26503e+12 1.09104e+11 0.0666868 0.0972911 0.715021 0.0114834 0.568493 0.00826034 0.325245 0.00922049 0.753368 0.0055436 3.57397 0.0568158 4.94824 0.172088 6556.05 2116.53 6564.58 2116.7 6564.58 2116.7 0.782119 0.156829 
300 0.29 675000000 44.2273 2.12177 -1216.23 15.5059 1.48809e+06 37134.1 2.26503e+12 1.09104e+11 0.0666868 0.0972911 0.715021 0.0114834 0.568493 0.00826034 0.325245 0.00922049 0.753368 0.0055436 3.57397 0.0568158 4.94824 0.172088 6556.05 2116.53 6564.58 2116.7 6564.58 2116.7 0.782119 0.156829 
300 0.29 676800000 44.2273 2.12177 -1216.23 15.5059 1.48809e+06 37134.1 2.26503e+12 1.09104e+11 0.0666868 0.0972911 0.715021 0.0114834 0.568493 0.00826034 0.325245 0.00922049 0.753368 0.0055436 3.57397 0.0568158 4.94824 0.172088 6556.05 2116.53 6564.58 2116.7 6564.58 2116.7 0.782119 0.156829 
300 0.29 678600000 44.2273 2.12177 -1216.23 15.5059 1.48809e+06 37134.1 2.26503e+12 1.09104e+11 0.0666868 0.0972911 0.715021 0.0114834 0.568493 0.00826034 0.325245 0.00922049 0.753368 0.0055436 3.57397 0.0568158 4.94824 0.172088 6556.05 2116.53 6564.58 2116.7 6564.58 2116.7 0.782119 0.156829 
300 0.29 680400000 44.2273 2.12177 -1216.23 15.5059 1.48809e+06 37134.1 2.26503e+12 1.09104e+11 0.0666868 0.0972911 0.715021 0.0114834 0.568493 0.00826034 0.325245 0.00922049 0.753368 0.0055436 3.57397 0.0568158 4.94824 0.172088 6556.05 2116.53 6564.58 2116.7 6564.58 2116.7 0.782119 0.156829 
300 0.29 682200000 44.2273 2.12177 -1216.23 15.5059 1.48809e+06 37134.1 2.26503e+12 1.09104e+11 0.0666868 0.0972911 0.715021 0.0114834 0.568493 0.00826034 0.325245 0.00922049 0.753368 0.0055436 3.57397 0.0568158 4.94824 0.172088 6556.05 2116.53 6564.58 2116.7 6564.58 2116.7 0.782119 0.156829 
300 0.29 684000000 44.2273 2.12177 -1216.23 15.5059 1.48809e+06 37134.1 2.26503e+12 1.09104e+11 0.0666868 0.0972911 0.715021 0.0114834 0.568493 0.00826034 0.325245 0.00922049 0.753368 0.0055436 3.57397 0.0568158 4.94824 0.172088 6556.05 2116.53 6564.58 2116.7 6564.58 2116.7 0.782119 0.156829 
300 0.29 685800000 44.2273 2.12177 -1216.23 15.5059 1.48809e+06 37134.1 2.26503e+12 1.09104e+11 0.0666868 0.0972911 0.715021 0.0114834 0.568493 0.00826034 0.325245 0.00922049 0.753368 0.0055436 3.57397 0.0568158 4.94824 0.172088 6556.05 2116.53 6564.58 2116.7 6564.58 2116.7 0.782119 0.156829 
300 0.29 687600000 44.2273 2.12177 -1216.23 15.5059 1.48809e+06 37134.1 2.26503e+12 1.09104e+11 0.0666868 0.0972911 0.715021 0.0114834 0.568493 0.00826034 0.325245 0.00922049 0.753368 0.0055436 3.57397 0.0568158 4.94824 0.172088 6556.05 2116.53 6564.58 2116.7 6564.58 2116.7 0.782119 0.156829 
300 0.29 689400000 44.2273 2.12177 -1216.23 15.5059 1.48809e+06 37134.1 2.26503e+12 1.09104e+11 0.0666868 0.0972911 0.715021 0.0114834 0.568493 0.00826034 0.325245 0.00922049 0.753368 0.0055436 3.57397 0.0568158 4.94824 0.172088 6556.05 2116.53 6564.58 2116.7 6564.58 2116.7 0.782119 0.156829 
300 0.29 691200000 44.2273 2.12177 -1216.23 15.5059 1.48809e+06 37134.1 2.26503e+12 1.09104e+11 0.0666868 0.0972911 0.715021 0.0114834 0.568493 0.00826034 0.325245 0.00922049 0.753368 0.0055436 3.57397 0.0568158 4.94824 0.172088 6556.05 2116.53 6564.58 2116.7 6564.58 2116.7 0.782119 0.156829 
300 0.29 693000000 44.2273 2.12177 -1216.23 15.5059 1.48809e+06 37134.1 2.26503e+12 1.09104e+11 0.0666868 0.0972911 0.715021 0.0114834 0.568493 0.00826034 0.325245 0.00922049 0.753368 0.0055436 3.57397 0.0568158 4.94824 0.172088 6556.05 2116.53 6564.58 2116.7 6564.58 2116.7 0.782119 0.156829 
300 0.29 694800000 44.2273 2.12177 -1216.23 15.5059 1.48809e+06 37134.1 2.26503e+12 1.09104e+11 0.0666868 0.0972911 0.715021 0.0114834 0.568493 0.00826034 0.325245 0.00922049 0.753368 0.0055436 3.57397 0.0568158 4.94824 0.172088 6556.05 2116.53 6564.58 2116.7 6564.58 2116.7 0.782119 0.156829 
300 0.29 696600000 44.2273 2.03585 -1216.23 15.5059 1.48809e+06 37134.1 2.26503e+12 1.09104e+11 0.0666868 0.0972911 0.715021 0.0114834 0.568493 0.00826034 0.325245 0.00922049 0.753368 0.0055436 3.57397 0.0568158 4.94824 0.172088 6556.05 2116.53 6564.58 2116.7 6564.58 2116.7 0.782119 0.156829 
300 0.29 698400000 44.2273 2.03585 -1216.23 15.5059 1.48809e+06 37134.1 2.26503e+12 1.09104e+11 0.0666868 0.0972911 0.715021 0.0114834 0.568493 0.00826034 0.325245 0.00922049 0.753368 0.0055436 3.57397 0.0568158 4.94824 0.172088 6556.05 2116.53 6564.58 2116.7 6564.58 2116.7 0.782119 0.156829 
300 0.29 700200000 44.2273 2.03585 -1216.23 15.5059 1.48809e+06 37134.1 2.26503e+12 1.09104e+11 0.0666868 0.0972911 0.715021 0.0114834 0.568493 0.00826034 0.325245 0.00922049 0.753368 0.0055436 3.57397 0.0568158 4.94824 0.172088 6556.05 2116.53 6564.58 2116.7 6564.58 2116.7 0.782119 0.156829 
300 0.29 702000000 44.2273 2.03585 -1216.23 15.5059 1.48809e+06 37134.1 2.26503e+12 1.09104e+11 0.0666868 0.0972911 0.715021 0.0114834 0.568493 0.00826034 0.325245 0.00922049 0.753368 0.0055436 3.57397 0.0568158 4.94824 0.172088 6556.05 2116.53 6564.58 2116.7 6564.58 2116.7 0.782119 0.156829 
300 0.29 703800000 44.2273 2.03585 -1216.23 15.5059 1.48809e+06 37134.1 2.26503e+12 1.09104e+11 0.0666868 0.0972911 0.715021 0.0114834 0.568493 0.00826034 0.325245 0.00922049 0.753368 0.0055436 3.57397 0.0568158 4.94824 0.172088 6556.05 2116.53 6564.58 2116.7 6564.58 2116.7 0.782119 0.156829 
300 0.29 705600000 44.2273 2.03585 -1216.23 15.5059 1.48809e+06 37134.1 2.26503e+12 1.09104e+11 0.0666868 0.0972911 0.715021 0.0114834 0.568493 0.00826034 0.325245 0.00922049 0.753368 0.0055436 3.57397 0.0568158 4.94824 0.172088 6556.05 2116.53 6564.58 2116.7 6564.58 2116.7 0.782119 0.156829 
300 0.29 707400000 44.2273 2.03585 -1216.23 15.5059 1.48809e+06 37134.1 2.26503e+12 1.09104e+11 0.0666868 0.0972911 0.715021 0.0114834 0.568493 0.00826034 0.325245 0.00922049 0.753368 0.0055436 3.57397 0.0568158 4.94824 0.172088 6556.05 2116.53 6564.58 2116.7 6564.58 2116.7 0.782119 0.156829 
300 0.29 709200000 44.2273 2.03585 -1216.23 15.5059 1.48809e+06 37134.1 2.26503e+12 1.09104e+11 0.0666868 0.0972911 0.715021 0.0114834 0.568493 0.00826034 0.325245 0.00922049 0.753368 0.0055436 3.57397 0.0568158 4.94824 0.172088 6556.05 2116.53 6564.58 2116.7 6564.58 2116.7 0.782119 0.156829 
300 0.29 711000000 44.2273 2.03585 -1216.23 15.5059 1.48809e+06 37134.1 2.26503e+12 1.09104e+11 0.0666868 0.0972911 0.715021 0.0114834 0.568493 0.00826034 0.325245 0.00922049 0.753368 0.0055436 3.57397 0.0568158 4.94824 0.172088 6556.05 2116.53 6564.58 2116.7 6564.58 2116.7 0.782119 0.156829 
300 0.29 712800000 44.2273 2.03585 -1216.23 15.5059 1.48809e+06 37134.1 2.26503e+12 1.09104e+11 0.0666868 0.0972911 0.715021 0.0114834 0.568493 0.00826034 0.325245 0.00922049 0.753368 0.0055436 3.57397 0.0568158 4.94824 0.172088 6556.05 2116.53 6564.58 2116.7 6564.58 2116.7 0.782119 0.156829 
300 0.29 714600000 44.2273 2.03585 -1216.23 15.5059 1.48809e+06 37134.1 2.26503e+12 1.09104e+11 0.0666868 0.0972911 0.715021 0.0114834 0.568493 0.00826034 0.325245 0.00922049 0.753368 0.0055436 3.57397 0.0568158 4.94824 0.172088 6556.05 2116.53 6564.58 2116.7 6564.58 2116.7 0.782119 0.156829 
300 0.29 716400000 44.2273 2.03585 -1216.23 15.5059 1.48809e+06 37134.1 2.26503e+12 1.09104e+11 0.0666868 0.0972911 0.715021 0.0114834 0.568493 0.00826034 0.325245 0.00922049 0.753368 0.0055436 3.57397 0.0568158 4.94824 0.172088 6556.05 2116.53 6564.58 2116.7 6564.58 2116.7 0.782119 0.156829 
300 0.29 718200000 44.2273 2.03585 -1216.23 15.5059 1.48809e+06 37134.1 2.26503e+12 1.09104e+11 0.0666868 0.0972911 0.715021 0.0114834 0.568493 0.00826034 0.325245 0.00922049 0.753368 0.0055436 3.57397 0.0568158 4.94824 0.172088 6556.05 2116.53 6564.58 2116.7 6564.58 2116.7 0.782119 0.156829 
300 0.29 720000000 44.2273 2.03585 -1216.23 15.5059 1.48809e+06 37134.1 2.26503e+12 1.09104e+11 0.0666868 0.0972911 0.715021 0.0114834 0.568493 0.00826034 0.325245 0.00922049 0.753368 0.0055436 3.57397 0.0568158 4.94824 0.172088 6556.05 2116.53 6564.58 2116.7 6564.58 2116.7 0.782119 0.156829 
300 0.29 721800000 44.2273 2.03585 -1216.23 15.5059 1.48809e+06 37134.1 2.26503e+12 1.09104e+11 0.0666868 0.0972911 0.715021 0.0114834 0.568493 0.00826034 0.325245 0.00922049 0.753368 0.0055436 3.57397 0.0568158 4.94824 0.172088 6556.05 2116.53 6564.58 2116.7 6564.58 2116.7 0.782119 0.156829 
300 0.29 723600000 44.2273 2.03585 -1216.23 15.5059 1.48809e+06 37134.1 2.26503e+12 1.09104e+11 0.0666868 0.0972911 0.715021 0.0114834 0.568493 0.00826034 0.325245 0.00922049 0.753368 0.0055436 3.57397 0.0568158 4.94824 0.172088 6556.05 2116.53 6564.58 2116.7 6564.58 2116.7 0.782119 0.156829 
300 0.29 725400000 43.7917 2.03742 -1222.92 16.5963 1.50442e+06 39779 2.31435e+12 1.16843e+11 0.0703478 0.0831009 0.719179 0.0113409 0.571148 0.00828374 0.328239 0.00921405 0.755139 0.00556727 3.5759 0.0547739 4.99767 0.152439 6274.69 1764.49 6283.27 1764.63 6283.27 1764.63 0.799202 0.135343 
300 0.29 727200000 43.7917 2.03742 -1222.92 16.5963 1.50442e+06 39779 2.31435e+12 1.16843e+11 0.0703478 0.0831009 0.719179 0.0113409 0.571148 0.00828374 0.328239 0.00921405 0.755139 0.00556727 3.5759 0.0547739 4.99767 0.152439 6274.69 1764.49 6283.27 1764.63 6283.27 1764.63 0.799202 0.135343 
300 0.29 729000000 43.7917 2.03742 -1222.92 16.5963 1.50442e+06 39779 2.31435e+12 1.16843e+11 0.0703478 0.0831009 0.719179 0.0113409 0.571148 0.00828374 0.328239 0.00921405 0.755139 0.00556727 3.5759 0.0547739 4.99767 0.152439 6274.69 1764.49 6283.27 1764.63 6283.27 1764.63 0.799202 0.135343 
300 0.29 730800000 43.7917 2.03742 -1222.92 16.5963 1.50442e+06 39779 2.31435e+12 1.16843e+11 0.0703478 0.0831009 0.719179 0.0113409 0.571148 0.00828374 0.328239 0.00921405 0.755139 0.00556727 3.5759 0.0547739 4.99767 0.152439 6274.69 1764.49 6283.27 1764.63 6283.27 1764.63 0.799202 0.135343 
300 0.29 732600000 43.7917 2.03742 -1222.92 16.5963 1.50442e+06 39779 2.31435e+12 1.16843e+11 0.0703478 0.0831009 0.719179 0.0113409 0.571148 0.00828374 0.328239 0.00921405 0.755139 0.00556727 3.5759 0.0547739 4.99767 0.152439 6274.69 1764.49 6283.27 1764.63 6283.27 1764.63 0.799202 0.135343 
300 0.29 734400000 43.7917 2.03742 -1222.92 16.5963 1.50442e+06 39779 2.31435e+12 1.16843e+11 0.0703478 0.0831009 0.719179 0.0113409 0.571148 0.00828374 0.328239 0.00921405 0.755139 0.00556727 3.5759 0.0547739 4.99767 0.152439 6274.69 1764.49 6283.27 1764.63 6283.27 1764.63 0.799202 0.135343 
300 0.29 736200000 43.7917 2.03742 -1222.92 16.5963 1.50442e+06 39779 2.31435e+12 1.16843e+11 0.0703478 0.0831009 0.719179 0.0113409 0.571148 0.00828374 0.328239 0.00921405 0.755139 0.00556727 3.5759 0.0547739 4.99767 0.152439 6274.69 1764.49 6283.27 1764.63 6283.27 1764.63 0.799202 0.135343 
300 0.29 738000000 43.7917 2.03742 -1222.92 16.5963 1.50442e+06 39779 2.31435e+12 1.16843e+11 0.0703478 0.0831009 0.719179 0.0113409 0.571148 0.00828374 0.328239 0.00921405 0.755139 0.00556727 3.5759 0.0547739 4.99767 0.152439 6274.69 1764.49 6283.27 1764.63 6283.27 1764.63 0.799202 0.135343 
300 0.29 739800000 43.7917 2.03742 -1222.92 16.5963 1.50442e+06 39779 2.31435e+12 1.16843e+11 0.0703478 0.0831009 0.719179 0.0113409 0.571148 0.00828374 0.328239 0.00921405 0.755139 0.00556727 3.5759 0.0547739 4.99767 0.152439 6274.69 1764.49 6283.27 1764.63 6283.27 1764.63 0.799202 0.135343 
300 0.29 741600000 43.7917 2.03742 -1222.92 16.5963 1.50442e+06 39779 2.31435e+12 1.16843e+11 0.0703478 0.0831009 0.719179 0.0113409 0.571148 0.00828374 0.328239 0.00921405 0.755139 0.00556727 3.5759 0.0547739 4.99767 0.152439 6274.69 1764.49 6283.27 1764.63 6283.27 1764.63 0.799202 0.135343 
300 0.29 743400000 43.7917 2.03742 -1222.92 16.5963 1.50442e+06 39779 2.31435e+12 1.16843e+11 0.0703478 0.0831009 0.719179 0.0113409 0.571148 0.00828374 0.328239 0.00921405 0.755139 0.00556727 3.5759 0.0547739 4.99767 0.152439 6274.69 1764.49 6283.27 1764.63 6283.27 1764.63 0.799202 0.135343 
300 0.29 745200000 43.7917 2.03742 -1222.92 16.5963 1.50442e+06 39779 2.31435e+12 1.16843e+11 0.0703478 0.0831009 0.719179 0.0113409 0.571148 0.00828374 0.328239 0.00921405 0.755139 0.00556727 3.5759 0.0547739 4.99767 0.152439 6274.69 1764.49 6283.27 1764.63 6283.27 1764.63 0.799202 0.135343 
300 0.29 747000000 43.7917 2.03742 -1222.92 16.5963 1.50442e+06 39779 2.31435e+12 1.16843e+11 0.0703478 0.0831009 0.719179 0.0113409 0.571148 0.00828374 0.328239 0.00921405 0.755139 0.00556727 3.5759 0.0547739 4.99767 0.152439 6274.69 1764.49 6283.27 1764.63 6283.27 1764.63 0.799202 0.135343 
300 0.29 748800000 43.7917 2.03742 -1222.92 16.5963 1.50442e+06 39779 2.31435e+12 1.16843e+11 0.0703478 0.0831009 0.719179 0.0113409 0.571148 0.00828374 0.328239 0.00921405 0.755139 0.00556727 3.5759 0.0547739 4.99767 0.152439 6274.69 1764.49 6283.27 1764.63 6283.27 1764.63 0.799202 0.135343 
300 0.29 750600000 43.7917 2.03742 -1222.92 16.5963 1.50442e+06 39779 2.31435e+12 1.16843e+11 0.0703478 0.0831009 0.719179 0.0113409 0.571148 0.00828374 0.328239 0.00921405 0.755139 0.00556727 3.5759 0.0547739 4.99767 0.152439 6274.69 1764.49 6283.27 1764.63 6283.27 1764.63 0.799202 0.135343 
300 0.29 752400000 43.7917 2.03742 -1222.92 16.5963 1.50442e+06 39779 2.31435e+12 1.16843e+11 0.0703478 0.0831009 0.719179 0.0113409 0.571148 0.00828374 0.328239 0.00921405 0.755139 0.00556727 3.5759 0.0547739 4.99767 0.152439 6274.69 1764.49 6283.27 1764.63 6283.27 1764.63 0.799202 0.135343 
300 0.29 754200000 43.7917 2.03635 -1222.92 16.5963 1.50442e+06 39779 2.31435e+12 1.16843e+11 0.0703478 0.0831009 0.719179 0.0113409 0.571148 0.00828374 0.328239 0.00921405 0.755139 0.00556727 3.5759 0.0547739 4.99767 0.152439 6274.69 1764.49 6283.27 1764.63 6283.27 1764.63 0.799202 0.135343 
300 0.29 756000000 43.7917 2.03635 -1222.92 16.5963 1.50442e+06 39779 2.31435e+12 1.16843e+11 0.0703478 0.0831009 0.719179 0.0113409 0.571148 0.00828374 0.328239 0.00921405 0.755139 0.00556727 3.5759 0.0547739 4.99767 0.152439 6274.69 1764.49 6283.27 1764.63 6283.27 1764.63 0.799202 0.135343 
300 0.29 757800000 43.7917 2.03635 -1222.92 16.5963 1.50442e+06 39779 2.31435e+12 1.16843e+11 0.0703478 0.0831009 0.719179 0.0113409 0.571148 0.00828374 0.328239 0.00921405 0.755139 0.00556727 3.5759 0.0547739 4.99767 0.152439 6274.69 1764.49 6283.27 1764.63 6283.27 1764.63 0.799202 0.135343 
300 0.29 759600000 43.7917 2.03635 -1222.92 16.5963 1.50442e+06 39779 2.31435e+12 1.16843e+11 0.0703478 0.0831009 0.719179 0.0113409 0.571148 0.00828374 0.328239 0.00921405 0.755139 0.00556727 3.5759 0.0547739 4.99767 0.152439 6274.69 1764.49 6283.27 1764.63 6283.27 1764.63 0.799202 0.135343 
300 0.29 761400000 43.7917 2.03635 -1222.92 16.5963 1.50442e+06 39779 2.31435e+12 1.16843e+11 0.0703478 0.0831009 0.719179 0.0113409 0.571148 0.00828374 0.328239 0.00921405 0.755139 0.00556727 3.5759 0.0547739 4.99767 0.152439 6274.69 1764.49 6283.27 1764.63 6283.27 1764.63 0.799202 0.135343 
300 0.29 763200000 43.7917 2.03635 -1222.92 16.5963 1.50442e+06 39779 2.31435e+12 1.16843e+11 0.0703478 0.0831009 0.719179 0.0113409 0.571148 0.00828374 0.328239 0.00921405 0.755139 0.00556727 3.5759 0.0547739 4.99767 0.152439 6274.69 1764.49 6283.27 1764.63 6283.27 1764.63 0.799202 0.135343 
300 0.29 765000000 43.7917 2.03635 -1222.92 16.5963 1.50442e+06 39779 2.31435e+12 1.16843e+11 0.0703478 0.0831009 0.719179 0.0113409 0.571148 0.00828374 0.328239 0.00921405 0.755139 0.00556727 3.5759 0.0547739 4.99767 0.152439 6274.69 1764.49 6283.27 1764.63 6283.27 1764.63 0.799202 0.135343 
300 0.29 766800000 43.7917 2.03635 -1222.92 16.5963 1.50442e+06 39779 2.31435e+12 1.16843e+11 0.0703478 0.0831009 0.719179 0.0113409 0.571148 0.00828374 0.328239 0.00921405 0.755139 0.00556727 3.5759 0.0547739 4.99767 0.152439 6274.69 1764.49 6283.27 1764.63 6283.27 1764.63 0.799202 0.135343 
300 0.29 768600000 43.7917 2.03635 -1222.92 16.5963 1.50442e+06 39779 2.31435e+12 1.16843e+11 0.0703478 0.0831009 0.719179 0.0113409 0.571148 0.00828374 0.328239 0.00921405 0.755139 0.00556727 3.5759 0.0547739 4.99767 0.152439 6274.69 1764.49 6283.27 1764.63 6283.27 1764.63 0.799202 0.135343 
300 0.29 770400000 43.7917 2.03635 -1222.92 16.5963 1.50442e+06 39779 2.31435e+12 1.16843e+11 0.0703478 0.0831009 0.719179 0.0113409 0.571148 0.00828374 0.328239 0.00921405 0.755139 0.00556727 3.5759 0.0547739 4.99767 0.152439 6274.69 1764.49 6283.27 1764.63 6283.27 1764.63 0.799202 0.135343 
300 0.29 772200000 43.7917 2.03635 -1222.92 16.5963 1.50442e+06 39779 2.31435e+12 1.16843e+11 0.0703478 0.0831009 0.719179 0.0113409 0.571148 0.00828374 0.328239 0.00921405 0.755139 0.00556727 3.5759 0.0547739 4.99767 0.152439 6274.69 1764.49 6283.27 1764.63 6283.27 1764.63 0.799202 0.135343 
300 0.29 774000000 43.7917 2.03635 -1222.92 16.5963 1.50442e+06 39779 2.31435e+12 1.16843e+11 0.0703478 0.0831009 0.719179 0.0113409 0.571148 0.00828374 0.328239 0.00921405 0.755139 0.00556727 3.5759 0.0547739 4.99767 0.152439 6274.69 1764.49 6283.27 1764.63 6283.27 1764.63 0.799202 0.135343 
300 0.29 775800000 43.7917 2.03635 -1222.92 16.5963 1.50442e+06 39779 2.31435e+12 1.16843e+11 0.0703478 0.0831009 0.719179 0.0113409 0.571148 0.00828374 0.328239 0.00921405 0.755139 0.00556727 3.5759 0.0547739 4.99767 0.152439 6274.69 1764.49 6283.27 1764.63 6283.27 1764.63 0.799202 0.135343 
300 0.29 777600000 43.7917 2.03635 -1222.92 16.5963 1.50442e+06 39779 2.31435e+12 1.16843e+11 0.0703478 0.0831009 0.719179 0.0113409 0.571148 0.00828374 0.328239 0.00921405 0.755139 0.00556727 3.5759 0.0547739 4.99767 0.152439 6274.69 1764.49 6283.27 1764.63 6283.27 1764.63 0.799202 0.135343 
300 0.29 779400000 43.7917 2.03635 -1222.92 16.5963 1.50442e+06 39779 2.31435e+12 1.16843e+11 0.0703478 0.0831009 0.719179 0.0113409 0.571148 0.00828374 0.328239 0.00921405 0.755139 0.00556727 3.5759 0.0547739 4.99767 0.152439 6274.69 1764.49 6283.27 1764.63 6283.27 1764.63 0.799202 0.135343 
300 0.29 781200000 43.7917 2.03635 -1222.92 16.5963 1.50442e+06 39779 2.31435e+12 1.16843e+11 0.0703478 0.0831009 0.719179 0.0113409 0.571148 0.00828374 0.328239 0.00921405 0.755139 0.00556727 3.5759 0.0547739 4.99767 0.152439 6274.69 1764.49 6283.27 1764.63 6283.27 1764.63 0.799202 0.135343 
300 0.29 783000000 44.6587 1.97838 -1227.64 16.5963 1.51572e+06 39779 2.34704e+12 1.16843e+11 0.069754 0.0831009 0.722097 0.0113409 0.571695 0.00828374 0.32875 0.00921405 0.755535 0.00556727 3.57609 0.0547739 4.97462 0.152439 5964.43 1764.49 5972.98 1764.63 5972.98 1764.63 0.813241 0.135343 
300 0.29 784800000 44.6587 1.97838 -1227.64 16.5963 1.51572e+06 39779 2.34704e+12 1.16843e+11 0.069754 0.0831009 0.722097 0.0113409 0.571695 0.00828374 0.32875 0.00921405 0.755535 0.00556727 3.57609 0.0547739 4.97462 0.152439 5964.43 1764.49 5972.98 1764.63 5972.98 1764.63 0.813241 0.135343 
300 0.29 786600000 44.6587 1.97838 -1227.64 16.5963 1.51572e+06 39779 2.34704e+12 1.16843e+11 0.069754 0.0831009 0.722097 0.0113409 0.571695 0.00828374 0.32875 0.00921405 0.755535 0.00556727 3.57609 0.0547739 4.97462 0.152439 5964.43 1764.49 5972.98 1764.63 5972.98 1764.63 0.813241 0.135343 
300 0.29 788400000 44.6587 1.97838 -1227.64 16.5963 1.51572e+06 39779 2.34704e+12 1.16843e+11 0.069754 0.0831009 0.722097 0.0113409 0.571695 0.00828374 0.32875 0.00921405 0.755535 0.00556727 3.57609 0.0547739 4.97462 0.152439 5964.43 1764.49 5972.98 1764.63 5972.98 1764.63 0.813241 0.135343 
300 0.29 790200000 44.6587 1.97838 -1227.64 16.5963 1.51572e+06 39779 2.34704e+12 1.16843e+11 0.069754 0.0831009 0.722097 0.0113409 0.571695 0.00828374 0.32875 0.00921405 0.755535 0.00556727 3.57609 0.0547739 4.97462 0.152439 5964.43 1764.49 5972.98 1764.63 5972.98 1764.63 0.813241 0.135343 
300 0.29 792000000 44.6587 1.97838 -1227.64 16.5963 1.51572e+06 39779 2.34704e+12 1.16843e+11 0.069754 0.0831009 0.722097 0.0113409 0.571695 0.00828374 0.32875 0.00921405 0.755535 0.00556727 3.57609 0.0547739 4.97462 0.152439 5964.43 1764.49 5972.98 1764.63 5972.98 1764.63 0.813241 0.135343 
300 0.29 793800000 44.6587 1.97838 -1227.64 16.5963 1.51572e+06 39779 2.34704e+12 1.16843e+11 0.069754 0.0831009 0.722097 0.0113409 0.571695 0.00828374 0.32875 0.00921405 0.755535 0.00556727 3.57609 0.0547739 4.97462 0.152439 5964.43 1764.49 5972.98 1764.63 5972.98 1764.63 0.813241 0.135343 
300 0.29 795600000 44.6587 1.97838 -1227.64 16.5963 1.51572e+06 39779 2.34704e+12 1.16843e+11 0.069754 0.0831009 0.722097 0.0113409 0.571695 0.00828374 0.32875 0.00921405 0.755535 0.00556727 3.57609 0.0547739 4.97462 0.152439 5964.43 1764.49 5972.98 1764.63 5972.98 1764.63 0.813241 0.135343 
300 0.29 797400000 44.6587 1.97838 -1227.64 16.5963 1.51572e+06 39779 2.34704e+12 1.16843e+11 0.069754 0.0831009 0.722097 0.0113409 0.571695 0.00828374 0.32875 0.00921405 0.755535 0.00556727 3.57609 0.0547739 4.97462 0.152439 5964.43 1764.49 5972.98 1764.63 5972.98 1764.63 0.813241 0.135343 
300 0.29 799200000 44.6587 1.97838 -1227.64 16.5963 1.51572e+06 39779 2.34704e+12 1.16843e+11 0.069754 0.0831009 0.722097 0.0113409 0.571695 0.00828374 0.32875 0.00921405 0.755535 0.00556727 3.57609 0.0547739 4.97462 0.152439 5964.43 1764.49 5972.98 1764.63 5972.98 1764.63 0.813241 0.135343 
300 0.29 801000000 44.6587 1.97838 -1227.64 16.5963 1.51572e+06 39779 2.34704e+12 1.16843e+11 0.069754 0.0831009 0.722097 0.0113409 0.571695 0.00828374 0.32875 0.00921405 0.755535 0.00556727 3.57609 0.0547739 4.97462 0.152439 5964.43 1764.49 5972.98 1764.63 5972.98 1764.63 0.813241 0.135343 
300 0.29 802800000 44.6587 1.97838 -1227.64 16.5963 1.51572e+06 39779 2.34704e+12 1.16843e+11 0.069754 0.0831009 0.722097 0.0113409 0.571695 0.00828374 0.32875 0.00921405 0.755535 0.00556727 3.57609 0.0547739 4.97462 0.152439 5964.43 1764.49 5972.98 1764.63 5972.98 1764.63 0.813241 0.135343 
300 0.29 804600000 44.6587 1.97838 -1227.64 16.5963 1.51572e+06 39779 2.34704e+12 1.16843e+11 0.069754 0.0831009 0.722097 0.0113409 0.571695 0.00828374 0.32875 0.00921405 0.755535 0.00556727 3.57609 0.0547739 4.97462 0.152439 5964.43 1764.49 5972.98 1764.63 5972.98 1764.63 0.813241 0.135343 
300 0.29 806400000 44.6587 1.97838 -1227.64 16.5963 1.51572e+06 39779 2.34704e+12 1.16843e+11 0.069754 0.0831009 0.722097 0.0113409 0.571695 0.00828374 0.32875 0.00921405 0.755535 0.00556727 3.57609 0.0547739 4.97462 0.152439 5964.43 1764.49 5972.98 1764.63 5972.98 1764.63 0.813241 0.135343 
300 0.29 808200000 44.6587 1.97838 -1227.64 16.5963 1.51572e+06 39779 2.34704e+12 1.16843e+11 0.069754 0.0831009 0.722097 0.0113409 0.571695 0.00828374 0.32875 0.00921405 0.755535 0.00556727 3.57609 0.0547739 4.97462 0.152439 5964.43 1764.49 5972.98 1764.63 5972.98 1764.63 0.813241 0.135343 
300 0.29 810000000 44.6587 1.97838 -1227.64 16.5963 1.51572e+06 39779 2.34704e+12 1.16843e+11 0.069754 0.0831009 0.722097 0.0113409 0.571695 0.00828374 0.32875 0.00921405 0.755535 0.00556727 3.57609 0.0547739 4.97462 0.152439 5964.43 1764.49 5972.98 1764.63 5972.98 1764.63 0.813241 0.135343 
300 0.29 811800000 44.6587 1.90637 -1227.64 16.5963 1.51572e+06 39779 2.34704e+12 1.16843e+11 0.069754 0.0831009 0.722097 0.0113409 0.571695 0.00828374 0.32875 0.00921405 0.755535 0.00556727 3.57609 0.0547739 4.97462 0.152439 5964.43 1764.49 5972.98 1764.63 5972.98 1764.63 0.813241 0.135343 
300 0.29 813600000 44.6587 1.90637 -1227.64 16.5963 1.51572e+06 39779 2.34704e+12 1.16843e+11 0.069754 0.0831009 0.722097 0.0113409 0.571695 0.00828374 0.32875 0.00921405 0.755535 0.00556727 3.57609 0.0547739 4.97462 0.152439 5964.43 1764.49 5972.98 1764.63 5972.98 1764.63 0.813241 0.135343 
300 0.29 815400000 44.6587 1.90637 -1227.64 16.5963 1.51572e+06 39779 2.34704e+12 1.16843e+11 0.069754 0.0831009 0.722097 0.0113409 0.571695 0.00828374 0.32875 0.00921405 0.755535 0.00556727 3.57609 0.0547739 4.97462 0.152439 5964.43 1764.49 5972.98 1764.63 5972.98 1764.63 0.813241 0.135343 
300 0.29 817200000 44.6587 1.90637 -1227.64 16.5963 1.51572e+06 39779 2.34704e+12 1.16843e+11 0.069754 0.0831009 0.722097 0.0113409 0.571695 0.00828374 0.32875 0.00921405 0.755535 0.00556727 3.57609 0.0547739 4.97462 0.152439 5964.43 1764.49 5972.98 1764.63 5972.98 1764.63 0.813241 0.135343 
300 0.29 819000000 44.6587 1.90637 -1227.64 16.5963 1.51572e+06 39779 2.34704e+12 1.16843e+11 0.069754 0.0831009 0.722097 0.0113409 0.571695 0.00828374 0.32875 0.00921405 0.755535 0.00556727 3.57609 0.0547739 4.97462 0.152439 5964.43 1764.49 5972.98 1764.63 5972.98 1764.63 0.813241 0.135343 
300 0.29 820800000 44.6587 1.90637 -1227.64 16.5963 1.51572e+06 39779 2.34704e+12 1.16843e+11 0.069754 0.0831009 0.722097 0.0113409 0.571695 0.00828374 0.32875 0.00921405 0.755535 0.00556727 3.57609 0.0547739 4.97462 0.152439 5964.43 1764.49 5972.98 1764.63 5972.98 1764.63 0.813241 0.135343 
300 0.29 822600000 44.6587 1.90637 -1227.64 16.5963 1.51572e+06 39779 2.34704e+12 1.16843e+11 0.069754 0.0831009 0.722097 0.0113409 0.571695 0.00828374 0.32875 0.00921405 0.755535 0.00556727 3.57609 0.0547739 4.97462 0.152439 5964.43 1764.49 5972.98 1764.63 5972.98 1764.63 0.813241 0.135343 
300 0.29 824400000 44.6587 1.90637 -1227.64 16.5963 1.51572e+06 39779 2.34704e+12 1.16843e+11 0.069754 0.0831009 0.722097 0.0113409 0.571695 0.00828374 0.32875 0.00921405 0.755535 0.00556727 3.57609 0.0547739 4.97462 0.152439 5964.43 1764.49 5972.98 1764.63 5972.98 1764.63 0.813241 0.135343 
300 0.29 826200000 44.6587 1.90637 -1227.64 16.5963 1.51572e+06 39779 2.34704e+12 1.16843e+11 0.069754 0.0831009 0.722097 0.0113409 0.571695 0.00828374 0.32875 0.00921405 0.755535 0.00556727 3.57609 0.0547739 4.97462 0.152439 5964.43 1764.49 5972.98 1764.63 5972.98 1764.63 0.813241 0.135343 
300 0.29 828000000 44.6587 1.90637 -1227.64 16.5963 1.51572e+06 39779 2.34704e+12 1.16843e+11 0.069754 0.0831009 0.722097 0.0113409 0.571695 0.00828374 0.32875 0.00921405 0.755535 0.00556727 3.57609 0.0547739 4.97462 0.152439 5964.43 1764.49 5972.98 1764.63 5972.98 1764.63 0.813241 0.135343 
300 0.29 829800000 44.6587 1.90637 -1227.64 16.5963 1.51572e+06 39779 2.34704e+12 1.16843e+11 0.069754 0.0831009 0.722097 0.0113409 0.571695 0.00828374 0.32875 0.00921405 0.755535 0.00556727 3.57609 0.0547739 4.97462 0.152439 5964.43 1764.49 5972.98 1764.63 5972.98 1764.63 0.813241 0.135343 
300 0.29 831600000 44.6587 1.90637 -1227.64 16.5963 1.51572e+06 39779 2.34704e+12 1.16843e+11 0.069754 0.0831009 0.722097 0.0113409 0.571695 0.00828374 0.32875 0.00921405 0.755535 0.00556727 3.57609 0.0547739 4.97462 0.152439 5964.43 1764.49 5972.98 1764.63 5972.98 1764.63 0.813241 0.135343 
300 0.29 833400000 44.6587 1.90637 -1227.64 16.5963 1.51572e+06 39779 2.34704e+12 1.16843e+11 0.069754 0.0831009 0.722097 0.0113409 0.571695 0.00828374 0.32875 0.00921405 0.755535 0.00556727 3.57609 0.0547739 4.97462 0.152439 5964.43 1764.49 5972.98 1764.63 5972.98 1764.63 0.813241 0.135343 
300 0.29 835200000 44.6587 1.90637 -1227.64 16.5963 1.51572e+06 39779 2.34704e+12 1.16843e+11 0.069754 0.0831009 0.722097 0.0113409 0.571695 0.00828374 0.32875 0.00921405 0.755535 0.00556727 3.57609 0.0547739 4.97462 0.152439 5964.43 1764.49 5972.98 1764.63 5972.98 1764.63 0.813241 0.135343 
300 0.29 837000000 44.6587 1.90637 -1227.64 16.5963 1.51572e+06 39779 2.34704e+12 1.16843e+11 0.069754 0.0831009 0.722097 0.0113409 0.571695 0.00828374 0.32875 0.00921405 0.755535 0.00556727 3.57609 0.0547739 4.97462 0.152439 5964.43 1764.49 5972.98 1764.63 5972.98 1764.63 0.813241 0.135343 
300 0.29 838800000 44.6587 1.90637 -1227.64 16.5963 1.51572e+06 39779 2.34704e+12 1.16843e+11 0.069754 0.0831009 0.722097 0.0113409 0.571695 0.00828374 0.32875 0.00921405 0.755535 0.00556727 3.57609 0.0547739 4.97462 0.152439 5964.43 1764.49 5972.98 1764.63 5972.98 1764.63 0.813241 0.135343 
300 0.29 840600000 44.7768 1.84761 -1230.47 15.8493 1.52254e+06 37999.2 2.3673e+12 1.11504e+11 0.0788294 0.0716609 0.723195 0.0104076 0.572852 0.00727347 0.330038 0.00807137 0.756313 0.00489412 3.55958 0.0493221 4.97532 0.132289 5828.86 1567.73 5837.39 1567.86 5837.39 1567.86 0.826004 0.118632 
300 0.29 842400000 44.7768 1.84761 -1230.47 15.8493 1.52254e+06 37999.2 2.3673e+12 1.11504e+11 0.0788294 0.0716609 0.723195 0.0104076 0.572852 0.00727347 0.330038 0.00807137 0.756313 0.00489412 3.55958 0.0493221 4.97532 0.132289 5828.86 1567.73 5837.39 1567.86 5837.39 1567.86 0.826004 0.118632 
300 0.29 844200000 44.7768 1.84761 -1230.47 15.8493 1.52254e+06 37999.2 2.3673e+12 1.11504e+11 0.0788294 0.0716609 0.723195 0.0104076 0.572852 0.00727347 0.330038 0.00807137 0.756313 0.00489412 3.55958 0.0493221 4.97532 0.132289 5828.86 1567.73 5837.39 1567.86 5837.39 1567.86 0.826004 0.118632 
300 0.29 846000000 44.7768 1.84761 -1230.47 15.8493 1.52254e+06 37999.2 2.3673e+12 1.11504e+11 0.0788294 0.0716609 0.723195 0.0104076 0.572852 0.00727347 0.330038 0.00807137 0.756313 0.00489412 3.55958 0.0493221 4.97532 0.132289 5828.86 1567.73 5837.39 1567.86 5837.39 1567.86 0.826004 0.118632 
300 0.29 847800000 44.7768 1.84761 -1230.47 15.8493 1.52254e+06 37999.2 2.3673e+12 1.11504e+11 0.0788294 0.0716609 0.723195 0.0104076 0.572852 0.00727347 0.330038 0.00807137 0.756313 0.00489412 3.55958 0.0493221 4.97532 0.132289 5828.86 1567.73 5837.39 1567.86 5837.39 1567.86 0.826004 0.118632 
300 0.29 849600000 44.7768 1.84761 -1230.47 15.8493 1.52254e+06 37999.2 2.3673e+12 1.11504e+11 0.0788294 0.0716609 0.723195 0.0104076 0.572852 0.00727347 0.330038 0.00807137 0.756313 0.00489412 3.55958 0.0493221 4.97532 0.132289 5828.86 1567.73 5837.39 1567.86 5837.39 1567.86 0.826004 0.118632 
300 0.29 851400000 44.7768 1.84761 -1230.47 15.8493 1.52254e+06 37999.2 2.3673e+12 1.11504e+11 0.0788294 0.0716609 0.723195 0.0104076 0.572852 0.00727347 0.330038 0.00807137 0.756313 0.00489412 3.55958 0.0493221 4.97532 0.132289 5828.86 1567.73 5837.39 1567.86 5837.39 1567.86 0.826004 0.118632 
300 0.29 853200000 44.7768 1.84761 -1230.47 15.8493 1.52254e+06 37999.2 2.3673e+12 1.11504e+11 0.0788294 0.0716609 0.723195 0.0104076 0.572852 0.00727347 0.330038 0.00807137 0.756313 0.00489412 3.55958 0.0493221 4.97532 0.132289 5828.86 1567.73 5837.39 1567.86 5837.39 1567.86 0.826004 0.118632 
300 0.29 855000000 44.7768 1.84761 -1230.47 15.8493 1.52254e+06 37999.2 2.3673e+12 1.11504e+11 0.0788294 0.0716609 0.723195 0.0104076 0.572852 0.00727347 0.330038 0.00807137 0.756313 0.00489412 3.55958 0.0493221 4.97532 0.132289 5828.86 1567.73 5837.39 1567.86 5837.39 1567.86 0.826004 0.118632 
300 0.29 856800000 44.7768 1.84761 -1230.47 15.8493 1.52254e+06 37999.2 2.3673e+12 1.11504e+11 0.0788294 0.0716609 0.723195 0.0104076 0.572852 0.00727347 0.330038 0.00807137 0.756313 0.00489412 3.55958 0.0493221 4.97532 0.132289 5828.86 1567.73 5837.39 1567.86 5837.39 1567.86 0.826004 0.118632 
300 0.29 858600000 44.7768 1.84761 -1230.47 15.8493 1.52254e+06 37999.2 2.3673e+12 1.11504e+11 0.0788294 0.0716609 0.723195 0.0104076 0.572852 0.00727347 0.330038 0.00807137 0.756313 0.00489412 3.55958 0.0493221 4.97532 0.132289 5828.86 1567.73 5837.39 1567.86 5837.39 1567.86 0.826004 0.118632 
300 0.29 860400000 44.7768 1.84761 -1230.47 15.8493 1.52254e+06 37999.2 2.3673e+12 1.11504e+11 0.0788294 0.0716609 0.723195 0.0104076 0.572852 0.00727347 0.330038 0.00807137 0.756313 0.00489412 3.55958 0.0493221 4.97532 0.132289 5828.86 1567.73 5837.39 1567.86 5837.39 1567.86 0.826004 0.118632 
300 0.29 862200000 44.7768 1.84761 -1230.47 15.8493 1.52254e+06 37999.2 2.3673e+12 1.11504e+11 0.0788294 0.0716609 0.723195 0.0104076 0.572852 0.00727347 0.330038 0.00807137 0.756313 0.00489412 3.55958 0.0493221 4.97532 0.132289 5828.86 1567.73 5837.39 1567.86 5837.39 1567.86 0.826004 0.118632 
300 0.29 864000000 44.7768 1.84761 -1230.47 15.8493 1.52254e+06 37999.2 2.3673e+12 1.11504e+11 0.0788294 0.0716609 0.723195 0.0104076 0.572852 0.00727347 0.330038 0.00807137 0.756313 0.00489412 3.55958 0.0493221 4.97532 0.132289 5828.86 1567.73 5837.39 1567.86 5837.39 1567.86 0.826004 0.118632 
300 0.29 865800000 44.7768 1.84761 -1230.47 15.8493 1.52254e+06 37999.2 2.3673e+12 1.11504e+11 0.0788294 0.0716609 0.723195 0.0104076 0.572852 0.00727347 0.330038 0.00807137 0.756313 0.00489412 3.55958 0.0493221 4.97532 0.132289 5828.86 1567.73 5837.39 1567.86 5837.39 1567.86 0.826004 0.118632 
300 0.29 867600000 44.7768 1.84761 -1230.47 15.8493 1.52254e+06 37999.2 2.3673e+12 1.11504e+11 0.0788294 0.0716609 0.723195 0.0104076 0.572852 0.00727347 0.330038 0.00807137 0.756313 0.00489412 3.55958 0.0493221 4.97532 0.132289 5828.86 1567.73 5837.39 1567.86 5837.39 1567.86 0.826004 0.118632 
300 0.29 869400000 44.7768 1.78849 -1230.47 15.8493 1.52254e+06 37999.2 2.3673e+12 1.11504e+11 0.0788294 0.0716609 0.723195 0.0104076 0.572852 0.00727347 0.330038 0.00807137 0.756313 0.00489412 3.55958 0.0493221 4.97532 0.132289 5828.86 1567.73 5837.39 1567.86 5837.39 1567.86 0.826004 0.118632 
300 0.29 871200000 44.7768 1.78849 -1230.47 15.8493 1.52254e+06 37999.2 2.3673e+12 1.11504e+11 0.0788294 0.0716609 0.723195 0.0104076 0.572852 0.00727347 0.330038 0.00807137 0.756313 0.00489412 3.55958 0.0493221 4.97532 0.132289 5828.86 1567.73 5837.39 1567.86 5837.39 1567.86 0.826004 0.118632 
300 0.29 873000000 44.7768 1.78849 -1230.47 15.8493 1.52254e+06 37999.2 2.3673e+12 1.11504e+11 0.0788294 0.0716609 0.723195 0.0104076 0.572852 0.00727347 0.330038 0.00807137 0.756313 0.00489412 3.55958 0.0493221 4.97532 0.132289 5828.86 1567.73 5837.39 1567.86 5837.39 1567.86 0.826004 0.118632 
300 0.29 874800000 44.7768 1.78849 -1230.47 15.8493 1.52254e+06 37999.2 2.3673e+12 1.11504e+11 0.0788294 0.0716609 0.723195 0.0104076 0.572852 0.00727347 0.330038 0.00807137 0.756313 0.00489412 3.55958 0.0493221 4.97532 0.132289 5828.86 1567.73 5837.39 1567.86 5837.39 1567.86 0.826004 0.118632 
300 0.29 876600000 44.7768 1.78849 -1230.47 15.8493 1.52254e+06 37999.2 2.3673e+12 1.11504e+11 0.0788294 0.0716609 0.723195 0.0104076 0.572852 0.00727347 0.330038 0.00807137 0.756313 0.00489412 3.55958 0.0493221 4.97532 0.132289 5828.86 1567.73 5837.39 1567.86 5837.39 1567.86 0.826004 0.118632 
300 0.29 878400000 44.7768 1.78849 -1230.47 15.8493 1.52254e+06 37999.2 2.3673e+12 1.11504e+11 0.0788294 0.0716609 0.723195 0.0104076 0.572852 0.00727347 0.330038 0.00807137 0.756313 0.00489412 3.55958 0.0493221 4.97532 0.132289 5828.86 1567.73 5837.39 1567.86 5837.39 1567.86 0.826004 0.118632 
300 0.29 880200000 44.7768 1.78849 -1230.47 15.8493 1.52254e+06 37999.2 2.3673e+12 1.11504e+11 0.0788294 0.0716609 0.723195 0.0104076 0.572852 0.00727347 0.330038 0.00807137 0.756313 0.00489412 3.55958 0.0493221 4.97532 0.132289 5828.86 1567.73 5837.39 1567.86 5837.39 1567.86 0.826004 0.118632 
300 0.29 882000000 44.7768 1.78849 -1230.47 15.8493 1.52254e+06 37999.2 2.3673e+12 1.11504e+11 0.0788294 0.0716609 0.723195 0.0104076 0.572852 0.00727347 0.330038 0.00807137 0.756313 0.00489412 3.55958 0.0493221 4.97532 0.132289 5828.86 1567.73 5837.39 1567.86 5837.39 1567.86 0.826004 0.118632 
300 0.29 883800000 44.7768 1.78849 -1230.47 15.8493 1.52254e+06 37999.2 2.3673e+12 1.11504e+11 0.0788294 0.0716609 0.723195 0.0104076 0.572852 0.00727347 0.330038 0.00807137 0.756313 0.00489412 3.55958 0.0493221 4.97532 0.132289 5828.86 1567.73 5837.39 1567.86 5837.39 1567.86 0.826004 0.118632 
300 0.29 885600000 44.7768 1.78849 -1230.47 15.8493 1.52254e+06 37999.2 2.3673e+12 1.11504e+11 0.0788294 0.0716609 0.723195 0.0104076 0.572852 0.00727347 0.330038 0.00807137 0.756313 0.00489412 3.55958 0.0493221 4.97532 0.132289 5828.86 1567.73 5837.39 1567.86 5837.39 1567.86 0.826004 0.118632 
300 0.29 887400000 44.7768 1.78849 -1230.47 15.8493 1.52254e+06 37999.2 2.3673e+12 1.11504e+11 0.0788294 0.0716609 0.723195 0.0104076 0.572852 0.00727347 0.330038 0.00807137 0.756313 0.00489412 3.55958 0.0493221 4.97532 0.132289 5828.86 1567.73 5837.39 1567.86 5837.39 1567.86 0.826004 0.118632 
300 0.29 889200000 44.7768 1.78849 -1230.47 15.8493 1.52254e+06 37999.2 2.3673e+12 1.11504e+11 0.0788294 0.0716609 0.723195 0.0104076 0.572852 0.00727347 0.330038 0.00807137 0.756313 0.00489412 3.55958 0.0493221 4.97532 0.132289 5828.86 1567.73 5837.39 1567.86 5837.39 1567.86 0.826004 0.118632 
300 0.29 891000000 44.7768 1.78849 -1230.47 15.8493 1.52254e+06 37999.2 2.3673e+12 1.11504e+11 0.0788294 0.0716609 0.723195 0.0104076 0.572852 0.00727347 0.330038 0.00807137 0.756313 0.00489412 3.55958 0.0493221 4.97532 0.132289 5828.86 1567.73 5837.39 1567.86 5837.39 1567.86 0.826004 0.118632 
300 0.29 892800000 44.7768 1.78849 -1230.47 15.8493 1.52254e+06 37999.2 2.3673e+12 1.11504e+11 0.0788294 0.0716609 0.723195 0.0104076 0.572852 0.00727347 0.330038 0.00807137 0.756313 0.00489412 3.55958 0.0493221 4.97532 0.132289 5828.86 1567.73 5837.39 1567.86 5837.39 1567.86 0.826004 0.118632 
300 0.29 894600000 44.7768 1.78849 -1230.47 15.8493 1.52254e+06 37999.2 2.3673e+12 1.11504e+11 0.0788294 0.0716609 0.723195 0.0104076 0.572852 0.00727347 0.330038 0.00807137 0.756313 0.00489412 3.55958 0.0493221 4.97532 0.132289 5828.86 1567.73 5837.39 1567.86 5837.39 1567.86 0.826004 0.118632 
300 0.29 896400000 44.7768 1.78849 -1230.47 15.8493 1.52254e+06 37999.2 2.3673e+12 1.11504e+11 0.0788294 0.0716609 0.723195 0.0104076 0.572852 0.00727347 0.330038 0.00807137 0.756313 0.00489412 3.55958 0.0493221 4.97532 0.132289 5828.86 1567.73 5837.39 1567.86 5837.39 1567.86 0.826004 0.118632 
300 0.29 898200000 44.4625 1.73832 -1228.53 15.8493 1.51758e+06 37999.2 2.35122e+12 1.11504e+11 0.0889982 0.0716609 0.722329 0.0104076 0.572051 0.00727347 0.32905 0.00807137 0.755805 0.00489412 3.54475 0.0493221 4.94726 0.132289 5485.77 1567.73 5494.26 1567.86 5494.26 1567.86 0.798371 0.118632 
300 0.29 900000000 44.4625 1.73832 -1228.53 15.8493 1.51758e+06 37999.2 2.35122e+12 1.11504e+11 0.0889982 0.0716609 0.722329 0.0104076 0.572051 0.00727347 0.32905 0.00807137 0.755805 0.00489412 3.54475 0.0493221 4.94726 0.132289 5485.77 1567.73 5494.26 1567.86 5494.26 1567.86 0.798371 0.118632 
300 0.29 901800000 44.4625 1.73832 -1228.53 15.8493 1.51758e+06 37999.2 2.35122e+12 1.11504e+11 0.0889982 0.0716609 0.722329 0.0104076 0.572051 0.00727347 0.32905 0.00807137 0.755805 0.00489412 3.54475 0.0493221 4.94726 0.132289 5485.77 1567.73 5494.26 1567.86 5494.26 1567.86 0.798371 0.118632 
300 0.29 903600000 44.4625 1.73832 -1228.53 15.8493 1.51758e+06 37999.2 2.35122e+12 1.11504e+11 0.0889982 0.0716609 0.722329 0.0104076 0.572051 0.00727347 0.32905 0.00807137 0.755805 0.00489412 3.54475 0.0493221 4.94726 0.132289 5485.77 1567.73 5494.26 1567.86 5494.26 1567.86 0.798371 0.118632 
300 0.29 905400000 44.4625 1.73832 -1228.53 15.8493 1.51758e+06 37999.2 2.35122e+12 1.11504e+11 0.0889982 0.0716609 0.722329 0.0104076 0.572051 0.00727347 0.32905 0.00807137 0.755805 0.00489412 3.54475 0.0493221 4.94726 0.132289 5485.77 1567.73 5494.26 1567.86 5494.26 1567.86 0.798371 0.118632 
300 0.29 907200000 44.4625 1.73832 -1228.53 15.8493 1.51758e+06 37999.2 2.35122e+12 1.11504e+11 0.0889982 0.0716609 0.722329 0.0104076 0.572051 0.00727347 0.32905 0.00807137 0.755805 0.00489412 3.54475 0.0493221 4.94726 0.132289 5485.77 1567.73 5494.26 1567.86 5494.26 1567.86 0.798371 0.118632 
300 0.29 909000000 44.4625 1.73832 -1228.53 15.8493 1.51758e+06 37999.2 2.35122e+12 1.11504e+11 0.0889982 0.0716609 0.722329 0.0104076 0.572051 0.00727347 0.32905 0.00807137 0.755805 0.00489412 3.54475 0.0493221 4.94726 0.132289 5485.77 1567.73 5494.26 1567.86 5494.26 1567.86 0.798371 0.118632 
300 0.29 910800000 44.4625 1.73832 -1228.53 15.8493 1.51758e+06 37999.2 2.35122e+12 1.11504e+11 0.0889982 0.0716609 0.722329 0.0104076 0.572051 0.00727347 0.32905 0.00807137 0.755805 0.00489412 3.54475 0.0493221 4.94726 0.132289 5485.77 1567.73 5494.26 1567.86 5494.26 1567.86 0.798371 0.118632 
300 0.29 912600000 44.4625 1.73832 -1228.53 15.8493 1.51758e+06 37999.2 2.35122e+12 1.11504e+11 0.0889982 0.0716609 0.722329 0.0104076 0.572051 0.00727347 0.32905 0.00807137 0.755805 0.00489412 3.54475 0.0493221 4.94726 0.132289 5485.77 1567.73 5494.26 1567.86 5494.26 1567.86 0.798371 0.118632 
300 0.29 914400000 44.4625 1.73832 -1228.53 15.8493 1.51758e+06 37999.2 2.35122e+12 1.11504e+11 0.0889982 0.0716609 0.722329 0.0104076 0.572051 0.00727347 0.32905 0.00807137 0.755805 0.00489412 3.54475 0.0493221 4.94726 0.132289 5485.77 1567.73 5494.26 1567.86 5494.26 1567.86 0.798371 0.118632 
300 0.29 916200000 44.4625 1.73832 -1228.53 15.8493 1.51758e+06 37999.2 2.35122e+12 1.11504e+11 0.0889982 0.0716609 0.722329 0.0104076 0.572051 0.00727347 0.32905 0.00807137 0.755805 0.00489412 3.54475 0.0493221 4.94726 0.132289 5485.77 1567.73 5494.26 1567.86 5494.26 1567.86 0.798371 0.118632 
300 0.29 918000000 44.4625 1.73832 -1228.53 15.8493 1.51758e+06 37999.2 2.35122e+12 1.11504e+11 0.0889982 0.0716609 0.722329 0.0104076 0.572051 0.00727347 0.32905 0.00807137 0.755805 0.00489412 3.54475 0.0493221 4.94726 0.132289 5485.77 1567.73 5494.26 1567.86 5494.26 1567.86 0.798371 0.118632 
300 0.29 919800000 44.4625 1.73832 -1228.53 15.8493 1.51758e+06 37999.2 2.35122e+12 1.11504e+11 0.0889982 0.0716609 0.722329 0.0104076 0.572051 0.00727347 0.32905 0.00807137 0.755805 0.00489412 3.54475 0.0493221 4.94726 0.132289 5485.77 1567.73 5494.26 1567.86 5494.26 1567.86 0.798371 0.118632 
300 0.29 921600000 44.4625 1.73832 -1228.53 15.8493 1.51758e+06 37999.2 2.35122e+12 1.11504e+11 0.0889982 0.0716609 0.722329 0.0104076 0.572051 0.00727347 0.32905 0.00807137 0.755805 0.00489412 3.54475 0.0493221 4.94726 0.132289 5485.77 1567.73 5494.26 1567.86 5494.26 1567.86 0.798371 0.118632 
300 0.29 923400000 44.4625 1.73832 -1228.53 15.8493 1.51758e+06 37999.2 2.35122e+12 1.11504e+11 0.0889982 0.0716609 0.722329 0.0104076 0.572051 0.00727347 0.32905 0.00807137 0.755805 0.00489412 3.54475 0.0493221 4.94726 0.132289 5485.77 1567.73 5494.26 1567.86 5494.26 1567.86 0.798371 0.118632 
300 0.29 925200000 44.4625 1.73832 -1228.53 15.8493 1.51758e+06 37999.2 2.35122e+12 1.11504e+11 0.0889982 0.0716609 0.722329 0.0104076 0.572051 0.00727347 0.32905 0.00807137 0.755805 0.00489412 3.54475 0.0493221 4.94726 0.132289 5485.77 1567.73 5494.26 1567.86 5494.26 1567.86 0.798371 0.118632 
300 0.29 927000000 44.4625 1.6896 -1228.53 15.8493 1.51758e+06 37999.2 2.35122e+12 1.11504e+11 0.0889982 0.0716609 0.722329 0.0104076 0.572051 0.00727347 0.32905 0.00807137 0.755805 0.00489412 3.54475 0.0493221 4.94726 0.132289 5485.77 1567.73 5494.26 1567.86 5494.26 1567.86 0.798371 0.118632 
300 0.29 928800000 44.4625 1.6896 -1228.53 15.8493 1.51758e+06 37999.2 2.35122e+12 1.11504e+11 0.0889982 0.0716609 0.722329 0.0104076 0.572051 0.00727347 0.32905 0.00807137 0.755805 0.00489412 3.54475 0.0493221 4.94726 0.132289 5485.77 1567.73 5494.26 1567.86 5494.26 1567.86 0.798371 0.118632 
300 0.29 930600000 44.4625 1.6896 -1228.53 15.8493 1.51758e+06 37999.2 2.35122e+12 1.11504e+11 0.0889982 0.0716609 0.722329 0.0104076 0.572051 0.00727347 0.32905 0.00807137 0.755805 0.00489412 3.54475 0.0493221 4.94726 0.132289 5485.77 1567.73 5494.26 1567.86 5494.26 1567.86 0.798371 0.118632 
300 0.29 932400000 44.4625 1.6896 -1228.53 15.8493 1.51758e+06 37999.2 2.35122e+12 1.11504e+11 0.0889982 0.0716609 0.722329 0.0104076 0.572051 0.00727347 0.32905 0.00807137 0.755805 0.00489412 3.54475 0.0493221 4.94726 0.132289 5485.77 1567.73 5494.26 1567.86 5494.26 1567.86 0.798371 0.118632 
300 0.29 934200000 44.4625 1.6896 -1228.53 15.8493 1.51758e+06 37999.2 2.35122e+12 1.11504e+11 0.0889982 0.0716609 0.722329 0.0104076 0.572051 0.00727347 0.32905 0.00807137 0.755805 0.00489412 3.54475 0.0493221 4.94726 0.132289 5485.77 1567.73 5494.26 1567.86 5494.26 1567.86 0.798371 0.118632 
300 0.29 936000000 44.4625 1.6896 -1228.53 15.8493 1.51758e+06 37999.2 2.35122e+12 1.11504e+11 0.0889982 0.0716609 0.722329 0.0104076 0.572051 0.00727347 0.32905 0.00807137 0.755805 0.00489412 3.54475 0.0493221 4.94726 0.132289 5485.77 1567.73 5494.26 1567.86 5494.26 1567.86 0.798371 0.118632 
300 0.29 937800000 44.4625 1.6896 -1228.53 15.8493 1.51758e+06 37999.2 2.35122e+12 1.11504e+11 0.0889982 0.0716609 0.722329 0.0104076 0.572051 0.00727347 0.32905 0.00807137 0.755805 0.00489412 3.54475 0.0493221 4.94726 0.132289 5485.77 1567.73 5494.26 1567.86 5494.26 1567.86 0.798371 0.118632 
300 0.29 939600000 44.4625 1.6896 -1228.53 15.8493 1.51758e+06 37999.2 2.35122e+12 1.11504e+11 0.0889982 0.0716609 0.722329 0.0104076 0.572051 0.00727347 0.32905 0.00807137 0.755805 0.00489412 3.54475 0.0493221 4.94726 0.132289 5485.77 1567.73 5494.26 1567.86 5494.26 1567.86 0.798371 0.118632 
300 0.29 941400000 44.4625 1.6896 -1228.53 15.8493 1.51758e+06 37999.2 2.35122e+12 1.11504e+11 0.0889982 0.0716609 0.722329 0.0104076 0.572051 0.00727347 0.32905 0.00807137 0.755805 0.00489412 3.54475 0.0493221 4.94726 0.132289 5485.77 1567.73 5494.26 1567.86 5494.26 1567.86 0.798371 0.118632 
300 0.29 943200000 44.4625 1.6896 -1228.53 15.8493 1.51758e+06 37999.2 2.35122e+12 1.11504e+11 0.0889982 0.0716609 0.722329 0.0104076 0.572051 0.00727347 0.32905 0.00807137 0.755805 0.00489412 3.54475 0.0493221 4.94726 0.132289 5485.77 1567.73 5494.26 1567.86 5494.26 1567.86 0.798371 0.118632 
300 0.29 945000000 44.4625 1.6896 -1228.53 15.8493 1.51758e+06 37999.2 2.35122e+12 1.11504e+11 0.0889982 0.0716609 0.722329 0.0104076 0.572051 0.00727347 0.32905 0.00807137 0.755805 0.00489412 3.54475 0.0493221 4.94726 0.132289 5485.77 1567.73 5494.26 1567.86 5494.26 1567.86 0.798371 0.118632 
300 0.29 946800000 44.4625 1.6896 -1228.53 15.8493 1.51758e+06 37999.2 2.35122e+12 1.11504e+11 0.0889982 0.0716609 0.722329 0.0104076 0.572051 0.00727347 0.32905 0.00807137 0.755805 0.00489412 3.54475 0.0493221 4.94726 0.132289 5485.77 1567.73 5494.26 1567.86 5494.26 1567.86 0.798371 0.118632 
300 0.29 948600000 44.4625 1.6896 -1228.53 15.8493 1.51758e+06 37999.2 2.35122e+12 1.11504e+11 0.0889982 0.0716609 0.722329 0.0104076 0.572051 0.00727347 0.32905 0.00807137 0.755805 0.00489412 3.54475 0.0493221 4.94726 0.132289 5485.77 1567.73 5494.26 1567.86 5494.26 1567.86 0.798371 0.118632 
300 0.29 950400000 44.4625 1.6896 -1228.53 15.8493 1.51758e+06 37999.2 2.35122e+12 1.11504e+11 0.0889982 0.0716609 0.722329 0.0104076 0.572051 0.00727347 0.32905 0.00807137 0.755805 0.00489412 3.54475 0.0493221 4.94726 0.132289 5485.77 1567.73 5494.26 1567.86 5494.26 1567.86 0.798371 0.118632 
300 0.29 952200000 44.4625 1.6896 -1228.53 15.8493 1.51758e+06 37999.2 2.35122e+12 1.11504e+11 0.0889982 0.0716609 0.722329 0.0104076 0.572051 0.00727347 0.32905 0.00807137 0.755805 0.00489412 3.54475 0.0493221 4.94726 0.132289 5485.77 1567.73 5494.26 1567.86 5494.26 1567.86 0.798371 0.118632 
300 0.29 954000000 44.4625 1.6896 -1228.53 15.8493 1.51758e+06 37999.2 2.35122e+12 1.11504e+11 0.0889982 0.0716609 0.722329 0.0104076 0.572051 0.00727347 0.32905 0.00807137 0.755805 0.00489412 3.54475 0.0493221 4.94726 0.132289 5485.77 1567.73 5494.26 1567.86 5494.26 1567.86 0.798371 0.118632 
300 0.29 955800000 44.6328 1.66879 -1234.77 14.4396 1.53322e+06 34717.1 2.40097e+12 1.02523e+11 0.0940456 0.0642985 0.724751 0.00922214 0.574642 0.00662091 0.332053 0.00744315 0.757509 0.00442739 3.51848 0.0577984 4.89439 0.138314 5143.24 1514.28 5151.65 1514.43 5151.65 1514.43 0.749999 0.125816 
300 0.29 957600000 44.6328 1.66879 -1234.77 14.4396 1.53322e+06 34717.1 2.40097e+12 1.02523e+11 0.0940456 0.0642985 0.724751 0.00922214 0.574642 0.00662091 0.332053 0.00744315 0.757509 0.00442739 3.51848 0.0577984 4.89439 0.138314 5143.24 1514.28 5151.65 1514.43 5151.65 1514.43 0.749999 0.125816 
300 0.29 959400000 44.6328 1.66879 -1234.77 14.4396 1.53322e+06 34717.1 2.40097e+12 1.02523e+11 0.0940456 0.0642985 0.724751 0.00922214 0.574642 0.00662091 0.332053 0.00744315 0.757509 0.00442739 3.51848 0.0577984 4.89439 0.138314 5143.24 1514.28 5151.65 1514.43 5151.65 1514.43 0.749999 0.125816 
300 0.29 961200000 44.6328 1.66879 -1234.77 14.4396 1.53322e+06 34717.1 2.40097e+12 1.02523e+11 0.0940456 0.0642985 0.724751 0.00922214 0.574642 0.00662091 0.332053 0.00744315 0.757509 0.00442739 3.51848 0.0577984 4.89439 0.138314 5143.24 1514.28 5151.65 1514.43 5151.65 1514.43 0.749999 0.125816 
300 0.29 963000000 44.6328 1.66879 -1234.77 14.4396 1.53322e+06 34717.1 2.40097e+12 1.02523e+11 0.0940456 0.0642985 0.724751 0.00922214 0.574642 0.00662091 0.332053 0.00744315 0.757509 0.00442739 3.51848 0.0577984 4.89439 0.138314 5143.24 1514.28 5151.65 1514.43 5151.65 1514.43 0.749999 0.125816 
300 0.29 964800000 44.6328 1.66879 -1234.77 14.4396 1.53322e+06 34717.1 2.40097e+12 1.02523e+11 0.0940456 0.0642985 0.724751 0.00922214 0.574642 0.00662091 0.332053 0.00744315 0.757509 0.00442739 3.51848 0.0577984 4.89439 0.138314 5143.24 1514.28 5151.65 1514.43 5151.65 1514.43 0.749999 0.125816 
300 0.29 966600000 44.6328 1.66879 -1234.77 14.4396 1.53322e+06 34717.1 2.40097e+12 1.02523e+11 0.0940456 0.0642985 0.724751 0.00922214 0.574642 0.00662091 0.332053 0.00744315 0.757509 0.00442739 3.51848 0.0577984 4.89439 0.138314 5143.24 1514.28 5151.65 1514.43 5151.65 1514.43 0.749999 0.125816 
300 0.29 968400000 44.6328 1.66879 -1234.77 14.4396 1.53322e+06 34717.1 2.40097e+12 1.02523e+11 0.0940456 0.0642985 0.724751 0.00922214 0.574642 0.00662091 0.332053 0.00744315 0.757509 0.00442739 3.51848 0.0577984 4.89439 0.138314 5143.24 1514.28 5151.65 1514.43 5151.65 1514.43 0.749999 0.125816 
300 0.29 970200000 44.6328 1.66879 -1234.77 14.4396 1.53322e+06 34717.1 2.40097e+12 1.02523e+11 0.0940456 0.0642985 0.724751 0.00922214 0.574642 0.00662091 0.332053 0.00744315 0.757509 0.00442739 3.51848 0.0577984 4.89439 0.138314 5143.24 1514.28 5151.65 1514.43 5151.65 1514.43 0.749999 0.125816 
300 0.29 972000000 44.6328 1.66879 -1234.77 14.4396 1.53322e+06 34717.1 2.40097e+12 1.02523e+11 0.0940456 0.0642985 0.724751 0.00922214 0.574642 0.00662091 0.332053 0.00744315 0.757509 0.00442739 3.51848 0.0577984 4.89439 0.138314 5143.24 1514.28 5151.65 1514.43 5151.65 1514.43 0.749999 0.125816 
300 0.29 973800000 44.6328 1.66879 -1234.77 14.4396 1.53322e+06 34717.1 2.40097e+12 1.02523e+11 0.0940456 0.0642985 0.724751 0.00922214 0.574642 0.00662091 0.332053 0.00744315 0.757509 0.00442739 3.51848 0.0577984 4.89439 0.138314 5143.24 1514.28 5151.65 1514.43 5151.65 1514.43 0.749999 0.125816 
300 0.29 975600000 44.6328 1.66879 -1234.77 14.4396 1.53322e+06 34717.1 2.40097e+12 1.02523e+11 0.0940456 0.0642985 0.724751 0.00922214 0.574642 0.00662091 0.332053 0.00744315 0.757509 0.00442739 3.51848 0.0577984 4.89439 0.138314 5143.24 1514.28 5151.65 1514.43 5151.65 1514.43 0.749999 0.125816 
300 0.29 977400000 44.6328 1.66879 -1234.77 14.4396 1.53322e+06 34717.1 2.40097e+12 1.02523e+11 0.0940456 0.0642985 0.724751 0.00922214 0.574642 0.00662091 0.332053 0.00744315 0.757509 0.00442739 3.51848 0.0577984 4.89439 0.138314 5143.24 1514.28 5151.65 1514.43 5151.65 1514.43 0.749999 0.125816 
300 0.29 979200000 44.6328 1.66879 -1234.77 14.4396 1.53322e+06 34717.1 2.40097e+12 1.02523e+11 0.0940456 0.0642985 0.724751 0.00922214 0.574642 0.00662091 0.332053 0.00744315 0.757509 0.00442739 3.51848 0.0577984 4.89439 0.138314 5143.24 1514.28 5151.65 1514.43 5151.65 1514.43 0.749999 0.125816 
300 0.29 981000000 44.6328 1.66879 -1234.77 14.4396 1.53322e+06 34717.1 2.40097e+12 1.02523e+11 0.0940456 0.0642985 0.724751 0.00922214 0.574642 0.00662091 0.332053 0.00744315 0.757509 0.00442739 3.51848 0.0577984 4.89439 0.138314 5143.24 1514.28 5151.65 1514.43 5151.65 1514.43 0.749999 0.125816 
300 0.29 982800000 44.6328 1.66879 -1234.77 14.4396 1.53322e+06 34717.1 2.40097e+12 1.02523e+11 0.0940456 0.0642985 0.724751 0.00922214 0.574642 0.00662091 0.332053 0.00744315 0.757509 0.00442739 3.51848 0.0577984 4.89439 0.138314 5143.24 1514.28 5151.65 1514.43 5151.65 1514.43 0.749999 0.125816 
300 0.29 984600000 44.6328 1.62766 -1234.77 14.4396 1.53322e+06 34717.1 2.40097e+12 1.02523e+11 0.0940456 0.0642985 0.724751 0.00922214 0.574642 0.00662091 0.332053 0.00744315 0.757509 0.00442739 3.51848 0.0577984 4.89439 0.138314 5143.24 1514.28 5151.65 1514.43 5151.65 1514.43 0.749999 0.125816 
300 0.29 986400000 44.6328 1.62766 -1234.77 14.4396 1.53322e+06 34717.1 2.40097e+12 1.02523e+11 0.0940456 0.0642985 0.724751 0.00922214 0.574642 0.00662091 0.332053 0.00744315 0.757509 0.00442739 3.51848 0.0577984 4.89439 0.138314 5143.24 1514.28 5151.65 1514.43 5151.65 1514.43 0.749999 0.125816 
300 0.29 988200000 44.6328 1.62766 -1234.77 14.4396 1.53322e+06 34717.1 2.40097e+12 1.02523e+11 0.0940456 0.0642985 0.724751 0.00922214 0.574642 0.00662091 0.332053 0.00744315 0.757509 0.00442739 3.51848 0.0577984 4.89439 0.138314 5143.24 1514.28 5151.65 1514.43 5151.65 1514.43 0.749999 0.125816 
300 0.29 990000000 44.6328 1.62766 -1234.77 14.4396 1.53322e+06 34717.1 2.40097e+12 1.02523e+11 0.0940456 0.0642985 0.724751 0.00922214 0.574642 0.00662091 0.332053 0.00744315 0.757509 0.00442739 3.51848 0.0577984 4.89439 0.138314 5143.24 1514.28 5151.65 1514.43 5151.65 1514.43 0.749999 0.125816 
300 0.29 991800000 44.6328 1.62766 -1234.77 14.4396 1.53322e+06 34717.1 2.40097e+12 1.02523e+11 0.0940456 0.0642985 0.724751 0.00922214 0.574642 0.00662091 0.332053 0.00744315 0.757509 0.00442739 3.51848 0.0577984 4.89439 0.138314 5143.24 1514.28 5151.65 1514.43 5151.65 1514.43 0.749999 0.125816 
300 0.29 993600000 44.6328 1.62766 -1234.77 14.4396 1.53322e+06 34717.1 2.40097e+12 1.02523e+11 0.0940456 0.0642985 0.724751 0.00922214 0.574642 0.00662091 0.332053 0.00744315 0.757509 0.00442739 3.51848 0.0577984 4.89439 0.138314 5143.24 1514.28 5151.65 1514.43 5151.65 1514.43 0.749999 0.125816 
300 0.29 995400000 44.6328 1.62766 -1234.77 14.4396 1.53322e+06 34717.1 2.40097e+12 1.02523e+11 0.0940456 0.0642985 0.724751 0.00922214 0.574642 0.00662091 0.332053 0.00744315 0.757509 0.00442739 3.51848 0.0577984 4.89439 0.138314 5143.24 1514.28 5151.65 1514.43 5151.65 1514.43 0.749999 0.125816 
300 0.29 997200000 44.6328 1.62766 -1234.77 14.4396 1.53322e+06 34717.1 2.40097e+12 1.02523e+11 0.0940456 0.0642985 0.724751 0.00922214 0.574642 0.00662091 0.332053 0.00744315 0.757509 0.00442739 3.51848 0.0577984 4.89439 0.138314 5143.24 1514.28 5151.65 1514.43 5151.65 1514.43 0.749999 0.125816 
300 0.29 999000000 44.6328 1.62766 -1234.77 14.4396 1.53322e+06 34717.1 2.40097e+12 1.02523e+11 0.0940456 0.0642985 0.724751 0.00922214 0.574642 0.00662091 0.332053 0.00744315 0.757509 0.00442739 3.51848 0.0577984 4.89439 0.138314 5143.24 1514.28 5151.65 1514.43 5151.65 1514.43 0.749999 0.125816 
300 0.29 1000800000 44.6328 1.62766 -1234.77 14.4396 1.53322e+06 34717.1 2.40097e+12 1.02523e+11 0.0940456 0.0642985 0.724751 0.00922214 0.574642 0.00662091 0.332053 0.00744315 0.757509 0.00442739 3.51848 0.0577984 4.89439 0.138314 5143.24 1514.28 5151.65 1514.43 5151.65 1514.43 0.749999 0.125816 
300 0.29 1002600000 44.6328 1.62766 -1234.77 14.4396 1.53322e+06 34717.1 2.40097e+12 1.02523e+11 0.0940456 0.0642985 0.724751 0.00922214 0.574642 0.00662091 0.332053 0.00744315 0.757509 0.00442739 3.51848 0.0577984 4.89439 0.138314 5143.24 1514.28 5151.65 1514.43 5151.65 1514.43 0.749999 0.125816 
300 0.29 1004400000 44.6328 1.62766 -1234.77 14.4396 1.53322e+06 34717.1 2.40097e+12 1.02523e+11 0.0940456 0.0642985 0.724751 0.00922214 0.574642 0.00662091 0.332053 0.00744315 0.757509 0.00442739 3.51848 0.0577984 4.89439 0.138314 5143.24 1514.28 5151.65 1514.43 5151.65 1514.43 0.749999 0.125816 
300 0.29 1006200000 44.6328 1.62766 -1234.77 14.4396 1.53322e+06 34717.1 2.40097e+12 1.02523e+11 0.0940456 0.0642985 0.724751 0.00922214 0.574642 0.00662091 0.332053 0.00744315 0.757509 0.00442739 3.51848 0.0577984 4.89439 0.138314 5143.24 1514.28 5151.65 1514.43 5151.65 1514.43 0.749999 0.125816 
300 0.29 1008000000 44.6328 1.62766 -1234.77 14.4396 1.53322e+06 34717.1 2.40097e+12 1.02523e+11 0.0940456 0.0642985 0.724751 0.00922214 0.574642 0.00662091 0.332053 0.00744315 0.757509 0.00442739 3.51848 0.0577984 4.89439 0.138314 5143.24 1514.28 5151.65 1514.43 5151.65 1514.43 0.749999 0.125816 
300 0.29 1009800000 44.6328 1.62766 -1234.77 14.4396 1.53322e+06 34717.1 2.40097e+12 1.02523e+11 0.0940456 0.0642985 0.724751 0.00922214 0.574642 0.00662091 0.332053 0.00744315 0.757509 0.00442739 3.51848 0.0577984 4.89439 0.138314 5143.24 1514.28 5151.65 1514.43 5151.65 1514.43 0.749999 0.125816 
300 0.29 1011600000 44.6328 1.62766 -1234.77 14.4396 1.53322e+06 34717.1 2.40097e+12 1.02523e+11 0.0940456 0.0642985 0.724751 0.00922214 0.574642 0.00662091 0.332053 0.00744315 0.757509 0.00442739 3.51848 0.0577984 4.89439 0.138314 5143.24 1514.28 5151.65 1514.43 5151.65 1514.43 0.749999 0.125816 
300 0.29 1013400000 45.0956 1.60454 -1236.71 14.4396 1.53795e+06 34717.1 2.41542e+12 1.02523e+11 0.0949974 0.0642985 0.726589 0.00922214 0.575366 0.00658074 0.332851 0.00730968 0.757997 0.00442606 3.50779 0.0577984 4.85892 0.138314 4841.63 1514.28 4850 1514.43 4850 1514.43 0.709015 0.125816 
300 0.29 1015200000 45.0956 1.60454 -1236.71 14.4396 1.53795e+06 34717.1 2.41542e+12 1.02523e+11 0.0949974 0.0642985 0.726589 0.00922214 0.575366 0.00658074 0.332851 0.00730968 0.757997 0.00442606 3.50779 0.0577984 4.85892 0.138314 4841.63 1514.28 4850 1514.43 4850 1514.43 0.709015 0.125816 
300 0.29 1017000000 45.0956 1.60454 -1236.71 14.4396 1.53795e+06 34717.1 2.41542e+12 1.02523e+11 0.0949974 0.0642985 0.726589 0.00922214 0.575366 0.00658074 0.332851 0.00730968 0.757997 0.00442606 3.50779 0.0577984 4.85892 0.138314 4841.63 1514.28 4850 1514.43 4850 1514.43 0.709015 0.125816 
300 0.29 1018800000 45.0956 1.60454 -1236.71 14.4396 1.53795e+06 34717.1 2.41542e+12 1.02523e+11 0.0949974 0.0642985 0.726589 0.00922214 0.575366 0.00658074 0.332851 0.00730968 0.757997 0.00442606 3.50779 0.0577984 4.85892 0.138314 4841.63 1514.28 4850 1514.43 4850 1514.43 0.709015 0.125816 
300 0.29 1020600000 45.0956 1.60454 -1236.71 14.4396 1.53795e+06 34717.1 2.41542e+12 1.02523e+11 0.0949974 0.0642985 0.726589 0.00922214 0.575366 0.00658074 0.332851 0.00730968 0.757997 0.00442606 3.50779 0.0577984 4.85892 0.138314 4841.63 1514.28 4850 1514.43 4850 1514.43 0.709015 0.125816 
300 0.29 1022400000 45.0956 1.60454 -1236.71 14.4396 1.53795e+06 34717.1 2.41542e+12 1.02523e+11 0.0949974 0.0642985 0.726589 0.00922214 0.575366 0.00658074 0.332851 0.00730968 0.757997 0.00442606 3.50779 0.0577984 4.85892 0.138314 4841.63 1514.28 4850 1514.43 4850 1514.43 0.709015 0.125816 
300 0.29 1024200000 45.0956 1.60454 -1236.71 14.4396 1.53795e+06 34717.1 2.41542e+12 1.02523e+11 0.0949974 0.0642985 0.726589 0.00922214 0.575366 0.00658074 0.332851 0.00730968 0.757997 0.00442606 3.50779 0.0577984 4.85892 0.138314 4841.63 1514.28 4850 1514.43 4850 1514.43 0.709015 0.125816 
300 0.29 1026000000 45.0956 1.60454 -1236.71 14.4396 1.53795e+06 34717.1 2.41542e+12 1.02523e+11 0.0949974 0.0642985 0.726589 0.00922214 0.575366 0.00658074 0.332851 0.00730968 0.757997 0.00442606 3.50779 0.0577984 4.85892 0.138314 4841.63 1514.28 4850 1514.43 4850 1514.43 0.709015 0.125816 
300 0.29 1027800000 45.0956 1.60454 -1236.71 14.4396 1.53795e+06 34717.1 2.41542e+12 1.02523e+11 0.0949974 0.0642985 0.726589 0.00922214 0.575366 0.00658074 0.332851 0.00730968 0.757997 0.00442606 3.50779 0.0577984 4.85892 0.138314 4841.63 1514.28 4850 1514.43 4850 1514.43 0.709015 0.125816 
300 0.29 1029600000 45.0956 1.60454 -1236.71 14.4396 1.53795e+06 34717.1 2.41542e+12 1.02523e+11 0.0949974 0.0642985 0.726589 0.00922214 0.575366 0.00658074 0.332851 0.00730968 0.757997 0.00442606 3.50779 0.0577984 4.85892 0.138314 4841.63 1514.28 4850 1514.43 4850 1514.43 0.709015 0.125816 
300 0.29 1031400000 45.0956 1.60454 -1236.71 14.4396 1.53795e+06 34717.1 2.41542e+12 1.02523e+11 0.0949974 0.0642985 0.726589 0.00922214 0.575366 0.00658074 0.332851 0.00730968 0.757997 0.00442606 3.50779 0.0577984 4.85892 0.138314 4841.63 1514.28 4850 1514.43 4850 1514.43 0.709015 0.125816 
300 0.29 1033200000 45.0956 1.60454 -1236.71 14.4396 1.53795e+06 34717.1 2.41542e+12 1.02523e+11 0.0949974 0.0642985 0.726589 0.00922214 0.575366 0.00658074 0.332851 0.00730968 0.757997 0.00442606 3.50779 0.0577984 4.85892 0.138314 4841.63 1514.28 4850 1514.43 4850 1514.43 0.709015 0.125816 
300 0.29 1035000000 45.0956 1.60454 -1236.71 14.4396 1.53795e+06 34717.1 2.41542e+12 1.02523e+11 0.0949974 0.0642985 0.726589 0.00922214 0.575366 0.00658074 0.332851 0.00730968 0.757997 0.00442606 3.50779 0.0577984 4.85892 0.138314 4841.63 1514.28 4850 1514.43 4850 1514.43 0.709015 0.125816 
300 0.29 1036800000 45.0956 1.60454 -1236.71 14.4396 1.53795e+06 34717.1 2.41542e+12 1.02523e+11 0.0949974 0.0642985 0.726589 0.00922214 0.575366 0.00658074 0.332851 0.00730968 0.757997 0.00442606 3.50779 0.0577984 4.85892 0.138314 4841.63 1514.28 4850 1514.43 4850 1514.43 0.709015 0.125816 
300 0.29 1038600000 45.0956 1.60454 -1236.71 14.4396 1.53795e+06 34717.1 2.41542e+12 1.02523e+11 0.0949974 0.0642985 0.726589 0.00922214 0.575366 0.00658074 0.332851 0.00730968 0.757997 0.00442606 3.50779 0.0577984 4.85892 0.138314 4841.63 1514.28 4850 1514.43 4850 1514.43 0.709015 0.125816 
300 0.29 1040400000 45.0956 1.60454 -1236.71 14.4396 1.53795e+06 34717.1 2.41542e+12 1.02523e+11 0.0949974 0.0642985 0.726589 0.00922214 0.575366 0.00658074 0.332851 0.00730968 0.757997 0.00442606 3.50779 0.0577984 4.85892 0.138314 4841.63 1514.28 4850 1514.43 4850 1514.43 0.709015 0.125816 
300 0.29 1042200000 45.0956 1.56066 -1236.71 14.4396 1.53795e+06 34717.1 2.41542e+12 1.02523e+11 0.0949974 0.0642985 0.726589 0.00922214 0.575366 0.00658074 0.332851 0.00730968 0.757997 0.00442606 3.50779 0.0577984 4.85892 0.138314 4841.63 1514.28 4850 1514.43 4850 1514.43 0.709015 0.125816 
300 0.29 1044000000 45.0956 1.56066 -1236.71 14.4396 1.53795e+06 34717.1 2.41542e+12 1.02523e+11 0.0949974 0.0642985 0.726589 0.00922214 0.575366 0.00658074 0.332851 0.00730968 0.757997 0.00442606 3.50779 0.0577984 4.85892 0.138314 4841.63 1514.28 4850 1514.43 4850 1514.43 0.709015 0.125816 
300 0.29 1045800000 45.0956 1.56066 -1236.71 14.4396 1.53795e+06 34717.1 2.41542e+12 1.02523e+11 0.0949974 0.0642985 0.726589 0.00922214 0.575366 0.00658074 0.332851 0.00730968 0.757997 0.00442606 3.50779 0.0577984 4.85892 0.138314 4841.63 1514.28 4850 1514.43 4850 1514.43 0.709015 0.125816 
300 0.29 1047600000 45.0956 1.56066 -1236.71 14.4396 1.53795e+06 34717.1 2.41542e+12 1.02523e+11 0.0949974 0.0642985 0.726589 0.00922214 0.575366 0.00658074 0.332851 0.00730968 0.757997 0.00442606 3.50779 0.0577984 4.85892 0.138314 4841.63 1514.28 4850 1514.43 4850 1514.43 0.709015 0.125816 
300 0.29 1049400000 45.0956 1.56066 -1236.71 14.4396 1.53795e+06 34717.1 2.41542e+12 1.02523e+11 0.0949974 0.0642985 0.726589 0.00922214 0.575366 0.00658074 0.332851 0.00730968 0.757997 0.00442606 3.50779 0.0577984 4.85892 0.138314 4841.63 1514.28 4850 1514.43 4850 1514.43 0.709015 0.125816 
300 0.29 1051200000 45.0956 1.56066 -1236.71 14.4396 1.53795e+06 34717.1 2.41542e+12 1.02523e+11 0.0949974 0.0642985 0.726589 0.00922214 0.575366 0.00658074 0.332851 0.00730968 0.757997 0.00442606 3.50779 0.0577984 4.85892 0.138314 4841.63 1514.28 4850 1514.43 4850 1514.43 0.709015 0.125816 
300 0.29 1053000000 45.0956 1.56066 -1236.71 14.4396 1.53795e+06 34717.1 2.41542e+12 1.02523e+11 0.0949974 0.0642985 0.726589 0.00922214 0.575366 0.00658074 0.332851 0.00730968 0.757997 0.00442606 3.50779 0.0577984 4.85892 0.138314 4841.63 1514.28 4850 1514.43 4850 1514.43 0.709015 0.125816 
300 0.29 1054800000 45.0956 1.56066 -1236.71 14.4396 1.53795e+06 34717.1 2.41542e+12 1.02523e+11 0.0949974 0.0642985 0.726589 0.00922214 0.575366 0.00658074 0.332851 0.00730968 0.757997 0.00442606 3.50779 0.0577984 4.85892 0.138314 4841.63 1514.28 4850 1514.43 4850 1514.43 0.709015 0.125816 
300 0.29 1056600000 45.0956 1.56066 -1236.71 14.4396 1.53795e+06 34717.1 2.41542e+12 1.02523e+11 0.0949974 0.0642985 0.726589 0.00922214 0.575366 0.00658074 0.332851 0.00730968 0.757997 0.00442606 3.50779 0.0577984 4.85892 0.138314 4841.63 1514.28 4850 1514.43 4850 1514.43 0.709015 0.125816 
300 0.29 1058400000 45.0956 1.56066 -1236.71 14.4396 1.53795e+06 34717.1 2.41542e+12 1.02523e+11 0.0949974 0.0642985 0.726589 0.00922214 0.575366 0.00658074 0.332851 0.00730968 0.757997 0.00442606 3.50779 0.0577984 4.85892 0.138314 4841.63 1514.28 4850 1514.43 4850 1514.43 0.709015 0.125816 
300 0.29 1060200000 45.0956 1.56066 -1236.71 14.4396 1.53795e+06 34717.1 2.41542e+12 1.02523e+11 0.0949974 0.0642985 0.726589 0.00922214 0.575366 0.00658074 0.332851 0.00730968 0.757997 0.00442606 3.50779 0.0577984 4.85892 0.138314 4841.63 1514.28 4850 1514.43 4850 1514.43 0.709015 0.125816 
300 0.29 1062000000 45.0956 1.56066 -1236.71 14.4396 1.53795e+06 34717.1 2.41542e+12 1.02523e+11 0.0949974 0.0642985 0.726589 0.00922214 0.575366 0.00658074 0.332851 0.00730968 0.757997 0.00442606 3.50779 0.0577984 4.85892 0.138314 4841.63 1514.28 4850 1514.43 4850 1514.43 0.709015 0.125816 
300 0.29 1063800000 45.0956 1.56066 -1236.71 14.4396 1.53795e+06 34717.1 2.41542e+12 1.02523e+11 0.0949974 0.0642985 0.726589 0.00922214 0.575366 0.00658074 0.332851 0.00730968 0.757997 0.00442606 3.50779 0.0577984 4.85892 0.138314 4841.63 1514.28 4850 1514.43 4850 1514.43 0.709015 0.125816 
300 0.29 1065600000 45.0956 1.56066 -1236.71 14.4396 1.53795e+06 34717.1 2.41542e+12 1.02523e+11 0.0949974 0.0642985 0.726589 0.00922214 0.575366 0.00658074 0.332851 0.00730968 0.757997 0.00442606 3.50779 0.0577984 4.85892 0.138314 4841.63 1514.28 4850 1514.43 4850 1514.43 0.709015 0.125816 
300 0.29 1067400000 45.0956 1.56066 -1236.71 14.4396 1.53795e+06 34717.1 2.41542e+12 1.02523e+11 0.0949974 0.0642985 0.726589 0.00922214 0.575366 0.00658074 0.332851 0.00730968 0.757997 0.00442606 3.50779 0.0577984 4.85892 0.138314 4841.63 1514.28 4850 1514.43 4850 1514.43 0.709015 0.125816 
300 0.29 1069200000 45.0956 1.56066 -1236.71 14.4396 1.53795e+06 34717.1 2.41542e+12 1.02523e+11 0.0949974 0.0642985 0.726589 0.00922214 0.575366 0.00658074 0.332851 0.00730968 0.757997 0.00442606 3.50779 0.0577984 4.85892 0.138314 4841.63 1514.28 4850 1514.43 4850 1514.43 0.709015 0.125816 
300 0.29 1071000000 45 1.52709 -1236.8 12.9777 1.53815e+06 31208.2 2.41595e+12 9.22205e+10 0.0967606 0.0572115 0.727777 0.0086799 0.575552 0.00592532 0.333088 0.00666046 0.758115 0.00397563 3.49126 0.0574284 4.82963 0.137271 4576.06 1448.36 4584.38 1448.51 4584.38 1448.51 0.675861 0.131883 
300 0.29 1072800000 45 1.52709 -1236.8 12.9777 1.53815e+06 31208.2 2.41595e+12 9.22205e+10 0.0967606 0.0572115 0.727777 0.0086799 0.575552 0.00592532 0.333088 0.00666046 0.758115 0.00397563 3.49126 0.0574284 4.82963 0.137271 4576.06 1448.36 4584.38 1448.51 4584.38 1448.51 0.675861 0.131883 
300 0.29 1074600000 45 1.52709 -1236.8 12.9777 1.53815e+06 31208.2 2.41595e+12 9.22205e+10 0.0967606 0.0572115 0.727777 0.0086799 0.575552 0.00592532 0.333088 0.00666046 0.758115 0.00397563 3.49126 0.0574284 4.82963 0.137271 4576.06 1448.36 4584.38 1448.51 4584.38 1448.51 0.675861 0.131883 
300 0.29 1076400000 45 1.52709 -1236.8 12.9777 1.53815e+06 31208.2 2.41595e+12 9.22205e+10 0.0967606 0.0572115 0.727777 0.0086799 0.575552 0.00592532 0.333088 0.00666046 0.758115 0.00397563 3.49126 0.0574284 4.82963 0.137271 4576.06 1448.36 4584.38 1448.51 4584.38 1448.51 0.675861 0.131883 
300 0.29 1078200000 45 1.52709 -1236.8 12.9777 1.53815e+06 31208.2 2.41595e+12 9.22205e+10 0.0967606 0.0572115 0.727777 0.0086799 0.575552 0.00592532 0.333088 0.00666046 0.758115 0.00397563 3.49126 0.0574284 4.82963 0.137271 4576.06 1448.36 4584.38 1448.51 4584.38 1448.51 0.675861 0.131883 
300 0.29 1080000000 45 1.52709 -1236.8 12.9777 1.53815e+06 31208.2 2.41595e+12 9.22205e+10 0.0967606 0.0572115 0.727777 0.0086799 0.575552 0.00592532 0.333088 0.00666046 0.758115 0.00397563 3.49126 0.0574284 4.82963 0.137271 4576.06 1448.36 4584.38 1448.51 4584.38 1448.51 0.675861 0.131883 
300 0.29 1081800000 45 1.52709 -1236.8 12.9777 1.53815e+06 31208.2 2.41595e+12 9.22205e+10 0.0967606 0.0572115 0.727777 0.0086799 0.575552 0.00592532 0.333088 0.00666046 0.758115 0.00397563 3.49126 0.0574284 4.82963 0.137271 4576.06 1448.36 4584.38 1448.51 4584.38 1448.51 0.675861 0.131883 
300 0.29 1083600000 45 1.52709 -1236.8 12.9777 1.53815e+06 31208.2 2.41595e+12 9.22205e+10 0.0967606 0.0572115 0.727777 0.0086799 0.575552 0.00592532 0.333088 0.00666046 0.758115 0.00397563 3.49126 0.0574284 4.82963 0.137271 4576.06 1448.36 4584.38 1448.51 4584.38 1448.51 0.675861 0.131883 
300 0.29 1085400000 45 1.52709 -1236.8 12.9777 1.53815e+06 31208.2 2.41595e+12 9.22205e+10 0.0967606 0.0572115 0.727777 0.0086799 0.575552 0.00592532 0.333088 0.00666046 0.758115 0.00397563 3.49126 0.0574284 4.82963 0.137271 4576.06 1448.36 4584.38 1448.51 4584.38 1448.51 0.675861 0.131883 
300 0.29 1087200000 45 1.52709 -1236.8 12.9777 1.53815e+06 31208.2 2.41595e+12 9.22205e+10 0.0967606 0.0572115 0.727777 0.0086799 0.575552 0.00592532 0.333088 0.00666046 0.758115 0.00397563 3.49126 0.0574284 4.82963 0.137271 4576.06 1448.36 4584.38 1448.51 4584.38 1448.51 0.675861 0.131883 
300 0.29 1089000000 45 1.52709 -1236.8 12.9777 1.53815e+06 31208.2 2.41595e+12 9.22205e+10 0.0967606 0.0572115 0.727777 0.0086799 0.575552 0.00592532 0.333088 0.00666046 0.758115 0.00397563 3.49126 0.0574284 4.82963 0.137271 4576.06 1448.36 4584.38 1448.51 4584.38 1448.51 0.675861 0.131883 
300 0.29 1090800000 45 1.52709 -1236.8 12.9777 1.53815e+06 31208.2 2.41595e+12 9.22205e+10 0.0967606 0.0572115 0.727777 0.0086799 0.575552 0.00592532 0.333088 0.00666046 0.758115 0.00397563 3.49126 0.0574284 4.82963 0.137271 4576.06 1448.36 4584.38 1448.51 4584.38 1448.51 0.675861 0.131883 
300 0.29 1092600000 45 1.52709 -1236.8 12.9777 1.53815e+06 31208.2 2.41595e+12 9.22205e+10 0.0967606 0.0572115 0.727777 0.0086799 0.575552 0.00592532 0.333088 0.00666046 0.758115 0.00397563 3.49126 0.0574284 4.82963 0.137271 4576.06 1448.36 4584.38 1448.51 4584.38 1448.51 0.675861 0.131883 
300 0.29 1094400000 45 1.52709 -1236.8 12.9777 1.53815e+06 31208.2 2.41595e+12 9.22205e+10 0.0967606 0.0572115 0.727777 0.0086799 0.575552 0.00592532 0.333088 0.00666046 0.758115 0.00397563 3.49126 0.0574284 4.82963 0.137271 4576.06 1448.36 4584.38 1448.51 4584.38 1448.51 0.675861 0.131883 
300 0.29 1096200000 45 1.52709 -1236.8 12.9777 1.53815e+06 31208.2 2.41595e+12 9.22205e+10 0.0967606 0.0572115 0.727777 0.0086799 0.575552 0.00592532 0.333088 0.00666046 0.758115 0.00397563 3.49126 0.0574284 4.82963 0.137271 4576.06 1448.36 4584.38 1448.51 4584.38 1448.51 0.675861 0.131883 
300 0.29 1098000000 45 1.52709 -1236.8 12.9777 1.53815e+06 31208.2 2.41595e+12 9.22205e+10 0.0967606 0.0572115 0.727777 0.0086799 0.575552 0.00592532 0.333088 0.00666046 0.758115 0.00397563 3.49126 0.0574284 4.82963 0.137271 4576.06 1448.36 4584.38 1448.51 4584.38 1448.51 0.675861 0.131883 
300 0.29 1099800000 45 1.51014 -1236.8 12.9777 1.53815e+06 31208.2 2.41595e+12 9.22205e+10 0.0967606 0.0572115 0.727777 0.0086799 0.575552 0.00592532 0.333088 0.00666046 0.758115 0.00397563 3.49126 0.0574284 4.82963 0.137271 4576.06 1448.36 4584.38 1448.51 4584.38 1448.51 0.675861 0.131883 
300 0.29 1101600000 45 1.51014 -1236.8 12.9777 1.53815e+06 31208.2 2.41595e+12 9.22205e+10 0.0967606 0.0572115 0.727777 0.0086799 0.575552 0.00592532 0.333088 0.00666046 0.758115 0.00397563 3.49126 0.0574284 4.82963 0.137271 4576.06 1448.36 4584.38 1448.51 4584.38 1448.51 0.675861 0.131883 
300 0.29 1103400000 45 1.51014 -1236.8 12.9777 1.53815e+06 31208.2 2.41595e+12 9.22205e+10 0.0967606 0.0572115 0.727777 0.0086799 0.575552 0.00592532 0.333088 0.00666046 0.758115 0.00397563 3.49126 0.0574284 4.82963 0.137271 4576.06 1448.36 4584.38 1448.51 4584.38 1448.51 0.675861 0.131883 
300 0.29 1105200000 45 1.51014 -1236.8 12.9777 1.53815e+06 31208.2 2.41595e+12 9.22205e+10 0.0967606 0.0572115 0.727777 0.0086799 0.575552 0.00592532 0.333088 0.00666046 0.758115 0.00397563 3.49126 0.0574284 4.82963 0.137271 4576.06 1448.36 4584.38 1448.51 4584.38 1448.51 0.675861 0.131883 
300 0.29 1107000000 45 1.51014 -1236.8 12.9777 1.53815e+06 31208.2 2.41595e+12 9.22205e+10 0.0967606 0.0572115 0.727777 0.0086799 0.575552 0.00592532 0.333088 0.00666046 0.758115 0.00397563 3.49126 0.0574284 4.82963 0.137271 4576.06 1448.36 4584.38 1448.51 4584.38 1448.51 0.675861 0.131883 
300 0.29 1108800000 45 1.51014 -1236.8 12.9777 1.53815e+06 31208.2 2.41595e+12 9.22205e+10 0.0967606 0.0572115 0.727777 0.0086799 0.575552 0.00592532 0.333088 0.00666046 0.758115 0.00397563 3.49126 0.0574284 4.82963 0.137271 4576.06 1448.36 4584.38 1448.51 4584.38 1448.51 0.675861 0.131883 
300 0.29 1110600000 45 1.51014 -1236.8 12.9777 1.53815e+06 31208.2 2.41595e+12 9.22205e+10 0.0967606 0.0572115 0.727777 0.0086799 0.575552 0.00592532 0.333088 0.00666046 0.758115 0.00397563 3.49126 0.0574284 4.82963 0.137271 4576.06 1448.36 4584.38 1448.51 4584.38 1448.51 0.675861 0.131883 
300 0.29 1112400000 45 1.51014 -1236.8 12.9777 1.53815e+06 31208.2 2.41595e+12 9.22205e+10 0.0967606 0.0572115 0.727777 0.0086799 0.575552 0.00592532 0.333088 0.00666046 0.758115 0.00397563 3.49126 0.0574284 4.82963 0.137271 4576.06 1448.36 4584.38 1448.51 4584.38 1448.51 0.675861 0.131883 
300 0.29 1114200000 45 1.51014 -1236.8 12.9777 1.53815e+06 31208.2 2.41595e+12 9.22205e+10 0.0967606 0.0572115 0.727777 0.0086799 0.575552 0.00592532 0.333088 0.00666046 0.758115 0.00397563 3.49126 0.0574284 4.82963 0.137271 4576.06 1448.36 4584.38 1448.51 4584.38 1448.51 0.675861 0.131883 
300 0.29 1116000000 45 1.51014 -1236.8 12.9777 1.53815e+06 31208.2 2.41595e+12 9.22205e+10 0.0967606 0.0572115 0.727777 0.0086799 0.575552 0.00592532 0.333088 0.00666046 0.758115 0.00397563 3.49126 0.0574284 4.82963 0.137271 4576.06 1448.36 4584.38 1448.51 4584.38 1448.51 0.675861 0.131883 
300 0.29 1117800000 45 1.51014 -1236.8 12.9777 1.53815e+06 31208.2 2.41595e+12 9.22205e+10 0.0967606 0.0572115 0.727777 0.0086799 0.575552 0.00592532 0.333088 0.00666046 0.758115 0.00397563 3.49126 0.0574284 4.82963 0.137271 4576.06 1448.36 4584.38 1448.51 4584.38 1448.51 0.675861 0.131883 
300 0.29 1119600000 45 1.51014 -1236.8 12.9777 1.53815e+06 31208.2 2.41595e+12 9.22205e+10 0.0967606 0.0572115 0.727777 0.0086799 0.575552 0.00592532 0.333088 0.00666046 0.758115 0.00397563 3.49126 0.0574284 4.82963 0.137271 4576.06 1448.36 4584.38 1448.51 4584.38 1448.51 0.675861 0.131883 
300 0.29 1121400000 45 1.51014 -1236.8 12.9777 1.53815e+06 31208.2 2.41595e+12 9.22205e+10 0.0967606 0.0572115 0.727777 0.0086799 0.575552 0.00592532 0.333088 0.00666046 0.758115 0.00397563 3.49126 0.0574284 4.82963 0.137271 4576.06 1448.36 4584.38 1448.51 4584.38 1448.51 0.675861 0.131883 
300 0.29 1123200000 45 1.51014 -1236.8 12.9777 1.53815e+06 31208.2 2.41595e+12 9.22205e+10 0.0967606 0.0572115 0.727777 0.0086799 0.575552 0.00592532 0.333088 0.00666046 0.758115 0.00397563 3.49126 0.0574284 4.82963 0.137271 4576.06 1448.36 4584.38 1448.51 4584.38 1448.51 0.675861 0.131883 
300 0.29 1125000000 45 1.51014 -1236.8 12.9777 1.53815e+06 31208.2 2.41595e+12 9.22205e+10 0.0967606 0.0572115 0.727777 0.0086799 0.575552 0.00592532 0.333088 0.00666046 0.758115 0.00397563 3.49126 0.0574284 4.82963 0.137271 4576.06 1448.36 4584.38 1448.51 4584.38 1448.51 0.675861 0.131883 
300 0.29 1126800000 45 1.51014 -1236.8 12.9777 1.53815e+06 31208.2 2.41595e+12 9.22205e+10 0.0967606 0.0572115 0.727777 0.0086799 0.575552 0.00592532 0.333088 0.00666046 0.758115 0.00397563 3.49126 0.0574284 4.82963 0.137271 4576.06 1448.36 4584.38 1448.51 4584.38 1448.51 0.675861 0.131883 
300 0.29 1128600000 45.2993 1.473 -1236.42 12.9777 1.5369e+06 31208.2 2.4104e+12 9.22205e+10 0.0958168 0.0572115 0.728704 0.0086799 0.574908 0.00591224 0.332288 0.00657042 0.757708 0.00397563 3.48245 0.0574284 4.80096 0.137271 4337.64 1448.36 4345.92 1448.51 4345.92 1448.51 0.644571 0.131883 
300 0.29 1130400000 45.2993 1.473 -1236.42 12.9777 1.5369e+06 31208.2 2.4104e+12 9.22205e+10 0.0958168 0.0572115 0.728704 0.0086799 0.574908 0.00591224 0.332288 0.00657042 0.757708 0.00397563 3.48245 0.0574284 4.80096 0.137271 4337.64 1448.36 4345.92 1448.51 4345.92 1448.51 0.644571 0.131883 
300 0.29 1132200000 45.2993 1.47062 -1236.42 12.9777 1.5369e+06 31208.2 2.4104e+12 9.22205e+10 0.0958168 0.0572115 0.728704 0.0086799 0.574908 0.00591224 0.332288 0.00657042 0.757708 0.00397563 3.48245 0.0574284 4.80096 0.137271 4337.64 1448.36 4345.92 1448.51 4345.92 1448.51 0.644571 0.131883 
300 0.29 1134000000 45.2993 1.47062 -1236.42 12.9777 1.5369e+06 31208.2 2.4104e+12 9.22205e+10 0.0958168 0.0572115 0.728704 0.0086799 0.574908 0.00591224 0.332288 0.00657042 0.757708 0.00397563 3.48245 0.0574284 4.80096 0.137271 4337.64 1448.36 4345.92 1448.51 4345.92 1448.51 0.644571 0.131883 
300 0.29 1135800000 45.2993 1.47062 -1236.42 12.9777 1.5369e+06 31208.2 2.4104e+12 9.22205e+10 0.0958168 0.0572115 0.728704 0.0086799 0.574908 0.00591224 0.332288 0.00657042 0.757708 0.00397563 3.48245 0.0574284 4.80096 0.137271 4337.64 1448.36 4345.92 1448.51 4345.92 1448.51 0.644571 0.131883 
300 0.29 1137600000 45.2993 1.47062 -1236.42 12.9777 1.5369e+06 31208.2 2.4104e+12 9.22205e+10 0.0958168 0.0572115 0.728704 0.0086799 0.574908 0.00591224 0.332288 0.00657042 0.757708 0.00397563 3.48245 0.0574284 4.80096 0.137271 4337.64 1448.36 4345.92 1448.51 4345.92 1448.51 0.644571 0.131883 
300 0.29 1139400000 45.2993 1.47062 -1236.42 12.9777 1.5369e+06 31208.2 2.4104e+12 9.22205e+10 0.0958168 0.0572115 0.728704 0.0086799 0.574908 0.00591224 0.332288 0.00657042 0.757708 0.00397563 3.48245 0.0574284 4.80096 0.137271 4337.64 1448.36 4345.92 1448.51 4345.92 1448.51 0.644571 0.131883 
300 0.29 1141200000 45.2993 1.47062 -1236.42 12.9777 1.5369e+06 31208.2 2.4104e+12 9.22205e+10 0.0958168 0.0572115 0.728704 0.0086799 0.574908 0.00591224 0.332288 0.00657042 0.757708 0.00397563 3.48245 0.0574284 4.80096 0.137271 4337.64 1448.36 4345.92 1448.51 4345.92 1448.51 0.644571 0.131883 
300 0.29 1143000000 45.2993 1.47062 -1236.42 12.9777 1.5369e+06 31208.2 2.4104e+12 9.22205e+10 0.0958168 0.0572115 0.728704 0.0086799 0.574908 0.00591224 0.332288 0.00657042 0.757708 0.00397563 3.48245 0.0574284 4.80096 0.137271 4337.64 1448.36 4345.92 1448.51 4345.92 1448.51 0.644571 0.131883 
300 0.29 1144800000 45.2993 1.47062 -1236.42 12.9777 1.5369e+06 31208.2 2.4104e+12 9.22205e+10 0.0958168 0.0572115 0.728704 0.0086799 0.574908 0.00591224 0.332288 0.00657042 0.757708 0.00397563 3.48245 0.0574284 4.80096 0.137271 4337.64 1448.36 4345.92 1448.51 4345.92 1448.51 0.644571 0.131883 
300 0.29 1146600000 45.2993 1.47062 -1236.42 12.9777 1.5369e+06 31208.2 2.4104e+12 9.22205e+10 0.0958168 0.0572115 0.728704 0.0086799 0.574908 0.00591224 0.332288 0.00657042 0.757708 0.00397563 3.48245 0.0574284 4.80096 0.137271 4337.64 1448.36 4345.92 1448.51 4345.92 1448.51 0.644571 0.131883 
300 0.29 1148400000 45.2993 1.47062 -1236.42 12.9777 1.5369e+06 31208.2 2.4104e+12 9.22205e+10 0.0958168 0.0572115 0.728704 0.0086799 0.574908 0.00591224 0.332288 0.00657042 0.757708 0.00397563 3.48245 0.0574284 4.80096 0.137271 4337.64 1448.36 4345.92 1448.51 4345.92 1448.51 0.644571 0.131883 
300 0.29 1150200000 45.2993 1.47062 -1236.42 12.9777 1.5369e+06 31208.2 2.4104e+12 9.22205e+10 0.0958168 0.0572115 0.728704 0.0086799 0.574908 0.00591224 0.332288 0.00657042 0.757708 0.00397563 3.48245 0.0574284 4.80096 0.137271 4337.64 1448.36 4345.92 1448.51 4345.92 1448.51 0.644571 0.131883 
300 0.29 1152000000 45.2993 1.47062 -1236.42 12.9777 1.5369e+06 31208.2 2.4104e+12 9.22205e+10 0.0958168 0.0572115 0.728704 0.0086799 0.574908 0.00591224 0.332288 0.00657042 0.757708 0.00397563 3.48245 0.0574284 4.80096 0.137271 4337.64 1448.36 4345.92 1448.51 4345.92 1448.51 0.644571 0.131883 
300 0.29 1153800000 45.2993 1.47062 -1236.42 12.9777 1.5369e+06 31208.2 2.4104e+12 9.22205e+10 0.0958168 0.0572115 0.728704 0.0086799 0.574908 0.00591224 0.332288 0.00657042 0.757708 0.00397563 3.48245 0.0574284 4.80096 0.137271 4337.64 1448.36 4345.92 1448.51 4345.92 1448.51 0.644571 0.131883 
300 0.29 1155600000 45.2993 1.47062 -1236.42 12.9777 1.5369e+06 31208.2 2.4104e+12 9.22205e+10 0.0958168 0.0572115 0.728704 0.0086799 0.574908 0.00591224 0.332288 0.00657042 0.757708 0.00397563 3.48245 0.0574284 4.80096 0.137271 4337.64 1448.36 4345.92 1448.51 4345.92 1448.51 0.644571 0.131883 
300 0.29 1157400000 45.2993 1.44305 -1236.42 12.9777 1.5369e+06 31208.2 2.4104e+12 9.22205e+10 0.0958168 0.0572115 0.728704 0.0086799 0.574908 0.00591224 0.332288 0.00657042 0.757708 0.00397563 3.48245 0.0574284 4.80096 0.137271 4337.64 1448.36 4345.92 1448.51 4345.92 1448.51 0.644571 0.131883 
300 0.29 1159200000 45.2993 1.44305 -1236.42 12.9777 1.5369e+06 31208.2 2.4104e+12 9.22205e+10 0.0958168 0.0572115 0.728704 0.0086799 0.574908 0.00591224 0.332288 0.00657042 0.757708 0.00397563 3.48245 0.0574284 4.80096 0.137271 4337.64 1448.36 4345.92 1448.51 4345.92 1448.51 0.644571 0.131883 
300 0.29 1161000000 45.2993 1.43926 -1236.42 12.9777 1.5369e+06 31208.2 2.4104e+12 9.22205e+10 0.0958168 0.0572115 0.728704 0.0086799 0.574908 0.00591224 0.332288 0.00657042 0.757708 0.00397563 3.48245 0.0574284 4.80096 0.137271 4337.64 1448.36 4345.92 1448.51 4345.92 1448.51 0.644571 0.131883 
300 0.29 1162800000 45.2993 1.43926 -1236.42 12.9777 1.5369e+06 31208.2 2.4104e+12 9.22205e+10 0.0958168 0.0572115 0.728704 0.0086799 0.574908 0.00591224 0.332288 0.00657042 0.757708 0.00397563 3.48245 0.0574284 4.80096 0.137271 4337.64 1448.36 4345.92 1448.51 4345.92 1448.51 0.644571 0.131883 
300 0.29 1164600000 45.2993 1.43703 -1236.42 12.9777 1.5369e+06 31208.2 2.4104e+12 9.22205e+10 0.0958168 0.0572115 0.728704 0.0086799 0.574908 0.00591224 0.332288 0.00657042 0.757708 0.00397563 3.48245 0.0574284 4.80096 0.137271 4337.64 1448.36 4345.92 1448.51 4345.92 1448.51 0.644571 0.131883 
300 0.29 1166400000 45.2993 1.43703 -1236.42 12.9777 1.5369e+06 31208.2 2.4104e+12 9.22205e+10 0.0958168 0.0572115 0.728704 0.0086799 0.574908 0.00591224 0.332288 0.00657042 0.757708 0.00397563 3.48245 0.0574284 4.80096 0.137271 4337.64 1448.36 4345.92 1448.51 4345.92 1448.51 0.644571 0.131883 
300 0.29 1168200000 45.2993 1.43703 -1236.42 12.9777 1.5369e+06 31208.2 2.4104e+12 9.22205e+10 0.0958168 0.0572115 0.728704 0.0086799 0.574908 0.00591224 0.332288 0.00657042 0.757708 0.00397563 3.48245 0.0574284 4.80096 0.137271 4337.64 1448.36 4345.92 1448.51 4345.92 1448.51 0.644571 0.131883 
300 0.29 1170000000 45.2993 1.43703 -1236.42 12.9777 1.5369e+06 31208.2 2.4104e+12 9.22205e+10 0.0958168 0.0572115 0.728704 0.0086799 0.574908 0.00591224 0.332288 0.00657042 0.757708 0.00397563 3.48245 0.0574284 4.80096 0.137271 4337.64 1448.36 4345.92 1448.51 4345.92 1448.51 0.644571 0.131883 
300 0.29 1171800000 45.2993 1.43703 -1236.42 12.9777 1.5369e+06 31208.2 2.4104e+12 9.22205e+10 0.0958168 0.0572115 0.728704 0.0086799 0.574908 0.00591224 0.332288 0.00657042 0.757708 0.00397563 3.48245 0.0574284 4.80096 0.137271 4337.64 1448.36 4345.92 1448.51 4345.92 1448.51 0.644571 0.131883 
300 0.29 1173600000 45.2993 1.43703 -1236.42 12.9777 1.5369e+06 31208.2 2.4104e+12 9.22205e+10 0.0958168 0.0572115 0.728704 0.0086799 0.574908 0.00591224 0.332288 0.00657042 0.757708 0.00397563 3.48245 0.0574284 4.80096 0.137271 4337.64 1448.36 4345.92 1448.51 4345.92 1448.51 0.644571 0.131883 
300 0.29 1175400000 45.2993 1.43703 -1236.42 12.9777 1.5369e+06 31208.2 2.4104e+12 9.22205e+10 0.0958168 0.0572115 0.728704 0.0086799 0.574908 0.00591224 0.332288 0.00657042 0.757708 0.00397563 3.48245 0.0574284 4.80096 0.137271 4337.64 1448.36 4345.92 1448.51 4345.92 1448.51 0.644571 0.131883 
300 0.29 1177200000 45.2993 1.43703 -1236.42 12.9777 1.5369e+06 31208.2 2.4104e+12 9.22205e+10 0.0958168 0.0572115 0.728704 0.0086799 0.574908 0.00591224 0.332288 0.00657042 0.757708 0.00397563 3.48245 0.0574284 4.80096 0.137271 4337.64 1448.36 4345.92 1448.51 4345.92 1448.51 0.644571 0.131883 
300 0.29 1179000000 45.2993 1.43703 -1236.42 12.9777 1.5369e+06 31208.2 2.4104e+12 9.22205e+10 0.0958168 0.0572115 0.728704 0.0086799 0.574908 0.00591224 0.332288 0.00657042 0.757708 0.00397563 3.48245 0.0574284 4.80096 0.137271 4337.64 1448.36 4345.92 1448.51 4345.92 1448.51 0.644571 0.131883 
300 0.29 1180800000 45.2993 1.43703 -1236.42 12.9777 1.5369e+06 31208.2 2.4104e+12 9.22205e+10 0.0958168 0.0572115 0.728704 0.0086799 0.574908 0.00591224 0.332288 0.00657042 0.757708 0.00397563 3.48245 0.0574284 4.80096 0.137271 4337.64 1448.36 4345.92 1448.51 4345.92 1448.51 0.644571 0.131883 
300 0.29 1182600000 45.2993 1.43703 -1236.42 12.9777 1.5369e+06 31208.2 2.4104e+12 9.22205e+10 0.0958168 0.0572115 0.728704 0.0086799 0.574908 0.00591224 0.332288 0.00657042 0.757708 0.00397563 3.48245 0.0574284 4.80096 0.137271 4337.64 1448.36 4345.92 1448.51 4345.92 1448.51 0.644571 0.131883 
300 0.29 1184400000 45.2993 1.43703 -1236.42 12.9777 1.5369e+06 31208.2 2.4104e+12 9.22205e+10 0.0958168 0.0572115 0.728704 0.0086799 0.574908 0.00591224 0.332288 0.00657042 0.757708 0.00397563 3.48245 0.0574284 4.80096 0.137271 4337.64 1448.36 4345.92 1448.51 4345.92 1448.51 0.644571 0.131883 
300 0.29 1186200000 44.9344 1.42351 -1234.98 13.2968 1.53319e+06 31238.7 2.398e+12 8.78845e+10 0.0925421 0.0671415 0.729035 0.00803224 0.573412 0.00636869 0.330564 0.00699152 0.756721 0.00430757 3.46799 0.0676522 4.77059 0.165295 4121.04 1837.75 4129.28 1837.97 4129.28 1837.97 0.613974 0.158845 
300 0.29 1188000000 44.9344 1.42351 -1234.98 13.2968 1.53319e+06 31238.7 2.398e+12 8.78845e+10 0.0925421 0.0671415 0.729035 0.00803224 0.573412 0.00636869 0.330564 0.00699152 0.756721 0.00430757 3.46799 0.0676522 4.77059 0.165295 4121.04 1837.75 4129.28 1837.97 4129.28 1837.97 0.613974 0.158845 
300 0.29 1189800000 44.9344 1.42351 -1234.98 13.2968 1.53319e+06 31238.7 2.398e+12 8.78845e+10 0.0925421 0.0671415 0.729035 0.00803224 0.573412 0.00636869 0.330564 0.00699152 0.756721 0.00430757 3.46799 0.0676522 4.77059 0.165295 4121.04 1837.75 4129.28 1837.97 4129.28 1837.97 0.613974 0.158845 
300 0.29 1191600000 44.9344 1.42351 -1234.98 13.2968 1.53319e+06 31238.7 2.398e+12 8.78845e+10 0.0925421 0.0671415 0.729035 0.00803224 0.573412 0.00636869 0.330564 0.00699152 0.756721 0.00430757 3.46799 0.0676522 4.77059 0.165295 4121.04 1837.75 4129.28 1837.97 4129.28 1837.97 0.613974 0.158845 
300 0.29 1193400000 44.9344 1.42351 -1234.98 13.2968 1.53319e+06 31238.7 2.398e+12 8.78845e+10 0.0925421 0.0671415 0.729035 0.00803224 0.573412 0.00636869 0.330564 0.00699152 0.756721 0.00430757 3.46799 0.0676522 4.77059 0.165295 4121.04 1837.75 4129.28 1837.97 4129.28 1837.97 0.613974 0.158845 
300 0.29 1195200000 44.9344 1.42351 -1234.98 13.2968 1.53319e+06 31238.7 2.398e+12 8.78845e+10 0.0925421 0.0671415 0.729035 0.00803224 0.573412 0.00636869 0.330564 0.00699152 0.756721 0.00430757 3.46799 0.0676522 4.77059 0.165295 4121.04 1837.75 4129.28 1837.97 4129.28 1837.97 0.613974 0.158845 
300 0.29 1197000000 44.9344 1.42351 -1234.98 13.2968 1.53319e+06 31238.7 2.398e+12 8.78845e+10 0.0925421 0.0671415 0.729035 0.00803224 0.573412 0.00636869 0.330564 0.00699152 0.756721 0.00430757 3.46799 0.0676522 4.77059 0.165295 4121.04 1837.75 4129.28 1837.97 4129.28 1837.97 0.613974 0.158845 
300 0.29 1198800000 44.9344 1.42351 -1234.98 13.2968 1.53319e+06 31238.7 2.398e+12 8.78845e+10 0.0925421 0.0671415 0.729035 0.00803224 0.573412 0.00636869 0.330564 0.00699152 0.756721 0.00430757 3.46799 0.0676522 4.77059 0.165295 4121.04 1837.75 4129.28 1837.97 4129.28 1837.97 0.613974 0.158845 
300 0.29 1200600000 44.9344 1.44217 -1234.98 13.2968 1.53319e+06 31238.7 2.398e+12 8.78845e+10 0.0925421 0.0671415 0.729035 0.00803224 0.573412 0.00636869 0.330564 0.00699152 0.756721 0.00430757 3.46799 0.0676522 4.77059 0.165295 4121.04 1837.75 4129.28 1837.97 4129.28 1837.97 0.613974 0.158845 
300 0.29 1202400000 44.9344 1.44217 -1234.98 13.2968 1.53319e+06 31238.7 2.398e+12 8.78845e+10 0.0925421 0.0671415 0.729035 0.00803224 0.573412 0.00636869 0.330564 0.00699152 0.756721 0.00430757 3.46799 0.0676522 4.77059 0.165295 4121.04 1837.75 4129.28 1837.97 4129.28 1837.97 0.613974 0.158845 
300 0.29 1204200000 44.9344 1.43859 -1234.98 13.2968 1.53319e+06 31238.7 2.398e+12 8.78845e+10 0.0925421 0.0671415 0.729035 0.00803224 0.573412 0.00636869 0.330564 0.00699152 0.756721 0.00430757 3.46799 0.0676522 4.77059 0.165295 4121.04 1837.75 4129.28 1837.97 4129.28 1837.97 0.613974 0.158845 
300 0.29 1206000000 44.9344 1.43859 -1234.98 13.2968 1.53319e+06 31238.7 2.398e+12 8.78845e+10 0.0925421 0.0671415 0.729035 0.00803224 0.573412 0.00636869 0.330564 0.00699152 0.756721 0.00430757 3.46799 0.0676522 4.77059 0.165295 4121.04 1837.75 4129.28 1837.97 4129.28 1837.97 0.613974 0.158845 
300 0.29 1207800000 44.9344 1.43419 -1234.98 13.2968 1.53319e+06 31238.7 2.398e+12 8.78845e+10 0.0925421 0.0671415 0.729035 0.00803224 0.573412 0.00636869 0.330564 0.00699152 0.756721 0.00430757 3.46799 0.0676522 4.77059 0.165295 4121.04 1837.75 4129.28 1837.97 4129.28 1837.97 0.613974 0.158845 
300 0.29 1209600000 44.9344 1.43419 -1234.98 13.2968 1.53319e+06 31238.7 2.398e+12 8.78845e+10 0.0925421 0.0671415 0.729035 0.00803224 0.573412 0.00636869 0.330564 0.00699152 0.756721 0.00430757 3.46799 0.0676522 4.77059 0.165295 4121.04 1837.75 4129.28 1837.97 4129.28 1837.97 0.613974 0.158845 
300 0.29 1211400000 44.9344 1.43065 -1234.98 13.2968 1.53319e+06 31238.7 2.398e+12 8.78845e+10 0.0925421 0.0671415 0.729035 0.00803224 0.573412 0.00636869 0.330564 0.00699152 0.756721 0.00430757 3.46799 0.0676522 4.77059 0.165295 4121.04 1837.75 4129.28 1837.97 4129.28 1837.97 0.613974 0.158845 
300 0.29 1213200000 44.9344 1.43065 -1234.98 13.2968 1.53319e+06 31238.7 2.398e+12 8.78845e+10 0.0925421 0.0671415 0.729035 0.00803224 0.573412 0.00636869 0.330564 0.00699152 0.756721 0.00430757 3.46799 0.0676522 4.77059 0.165295 4121.04 1837.75 4129.28 1837.97 4129.28 1837.97 0.613974 0.158845 
300 0.29 1215000000 44.9344 1.42692 -1234.98 13.2968 1.53319e+06 31238.7 2.398e+12 8.78845e+10 0.0925421 0.0671415 0.729035 0.00803224 0.573412 0.00636869 0.330564 0.00699152 0.756721 0.00430757 3.46799 0.0676522 4.77059 0.165295 4121.04 1837.75 4129.28 1837.97 4129.28 1837.97 0.613974 0.158845 
300 0.29 1216800000 44.9344 1.42692 -1234.98 13.2968 1.53319e+06 31238.7 2.398e+12 8.78845e+10 0.0925421 0.0671415 0.729035 0.00803224 0.573412 0.00636869 0.330564 0.00699152 0.756721 0.00430757 3.46799 0.0676522 4.77059 0.165295 4121.04 1837.75 4129.28 1837.97 4129.28 1837.97 0.613974 0.158845 
300 0.29 1218600000 44.9344 1.42314 -1234.98 13.2968 1.53319e+06 31238.7 2.398e+12 8.78845e+10 0.0925421 0.0671415 0.729035 0.00803224 0.573412 0.00636869 0.330564 0.00699152 0.756721 0.00430757 3.46799 0.0676522 4.77059 0.165295 4121.04 1837.75 4129.28 1837.97 4129.28 1837.97 0.613974 0.158845 
300 0.29 1220400000 44.9344 1.42314 -1234.98 13.2968 1.53319e+06 31238.7 2.398e+12 8.78845e+10 0.0925421 0.0671415 0.729035 0.00803224 0.573412 0.00636869 0.330564 0.00699152 0.756721 0.00430757 3.46799 0.0676522 4.77059 0.165295 4121.04 1837.75 4129.28 1837.97 4129.28 1837.97 0.613974 0.158845 
300 0.29 1222200000 44.9344 1.42137 -1234.98 13.2968 1.53319e+06 31238.7 2.398e+12 8.78845e+10 0.0925421 0.0671415 0.729035 0.00803224 0.573412 0.00636869 0.330564 0.00699152 0.756721 0.00430757 3.46799 0.0676522 4.77059 0.165295 4121.04 1837.75 4129.28 1837.97 4129.28 1837.97 0.613974 0.158845 
300 0.29 1224000000 44.9344 1.42137 -1234.98 13.2968 1.53319e+06 31238.7 2.398e+12 8.78845e+10 0.0925421 0.0671415 0.729035 0.00803224 0.573412 0.00636869 0.330564 0.00699152 0.756721 0.00430757 3.46799 0.0676522 4.77059 0.165295 4121.04 1837.75 4129.28 1837.97 4129.28 1837.97 0.613974 0.158845 
300 0.29 1225800000 44.9344 1.43647 -1234.98 13.2968 1.53319e+06 31238.7 2.398e+12 8.78845e+10 0.0925421 0.0671415 0.729035 0.00803224 0.573412 0.00636869 0.330564 0.00699152 0.756721 0.00430757 3.46799 0.0676522 4.77059 0.165295 4121.04 1837.75 4129.28 1837.97 4129.28 1837.97 0.613974 0.158845 
300 0.29 1227600000 44.9344 1.43647 -1234.98 13.2968 1.53319e+06 31238.7 2.398e+12 8.78845e+10 0.0925421 0.0671415 0.729035 0.00803224 0.573412 0.00636869 0.330564 0.00699152 0.756721 0.00430757 3.46799 0.0676522 4.77059 0.165295 4121.04 1837.75 4129.28 1837.97 4129.28 1837.97 0.613974 0.158845 
300 0.29 1229400000 44.9344 1.46983 -1234.98 13.2968 1.53319e+06 31238.7 2.398e+12 8.78845e+10 0.0925421 0.0671415 0.729035 0.00803224 0.573412 0.00636869 0.330564 0.00699152 0.756721 0.00430757 3.46799 0.0676522 4.77059 0.165295 4121.04 1837.75 4129.28 1837.97 4129.28 1837.97 0.613974 0.158845 
300 0.29 1231200000 44.9344 1.46983 -1234.98 13.2968 1.53319e+06 31238.7 2.398e+12 8.78845e+10 0.0925421 0.0671415 0.729035 0.00803224 0.573412 0.00636869 0.330564 0.00699152 0.756721 0.00430757 3.46799 0.0676522 4.77059 0.165295 4121.04 1837.75 4129.28 1837.97 4129.28 1837.97 0.613974 0.158845 
300 0.29 1233000000 44.9344 1.46983 -1234.98 13.2968 1.53319e+06 31238.7 2.398e+12 8.78845e+10 0.0925421 0.0671415 0.729035 0.00803224 0.573412 0.00636869 0.330564 0.00699152 0.756721 0.00430757 3.46799 0.0676522 4.77059 0.165295 4121.04 1837.75 4129.28 1837.97 4129.28 1837.97 0.613974 0.158845 
300 0.29 1234800000 44.9344 1.46983 -1234.98 13.2968 1.53319e+06 31238.7 2.398e+12 8.78845e+10 0.0925421 0.0671415 0.729035 0.00803224 0.573412 0.00636869 0.330564 0.00699152 0.756721 0.00430757 3.46799 0.0676522 4.77059 0.165295 4121.04 1837.75 4129.28 1837.97 4129.28 1837.97 0.613974 0.158845 
300 0.29 1236600000 44.9344 1.4617 -1234.98 13.2968 1.53319e+06 31238.7 2.398e+12 8.78845e+10 0.0925421 0.0671415 0.729035 0.00803224 0.573412 0.00636869 0.330564 0.00699152 0.756721 0.00430757 3.46799 0.0676522 4.77059 0.165295 4121.04 1837.75 4129.28 1837.97 4129.28 1837.97 0.613974 0.158845 
300 0.29 1238400000 44.9344 1.4617 -1234.98 13.2968 1.53319e+06 31238.7 2.398e+12 8.78845e+10 0.0925421 0.0671415 0.729035 0.00803224 0.573412 0.00636869 0.330564 0.00699152 0.756721 0.00430757 3.46799 0.0676522 4.77059 0.165295 4121.04 1837.75 4129.28 1837.97 4129.28 1837.97 0.613974 0.158845 
300 0.29 1240200000 44.9344 1.4617 -1234.98 13.2968 1.53319e+06 31238.7 2.398e+12 8.78845e+10 0.0925421 0.0671415 0.729035 0.00803224 0.573412 0.00636869 0.330564 0.00699152 0.756721 0.00430757 3.46799 0.0676522 4.77059 0.165295 4121.04 1837.75 4129.28 1837.97 4129.28 1837.97 0.613974 0.158845 
300 0.29 1242000000 44.9344 1.4617 -1234.98 13.2968 1.53319e+06 31238.7 2.398e+12 8.78845e+10 0.0925421 0.0671415 0.729035 0.00803224 0.573412 0.00636869 0.330564 0.00699152 0.756721 0.00430757 3.46799 0.0676522 4.77059 0.165295 4121.04 1837.75 4129.28 1837.97 4129.28 1837.97 0.613974 0.158845 
300 0.29 1243800000 44.9344 1.46188 -1234.98 13.2968 1.53319e+06 31238.7 2.398e+12 8.78845e+10 0.0925421 0.0671415 0.729035 0.00803224 0.573412 0.00636869 0.330564 0.00699152 0.756721 0.00430757 3.46799 0.0676522 4.77059 0.165295 4121.04 1837.75 4129.28 1837.97 4129.28 1837.97 0.613974 0.158845 
300 0.29 1245600000 44.9344 1.46188 -1234.98 13.2968 1.53319e+06 31238.7 2.398e+12 8.78845e+10 0.0925421 0.0671415 0.729035 0.00803224 0.573412 0.00636869 0.330564 0.00699152 0.756721 0.00430757 3.46799 0.0676522 4.77059 0.165295 4121.04 1837.75 4129.28 1837.97 4129.28 1837.97 0.613974 0.158845 
300 0.29 1247400000 44.9344 1.46188 -1234.98 13.2968 1.53319e+06 31238.7 2.398e+12 8.78845e+10 0.0925421 0.0671415 0.729035 0.00803224 0.573412 0.00636869 0.330564 0.00699152 0.756721 0.00430757 3.46799 0.0676522 4.77059 0.165295 4121.04 1837.75 4129.28 1837.97 4129.28 1837.97 0.613974 0.158845 
300 0.29 1249200000 44.9344 1.46188 -1234.98 13.2968 1.53319e+06 31238.7 2.398e+12 8.78845e+10 0.0925421 0.0671415 0.729035 0.00803224 0.573412 0.00636869 0.330564 0.00699152 0.756721 0.00430757 3.46799 0.0676522 4.77059 0.165295 4121.04 1837.75 4129.28 1837.97 4129.28 1837.97 0.613974 0.158845 
300 0.29 1251000000 44.9344 1.45411 -1234.98 13.2968 1.53319e+06 31238.7 2.398e+12 8.78845e+10 0.0925421 0.0671415 0.729035 0.00803224 0.573412 0.00636869 0.330564 0.00699152 0.756721 0.00430757 3.46799 0.0676522 4.77059 0.165295 4121.04 1837.75 4129.28 1837.97 4129.28 1837.97 0.613974 0.158845 
300 0.29 1252800000 44.9344 1.45411 -1234.98 13.2968 1.53319e+06 31238.7 2.398e+12 8.78845e+10 0.0925421 0.0671415 0.729035 0.00803224 0.573412 0.00636869 0.330564 0.00699152 0.756721 0.00430757 3.46799 0.0676522 4.77059 0.165295 4121.04 1837.75 4129.28 1837.97 4129.28 1837.97 0.613974 0.158845 
300 0.29 1254600000 44.9344 1.45411 -1234.98 13.2968 1.53319e+06 31238.7 2.398e+12 8.78845e+10 0.0925421 0.0671415 0.729035 0.00803224 0.573412 0.00636869 0.330564 0.00699152 0.756721 0.00430757 3.46799 0.0676522 4.77059 0.165295 4121.04 1837.75 4129.28 1837.97 4129.28 1837.97 0.613974 0.158845 
300 0.29 1256400000 44.9344 1.45411 -1234.98 13.2968 1.53319e+06 31238.7 2.398e+12 8.78845e+10 0.0925421 0.0671415 0.729035 0.00803224 0.573412 0.00636869 0.330564 0.00699152 0.756721 0.00430757 3.46799 0.0676522 4.77059 0.165295 4121.04 1837.75 4129.28 1837.97 4129.28 1837.97 0.613974 0.158845 
300 0.29 1258200000 44.9344 1.44919 -1234.98 13.2968 1.53319e+06 31238.7 2.398e+12 8.78845e+10 0.0925421 0.0671415 0.729035 0.00803224 0.573412 0.00636869 0.330564 0.00699152 0.756721 0.00430757 3.46799 0.0676522 4.77059 0.165295 4121.04 1837.75 4129.28 1837.97 4129.28 1837.97 0.613974 0.158845 
300 0.29 1260000000 44.9344 1.44919 -1234.98 13.2968 1.53319e+06 31238.7 2.398e+12 8.78845e+10 0.0925421 0.0671415 0.729035 0.00803224 0.573412 0.00636869 0.330564 0.00699152 0.756721 0.00430757 3.46799 0.0676522 4.77059 0.165295 4121.04 1837.75 4129.28 1837.97 4129.28 1837.97 0.613974 0.158845 
300 0.29 1261800000 44.9344 1.44919 -1234.98 13.2968 1.53319e+06 31238.7 2.398e+12 8.78845e+10 0.0925421 0.0671415 0.729035 0.00803224 0.573412 0.00636869 0.330564 0.00699152 0.756721 0.00430757 3.46799 0.0676522 4.77059 0.165295 4121.04 1837.75 4129.28 1837.97 4129.28 1837.97 0.613974 0.158845 
300 0.29 1263600000 44.9344 1.44919 -1234.98 13.2968 1.53319e+06 31238.7 2.398e+12 8.78845e+10 0.0925421 0.0671415 0.729035 0.00803224 0.573412 0.00636869 0.330564 0.00699152 0.756721 0.00430757 3.46799 0.0676522 4.77059 0.165295 4121.04 1837.75 4129.28 1837.97 4129.28 1837.97 0.613974 0.158845 
300 0.29 1265400000 44.9344 1.44073 -1234.98 13.2968 1.53319e+06 31238.7 2.398e+12 8.78845e+10 0.0925421 0.0671415 0.729035 0.00803224 0.573412 0.00636869 0.330564 0.00699152 0.756721 0.00430757 3.46799 0.0676522 4.77059 0.165295 4121.04 1837.75 4129.28 1837.97 4129.28 1837.97 0.613974 0.158845 
300 0.29 1267200000 44.9344 1.44073 -1234.98 13.2968 1.53319e+06 31238.7 2.398e+12 8.78845e+10 0.0925421 0.0671415 0.729035 0.00803224 0.573412 0.00636869 0.330564 0.00699152 0.756721 0.00430757 3.46799 0.0676522 4.77059 0.165295 4121.04 1837.75 4129.28 1837.97 4129.28 1837.97 0.613974 0.158845 
300 0.29 1269000000 44.9344 1.44073 -1234.98 13.2968 1.53319e+06 31238.7 2.398e+12 8.78845e+10 0.0925421 0.0671415 0.729035 0.00803224 0.573412 0.00636869 0.330564 0.00699152 0.756721 0.00430757 3.46799 0.0676522 4.77059 0.165295 4121.04 1837.75 4129.28 1837.97 4129.28 1837.97 0.613974 0.158845 
300 0.29 1270800000 44.9344 1.44073 -1234.98 13.2968 1.53319e+06 31238.7 2.398e+12 8.78845e+10 0.0925421 0.0671415 0.729035 0.00803224 0.573412 0.00636869 0.330564 0.00699152 0.756721 0.00430757 3.46799 0.0676522 4.77059 0.165295 4121.04 1837.75 4129.28 1837.97 4129.28 1837.97 0.613974 0.158845 
300 0.29 1272600000 44.9344 1.44212 -1234.98 13.2968 1.53319e+06 31238.7 2.398e+12 8.78845e+10 0.0925421 0.0671415 0.729035 0.00803224 0.573412 0.00636869 0.330564 0.00699152 0.756721 0.00430757 3.46799 0.0676522 4.77059 0.165295 4121.04 1837.75 4129.28 1837.97 4129.28 1837.97 0.613974 0.158845 
300 0.29 1274400000 44.9344 1.44212 -1234.98 13.2968 1.53319e+06 31238.7 2.398e+12 8.78845e+10 0.0925421 0.0671415 0.729035 0.00803224 0.573412 0.00636869 0.330564 0.00699152 0.756721 0.00430757 3.46799 0.0676522 4.77059 0.165295 4121.04 1837.75 4129.28 1837.97 4129.28 1837.97 0.613974 0.158845 
300 0.29 1276200000 44.9344 1.44212 -1234.98 13.2968 1.53319e+06 31238.7 2.398e+12 8.78845e+10 0.0925421 0.0671415 0.729035 0.00803224 0.573412 0.00636869 0.330564 0.00699152 0.756721 0.00430757 3.46799 0.0676522 4.77059 0.165295 4121.04 1837.75 4129.28 1837.97 4129.28 1837.97 0.613974 0.158845 
300 0.29 1278000000 44.9344 1.44212 -1234.98 13.2968 1.53319e+06 31238.7 2.398e+12 8.78845e+10 0.0925421 0.0671415 0.729035 0.00803224 0.573412 0.00636869 0.330564 0.00699152 0.756721 0.00430757 3.46799 0.0676522 4.77059 0.165295 4121.04 1837.75 4129.28 1837.97 4129.28 1837.97 0.613974 0.158845 
300 0.29 1279800000 44.9344 1.43683 -1234.98 13.2968 1.53319e+06 31238.7 2.398e+12 8.78845e+10 0.0925421 0.0671415 0.729035 0.00803224 0.573412 0.00636869 0.330564 0.00699152 0.756721 0.00430757 3.46799 0.0676522 4.77059 0.165295 4121.04 1837.75 4129.28 1837.97 4129.28 1837.97 0.613974 0.158845 
300 0.29 1281600000 44.9344 1.43683 -1234.98 13.2968 1.53319e+06 31238.7 2.398e+12 8.78845e+10 0.0925421 0.0671415 0.729035 0.00803224 0.573412 0.00636869 0.330564 0.00699152 0.756721 0.00430757 3.46799 0.0676522 4.77059 0.165295 4121.04 1837.75 4129.28 1837.97 4129.28 1837.97 0.613974 0.158845 
300 0.29 1283400000 44.9344 1.43683 -1234.98 13.2968 1.53319e+06 31238.7 2.398e+12 8.78845e+10 0.0925421 0.0671415 0.729035 0.00803224 0.573412 0.00636869 0.330564 0.00699152 0.756721 0.00430757 3.46799 0.0676522 4.77059 0.165295 4121.04 1837.75 4129.28 1837.97 4129.28 1837.97 0.613974 0.158845 
300 0.29 1285200000 44.9344 1.43683 -1234.98 13.2968 1.53319e+06 31238.7 2.398e+12 8.78845e+10 0.0925421 0.0671415 0.729035 0.00803224 0.573412 0.00636869 0.330564 0.00699152 0.756721 0.00430757 3.46799 0.0676522 4.77059 0.165295 4121.04 1837.75 4129.28 1837.97 4129.28 1837.97 0.613974 0.158845 
300 0.29 1287000000 44.9344 1.43121 -1234.98 13.2968 1.53319e+06 31238.7 2.398e+12 8.78845e+10 0.0925421 0.0671415 0.729035 0.00803224 0.573412 0.00636869 0.330564 0.00699152 0.756721 0.00430757 3.46799 0.0676522 4.77059 0.165295 4121.04 1837.75 4129.28 1837.97 4129.28 1837.97 0.613974 0.158845 
300 0.29 1288800000 44.9344 1.43121 -1234.98 13.2968 1.53319e+06 31238.7 2.398e+12 8.78845e+10 0.0925421 0.0671415 0.729035 0.00803224 0.573412 0.00636869 0.330564 0.00699152 0.756721 0.00430757 3.46799 0.0676522 4.77059 0.165295 4121.04 1837.75 4129.28 1837.97 4129.28 1837.97 0.613974 0.158845 
300 0.29 1290600000 44.9344 1.43121 -1234.98 13.2968 1.53319e+06 31238.7 2.398e+12 8.78845e+10 0.0925421 0.0671415 0.729035 0.00803224 0.573412 0.00636869 0.330564 0.00699152 0.756721 0.00430757 3.46799 0.0676522 4.77059 0.165295 4121.04 1837.75 4129.28 1837.97 4129.28 1837.97 0.613974 0.158845 
300 0.29 1292400000 44.9344 1.43121 -1234.98 13.2968 1.53319e+06 31238.7 2.398e+12 8.78845e+10 0.0925421 0.0671415 0.729035 0.00803224 0.573412 0.00636869 0.330564 0.00699152 0.756721 0.00430757 3.46799 0.0676522 4.77059 0.165295 4121.04 1837.75 4129.28 1837.97 4129.28 1837.97 0.613974 0.158845 
300 0.29 1294200000 44.9344 1.42303 -1234.98 13.2968 1.53319e+06 31238.7 2.398e+12 8.78845e+10 0.0925421 0.0671415 0.729035 0.00803224 0.573412 0.00636869 0.330564 0.00699152 0.756721 0.00430757 3.46799 0.0676522 4.77059 0.165295 4121.04 1837.75 4129.28 1837.97 4129.28 1837.97 0.613974 0.158845 
300 0.29 1296000000 44.9344 1.42303 -1234.98 13.2968 1.53319e+06 31238.7 2.398e+12 8.78845e+10 0.0925421 0.0671415 0.729035 0.00803224 0.573412 0.00636869 0.330564 0.00699152 0.756721 0.00430757 3.46799 0.0676522 4.77059 0.165295 4121.04 1837.75 4129.28 1837.97 4129.28 1837.97 0.613974 0.158845 
300 0.29 1297800000 44.9344 1.42303 -1234.98 13.2968 1.53319e+06 31238.7 2.398e+12 8.78845e+10 0.0925421 0.0671415 0.729035 0.00803224 0.573412 0.00636869 0.330564 0.00699152 0.756721 0.00430757 3.46799 0.0676522 4.77059 0.165295 4121.04 1837.75 4129.28 1837.97 4129.28 1837.97 0.613974 0.158845 
300 0.29 1299600000 44.9344 1.42303 -1234.98 13.2968 1.53319e+06 31238.7 2.398e+12 8.78845e+10 0.0925421 0.0671415 0.729035 0.00803224 0.573412 0.00636869 0.330564 0.00699152 0.756721 0.00430757 3.46799 0.0676522 4.77059 0.165295 4121.04 1837.75 4129.28 1837.97 4129.28 1837.97 0.613974 0.158845 
300 0.29 1301400000 45.0795 1.41528 -1233.5 13.2968 1.52945e+06 31238.7 2.38614e+12 8.78845e+10 0.0911265 0.0671415 0.730024 0.00803224 0.572087 0.00636869 0.329022 0.00699152 0.755852 0.00430757 3.44531 0.0676522 4.73108 0.165295 3746.92 1837.75 3755.1 1837.97 3755.1 1837.97 0.560913 0.158845 
300 0.29 1303200000 45.0795 1.41528 -1233.5 13.2968 1.52945e+06 31238.7 2.38614e+12 8.78845e+10 0.0911265 0.0671415 0.730024 0.00803224 0.572087 0.00636869 0.329022 0.00699152 0.755852 0.00430757 3.44531 0.0676522 4.73108 0.165295 3746.92 1837.75 3755.1 1837.97 3755.1 1837.97 0.560913 0.158845 
300 0.29 1305000000 45.0795 1.41528 -1233.5 13.2968 1.52945e+06 31238.7 2.38614e+12 8.78845e+10 0.0911265 0.0671415 0.730024 0.00803224 0.572087 0.00636869 0.329022 0.00699152 0.755852 0.00430757 3.44531 0.0676522 4.73108 0.165295 3746.92 1837.75 3755.1 1837.97 3755.1 1837.97 0.560913 0.158845 
300 0.29 1306800000 45.0795 1.41528 -1233.5 13.2968 1.52945e+06 31238.7 2.38614e+12 8.78845e+10 0.0911265 0.0671415 0.730024 0.00803224 0.572087 0.00636869 0.329022 0.00699152 0.755852 0.00430757 3.44531 0.0676522 4.73108 0.165295 3746.92 1837.75 3755.1 1837.97 3755.1 1837.97 0.560913 0.158845 
300 0.29 1308600000 45.0795 1.41354 -1233.5 13.2968 1.52945e+06 31238.7 2.38614e+12 8.78845e+10 0.0911265 0.0671415 0.730024 0.00803224 0.572087 0.00636869 0.329022 0.00699152 0.755852 0.00430757 3.44531 0.0676522 4.73108 0.165295 3746.92 1837.75 3755.1 1837.97 3755.1 1837.97 0.560913 0.158845 
300 0.29 1310400000 45.0795 1.41354 -1233.5 13.2968 1.52945e+06 31238.7 2.38614e+12 8.78845e+10 0.0911265 0.0671415 0.730024 0.00803224 0.572087 0.00636869 0.329022 0.00699152 0.755852 0.00430757 3.44531 0.0676522 4.73108 0.165295 3746.92 1837.75 3755.1 1837.97 3755.1 1837.97 0.560913 0.158845 
300 0.29 1312200000 45.0795 1.41354 -1233.5 13.2968 1.52945e+06 31238.7 2.38614e+12 8.78845e+10 0.0911265 0.0671415 0.730024 0.00803224 0.572087 0.00636869 0.329022 0.00699152 0.755852 0.00430757 3.44531 0.0676522 4.73108 0.165295 3746.92 1837.75 3755.1 1837.97 3755.1 1837.97 0.560913 0.158845 
300 0.29 1314000000 45.0795 1.41354 -1233.5 13.2968 1.52945e+06 31238.7 2.38614e+12 8.78845e+10 0.0911265 0.0671415 0.730024 0.00803224 0.572087 0.00636869 0.329022 0.00699152 0.755852 0.00430757 3.44531 0.0676522 4.73108 0.165295 3746.92 1837.75 3755.1 1837.97 3755.1 1837.97 0.560913 0.158845 
300 0.29 1315800000 45.0795 1.40885 -1233.5 13.2968 1.52945e+06 31238.7 2.38614e+12 8.78845e+10 0.0911265 0.0671415 0.730024 0.00803224 0.572087 0.00636869 0.329022 0.00699152 0.755852 0.00430757 3.44531 0.0676522 4.73108 0.165295 3746.92 1837.75 3755.1 1837.97 3755.1 1837.97 0.560913 0.158845 
300 0.29 1317600000 45.0795 1.40885 -1233.5 13.2968 1.52945e+06 31238.7 2.38614e+12 8.78845e+10 0.0911265 0.0671415 0.730024 0.00803224 0.572087 0.00636869 0.329022 0.00699152 0.755852 0.00430757 3.44531 0.0676522 4.73108 0.165295 3746.92 1837.75 3755.1 1837.97 3755.1 1837.97 0.560913 0.158845 
300 0.29 1319400000 45.0795 1.40885 -1233.5 13.2968 1.52945e+06 31238.7 2.38614e+12 8.78845e+10 0.0911265 0.0671415 0.730024 0.00803224 0.572087 0.00636869 0.329022 0.00699152 0.755852 0.00430757 3.44531 0.0676522 4.73108 0.165295 3746.92 1837.75 3755.1 1837.97 3755.1 1837.97 0.560913 0.158845 
300 0.29 1321200000 45.0795 1.40885 -1233.5 13.2968 1.52945e+06 31238.7 2.38614e+12 8.78845e+10 0.0911265 0.0671415 0.730024 0.00803224 0.572087 0.00636869 0.329022 0.00699152 0.755852 0.00430757 3.44531 0.0676522 4.73108 0.165295 3746.92 1837.75 3755.1 1837.97 3755.1 1837.97 0.560913 0.158845 
300 0.29 1323000000 45.0795 1.40116 -1233.5 13.2968 1.52945e+06 31238.7 2.38614e+12 8.78845e+10 0.0911265 0.0671415 0.730024 0.00803224 0.572087 0.00636869 0.329022 0.00699152 0.755852 0.00430757 3.44531 0.0676522 4.73108 0.165295 3746.92 1837.75 3755.1 1837.97 3755.1 1837.97 0.560913 0.158845 
300 0.29 1324800000 45.0795 1.40116 -1233.5 13.2968 1.52945e+06 31238.7 2.38614e+12 8.78845e+10 0.0911265 0.0671415 0.730024 0.00803224 0.572087 0.00636869 0.329022 0.00699152 0.755852 0.00430757 3.44531 0.0676522 4.73108 0.165295 3746.92 1837.75 3755.1 1837.97 3755.1 1837.97 0.560913 0.158845 
300 0.29 1326600000 45.0795 1.40116 -1233.5 13.2968 1.52945e+06 31238.7 2.38614e+12 8.78845e+10 0.0911265 0.0671415 0.730024 0.00803224 0.572087 0.00636869 0.329022 0.00699152 0.755852 0.00430757 3.44531 0.0676522 4.73108 0.165295 3746.92 1837.75 3755.1 1837.97 3755.1 1837.97 0.560913 0.158845 
300 0.29 1328400000 45.0795 1.40116 -1233.5 13.2968 1.52945e+06 31238.7 2.38614e+12 8.78845e+10 0.0911265 0.0671415 0.730024 0.00803224 0.572087 0.00636869 0.329022 0.00699152 0.755852 0.00430757 3.44531 0.0676522 4.73108 0.165295 3746.92 1837.75 3755.1 1837.97 3755.1 1837.97 0.560913 0.158845 
300 0.29 1330200000 45.0795 1.39555 -1233.5 13.2968 1.52945e+06 31238.7 2.38614e+12 8.78845e+10 0.0911265 0.0671415 0.730024 0.00803224 0.572087 0.00636869 0.329022 0.00699152 0.755852 0.00430757 3.44531 0.0676522 4.73108 0.165295 3746.92 1837.75 3755.1 1837.97 3755.1 1837.97 0.560913 0.158845 
300 0.29 1332000000 45.0795 1.39555 -1233.5 13.2968 1.52945e+06 31238.7 2.38614e+12 8.78845e+10 0.0911265 0.0671415 0.730024 0.00803224 0.572087 0.00636869 0.329022 0.00699152 0.755852 0.00430757 3.44531 0.0676522 4.73108 0.165295 3746.92 1837.75 3755.1 1837.97 3755.1 1837.97 0.560913 0.158845 
300 0.29 1333800000 45.0795 1.39342 -1233.5 13.2968 1.52945e+06 31238.7 2.38614e+12 8.78845e+10 0.0911265 0.0671415 0.730024 0.00803224 0.572087 0.00636869 0.329022 0.00699152 0.755852 0.00430757 3.44531 0.0676522 4.73108 0.165295 3746.92 1837.75 3755.1 1837.97 3755.1 1837.97 0.560913 0.158845 
300 0.29 1335600000 45.0795 1.39342 -1233.5 13.2968 1.52945e+06 31238.7 2.38614e+12 8.78845e+10 0.0911265 0.0671415 0.730024 0.00803224 0.572087 0.00636869 0.329022 0.00699152 0.755852 0.00430757 3.44531 0.0676522 4.73108 0.165295 3746.92 1837.75 3755.1 1837.97 3755.1 1837.97 0.560913 0.158845 
300 0.29 1337400000 45.0795 1.38858 -1233.5 13.2968 1.52945e+06 31238.7 2.38614e+12 8.78845e+10 0.0911265 0.0671415 0.730024 0.00803224 0.572087 0.00636869 0.329022 0.00699152 0.755852 0.00430757 3.44531 0.0676522 4.73108 0.165295 3746.92 1837.75 3755.1 1837.97 3755.1 1837.97 0.560913 0.158845 
300 0.29 1339200000 45.0795 1.38858 -1233.5 13.2968 1.52945e+06 31238.7 2.38614e+12 8.78845e+10 0.0911265 0.0671415 0.730024 0.00803224 0.572087 0.00636869 0.329022 0.00699152 0.755852 0.00430757 3.44531 0.0676522 4.73108 0.165295 3746.92 1837.75 3755.1 1837.97 3755.1 1837.97 0.560913 0.158845 
300 0.29 1341000000 45.0795 1.38717 -1233.5 13.2968 1.52945e+06 31238.7 2.38614e+12 8.78845e+10 0.0911265 0.0671415 0.730024 0.00803224 0.572087 0.00636869 0.329022 0.00699152 0.755852 0.00430757 3.44531 0.0676522 4.73108 0.165295 3746.92 1837.75 3755.1 1837.97 3755.1 1837.97 0.560913 0.158845 
300 0.29 1342800000 45.0795 1.38717 -1233.5 13.2968 1.52945e+06 31238.7 2.38614e+12 8.78845e+10 0.0911265 0.0671415 0.730024 0.00803224 0.572087 0.00636869 0.329022 0.00699152 0.755852 0.00430757 3.44531 0.0676522 4.73108 0.165295 3746.92 1837.75 3755.1 1837.97 3755.1 1837.97 0.560913 0.158845 
300 0.29 1344600000 45.0795 1.38387 -1233.5 13.2968 1.52945e+06 31238.7 2.38614e+12 8.78845e+10 0.0911265 0.0671415 0.730024 0.00803224 0.572087 0.00636869 0.329022 0.00699152 0.755852 0.00430757 3.44531 0.0676522 4.73108 0.165295 3746.92 1837.75 3755.1 1837.97 3755.1 1837.97 0.560913 0.158845 
300 0.29 1346400000 45.0795 1.38387 -1233.5 13.2968 1.52945e+06 31238.7 2.38614e+12 8.78845e+10 0.0911265 0.0671415 0.730024 0.00803224 0.572087 0.00636869 0.329022 0.00699152 0.755852 0.00430757 3.44531 0.0676522 4.73108 0.165295 3746.92 1837.75 3755.1 1837.97 3755.1 1837.97 0.560913 0.158845 
300 0.29 1348200000 45.0795 1.38387 -1233.5 13.2968 1.52945e+06 31238.7 2.38614e+12 8.78845e+10 0.0911265 0.0671415 0.730024 0.00803224 0.572087 0.00636869 0.329022 0.00699152 0.755852 0.00430757 3.44531 0.0676522 4.73108 0.165295 3746.92 1837.75 3755.1 1837.97 3755.1 1837.97 0.560913 0.158845 
300 0.29 1350000000 45.0795 1.38387 -1233.5 13.2968 1.52945e+06 31238.7 2.38614e+12 8.78845e+10 0.0911265 0.0671415 0.730024 0.00803224 0.572087 0.00636869 0.329022 0.00699152 0.755852 0.00430757 3.44531 0.0676522 4.73108 0.165295 3746.92 1837.75 3755.1 1837.97 3755.1 1837.97 0.560913 0.158845 
300 0.29 1351800000 45.0795 1.37986 -1233.5 13.2968 1.52945e+06 31238.7 2.38614e+12 8.78845e+10 0.0911265 0.0671415 0.730024 0.00803224 0.572087 0.00636869 0.329022 0.00699152 0.755852 0.00430757 3.44531 0.0676522 4.73108 0.165295 3746.92 1837.75 3755.1 1837.97 3755.1 1837.97 0.560913 0.158845 
300 0.29 1353600000 45.0795 1.37986 -1233.5 13.2968 1.52945e+06 31238.7 2.38614e+12 8.78845e+10 0.0911265 0.0671415 0.730024 0.00803224 0.572087 0.00636869 0.329022 0.00699152 0.755852 0.00430757 3.44531 0.0676522 4.73108 0.165295 3746.92 1837.75 3755.1 1837.97 3755.1 1837.97 0.560913 0.158845 
300 0.29 1355400000 45.0795 1.37986 -1233.5 13.2968 1.52945e+06 31238.7 2.38614e+12 8.78845e+10 0.0911265 0.0671415 0.730024 0.00803224 0.572087 0.00636869 0.329022 0.00699152 0.755852 0.00430757 3.44531 0.0676522 4.73108 0.165295 3746.92 1837.75 3755.1 1837.97 3755.1 1837.97 0.560913 0.158845 
300 0.29 1357200000 45.0795 1.37986 -1233.5 13.2968 1.52945e+06 31238.7 2.38614e+12 8.78845e+10 0.0911265 0.0671415 0.730024 0.00803224 0.572087 0.00636869 0.329022 0.00699152 0.755852 0.00430757 3.44531 0.0676522 4.73108 0.165295 3746.92 1837.75 3755.1 1837.97 3755.1 1837.97 0.560913 0.158845 
300 0.29 1359000000 45.0795 1.38192 -1233.5 13.2968 1.52945e+06 31238.7 2.38614e+12 8.78845e+10 0.0911265 0.0671415 0.730024 0.00803224 0.572087 0.00636869 0.329022 0.00699152 0.755852 0.00430757 3.44531 0.0676522 4.73108 0.165295 3746.92 1837.75 3755.1 1837.97 3755.1 1837.97 0.560913 0.158845 
300 0.29 1360800000 45.0795 1.38192 -1233.5 13.2968 1.52945e+06 31238.7 2.38614e+12 8.78845e+10 0.0911265 0.0671415 0.730024 0.00803224 0.572087 0.00636869 0.329022 0.00699152 0.755852 0.00430757 3.44531 0.0676522 4.73108 0.165295 3746.92 1837.75 3755.1 1837.97 3755.1 1837.97 0.560913 0.158845 
300 0.29 1362600000 45.0795 1.38192 -1233.5 13.2968 1.52945e+06 31238.7 2.38614e+12 8.78845e+10 0.0911265 0.0671415 0.730024 0.00803224 0.572087 0.00636869 0.329022 0.00699152 0.755852 0.00430757 3.44531 0.0676522 4.73108 0.165295 3746.92 1837.75 3755.1 1837.97 3755.1 1837.97 0.560913 0.158845 
300 0.29 1364400000 45.0795 1.38192 -1233.5 13.2968 1.52945e+06 31238.7 2.38614e+12 8.78845e+10 0.0911265 0.0671415 0.730024 0.00803224 0.572087 0.00636869 0.329022 0.00699152 0.755852 0.00430757 3.44531 0.0676522 4.73108 0.165295 3746.92 1837.75 3755.1 1837.97 3755.1 1837.97 0.560913 0.158845 
300 0.29 1366200000 45.0795 1.37464 -1233.5 13.2968 1.52945e+06 31238.7 2.38614e+12 8.78845e+10 0.0911265 0.0671415 0.730024 0.00803224 0.572087 0.00636869 0.329022 0.00699152 0.755852 0.00430757 3.44531 0.0676522 4.73108 0.165295 3746.92 1837.75 3755.1 1837.97 3755.1 1837.97 0.560913 0.158845 
300 0.29 1368000000 45.0795 1.37464 -1233.5 13.2968 1.52945e+06 31238.7 2.38614e+12 8.78845e+10 0.0911265 0.0671415 0.730024 0.00803224 0.572087 0.00636869 0.329022 0.00699152 0.755852 0.00430757 3.44531 0.0676522 4.73108 0.165295 3746.92 1837.75 3755.1 1837.97 3755.1 1837.97 0.560913 0.158845 
300 0.29 1369800000 45.0795 1.37464 -1233.5 13.2968 1.52945e+06 31238.7 2.38614e+12 8.78845e+10 0.0911265 0.0671415 0.730024 0.00803224 0.572087 0.00636869 0.329022 0.00699152 0.755852 0.00430757 3.44531 0.0676522 4.73108 0.165295 3746.92 1837.75 3755.1 1837.97 3755.1 1837.97 0.560913 0.158845 
300 0.29 1371600000 45.0795 1.37464 -1233.5 13.2968 1.52945e+06 31238.7 2.38614e+12 8.78845e+10 0.0911265 0.0671415 0.730024 0.00803224 0.572087 0.00636869 0.329022 0.00699152 0.755852 0.00430757 3.44531 0.0676522 4.73108 0.165295 3746.92 1837.75 3755.1 1837.97 3755.1 1837.97 0.560913 0.158845 
300 0.29 1373400000 45.0795 1.36781 -1233.5 13.2968 1.52945e+06 31238.7 2.38614e+12 8.78845e+10 0.0911265 0.0671415 0.730024 0.00803224 0.572087 0.00636869 0.329022 0.00699152 0.755852 0.00430757 3.44531 0.0676522 4.73108 0.165295 3746.92 1837.75 3755.1 1837.97 3755.1 1837.97 0.560913 0.158845 
300 0.29 1375200000 45.0795 1.36781 -1233.5 13.2968 1.52945e+06 31238.7 2.38614e+12 8.78845e+10 0.0911265 0.0671415 0.730024 0.00803224 0.572087 0.00636869 0.329022 0.00699152 0.755852 0.00430757 3.44531 0.0676522 4.73108 0.165295 3746.92 1837.75 3755.1 1837.97 3755.1 1837.97 0.560913 0.158845 
300 0.29 1377000000 45.0795 1.36781 -1233.5 13.2968 1.52945e+06 31238.7 2.38614e+12 8.78845e+10 0.0911265 0.0671415 0.730024 0.00803224 0.572087 0.00636869 0.329022 0.00699152 0.755852 0.00430757 3.44531 0.0676522 4.73108 0.165295 3746.92 1837.75 3755.1 1837.97 3755.1 1837.97 0.560913 0.158845 
300 0.29 1378800000 45.0795 1.36781 -1233.5 13.2968 1.52945e+06 31238.7 2.38614e+12 8.78845e+10 0.0911265 0.0671415 0.730024 0.00803224 0.572087 0.00636869 0.329022 0.00699152 0.755852 0.00430757 3.44531 0.0676522 4.73108 0.165295 3746.92 1837.75 3755.1 1837.97 3755.1 1837.97 0.560913 0.158845 
300 0.29 1380600000 45.0795 1.36881 -1233.5 13.2968 1.52945e+06 31238.7 2.38614e+12 8.78845e+10 0.0911265 0.0671415 0.730024 0.00803224 0.572087 0.00636869 0.329022 0.00699152 0.755852 0.00430757 3.44531 0.0676522 4.73108 0.165295 3746.92 1837.75 3755.1 1837.97 3755.1 1837.97 0.560913 0.158845 
300 0.29 1382400000 45.0795 1.36881 -1233.5 13.2968 1.52945e+06 31238.7 2.38614e+12 8.78845e+10 0.0911265 0.0671415 0.730024 0.00803224 0.572087 0.00636869 0.329022 0.00699152 0.755852 0.00430757 3.44531 0.0676522 4.73108 0.165295 3746.92 1837.75 3755.1 1837.97 3755.1 1837.97 0.560913 0.158845 
300 0.29 1384200000 45.0795 1.36881 -1233.5 13.2968 1.52945e+06 31238.7 2.38614e+12 8.78845e+10 0.0911265 0.0671415 0.730024 0.00803224 0.572087 0.00636869 0.329022 0.00699152 0.755852 0.00430757 3.44531 0.0676522 4.73108 0.165295 3746.92 1837.75 3755.1 1837.97 3755.1 1837.97 0.560913 0.158845 
300 0.29 1386000000 45.0795 1.36881 -1233.5 13.2968 1.52945e+06 31238.7 2.38614e+12 8.78845e+10 0.0911265 0.0671415 0.730024 0.00803224 0.572087 0.00636869 0.329022 0.00699152 0.755852 0.00430757 3.44531 0.0676522 4.73108 0.165295 3746.92 1837.75 3755.1 1837.97 3755.1 1837.97 0.560913 0.158845 
300 0.29 1387800000 45.0795 1.36213 -1233.5 13.2968 1.52945e+06 31238.7 2.38614e+12 8.78845e+10 0.0911265 0.0671415 0.730024 0.00803224 0.572087 0.00636869 0.329022 0.00699152 0.755852 0.00430757 3.44531 0.0676522 4.73108 0.165295 3746.92 1837.75 3755.1 1837.97 3755.1 1837.97 0.560913 0.158845 
300 0.29 1389600000 45.0795 1.36213 -1233.5 13.2968 1.52945e+06 31238.7 2.38614e+12 8.78845e+10 0.0911265 0.0671415 0.730024 0.00803224 0.572087 0.00636869 0.329022 0.00699152 0.755852 0.00430757 3.44531 0.0676522 4.73108 0.165295 3746.92 1837.75 3755.1 1837.97 3755.1 1837.97 0.560913 0.158845 
300 0.29 1391400000 45.0795 1.36213 -1233.5 13.2968 1.52945e+06 31238.7 2.38614e+12 8.78845e+10 0.0911265 0.0671415 0.730024 0.00803224 0.572087 0.00636869 0.329022 0.00699152 0.755852 0.00430757 3.44531 0.0676522 4.73108 0.165295 3746.92 1837.75 3755.1 1837.97 3755.1 1837.97 0.560913 0.158845 
300 0.29 1393200000 45.0795 1.36213 -1233.5 13.2968 1.52945e+06 31238.7 2.38614e+12 8.78845e+10 0.0911265 0.0671415 0.730024 0.00803224 0.572087 0.00636869 0.329022 0.00699152 0.755852 0.00430757 3.44531 0.0676522 4.73108 0.165295 3746.92 1837.75 3755.1 1837.97 3755.1 1837.97 0.560913 0.158845 
300 0.29 1395000000 45.0795 1.35846 -1233.5 13.2968 1.52945e+06 31238.7 2.38614e+12 8.78845e+10 0.0911265 0.0671415 0.730024 0.00803224 0.572087 0.00636869 0.329022 0.00699152 0.755852 0.00430757 3.44531 0.0676522 4.73108 0.165295 3746.92 1837.75 3755.1 1837.97 3755.1 1837.97 0.560913 0.158845 
300 0.29 1396800000 45.0795 1.35846 -1233.5 13.2968 1.52945e+06 31238.7 2.38614e+12 8.78845e+10 0.0911265 0.0671415 0.730024 0.00803224 0.572087 0.00636869 0.329022 0.00699152 0.755852 0.00430757 3.44531 0.0676522 4.73108 0.165295 3746.92 1837.75 3755.1 1837.97 3755.1 1837.97 0.560913 0.158845 
300 0.29 1398600000 45.0795 1.35846 -1233.5 13.2968 1.52945e+06 31238.7 2.38614e+12 8.78845e+10 0.0911265 0.0671415 0.730024 0.00803224 0.572087 0.00636869 0.329022 0.00699152 0.755852 0.00430757 3.44531 0.0676522 4.73108 0.165295 3746.92 1837.75 3755.1 1837.97 3755.1 1837.97 0.560913 0.158845 
300 0.29 1400400000 45.0795 1.35846 -1233.5 13.2968 1.52945e+06 31238.7 2.38614e+12 8.78845e+10 0.0911265 0.0671415 0.730024 0.00803224 0.572087 0.00636869 0.329022 0.00699152 0.755852 0.00430757 3.44531 0.0676522 4.73108 0.165295 3746.92 1837.75 3755.1 1837.97 3755.1 1837.97 0.560913 0.158845 
300 0.29 1402200000 45.0795 1.35156 -1233.5 13.2968 1.52945e+06 31238.7 2.38614e+12 8.78845e+10 0.0911265 0.0671415 0.730024 0.00803224 0.572087 0.00636869 0.329022 0.00699152 0.755852 0.00430757 3.44531 0.0676522 4.73108 0.165295 3746.92 1837.75 3755.1 1837.97 3755.1 1837.97 0.560913 0.158845 
300 0.29 1404000000 45.0795 1.35156 -1233.5 13.2968 1.52945e+06 31238.7 2.38614e+12 8.78845e+10 0.0911265 0.0671415 0.730024 0.00803224 0.572087 0.00636869 0.329022 0.00699152 0.755852 0.00430757 3.44531 0.0676522 4.73108 0.165295 3746.92 1837.75 3755.1 1837.97 3755.1 1837.97 0.560913 0.158845 
300 0.29 1405800000 45.0795 1.35156 -1233.5 13.2968 1.52945e+06 31238.7 2.38614e+12 8.78845e+10 0.0911265 0.0671415 0.730024 0.00803224 0.572087 0.00636869 0.329022 0.00699152 0.755852 0.00430757 3.44531 0.0676522 4.73108 0.165295 3746.92 1837.75 3755.1 1837.97 3755.1 1837.97 0.560913 0.158845 
300 0.29 1407600000 45.0795 1.35156 -1233.5 13.2968 1.52945e+06 31238.7 2.38614e+12 8.78845e+10 0.0911265 0.0671415 0.730024 0.00803224 0.572087 0.00636869 0.329022 0.00699152 0.755852 0.00430757 3.44531 0.0676522 4.73108 0.165295 3746.92 1837.75 3755.1 1837.97 3755.1 1837.97 0.560913 0.158845 
300 0.29 1409400000 45.0795 1.34941 -1233.5 13.2968 1.52945e+06 31238.7 2.38614e+12 8.78845e+10 0.0911265 0.0671415 0.730024 0.00803224 0.572087 0.00636869 0.329022 0.00699152 0.755852 0.00430757 3.44531 0.0676522 4.73108 0.165295 3746.92 1837.75 3755.1 1837.97 3755.1 1837.97 0.560913 0.158845 
300 0.29 1411200000 45.0795 1.34941 -1233.5 13.2968 1.52945e+06 31238.7 2.38614e+12 8.78845e+10 0.0911265 0.0671415 0.730024 0.00803224 0.572087 0.00636869 0.329022 0.00699152 0.755852 0.00430757 3.44531 0.0676522 4.73108 0.165295 3746.92 1837.75 3755.1 1837.97 3755.1 1837.97 0.560913 0.158845 
300 0.29 1413000000 45.0795 1.34941 -1233.5 13.2968 1.52945e+06 31238.7 2.38614e+12 8.78845e+10 0.0911265 0.0671415 0.730024 0.00803224 0.572087 0.00636869 0.329022 0.00699152 0.755852 0.00430757 3.44531 0.0676522 4.73108 0.165295 3746.92 1837.75 3755.1 1837.97 3755.1 1837.97 0.560913 0.158845 
300 0.29 1414800000 45.0795 1.34941 -1233.5 13.2968 1.52945e+06 31238.7 2.38614e+12 8.78845e+10 0.0911265 0.0671415 0.730024 0.00803224 0.572087 0.00636869 0.329022 0.00699152 0.755852 0.00430757 3.44531 0.0676522 4.73108 0.165295 3746.92 1837.75 3755.1 1837.97 3755.1 1837.97 0.560913 0.158845 
300 0.29 1416600000 44.6224 1.34407 -1234.3 11.0982 1.53128e+06 26090.7 2.39099e+12 7.35162e+10 0.0862387 0.0562464 0.732031 0.00723059 0.572415 0.00538479 0.329343 0.00593208 0.756085 0.00363629 3.41432 0.0746865 4.6863 0.157778 3435.18 1654.5 3443.28 1654.72 3443.28 1654.72 0.517637 0.158922 
300 0.29 1418400000 44.6224 1.34407 -1234.3 11.0982 1.53128e+06 26090.7 2.39099e+12 7.35162e+10 0.0862387 0.0562464 0.732031 0.00723059 0.572415 0.00538479 0.329343 0.00593208 0.756085 0.00363629 3.41432 0.0746865 4.6863 0.157778 3435.18 1654.5 3443.28 1654.72 3443.28 1654.72 0.517637 0.158922 
300 0.29 1420200000 44.6224 1.34407 -1234.3 11.0982 1.53128e+06 26090.7 2.39099e+12 7.35162e+10 0.0862387 0.0562464 0.732031 0.00723059 0.572415 0.00538479 0.329343 0.00593208 0.756085 0.00363629 3.41432 0.0746865 4.6863 0.157778 3435.18 1654.5 3443.28 1654.72 3443.28 1654.72 0.517637 0.158922 
300 0.29 1422000000 44.6224 1.34407 -1234.3 11.0982 1.53128e+06 26090.7 2.39099e+12 7.35162e+10 0.0862387 0.0562464 0.732031 0.00723059 0.572415 0.00538479 0.329343 0.00593208 0.756085 0.00363629 3.41432 0.0746865 4.6863 0.157778 3435.18 1654.5 3443.28 1654.72 3443.28 1654.72 0.517637 0.158922 
300 0.29 1423800000 44.6224 1.33828 -1234.3 11.0982 1.53128e+06 26090.7 2.39099e+12 7.35162e+10 0.0862387 0.0562464 0.732031 0.00723059 0.572415 0.00538479 0.329343 0.00593208 0.756085 0.00363629 3.41432 0.0746865 4.6863 0.157778 3435.18 1654.5 3443.28 1654.72 3443.28 1654.72 0.517637 0.158922 
300 0.29 1425600000 44.6224 1.33828 -1234.3 11.0982 1.53128e+06 26090.7 2.39099e+12 7.35162e+10 0.0862387 0.0562464 0.732031 0.00723059 0.572415 0.00538479 0.329343 0.00593208 0.756085 0.00363629 3.41432 0.0746865 4.6863 0.157778 3435.18 1654.5 3443.28 1654.72 3443.28 1654.72 0.517637 0.158922 
300 0.29 1427400000 44.6224 1.33828 -1234.3 11.0982 1.53128e+06 26090.7 2.39099e+12 7.35162e+10 0.0862387 0.0562464 0.732031 0.00723059 0.572415 0.00538479 0.329343 0.00593208 0.756085 0.00363629 3.41432 0.0746865 4.6863 0.157778 3435.18 1654.5 3443.28 1654.72 3443.28 1654.72 0.517637 0.158922 
300 0.29 1429200000 44.6224 1.33828 -1234.3 11.0982 1.53128e+06 26090.7 2.39099e+12 7.35162e+10 0.0862387 0.0562464 0.732031 0.00723059 0.572415 0.00538479 0.329343 0.00593208 0.756085 0.00363629 3.41432 0.0746865 4.6863 0.157778 3435.18 1654.5 3443.28 1654.72 3443.28 1654.72 0.517637 0.158922 
300 0.29 1431000000 44.6224 1.33143 -1234.3 11.0982 1.53128e+06 26090.7 2.39099e+12 7.35162e+10 0.0862387 0.0562464 0.732031 0.00723059 0.572415 0.00538479 0.329343 0.00593208 0.756085 0.00363629 3.41432 0.0746865 4.6863 0.157778 3435.18 1654.5 3443.28 1654.72 3443.28 1654.72 0.517637 0.158922 
300 0.29 1432800000 44.6224 1.33143 -1234.3 11.0982 1.53128e+06 26090.7 2.39099e+12 7.35162e+10 0.0862387 0.0562464 0.732031 0.00723059 0.572415 0.00538479 0.329343 0.00593208 0.756085 0.00363629 3.41432 0.0746865 4.6863 0.157778 3435.18 1654.5 3443.28 1654.72 3443.28 1654.72 0.517637 0.158922 
300 0.29 1434600000 44.6224 1.33143 -1234.3 11.0982 1.53128e+06 26090.7 2.39099e+12 7.35162e+10 0.0862387 0.0562464 0.732031 0.00723059 0.572415 0.00538479 0.329343 0.00593208 0.756085 0.00363629 3.41432 0.0746865 4.6863 0.157778 3435.18 1654.5 3443.28 1654.72 3443.28 1654.72 0.517637 0.158922 
300 0.29 1436400000 44.6224 1.33143 -1234.3 11.0982 1.53128e+06 26090.7 2.39099e+12 7.35162e+10 0.0862387 0.0562464 0.732031 0.00723059 0.572415 0.00538479 0.329343 0.00593208 0.756085 0.00363629 3.41432 0.0746865 4.6863 0.157778 3435.18 1654.5 3443.28 1654.72 3443.28 1654.72 0.517637 0.158922 
300 0.29 1438200000 44.6224 1.33118 -1234.3 11.0982 1.53128e+06 26090.7 2.39099e+12 7.35162e+10 0.0862387 0.0562464 0.732031 0.00723059 0.572415 0.00538479 0.329343 0.00593208 0.756085 0.00363629 3.41432 0.0746865 4.6863 0.157778 3435.18 1654.5 3443.28 1654.72 3443.28 1654.72 0.517637 0.158922 
300 0.29 1440000000 44.6224 1.33118 -1234.3 11.0982 1.53128e+06 26090.7 2.39099e+12 7.35162e+10 0.0862387 0.0562464 0.732031 0.00723059 0.572415 0.00538479 0.329343 0.00593208 0.756085 0.00363629 3.41432 0.0746865 4.6863 0.157778 3435.18 1654.5 3443.28 1654.72 3443.28 1654.72 0.517637 0.158922 
300 0.29 1441800000 44.6224 1.33118 -1234.3 11.0982 1.53128e+06 26090.7 2.39099e+12 7.35162e+10 0.0862387 0.0562464 0.732031 0.00723059 0.572415 0.00538479 0.329343 0.00593208 0.756085 0.00363629 3.41432 0.0746865 4.6863 0.157778 3435.18 1654.5 3443.28 1654.72 3443.28 1654.72 0.517637 0.158922 
300 0.29 1443600000 44.6224 1.33118 -1234.3 11.0982 1.53128e+06 26090.7 2.39099e+12 7.35162e+10 0.0862387 0.0562464 0.732031 0.00723059 0.572415 0.00538479 0.329343 0.00593208 0.756085 0.00363629 3.41432 0.0746865 4.6863 0.157778 3435.18 1654.5 3443.28 1654.72 3443.28 1654.72 0.517637 0.158922 
300 0.29 1445400000 44.6224 1.3571 -1234.3 11.0982 1.53128e+06 26090.7 2.39099e+12 7.35162e+10 0.0862387 0.0562464 0.732031 0.00723059 0.572415 0.00538479 0.329343 0.00593208 0.756085 0.00363629 3.41432 0.0746865 4.6863 0.157778 3435.18 1654.5 3443.28 1654.72 3443.28 1654.72 0.517637 0.158922 
300 0.29 1447200000 44.6224 1.3571 -1234.3 11.0982 1.53128e+06 26090.7 2.39099e+12 7.35162e+10 0.0862387 0.0562464 0.732031 0.00723059 0.572415 0.00538479 0.329343 0.00593208 0.756085 0.00363629 3.41432 0.0746865 4.6863 0.157778 3435.18 1654.5 3443.28 1654.72 3443.28 1654.72 0.517637 0.158922 
300 0.29 1449000000 44.6224 1.3571 -1234.3 11.0982 1.53128e+06 26090.7 2.39099e+12 7.35162e+10 0.0862387 0.0562464 0.732031 0.00723059 0.572415 0.00538479 0.329343 0.00593208 0.756085 0.00363629 3.41432 0.0746865 4.6863 0.157778 3435.18 1654.5 3443.28 1654.72 3443.28 1654.72 0.517637 0.158922 
300 0.29 1450800000 44.6224 1.3571 -1234.3 11.0982 1.53128e+06 26090.7 2.39099e+12 7.35162e+10 0.0862387 0.0562464 0.732031 0.00723059 0.572415 0.00538479 0.329343 0.00593208 0.756085 0.00363629 3.41432 0.0746865 4.6863 0.157778 3435.18 1654.5 3443.28 1654.72 3443.28 1654.72 0.517637 0.158922 
300 0.29 1452600000 44.6224 1.35342 -1234.3 11.0982 1.53128e+06 26090.7 2.39099e+12 7.35162e+10 0.0862387 0.0562464 0.732031 0.00723059 0.572415 0.00538479 0.329343 0.00593208 0.756085 0.00363629 3.41432 0.0746865 4.6863 0.157778 3435.18 1654.5 3443.28 1654.72 3443.28 1654.72 0.517637 0.158922 
300 0.29 1454400000 44.6224 1.35342 -1234.3 11.0982 1.53128e+06 26090.7 2.39099e+12 7.35162e+10 0.0862387 0.0562464 0.732031 0.00723059 0.572415 0.00538479 0.329343 0.00593208 0.756085 0.00363629 3.41432 0.0746865 4.6863 0.157778 3435.18 1654.5 3443.28 1654.72 3443.28 1654.72 0.517637 0.158922 
300 0.29 1456200000 44.6224 1.35342 -1234.3 11.0982 1.53128e+06 26090.7 2.39099e+12 7.35162e+10 0.0862387 0.0562464 0.732031 0.00723059 0.572415 0.00538479 0.329343 0.00593208 0.756085 0.00363629 3.41432 0.0746865 4.6863 0.157778 3435.18 1654.5 3443.28 1654.72 3443.28 1654.72 0.517637 0.158922 
300 0.29 1458000000 44.6224 1.35342 -1234.3 11.0982 1.53128e+06 26090.7 2.39099e+12 7.35162e+10 0.0862387 0.0562464 0.732031 0.00723059 0.572415 0.00538479 0.329343 0.00593208 0.756085 0.00363629 3.41432 0.0746865 4.6863 0.157778 3435.18 1654.5 3443.28 1654.72 3443.28 1654.72 0.517637 0.158922 
300 0.29 1459800000 44.6224 1.34749 -1234.3 11.0982 1.53128e+06 26090.7 2.39099e+12 7.35162e+10 0.0862387 0.0562464 0.732031 0.00723059 0.572415 0.00538479 0.329343 0.00593208 0.756085 0.00363629 3.41432 0.0746865 4.6863 0.157778 3435.18 1654.5 3443.28 1654.72 3443.28 1654.72 0.517637 0.158922 
300 0.29 1461600000 44.6224 1.34749 -1234.3 11.0982 1.53128e+06 26090.7 2.39099e+12 7.35162e+10 0.0862387 0.0562464 0.732031 0.00723059 0.572415 0.00538479 0.329343 0.00593208 0.756085 0.00363629 3.41432 0.0746865 4.6863 0.157778 3435.18 1654.5 3443.28 1654.72 3443.28 1654.72 0.517637 0.158922 
300 0.29 1463400000 44.6224 1.34749 -1234.3 11.0982 1.53128e+06 26090.7 2.39099e+12 7.35162e+10 0.0862387 0.0562464 0.732031 0.00723059 0.572415 0.00538479 0.329343 0.00593208 0.756085 0.00363629 3.41432 0.0746865 4.6863 0.157778 3435.18 1654.5 3443.28 1654.72 3443.28 1654.72 0.517637 0.158922 
300 0.29 1465200000 44.6224 1.34749 -1234.3 11.0982 1.53128e+06 26090.7 2.39099e+12 7.35162e+10 0.0862387 0.0562464 0.732031 0.00723059 0.572415 0.00538479 0.329343 0.00593208 0.756085 0.00363629 3.41432 0.0746865 4.6863 0.157778 3435.18 1654.5 3443.28 1654.72 3443.28 1654.72 0.517637 0.158922 
300 0.29 1467000000 44.6224 1.34642 -1234.3 11.0982 1.53128e+06 26090.7 2.39099e+12 7.35162e+10 0.0862387 0.0562464 0.732031 0.00723059 0.572415 0.00538479 0.329343 0.00593208 0.756085 0.00363629 3.41432 0.0746865 4.6863 0.157778 3435.18 1654.5 3443.28 1654.72 3443.28 1654.72 0.517637 0.158922 
300 0.29 1468800000 44.6224 1.34642 -1234.3 11.0982 1.53128e+06 26090.7 2.39099e+12 7.35162e+10 0.0862387 0.0562464 0.732031 0.00723059 0.572415 0.00538479 0.329343 0.00593208 0.756085 0.00363629 3.41432 0.0746865 4.6863 0.157778 3435.18 1654.5 3443.28 1654.72 3443.28 1654.72 0.517637 0.158922 
300 0.29 1470600000 44.6224 1.34642 -1234.3 11.0982 1.53128e+06 26090.7 2.39099e+12 7.35162e+10 0.0862387 0.0562464 0.732031 0.00723059 0.572415 0.00538479 0.329343 0.00593208 0.756085 0.00363629 3.41432 0.0746865 4.6863 0.157778 3435.18 1654.5 3443.28 1654.72 3443.28 1654.72 0.517637 0.158922 
300 0.29 1472400000 44.6224 1.34642 -1234.3 11.0982 1.53128e+06 26090.7 2.39099e+12 7.35162e+10 0.0862387 0.0562464 0.732031 0.00723059 0.572415 0.00538479 0.329343 0.00593208 0.756085 0.00363629 3.41432 0.0746865 4.6863 0.157778 3435.18 1654.5 3443.28 1654.72 3443.28 1654.72 0.517637 0.158922 
300 0.29 1474200000 44.6224 1.33663 -1234.3 11.0982 1.53128e+06 26090.7 2.39099e+12 7.35162e+10 0.0862387 0.0562464 0.732031 0.00723059 0.572415 0.00538479 0.329343 0.00593208 0.756085 0.00363629 3.41432 0.0746865 4.6863 0.157778 3435.18 1654.5 3443.28 1654.72 3443.28 1654.72 0.517637 0.158922 
300 0.29 1476000000 44.6224 1.33663 -1234.3 11.0982 1.53128e+06 26090.7 2.39099e+12 7.35162e+10 0.0862387 0.0562464 0.732031 0.00723059 0.572415 0.00538479 0.329343 0.00593208 0.756085 0.00363629 3.41432 0.0746865 4.6863 0.157778 3435.18 1654.5 3443.28 1654.72 3443.28 1654.72 0.517637 0.158922 
300 0.29 1477800000 44.6224 1.33663 -1234.3 11.0982 1.53128e+06 26090.7 2.39099e+12 7.35162e+10 0.0862387 0.0562464 0.732031 0.00723059 0.572415 0.00538479 0.329343 0.00593208 0.756085 0.00363629 3.41432 0.0746865 4.6863 0.157778 3435.18 1654.5 3443.28 1654.72 3443.28 1654.72 0.517637 0.158922 
300 0.29 1479600000 44.6224 1.33663 -1234.3 11.0982 1.53128e+06 26090.7 2.39099e+12 7.35162e+10 0.0862387 0.0562464 0.732031 0.00723059 0.572415 0.00538479 0.329343 0.00593208 0.756085 0.00363629 3.41432 0.0746865 4.6863 0.157778 3435.18 1654.5 3443.28 1654.72 3443.28 1654.72 0.517637 0.158922 
300 0.29 1481400000 44.6224 1.33606 -1234.3 11.0982 1.53128e+06 26090.7 2.39099e+12 7.35162e+10 0.0862387 0.0562464 0.732031 0.00723059 0.572415 0.00538479 0.329343 0.00593208 0.756085 0.00363629 3.41432 0.0746865 4.6863 0.157778 3435.18 1654.5 3443.28 1654.72 3443.28 1654.72 0.517637 0.158922 
300 0.29 1483200000 44.6224 1.33606 -1234.3 11.0982 1.53128e+06 26090.7 2.39099e+12 7.35162e+10 0.0862387 0.0562464 0.732031 0.00723059 0.572415 0.00538479 0.329343 0.00593208 0.756085 0.00363629 3.41432 0.0746865 4.6863 0.157778 3435.18 1654.5 3443.28 1654.72 3443.28 1654.72 0.517637 0.158922 
300 0.29 1485000000 44.6224 1.33606 -1234.3 11.0982 1.53128e+06 26090.7 2.39099e+12 7.35162e+10 0.0862387 0.0562464 0.732031 0.00723059 0.572415 0.00538479 0.329343 0.00593208 0.756085 0.00363629 3.41432 0.0746865 4.6863 0.157778 3435.18 1654.5 3443.28 1654.72 3443.28 1654.72 0.517637 0.158922 
300 0.29 1486800000 44.6224 1.33606 -1234.3 11.0982 1.53128e+06 26090.7 2.39099e+12 7.35162e+10 0.0862387 0.0562464 0.732031 0.00723059 0.572415 0.00538479 0.329343 0.00593208 0.756085 0.00363629 3.41432 0.0746865 4.6863 0.157778 3435.18 1654.5 3443.28 1654.72 3443.28 1654.72 0.517637 0.158922 
300 0.29 1488600000 44.6224 1.32956 -1234.3 11.0982 1.53128e+06 26090.7 2.39099e+12 7.35162e+10 0.0862387 0.0562464 0.732031 0.00723059 0.572415 0.00538479 0.329343 0.00593208 0.756085 0.00363629 3.41432 0.0746865 4.6863 0.157778 3435.18 1654.5 3443.28 1654.72 3443.28 1654.72 0.517637 0.158922 
300 0.29 1490400000 44.6224 1.32956 -1234.3 11.0982 1.53128e+06 26090.7 2.39099e+12 7.35162e+10 0.0862387 0.0562464 0.732031 0.00723059 0.572415 0.00538479 0.329343 0.00593208 0.756085 0.00363629 3.41432 0.0746865 4.6863 0.157778 3435.18 1654.5 3443.28 1654.72 3443.28 1654.72 0.517637 0.158922 
300 0.29 1492200000 44.6224 1.32956 -1234.3 11.0982 1.53128e+06 26090.7 2.39099e+12 7.35162e+10 0.0862387 0.0562464 0.732031 0.00723059 0.572415 0.00538479 0.329343 0.00593208 0.756085 0.00363629 3.41432 0.0746865 4.6863 0.157778 3435.18 1654.5 3443.28 1654.72 3443.28 1654.72 0.517637 0.158922 
300 0.29 1494000000 44.6224 1.32956 -1234.3 11.0982 1.53128e+06 26090.7 2.39099e+12 7.35162e+10 0.0862387 0.0562464 0.732031 0.00723059 0.572415 0.00538479 0.329343 0.00593208 0.756085 0.00363629 3.41432 0.0746865 4.6863 0.157778 3435.18 1654.5 3443.28 1654.72 3443.28 1654.72 0.517637 0.158922 
300 0.29 1495800000 44.6224 1.32731 -1234.3 11.0982 1.53128e+06 26090.7 2.39099e+12 7.35162e+10 0.0862387 0.0562464 0.732031 0.00723059 0.572415 0.00538479 0.329343 0.00593208 0.756085 0.00363629 3.41432 0.0746865 4.6863 0.157778 3435.18 1654.5 3443.28 1654.72 3443.28 1654.72 0.517637 0.158922 
300 0.29 1497600000 44.6224 1.32731 -1234.3 11.0982 1.53128e+06 26090.7 2.39099e+12 7.35162e+10 0.0862387 0.0562464 0.732031 0.00723059 0.572415 0.00538479 0.329343 0.00593208 0.756085 0.00363629 3.41432 0.0746865 4.6863 0.157778 3435.18 1654.5 3443.28 1654.72 3443.28 1654.72 0.517637 0.158922 
300 0.29 1499400000 44.6224 1.32731 -1234.3 11.0982 1.53128e+06 26090.7 2.39099e+12 7.35162e+10 0.0862387 0.0562464 0.732031 0.00723059 0.572415 0.00538479 0.329343 0.00593208 0.756085 0.00363629 3.41432 0.0746865 4.6863 0.157778 3435.18 1654.5 3443.28 1654.72 3443.28 1654.72 0.517637 0.158922 
300 0.29 1501200000 44.6224 1.32731 -1234.3 11.0982 1.53128e+06 26090.7 2.39099e+12 7.35162e+10 0.0862387 0.0562464 0.732031 0.00723059 0.572415 0.00538479 0.329343 0.00593208 0.756085 0.00363629 3.41432 0.0746865 4.6863 0.157778 3435.18 1654.5 3443.28 1654.72 3443.28 1654.72 0.517637 0.158922 
300 0.29 1503000000 44.6224 1.32731 -1234.3 11.0982 1.53128e+06 26090.7 2.39099e+12 7.35162e+10 0.0862387 0.0562464 0.732031 0.00723059 0.572415 0.00538479 0.329343 0.00593208 0.756085 0.00363629 3.41432 0.0746865 4.6863 0.157778 3435.18 1654.5 3443.28 1654.72 3443.28 1654.72 0.517637 0.158922 
300 0.29 1504800000 44.6224 1.32731 -1234.3 11.0982 1.53128e+06 26090.7 2.39099e+12 7.35162e+10 0.0862387 0.0562464 0.732031 0.00723059 0.572415 0.00538479 0.329343 0.00593208 0.756085 0.00363629 3.41432 0.0746865 4.6863 0.157778 3435.18 1654.5 3443.28 1654.72 3443.28 1654.72 0.517637 0.158922 
300 0.29 1506600000 44.6224 1.32731 -1234.3 11.0982 1.53128e+06 26090.7 2.39099e+12 7.35162e+10 0.0862387 0.0562464 0.732031 0.00723059 0.572415 0.00538479 0.329343 0.00593208 0.756085 0.00363629 3.41432 0.0746865 4.6863 0.157778 3435.18 1654.5 3443.28 1654.72 3443.28 1654.72 0.517637 0.158922 
300 0.29 1508400000 44.6224 1.32731 -1234.3 11.0982 1.53128e+06 26090.7 2.39099e+12 7.35162e+10 0.0862387 0.0562464 0.732031 0.00723059 0.572415 0.00538479 0.329343 0.00593208 0.756085 0.00363629 3.41432 0.0746865 4.6863 0.157778 3435.18 1654.5 3443.28 1654.72 3443.28 1654.72 0.517637 0.158922 
300 0.29 1510200000 44.6224 1.32731 -1234.3 11.0982 1.53128e+06 26090.7 2.39099e+12 7.35162e+10 0.0862387 0.0562464 0.732031 0.00723059 0.572415 0.00538479 0.329343 0.00593208 0.756085 0.00363629 3.41432 0.0746865 4.6863 0.157778 3435.18 1654.5 3443.28 1654.72 3443.28 1654.72 0.517637 0.158922 
300 0.29 1512000000 44.6224 1.32731 -1234.3 11.0982 1.53128e+06 26090.7 2.39099e+12 7.35162e+10 0.0862387 0.0562464 0.732031 0.00723059 0.572415 0.00538479 0.329343 0.00593208 0.756085 0.00363629 3.41432 0.0746865 4.6863 0.157778 3435.18 1654.5 3443.28 1654.72 3443.28 1654.72 0.517637 0.158922 
300 0.29 1513800000 44.6224 1.32731 -1234.3 11.0982 1.53128e+06 26090.7 2.39099e+12 7.35162e+10 0.0862387 0.0562464 0.732031 0.00723059 0.572415 0.00538479 0.329343 0.00593208 0.756085 0.00363629 3.41432 0.0746865 4.6863 0.157778 3435.18 1654.5 3443.28 1654.72 3443.28 1654.72 0.517637 0.158922 
300 0.29 1515600000 44.6224 1.32731 -1234.3 11.0982 1.53128e+06 26090.7 2.39099e+12 7.35162e+10 0.0862387 0.0562464 0.732031 0.00723059 0.572415 0.00538479 0.329343 0.00593208 0.756085 0.00363629 3.41432 0.0746865 4.6863 0.157778 3435.18 1654.5 3443.28 1654.72 3443.28 1654.72 0.517637 0.158922 
300 0.29 1517400000 44.6224 1.32731 -1234.3 11.0982 1.53128e+06 26090.7 2.39099e+12 7.35162e+10 0.0862387 0.0562464 0.732031 0.00723059 0.572415 0.00538479 0.329343 0.00593208 0.756085 0.00363629 3.41432 0.0746865 4.6863 0.157778 3435.18 1654.5 3443.28 1654.72 3443.28 1654.72 0.517637 0.158922 
300 0.29 1519200000 44.6224 1.32731 -1234.3 11.0982 1.53128e+06 26090.7 2.39099e+12 7.35162e+10 0.0862387 0.0562464 0.732031 0.00723059 0.572415 0.00538479 0.329343 0.00593208 0.756085 0.00363629 3.41432 0.0746865 4.6863 0.157778 3435.18 1654.5 3443.28 1654.72 3443.28 1654.72 0.517637 0.158922 
300 0.29 1521000000 44.6224 1.32731 -1234.3 11.0982 1.53128e+06 26090.7 2.39099e+12 7.35162e+10 0.0862387 0.0562464 0.732031 0.00723059 0.572415 0.00538479 0.329343 0.00593208 0.756085 0.00363629 3.41432 0.0746865 4.6863 0.157778 3435.18 1654.5 3443.28 1654.72 3443.28 1654.72 0.517637 0.158922 
300 0.29 1522800000 44.6224 1.32731 -1234.3 11.0982 1.53128e+06 26090.7 2.39099e+12 7.35162e+10 0.0862387 0.0562464 0.732031 0.00723059 0.572415 0.00538479 0.329343 0.00593208 0.756085 0.00363629 3.41432 0.0746865 4.6863 0.157778 3435.18 1654.5 3443.28 1654.72 3443.28 1654.72 0.517637 0.158922 
300 0.29 1524600000 44.6224 1.32731 -1234.3 11.0982 1.53128e+06 26090.7 2.39099e+12 7.35162e+10 0.0862387 0.0562464 0.732031 0.00723059 0.572415 0.00538479 0.329343 0.00593208 0.756085 0.00363629 3.41432 0.0746865 4.6863 0.157778 3435.18 1654.5 3443.28 1654.72 3443.28 1654.72 0.517637 0.158922 
300 0.29 1526400000 44.6224 1.32731 -1234.3 11.0982 1.53128e+06 26090.7 2.39099e+12 7.35162e+10 0.0862387 0.0562464 0.732031 0.00723059 0.572415 0.00538479 0.329343 0.00593208 0.756085 0.00363629 3.41432 0.0746865 4.6863 0.157778 3435.18 1654.5 3443.28 1654.72 3443.28 1654.72 0.517637 0.158922 
300 0.29 1528200000 44.6224 1.32731 -1234.3 11.0982 1.53128e+06 26090.7 2.39099e+12 7.35162e+10 0.0862387 0.0562464 0.732031 0.00723059 0.572415 0.00538479 0.329343 0.00593208 0.756085 0.00363629 3.41432 0.0746865 4.6863 0.157778 3435.18 1654.5 3443.28 1654.72 3443.28 1654.72 0.517637 0.158922 
300 0.29 1530000000 44.6224 1.32731 -1234.3 11.0982 1.53128e+06 26090.7 2.39099e+12 7.35162e+10 0.0862387 0.0562464 0.732031 0.00723059 0.572415 0.00538479 0.329343 0.00593208 0.756085 0.00363629 3.41432 0.0746865 4.6863 0.157778 3435.18 1654.5 3443.28 1654.72 3443.28 1654.72 0.517637 0.158922 
300 0.29 1531800000 45.0168 1.30406 -1233.85 11.0982 1.53006e+06 26090.7 2.3866e+12 7.35162e+10 0.0792932 0.0562464 0.733769 0.00723059 0.572497 0.00538479 0.329407 0.00593208 0.756149 0.00363629 3.3982 0.0746865 4.66833 0.157778 3176.4 1654.5 3184.46 1654.72 3184.46 1654.72 0.485753 0.158922 
300 0.29 1533600000 45.0168 1.30406 -1233.85 11.0982 1.53006e+06 26090.7 2.3866e+12 7.35162e+10 0.0792932 0.0562464 0.733769 0.00723059 0.572497 0.00538479 0.329407 0.00593208 0.756149 0.00363629 3.3982 0.0746865 4.66833 0.157778 3176.4 1654.5 3184.46 1654.72 3184.46 1654.72 0.485753 0.158922 
300 0.29 1535400000 45.0168 1.30406 -1233.85 11.0982 1.53006e+06 26090.7 2.3866e+12 7.35162e+10 0.0792932 0.0562464 0.733769 0.00723059 0.572497 0.00538479 0.329407 0.00593208 0.756149 0.00363629 3.3982 0.0746865 4.66833 0.157778 3176.4 1654.5 3184.46 1654.72 3184.46 1654.72 0.485753 0.158922 
300 0.29 1537200000 45.0168 1.30406 -1233.85 11.0982 1.53006e+06 26090.7 2.3866e+12 7.35162e+10 0.0792932 0.0562464 0.733769 0.00723059 0.572497 0.00538479 0.329407 0.00593208 0.756149 0.00363629 3.3982 0.0746865 4.66833 0.157778 3176.4 1654.5 3184.46 1654.72 3184.46 1654.72 0.485753 0.158922 
300 0.29 1539000000 45.0168 1.30763 -1233.85 11.0982 1.53006e+06 26090.7 2.3866e+12 7.35162e+10 0.0792932 0.0562464 0.733769 0.00723059 0.572497 0.00538479 0.329407 0.00593208 0.756149 0.00363629 3.3982 0.0746865 4.66833 0.157778 3176.4 1654.5 3184.46 1654.72 3184.46 1654.72 0.485753 0.158922 
300 0.29 1540800000 45.0168 1.30763 -1233.85 11.0982 1.53006e+06 26090.7 2.3866e+12 7.35162e+10 0.0792932 0.0562464 0.733769 0.00723059 0.572497 0.00538479 0.329407 0.00593208 0.756149 0.00363629 3.3982 0.0746865 4.66833 0.157778 3176.4 1654.5 3184.46 1654.72 3184.46 1654.72 0.485753 0.158922 
300 0.29 1542600000 45.0168 1.30763 -1233.85 11.0982 1.53006e+06 26090.7 2.3866e+12 7.35162e+10 0.0792932 0.0562464 0.733769 0.00723059 0.572497 0.00538479 0.329407 0.00593208 0.756149 0.00363629 3.3982 0.0746865 4.66833 0.157778 3176.4 1654.5 3184.46 1654.72 3184.46 1654.72 0.485753 0.158922 
300 0.29 1544400000 45.0168 1.30763 -1233.85 11.0982 1.53006e+06 26090.7 2.3866e+12 7.35162e+10 0.0792932 0.0562464 0.733769 0.00723059 0.572497 0.00538479 0.329407 0.00593208 0.756149 0.00363629 3.3982 0.0746865 4.66833 0.157778 3176.4 1654.5 3184.46 1654.72 3184.46 1654.72 0.485753 0.158922 
300 0.29 1546200000 45.0168 1.30953 -1233.85 11.0982 1.53006e+06 26090.7 2.3866e+12 7.35162e+10 0.0792932 0.0562464 0.733769 0.00723059 0.572497 0.00538479 0.329407 0.00593208 0.756149 0.00363629 3.3982 0.0746865 4.66833 0.157778 3176.4 1654.5 3184.46 1654.72 3184.46 1654.72 0.485753 0.158922 
300 0.29 1548000000 45.0168 1.30953 -1233.85 11.0982 1.53006e+06 26090.7 2.3866e+12 7.35162e+10 0.0792932 0.0562464 0.733769 0.00723059 0.572497 0.00538479 0.329407 0.00593208 0.756149 0.00363629 3.3982 0.0746865 4.66833 0.157778 3176.4 1654.5 3184.46 1654.72 3184.46 1654.72 0.485753 0.158922 
300 0.29 1549800000 45.0168 1.30953 -1233.85 11.0982 1.53006e+06 26090.7 2.3866e+12 7.35162e+10 0.0792932 0.0562464 0.733769 0.00723059 0.572497 0.00538479 0.329407 0.00593208 0.756149 0.00363629 3.3982 0.0746865 4.66833 0.157778 3176.4 1654.5 3184.46 1654.72 3184.46 1654.72 0.485753 0.158922 
300 0.29 1551600000 45.0168 1.30953 -1233.85 11.0982 1.53006e+06 26090.7 2.3866e+12 7.35162e+10 0.0792932 0.0562464 0.733769 0.00723059 0.572497 0.00538479 0.329407 0.00593208 0.756149 0.00363629 3.3982 0.0746865 4.66833 0.157778 3176.4 1654.5 3184.46 1654.72 3184.46 1654.72 0.485753 0.158922 
300 0.29 1553400000 45.0168 1.3038 -1233.85 11.0982 1.53006e+06 26090.7 2.3866e+12 7.35162e+10 0.0792932 0.0562464 0.733769 0.00723059 0.572497 0.00538479 0.329407 0.00593208 0.756149 0.00363629 3.3982 0.0746865 4.66833 0.157778 3176.4 1654.5 3184.46 1654.72 3184.46 1654.72 0.485753 0.158922 
300 0.29 1555200000 45.0168 1.3038 -1233.85 11.0982 1.53006e+06 26090.7 2.3866e+12 7.35162e+10 0.0792932 0.0562464 0.733769 0.00723059 0.572497 0.00538479 0.329407 0.00593208 0.756149 0.00363629 3.3982 0.0746865 4.66833 0.157778 3176.4 1654.5 3184.46 1654.72 3184.46 1654.72 0.485753 0.158922 
300 0.29 1557000000 45.0168 1.3038 -1233.85 11.0982 1.53006e+06 26090.7 2.3866e+12 7.35162e+10 0.0792932 0.0562464 0.733769 0.00723059 0.572497 0.00538479 0.329407 0.00593208 0.756149 0.00363629 3.3982 0.0746865 4.66833 0.157778 3176.4 1654.5 3184.46 1654.72 3184.46 1654.72 0.485753 0.158922 
300 0.29 1558800000 45.0168 1.3038 -1233.85 11.0982 1.53006e+06 26090.7 2.3866e+12 7.35162e+10 0.0792932 0.0562464 0.733769 0.00723059 0.572497 0.00538479 0.329407 0.00593208 0.756149 0.00363629 3.3982 0.0746865 4.66833 0.157778 3176.4 1654.5 3184.46 1654.72 3184.46 1654.72 0.485753 0.158922 
300 0.29 1560600000 45.0168 1.29768 -1233.85 11.0982 1.53006e+06 26090.7 2.3866e+12 7.35162e+10 0.0792932 0.0562464 0.733769 0.00723059 0.572497 0.00538479 0.329407 0.00593208 0.756149 0.00363629 3.3982 0.0746865 4.66833 0.157778 3176.4 1654.5 3184.46 1654.72 3184.46 1654.72 0.485753 0.158922 
300 0.29 1562400000 45.0168 1.29768 -1233.85 11.0982 1.53006e+06 26090.7 2.3866e+12 7.35162e+10 0.0792932 0.0562464 0.733769 0.00723059 0.572497 0.00538479 0.329407 0.00593208 0.756149 0.00363629 3.3982 0.0746865 4.66833 0.157778 3176.4 1654.5 3184.46 1654.72 3184.46 1654.72 0.485753 0.158922 
300 0.29 1564200000 45.0168 1.29768 -1233.85 11.0982 1.53006e+06 26090.7 2.3866e+12 7.35162e+10 0.0792932 0.0562464 0.733769 0.00723059 0.572497 0.00538479 0.329407 0.00593208 0.756149 0.00363629 3.3982 0.0746865 4.66833 0.157778 3176.4 1654.5 3184.46 1654.72 3184.46 1654.72 0.485753 0.158922 
300 0.29 1566000000 45.0168 1.29768 -1233.85 11.0982 1.53006e+06 26090.7 2.3866e+12 7.35162e+10 0.0792932 0.0562464 0.733769 0.00723059 0.572497 0.00538479 0.329407 0.00593208 0.756149 0.00363629 3.3982 0.0746865 4.66833 0.157778 3176.4 1654.5 3184.46 1654.72 3184.46 1654.72 0.485753 0.158922 
300 0.29 1567800000 45.0168 1.2916 -1233.85 11.0982 1.53006e+06 26090.7 2.3866e+12 7.35162e+10 0.0792932 0.0562464 0.733769 0.00723059 0.572497 0.00538479 0.329407 0.00593208 0.756149 0.00363629 3.3982 0.0746865 4.66833 0.157778 3176.4 1654.5 3184.46 1654.72 3184.46 1654.72 0.485753 0.158922 
300 0.29 1569600000 45.0168 1.2916 -1233.85 11.0982 1.53006e+06 26090.7 2.3866e+12 7.35162e+10 0.0792932 0.0562464 0.733769 0.00723059 0.572497 0.00538479 0.329407 0.00593208 0.756149 0.00363629 3.3982 0.0746865 4.66833 0.157778 3176.4 1654.5 3184.46 1654.72 3184.46 1654.72 0.485753 0.158922 
300 0.29 1571400000 45.0168 1.2916 -1233.85 11.0982 1.53006e+06 26090.7 2.3866e+12 7.35162e+10 0.0792932 0.0562464 0.733769 0.00723059 0.572497 0.00538479 0.329407 0.00593208 0.756149 0.00363629 3.3982 0.0746865 4.66833 0.157778 3176.4 1654.5 3184.46 1654.72 3184.46 1654.72 0.485753 0.158922 
300 0.29 1573200000 45.0168 1.2916 -1233.85 11.0982 1.53006e+06 26090.7 2.3866e+12 7.35162e+10 0.0792932 0.0562464 0.733769 0.00723059 0.572497 0.00538479 0.329407 0.00593208 0.756149 0.00363629 3.3982 0.0746865 4.66833 0.157778 3176.4 1654.5 3184.46 1654.72 3184.46 1654.72 0.485753 0.158922 
300 0.29 1575000000 45.0168 1.2866 -1233.85 11.0982 1.53006e+06 26090.7 2.3866e+12 7.35162e+10 0.0792932 0.0562464 0.733769 0.00723059 0.572497 0.00538479 0.329407 0.00593208 0.756149 0.00363629 3.3982 0.0746865 4.66833 0.157778 3176.4 1654.5 3184.46 1654.72 3184.46 1654.72 0.485753 0.158922 
300 0.29 1576800000 45.0168 1.2866 -1233.85 11.0982 1.53006e+06 26090.7 2.3866e+12 7.35162e+10 0.0792932 0.0562464 0.733769 0.00723059 0.572497 0.00538479 0.329407 0.00593208 0.756149 0.00363629 3.3982 0.0746865 4.66833 0.157778 3176.4 1654.5 3184.46 1654.72 3184.46 1654.72 0.485753 0.158922 
300 0.29 1578600000 45.0168 1.2866 -1233.85 11.0982 1.53006e+06 26090.7 2.3866e+12 7.35162e+10 0.0792932 0.0562464 0.733769 0.00723059 0.572497 0.00538479 0.329407 0.00593208 0.756149 0.00363629 3.3982 0.0746865 4.66833 0.157778 3176.4 1654.5 3184.46 1654.72 3184.46 1654.72 0.485753 0.158922 
300 0.29 1580400000 45.0168 1.2866 -1233.85 11.0982 1.53006e+06 26090.7 2.3866e+12 7.35162e+10 0.0792932 0.0562464 0.733769 0.00723059 0.572497 0.00538479 0.329407 0.00593208 0.756149 0.00363629 3.3982 0.0746865 4.66833 0.157778 3176.4 1654.5 3184.46 1654.72 3184.46 1654.72 0.485753 0.158922 
300 0.29 1582200000 45.0168 1.28343 -1233.85 11.0982 1.53006e+06 26090.7 2.3866e+12 7.35162e+10 0.0792932 0.0562464 0.733769 0.00723059 0.572497 0.00538479 0.329407 0.00593208 0.756149 0.00363629 3.3982 0.0746865 4.66833 0.157778 3176.4 1654.5 3184.46 1654.72 3184.46 1654.72 0.485753 0.158922 
300 0.29 1584000000 45.0168 1.28343 -1233.85 11.0982 1.53006e+06 26090.7 2.3866e+12 7.35162e+10 0.0792932 0.0562464 0.733769 0.00723059 0.572497 0.00538479 0.329407 0.00593208 0.756149 0.00363629 3.3982 0.0746865 4.66833 0.157778 3176.4 1654.5 3184.46 1654.72 3184.46 1654.72 0.485753 0.158922 
300 0.29 1585800000 45.0168 1.28343 -1233.85 11.0982 1.53006e+06 26090.7 2.3866e+12 7.35162e+10 0.0792932 0.0562464 0.733769 0.00723059 0.572497 0.00538479 0.329407 0.00593208 0.756149 0.00363629 3.3982 0.0746865 4.66833 0.157778 3176.4 1654.5 3184.46 1654.72 3184.46 1654.72 0.485753 0.158922 
300 0.29 1587600000 45.0168 1.28343 -1233.85 11.0982 1.53006e+06 26090.7 2.3866e+12 7.35162e+10 0.0792932 0.0562464 0.733769 0.00723059 0.572497 0.00538479 0.329407 0.00593208 0.756149 0.00363629 3.3982 0.0746865 4.66833 0.157778 3176.4 1654.5 3184.46 1654.72 3184.46 1654.72 0.485753 0.158922 
300 0.29 1589400000 45.0168 1.2752 -1233.85 11.0982 1.53006e+06 26090.7 2.3866e+12 7.35162e+10 0.0792932 0.0562464 0.733769 0.00723059 0.572497 0.00538479 0.329407 0.00593208 0.756149 0.00363629 3.3982 0.0746865 4.66833 0.157778 3176.4 1654.5 3184.46 1654.72 3184.46 1654.72 0.485753 0.158922 
300 0.29 1591200000 45.0168 1.2752 -1233.85 11.0982 1.53006e+06 26090.7 2.3866e+12 7.35162e+10 0.0792932 0.0562464 0.733769 0.00723059 0.572497 0.00538479 0.329407 0.00593208 0.756149 0.00363629 3.3982 0.0746865 4.66833 0.157778 3176.4 1654.5 3184.46 1654.72 3184.46 1654.72 0.485753 0.158922 
300 0.29 1593000000 45.0168 1.2752 -1233.85 11.0982 1.53006e+06 26090.7 2.3866e+12 7.35162e+10 0.0792932 0.0562464 0.733769 0.00723059 0.572497 0.00538479 0.329407 0.00593208 0.756149 0.00363629 3.3982 0.0746865 4.66833 0.157778 3176.4 1654.5 3184.46 1654.72 3184.46 1654.72 0.485753 0.158922 
300 0.29 1594800000 45.0168 1.2752 -1233.85 11.0982 1.53006e+06 26090.7 2.3866e+12 7.35162e+10 0.0792932 0.0562464 0.733769 0.00723059 0.572497 0.00538479 0.329407 0.00593208 0.756149 0.00363629 3.3982 0.0746865 4.66833 0.157778 3176.4 1654.5 3184.46 1654.72 3184.46 1654.72 0.485753 0.158922 
300 0.29 1596600000 45.0168 1.26949 -1233.85 11.0982 1.53006e+06 26090.7 2.3866e+12 7.35162e+10 0.0792932 0.0562464 0.733769 0.00723059 0.572497 0.00538479 0.329407 0.00593208 0.756149 0.00363629 3.3982 0.0746865 4.66833 0.157778 3176.4 1654.5 3184.46 1654.72 3184.46 1654.72 0.485753 0.158922 
300 0.29 1598400000 45.0168 1.26949 -1233.85 11.0982 1.53006e+06 26090.7 2.3866e+12 7.35162e+10 0.0792932 0.0562464 0.733769 0.00723059 0.572497 0.00538479 0.329407 0.00593208 0.756149 0.00363629 3.3982 0.0746865 4.66833 0.157778 3176.4 1654.5 3184.46 1654.72 3184.46 1654.72 0.485753 0.158922 
300 0.29 1600200000 45.0168 1.26949 -1233.85 11.0982 1.53006e+06 26090.7 2.3866e+12 7.35162e+10 0.0792932 0.0562464 0.733769 0.00723059 0.572497 0.00538479 0.329407 0.00593208 0.756149 0.00363629 3.3982 0.0746865 4.66833 0.157778 3176.4 1654.5 3184.46 1654.72 3184.46 1654.72 0.485753 0.158922 
300 0.29 1602000000 45.0168 1.26949 -1233.85 11.0982 1.53006e+06 26090.7 2.3866e+12 7.35162e+10 0.0792932 0.0562464 0.733769 0.00723059 0.572497 0.00538479 0.329407 0.00593208 0.756149 0.00363629 3.3982 0.0746865 4.66833 0.157778 3176.4 1654.5 3184.46 1654.72 3184.46 1654.72 0.485753 0.158922 
300 0.29 1603800000 45.0168 1.2637 -1233.85 11.0982 1.53006e+06 26090.7 2.3866e+12 7.35162e+10 0.0792932 0.0562464 0.733769 0.00723059 0.572497 0.00538479 0.329407 0.00593208 0.756149 0.00363629 3.3982 0.0746865 4.66833 0.157778 3176.4 1654.5 3184.46 1654.72 3184.46 1654.72 0.485753 0.158922 
300 0.29 1605600000 45.0168 1.2637 -1233.85 11.0982 1.53006e+06 26090.7 2.3866e+12 7.35162e+10 0.0792932 0.0562464 0.733769 0.00723059 0.572497 0.00538479 0.329407 0.00593208 0.756149 0.00363629 3.3982 0.0746865 4.66833 0.157778 3176.4 1654.5 3184.46 1654.72 3184.46 1654.72 0.485753 0.158922 
300 0.29 1607400000 45.0168 1.2637 -1233.85 11.0982 1.53006e+06 26090.7 2.3866e+12 7.35162e+10 0.0792932 0.0562464 0.733769 0.00723059 0.572497 0.00538479 0.329407 0.00593208 0.756149 0.00363629 3.3982 0.0746865 4.66833 0.157778 3176.4 1654.5 3184.46 1654.72 3184.46 1654.72 0.485753 0.158922 
300 0.29 1609200000 45.0168 1.2637 -1233.85 11.0982 1.53006e+06 26090.7 2.3866e+12 7.35162e+10 0.0792932 0.0562464 0.733769 0.00723059 0.572497 0.00538479 0.329407 0.00593208 0.756149 0.00363629 3.3982 0.0746865 4.66833 0.157778 3176.4 1654.5 3184.46 1654.72 3184.46 1654.72 0.485753 0.158922 
300 0.29 1611000000 45.0168 1.25823 -1233.85 11.0982 1.53006e+06 26090.7 2.3866e+12 7.35162e+10 0.0792932 0.0562464 0.733769 0.00723059 0.572497 0.00538479 0.329407 0.00593208 0.756149 0.00363629 3.3982 0.0746865 4.66833 0.157778 3176.4 1654.5 3184.46 1654.72 3184.46 1654.72 0.485753 0.158922 
300 0.29 1612800000 45.0168 1.25823 -1233.85 11.0982 1.53006e+06 26090.7 2.3866e+12 7.35162e+10 0.0792932 0.0562464 0.733769 0.00723059 0.572497 0.00538479 0.329407 0.00593208 0.756149 0.00363629 3.3982 0.0746865 4.66833 0.157778 3176.4 1654.5 3184.46 1654.72 3184.46 1654.72 0.485753 0.158922 
300 0.29 1614600000 45.0168 1.25823 -1233.85 11.0982 1.53006e+06 26090.7 2.3866e+12 7.35162e+10 0.0792932 0.0562464 0.733769 0.00723059 0.572497 0.00538479 0.329407 0.00593208 0.756149 0.00363629 3.3982 0.0746865 4.66833 0.157778 3176.4 1654.5 3184.46 1654.72 3184.46 1654.72 0.485753 0.158922 
300 0.29 1616400000 45.0168 1.25823 -1233.85 11.0982 1.53006e+06 26090.7 2.3866e+12 7.35162e+10 0.0792932 0.0562464 0.733769 0.00723059 0.572497 0.00538479 0.329407 0.00593208 0.756149 0.00363629 3.3982 0.0746865 4.66833 0.157778 3176.4 1654.5 3184.46 1654.72 3184.46 1654.72 0.485753 0.158922 
300 0.29 1618200000 45.0168 1.25317 -1233.85 11.0982 1.53006e+06 26090.7 2.3866e+12 7.35162e+10 0.0792932 0.0562464 0.733769 0.00723059 0.572497 0.00538479 0.329407 0.00593208 0.756149 0.00363629 3.3982 0.0746865 4.66833 0.157778 3176.4 1654.5 3184.46 1654.72 3184.46 1654.72 0.485753 0.158922 
300 0.29 1620000000 45.0168 1.25317 -1233.85 11.0982 1.53006e+06 26090.7 2.3866e+12 7.35162e+10 0.0792932 0.0562464 0.733769 0.00723059 0.572497 0.00538479 0.329407 0.00593208 0.756149 0.00363629 3.3982 0.0746865 4.66833 0.157778 3176.4 1654.5 3184.46 1654.72 3184.46 1654.72 0.485753 0.158922 
300 0.29 1621800000 45.0168 1.25317 -1233.85 11.0982 1.53006e+06 26090.7 2.3866e+12 7.35162e+10 0.0792932 0.0562464 0.733769 0.00723059 0.572497 0.00538479 0.329407 0.00593208 0.756149 0.00363629 3.3982 0.0746865 4.66833 0.157778 3176.4 1654.5 3184.46 1654.72 3184.46 1654.72 0.485753 0.158922 
300 0.29 1623600000 45.0168 1.25317 -1233.85 11.0982 1.53006e+06 26090.7 2.3866e+12 7.35162e+10 0.0792932 0.0562464 0.733769 0.00723059 0.572497 0.00538479 0.329407 0.00593208 0.756149 0.00363629 3.3982 0.0746865 4.66833 0.157778 3176.4 1654.5 3184.46 1654.72 3184.46 1654.72 0.485753 0.158922 
300 0.29 1625400000 45.0168 1.25002 -1233.85 11.0982 1.53006e+06 26090.7 2.3866e+12 7.35162e+10 0.0792932 0.0562464 0.733769 0.00723059 0.572497 0.00538479 0.329407 0.00593208 0.756149 0.00363629 3.3982 0.0746865 4.66833 0.157778 3176.4 1654.5 3184.46 1654.72 3184.46 1654.72 0.485753 0.158922 
300 0.29 1627200000 45.0168 1.25002 -1233.85 11.0982 1.53006e+06 26090.7 2.3866e+12 7.35162e+10 0.0792932 0.0562464 0.733769 0.00723059 0.572497 0.00538479 0.329407 0.00593208 0.756149 0.00363629 3.3982 0.0746865 4.66833 0.157778 3176.4 1654.5 3184.46 1654.72 3184.46 1654.72 0.485753 0.158922 
300 0.29 1629000000 45.0168 1.25002 -1233.85 11.0982 1.53006e+06 26090.7 2.3866e+12 7.35162e+10 0.0792932 0.0562464 0.733769 0.00723059 0.572497 0.00538479 0.329407 0.00593208 0.756149 0.00363629 3.3982 0.0746865 4.66833 0.157778 3176.4 1654.5 3184.46 1654.72 3184.46 1654.72 0.485753 0.158922 
300 0.29 1630800000 45.0168 1.25002 -1233.85 11.0982 1.53006e+06 26090.7 2.3866e+12 7.35162e+10 0.0792932 0.0562464 0.733769 0.00723059 0.572497 0.00538479 0.329407 0.00593208 0.756149 0.00363629 3.3982 0.0746865 4.66833 0.157778 3176.4 1654.5 3184.46 1654.72 3184.46 1654.72 0.485753 0.158922 
300 0.29 1632600000 45.0168 1.24468 -1233.85 11.0982 1.53006e+06 26090.7 2.3866e+12 7.35162e+10 0.0792932 0.0562464 0.733769 0.00723059 0.572497 0.00538479 0.329407 0.00593208 0.756149 0.00363629 3.3982 0.0746865 4.66833 0.157778 3176.4 1654.5 3184.46 1654.72 3184.46 1654.72 0.485753 0.158922 
300 0.29 1634400000 45.0168 1.24468 -1233.85 11.0982 1.53006e+06 26090.7 2.3866e+12 7.35162e+10 0.0792932 0.0562464 0.733769 0.00723059 0.572497 0.00538479 0.329407 0.00593208 0.756149 0.00363629 3.3982 0.0746865 4.66833 0.157778 3176.4 1654.5 3184.46 1654.72 3184.46 1654.72 0.485753 0.158922 
300 0.29 1636200000 45.0168 1.24468 -1233.85 11.0982 1.53006e+06 26090.7 2.3866e+12 7.35162e+10 0.0792932 0.0562464 0.733769 0.00723059 0.572497 0.00538479 0.329407 0.00593208 0.756149 0.00363629 3.3982 0.0746865 4.66833 0.157778 3176.4 1654.5 3184.46 1654.72 3184.46 1654.72 0.485753 0.158922 
300 0.29 1638000000 45.0168 1.24468 -1233.85 11.0982 1.53006e+06 26090.7 2.3866e+12 7.35162e+10 0.0792932 0.0562464 0.733769 0.00723059 0.572497 0.00538479 0.329407 0.00593208 0.756149 0.00363629 3.3982 0.0746865 4.66833 0.157778 3176.4 1654.5 3184.46 1654.72 3184.46 1654.72 0.485753 0.158922 
300 0.29 1639800000 45.0168 1.24046 -1233.85 11.0982 1.53006e+06 26090.7 2.3866e+12 7.35162e+10 0.0792932 0.0562464 0.733769 0.00723059 0.572497 0.00538479 0.329407 0.00593208 0.756149 0.00363629 3.3982 0.0746865 4.66833 0.157778 3176.4 1654.5 3184.46 1654.72 3184.46 1654.72 0.485753 0.158922 
300 0.29 1641600000 45.0168 1.24046 -1233.85 11.0982 1.53006e+06 26090.7 2.3866e+12 7.35162e+10 0.0792932 0.0562464 0.733769 0.00723059 0.572497 0.00538479 0.329407 0.00593208 0.756149 0.00363629 3.3982 0.0746865 4.66833 0.157778 3176.4 1654.5 3184.46 1654.72 3184.46 1654.72 0.485753 0.158922 
300 0.29 1643400000 45.0168 1.24046 -1233.85 11.0982 1.53006e+06 26090.7 2.3866e+12 7.35162e+10 0.0792932 0.0562464 0.733769 0.00723059 0.572497 0.00538479 0.329407 0.00593208 0.756149 0.00363629 3.3982 0.0746865 4.66833 0.157778 3176.4 1654.5 3184.46 1654.72 3184.46 1654.72 0.485753 0.158922 
300 0.29 1645200000 45.0168 1.24046 -1233.85 11.0982 1.53006e+06 26090.7 2.3866e+12 7.35162e+10 0.0792932 0.0562464 0.733769 0.00723059 0.572497 0.00538479 0.329407 0.00593208 0.756149 0.00363629 3.3982 0.0746865 4.66833 0.157778 3176.4 1654.5 3184.46 1654.72 3184.46 1654.72 0.485753 0.158922 
300 0.29 1647000000 44.8817 1.23549 -1235.9 9.62773 1.53498e+06 22624.2 2.40097e+12 6.37198e+10 0.0803519 0.0485183 0.734522 0.00661301 0.572478 0.00461591 0.329346 0.00508464 0.756148 0.00311735 3.38549 0.0693588 4.64071 0.141673 2949.93 1487.6 2957.96 1487.8 2957.96 1487.8 0.453474 0.148608 
300 0.29 1648800000 44.8817 1.23549 -1235.9 9.62773 1.53498e+06 22624.2 2.40097e+12 6.37198e+10 0.0803519 0.0485183 0.734522 0.00661301 0.572478 0.00461591 0.329346 0.00508464 0.756148 0.00311735 3.38549 0.0693588 4.64071 0.141673 2949.93 1487.6 2957.96 1487.8 2957.96 1487.8 0.453474 0.148608 
300 0.29 1650600000 44.8817 1.23549 -1235.9 9.62773 1.53498e+06 22624.2 2.40097e+12 6.37198e+10 0.0803519 0.0485183 0.734522 0.00661301 0.572478 0.00461591 0.329346 0.00508464 0.756148 0.00311735 3.38549 0.0693588 4.64071 0.141673 2949.93 1487.6 2957.96 1487.8 2957.96 1487.8 0.453474 0.148608 
300 0.29 1652400000 44.8817 1.23549 -1235.9 9.62773 1.53498e+06 22624.2 2.40097e+12 6.37198e+10 0.0803519 0.0485183 0.734522 0.00661301 0.572478 0.00461591 0.329346 0.00508464 0.756148 0.00311735 3.38549 0.0693588 4.64071 0.141673 2949.93 1487.6 2957.96 1487.8 2957.96 1487.8 0.453474 0.148608 
300 0.29 1654200000 44.8817 1.23014 -1235.9 9.62773 1.53498e+06 22624.2 2.40097e+12 6.37198e+10 0.0803519 0.0485183 0.734522 0.00661301 0.572478 0.00461591 0.329346 0.00508464 0.756148 0.00311735 3.38549 0.0693588 4.64071 0.141673 2949.93 1487.6 2957.96 1487.8 2957.96 1487.8 0.453474 0.148608 
300 0.29 1656000000 44.8817 1.23014 -1235.9 9.62773 1.53498e+06 22624.2 2.40097e+12 6.37198e+10 0.0803519 0.0485183 0.734522 0.00661301 0.572478 0.00461591 0.329346 0.00508464 0.756148 0.00311735 3.38549 0.0693588 4.64071 0.141673 2949.93 1487.6 2957.96 1487.8 2957.96 1487.8 0.453474 0.148608 
300 0.29 1657800000 44.8817 1.23014 -1235.9 9.62773 1.53498e+06 22624.2 2.40097e+12 6.37198e+10 0.0803519 0.0485183 0.734522 0.00661301 0.572478 0.00461591 0.329346 0.00508464 0.756148 0.00311735 3.38549 0.0693588 4.64071 0.141673 2949.93 1487.6 2957.96 1487.8 2957.96 1487.8 0.453474 0.148608 
300 0.29 1659600000 44.8817 1.23014 -1235.9 9.62773 1.53498e+06 22624.2 2.40097e+12 6.37198e+10 0.0803519 0.0485183 0.734522 0.00661301 0.572478 0.00461591 0.329346 0.00508464 0.756148 0.00311735 3.38549 0.0693588 4.64071 0.141673 2949.93 1487.6 2957.96 1487.8 2957.96 1487.8 0.453474 0.148608 
300 0.29 1661400000 44.8817 1.23577 -1235.9 9.62773 1.53498e+06 22624.2 2.40097e+12 6.37198e+10 0.0803519 0.0485183 0.734522 0.00661301 0.572478 0.00461591 0.329346 0.00508464 0.756148 0.00311735 3.38549 0.0693588 4.64071 0.141673 2949.93 1487.6 2957.96 1487.8 2957.96 1487.8 0.453474 0.148608 
300 0.29 1663200000 44.8817 1.23577 -1235.9 9.62773 1.53498e+06 22624.2 2.40097e+12 6.37198e+10 0.0803519 0.0485183 0.734522 0.00661301 0.572478 0.00461591 0.329346 0.00508464 0.756148 0.00311735 3.38549 0.0693588 4.64071 0.141673 2949.93 1487.6 2957.96 1487.8 2957.96 1487.8 0.453474 0.148608 
300 0.29 1665000000 44.8817 1.23577 -1235.9 9.62773 1.53498e+06 22624.2 2.40097e+12 6.37198e+10 0.0803519 0.0485183 0.734522 0.00661301 0.572478 0.00461591 0.329346 0.00508464 0.756148 0.00311735 3.38549 0.0693588 4.64071 0.141673 2949.93 1487.6 2957.96 1487.8 2957.96 1487.8 0.453474 0.148608 
300 0.29 1666800000 44.8817 1.23577 -1235.9 9.62773 1.53498e+06 22624.2 2.40097e+12 6.37198e+10 0.0803519 0.0485183 0.734522 0.00661301 0.572478 0.00461591 0.329346 0.00508464 0.756148 0.00311735 3.38549 0.0693588 4.64071 0.141673 2949.93 1487.6 2957.96 1487.8 2957.96 1487.8 0.453474 0.148608 
300 0.29 1668600000 44.8817 1.23797 -1235.9 9.62773 1.53498e+06 22624.2 2.40097e+12 6.37198e+10 0.0803519 0.0485183 0.734522 0.00661301 0.572478 0.00461591 0.329346 0.00508464 0.756148 0.00311735 3.38549 0.0693588 4.64071 0.141673 2949.93 1487.6 2957.96 1487.8 2957.96 1487.8 0.453474 0.148608 
300 0.29 1670400000 44.8817 1.23797 -1235.9 9.62773 1.53498e+06 22624.2 2.40097e+12 6.37198e+10 0.0803519 0.0485183 0.734522 0.00661301 0.572478 0.00461591 0.329346 0.00508464 0.756148 0.00311735 3.38549 0.0693588 4.64071 0.141673 2949.93 1487.6 2957.96 1487.8 2957.96 1487.8 0.453474 0.148608 
300 0.29 1672200000 44.8817 1.23797 -1235.9 9.62773 1.53498e+06 22624.2 2.40097e+12 6.37198e+10 0.0803519 0.0485183 0.734522 0.00661301 0.572478 0.00461591 0.329346 0.00508464 0.756148 0.00311735 3.38549 0.0693588 4.64071 0.141673 2949.93 1487.6 2957.96 1487.8 2957.96 1487.8 0.453474 0.148608 
300 0.29 1674000000 44.8817 1.23797 -1235.9 9.62773 1.53498e+06 22624.2 2.40097e+12 6.37198e+10 0.0803519 0.0485183 0.734522 0.00661301 0.572478 0.00461591 0.329346 0.00508464 0.756148 0.00311735 3.38549 0.0693588 4.64071 0.141673 2949.93 1487.6 2957.96 1487.8 2957.96 1487.8 0.453474 0.148608 
300 0.29 1675800000 44.8817 1.23288 -1235.9 9.62773 1.53498e+06 22624.2 2.40097e+12 6.37198e+10 0.0803519 0.0485183 0.734522 0.00661301 0.572478 0.00461591 0.329346 0.00508464 0.756148 0.00311735 3.38549 0.0693588 4.64071 0.141673 2949.93 1487.6 2957.96 1487.8 2957.96 1487.8 0.453474 0.148608 
300 0.29 1677600000 44.8817 1.23288 -1235.9 9.62773 1.53498e+06 22624.2 2.40097e+12 6.37198e+10 0.0803519 0.0485183 0.734522 0.00661301 0.572478 0.00461591 0.329346 0.00508464 0.756148 0.00311735 3.38549 0.0693588 4.64071 0.141673 2949.93 1487.6 2957.96 1487.8 2957.96 1487.8 0.453474 0.148608 
300 0.29 1679400000 44.8817 1.23288 -1235.9 9.62773 1.53498e+06 22624.2 2.40097e+12 6.37198e+10 0.0803519 0.0485183 0.734522 0.00661301 0.572478 0.00461591 0.329346 0.00508464 0.756148 0.00311735 3.38549 0.0693588 4.64071 0.141673 2949.93 1487.6 2957.96 1487.8 2957.96 1487.8 0.453474 0.148608 
300 0.29 1681200000 44.8817 1.23288 -1235.9 9.62773 1.53498e+06 22624.2 2.40097e+12 6.37198e+10 0.0803519 0.0485183 0.734522 0.00661301 0.572478 0.00461591 0.329346 0.00508464 0.756148 0.00311735 3.38549 0.0693588 4.64071 0.141673 2949.93 1487.6 2957.96 1487.8 2957.96 1487.8 0.453474 0.148608 
300 0.29 1683000000 44.8817 1.2328 -1235.9 9.62773 1.53498e+06 22624.2 2.40097e+12 6.37198e+10 0.0803519 0.0485183 0.734522 0.00661301 0.572478 0.00461591 0.329346 0.00508464 0.756148 0.00311735 3.38549 0.0693588 4.64071 0.141673 2949.93 1487.6 2957.96 1487.8 2957.96 1487.8 0.453474 0.148608 
300 0.29 1684800000 44.8817 1.2328 -1235.9 9.62773 1.53498e+06 22624.2 2.40097e+12 6.37198e+10 0.0803519 0.0485183 0.734522 0.00661301 0.572478 0.00461591 0.329346 0.00508464 0.756148 0.00311735 3.38549 0.0693588 4.64071 0.141673 2949.93 1487.6 2957.96 1487.8 2957.96 1487.8 0.453474 0.148608 
300 0.29 1686600000 44.8817 1.2328 -1235.9 9.62773 1.53498e+06 22624.2 2.40097e+12 6.37198e+10 0.0803519 0.0485183 0.734522 0.00661301 0.572478 0.00461591 0.329346 0.00508464 0.756148 0.00311735 3.38549 0.0693588 4.64071 0.141673 2949.93 1487.6 2957.96 1487.8 2957.96 1487.8 0.453474 0.148608 
300 0.29 1688400000 44.8817 1.2328 -1235.9 9.62773 1.53498e+06 22624.2 2.40097e+12 6.37198e+10 0.0803519 0.0485183 0.734522 0.00661301 0.572478 0.00461591 0.329346 0.00508464 0.756148 0.00311735 3.38549 0.0693588 4.64071 0.141673 2949.93 1487.6 2957.96 1487.8 2957.96 1487.8 0.453474 0.148608 
300 0.29 1690200000 44.8817 1.2328 -1235.9 9.62773 1.53498e+06 22624.2 2.40097e+12 6.37198e+10 0.0803519 0.0485183 0.734522 0.00661301 0.572478 0.00461591 0.329346 0.00508464 0.756148 0.00311735 3.38549 0.0693588 4.64071 0.141673 2949.93 1487.6 2957.96 1487.8 2957.96 1487.8 0.453474 0.148608 
300 0.29 1692000000 44.8817 1.2328 -1235.9 9.62773 1.53498e+06 22624.2 2.40097e+12 6.37198e+10 0.0803519 0.0485183 0.734522 0.00661301 0.572478 0.00461591 0.329346 0.00508464 0.756148 0.00311735 3.38549 0.0693588 4.64071 0.141673 2949.93 1487.6 2957.96 1487.8 2957.96 1487.8 0.453474 0.148608 
300 0.29 1693800000 44.8817 1.2328 -1235.9 9.62773 1.53498e+06 22624.2 2.40097e+12 6.37198e+10 0.0803519 0.0485183 0.734522 0.00661301 0.572478 0.00461591 0.329346 0.00508464 0.756148 0.00311735 3.38549 0.0693588 4.64071 0.141673 2949.93 1487.6 2957.96 1487.8 2957.96 1487.8 0.453474 0.148608 
300 0.29 1695600000 44.8817 1.2328 -1235.9 9.62773 1.53498e+06 22624.2 2.40097e+12 6.37198e+10 0.0803519 0.0485183 0.734522 0.00661301 0.572478 0.00461591 0.329346 0.00508464 0.756148 0.00311735 3.38549 0.0693588 4.64071 0.141673 2949.93 1487.6 2957.96 1487.8 2957.96 1487.8 0.453474 0.148608 
300 0.29 1697400000 44.8817 1.2328 -1235.9 9.62773 1.53498e+06 22624.2 2.40097e+12 6.37198e+10 0.0803519 0.0485183 0.734522 0.00661301 0.572478 0.00461591 0.329346 0.00508464 0.756148 0.00311735 3.38549 0.0693588 4.64071 0.141673 2949.93 1487.6 2957.96 1487.8 2957.96 1487.8 0.453474 0.148608 
300 0.29 1699200000 44.8817 1.2328 -1235.9 9.62773 1.53498e+06 22624.2 2.40097e+12 6.37198e+10 0.0803519 0.0485183 0.734522 0.00661301 0.572478 0.00461591 0.329346 0.00508464 0.756148 0.00311735 3.38549 0.0693588 4.64071 0.141673 2949.93 1487.6 2957.96 1487.8 2957.96 1487.8 0.453474 0.148608 
300 0.29 1701000000 44.8817 1.2328 -1235.9 9.62773 1.53498e+06 22624.2 2.40097e+12 6.37198e+10 0.0803519 0.0485183 0.734522 0.00661301 0.572478 0.00461591 0.329346 0.00508464 0.756148 0.00311735 3.38549 0.0693588 4.64071 0.141673 2949.93 1487.6 2957.96 1487.8 2957.96 1487.8 0.453474 0.148608 
300 0.29 1702800000 44.8817 1.2328 -1235.9 9.62773 1.53498e+06 22624.2 2.40097e+12 6.37198e+10 0.0803519 0.0485183 0.734522 0.00661301 0.572478 0.00461591 0.329346 0.00508464 0.756148 0.00311735 3.38549 0.0693588 4.64071 0.141673 2949.93 1487.6 2957.96 1487.8 2957.96 1487.8 0.453474 0.148608 
300 0.29 1704600000 44.8817 1.23193 -1235.9 9.62773 1.53498e+06 22624.2 2.40097e+12 6.42691e+10 0.0803519 0.0485183 0.734522 0.00661301 0.572478 0.00461591 0.329346 0.00508464 0.756148 0.00311735 3.38549 0.0693588 4.64071 0.141673 2949.93 1487.6 2957.96 1487.8 2957.96 1487.8 0.453474 0.148608 
300 0.29 1706400000 44.8817 1.23193 -1235.9 9.62773 1.53498e+06 22624.2 2.40097e+12 6.42691e+10 0.0803519 0.0485183 0.734522 0.00661301 0.572478 0.00461591 0.329346 0.00508464 0.756148 0.00311735 3.38549 0.0693588 4.64071 0.141673 2949.93 1487.6 2957.96 1487.8 2957.96 1487.8 0.453474 0.148608 
300 0.29 1708200000 44.8817 1.23193 -1235.9 9.62773 1.53498e+06 22624.2 2.40097e+12 6.42691e+10 0.0803519 0.0485183 0.734522 0.00661301 0.572478 0.00461591 0.329346 0.00508464 0.756148 0.00311735 3.38549 0.0693588 4.64071 0.141673 2949.93 1487.6 2957.96 1487.8 2957.96 1487.8 0.453474 0.148608 
300 0.29 1710000000 44.8817 1.23193 -1235.9 9.62773 1.53498e+06 22624.2 2.40097e+12 6.42691e+10 0.0803519 0.0485183 0.734522 0.00661301 0.572478 0.00461591 0.329346 0.00508464 0.756148 0.00311735 3.38549 0.0693588 4.64071 0.141673 2949.93 1487.6 2957.96 1487.8 2957.96 1487.8 0.453474 0.148608 
300 0.29 1711800000 44.8817 1.23193 -1235.9 9.62773 1.53498e+06 22624.2 2.40097e+12 6.42691e+10 0.0803519 0.0485183 0.734522 0.00661301 0.572478 0.00461591 0.329346 0.00508464 0.756148 0.00311735 3.38549 0.0693588 4.64071 0.141673 2949.93 1487.6 2957.96 1487.8 2957.96 1487.8 0.453474 0.148608 
300 0.29 1713600000 44.8817 1.23193 -1235.9 9.62773 1.53498e+06 22624.2 2.40097e+12 6.42691e+10 0.0803519 0.0485183 0.734522 0.00661301 0.572478 0.00461591 0.329346 0.00508464 0.756148 0.00311735 3.38549 0.0693588 4.64071 0.141673 2949.93 1487.6 2957.96 1487.8 2957.96 1487.8 0.453474 0.148608 
300 0.29 1715400000 44.8817 1.23193 -1235.9 9.62773 1.53498e+06 22624.2 2.40097e+12 6.42691e+10 0.0803519 0.0485183 0.734522 0.00661301 0.572478 0.00461591 0.329346 0.00508464 0.756148 0.00311735 3.38549 0.0693588 4.64071 0.141673 2949.93 1487.6 2957.96 1487.8 2957.96 1487.8 0.453474 0.148608 
300 0.29 1717200000 44.8817 1.23193 -1235.9 9.62773 1.53498e+06 22624.2 2.40097e+12 6.42691e+10 0.0803519 0.0485183 0.734522 0.00661301 0.572478 0.00461591 0.329346 0.00508464 0.756148 0.00311735 3.38549 0.0693588 4.64071 0.141673 2949.93 1487.6 2957.96 1487.8 2957.96 1487.8 0.453474 0.148608 
300 0.29 1719000000 44.8817 1.23193 -1235.9 9.62773 1.53498e+06 22624.2 2.40097e+12 6.42691e+10 0.0803519 0.0485183 0.734522 0.00661301 0.572478 0.00461591 0.329346 0.00508464 0.756148 0.00311735 3.38549 0.0693588 4.64071 0.141673 2949.93 1487.6 2957.96 1487.8 2957.96 1487.8 0.453474 0.148608 
300 0.29 1720800000 44.8817 1.23193 -1235.9 9.62773 1.53498e+06 22624.2 2.40097e+12 6.42691e+10 0.0803519 0.0485183 0.734522 0.00661301 0.572478 0.00461591 0.329346 0.00508464 0.756148 0.00311735 3.38549 0.0693588 4.64071 0.141673 2949.93 1487.6 2957.96 1487.8 2957.96 1487.8 0.453474 0.148608 
300 0.29 1722600000 44.8817 1.23193 -1235.9 9.62773 1.53498e+06 22624.2 2.40097e+12 6.42691e+10 0.0803519 0.0485183 0.734522 0.00661301 0.572478 0.00461591 0.329346 0.00508464 0.756148 0.00311735 3.38549 0.0693588 4.64071 0.141673 2949.93 1487.6 2957.96 1487.8 2957.96 1487.8 0.453474 0.148608 
300 0.29 1724400000 44.8817 1.23193 -1235.9 9.62773 1.53498e+06 22624.2 2.40097e+12 6.42691e+10 0.0803519 0.0485183 0.734522 0.00661301 0.572478 0.00461591 0.329346 0.00508464 0.756148 0.00311735 3.38549 0.0693588 4.64071 0.141673 2949.93 1487.6 2957.96 1487.8 2957.96 1487.8 0.453474 0.148608 
300 0.29 1726200000 44.8817 1.23193 -1235.9 9.62773 1.53498e+06 22624.2 2.40097e+12 6.42691e+10 0.0803519 0.0485183 0.734522 0.00661301 0.572478 0.00461591 0.329346 0.00508464 0.756148 0.00311735 3.38549 0.0693588 4.64071 0.141673 2949.93 1487.6 2957.96 1487.8 2957.96 1487.8 0.453474 0.148608 
300 0.29 1728000000 44.8817 1.23193 -1235.9 9.62773 1.53498e+06 22624.2 2.40097e+12 6.42691e+10 0.0803519 0.0485183 0.734522 0.00661301 0.572478 0.00461591 0.329346 0.00508464 0.756148 0.00311735 3.38549 0.0693588 4.64071 0.141673 2949.93 1487.6 2957.96 1487.8 2957.96 1487.8 0.453474 0.148608 
300 0.29 1729800000 44.8817 1.23193 -1235.9 9.62773 1.53498e+06 22624.2 2.40097e+12 6.42691e+10 0.0803519 0.0485183 0.734522 0.00661301 0.572478 0.00461591 0.329346 0.00508464 0.756148 0.00311735 3.38549 0.0693588 4.64071 0.141673 2949.93 1487.6 2957.96 1487.8 2957.96 1487.8 0.453474 0.148608 
300 0.29 1731600000 44.8817 1.23193 -1235.9 9.62773 1.53498e+06 22624.2 2.40097e+12 6.42691e+10 0.0803519 0.0485183 0.734522 0.00661301 0.572478 0.00461591 0.329346 0.00508464 0.756148 0.00311735 3.38549 0.0693588 4.64071 0.141673 2949.93 1487.6 2957.96 1487.8 2957.96 1487.8 0.453474 0.148608 
300 0.29 1733400000 44.8817 1.23383 -1235.9 9.62773 1.53498e+06 22624.2 2.40097e+12 6.42691e+10 0.0803519 0.0485183 0.734522 0.00661301 0.572478 0.00461591 0.329346 0.00508464 0.756148 0.00311735 3.38549 0.0693588 4.64071 0.141673 2949.93 1487.6 2957.96 1487.8 2957.96 1487.8 0.453474 0.148608 
300 0.29 1735200000 44.8817 1.23383 -1235.9 9.62773 1.53498e+06 22624.2 2.40097e+12 6.42691e+10 0.0803519 0.0485183 0.734522 0.00661301 0.572478 0.00461591 0.329346 0.00508464 0.756148 0.00311735 3.38549 0.0693588 4.64071 0.141673 2949.93 1487.6 2957.96 1487.8 2957.96 1487.8 0.453474 0.148608 
300 0.29 1737000000 44.8817 1.23383 -1235.9 9.62773 1.53498e+06 22624.2 2.40097e+12 6.42691e+10 0.0803519 0.0485183 0.734522 0.00661301 0.572478 0.00461591 0.329346 0.00508464 0.756148 0.00311735 3.38549 0.0693588 4.64071 0.141673 2949.93 1487.6 2957.96 1487.8 2957.96 1487.8 0.453474 0.148608 
300 0.29 1738800000 44.8817 1.23383 -1235.9 9.62773 1.53498e+06 22624.2 2.40097e+12 6.42691e+10 0.0803519 0.0485183 0.734522 0.00661301 0.572478 0.00461591 0.329346 0.00508464 0.756148 0.00311735 3.38549 0.0693588 4.64071 0.141673 2949.93 1487.6 2957.96 1487.8 2957.96 1487.8 0.453474 0.148608 
300 0.29 1740600000 44.8817 1.23383 -1235.9 9.62773 1.53498e+06 22624.2 2.40097e+12 6.42691e+10 0.0803519 0.0485183 0.734522 0.00661301 0.572478 0.00461591 0.329346 0.00508464 0.756148 0.00311735 3.38549 0.0693588 4.64071 0.141673 2949.93 1487.6 2957.96 1487.8 2957.96 1487.8 0.453474 0.148608 
300 0.29 1742400000 44.8817 1.23383 -1235.9 9.62773 1.53498e+06 22624.2 2.40097e+12 6.42691e+10 0.0803519 0.0485183 0.734522 0.00661301 0.572478 0.00461591 0.329346 0.00508464 0.756148 0.00311735 3.38549 0.0693588 4.64071 0.141673 2949.93 1487.6 2957.96 1487.8 2957.96 1487.8 0.453474 0.148608 
300 0.29 1744200000 44.8817 1.23383 -1235.9 9.62773 1.53498e+06 22624.2 2.40097e+12 6.42691e+10 0.0803519 0.0485183 0.734522 0.00661301 0.572478 0.00461591 0.329346 0.00508464 0.756148 0.00311735 3.38549 0.0693588 4.64071 0.141673 2949.93 1487.6 2957.96 1487.8 2957.96 1487.8 0.453474 0.148608 
300 0.29 1746000000 44.8817 1.23383 -1235.9 9.62773 1.53498e+06 22624.2 2.40097e+12 6.42691e+10 0.0803519 0.0485183 0.734522 0.00661301 0.572478 0.00461591 0.329346 0.00508464 0.756148 0.00311735 3.38549 0.0693588 4.64071 0.141673 2949.93 1487.6 2957.96 1487.8 2957.96 1487.8 0.453474 0.148608 
300 0.29 1747800000 44.8817 1.23383 -1235.9 9.62773 1.53498e+06 22624.2 2.40097e+12 6.42691e+10 0.0803519 0.0485183 0.734522 0.00661301 0.572478 0.00461591 0.329346 0.00508464 0.756148 0.00311735 3.38549 0.0693588 4.64071 0.141673 2949.93 1487.6 2957.96 1487.8 2957.96 1487.8 0.453474 0.148608 
300 0.29 1749600000 44.8817 1.23383 -1235.9 9.62773 1.53498e+06 22624.2 2.40097e+12 6.42691e+10 0.0803519 0.0485183 0.734522 0.00661301 0.572478 0.00461591 0.329346 0.00508464 0.756148 0.00311735 3.38549 0.0693588 4.64071 0.141673 2949.93 1487.6 2957.96 1487.8 2957.96 1487.8 0.453474 0.148608 
300 0.29 1751400000 44.8817 1.23383 -1235.9 9.62773 1.53498e+06 22624.2 2.40097e+12 6.42691e+10 0.0803519 0.0485183 0.734522 0.00661301 0.572478 0.00461591 0.329346 0.00508464 0.756148 0.00311735 3.38549 0.0693588 4.64071 0.141673 2949.93 1487.6 2957.96 1487.8 2957.96 1487.8 0.453474 0.148608 
300 0.29 1753200000 44.8817 1.23383 -1235.9 9.62773 1.53498e+06 22624.2 2.40097e+12 6.42691e+10 0.0803519 0.0485183 0.734522 0.00661301 0.572478 0.00461591 0.329346 0.00508464 0.756148 0.00311735 3.38549 0.0693588 4.64071 0.141673 2949.93 1487.6 2957.96 1487.8 2957.96 1487.8 0.453474 0.148608 
300 0.29 1755000000 44.8817 1.23383 -1235.9 9.62773 1.53498e+06 22624.2 2.40097e+12 6.42691e+10 0.0803519 0.0485183 0.734522 0.00661301 0.572478 0.00461591 0.329346 0.00508464 0.756148 0.00311735 3.38549 0.0693588 4.64071 0.141673 2949.93 1487.6 2957.96 1487.8 2957.96 1487.8 0.453474 0.148608 
300 0.29 1756800000 44.8817 1.23383 -1235.9 9.62773 1.53498e+06 22624.2 2.40097e+12 6.42691e+10 0.0803519 0.0485183 0.734522 0.00661301 0.572478 0.00461591 0.329346 0.00508464 0.756148 0.00311735 3.38549 0.0693588 4.64071 0.141673 2949.93 1487.6 2957.96 1487.8 2957.96 1487.8 0.453474 0.148608 
300 0.29 1758600000 44.8817 1.23383 -1235.9 9.62773 1.53498e+06 22624.2 2.40097e+12 6.42691e+10 0.0803519 0.0485183 0.734522 0.00661301 0.572478 0.00461591 0.329346 0.00508464 0.756148 0.00311735 3.38549 0.0693588 4.64071 0.141673 2949.93 1487.6 2957.96 1487.8 2957.96 1487.8 0.453474 0.148608 
300 0.29 1760400000 44.8817 1.23383 -1235.9 9.62773 1.53498e+06 22624.2 2.40097e+12 6.42691e+10 0.0803519 0.0485183 0.734522 0.00661301 0.572478 0.00461591 0.329346 0.00508464 0.756148 0.00311735 3.38549 0.0693588 4.64071 0.141673 2949.93 1487.6 2957.96 1487.8 2957.96 1487.8 0.453474 0.148608 
300 0.29 1762200000 44.6458 1.2166 -1237.9 9.62773 1.53983e+06 22624.2 2.41554e+12 6.36877e+10 0.0920659 0.0485183 0.734033 0.00661301 0.57406 0.00461591 0.33115 0.00508464 0.757197 0.00311735 3.37314 0.0693588 4.61118 0.141673 2754.67 1487.6 2762.66 1487.8 2762.66 1487.8 0.427336 0.148608 
300 0.29 1764000000 44.6458 1.2166 -1237.9 9.62773 1.53983e+06 22624.2 2.41554e+12 6.36877e+10 0.0920659 0.0485183 0.734033 0.00661301 0.57406 0.00461591 0.33115 0.00508464 0.757197 0.00311735 3.37314 0.0693588 4.61118 0.141673 2754.67 1487.6 2762.66 1487.8 2762.66 1487.8 0.427336 0.148608 
300 0.29 1765800000 44.6458 1.2166 -1237.9 9.62773 1.53983e+06 22624.2 2.41554e+12 6.36877e+10 0.0920659 0.0485183 0.734033 0.00661301 0.57406 0.00461591 0.33115 0.00508464 0.757197 0.00311735 3.37314 0.0693588 4.61118 0.141673 2754.67 1487.6 2762.66 1487.8 2762.66 1487.8 0.427336 0.148608 
300 0.29 1767600000 44.6458 1.2166 -1237.9 9.62773 1.53983e+06 22624.2 2.41554e+12 6.36877e+10 0.0920659 0.0485183 0.734033 0.00661301 0.57406 0.00461591 0.33115 0.00508464 0.757197 0.00311735 3.37314 0.0693588 4.61118 0.141673 2754.67 1487.6 2762.66 1487.8 2762.66 1487.8 0.427336 0.148608 
300 0.29 1769400000 44.6458 1.2166 -1237.9 9.62773 1.53983e+06 22624.2 2.41554e+12 6.36877e+10 0.0920659 0.0485183 0.734033 0.00661301 0.57406 0.00461591 0.33115 0.00508464 0.757197 0.00311735 3.37314 0.0693588 4.61118 0.141673 2754.67 1487.6 2762.66 1487.8 2762.66 1487.8 0.427336 0.148608 
300 0.29 1771200000 44.6458 1.2166 -1237.9 9.62773 1.53983e+06 22624.2 2.41554e+12 6.36877e+10 0.0920659 0.0485183 0.734033 0.00661301 0.57406 0.00461591 0.33115 0.00508464 0.757197 0.00311735 3.37314 0.0693588 4.61118 0.141673 2754.67 1487.6 2762.66 1487.8 2762.66 1487.8 0.427336 0.148608 
300 0.29 1773000000 44.6458 1.2166 -1237.9 9.62773 1.53983e+06 22624.2 2.41554e+12 6.36877e+10 0.0920659 0.0485183 0.734033 0.00661301 0.57406 0.00461591 0.33115 0.00508464 0.757197 0.00311735 3.37314 0.0693588 4.61118 0.141673 2754.67 1487.6 2762.66 1487.8 2762.66 1487.8 0.427336 0.148608 
300 0.29 1774800000 44.6458 1.2166 -1237.9 9.62773 1.53983e+06 22624.2 2.41554e+12 6.36877e+10 0.0920659 0.0485183 0.734033 0.00661301 0.57406 0.00461591 0.33115 0.00508464 0.757197 0.00311735 3.37314 0.0693588 4.61118 0.141673 2754.67 1487.6 2762.66 1487.8 2762.66 1487.8 0.427336 0.148608 
300 0.29 1776600000 44.6458 1.2166 -1237.9 9.62773 1.53983e+06 22624.2 2.41554e+12 6.36877e+10 0.0920659 0.0485183 0.734033 0.00661301 0.57406 0.00461591 0.33115 0.00508464 0.757197 0.00311735 3.37314 0.0693588 4.61118 0.141673 2754.67 1487.6 2762.66 1487.8 2762.66 1487.8 0.427336 0.148608 
300 0.29 1778400000 44.6458 1.2166 -1237.9 9.62773 1.53983e+06 22624.2 2.41554e+12 6.36877e+10 0.0920659 0.0485183 0.734033 0.00661301 0.57406 0.00461591 0.33115 0.00508464 0.757197 0.00311735 3.37314 0.0693588 4.61118 0.141673 2754.67 1487.6 2762.66 1487.8 2762.66 1487.8 0.427336 0.148608 
300 0.29 1780200000 44.6458 1.2166 -1237.9 9.62773 1.53983e+06 22624.2 2.41554e+12 6.36877e+10 0.0920659 0.0485183 0.734033 0.00661301 0.57406 0.00461591 0.33115 0.00508464 0.757197 0.00311735 3.37314 0.0693588 4.61118 0.141673 2754.67 1487.6 2762.66 1487.8 2762.66 1487.8 0.427336 0.148608 
300 0.29 1782000000 44.6458 1.2166 -1237.9 9.62773 1.53983e+06 22624.2 2.41554e+12 6.36877e+10 0.0920659 0.0485183 0.734033 0.00661301 0.57406 0.00461591 0.33115 0.00508464 0.757197 0.00311735 3.37314 0.0693588 4.61118 0.141673 2754.67 1487.6 2762.66 1487.8 2762.66 1487.8 0.427336 0.148608 
300 0.29 1783800000 44.6458 1.2166 -1237.9 9.62773 1.53983e+06 22624.2 2.41554e+12 6.36877e+10 0.0920659 0.0485183 0.734033 0.00661301 0.57406 0.00461591 0.33115 0.00508464 0.757197 0.00311735 3.37314 0.0693588 4.61118 0.141673 2754.67 1487.6 2762.66 1487.8 2762.66 1487.8 0.427336 0.148608 
300 0.29 1785600000 44.6458 1.2166 -1237.9 9.62773 1.53983e+06 22624.2 2.41554e+12 6.36877e+10 0.0920659 0.0485183 0.734033 0.00661301 0.57406 0.00461591 0.33115 0.00508464 0.757197 0.00311735 3.37314 0.0693588 4.61118 0.141673 2754.67 1487.6 2762.66 1487.8 2762.66 1487.8 0.427336 0.148608 
300 0.29 1787400000 44.6458 1.2166 -1237.9 9.62773 1.53983e+06 22624.2 2.41554e+12 6.36877e+10 0.0920659 0.0485183 0.734033 0.00661301 0.57406 0.00461591 0.33115 0.00508464 0.757197 0.00311735 3.37314 0.0693588 4.61118 0.141673 2754.67 1487.6 2762.66 1487.8 2762.66 1487.8 0.427336 0.148608 
300 0.29 1789200000 44.6458 1.2166 -1237.9 9.62773 1.53983e+06 22624.2 2.41554e+12 6.36877e+10 0.0920659 0.0485183 0.734033 0.00661301 0.57406 0.00461591 0.33115 0.00508464 0.757197 0.00311735 3.37314 0.0693588 4.61118 0.141673 2754.67 1487.6 2762.66 1487.8 2762.66 1487.8 0.427336 0.148608 
300 0.29 1791000000 44.6458 1.21933 -1237.9 9.62773 1.53983e+06 22624.2 2.41554e+12 6.36877e+10 0.0920659 0.0485183 0.734033 0.00661301 0.57406 0.00461591 0.33115 0.00508464 0.757197 0.00311735 3.37314 0.0693588 4.61118 0.141673 2754.67 1487.6 2762.66 1487.8 2762.66 1487.8 0.427336 0.148608 
300 0.29 1792800000 44.6458 1.21933 -1237.9 9.62773 1.53983e+06 22624.2 2.41554e+12 6.36877e+10 0.0920659 0.0485183 0.734033 0.00661301 0.57406 0.00461591 0.33115 0.00508464 0.757197 0.00311735 3.37314 0.0693588 4.61118 0.141673 2754.67 1487.6 2762.66 1487.8 2762.66 1487.8 0.427336 0.148608 
300 0.29 1794600000 44.6458 1.21933 -1237.9 9.62773 1.53983e+06 22624.2 2.41554e+12 6.36877e+10 0.0920659 0.0485183 0.734033 0.00661301 0.57406 0.00461591 0.33115 0.00508464 0.757197 0.00311735 3.37314 0.0693588 4.61118 0.141673 2754.67 1487.6 2762.66 1487.8 2762.66 1487.8 0.427336 0.148608 
300 0.29 1796400000 44.6458 1.21933 -1237.9 9.62773 1.53983e+06 22624.2 2.41554e+12 6.36877e+10 0.0920659 0.0485183 0.734033 0.00661301 0.57406 0.00461591 0.33115 0.00508464 0.757197 0.00311735 3.37314 0.0693588 4.61118 0.141673 2754.67 1487.6 2762.66 1487.8 2762.66 1487.8 0.427336 0.148608 
300 0.29 1798200000 44.6458 1.21933 -1237.9 9.62773 1.53983e+06 22624.2 2.41554e+12 6.36877e+10 0.0920659 0.0485183 0.734033 0.00661301 0.57406 0.00461591 0.33115 0.00508464 0.757197 0.00311735 3.37314 0.0693588 4.61118 0.141673 2754.67 1487.6 2762.66 1487.8 2762.66 1487.8 0.427336 0.148608 
300 0.29 1800000000 44.6458 1.21933 -1237.9 9.62773 1.53983e+06 22624.2 2.41554e+12 6.36877e+10 0.0920659 0.0485183 0.734033 0.00661301 0.57406 0.00461591 0.33115 0.00508464 0.757197 0.00311735 3.37314 0.0693588 4.61118 0.141673 2754.67 1487.6 2762.66 1487.8 2762.66 1487.8 0.427336 0.148608 
300 0.29 1801800000 44.6458 1.21933 -1237.9 9.62773 1.53983e+06 22624.2 2.41554e+12 6.36877e+10 0.0920659 0.0485183 0.734033 0.00661301 0.57406 0.00461591 0.33115 0.00508464 0.757197 0.00311735 3.37314 0.0693588 4.61118 0.141673 2754.67 1487.6 2762.66 1487.8 2762.66 1487.8 0.427336 0.148608 
300 0.29 1803600000 44.6458 1.21933 -1237.9 9.62773 1.53983e+06 22624.2 2.41554e+12 6.36877e+10 0.0920659 0.0485183 0.734033 0.00661301 0.57406 0.00461591 0.33115 0.00508464 0.757197 0.00311735 3.37314 0.0693588 4.61118 0.141673 2754.67 1487.6 2762.66 1487.8 2762.66 1487.8 0.427336 0.148608 
300 0.29 1805400000 44.6458 1.21933 -1237.9 9.62773 1.53983e+06 22624.2 2.41554e+12 6.36877e+10 0.0920659 0.0485183 0.734033 0.00661301 0.57406 0.00461591 0.33115 0.00508464 0.757197 0.00311735 3.37314 0.0693588 4.61118 0.141673 2754.67 1487.6 2762.66 1487.8 2762.66 1487.8 0.427336 0.148608 
300 0.29 1807200000 44.6458 1.21933 -1237.9 9.62773 1.53983e+06 22624.2 2.41554e+12 6.36877e+10 0.0920659 0.0485183 0.734033 0.00661301 0.57406 0.00461591 0.33115 0.00508464 0.757197 0.00311735 3.37314 0.0693588 4.61118 0.141673 2754.67 1487.6 2762.66 1487.8 2762.66 1487.8 0.427336 0.148608 
300 0.29 1809000000 44.6458 1.21933 -1237.9 9.62773 1.53983e+06 22624.2 2.41554e+12 6.36877e+10 0.0920659 0.0485183 0.734033 0.00661301 0.57406 0.00461591 0.33115 0.00508464 0.757197 0.00311735 3.37314 0.0693588 4.61118 0.141673 2754.67 1487.6 2762.66 1487.8 2762.66 1487.8 0.427336 0.148608 
300 0.29 1810800000 44.6458 1.21933 -1237.9 9.62773 1.53983e+06 22624.2 2.41554e+12 6.36877e+10 0.0920659 0.0485183 0.734033 0.00661301 0.57406 0.00461591 0.33115 0.00508464 0.757197 0.00311735 3.37314 0.0693588 4.61118 0.141673 2754.67 1487.6 2762.66 1487.8 2762.66 1487.8 0.427336 0.148608 
300 0.29 1812600000 44.6458 1.21933 -1237.9 9.62773 1.53983e+06 22624.2 2.41554e+12 6.36877e+10 0.0920659 0.0485183 0.734033 0.00661301 0.57406 0.00461591 0.33115 0.00508464 0.757197 0.00311735 3.37314 0.0693588 4.61118 0.141673 2754.67 1487.6 2762.66 1487.8 2762.66 1487.8 0.427336 0.148608 
300 0.29 1814400000 44.6458 1.21933 -1237.9 9.62773 1.53983e+06 22624.2 2.41554e+12 6.36877e+10 0.0920659 0.0485183 0.734033 0.00661301 0.57406 0.00461591 0.33115 0.00508464 0.757197 0.00311735 3.37314 0.0693588 4.61118 0.141673 2754.67 1487.6 2762.66 1487.8 2762.66 1487.8 0.427336 0.148608 
300 0.29 1816200000 44.6458 1.21933 -1237.9 9.62773 1.53983e+06 22624.2 2.41554e+12 6.36877e+10 0.0920659 0.0485183 0.734033 0.00661301 0.57406 0.00461591 0.33115 0.00508464 0.757197 0.00311735 3.37314 0.0693588 4.61118 0.141673 2754.67 1487.6 2762.66 1487.8 2762.66 1487.8 0.427336 0.148608 
300 0.29 1818000000 44.6458 1.21933 -1237.9 9.62773 1.53983e+06 22624.2 2.41554e+12 6.36877e+10 0.0920659 0.0485183 0.734033 0.00661301 0.57406 0.00461591 0.33115 0.00508464 0.757197 0.00311735 3.37314 0.0693588 4.61118 0.141673 2754.67 1487.6 2762.66 1487.8 2762.66 1487.8 0.427336 0.148608 
300 0.29 1819800000 44.6458 1.20057 -1237.9 9.62773 1.53983e+06 22624.2 2.41554e+12 6.36877e+10 0.0920659 0.0485183 0.734033 0.00661301 0.57406 0.00461591 0.33115 0.00508464 0.757197 0.00311735 3.37314 0.0693588 4.61118 0.141673 2754.67 1487.6 2762.66 1487.8 2762.66 1487.8 0.427336 0.148608 
300 0.29 1821600000 44.6458 1.20057 -1237.9 9.62773 1.53983e+06 22624.2 2.41554e+12 6.36877e+10 0.0920659 0.0485183 0.734033 0.00661301 0.57406 0.00461591 0.33115 0.00508464 0.757197 0.00311735 3.37314 0.0693588 4.61118 0.141673 2754.67 1487.6 2762.66 1487.8 2762.66 1487.8 0.427336 0.148608 
300 0.29 1823400000 44.6458 1.20057 -1237.9 9.62773 1.53983e+06 22624.2 2.41554e+12 6.36877e+10 0.0920659 0.0485183 0.734033 0.00661301 0.57406 0.00461591 0.33115 0.00508464 0.757197 0.00311735 3.37314 0.0693588 4.61118 0.141673 2754.67 1487.6 2762.66 1487.8 2762.66 1487.8 0.427336 0.148608 
300 0.29 1825200000 44.6458 1.20057 -1237.9 9.62773 1.53983e+06 22624.2 2.41554e+12 6.36877e+10 0.0920659 0.0485183 0.734033 0.00661301 0.57406 0.00461591 0.33115 0.00508464 0.757197 0.00311735 3.37314 0.0693588 4.61118 0.141673 2754.67 1487.6 2762.66 1487.8 2762.66 1487.8 0.427336 0.148608 
300 0.29 1827000000 44.6458 1.20057 -1237.9 9.62773 1.53983e+06 22624.2 2.41554e+12 6.36877e+10 0.0920659 0.0485183 0.734033 0.00661301 0.57406 0.00461591 0.33115 0.00508464 0.757197 0.00311735 3.37314 0.0693588 4.61118 0.141673 2754.67 1487.6 2762.66 1487.8 2762.66 1487.8 0.427336 0.148608 
300 0.29 1828800000 44.6458 1.20057 -1237.9 9.62773 1.53983e+06 22624.2 2.41554e+12 6.36877e+10 0.0920659 0.0485183 0.734033 0.00661301 0.57406 0.00461591 0.33115 0.00508464 0.757197 0.00311735 3.37314 0.0693588 4.61118 0.141673 2754.67 1487.6 2762.66 1487.8 2762.66 1487.8 0.427336 0.148608 
300 0.29 1830600000 44.6458 1.20057 -1237.9 9.62773 1.53983e+06 22624.2 2.41554e+12 6.36877e+10 0.0920659 0.0485183 0.734033 0.00661301 0.57406 0.00461591 0.33115 0.00508464 0.757197 0.00311735 3.37314 0.0693588 4.61118 0.141673 2754.67 1487.6 2762.66 1487.8 2762.66 1487.8 0.427336 0.148608 
300 0.29 1832400000 44.6458 1.20057 -1237.9 9.62773 1.53983e+06 22624.2 2.41554e+12 6.36877e+10 0.0920659 0.0485183 0.734033 0.00661301 0.57406 0.00461591 0.33115 0.00508464 0.757197 0.00311735 3.37314 0.0693588 4.61118 0.141673 2754.67 1487.6 2762.66 1487.8 2762.66 1487.8 0.427336 0.148608 
300 0.29 1834200000 44.6458 1.20057 -1237.9 9.62773 1.53983e+06 22624.2 2.41554e+12 6.36877e+10 0.0920659 0.0485183 0.734033 0.00661301 0.57406 0.00461591 0.33115 0.00508464 0.757197 0.00311735 3.37314 0.0693588 4.61118 0.141673 2754.67 1487.6 2762.66 1487.8 2762.66 1487.8 0.427336 0.148608 
300 0.29 1836000000 44.6458 1.20057 -1237.9 9.62773 1.53983e+06 22624.2 2.41554e+12 6.36877e+10 0.0920659 0.0485183 0.734033 0.00661301 0.57406 0.00461591 0.33115 0.00508464 0.757197 0.00311735 3.37314 0.0693588 4.61118 0.141673 2754.67 1487.6 2762.66 1487.8 2762.66 1487.8 0.427336 0.148608 
300 0.29 1837800000 44.6458 1.20057 -1237.9 9.62773 1.53983e+06 22624.2 2.41554e+12 6.36877e+10 0.0920659 0.0485183 0.734033 0.00661301 0.57406 0.00461591 0.33115 0.00508464 0.757197 0.00311735 3.37314 0.0693588 4.61118 0.141673 2754.67 1487.6 2762.66 1487.8 2762.66 1487.8 0.427336 0.148608 
300 0.29 1839600000 44.6458 1.20057 -1237.9 9.62773 1.53983e+06 22624.2 2.41554e+12 6.36877e+10 0.0920659 0.0485183 0.734033 0.00661301 0.57406 0.00461591 0.33115 0.00508464 0.757197 0.00311735 3.37314 0.0693588 4.61118 0.141673 2754.67 1487.6 2762.66 1487.8 2762.66 1487.8 0.427336 0.148608 
300 0.29 1841400000 44.6458 1.20057 -1237.9 9.62773 1.53983e+06 22624.2 2.41554e+12 6.36877e+10 0.0920659 0.0485183 0.734033 0.00661301 0.57406 0.00461591 0.33115 0.00508464 0.757197 0.00311735 3.37314 0.0693588 4.61118 0.141673 2754.67 1487.6 2762.66 1487.8 2762.66 1487.8 0.427336 0.148608 
300 0.29 1843200000 44.6458 1.20057 -1237.9 9.62773 1.53983e+06 22624.2 2.41554e+12 6.36877e+10 0.0920659 0.0485183 0.734033 0.00661301 0.57406 0.00461591 0.33115 0.00508464 0.757197 0.00311735 3.37314 0.0693588 4.61118 0.141673 2754.67 1487.6 2762.66 1487.8 2762.66 1487.8 0.427336 0.148608 
300 0.29 1845000000 44.6458 1.20057 -1237.9 9.62773 1.53983e+06 22624.2 2.41554e+12 6.36877e+10 0.0920659 0.0485183 0.734033 0.00661301 0.57406 0.00461591 0.33115 0.00508464 0.757197 0.00311735 3.37314 0.0693588 4.61118 0.141673 2754.67 1487.6 2762.66 1487.8 2762.66 1487.8 0.427336 0.148608 
300 0.29 1846800000 44.6458 1.20057 -1237.9 9.62773 1.53983e+06 22624.2 2.41554e+12 6.36877e+10 0.0920659 0.0485183 0.734033 0.00661301 0.57406 0.00461591 0.33115 0.00508464 0.757197 0.00311735 3.37314 0.0693588 4.61118 0.141673 2754.67 1487.6 2762.66 1487.8 2762.66 1487.8 0.427336 0.148608 
300 0.29 1848600000 44.6458 1.18153 -1237.9 9.62773 1.53983e+06 22624.2 2.41554e+12 6.36877e+10 0.0920659 0.0485183 0.734033 0.00661301 0.57406 0.00461591 0.33115 0.00508464 0.757197 0.00311735 3.37314 0.0693588 4.61118 0.141673 2754.67 1487.6 2762.66 1487.8 2762.66 1487.8 0.427336 0.148608 
300 0.29 1850400000 44.6458 1.18153 -1237.9 9.62773 1.53983e+06 22624.2 2.41554e+12 6.36877e+10 0.0920659 0.0485183 0.734033 0.00661301 0.57406 0.00461591 0.33115 0.00508464 0.757197 0.00311735 3.37314 0.0693588 4.61118 0.141673 2754.67 1487.6 2762.66 1487.8 2762.66 1487.8 0.427336 0.148608 
300 0.29 1852200000 44.6458 1.18153 -1237.9 9.62773 1.53983e+06 22624.2 2.41554e+12 6.36877e+10 0.0920659 0.0485183 0.734033 0.00661301 0.57406 0.00461591 0.33115 0.00508464 0.757197 0.00311735 3.37314 0.0693588 4.61118 0.141673 2754.67 1487.6 2762.66 1487.8 2762.66 1487.8 0.427336 0.148608 
300 0.29 1854000000 44.6458 1.18153 -1237.9 9.62773 1.53983e+06 22624.2 2.41554e+12 6.36877e+10 0.0920659 0.0485183 0.734033 0.00661301 0.57406 0.00461591 0.33115 0.00508464 0.757197 0.00311735 3.37314 0.0693588 4.61118 0.141673 2754.67 1487.6 2762.66 1487.8 2762.66 1487.8 0.427336 0.148608 
300 0.29 1855800000 44.6458 1.18153 -1237.9 9.62773 1.53983e+06 22624.2 2.41554e+12 6.36877e+10 0.0920659 0.0485183 0.734033 0.00661301 0.57406 0.00461591 0.33115 0.00508464 0.757197 0.00311735 3.37314 0.0693588 4.61118 0.141673 2754.67 1487.6 2762.66 1487.8 2762.66 1487.8 0.427336 0.148608 
300 0.29 1857600000 44.6458 1.18153 -1237.9 9.62773 1.53983e+06 22624.2 2.41554e+12 6.36877e+10 0.0920659 0.0485183 0.734033 0.00661301 0.57406 0.00461591 0.33115 0.00508464 0.757197 0.00311735 3.37314 0.0693588 4.61118 0.141673 2754.67 1487.6 2762.66 1487.8 2762.66 1487.8 0.427336 0.148608 
300 0.29 1859400000 44.6458 1.18153 -1237.9 9.62773 1.53983e+06 22624.2 2.41554e+12 6.36877e+10 0.0920659 0.0485183 0.734033 0.00661301 0.57406 0.00461591 0.33115 0.00508464 0.757197 0.00311735 3.37314 0.0693588 4.61118 0.141673 2754.67 1487.6 2762.66 1487.8 2762.66 1487.8 0.427336 0.148608 
300 0.29 1861200000 44.6458 1.18153 -1237.9 9.62773 1.53983e+06 22624.2 2.41554e+12 6.36877e+10 0.0920659 0.0485183 0.734033 0.00661301 0.57406 0.00461591 0.33115 0.00508464 0.757197 0.00311735 3.37314 0.0693588 4.61118 0.141673 2754.67 1487.6 2762.66 1487.8 2762.66 1487.8 0.427336 0.148608 
300 0.29 1863000000 44.6458 1.18153 -1237.9 9.62773 1.53983e+06 22624.2 2.41554e+12 6.36877e+10 0.0920659 0.0485183 0.734033 0.00661301 0.57406 0.00461591 0.33115 0.00508464 0.757197 0.00311735 3.37314 0.0693588 4.61118 0.141673 2754.67 1487.6 2762.66 1487.8 2762.66 1487.8 0.427336 0.148608 
300 0.29 1864800000 44.6458 1.18153 -1237.9 9.62773 1.53983e+06 22624.2 2.41554e+12 6.36877e+10 0.0920659 0.0485183 0.734033 0.00661301 0.57406 0.00461591 0.33115 0.00508464 0.757197 0.00311735 3.37314 0.0693588 4.61118 0.141673 2754.67 1487.6 2762.66 1487.8 2762.66 1487.8 0.427336 0.148608 
300 0.29 1866600000 44.6458 1.18153 -1237.9 9.62773 1.53983e+06 22624.2 2.41554e+12 6.36877e+10 0.0920659 0.0485183 0.734033 0.00661301 0.57406 0.00461591 0.33115 0.00508464 0.757197 0.00311735 3.37314 0.0693588 4.61118 0.141673 2754.67 1487.6 2762.66 1487.8 2762.66 1487.8 0.427336 0.148608 
300 0.29 1868400000 44.6458 1.18153 -1237.9 9.62773 1.53983e+06 22624.2 2.41554e+12 6.36877e+10 0.0920659 0.0485183 0.734033 0.00661301 0.57406 0.00461591 0.33115 0.00508464 0.757197 0.00311735 3.37314 0.0693588 4.61118 0.141673 2754.67 1487.6 2762.66 1487.8 2762.66 1487.8 0.427336 0.148608 
300 0.29 1870200000 44.6458 1.18153 -1237.9 9.62773 1.53983e+06 22624.2 2.41554e+12 6.36877e+10 0.0920659 0.0485183 0.734033 0.00661301 0.57406 0.00461591 0.33115 0.00508464 0.757197 0.00311735 3.37314 0.0693588 4.61118 0.141673 2754.67 1487.6 2762.66 1487.8 2762.66 1487.8 0.427336 0.148608 
300 0.29 1872000000 44.6458 1.18153 -1237.9 9.62773 1.53983e+06 22624.2 2.41554e+12 6.36877e+10 0.0920659 0.0485183 0.734033 0.00661301 0.57406 0.00461591 0.33115 0.00508464 0.757197 0.00311735 3.37314 0.0693588 4.61118 0.141673 2754.67 1487.6 2762.66 1487.8 2762.66 1487.8 0.427336 0.148608 
300 0.29 1873800000 44.6458 1.18153 -1237.9 9.62773 1.53983e+06 22624.2 2.41554e+12 6.36877e+10 0.0920659 0.0485183 0.734033 0.00661301 0.57406 0.00461591 0.33115 0.00508464 0.757197 0.00311735 3.37314 0.0693588 4.61118 0.141673 2754.67 1487.6 2762.66 1487.8 2762.66 1487.8 0.427336 0.148608 
300 0.29 1875600000 44.6458 1.18153 -1237.9 9.62773 1.53983e+06 22624.2 2.41554e+12 6.36877e+10 0.0920659 0.0485183 0.734033 0.00661301 0.57406 0.00461591 0.33115 0.00508464 0.757197 0.00311735 3.37314 0.0693588 4.61118 0.141673 2754.67 1487.6 2762.66 1487.8 2762.66 1487.8 0.427336 0.148608 
300 0.29 1877400000 44.457 1.16634 -1237.24 8.51717 1.53806e+06 20005.7 2.40922e+12 5.85539e+10 0.0939965 0.0443306 0.734528 0.00578638 0.574039 0.00429494 0.331106 0.00474388 0.75719 0.00289664 3.36476 0.0637116 4.5878 0.13348 2582.87 1346.18 2590.82 1346.36 2590.82 1346.36 0.402663 0.138446 
300 0.29 1879200000 44.457 1.16634 -1237.24 8.51717 1.53806e+06 20005.7 2.40922e+12 5.85539e+10 0.0939965 0.0443306 0.734528 0.00578638 0.574039 0.00429494 0.331106 0.00474388 0.75719 0.00289664 3.36476 0.0637116 4.5878 0.13348 2582.87 1346.18 2590.82 1346.36 2590.82 1346.36 0.402663 0.138446 
300 0.29 1881000000 44.457 1.16634 -1237.24 8.51717 1.53806e+06 20005.7 2.40922e+12 5.85539e+10 0.0939965 0.0443306 0.734528 0.00578638 0.574039 0.00429494 0.331106 0.00474388 0.75719 0.00289664 3.36476 0.0637116 4.5878 0.13348 2582.87 1346.18 2590.82 1346.36 2590.82 1346.36 0.402663 0.138446 
300 0.29 1882800000 44.457 1.16634 -1237.24 8.51717 1.53806e+06 20005.7 2.40922e+12 5.85539e+10 0.0939965 0.0443306 0.734528 0.00578638 0.574039 0.00429494 0.331106 0.00474388 0.75719 0.00289664 3.36476 0.0637116 4.5878 0.13348 2582.87 1346.18 2590.82 1346.36 2590.82 1346.36 0.402663 0.138446 
300 0.29 1884600000 44.457 1.16634 -1237.24 8.51717 1.53806e+06 20005.7 2.40922e+12 5.85539e+10 0.0939965 0.0443306 0.734528 0.00578638 0.574039 0.00429494 0.331106 0.00474388 0.75719 0.00289664 3.36476 0.0637116 4.5878 0.13348 2582.87 1346.18 2590.82 1346.36 2590.82 1346.36 0.402663 0.138446 
300 0.29 1886400000 44.457 1.16634 -1237.24 8.51717 1.53806e+06 20005.7 2.40922e+12 5.85539e+10 0.0939965 0.0443306 0.734528 0.00578638 0.574039 0.00429494 0.331106 0.00474388 0.75719 0.00289664 3.36476 0.0637116 4.5878 0.13348 2582.87 1346.18 2590.82 1346.36 2590.82 1346.36 0.402663 0.138446 
300 0.29 1888200000 44.457 1.16634 -1237.24 8.51717 1.53806e+06 20005.7 2.40922e+12 5.85539e+10 0.0939965 0.0443306 0.734528 0.00578638 0.574039 0.00429494 0.331106 0.00474388 0.75719 0.00289664 3.36476 0.0637116 4.5878 0.13348 2582.87 1346.18 2590.82 1346.36 2590.82 1346.36 0.402663 0.138446 
300 0.29 1890000000 44.457 1.16634 -1237.24 8.51717 1.53806e+06 20005.7 2.40922e+12 5.85539e+10 0.0939965 0.0443306 0.734528 0.00578638 0.574039 0.00429494 0.331106 0.00474388 0.75719 0.00289664 3.36476 0.0637116 4.5878 0.13348 2582.87 1346.18 2590.82 1346.36 2590.82 1346.36 0.402663 0.138446 
300 0.29 1891800000 44.457 1.16634 -1237.24 8.51717 1.53806e+06 20005.7 2.40922e+12 5.85539e+10 0.0939965 0.0443306 0.734528 0.00578638 0.574039 0.00429494 0.331106 0.00474388 0.75719 0.00289664 3.36476 0.0637116 4.5878 0.13348 2582.87 1346.18 2590.82 1346.36 2590.82 1346.36 0.402663 0.138446 
300 0.29 1893600000 44.457 1.16634 -1237.24 8.51717 1.53806e+06 20005.7 2.40922e+12 5.85539e+10 0.0939965 0.0443306 0.734528 0.00578638 0.574039 0.00429494 0.331106 0.00474388 0.75719 0.00289664 3.36476 0.0637116 4.5878 0.13348 2582.87 1346.18 2590.82 1346.36 2590.82 1346.36 0.402663 0.138446 
300 0.29 1895400000 44.457 1.16634 -1237.24 8.51717 1.53806e+06 20005.7 2.40922e+12 5.85539e+10 0.0939965 0.0443306 0.734528 0.00578638 0.574039 0.00429494 0.331106 0.00474388 0.75719 0.00289664 3.36476 0.0637116 4.5878 0.13348 2582.87 1346.18 2590.82 1346.36 2590.82 1346.36 0.402663 0.138446 
300 0.29 1897200000 44.457 1.16634 -1237.24 8.51717 1.53806e+06 20005.7 2.40922e+12 5.85539e+10 0.0939965 0.0443306 0.734528 0.00578638 0.574039 0.00429494 0.331106 0.00474388 0.75719 0.00289664 3.36476 0.0637116 4.5878 0.13348 2582.87 1346.18 2590.82 1346.36 2590.82 1346.36 0.402663 0.138446 
300 0.29 1899000000 44.457 1.16634 -1237.24 8.51717 1.53806e+06 20005.7 2.40922e+12 5.85539e+10 0.0939965 0.0443306 0.734528 0.00578638 0.574039 0.00429494 0.331106 0.00474388 0.75719 0.00289664 3.36476 0.0637116 4.5878 0.13348 2582.87 1346.18 2590.82 1346.36 2590.82 1346.36 0.402663 0.138446 
300 0.29 1900800000 44.457 1.16634 -1237.24 8.51717 1.53806e+06 20005.7 2.40922e+12 5.85539e+10 0.0939965 0.0443306 0.734528 0.00578638 0.574039 0.00429494 0.331106 0.00474388 0.75719 0.00289664 3.36476 0.0637116 4.5878 0.13348 2582.87 1346.18 2590.82 1346.36 2590.82 1346.36 0.402663 0.138446 
300 0.29 1902600000 44.457 1.16634 -1237.24 8.51717 1.53806e+06 20005.7 2.40922e+12 5.85539e+10 0.0939965 0.0443306 0.734528 0.00578638 0.574039 0.00429494 0.331106 0.00474388 0.75719 0.00289664 3.36476 0.0637116 4.5878 0.13348 2582.87 1346.18 2590.82 1346.36 2590.82 1346.36 0.402663 0.138446 
300 0.29 1904400000 44.457 1.16634 -1237.24 8.51717 1.53806e+06 20005.7 2.40922e+12 5.85539e+10 0.0939965 0.0443306 0.734528 0.00578638 0.574039 0.00429494 0.331106 0.00474388 0.75719 0.00289664 3.36476 0.0637116 4.5878 0.13348 2582.87 1346.18 2590.82 1346.36 2590.82 1346.36 0.402663 0.138446 
300 0.29 1906200000 44.457 1.14851 -1237.24 8.51717 1.53806e+06 20005.7 2.40922e+12 5.85539e+10 0.0939965 0.0443306 0.734528 0.00578638 0.574039 0.00429494 0.331106 0.00474388 0.75719 0.00289664 3.36476 0.0637116 4.5878 0.13348 2582.87 1346.18 2590.82 1346.36 2590.82 1346.36 0.402663 0.138446 
300 0.29 1908000000 44.457 1.14851 -1237.24 8.51717 1.53806e+06 20005.7 2.40922e+12 5.85539e+10 0.0939965 0.0443306 0.734528 0.00578638 0.574039 0.00429494 0.331106 0.00474388 0.75719 0.00289664 3.36476 0.0637116 4.5878 0.13348 2582.87 1346.18 2590.82 1346.36 2590.82 1346.36 0.402663 0.138446 
300 0.29 1909800000 44.457 1.14851 -1237.24 8.51717 1.53806e+06 20005.7 2.40922e+12 5.85539e+10 0.0939965 0.0443306 0.734528 0.00578638 0.574039 0.00429494 0.331106 0.00474388 0.75719 0.00289664 3.36476 0.0637116 4.5878 0.13348 2582.87 1346.18 2590.82 1346.36 2590.82 1346.36 0.402663 0.138446 
300 0.29 1911600000 44.457 1.14851 -1237.24 8.51717 1.53806e+06 20005.7 2.40922e+12 5.85539e+10 0.0939965 0.0443306 0.734528 0.00578638 0.574039 0.00429494 0.331106 0.00474388 0.75719 0.00289664 3.36476 0.0637116 4.5878 0.13348 2582.87 1346.18 2590.82 1346.36 2590.82 1346.36 0.402663 0.138446 
300 0.29 1913400000 44.457 1.14851 -1237.24 8.51717 1.53806e+06 20005.7 2.40922e+12 5.85539e+10 0.0939965 0.0443306 0.734528 0.00578638 0.574039 0.00429494 0.331106 0.00474388 0.75719 0.00289664 3.36476 0.0637116 4.5878 0.13348 2582.87 1346.18 2590.82 1346.36 2590.82 1346.36 0.402663 0.138446 
300 0.29 1915200000 44.457 1.14851 -1237.24 8.51717 1.53806e+06 20005.7 2.40922e+12 5.85539e+10 0.0939965 0.0443306 0.734528 0.00578638 0.574039 0.00429494 0.331106 0.00474388 0.75719 0.00289664 3.36476 0.0637116 4.5878 0.13348 2582.87 1346.18 2590.82 1346.36 2590.82 1346.36 0.402663 0.138446 
300 0.29 1917000000 44.457 1.14851 -1237.24 8.51717 1.53806e+06 20005.7 2.40922e+12 5.85539e+10 0.0939965 0.0443306 0.734528 0.00578638 0.574039 0.00429494 0.331106 0.00474388 0.75719 0.00289664 3.36476 0.0637116 4.5878 0.13348 2582.87 1346.18 2590.82 1346.36 2590.82 1346.36 0.402663 0.138446 
300 0.29 1918800000 44.457 1.14851 -1237.24 8.51717 1.53806e+06 20005.7 2.40922e+12 5.85539e+10 0.0939965 0.0443306 0.734528 0.00578638 0.574039 0.00429494 0.331106 0.00474388 0.75719 0.00289664 3.36476 0.0637116 4.5878 0.13348 2582.87 1346.18 2590.82 1346.36 2590.82 1346.36 0.402663 0.138446 
300 0.29 1920600000 44.457 1.14851 -1237.24 8.51717 1.53806e+06 20005.7 2.40922e+12 5.85539e+10 0.0939965 0.0443306 0.734528 0.00578638 0.574039 0.00429494 0.331106 0.00474388 0.75719 0.00289664 3.36476 0.0637116 4.5878 0.13348 2582.87 1346.18 2590.82 1346.36 2590.82 1346.36 0.402663 0.138446 
300 0.29 1922400000 44.457 1.14851 -1237.24 8.51717 1.53806e+06 20005.7 2.40922e+12 5.85539e+10 0.0939965 0.0443306 0.734528 0.00578638 0.574039 0.00429494 0.331106 0.00474388 0.75719 0.00289664 3.36476 0.0637116 4.5878 0.13348 2582.87 1346.18 2590.82 1346.36 2590.82 1346.36 0.402663 0.138446 
300 0.29 1924200000 44.457 1.14851 -1237.24 8.51717 1.53806e+06 20005.7 2.40922e+12 5.85539e+10 0.0939965 0.0443306 0.734528 0.00578638 0.574039 0.00429494 0.331106 0.00474388 0.75719 0.00289664 3.36476 0.0637116 4.5878 0.13348 2582.87 1346.18 2590.82 1346.36 2590.82 1346.36 0.402663 0.138446 
300 0.29 1926000000 44.457 1.14851 -1237.24 8.51717 1.53806e+06 20005.7 2.40922e+12 5.85539e+10 0.0939965 0.0443306 0.734528 0.00578638 0.574039 0.00429494 0.331106 0.00474388 0.75719 0.00289664 3.36476 0.0637116 4.5878 0.13348 2582.87 1346.18 2590.82 1346.36 2590.82 1346.36 0.402663 0.138446 
300 0.29 1927800000 44.457 1.14851 -1237.24 8.51717 1.53806e+06 20005.7 2.40922e+12 5.85539e+10 0.0939965 0.0443306 0.734528 0.00578638 0.574039 0.00429494 0.331106 0.00474388 0.75719 0.00289664 3.36476 0.0637116 4.5878 0.13348 2582.87 1346.18 2590.82 1346.36 2590.82 1346.36 0.402663 0.138446 
300 0.29 1929600000 44.457 1.14851 -1237.24 8.51717 1.53806e+06 20005.7 2.40922e+12 5.85539e+10 0.0939965 0.0443306 0.734528 0.00578638 0.574039 0.00429494 0.331106 0.00474388 0.75719 0.00289664 3.36476 0.0637116 4.5878 0.13348 2582.87 1346.18 2590.82 1346.36 2590.82 1346.36 0.402663 0.138446 
300 0.29 1931400000 44.457 1.14851 -1237.24 8.51717 1.53806e+06 20005.7 2.40922e+12 5.85539e+10 0.0939965 0.0443306 0.734528 0.00578638 0.574039 0.00429494 0.331106 0.00474388 0.75719 0.00289664 3.36476 0.0637116 4.5878 0.13348 2582.87 1346.18 2590.82 1346.36 2590.82 1346.36 0.402663 0.138446 
300 0.29 1933200000 44.457 1.14851 -1237.24 8.51717 1.53806e+06 20005.7 2.40922e+12 5.85539e+10 0.0939965 0.0443306 0.734528 0.00578638 0.574039 0.00429494 0.331106 0.00474388 0.75719 0.00289664 3.36476 0.0637116 4.5878 0.13348 2582.87 1346.18 2590.82 1346.36 2590.82 1346.36 0.402663 0.138446 
300 0.29 1935000000 44.457 1.13821 -1237.24 8.51717 1.53806e+06 20005.7 2.40922e+12 5.94816e+10 0.0939965 0.0443306 0.734528 0.00578638 0.574039 0.00429494 0.331106 0.00474388 0.75719 0.00289664 3.36476 0.0637116 4.5878 0.13348 2582.87 1346.18 2590.82 1346.36 2590.82 1346.36 0.402663 0.138446 
300 0.29 1936800000 44.457 1.13821 -1237.24 8.51717 1.53806e+06 20005.7 2.40922e+12 5.94816e+10 0.0939965 0.0443306 0.734528 0.00578638 0.574039 0.00429494 0.331106 0.00474388 0.75719 0.00289664 3.36476 0.0637116 4.5878 0.13348 2582.87 1346.18 2590.82 1346.36 2590.82 1346.36 0.402663 0.138446 
300 0.29 1938600000 44.457 1.13821 -1237.24 8.51717 1.53806e+06 20005.7 2.40922e+12 5.94816e+10 0.0939965 0.0443306 0.734528 0.00578638 0.574039 0.00429494 0.331106 0.00474388 0.75719 0.00289664 3.36476 0.0637116 4.5878 0.13348 2582.87 1346.18 2590.82 1346.36 2590.82 1346.36 0.402663 0.138446 
300 0.29 1940400000 44.457 1.13821 -1237.24 8.51717 1.53806e+06 20005.7 2.40922e+12 5.94816e+10 0.0939965 0.0443306 0.734528 0.00578638 0.574039 0.00429494 0.331106 0.00474388 0.75719 0.00289664 3.36476 0.0637116 4.5878 0.13348 2582.87 1346.18 2590.82 1346.36 2590.82 1346.36 0.402663 0.138446 
300 0.29 1942200000 44.457 1.13821 -1237.24 8.51717 1.53806e+06 20005.7 2.40922e+12 5.94816e+10 0.0939965 0.0443306 0.734528 0.00578638 0.574039 0.00429494 0.331106 0.00474388 0.75719 0.00289664 3.36476 0.0637116 4.5878 0.13348 2582.87 1346.18 2590.82 1346.36 2590.82 1346.36 0.402663 0.138446 
300 0.29 1944000000 44.457 1.13821 -1237.24 8.51717 1.53806e+06 20005.7 2.40922e+12 5.94816e+10 0.0939965 0.0443306 0.734528 0.00578638 0.574039 0.00429494 0.331106 0.00474388 0.75719 0.00289664 3.36476 0.0637116 4.5878 0.13348 2582.87 1346.18 2590.82 1346.36 2590.82 1346.36 0.402663 0.138446 
300 0.29 1945800000 44.457 1.13821 -1237.24 8.51717 1.53806e+06 20005.7 2.40922e+12 5.94816e+10 0.0939965 0.0443306 0.734528 0.00578638 0.574039 0.00429494 0.331106 0.00474388 0.75719 0.00289664 3.36476 0.0637116 4.5878 0.13348 2582.87 1346.18 2590.82 1346.36 2590.82 1346.36 0.402663 0.138446 
300 0.29 1947600000 44.457 1.13821 -1237.24 8.51717 1.53806e+06 20005.7 2.40922e+12 5.94816e+10 0.0939965 0.0443306 0.734528 0.00578638 0.574039 0.00429494 0.331106 0.00474388 0.75719 0.00289664 3.36476 0.0637116 4.5878 0.13348 2582.87 1346.18 2590.82 1346.36 2590.82 1346.36 0.402663 0.138446 
300 0.29 1949400000 44.457 1.13821 -1237.24 8.51717 1.53806e+06 20005.7 2.40922e+12 5.94816e+10 0.0939965 0.0443306 0.734528 0.00578638 0.574039 0.00429494 0.331106 0.00474388 0.75719 0.00289664 3.36476 0.0637116 4.5878 0.13348 2582.87 1346.18 2590.82 1346.36 2590.82 1346.36 0.402663 0.138446 
300 0.29 1951200000 44.457 1.13821 -1237.24 8.51717 1.53806e+06 20005.7 2.40922e+12 5.94816e+10 0.0939965 0.0443306 0.734528 0.00578638 0.574039 0.00429494 0.331106 0.00474388 0.75719 0.00289664 3.36476 0.0637116 4.5878 0.13348 2582.87 1346.18 2590.82 1346.36 2590.82 1346.36 0.402663 0.138446 
300 0.29 1953000000 44.457 1.13821 -1237.24 8.51717 1.53806e+06 20005.7 2.40922e+12 5.94816e+10 0.0939965 0.0443306 0.734528 0.00578638 0.574039 0.00429494 0.331106 0.00474388 0.75719 0.00289664 3.36476 0.0637116 4.5878 0.13348 2582.87 1346.18 2590.82 1346.36 2590.82 1346.36 0.402663 0.138446 
300 0.29 1954800000 44.457 1.13821 -1237.24 8.51717 1.53806e+06 20005.7 2.40922e+12 5.94816e+10 0.0939965 0.0443306 0.734528 0.00578638 0.574039 0.00429494 0.331106 0.00474388 0.75719 0.00289664 3.36476 0.0637116 4.5878 0.13348 2582.87 1346.18 2590.82 1346.36 2590.82 1346.36 0.402663 0.138446 
300 0.29 1956600000 44.457 1.13821 -1237.24 8.51717 1.53806e+06 20005.7 2.40922e+12 5.94816e+10 0.0939965 0.0443306 0.734528 0.00578638 0.574039 0.00429494 0.331106 0.00474388 0.75719 0.00289664 3.36476 0.0637116 4.5878 0.13348 2582.87 1346.18 2590.82 1346.36 2590.82 1346.36 0.402663 0.138446 
300 0.29 1958400000 44.457 1.13821 -1237.24 8.51717 1.53806e+06 20005.7 2.40922e+12 5.94816e+10 0.0939965 0.0443306 0.734528 0.00578638 0.574039 0.00429494 0.331106 0.00474388 0.75719 0.00289664 3.36476 0.0637116 4.5878 0.13348 2582.87 1346.18 2590.82 1346.36 2590.82 1346.36 0.402663 0.138446 
300 0.29 1960200000 44.457 1.13821 -1237.24 8.51717 1.53806e+06 20005.7 2.40922e+12 5.94816e+10 0.0939965 0.0443306 0.734528 0.00578638 0.574039 0.00429494 0.331106 0.00474388 0.75719 0.00289664 3.36476 0.0637116 4.5878 0.13348 2582.87 1346.18 2590.82 1346.36 2590.82 1346.36 0.402663 0.138446 
300 0.29 1962000000 44.457 1.13821 -1237.24 8.51717 1.53806e+06 20005.7 2.40922e+12 5.94816e+10 0.0939965 0.0443306 0.734528 0.00578638 0.574039 0.00429494 0.331106 0.00474388 0.75719 0.00289664 3.36476 0.0637116 4.5878 0.13348 2582.87 1346.18 2590.82 1346.36 2590.82 1346.36 0.402663 0.138446 
300 0.29 1963800000 44.457 1.13566 -1237.24 8.51717 1.53806e+06 20005.7 2.40922e+12 5.94816e+10 0.0939965 0.0443306 0.734528 0.00578638 0.574039 0.00429494 0.331106 0.00474388 0.75719 0.00289664 3.36476 0.0637116 4.5878 0.13348 2582.87 1346.18 2590.82 1346.36 2590.82 1346.36 0.402663 0.138446 
300 0.29 1965600000 44.457 1.13566 -1237.24 8.51717 1.53806e+06 20005.7 2.40922e+12 5.94816e+10 0.0939965 0.0443306 0.734528 0.00578638 0.574039 0.00429494 0.331106 0.00474388 0.75719 0.00289664 3.36476 0.0637116 4.5878 0.13348 2582.87 1346.18 2590.82 1346.36 2590.82 1346.36 0.402663 0.138446 
300 0.29 1967400000 44.457 1.13566 -1237.24 8.51717 1.53806e+06 20005.7 2.40922e+12 5.94816e+10 0.0939965 0.0443306 0.734528 0.00578638 0.574039 0.00429494 0.331106 0.00474388 0.75719 0.00289664 3.36476 0.0637116 4.5878 0.13348 2582.87 1346.18 2590.82 1346.36 2590.82 1346.36 0.402663 0.138446 
300 0.29 1969200000 44.457 1.13566 -1237.24 8.51717 1.53806e+06 20005.7 2.40922e+12 5.94816e+10 0.0939965 0.0443306 0.734528 0.00578638 0.574039 0.00429494 0.331106 0.00474388 0.75719 0.00289664 3.36476 0.0637116 4.5878 0.13348 2582.87 1346.18 2590.82 1346.36 2590.82 1346.36 0.402663 0.138446 
300 0.29 1971000000 44.457 1.13566 -1237.24 8.51717 1.53806e+06 20005.7 2.40922e+12 5.94816e+10 0.0939965 0.0443306 0.734528 0.00578638 0.574039 0.00429494 0.331106 0.00474388 0.75719 0.00289664 3.36476 0.0637116 4.5878 0.13348 2582.87 1346.18 2590.82 1346.36 2590.82 1346.36 0.402663 0.138446 
300 0.29 1972800000 44.457 1.13566 -1237.24 8.51717 1.53806e+06 20005.7 2.40922e+12 5.94816e+10 0.0939965 0.0443306 0.734528 0.00578638 0.574039 0.00429494 0.331106 0.00474388 0.75719 0.00289664 3.36476 0.0637116 4.5878 0.13348 2582.87 1346.18 2590.82 1346.36 2590.82 1346.36 0.402663 0.138446 
300 0.29 1974600000 44.457 1.13566 -1237.24 8.51717 1.53806e+06 20005.7 2.40922e+12 5.94816e+10 0.0939965 0.0443306 0.734528 0.00578638 0.574039 0.00429494 0.331106 0.00474388 0.75719 0.00289664 3.36476 0.0637116 4.5878 0.13348 2582.87 1346.18 2590.82 1346.36 2590.82 1346.36 0.402663 0.138446 
300 0.29 1976400000 44.457 1.13566 -1237.24 8.51717 1.53806e+06 20005.7 2.40922e+12 5.94816e+10 0.0939965 0.0443306 0.734528 0.00578638 0.574039 0.00429494 0.331106 0.00474388 0.75719 0.00289664 3.36476 0.0637116 4.5878 0.13348 2582.87 1346.18 2590.82 1346.36 2590.82 1346.36 0.402663 0.138446 
300 0.29 1978200000 44.457 1.13566 -1237.24 8.51717 1.53806e+06 20005.7 2.40922e+12 5.94816e+10 0.0939965 0.0443306 0.734528 0.00578638 0.574039 0.00429494 0.331106 0.00474388 0.75719 0.00289664 3.36476 0.0637116 4.5878 0.13348 2582.87 1346.18 2590.82 1346.36 2590.82 1346.36 0.402663 0.138446 
300 0.29 1980000000 44.457 1.13566 -1237.24 8.51717 1.53806e+06 20005.7 2.40922e+12 5.94816e+10 0.0939965 0.0443306 0.734528 0.00578638 0.574039 0.00429494 0.331106 0.00474388 0.75719 0.00289664 3.36476 0.0637116 4.5878 0.13348 2582.87 1346.18 2590.82 1346.36 2590.82 1346.36 0.402663 0.138446 
300 0.29 1981800000 44.457 1.13566 -1237.24 8.51717 1.53806e+06 20005.7 2.40922e+12 5.94816e+10 0.0939965 0.0443306 0.734528 0.00578638 0.574039 0.00429494 0.331106 0.00474388 0.75719 0.00289664 3.36476 0.0637116 4.5878 0.13348 2582.87 1346.18 2590.82 1346.36 2590.82 1346.36 0.402663 0.138446 
300 0.29 1983600000 44.457 1.13566 -1237.24 8.51717 1.53806e+06 20005.7 2.40922e+12 5.94816e+10 0.0939965 0.0443306 0.734528 0.00578638 0.574039 0.00429494 0.331106 0.00474388 0.75719 0.00289664 3.36476 0.0637116 4.5878 0.13348 2582.87 1346.18 2590.82 1346.36 2590.82 1346.36 0.402663 0.138446 
300 0.29 1985400000 44.457 1.13566 -1237.24 8.51717 1.53806e+06 20005.7 2.40922e+12 5.94816e+10 0.0939965 0.0443306 0.734528 0.00578638 0.574039 0.00429494 0.331106 0.00474388 0.75719 0.00289664 3.36476 0.0637116 4.5878 0.13348 2582.87 1346.18 2590.82 1346.36 2590.82 1346.36 0.402663 0.138446 
300 0.29 1987200000 44.457 1.13566 -1237.24 8.51717 1.53806e+06 20005.7 2.40922e+12 5.94816e+10 0.0939965 0.0443306 0.734528 0.00578638 0.574039 0.00429494 0.331106 0.00474388 0.75719 0.00289664 3.36476 0.0637116 4.5878 0.13348 2582.87 1346.18 2590.82 1346.36 2590.82 1346.36 0.402663 0.138446 
300 0.29 1989000000 44.457 1.13566 -1237.24 8.51717 1.53806e+06 20005.7 2.40922e+12 5.94816e+10 0.0939965 0.0443306 0.734528 0.00578638 0.574039 0.00429494 0.331106 0.00474388 0.75719 0.00289664 3.36476 0.0637116 4.5878 0.13348 2582.87 1346.18 2590.82 1346.36 2590.82 1346.36 0.402663 0.138446 
300 0.29 1990800000 44.457 1.13566 -1237.24 8.51717 1.53806e+06 20005.7 2.40922e+12 5.94816e+10 0.0939965 0.0443306 0.734528 0.00578638 0.574039 0.00429494 0.331106 0.00474388 0.75719 0.00289664 3.36476 0.0637116 4.5878 0.13348 2582.87 1346.18 2590.82 1346.36 2590.82 1346.36 0.402663 0.138446 
300 0.29 1992600000 43.9816 1.12869 -1240.67 8.51717 1.54681e+06 20005.7 2.43824e+12 6.05712e+10 0.0904954 0.0443306 0.736638 0.00578638 0.576209 0.00429494 0.333672 0.00485848 0.758604 0.00289664 3.35405 0.0637116 4.56671 0.13348 2431.25 1346.18 2439.18 1346.36 2439.18 1346.36 0.38054 0.138446 
300 0.29 1994400000 43.9816 1.12869 -1240.67 8.51717 1.54681e+06 20005.7 2.43824e+12 6.05712e+10 0.0904954 0.0443306 0.736638 0.00578638 0.576209 0.00429494 0.333672 0.00485848 0.758604 0.00289664 3.35405 0.0637116 4.56671 0.13348 2431.25 1346.18 2439.18 1346.36 2439.18 1346.36 0.38054 0.138446 
300 0.29 1996200000 43.9816 1.12869 -1240.67 8.51717 1.54681e+06 20005.7 2.43824e+12 6.05712e+10 0.0904954 0.0443306 0.736638 0.00578638 0.576209 0.00429494 0.333672 0.00485848 0.758604 0.00289664 3.35405 0.0637116 4.56671 0.13348 2431.25 1346.18 2439.18 1346.36 2439.18 1346.36 0.38054 0.138446 
300 0.29 1998000000 43.9816 1.12869 -1240.67 8.51717 1.54681e+06 20005.7 2.43824e+12 6.05712e+10 0.0904954 0.0443306 0.736638 0.00578638 0.576209 0.00429494 0.333672 0.00485848 0.758604 0.00289664 3.35405 0.0637116 4.56671 0.13348 2431.25 1346.18 2439.18 1346.36 2439.18 1346.36 0.38054 0.138446 
300 0.29 1999800000 43.9816 1.12869 -1240.67 8.51717 1.54681e+06 20005.7 2.43824e+12 6.05712e+10 0.0904954 0.0443306 0.736638 0.00578638 0.576209 0.00429494 0.333672 0.00485848 0.758604 0.00289664 3.35405 0.0637116 4.56671 0.13348 2431.25 1346.18 2439.18 1346.36 2439.18 1346.36 0.38054 0.138446 
300 0.29 2001600000 43.9816 1.12869 -1240.67 8.51717 1.54681e+06 20005.7 2.43824e+12 6.05712e+10 0.0904954 0.0443306 0.736638 0.00578638 0.576209 0.00429494 0.333672 0.00485848 0.758604 0.00289664 3.35405 0.0637116 4.56671 0.13348 2431.25 1346.18 2439.18 1346.36 2439.18 1346.36 0.38054 0.138446 
300 0.29 2003400000 43.9816 1.12869 -1240.67 8.51717 1.54681e+06 20005.7 2.43824e+12 6.05712e+10 0.0904954 0.0443306 0.736638 0.00578638 0.576209 0.00429494 0.333672 0.00485848 0.758604 0.00289664 3.35405 0.0637116 4.56671 0.13348 2431.25 1346.18 2439.18 1346.36 2439.18 1346.36 0.38054 0.138446 
300 0.29 2005200000 43.9816 1.12869 -1240.67 8.51717 1.54681e+06 20005.7 2.43824e+12 6.05712e+10 0.0904954 0.0443306 0.736638 0.00578638 0.576209 0.00429494 0.333672 0.00485848 0.758604 0.00289664 3.35405 0.0637116 4.56671 0.13348 2431.25 1346.18 2439.18 1346.36 2439.18 1346.36 0.38054 0.138446 
300 0.29 2007000000 43.9816 1.12869 -1240.67 8.51717 1.54681e+06 20005.7 2.43824e+12 6.05712e+10 0.0904954 0.0443306 0.736638 0.00578638 0.576209 0.00429494 0.333672 0.00485848 0.758604 0.00289664 3.35405 0.0637116 4.56671 0.13348 2431.25 1346.18 2439.18 1346.36 2439.18 1346.36 0.38054 0.138446 
300 0.29 2008800000 43.9816 1.12869 -1240.67 8.51717 1.54681e+06 20005.7 2.43824e+12 6.05712e+10 0.0904954 0.0443306 0.736638 0.00578638 0.576209 0.00429494 0.333672 0.00485848 0.758604 0.00289664 3.35405 0.0637116 4.56671 0.13348 2431.25 1346.18 2439.18 1346.36 2439.18 1346.36 0.38054 0.138446 
300 0.29 2010600000 43.9816 1.12869 -1240.67 8.51717 1.54681e+06 20005.7 2.43824e+12 6.05712e+10 0.0904954 0.0443306 0.736638 0.00578638 0.576209 0.00429494 0.333672 0.00485848 0.758604 0.00289664 3.35405 0.0637116 4.56671 0.13348 2431.25 1346.18 2439.18 1346.36 2439.18 1346.36 0.38054 0.138446 
300 0.29 2012400000 43.9816 1.12869 -1240.67 8.51717 1.54681e+06 20005.7 2.43824e+12 6.05712e+10 0.0904954 0.0443306 0.736638 0.00578638 0.576209 0.00429494 0.333672 0.00485848 0.758604 0.00289664 3.35405 0.0637116 4.56671 0.13348 2431.25 1346.18 2439.18 1346.36 2439.18 1346.36 0.38054 0.138446 
300 0.29 2014200000 43.9816 1.12869 -1240.67 8.51717 1.54681e+06 20005.7 2.43824e+12 6.05712e+10 0.0904954 0.0443306 0.736638 0.00578638 0.576209 0.00429494 0.333672 0.00485848 0.758604 0.00289664 3.35405 0.0637116 4.56671 0.13348 2431.25 1346.18 2439.18 1346.36 2439.18 1346.36 0.38054 0.138446 
300 0.29 2016000000 43.9816 1.12869 -1240.67 8.51717 1.54681e+06 20005.7 2.43824e+12 6.05712e+10 0.0904954 0.0443306 0.736638 0.00578638 0.576209 0.00429494 0.333672 0.00485848 0.758604 0.00289664 3.35405 0.0637116 4.56671 0.13348 2431.25 1346.18 2439.18 1346.36 2439.18 1346.36 0.38054 0.138446 
300 0.29 2017800000 43.9816 1.12869 -1240.67 8.51717 1.54681e+06 20005.7 2.43824e+12 6.05712e+10 0.0904954 0.0443306 0.736638 0.00578638 0.576209 0.00429494 0.333672 0.00485848 0.758604 0.00289664 3.35405 0.0637116 4.56671 0.13348 2431.25 1346.18 2439.18 1346.36 2439.18 1346.36 0.38054 0.138446 
300 0.29 2019600000 43.9816 1.12869 -1240.67 8.51717 1.54681e+06 20005.7 2.43824e+12 6.05712e+10 0.0904954 0.0443306 0.736638 0.00578638 0.576209 0.00429494 0.333672 0.00485848 0.758604 0.00289664 3.35405 0.0637116 4.56671 0.13348 2431.25 1346.18 2439.18 1346.36 2439.18 1346.36 0.38054 0.138446 
300 0.29 2021400000 43.9816 1.1177 -1240.67 8.51717 1.54681e+06 20005.7 2.43824e+12 6.05712e+10 0.0904954 0.0443306 0.736638 0.00578638 0.576209 0.00429494 0.333672 0.00485848 0.758604 0.00289664 3.35405 0.0637116 4.56671 0.13348 2431.25 1346.18 2439.18 1346.36 2439.18 1346.36 0.38054 0.138446 
300 0.29 2023200000 43.9816 1.1177 -1240.67 8.51717 1.54681e+06 20005.7 2.43824e+12 6.05712e+10 0.0904954 0.0443306 0.736638 0.00578638 0.576209 0.00429494 0.333672 0.00485848 0.758604 0.00289664 3.35405 0.0637116 4.56671 0.13348 2431.25 1346.18 2439.18 1346.36 2439.18 1346.36 0.38054 0.138446 
300 0.29 2025000000 43.9816 1.1177 -1240.67 8.51717 1.54681e+06 20005.7 2.43824e+12 6.05712e+10 0.0904954 0.0443306 0.736638 0.00578638 0.576209 0.00429494 0.333672 0.00485848 0.758604 0.00289664 3.35405 0.0637116 4.56671 0.13348 2431.25 1346.18 2439.18 1346.36 2439.18 1346.36 0.38054 0.138446 
300 0.29 2026800000 43.9816 1.1177 -1240.67 8.51717 1.54681e+06 20005.7 2.43824e+12 6.05712e+10 0.0904954 0.0443306 0.736638 0.00578638 0.576209 0.00429494 0.333672 0.00485848 0.758604 0.00289664 3.35405 0.0637116 4.56671 0.13348 2431.25 1346.18 2439.18 1346.36 2439.18 1346.36 0.38054 0.138446 
300 0.29 2028600000 43.9816 1.1177 -1240.67 8.51717 1.54681e+06 20005.7 2.43824e+12 6.05712e+10 0.0904954 0.0443306 0.736638 0.00578638 0.576209 0.00429494 0.333672 0.00485848 0.758604 0.00289664 3.35405 0.0637116 4.56671 0.13348 2431.25 1346.18 2439.18 1346.36 2439.18 1346.36 0.38054 0.138446 
300 0.29 2030400000 43.9816 1.1177 -1240.67 8.51717 1.54681e+06 20005.7 2.43824e+12 6.05712e+10 0.0904954 0.0443306 0.736638 0.00578638 0.576209 0.00429494 0.333672 0.00485848 0.758604 0.00289664 3.35405 0.0637116 4.56671 0.13348 2431.25 1346.18 2439.18 1346.36 2439.18 1346.36 0.38054 0.138446 
300 0.29 2032200000 43.9816 1.1177 -1240.67 8.51717 1.54681e+06 20005.7 2.43824e+12 6.05712e+10 0.0904954 0.0443306 0.736638 0.00578638 0.576209 0.00429494 0.333672 0.00485848 0.758604 0.00289664 3.35405 0.0637116 4.56671 0.13348 2431.25 1346.18 2439.18 1346.36 2439.18 1346.36 0.38054 0.138446 
300 0.29 2034000000 43.9816 1.1177 -1240.67 8.51717 1.54681e+06 20005.7 2.43824e+12 6.05712e+10 0.0904954 0.0443306 0.736638 0.00578638 0.576209 0.00429494 0.333672 0.00485848 0.758604 0.00289664 3.35405 0.0637116 4.56671 0.13348 2431.25 1346.18 2439.18 1346.36 2439.18 1346.36 0.38054 0.138446 
300 0.29 2035800000 43.9816 1.1177 -1240.67 8.51717 1.54681e+06 20005.7 2.43824e+12 6.05712e+10 0.0904954 0.0443306 0.736638 0.00578638 0.576209 0.00429494 0.333672 0.00485848 0.758604 0.00289664 3.35405 0.0637116 4.56671 0.13348 2431.25 1346.18 2439.18 1346.36 2439.18 1346.36 0.38054 0.138446 
300 0.29 2037600000 43.9816 1.1177 -1240.67 8.51717 1.54681e+06 20005.7 2.43824e+12 6.05712e+10 0.0904954 0.0443306 0.736638 0.00578638 0.576209 0.00429494 0.333672 0.00485848 0.758604 0.00289664 3.35405 0.0637116 4.56671 0.13348 2431.25 1346.18 2439.18 1346.36 2439.18 1346.36 0.38054 0.138446 
300 0.29 2039400000 43.9816 1.1177 -1240.67 8.51717 1.54681e+06 20005.7 2.43824e+12 6.05712e+10 0.0904954 0.0443306 0.736638 0.00578638 0.576209 0.00429494 0.333672 0.00485848 0.758604 0.00289664 3.35405 0.0637116 4.56671 0.13348 2431.25 1346.18 2439.18 1346.36 2439.18 1346.36 0.38054 0.138446 
300 0.29 2041200000 43.9816 1.1177 -1240.67 8.51717 1.54681e+06 20005.7 2.43824e+12 6.05712e+10 0.0904954 0.0443306 0.736638 0.00578638 0.576209 0.00429494 0.333672 0.00485848 0.758604 0.00289664 3.35405 0.0637116 4.56671 0.13348 2431.25 1346.18 2439.18 1346.36 2439.18 1346.36 0.38054 0.138446 
300 0.29 2043000000 43.9816 1.1177 -1240.67 8.51717 1.54681e+06 20005.7 2.43824e+12 6.05712e+10 0.0904954 0.0443306 0.736638 0.00578638 0.576209 0.00429494 0.333672 0.00485848 0.758604 0.00289664 3.35405 0.0637116 4.56671 0.13348 2431.25 1346.18 2439.18 1346.36 2439.18 1346.36 0.38054 0.138446 
300 0.29 2044800000 43.9816 1.1177 -1240.67 8.51717 1.54681e+06 20005.7 2.43824e+12 6.05712e+10 0.0904954 0.0443306 0.736638 0.00578638 0.576209 0.00429494 0.333672 0.00485848 0.758604 0.00289664 3.35405 0.0637116 4.56671 0.13348 2431.25 1346.18 2439.18 1346.36 2439.18 1346.36 0.38054 0.138446 
300 0.29 2046600000 43.9816 1.1177 -1240.67 8.51717 1.54681e+06 20005.7 2.43824e+12 6.05712e+10 0.0904954 0.0443306 0.736638 0.00578638 0.576209 0.00429494 0.333672 0.00485848 0.758604 0.00289664 3.35405 0.0637116 4.56671 0.13348 2431.25 1346.18 2439.18 1346.36 2439.18 1346.36 0.38054 0.138446 
300 0.29 2048400000 43.9816 1.1177 -1240.67 8.51717 1.54681e+06 20005.7 2.43824e+12 6.05712e+10 0.0904954 0.0443306 0.736638 0.00578638 0.576209 0.00429494 0.333672 0.00485848 0.758604 0.00289664 3.35405 0.0637116 4.56671 0.13348 2431.25 1346.18 2439.18 1346.36 2439.18 1346.36 0.38054 0.138446 
300 0.29 2050200000 43.9816 1.11106 -1240.67 8.51717 1.54681e+06 20005.7 2.43824e+12 6.05712e+10 0.0904954 0.0443306 0.736638 0.00578638 0.576209 0.00429494 0.333672 0.00485848 0.758604 0.00289664 3.35405 0.0637116 4.56671 0.13348 2431.25 1346.18 2439.18 1346.36 2439.18 1346.36 0.38054 0.138446 
300 0.29 2052000000 43.9816 1.11106 -1240.67 8.51717 1.54681e+06 20005.7 2.43824e+12 6.05712e+10 0.0904954 0.0443306 0.736638 0.00578638 0.576209 0.00429494 0.333672 0.00485848 0.758604 0.00289664 3.35405 0.0637116 4.56671 0.13348 2431.25 1346.18 2439.18 1346.36 2439.18 1346.36 0.38054 0.138446 
300 0.29 2053800000 43.9816 1.11106 -1240.67 8.51717 1.54681e+06 20005.7 2.43824e+12 6.05712e+10 0.0904954 0.0443306 0.736638 0.00578638 0.576209 0.00429494 0.333672 0.00485848 0.758604 0.00289664 3.35405 0.0637116 4.56671 0.13348 2431.25 1346.18 2439.18 1346.36 2439.18 1346.36 0.38054 0.138446 
300 0.29 2055600000 43.9816 1.11106 -1240.67 8.51717 1.54681e+06 20005.7 2.43824e+12 6.05712e+10 0.0904954 0.0443306 0.736638 0.00578638 0.576209 0.00429494 0.333672 0.00485848 0.758604 0.00289664 3.35405 0.0637116 4.56671 0.13348 2431.25 1346.18 2439.18 1346.36 2439.18 1346.36 0.38054 0.138446 
300 0.29 2057400000 43.9816 1.11106 -1240.67 8.51717 1.54681e+06 20005.7 2.43824e+12 6.05712e+10 0.0904954 0.0443306 0.736638 0.00578638 0.576209 0.00429494 0.333672 0.00485848 0.758604 0.00289664 3.35405 0.0637116 4.56671 0.13348 2431.25 1346.18 2439.18 1346.36 2439.18 1346.36 0.38054 0.138446 
300 0.29 2059200000 43.9816 1.11106 -1240.67 8.51717 1.54681e+06 20005.7 2.43824e+12 6.05712e+10 0.0904954 0.0443306 0.736638 0.00578638 0.576209 0.00429494 0.333672 0.00485848 0.758604 0.00289664 3.35405 0.0637116 4.56671 0.13348 2431.25 1346.18 2439.18 1346.36 2439.18 1346.36 0.38054 0.138446 
300 0.29 2061000000 43.9816 1.11106 -1240.67 8.51717 1.54681e+06 20005.7 2.43824e+12 6.05712e+10 0.0904954 0.0443306 0.736638 0.00578638 0.576209 0.00429494 0.333672 0.00485848 0.758604 0.00289664 3.35405 0.0637116 4.56671 0.13348 2431.25 1346.18 2439.18 1346.36 2439.18 1346.36 0.38054 0.138446 
300 0.29 2062800000 43.9816 1.11106 -1240.67 8.51717 1.54681e+06 20005.7 2.43824e+12 6.05712e+10 0.0904954 0.0443306 0.736638 0.00578638 0.576209 0.00429494 0.333672 0.00485848 0.758604 0.00289664 3.35405 0.0637116 4.56671 0.13348 2431.25 1346.18 2439.18 1346.36 2439.18 1346.36 0.38054 0.138446 
300 0.29 2064600000 43.9816 1.11106 -1240.67 8.51717 1.54681e+06 20005.7 2.43824e+12 6.05712e+10 0.0904954 0.0443306 0.736638 0.00578638 0.576209 0.00429494 0.333672 0.00485848 0.758604 0.00289664 3.35405 0.0637116 4.56671 0.13348 2431.25 1346.18 2439.18 1346.36 2439.18 1346.36 0.38054 0.138446 
300 0.29 2066400000 43.9816 1.11106 -1240.67 8.51717 1.54681e+06 20005.7 2.43824e+12 6.05712e+10 0.0904954 0.0443306 0.736638 0.00578638 0.576209 0.00429494 0.333672 0.00485848 0.758604 0.00289664 3.35405 0.0637116 4.56671 0.13348 2431.25 1346.18 2439.18 1346.36 2439.18 1346.36 0.38054 0.138446 
300 0.29 2068200000 43.9816 1.11106 -1240.67 8.51717 1.54681e+06 20005.7 2.43824e+12 6.05712e+10 0.0904954 0.0443306 0.736638 0.00578638 0.576209 0.00429494 0.333672 0.00485848 0.758604 0.00289664 3.35405 0.0637116 4.56671 0.13348 2431.25 1346.18 2439.18 1346.36 2439.18 1346.36 0.38054 0.138446 
300 0.29 2070000000 43.9816 1.11106 -1240.67 8.51717 1.54681e+06 20005.7 2.43824e+12 6.05712e+10 0.0904954 0.0443306 0.736638 0.00578638 0.576209 0.00429494 0.333672 0.00485848 0.758604 0.00289664 3.35405 0.0637116 4.56671 0.13348 2431.25 1346.18 2439.18 1346.36 2439.18 1346.36 0.38054 0.138446 
300 0.29 2071800000 43.9816 1.11106 -1240.67 8.51717 1.54681e+06 20005.7 2.43824e+12 6.05712e+10 0.0904954 0.0443306 0.736638 0.00578638 0.576209 0.00429494 0.333672 0.00485848 0.758604 0.00289664 3.35405 0.0637116 4.56671 0.13348 2431.25 1346.18 2439.18 1346.36 2439.18 1346.36 0.38054 0.138446 
300 0.29 2073600000 43.9816 1.11106 -1240.67 8.51717 1.54681e+06 20005.7 2.43824e+12 6.05712e+10 0.0904954 0.0443306 0.736638 0.00578638 0.576209 0.00429494 0.333672 0.00485848 0.758604 0.00289664 3.35405 0.0637116 4.56671 0.13348 2431.25 1346.18 2439.18 1346.36 2439.18 1346.36 0.38054 0.138446 
300 0.29 2075400000 43.9816 1.11106 -1240.67 8.51717 1.54681e+06 20005.7 2.43824e+12 6.05712e+10 0.0904954 0.0443306 0.736638 0.00578638 0.576209 0.00429494 0.333672 0.00485848 0.758604 0.00289664 3.35405 0.0637116 4.56671 0.13348 2431.25 1346.18 2439.18 1346.36 2439.18 1346.36 0.38054 0.138446 
300 0.29 2077200000 43.9816 1.11106 -1240.67 8.51717 1.54681e+06 20005.7 2.43824e+12 6.05712e+10 0.0904954 0.0443306 0.736638 0.00578638 0.576209 0.00429494 0.333672 0.00485848 0.758604 0.00289664 3.35405 0.0637116 4.56671 0.13348 2431.25 1346.18 2439.18 1346.36 2439.18 1346.36 0.38054 0.138446 
300 0.29 2079000000 43.9816 1.10341 -1240.67 8.51717 1.54681e+06 20005.7 2.43824e+12 6.05712e+10 0.0904954 0.0443306 0.736638 0.00578638 0.576209 0.00429494 0.333672 0.00485848 0.758604 0.00289664 3.35405 0.0637116 4.56671 0.13348 2431.25 1346.18 2439.18 1346.36 2439.18 1346.36 0.38054 0.138446 
300 0.29 2080800000 43.9816 1.10341 -1240.67 8.51717 1.54681e+06 20005.7 2.43824e+12 6.05712e+10 0.0904954 0.0443306 0.736638 0.00578638 0.576209 0.00429494 0.333672 0.00485848 0.758604 0.00289664 3.35405 0.0637116 4.56671 0.13348 2431.25 1346.18 2439.18 1346.36 2439.18 1346.36 0.38054 0.138446 
300 0.29 2082600000 43.9816 1.10341 -1240.67 8.51717 1.54681e+06 20005.7 2.43824e+12 6.05712e+10 0.0904954 0.0443306 0.736638 0.00578638 0.576209 0.00429494 0.333672 0.00485848 0.758604 0.00289664 3.35405 0.0637116 4.56671 0.13348 2431.25 1346.18 2439.18 1346.36 2439.18 1346.36 0.38054 0.138446 
300 0.29 2084400000 43.9816 1.10341 -1240.67 8.51717 1.54681e+06 20005.7 2.43824e+12 6.05712e+10 0.0904954 0.0443306 0.736638 0.00578638 0.576209 0.00429494 0.333672 0.00485848 0.758604 0.00289664 3.35405 0.0637116 4.56671 0.13348 2431.25 1346.18 2439.18 1346.36 2439.18 1346.36 0.38054 0.138446 
300 0.29 2086200000 43.9816 1.10341 -1240.67 8.51717 1.54681e+06 20005.7 2.43824e+12 6.05712e+10 0.0904954 0.0443306 0.736638 0.00578638 0.576209 0.00429494 0.333672 0.00485848 0.758604 0.00289664 3.35405 0.0637116 4.56671 0.13348 2431.25 1346.18 2439.18 1346.36 2439.18 1346.36 0.38054 0.138446 
300 0.29 2088000000 43.9816 1.10341 -1240.67 8.51717 1.54681e+06 20005.7 2.43824e+12 6.05712e+10 0.0904954 0.0443306 0.736638 0.00578638 0.576209 0.00429494 0.333672 0.00485848 0.758604 0.00289664 3.35405 0.0637116 4.56671 0.13348 2431.25 1346.18 2439.18 1346.36 2439.18 1346.36 0.38054 0.138446 
300 0.29 2089800000 43.9816 1.10341 -1240.67 8.51717 1.54681e+06 20005.7 2.43824e+12 6.05712e+10 0.0904954 0.0443306 0.736638 0.00578638 0.576209 0.00429494 0.333672 0.00485848 0.758604 0.00289664 3.35405 0.0637116 4.56671 0.13348 2431.25 1346.18 2439.18 1346.36 2439.18 1346.36 0.38054 0.138446 
300 0.29 2091600000 43.9816 1.10341 -1240.67 8.51717 1.54681e+06 20005.7 2.43824e+12 6.05712e+10 0.0904954 0.0443306 0.736638 0.00578638 0.576209 0.00429494 0.333672 0.00485848 0.758604 0.00289664 3.35405 0.0637116 4.56671 0.13348 2431.25 1346.18 2439.18 1346.36 2439.18 1346.36 0.38054 0.138446 
300 0.29 2093400000 43.9816 1.10341 -1240.67 8.51717 1.54681e+06 20005.7 2.43824e+12 6.05712e+10 0.0904954 0.0443306 0.736638 0.00578638 0.576209 0.00429494 0.333672 0.00485848 0.758604 0.00289664 3.35405 0.0637116 4.56671 0.13348 2431.25 1346.18 2439.18 1346.36 2439.18 1346.36 0.38054 0.138446 
300 0.29 2095200000 43.9816 1.10341 -1240.67 8.51717 1.54681e+06 20005.7 2.43824e+12 6.05712e+10 0.0904954 0.0443306 0.736638 0.00578638 0.576209 0.00429494 0.333672 0.00485848 0.758604 0.00289664 3.35405 0.0637116 4.56671 0.13348 2431.25 1346.18 2439.18 1346.36 2439.18 1346.36 0.38054 0.138446 
300 0.29 2097000000 43.9816 1.10341 -1240.67 8.51717 1.54681e+06 20005.7 2.43824e+12 6.05712e+10 0.0904954 0.0443306 0.736638 0.00578638 0.576209 0.00429494 0.333672 0.00485848 0.758604 0.00289664 3.35405 0.0637116 4.56671 0.13348 2431.25 1346.18 2439.18 1346.36 2439.18 1346.36 0.38054 0.138446 
300 0.29 2098800000 43.9816 1.10341 -1240.67 8.51717 1.54681e+06 20005.7 2.43824e+12 6.05712e+10 0.0904954 0.0443306 0.736638 0.00578638 0.576209 0.00429494 0.333672 0.00485848 0.758604 0.00289664 3.35405 0.0637116 4.56671 0.13348 2431.25 1346.18 2439.18 1346.36 2439.18 1346.36 0.38054 0.138446 
300 0.29 2100600000 43.9816 1.10341 -1240.67 8.51717 1.54681e+06 20005.7 2.43824e+12 6.05712e+10 0.0904954 0.0443306 0.736638 0.00578638 0.576209 0.00429494 0.333672 0.00485848 0.758604 0.00289664 3.35405 0.0637116 4.56671 0.13348 2431.25 1346.18 2439.18 1346.36 2439.18 1346.36 0.38054 0.138446 
300 0.29 2102400000 43.9816 1.10341 -1240.67 8.51717 1.54681e+06 20005.7 2.43824e+12 6.05712e+10 0.0904954 0.0443306 0.736638 0.00578638 0.576209 0.00429494 0.333672 0.00485848 0.758604 0.00289664 3.35405 0.0637116 4.56671 0.13348 2431.25 1346.18 2439.18 1346.36 2439.18 1346.36 0.38054 0.138446 
300 0.29 2104200000 43.9816 1.10341 -1240.67 8.51717 1.54681e+06 20005.7 2.43824e+12 6.05712e+10 0.0904954 0.0443306 0.736638 0.00578638 0.576209 0.00429494 0.333672 0.00485848 0.758604 0.00289664 3.35405 0.0637116 4.56671 0.13348 2431.25 1346.18 2439.18 1346.36 2439.18 1346.36 0.38054 0.138446 
300 0.29 2106000000 43.9816 1.10341 -1240.67 8.51717 1.54681e+06 20005.7 2.43824e+12 6.05712e+10 0.0904954 0.0443306 0.736638 0.00578638 0.576209 0.00429494 0.333672 0.00485848 0.758604 0.00289664 3.35405 0.0637116 4.56671 0.13348 2431.25 1346.18 2439.18 1346.36 2439.18 1346.36 0.38054 0.138446 
300 0.29 2107800000 44.1441 1.0881 -1239.98 7.9979 1.54504e+06 18961.8 2.43242e+12 5.74855e+10 0.064228 0.0483782 0.731153 0.00745094 0.575496 0.00408771 0.332827 0.0046615 0.75814 0.00272622 3.35119 0.0580601 4.55209 0.123331 2296.5 1226.68 2304.4 1226.86 2304.4 1226.86 0.360827 0.12923 
300 0.29 2109600000 44.1441 1.0881 -1239.98 7.9979 1.54504e+06 18961.8 2.43242e+12 5.74855e+10 0.064228 0.0483782 0.731153 0.00745094 0.575496 0.00408771 0.332827 0.0046615 0.75814 0.00272622 3.35119 0.0580601 4.55209 0.123331 2296.5 1226.68 2304.4 1226.86 2304.4 1226.86 0.360827 0.12923 
300 0.29 2111400000 44.1441 1.0881 -1239.98 7.9979 1.54504e+06 18961.8 2.43242e+12 5.74855e+10 0.064228 0.0483782 0.731153 0.00745094 0.575496 0.00408771 0.332827 0.0046615 0.75814 0.00272622 3.35119 0.0580601 4.55209 0.123331 2296.5 1226.68 2304.4 1226.86 2304.4 1226.86 0.360827 0.12923 
300 0.29 2113200000 44.1441 1.0881 -1239.98 7.9979 1.54504e+06 18961.8 2.43242e+12 5.74855e+10 0.064228 0.0483782 0.731153 0.00745094 0.575496 0.00408771 0.332827 0.0046615 0.75814 0.00272622 3.35119 0.0580601 4.55209 0.123331 2296.5 1226.68 2304.4 1226.86 2304.4 1226.86 0.360827 0.12923 
300 0.29 2115000000 44.1441 1.0881 -1239.98 7.9979 1.54504e+06 18961.8 2.43242e+12 5.74855e+10 0.064228 0.0483782 0.731153 0.00745094 0.575496 0.00408771 0.332827 0.0046615 0.75814 0.00272622 3.35119 0.0580601 4.55209 0.123331 2296.5 1226.68 2304.4 1226.86 2304.4 1226.86 0.360827 0.12923 
300 0.29 2116800000 44.1441 1.0881 -1239.98 7.9979 1.54504e+06 18961.8 2.43242e+12 5.74855e+10 0.064228 0.0483782 0.731153 0.00745094 0.575496 0.00408771 0.332827 0.0046615 0.75814 0.00272622 3.35119 0.0580601 4.55209 0.123331 2296.5 1226.68 2304.4 1226.86 2304.4 1226.86 0.360827 0.12923 
300 0.29 2118600000 44.1441 1.0881 -1239.98 7.9979 1.54504e+06 18961.8 2.43242e+12 5.74855e+10 0.064228 0.0483782 0.731153 0.00745094 0.575496 0.00408771 0.332827 0.0046615 0.75814 0.00272622 3.35119 0.0580601 4.55209 0.123331 2296.5 1226.68 2304.4 1226.86 2304.4 1226.86 0.360827 0.12923 
300 0.29 2120400000 44.1441 1.0881 -1239.98 7.9979 1.54504e+06 18961.8 2.43242e+12 5.74855e+10 0.064228 0.0483782 0.731153 0.00745094 0.575496 0.00408771 0.332827 0.0046615 0.75814 0.00272622 3.35119 0.0580601 4.55209 0.123331 2296.5 1226.68 2304.4 1226.86 2304.4 1226.86 0.360827 0.12923 
300 0.29 2122200000 44.1441 1.0881 -1239.98 7.9979 1.54504e+06 18961.8 2.43242e+12 5.74855e+10 0.064228 0.0483782 0.731153 0.00745094 0.575496 0.00408771 0.332827 0.0046615 0.75814 0.00272622 3.35119 0.0580601 4.55209 0.123331 2296.5 1226.68 2304.4 1226.86 2304.4 1226.86 0.360827 0.12923 
300 0.29 2124000000 44.1441 1.0881 -1239.98 7.9979 1.54504e+06 18961.8 2.43242e+12 5.74855e+10 0.064228 0.0483782 0.731153 0.00745094 0.575496 0.00408771 0.332827 0.0046615 0.75814 0.00272622 3.35119 0.0580601 4.55209 0.123331 2296.5 1226.68 2304.4 1226.86 2304.4 1226.86 0.360827 0.12923 
300 0.29 2125800000 44.1441 1.0881 -1239.98 7.9979 1.54504e+06 18961.8 2.43242e+12 5.74855e+10 0.064228 0.0483782 0.731153 0.00745094 0.575496 0.00408771 0.332827 0.0046615 0.75814 0.00272622 3.35119 0.0580601 4.55209 0.123331 2296.5 1226.68 2304.4 1226.86 2304.4 1226.86 0.360827 0.12923 
300 0.29 2127600000 44.1441 1.0881 -1239.98 7.9979 1.54504e+06 18961.8 2.43242e+12 5.74855e+10 0.064228 0.0483782 0.731153 0.00745094 0.575496 0.00408771 0.332827 0.0046615 0.75814 0.00272622 3.35119 0.0580601 4.55209 0.123331 2296.5 1226.68 2304.4 1226.86 2304.4 1226.86 0.360827 0.12923 
300 0.29 2129400000 44.1441 1.0881 -1239.98 7.9979 1.54504e+06 18961.8 2.43242e+12 5.74855e+10 0.064228 0.0483782 0.731153 0.00745094 0.575496 0.00408771 0.332827 0.0046615 0.75814 0.00272622 3.35119 0.0580601 4.55209 0.123331 2296.5 1226.68 2304.4 1226.86 2304.4 1226.86 0.360827 0.12923 
300 0.29 2131200000 44.1441 1.0881 -1239.98 7.9979 1.54504e+06 18961.8 2.43242e+12 5.74855e+10 0.064228 0.0483782 0.731153 0.00745094 0.575496 0.00408771 0.332827 0.0046615 0.75814 0.00272622 3.35119 0.0580601 4.55209 0.123331 2296.5 1226.68 2304.4 1226.86 2304.4 1226.86 0.360827 0.12923 
300 0.29 2133000000 44.1441 1.0881 -1239.98 7.9979 1.54504e+06 18961.8 2.43242e+12 5.74855e+10 0.064228 0.0483782 0.731153 0.00745094 0.575496 0.00408771 0.332827 0.0046615 0.75814 0.00272622 3.35119 0.0580601 4.55209 0.123331 2296.5 1226.68 2304.4 1226.86 2304.4 1226.86 0.360827 0.12923 
300 0.29 2134800000 44.1441 1.0881 -1239.98 7.9979 1.54504e+06 18961.8 2.43242e+12 5.74855e+10 0.064228 0.0483782 0.731153 0.00745094 0.575496 0.00408771 0.332827 0.0046615 0.75814 0.00272622 3.35119 0.0580601 4.55209 0.123331 2296.5 1226.68 2304.4 1226.86 2304.4 1226.86 0.360827 0.12923 
300 0.29 2136600000 44.1441 1.0745 -1239.98 7.9979 1.54504e+06 18961.8 2.43242e+12 5.74855e+10 0.064228 0.0483782 0.731153 0.00745094 0.575496 0.00408771 0.332827 0.0046615 0.75814 0.00272622 3.35119 0.0580601 4.55209 0.123331 2296.5 1226.68 2304.4 1226.86 2304.4 1226.86 0.360827 0.12923 
300 0.29 2138400000 44.1441 1.0745 -1239.98 7.9979 1.54504e+06 18961.8 2.43242e+12 5.74855e+10 0.064228 0.0483782 0.731153 0.00745094 0.575496 0.00408771 0.332827 0.0046615 0.75814 0.00272622 3.35119 0.0580601 4.55209 0.123331 2296.5 1226.68 2304.4 1226.86 2304.4 1226.86 0.360827 0.12923 
300 0.29 2140200000 44.1441 1.0745 -1239.98 7.9979 1.54504e+06 18961.8 2.43242e+12 5.74855e+10 0.064228 0.0483782 0.731153 0.00745094 0.575496 0.00408771 0.332827 0.0046615 0.75814 0.00272622 3.35119 0.0580601 4.55209 0.123331 2296.5 1226.68 2304.4 1226.86 2304.4 1226.86 0.360827 0.12923 
300 0.29 2142000000 44.1441 1.0745 -1239.98 7.9979 1.54504e+06 18961.8 2.43242e+12 5.74855e+10 0.064228 0.0483782 0.731153 0.00745094 0.575496 0.00408771 0.332827 0.0046615 0.75814 0.00272622 3.35119 0.0580601 4.55209 0.123331 2296.5 1226.68 2304.4 1226.86 2304.4 1226.86 0.360827 0.12923 
300 0.29 2143800000 44.1441 1.0745 -1239.98 7.9979 1.54504e+06 18961.8 2.43242e+12 5.74855e+10 0.064228 0.0483782 0.731153 0.00745094 0.575496 0.00408771 0.332827 0.0046615 0.75814 0.00272622 3.35119 0.0580601 4.55209 0.123331 2296.5 1226.68 2304.4 1226.86 2304.4 1226.86 0.360827 0.12923 
300 0.29 2145600000 44.1441 1.0745 -1239.98 7.9979 1.54504e+06 18961.8 2.43242e+12 5.74855e+10 0.064228 0.0483782 0.731153 0.00745094 0.575496 0.00408771 0.332827 0.0046615 0.75814 0.00272622 3.35119 0.0580601 4.55209 0.123331 2296.5 1226.68 2304.4 1226.86 2304.4 1226.86 0.360827 0.12923 
300 0.29 2147400000 44.1441 1.0745 -1239.98 7.9979 1.54504e+06 18961.8 2.43242e+12 5.74855e+10 0.064228 0.0483782 0.731153 0.00745094 0.575496 0.00408771 0.332827 0.0046615 0.75814 0.00272622 3.35119 0.0580601 4.55209 0.123331 2296.5 1226.68 2304.4 1226.86 2304.4 1226.86 0.360827 0.12923 
300 0.29 2149200000 44.1441 1.0745 -1239.98 7.9979 1.54504e+06 18961.8 2.43242e+12 5.74855e+10 0.064228 0.0483782 0.731153 0.00745094 0.575496 0.00408771 0.332827 0.0046615 0.75814 0.00272622 3.35119 0.0580601 4.55209 0.123331 2296.5 1226.68 2304.4 1226.86 2304.4 1226.86 0.360827 0.12923 
300 0.29 2151000000 44.1441 1.0745 -1239.98 7.9979 1.54504e+06 18961.8 2.43242e+12 5.74855e+10 0.064228 0.0483782 0.731153 0.00745094 0.575496 0.00408771 0.332827 0.0046615 0.75814 0.00272622 3.35119 0.0580601 4.55209 0.123331 2296.5 1226.68 2304.4 1226.86 2304.4 1226.86 0.360827 0.12923 
300 0.29 2152800000 44.1441 1.0745 -1239.98 7.9979 1.54504e+06 18961.8 2.43242e+12 5.74855e+10 0.064228 0.0483782 0.731153 0.00745094 0.575496 0.00408771 0.332827 0.0046615 0.75814 0.00272622 3.35119 0.0580601 4.55209 0.123331 2296.5 1226.68 2304.4 1226.86 2304.4 1226.86 0.360827 0.12923 
300 0.29 2154600000 44.1441 1.0745 -1239.98 7.9979 1.54504e+06 18961.8 2.43242e+12 5.74855e+10 0.064228 0.0483782 0.731153 0.00745094 0.575496 0.00408771 0.332827 0.0046615 0.75814 0.00272622 3.35119 0.0580601 4.55209 0.123331 2296.5 1226.68 2304.4 1226.86 2304.4 1226.86 0.360827 0.12923 
300 0.29 2156400000 44.1441 1.0745 -1239.98 7.9979 1.54504e+06 18961.8 2.43242e+12 5.74855e+10 0.064228 0.0483782 0.731153 0.00745094 0.575496 0.00408771 0.332827 0.0046615 0.75814 0.00272622 3.35119 0.0580601 4.55209 0.123331 2296.5 1226.68 2304.4 1226.86 2304.4 1226.86 0.360827 0.12923 
300 0.29 2158200000 44.1441 1.0745 -1239.98 7.9979 1.54504e+06 18961.8 2.43242e+12 5.74855e+10 0.064228 0.0483782 0.731153 0.00745094 0.575496 0.00408771 0.332827 0.0046615 0.75814 0.00272622 3.35119 0.0580601 4.55209 0.123331 2296.5 1226.68 2304.4 1226.86 2304.4 1226.86 0.360827 0.12923 
300 0.29 2160000000 44.1441 1.0745 -1239.98 7.9979 1.54504e+06 18961.8 2.43242e+12 5.74855e+10 0.064228 0.0483782 0.731153 0.00745094 0.575496 0.00408771 0.332827 0.0046615 0.75814 0.00272622 3.35119 0.0580601 4.55209 0.123331 2296.5 1226.68 2304.4 1226.86 2304.4 1226.86 0.360827 0.12923 
300 0.29 2161800000 44.1441 1.0745 -1239.98 7.9979 1.54504e+06 18961.8 2.43242e+12 5.74855e+10 0.064228 0.0483782 0.731153 0.00745094 0.575496 0.00408771 0.332827 0.0046615 0.75814 0.00272622 3.35119 0.0580601 4.55209 0.123331 2296.5 1226.68 2304.4 1226.86 2304.4 1226.86 0.360827 0.12923 
300 0.29 2163600000 44.1441 1.0745 -1239.98 7.9979 1.54504e+06 18961.8 2.43242e+12 5.74855e+10 0.064228 0.0483782 0.731153 0.00745094 0.575496 0.00408771 0.332827 0.0046615 0.75814 0.00272622 3.35119 0.0580601 4.55209 0.123331 2296.5 1226.68 2304.4 1226.86 2304.4 1226.86 0.360827 0.12923 
300 0.29 2165400000 44.1441 1.0648 -1239.98 7.9979 1.54504e+06 18961.8 2.43242e+12 5.74855e+10 0.064228 0.0483782 0.731153 0.00745094 0.575496 0.00408771 0.332827 0.0046615 0.75814 0.00272622 3.35119 0.0580601 4.55209 0.123331 2296.5 1226.68 2304.4 1226.86 2304.4 1226.86 0.360827 0.12923 
300 0.29 2167200000 44.1441 1.0648 -1239.98 7.9979 1.54504e+06 18961.8 2.43242e+12 5.74855e+10 0.064228 0.0483782 0.731153 0.00745094 0.575496 0.00408771 0.332827 0.0046615 0.75814 0.00272622 3.35119 0.0580601 4.55209 0.123331 2296.5 1226.68 2304.4 1226.86 2304.4 1226.86 0.360827 0.12923 
300 0.29 2169000000 44.1441 1.0648 -1239.98 7.9979 1.54504e+06 18961.8 2.43242e+12 5.74855e+10 0.064228 0.0483782 0.731153 0.00745094 0.575496 0.00408771 0.332827 0.0046615 0.75814 0.00272622 3.35119 0.0580601 4.55209 0.123331 2296.5 1226.68 2304.4 1226.86 2304.4 1226.86 0.360827 0.12923 
300 0.29 2170800000 44.1441 1.0648 -1239.98 7.9979 1.54504e+06 18961.8 2.43242e+12 5.74855e+10 0.064228 0.0483782 0.731153 0.00745094 0.575496 0.00408771 0.332827 0.0046615 0.75814 0.00272622 3.35119 0.0580601 4.55209 0.123331 2296.5 1226.68 2304.4 1226.86 2304.4 1226.86 0.360827 0.12923 
300 0.29 2172600000 44.1441 1.06127 -1239.98 7.9979 1.54504e+06 18961.8 2.43242e+12 5.74855e+10 0.064228 0.0483782 0.731153 0.00745094 0.575496 0.00408771 0.332827 0.0046615 0.75814 0.00272622 3.35119 0.0580601 4.55209 0.123331 2296.5 1226.68 2304.4 1226.86 2304.4 1226.86 0.360827 0.12923 
300 0.29 2174400000 44.1441 1.06127 -1239.98 7.9979 1.54504e+06 18961.8 2.43242e+12 5.74855e+10 0.064228 0.0483782 0.731153 0.00745094 0.575496 0.00408771 0.332827 0.0046615 0.75814 0.00272622 3.35119 0.0580601 4.55209 0.123331 2296.5 1226.68 2304.4 1226.86 2304.4 1226.86 0.360827 0.12923 
300 0.29 2176200000 44.1441 1.06127 -1239.98 7.9979 1.54504e+06 18961.8 2.43242e+12 5.74855e+10 0.064228 0.0483782 0.731153 0.00745094 0.575496 0.00408771 0.332827 0.0046615 0.75814 0.00272622 3.35119 0.0580601 4.55209 0.123331 2296.5 1226.68 2304.4 1226.86 2304.4 1226.86 0.360827 0.12923 
300 0.29 2178000000 44.1441 1.06127 -1239.98 7.9979 1.54504e+06 18961.8 2.43242e+12 5.74855e+10 0.064228 0.0483782 0.731153 0.00745094 0.575496 0.00408771 0.332827 0.0046615 0.75814 0.00272622 3.35119 0.0580601 4.55209 0.123331 2296.5 1226.68 2304.4 1226.86 2304.4 1226.86 0.360827 0.12923 
300 0.29 2179800000 44.1441 1.06104 -1239.98 7.9979 1.54504e+06 18961.8 2.43242e+12 5.74855e+10 0.064228 0.0483782 0.731153 0.00745094 0.575496 0.00408771 0.332827 0.0046615 0.75814 0.00272622 3.35119 0.0580601 4.55209 0.123331 2296.5 1226.68 2304.4 1226.86 2304.4 1226.86 0.360827 0.12923 
300 0.29 2181600000 44.1441 1.06104 -1239.98 7.9979 1.54504e+06 18961.8 2.43242e+12 5.74855e+10 0.064228 0.0483782 0.731153 0.00745094 0.575496 0.00408771 0.332827 0.0046615 0.75814 0.00272622 3.35119 0.0580601 4.55209 0.123331 2296.5 1226.68 2304.4 1226.86 2304.4 1226.86 0.360827 0.12923 
300 0.29 2183400000 44.1441 1.06104 -1239.98 7.9979 1.54504e+06 18961.8 2.43242e+12 5.74855e+10 0.064228 0.0483782 0.731153 0.00745094 0.575496 0.00408771 0.332827 0.0046615 0.75814 0.00272622 3.35119 0.0580601 4.55209 0.123331 2296.5 1226.68 2304.4 1226.86 2304.4 1226.86 0.360827 0.12923 
300 0.29 2185200000 44.1441 1.06104 -1239.98 7.9979 1.54504e+06 18961.8 2.43242e+12 5.74855e+10 0.064228 0.0483782 0.731153 0.00745094 0.575496 0.00408771 0.332827 0.0046615 0.75814 0.00272622 3.35119 0.0580601 4.55209 0.123331 2296.5 1226.68 2304.4 1226.86 2304.4 1226.86 0.360827 0.12923 
300 0.29 2187000000 44.1441 1.06104 -1239.98 7.9979 1.54504e+06 18961.8 2.43242e+12 5.74855e+10 0.064228 0.0483782 0.731153 0.00745094 0.575496 0.00408771 0.332827 0.0046615 0.75814 0.00272622 3.35119 0.0580601 4.55209 0.123331 2296.5 1226.68 2304.4 1226.86 2304.4 1226.86 0.360827 0.12923 
300 0.29 2188800000 44.1441 1.06104 -1239.98 7.9979 1.54504e+06 18961.8 2.43242e+12 5.74855e+10 0.064228 0.0483782 0.731153 0.00745094 0.575496 0.00408771 0.332827 0.0046615 0.75814 0.00272622 3.35119 0.0580601 4.55209 0.123331 2296.5 1226.68 2304.4 1226.86 2304.4 1226.86 0.360827 0.12923 
300 0.29 2190600000 44.1441 1.06104 -1239.98 7.9979 1.54504e+06 18961.8 2.43242e+12 5.74855e+10 0.064228 0.0483782 0.731153 0.00745094 0.575496 0.00408771 0.332827 0.0046615 0.75814 0.00272622 3.35119 0.0580601 4.55209 0.123331 2296.5 1226.68 2304.4 1226.86 2304.4 1226.86 0.360827 0.12923 
300 0.29 2192400000 44.1441 1.06104 -1239.98 7.9979 1.54504e+06 18961.8 2.43242e+12 5.74855e+10 0.064228 0.0483782 0.731153 0.00745094 0.575496 0.00408771 0.332827 0.0046615 0.75814 0.00272622 3.35119 0.0580601 4.55209 0.123331 2296.5 1226.68 2304.4 1226.86 2304.4 1226.86 0.360827 0.12923 
300 0.29 2194200000 44.1441 1.05679 -1239.98 7.9979 1.54504e+06 18961.8 2.43242e+12 5.74855e+10 0.064228 0.0483782 0.731153 0.00745094 0.575496 0.00408771 0.332827 0.0046615 0.75814 0.00272622 3.35119 0.0580601 4.55209 0.123331 2296.5 1226.68 2304.4 1226.86 2304.4 1226.86 0.360827 0.12923 
300 0.29 2196000000 44.1441 1.05679 -1239.98 7.9979 1.54504e+06 18961.8 2.43242e+12 5.74855e+10 0.064228 0.0483782 0.731153 0.00745094 0.575496 0.00408771 0.332827 0.0046615 0.75814 0.00272622 3.35119 0.0580601 4.55209 0.123331 2296.5 1226.68 2304.4 1226.86 2304.4 1226.86 0.360827 0.12923 
300 0.29 2197800000 44.1441 1.05679 -1239.98 7.9979 1.54504e+06 18961.8 2.43242e+12 5.74855e+10 0.064228 0.0483782 0.731153 0.00745094 0.575496 0.00408771 0.332827 0.0046615 0.75814 0.00272622 3.35119 0.0580601 4.55209 0.123331 2296.5 1226.68 2304.4 1226.86 2304.4 1226.86 0.360827 0.12923 
300 0.29 2199600000 44.1441 1.05679 -1239.98 7.9979 1.54504e+06 18961.8 2.43242e+12 5.74855e+10 0.064228 0.0483782 0.731153 0.00745094 0.575496 0.00408771 0.332827 0.0046615 0.75814 0.00272622 3.35119 0.0580601 4.55209 0.123331 2296.5 1226.68 2304.4 1226.86 2304.4 1226.86 0.360827 0.12923 
300 0.29 2201400000 44.1441 1.05399 -1239.98 7.9979 1.54504e+06 18961.8 2.43242e+12 5.74855e+10 0.064228 0.0483782 0.731153 0.00745094 0.575496 0.00408771 0.332827 0.0046615 0.75814 0.00272622 3.35119 0.0580601 4.55209 0.123331 2296.5 1226.68 2304.4 1226.86 2304.4 1226.86 0.360827 0.12923 
300 0.29 2203200000 44.1441 1.05399 -1239.98 7.9979 1.54504e+06 18961.8 2.43242e+12 5.74855e+10 0.064228 0.0483782 0.731153 0.00745094 0.575496 0.00408771 0.332827 0.0046615 0.75814 0.00272622 3.35119 0.0580601 4.55209 0.123331 2296.5 1226.68 2304.4 1226.86 2304.4 1226.86 0.360827 0.12923 
300 0.29 2205000000 44.1441 1.05399 -1239.98 7.9979 1.54504e+06 18961.8 2.43242e+12 5.74855e+10 0.064228 0.0483782 0.731153 0.00745094 0.575496 0.00408771 0.332827 0.0046615 0.75814 0.00272622 3.35119 0.0580601 4.55209 0.123331 2296.5 1226.68 2304.4 1226.86 2304.4 1226.86 0.360827 0.12923 
300 0.29 2206800000 44.1441 1.05399 -1239.98 7.9979 1.54504e+06 18961.8 2.43242e+12 5.74855e+10 0.064228 0.0483782 0.731153 0.00745094 0.575496 0.00408771 0.332827 0.0046615 0.75814 0.00272622 3.35119 0.0580601 4.55209 0.123331 2296.5 1226.68 2304.4 1226.86 2304.4 1226.86 0.360827 0.12923 
300 0.29 2208600000 44.1441 1.05162 -1239.98 7.9979 1.54504e+06 18961.8 2.43242e+12 5.74855e+10 0.064228 0.0483782 0.731153 0.00745094 0.575496 0.00408771 0.332827 0.0046615 0.75814 0.00272622 3.35119 0.0580601 4.55209 0.123331 2296.5 1226.68 2304.4 1226.86 2304.4 1226.86 0.360827 0.12923 
300 0.29 2210400000 44.1441 1.05162 -1239.98 7.9979 1.54504e+06 18961.8 2.43242e+12 5.74855e+10 0.064228 0.0483782 0.731153 0.00745094 0.575496 0.00408771 0.332827 0.0046615 0.75814 0.00272622 3.35119 0.0580601 4.55209 0.123331 2296.5 1226.68 2304.4 1226.86 2304.4 1226.86 0.360827 0.12923 
300 0.29 2212200000 44.1441 1.05162 -1239.98 7.9979 1.54504e+06 18961.8 2.43242e+12 5.74855e+10 0.064228 0.0483782 0.731153 0.00745094 0.575496 0.00408771 0.332827 0.0046615 0.75814 0.00272622 3.35119 0.0580601 4.55209 0.123331 2296.5 1226.68 2304.4 1226.86 2304.4 1226.86 0.360827 0.12923 
300 0.29 2214000000 44.1441 1.05162 -1239.98 7.9979 1.54504e+06 18961.8 2.43242e+12 5.74855e+10 0.064228 0.0483782 0.731153 0.00745094 0.575496 0.00408771 0.332827 0.0046615 0.75814 0.00272622 3.35119 0.0580601 4.55209 0.123331 2296.5 1226.68 2304.4 1226.86 2304.4 1226.86 0.360827 0.12923 
300 0.29 2215800000 44.1441 1.04887 -1239.98 7.9979 1.54504e+06 18961.8 2.43242e+12 5.74855e+10 0.064228 0.0483782 0.731153 0.00745094 0.575496 0.00408771 0.332827 0.0046615 0.75814 0.00272622 3.35119 0.0580601 4.55209 0.123331 2296.5 1226.68 2304.4 1226.86 2304.4 1226.86 0.360827 0.12923 
300 0.29 2217600000 44.1441 1.04887 -1239.98 7.9979 1.54504e+06 18961.8 2.43242e+12 5.74855e+10 0.064228 0.0483782 0.731153 0.00745094 0.575496 0.00408771 0.332827 0.0046615 0.75814 0.00272622 3.35119 0.0580601 4.55209 0.123331 2296.5 1226.68 2304.4 1226.86 2304.4 1226.86 0.360827 0.12923 
300 0.29 2219400000 44.1441 1.04887 -1239.98 7.9979 1.54504e+06 18961.8 2.43242e+12 5.74855e+10 0.064228 0.0483782 0.731153 0.00745094 0.575496 0.00408771 0.332827 0.0046615 0.75814 0.00272622 3.35119 0.0580601 4.55209 0.123331 2296.5 1226.68 2304.4 1226.86 2304.4 1226.86 0.360827 0.12923 
300 0.29 2221200000 44.1441 1.04887 -1239.98 7.9979 1.54504e+06 18961.8 2.43242e+12 5.74855e+10 0.064228 0.0483782 0.731153 0.00745094 0.575496 0.00408771 0.332827 0.0046615 0.75814 0.00272622 3.35119 0.0580601 4.55209 0.123331 2296.5 1226.68 2304.4 1226.86 2304.4 1226.86 0.360827 0.12923 
300 0.29 2223000000 44.097 1.04497 -1242.55 7.9979 1.55153e+06 18961.8 2.45325e+12 5.81134e+10 0.0324156 0.0490384 0.721121 0.0120483 0.57634 0.00405719 0.333831 0.00452307 0.758688 0.00272622 3.34311 0.0580601 4.53396 0.123331 2175.92 1226.68 2183.8 1226.86 2183.8 1226.86 0.343403 0.12923 
300 0.29 2224800000 44.097 1.04497 -1242.55 7.9979 1.55153e+06 18961.8 2.45325e+12 5.81134e+10 0.0324156 0.0490384 0.721121 0.0120483 0.57634 0.00405719 0.333831 0.00452307 0.758688 0.00272622 3.34311 0.0580601 4.53396 0.123331 2175.92 1226.68 2183.8 1226.86 2183.8 1226.86 0.343403 0.12923 
300 0.29 2226600000 44.097 1.04497 -1242.55 7.9979 1.55153e+06 18961.8 2.45325e+12 5.81134e+10 0.0324156 0.0490384 0.721121 0.0120483 0.57634 0.00405719 0.333831 0.00452307 0.758688 0.00272622 3.34311 0.0580601 4.53396 0.123331 2175.92 1226.68 2183.8 1226.86 2183.8 1226.86 0.343403 0.12923 
300 0.29 2228400000 44.097 1.04497 -1242.55 7.9979 1.55153e+06 18961.8 2.45325e+12 5.81134e+10 0.0324156 0.0490384 0.721121 0.0120483 0.57634 0.00405719 0.333831 0.00452307 0.758688 0.00272622 3.34311 0.0580601 4.53396 0.123331 2175.92 1226.68 2183.8 1226.86 2183.8 1226.86 0.343403 0.12923 
300 0.29 2230200000 44.097 1.04478 -1242.55 7.9979 1.55153e+06 18961.8 2.45325e+12 5.81134e+10 0.0324156 0.0490384 0.721121 0.0120483 0.57634 0.00405719 0.333831 0.00452307 0.758688 0.00272622 3.34311 0.0580601 4.53396 0.123331 2175.92 1226.68 2183.8 1226.86 2183.8 1226.86 0.343403 0.12923 
300 0.29 2232000000 44.097 1.04478 -1242.55 7.9979 1.55153e+06 18961.8 2.45325e+12 5.81134e+10 0.0324156 0.0490384 0.721121 0.0120483 0.57634 0.00405719 0.333831 0.00452307 0.758688 0.00272622 3.34311 0.0580601 4.53396 0.123331 2175.92 1226.68 2183.8 1226.86 2183.8 1226.86 0.343403 0.12923 
300 0.29 2233800000 44.097 1.04478 -1242.55 7.9979 1.55153e+06 18961.8 2.45325e+12 5.81134e+10 0.0324156 0.0490384 0.721121 0.0120483 0.57634 0.00405719 0.333831 0.00452307 0.758688 0.00272622 3.34311 0.0580601 4.53396 0.123331 2175.92 1226.68 2183.8 1226.86 2183.8 1226.86 0.343403 0.12923 
300 0.29 2235600000 44.097 1.04478 -1242.55 7.9979 1.55153e+06 18961.8 2.45325e+12 5.81134e+10 0.0324156 0.0490384 0.721121 0.0120483 0.57634 0.00405719 0.333831 0.00452307 0.758688 0.00272622 3.34311 0.0580601 4.53396 0.123331 2175.92 1226.68 2183.8 1226.86 2183.8 1226.86 0.343403 0.12923 
300 0.29 2237400000 44.097 1.04872 -1242.55 7.9979 1.55153e+06 18961.8 2.45325e+12 5.81134e+10 0.0324156 0.0490384 0.721121 0.0120483 0.57634 0.00405719 0.333831 0.00452307 0.758688 0.00272622 3.34311 0.0580601 4.53396 0.123331 2175.92 1226.68 2183.8 1226.86 2183.8 1226.86 0.343403 0.12923 
300 0.29 2239200000 44.097 1.04872 -1242.55 7.9979 1.55153e+06 18961.8 2.45325e+12 5.81134e+10 0.0324156 0.0490384 0.721121 0.0120483 0.57634 0.00405719 0.333831 0.00452307 0.758688 0.00272622 3.34311 0.0580601 4.53396 0.123331 2175.92 1226.68 2183.8 1226.86 2183.8 1226.86 0.343403 0.12923 
300 0.29 2241000000 44.097 1.04872 -1242.55 7.9979 1.55153e+06 18961.8 2.45325e+12 5.81134e+10 0.0324156 0.0490384 0.721121 0.0120483 0.57634 0.00405719 0.333831 0.00452307 0.758688 0.00272622 3.34311 0.0580601 4.53396 0.123331 2175.92 1226.68 2183.8 1226.86 2183.8 1226.86 0.343403 0.12923 
300 0.29 2242800000 44.097 1.04872 -1242.55 7.9979 1.55153e+06 18961.8 2.45325e+12 5.81134e+10 0.0324156 0.0490384 0.721121 0.0120483 0.57634 0.00405719 0.333831 0.00452307 0.758688 0.00272622 3.34311 0.0580601 4.53396 0.123331 2175.92 1226.68 2183.8 1226.86 2183.8 1226.86 0.343403 0.12923 
300 0.29 2244600000 44.097 1.04568 -1242.55 7.9979 1.55153e+06 18961.8 2.45325e+12 5.81134e+10 0.0324156 0.0490384 0.721121 0.0120483 0.57634 0.00405719 0.333831 0.00452307 0.758688 0.00272622 3.34311 0.0580601 4.53396 0.123331 2175.92 1226.68 2183.8 1226.86 2183.8 1226.86 0.343403 0.12923 
300 0.29 2246400000 44.097 1.04568 -1242.55 7.9979 1.55153e+06 18961.8 2.45325e+12 5.81134e+10 0.0324156 0.0490384 0.721121 0.0120483 0.57634 0.00405719 0.333831 0.00452307 0.758688 0.00272622 3.34311 0.0580601 4.53396 0.123331 2175.92 1226.68 2183.8 1226.86 2183.8 1226.86 0.343403 0.12923 
300 0.29 2248200000 44.097 1.04568 -1242.55 7.9979 1.55153e+06 18961.8 2.45325e+12 5.81134e+10 0.0324156 0.0490384 0.721121 0.0120483 0.57634 0.00405719 0.333831 0.00452307 0.758688 0.00272622 3.34311 0.0580601 4.53396 0.123331 2175.92 1226.68 2183.8 1226.86 2183.8 1226.86 0.343403 0.12923 
300 0.29 2250000000 44.097 1.04568 -1242.55 7.9979 1.55153e+06 18961.8 2.45325e+12 5.81134e+10 0.0324156 0.0490384 0.721121 0.0120483 0.57634 0.00405719 0.333831 0.00452307 0.758688 0.00272622 3.34311 0.0580601 4.53396 0.123331 2175.92 1226.68 2183.8 1226.86 2183.8 1226.86 0.343403 0.12923 
300 0.29 2251800000 44.097 1.04322 -1242.55 7.9979 1.55153e+06 18961.8 2.45325e+12 5.81134e+10 0.0324156 0.0490384 0.721121 0.0120483 0.57634 0.00405719 0.333831 0.00452307 0.758688 0.00272622 3.34311 0.0580601 4.53396 0.123331 2175.92 1226.68 2183.8 1226.86 2183.8 1226.86 0.343403 0.12923 
300 0.29 2253600000 44.097 1.04322 -1242.55 7.9979 1.55153e+06 18961.8 2.45325e+12 5.81134e+10 0.0324156 0.0490384 0.721121 0.0120483 0.57634 0.00405719 0.333831 0.00452307 0.758688 0.00272622 3.34311 0.0580601 4.53396 0.123331 2175.92 1226.68 2183.8 1226.86 2183.8 1226.86 0.343403 0.12923 
300 0.29 2255400000 44.097 1.04322 -1242.55 7.9979 1.55153e+06 18961.8 2.45325e+12 5.81134e+10 0.0324156 0.0490384 0.721121 0.0120483 0.57634 0.00405719 0.333831 0.00452307 0.758688 0.00272622 3.34311 0.0580601 4.53396 0.123331 2175.92 1226.68 2183.8 1226.86 2183.8 1226.86 0.343403 0.12923 
300 0.29 2257200000 44.097 1.04322 -1242.55 7.9979 1.55153e+06 18961.8 2.45325e+12 5.81134e+10 0.0324156 0.0490384 0.721121 0.0120483 0.57634 0.00405719 0.333831 0.00452307 0.758688 0.00272622 3.34311 0.0580601 4.53396 0.123331 2175.92 1226.68 2183.8 1226.86 2183.8 1226.86 0.343403 0.12923 
300 0.29 2259000000 44.097 1.0399 -1242.55 7.9979 1.55153e+06 18961.8 2.45325e+12 5.81134e+10 0.0324156 0.0490384 0.721121 0.0120483 0.57634 0.00405719 0.333831 0.00452307 0.758688 0.00272622 3.34311 0.0580601 4.53396 0.123331 2175.92 1226.68 2183.8 1226.86 2183.8 1226.86 0.343403 0.12923 
300 0.29 2260800000 44.097 1.0399 -1242.55 7.9979 1.55153e+06 18961.8 2.45325e+12 5.81134e+10 0.0324156 0.0490384 0.721121 0.0120483 0.57634 0.00405719 0.333831 0.00452307 0.758688 0.00272622 3.34311 0.0580601 4.53396 0.123331 2175.92 1226.68 2183.8 1226.86 2183.8 1226.86 0.343403 0.12923 
300 0.29 2262600000 44.097 1.0399 -1242.55 7.9979 1.55153e+06 18961.8 2.45325e+12 5.81134e+10 0.0324156 0.0490384 0.721121 0.0120483 0.57634 0.00405719 0.333831 0.00452307 0.758688 0.00272622 3.34311 0.0580601 4.53396 0.123331 2175.92 1226.68 2183.8 1226.86 2183.8 1226.86 0.343403 0.12923 
300 0.29 2264400000 44.097 1.0399 -1242.55 7.9979 1.55153e+06 18961.8 2.45325e+12 5.81134e+10 0.0324156 0.0490384 0.721121 0.0120483 0.57634 0.00405719 0.333831 0.00452307 0.758688 0.00272622 3.34311 0.0580601 4.53396 0.123331 2175.92 1226.68 2183.8 1226.86 2183.8 1226.86 0.343403 0.12923 
300 0.29 2266200000 44.097 1.0366 -1242.55 7.9979 1.55153e+06 18961.8 2.45325e+12 5.81134e+10 0.0324156 0.0490384 0.721121 0.0120483 0.57634 0.00405719 0.333831 0.00452307 0.758688 0.00272622 3.34311 0.0580601 4.53396 0.123331 2175.92 1226.68 2183.8 1226.86 2183.8 1226.86 0.343403 0.12923 
300 0.29 2268000000 44.097 1.0366 -1242.55 7.9979 1.55153e+06 18961.8 2.45325e+12 5.81134e+10 0.0324156 0.0490384 0.721121 0.0120483 0.57634 0.00405719 0.333831 0.00452307 0.758688 0.00272622 3.34311 0.0580601 4.53396 0.123331 2175.92 1226.68 2183.8 1226.86 2183.8 1226.86 0.343403 0.12923 
300 0.29 2269800000 44.097 1.0366 -1242.55 7.9979 1.55153e+06 18961.8 2.45325e+12 5.81134e+10 0.0324156 0.0490384 0.721121 0.0120483 0.57634 0.00405719 0.333831 0.00452307 0.758688 0.00272622 3.34311 0.0580601 4.53396 0.123331 2175.92 1226.68 2183.8 1226.86 2183.8 1226.86 0.343403 0.12923 
300 0.29 2271600000 44.097 1.0366 -1242.55 7.9979 1.55153e+06 18961.8 2.45325e+12 5.81134e+10 0.0324156 0.0490384 0.721121 0.0120483 0.57634 0.00405719 0.333831 0.00452307 0.758688 0.00272622 3.34311 0.0580601 4.53396 0.123331 2175.92 1226.68 2183.8 1226.86 2183.8 1226.86 0.343403 0.12923 
300 0.29 2273400000 44.097 1.03559 -1242.55 7.9979 1.55153e+06 18961.8 2.45325e+12 5.81134e+10 0.0324156 0.0490384 0.721121 0.0120483 0.57634 0.00405719 0.333831 0.00452307 0.758688 0.00272622 3.34311 0.0580601 4.53396 0.123331 2175.92 1226.68 2183.8 1226.86 2183.8 1226.86 0.343403 0.12923 
300 0.29 2275200000 44.097 1.03559 -1242.55 7.9979 1.55153e+06 18961.8 2.45325e+12 5.81134e+10 0.0324156 0.0490384 0.721121 0.0120483 0.57634 0.00405719 0.333831 0.00452307 0.758688 0.00272622 3.34311 0.0580601 4.53396 0.123331 2175.92 1226.68 2183.8 1226.86 2183.8 1226.86 0.343403 0.12923 
300 0.29 2277000000 44.097 1.03559 -1242.55 7.9979 1.55153e+06 18961.8 2.45325e+12 5.81134e+10 0.0324156 0.0490384 0.721121 0.0120483 0.57634 0.00405719 0.333831 0.00452307 0.758688 0.00272622 3.34311 0.0580601 4.53396 0.123331 2175.92 1226.68 2183.8 1226.86 2183.8 1226.86 0.343403 0.12923 
300 0.29 2278800000 44.097 1.03559 -1242.55 7.9979 1.55153e+06 18961.8 2.45325e+12 5.81134e+10 0.0324156 0.0490384 0.721121 0.0120483 0.57634 0.00405719 0.333831 0.00452307 0.758688 0.00272622 3.34311 0.0580601 4.53396 0.123331 2175.92 1226.68 2183.8 1226.86 2183.8 1226.86 0.343403 0.12923 
300 0.29 2280600000 44.097 1.03501 -1242.55 7.9979 1.55153e+06 18961.8 2.45325e+12 5.81134e+10 0.0324156 0.0490384 0.721121 0.0120483 0.57634 0.00405719 0.333831 0.00452307 0.758688 0.00272622 3.34311 0.0580601 4.53396 0.123331 2175.92 1226.68 2183.8 1226.86 2183.8 1226.86 0.343403 0.12923 
300 0.29 2282400000 44.097 1.03501 -1242.55 7.9979 1.55153e+06 18961.8 2.45325e+12 5.81134e+10 0.0324156 0.0490384 0.721121 0.0120483 0.57634 0.00405719 0.333831 0.00452307 0.758688 0.00272622 3.34311 0.0580601 4.53396 0.123331 2175.92 1226.68 2183.8 1226.86 2183.8 1226.86 0.343403 0.12923 
300 0.29 2284200000 44.097 1.03501 -1242.55 7.9979 1.55153e+06 18961.8 2.45325e+12 5.81134e+10 0.0324156 0.0490384 0.721121 0.0120483 0.57634 0.00405719 0.333831 0.00452307 0.758688 0.00272622 3.34311 0.0580601 4.53396 0.123331 2175.92 1226.68 2183.8 1226.86 2183.8 1226.86 0.343403 0.12923 
300 0.29 2286000000 44.097 1.03501 -1242.55 7.9979 1.55153e+06 18961.8 2.45325e+12 5.81134e+10 0.0324156 0.0490384 0.721121 0.0120483 0.57634 0.00405719 0.333831 0.00452307 0.758688 0.00272622 3.34311 0.0580601 4.53396 0.123331 2175.92 1226.68 2183.8 1226.86 2183.8 1226.86 0.343403 0.12923 
300 0.29 2287800000 44.097 1.03183 -1242.55 7.9979 1.55153e+06 18961.8 2.45325e+12 5.81134e+10 0.0324156 0.0490384 0.721121 0.0120483 0.57634 0.00405719 0.333831 0.00452307 0.758688 0.00272622 3.34311 0.0580601 4.53396 0.123331 2175.92 1226.68 2183.8 1226.86 2183.8 1226.86 0.343403 0.12923 
300 0.29 2289600000 44.097 1.03183 -1242.55 7.9979 1.55153e+06 18961.8 2.45325e+12 5.81134e+10 0.0324156 0.0490384 0.721121 0.0120483 0.57634 0.00405719 0.333831 0.00452307 0.758688 0.00272622 3.34311 0.0580601 4.53396 0.123331 2175.92 1226.68 2183.8 1226.86 2183.8 1226.86 0.343403 0.12923 
300 0.29 2291400000 44.097 1.03183 -1242.55 7.9979 1.55153e+06 18961.8 2.45325e+12 5.81134e+10 0.0324156 0.0490384 0.721121 0.0120483 0.57634 0.00405719 0.333831 0.00452307 0.758688 0.00272622 3.34311 0.0580601 4.53396 0.123331 2175.92 1226.68 2183.8 1226.86 2183.8 1226.86 0.343403 0.12923 
300 0.29 2293200000 44.097 1.03183 -1242.55 7.9979 1.55153e+06 18961.8 2.45325e+12 5.81134e+10 0.0324156 0.0490384 0.721121 0.0120483 0.57634 0.00405719 0.333831 0.00452307 0.758688 0.00272622 3.34311 0.0580601 4.53396 0.123331 2175.92 1226.68 2183.8 1226.86 2183.8 1226.86 0.343403 0.12923 
300 0.29 2295000000 44.097 1.03059 -1242.55 7.9979 1.55153e+06 18961.8 2.45325e+12 5.81134e+10 0.0324156 0.0490384 0.721121 0.0120483 0.57634 0.00405719 0.333831 0.00452307 0.758688 0.00272622 3.34311 0.0580601 4.53396 0.123331 2175.92 1226.68 2183.8 1226.86 2183.8 1226.86 0.343403 0.12923 
300 0.29 2296800000 44.097 1.03059 -1242.55 7.9979 1.55153e+06 18961.8 2.45325e+12 5.81134e+10 0.0324156 0.0490384 0.721121 0.0120483 0.57634 0.00405719 0.333831 0.00452307 0.758688 0.00272622 3.34311 0.0580601 4.53396 0.123331 2175.92 1226.68 2183.8 1226.86 2183.8 1226.86 0.343403 0.12923 
300 0.29 2298600000 44.097 1.03059 -1242.55 7.9979 1.55153e+06 18961.8 2.45325e+12 5.81134e+10 0.0324156 0.0490384 0.721121 0.0120483 0.57634 0.00405719 0.333831 0.00452307 0.758688 0.00272622 3.34311 0.0580601 4.53396 0.123331 2175.92 1226.68 2183.8 1226.86 2183.8 1226.86 0.343403 0.12923 
300 0.29 2300400000 44.097 1.03059 -1242.55 7.9979 1.55153e+06 18961.8 2.45325e+12 5.81134e+10 0.0324156 0.0490384 0.721121 0.0120483 0.57634 0.00405719 0.333831 0.00452307 0.758688 0.00272622 3.34311 0.0580601 4.53396 0.123331 2175.92 1226.68 2183.8 1226.86 2183.8 1226.86 0.343403 0.12923 
300 0.29 2302200000 44.097 1.02859 -1242.55 7.9979 1.55153e+06 18961.8 2.45325e+12 5.81134e+10 0.0324156 0.0490384 0.721121 0.0120483 0.57634 0.00405719 0.333831 0.00452307 0.758688 0.00272622 3.34311 0.0580601 4.53396 0.123331 2175.92 1226.68 2183.8 1226.86 2183.8 1226.86 0.343403 0.12923 
300 0.29 2304000000 44.097 1.02859 -1242.55 7.9979 1.55153e+06 18961.8 2.45325e+12 5.81134e+10 0.0324156 0.0490384 0.721121 0.0120483 0.57634 0.00405719 0.333831 0.00452307 0.758688 0.00272622 3.34311 0.0580601 4.53396 0.123331 2175.92 1226.68 2183.8 1226.86 2183.8 1226.86 0.343403 0.12923 
300 0.29 2305800000 44.097 1.02859 -1242.55 7.9979 1.55153e+06 18961.8 2.45325e+12 5.81134e+10 0.0324156 0.0490384 0.721121 0.0120483 0.57634 0.00405719 0.333831 0.00452307 0.758688 0.00272622 3.34311 0.0580601 4.53396 0.123331 2175.92 1226.68 2183.8 1226.86 2183.8 1226.86 0.343403 0.12923 
300 0.29 2307600000 44.097 1.02859 -1242.55 7.9979 1.55153e+06 18961.8 2.45325e+12 5.81134e+10 0.0324156 0.0490384 0.721121 0.0120483 0.57634 0.00405719 0.333831 0.00452307 0.758688 0.00272622 3.34311 0.0580601 4.53396 0.123331 2175.92 1226.68 2183.8 1226.86 2183.8 1226.86 0.343403 0.12923 
300 0.29 2309400000 44.097 1.02581 -1242.55 7.9979 1.55153e+06 18961.8 2.45325e+12 5.81134e+10 0.0324156 0.0490384 0.721121 0.0120483 0.57634 0.00405719 0.333831 0.00452307 0.758688 0.00272622 3.34311 0.0580601 4.53396 0.123331 2175.92 1226.68 2183.8 1226.86 2183.8 1226.86 0.343403 0.12923 
300 0.29 2311200000 44.097 1.02581 -1242.55 7.9979 1.55153e+06 18961.8 2.45325e+12 5.81134e+10 0.0324156 0.0490384 0.721121 0.0120483 0.57634 0.00405719 0.333831 0.00452307 0.758688 0.00272622 3.34311 0.0580601 4.53396 0.123331 2175.92 1226.68 2183.8 1226.86 2183.8 1226.86 0.343403 0.12923 
300 0.29 2313000000 44.097 1.02581 -1242.55 7.9979 1.55153e+06 18961.8 2.45325e+12 5.81134e+10 0.0324156 0.0490384 0.721121 0.0120483 0.57634 0.00405719 0.333831 0.00452307 0.758688 0.00272622 3.34311 0.0580601 4.53396 0.123331 2175.92 1226.68 2183.8 1226.86 2183.8 1226.86 0.343403 0.12923 
300 0.29 2314800000 44.097 1.02581 -1242.55 7.9979 1.55153e+06 18961.8 2.45325e+12 5.81134e+10 0.0324156 0.0490384 0.721121 0.0120483 0.57634 0.00405719 0.333831 0.00452307 0.758688 0.00272622 3.34311 0.0580601 4.53396 0.123331 2175.92 1226.68 2183.8 1226.86 2183.8 1226.86 0.343403 0.12923 
300 0.29 2316600000 44.097 1.025 -1242.55 7.9979 1.55153e+06 18961.8 2.45325e+12 5.81134e+10 0.0324156 0.0490384 0.721121 0.0120483 0.57634 0.00405719 0.333831 0.00452307 0.758688 0.00272622 3.34311 0.0580601 4.53396 0.123331 2175.92 1226.68 2183.8 1226.86 2183.8 1226.86 0.343403 0.12923 
300 0.29 2318400000 44.097 1.025 -1242.55 7.9979 1.55153e+06 18961.8 2.45325e+12 5.81134e+10 0.0324156 0.0490384 0.721121 0.0120483 0.57634 0.00405719 0.333831 0.00452307 0.758688 0.00272622 3.34311 0.0580601 4.53396 0.123331 2175.92 1226.68 2183.8 1226.86 2183.8 1226.86 0.343403 0.12923 
300 0.29 2320200000 44.097 1.025 -1242.55 7.9979 1.55153e+06 18961.8 2.45325e+12 5.81134e+10 0.0324156 0.0490384 0.721121 0.0120483 0.57634 0.00405719 0.333831 0.00452307 0.758688 0.00272622 3.34311 0.0580601 4.53396 0.123331 2175.92 1226.68 2183.8 1226.86 2183.8 1226.86 0.343403 0.12923 
300 0.29 2322000000 44.097 1.025 -1242.55 7.9979 1.55153e+06 18961.8 2.45325e+12 5.81134e+10 0.0324156 0.0490384 0.721121 0.0120483 0.57634 0.00405719 0.333831 0.00452307 0.758688 0.00272622 3.34311 0.0580601 4.53396 0.123331 2175.92 1226.68 2183.8 1226.86 2183.8 1226.86 0.343403 0.12923 
300 0.29 2323800000 44.097 1.02437 -1242.55 7.9979 1.55153e+06 18961.8 2.45325e+12 5.81134e+10 0.0324156 0.0490384 0.721121 0.0120483 0.57634 0.00405719 0.333831 0.00452307 0.758688 0.00272622 3.34311 0.0580601 4.53396 0.123331 2175.92 1226.68 2183.8 1226.86 2183.8 1226.86 0.343403 0.12923 
300 0.29 2325600000 44.097 1.02437 -1242.55 7.9979 1.55153e+06 18961.8 2.45325e+12 5.81134e+10 0.0324156 0.0490384 0.721121 0.0120483 0.57634 0.00405719 0.333831 0.00452307 0.758688 0.00272622 3.34311 0.0580601 4.53396 0.123331 2175.92 1226.68 2183.8 1226.86 2183.8 1226.86 0.343403 0.12923 
300 0.29 2327400000 44.097 1.02437 -1242.55 7.9979 1.55153e+06 18961.8 2.45325e+12 5.81134e+10 0.0324156 0.0490384 0.721121 0.0120483 0.57634 0.00405719 0.333831 0.00452307 0.758688 0.00272622 3.34311 0.0580601 4.53396 0.123331 2175.92 1226.68 2183.8 1226.86 2183.8 1226.86 0.343403 0.12923 
300 0.29 2329200000 44.097 1.02437 -1242.55 7.9979 1.55153e+06 18961.8 2.45325e+12 5.81134e+10 0.0324156 0.0490384 0.721121 0.0120483 0.57634 0.00405719 0.333831 0.00452307 0.758688 0.00272622 3.34311 0.0580601 4.53396 0.123331 2175.92 1226.68 2183.8 1226.86 2183.8 1226.86 0.343403 0.12923 
300 0.29 2331000000 44.097 1.0214 -1242.55 7.9979 1.55153e+06 18961.8 2.45325e+12 5.81134e+10 0.0324156 0.0490384 0.721121 0.0120483 0.57634 0.00405719 0.333831 0.00452307 0.758688 0.00272622 3.34311 0.0580601 4.53396 0.123331 2175.92 1226.68 2183.8 1226.86 2183.8 1226.86 0.343403 0.12923 
300 0.29 2332800000 44.097 1.0214 -1242.55 7.9979 1.55153e+06 18961.8 2.45325e+12 5.81134e+10 0.0324156 0.0490384 0.721121 0.0120483 0.57634 0.00405719 0.333831 0.00452307 0.758688 0.00272622 3.34311 0.0580601 4.53396 0.123331 2175.92 1226.68 2183.8 1226.86 2183.8 1226.86 0.343403 0.12923 
300 0.29 2334600000 44.097 1.0214 -1242.55 7.9979 1.55153e+06 18961.8 2.45325e+12 5.81134e+10 0.0324156 0.0490384 0.721121 0.0120483 0.57634 0.00405719 0.333831 0.00452307 0.758688 0.00272622 3.34311 0.0580601 4.53396 0.123331 2175.92 1226.68 2183.8 1226.86 2183.8 1226.86 0.343403 0.12923 
300 0.29 2336400000 44.097 1.0214 -1242.55 7.9979 1.55153e+06 18961.8 2.45325e+12 5.81134e+10 0.0324156 0.0490384 0.721121 0.0120483 0.57634 0.00405719 0.333831 0.00452307 0.758688 0.00272622 3.34311 0.0580601 4.53396 0.123331 2175.92 1226.68 2183.8 1226.86 2183.8 1226.86 0.343403 0.12923 
300 0.29 2338200000 43.9016 1.01823 -1243.47 10.2177 1.55382e+06 24746.4 2.46048e+12 7.41248e+10 -0.00167129 0.0887962 0.704606 0.0274828 0.576487 0.0046243 0.334004 0.00522168 0.758784 0.00308531 3.33614 0.0667082 4.51542 0.139221 2067.41 1125.2 2075.26 1125.36 2075.26 1125.36 0.327731 0.154867 
300 0.29 2340000000 43.9016 1.01823 -1243.47 10.2177 1.55382e+06 24746.4 2.46048e+12 7.41248e+10 -0.00167129 0.0887962 0.704606 0.0274828 0.576487 0.0046243 0.334004 0.00522168 0.758784 0.00308531 3.33614 0.0667082 4.51542 0.139221 2067.41 1125.2 2075.26 1125.36 2075.26 1125.36 0.327731 0.154867 
300 0.29 2341800000 43.9016 1.01823 -1243.47 10.2177 1.55382e+06 24746.4 2.46048e+12 7.41248e+10 -0.00167129 0.0887962 0.704606 0.0274828 0.576487 0.0046243 0.334004 0.00522168 0.758784 0.00308531 3.33614 0.0667082 4.51542 0.139221 2067.41 1125.2 2075.26 1125.36 2075.26 1125.36 0.327731 0.154867 
300 0.29 2343600000 43.9016 1.01823 -1243.47 10.2177 1.55382e+06 24746.4 2.46048e+12 7.41248e+10 -0.00167129 0.0887962 0.704606 0.0274828 0.576487 0.0046243 0.334004 0.00522168 0.758784 0.00308531 3.33614 0.0667082 4.51542 0.139221 2067.41 1125.2 2075.26 1125.36 2075.26 1125.36 0.327731 0.154867 
300 0.29 2345400000 43.9016 1.01515 -1243.47 10.2177 1.55382e+06 24746.4 2.46048e+12 7.41248e+10 -0.00167129 0.0887962 0.704606 0.0274828 0.576487 0.0046243 0.334004 0.00522168 0.758784 0.00308531 3.33614 0.0667082 4.51542 0.139221 2067.41 1125.2 2075.26 1125.36 2075.26 1125.36 0.327731 0.154867 
300 0.29 2347200000 43.9016 1.01515 -1243.47 10.2177 1.55382e+06 24746.4 2.46048e+12 7.41248e+10 -0.00167129 0.0887962 0.704606 0.0274828 0.576487 0.0046243 0.334004 0.00522168 0.758784 0.00308531 3.33614 0.0667082 4.51542 0.139221 2067.41 1125.2 2075.26 1125.36 2075.26 1125.36 0.327731 0.154867 
300 0.29 2349000000 43.9016 1.01515 -1243.47 10.2177 1.55382e+06 24746.4 2.46048e+12 7.41248e+10 -0.00167129 0.0887962 0.704606 0.0274828 0.576487 0.0046243 0.334004 0.00522168 0.758784 0.00308531 3.33614 0.0667082 4.51542 0.139221 2067.41 1125.2 2075.26 1125.36 2075.26 1125.36 0.327731 0.154867 
300 0.29 2350800000 43.9016 1.01515 -1243.47 10.2177 1.55382e+06 24746.4 2.46048e+12 7.41248e+10 -0.00167129 0.0887962 0.704606 0.0274828 0.576487 0.0046243 0.334004 0.00522168 0.758784 0.00308531 3.33614 0.0667082 4.51542 0.139221 2067.41 1125.2 2075.26 1125.36 2075.26 1125.36 0.327731 0.154867 
300 0.29 2352600000 43.9016 1.01246 -1243.47 10.2177 1.55382e+06 24746.4 2.46048e+12 7.41248e+10 -0.00167129 0.0887962 0.704606 0.0274828 0.576487 0.0046243 0.334004 0.00522168 0.758784 0.00308531 3.33614 0.0667082 4.51542 0.139221 2067.41 1125.2 2075.26 1125.36 2075.26 1125.36 0.327731 0.154867 
300 0.29 2354400000 43.9016 1.01246 -1243.47 10.2177 1.55382e+06 24746.4 2.46048e+12 7.41248e+10 -0.00167129 0.0887962 0.704606 0.0274828 0.576487 0.0046243 0.334004 0.00522168 0.758784 0.00308531 3.33614 0.0667082 4.51542 0.139221 2067.41 1125.2 2075.26 1125.36 2075.26 1125.36 0.327731 0.154867 
300 0.29 2356200000 43.9016 1.01246 -1243.47 10.2177 1.55382e+06 24746.4 2.46048e+12 7.41248e+10 -0.00167129 0.0887962 0.704606 0.0274828 0.576487 0.0046243 0.334004 0.00522168 0.758784 0.00308531 3.33614 0.0667082 4.51542 0.139221 2067.41 1125.2 2075.26 1125.36 2075.26 1125.36 0.327731 0.154867 
300 0.29 2358000000 43.9016 1.01246 -1243.47 10.2177 1.55382e+06 24746.4 2.46048e+12 7.41248e+10 -0.00167129 0.0887962 0.704606 0.0274828 0.576487 0.0046243 0.334004 0.00522168 0.758784 0.00308531 3.33614 0.0667082 4.51542 0.139221 2067.41 1125.2 2075.26 1125.36 2075.26 1125.36 0.327731 0.154867 
300 0.29 2359800000 43.9016 1.0175 -1243.47 10.2177 1.55382e+06 24746.4 2.46048e+12 7.41248e+10 -0.00167129 0.0887962 0.704606 0.0274828 0.576487 0.0046243 0.334004 0.00522168 0.758784 0.00308531 3.33614 0.0667082 4.51542 0.139221 2067.41 1125.2 2075.26 1125.36 2075.26 1125.36 0.327731 0.154867 
300 0.29 2361600000 43.9016 1.0175 -1243.47 10.2177 1.55382e+06 24746.4 2.46048e+12 7.41248e+10 -0.00167129 0.0887962 0.704606 0.0274828 0.576487 0.0046243 0.334004 0.00522168 0.758784 0.00308531 3.33614 0.0667082 4.51542 0.139221 2067.41 1125.2 2075.26 1125.36 2075.26 1125.36 0.327731 0.154867 
300 0.29 2363400000 43.9016 1.0175 -1243.47 10.2177 1.55382e+06 24746.4 2.46048e+12 7.41248e+10 -0.00167129 0.0887962 0.704606 0.0274828 0.576487 0.0046243 0.334004 0.00522168 0.758784 0.00308531 3.33614 0.0667082 4.51542 0.139221 2067.41 1125.2 2075.26 1125.36 2075.26 1125.36 0.327731 0.154867 
300 0.29 2365200000 43.9016 1.0175 -1243.47 10.2177 1.55382e+06 24746.4 2.46048e+12 7.41248e+10 -0.00167129 0.0887962 0.704606 0.0274828 0.576487 0.0046243 0.334004 0.00522168 0.758784 0.00308531 3.33614 0.0667082 4.51542 0.139221 2067.41 1125.2 2075.26 1125.36 2075.26 1125.36 0.327731 0.154867 
300 0.29 2367000000 43.9016 1.01437 -1243.47 10.2177 1.55382e+06 24746.4 2.46048e+12 7.41248e+10 -0.00167129 0.0887962 0.704606 0.0274828 0.576487 0.0046243 0.334004 0.00522168 0.758784 0.00308531 3.33614 0.0667082 4.51542 0.139221 2067.41 1125.2 2075.26 1125.36 2075.26 1125.36 0.327731 0.154867 
300 0.29 2368800000 43.9016 1.01437 -1243.47 10.2177 1.55382e+06 24746.4 2.46048e+12 7.41248e+10 -0.00167129 0.0887962 0.704606 0.0274828 0.576487 0.0046243 0.334004 0.00522168 0.758784 0.00308531 3.33614 0.0667082 4.51542 0.139221 2067.41 1125.2 2075.26 1125.36 2075.26 1125.36 0.327731 0.154867 
300 0.29 2370600000 43.9016 1.01437 -1243.47 10.2177 1.55382e+06 24746.4 2.46048e+12 7.41248e+10 -0.00167129 0.0887962 0.704606 0.0274828 0.576487 0.0046243 0.334004 0.00522168 0.758784 0.00308531 3.33614 0.0667082 4.51542 0.139221 2067.41 1125.2 2075.26 1125.36 2075.26 1125.36 0.327731 0.154867 
300 0.29 2372400000 43.9016 1.01437 -1243.47 10.2177 1.55382e+06 24746.4 2.46048e+12 7.41248e+10 -0.00167129 0.0887962 0.704606 0.0274828 0.576487 0.0046243 0.334004 0.00522168 0.758784 0.00308531 3.33614 0.0667082 4.51542 0.139221 2067.41 1125.2 2075.26 1125.36 2075.26 1125.36 0.327731 0.154867 
300 0.29 2374200000 43.9016 1.01176 -1243.47 10.2177 1.55382e+06 24746.4 2.46048e+12 7.41248e+10 -0.00167129 0.0887962 0.704606 0.0274828 0.576487 0.0046243 0.334004 0.00522168 0.758784 0.00308531 3.33614 0.0667082 4.51542 0.139221 2067.41 1125.2 2075.26 1125.36 2075.26 1125.36 0.327731 0.154867 
300 0.29 2376000000 43.9016 1.01176 -1243.47 10.2177 1.55382e+06 24746.4 2.46048e+12 7.41248e+10 -0.00167129 0.0887962 0.704606 0.0274828 0.576487 0.0046243 0.334004 0.00522168 0.758784 0.00308531 3.33614 0.0667082 4.51542 0.139221 2067.41 1125.2 2075.26 1125.36 2075.26 1125.36 0.327731 0.154867 
300 0.29 2377800000 43.9016 1.01176 -1243.47 10.2177 1.55382e+06 24746.4 2.46048e+12 7.41248e+10 -0.00167129 0.0887962 0.704606 0.0274828 0.576487 0.0046243 0.334004 0.00522168 0.758784 0.00308531 3.33614 0.0667082 4.51542 0.139221 2067.41 1125.2 2075.26 1125.36 2075.26 1125.36 0.327731 0.154867 
300 0.29 2379600000 43.9016 1.01176 -1243.47 10.2177 1.55382e+06 24746.4 2.46048e+12 7.41248e+10 -0.00167129 0.0887962 0.704606 0.0274828 0.576487 0.0046243 0.334004 0.00522168 0.758784 0.00308531 3.33614 0.0667082 4.51542 0.139221 2067.41 1125.2 2075.26 1125.36 2075.26 1125.36 0.327731 0.154867 
300 0.29 2381400000 43.9016 1.00908 -1243.47 10.2177 1.55382e+06 24746.4 2.46048e+12 7.41248e+10 -0.00167129 0.0887962 0.704606 0.0274828 0.576487 0.0046243 0.334004 0.00522168 0.758784 0.00308531 3.33614 0.0667082 4.51542 0.139221 2067.41 1125.2 2075.26 1125.36 2075.26 1125.36 0.327731 0.154867 
300 0.29 2383200000 43.9016 1.00908 -1243.47 10.2177 1.55382e+06 24746.4 2.46048e+12 7.41248e+10 -0.00167129 0.0887962 0.704606 0.0274828 0.576487 0.0046243 0.334004 0.00522168 0.758784 0.00308531 3.33614 0.0667082 4.51542 0.139221 2067.41 1125.2 2075.26 1125.36 2075.26 1125.36 0.327731 0.154867 
300 0.29 2385000000 43.9016 1.00908 -1243.47 10.2177 1.55382e+06 24746.4 2.46048e+12 7.41248e+10 -0.00167129 0.0887962 0.704606 0.0274828 0.576487 0.0046243 0.334004 0.00522168 0.758784 0.00308531 3.33614 0.0667082 4.51542 0.139221 2067.41 1125.2 2075.26 1125.36 2075.26 1125.36 0.327731 0.154867 
300 0.29 2386800000 43.9016 1.00908 -1243.47 10.2177 1.55382e+06 24746.4 2.46048e+12 7.41248e+10 -0.00167129 0.0887962 0.704606 0.0274828 0.576487 0.0046243 0.334004 0.00522168 0.758784 0.00308531 3.33614 0.0667082 4.51542 0.139221 2067.41 1125.2 2075.26 1125.36 2075.26 1125.36 0.327731 0.154867 
300 0.29 2388600000 43.9016 1.00601 -1243.47 10.2177 1.55382e+06 24746.4 2.46048e+12 7.41248e+10 -0.00167129 0.0887962 0.704606 0.0274828 0.576487 0.0046243 0.334004 0.00522168 0.758784 0.00308531 3.33614 0.0667082 4.51542 0.139221 2067.41 1125.2 2075.26 1125.36 2075.26 1125.36 0.327731 0.154867 
300 0.29 2390400000 43.9016 1.00601 -1243.47 10.2177 1.55382e+06 24746.4 2.46048e+12 7.41248e+10 -0.00167129 0.0887962 0.704606 0.0274828 0.576487 0.0046243 0.334004 0.00522168 0.758784 0.00308531 3.33614 0.0667082 4.51542 0.139221 2067.41 1125.2 2075.26 1125.36 2075.26 1125.36 0.327731 0.154867 
300 0.29 2392200000 43.9016 1.00601 -1243.47 10.2177 1.55382e+06 24746.4 2.46048e+12 7.41248e+10 -0.00167129 0.0887962 0.704606 0.0274828 0.576487 0.0046243 0.334004 0.00522168 0.758784 0.00308531 3.33614 0.0667082 4.51542 0.139221 2067.41 1125.2 2075.26 1125.36 2075.26 1125.36 0.327731 0.154867 
300 0.29 2394000000 43.9016 1.00601 -1243.47 10.2177 1.55382e+06 24746.4 2.46048e+12 7.41248e+10 -0.00167129 0.0887962 0.704606 0.0274828 0.576487 0.0046243 0.334004 0.00522168 0.758784 0.00308531 3.33614 0.0667082 4.51542 0.139221 2067.41 1125.2 2075.26 1125.36 2075.26 1125.36 0.327731 0.154867 
300 0.29 2395800000 43.9016 1.00323 -1243.47 10.2177 1.55382e+06 24746.4 2.46048e+12 7.41248e+10 -0.00167129 0.0887962 0.704606 0.0274828 0.576487 0.0046243 0.334004 0.00522168 0.758784 0.00308531 3.33614 0.0667082 4.51542 0.139221 2067.41 1125.2 2075.26 1125.36 2075.26 1125.36 0.327731 0.154867 
300 0.29 2397600000 43.9016 1.00323 -1243.47 10.2177 1.55382e+06 24746.4 2.46048e+12 7.41248e+10 -0.00167129 0.0887962 0.704606 0.0274828 0.576487 0.0046243 0.334004 0.00522168 0.758784 0.00308531 3.33614 0.0667082 4.51542 0.139221 2067.41 1125.2 2075.26 1125.36 2075.26 1125.36 0.327731 0.154867 
300 0.29 2399400000 43.9016 1.00323 -1243.47 10.2177 1.55382e+06 24746.4 2.46048e+12 7.41248e+10 -0.00167129 0.0887962 0.704606 0.0274828 0.576487 0.0046243 0.334004 0.00522168 0.758784 0.00308531 3.33614 0.0667082 4.51542 0.139221 2067.41 1125.2 2075.26 1125.36 2075.26 1125.36 0.327731 0.154867 
300 0.29 2401200000 43.9016 1.00323 -1243.47 10.2177 1.55382e+06 24746.4 2.46048e+12 7.41248e+10 -0.00167129 0.0887962 0.704606 0.0274828 0.576487 0.0046243 0.334004 0.00522168 0.758784 0.00308531 3.33614 0.0667082 4.51542 0.139221 2067.41 1125.2 2075.26 1125.36 2075.26 1125.36 0.327731 0.154867 
300 0.29 2403000000 43.9016 1.00044 -1243.47 10.2177 1.55382e+06 24746.4 2.46048e+12 7.41248e+10 -0.00167129 0.0887962 0.704606 0.0274828 0.576487 0.0046243 0.334004 0.00522168 0.758784 0.00308531 3.33614 0.0667082 4.51542 0.139221 2067.41 1125.2 2075.26 1125.36 2075.26 1125.36 0.327731 0.154867 
300 0.29 2404800000 43.9016 1.00044 -1243.47 10.2177 1.55382e+06 24746.4 2.46048e+12 7.41248e+10 -0.00167129 0.0887962 0.704606 0.0274828 0.576487 0.0046243 0.334004 0.00522168 0.758784 0.00308531 3.33614 0.0667082 4.51542 0.139221 2067.41 1125.2 2075.26 1125.36 2075.26 1125.36 0.327731 0.154867 
300 0.29 2406600000 43.9016 1.00044 -1243.47 10.2177 1.55382e+06 24746.4 2.46048e+12 7.41248e+10 -0.00167129 0.0887962 0.704606 0.0274828 0.576487 0.0046243 0.334004 0.00522168 0.758784 0.00308531 3.33614 0.0667082 4.51542 0.139221 2067.41 1125.2 2075.26 1125.36 2075.26 1125.36 0.327731 0.154867 
300 0.29 2408400000 43.9016 1.00044 -1243.47 10.2177 1.55382e+06 24746.4 2.46048e+12 7.41248e+10 -0.00167129 0.0887962 0.704606 0.0274828 0.576487 0.0046243 0.334004 0.00522168 0.758784 0.00308531 3.33614 0.0667082 4.51542 0.139221 2067.41 1125.2 2075.26 1125.36 2075.26 1125.36 0.327731 0.154867 
300 0.29 2410200000 43.9016 0.998746 -1243.47 10.2177 1.55382e+06 24746.4 2.46048e+12 7.41248e+10 -0.00167129 0.0887962 0.704606 0.0274828 0.576487 0.0046243 0.334004 0.00522168 0.758784 0.00308531 3.33614 0.0667082 4.51542 0.139221 2067.41 1125.2 2075.26 1125.36 2075.26 1125.36 0.327731 0.154867 
300 0.29 2412000000 43.9016 0.998746 -1243.47 10.2177 1.55382e+06 24746.4 2.46048e+12 7.41248e+10 -0.00167129 0.0887962 0.704606 0.0274828 0.576487 0.0046243 0.334004 0.00522168 0.758784 0.00308531 3.33614 0.0667082 4.51542 0.139221 2067.41 1125.2 2075.26 1125.36 2075.26 1125.36 0.327731 0.154867 
300 0.29 2413800000 43.9016 0.998746 -1243.47 10.2177 1.55382e+06 24746.4 2.46048e+12 7.41248e+10 -0.00167129 0.0887962 0.704606 0.0274828 0.576487 0.0046243 0.334004 0.00522168 0.758784 0.00308531 3.33614 0.0667082 4.51542 0.139221 2067.41 1125.2 2075.26 1125.36 2075.26 1125.36 0.327731 0.154867 
300 0.29 2415600000 43.9016 0.998746 -1243.47 10.2177 1.55382e+06 24746.4 2.46048e+12 7.41248e+10 -0.00167129 0.0887962 0.704606 0.0274828 0.576487 0.0046243 0.334004 0.00522168 0.758784 0.00308531 3.33614 0.0667082 4.51542 0.139221 2067.41 1125.2 2075.26 1125.36 2075.26 1125.36 0.327731 0.154867 
300 0.29 2417400000 43.9016 0.996441 -1243.47 10.2177 1.55382e+06 24746.4 2.46048e+12 7.41248e+10 -0.00167129 0.0887962 0.704606 0.0274828 0.576487 0.0046243 0.334004 0.00522168 0.758784 0.00308531 3.33614 0.0667082 4.51542 0.139221 2067.41 1125.2 2075.26 1125.36 2075.26 1125.36 0.327731 0.154867 
300 0.29 2419200000 43.9016 0.996441 -1243.47 10.2177 1.55382e+06 24746.4 2.46048e+12 7.41248e+10 -0.00167129 0.0887962 0.704606 0.0274828 0.576487 0.0046243 0.334004 0.00522168 0.758784 0.00308531 3.33614 0.0667082 4.51542 0.139221 2067.41 1125.2 2075.26 1125.36 2075.26 1125.36 0.327731 0.154867 
300 0.29 2421000000 43.9016 0.996441 -1243.47 10.2177 1.55382e+06 24746.4 2.46048e+12 7.41248e+10 -0.00167129 0.0887962 0.704606 0.0274828 0.576487 0.0046243 0.334004 0.00522168 0.758784 0.00308531 3.33614 0.0667082 4.51542 0.139221 2067.41 1125.2 2075.26 1125.36 2075.26 1125.36 0.327731 0.154867 
300 0.29 2422800000 43.9016 0.996441 -1243.47 10.2177 1.55382e+06 24746.4 2.46048e+12 7.41248e+10 -0.00167129 0.0887962 0.704606 0.0274828 0.576487 0.0046243 0.334004 0.00522168 0.758784 0.00308531 3.33614 0.0667082 4.51542 0.139221 2067.41 1125.2 2075.26 1125.36 2075.26 1125.36 0.327731 0.154867 
300 0.29 2424600000 43.9016 0.993497 -1243.47 10.2177 1.55382e+06 24746.4 2.46048e+12 7.41248e+10 -0.00167129 0.0887962 0.704606 0.0274828 0.576487 0.0046243 0.334004 0.00522168 0.758784 0.00308531 3.33614 0.0667082 4.51542 0.139221 2067.41 1125.2 2075.26 1125.36 2075.26 1125.36 0.327731 0.154867 
300 0.29 2426400000 43.9016 0.993497 -1243.47 10.2177 1.55382e+06 24746.4 2.46048e+12 7.41248e+10 -0.00167129 0.0887962 0.704606 0.0274828 0.576487 0.0046243 0.334004 0.00522168 0.758784 0.00308531 3.33614 0.0667082 4.51542 0.139221 2067.41 1125.2 2075.26 1125.36 2075.26 1125.36 0.327731 0.154867 
300 0.29 2428200000 43.9016 0.993497 -1243.47 10.2177 1.55382e+06 24746.4 2.46048e+12 7.41248e+10 -0.00167129 0.0887962 0.704606 0.0274828 0.576487 0.0046243 0.334004 0.00522168 0.758784 0.00308531 3.33614 0.0667082 4.51542 0.139221 2067.41 1125.2 2075.26 1125.36 2075.26 1125.36 0.327731 0.154867 
300 0.29 2430000000 43.9016 0.993497 -1243.47 10.2177 1.55382e+06 24746.4 2.46048e+12 7.41248e+10 -0.00167129 0.0887962 0.704606 0.0274828 0.576487 0.0046243 0.334004 0.00522168 0.758784 0.00308531 3.33614 0.0667082 4.51542 0.139221 2067.41 1125.2 2075.26 1125.36 2075.26 1125.36 0.327731 0.154867 
300 0.29 2431800000 43.9016 0.990567 -1243.47 10.2177 1.55382e+06 24746.4 2.46048e+12 7.41248e+10 -0.00167129 0.0887962 0.704606 0.0274828 0.576487 0.0046243 0.334004 0.00522168 0.758784 0.00308531 3.33614 0.0667082 4.51542 0.139221 2067.41 1125.2 2075.26 1125.36 2075.26 1125.36 0.327731 0.154867 
300 0.29 2433600000 43.9016 0.990567 -1243.47 10.2177 1.55382e+06 24746.4 2.46048e+12 7.41248e+10 -0.00167129 0.0887962 0.704606 0.0274828 0.576487 0.0046243 0.334004 0.00522168 0.758784 0.00308531 3.33614 0.0667082 4.51542 0.139221 2067.41 1125.2 2075.26 1125.36 2075.26 1125.36 0.327731 0.154867 
300 0.29 2435400000 43.9016 0.990567 -1243.47 10.2177 1.55382e+06 24746.4 2.46048e+12 7.41248e+10 -0.00167129 0.0887962 0.704606 0.0274828 0.576487 0.0046243 0.334004 0.00522168 0.758784 0.00308531 3.33614 0.0667082 4.51542 0.139221 2067.41 1125.2 2075.26 1125.36 2075.26 1125.36 0.327731 0.154867 
300 0.29 2437200000 43.9016 0.990567 -1243.47 10.2177 1.55382e+06 24746.4 2.46048e+12 7.41248e+10 -0.00167129 0.0887962 0.704606 0.0274828 0.576487 0.0046243 0.334004 0.00522168 0.758784 0.00308531 3.33614 0.0667082 4.51542 0.139221 2067.41 1125.2 2075.26 1125.36 2075.26 1125.36 0.327731 0.154867 
300 0.29 2439000000 43.9016 0.987607 -1243.47 10.2177 1.55382e+06 24746.4 2.46048e+12 7.41248e+10 -0.00167129 0.0887962 0.704606 0.0274828 0.576487 0.0046243 0.334004 0.00522168 0.758784 0.00308531 3.33614 0.0667082 4.51542 0.139221 2067.41 1125.2 2075.26 1125.36 2075.26 1125.36 0.327731 0.154867 
300 0.29 2440800000 43.9016 0.987607 -1243.47 10.2177 1.55382e+06 24746.4 2.46048e+12 7.41248e+10 -0.00167129 0.0887962 0.704606 0.0274828 0.576487 0.0046243 0.334004 0.00522168 0.758784 0.00308531 3.33614 0.0667082 4.51542 0.139221 2067.41 1125.2 2075.26 1125.36 2075.26 1125.36 0.327731 0.154867 
300 0.29 2442600000 43.9016 0.987607 -1243.47 10.2177 1.55382e+06 24746.4 2.46048e+12 7.41248e+10 -0.00167129 0.0887962 0.704606 0.0274828 0.576487 0.0046243 0.334004 0.00522168 0.758784 0.00308531 3.33614 0.0667082 4.51542 0.139221 2067.41 1125.2 2075.26 1125.36 2075.26 1125.36 0.327731 0.154867 
300 0.29 2444400000 43.9016 0.987607 -1243.47 10.2177 1.55382e+06 24746.4 2.46048e+12 7.41248e+10 -0.00167129 0.0887962 0.704606 0.0274828 0.576487 0.0046243 0.334004 0.00522168 0.758784 0.00308531 3.33614 0.0667082 4.51542 0.139221 2067.41 1125.2 2075.26 1125.36 2075.26 1125.36 0.327731 0.154867 
300 0.29 2446200000 43.9016 0.985879 -1243.47 10.2177 1.55382e+06 24746.4 2.46048e+12 7.41248e+10 -0.00167129 0.0887962 0.704606 0.0274828 0.576487 0.0046243 0.334004 0.00522168 0.758784 0.00308531 3.33614 0.0667082 4.51542 0.139221 2067.41 1125.2 2075.26 1125.36 2075.26 1125.36 0.327731 0.154867 
300 0.29 2448000000 43.9016 0.985879 -1243.47 10.2177 1.55382e+06 24746.4 2.46048e+12 7.41248e+10 -0.00167129 0.0887962 0.704606 0.0274828 0.576487 0.0046243 0.334004 0.00522168 0.758784 0.00308531 3.33614 0.0667082 4.51542 0.139221 2067.41 1125.2 2075.26 1125.36 2075.26 1125.36 0.327731 0.154867 
300 0.29 2449800000 43.9016 0.985879 -1243.47 10.2177 1.55382e+06 24746.4 2.46048e+12 7.41248e+10 -0.00167129 0.0887962 0.704606 0.0274828 0.576487 0.0046243 0.334004 0.00522168 0.758784 0.00308531 3.33614 0.0667082 4.51542 0.139221 2067.41 1125.2 2075.26 1125.36 2075.26 1125.36 0.327731 0.154867 
300 0.29 2451600000 43.9016 0.985879 -1243.47 10.2177 1.55382e+06 24746.4 2.46048e+12 7.41248e+10 -0.00167129 0.0887962 0.704606 0.0274828 0.576487 0.0046243 0.334004 0.00522168 0.758784 0.00308531 3.33614 0.0667082 4.51542 0.139221 2067.41 1125.2 2075.26 1125.36 2075.26 1125.36 0.327731 0.154867 
300 0.29 2453400000 43.9016 0.983693 -1243.47 10.2177 1.55382e+06 24746.4 2.46048e+12 7.41248e+10 -0.00167129 0.0887962 0.704606 0.0274828 0.576487 0.0046243 0.334004 0.00522168 0.758784 0.00308531 3.33614 0.0667082 4.51542 0.139221 2067.41 1125.2 2075.26 1125.36 2075.26 1125.36 0.327731 0.154867 
300 0.29 2455200000 43.9016 0.983693 -1243.47 10.2177 1.55382e+06 24746.4 2.46048e+12 7.41248e+10 -0.00167129 0.0887962 0.704606 0.0274828 0.576487 0.0046243 0.334004 0.00522168 0.758784 0.00308531 3.33614 0.0667082 4.51542 0.139221 2067.41 1125.2 2075.26 1125.36 2075.26 1125.36 0.327731 0.154867 
300 0.29 2457000000 43.9016 0.983693 -1243.47 10.2177 1.55382e+06 24746.4 2.46048e+12 7.41248e+10 -0.00167129 0.0887962 0.704606 0.0274828 0.576487 0.0046243 0.334004 0.00522168 0.758784 0.00308531 3.33614 0.0667082 4.51542 0.139221 2067.41 1125.2 2075.26 1125.36 2075.26 1125.36 0.327731 0.154867 
300 0.29 2458800000 43.9016 0.983693 -1243.47 10.2177 1.55382e+06 24746.4 2.46048e+12 7.41248e+10 -0.00167129 0.0887962 0.704606 0.0274828 0.576487 0.0046243 0.334004 0.00522168 0.758784 0.00308531 3.33614 0.0667082 4.51542 0.139221 2067.41 1125.2 2075.26 1125.36 2075.26 1125.36 0.327731 0.154867 
300 0.29 2460600000 43.9016 0.981255 -1243.47 10.2177 1.55382e+06 24746.4 2.46048e+12 7.41248e+10 -0.00167129 0.0887962 0.704606 0.0274828 0.576487 0.0046243 0.334004 0.00522168 0.758784 0.00308531 3.33614 0.0667082 4.51542 0.139221 2067.41 1125.2 2075.26 1125.36 2075.26 1125.36 0.327731 0.154867 
300 0.29 2462400000 43.9016 0.981255 -1243.47 10.2177 1.55382e+06 24746.4 2.46048e+12 7.41248e+10 -0.00167129 0.0887962 0.704606 0.0274828 0.576487 0.0046243 0.334004 0.00522168 0.758784 0.00308531 3.33614 0.0667082 4.51542 0.139221 2067.41 1125.2 2075.26 1125.36 2075.26 1125.36 0.327731 0.154867 
300 0.29 2464200000 43.9016 0.981255 -1243.47 10.2177 1.55382e+06 24746.4 2.46048e+12 7.41248e+10 -0.00167129 0.0887962 0.704606 0.0274828 0.576487 0.0046243 0.334004 0.00522168 0.758784 0.00308531 3.33614 0.0667082 4.51542 0.139221 2067.41 1125.2 2075.26 1125.36 2075.26 1125.36 0.327731 0.154867 
300 0.29 2466000000 43.9016 0.981255 -1243.47 10.2177 1.55382e+06 24746.4 2.46048e+12 7.41248e+10 -0.00167129 0.0887962 0.704606 0.0274828 0.576487 0.0046243 0.334004 0.00522168 0.758784 0.00308531 3.33614 0.0667082 4.51542 0.139221 2067.41 1125.2 2075.26 1125.36 2075.26 1125.36 0.327731 0.154867 
300 0.29 2467800000 43.9016 0.978591 -1243.47 10.2177 1.55382e+06 24746.4 2.46048e+12 7.41248e+10 -0.00167129 0.0887962 0.704606 0.0274828 0.576487 0.0046243 0.334004 0.00522168 0.758784 0.00308531 3.33614 0.0667082 4.51542 0.139221 2067.41 1125.2 2075.26 1125.36 2075.26 1125.36 0.327731 0.154867 
300 0.29 2469600000 43.9016 0.978591 -1243.47 10.2177 1.55382e+06 24746.4 2.46048e+12 7.41248e+10 -0.00167129 0.0887962 0.704606 0.0274828 0.576487 0.0046243 0.334004 0.00522168 0.758784 0.00308531 3.33614 0.0667082 4.51542 0.139221 2067.41 1125.2 2075.26 1125.36 2075.26 1125.36 0.327731 0.154867 
300 0.29 2471400000 43.9016 0.978591 -1243.47 10.2177 1.55382e+06 24746.4 2.46048e+12 7.41248e+10 -0.00167129 0.0887962 0.704606 0.0274828 0.576487 0.0046243 0.334004 0.00522168 0.758784 0.00308531 3.33614 0.0667082 4.51542 0.139221 2067.41 1125.2 2075.26 1125.36 2075.26 1125.36 0.327731 0.154867 
300 0.29 2473200000 43.9016 0.978591 -1243.47 10.2177 1.55382e+06 24746.4 2.46048e+12 7.41248e+10 -0.00167129 0.0887962 0.704606 0.0274828 0.576487 0.0046243 0.334004 0.00522168 0.758784 0.00308531 3.33614 0.0667082 4.51542 0.139221 2067.41 1125.2 2075.26 1125.36 2075.26 1125.36 0.327731 0.154867 
300 0.29 2475000000 43.9016 0.976178 -1243.47 10.2177 1.55382e+06 24746.4 2.46048e+12 7.41248e+10 -0.00167129 0.0887962 0.704606 0.0274828 0.576487 0.0046243 0.334004 0.00522168 0.758784 0.00308531 3.33614 0.0667082 4.51542 0.139221 2067.41 1125.2 2075.26 1125.36 2075.26 1125.36 0.327731 0.154867 
300 0.29 2476800000 43.9016 0.976178 -1243.47 10.2177 1.55382e+06 24746.4 2.46048e+12 7.41248e+10 -0.00167129 0.0887962 0.704606 0.0274828 0.576487 0.0046243 0.334004 0.00522168 0.758784 0.00308531 3.33614 0.0667082 4.51542 0.139221 2067.41 1125.2 2075.26 1125.36 2075.26 1125.36 0.327731 0.154867 
300 0.29 2478600000 43.9016 0.976178 -1243.47 10.2177 1.55382e+06 24746.4 2.46048e+12 7.41248e+10 -0.00167129 0.0887962 0.704606 0.0274828 0.576487 0.0046243 0.334004 0.00522168 0.758784 0.00308531 3.33614 0.0667082 4.51542 0.139221 2067.41 1125.2 2075.26 1125.36 2075.26 1125.36 0.327731 0.154867 
300 0.29 2480400000 43.9016 0.976178 -1243.47 10.2177 1.55382e+06 24746.4 2.46048e+12 7.41248e+10 -0.00167129 0.0887962 0.704606 0.0274828 0.576487 0.0046243 0.334004 0.00522168 0.758784 0.00308531 3.33614 0.0667082 4.51542 0.139221 2067.41 1125.2 2075.26 1125.36 2075.26 1125.36 0.327731 0.154867 
300 0.29 2482200000 43.9016 0.97337 -1243.47 10.2177 1.55382e+06 24746.4 2.46048e+12 7.41248e+10 -0.00167129 0.0887962 0.704606 0.0274828 0.576487 0.0046243 0.334004 0.00522168 0.758784 0.00308531 3.33614 0.0667082 4.51542 0.139221 2067.41 1125.2 2075.26 1125.36 2075.26 1125.36 0.327731 0.154867 
300 0.29 2484000000 43.9016 0.97337 -1243.47 10.2177 1.55382e+06 24746.4 2.46048e+12 7.41248e+10 -0.00167129 0.0887962 0.704606 0.0274828 0.576487 0.0046243 0.334004 0.00522168 0.758784 0.00308531 3.33614 0.0667082 4.51542 0.139221 2067.41 1125.2 2075.26 1125.36 2075.26 1125.36 0.327731 0.154867 
300 0.29 2485800000 43.9016 0.97337 -1243.47 10.2177 1.55382e+06 24746.4 2.46048e+12 7.41248e+10 -0.00167129 0.0887962 0.704606 0.0274828 0.576487 0.0046243 0.334004 0.00522168 0.758784 0.00308531 3.33614 0.0667082 4.51542 0.139221 2067.41 1125.2 2075.26 1125.36 2075.26 1125.36 0.327731 0.154867 
300 0.29 2487600000 43.9016 0.97337 -1243.47 10.2177 1.55382e+06 24746.4 2.46048e+12 7.41248e+10 -0.00167129 0.0887962 0.704606 0.0274828 0.576487 0.0046243 0.334004 0.00522168 0.758784 0.00308531 3.33614 0.0667082 4.51542 0.139221 2067.41 1125.2 2075.26 1125.36 2075.26 1125.36 0.327731 0.154867 
300 0.29 2489400000 43.9016 0.971608 -1243.47 10.2177 1.55382e+06 24746.4 2.46048e+12 7.41248e+10 -0.00167129 0.0887962 0.704606 0.0274828 0.576487 0.0046243 0.334004 0.00522168 0.758784 0.00308531 3.33614 0.0667082 4.51542 0.139221 2067.41 1125.2 2075.26 1125.36 2075.26 1125.36 0.327731 0.154867 
300 0.29 2491200000 43.9016 0.971608 -1243.47 10.2177 1.55382e+06 24746.4 2.46048e+12 7.41248e+10 -0.00167129 0.0887962 0.704606 0.0274828 0.576487 0.0046243 0.334004 0.00522168 0.758784 0.00308531 3.33614 0.0667082 4.51542 0.139221 2067.41 1125.2 2075.26 1125.36 2075.26 1125.36 0.327731 0.154867 
300 0.29 2493000000 43.9016 0.971608 -1243.47 10.2177 1.55382e+06 24746.4 2.46048e+12 7.41248e+10 -0.00167129 0.0887962 0.704606 0.0274828 0.576487 0.0046243 0.334004 0.00522168 0.758784 0.00308531 3.33614 0.0667082 4.51542 0.139221 2067.41 1125.2 2075.26 1125.36 2075.26 1125.36 0.327731 0.154867 
300 0.29 2494800000 43.9016 0.971608 -1243.47 10.2177 1.55382e+06 24746.4 2.46048e+12 7.41248e+10 -0.00167129 0.0887962 0.704606 0.0274828 0.576487 0.0046243 0.334004 0.00522168 0.758784 0.00308531 3.33614 0.0667082 4.51542 0.139221 2067.41 1125.2 2075.26 1125.36 2075.26 1125.36 0.327731 0.154867 
300 0.29 2496600000 43.9016 0.974352 -1243.47 10.2177 1.55382e+06 24746.4 2.46048e+12 7.41248e+10 -0.00167129 0.0887962 0.704606 0.0274828 0.576487 0.0046243 0.334004 0.00522168 0.758784 0.00308531 3.33614 0.0667082 4.51542 0.139221 2067.41 1125.2 2075.26 1125.36 2075.26 1125.36 0.327731 0.154867 
300 0.29 2498400000 43.9016 0.974352 -1243.47 10.2177 1.55382e+06 24746.4 2.46048e+12 7.41248e+10 -0.00167129 0.0887962 0.704606 0.0274828 0.576487 0.0046243 0.334004 0.00522168 0.758784 0.00308531 3.33614 0.0667082 4.51542 0.139221 2067.41 1125.2 2075.26 1125.36 2075.26 1125.36 0.327731 0.154867 
300 0.29 2500200000 43.9016 0.974352 -1243.47 10.2177 1.55382e+06 24746.4 2.46048e+12 7.41248e+10 -0.00167129 0.0887962 0.704606 0.0274828 0.576487 0.0046243 0.334004 0.00522168 0.758784 0.00308531 3.33614 0.0667082 4.51542 0.139221 2067.41 1125.2 2075.26 1125.36 2075.26 1125.36 0.327731 0.154867 
300 0.29 2502000000 43.9016 0.974352 -1243.47 10.2177 1.55382e+06 24746.4 2.46048e+12 7.41248e+10 -0.00167129 0.0887962 0.704606 0.0274828 0.576487 0.0046243 0.334004 0.00522168 0.758784 0.00308531 3.33614 0.0667082 4.51542 0.139221 2067.41 1125.2 2075.26 1125.36 2075.26 1125.36 0.327731 0.154867 
300 0.29 2503800000 43.9016 0.971549 -1243.47 10.2177 1.55382e+06 24746.4 2.46048e+12 7.41248e+10 -0.00167129 0.0887962 0.704606 0.0274828 0.576487 0.0046243 0.334004 0.00522168 0.758784 0.00308531 3.33614 0.0667082 4.51542 0.139221 2067.41 1125.2 2075.26 1125.36 2075.26 1125.36 0.327731 0.154867 
300 0.29 2505600000 43.9016 0.971549 -1243.47 10.2177 1.55382e+06 24746.4 2.46048e+12 7.41248e+10 -0.00167129 0.0887962 0.704606 0.0274828 0.576487 0.0046243 0.334004 0.00522168 0.758784 0.00308531 3.33614 0.0667082 4.51542 0.139221 2067.41 1125.2 2075.26 1125.36 2075.26 1125.36 0.327731 0.154867 
300 0.29 2507400000 43.9016 0.971549 -1243.47 10.2177 1.55382e+06 24746.4 2.46048e+12 7.41248e+10 -0.00167129 0.0887962 0.704606 0.0274828 0.576487 0.0046243 0.334004 0.00522168 0.758784 0.00308531 3.33614 0.0667082 4.51542 0.139221 2067.41 1125.2 2075.26 1125.36 2075.26 1125.36 0.327731 0.154867 
300 0.29 2509200000 43.9016 0.971549 -1243.47 10.2177 1.55382e+06 24746.4 2.46048e+12 7.41248e+10 -0.00167129 0.0887962 0.704606 0.0274828 0.576487 0.0046243 0.334004 0.00522168 0.758784 0.00308531 3.33614 0.0667082 4.51542 0.139221 2067.41 1125.2 2075.26 1125.36 2075.26 1125.36 0.327731 0.154867 
300 0.29 2511000000 43.9016 0.970307 -1243.47 10.2177 1.55382e+06 24746.4 2.46048e+12 7.41248e+10 -0.00167129 0.0887962 0.704606 0.0274828 0.576487 0.0046243 0.334004 0.00522168 0.758784 0.00308531 3.33614 0.0667082 4.51542 0.139221 2067.41 1125.2 2075.26 1125.36 2075.26 1125.36 0.327731 0.154867 
300 0.29 2512800000 43.9016 0.970307 -1243.47 10.2177 1.55382e+06 24746.4 2.46048e+12 7.41248e+10 -0.00167129 0.0887962 0.704606 0.0274828 0.576487 0.0046243 0.334004 0.00522168 0.758784 0.00308531 3.33614 0.0667082 4.51542 0.139221 2067.41 1125.2 2075.26 1125.36 2075.26 1125.36 0.327731 0.154867 
300 0.29 2514600000 43.9016 0.970307 -1243.47 10.2177 1.55382e+06 24746.4 2.46048e+12 7.41248e+10 -0.00167129 0.0887962 0.704606 0.0274828 0.576487 0.0046243 0.334004 0.00522168 0.758784 0.00308531 3.33614 0.0667082 4.51542 0.139221 2067.41 1125.2 2075.26 1125.36 2075.26 1125.36 0.327731 0.154867 
300 0.29 2516400000 43.9016 0.970307 -1243.47 10.2177 1.55382e+06 24746.4 2.46048e+12 7.41248e+10 -0.00167129 0.0887962 0.704606 0.0274828 0.576487 0.0046243 0.334004 0.00522168 0.758784 0.00308531 3.33614 0.0667082 4.51542 0.139221 2067.41 1125.2 2075.26 1125.36 2075.26 1125.36 0.327731 0.154867 
300 0.29 2518200000 43.9016 0.968064 -1243.47 10.2177 1.55382e+06 24746.4 2.46048e+12 7.41248e+10 -0.00167129 0.0887962 0.704606 0.0274828 0.576487 0.0046243 0.334004 0.00522168 0.758784 0.00308531 3.33614 0.0667082 4.51542 0.139221 2067.41 1125.2 2075.26 1125.36 2075.26 1125.36 0.327731 0.154867 
300 0.29 2520000000 43.9016 0.968064 -1243.47 10.2177 1.55382e+06 24746.4 2.46048e+12 7.41248e+10 -0.00167129 0.0887962 0.704606 0.0274828 0.576487 0.0046243 0.334004 0.00522168 0.758784 0.00308531 3.33614 0.0667082 4.51542 0.139221 2067.41 1125.2 2075.26 1125.36 2075.26 1125.36 0.327731 0.154867 
300 0.29 2521800000 43.9016 0.968064 -1243.47 10.2177 1.55382e+06 24746.4 2.46048e+12 7.41248e+10 -0.00167129 0.0887962 0.704606 0.0274828 0.576487 0.0046243 0.334004 0.00522168 0.758784 0.00308531 3.33614 0.0667082 4.51542 0.139221 2067.41 1125.2 2075.26 1125.36 2075.26 1125.36 0.327731 0.154867 
300 0.29 2523600000 43.9016 0.968064 -1243.47 10.2177 1.55382e+06 24746.4 2.46048e+12 7.41248e+10 -0.00167129 0.0887962 0.704606 0.0274828 0.576487 0.0046243 0.334004 0.00522168 0.758784 0.00308531 3.33614 0.0667082 4.51542 0.139221 2067.41 1125.2 2075.26 1125.36 2075.26 1125.36 0.327731 0.154867 
300 0.29 2525400000 43.9016 0.965661 -1243.47 10.2177 1.55382e+06 24746.4 2.46048e+12 7.41248e+10 -0.00167129 0.0887962 0.704606 0.0274828 0.576487 0.0046243 0.334004 0.00522168 0.758784 0.00308531 3.33614 0.0667082 4.51542 0.139221 2067.41 1125.2 2075.26 1125.36 2075.26 1125.36 0.327731 0.154867 
300 0.29 2527200000 43.9016 0.965661 -1243.47 10.2177 1.55382e+06 24746.4 2.46048e+12 7.41248e+10 -0.00167129 0.0887962 0.704606 0.0274828 0.576487 0.0046243 0.334004 0.00522168 0.758784 0.00308531 3.33614 0.0667082 4.51542 0.139221 2067.41 1125.2 2075.26 1125.36 2075.26 1125.36 0.327731 0.154867 
300 0.29 2529000000 43.9016 0.965661 -1243.47 10.2177 1.55382e+06 24746.4 2.46048e+12 7.41248e+10 -0.00167129 0.0887962 0.704606 0.0274828 0.576487 0.0046243 0.334004 0.00522168 0.758784 0.00308531 3.33614 0.0667082 4.51542 0.139221 2067.41 1125.2 2075.26 1125.36 2075.26 1125.36 0.327731 0.154867 
300 0.29 2530800000 43.9016 0.965661 -1243.47 10.2177 1.55382e+06 24746.4 2.46048e+12 7.41248e+10 -0.00167129 0.0887962 0.704606 0.0274828 0.576487 0.0046243 0.334004 0.00522168 0.758784 0.00308531 3.33614 0.0667082 4.51542 0.139221 2067.41 1125.2 2075.26 1125.36 2075.26 1125.36 0.327731 0.154867 
300 0.29 2532600000 43.9016 0.964354 -1243.47 10.2177 1.55382e+06 24746.4 2.46048e+12 7.41248e+10 -0.00167129 0.0887962 0.704606 0.0274828 0.576487 0.0046243 0.334004 0.00522168 0.758784 0.00308531 3.33614 0.0667082 4.51542 0.139221 2067.41 1125.2 2075.26 1125.36 2075.26 1125.36 0.327731 0.154867 
300 0.29 2534400000 43.9016 0.964354 -1243.47 10.2177 1.55382e+06 24746.4 2.46048e+12 7.41248e+10 -0.00167129 0.0887962 0.704606 0.0274828 0.576487 0.0046243 0.334004 0.00522168 0.758784 0.00308531 3.33614 0.0667082 4.51542 0.139221 2067.41 1125.2 2075.26 1125.36 2075.26 1125.36 0.327731 0.154867 
300 0.29 2536200000 43.9016 0.964354 -1243.47 10.2177 1.55382e+06 24746.4 2.46048e+12 7.41248e+10 -0.00167129 0.0887962 0.704606 0.0274828 0.576487 0.0046243 0.334004 0.00522168 0.758784 0.00308531 3.33614 0.0667082 4.51542 0.139221 2067.41 1125.2 2075.26 1125.36 2075.26 1125.36 0.327731 0.154867 
300 0.29 2538000000 43.9016 0.964354 -1243.47 10.2177 1.55382e+06 24746.4 2.46048e+12 7.41248e+10 -0.00167129 0.0887962 0.704606 0.0274828 0.576487 0.0046243 0.334004 0.00522168 0.758784 0.00308531 3.33614 0.0667082 4.51542 0.139221 2067.41 1125.2 2075.26 1125.36 2075.26 1125.36 0.327731 0.154867 
300 0.29 2539800000 43.9016 0.961622 -1243.47 10.2177 1.55382e+06 24746.4 2.46048e+12 7.41248e+10 -0.00167129 0.0887962 0.704606 0.0274828 0.576487 0.0046243 0.334004 0.00522168 0.758784 0.00308531 3.33614 0.0667082 4.51542 0.139221 2067.41 1125.2 2075.26 1125.36 2075.26 1125.36 0.327731 0.154867 
300 0.29 2541600000 43.9016 0.961622 -1243.47 10.2177 1.55382e+06 24746.4 2.46048e+12 7.41248e+10 -0.00167129 0.0887962 0.704606 0.0274828 0.576487 0.0046243 0.334004 0.00522168 0.758784 0.00308531 3.33614 0.0667082 4.51542 0.139221 2067.41 1125.2 2075.26 1125.36 2075.26 1125.36 0.327731 0.154867 
300 0.29 2543400000 43.9016 0.961622 -1243.47 10.2177 1.55382e+06 24746.4 2.46048e+12 7.41248e+10 -0.00167129 0.0887962 0.704606 0.0274828 0.576487 0.0046243 0.334004 0.00522168 0.758784 0.00308531 3.33614 0.0667082 4.51542 0.139221 2067.41 1125.2 2075.26 1125.36 2075.26 1125.36 0.327731 0.154867 
300 0.29 2545200000 43.9016 0.961622 -1243.47 10.2177 1.55382e+06 24746.4 2.46048e+12 7.41248e+10 -0.00167129 0.0887962 0.704606 0.0274828 0.576487 0.0046243 0.334004 0.00522168 0.758784 0.00308531 3.33614 0.0667082 4.51542 0.139221 2067.41 1125.2 2075.26 1125.36 2075.26 1125.36 0.327731 0.154867 
300 0.29 2547000000 43.9016 0.959382 -1243.47 10.2177 1.55382e+06 24746.4 2.46048e+12 7.41248e+10 -0.00167129 0.0887962 0.704606 0.0274828 0.576487 0.0046243 0.334004 0.00522168 0.758784 0.00308531 3.33614 0.0667082 4.51542 0.139221 2067.41 1125.2 2075.26 1125.36 2075.26 1125.36 0.327731 0.154867 
300 0.29 2548800000 43.9016 0.959382 -1243.47 10.2177 1.55382e+06 24746.4 2.46048e+12 7.41248e+10 -0.00167129 0.0887962 0.704606 0.0274828 0.576487 0.0046243 0.334004 0.00522168 0.758784 0.00308531 3.33614 0.0667082 4.51542 0.139221 2067.41 1125.2 2075.26 1125.36 2075.26 1125.36 0.327731 0.154867 
300 0.29 2550600000 43.9016 0.959382 -1243.47 10.2177 1.55382e+06 24746.4 2.46048e+12 7.41248e+10 -0.00167129 0.0887962 0.704606 0.0274828 0.576487 0.0046243 0.334004 0.00522168 0.758784 0.00308531 3.33614 0.0667082 4.51542 0.139221 2067.41 1125.2 2075.26 1125.36 2075.26 1125.36 0.327731 0.154867 
300 0.29 2552400000 43.9016 0.959382 -1243.47 10.2177 1.55382e+06 24746.4 2.46048e+12 7.41248e+10 -0.00167129 0.0887962 0.704606 0.0274828 0.576487 0.0046243 0.334004 0.00522168 0.758784 0.00308531 3.33614 0.0667082 4.51542 0.139221 2067.41 1125.2 2075.26 1125.36 2075.26 1125.36 0.327731 0.154867 
300 0.29 2554200000 43.9016 0.958523 -1243.47 10.2177 1.55382e+06 24746.4 2.46048e+12 7.41248e+10 -0.00167129 0.0887962 0.704606 0.0274828 0.576487 0.0046243 0.334004 0.00522168 0.758784 0.00308531 3.33614 0.0667082 4.51542 0.139221 2067.41 1125.2 2075.26 1125.36 2075.26 1125.36 0.327731 0.154867 
300 0.29 2556000000 43.9016 0.958523 -1243.47 10.2177 1.55382e+06 24746.4 2.46048e+12 7.41248e+10 -0.00167129 0.0887962 0.704606 0.0274828 0.576487 0.0046243 0.334004 0.00522168 0.758784 0.00308531 3.33614 0.0667082 4.51542 0.139221 2067.41 1125.2 2075.26 1125.36 2075.26 1125.36 0.327731 0.154867 
300 0.29 2557800000 43.9016 0.958523 -1243.47 10.2177 1.55382e+06 24746.4 2.46048e+12 7.41248e+10 -0.00167129 0.0887962 0.704606 0.0274828 0.576487 0.0046243 0.334004 0.00522168 0.758784 0.00308531 3.33614 0.0667082 4.51542 0.139221 2067.41 1125.2 2075.26 1125.36 2075.26 1125.36 0.327731 0.154867 
300 0.29 2559600000 43.9016 0.958523 -1243.47 10.2177 1.55382e+06 24746.4 2.46048e+12 7.41248e+10 -0.00167129 0.0887962 0.704606 0.0274828 0.576487 0.0046243 0.334004 0.00522168 0.758784 0.00308531 3.33614 0.0667082 4.51542 0.139221 2067.41 1125.2 2075.26 1125.36 2075.26 1125.36 0.327731 0.154867 
300 0.29 2561400000 43.9016 0.956742 -1243.47 10.2177 1.55382e+06 24746.4 2.46048e+12 7.41248e+10 -0.00167129 0.0887962 0.704606 0.0274828 0.576487 0.0046243 0.334004 0.00522168 0.758784 0.00308531 3.33614 0.0667082 4.51542 0.139221 2067.41 1125.2 2075.26 1125.36 2075.26 1125.36 0.327731 0.154867 
300 0.29 2563200000 43.9016 0.956742 -1243.47 10.2177 1.55382e+06 24746.4 2.46048e+12 7.41248e+10 -0.00167129 0.0887962 0.704606 0.0274828 0.576487 0.0046243 0.334004 0.00522168 0.758784 0.00308531 3.33614 0.0667082 4.51542 0.139221 2067.41 1125.2 2075.26 1125.36 2075.26 1125.36 0.327731 0.154867 
300 0.29 2565000000 43.9016 0.956742 -1243.47 10.2177 1.55382e+06 24746.4 2.46048e+12 7.41248e+10 -0.00167129 0.0887962 0.704606 0.0274828 0.576487 0.0046243 0.334004 0.00522168 0.758784 0.00308531 3.33614 0.0667082 4.51542 0.139221 2067.41 1125.2 2075.26 1125.36 2075.26 1125.36 0.327731 0.154867 
300 0.29 2566800000 43.9016 0.956742 -1243.47 10.2177 1.55382e+06 24746.4 2.46048e+12 7.41248e+10 -0.00167129 0.0887962 0.704606 0.0274828 0.576487 0.0046243 0.334004 0.00522168 0.758784 0.00308531 3.33614 0.0667082 4.51542 0.139221 2067.41 1125.2 2075.26 1125.36 2075.26 1125.36 0.327731 0.154867 
300 0.29 2568600000 43.9716 0.954637 -1246.14 10.2177 1.56038e+06 24746.4 2.4805e+12 7.41248e+10 -0.0657387 0.0923491 0.666676 0.0430874 0.577738 0.0046243 0.335407 0.00522168 0.759621 0.00308531 3.32882 0.0667082 4.48599 0.139221 1879.96 1123.14 1887.78 1123.35 1887.78 1123.35 0.30027 0.154867 
300 0.29 2570400000 43.9716 0.954637 -1246.14 10.2177 1.56038e+06 24746.4 2.4805e+12 7.41248e+10 -0.0657387 0.0923491 0.666676 0.0430874 0.577738 0.0046243 0.335407 0.00522168 0.759621 0.00308531 3.32882 0.0667082 4.48599 0.139221 1879.96 1123.14 1887.78 1123.35 1887.78 1123.35 0.30027 0.154867 
300 0.29 2572200000 43.9716 0.954637 -1246.14 10.2177 1.56038e+06 24746.4 2.4805e+12 7.41248e+10 -0.0657387 0.0923491 0.666676 0.0430874 0.577738 0.0046243 0.335407 0.00522168 0.759621 0.00308531 3.32882 0.0667082 4.48599 0.139221 1879.96 1123.14 1887.78 1123.35 1887.78 1123.35 0.30027 0.154867 
300 0.29 2574000000 43.9716 0.954637 -1246.14 10.2177 1.56038e+06 24746.4 2.4805e+12 7.41248e+10 -0.0657387 0.0923491 0.666676 0.0430874 0.577738 0.0046243 0.335407 0.00522168 0.759621 0.00308531 3.32882 0.0667082 4.48599 0.139221 1879.96 1123.14 1887.78 1123.35 1887.78 1123.35 0.30027 0.154867 
300 0.29 2575800000 43.9716 0.951933 -1246.14 10.2177 1.56038e+06 24746.4 2.4805e+12 7.41248e+10 -0.0657387 0.0923491 0.666676 0.0430874 0.577738 0.0046243 0.335407 0.00522168 0.759621 0.00308531 3.32882 0.0667082 4.48599 0.139221 1879.96 1123.14 1887.78 1123.35 1887.78 1123.35 0.30027 0.154867 
300 0.29 2577600000 43.9716 0.951933 -1246.14 10.2177 1.56038e+06 24746.4 2.4805e+12 7.41248e+10 -0.0657387 0.0923491 0.666676 0.0430874 0.577738 0.0046243 0.335407 0.00522168 0.759621 0.00308531 3.32882 0.0667082 4.48599 0.139221 1879.96 1123.14 1887.78 1123.35 1887.78 1123.35 0.30027 0.154867 
300 0.29 2579400000 43.9716 0.951933 -1246.14 10.2177 1.56038e+06 24746.4 2.4805e+12 7.41248e+10 -0.0657387 0.0923491 0.666676 0.0430874 0.577738 0.0046243 0.335407 0.00522168 0.759621 0.00308531 3.32882 0.0667082 4.48599 0.139221 1879.96 1123.14 1887.78 1123.35 1887.78 1123.35 0.30027 0.154867 
300 0.29 2581200000 43.9716 0.951933 -1246.14 10.2177 1.56038e+06 24746.4 2.4805e+12 7.41248e+10 -0.0657387 0.0923491 0.666676 0.0430874 0.577738 0.0046243 0.335407 0.00522168 0.759621 0.00308531 3.32882 0.0667082 4.48599 0.139221 1879.96 1123.14 1887.78 1123.35 1887.78 1123.35 0.30027 0.154867 
300 0.29 2583000000 43.9716 0.949271 -1246.14 10.2177 1.56038e+06 24746.4 2.4805e+12 7.41248e+10 -0.0657387 0.0923491 0.666676 0.0430874 0.577738 0.0046243 0.335407 0.00522168 0.759621 0.00308531 3.32882 0.0667082 4.48599 0.139221 1879.96 1123.14 1887.78 1123.35 1887.78 1123.35 0.30027 0.154867 
300 0.29 2584800000 43.9716 0.949271 -1246.14 10.2177 1.56038e+06 24746.4 2.4805e+12 7.41248e+10 -0.0657387 0.0923491 0.666676 0.0430874 0.577738 0.0046243 0.335407 0.00522168 0.759621 0.00308531 3.32882 0.0667082 4.48599 0.139221 1879.96 1123.14 1887.78 1123.35 1887.78 1123.35 0.30027 0.154867 
300 0.29 2586600000 43.9716 0.949271 -1246.14 10.2177 1.56038e+06 24746.4 2.4805e+12 7.41248e+10 -0.0657387 0.0923491 0.666676 0.0430874 0.577738 0.0046243 0.335407 0.00522168 0.759621 0.00308531 3.32882 0.0667082 4.48599 0.139221 1879.96 1123.14 1887.78 1123.35 1887.78 1123.35 0.30027 0.154867 
300 0.29 2588400000 43.9716 0.949271 -1246.14 10.2177 1.56038e+06 24746.4 2.4805e+12 7.41248e+10 -0.0657387 0.0923491 0.666676 0.0430874 0.577738 0.0046243 0.335407 0.00522168 0.759621 0.00308531 3.32882 0.0667082 4.48599 0.139221 1879.96 1123.14 1887.78 1123.35 1887.78 1123.35 0.30027 0.154867 
300 0.29 2590200000 43.9716 0.950232 -1246.14 10.2177 1.56038e+06 24746.4 2.4805e+12 7.41248e+10 -0.0657387 0.0923491 0.666676 0.0430874 0.577738 0.0046243 0.335407 0.00522168 0.759621 0.00308531 3.32882 0.0667082 4.48599 0.139221 1879.96 1123.14 1887.78 1123.35 1887.78 1123.35 0.30027 0.154867 
300 0.29 2592000000 43.9716 0.950232 -1246.14 10.2177 1.56038e+06 24746.4 2.4805e+12 7.41248e+10 -0.0657387 0.0923491 0.666676 0.0430874 0.577738 0.0046243 0.335407 0.00522168 0.759621 0.00308531 3.32882 0.0667082 4.48599 0.139221 1879.96 1123.14 1887.78 1123.35 1887.78 1123.35 0.30027 0.154867 
300 0.29 2593800000 43.9716 0.950232 -1246.14 10.2177 1.56038e+06 24746.4 2.4805e+12 7.41248e+10 -0.0657387 0.0923491 0.666676 0.0430874 0.577738 0.0046243 0.335407 0.00522168 0.759621 0.00308531 3.32882 0.0667082 4.48599 0.139221 1879.96 1123.14 1887.78 1123.35 1887.78 1123.35 0.30027 0.154867 
300 0.29 2595600000 43.9716 0.950232 -1246.14 10.2177 1.56038e+06 24746.4 2.4805e+12 7.41248e+10 -0.0657387 0.0923491 0.666676 0.0430874 0.577738 0.0046243 0.335407 0.00522168 0.759621 0.00308531 3.32882 0.0667082 4.48599 0.139221 1879.96 1123.14 1887.78 1123.35 1887.78 1123.35 0.30027 0.154867 
300 0.29 2597400000 43.9716 0.958884 -1246.14 10.2177 1.56038e+06 24746.4 2.4805e+12 7.41248e+10 -0.0657387 0.0923491 0.666676 0.0430874 0.577738 0.0046243 0.335407 0.00522168 0.759621 0.00308531 3.32882 0.0667082 4.48599 0.139221 1879.96 1123.14 1887.78 1123.35 1887.78 1123.35 0.30027 0.154867 
300 0.29 2599200000 43.9716 0.958884 -1246.14 10.2177 1.56038e+06 24746.4 2.4805e+12 7.41248e+10 -0.0657387 0.0923491 0.666676 0.0430874 0.577738 0.0046243 0.335407 0.00522168 0.759621 0.00308531 3.32882 0.0667082 4.48599 0.139221 1879.96 1123.14 1887.78 1123.35 1887.78 1123.35 0.30027 0.154867 
300 0.29 2601000000 43.9716 0.958884 -1246.14 10.2177 1.56038e+06 24746.4 2.4805e+12 7.41248e+10 -0.0657387 0.0923491 0.666676 0.0430874 0.577738 0.0046243 0.335407 0.00522168 0.759621 0.00308531 3.32882 0.0667082 4.48599 0.139221 1879.96 1123.14 1887.78 1123.35 1887.78 1123.35 0.30027 0.154867 
300 0.29 2602800000 43.9716 0.958884 -1246.14 10.2177 1.56038e+06 24746.4 2.4805e+12 7.41248e+10 -0.0657387 0.0923491 0.666676 0.0430874 0.577738 0.0046243 0.335407 0.00522168 0.759621 0.00308531 3.32882 0.0667082 4.48599 0.139221 1879.96 1123.14 1887.78 1123.35 1887.78 1123.35 0.30027 0.154867 
300 0.29 2604600000 43.9716 0.958884 -1246.14 10.2177 1.56038e+06 24746.4 2.4805e+12 7.41248e+10 -0.0657387 0.0923491 0.666676 0.0430874 0.577738 0.0046243 0.335407 0.00522168 0.759621 0.00308531 3.32882 0.0667082 4.48599 0.139221 1879.96 1123.14 1887.78 1123.35 1887.78 1123.35 0.30027 0.154867 
300 0.29 2606400000 43.9716 0.958884 -1246.14 10.2177 1.56038e+06 24746.4 2.4805e+12 7.41248e+10 -0.0657387 0.0923491 0.666676 0.0430874 0.577738 0.0046243 0.335407 0.00522168 0.759621 0.00308531 3.32882 0.0667082 4.48599 0.139221 1879.96 1123.14 1887.78 1123.35 1887.78 1123.35 0.30027 0.154867 
300 0.29 2608200000 43.9716 0.958884 -1246.14 10.2177 1.56038e+06 24746.4 2.4805e+12 7.41248e+10 -0.0657387 0.0923491 0.666676 0.0430874 0.577738 0.0046243 0.335407 0.00522168 0.759621 0.00308531 3.32882 0.0667082 4.48599 0.139221 1879.96 1123.14 1887.78 1123.35 1887.78 1123.35 0.30027 0.154867 
300 0.29 2610000000 43.9716 0.958884 -1246.14 10.2177 1.56038e+06 24746.4 2.4805e+12 7.41248e+10 -0.0657387 0.0923491 0.666676 0.0430874 0.577738 0.0046243 0.335407 0.00522168 0.759621 0.00308531 3.32882 0.0667082 4.48599 0.139221 1879.96 1123.14 1887.78 1123.35 1887.78 1123.35 0.30027 0.154867 
300 0.29 2611800000 43.9716 0.958884 -1246.14 10.2177 1.56038e+06 24746.4 2.4805e+12 7.41248e+10 -0.0657387 0.0923491 0.666676 0.0430874 0.577738 0.0046243 0.335407 0.00522168 0.759621 0.00308531 3.32882 0.0667082 4.48599 0.139221 1879.96 1123.14 1887.78 1123.35 1887.78 1123.35 0.30027 0.154867 
300 0.29 2613600000 43.9716 0.958884 -1246.14 10.2177 1.56038e+06 24746.4 2.4805e+12 7.41248e+10 -0.0657387 0.0923491 0.666676 0.0430874 0.577738 0.0046243 0.335407 0.00522168 0.759621 0.00308531 3.32882 0.0667082 4.48599 0.139221 1879.96 1123.14 1887.78 1123.35 1887.78 1123.35 0.30027 0.154867 
300 0.29 2615400000 43.9716 0.958884 -1246.14 10.2177 1.56038e+06 24746.4 2.4805e+12 7.41248e+10 -0.0657387 0.0923491 0.666676 0.0430874 0.577738 0.0046243 0.335407 0.00522168 0.759621 0.00308531 3.32882 0.0667082 4.48599 0.139221 1879.96 1123.14 1887.78 1123.35 1887.78 1123.35 0.30027 0.154867 
300 0.29 2617200000 43.9716 0.958884 -1246.14 10.2177 1.56038e+06 24746.4 2.4805e+12 7.41248e+10 -0.0657387 0.0923491 0.666676 0.0430874 0.577738 0.0046243 0.335407 0.00522168 0.759621 0.00308531 3.32882 0.0667082 4.48599 0.139221 1879.96 1123.14 1887.78 1123.35 1887.78 1123.35 0.30027 0.154867 
300 0.29 2619000000 43.9716 0.958884 -1246.14 10.2177 1.56038e+06 24746.4 2.4805e+12 7.41248e+10 -0.0657387 0.0923491 0.666676 0.0430874 0.577738 0.0046243 0.335407 0.00522168 0.759621 0.00308531 3.32882 0.0667082 4.48599 0.139221 1879.96 1123.14 1887.78 1123.35 1887.78 1123.35 0.30027 0.154867 
300 0.29 2620800000 43.9716 0.958884 -1246.14 10.2177 1.56038e+06 24746.4 2.4805e+12 7.41248e+10 -0.0657387 0.0923491 0.666676 0.0430874 0.577738 0.0046243 0.335407 0.00522168 0.759621 0.00308531 3.32882 0.0667082 4.48599 0.139221 1879.96 1123.14 1887.78 1123.35 1887.78 1123.35 0.30027 0.154867 
300 0.29 2622600000 43.9716 0.958884 -1246.14 10.2177 1.56038e+06 24746.4 2.4805e+12 7.41248e+10 -0.0657387 0.0923491 0.666676 0.0430874 0.577738 0.0046243 0.335407 0.00522168 0.759621 0.00308531 3.32882 0.0667082 4.48599 0.139221 1879.96 1123.14 1887.78 1123.35 1887.78 1123.35 0.30027 0.154867 
300 0.29 2624400000 43.9716 0.958884 -1246.14 10.2177 1.56038e+06 24746.4 2.4805e+12 7.41248e+10 -0.0657387 0.0923491 0.666676 0.0430874 0.577738 0.0046243 0.335407 0.00522168 0.759621 0.00308531 3.32882 0.0667082 4.48599 0.139221 1879.96 1123.14 1887.78 1123.35 1887.78 1123.35 0.30027 0.154867 
300 0.29 2626200000 43.9716 0.968118 -1246.14 10.2177 1.56038e+06 24746.4 2.4805e+12 7.41248e+10 -0.0657387 0.0923491 0.666676 0.0430874 0.577738 0.0046243 0.335407 0.00522168 0.759621 0.00308531 3.32882 0.0667082 4.48599 0.139221 1879.96 1123.14 1887.78 1123.35 1887.78 1123.35 0.30027 0.154867 
300 0.29 2628000000 43.9716 0.968118 -1246.14 10.2177 1.56038e+06 24746.4 2.4805e+12 7.41248e+10 -0.0657387 0.0923491 0.666676 0.0430874 0.577738 0.0046243 0.335407 0.00522168 0.759621 0.00308531 3.32882 0.0667082 4.48599 0.139221 1879.96 1123.14 1887.78 1123.35 1887.78 1123.35 0.30027 0.154867 
300 0.29 2629800000 43.9716 0.968118 -1246.14 10.2177 1.56038e+06 24746.4 2.4805e+12 7.41248e+10 -0.0657387 0.0923491 0.666676 0.0430874 0.577738 0.0046243 0.335407 0.00522168 0.759621 0.00308531 3.32882 0.0667082 4.48599 0.139221 1879.96 1123.14 1887.78 1123.35 1887.78 1123.35 0.30027 0.154867 
300 0.29 2631600000 43.9716 0.968118 -1246.14 10.2177 1.56038e+06 24746.4 2.4805e+12 7.41248e+10 -0.0657387 0.0923491 0.666676 0.0430874 0.577738 0.0046243 0.335407 0.00522168 0.759621 0.00308531 3.32882 0.0667082 4.48599 0.139221 1879.96 1123.14 1887.78 1123.35 1887.78 1123.35 0.30027 0.154867 
300 0.29 2633400000 43.9716 0.968118 -1246.14 10.2177 1.56038e+06 24746.4 2.4805e+12 7.41248e+10 -0.0657387 0.0923491 0.666676 0.0430874 0.577738 0.0046243 0.335407 0.00522168 0.759621 0.00308531 3.32882 0.0667082 4.48599 0.139221 1879.96 1123.14 1887.78 1123.35 1887.78 1123.35 0.30027 0.154867 
300 0.29 2635200000 43.9716 0.968118 -1246.14 10.2177 1.56038e+06 24746.4 2.4805e+12 7.41248e+10 -0.0657387 0.0923491 0.666676 0.0430874 0.577738 0.0046243 0.335407 0.00522168 0.759621 0.00308531 3.32882 0.0667082 4.48599 0.139221 1879.96 1123.14 1887.78 1123.35 1887.78 1123.35 0.30027 0.154867 
300 0.29 2637000000 43.9716 0.968118 -1246.14 10.2177 1.56038e+06 24746.4 2.4805e+12 7.41248e+10 -0.0657387 0.0923491 0.666676 0.0430874 0.577738 0.0046243 0.335407 0.00522168 0.759621 0.00308531 3.32882 0.0667082 4.48599 0.139221 1879.96 1123.14 1887.78 1123.35 1887.78 1123.35 0.30027 0.154867 
300 0.29 2638800000 43.9716 0.968118 -1246.14 10.2177 1.56038e+06 24746.4 2.4805e+12 7.41248e+10 -0.0657387 0.0923491 0.666676 0.0430874 0.577738 0.0046243 0.335407 0.00522168 0.759621 0.00308531 3.32882 0.0667082 4.48599 0.139221 1879.96 1123.14 1887.78 1123.35 1887.78 1123.35 0.30027 0.154867 
300 0.29 2640600000 43.9716 0.968118 -1246.14 10.2177 1.56038e+06 24746.4 2.4805e+12 7.41248e+10 -0.0657387 0.0923491 0.666676 0.0430874 0.577738 0.0046243 0.335407 0.00522168 0.759621 0.00308531 3.32882 0.0667082 4.48599 0.139221 1879.96 1123.14 1887.78 1123.35 1887.78 1123.35 0.30027 0.154867 
300 0.29 2642400000 43.9716 0.968118 -1246.14 10.2177 1.56038e+06 24746.4 2.4805e+12 7.41248e+10 -0.0657387 0.0923491 0.666676 0.0430874 0.577738 0.0046243 0.335407 0.00522168 0.759621 0.00308531 3.32882 0.0667082 4.48599 0.139221 1879.96 1123.14 1887.78 1123.35 1887.78 1123.35 0.30027 0.154867 
300 0.29 2644200000 43.9716 0.968118 -1246.14 10.2177 1.56038e+06 24746.4 2.4805e+12 7.41248e+10 -0.0657387 0.0923491 0.666676 0.0430874 0.577738 0.0046243 0.335407 0.00522168 0.759621 0.00308531 3.32882 0.0667082 4.48599 0.139221 1879.96 1123.14 1887.78 1123.35 1887.78 1123.35 0.30027 0.154867 
300 0.29 2646000000 43.9716 0.968118 -1246.14 10.2177 1.56038e+06 24746.4 2.4805e+12 7.41248e+10 -0.0657387 0.0923491 0.666676 0.0430874 0.577738 0.0046243 0.335407 0.00522168 0.759621 0.00308531 3.32882 0.0667082 4.48599 0.139221 1879.96 1123.14 1887.78 1123.35 1887.78 1123.35 0.30027 0.154867 
300 0.29 2647800000 43.9716 0.968118 -1246.14 10.2177 1.56038e+06 24746.4 2.4805e+12 7.41248e+10 -0.0657387 0.0923491 0.666676 0.0430874 0.577738 0.0046243 0.335407 0.00522168 0.759621 0.00308531 3.32882 0.0667082 4.48599 0.139221 1879.96 1123.14 1887.78 1123.35 1887.78 1123.35 0.30027 0.154867 
300 0.29 2649600000 43.9716 0.968118 -1246.14 10.2177 1.56038e+06 24746.4 2.4805e+12 7.41248e+10 -0.0657387 0.0923491 0.666676 0.0430874 0.577738 0.0046243 0.335407 0.00522168 0.759621 0.00308531 3.32882 0.0667082 4.48599 0.139221 1879.96 1123.14 1887.78 1123.35 1887.78 1123.35 0.30027 0.154867 
300 0.29 2651400000 43.9716 0.968118 -1246.14 10.2177 1.56038e+06 24746.4 2.4805e+12 7.41248e+10 -0.0657387 0.0923491 0.666676 0.0430874 0.577738 0.0046243 0.335407 0.00522168 0.759621 0.00308531 3.32882 0.0667082 4.48599 0.139221 1879.96 1123.14 1887.78 1123.35 1887.78 1123.35 0.30027 0.154867 
300 0.29 2653200000 43.9716 0.968118 -1246.14 10.2177 1.56038e+06 24746.4 2.4805e+12 7.41248e+10 -0.0657387 0.0923491 0.666676 0.0430874 0.577738 0.0046243 0.335407 0.00522168 0.759621 0.00308531 3.32882 0.0667082 4.48599 0.139221 1879.96 1123.14 1887.78 1123.35 1887.78 1123.35 0.30027 0.154867 
300 0.29 2655000000 43.9716 0.960665 -1246.14 10.2177 1.56038e+06 24746.4 2.4805e+12 7.41248e+10 -0.0657387 0.0923491 0.666676 0.0430874 0.577738 0.0046243 0.335407 0.00522168 0.759621 0.00308531 3.32882 0.0667082 4.48599 0.139221 1879.96 1123.14 1887.78 1123.35 1887.78 1123.35 0.30027 0.154867 
300 0.29 2656800000 43.9716 0.960665 -1246.14 10.2177 1.56038e+06 24746.4 2.4805e+12 7.41248e+10 -0.0657387 0.0923491 0.666676 0.0430874 0.577738 0.0046243 0.335407 0.00522168 0.759621 0.00308531 3.32882 0.0667082 4.48599 0.139221 1879.96 1123.14 1887.78 1123.35 1887.78 1123.35 0.30027 0.154867 
300 0.29 2658600000 43.9716 0.960665 -1246.14 10.2177 1.56038e+06 24746.4 2.4805e+12 7.41248e+10 -0.0657387 0.0923491 0.666676 0.0430874 0.577738 0.0046243 0.335407 0.00522168 0.759621 0.00308531 3.32882 0.0667082 4.48599 0.139221 1879.96 1123.14 1887.78 1123.35 1887.78 1123.35 0.30027 0.154867 
300 0.29 2660400000 43.9716 0.960665 -1246.14 10.2177 1.56038e+06 24746.4 2.4805e+12 7.41248e+10 -0.0657387 0.0923491 0.666676 0.0430874 0.577738 0.0046243 0.335407 0.00522168 0.759621 0.00308531 3.32882 0.0667082 4.48599 0.139221 1879.96 1123.14 1887.78 1123.35 1887.78 1123.35 0.30027 0.154867 
300 0.29 2662200000 43.9716 0.960665 -1246.14 10.2177 1.56038e+06 24746.4 2.4805e+12 7.41248e+10 -0.0657387 0.0923491 0.666676 0.0430874 0.577738 0.0046243 0.335407 0.00522168 0.759621 0.00308531 3.32882 0.0667082 4.48599 0.139221 1879.96 1123.14 1887.78 1123.35 1887.78 1123.35 0.30027 0.154867 
300 0.29 2664000000 43.9716 0.960665 -1246.14 10.2177 1.56038e+06 24746.4 2.4805e+12 7.41248e+10 -0.0657387 0.0923491 0.666676 0.0430874 0.577738 0.0046243 0.335407 0.00522168 0.759621 0.00308531 3.32882 0.0667082 4.48599 0.139221 1879.96 1123.14 1887.78 1123.35 1887.78 1123.35 0.30027 0.154867 
300 0.29 2665800000 43.9716 0.960665 -1246.14 10.2177 1.56038e+06 24746.4 2.4805e+12 7.41248e+10 -0.0657387 0.0923491 0.666676 0.0430874 0.577738 0.0046243 0.335407 0.00522168 0.759621 0.00308531 3.32882 0.0667082 4.48599 0.139221 1879.96 1123.14 1887.78 1123.35 1887.78 1123.35 0.30027 0.154867 
300 0.29 2667600000 43.9716 0.960665 -1246.14 10.2177 1.56038e+06 24746.4 2.4805e+12 7.41248e+10 -0.0657387 0.0923491 0.666676 0.0430874 0.577738 0.0046243 0.335407 0.00522168 0.759621 0.00308531 3.32882 0.0667082 4.48599 0.139221 1879.96 1123.14 1887.78 1123.35 1887.78 1123.35 0.30027 0.154867 
300 0.29 2669400000 43.9716 0.960665 -1246.14 10.2177 1.56038e+06 24746.4 2.4805e+12 7.41248e+10 -0.0657387 0.0923491 0.666676 0.0430874 0.577738 0.0046243 0.335407 0.00522168 0.759621 0.00308531 3.32882 0.0667082 4.48599 0.139221 1879.96 1123.14 1887.78 1123.35 1887.78 1123.35 0.30027 0.154867 
300 0.29 2671200000 43.9716 0.960665 -1246.14 10.2177 1.56038e+06 24746.4 2.4805e+12 7.41248e+10 -0.0657387 0.0923491 0.666676 0.0430874 0.577738 0.0046243 0.335407 0.00522168 0.759621 0.00308531 3.32882 0.0667082 4.48599 0.139221 1879.96 1123.14 1887.78 1123.35 1887.78 1123.35 0.30027 0.154867 
300 0.29 2673000000 43.9716 0.960665 -1246.14 10.2177 1.56038e+06 24746.4 2.4805e+12 7.41248e+10 -0.0657387 0.0923491 0.666676 0.0430874 0.577738 0.0046243 0.335407 0.00522168 0.759621 0.00308531 3.32882 0.0667082 4.48599 0.139221 1879.96 1123.14 1887.78 1123.35 1887.78 1123.35 0.30027 0.154867 
300 0.29 2674800000 43.9716 0.960665 -1246.14 10.2177 1.56038e+06 24746.4 2.4805e+12 7.41248e+10 -0.0657387 0.0923491 0.666676 0.0430874 0.577738 0.0046243 0.335407 0.00522168 0.759621 0.00308531 3.32882 0.0667082 4.48599 0.139221 1879.96 1123.14 1887.78 1123.35 1887.78 1123.35 0.30027 0.154867 
300 0.29 2676600000 43.9716 0.960665 -1246.14 10.2177 1.56038e+06 24746.4 2.4805e+12 7.41248e+10 -0.0657387 0.0923491 0.666676 0.0430874 0.577738 0.0046243 0.335407 0.00522168 0.759621 0.00308531 3.32882 0.0667082 4.48599 0.139221 1879.96 1123.14 1887.78 1123.35 1887.78 1123.35 0.30027 0.154867 
300 0.29 2678400000 43.9716 0.960665 -1246.14 10.2177 1.56038e+06 24746.4 2.4805e+12 7.41248e+10 -0.0657387 0.0923491 0.666676 0.0430874 0.577738 0.0046243 0.335407 0.00522168 0.759621 0.00308531 3.32882 0.0667082 4.48599 0.139221 1879.96 1123.14 1887.78 1123.35 1887.78 1123.35 0.30027 0.154867 
300 0.29 2680200000 43.9716 0.960665 -1246.14 10.2177 1.56038e+06 24746.4 2.4805e+12 7.41248e+10 -0.0657387 0.0923491 0.666676 0.0430874 0.577738 0.0046243 0.335407 0.00522168 0.759621 0.00308531 3.32882 0.0667082 4.48599 0.139221 1879.96 1123.14 1887.78 1123.35 1887.78 1123.35 0.30027 0.154867 
300 0.29 2682000000 43.9716 0.960665 -1246.14 10.2177 1.56038e+06 24746.4 2.4805e+12 7.41248e+10 -0.0657387 0.0923491 0.666676 0.0430874 0.577738 0.0046243 0.335407 0.00522168 0.759621 0.00308531 3.32882 0.0667082 4.48599 0.139221 1879.96 1123.14 1887.78 1123.35 1887.78 1123.35 0.30027 0.154867 
300 0.29 2683800000 43.9716 0.951439 -1246.14 10.2177 1.56038e+06 24746.4 2.4805e+12 7.41248e+10 -0.0657387 0.0923491 0.666676 0.0430874 0.577738 0.0046243 0.335407 0.00522168 0.759621 0.00308531 3.32882 0.0667082 4.48599 0.139221 1879.96 1123.14 1887.78 1123.35 1887.78 1123.35 0.30027 0.154867 
300 0.29 2685600000 43.9716 0.951439 -1246.14 10.2177 1.56038e+06 24746.4 2.4805e+12 7.41248e+10 -0.0657387 0.0923491 0.666676 0.0430874 0.577738 0.0046243 0.335407 0.00522168 0.759621 0.00308531 3.32882 0.0667082 4.48599 0.139221 1879.96 1123.14 1887.78 1123.35 1887.78 1123.35 0.30027 0.154867 
300 0.29 2687400000 43.9716 0.951439 -1246.14 10.2177 1.56038e+06 24746.4 2.4805e+12 7.41248e+10 -0.0657387 0.0923491 0.666676 0.0430874 0.577738 0.0046243 0.335407 0.00522168 0.759621 0.00308531 3.32882 0.0667082 4.48599 0.139221 1879.96 1123.14 1887.78 1123.35 1887.78 1123.35 0.30027 0.154867 
300 0.29 2689200000 43.9716 0.951439 -1246.14 10.2177 1.56038e+06 24746.4 2.4805e+12 7.41248e+10 -0.0657387 0.0923491 0.666676 0.0430874 0.577738 0.0046243 0.335407 0.00522168 0.759621 0.00308531 3.32882 0.0667082 4.48599 0.139221 1879.96 1123.14 1887.78 1123.35 1887.78 1123.35 0.30027 0.154867 
300 0.29 2691000000 43.9716 0.951439 -1246.14 10.2177 1.56038e+06 24746.4 2.4805e+12 7.41248e+10 -0.0657387 0.0923491 0.666676 0.0430874 0.577738 0.0046243 0.335407 0.00522168 0.759621 0.00308531 3.32882 0.0667082 4.48599 0.139221 1879.96 1123.14 1887.78 1123.35 1887.78 1123.35 0.30027 0.154867 
300 0.29 2692800000 43.9716 0.951439 -1246.14 10.2177 1.56038e+06 24746.4 2.4805e+12 7.41248e+10 -0.0657387 0.0923491 0.666676 0.0430874 0.577738 0.0046243 0.335407 0.00522168 0.759621 0.00308531 3.32882 0.0667082 4.48599 0.139221 1879.96 1123.14 1887.78 1123.35 1887.78 1123.35 0.30027 0.154867 
300 0.29 2694600000 43.9716 0.951439 -1246.14 10.2177 1.56038e+06 24746.4 2.4805e+12 7.41248e+10 -0.0657387 0.0923491 0.666676 0.0430874 0.577738 0.0046243 0.335407 0.00522168 0.759621 0.00308531 3.32882 0.0667082 4.48599 0.139221 1879.96 1123.14 1887.78 1123.35 1887.78 1123.35 0.30027 0.154867 
300 0.29 2696400000 43.9716 0.951439 -1246.14 10.2177 1.56038e+06 24746.4 2.4805e+12 7.41248e+10 -0.0657387 0.0923491 0.666676 0.0430874 0.577738 0.0046243 0.335407 0.00522168 0.759621 0.00308531 3.32882 0.0667082 4.48599 0.139221 1879.96 1123.14 1887.78 1123.35 1887.78 1123.35 0.30027 0.154867 
300 0.29 2698200000 43.9716 0.951439 -1246.14 10.2177 1.56038e+06 24746.4 2.4805e+12 7.41248e+10 -0.0657387 0.0923491 0.666676 0.0430874 0.577738 0.0046243 0.335407 0.00522168 0.759621 0.00308531 3.32882 0.0667082 4.48599 0.139221 1879.96 1123.14 1887.78 1123.35 1887.78 1123.35 0.30027 0.154867 
300 0.29 2700000000 43.9716 0.951439 -1246.14 10.2177 1.56038e+06 24746.4 2.4805e+12 7.41248e+10 -0.0657387 0.0923491 0.666676 0.0430874 0.577738 0.0046243 0.335407 0.00522168 0.759621 0.00308531 3.32882 0.0667082 4.48599 0.139221 1879.96 1123.14 1887.78 1123.35 1887.78 1123.35 0.30027 0.154867 
300 0.29 2701800000 43.9716 0.951439 -1246.14 10.2177 1.56038e+06 24746.4 2.4805e+12 7.41248e+10 -0.0657387 0.0923491 0.666676 0.0430874 0.577738 0.0046243 0.335407 0.00522168 0.759621 0.00308531 3.32882 0.0667082 4.48599 0.139221 1879.96 1123.14 1887.78 1123.35 1887.78 1123.35 0.30027 0.154867 
300 0.29 2703600000 43.9716 0.951439 -1246.14 10.2177 1.56038e+06 24746.4 2.4805e+12 7.41248e+10 -0.0657387 0.0923491 0.666676 0.0430874 0.577738 0.0046243 0.335407 0.00522168 0.759621 0.00308531 3.32882 0.0667082 4.48599 0.139221 1879.96 1123.14 1887.78 1123.35 1887.78 1123.35 0.30027 0.154867 
300 0.29 2705400000 43.9716 0.951439 -1246.14 10.2177 1.56038e+06 24746.4 2.4805e+12 7.41248e+10 -0.0657387 0.0923491 0.666676 0.0430874 0.577738 0.0046243 0.335407 0.00522168 0.759621 0.00308531 3.32882 0.0667082 4.48599 0.139221 1879.96 1123.14 1887.78 1123.35 1887.78 1123.35 0.30027 0.154867 
300 0.29 2707200000 43.9716 0.951439 -1246.14 10.2177 1.56038e+06 24746.4 2.4805e+12 7.41248e+10 -0.0657387 0.0923491 0.666676 0.0430874 0.577738 0.0046243 0.335407 0.00522168 0.759621 0.00308531 3.32882 0.0667082 4.48599 0.139221 1879.96 1123.14 1887.78 1123.35 1887.78 1123.35 0.30027 0.154867 
300 0.29 2709000000 43.9716 0.951439 -1246.14 10.2177 1.56038e+06 24746.4 2.4805e+12 7.41248e+10 -0.0657387 0.0923491 0.666676 0.0430874 0.577738 0.0046243 0.335407 0.00522168 0.759621 0.00308531 3.32882 0.0667082 4.48599 0.139221 1879.96 1123.14 1887.78 1123.35 1887.78 1123.35 0.30027 0.154867 
300 0.29 2710800000 43.9716 0.951439 -1246.14 10.2177 1.56038e+06 24746.4 2.4805e+12 7.41248e+10 -0.0657387 0.0923491 0.666676 0.0430874 0.577738 0.0046243 0.335407 0.00522168 0.759621 0.00308531 3.32882 0.0667082 4.48599 0.139221 1879.96 1123.14 1887.78 1123.35 1887.78 1123.35 0.30027 0.154867 
300 0.29 2712600000 43.9716 0.943877 -1246.14 10.2177 1.56038e+06 24746.4 2.4805e+12 7.41248e+10 -0.0657387 0.0923491 0.666676 0.0430874 0.577738 0.0046243 0.335407 0.00522168 0.759621 0.00308531 3.32882 0.0667082 4.48599 0.139221 1879.96 1123.14 1887.78 1123.35 1887.78 1123.35 0.30027 0.154867 
300 0.29 2714400000 43.9716 0.943877 -1246.14 10.2177 1.56038e+06 24746.4 2.4805e+12 7.41248e+10 -0.0657387 0.0923491 0.666676 0.0430874 0.577738 0.0046243 0.335407 0.00522168 0.759621 0.00308531 3.32882 0.0667082 4.48599 0.139221 1879.96 1123.14 1887.78 1123.35 1887.78 1123.35 0.30027 0.154867 
300 0.29 2716200000 43.9716 0.943877 -1246.14 10.2177 1.56038e+06 24746.4 2.4805e+12 7.41248e+10 -0.0657387 0.0923491 0.666676 0.0430874 0.577738 0.0046243 0.335407 0.00522168 0.759621 0.00308531 3.32882 0.0667082 4.48599 0.139221 1879.96 1123.14 1887.78 1123.35 1887.78 1123.35 0.30027 0.154867 
300 0.29 2718000000 43.9716 0.943877 -1246.14 10.2177 1.56038e+06 24746.4 2.4805e+12 7.41248e+10 -0.0657387 0.0923491 0.666676 0.0430874 0.577738 0.0046243 0.335407 0.00522168 0.759621 0.00308531 3.32882 0.0667082 4.48599 0.139221 1879.96 1123.14 1887.78 1123.35 1887.78 1123.35 0.30027 0.154867 
300 0.29 2719800000 43.9716 0.942961 -1246.14 10.2177 1.56038e+06 24746.4 2.4805e+12 7.41248e+10 -0.0657387 0.0923491 0.666676 0.0430874 0.577738 0.0046243 0.335407 0.00522168 0.759621 0.00308531 3.32882 0.0667082 4.48599 0.139221 1879.96 1123.14 1887.78 1123.35 1887.78 1123.35 0.30027 0.154867 
300 0.29 2721600000 43.9716 0.942961 -1246.14 10.2177 1.56038e+06 24746.4 2.4805e+12 7.41248e+10 -0.0657387 0.0923491 0.666676 0.0430874 0.577738 0.0046243 0.335407 0.00522168 0.759621 0.00308531 3.32882 0.0667082 4.48599 0.139221 1879.96 1123.14 1887.78 1123.35 1887.78 1123.35 0.30027 0.154867 
300 0.29 2723400000 43.9716 0.942961 -1246.14 10.2177 1.56038e+06 24746.4 2.4805e+12 7.41248e+10 -0.0657387 0.0923491 0.666676 0.0430874 0.577738 0.0046243 0.335407 0.00522168 0.759621 0.00308531 3.32882 0.0667082 4.48599 0.139221 1879.96 1123.14 1887.78 1123.35 1887.78 1123.35 0.30027 0.154867 
300 0.29 2725200000 43.9716 0.942961 -1246.14 10.2177 1.56038e+06 24746.4 2.4805e+12 7.41248e+10 -0.0657387 0.0923491 0.666676 0.0430874 0.577738 0.0046243 0.335407 0.00522168 0.759621 0.00308531 3.32882 0.0667082 4.48599 0.139221 1879.96 1123.14 1887.78 1123.35 1887.78 1123.35 0.30027 0.154867 
300 0.29 2727000000 43.9716 0.942961 -1246.14 10.2177 1.56038e+06 24746.4 2.4805e+12 7.41248e+10 -0.0657387 0.0923491 0.666676 0.0430874 0.577738 0.0046243 0.335407 0.00522168 0.759621 0.00308531 3.32882 0.0667082 4.48599 0.139221 1879.96 1123.14 1887.78 1123.35 1887.78 1123.35 0.30027 0.154867 
300 0.29 2728800000 43.9716 0.942961 -1246.14 10.2177 1.56038e+06 24746.4 2.4805e+12 7.41248e+10 -0.0657387 0.0923491 0.666676 0.0430874 0.577738 0.0046243 0.335407 0.00522168 0.759621 0.00308531 3.32882 0.0667082 4.48599 0.139221 1879.96 1123.14 1887.78 1123.35 1887.78 1123.35 0.30027 0.154867 
300 0.29 2730600000 43.9716 0.942961 -1246.14 10.2177 1.56038e+06 24746.4 2.4805e+12 7.41248e+10 -0.0657387 0.0923491 0.666676 0.0430874 0.577738 0.0046243 0.335407 0.00522168 0.759621 0.00308531 3.32882 0.0667082 4.48599 0.139221 1879.96 1123.14 1887.78 1123.35 1887.78 1123.35 0.30027 0.154867 
300 0.29 2732400000 43.9716 0.942961 -1246.14 10.2177 1.56038e+06 24746.4 2.4805e+12 7.41248e+10 -0.0657387 0.0923491 0.666676 0.0430874 0.577738 0.0046243 0.335407 0.00522168 0.759621 0.00308531 3.32882 0.0667082 4.48599 0.139221 1879.96 1123.14 1887.78 1123.35 1887.78 1123.35 0.30027 0.154867 
300 0.29 2734200000 43.9716 0.942961 -1246.14 10.2177 1.56038e+06 24746.4 2.4805e+12 7.41248e+10 -0.0657387 0.0923491 0.666676 0.0430874 0.577738 0.0046243 0.335407 0.00522168 0.759621 0.00308531 3.32882 0.0667082 4.48599 0.139221 1879.96 1123.14 1887.78 1123.35 1887.78 1123.35 0.30027 0.154867 
300 0.29 2736000000 43.9716 0.942961 -1246.14 10.2177 1.56038e+06 24746.4 2.4805e+12 7.41248e+10 -0.0657387 0.0923491 0.666676 0.0430874 0.577738 0.0046243 0.335407 0.00522168 0.759621 0.00308531 3.32882 0.0667082 4.48599 0.139221 1879.96 1123.14 1887.78 1123.35 1887.78 1123.35 0.30027 0.154867 
300 0.29 2737800000 43.9716 0.942961 -1246.14 10.2177 1.56038e+06 24746.4 2.4805e+12 7.41248e+10 -0.0657387 0.0923491 0.666676 0.0430874 0.577738 0.0046243 0.335407 0.00522168 0.759621 0.00308531 3.32882 0.0667082 4.48599 0.139221 1879.96 1123.14 1887.78 1123.35 1887.78 1123.35 0.30027 0.154867 
300 0.29 2739600000 43.9716 0.942961 -1246.14 10.2177 1.56038e+06 24746.4 2.4805e+12 7.41248e+10 -0.0657387 0.0923491 0.666676 0.0430874 0.577738 0.0046243 0.335407 0.00522168 0.759621 0.00308531 3.32882 0.0667082 4.48599 0.139221 1879.96 1123.14 1887.78 1123.35 1887.78 1123.35 0.30027 0.154867 
300 0.29 2741400000 43.9716 0.938175 -1246.14 10.2177 1.56038e+06 24746.4 2.4805e+12 7.41248e+10 -0.0657387 0.0923491 0.666676 0.0430874 0.577738 0.0046243 0.335407 0.00522168 0.759621 0.00308531 3.32882 0.0667082 4.48599 0.139221 1879.96 1123.14 1887.78 1123.35 1887.78 1123.35 0.30027 0.154867 
300 0.29 2743200000 43.9716 0.938175 -1246.14 10.2177 1.56038e+06 24746.4 2.4805e+12 7.41248e+10 -0.0657387 0.0923491 0.666676 0.0430874 0.577738 0.0046243 0.335407 0.00522168 0.759621 0.00308531 3.32882 0.0667082 4.48599 0.139221 1879.96 1123.14 1887.78 1123.35 1887.78 1123.35 0.30027 0.154867 
300 0.29 2745000000 43.9716 0.938175 -1246.14 10.2177 1.56038e+06 24746.4 2.4805e+12 7.41248e+10 -0.0657387 0.0923491 0.666676 0.0430874 0.577738 0.0046243 0.335407 0.00522168 0.759621 0.00308531 3.32882 0.0667082 4.48599 0.139221 1879.96 1123.14 1887.78 1123.35 1887.78 1123.35 0.30027 0.154867 
300 0.29 2746800000 43.9716 0.938175 -1246.14 10.2177 1.56038e+06 24746.4 2.4805e+12 7.41248e+10 -0.0657387 0.0923491 0.666676 0.0430874 0.577738 0.0046243 0.335407 0.00522168 0.759621 0.00308531 3.32882 0.0667082 4.48599 0.139221 1879.96 1123.14 1887.78 1123.35 1887.78 1123.35 0.30027 0.154867 
300 0.29 2748600000 43.9716 0.938661 -1246.14 10.2177 1.56038e+06 24746.4 2.4805e+12 7.41248e+10 -0.0657387 0.0923491 0.666676 0.0430874 0.577738 0.0046243 0.335407 0.00522168 0.759621 0.00308531 3.32882 0.0667082 4.48599 0.139221 1879.96 1123.14 1887.78 1123.35 1887.78 1123.35 0.30027 0.154867 
300 0.29 2750400000 43.9716 0.938661 -1246.14 10.2177 1.56038e+06 24746.4 2.4805e+12 7.41248e+10 -0.0657387 0.0923491 0.666676 0.0430874 0.577738 0.0046243 0.335407 0.00522168 0.759621 0.00308531 3.32882 0.0667082 4.48599 0.139221 1879.96 1123.14 1887.78 1123.35 1887.78 1123.35 0.30027 0.154867 
300 0.29 2752200000 43.9716 0.938661 -1246.14 10.2177 1.56038e+06 24746.4 2.4805e+12 7.41248e+10 -0.0657387 0.0923491 0.666676 0.0430874 0.577738 0.0046243 0.335407 0.00522168 0.759621 0.00308531 3.32882 0.0667082 4.48599 0.139221 1879.96 1123.14 1887.78 1123.35 1887.78 1123.35 0.30027 0.154867 
300 0.29 2754000000 43.9716 0.938661 -1246.14 10.2177 1.56038e+06 24746.4 2.4805e+12 7.41248e+10 -0.0657387 0.0923491 0.666676 0.0430874 0.577738 0.0046243 0.335407 0.00522168 0.759621 0.00308531 3.32882 0.0667082 4.48599 0.139221 1879.96 1123.14 1887.78 1123.35 1887.78 1123.35 0.30027 0.154867 
300 0.29 2755800000 43.9716 0.938253 -1246.14 10.2177 1.56038e+06 24746.4 2.4805e+12 7.41248e+10 -0.0657387 0.0923491 0.666676 0.0430874 0.577738 0.0046243 0.335407 0.00522168 0.759621 0.00308531 3.32882 0.0667082 4.48599 0.139221 1879.96 1123.14 1887.78 1123.35 1887.78 1123.35 0.30027 0.154867 
300 0.29 2757600000 43.9716 0.938253 -1246.14 10.2177 1.56038e+06 24746.4 2.4805e+12 7.41248e+10 -0.0657387 0.0923491 0.666676 0.0430874 0.577738 0.0046243 0.335407 0.00522168 0.759621 0.00308531 3.32882 0.0667082 4.48599 0.139221 1879.96 1123.14 1887.78 1123.35 1887.78 1123.35 0.30027 0.154867 
300 0.29 2759400000 43.9716 0.938253 -1246.14 10.2177 1.56038e+06 24746.4 2.4805e+12 7.41248e+10 -0.0657387 0.0923491 0.666676 0.0430874 0.577738 0.0046243 0.335407 0.00522168 0.759621 0.00308531 3.32882 0.0667082 4.48599 0.139221 1879.96 1123.14 1887.78 1123.35 1887.78 1123.35 0.30027 0.154867 
300 0.29 2761200000 43.9716 0.938253 -1246.14 10.2177 1.56038e+06 24746.4 2.4805e+12 7.41248e+10 -0.0657387 0.0923491 0.666676 0.0430874 0.577738 0.0046243 0.335407 0.00522168 0.759621 0.00308531 3.32882 0.0667082 4.48599 0.139221 1879.96 1123.14 1887.78 1123.35 1887.78 1123.35 0.30027 0.154867 
300 0.29 2763000000 43.9716 0.936115 -1246.14 10.2177 1.56038e+06 24746.4 2.4805e+12 7.41248e+10 -0.0657387 0.0923491 0.666676 0.0430874 0.577738 0.0046243 0.335407 0.00522168 0.759621 0.00308531 3.32882 0.0667082 4.48599 0.139221 1879.96 1123.14 1887.78 1123.35 1887.78 1123.35 0.30027 0.154867 
300 0.29 2764800000 43.9716 0.936115 -1246.14 10.2177 1.56038e+06 24746.4 2.4805e+12 7.41248e+10 -0.0657387 0.0923491 0.666676 0.0430874 0.577738 0.0046243 0.335407 0.00522168 0.759621 0.00308531 3.32882 0.0667082 4.48599 0.139221 1879.96 1123.14 1887.78 1123.35 1887.78 1123.35 0.30027 0.154867 
300 0.29 2766600000 43.9716 0.936115 -1246.14 10.2177 1.56038e+06 24746.4 2.4805e+12 7.41248e+10 -0.0657387 0.0923491 0.666676 0.0430874 0.577738 0.0046243 0.335407 0.00522168 0.759621 0.00308531 3.32882 0.0667082 4.48599 0.139221 1879.96 1123.14 1887.78 1123.35 1887.78 1123.35 0.30027 0.154867 
300 0.29 2768400000 43.9716 0.936115 -1246.14 10.2177 1.56038e+06 24746.4 2.4805e+12 7.41248e+10 -0.0657387 0.0923491 0.666676 0.0430874 0.577738 0.0046243 0.335407 0.00522168 0.759621 0.00308531 3.32882 0.0667082 4.48599 0.139221 1879.96 1123.14 1887.78 1123.35 1887.78 1123.35 0.30027 0.154867 
300 0.29 2770200000 43.9716 0.939094 -1246.14 10.2177 1.56038e+06 24746.4 2.4805e+12 7.41248e+10 -0.0657387 0.0923491 0.666676 0.0430874 0.577738 0.0046243 0.335407 0.00522168 0.759621 0.00308531 3.32882 0.0667082 4.48599 0.139221 1879.96 1123.14 1887.78 1123.35 1887.78 1123.35 0.30027 0.154867 
300 0.29 2772000000 43.9716 0.939094 -1246.14 10.2177 1.56038e+06 24746.4 2.4805e+12 7.41248e+10 -0.0657387 0.0923491 0.666676 0.0430874 0.577738 0.0046243 0.335407 0.00522168 0.759621 0.00308531 3.32882 0.0667082 4.48599 0.139221 1879.96 1123.14 1887.78 1123.35 1887.78 1123.35 0.30027 0.154867 
300 0.29 2773800000 43.9716 0.939094 -1246.14 10.2177 1.56038e+06 24746.4 2.4805e+12 7.41248e+10 -0.0657387 0.0923491 0.666676 0.0430874 0.577738 0.0046243 0.335407 0.00522168 0.759621 0.00308531 3.32882 0.0667082 4.48599 0.139221 1879.96 1123.14 1887.78 1123.35 1887.78 1123.35 0.30027 0.154867 
300 0.29 2775600000 43.9716 0.939094 -1246.14 10.2177 1.56038e+06 24746.4 2.4805e+12 7.41248e+10 -0.0657387 0.0923491 0.666676 0.0430874 0.577738 0.0046243 0.335407 0.00522168 0.759621 0.00308531 3.32882 0.0667082 4.48599 0.139221 1879.96 1123.14 1887.78 1123.35 1887.78 1123.35 0.30027 0.154867 
300 0.29 2777400000 43.9716 0.939094 -1246.14 10.2177 1.56038e+06 24746.4 2.4805e+12 7.41248e+10 -0.0657387 0.0923491 0.666676 0.0430874 0.577738 0.0046243 0.335407 0.00522168 0.759621 0.00308531 3.32882 0.0667082 4.48599 0.139221 1879.96 1123.14 1887.78 1123.35 1887.78 1123.35 0.30027 0.154867 
300 0.29 2779200000 43.9716 0.939094 -1246.14 10.2177 1.56038e+06 24746.4 2.4805e+12 7.41248e+10 -0.0657387 0.0923491 0.666676 0.0430874 0.577738 0.0046243 0.335407 0.00522168 0.759621 0.00308531 3.32882 0.0667082 4.48599 0.139221 1879.96 1123.14 1887.78 1123.35 1887.78 1123.35 0.30027 0.154867 
300 0.29 2781000000 43.9716 0.939094 -1246.14 10.2177 1.56038e+06 24746.4 2.4805e+12 7.41248e+10 -0.0657387 0.0923491 0.666676 0.0430874 0.577738 0.0046243 0.335407 0.00522168 0.759621 0.00308531 3.32882 0.0667082 4.48599 0.139221 1879.96 1123.14 1887.78 1123.35 1887.78 1123.35 0.30027 0.154867 
300 0.29 2782800000 43.9716 0.939094 -1246.14 10.2177 1.56038e+06 24746.4 2.4805e+12 7.41248e+10 -0.0657387 0.0923491 0.666676 0.0430874 0.577738 0.0046243 0.335407 0.00522168 0.759621 0.00308531 3.32882 0.0667082 4.48599 0.139221 1879.96 1123.14 1887.78 1123.35 1887.78 1123.35 0.30027 0.154867 
300 0.29 2784600000 43.9716 0.939094 -1246.14 10.2177 1.56038e+06 24746.4 2.4805e+12 7.41248e+10 -0.0657387 0.0923491 0.666676 0.0430874 0.577738 0.0046243 0.335407 0.00522168 0.759621 0.00308531 3.32882 0.0667082 4.48599 0.139221 1879.96 1123.14 1887.78 1123.35 1887.78 1123.35 0.30027 0.154867 
300 0.29 2786400000 43.9716 0.939094 -1246.14 10.2177 1.56038e+06 24746.4 2.4805e+12 7.41248e+10 -0.0657387 0.0923491 0.666676 0.0430874 0.577738 0.0046243 0.335407 0.00522168 0.759621 0.00308531 3.32882 0.0667082 4.48599 0.139221 1879.96 1123.14 1887.78 1123.35 1887.78 1123.35 0.30027 0.154867 
300 0.29 2788200000 43.9716 0.939094 -1246.14 10.2177 1.56038e+06 24746.4 2.4805e+12 7.41248e+10 -0.0657387 0.0923491 0.666676 0.0430874 0.577738 0.0046243 0.335407 0.00522168 0.759621 0.00308531 3.32882 0.0667082 4.48599 0.139221 1879.96 1123.14 1887.78 1123.35 1887.78 1123.35 0.30027 0.154867 
300 0.29 2790000000 43.9716 0.939094 -1246.14 10.2177 1.56038e+06 24746.4 2.4805e+12 7.41248e+10 -0.0657387 0.0923491 0.666676 0.0430874 0.577738 0.0046243 0.335407 0.00522168 0.759621 0.00308531 3.32882 0.0667082 4.48599 0.139221 1879.96 1123.14 1887.78 1123.35 1887.78 1123.35 0.30027 0.154867 
300 0.29 2791800000 43.9716 0.939094 -1246.14 10.2177 1.56038e+06 24746.4 2.4805e+12 7.41248e+10 -0.0657387 0.0923491 0.666676 0.0430874 0.577738 0.0046243 0.335407 0.00522168 0.759621 0.00308531 3.32882 0.0667082 4.48599 0.139221 1879.96 1123.14 1887.78 1123.35 1887.78 1123.35 0.30027 0.154867 
300 0.29 2793600000 43.9716 0.939094 -1246.14 10.2177 1.56038e+06 24746.4 2.4805e+12 7.41248e+10 -0.0657387 0.0923491 0.666676 0.0430874 0.577738 0.0046243 0.335407 0.00522168 0.759621 0.00308531 3.32882 0.0667082 4.48599 0.139221 1879.96 1123.14 1887.78 1123.35 1887.78 1123.35 0.30027 0.154867 
300 0.29 2795400000 43.9716 0.939094 -1246.14 10.2177 1.56038e+06 24746.4 2.4805e+12 7.41248e+10 -0.0657387 0.0923491 0.666676 0.0430874 0.577738 0.0046243 0.335407 0.00522168 0.759621 0.00308531 3.32882 0.0667082 4.48599 0.139221 1879.96 1123.14 1887.78 1123.35 1887.78 1123.35 0.30027 0.154867 
300 0.29 2797200000 43.9716 0.939094 -1246.14 10.2177 1.56038e+06 24746.4 2.4805e+12 7.41248e+10 -0.0657387 0.0923491 0.666676 0.0430874 0.577738 0.0046243 0.335407 0.00522168 0.759621 0.00308531 3.32882 0.0667082 4.48599 0.139221 1879.96 1123.14 1887.78 1123.35 1887.78 1123.35 0.30027 0.154867 
300 0.29 2799000000 44.5326 0.93024 -1245.85 8.78743 1.55968e+06 21302.5 2.47844e+12 6.39089e+10 -0.116811 0.128543 0.63608 0.0666157 0.57788 0.00405802 0.33564 0.00460053 0.759694 0.00270201 3.31386 0.0591939 4.46389 0.12519 1723.8 987.115 1731.57 987.298 1731.57 987.298 0.278455 0.136671 
300 0.29 2800800000 44.5326 0.93024 -1245.85 8.78743 1.55968e+06 21302.5 2.47844e+12 6.39089e+10 -0.116811 0.128543 0.63608 0.0666157 0.57788 0.00405802 0.33564 0.00460053 0.759694 0.00270201 3.31386 0.0591939 4.46389 0.12519 1723.8 987.115 1731.57 987.298 1731.57 987.298 0.278455 0.136671 
300 0.29 2802600000 44.5326 0.93024 -1245.85 8.78743 1.55968e+06 21302.5 2.47844e+12 6.39089e+10 -0.116811 0.128543 0.63608 0.0666157 0.57788 0.00405802 0.33564 0.00460053 0.759694 0.00270201 3.31386 0.0591939 4.46389 0.12519 1723.8 987.115 1731.57 987.298 1731.57 987.298 0.278455 0.136671 
300 0.29 2804400000 44.5326 0.93024 -1245.85 8.78743 1.55968e+06 21302.5 2.47844e+12 6.39089e+10 -0.116811 0.128543 0.63608 0.0666157 0.57788 0.00405802 0.33564 0.00460053 0.759694 0.00270201 3.31386 0.0591939 4.46389 0.12519 1723.8 987.115 1731.57 987.298 1731.57 987.298 0.278455 0.136671 
300 0.29 2806200000 44.5326 0.93024 -1245.85 8.78743 1.55968e+06 21302.5 2.47844e+12 6.39089e+10 -0.116811 0.128543 0.63608 0.0666157 0.57788 0.00405802 0.33564 0.00460053 0.759694 0.00270201 3.31386 0.0591939 4.46389 0.12519 1723.8 987.115 1731.57 987.298 1731.57 987.298 0.278455 0.136671 
300 0.29 2808000000 44.5326 0.93024 -1245.85 8.78743 1.55968e+06 21302.5 2.47844e+12 6.39089e+10 -0.116811 0.128543 0.63608 0.0666157 0.57788 0.00405802 0.33564 0.00460053 0.759694 0.00270201 3.31386 0.0591939 4.46389 0.12519 1723.8 987.115 1731.57 987.298 1731.57 987.298 0.278455 0.136671 
300 0.29 2809800000 44.5326 0.93024 -1245.85 8.78743 1.55968e+06 21302.5 2.47844e+12 6.39089e+10 -0.116811 0.128543 0.63608 0.0666157 0.57788 0.00405802 0.33564 0.00460053 0.759694 0.00270201 3.31386 0.0591939 4.46389 0.12519 1723.8 987.115 1731.57 987.298 1731.57 987.298 0.278455 0.136671 
300 0.29 2811600000 44.5326 0.93024 -1245.85 8.78743 1.55968e+06 21302.5 2.47844e+12 6.39089e+10 -0.116811 0.128543 0.63608 0.0666157 0.57788 0.00405802 0.33564 0.00460053 0.759694 0.00270201 3.31386 0.0591939 4.46389 0.12519 1723.8 987.115 1731.57 987.298 1731.57 987.298 0.278455 0.136671 
300 0.29 2813400000 44.5326 0.93024 -1245.85 8.78743 1.55968e+06 21302.5 2.47844e+12 6.39089e+10 -0.116811 0.128543 0.63608 0.0666157 0.57788 0.00405802 0.33564 0.00460053 0.759694 0.00270201 3.31386 0.0591939 4.46389 0.12519 1723.8 987.115 1731.57 987.298 1731.57 987.298 0.278455 0.136671 
300 0.29 2815200000 44.5326 0.93024 -1245.85 8.78743 1.55968e+06 21302.5 2.47844e+12 6.39089e+10 -0.116811 0.128543 0.63608 0.0666157 0.57788 0.00405802 0.33564 0.00460053 0.759694 0.00270201 3.31386 0.0591939 4.46389 0.12519 1723.8 987.115 1731.57 987.298 1731.57 987.298 0.278455 0.136671 
300 0.29 2817000000 44.5326 0.93024 -1245.85 8.78743 1.55968e+06 21302.5 2.47844e+12 6.39089e+10 -0.116811 0.128543 0.63608 0.0666157 0.57788 0.00405802 0.33564 0.00460053 0.759694 0.00270201 3.31386 0.0591939 4.46389 0.12519 1723.8 987.115 1731.57 987.298 1731.57 987.298 0.278455 0.136671 
300 0.29 2818800000 44.5326 0.93024 -1245.85 8.78743 1.55968e+06 21302.5 2.47844e+12 6.39089e+10 -0.116811 0.128543 0.63608 0.0666157 0.57788 0.00405802 0.33564 0.00460053 0.759694 0.00270201 3.31386 0.0591939 4.46389 0.12519 1723.8 987.115 1731.57 987.298 1731.57 987.298 0.278455 0.136671 
300 0.29 2820600000 44.5326 0.93024 -1245.85 8.78743 1.55968e+06 21302.5 2.47844e+12 6.39089e+10 -0.116811 0.128543 0.63608 0.0666157 0.57788 0.00405802 0.33564 0.00460053 0.759694 0.00270201 3.31386 0.0591939 4.46389 0.12519 1723.8 987.115 1731.57 987.298 1731.57 987.298 0.278455 0.136671 
300 0.29 2822400000 44.5326 0.93024 -1245.85 8.78743 1.55968e+06 21302.5 2.47844e+12 6.39089e+10 -0.116811 0.128543 0.63608 0.0666157 0.57788 0.00405802 0.33564 0.00460053 0.759694 0.00270201 3.31386 0.0591939 4.46389 0.12519 1723.8 987.115 1731.57 987.298 1731.57 987.298 0.278455 0.136671 
300 0.29 2824200000 44.5326 0.93024 -1245.85 8.78743 1.55968e+06 21302.5 2.47844e+12 6.39089e+10 -0.116811 0.128543 0.63608 0.0666157 0.57788 0.00405802 0.33564 0.00460053 0.759694 0.00270201 3.31386 0.0591939 4.46389 0.12519 1723.8 987.115 1731.57 987.298 1731.57 987.298 0.278455 0.136671 
300 0.29 2826000000 44.5326 0.93024 -1245.85 8.78743 1.55968e+06 21302.5 2.47844e+12 6.39089e+10 -0.116811 0.128543 0.63608 0.0666157 0.57788 0.00405802 0.33564 0.00460053 0.759694 0.00270201 3.31386 0.0591939 4.46389 0.12519 1723.8 987.115 1731.57 987.298 1731.57 987.298 0.278455 0.136671 
300 0.29 2827800000 44.5326 0.929454 -1245.85 8.78743 1.55968e+06 21302.5 2.47844e+12 6.39089e+10 -0.116811 0.128543 0.63608 0.0666157 0.57788 0.00405802 0.33564 0.00460053 0.759694 0.00270201 3.31386 0.0591939 4.46389 0.12519 1723.8 987.115 1731.57 987.298 1731.57 987.298 0.278455 0.136671 
300 0.29 2829600000 44.5326 0.929454 -1245.85 8.78743 1.55968e+06 21302.5 2.47844e+12 6.39089e+10 -0.116811 0.128543 0.63608 0.0666157 0.57788 0.00405802 0.33564 0.00460053 0.759694 0.00270201 3.31386 0.0591939 4.46389 0.12519 1723.8 987.115 1731.57 987.298 1731.57 987.298 0.278455 0.136671 
300 0.29 2831400000 44.5326 0.929454 -1245.85 8.78743 1.55968e+06 21302.5 2.47844e+12 6.39089e+10 -0.116811 0.128543 0.63608 0.0666157 0.57788 0.00405802 0.33564 0.00460053 0.759694 0.00270201 3.31386 0.0591939 4.46389 0.12519 1723.8 987.115 1731.57 987.298 1731.57 987.298 0.278455 0.136671 
300 0.29 2833200000 44.5326 0.929454 -1245.85 8.78743 1.55968e+06 21302.5 2.47844e+12 6.39089e+10 -0.116811 0.128543 0.63608 0.0666157 0.57788 0.00405802 0.33564 0.00460053 0.759694 0.00270201 3.31386 0.0591939 4.46389 0.12519 1723.8 987.115 1731.57 987.298 1731.57 987.298 0.278455 0.136671 
300 0.29 2835000000 44.5326 0.929454 -1245.85 8.78743 1.55968e+06 21302.5 2.47844e+12 6.39089e+10 -0.116811 0.128543 0.63608 0.0666157 0.57788 0.00405802 0.33564 0.00460053 0.759694 0.00270201 3.31386 0.0591939 4.46389 0.12519 1723.8 987.115 1731.57 987.298 1731.57 987.298 0.278455 0.136671 
300 0.29 2836800000 44.5326 0.929454 -1245.85 8.78743 1.55968e+06 21302.5 2.47844e+12 6.39089e+10 -0.116811 0.128543 0.63608 0.0666157 0.57788 0.00405802 0.33564 0.00460053 0.759694 0.00270201 3.31386 0.0591939 4.46389 0.12519 1723.8 987.115 1731.57 987.298 1731.57 987.298 0.278455 0.136671 
300 0.29 2838600000 44.5326 0.929454 -1245.85 8.78743 1.55968e+06 21302.5 2.47844e+12 6.39089e+10 -0.116811 0.128543 0.63608 0.0666157 0.57788 0.00405802 0.33564 0.00460053 0.759694 0.00270201 3.31386 0.0591939 4.46389 0.12519 1723.8 987.115 1731.57 987.298 1731.57 987.298 0.278455 0.136671 
300 0.29 2840400000 44.5326 0.929454 -1245.85 8.78743 1.55968e+06 21302.5 2.47844e+12 6.39089e+10 -0.116811 0.128543 0.63608 0.0666157 0.57788 0.00405802 0.33564 0.00460053 0.759694 0.00270201 3.31386 0.0591939 4.46389 0.12519 1723.8 987.115 1731.57 987.298 1731.57 987.298 0.278455 0.136671 
300 0.29 2842200000 44.5326 0.929454 -1245.85 8.78743 1.55968e+06 21302.5 2.47844e+12 6.39089e+10 -0.116811 0.128543 0.63608 0.0666157 0.57788 0.00405802 0.33564 0.00460053 0.759694 0.00270201 3.31386 0.0591939 4.46389 0.12519 1723.8 987.115 1731.57 987.298 1731.57 987.298 0.278455 0.136671 
300 0.29 2844000000 44.5326 0.929454 -1245.85 8.78743 1.55968e+06 21302.5 2.47844e+12 6.39089e+10 -0.116811 0.128543 0.63608 0.0666157 0.57788 0.00405802 0.33564 0.00460053 0.759694 0.00270201 3.31386 0.0591939 4.46389 0.12519 1723.8 987.115 1731.57 987.298 1731.57 987.298 0.278455 0.136671 
300 0.29 2845800000 44.5326 0.929454 -1245.85 8.78743 1.55968e+06 21302.5 2.47844e+12 6.39089e+10 -0.116811 0.128543 0.63608 0.0666157 0.57788 0.00405802 0.33564 0.00460053 0.759694 0.00270201 3.31386 0.0591939 4.46389 0.12519 1723.8 987.115 1731.57 987.298 1731.57 987.298 0.278455 0.136671 
300 0.29 2847600000 44.5326 0.929454 -1245.85 8.78743 1.55968e+06 21302.5 2.47844e+12 6.39089e+10 -0.116811 0.128543 0.63608 0.0666157 0.57788 0.00405802 0.33564 0.00460053 0.759694 0.00270201 3.31386 0.0591939 4.46389 0.12519 1723.8 987.115 1731.57 987.298 1731.57 987.298 0.278455 0.136671 
300 0.29 2849400000 44.5326 0.929454 -1245.85 8.78743 1.55968e+06 21302.5 2.47844e+12 6.39089e+10 -0.116811 0.128543 0.63608 0.0666157 0.57788 0.00405802 0.33564 0.00460053 0.759694 0.00270201 3.31386 0.0591939 4.46389 0.12519 1723.8 987.115 1731.57 987.298 1731.57 987.298 0.278455 0.136671 
300 0.29 2851200000 44.5326 0.929454 -1245.85 8.78743 1.55968e+06 21302.5 2.47844e+12 6.39089e+10 -0.116811 0.128543 0.63608 0.0666157 0.57788 0.00405802 0.33564 0.00460053 0.759694 0.00270201 3.31386 0.0591939 4.46389 0.12519 1723.8 987.115 1731.57 987.298 1731.57 987.298 0.278455 0.136671 
300 0.29 2853000000 44.5326 0.929454 -1245.85 8.78743 1.55968e+06 21302.5 2.47844e+12 6.39089e+10 -0.116811 0.128543 0.63608 0.0666157 0.57788 0.00405802 0.33564 0.00460053 0.759694 0.00270201 3.31386 0.0591939 4.46389 0.12519 1723.8 987.115 1731.57 987.298 1731.57 987.298 0.278455 0.136671 
300 0.29 2854800000 44.5326 0.929454 -1245.85 8.78743 1.55968e+06 21302.5 2.47844e+12 6.39089e+10 -0.116811 0.128543 0.63608 0.0666157 0.57788 0.00405802 0.33564 0.00460053 0.759694 0.00270201 3.31386 0.0591939 4.46389 0.12519 1723.8 987.115 1731.57 987.298 1731.57 987.298 0.278455 0.136671 
300 0.29 2856600000 44.5326 0.925672 -1245.85 8.78743 1.55968e+06 21302.5 2.47844e+12 6.39089e+10 -0.116811 0.128543 0.63608 0.0666157 0.57788 0.00405802 0.33564 0.00460053 0.759694 0.00270201 3.31386 0.0591939 4.46389 0.12519 1723.8 987.115 1731.57 987.298 1731.57 987.298 0.278455 0.136671 
300 0.29 2858400000 44.5326 0.925672 -1245.85 8.78743 1.55968e+06 21302.5 2.47844e+12 6.39089e+10 -0.116811 0.128543 0.63608 0.0666157 0.57788 0.00405802 0.33564 0.00460053 0.759694 0.00270201 3.31386 0.0591939 4.46389 0.12519 1723.8 987.115 1731.57 987.298 1731.57 987.298 0.278455 0.136671 
300 0.29 2860200000 44.5326 0.925672 -1245.85 8.78743 1.55968e+06 21302.5 2.47844e+12 6.39089e+10 -0.116811 0.128543 0.63608 0.0666157 0.57788 0.00405802 0.33564 0.00460053 0.759694 0.00270201 3.31386 0.0591939 4.46389 0.12519 1723.8 987.115 1731.57 987.298 1731.57 987.298 0.278455 0.136671 
300 0.29 2862000000 44.5326 0.925672 -1245.85 8.78743 1.55968e+06 21302.5 2.47844e+12 6.39089e+10 -0.116811 0.128543 0.63608 0.0666157 0.57788 0.00405802 0.33564 0.00460053 0.759694 0.00270201 3.31386 0.0591939 4.46389 0.12519 1723.8 987.115 1731.57 987.298 1731.57 987.298 0.278455 0.136671 
300 0.29 2863800000 44.5326 0.925672 -1245.85 8.78743 1.55968e+06 21302.5 2.47844e+12 6.39089e+10 -0.116811 0.128543 0.63608 0.0666157 0.57788 0.00405802 0.33564 0.00460053 0.759694 0.00270201 3.31386 0.0591939 4.46389 0.12519 1723.8 987.115 1731.57 987.298 1731.57 987.298 0.278455 0.136671 
300 0.29 2865600000 44.5326 0.925672 -1245.85 8.78743 1.55968e+06 21302.5 2.47844e+12 6.39089e+10 -0.116811 0.128543 0.63608 0.0666157 0.57788 0.00405802 0.33564 0.00460053 0.759694 0.00270201 3.31386 0.0591939 4.46389 0.12519 1723.8 987.115 1731.57 987.298 1731.57 987.298 0.278455 0.136671 
300 0.29 2867400000 44.5326 0.925672 -1245.85 8.78743 1.55968e+06 21302.5 2.47844e+12 6.39089e+10 -0.116811 0.128543 0.63608 0.0666157 0.57788 0.00405802 0.33564 0.00460053 0.759694 0.00270201 3.31386 0.0591939 4.46389 0.12519 1723.8 987.115 1731.57 987.298 1731.57 987.298 0.278455 0.136671 
300 0.29 2869200000 44.5326 0.925672 -1245.85 8.78743 1.55968e+06 21302.5 2.47844e+12 6.39089e+10 -0.116811 0.128543 0.63608 0.0666157 0.57788 0.00405802 0.33564 0.00460053 0.759694 0.00270201 3.31386 0.0591939 4.46389 0.12519 1723.8 987.115 1731.57 987.298 1731.57 987.298 0.278455 0.136671 
300 0.29 2871000000 44.5326 0.925672 -1245.85 8.78743 1.55968e+06 21302.5 2.47844e+12 6.39089e+10 -0.116811 0.128543 0.63608 0.0666157 0.57788 0.00405802 0.33564 0.00460053 0.759694 0.00270201 3.31386 0.0591939 4.46389 0.12519 1723.8 987.115 1731.57 987.298 1731.57 987.298 0.278455 0.136671 
300 0.29 2872800000 44.5326 0.925672 -1245.85 8.78743 1.55968e+06 21302.5 2.47844e+12 6.39089e+10 -0.116811 0.128543 0.63608 0.0666157 0.57788 0.00405802 0.33564 0.00460053 0.759694 0.00270201 3.31386 0.0591939 4.46389 0.12519 1723.8 987.115 1731.57 987.298 1731.57 987.298 0.278455 0.136671 
300 0.29 2874600000 44.5326 0.925672 -1245.85 8.78743 1.55968e+06 21302.5 2.47844e+12 6.39089e+10 -0.116811 0.128543 0.63608 0.0666157 0.57788 0.00405802 0.33564 0.00460053 0.759694 0.00270201 3.31386 0.0591939 4.46389 0.12519 1723.8 987.115 1731.57 987.298 1731.57 987.298 0.278455 0.136671 
300 0.29 2876400000 44.5326 0.925672 -1245.85 8.78743 1.55968e+06 21302.5 2.47844e+12 6.39089e+10 -0.116811 0.128543 0.63608 0.0666157 0.57788 0.00405802 0.33564 0.00460053 0.759694 0.00270201 3.31386 0.0591939 4.46389 0.12519 1723.8 987.115 1731.57 987.298 1731.57 987.298 0.278455 0.136671 
300 0.29 2878200000 44.5326 0.925672 -1245.85 8.78743 1.55968e+06 21302.5 2.47844e+12 6.39089e+10 -0.116811 0.128543 0.63608 0.0666157 0.57788 0.00405802 0.33564 0.00460053 0.759694 0.00270201 3.31386 0.0591939 4.46389 0.12519 1723.8 987.115 1731.57 987.298 1731.57 987.298 0.278455 0.136671 
300 0.29 2880000000 44.5326 0.925672 -1245.85 8.78743 1.55968e+06 21302.5 2.47844e+12 6.39089e+10 -0.116811 0.128543 0.63608 0.0666157 0.57788 0.00405802 0.33564 0.00460053 0.759694 0.00270201 3.31386 0.0591939 4.46389 0.12519 1723.8 987.115 1731.57 987.298 1731.57 987.298 0.278455 0.136671 
300 0.29 2881800000 44.5326 0.925672 -1245.85 8.78743 1.55968e+06 21302.5 2.47844e+12 6.39089e+10 -0.116811 0.128543 0.63608 0.0666157 0.57788 0.00405802 0.33564 0.00460053 0.759694 0.00270201 3.31386 0.0591939 4.46389 0.12519 1723.8 987.115 1731.57 987.298 1731.57 987.298 0.278455 0.136671 
300 0.29 2883600000 44.5326 0.925672 -1245.85 8.78743 1.55968e+06 21302.5 2.47844e+12 6.39089e+10 -0.116811 0.128543 0.63608 0.0666157 0.57788 0.00405802 0.33564 0.00460053 0.759694 0.00270201 3.31386 0.0591939 4.46389 0.12519 1723.8 987.115 1731.57 987.298 1731.57 987.298 0.278455 0.136671 
300 0.29 2885400000 44.5326 0.916448 -1245.85 8.78743 1.55968e+06 21302.5 2.47844e+12 6.39089e+10 -0.116811 0.128543 0.63608 0.0666157 0.57788 0.00405802 0.33564 0.00460053 0.759694 0.00270201 3.31386 0.0591939 4.46389 0.12519 1723.8 987.115 1731.57 987.298 1731.57 987.298 0.278455 0.136671 
300 0.29 2887200000 44.5326 0.916448 -1245.85 8.78743 1.55968e+06 21302.5 2.47844e+12 6.39089e+10 -0.116811 0.128543 0.63608 0.0666157 0.57788 0.00405802 0.33564 0.00460053 0.759694 0.00270201 3.31386 0.0591939 4.46389 0.12519 1723.8 987.115 1731.57 987.298 1731.57 987.298 0.278455 0.136671 
300 0.29 2889000000 44.5326 0.916448 -1245.85 8.78743 1.55968e+06 21302.5 2.47844e+12 6.39089e+10 -0.116811 0.128543 0.63608 0.0666157 0.57788 0.00405802 0.33564 0.00460053 0.759694 0.00270201 3.31386 0.0591939 4.46389 0.12519 1723.8 987.115 1731.57 987.298 1731.57 987.298 0.278455 0.136671 
300 0.29 2890800000 44.5326 0.916448 -1245.85 8.78743 1.55968e+06 21302.5 2.47844e+12 6.39089e+10 -0.116811 0.128543 0.63608 0.0666157 0.57788 0.00405802 0.33564 0.00460053 0.759694 0.00270201 3.31386 0.0591939 4.46389 0.12519 1723.8 987.115 1731.57 987.298 1731.57 987.298 0.278455 0.136671 
300 0.29 2892600000 44.5326 0.916448 -1245.85 8.78743 1.55968e+06 21302.5 2.47844e+12 6.39089e+10 -0.116811 0.128543 0.63608 0.0666157 0.57788 0.00405802 0.33564 0.00460053 0.759694 0.00270201 3.31386 0.0591939 4.46389 0.12519 1723.8 987.115 1731.57 987.298 1731.57 987.298 0.278455 0.136671 
300 0.29 2894400000 44.5326 0.916448 -1245.85 8.78743 1.55968e+06 21302.5 2.47844e+12 6.39089e+10 -0.116811 0.128543 0.63608 0.0666157 0.57788 0.00405802 0.33564 0.00460053 0.759694 0.00270201 3.31386 0.0591939 4.46389 0.12519 1723.8 987.115 1731.57 987.298 1731.57 987.298 0.278455 0.136671 
300 0.29 2896200000 44.5326 0.916448 -1245.85 8.78743 1.55968e+06 21302.5 2.47844e+12 6.39089e+10 -0.116811 0.128543 0.63608 0.0666157 0.57788 0.00405802 0.33564 0.00460053 0.759694 0.00270201 3.31386 0.0591939 4.46389 0.12519 1723.8 987.115 1731.57 987.298 1731.57 987.298 0.278455 0.136671 
300 0.29 2898000000 44.5326 0.916448 -1245.85 8.78743 1.55968e+06 21302.5 2.47844e+12 6.39089e+10 -0.116811 0.128543 0.63608 0.0666157 0.57788 0.00405802 0.33564 0.00460053 0.759694 0.00270201 3.31386 0.0591939 4.46389 0.12519 1723.8 987.115 1731.57 987.298 1731.57 987.298 0.278455 0.136671 
300 0.29 2899800000 44.5326 0.916448 -1245.85 8.78743 1.55968e+06 21302.5 2.47844e+12 6.39089e+10 -0.116811 0.128543 0.63608 0.0666157 0.57788 0.00405802 0.33564 0.00460053 0.759694 0.00270201 3.31386 0.0591939 4.46389 0.12519 1723.8 987.115 1731.57 987.298 1731.57 987.298 0.278455 0.136671 
300 0.29 2901600000 44.5326 0.916448 -1245.85 8.78743 1.55968e+06 21302.5 2.47844e+12 6.39089e+10 -0.116811 0.128543 0.63608 0.0666157 0.57788 0.00405802 0.33564 0.00460053 0.759694 0.00270201 3.31386 0.0591939 4.46389 0.12519 1723.8 987.115 1731.57 987.298 1731.57 987.298 0.278455 0.136671 
300 0.29 2903400000 44.5326 0.916448 -1245.85 8.78743 1.55968e+06 21302.5 2.47844e+12 6.39089e+10 -0.116811 0.128543 0.63608 0.0666157 0.57788 0.00405802 0.33564 0.00460053 0.759694 0.00270201 3.31386 0.0591939 4.46389 0.12519 1723.8 987.115 1731.57 987.298 1731.57 987.298 0.278455 0.136671 
300 0.29 2905200000 44.5326 0.916448 -1245.85 8.78743 1.55968e+06 21302.5 2.47844e+12 6.39089e+10 -0.116811 0.128543 0.63608 0.0666157 0.57788 0.00405802 0.33564 0.00460053 0.759694 0.00270201 3.31386 0.0591939 4.46389 0.12519 1723.8 987.115 1731.57 987.298 1731.57 987.298 0.278455 0.136671 
300 0.29 2907000000 44.5326 0.916448 -1245.85 8.78743 1.55968e+06 21302.5 2.47844e+12 6.39089e+10 -0.116811 0.128543 0.63608 0.0666157 0.57788 0.00405802 0.33564 0.00460053 0.759694 0.00270201 3.31386 0.0591939 4.46389 0.12519 1723.8 987.115 1731.57 987.298 1731.57 987.298 0.278455 0.136671 
300 0.29 2908800000 44.5326 0.916448 -1245.85 8.78743 1.55968e+06 21302.5 2.47844e+12 6.39089e+10 -0.116811 0.128543 0.63608 0.0666157 0.57788 0.00405802 0.33564 0.00460053 0.759694 0.00270201 3.31386 0.0591939 4.46389 0.12519 1723.8 987.115 1731.57 987.298 1731.57 987.298 0.278455 0.136671 
300 0.29 2910600000 44.5326 0.916448 -1245.85 8.78743 1.55968e+06 21302.5 2.47844e+12 6.39089e+10 -0.116811 0.128543 0.63608 0.0666157 0.57788 0.00405802 0.33564 0.00460053 0.759694 0.00270201 3.31386 0.0591939 4.46389 0.12519 1723.8 987.115 1731.57 987.298 1731.57 987.298 0.278455 0.136671 
300 0.29 2912400000 44.5326 0.916448 -1245.85 8.78743 1.55968e+06 21302.5 2.47844e+12 6.39089e+10 -0.116811 0.128543 0.63608 0.0666157 0.57788 0.00405802 0.33564 0.00460053 0.759694 0.00270201 3.31386 0.0591939 4.46389 0.12519 1723.8 987.115 1731.57 987.298 1731.57 987.298 0.278455 0.136671 
300 0.29 2914200000 44.5326 0.908268 -1245.85 8.78743 1.55968e+06 21302.5 2.47844e+12 6.39089e+10 -0.116811 0.128543 0.63608 0.0666157 0.57788 0.00405802 0.33564 0.00460053 0.759694 0.00270201 3.31386 0.0591939 4.46389 0.12519 1723.8 987.115 1731.57 987.298 1731.57 987.298 0.278455 0.136671 
300 0.29 2916000000 44.5326 0.908268 -1245.85 8.78743 1.55968e+06 21302.5 2.47844e+12 6.39089e+10 -0.116811 0.128543 0.63608 0.0666157 0.57788 0.00405802 0.33564 0.00460053 0.759694 0.00270201 3.31386 0.0591939 4.46389 0.12519 1723.8 987.115 1731.57 987.298 1731.57 987.298 0.278455 0.136671 
300 0.29 2917800000 44.5326 0.908268 -1245.85 8.78743 1.55968e+06 21302.5 2.47844e+12 6.39089e+10 -0.116811 0.128543 0.63608 0.0666157 0.57788 0.00405802 0.33564 0.00460053 0.759694 0.00270201 3.31386 0.0591939 4.46389 0.12519 1723.8 987.115 1731.57 987.298 1731.57 987.298 0.278455 0.136671 
300 0.29 2919600000 44.5326 0.908268 -1245.85 8.78743 1.55968e+06 21302.5 2.47844e+12 6.39089e+10 -0.116811 0.128543 0.63608 0.0666157 0.57788 0.00405802 0.33564 0.00460053 0.759694 0.00270201 3.31386 0.0591939 4.46389 0.12519 1723.8 987.115 1731.57 987.298 1731.57 987.298 0.278455 0.136671 
300 0.29 2921400000 44.5326 0.908268 -1245.85 8.78743 1.55968e+06 21302.5 2.47844e+12 6.39089e+10 -0.116811 0.128543 0.63608 0.0666157 0.57788 0.00405802 0.33564 0.00460053 0.759694 0.00270201 3.31386 0.0591939 4.46389 0.12519 1723.8 987.115 1731.57 987.298 1731.57 987.298 0.278455 0.136671 
300 0.29 2923200000 44.5326 0.908268 -1245.85 8.78743 1.55968e+06 21302.5 2.47844e+12 6.39089e+10 -0.116811 0.128543 0.63608 0.0666157 0.57788 0.00405802 0.33564 0.00460053 0.759694 0.00270201 3.31386 0.0591939 4.46389 0.12519 1723.8 987.115 1731.57 987.298 1731.57 987.298 0.278455 0.136671 
300 0.29 2925000000 44.5326 0.908268 -1245.85 8.78743 1.55968e+06 21302.5 2.47844e+12 6.39089e+10 -0.116811 0.128543 0.63608 0.0666157 0.57788 0.00405802 0.33564 0.00460053 0.759694 0.00270201 3.31386 0.0591939 4.46389 0.12519 1723.8 987.115 1731.57 987.298 1731.57 987.298 0.278455 0.136671 
300 0.29 2926800000 44.5326 0.908268 -1245.85 8.78743 1.55968e+06 21302.5 2.47844e+12 6.39089e+10 -0.116811 0.128543 0.63608 0.0666157 0.57788 0.00405802 0.33564 0.00460053 0.759694 0.00270201 3.31386 0.0591939 4.46389 0.12519 1723.8 987.115 1731.57 987.298 1731.57 987.298 0.278455 0.136671 
300 0.29 2928600000 44.5326 0.908268 -1245.85 8.78743 1.55968e+06 21302.5 2.47844e+12 6.39089e+10 -0.116811 0.128543 0.63608 0.0666157 0.57788 0.00405802 0.33564 0.00460053 0.759694 0.00270201 3.31386 0.0591939 4.46389 0.12519 1723.8 987.115 1731.57 987.298 1731.57 987.298 0.278455 0.136671 
300 0.29 2930400000 44.5326 0.908268 -1245.85 8.78743 1.55968e+06 21302.5 2.47844e+12 6.39089e+10 -0.116811 0.128543 0.63608 0.0666157 0.57788 0.00405802 0.33564 0.00460053 0.759694 0.00270201 3.31386 0.0591939 4.46389 0.12519 1723.8 987.115 1731.57 987.298 1731.57 987.298 0.278455 0.136671 
300 0.29 2932200000 44.5326 0.908268 -1245.85 8.78743 1.55968e+06 21302.5 2.47844e+12 6.39089e+10 -0.116811 0.128543 0.63608 0.0666157 0.57788 0.00405802 0.33564 0.00460053 0.759694 0.00270201 3.31386 0.0591939 4.46389 0.12519 1723.8 987.115 1731.57 987.298 1731.57 987.298 0.278455 0.136671 
300 0.29 2934000000 44.5326 0.908268 -1245.85 8.78743 1.55968e+06 21302.5 2.47844e+12 6.39089e+10 -0.116811 0.128543 0.63608 0.0666157 0.57788 0.00405802 0.33564 0.00460053 0.759694 0.00270201 3.31386 0.0591939 4.46389 0.12519 1723.8 987.115 1731.57 987.298 1731.57 987.298 0.278455 0.136671 
300 0.29 2935800000 44.5326 0.908268 -1245.85 8.78743 1.55968e+06 21302.5 2.47844e+12 6.39089e+10 -0.116811 0.128543 0.63608 0.0666157 0.57788 0.00405802 0.33564 0.00460053 0.759694 0.00270201 3.31386 0.0591939 4.46389 0.12519 1723.8 987.115 1731.57 987.298 1731.57 987.298 0.278455 0.136671 
300 0.29 2937600000 44.5326 0.908268 -1245.85 8.78743 1.55968e+06 21302.5 2.47844e+12 6.39089e+10 -0.116811 0.128543 0.63608 0.0666157 0.57788 0.00405802 0.33564 0.00460053 0.759694 0.00270201 3.31386 0.0591939 4.46389 0.12519 1723.8 987.115 1731.57 987.298 1731.57 987.298 0.278455 0.136671 
300 0.29 2939400000 44.5326 0.908268 -1245.85 8.78743 1.55968e+06 21302.5 2.47844e+12 6.39089e+10 -0.116811 0.128543 0.63608 0.0666157 0.57788 0.00405802 0.33564 0.00460053 0.759694 0.00270201 3.31386 0.0591939 4.46389 0.12519 1723.8 987.115 1731.57 987.298 1731.57 987.298 0.278455 0.136671 
300 0.29 2941200000 44.5326 0.908268 -1245.85 8.78743 1.55968e+06 21302.5 2.47844e+12 6.39089e+10 -0.116811 0.128543 0.63608 0.0666157 0.57788 0.00405802 0.33564 0.00460053 0.759694 0.00270201 3.31386 0.0591939 4.46389 0.12519 1723.8 987.115 1731.57 987.298 1731.57 987.298 0.278455 0.136671 
300 0.29 2943000000 44.5326 0.905397 -1245.85 8.78743 1.55968e+06 21302.5 2.47844e+12 6.39089e+10 -0.116811 0.128543 0.63608 0.0666157 0.57788 0.00405802 0.33564 0.00460053 0.759694 0.00270201 3.31386 0.0591939 4.46389 0.12519 1723.8 987.115 1731.57 987.298 1731.57 987.298 0.278455 0.136671 
300 0.29 2944800000 44.5326 0.905397 -1245.85 8.78743 1.55968e+06 21302.5 2.47844e+12 6.39089e+10 -0.116811 0.128543 0.63608 0.0666157 0.57788 0.00405802 0.33564 0.00460053 0.759694 0.00270201 3.31386 0.0591939 4.46389 0.12519 1723.8 987.115 1731.57 987.298 1731.57 987.298 0.278455 0.136671 
300 0.29 2946600000 44.5326 0.905397 -1245.85 8.78743 1.55968e+06 21302.5 2.47844e+12 6.39089e+10 -0.116811 0.128543 0.63608 0.0666157 0.57788 0.00405802 0.33564 0.00460053 0.759694 0.00270201 3.31386 0.0591939 4.46389 0.12519 1723.8 987.115 1731.57 987.298 1731.57 987.298 0.278455 0.136671 
300 0.29 2948400000 44.5326 0.905397 -1245.85 8.78743 1.55968e+06 21302.5 2.47844e+12 6.39089e+10 -0.116811 0.128543 0.63608 0.0666157 0.57788 0.00405802 0.33564 0.00460053 0.759694 0.00270201 3.31386 0.0591939 4.46389 0.12519 1723.8 987.115 1731.57 987.298 1731.57 987.298 0.278455 0.136671 
300 0.29 2950200000 44.5326 0.905397 -1245.85 8.78743 1.55968e+06 21302.5 2.47844e+12 6.39089e+10 -0.116811 0.128543 0.63608 0.0666157 0.57788 0.00405802 0.33564 0.00460053 0.759694 0.00270201 3.31386 0.0591939 4.46389 0.12519 1723.8 987.115 1731.57 987.298 1731.57 987.298 0.278455 0.136671 
300 0.29 2952000000 44.5326 0.905397 -1245.85 8.78743 1.55968e+06 21302.5 2.47844e+12 6.39089e+10 -0.116811 0.128543 0.63608 0.0666157 0.57788 0.00405802 0.33564 0.00460053 0.759694 0.00270201 3.31386 0.0591939 4.46389 0.12519 1723.8 987.115 1731.57 987.298 1731.57 987.298 0.278455 0.136671 
300 0.29 2953800000 44.5326 0.905397 -1245.85 8.78743 1.55968e+06 21302.5 2.47844e+12 6.39089e+10 -0.116811 0.128543 0.63608 0.0666157 0.57788 0.00405802 0.33564 0.00460053 0.759694 0.00270201 3.31386 0.0591939 4.46389 0.12519 1723.8 987.115 1731.57 987.298 1731.57 987.298 0.278455 0.136671 
300 0.29 2955600000 44.5326 0.905397 -1245.85 8.78743 1.55968e+06 21302.5 2.47844e+12 6.39089e+10 -0.116811 0.128543 0.63608 0.0666157 0.57788 0.00405802 0.33564 0.00460053 0.759694 0.00270201 3.31386 0.0591939 4.46389 0.12519 1723.8 987.115 1731.57 987.298 1731.57 987.298 0.278455 0.136671 
300 0.29 2957400000 44.5326 0.905397 -1245.85 8.78743 1.55968e+06 21302.5 2.47844e+12 6.39089e+10 -0.116811 0.128543 0.63608 0.0666157 0.57788 0.00405802 0.33564 0.00460053 0.759694 0.00270201 3.31386 0.0591939 4.46389 0.12519 1723.8 987.115 1731.57 987.298 1731.57 987.298 0.278455 0.136671 
300 0.29 2959200000 44.5326 0.905397 -1245.85 8.78743 1.55968e+06 21302.5 2.47844e+12 6.39089e+10 -0.116811 0.128543 0.63608 0.0666157 0.57788 0.00405802 0.33564 0.00460053 0.759694 0.00270201 3.31386 0.0591939 4.46389 0.12519 1723.8 987.115 1731.57 987.298 1731.57 987.298 0.278455 0.136671 
300 0.29 2961000000 44.5326 0.905397 -1245.85 8.78743 1.55968e+06 21302.5 2.47844e+12 6.39089e+10 -0.116811 0.128543 0.63608 0.0666157 0.57788 0.00405802 0.33564 0.00460053 0.759694 0.00270201 3.31386 0.0591939 4.46389 0.12519 1723.8 987.115 1731.57 987.298 1731.57 987.298 0.278455 0.136671 
300 0.29 2962800000 44.5326 0.905397 -1245.85 8.78743 1.55968e+06 21302.5 2.47844e+12 6.39089e+10 -0.116811 0.128543 0.63608 0.0666157 0.57788 0.00405802 0.33564 0.00460053 0.759694 0.00270201 3.31386 0.0591939 4.46389 0.12519 1723.8 987.115 1731.57 987.298 1731.57 987.298 0.278455 0.136671 
300 0.29 2964600000 44.5326 0.905397 -1245.85 8.78743 1.55968e+06 21302.5 2.47844e+12 6.39089e+10 -0.116811 0.128543 0.63608 0.0666157 0.57788 0.00405802 0.33564 0.00460053 0.759694 0.00270201 3.31386 0.0591939 4.46389 0.12519 1723.8 987.115 1731.57 987.298 1731.57 987.298 0.278455 0.136671 
300 0.29 2966400000 44.5326 0.905397 -1245.85 8.78743 1.55968e+06 21302.5 2.47844e+12 6.39089e+10 -0.116811 0.128543 0.63608 0.0666157 0.57788 0.00405802 0.33564 0.00460053 0.759694 0.00270201 3.31386 0.0591939 4.46389 0.12519 1723.8 987.115 1731.57 987.298 1731.57 987.298 0.278455 0.136671 
300 0.29 2968200000 44.5326 0.905397 -1245.85 8.78743 1.55968e+06 21302.5 2.47844e+12 6.39089e+10 -0.116811 0.128543 0.63608 0.0666157 0.57788 0.00405802 0.33564 0.00460053 0.759694 0.00270201 3.31386 0.0591939 4.46389 0.12519 1723.8 987.115 1731.57 987.298 1731.57 987.298 0.278455 0.136671 
300 0.29 2970000000 44.5326 0.905397 -1245.85 8.78743 1.55968e+06 21302.5 2.47844e+12 6.39089e+10 -0.116811 0.128543 0.63608 0.0666157 0.57788 0.00405802 0.33564 0.00460053 0.759694 0.00270201 3.31386 0.0591939 4.46389 0.12519 1723.8 987.115 1731.57 987.298 1731.57 987.298 0.278455 0.136671 
300 0.29 2971800000 44.5326 0.899072 -1245.85 8.78743 1.55968e+06 21302.5 2.47844e+12 6.39089e+10 -0.116811 0.128543 0.63608 0.0666157 0.57788 0.00405802 0.33564 0.00460053 0.759694 0.00270201 3.31386 0.0591939 4.46389 0.12519 1723.8 987.115 1731.57 987.298 1731.57 987.298 0.278455 0.136671 
300 0.29 2973600000 44.5326 0.899072 -1245.85 8.78743 1.55968e+06 21302.5 2.47844e+12 6.39089e+10 -0.116811 0.128543 0.63608 0.0666157 0.57788 0.00405802 0.33564 0.00460053 0.759694 0.00270201 3.31386 0.0591939 4.46389 0.12519 1723.8 987.115 1731.57 987.298 1731.57 987.298 0.278455 0.136671 
300 0.29 2975400000 44.5326 0.899072 -1245.85 8.78743 1.55968e+06 21302.5 2.47844e+12 6.39089e+10 -0.116811 0.128543 0.63608 0.0666157 0.57788 0.00405802 0.33564 0.00460053 0.759694 0.00270201 3.31386 0.0591939 4.46389 0.12519 1723.8 987.115 1731.57 987.298 1731.57 987.298 0.278455 0.136671 
300 0.29 2977200000 44.5326 0.899072 -1245.85 8.78743 1.55968e+06 21302.5 2.47844e+12 6.39089e+10 -0.116811 0.128543 0.63608 0.0666157 0.57788 0.00405802 0.33564 0.00460053 0.759694 0.00270201 3.31386 0.0591939 4.46389 0.12519 1723.8 987.115 1731.57 987.298 1731.57 987.298 0.278455 0.136671 
300 0.29 2979000000 44.5326 0.899072 -1245.85 8.78743 1.55968e+06 21302.5 2.47844e+12 6.39089e+10 -0.116811 0.128543 0.63608 0.0666157 0.57788 0.00405802 0.33564 0.00460053 0.759694 0.00270201 3.31386 0.0591939 4.46389 0.12519 1723.8 987.115 1731.57 987.298 1731.57 987.298 0.278455 0.136671 
300 0.29 2980800000 44.5326 0.899072 -1245.85 8.78743 1.55968e+06 21302.5 2.47844e+12 6.39089e+10 -0.116811 0.128543 0.63608 0.0666157 0.57788 0.00405802 0.33564 0.00460053 0.759694 0.00270201 3.31386 0.0591939 4.46389 0.12519 1723.8 987.115 1731.57 987.298 1731.57 987.298 0.278455 0.136671 
300 0.29 2982600000 44.5326 0.899072 -1245.85 8.78743 1.55968e+06 21302.5 2.47844e+12 6.39089e+10 -0.116811 0.128543 0.63608 0.0666157 0.57788 0.00405802 0.33564 0.00460053 0.759694 0.00270201 3.31386 0.0591939 4.46389 0.12519 1723.8 987.115 1731.57 987.298 1731.57 987.298 0.278455 0.136671 
300 0.29 2984400000 44.5326 0.899072 -1245.85 8.78743 1.55968e+06 21302.5 2.47844e+12 6.39089e+10 -0.116811 0.128543 0.63608 0.0666157 0.57788 0.00405802 0.33564 0.00460053 0.759694 0.00270201 3.31386 0.0591939 4.46389 0.12519 1723.8 987.115 1731.57 987.298 1731.57 987.298 0.278455 0.136671 
300 0.29 2986200000 44.5326 0.899072 -1245.85 8.78743 1.55968e+06 21302.5 2.47844e+12 6.39089e+10 -0.116811 0.128543 0.63608 0.0666157 0.57788 0.00405802 0.33564 0.00460053 0.759694 0.00270201 3.31386 0.0591939 4.46389 0.12519 1723.8 987.115 1731.57 987.298 1731.57 987.298 0.278455 0.136671 
300 0.29 2988000000 44.5326 0.899072 -1245.85 8.78743 1.55968e+06 21302.5 2.47844e+12 6.39089e+10 -0.116811 0.128543 0.63608 0.0666157 0.57788 0.00405802 0.33564 0.00460053 0.759694 0.00270201 3.31386 0.0591939 4.46389 0.12519 1723.8 987.115 1731.57 987.298 1731.57 987.298 0.278455 0.136671 
300 0.29 2989800000 44.5326 0.899072 -1245.85 8.78743 1.55968e+06 21302.5 2.47844e+12 6.39089e+10 -0.116811 0.128543 0.63608 0.0666157 0.57788 0.00405802 0.33564 0.00460053 0.759694 0.00270201 3.31386 0.0591939 4.46389 0.12519 1723.8 987.115 1731.57 987.298 1731.57 987.298 0.278455 0.136671 
300 0.29 2991600000 44.5326 0.899072 -1245.85 8.78743 1.55968e+06 21302.5 2.47844e+12 6.39089e+10 -0.116811 0.128543 0.63608 0.0666157 0.57788 0.00405802 0.33564 0.00460053 0.759694 0.00270201 3.31386 0.0591939 4.46389 0.12519 1723.8 987.115 1731.57 987.298 1731.57 987.298 0.278455 0.136671 
300 0.29 2993400000 44.5326 0.899072 -1245.85 8.78743 1.55968e+06 21302.5 2.47844e+12 6.39089e+10 -0.116811 0.128543 0.63608 0.0666157 0.57788 0.00405802 0.33564 0.00460053 0.759694 0.00270201 3.31386 0.0591939 4.46389 0.12519 1723.8 987.115 1731.57 987.298 1731.57 987.298 0.278455 0.136671 
300 0.29 2995200000 44.5326 0.899072 -1245.85 8.78743 1.55968e+06 21302.5 2.47844e+12 6.39089e+10 -0.116811 0.128543 0.63608 0.0666157 0.57788 0.00405802 0.33564 0.00460053 0.759694 0.00270201 3.31386 0.0591939 4.46389 0.12519 1723.8 987.115 1731.57 987.298 1731.57 987.298 0.278455 0.136671 
300 0.29 2997000000 44.5326 0.899072 -1245.85 8.78743 1.55968e+06 21302.5 2.47844e+12 6.39089e+10 -0.116811 0.128543 0.63608 0.0666157 0.57788 0.00405802 0.33564 0.00460053 0.759694 0.00270201 3.31386 0.0591939 4.46389 0.12519 1723.8 987.115 1731.57 987.298 1731.57 987.298 0.278455 0.136671 
300 0.29 2998800000 44.5326 0.899072 -1245.85 8.78743 1.55968e+06 21302.5 2.47844e+12 6.39089e+10 -0.116811 0.128543 0.63608 0.0666157 0.57788 0.00405802 0.33564 0.00460053 0.759694 0.00270201 3.31386 0.0591939 4.46389 0.12519 1723.8 987.115 1731.57 987.298 1731.57 987.298 0.278455 0.136671 
300 0.29 3000600000 44.5326 0.892037 -1245.85 8.78743 1.55968e+06 21302.5 2.47844e+12 6.39089e+10 -0.116811 0.128543 0.63608 0.0666157 0.57788 0.00405802 0.33564 0.00460053 0.759694 0.00270201 3.31386 0.0591939 4.46389 0.12519 1723.8 987.115 1731.57 987.298 1731.57 987.298 0.278455 0.136671 
300 0.29 3002400000 44.5326 0.892037 -1245.85 8.78743 1.55968e+06 21302.5 2.47844e+12 6.39089e+10 -0.116811 0.128543 0.63608 0.0666157 0.57788 0.00405802 0.33564 0.00460053 0.759694 0.00270201 3.31386 0.0591939 4.46389 0.12519 1723.8 987.115 1731.57 987.298 1731.57 987.298 0.278455 0.136671 
300 0.29 3004200000 44.5326 0.892037 -1245.85 8.78743 1.55968e+06 21302.5 2.47844e+12 6.39089e+10 -0.116811 0.128543 0.63608 0.0666157 0.57788 0.00405802 0.33564 0.00460053 0.759694 0.00270201 3.31386 0.0591939 4.46389 0.12519 1723.8 987.115 1731.57 987.298 1731.57 987.298 0.278455 0.136671 
300 0.29 3006000000 44.5326 0.892037 -1245.85 8.78743 1.55968e+06 21302.5 2.47844e+12 6.39089e+10 -0.116811 0.128543 0.63608 0.0666157 0.57788 0.00405802 0.33564 0.00460053 0.759694 0.00270201 3.31386 0.0591939 4.46389 0.12519 1723.8 987.115 1731.57 987.298 1731.57 987.298 0.278455 0.136671 
300 0.29 3007800000 44.5326 0.892037 -1245.85 8.78743 1.55968e+06 21302.5 2.47844e+12 6.39089e+10 -0.116811 0.128543 0.63608 0.0666157 0.57788 0.00405802 0.33564 0.00460053 0.759694 0.00270201 3.31386 0.0591939 4.46389 0.12519 1723.8 987.115 1731.57 987.298 1731.57 987.298 0.278455 0.136671 
300 0.29 3009600000 44.5326 0.892037 -1245.85 8.78743 1.55968e+06 21302.5 2.47844e+12 6.39089e+10 -0.116811 0.128543 0.63608 0.0666157 0.57788 0.00405802 0.33564 0.00460053 0.759694 0.00270201 3.31386 0.0591939 4.46389 0.12519 1723.8 987.115 1731.57 987.298 1731.57 987.298 0.278455 0.136671 
300 0.29 3011400000 44.5326 0.892037 -1245.85 8.78743 1.55968e+06 21302.5 2.47844e+12 6.39089e+10 -0.116811 0.128543 0.63608 0.0666157 0.57788 0.00405802 0.33564 0.00460053 0.759694 0.00270201 3.31386 0.0591939 4.46389 0.12519 1723.8 987.115 1731.57 987.298 1731.57 987.298 0.278455 0.136671 
300 0.29 3013200000 44.5326 0.892037 -1245.85 8.78743 1.55968e+06 21302.5 2.47844e+12 6.39089e+10 -0.116811 0.128543 0.63608 0.0666157 0.57788 0.00405802 0.33564 0.00460053 0.759694 0.00270201 3.31386 0.0591939 4.46389 0.12519 1723.8 987.115 1731.57 987.298 1731.57 987.298 0.278455 0.136671 
300 0.29 3015000000 44.5326 0.892037 -1245.85 8.78743 1.55968e+06 21302.5 2.47844e+12 6.39089e+10 -0.116811 0.128543 0.63608 0.0666157 0.57788 0.00405802 0.33564 0.00460053 0.759694 0.00270201 3.31386 0.0591939 4.46389 0.12519 1723.8 987.115 1731.57 987.298 1731.57 987.298 0.278455 0.136671 
300 0.29 3016800000 44.5326 0.892037 -1245.85 8.78743 1.55968e+06 21302.5 2.47844e+12 6.39089e+10 -0.116811 0.128543 0.63608 0.0666157 0.57788 0.00405802 0.33564 0.00460053 0.759694 0.00270201 3.31386 0.0591939 4.46389 0.12519 1723.8 987.115 1731.57 987.298 1731.57 987.298 0.278455 0.136671 
300 0.29 3018600000 44.5326 0.892037 -1245.85 8.78743 1.55968e+06 21302.5 2.47844e+12 6.39089e+10 -0.116811 0.128543 0.63608 0.0666157 0.57788 0.00405802 0.33564 0.00460053 0.759694 0.00270201 3.31386 0.0591939 4.46389 0.12519 1723.8 987.115 1731.57 987.298 1731.57 987.298 0.278455 0.136671 
300 0.29 3020400000 44.5326 0.892037 -1245.85 8.78743 1.55968e+06 21302.5 2.47844e+12 6.39089e+10 -0.116811 0.128543 0.63608 0.0666157 0.57788 0.00405802 0.33564 0.00460053 0.759694 0.00270201 3.31386 0.0591939 4.46389 0.12519 1723.8 987.115 1731.57 987.298 1731.57 987.298 0.278455 0.136671 
300 0.29 3022200000 44.5326 0.892037 -1245.85 8.78743 1.55968e+06 21302.5 2.47844e+12 6.39089e+10 -0.116811 0.128543 0.63608 0.0666157 0.57788 0.00405802 0.33564 0.00460053 0.759694 0.00270201 3.31386 0.0591939 4.46389 0.12519 1723.8 987.115 1731.57 987.298 1731.57 987.298 0.278455 0.136671 
300 0.29 3024000000 44.5326 0.892037 -1245.85 8.78743 1.55968e+06 21302.5 2.47844e+12 6.39089e+10 -0.116811 0.128543 0.63608 0.0666157 0.57788 0.00405802 0.33564 0.00460053 0.759694 0.00270201 3.31386 0.0591939 4.46389 0.12519 1723.8 987.115 1731.57 987.298 1731.57 987.298 0.278455 0.136671 
300 0.29 3025800000 44.5326 0.892037 -1245.85 8.78743 1.55968e+06 21302.5 2.47844e+12 6.39089e+10 -0.116811 0.128543 0.63608 0.0666157 0.57788 0.00405802 0.33564 0.00460053 0.759694 0.00270201 3.31386 0.0591939 4.46389 0.12519 1723.8 987.115 1731.57 987.298 1731.57 987.298 0.278455 0.136671 
300 0.29 3027600000 44.5326 0.892037 -1245.85 8.78743 1.55968e+06 21302.5 2.47844e+12 6.39089e+10 -0.116811 0.128543 0.63608 0.0666157 0.57788 0.00405802 0.33564 0.00460053 0.759694 0.00270201 3.31386 0.0591939 4.46389 0.12519 1723.8 987.115 1731.57 987.298 1731.57 987.298 0.278455 0.136671 
300 0.29 3029400000 44.53 0.891662 -1242.85 8.78743 1.55215e+06 21302.5 2.45463e+12 6.39089e+10 -0.127022 0.128543 0.640304 0.0666157 0.576422 0.00405802 0.333942 0.00460053 0.758738 0.00270201 3.30006 0.0591939 4.44442 0.12519 1591.65 987.115 1599.4 987.298 1599.4 987.298 0.260023 0.136671 
300 0.29 3031200000 44.53 0.891662 -1242.85 8.78743 1.55215e+06 21302.5 2.45463e+12 6.39089e+10 -0.127022 0.128543 0.640304 0.0666157 0.576422 0.00405802 0.333942 0.00460053 0.758738 0.00270201 3.30006 0.0591939 4.44442 0.12519 1591.65 987.115 1599.4 987.298 1599.4 987.298 0.260023 0.136671 
300 0.29 3033000000 44.53 0.891662 -1242.85 8.78743 1.55215e+06 21302.5 2.45463e+12 6.39089e+10 -0.127022 0.128543 0.640304 0.0666157 0.576422 0.00405802 0.333942 0.00460053 0.758738 0.00270201 3.30006 0.0591939 4.44442 0.12519 1591.65 987.115 1599.4 987.298 1599.4 987.298 0.260023 0.136671 
300 0.29 3034800000 44.53 0.891662 -1242.85 8.78743 1.55215e+06 21302.5 2.45463e+12 6.39089e+10 -0.127022 0.128543 0.640304 0.0666157 0.576422 0.00405802 0.333942 0.00460053 0.758738 0.00270201 3.30006 0.0591939 4.44442 0.12519 1591.65 987.115 1599.4 987.298 1599.4 987.298 0.260023 0.136671 
300 0.29 3036600000 44.53 0.891662 -1242.85 8.78743 1.55215e+06 21302.5 2.45463e+12 6.39089e+10 -0.127022 0.128543 0.640304 0.0666157 0.576422 0.00405802 0.333942 0.00460053 0.758738 0.00270201 3.30006 0.0591939 4.44442 0.12519 1591.65 987.115 1599.4 987.298 1599.4 987.298 0.260023 0.136671 
300 0.29 3038400000 44.53 0.891662 -1242.85 8.78743 1.55215e+06 21302.5 2.45463e+12 6.39089e+10 -0.127022 0.128543 0.640304 0.0666157 0.576422 0.00405802 0.333942 0.00460053 0.758738 0.00270201 3.30006 0.0591939 4.44442 0.12519 1591.65 987.115 1599.4 987.298 1599.4 987.298 0.260023 0.136671 
300 0.29 3040200000 44.53 0.891662 -1242.85 8.78743 1.55215e+06 21302.5 2.45463e+12 6.39089e+10 -0.127022 0.128543 0.640304 0.0666157 0.576422 0.00405802 0.333942 0.00460053 0.758738 0.00270201 3.30006 0.0591939 4.44442 0.12519 1591.65 987.115 1599.4 987.298 1599.4 987.298 0.260023 0.136671 
300 0.29 3042000000 44.53 0.891662 -1242.85 8.78743 1.55215e+06 21302.5 2.45463e+12 6.39089e+10 -0.127022 0.128543 0.640304 0.0666157 0.576422 0.00405802 0.333942 0.00460053 0.758738 0.00270201 3.30006 0.0591939 4.44442 0.12519 1591.65 987.115 1599.4 987.298 1599.4 987.298 0.260023 0.136671 
300 0.29 3043800000 44.53 0.891662 -1242.85 8.78743 1.55215e+06 21302.5 2.45463e+12 6.39089e+10 -0.127022 0.128543 0.640304 0.0666157 0.576422 0.00405802 0.333942 0.00460053 0.758738 0.00270201 3.30006 0.0591939 4.44442 0.12519 1591.65 987.115 1599.4 987.298 1599.4 987.298 0.260023 0.136671 
300 0.29 3045600000 44.53 0.891662 -1242.85 8.78743 1.55215e+06 21302.5 2.45463e+12 6.39089e+10 -0.127022 0.128543 0.640304 0.0666157 0.576422 0.00405802 0.333942 0.00460053 0.758738 0.00270201 3.30006 0.0591939 4.44442 0.12519 1591.65 987.115 1599.4 987.298 1599.4 987.298 0.260023 0.136671 
300 0.29 3047400000 44.53 0.891662 -1242.85 8.78743 1.55215e+06 21302.5 2.45463e+12 6.39089e+10 -0.127022 0.128543 0.640304 0.0666157 0.576422 0.00405802 0.333942 0.00460053 0.758738 0.00270201 3.30006 0.0591939 4.44442 0.12519 1591.65 987.115 1599.4 987.298 1599.4 987.298 0.260023 0.136671 
300 0.29 3049200000 44.53 0.891662 -1242.85 8.78743 1.55215e+06 21302.5 2.45463e+12 6.39089e+10 -0.127022 0.128543 0.640304 0.0666157 0.576422 0.00405802 0.333942 0.00460053 0.758738 0.00270201 3.30006 0.0591939 4.44442 0.12519 1591.65 987.115 1599.4 987.298 1599.4 987.298 0.260023 0.136671 
300 0.29 3051000000 44.53 0.891662 -1242.85 8.78743 1.55215e+06 21302.5 2.45463e+12 6.39089e+10 -0.127022 0.128543 0.640304 0.0666157 0.576422 0.00405802 0.333942 0.00460053 0.758738 0.00270201 3.30006 0.0591939 4.44442 0.12519 1591.65 987.115 1599.4 987.298 1599.4 987.298 0.260023 0.136671 
300 0.29 3052800000 44.53 0.891662 -1242.85 8.78743 1.55215e+06 21302.5 2.45463e+12 6.39089e+10 -0.127022 0.128543 0.640304 0.0666157 0.576422 0.00405802 0.333942 0.00460053 0.758738 0.00270201 3.30006 0.0591939 4.44442 0.12519 1591.65 987.115 1599.4 987.298 1599.4 987.298 0.260023 0.136671 
300 0.29 3054600000 44.53 0.891662 -1242.85 8.78743 1.55215e+06 21302.5 2.45463e+12 6.39089e+10 -0.127022 0.128543 0.640304 0.0666157 0.576422 0.00405802 0.333942 0.00460053 0.758738 0.00270201 3.30006 0.0591939 4.44442 0.12519 1591.65 987.115 1599.4 987.298 1599.4 987.298 0.260023 0.136671 
300 0.29 3056400000 44.53 0.891662 -1242.85 8.78743 1.55215e+06 21302.5 2.45463e+12 6.39089e+10 -0.127022 0.128543 0.640304 0.0666157 0.576422 0.00405802 0.333942 0.00460053 0.758738 0.00270201 3.30006 0.0591939 4.44442 0.12519 1591.65 987.115 1599.4 987.298 1599.4 987.298 0.260023 0.136671 
300 0.29 3058200000 44.53 0.889107 -1242.85 8.78743 1.55215e+06 21302.5 2.45463e+12 6.39089e+10 -0.127022 0.128543 0.640304 0.0666157 0.576422 0.00405802 0.333942 0.00460053 0.758738 0.00270201 3.30006 0.0591939 4.44442 0.12519 1591.65 987.115 1599.4 987.298 1599.4 987.298 0.260023 0.136671 
300 0.29 3060000000 44.53 0.889107 -1242.85 8.78743 1.55215e+06 21302.5 2.45463e+12 6.39089e+10 -0.127022 0.128543 0.640304 0.0666157 0.576422 0.00405802 0.333942 0.00460053 0.758738 0.00270201 3.30006 0.0591939 4.44442 0.12519 1591.65 987.115 1599.4 987.298 1599.4 987.298 0.260023 0.136671 
300 0.29 3061800000 44.53 0.889107 -1242.85 8.78743 1.55215e+06 21302.5 2.45463e+12 6.39089e+10 -0.127022 0.128543 0.640304 0.0666157 0.576422 0.00405802 0.333942 0.00460053 0.758738 0.00270201 3.30006 0.0591939 4.44442 0.12519 1591.65 987.115 1599.4 987.298 1599.4 987.298 0.260023 0.136671 
300 0.29 3063600000 44.53 0.889107 -1242.85 8.78743 1.55215e+06 21302.5 2.45463e+12 6.39089e+10 -0.127022 0.128543 0.640304 0.0666157 0.576422 0.00405802 0.333942 0.00460053 0.758738 0.00270201 3.30006 0.0591939 4.44442 0.12519 1591.65 987.115 1599.4 987.298 1599.4 987.298 0.260023 0.136671 
300 0.29 3065400000 44.53 0.889107 -1242.85 8.78743 1.55215e+06 21302.5 2.45463e+12 6.39089e+10 -0.127022 0.128543 0.640304 0.0666157 0.576422 0.00405802 0.333942 0.00460053 0.758738 0.00270201 3.30006 0.0591939 4.44442 0.12519 1591.65 987.115 1599.4 987.298 1599.4 987.298 0.260023 0.136671 
300 0.29 3067200000 44.53 0.889107 -1242.85 8.78743 1.55215e+06 21302.5 2.45463e+12 6.39089e+10 -0.127022 0.128543 0.640304 0.0666157 0.576422 0.00405802 0.333942 0.00460053 0.758738 0.00270201 3.30006 0.0591939 4.44442 0.12519 1591.65 987.115 1599.4 987.298 1599.4 987.298 0.260023 0.136671 
300 0.29 3069000000 44.53 0.889107 -1242.85 8.78743 1.55215e+06 21302.5 2.45463e+12 6.39089e+10 -0.127022 0.128543 0.640304 0.0666157 0.576422 0.00405802 0.333942 0.00460053 0.758738 0.00270201 3.30006 0.0591939 4.44442 0.12519 1591.65 987.115 1599.4 987.298 1599.4 987.298 0.260023 0.136671 
300 0.29 3070800000 44.53 0.889107 -1242.85 8.78743 1.55215e+06 21302.5 2.45463e+12 6.39089e+10 -0.127022 0.128543 0.640304 0.0666157 0.576422 0.00405802 0.333942 0.00460053 0.758738 0.00270201 3.30006 0.0591939 4.44442 0.12519 1591.65 987.115 1599.4 987.298 1599.4 987.298 0.260023 0.136671 
300 0.29 3072600000 44.53 0.889107 -1242.85 8.78743 1.55215e+06 21302.5 2.45463e+12 6.39089e+10 -0.127022 0.128543 0.640304 0.0666157 0.576422 0.00405802 0.333942 0.00460053 0.758738 0.00270201 3.30006 0.0591939 4.44442 0.12519 1591.65 987.115 1599.4 987.298 1599.4 987.298 0.260023 0.136671 
300 0.29 3074400000 44.53 0.889107 -1242.85 8.78743 1.55215e+06 21302.5 2.45463e+12 6.39089e+10 -0.127022 0.128543 0.640304 0.0666157 0.576422 0.00405802 0.333942 0.00460053 0.758738 0.00270201 3.30006 0.0591939 4.44442 0.12519 1591.65 987.115 1599.4 987.298 1599.4 987.298 0.260023 0.136671 
300 0.29 3076200000 44.53 0.889107 -1242.85 8.78743 1.55215e+06 21302.5 2.45463e+12 6.39089e+10 -0.127022 0.128543 0.640304 0.0666157 0.576422 0.00405802 0.333942 0.00460053 0.758738 0.00270201 3.30006 0.0591939 4.44442 0.12519 1591.65 987.115 1599.4 987.298 1599.4 987.298 0.260023 0.136671 
300 0.29 3078000000 44.53 0.889107 -1242.85 8.78743 1.55215e+06 21302.5 2.45463e+12 6.39089e+10 -0.127022 0.128543 0.640304 0.0666157 0.576422 0.00405802 0.333942 0.00460053 0.758738 0.00270201 3.30006 0.0591939 4.44442 0.12519 1591.65 987.115 1599.4 987.298 1599.4 987.298 0.260023 0.136671 
300 0.29 3079800000 44.53 0.889107 -1242.85 8.78743 1.55215e+06 21302.5 2.45463e+12 6.39089e+10 -0.127022 0.128543 0.640304 0.0666157 0.576422 0.00405802 0.333942 0.00460053 0.758738 0.00270201 3.30006 0.0591939 4.44442 0.12519 1591.65 987.115 1599.4 987.298 1599.4 987.298 0.260023 0.136671 
300 0.29 3081600000 44.53 0.889107 -1242.85 8.78743 1.55215e+06 21302.5 2.45463e+12 6.39089e+10 -0.127022 0.128543 0.640304 0.0666157 0.576422 0.00405802 0.333942 0.00460053 0.758738 0.00270201 3.30006 0.0591939 4.44442 0.12519 1591.65 987.115 1599.4 987.298 1599.4 987.298 0.260023 0.136671 
300 0.29 3083400000 44.53 0.889107 -1242.85 8.78743 1.55215e+06 21302.5 2.45463e+12 6.39089e+10 -0.127022 0.128543 0.640304 0.0666157 0.576422 0.00405802 0.333942 0.00460053 0.758738 0.00270201 3.30006 0.0591939 4.44442 0.12519 1591.65 987.115 1599.4 987.298 1599.4 987.298 0.260023 0.136671 
300 0.29 3085200000 44.53 0.889107 -1242.85 8.78743 1.55215e+06 21302.5 2.45463e+12 6.39089e+10 -0.127022 0.128543 0.640304 0.0666157 0.576422 0.00405802 0.333942 0.00460053 0.758738 0.00270201 3.30006 0.0591939 4.44442 0.12519 1591.65 987.115 1599.4 987.298 1599.4 987.298 0.260023 0.136671 
300 0.29 3087000000 44.53 0.875293 -1242.85 8.78743 1.55215e+06 21302.5 2.45463e+12 6.39089e+10 -0.127022 0.128543 0.640304 0.0666157 0.576422 0.00405802 0.333942 0.00460053 0.758738 0.00270201 3.30006 0.0591939 4.44442 0.12519 1591.65 987.115 1599.4 987.298 1599.4 987.298 0.260023 0.136671 
300 0.29 3088800000 44.53 0.875293 -1242.85 8.78743 1.55215e+06 21302.5 2.45463e+12 6.39089e+10 -0.127022 0.128543 0.640304 0.0666157 0.576422 0.00405802 0.333942 0.00460053 0.758738 0.00270201 3.30006 0.0591939 4.44442 0.12519 1591.65 987.115 1599.4 987.298 1599.4 987.298 0.260023 0.136671 
300 0.29 3090600000 44.53 0.875293 -1242.85 8.78743 1.55215e+06 21302.5 2.45463e+12 6.39089e+10 -0.127022 0.128543 0.640304 0.0666157 0.576422 0.00405802 0.333942 0.00460053 0.758738 0.00270201 3.30006 0.0591939 4.44442 0.12519 1591.65 987.115 1599.4 987.298 1599.4 987.298 0.260023 0.136671 
300 0.29 3092400000 44.53 0.875293 -1242.85 8.78743 1.55215e+06 21302.5 2.45463e+12 6.39089e+10 -0.127022 0.128543 0.640304 0.0666157 0.576422 0.00405802 0.333942 0.00460053 0.758738 0.00270201 3.30006 0.0591939 4.44442 0.12519 1591.65 987.115 1599.4 987.298 1599.4 987.298 0.260023 0.136671 
300 0.29 3094200000 44.53 0.875293 -1242.85 8.78743 1.55215e+06 21302.5 2.45463e+12 6.39089e+10 -0.127022 0.128543 0.640304 0.0666157 0.576422 0.00405802 0.333942 0.00460053 0.758738 0.00270201 3.30006 0.0591939 4.44442 0.12519 1591.65 987.115 1599.4 987.298 1599.4 987.298 0.260023 0.136671 
300 0.29 3096000000 44.53 0.875293 -1242.85 8.78743 1.55215e+06 21302.5 2.45463e+12 6.39089e+10 -0.127022 0.128543 0.640304 0.0666157 0.576422 0.00405802 0.333942 0.00460053 0.758738 0.00270201 3.30006 0.0591939 4.44442 0.12519 1591.65 987.115 1599.4 987.298 1599.4 987.298 0.260023 0.136671 
300 0.29 3097800000 44.53 0.875293 -1242.85 8.78743 1.55215e+06 21302.5 2.45463e+12 6.39089e+10 -0.127022 0.128543 0.640304 0.0666157 0.576422 0.00405802 0.333942 0.00460053 0.758738 0.00270201 3.30006 0.0591939 4.44442 0.12519 1591.65 987.115 1599.4 987.298 1599.4 987.298 0.260023 0.136671 
300 0.29 3099600000 44.53 0.875293 -1242.85 8.78743 1.55215e+06 21302.5 2.45463e+12 6.39089e+10 -0.127022 0.128543 0.640304 0.0666157 0.576422 0.00405802 0.333942 0.00460053 0.758738 0.00270201 3.30006 0.0591939 4.44442 0.12519 1591.65 987.115 1599.4 987.298 1599.4 987.298 0.260023 0.136671 
300 0.29 3101400000 44.53 0.875293 -1242.85 8.78743 1.55215e+06 21302.5 2.45463e+12 6.39089e+10 -0.127022 0.128543 0.640304 0.0666157 0.576422 0.00405802 0.333942 0.00460053 0.758738 0.00270201 3.30006 0.0591939 4.44442 0.12519 1591.65 987.115 1599.4 987.298 1599.4 987.298 0.260023 0.136671 
300 0.29 3103200000 44.53 0.875293 -1242.85 8.78743 1.55215e+06 21302.5 2.45463e+12 6.39089e+10 -0.127022 0.128543 0.640304 0.0666157 0.576422 0.00405802 0.333942 0.00460053 0.758738 0.00270201 3.30006 0.0591939 4.44442 0.12519 1591.65 987.115 1599.4 987.298 1599.4 987.298 0.260023 0.136671 
300 0.29 3105000000 44.53 0.875293 -1242.85 8.78743 1.55215e+06 21302.5 2.45463e+12 6.39089e+10 -0.127022 0.128543 0.640304 0.0666157 0.576422 0.00405802 0.333942 0.00460053 0.758738 0.00270201 3.30006 0.0591939 4.44442 0.12519 1591.65 987.115 1599.4 987.298 1599.4 987.298 0.260023 0.136671 
300 0.29 3106800000 44.53 0.875293 -1242.85 8.78743 1.55215e+06 21302.5 2.45463e+12 6.39089e+10 -0.127022 0.128543 0.640304 0.0666157 0.576422 0.00405802 0.333942 0.00460053 0.758738 0.00270201 3.30006 0.0591939 4.44442 0.12519 1591.65 987.115 1599.4 987.298 1599.4 987.298 0.260023 0.136671 
300 0.29 3108600000 44.53 0.875293 -1242.85 8.78743 1.55215e+06 21302.5 2.45463e+12 6.39089e+10 -0.127022 0.128543 0.640304 0.0666157 0.576422 0.00405802 0.333942 0.00460053 0.758738 0.00270201 3.30006 0.0591939 4.44442 0.12519 1591.65 987.115 1599.4 987.298 1599.4 987.298 0.260023 0.136671 
300 0.29 3110400000 44.53 0.875293 -1242.85 8.78743 1.55215e+06 21302.5 2.45463e+12 6.39089e+10 -0.127022 0.128543 0.640304 0.0666157 0.576422 0.00405802 0.333942 0.00460053 0.758738 0.00270201 3.30006 0.0591939 4.44442 0.12519 1591.65 987.115 1599.4 987.298 1599.4 987.298 0.260023 0.136671 
300 0.29 3112200000 44.53 0.875293 -1242.85 8.78743 1.55215e+06 21302.5 2.45463e+12 6.39089e+10 -0.127022 0.128543 0.640304 0.0666157 0.576422 0.00405802 0.333942 0.00460053 0.758738 0.00270201 3.30006 0.0591939 4.44442 0.12519 1591.65 987.115 1599.4 987.298 1599.4 987.298 0.260023 0.136671 
300 0.29 3114000000 44.53 0.875293 -1242.85 8.78743 1.55215e+06 21302.5 2.45463e+12 6.39089e+10 -0.127022 0.128543 0.640304 0.0666157 0.576422 0.00405802 0.333942 0.00460053 0.758738 0.00270201 3.30006 0.0591939 4.44442 0.12519 1591.65 987.115 1599.4 987.298 1599.4 987.298 0.260023 0.136671 
300 0.29 3115800000 44.53 0.872375 -1242.85 8.78743 1.55215e+06 21302.5 2.45463e+12 6.39089e+10 -0.127022 0.128543 0.640304 0.0666157 0.576422 0.00405802 0.333942 0.00460053 0.758738 0.00270201 3.30006 0.0591939 4.44442 0.12519 1591.65 987.115 1599.4 987.298 1599.4 987.298 0.260023 0.136671 
300 0.29 3117600000 44.53 0.872375 -1242.85 8.78743 1.55215e+06 21302.5 2.45463e+12 6.39089e+10 -0.127022 0.128543 0.640304 0.0666157 0.576422 0.00405802 0.333942 0.00460053 0.758738 0.00270201 3.30006 0.0591939 4.44442 0.12519 1591.65 987.115 1599.4 987.298 1599.4 987.298 0.260023 0.136671 
300 0.29 3119400000 44.53 0.872375 -1242.85 8.78743 1.55215e+06 21302.5 2.45463e+12 6.39089e+10 -0.127022 0.128543 0.640304 0.0666157 0.576422 0.00405802 0.333942 0.00460053 0.758738 0.00270201 3.30006 0.0591939 4.44442 0.12519 1591.65 987.115 1599.4 987.298 1599.4 987.298 0.260023 0.136671 
300 0.29 3121200000 44.53 0.872375 -1242.85 8.78743 1.55215e+06 21302.5 2.45463e+12 6.39089e+10 -0.127022 0.128543 0.640304 0.0666157 0.576422 0.00405802 0.333942 0.00460053 0.758738 0.00270201 3.30006 0.0591939 4.44442 0.12519 1591.65 987.115 1599.4 987.298 1599.4 987.298 0.260023 0.136671 
300 0.29 3123000000 44.53 0.872375 -1242.85 8.78743 1.55215e+06 21302.5 2.45463e+12 6.39089e+10 -0.127022 0.128543 0.640304 0.0666157 0.576422 0.00405802 0.333942 0.00460053 0.758738 0.00270201 3.30006 0.0591939 4.44442 0.12519 1591.65 987.115 1599.4 987.298 1599.4 987.298 0.260023 0.136671 
300 0.29 3124800000 44.53 0.872375 -1242.85 8.78743 1.55215e+06 21302.5 2.45463e+12 6.39089e+10 -0.127022 0.128543 0.640304 0.0666157 0.576422 0.00405802 0.333942 0.00460053 0.758738 0.00270201 3.30006 0.0591939 4.44442 0.12519 1591.65 987.115 1599.4 987.298 1599.4 987.298 0.260023 0.136671 
300 0.29 3126600000 44.53 0.872375 -1242.85 8.78743 1.55215e+06 21302.5 2.45463e+12 6.39089e+10 -0.127022 0.128543 0.640304 0.0666157 0.576422 0.00405802 0.333942 0.00460053 0.758738 0.00270201 3.30006 0.0591939 4.44442 0.12519 1591.65 987.115 1599.4 987.298 1599.4 987.298 0.260023 0.136671 
300 0.29 3128400000 44.53 0.872375 -1242.85 8.78743 1.55215e+06 21302.5 2.45463e+12 6.39089e+10 -0.127022 0.128543 0.640304 0.0666157 0.576422 0.00405802 0.333942 0.00460053 0.758738 0.00270201 3.30006 0.0591939 4.44442 0.12519 1591.65 987.115 1599.4 987.298 1599.4 987.298 0.260023 0.136671 
300 0.29 3130200000 44.53 0.872375 -1242.85 8.78743 1.55215e+06 21302.5 2.45463e+12 6.39089e+10 -0.127022 0.128543 0.640304 0.0666157 0.576422 0.00405802 0.333942 0.00460053 0.758738 0.00270201 3.30006 0.0591939 4.44442 0.12519 1591.65 987.115 1599.4 987.298 1599.4 987.298 0.260023 0.136671 
300 0.29 3132000000 44.53 0.872375 -1242.85 8.78743 1.55215e+06 21302.5 2.45463e+12 6.39089e+10 -0.127022 0.128543 0.640304 0.0666157 0.576422 0.00405802 0.333942 0.00460053 0.758738 0.00270201 3.30006 0.0591939 4.44442 0.12519 1591.65 987.115 1599.4 987.298 1599.4 987.298 0.260023 0.136671 
300 0.29 3133800000 44.53 0.872375 -1242.85 8.78743 1.55215e+06 21302.5 2.45463e+12 6.39089e+10 -0.127022 0.128543 0.640304 0.0666157 0.576422 0.00405802 0.333942 0.00460053 0.758738 0.00270201 3.30006 0.0591939 4.44442 0.12519 1591.65 987.115 1599.4 987.298 1599.4 987.298 0.260023 0.136671 
300 0.29 3135600000 44.53 0.872375 -1242.85 8.78743 1.55215e+06 21302.5 2.45463e+12 6.39089e+10 -0.127022 0.128543 0.640304 0.0666157 0.576422 0.00405802 0.333942 0.00460053 0.758738 0.00270201 3.30006 0.0591939 4.44442 0.12519 1591.65 987.115 1599.4 987.298 1599.4 987.298 0.260023 0.136671 
300 0.29 3137400000 44.53 0.872375 -1242.85 8.78743 1.55215e+06 21302.5 2.45463e+12 6.39089e+10 -0.127022 0.128543 0.640304 0.0666157 0.576422 0.00405802 0.333942 0.00460053 0.758738 0.00270201 3.30006 0.0591939 4.44442 0.12519 1591.65 987.115 1599.4 987.298 1599.4 987.298 0.260023 0.136671 
300 0.29 3139200000 44.53 0.872375 -1242.85 8.78743 1.55215e+06 21302.5 2.45463e+12 6.39089e+10 -0.127022 0.128543 0.640304 0.0666157 0.576422 0.00405802 0.333942 0.00460053 0.758738 0.00270201 3.30006 0.0591939 4.44442 0.12519 1591.65 987.115 1599.4 987.298 1599.4 987.298 0.260023 0.136671 
300 0.29 3141000000 44.53 0.872375 -1242.85 8.78743 1.55215e+06 21302.5 2.45463e+12 6.39089e+10 -0.127022 0.128543 0.640304 0.0666157 0.576422 0.00405802 0.333942 0.00460053 0.758738 0.00270201 3.30006 0.0591939 4.44442 0.12519 1591.65 987.115 1599.4 987.298 1599.4 987.298 0.260023 0.136671 
300 0.29 3142800000 44.53 0.872375 -1242.85 8.78743 1.55215e+06 21302.5 2.45463e+12 6.39089e+10 -0.127022 0.128543 0.640304 0.0666157 0.576422 0.00405802 0.333942 0.00460053 0.758738 0.00270201 3.30006 0.0591939 4.44442 0.12519 1591.65 987.115 1599.4 987.298 1599.4 987.298 0.260023 0.136671 
300 0.29 3144600000 44.53 0.86845 -1242.85 8.78743 1.55215e+06 21302.5 2.45463e+12 6.39089e+10 -0.127022 0.128543 0.640304 0.0666157 0.576422 0.00405802 0.333942 0.00460053 0.758738 0.00270201 3.30006 0.0591939 4.44442 0.12519 1591.65 987.115 1599.4 987.298 1599.4 987.298 0.260023 0.136671 
300 0.29 3146400000 44.53 0.86845 -1242.85 8.78743 1.55215e+06 21302.5 2.45463e+12 6.39089e+10 -0.127022 0.128543 0.640304 0.0666157 0.576422 0.00405802 0.333942 0.00460053 0.758738 0.00270201 3.30006 0.0591939 4.44442 0.12519 1591.65 987.115 1599.4 987.298 1599.4 987.298 0.260023 0.136671 
300 0.29 3148200000 44.53 0.86845 -1242.85 8.78743 1.55215e+06 21302.5 2.45463e+12 6.39089e+10 -0.127022 0.128543 0.640304 0.0666157 0.576422 0.00405802 0.333942 0.00460053 0.758738 0.00270201 3.30006 0.0591939 4.44442 0.12519 1591.65 987.115 1599.4 987.298 1599.4 987.298 0.260023 0.136671 
300 0.29 3150000000 44.53 0.86845 -1242.85 8.78743 1.55215e+06 21302.5 2.45463e+12 6.39089e+10 -0.127022 0.128543 0.640304 0.0666157 0.576422 0.00405802 0.333942 0.00460053 0.758738 0.00270201 3.30006 0.0591939 4.44442 0.12519 1591.65 987.115 1599.4 987.298 1599.4 987.298 0.260023 0.136671 
300 0.29 3151800000 44.53 0.86845 -1242.85 8.78743 1.55215e+06 21302.5 2.45463e+12 6.39089e+10 -0.127022 0.128543 0.640304 0.0666157 0.576422 0.00405802 0.333942 0.00460053 0.758738 0.00270201 3.30006 0.0591939 4.44442 0.12519 1591.65 987.115 1599.4 987.298 1599.4 987.298 0.260023 0.136671 
300 0.29 3153600000 44.53 0.86845 -1242.85 8.78743 1.55215e+06 21302.5 2.45463e+12 6.39089e+10 -0.127022 0.128543 0.640304 0.0666157 0.576422 0.00405802 0.333942 0.00460053 0.758738 0.00270201 3.30006 0.0591939 4.44442 0.12519 1591.65 987.115 1599.4 987.298 1599.4 987.298 0.260023 0.136671 
300 0.29 3155400000 44.53 0.86845 -1242.85 8.78743 1.55215e+06 21302.5 2.45463e+12 6.39089e+10 -0.127022 0.128543 0.640304 0.0666157 0.576422 0.00405802 0.333942 0.00460053 0.758738 0.00270201 3.30006 0.0591939 4.44442 0.12519 1591.65 987.115 1599.4 987.298 1599.4 987.298 0.260023 0.136671 
300 0.29 3157200000 44.53 0.86845 -1242.85 8.78743 1.55215e+06 21302.5 2.45463e+12 6.39089e+10 -0.127022 0.128543 0.640304 0.0666157 0.576422 0.00405802 0.333942 0.00460053 0.758738 0.00270201 3.30006 0.0591939 4.44442 0.12519 1591.65 987.115 1599.4 987.298 1599.4 987.298 0.260023 0.136671 
300 0.29 3159000000 44.53 0.86845 -1242.85 8.78743 1.55215e+06 21302.5 2.45463e+12 6.39089e+10 -0.127022 0.128543 0.640304 0.0666157 0.576422 0.00405802 0.333942 0.00460053 0.758738 0.00270201 3.30006 0.0591939 4.44442 0.12519 1591.65 987.115 1599.4 987.298 1599.4 987.298 0.260023 0.136671 
300 0.29 3160800000 44.53 0.86845 -1242.85 8.78743 1.55215e+06 21302.5 2.45463e+12 6.39089e+10 -0.127022 0.128543 0.640304 0.0666157 0.576422 0.00405802 0.333942 0.00460053 0.758738 0.00270201 3.30006 0.0591939 4.44442 0.12519 1591.65 987.115 1599.4 987.298 1599.4 987.298 0.260023 0.136671 
300 0.29 3162600000 44.53 0.86845 -1242.85 8.78743 1.55215e+06 21302.5 2.45463e+12 6.39089e+10 -0.127022 0.128543 0.640304 0.0666157 0.576422 0.00405802 0.333942 0.00460053 0.758738 0.00270201 3.30006 0.0591939 4.44442 0.12519 1591.65 987.115 1599.4 987.298 1599.4 987.298 0.260023 0.136671 
300 0.29 3164400000 44.53 0.86845 -1242.85 8.78743 1.55215e+06 21302.5 2.45463e+12 6.39089e+10 -0.127022 0.128543 0.640304 0.0666157 0.576422 0.00405802 0.333942 0.00460053 0.758738 0.00270201 3.30006 0.0591939 4.44442 0.12519 1591.65 987.115 1599.4 987.298 1599.4 987.298 0.260023 0.136671 
300 0.29 3166200000 44.53 0.86845 -1242.85 8.78743 1.55215e+06 21302.5 2.45463e+12 6.39089e+10 -0.127022 0.128543 0.640304 0.0666157 0.576422 0.00405802 0.333942 0.00460053 0.758738 0.00270201 3.30006 0.0591939 4.44442 0.12519 1591.65 987.115 1599.4 987.298 1599.4 987.298 0.260023 0.136671 
300 0.29 3168000000 44.53 0.86845 -1242.85 8.78743 1.55215e+06 21302.5 2.45463e+12 6.39089e+10 -0.127022 0.128543 0.640304 0.0666157 0.576422 0.00405802 0.333942 0.00460053 0.758738 0.00270201 3.30006 0.0591939 4.44442 0.12519 1591.65 987.115 1599.4 987.298 1599.4 987.298 0.260023 0.136671 
300 0.29 3169800000 44.53 0.86845 -1242.85 8.78743 1.55215e+06 21302.5 2.45463e+12 6.39089e+10 -0.127022 0.128543 0.640304 0.0666157 0.576422 0.00405802 0.333942 0.00460053 0.758738 0.00270201 3.30006 0.0591939 4.44442 0.12519 1591.65 987.115 1599.4 987.298 1599.4 987.298 0.260023 0.136671 
300 0.29 3171600000 44.53 0.86845 -1242.85 8.78743 1.55215e+06 21302.5 2.45463e+12 6.39089e+10 -0.127022 0.128543 0.640304 0.0666157 0.576422 0.00405802 0.333942 0.00460053 0.758738 0.00270201 3.30006 0.0591939 4.44442 0.12519 1591.65 987.115 1599.4 987.298 1599.4 987.298 0.260023 0.136671 
300 0.29 3173400000 44.53 0.86845 -1242.85 8.78743 1.55215e+06 21302.5 2.45463e+12 6.39089e+10 -0.127022 0.128543 0.640304 0.0666157 0.576422 0.00405802 0.333942 0.00460053 0.758738 0.00270201 3.30006 0.0591939 4.44442 0.12519 1591.65 987.115 1599.4 987.298 1599.4 987.298 0.260023 0.136671 
300 0.29 3175200000 44.53 0.86845 -1242.85 8.78743 1.55215e+06 21302.5 2.45463e+12 6.39089e+10 -0.127022 0.128543 0.640304 0.0666157 0.576422 0.00405802 0.333942 0.00460053 0.758738 0.00270201 3.30006 0.0591939 4.44442 0.12519 1591.65 987.115 1599.4 987.298 1599.4 987.298 0.260023 0.136671 
300 0.29 3177000000 44.53 0.86845 -1242.85 8.78743 1.55215e+06 21302.5 2.45463e+12 6.39089e+10 -0.127022 0.128543 0.640304 0.0666157 0.576422 0.00405802 0.333942 0.00460053 0.758738 0.00270201 3.30006 0.0591939 4.44442 0.12519 1591.65 987.115 1599.4 987.298 1599.4 987.298 0.260023 0.136671 
300 0.29 3178800000 44.53 0.86845 -1242.85 8.78743 1.55215e+06 21302.5 2.45463e+12 6.39089e+10 -0.127022 0.128543 0.640304 0.0666157 0.576422 0.00405802 0.333942 0.00460053 0.758738 0.00270201 3.30006 0.0591939 4.44442 0.12519 1591.65 987.115 1599.4 987.298 1599.4 987.298 0.260023 0.136671 
300 0.29 3180600000 44.53 0.86845 -1242.85 8.78743 1.55215e+06 21302.5 2.45463e+12 6.39089e+10 -0.127022 0.128543 0.640304 0.0666157 0.576422 0.00405802 0.333942 0.00460053 0.758738 0.00270201 3.30006 0.0591939 4.44442 0.12519 1591.65 987.115 1599.4 987.298 1599.4 987.298 0.260023 0.136671 
300 0.29 3182400000 44.53 0.86845 -1242.85 8.78743 1.55215e+06 21302.5 2.45463e+12 6.39089e+10 -0.127022 0.128543 0.640304 0.0666157 0.576422 0.00405802 0.333942 0.00460053 0.758738 0.00270201 3.30006 0.0591939 4.44442 0.12519 1591.65 987.115 1599.4 987.298 1599.4 987.298 0.260023 0.136671 
300 0.29 3184200000 44.53 0.86845 -1242.85 8.78743 1.55215e+06 21302.5 2.45463e+12 6.39089e+10 -0.127022 0.128543 0.640304 0.0666157 0.576422 0.00405802 0.333942 0.00460053 0.758738 0.00270201 3.30006 0.0591939 4.44442 0.12519 1591.65 987.115 1599.4 987.298 1599.4 987.298 0.260023 0.136671 
300 0.29 3186000000 44.53 0.86845 -1242.85 8.78743 1.55215e+06 21302.5 2.45463e+12 6.39089e+10 -0.127022 0.128543 0.640304 0.0666157 0.576422 0.00405802 0.333942 0.00460053 0.758738 0.00270201 3.30006 0.0591939 4.44442 0.12519 1591.65 987.115 1599.4 987.298 1599.4 987.298 0.260023 0.136671 
300 0.29 3187800000 44.53 0.86845 -1242.85 8.78743 1.55215e+06 21302.5 2.45463e+12 6.39089e+10 -0.127022 0.128543 0.640304 0.0666157 0.576422 0.00405802 0.333942 0.00460053 0.758738 0.00270201 3.30006 0.0591939 4.44442 0.12519 1591.65 987.115 1599.4 987.298 1599.4 987.298 0.260023 0.136671 
300 0.29 3189600000 44.53 0.86845 -1242.85 8.78743 1.55215e+06 21302.5 2.45463e+12 6.39089e+10 -0.127022 0.128543 0.640304 0.0666157 0.576422 0.00405802 0.333942 0.00460053 0.758738 0.00270201 3.30006 0.0591939 4.44442 0.12519 1591.65 987.115 1599.4 987.298 1599.4 987.298 0.260023 0.136671 
300 0.29 3191400000 44.53 0.86845 -1242.85 8.78743 1.55215e+06 21302.5 2.45463e+12 6.39089e+10 -0.127022 0.128543 0.640304 0.0666157 0.576422 0.00405802 0.333942 0.00460053 0.758738 0.00270201 3.30006 0.0591939 4.44442 0.12519 1591.65 987.115 1599.4 987.298 1599.4 987.298 0.260023 0.136671 
300 0.29 3193200000 44.53 0.86845 -1242.85 8.78743 1.55215e+06 21302.5 2.45463e+12 6.39089e+10 -0.127022 0.128543 0.640304 0.0666157 0.576422 0.00405802 0.333942 0.00460053 0.758738 0.00270201 3.30006 0.0591939 4.44442 0.12519 1591.65 987.115 1599.4 987.298 1599.4 987.298 0.260023 0.136671 
300 0.29 3195000000 44.53 0.86845 -1242.85 8.78743 1.55215e+06 21302.5 2.45463e+12 6.39089e+10 -0.127022 0.128543 0.640304 0.0666157 0.576422 0.00405802 0.333942 0.00460053 0.758738 0.00270201 3.30006 0.0591939 4.44442 0.12519 1591.65 987.115 1599.4 987.298 1599.4 987.298 0.260023 0.136671 
300 0.29 3196800000 44.53 0.86845 -1242.85 8.78743 1.55215e+06 21302.5 2.45463e+12 6.39089e+10 -0.127022 0.128543 0.640304 0.0666157 0.576422 0.00405802 0.333942 0.00460053 0.758738 0.00270201 3.30006 0.0591939 4.44442 0.12519 1591.65 987.115 1599.4 987.298 1599.4 987.298 0.260023 0.136671 
300 0.29 3198600000 44.53 0.86845 -1242.85 8.78743 1.55215e+06 21302.5 2.45463e+12 6.39089e+10 -0.127022 0.128543 0.640304 0.0666157 0.576422 0.00405802 0.333942 0.00460053 0.758738 0.00270201 3.30006 0.0591939 4.44442 0.12519 1591.65 987.115 1599.4 987.298 1599.4 987.298 0.260023 0.136671 
300 0.29 3200400000 44.53 0.86845 -1242.85 8.78743 1.55215e+06 21302.5 2.45463e+12 6.39089e+10 -0.127022 0.128543 0.640304 0.0666157 0.576422 0.00405802 0.333942 0.00460053 0.758738 0.00270201 3.30006 0.0591939 4.44442 0.12519 1591.65 987.115 1599.4 987.298 1599.4 987.298 0.260023 0.136671 
300 0.29 3202200000 44.53 0.856596 -1242.85 8.78743 1.55215e+06 21302.5 2.45463e+12 6.39089e+10 -0.127022 0.128543 0.640304 0.0666157 0.576422 0.00405802 0.333942 0.00460053 0.758738 0.00270201 3.30006 0.0591939 4.44442 0.12519 1591.65 987.115 1599.4 987.298 1599.4 987.298 0.260023 0.136671 
300 0.29 3204000000 44.53 0.856596 -1242.85 8.78743 1.55215e+06 21302.5 2.45463e+12 6.39089e+10 -0.127022 0.128543 0.640304 0.0666157 0.576422 0.00405802 0.333942 0.00460053 0.758738 0.00270201 3.30006 0.0591939 4.44442 0.12519 1591.65 987.115 1599.4 987.298 1599.4 987.298 0.260023 0.136671 
300 0.29 3205800000 44.53 0.856596 -1242.85 8.78743 1.55215e+06 21302.5 2.45463e+12 6.39089e+10 -0.127022 0.128543 0.640304 0.0666157 0.576422 0.00405802 0.333942 0.00460053 0.758738 0.00270201 3.30006 0.0591939 4.44442 0.12519 1591.65 987.115 1599.4 987.298 1599.4 987.298 0.260023 0.136671 
300 0.29 3207600000 44.53 0.856596 -1242.85 8.78743 1.55215e+06 21302.5 2.45463e+12 6.39089e+10 -0.127022 0.128543 0.640304 0.0666157 0.576422 0.00405802 0.333942 0.00460053 0.758738 0.00270201 3.30006 0.0591939 4.44442 0.12519 1591.65 987.115 1599.4 987.298 1599.4 987.298 0.260023 0.136671 
300 0.29 3209400000 44.53 0.856596 -1242.85 8.78743 1.55215e+06 21302.5 2.45463e+12 6.39089e+10 -0.127022 0.128543 0.640304 0.0666157 0.576422 0.00405802 0.333942 0.00460053 0.758738 0.00270201 3.30006 0.0591939 4.44442 0.12519 1591.65 987.115 1599.4 987.298 1599.4 987.298 0.260023 0.136671 
300 0.29 3211200000 44.53 0.856596 -1242.85 8.78743 1.55215e+06 21302.5 2.45463e+12 6.39089e+10 -0.127022 0.128543 0.640304 0.0666157 0.576422 0.00405802 0.333942 0.00460053 0.758738 0.00270201 3.30006 0.0591939 4.44442 0.12519 1591.65 987.115 1599.4 987.298 1599.4 987.298 0.260023 0.136671 
300 0.29 3213000000 44.53 0.856596 -1242.85 8.78743 1.55215e+06 21302.5 2.45463e+12 6.39089e+10 -0.127022 0.128543 0.640304 0.0666157 0.576422 0.00405802 0.333942 0.00460053 0.758738 0.00270201 3.30006 0.0591939 4.44442 0.12519 1591.65 987.115 1599.4 987.298 1599.4 987.298 0.260023 0.136671 
300 0.29 3214800000 44.53 0.856596 -1242.85 8.78743 1.55215e+06 21302.5 2.45463e+12 6.39089e+10 -0.127022 0.128543 0.640304 0.0666157 0.576422 0.00405802 0.333942 0.00460053 0.758738 0.00270201 3.30006 0.0591939 4.44442 0.12519 1591.65 987.115 1599.4 987.298 1599.4 987.298 0.260023 0.136671 
300 0.29 3216600000 44.53 0.856596 -1242.85 8.78743 1.55215e+06 21302.5 2.45463e+12 6.39089e+10 -0.127022 0.128543 0.640304 0.0666157 0.576422 0.00405802 0.333942 0.00460053 0.758738 0.00270201 3.30006 0.0591939 4.44442 0.12519 1591.65 987.115 1599.4 987.298 1599.4 987.298 0.260023 0.136671 
300 0.29 3218400000 44.53 0.856596 -1242.85 8.78743 1.55215e+06 21302.5 2.45463e+12 6.39089e+10 -0.127022 0.128543 0.640304 0.0666157 0.576422 0.00405802 0.333942 0.00460053 0.758738 0.00270201 3.30006 0.0591939 4.44442 0.12519 1591.65 987.115 1599.4 987.298 1599.4 987.298 0.260023 0.136671 
300 0.29 3220200000 44.53 0.856596 -1242.85 8.78743 1.55215e+06 21302.5 2.45463e+12 6.39089e+10 -0.127022 0.128543 0.640304 0.0666157 0.576422 0.00405802 0.333942 0.00460053 0.758738 0.00270201 3.30006 0.0591939 4.44442 0.12519 1591.65 987.115 1599.4 987.298 1599.4 987.298 0.260023 0.136671 
300 0.29 3222000000 44.53 0.856596 -1242.85 8.78743 1.55215e+06 21302.5 2.45463e+12 6.39089e+10 -0.127022 0.128543 0.640304 0.0666157 0.576422 0.00405802 0.333942 0.00460053 0.758738 0.00270201 3.30006 0.0591939 4.44442 0.12519 1591.65 987.115 1599.4 987.298 1599.4 987.298 0.260023 0.136671 
300 0.29 3223800000 44.53 0.856596 -1242.85 8.78743 1.55215e+06 21302.5 2.45463e+12 6.39089e+10 -0.127022 0.128543 0.640304 0.0666157 0.576422 0.00405802 0.333942 0.00460053 0.758738 0.00270201 3.30006 0.0591939 4.44442 0.12519 1591.65 987.115 1599.4 987.298 1599.4 987.298 0.260023 0.136671 
300 0.29 3225600000 44.53 0.856596 -1242.85 8.78743 1.55215e+06 21302.5 2.45463e+12 6.39089e+10 -0.127022 0.128543 0.640304 0.0666157 0.576422 0.00405802 0.333942 0.00460053 0.758738 0.00270201 3.30006 0.0591939 4.44442 0.12519 1591.65 987.115 1599.4 987.298 1599.4 987.298 0.260023 0.136671 
300 0.29 3227400000 44.53 0.856596 -1242.85 8.78743 1.55215e+06 21302.5 2.45463e+12 6.39089e+10 -0.127022 0.128543 0.640304 0.0666157 0.576422 0.00405802 0.333942 0.00460053 0.758738 0.00270201 3.30006 0.0591939 4.44442 0.12519 1591.65 987.115 1599.4 987.298 1599.4 987.298 0.260023 0.136671 
300 0.29 3229200000 44.53 0.856596 -1242.85 8.78743 1.55215e+06 21302.5 2.45463e+12 6.39089e+10 -0.127022 0.128543 0.640304 0.0666157 0.576422 0.00405802 0.333942 0.00460053 0.758738 0.00270201 3.30006 0.0591939 4.44442 0.12519 1591.65 987.115 1599.4 987.298 1599.4 987.298 0.260023 0.136671 
300 0.29 3231000000 44.53 0.8531 -1242.85 8.78743 1.55215e+06 21302.5 2.45463e+12 6.39089e+10 -0.127022 0.128543 0.640304 0.0666157 0.576422 0.00405802 0.333942 0.00460053 0.758738 0.00270201 3.30006 0.0591939 4.44442 0.12519 1591.65 987.115 1599.4 987.298 1599.4 987.298 0.260023 0.136671 
300 0.29 3232800000 44.53 0.8531 -1242.85 8.78743 1.55215e+06 21302.5 2.45463e+12 6.39089e+10 -0.127022 0.128543 0.640304 0.0666157 0.576422 0.00405802 0.333942 0.00460053 0.758738 0.00270201 3.30006 0.0591939 4.44442 0.12519 1591.65 987.115 1599.4 987.298 1599.4 987.298 0.260023 0.136671 
300 0.29 3234600000 44.53 0.8531 -1242.85 8.78743 1.55215e+06 21302.5 2.45463e+12 6.39089e+10 -0.127022 0.128543 0.640304 0.0666157 0.576422 0.00405802 0.333942 0.00460053 0.758738 0.00270201 3.30006 0.0591939 4.44442 0.12519 1591.65 987.115 1599.4 987.298 1599.4 987.298 0.260023 0.136671 
300 0.29 3236400000 44.53 0.8531 -1242.85 8.78743 1.55215e+06 21302.5 2.45463e+12 6.39089e+10 -0.127022 0.128543 0.640304 0.0666157 0.576422 0.00405802 0.333942 0.00460053 0.758738 0.00270201 3.30006 0.0591939 4.44442 0.12519 1591.65 987.115 1599.4 987.298 1599.4 987.298 0.260023 0.136671 
300 0.29 3238200000 44.53 0.8531 -1242.85 8.78743 1.55215e+06 21302.5 2.45463e+12 6.39089e+10 -0.127022 0.128543 0.640304 0.0666157 0.576422 0.00405802 0.333942 0.00460053 0.758738 0.00270201 3.30006 0.0591939 4.44442 0.12519 1591.65 987.115 1599.4 987.298 1599.4 987.298 0.260023 0.136671 
300 0.29 3240000000 44.53 0.8531 -1242.85 8.78743 1.55215e+06 21302.5 2.45463e+12 6.39089e+10 -0.127022 0.128543 0.640304 0.0666157 0.576422 0.00405802 0.333942 0.00460053 0.758738 0.00270201 3.30006 0.0591939 4.44442 0.12519 1591.65 987.115 1599.4 987.298 1599.4 987.298 0.260023 0.136671 
300 0.29 3241800000 44.53 0.8531 -1242.85 8.78743 1.55215e+06 21302.5 2.45463e+12 6.39089e+10 -0.127022 0.128543 0.640304 0.0666157 0.576422 0.00405802 0.333942 0.00460053 0.758738 0.00270201 3.30006 0.0591939 4.44442 0.12519 1591.65 987.115 1599.4 987.298 1599.4 987.298 0.260023 0.136671 
300 0.29 3243600000 44.53 0.8531 -1242.85 8.78743 1.55215e+06 21302.5 2.45463e+12 6.39089e+10 -0.127022 0.128543 0.640304 0.0666157 0.576422 0.00405802 0.333942 0.00460053 0.758738 0.00270201 3.30006 0.0591939 4.44442 0.12519 1591.65 987.115 1599.4 987.298 1599.4 987.298 0.260023 0.136671 
300 0.29 3245400000 44.53 0.8531 -1242.85 8.78743 1.55215e+06 21302.5 2.45463e+12 6.39089e+10 -0.127022 0.128543 0.640304 0.0666157 0.576422 0.00405802 0.333942 0.00460053 0.758738 0.00270201 3.30006 0.0591939 4.44442 0.12519 1591.65 987.115 1599.4 987.298 1599.4 987.298 0.260023 0.136671 
300 0.29 3247200000 44.53 0.8531 -1242.85 8.78743 1.55215e+06 21302.5 2.45463e+12 6.39089e+10 -0.127022 0.128543 0.640304 0.0666157 0.576422 0.00405802 0.333942 0.00460053 0.758738 0.00270201 3.30006 0.0591939 4.44442 0.12519 1591.65 987.115 1599.4 987.298 1599.4 987.298 0.260023 0.136671 
300 0.29 3249000000 44.53 0.8531 -1242.85 8.78743 1.55215e+06 21302.5 2.45463e+12 6.39089e+10 -0.127022 0.128543 0.640304 0.0666157 0.576422 0.00405802 0.333942 0.00460053 0.758738 0.00270201 3.30006 0.0591939 4.44442 0.12519 1591.65 987.115 1599.4 987.298 1599.4 987.298 0.260023 0.136671 
300 0.29 3250800000 44.53 0.8531 -1242.85 8.78743 1.55215e+06 21302.5 2.45463e+12 6.39089e+10 -0.127022 0.128543 0.640304 0.0666157 0.576422 0.00405802 0.333942 0.00460053 0.758738 0.00270201 3.30006 0.0591939 4.44442 0.12519 1591.65 987.115 1599.4 987.298 1599.4 987.298 0.260023 0.136671 
300 0.29 3252600000 44.53 0.8531 -1242.85 8.78743 1.55215e+06 21302.5 2.45463e+12 6.39089e+10 -0.127022 0.128543 0.640304 0.0666157 0.576422 0.00405802 0.333942 0.00460053 0.758738 0.00270201 3.30006 0.0591939 4.44442 0.12519 1591.65 987.115 1599.4 987.298 1599.4 987.298 0.260023 0.136671 
300 0.29 3254400000 44.53 0.8531 -1242.85 8.78743 1.55215e+06 21302.5 2.45463e+12 6.39089e+10 -0.127022 0.128543 0.640304 0.0666157 0.576422 0.00405802 0.333942 0.00460053 0.758738 0.00270201 3.30006 0.0591939 4.44442 0.12519 1591.65 987.115 1599.4 987.298 1599.4 987.298 0.260023 0.136671 
300 0.29 3256200000 44.53 0.8531 -1242.85 8.78743 1.55215e+06 21302.5 2.45463e+12 6.39089e+10 -0.127022 0.128543 0.640304 0.0666157 0.576422 0.00405802 0.333942 0.00460053 0.758738 0.00270201 3.30006 0.0591939 4.44442 0.12519 1591.65 987.115 1599.4 987.298 1599.4 987.298 0.260023 0.136671 
300 0.29 3258000000 44.53 0.8531 -1242.85 8.78743 1.55215e+06 21302.5 2.45463e+12 6.39089e+10 -0.127022 0.128543 0.640304 0.0666157 0.576422 0.00405802 0.333942 0.00460053 0.758738 0.00270201 3.30006 0.0591939 4.44442 0.12519 1591.65 987.115 1599.4 987.298 1599.4 987.298 0.260023 0.136671 
300 0.29 3259800000 44.6194 0.845942 -1243.56 7.82383 1.55385e+06 19040.2 2.4594e+12 5.75457e+10 -0.12767 0.110637 0.647652 0.0580956 0.576787 0.00362252 0.33436 0.00411763 0.75898 0.0024086 3.29132 0.054863 4.42432 0.113386 1478.38 876.074 1486.1 876.241 1486.1 876.241 0.244015 0.121408 
300 0.29 3261600000 44.6194 0.845942 -1243.56 7.82383 1.55385e+06 19040.2 2.4594e+12 5.75457e+10 -0.12767 0.110637 0.647652 0.0580956 0.576787 0.00362252 0.33436 0.00411763 0.75898 0.0024086 3.29132 0.054863 4.42432 0.113386 1478.38 876.074 1486.1 876.241 1486.1 876.241 0.244015 0.121408 
300 0.29 3263400000 44.6194 0.845942 -1243.56 7.82383 1.55385e+06 19040.2 2.4594e+12 5.75457e+10 -0.12767 0.110637 0.647652 0.0580956 0.576787 0.00362252 0.33436 0.00411763 0.75898 0.0024086 3.29132 0.054863 4.42432 0.113386 1478.38 876.074 1486.1 876.241 1486.1 876.241 0.244015 0.121408 
300 0.29 3265200000 44.6194 0.845942 -1243.56 7.82383 1.55385e+06 19040.2 2.4594e+12 5.75457e+10 -0.12767 0.110637 0.647652 0.0580956 0.576787 0.00362252 0.33436 0.00411763 0.75898 0.0024086 3.29132 0.054863 4.42432 0.113386 1478.38 876.074 1486.1 876.241 1486.1 876.241 0.244015 0.121408 
300 0.29 3267000000 44.6194 0.844797 -1243.56 7.82383 1.55385e+06 19040.2 2.4594e+12 5.75457e+10 -0.12767 0.110637 0.647652 0.0580956 0.576787 0.00362252 0.33436 0.00411763 0.75898 0.0024086 3.29132 0.054863 4.42432 0.113386 1478.38 876.074 1486.1 876.241 1486.1 876.241 0.244015 0.121408 
300 0.29 3268800000 44.6194 0.844797 -1243.56 7.82383 1.55385e+06 19040.2 2.4594e+12 5.75457e+10 -0.12767 0.110637 0.647652 0.0580956 0.576787 0.00362252 0.33436 0.00411763 0.75898 0.0024086 3.29132 0.054863 4.42432 0.113386 1478.38 876.074 1486.1 876.241 1486.1 876.241 0.244015 0.121408 
300 0.29 3270600000 44.6194 0.844797 -1243.56 7.82383 1.55385e+06 19040.2 2.4594e+12 5.75457e+10 -0.12767 0.110637 0.647652 0.0580956 0.576787 0.00362252 0.33436 0.00411763 0.75898 0.0024086 3.29132 0.054863 4.42432 0.113386 1478.38 876.074 1486.1 876.241 1486.1 876.241 0.244015 0.121408 
300 0.29 3272400000 44.6194 0.844797 -1243.56 7.82383 1.55385e+06 19040.2 2.4594e+12 5.75457e+10 -0.12767 0.110637 0.647652 0.0580956 0.576787 0.00362252 0.33436 0.00411763 0.75898 0.0024086 3.29132 0.054863 4.42432 0.113386 1478.38 876.074 1486.1 876.241 1486.1 876.241 0.244015 0.121408 
300 0.29 3274200000 44.6194 0.844313 -1243.56 7.82383 1.55385e+06 19040.2 2.4594e+12 5.75457e+10 -0.12767 0.110637 0.647652 0.0580956 0.576787 0.00362252 0.33436 0.00411763 0.75898 0.0024086 3.29132 0.054863 4.42432 0.113386 1478.38 876.074 1486.1 876.241 1486.1 876.241 0.244015 0.121408 
300 0.29 3276000000 44.6194 0.844313 -1243.56 7.82383 1.55385e+06 19040.2 2.4594e+12 5.75457e+10 -0.12767 0.110637 0.647652 0.0580956 0.576787 0.00362252 0.33436 0.00411763 0.75898 0.0024086 3.29132 0.054863 4.42432 0.113386 1478.38 876.074 1486.1 876.241 1486.1 876.241 0.244015 0.121408 
300 0.29 3277800000 44.6194 0.844313 -1243.56 7.82383 1.55385e+06 19040.2 2.4594e+12 5.75457e+10 -0.12767 0.110637 0.647652 0.0580956 0.576787 0.00362252 0.33436 0.00411763 0.75898 0.0024086 3.29132 0.054863 4.42432 0.113386 1478.38 876.074 1486.1 876.241 1486.1 876.241 0.244015 0.121408 
300 0.29 3279600000 44.6194 0.844313 -1243.56 7.82383 1.55385e+06 19040.2 2.4594e+12 5.75457e+10 -0.12767 0.110637 0.647652 0.0580956 0.576787 0.00362252 0.33436 0.00411763 0.75898 0.0024086 3.29132 0.054863 4.42432 0.113386 1478.38 876.074 1486.1 876.241 1486.1 876.241 0.244015 0.121408 
300 0.29 3281400000 44.6194 0.843887 -1243.56 7.82383 1.55385e+06 19040.2 2.4594e+12 5.75457e+10 -0.12767 0.110637 0.647652 0.0580956 0.576787 0.00362252 0.33436 0.00411763 0.75898 0.0024086 3.29132 0.054863 4.42432 0.113386 1478.38 876.074 1486.1 876.241 1486.1 876.241 0.244015 0.121408 
300 0.29 3283200000 44.6194 0.843887 -1243.56 7.82383 1.55385e+06 19040.2 2.4594e+12 5.75457e+10 -0.12767 0.110637 0.647652 0.0580956 0.576787 0.00362252 0.33436 0.00411763 0.75898 0.0024086 3.29132 0.054863 4.42432 0.113386 1478.38 876.074 1486.1 876.241 1486.1 876.241 0.244015 0.121408 
300 0.29 3285000000 44.6194 0.843887 -1243.56 7.82383 1.55385e+06 19040.2 2.4594e+12 5.75457e+10 -0.12767 0.110637 0.647652 0.0580956 0.576787 0.00362252 0.33436 0.00411763 0.75898 0.0024086 3.29132 0.054863 4.42432 0.113386 1478.38 876.074 1486.1 876.241 1486.1 876.241 0.244015 0.121408 
300 0.29 3286800000 44.6194 0.843887 -1243.56 7.82383 1.55385e+06 19040.2 2.4594e+12 5.75457e+10 -0.12767 0.110637 0.647652 0.0580956 0.576787 0.00362252 0.33436 0.00411763 0.75898 0.0024086 3.29132 0.054863 4.42432 0.113386 1478.38 876.074 1486.1 876.241 1486.1 876.241 0.244015 0.121408 
300 0.29 3288600000 44.6194 0.842609 -1243.56 7.82383 1.55385e+06 19040.2 2.4594e+12 5.75457e+10 -0.12767 0.110637 0.647652 0.0580956 0.576787 0.00362252 0.33436 0.00411763 0.75898 0.0024086 3.29132 0.054863 4.42432 0.113386 1478.38 876.074 1486.1 876.241 1486.1 876.241 0.244015 0.121408 
300 0.29 3290400000 44.6194 0.842609 -1243.56 7.82383 1.55385e+06 19040.2 2.4594e+12 5.75457e+10 -0.12767 0.110637 0.647652 0.0580956 0.576787 0.00362252 0.33436 0.00411763 0.75898 0.0024086 3.29132 0.054863 4.42432 0.113386 1478.38 876.074 1486.1 876.241 1486.1 876.241 0.244015 0.121408 
300 0.29 3292200000 44.6194 0.842609 -1243.56 7.82383 1.55385e+06 19040.2 2.4594e+12 5.75457e+10 -0.12767 0.110637 0.647652 0.0580956 0.576787 0.00362252 0.33436 0.00411763 0.75898 0.0024086 3.29132 0.054863 4.42432 0.113386 1478.38 876.074 1486.1 876.241 1486.1 876.241 0.244015 0.121408 
300 0.29 3294000000 44.6194 0.842609 -1243.56 7.82383 1.55385e+06 19040.2 2.4594e+12 5.75457e+10 -0.12767 0.110637 0.647652 0.0580956 0.576787 0.00362252 0.33436 0.00411763 0.75898 0.0024086 3.29132 0.054863 4.42432 0.113386 1478.38 876.074 1486.1 876.241 1486.1 876.241 0.244015 0.121408 
300 0.29 3295800000 44.6194 0.842001 -1243.56 7.82383 1.55385e+06 19040.2 2.4594e+12 5.75457e+10 -0.12767 0.110637 0.647652 0.0580956 0.576787 0.00362252 0.33436 0.00411763 0.75898 0.0024086 3.29132 0.054863 4.42432 0.113386 1478.38 876.074 1486.1 876.241 1486.1 876.241 0.244015 0.121408 
300 0.29 3297600000 44.6194 0.842001 -1243.56 7.82383 1.55385e+06 19040.2 2.4594e+12 5.75457e+10 -0.12767 0.110637 0.647652 0.0580956 0.576787 0.00362252 0.33436 0.00411763 0.75898 0.0024086 3.29132 0.054863 4.42432 0.113386 1478.38 876.074 1486.1 876.241 1486.1 876.241 0.244015 0.121408 
300 0.29 3299400000 44.6194 0.842001 -1243.56 7.82383 1.55385e+06 19040.2 2.4594e+12 5.75457e+10 -0.12767 0.110637 0.647652 0.0580956 0.576787 0.00362252 0.33436 0.00411763 0.75898 0.0024086 3.29132 0.054863 4.42432 0.113386 1478.38 876.074 1486.1 876.241 1486.1 876.241 0.244015 0.121408 
300 0.29 3301200000 44.6194 0.842001 -1243.56 7.82383 1.55385e+06 19040.2 2.4594e+12 5.75457e+10 -0.12767 0.110637 0.647652 0.0580956 0.576787 0.00362252 0.33436 0.00411763 0.75898 0.0024086 3.29132 0.054863 4.42432 0.113386 1478.38 876.074 1486.1 876.241 1486.1 876.241 0.244015 0.121408 
300 0.29 3303000000 44.6194 0.842855 -1243.56 7.82383 1.55385e+06 19040.2 2.4594e+12 5.75457e+10 -0.12767 0.110637 0.647652 0.0580956 0.576787 0.00362252 0.33436 0.00411763 0.75898 0.0024086 3.29132 0.054863 4.42432 0.113386 1478.38 876.074 1486.1 876.241 1486.1 876.241 0.244015 0.121408 
300 0.29 3304800000 44.6194 0.842855 -1243.56 7.82383 1.55385e+06 19040.2 2.4594e+12 5.75457e+10 -0.12767 0.110637 0.647652 0.0580956 0.576787 0.00362252 0.33436 0.00411763 0.75898 0.0024086 3.29132 0.054863 4.42432 0.113386 1478.38 876.074 1486.1 876.241 1486.1 876.241 0.244015 0.121408 
300 0.29 3306600000 44.6194 0.842855 -1243.56 7.82383 1.55385e+06 19040.2 2.4594e+12 5.75457e+10 -0.12767 0.110637 0.647652 0.0580956 0.576787 0.00362252 0.33436 0.00411763 0.75898 0.0024086 3.29132 0.054863 4.42432 0.113386 1478.38 876.074 1486.1 876.241 1486.1 876.241 0.244015 0.121408 
300 0.29 3308400000 44.6194 0.842855 -1243.56 7.82383 1.55385e+06 19040.2 2.4594e+12 5.75457e+10 -0.12767 0.110637 0.647652 0.0580956 0.576787 0.00362252 0.33436 0.00411763 0.75898 0.0024086 3.29132 0.054863 4.42432 0.113386 1478.38 876.074 1486.1 876.241 1486.1 876.241 0.244015 0.121408 
300 0.29 3310200000 44.6194 0.842422 -1243.56 7.82383 1.55385e+06 19040.2 2.4594e+12 5.75457e+10 -0.12767 0.110637 0.647652 0.0580956 0.576787 0.00362252 0.33436 0.00411763 0.75898 0.0024086 3.29132 0.054863 4.42432 0.113386 1478.38 876.074 1486.1 876.241 1486.1 876.241 0.244015 0.121408 
300 0.29 3312000000 44.6194 0.842422 -1243.56 7.82383 1.55385e+06 19040.2 2.4594e+12 5.75457e+10 -0.12767 0.110637 0.647652 0.0580956 0.576787 0.00362252 0.33436 0.00411763 0.75898 0.0024086 3.29132 0.054863 4.42432 0.113386 1478.38 876.074 1486.1 876.241 1486.1 876.241 0.244015 0.121408 
300 0.29 3313800000 44.6194 0.842422 -1243.56 7.82383 1.55385e+06 19040.2 2.4594e+12 5.75457e+10 -0.12767 0.110637 0.647652 0.0580956 0.576787 0.00362252 0.33436 0.00411763 0.75898 0.0024086 3.29132 0.054863 4.42432 0.113386 1478.38 876.074 1486.1 876.241 1486.1 876.241 0.244015 0.121408 
300 0.29 3315600000 44.6194 0.842422 -1243.56 7.82383 1.55385e+06 19040.2 2.4594e+12 5.75457e+10 -0.12767 0.110637 0.647652 0.0580956 0.576787 0.00362252 0.33436 0.00411763 0.75898 0.0024086 3.29132 0.054863 4.42432 0.113386 1478.38 876.074 1486.1 876.241 1486.1 876.241 0.244015 0.121408 
300 0.29 3317400000 44.6194 0.841035 -1243.56 7.82383 1.55385e+06 19040.2 2.4594e+12 5.75457e+10 -0.12767 0.110637 0.647652 0.0580956 0.576787 0.00362252 0.33436 0.00411763 0.75898 0.0024086 3.29132 0.054863 4.42432 0.113386 1478.38 876.074 1486.1 876.241 1486.1 876.241 0.244015 0.121408 
300 0.29 3319200000 44.6194 0.841035 -1243.56 7.82383 1.55385e+06 19040.2 2.4594e+12 5.75457e+10 -0.12767 0.110637 0.647652 0.0580956 0.576787 0.00362252 0.33436 0.00411763 0.75898 0.0024086 3.29132 0.054863 4.42432 0.113386 1478.38 876.074 1486.1 876.241 1486.1 876.241 0.244015 0.121408 
300 0.29 3321000000 44.6194 0.841035 -1243.56 7.82383 1.55385e+06 19040.2 2.4594e+12 5.75457e+10 -0.12767 0.110637 0.647652 0.0580956 0.576787 0.00362252 0.33436 0.00411763 0.75898 0.0024086 3.29132 0.054863 4.42432 0.113386 1478.38 876.074 1486.1 876.241 1486.1 876.241 0.244015 0.121408 
300 0.29 3322800000 44.6194 0.841035 -1243.56 7.82383 1.55385e+06 19040.2 2.4594e+12 5.75457e+10 -0.12767 0.110637 0.647652 0.0580956 0.576787 0.00362252 0.33436 0.00411763 0.75898 0.0024086 3.29132 0.054863 4.42432 0.113386 1478.38 876.074 1486.1 876.241 1486.1 876.241 0.244015 0.121408 
300 0.29 3324600000 44.6194 0.839245 -1243.56 7.82383 1.55385e+06 19040.2 2.4594e+12 5.75457e+10 -0.12767 0.110637 0.647652 0.0580956 0.576787 0.00362252 0.33436 0.00411763 0.75898 0.0024086 3.29132 0.054863 4.42432 0.113386 1478.38 876.074 1486.1 876.241 1486.1 876.241 0.244015 0.121408 
300 0.29 3326400000 44.6194 0.839245 -1243.56 7.82383 1.55385e+06 19040.2 2.4594e+12 5.75457e+10 -0.12767 0.110637 0.647652 0.0580956 0.576787 0.00362252 0.33436 0.00411763 0.75898 0.0024086 3.29132 0.054863 4.42432 0.113386 1478.38 876.074 1486.1 876.241 1486.1 876.241 0.244015 0.121408 
300 0.29 3328200000 44.6194 0.839245 -1243.56 7.82383 1.55385e+06 19040.2 2.4594e+12 5.75457e+10 -0.12767 0.110637 0.647652 0.0580956 0.576787 0.00362252 0.33436 0.00411763 0.75898 0.0024086 3.29132 0.054863 4.42432 0.113386 1478.38 876.074 1486.1 876.241 1486.1 876.241 0.244015 0.121408 
300 0.29 3330000000 44.6194 0.839245 -1243.56 7.82383 1.55385e+06 19040.2 2.4594e+12 5.75457e+10 -0.12767 0.110637 0.647652 0.0580956 0.576787 0.00362252 0.33436 0.00411763 0.75898 0.0024086 3.29132 0.054863 4.42432 0.113386 1478.38 876.074 1486.1 876.241 1486.1 876.241 0.244015 0.121408 
300 0.29 3331800000 44.6194 0.837652 -1243.56 7.82383 1.55385e+06 19040.2 2.4594e+12 5.75457e+10 -0.12767 0.110637 0.647652 0.0580956 0.576787 0.00362252 0.33436 0.00411763 0.75898 0.0024086 3.29132 0.054863 4.42432 0.113386 1478.38 876.074 1486.1 876.241 1486.1 876.241 0.244015 0.121408 
300 0.29 3333600000 44.6194 0.837652 -1243.56 7.82383 1.55385e+06 19040.2 2.4594e+12 5.75457e+10 -0.12767 0.110637 0.647652 0.0580956 0.576787 0.00362252 0.33436 0.00411763 0.75898 0.0024086 3.29132 0.054863 4.42432 0.113386 1478.38 876.074 1486.1 876.241 1486.1 876.241 0.244015 0.121408 
300 0.29 3335400000 44.6194 0.837652 -1243.56 7.82383 1.55385e+06 19040.2 2.4594e+12 5.75457e+10 -0.12767 0.110637 0.647652 0.0580956 0.576787 0.00362252 0.33436 0.00411763 0.75898 0.0024086 3.29132 0.054863 4.42432 0.113386 1478.38 876.074 1486.1 876.241 1486.1 876.241 0.244015 0.121408 
300 0.29 3337200000 44.6194 0.837652 -1243.56 7.82383 1.55385e+06 19040.2 2.4594e+12 5.75457e+10 -0.12767 0.110637 0.647652 0.0580956 0.576787 0.00362252 0.33436 0.00411763 0.75898 0.0024086 3.29132 0.054863 4.42432 0.113386 1478.38 876.074 1486.1 876.241 1486.1 876.241 0.244015 0.121408 
300 0.29 3339000000 44.6194 0.837116 -1243.56 7.82383 1.55385e+06 19040.2 2.4594e+12 5.75457e+10 -0.12767 0.110637 0.647652 0.0580956 0.576787 0.00362252 0.33436 0.00411763 0.75898 0.0024086 3.29132 0.054863 4.42432 0.113386 1478.38 876.074 1486.1 876.241 1486.1 876.241 0.244015 0.121408 
300 0.29 3340800000 44.6194 0.837116 -1243.56 7.82383 1.55385e+06 19040.2 2.4594e+12 5.75457e+10 -0.12767 0.110637 0.647652 0.0580956 0.576787 0.00362252 0.33436 0.00411763 0.75898 0.0024086 3.29132 0.054863 4.42432 0.113386 1478.38 876.074 1486.1 876.241 1486.1 876.241 0.244015 0.121408 
300 0.29 3342600000 44.6194 0.837116 -1243.56 7.82383 1.55385e+06 19040.2 2.4594e+12 5.75457e+10 -0.12767 0.110637 0.647652 0.0580956 0.576787 0.00362252 0.33436 0.00411763 0.75898 0.0024086 3.29132 0.054863 4.42432 0.113386 1478.38 876.074 1486.1 876.241 1486.1 876.241 0.244015 0.121408 
300 0.29 3344400000 44.6194 0.837116 -1243.56 7.82383 1.55385e+06 19040.2 2.4594e+12 5.75457e+10 -0.12767 0.110637 0.647652 0.0580956 0.576787 0.00362252 0.33436 0.00411763 0.75898 0.0024086 3.29132 0.054863 4.42432 0.113386 1478.38 876.074 1486.1 876.241 1486.1 876.241 0.244015 0.121408 
300 0.29 3346200000 44.6194 0.835789 -1243.56 7.82383 1.55385e+06 19040.2 2.4594e+12 5.75457e+10 -0.12767 0.110637 0.647652 0.0580956 0.576787 0.00362252 0.33436 0.00411763 0.75898 0.0024086 3.29132 0.054863 4.42432 0.113386 1478.38 876.074 1486.1 876.241 1486.1 876.241 0.244015 0.121408 
300 0.29 3348000000 44.6194 0.835789 -1243.56 7.82383 1.55385e+06 19040.2 2.4594e+12 5.75457e+10 -0.12767 0.110637 0.647652 0.0580956 0.576787 0.00362252 0.33436 0.00411763 0.75898 0.0024086 3.29132 0.054863 4.42432 0.113386 1478.38 876.074 1486.1 876.241 1486.1 876.241 0.244015 0.121408 
300 0.29 3349800000 44.6194 0.835789 -1243.56 7.82383 1.55385e+06 19040.2 2.4594e+12 5.75457e+10 -0.12767 0.110637 0.647652 0.0580956 0.576787 0.00362252 0.33436 0.00411763 0.75898 0.0024086 3.29132 0.054863 4.42432 0.113386 1478.38 876.074 1486.1 876.241 1486.1 876.241 0.244015 0.121408 
300 0.29 3351600000 44.6194 0.835789 -1243.56 7.82383 1.55385e+06 19040.2 2.4594e+12 5.75457e+10 -0.12767 0.110637 0.647652 0.0580956 0.576787 0.00362252 0.33436 0.00411763 0.75898 0.0024086 3.29132 0.054863 4.42432 0.113386 1478.38 876.074 1486.1 876.241 1486.1 876.241 0.244015 0.121408 
300 0.29 3353400000 44.6194 0.83468 -1243.56 7.82383 1.55385e+06 19040.2 2.4594e+12 5.75457e+10 -0.12767 0.110637 0.647652 0.0580956 0.576787 0.00362252 0.33436 0.00411763 0.75898 0.0024086 3.29132 0.054863 4.42432 0.113386 1478.38 876.074 1486.1 876.241 1486.1 876.241 0.244015 0.121408 
300 0.29 3355200000 44.6194 0.83468 -1243.56 7.82383 1.55385e+06 19040.2 2.4594e+12 5.75457e+10 -0.12767 0.110637 0.647652 0.0580956 0.576787 0.00362252 0.33436 0.00411763 0.75898 0.0024086 3.29132 0.054863 4.42432 0.113386 1478.38 876.074 1486.1 876.241 1486.1 876.241 0.244015 0.121408 
300 0.29 3357000000 44.6194 0.83468 -1243.56 7.82383 1.55385e+06 19040.2 2.4594e+12 5.75457e+10 -0.12767 0.110637 0.647652 0.0580956 0.576787 0.00362252 0.33436 0.00411763 0.75898 0.0024086 3.29132 0.054863 4.42432 0.113386 1478.38 876.074 1486.1 876.241 1486.1 876.241 0.244015 0.121408 
300 0.29 3358800000 44.6194 0.83468 -1243.56 7.82383 1.55385e+06 19040.2 2.4594e+12 5.75457e+10 -0.12767 0.110637 0.647652 0.0580956 0.576787 0.00362252 0.33436 0.00411763 0.75898 0.0024086 3.29132 0.054863 4.42432 0.113386 1478.38 876.074 1486.1 876.241 1486.1 876.241 0.244015 0.121408 
300 0.29 3360600000 44.6194 0.833447 -1243.56 7.82383 1.55385e+06 19040.2 2.4594e+12 5.75457e+10 -0.12767 0.110637 0.647652 0.0580956 0.576787 0.00362252 0.33436 0.00411763 0.75898 0.0024086 3.29132 0.054863 4.42432 0.113386 1478.38 876.074 1486.1 876.241 1486.1 876.241 0.244015 0.121408 
300 0.29 3362400000 44.6194 0.833447 -1243.56 7.82383 1.55385e+06 19040.2 2.4594e+12 5.75457e+10 -0.12767 0.110637 0.647652 0.0580956 0.576787 0.00362252 0.33436 0.00411763 0.75898 0.0024086 3.29132 0.054863 4.42432 0.113386 1478.38 876.074 1486.1 876.241 1486.1 876.241 0.244015 0.121408 
300 0.29 3364200000 44.6194 0.833447 -1243.56 7.82383 1.55385e+06 19040.2 2.4594e+12 5.75457e+10 -0.12767 0.110637 0.647652 0.0580956 0.576787 0.00362252 0.33436 0.00411763 0.75898 0.0024086 3.29132 0.054863 4.42432 0.113386 1478.38 876.074 1486.1 876.241 1486.1 876.241 0.244015 0.121408 
300 0.29 3366000000 44.6194 0.833447 -1243.56 7.82383 1.55385e+06 19040.2 2.4594e+12 5.75457e+10 -0.12767 0.110637 0.647652 0.0580956 0.576787 0.00362252 0.33436 0.00411763 0.75898 0.0024086 3.29132 0.054863 4.42432 0.113386 1478.38 876.074 1486.1 876.241 1486.1 876.241 0.244015 0.121408 
300 0.29 3367800000 44.6194 0.83186 -1243.56 7.82383 1.55385e+06 19040.2 2.4594e+12 5.75457e+10 -0.12767 0.110637 0.647652 0.0580956 0.576787 0.00362252 0.33436 0.00411763 0.75898 0.0024086 3.29132 0.054863 4.42432 0.113386 1478.38 876.074 1486.1 876.241 1486.1 876.241 0.244015 0.121408 
300 0.29 3369600000 44.6194 0.83186 -1243.56 7.82383 1.55385e+06 19040.2 2.4594e+12 5.75457e+10 -0.12767 0.110637 0.647652 0.0580956 0.576787 0.00362252 0.33436 0.00411763 0.75898 0.0024086 3.29132 0.054863 4.42432 0.113386 1478.38 876.074 1486.1 876.241 1486.1 876.241 0.244015 0.121408 
300 0.29 3371400000 44.6194 0.83186 -1243.56 7.82383 1.55385e+06 19040.2 2.4594e+12 5.75457e+10 -0.12767 0.110637 0.647652 0.0580956 0.576787 0.00362252 0.33436 0.00411763 0.75898 0.0024086 3.29132 0.054863 4.42432 0.113386 1478.38 876.074 1486.1 876.241 1486.1 876.241 0.244015 0.121408 
300 0.29 3373200000 44.6194 0.83186 -1243.56 7.82383 1.55385e+06 19040.2 2.4594e+12 5.75457e+10 -0.12767 0.110637 0.647652 0.0580956 0.576787 0.00362252 0.33436 0.00411763 0.75898 0.0024086 3.29132 0.054863 4.42432 0.113386 1478.38 876.074 1486.1 876.241 1486.1 876.241 0.244015 0.121408 
300 0.29 3375000000 44.6194 0.830117 -1243.56 7.82383 1.55385e+06 19040.2 2.4594e+12 5.75457e+10 -0.12767 0.110637 0.647652 0.0580956 0.576787 0.00362252 0.33436 0.00411763 0.75898 0.0024086 3.29132 0.054863 4.42432 0.113386 1478.38 876.074 1486.1 876.241 1486.1 876.241 0.244015 0.121408 
300 0.29 3376800000 44.6194 0.830117 -1243.56 7.82383 1.55385e+06 19040.2 2.4594e+12 5.75457e+10 -0.12767 0.110637 0.647652 0.0580956 0.576787 0.00362252 0.33436 0.00411763 0.75898 0.0024086 3.29132 0.054863 4.42432 0.113386 1478.38 876.074 1486.1 876.241 1486.1 876.241 0.244015 0.121408 
300 0.29 3378600000 44.6194 0.830117 -1243.56 7.82383 1.55385e+06 19040.2 2.4594e+12 5.75457e+10 -0.12767 0.110637 0.647652 0.0580956 0.576787 0.00362252 0.33436 0.00411763 0.75898 0.0024086 3.29132 0.054863 4.42432 0.113386 1478.38 876.074 1486.1 876.241 1486.1 876.241 0.244015 0.121408 
300 0.29 3380400000 44.6194 0.830117 -1243.56 7.82383 1.55385e+06 19040.2 2.4594e+12 5.75457e+10 -0.12767 0.110637 0.647652 0.0580956 0.576787 0.00362252 0.33436 0.00411763 0.75898 0.0024086 3.29132 0.054863 4.42432 0.113386 1478.38 876.074 1486.1 876.241 1486.1 876.241 0.244015 0.121408 
300 0.29 3382200000 44.6194 0.828333 -1243.56 7.82383 1.55385e+06 19040.2 2.4594e+12 5.75457e+10 -0.12767 0.110637 0.647652 0.0580956 0.576787 0.00362252 0.33436 0.00411763 0.75898 0.0024086 3.29132 0.054863 4.42432 0.113386 1478.38 876.074 1486.1 876.241 1486.1 876.241 0.244015 0.121408 
300 0.29 3384000000 44.6194 0.828333 -1243.56 7.82383 1.55385e+06 19040.2 2.4594e+12 5.75457e+10 -0.12767 0.110637 0.647652 0.0580956 0.576787 0.00362252 0.33436 0.00411763 0.75898 0.0024086 3.29132 0.054863 4.42432 0.113386 1478.38 876.074 1486.1 876.241 1486.1 876.241 0.244015 0.121408 
300 0.29 3385800000 44.6194 0.828333 -1243.56 7.82383 1.55385e+06 19040.2 2.4594e+12 5.75457e+10 -0.12767 0.110637 0.647652 0.0580956 0.576787 0.00362252 0.33436 0.00411763 0.75898 0.0024086 3.29132 0.054863 4.42432 0.113386 1478.38 876.074 1486.1 876.241 1486.1 876.241 0.244015 0.121408 
300 0.29 3387600000 44.6194 0.828333 -1243.56 7.82383 1.55385e+06 19040.2 2.4594e+12 5.75457e+10 -0.12767 0.110637 0.647652 0.0580956 0.576787 0.00362252 0.33436 0.00411763 0.75898 0.0024086 3.29132 0.054863 4.42432 0.113386 1478.38 876.074 1486.1 876.241 1486.1 876.241 0.244015 0.121408 
300 0.29 3389400000 44.6194 0.826875 -1243.56 7.82383 1.55385e+06 19040.2 2.4594e+12 5.75457e+10 -0.12767 0.110637 0.647652 0.0580956 0.576787 0.00362252 0.33436 0.00411763 0.75898 0.0024086 3.29132 0.054863 4.42432 0.113386 1478.38 876.074 1486.1 876.241 1486.1 876.241 0.244015 0.121408 
300 0.29 3391200000 44.6194 0.826875 -1243.56 7.82383 1.55385e+06 19040.2 2.4594e+12 5.75457e+10 -0.12767 0.110637 0.647652 0.0580956 0.576787 0.00362252 0.33436 0.00411763 0.75898 0.0024086 3.29132 0.054863 4.42432 0.113386 1478.38 876.074 1486.1 876.241 1486.1 876.241 0.244015 0.121408 
300 0.29 3393000000 44.6194 0.826875 -1243.56 7.82383 1.55385e+06 19040.2 2.4594e+12 5.75457e+10 -0.12767 0.110637 0.647652 0.0580956 0.576787 0.00362252 0.33436 0.00411763 0.75898 0.0024086 3.29132 0.054863 4.42432 0.113386 1478.38 876.074 1486.1 876.241 1486.1 876.241 0.244015 0.121408 
300 0.29 3394800000 44.6194 0.826875 -1243.56 7.82383 1.55385e+06 19040.2 2.4594e+12 5.75457e+10 -0.12767 0.110637 0.647652 0.0580956 0.576787 0.00362252 0.33436 0.00411763 0.75898 0.0024086 3.29132 0.054863 4.42432 0.113386 1478.38 876.074 1486.1 876.241 1486.1 876.241 0.244015 0.121408 
300 0.29 3396600000 44.6194 0.826033 -1243.56 7.82383 1.55385e+06 19040.2 2.4594e+12 5.75457e+10 -0.12767 0.110637 0.647652 0.0580956 0.576787 0.00362252 0.33436 0.00411763 0.75898 0.0024086 3.29132 0.054863 4.42432 0.113386 1478.38 876.074 1486.1 876.241 1486.1 876.241 0.244015 0.121408 
300 0.29 3398400000 44.6194 0.826033 -1243.56 7.82383 1.55385e+06 19040.2 2.4594e+12 5.75457e+10 -0.12767 0.110637 0.647652 0.0580956 0.576787 0.00362252 0.33436 0.00411763 0.75898 0.0024086 3.29132 0.054863 4.42432 0.113386 1478.38 876.074 1486.1 876.241 1486.1 876.241 0.244015 0.121408 
300 0.29 3400200000 44.6194 0.826033 -1243.56 7.82383 1.55385e+06 19040.2 2.4594e+12 5.75457e+10 -0.12767 0.110637 0.647652 0.0580956 0.576787 0.00362252 0.33436 0.00411763 0.75898 0.0024086 3.29132 0.054863 4.42432 0.113386 1478.38 876.074 1486.1 876.241 1486.1 876.241 0.244015 0.121408 
300 0.29 3402000000 44.6194 0.826033 -1243.56 7.82383 1.55385e+06 19040.2 2.4594e+12 5.75457e+10 -0.12767 0.110637 0.647652 0.0580956 0.576787 0.00362252 0.33436 0.00411763 0.75898 0.0024086 3.29132 0.054863 4.42432 0.113386 1478.38 876.074 1486.1 876.241 1486.1 876.241 0.244015 0.121408 
300 0.29 3403800000 44.6194 0.824455 -1243.56 7.82383 1.55385e+06 19040.2 2.4594e+12 5.75457e+10 -0.12767 0.110637 0.647652 0.0580956 0.576787 0.00362252 0.33436 0.00411763 0.75898 0.0024086 3.29132 0.054863 4.42432 0.113386 1478.38 876.074 1486.1 876.241 1486.1 876.241 0.244015 0.121408 
300 0.29 3405600000 44.6194 0.824455 -1243.56 7.82383 1.55385e+06 19040.2 2.4594e+12 5.75457e+10 -0.12767 0.110637 0.647652 0.0580956 0.576787 0.00362252 0.33436 0.00411763 0.75898 0.0024086 3.29132 0.054863 4.42432 0.113386 1478.38 876.074 1486.1 876.241 1486.1 876.241 0.244015 0.121408 
300 0.29 3407400000 44.6194 0.824455 -1243.56 7.82383 1.55385e+06 19040.2 2.4594e+12 5.75457e+10 -0.12767 0.110637 0.647652 0.0580956 0.576787 0.00362252 0.33436 0.00411763 0.75898 0.0024086 3.29132 0.054863 4.42432 0.113386 1478.38 876.074 1486.1 876.241 1486.1 876.241 0.244015 0.121408 
300 0.29 3409200000 44.6194 0.824455 -1243.56 7.82383 1.55385e+06 19040.2 2.4594e+12 5.75457e+10 -0.12767 0.110637 0.647652 0.0580956 0.576787 0.00362252 0.33436 0.00411763 0.75898 0.0024086 3.29132 0.054863 4.42432 0.113386 1478.38 876.074 1486.1 876.241 1486.1 876.241 0.244015 0.121408 
300 0.29 3411000000 44.6194 0.823714 -1243.56 7.82383 1.55385e+06 19040.2 2.4594e+12 5.75457e+10 -0.12767 0.110637 0.647652 0.0580956 0.576787 0.00362252 0.33436 0.00411763 0.75898 0.0024086 3.29132 0.054863 4.42432 0.113386 1478.38 876.074 1486.1 876.241 1486.1 876.241 0.244015 0.121408 
300 0.29 3412800000 44.6194 0.823714 -1243.56 7.82383 1.55385e+06 19040.2 2.4594e+12 5.75457e+10 -0.12767 0.110637 0.647652 0.0580956 0.576787 0.00362252 0.33436 0.00411763 0.75898 0.0024086 3.29132 0.054863 4.42432 0.113386 1478.38 876.074 1486.1 876.241 1486.1 876.241 0.244015 0.121408 
300 0.29 3414600000 44.6194 0.823714 -1243.56 7.82383 1.55385e+06 19040.2 2.4594e+12 5.75457e+10 -0.12767 0.110637 0.647652 0.0580956 0.576787 0.00362252 0.33436 0.00411763 0.75898 0.0024086 3.29132 0.054863 4.42432 0.113386 1478.38 876.074 1486.1 876.241 1486.1 876.241 0.244015 0.121408 
300 0.29 3416400000 44.6194 0.823714 -1243.56 7.82383 1.55385e+06 19040.2 2.4594e+12 5.75457e+10 -0.12767 0.110637 0.647652 0.0580956 0.576787 0.00362252 0.33436 0.00411763 0.75898 0.0024086 3.29132 0.054863 4.42432 0.113386 1478.38 876.074 1486.1 876.241 1486.1 876.241 0.244015 0.121408 
300 0.29 3418200000 44.6194 0.822379 -1243.56 7.82383 1.55385e+06 19040.2 2.4594e+12 5.75457e+10 -0.12767 0.110637 0.647652 0.0580956 0.576787 0.00362252 0.33436 0.00411763 0.75898 0.0024086 3.29132 0.054863 4.42432 0.113386 1478.38 876.074 1486.1 876.241 1486.1 876.241 0.244015 0.121408 
300 0.29 3420000000 44.6194 0.822379 -1243.56 7.82383 1.55385e+06 19040.2 2.4594e+12 5.75457e+10 -0.12767 0.110637 0.647652 0.0580956 0.576787 0.00362252 0.33436 0.00411763 0.75898 0.0024086 3.29132 0.054863 4.42432 0.113386 1478.38 876.074 1486.1 876.241 1486.1 876.241 0.244015 0.121408 
300 0.29 3421800000 44.6194 0.822379 -1243.56 7.82383 1.55385e+06 19040.2 2.4594e+12 5.75457e+10 -0.12767 0.110637 0.647652 0.0580956 0.576787 0.00362252 0.33436 0.00411763 0.75898 0.0024086 3.29132 0.054863 4.42432 0.113386 1478.38 876.074 1486.1 876.241 1486.1 876.241 0.244015 0.121408 
300 0.29 3423600000 44.6194 0.822379 -1243.56 7.82383 1.55385e+06 19040.2 2.4594e+12 5.75457e+10 -0.12767 0.110637 0.647652 0.0580956 0.576787 0.00362252 0.33436 0.00411763 0.75898 0.0024086 3.29132 0.054863 4.42432 0.113386 1478.38 876.074 1486.1 876.241 1486.1 876.241 0.244015 0.121408 
300 0.29 3425400000 44.6194 0.820846 -1243.56 7.82383 1.55385e+06 19040.2 2.4594e+12 5.75457e+10 -0.12767 0.110637 0.647652 0.0580956 0.576787 0.00362252 0.33436 0.00411763 0.75898 0.0024086 3.29132 0.054863 4.42432 0.113386 1478.38 876.074 1486.1 876.241 1486.1 876.241 0.244015 0.121408 
300 0.29 3427200000 44.6194 0.820846 -1243.56 7.82383 1.55385e+06 19040.2 2.4594e+12 5.75457e+10 -0.12767 0.110637 0.647652 0.0580956 0.576787 0.00362252 0.33436 0.00411763 0.75898 0.0024086 3.29132 0.054863 4.42432 0.113386 1478.38 876.074 1486.1 876.241 1486.1 876.241 0.244015 0.121408 
300 0.29 3429000000 44.6194 0.820846 -1243.56 7.82383 1.55385e+06 19040.2 2.4594e+12 5.75457e+10 -0.12767 0.110637 0.647652 0.0580956 0.576787 0.00362252 0.33436 0.00411763 0.75898 0.0024086 3.29132 0.054863 4.42432 0.113386 1478.38 876.074 1486.1 876.241 1486.1 876.241 0.244015 0.121408 
300 0.29 3430800000 44.6194 0.820846 -1243.56 7.82383 1.55385e+06 19040.2 2.4594e+12 5.75457e+10 -0.12767 0.110637 0.647652 0.0580956 0.576787 0.00362252 0.33436 0.00411763 0.75898 0.0024086 3.29132 0.054863 4.42432 0.113386 1478.38 876.074 1486.1 876.241 1486.1 876.241 0.244015 0.121408 
300 0.29 3432600000 44.6194 0.820718 -1243.56 7.82383 1.55385e+06 19040.2 2.4594e+12 5.75457e+10 -0.12767 0.110637 0.647652 0.0580956 0.576787 0.00362252 0.33436 0.00411763 0.75898 0.0024086 3.29132 0.054863 4.42432 0.113386 1478.38 876.074 1486.1 876.241 1486.1 876.241 0.244015 0.121408 
300 0.29 3434400000 44.6194 0.820718 -1243.56 7.82383 1.55385e+06 19040.2 2.4594e+12 5.75457e+10 -0.12767 0.110637 0.647652 0.0580956 0.576787 0.00362252 0.33436 0.00411763 0.75898 0.0024086 3.29132 0.054863 4.42432 0.113386 1478.38 876.074 1486.1 876.241 1486.1 876.241 0.244015 0.121408 
300 0.29 3436200000 44.6194 0.820718 -1243.56 7.82383 1.55385e+06 19040.2 2.4594e+12 5.75457e+10 -0.12767 0.110637 0.647652 0.0580956 0.576787 0.00362252 0.33436 0.00411763 0.75898 0.0024086 3.29132 0.054863 4.42432 0.113386 1478.38 876.074 1486.1 876.241 1486.1 876.241 0.244015 0.121408 
300 0.29 3438000000 44.6194 0.820718 -1243.56 7.82383 1.55385e+06 19040.2 2.4594e+12 5.75457e+10 -0.12767 0.110637 0.647652 0.0580956 0.576787 0.00362252 0.33436 0.00411763 0.75898 0.0024086 3.29132 0.054863 4.42432 0.113386 1478.38 876.074 1486.1 876.241 1486.1 876.241 0.244015 0.121408 
300 0.29 3439800000 44.6194 0.822851 -1243.56 7.82383 1.55385e+06 19040.2 2.4594e+12 5.75457e+10 -0.12767 0.110637 0.647652 0.0580956 0.576787 0.00362252 0.33436 0.00411763 0.75898 0.0024086 3.29132 0.054863 4.42432 0.113386 1478.38 876.074 1486.1 876.241 1486.1 876.241 0.244015 0.121408 
300 0.29 3441600000 44.6194 0.822851 -1243.56 7.82383 1.55385e+06 19040.2 2.4594e+12 5.75457e+10 -0.12767 0.110637 0.647652 0.0580956 0.576787 0.00362252 0.33436 0.00411763 0.75898 0.0024086 3.29132 0.054863 4.42432 0.113386 1478.38 876.074 1486.1 876.241 1486.1 876.241 0.244015 0.121408 
300 0.29 3443400000 44.6194 0.822851 -1243.56 7.82383 1.55385e+06 19040.2 2.4594e+12 5.75457e+10 -0.12767 0.110637 0.647652 0.0580956 0.576787 0.00362252 0.33436 0.00411763 0.75898 0.0024086 3.29132 0.054863 4.42432 0.113386 1478.38 876.074 1486.1 876.241 1486.1 876.241 0.244015 0.121408 
300 0.29 3445200000 44.6194 0.822851 -1243.56 7.82383 1.55385e+06 19040.2 2.4594e+12 5.75457e+10 -0.12767 0.110637 0.647652 0.0580956 0.576787 0.00362252 0.33436 0.00411763 0.75898 0.0024086 3.29132 0.054863 4.42432 0.113386 1478.38 876.074 1486.1 876.241 1486.1 876.241 0.244015 0.121408 
300 0.29 3447000000 44.6194 0.821162 -1243.56 7.82383 1.55385e+06 19040.2 2.4594e+12 5.75457e+10 -0.12767 0.110637 0.647652 0.0580956 0.576787 0.00362252 0.33436 0.00411763 0.75898 0.0024086 3.29132 0.054863 4.42432 0.113386 1478.38 876.074 1486.1 876.241 1486.1 876.241 0.244015 0.121408 
300 0.29 3448800000 44.6194 0.821162 -1243.56 7.82383 1.55385e+06 19040.2 2.4594e+12 5.75457e+10 -0.12767 0.110637 0.647652 0.0580956 0.576787 0.00362252 0.33436 0.00411763 0.75898 0.0024086 3.29132 0.054863 4.42432 0.113386 1478.38 876.074 1486.1 876.241 1486.1 876.241 0.244015 0.121408 
300 0.29 3450600000 44.6194 0.821162 -1243.56 7.82383 1.55385e+06 19040.2 2.4594e+12 5.75457e+10 -0.12767 0.110637 0.647652 0.0580956 0.576787 0.00362252 0.33436 0.00411763 0.75898 0.0024086 3.29132 0.054863 4.42432 0.113386 1478.38 876.074 1486.1 876.241 1486.1 876.241 0.244015 0.121408 
300 0.29 3452400000 44.6194 0.821162 -1243.56 7.82383 1.55385e+06 19040.2 2.4594e+12 5.75457e+10 -0.12767 0.110637 0.647652 0.0580956 0.576787 0.00362252 0.33436 0.00411763 0.75898 0.0024086 3.29132 0.054863 4.42432 0.113386 1478.38 876.074 1486.1 876.241 1486.1 876.241 0.244015 0.121408 
300 0.29 3454200000 44.6194 0.820496 -1243.56 7.82383 1.55385e+06 19040.2 2.4594e+12 5.75457e+10 -0.12767 0.110637 0.647652 0.0580956 0.576787 0.00362252 0.33436 0.00411763 0.75898 0.0024086 3.29132 0.054863 4.42432 0.113386 1478.38 876.074 1486.1 876.241 1486.1 876.241 0.244015 0.121408 
300 0.29 3456000000 44.6194 0.820496 -1243.56 7.82383 1.55385e+06 19040.2 2.4594e+12 5.75457e+10 -0.12767 0.110637 0.647652 0.0580956 0.576787 0.00362252 0.33436 0.00411763 0.75898 0.0024086 3.29132 0.054863 4.42432 0.113386 1478.38 876.074 1486.1 876.241 1486.1 876.241 0.244015 0.121408 
300 0.29 3457800000 44.6194 0.820496 -1243.56 7.82383 1.55385e+06 19040.2 2.4594e+12 5.75457e+10 -0.12767 0.110637 0.647652 0.0580956 0.576787 0.00362252 0.33436 0.00411763 0.75898 0.0024086 3.29132 0.054863 4.42432 0.113386 1478.38 876.074 1486.1 876.241 1486.1 876.241 0.244015 0.121408 
300 0.29 3459600000 44.6194 0.820496 -1243.56 7.82383 1.55385e+06 19040.2 2.4594e+12 5.75457e+10 -0.12767 0.110637 0.647652 0.0580956 0.576787 0.00362252 0.33436 0.00411763 0.75898 0.0024086 3.29132 0.054863 4.42432 0.113386 1478.38 876.074 1486.1 876.241 1486.1 876.241 0.244015 0.121408 
300 0.29 3461400000 44.6194 0.819087 -1243.56 7.82383 1.55385e+06 19040.2 2.4594e+12 5.75457e+10 -0.12767 0.110637 0.647652 0.0580956 0.576787 0.00362252 0.33436 0.00411763 0.75898 0.0024086 3.29132 0.054863 4.42432 0.113386 1478.38 876.074 1486.1 876.241 1486.1 876.241 0.244015 0.121408 
300 0.29 3463200000 44.6194 0.819087 -1243.56 7.82383 1.55385e+06 19040.2 2.4594e+12 5.75457e+10 -0.12767 0.110637 0.647652 0.0580956 0.576787 0.00362252 0.33436 0.00411763 0.75898 0.0024086 3.29132 0.054863 4.42432 0.113386 1478.38 876.074 1486.1 876.241 1486.1 876.241 0.244015 0.121408 
300 0.29 3465000000 44.6194 0.819087 -1243.56 7.82383 1.55385e+06 19040.2 2.4594e+12 5.75457e+10 -0.12767 0.110637 0.647652 0.0580956 0.576787 0.00362252 0.33436 0.00411763 0.75898 0.0024086 3.29132 0.054863 4.42432 0.113386 1478.38 876.074 1486.1 876.241 1486.1 876.241 0.244015 0.121408 
300 0.29 3466800000 44.6194 0.819087 -1243.56 7.82383 1.55385e+06 19040.2 2.4594e+12 5.75457e+10 -0.12767 0.110637 0.647652 0.0580956 0.576787 0.00362252 0.33436 0.00411763 0.75898 0.0024086 3.29132 0.054863 4.42432 0.113386 1478.38 876.074 1486.1 876.241 1486.1 876.241 0.244015 0.121408 
300 0.29 3468600000 44.6194 0.817654 -1243.56 7.82383 1.55385e+06 19040.2 2.4594e+12 5.75457e+10 -0.12767 0.110637 0.647652 0.0580956 0.576787 0.00362252 0.33436 0.00411763 0.75898 0.0024086 3.29132 0.054863 4.42432 0.113386 1478.38 876.074 1486.1 876.241 1486.1 876.241 0.244015 0.121408 
300 0.29 3470400000 44.6194 0.817654 -1243.56 7.82383 1.55385e+06 19040.2 2.4594e+12 5.75457e+10 -0.12767 0.110637 0.647652 0.0580956 0.576787 0.00362252 0.33436 0.00411763 0.75898 0.0024086 3.29132 0.054863 4.42432 0.113386 1478.38 876.074 1486.1 876.241 1486.1 876.241 0.244015 0.121408 
300 0.29 3472200000 44.6194 0.817654 -1243.56 7.82383 1.55385e+06 19040.2 2.4594e+12 5.75457e+10 -0.12767 0.110637 0.647652 0.0580956 0.576787 0.00362252 0.33436 0.00411763 0.75898 0.0024086 3.29132 0.054863 4.42432 0.113386 1478.38 876.074 1486.1 876.241 1486.1 876.241 0.244015 0.121408 
300 0.29 3474000000 44.6194 0.817654 -1243.56 7.82383 1.55385e+06 19040.2 2.4594e+12 5.75457e+10 -0.12767 0.110637 0.647652 0.0580956 0.576787 0.00362252 0.33436 0.00411763 0.75898 0.0024086 3.29132 0.054863 4.42432 0.113386 1478.38 876.074 1486.1 876.241 1486.1 876.241 0.244015 0.121408 
300 0.29 3475800000 44.6194 0.816103 -1243.56 7.82383 1.55385e+06 19040.2 2.4594e+12 5.75457e+10 -0.12767 0.110637 0.647652 0.0580956 0.576787 0.00362252 0.33436 0.00411763 0.75898 0.0024086 3.29132 0.054863 4.42432 0.113386 1478.38 876.074 1486.1 876.241 1486.1 876.241 0.244015 0.121408 
300 0.29 3477600000 44.6194 0.816103 -1243.56 7.82383 1.55385e+06 19040.2 2.4594e+12 5.75457e+10 -0.12767 0.110637 0.647652 0.0580956 0.576787 0.00362252 0.33436 0.00411763 0.75898 0.0024086 3.29132 0.054863 4.42432 0.113386 1478.38 876.074 1486.1 876.241 1486.1 876.241 0.244015 0.121408 
300 0.29 3479400000 44.6194 0.816103 -1243.56 7.82383 1.55385e+06 19040.2 2.4594e+12 5.75457e+10 -0.12767 0.110637 0.647652 0.0580956 0.576787 0.00362252 0.33436 0.00411763 0.75898 0.0024086 3.29132 0.054863 4.42432 0.113386 1478.38 876.074 1486.1 876.241 1486.1 876.241 0.244015 0.121408 
300 0.29 3481200000 44.6194 0.816103 -1243.56 7.82383 1.55385e+06 19040.2 2.4594e+12 5.75457e+10 -0.12767 0.110637 0.647652 0.0580956 0.576787 0.00362252 0.33436 0.00411763 0.75898 0.0024086 3.29132 0.054863 4.42432 0.113386 1478.38 876.074 1486.1 876.241 1486.1 876.241 0.244015 0.121408 
300 0.29 3483000000 44.6194 0.814407 -1243.56 7.82383 1.55385e+06 19040.2 2.4594e+12 5.75457e+10 -0.12767 0.110637 0.647652 0.0580956 0.576787 0.00362252 0.33436 0.00411763 0.75898 0.0024086 3.29132 0.054863 4.42432 0.113386 1478.38 876.074 1486.1 876.241 1486.1 876.241 0.244015 0.121408 
300 0.29 3484800000 44.6194 0.814407 -1243.56 7.82383 1.55385e+06 19040.2 2.4594e+12 5.75457e+10 -0.12767 0.110637 0.647652 0.0580956 0.576787 0.00362252 0.33436 0.00411763 0.75898 0.0024086 3.29132 0.054863 4.42432 0.113386 1478.38 876.074 1486.1 876.241 1486.1 876.241 0.244015 0.121408 
300 0.29 3486600000 44.6194 0.814407 -1243.56 7.82383 1.55385e+06 19040.2 2.4594e+12 5.75457e+10 -0.12767 0.110637 0.647652 0.0580956 0.576787 0.00362252 0.33436 0.00411763 0.75898 0.0024086 3.29132 0.054863 4.42432 0.113386 1478.38 876.074 1486.1 876.241 1486.1 876.241 0.244015 0.121408 
300 0.29 3488400000 44.6194 0.814407 -1243.56 7.82383 1.55385e+06 19040.2 2.4594e+12 5.75457e+10 -0.12767 0.110637 0.647652 0.0580956 0.576787 0.00362252 0.33436 0.00411763 0.75898 0.0024086 3.29132 0.054863 4.42432 0.113386 1478.38 876.074 1486.1 876.241 1486.1 876.241 0.244015 0.121408 
300 0.29 3490200000 44.7656 0.812966 -1244.26 7.82383 1.55563e+06 19040.2 2.46527e+12 5.75457e+10 -0.123138 0.110637 0.654912 0.0580956 0.577244 0.00362252 0.334901 0.00411763 0.759277 0.0024086 3.28852 0.054863 4.41614 0.113386 1380.21 876.074 1387.92 876.241 1387.92 876.241 0.229939 0.121408 
300 0.29 3492000000 44.7656 0.812966 -1244.26 7.82383 1.55563e+06 19040.2 2.46527e+12 5.75457e+10 -0.123138 0.110637 0.654912 0.0580956 0.577244 0.00362252 0.334901 0.00411763 0.759277 0.0024086 3.28852 0.054863 4.41614 0.113386 1380.21 876.074 1387.92 876.241 1387.92 876.241 0.229939 0.121408 
300 0.29 3493800000 44.7656 0.812966 -1244.26 7.82383 1.55563e+06 19040.2 2.46527e+12 5.75457e+10 -0.123138 0.110637 0.654912 0.0580956 0.577244 0.00362252 0.334901 0.00411763 0.759277 0.0024086 3.28852 0.054863 4.41614 0.113386 1380.21 876.074 1387.92 876.241 1387.92 876.241 0.229939 0.121408 
300 0.29 3495600000 44.7656 0.812966 -1244.26 7.82383 1.55563e+06 19040.2 2.46527e+12 5.75457e+10 -0.123138 0.110637 0.654912 0.0580956 0.577244 0.00362252 0.334901 0.00411763 0.759277 0.0024086 3.28852 0.054863 4.41614 0.113386 1380.21 876.074 1387.92 876.241 1387.92 876.241 0.229939 0.121408 
300 0.29 3497400000 44.7656 0.813107 -1244.26 7.82383 1.55563e+06 19040.2 2.46527e+12 5.75457e+10 -0.123138 0.110637 0.654912 0.0580956 0.577244 0.00362252 0.334901 0.00411763 0.759277 0.0024086 3.28852 0.054863 4.41614 0.113386 1380.21 876.074 1387.92 876.241 1387.92 876.241 0.229939 0.121408 
300 0.29 3499200000 44.7656 0.813107 -1244.26 7.82383 1.55563e+06 19040.2 2.46527e+12 5.75457e+10 -0.123138 0.110637 0.654912 0.0580956 0.577244 0.00362252 0.334901 0.00411763 0.759277 0.0024086 3.28852 0.054863 4.41614 0.113386 1380.21 876.074 1387.92 876.241 1387.92 876.241 0.229939 0.121408 
300 0.29 3501000000 44.7656 0.813107 -1244.26 7.82383 1.55563e+06 19040.2 2.46527e+12 5.75457e+10 -0.123138 0.110637 0.654912 0.0580956 0.577244 0.00362252 0.334901 0.00411763 0.759277 0.0024086 3.28852 0.054863 4.41614 0.113386 1380.21 876.074 1387.92 876.241 1387.92 876.241 0.229939 0.121408 
300 0.29 3502800000 44.7656 0.813107 -1244.26 7.82383 1.55563e+06 19040.2 2.46527e+12 5.75457e+10 -0.123138 0.110637 0.654912 0.0580956 0.577244 0.00362252 0.334901 0.00411763 0.759277 0.0024086 3.28852 0.054863 4.41614 0.113386 1380.21 876.074 1387.92 876.241 1387.92 876.241 0.229939 0.121408 
300 0.29 3504600000 44.7656 0.811815 -1244.26 7.82383 1.55563e+06 19040.2 2.46527e+12 5.75457e+10 -0.123138 0.110637 0.654912 0.0580956 0.577244 0.00362252 0.334901 0.00411763 0.759277 0.0024086 3.28852 0.054863 4.41614 0.113386 1380.21 876.074 1387.92 876.241 1387.92 876.241 0.229939 0.121408 
300 0.29 3506400000 44.7656 0.811815 -1244.26 7.82383 1.55563e+06 19040.2 2.46527e+12 5.75457e+10 -0.123138 0.110637 0.654912 0.0580956 0.577244 0.00362252 0.334901 0.00411763 0.759277 0.0024086 3.28852 0.054863 4.41614 0.113386 1380.21 876.074 1387.92 876.241 1387.92 876.241 0.229939 0.121408 
300 0.29 3508200000 44.7656 0.811815 -1244.26 7.82383 1.55563e+06 19040.2 2.46527e+12 5.75457e+10 -0.123138 0.110637 0.654912 0.0580956 0.577244 0.00362252 0.334901 0.00411763 0.759277 0.0024086 3.28852 0.054863 4.41614 0.113386 1380.21 876.074 1387.92 876.241 1387.92 876.241 0.229939 0.121408 
300 0.29 3510000000 44.7656 0.811815 -1244.26 7.82383 1.55563e+06 19040.2 2.46527e+12 5.75457e+10 -0.123138 0.110637 0.654912 0.0580956 0.577244 0.00362252 0.334901 0.00411763 0.759277 0.0024086 3.28852 0.054863 4.41614 0.113386 1380.21 876.074 1387.92 876.241 1387.92 876.241 0.229939 0.121408 
300 0.29 3511800000 44.7656 0.810134 -1244.26 7.82383 1.55563e+06 19040.2 2.46527e+12 5.75457e+10 -0.123138 0.110637 0.654912 0.0580956 0.577244 0.00362252 0.334901 0.00411763 0.759277 0.0024086 3.28852 0.054863 4.41614 0.113386 1380.21 876.074 1387.92 876.241 1387.92 876.241 0.229939 0.121408 
300 0.29 3513600000 44.7656 0.810134 -1244.26 7.82383 1.55563e+06 19040.2 2.46527e+12 5.75457e+10 -0.123138 0.110637 0.654912 0.0580956 0.577244 0.00362252 0.334901 0.00411763 0.759277 0.0024086 3.28852 0.054863 4.41614 0.113386 1380.21 876.074 1387.92 876.241 1387.92 876.241 0.229939 0.121408 
300 0.29 3515400000 44.7656 0.810134 -1244.26 7.82383 1.55563e+06 19040.2 2.46527e+12 5.75457e+10 -0.123138 0.110637 0.654912 0.0580956 0.577244 0.00362252 0.334901 0.00411763 0.759277 0.0024086 3.28852 0.054863 4.41614 0.113386 1380.21 876.074 1387.92 876.241 1387.92 876.241 0.229939 0.121408 
300 0.29 3517200000 44.7656 0.810134 -1244.26 7.82383 1.55563e+06 19040.2 2.46527e+12 5.75457e+10 -0.123138 0.110637 0.654912 0.0580956 0.577244 0.00362252 0.334901 0.00411763 0.759277 0.0024086 3.28852 0.054863 4.41614 0.113386 1380.21 876.074 1387.92 876.241 1387.92 876.241 0.229939 0.121408 
300 0.29 3519000000 44.7656 0.808769 -1244.26 7.82383 1.55563e+06 19040.2 2.46527e+12 5.75457e+10 -0.123138 0.110637 0.654912 0.0580956 0.577244 0.00362252 0.334901 0.00411763 0.759277 0.0024086 3.28852 0.054863 4.41614 0.113386 1380.21 876.074 1387.92 876.241 1387.92 876.241 0.229939 0.121408 
300 0.29 3520800000 44.7656 0.808769 -1244.26 7.82383 1.55563e+06 19040.2 2.46527e+12 5.75457e+10 -0.123138 0.110637 0.654912 0.0580956 0.577244 0.00362252 0.334901 0.00411763 0.759277 0.0024086 3.28852 0.054863 4.41614 0.113386 1380.21 876.074 1387.92 876.241 1387.92 876.241 0.229939 0.121408 
300 0.29 3522600000 44.7656 0.808769 -1244.26 7.82383 1.55563e+06 19040.2 2.46527e+12 5.75457e+10 -0.123138 0.110637 0.654912 0.0580956 0.577244 0.00362252 0.334901 0.00411763 0.759277 0.0024086 3.28852 0.054863 4.41614 0.113386 1380.21 876.074 1387.92 876.241 1387.92 876.241 0.229939 0.121408 
300 0.29 3524400000 44.7656 0.808769 -1244.26 7.82383 1.55563e+06 19040.2 2.46527e+12 5.75457e+10 -0.123138 0.110637 0.654912 0.0580956 0.577244 0.00362252 0.334901 0.00411763 0.759277 0.0024086 3.28852 0.054863 4.41614 0.113386 1380.21 876.074 1387.92 876.241 1387.92 876.241 0.229939 0.121408 
300 0.29 3526200000 44.7656 0.807887 -1244.26 7.82383 1.55563e+06 19040.2 2.46527e+12 5.75457e+10 -0.123138 0.110637 0.654912 0.0580956 0.577244 0.00362252 0.334901 0.00411763 0.759277 0.0024086 3.28852 0.054863 4.41614 0.113386 1380.21 876.074 1387.92 876.241 1387.92 876.241 0.229939 0.121408 
300 0.29 3528000000 44.7656 0.807887 -1244.26 7.82383 1.55563e+06 19040.2 2.46527e+12 5.75457e+10 -0.123138 0.110637 0.654912 0.0580956 0.577244 0.00362252 0.334901 0.00411763 0.759277 0.0024086 3.28852 0.054863 4.41614 0.113386 1380.21 876.074 1387.92 876.241 1387.92 876.241 0.229939 0.121408 
300 0.29 3529800000 44.7656 0.807887 -1244.26 7.82383 1.55563e+06 19040.2 2.46527e+12 5.75457e+10 -0.123138 0.110637 0.654912 0.0580956 0.577244 0.00362252 0.334901 0.00411763 0.759277 0.0024086 3.28852 0.054863 4.41614 0.113386 1380.21 876.074 1387.92 876.241 1387.92 876.241 0.229939 0.121408 
300 0.29 3531600000 44.7656 0.807887 -1244.26 7.82383 1.55563e+06 19040.2 2.46527e+12 5.75457e+10 -0.123138 0.110637 0.654912 0.0580956 0.577244 0.00362252 0.334901 0.00411763 0.759277 0.0024086 3.28852 0.054863 4.41614 0.113386 1380.21 876.074 1387.92 876.241 1387.92 876.241 0.229939 0.121408 
300 0.29 3533400000 44.7656 0.817991 -1244.26 7.82383 1.55563e+06 19040.2 2.46527e+12 5.75457e+10 -0.123138 0.110637 0.654912 0.0580956 0.577244 0.00362252 0.334901 0.00411763 0.759277 0.0024086 3.28852 0.054863 4.41614 0.113386 1380.21 876.074 1387.92 876.241 1387.92 876.241 0.229939 0.121408 
300 0.29 3535200000 44.7656 0.817991 -1244.26 7.82383 1.55563e+06 19040.2 2.46527e+12 5.75457e+10 -0.123138 0.110637 0.654912 0.0580956 0.577244 0.00362252 0.334901 0.00411763 0.759277 0.0024086 3.28852 0.054863 4.41614 0.113386 1380.21 876.074 1387.92 876.241 1387.92 876.241 0.229939 0.121408 
300 0.29 3537000000 44.7656 0.817991 -1244.26 7.82383 1.55563e+06 19040.2 2.46527e+12 5.75457e+10 -0.123138 0.110637 0.654912 0.0580956 0.577244 0.00362252 0.334901 0.00411763 0.759277 0.0024086 3.28852 0.054863 4.41614 0.113386 1380.21 876.074 1387.92 876.241 1387.92 876.241 0.229939 0.121408 
300 0.29 3538800000 44.7656 0.817991 -1244.26 7.82383 1.55563e+06 19040.2 2.46527e+12 5.75457e+10 -0.123138 0.110637 0.654912 0.0580956 0.577244 0.00362252 0.334901 0.00411763 0.759277 0.0024086 3.28852 0.054863 4.41614 0.113386 1380.21 876.074 1387.92 876.241 1387.92 876.241 0.229939 0.121408 
300 0.29 3540600000 44.7656 0.816659 -1244.26 7.82383 1.55563e+06 19040.2 2.46527e+12 5.75457e+10 -0.123138 0.110637 0.654912 0.0580956 0.577244 0.00362252 0.334901 0.00411763 0.759277 0.0024086 3.28852 0.054863 4.41614 0.113386 1380.21 876.074 1387.92 876.241 1387.92 876.241 0.229939 0.121408 
300 0.29 3542400000 44.7656 0.816659 -1244.26 7.82383 1.55563e+06 19040.2 2.46527e+12 5.75457e+10 -0.123138 0.110637 0.654912 0.0580956 0.577244 0.00362252 0.334901 0.00411763 0.759277 0.0024086 3.28852 0.054863 4.41614 0.113386 1380.21 876.074 1387.92 876.241 1387.92 876.241 0.229939 0.121408 
300 0.29 3544200000 44.7656 0.816659 -1244.26 7.82383 1.55563e+06 19040.2 2.46527e+12 5.75457e+10 -0.123138 0.110637 0.654912 0.0580956 0.577244 0.00362252 0.334901 0.00411763 0.759277 0.0024086 3.28852 0.054863 4.41614 0.113386 1380.21 876.074 1387.92 876.241 1387.92 876.241 0.229939 0.121408 
300 0.29 3546000000 44.7656 0.816659 -1244.26 7.82383 1.55563e+06 19040.2 2.46527e+12 5.75457e+10 -0.123138 0.110637 0.654912 0.0580956 0.577244 0.00362252 0.334901 0.00411763 0.759277 0.0024086 3.28852 0.054863 4.41614 0.113386 1380.21 876.074 1387.92 876.241 1387.92 876.241 0.229939 0.121408 
300 0.29 3547800000 44.7656 0.814995 -1244.26 7.82383 1.55563e+06 19040.2 2.46527e+12 5.75457e+10 -0.123138 0.110637 0.654912 0.0580956 0.577244 0.00362252 0.334901 0.00411763 0.759277 0.0024086 3.28852 0.054863 4.41614 0.113386 1380.21 876.074 1387.92 876.241 1387.92 876.241 0.229939 0.121408 
300 0.29 3549600000 44.7656 0.814995 -1244.26 7.82383 1.55563e+06 19040.2 2.46527e+12 5.75457e+10 -0.123138 0.110637 0.654912 0.0580956 0.577244 0.00362252 0.334901 0.00411763 0.759277 0.0024086 3.28852 0.054863 4.41614 0.113386 1380.21 876.074 1387.92 876.241 1387.92 876.241 0.229939 0.121408 
300 0.29 3551400000 44.7656 0.814995 -1244.26 7.82383 1.55563e+06 19040.2 2.46527e+12 5.75457e+10 -0.123138 0.110637 0.654912 0.0580956 0.577244 0.00362252 0.334901 0.00411763 0.759277 0.0024086 3.28852 0.054863 4.41614 0.113386 1380.21 876.074 1387.92 876.241 1387.92 876.241 0.229939 0.121408 
300 0.29 3553200000 44.7656 0.814995 -1244.26 7.82383 1.55563e+06 19040.2 2.46527e+12 5.75457e+10 -0.123138 0.110637 0.654912 0.0580956 0.577244 0.00362252 0.334901 0.00411763 0.759277 0.0024086 3.28852 0.054863 4.41614 0.113386 1380.21 876.074 1387.92 876.241 1387.92 876.241 0.229939 0.121408 
300 0.29 3555000000 44.7656 0.813554 -1244.26 7.82383 1.55563e+06 19040.2 2.46527e+12 5.75457e+10 -0.123138 0.110637 0.654912 0.0580956 0.577244 0.00362252 0.334901 0.00411763 0.759277 0.0024086 3.28852 0.054863 4.41614 0.113386 1380.21 876.074 1387.92 876.241 1387.92 876.241 0.229939 0.121408 
300 0.29 3556800000 44.7656 0.813554 -1244.26 7.82383 1.55563e+06 19040.2 2.46527e+12 5.75457e+10 -0.123138 0.110637 0.654912 0.0580956 0.577244 0.00362252 0.334901 0.00411763 0.759277 0.0024086 3.28852 0.054863 4.41614 0.113386 1380.21 876.074 1387.92 876.241 1387.92 876.241 0.229939 0.121408 
300 0.29 3558600000 44.7656 0.813554 -1244.26 7.82383 1.55563e+06 19040.2 2.46527e+12 5.75457e+10 -0.123138 0.110637 0.654912 0.0580956 0.577244 0.00362252 0.334901 0.00411763 0.759277 0.0024086 3.28852 0.054863 4.41614 0.113386 1380.21 876.074 1387.92 876.241 1387.92 876.241 0.229939 0.121408 
300 0.29 3560400000 44.7656 0.813554 -1244.26 7.82383 1.55563e+06 19040.2 2.46527e+12 5.75457e+10 -0.123138 0.110637 0.654912 0.0580956 0.577244 0.00362252 0.334901 0.00411763 0.759277 0.0024086 3.28852 0.054863 4.41614 0.113386 1380.21 876.074 1387.92 876.241 1387.92 876.241 0.229939 0.121408 
300 0.29 3562200000 44.7656 0.811954 -1244.26 7.82383 1.55563e+06 19040.2 2.46527e+12 5.75457e+10 -0.123138 0.110637 0.654912 0.0580956 0.577244 0.00362252 0.334901 0.00411763 0.759277 0.0024086 3.28852 0.054863 4.41614 0.113386 1380.21 876.074 1387.92 876.241 1387.92 876.241 0.229939 0.121408 
300 0.29 3564000000 44.7656 0.811954 -1244.26 7.82383 1.55563e+06 19040.2 2.46527e+12 5.75457e+10 -0.123138 0.110637 0.654912 0.0580956 0.577244 0.00362252 0.334901 0.00411763 0.759277 0.0024086 3.28852 0.054863 4.41614 0.113386 1380.21 876.074 1387.92 876.241 1387.92 876.241 0.229939 0.121408 
300 0.29 3565800000 44.7656 0.811954 -1244.26 7.82383 1.55563e+06 19040.2 2.46527e+12 5.75457e+10 -0.123138 0.110637 0.654912 0.0580956 0.577244 0.00362252 0.334901 0.00411763 0.759277 0.0024086 3.28852 0.054863 4.41614 0.113386 1380.21 876.074 1387.92 876.241 1387.92 876.241 0.229939 0.121408 
300 0.29 3567600000 44.7656 0.811954 -1244.26 7.82383 1.55563e+06 19040.2 2.46527e+12 5.75457e+10 -0.123138 0.110637 0.654912 0.0580956 0.577244 0.00362252 0.334901 0.00411763 0.759277 0.0024086 3.28852 0.054863 4.41614 0.113386 1380.21 876.074 1387.92 876.241 1387.92 876.241 0.229939 0.121408 
300 0.29 3569400000 44.7656 0.811259 -1244.26 7.82383 1.55563e+06 19040.2 2.46527e+12 5.75457e+10 -0.123138 0.110637 0.654912 0.0580956 0.577244 0.00362252 0.334901 0.00411763 0.759277 0.0024086 3.28852 0.054863 4.41614 0.113386 1380.21 876.074 1387.92 876.241 1387.92 876.241 0.229939 0.121408 
300 0.29 3571200000 44.7656 0.811259 -1244.26 7.82383 1.55563e+06 19040.2 2.46527e+12 5.75457e+10 -0.123138 0.110637 0.654912 0.0580956 0.577244 0.00362252 0.334901 0.00411763 0.759277 0.0024086 3.28852 0.054863 4.41614 0.113386 1380.21 876.074 1387.92 876.241 1387.92 876.241 0.229939 0.121408 
300 0.29 3573000000 44.7656 0.811259 -1244.26 7.82383 1.55563e+06 19040.2 2.46527e+12 5.75457e+10 -0.123138 0.110637 0.654912 0.0580956 0.577244 0.00362252 0.334901 0.00411763 0.759277 0.0024086 3.28852 0.054863 4.41614 0.113386 1380.21 876.074 1387.92 876.241 1387.92 876.241 0.229939 0.121408 
300 0.29 3574800000 44.7656 0.811259 -1244.26 7.82383 1.55563e+06 19040.2 2.46527e+12 5.75457e+10 -0.123138 0.110637 0.654912 0.0580956 0.577244 0.00362252 0.334901 0.00411763 0.759277 0.0024086 3.28852 0.054863 4.41614 0.113386 1380.21 876.074 1387.92 876.241 1387.92 876.241 0.229939 0.121408 
300 0.29 3576600000 44.7656 0.809631 -1244.26 7.82383 1.55563e+06 19040.2 2.46527e+12 5.75457e+10 -0.123138 0.110637 0.654912 0.0580956 0.577244 0.00362252 0.334901 0.00411763 0.759277 0.0024086 3.28852 0.054863 4.41614 0.113386 1380.21 876.074 1387.92 876.241 1387.92 876.241 0.229939 0.121408 
300 0.29 3578400000 44.7656 0.809631 -1244.26 7.82383 1.55563e+06 19040.2 2.46527e+12 5.75457e+10 -0.123138 0.110637 0.654912 0.0580956 0.577244 0.00362252 0.334901 0.00411763 0.759277 0.0024086 3.28852 0.054863 4.41614 0.113386 1380.21 876.074 1387.92 876.241 1387.92 876.241 0.229939 0.121408 
300 0.29 3580200000 44.7656 0.809631 -1244.26 7.82383 1.55563e+06 19040.2 2.46527e+12 5.75457e+10 -0.123138 0.110637 0.654912 0.0580956 0.577244 0.00362252 0.334901 0.00411763 0.759277 0.0024086 3.28852 0.054863 4.41614 0.113386 1380.21 876.074 1387.92 876.241 1387.92 876.241 0.229939 0.121408 
300 0.29 3582000000 44.7656 0.809631 -1244.26 7.82383 1.55563e+06 19040.2 2.46527e+12 5.75457e+10 -0.123138 0.110637 0.654912 0.0580956 0.577244 0.00362252 0.334901 0.00411763 0.759277 0.0024086 3.28852 0.054863 4.41614 0.113386 1380.21 876.074 1387.92 876.241 1387.92 876.241 0.229939 0.121408 
300 0.29 3583800000 44.7656 0.808987 -1244.26 7.82383 1.55563e+06 19040.2 2.46527e+12 5.75457e+10 -0.123138 0.110637 0.654912 0.0580956 0.577244 0.00362252 0.334901 0.00411763 0.759277 0.0024086 3.28852 0.054863 4.41614 0.113386 1380.21 876.074 1387.92 876.241 1387.92 876.241 0.229939 0.121408 
300 0.29 3585600000 44.7656 0.808987 -1244.26 7.82383 1.55563e+06 19040.2 2.46527e+12 5.75457e+10 -0.123138 0.110637 0.654912 0.0580956 0.577244 0.00362252 0.334901 0.00411763 0.759277 0.0024086 3.28852 0.054863 4.41614 0.113386 1380.21 876.074 1387.92 876.241 1387.92 876.241 0.229939 0.121408 
300 0.29 3587400000 44.7656 0.808987 -1244.26 7.82383 1.55563e+06 19040.2 2.46527e+12 5.75457e+10 -0.123138 0.110637 0.654912 0.0580956 0.577244 0.00362252 0.334901 0.00411763 0.759277 0.0024086 3.28852 0.054863 4.41614 0.113386 1380.21 876.074 1387.92 876.241 1387.92 876.241 0.229939 0.121408 
300 0.29 3589200000 44.7656 0.808987 -1244.26 7.82383 1.55563e+06 19040.2 2.46527e+12 5.75457e+10 -0.123138 0.110637 0.654912 0.0580956 0.577244 0.00362252 0.334901 0.00411763 0.759277 0.0024086 3.28852 0.054863 4.41614 0.113386 1380.21 876.074 1387.92 876.241 1387.92 876.241 0.229939 0.121408 
300 0.29 3591000000 44.7656 0.809806 -1244.26 7.82383 1.55563e+06 19040.2 2.46527e+12 5.75457e+10 -0.123138 0.110637 0.654912 0.0580956 0.577244 0.00362252 0.334901 0.00411763 0.759277 0.0024086 3.28852 0.054863 4.41614 0.113386 1380.21 876.074 1387.92 876.241 1387.92 876.241 0.229939 0.121408 
300 0.29 3592800000 44.7656 0.809806 -1244.26 7.82383 1.55563e+06 19040.2 2.46527e+12 5.75457e+10 -0.123138 0.110637 0.654912 0.0580956 0.577244 0.00362252 0.334901 0.00411763 0.759277 0.0024086 3.28852 0.054863 4.41614 0.113386 1380.21 876.074 1387.92 876.241 1387.92 876.241 0.229939 0.121408 
300 0.29 3594600000 44.7656 0.809806 -1244.26 7.82383 1.55563e+06 19040.2 2.46527e+12 5.75457e+10 -0.123138 0.110637 0.654912 0.0580956 0.577244 0.00362252 0.334901 0.00411763 0.759277 0.0024086 3.28852 0.054863 4.41614 0.113386 1380.21 876.074 1387.92 876.241 1387.92 876.241 0.229939 0.121408 
300 0.29 3596400000 44.7656 0.809806 -1244.26 7.82383 1.55563e+06 19040.2 2.46527e+12 5.75457e+10 -0.123138 0.110637 0.654912 0.0580956 0.577244 0.00362252 0.334901 0.00411763 0.759277 0.0024086 3.28852 0.054863 4.41614 0.113386 1380.21 876.074 1387.92 876.241 1387.92 876.241 0.229939 0.121408 
300 0.29 3598200000 44.7656 0.809806 -1244.26 7.82383 1.55563e+06 19040.2 2.46527e+12 5.75457e+10 -0.123138 0.110637 0.654912 0.0580956 0.577244 0.00362252 0.334901 0.00411763 0.759277 0.0024086 3.28852 0.054863 4.41614 0.113386 1380.21 876.074 1387.92 876.241 1387.92 876.241 0.229939 0.121408 
300 0.29 3600000000 44.7656 0.809806 -1244.26 7.82383 1.55563e+06 19040.2 2.46527e+12 5.75457e+10 -0.123138 0.110637 0.654912 0.0580956 0.577244 0.00362252 0.334901 0.00411763 0.759277 0.0024086 3.28852 0.054863 4.41614 0.113386 1380.21 876.074 1387.92 876.241 1387.92 876.241 0.229939 0.121408 
300 0.29 3601800000 44.7656 0.809806 -1244.26 7.82383 1.55563e+06 19040.2 2.46527e+12 5.75457e+10 -0.123138 0.110637 0.654912 0.0580956 0.577244 0.00362252 0.334901 0.00411763 0.759277 0.0024086 3.28852 0.054863 4.41614 0.113386 1380.21 876.074 1387.92 876.241 1387.92 876.241 0.229939 0.121408 
300 0.29 3603600000 44.7656 0.809806 -1244.26 7.82383 1.55563e+06 19040.2 2.46527e+12 5.75457e+10 -0.123138 0.110637 0.654912 0.0580956 0.577244 0.00362252 0.334901 0.00411763 0.759277 0.0024086 3.28852 0.054863 4.41614 0.113386 1380.21 876.074 1387.92 876.241 1387.92 876.241 0.229939 0.121408 
300 0.29 3605400000 44.7656 0.81075 -1244.26 7.82383 1.55563e+06 19040.2 2.46527e+12 5.75457e+10 -0.123138 0.110637 0.654912 0.0580956 0.577244 0.00362252 0.334901 0.00411763 0.759277 0.0024086 3.28852 0.054863 4.41614 0.113386 1380.21 876.074 1387.92 876.241 1387.92 876.241 0.229939 0.121408 
300 0.29 3607200000 44.7656 0.81075 -1244.26 7.82383 1.55563e+06 19040.2 2.46527e+12 5.75457e+10 -0.123138 0.110637 0.654912 0.0580956 0.577244 0.00362252 0.334901 0.00411763 0.759277 0.0024086 3.28852 0.054863 4.41614 0.113386 1380.21 876.074 1387.92 876.241 1387.92 876.241 0.229939 0.121408 
300 0.29 3609000000 44.7656 0.81075 -1244.26 7.82383 1.55563e+06 19040.2 2.46527e+12 5.75457e+10 -0.123138 0.110637 0.654912 0.0580956 0.577244 0.00362252 0.334901 0.00411763 0.759277 0.0024086 3.28852 0.054863 4.41614 0.113386 1380.21 876.074 1387.92 876.241 1387.92 876.241 0.229939 0.121408 
300 0.29 3610800000 44.7656 0.81075 -1244.26 7.82383 1.55563e+06 19040.2 2.46527e+12 5.75457e+10 -0.123138 0.110637 0.654912 0.0580956 0.577244 0.00362252 0.334901 0.00411763 0.759277 0.0024086 3.28852 0.054863 4.41614 0.113386 1380.21 876.074 1387.92 876.241 1387.92 876.241 0.229939 0.121408 
300 0.29 3612600000 44.7656 0.81075 -1244.26 7.82383 1.55563e+06 19040.2 2.46527e+12 5.75457e+10 -0.123138 0.110637 0.654912 0.0580956 0.577244 0.00362252 0.334901 0.00411763 0.759277 0.0024086 3.28852 0.054863 4.41614 0.113386 1380.21 876.074 1387.92 876.241 1387.92 876.241 0.229939 0.121408 
300 0.29 3614400000 44.7656 0.81075 -1244.26 7.82383 1.55563e+06 19040.2 2.46527e+12 5.75457e+10 -0.123138 0.110637 0.654912 0.0580956 0.577244 0.00362252 0.334901 0.00411763 0.759277 0.0024086 3.28852 0.054863 4.41614 0.113386 1380.21 876.074 1387.92 876.241 1387.92 876.241 0.229939 0.121408 
300 0.29 3616200000 44.7656 0.81075 -1244.26 7.82383 1.55563e+06 19040.2 2.46527e+12 5.75457e+10 -0.123138 0.110637 0.654912 0.0580956 0.577244 0.00362252 0.334901 0.00411763 0.759277 0.0024086 3.28852 0.054863 4.41614 0.113386 1380.21 876.074 1387.92 876.241 1387.92 876.241 0.229939 0.121408 
300 0.29 3618000000 44.7656 0.81075 -1244.26 7.82383 1.55563e+06 19040.2 2.46527e+12 5.75457e+10 -0.123138 0.110637 0.654912 0.0580956 0.577244 0.00362252 0.334901 0.00411763 0.759277 0.0024086 3.28852 0.054863 4.41614 0.113386 1380.21 876.074 1387.92 876.241 1387.92 876.241 0.229939 0.121408 
300 0.29 3619800000 44.7656 0.808714 -1244.26 7.82383 1.55563e+06 19040.2 2.46527e+12 5.75457e+10 -0.123138 0.110637 0.654912 0.0580956 0.577244 0.00362252 0.334901 0.00411763 0.759277 0.0024086 3.28852 0.054863 4.41614 0.113386 1380.21 876.074 1387.92 876.241 1387.92 876.241 0.229939 0.121408 
300 0.29 3621600000 44.7656 0.808714 -1244.26 7.82383 1.55563e+06 19040.2 2.46527e+12 5.75457e+10 -0.123138 0.110637 0.654912 0.0580956 0.577244 0.00362252 0.334901 0.00411763 0.759277 0.0024086 3.28852 0.054863 4.41614 0.113386 1380.21 876.074 1387.92 876.241 1387.92 876.241 0.229939 0.121408 
300 0.29 3623400000 44.7656 0.808714 -1244.26 7.82383 1.55563e+06 19040.2 2.46527e+12 5.75457e+10 -0.123138 0.110637 0.654912 0.0580956 0.577244 0.00362252 0.334901 0.00411763 0.759277 0.0024086 3.28852 0.054863 4.41614 0.113386 1380.21 876.074 1387.92 876.241 1387.92 876.241 0.229939 0.121408 
300 0.29 3625200000 44.7656 0.808714 -1244.26 7.82383 1.55563e+06 19040.2 2.46527e+12 5.75457e+10 -0.123138 0.110637 0.654912 0.0580956 0.577244 0.00362252 0.334901 0.00411763 0.759277 0.0024086 3.28852 0.054863 4.41614 0.113386 1380.21 876.074 1387.92 876.241 1387.92 876.241 0.229939 0.121408 
300 0.29 3627000000 44.7656 0.808714 -1244.26 7.82383 1.55563e+06 19040.2 2.46527e+12 5.75457e+10 -0.123138 0.110637 0.654912 0.0580956 0.577244 0.00362252 0.334901 0.00411763 0.759277 0.0024086 3.28852 0.054863 4.41614 0.113386 1380.21 876.074 1387.92 876.241 1387.92 876.241 0.229939 0.121408 
300 0.29 3628800000 44.7656 0.808714 -1244.26 7.82383 1.55563e+06 19040.2 2.46527e+12 5.75457e+10 -0.123138 0.110637 0.654912 0.0580956 0.577244 0.00362252 0.334901 0.00411763 0.759277 0.0024086 3.28852 0.054863 4.41614 0.113386 1380.21 876.074 1387.92 876.241 1387.92 876.241 0.229939 0.121408 
300 0.29 3630600000 44.7656 0.808714 -1244.26 7.82383 1.55563e+06 19040.2 2.46527e+12 5.75457e+10 -0.123138 0.110637 0.654912 0.0580956 0.577244 0.00362252 0.334901 0.00411763 0.759277 0.0024086 3.28852 0.054863 4.41614 0.113386 1380.21 876.074 1387.92 876.241 1387.92 876.241 0.229939 0.121408 
300 0.29 3632400000 44.7656 0.808714 -1244.26 7.82383 1.55563e+06 19040.2 2.46527e+12 5.75457e+10 -0.123138 0.110637 0.654912 0.0580956 0.577244 0.00362252 0.334901 0.00411763 0.759277 0.0024086 3.28852 0.054863 4.41614 0.113386 1380.21 876.074 1387.92 876.241 1387.92 876.241 0.229939 0.121408 
300 0.29 3634200000 44.7656 0.805774 -1244.26 7.82383 1.55563e+06 19040.2 2.46527e+12 5.75457e+10 -0.123138 0.110637 0.654912 0.0580956 0.577244 0.00362252 0.334901 0.00411763 0.759277 0.0024086 3.28852 0.054863 4.41614 0.113386 1380.21 876.074 1387.92 876.241 1387.92 876.241 0.229939 0.121408 
300 0.29 3636000000 44.7656 0.805774 -1244.26 7.82383 1.55563e+06 19040.2 2.46527e+12 5.75457e+10 -0.123138 0.110637 0.654912 0.0580956 0.577244 0.00362252 0.334901 0.00411763 0.759277 0.0024086 3.28852 0.054863 4.41614 0.113386 1380.21 876.074 1387.92 876.241 1387.92 876.241 0.229939 0.121408 
300 0.29 3637800000 44.7656 0.805774 -1244.26 7.82383 1.55563e+06 19040.2 2.46527e+12 5.75457e+10 -0.123138 0.110637 0.654912 0.0580956 0.577244 0.00362252 0.334901 0.00411763 0.759277 0.0024086 3.28852 0.054863 4.41614 0.113386 1380.21 876.074 1387.92 876.241 1387.92 876.241 0.229939 0.121408 
300 0.29 3639600000 44.7656 0.805774 -1244.26 7.82383 1.55563e+06 19040.2 2.46527e+12 5.75457e+10 -0.123138 0.110637 0.654912 0.0580956 0.577244 0.00362252 0.334901 0.00411763 0.759277 0.0024086 3.28852 0.054863 4.41614 0.113386 1380.21 876.074 1387.92 876.241 1387.92 876.241 0.229939 0.121408 
300 0.29 3641400000 44.7656 0.805774 -1244.26 7.82383 1.55563e+06 19040.2 2.46527e+12 5.75457e+10 -0.123138 0.110637 0.654912 0.0580956 0.577244 0.00362252 0.334901 0.00411763 0.759277 0.0024086 3.28852 0.054863 4.41614 0.113386 1380.21 876.074 1387.92 876.241 1387.92 876.241 0.229939 0.121408 
300 0.29 3643200000 44.7656 0.805774 -1244.26 7.82383 1.55563e+06 19040.2 2.46527e+12 5.75457e+10 -0.123138 0.110637 0.654912 0.0580956 0.577244 0.00362252 0.334901 0.00411763 0.759277 0.0024086 3.28852 0.054863 4.41614 0.113386 1380.21 876.074 1387.92 876.241 1387.92 876.241 0.229939 0.121408 
300 0.29 3645000000 44.7656 0.805774 -1244.26 7.82383 1.55563e+06 19040.2 2.46527e+12 5.75457e+10 -0.123138 0.110637 0.654912 0.0580956 0.577244 0.00362252 0.334901 0.00411763 0.759277 0.0024086 3.28852 0.054863 4.41614 0.113386 1380.21 876.074 1387.92 876.241 1387.92 876.241 0.229939 0.121408 
300 0.29 3646800000 44.7656 0.805774 -1244.26 7.82383 1.55563e+06 19040.2 2.46527e+12 5.75457e+10 -0.123138 0.110637 0.654912 0.0580956 0.577244 0.00362252 0.334901 0.00411763 0.759277 0.0024086 3.28852 0.054863 4.41614 0.113386 1380.21 876.074 1387.92 876.241 1387.92 876.241 0.229939 0.121408 
300 0.29 3648600000 44.7656 0.803511 -1244.26 7.82383 1.55563e+06 19040.2 2.46527e+12 5.75457e+10 -0.123138 0.110637 0.654912 0.0580956 0.577244 0.00362252 0.334901 0.00411763 0.759277 0.0024086 3.28852 0.054863 4.41614 0.113386 1380.21 876.074 1387.92 876.241 1387.92 876.241 0.229939 0.121408 
300 0.29 3650400000 44.7656 0.803511 -1244.26 7.82383 1.55563e+06 19040.2 2.46527e+12 5.75457e+10 -0.123138 0.110637 0.654912 0.0580956 0.577244 0.00362252 0.334901 0.00411763 0.759277 0.0024086 3.28852 0.054863 4.41614 0.113386 1380.21 876.074 1387.92 876.241 1387.92 876.241 0.229939 0.121408 
300 0.29 3652200000 44.7656 0.803511 -1244.26 7.82383 1.55563e+06 19040.2 2.46527e+12 5.75457e+10 -0.123138 0.110637 0.654912 0.0580956 0.577244 0.00362252 0.334901 0.00411763 0.759277 0.0024086 3.28852 0.054863 4.41614 0.113386 1380.21 876.074 1387.92 876.241 1387.92 876.241 0.229939 0.121408 
300 0.29 3654000000 44.7656 0.803511 -1244.26 7.82383 1.55563e+06 19040.2 2.46527e+12 5.75457e+10 -0.123138 0.110637 0.654912 0.0580956 0.577244 0.00362252 0.334901 0.00411763 0.759277 0.0024086 3.28852 0.054863 4.41614 0.113386 1380.21 876.074 1387.92 876.241 1387.92 876.241 0.229939 0.121408 
300 0.29 3655800000 44.7656 0.803511 -1244.26 7.82383 1.55563e+06 19040.2 2.46527e+12 5.75457e+10 -0.123138 0.110637 0.654912 0.0580956 0.577244 0.00362252 0.334901 0.00411763 0.759277 0.0024086 3.28852 0.054863 4.41614 0.113386 1380.21 876.074 1387.92 876.241 1387.92 876.241 0.229939 0.121408 
300 0.29 3657600000 44.7656 0.803511 -1244.26 7.82383 1.55563e+06 19040.2 2.46527e+12 5.75457e+10 -0.123138 0.110637 0.654912 0.0580956 0.577244 0.00362252 0.334901 0.00411763 0.759277 0.0024086 3.28852 0.054863 4.41614 0.113386 1380.21 876.074 1387.92 876.241 1387.92 876.241 0.229939 0.121408 
300 0.29 3659400000 44.7656 0.803511 -1244.26 7.82383 1.55563e+06 19040.2 2.46527e+12 5.75457e+10 -0.123138 0.110637 0.654912 0.0580956 0.577244 0.00362252 0.334901 0.00411763 0.759277 0.0024086 3.28852 0.054863 4.41614 0.113386 1380.21 876.074 1387.92 876.241 1387.92 876.241 0.229939 0.121408 
300 0.29 3661200000 44.7656 0.803511 -1244.26 7.82383 1.55563e+06 19040.2 2.46527e+12 5.75457e+10 -0.123138 0.110637 0.654912 0.0580956 0.577244 0.00362252 0.334901 0.00411763 0.759277 0.0024086 3.28852 0.054863 4.41614 0.113386 1380.21 876.074 1387.92 876.241 1387.92 876.241 0.229939 0.121408 
300 0.29 3663000000 44.7656 0.802832 -1244.26 7.82383 1.55563e+06 19040.2 2.46527e+12 5.75457e+10 -0.123138 0.110637 0.654912 0.0580956 0.577244 0.00362252 0.334901 0.00411763 0.759277 0.0024086 3.28852 0.054863 4.41614 0.113386 1380.21 876.074 1387.92 876.241 1387.92 876.241 0.229939 0.121408 
300 0.29 3664800000 44.7656 0.802832 -1244.26 7.82383 1.55563e+06 19040.2 2.46527e+12 5.75457e+10 -0.123138 0.110637 0.654912 0.0580956 0.577244 0.00362252 0.334901 0.00411763 0.759277 0.0024086 3.28852 0.054863 4.41614 0.113386 1380.21 876.074 1387.92 876.241 1387.92 876.241 0.229939 0.121408 
300 0.29 3666600000 44.7656 0.802832 -1244.26 7.82383 1.55563e+06 19040.2 2.46527e+12 5.75457e+10 -0.123138 0.110637 0.654912 0.0580956 0.577244 0.00362252 0.334901 0.00411763 0.759277 0.0024086 3.28852 0.054863 4.41614 0.113386 1380.21 876.074 1387.92 876.241 1387.92 876.241 0.229939 0.121408 
300 0.29 3668400000 44.7656 0.802832 -1244.26 7.82383 1.55563e+06 19040.2 2.46527e+12 5.75457e+10 -0.123138 0.110637 0.654912 0.0580956 0.577244 0.00362252 0.334901 0.00411763 0.759277 0.0024086 3.28852 0.054863 4.41614 0.113386 1380.21 876.074 1387.92 876.241 1387.92 876.241 0.229939 0.121408 
300 0.29 3670200000 44.7656 0.802832 -1244.26 7.82383 1.55563e+06 19040.2 2.46527e+12 5.75457e+10 -0.123138 0.110637 0.654912 0.0580956 0.577244 0.00362252 0.334901 0.00411763 0.759277 0.0024086 3.28852 0.054863 4.41614 0.113386 1380.21 876.074 1387.92 876.241 1387.92 876.241 0.229939 0.121408 
300 0.29 3672000000 44.7656 0.802832 -1244.26 7.82383 1.55563e+06 19040.2 2.46527e+12 5.75457e+10 -0.123138 0.110637 0.654912 0.0580956 0.577244 0.00362252 0.334901 0.00411763 0.759277 0.0024086 3.28852 0.054863 4.41614 0.113386 1380.21 876.074 1387.92 876.241 1387.92 876.241 0.229939 0.121408 
300 0.29 3673800000 44.7656 0.802832 -1244.26 7.82383 1.55563e+06 19040.2 2.46527e+12 5.75457e+10 -0.123138 0.110637 0.654912 0.0580956 0.577244 0.00362252 0.334901 0.00411763 0.759277 0.0024086 3.28852 0.054863 4.41614 0.113386 1380.21 876.074 1387.92 876.241 1387.92 876.241 0.229939 0.121408 
300 0.29 3675600000 44.7656 0.802832 -1244.26 7.82383 1.55563e+06 19040.2 2.46527e+12 5.75457e+10 -0.123138 0.110637 0.654912 0.0580956 0.577244 0.00362252 0.334901 0.00411763 0.759277 0.0024086 3.28852 0.054863 4.41614 0.113386 1380.21 876.074 1387.92 876.241 1387.92 876.241 0.229939 0.121408 
300 0.29 3677400000 44.7656 0.80198 -1244.26 7.82383 1.55563e+06 19040.2 2.46527e+12 5.75457e+10 -0.123138 0.110637 0.654912 0.0580956 0.577244 0.00362252 0.334901 0.00411763 0.759277 0.0024086 3.28852 0.054863 4.41614 0.113386 1380.21 876.074 1387.92 876.241 1387.92 876.241 0.229939 0.121408 
300 0.29 3679200000 44.7656 0.80198 -1244.26 7.82383 1.55563e+06 19040.2 2.46527e+12 5.75457e+10 -0.123138 0.110637 0.654912 0.0580956 0.577244 0.00362252 0.334901 0.00411763 0.759277 0.0024086 3.28852 0.054863 4.41614 0.113386 1380.21 876.074 1387.92 876.241 1387.92 876.241 0.229939 0.121408 
300 0.29 3681000000 44.7656 0.80198 -1244.26 7.82383 1.55563e+06 19040.2 2.46527e+12 5.75457e+10 -0.123138 0.110637 0.654912 0.0580956 0.577244 0.00362252 0.334901 0.00411763 0.759277 0.0024086 3.28852 0.054863 4.41614 0.113386 1380.21 876.074 1387.92 876.241 1387.92 876.241 0.229939 0.121408 
300 0.29 3682800000 44.7656 0.80198 -1244.26 7.82383 1.55563e+06 19040.2 2.46527e+12 5.75457e+10 -0.123138 0.110637 0.654912 0.0580956 0.577244 0.00362252 0.334901 0.00411763 0.759277 0.0024086 3.28852 0.054863 4.41614 0.113386 1380.21 876.074 1387.92 876.241 1387.92 876.241 0.229939 0.121408 
300 0.29 3684600000 44.7656 0.80198 -1244.26 7.82383 1.55563e+06 19040.2 2.46527e+12 5.75457e+10 -0.123138 0.110637 0.654912 0.0580956 0.577244 0.00362252 0.334901 0.00411763 0.759277 0.0024086 3.28852 0.054863 4.41614 0.113386 1380.21 876.074 1387.92 876.241 1387.92 876.241 0.229939 0.121408 
300 0.29 3686400000 44.7656 0.80198 -1244.26 7.82383 1.55563e+06 19040.2 2.46527e+12 5.75457e+10 -0.123138 0.110637 0.654912 0.0580956 0.577244 0.00362252 0.334901 0.00411763 0.759277 0.0024086 3.28852 0.054863 4.41614 0.113386 1380.21 876.074 1387.92 876.241 1387.92 876.241 0.229939 0.121408 
300 0.29 3688200000 44.7656 0.80198 -1244.26 7.82383 1.55563e+06 19040.2 2.46527e+12 5.75457e+10 -0.123138 0.110637 0.654912 0.0580956 0.577244 0.00362252 0.334901 0.00411763 0.759277 0.0024086 3.28852 0.054863 4.41614 0.113386 1380.21 876.074 1387.92 876.241 1387.92 876.241 0.229939 0.121408 
300 0.29 3690000000 44.7656 0.80198 -1244.26 7.82383 1.55563e+06 19040.2 2.46527e+12 5.75457e+10 -0.123138 0.110637 0.654912 0.0580956 0.577244 0.00362252 0.334901 0.00411763 0.759277 0.0024086 3.28852 0.054863 4.41614 0.113386 1380.21 876.074 1387.92 876.241 1387.92 876.241 0.229939 0.121408 
300 0.29 3691800000 44.7656 0.801728 -1244.26 7.82383 1.55563e+06 19040.2 2.46527e+12 5.75457e+10 -0.123138 0.110637 0.654912 0.0580956 0.577244 0.00362252 0.334901 0.00411763 0.759277 0.0024086 3.28852 0.054863 4.41614 0.113386 1380.21 876.074 1387.92 876.241 1387.92 876.241 0.229939 0.121408 
300 0.29 3693600000 44.7656 0.801728 -1244.26 7.82383 1.55563e+06 19040.2 2.46527e+12 5.75457e+10 -0.123138 0.110637 0.654912 0.0580956 0.577244 0.00362252 0.334901 0.00411763 0.759277 0.0024086 3.28852 0.054863 4.41614 0.113386 1380.21 876.074 1387.92 876.241 1387.92 876.241 0.229939 0.121408 
300 0.29 3695400000 44.7656 0.801728 -1244.26 7.82383 1.55563e+06 19040.2 2.46527e+12 5.75457e+10 -0.123138 0.110637 0.654912 0.0580956 0.577244 0.00362252 0.334901 0.00411763 0.759277 0.0024086 3.28852 0.054863 4.41614 0.113386 1380.21 876.074 1387.92 876.241 1387.92 876.241 0.229939 0.121408 
300 0.29 3697200000 44.7656 0.801728 -1244.26 7.82383 1.55563e+06 19040.2 2.46527e+12 5.75457e+10 -0.123138 0.110637 0.654912 0.0580956 0.577244 0.00362252 0.334901 0.00411763 0.759277 0.0024086 3.28852 0.054863 4.41614 0.113386 1380.21 876.074 1387.92 876.241 1387.92 876.241 0.229939 0.121408 
300 0.29 3699000000 44.7656 0.801728 -1244.26 7.82383 1.55563e+06 19040.2 2.46527e+12 5.75457e+10 -0.123138 0.110637 0.654912 0.0580956 0.577244 0.00362252 0.334901 0.00411763 0.759277 0.0024086 3.28852 0.054863 4.41614 0.113386 1380.21 876.074 1387.92 876.241 1387.92 876.241 0.229939 0.121408 
300 0.29 3700800000 44.7656 0.801728 -1244.26 7.82383 1.55563e+06 19040.2 2.46527e+12 5.75457e+10 -0.123138 0.110637 0.654912 0.0580956 0.577244 0.00362252 0.334901 0.00411763 0.759277 0.0024086 3.28852 0.054863 4.41614 0.113386 1380.21 876.074 1387.92 876.241 1387.92 876.241 0.229939 0.121408 
300 0.29 3702600000 44.7656 0.801728 -1244.26 7.82383 1.55563e+06 19040.2 2.46527e+12 5.75457e+10 -0.123138 0.110637 0.654912 0.0580956 0.577244 0.00362252 0.334901 0.00411763 0.759277 0.0024086 3.28852 0.054863 4.41614 0.113386 1380.21 876.074 1387.92 876.241 1387.92 876.241 0.229939 0.121408 
300 0.29 3704400000 44.7656 0.801728 -1244.26 7.82383 1.55563e+06 19040.2 2.46527e+12 5.75457e+10 -0.123138 0.110637 0.654912 0.0580956 0.577244 0.00362252 0.334901 0.00411763 0.759277 0.0024086 3.28852 0.054863 4.41614 0.113386 1380.21 876.074 1387.92 876.241 1387.92 876.241 0.229939 0.121408 
300 0.29 3706200000 44.7656 0.800519 -1244.26 7.82383 1.55563e+06 19040.2 2.46527e+12 5.75457e+10 -0.123138 0.110637 0.654912 0.0580956 0.577244 0.00362252 0.334901 0.00411763 0.759277 0.0024086 3.28852 0.054863 4.41614 0.113386 1380.21 876.074 1387.92 876.241 1387.92 876.241 0.229939 0.121408 
300 0.29 3708000000 44.7656 0.800519 -1244.26 7.82383 1.55563e+06 19040.2 2.46527e+12 5.75457e+10 -0.123138 0.110637 0.654912 0.0580956 0.577244 0.00362252 0.334901 0.00411763 0.759277 0.0024086 3.28852 0.054863 4.41614 0.113386 1380.21 876.074 1387.92 876.241 1387.92 876.241 0.229939 0.121408 
300 0.29 3709800000 44.7656 0.800519 -1244.26 7.82383 1.55563e+06 19040.2 2.46527e+12 5.75457e+10 -0.123138 0.110637 0.654912 0.0580956 0.577244 0.00362252 0.334901 0.00411763 0.759277 0.0024086 3.28852 0.054863 4.41614 0.113386 1380.21 876.074 1387.92 876.241 1387.92 876.241 0.229939 0.121408 
300 0.29 3711600000 44.7656 0.800519 -1244.26 7.82383 1.55563e+06 19040.2 2.46527e+12 5.75457e+10 -0.123138 0.110637 0.654912 0.0580956 0.577244 0.00362252 0.334901 0.00411763 0.759277 0.0024086 3.28852 0.054863 4.41614 0.113386 1380.21 876.074 1387.92 876.241 1387.92 876.241 0.229939 0.121408 
300 0.29 3713400000 44.7656 0.800519 -1244.26 7.82383 1.55563e+06 19040.2 2.46527e+12 5.75457e+10 -0.123138 0.110637 0.654912 0.0580956 0.577244 0.00362252 0.334901 0.00411763 0.759277 0.0024086 3.28852 0.054863 4.41614 0.113386 1380.21 876.074 1387.92 876.241 1387.92 876.241 0.229939 0.121408 
300 0.29 3715200000 44.7656 0.800519 -1244.26 7.82383 1.55563e+06 19040.2 2.46527e+12 5.75457e+10 -0.123138 0.110637 0.654912 0.0580956 0.577244 0.00362252 0.334901 0.00411763 0.759277 0.0024086 3.28852 0.054863 4.41614 0.113386 1380.21 876.074 1387.92 876.241 1387.92 876.241 0.229939 0.121408 
300 0.29 3717000000 44.7656 0.800519 -1244.26 7.82383 1.55563e+06 19040.2 2.46527e+12 5.75457e+10 -0.123138 0.110637 0.654912 0.0580956 0.577244 0.00362252 0.334901 0.00411763 0.759277 0.0024086 3.28852 0.054863 4.41614 0.113386 1380.21 876.074 1387.92 876.241 1387.92 876.241 0.229939 0.121408 
300 0.29 3718800000 44.7656 0.800519 -1244.26 7.82383 1.55563e+06 19040.2 2.46527e+12 5.75457e+10 -0.123138 0.110637 0.654912 0.0580956 0.577244 0.00362252 0.334901 0.00411763 0.759277 0.0024086 3.28852 0.054863 4.41614 0.113386 1380.21 876.074 1387.92 876.241 1387.92 876.241 0.229939 0.121408 
300 0.29 3720600000 44.6143 0.798473 -1245.1 6.99556 1.55767e+06 17040.8 2.47134e+12 5.15773e+10 -0.124002 0.0968684 0.661033 0.0523518 0.578168 0.00342291 0.33598 0.00390854 0.759883 0.00227065 3.28394 0.0484987 4.40359 0.10109 1295.1 785.503 1302.79 785.651 1302.79 785.651 0.218569 0.108866 
300 0.29 3722400000 44.6143 0.798473 -1245.1 6.99556 1.55767e+06 17040.8 2.47134e+12 5.15773e+10 -0.124002 0.0968684 0.661033 0.0523518 0.578168 0.00342291 0.33598 0.00390854 0.759883 0.00227065 3.28394 0.0484987 4.40359 0.10109 1295.1 785.503 1302.79 785.651 1302.79 785.651 0.218569 0.108866 
300 0.29 3724200000 44.6143 0.798473 -1245.1 6.99556 1.55767e+06 17040.8 2.47134e+12 5.15773e+10 -0.124002 0.0968684 0.661033 0.0523518 0.578168 0.00342291 0.33598 0.00390854 0.759883 0.00227065 3.28394 0.0484987 4.40359 0.10109 1295.1 785.503 1302.79 785.651 1302.79 785.651 0.218569 0.108866 
300 0.29 3726000000 44.6143 0.798473 -1245.1 6.99556 1.55767e+06 17040.8 2.47134e+12 5.15773e+10 -0.124002 0.0968684 0.661033 0.0523518 0.578168 0.00342291 0.33598 0.00390854 0.759883 0.00227065 3.28394 0.0484987 4.40359 0.10109 1295.1 785.503 1302.79 785.651 1302.79 785.651 0.218569 0.108866 
300 0.29 3727800000 44.6143 0.798473 -1245.1 6.99556 1.55767e+06 17040.8 2.47134e+12 5.15773e+10 -0.124002 0.0968684 0.661033 0.0523518 0.578168 0.00342291 0.33598 0.00390854 0.759883 0.00227065 3.28394 0.0484987 4.40359 0.10109 1295.1 785.503 1302.79 785.651 1302.79 785.651 0.218569 0.108866 
300 0.29 3729600000 44.6143 0.798473 -1245.1 6.99556 1.55767e+06 17040.8 2.47134e+12 5.15773e+10 -0.124002 0.0968684 0.661033 0.0523518 0.578168 0.00342291 0.33598 0.00390854 0.759883 0.00227065 3.28394 0.0484987 4.40359 0.10109 1295.1 785.503 1302.79 785.651 1302.79 785.651 0.218569 0.108866 
300 0.29 3731400000 44.6143 0.798473 -1245.1 6.99556 1.55767e+06 17040.8 2.47134e+12 5.15773e+10 -0.124002 0.0968684 0.661033 0.0523518 0.578168 0.00342291 0.33598 0.00390854 0.759883 0.00227065 3.28394 0.0484987 4.40359 0.10109 1295.1 785.503 1302.79 785.651 1302.79 785.651 0.218569 0.108866 
300 0.29 3733200000 44.6143 0.798473 -1245.1 6.99556 1.55767e+06 17040.8 2.47134e+12 5.15773e+10 -0.124002 0.0968684 0.661033 0.0523518 0.578168 0.00342291 0.33598 0.00390854 0.759883 0.00227065 3.28394 0.0484987 4.40359 0.10109 1295.1 785.503 1302.79 785.651 1302.79 785.651 0.218569 0.108866 
300 0.29 3735000000 44.6143 0.799013 -1245.1 6.99556 1.55767e+06 17040.8 2.47134e+12 5.15773e+10 -0.124002 0.0968684 0.661033 0.0523518 0.578168 0.00342291 0.33598 0.00390854 0.759883 0.00227065 3.28394 0.0484987 4.40359 0.10109 1295.1 785.503 1302.79 785.651 1302.79 785.651 0.218569 0.108866 
300 0.29 3736800000 44.6143 0.799013 -1245.1 6.99556 1.55767e+06 17040.8 2.47134e+12 5.15773e+10 -0.124002 0.0968684 0.661033 0.0523518 0.578168 0.00342291 0.33598 0.00390854 0.759883 0.00227065 3.28394 0.0484987 4.40359 0.10109 1295.1 785.503 1302.79 785.651 1302.79 785.651 0.218569 0.108866 
300 0.29 3738600000 44.6143 0.799013 -1245.1 6.99556 1.55767e+06 17040.8 2.47134e+12 5.15773e+10 -0.124002 0.0968684 0.661033 0.0523518 0.578168 0.00342291 0.33598 0.00390854 0.759883 0.00227065 3.28394 0.0484987 4.40359 0.10109 1295.1 785.503 1302.79 785.651 1302.79 785.651 0.218569 0.108866 
300 0.29 3740400000 44.6143 0.799013 -1245.1 6.99556 1.55767e+06 17040.8 2.47134e+12 5.15773e+10 -0.124002 0.0968684 0.661033 0.0523518 0.578168 0.00342291 0.33598 0.00390854 0.759883 0.00227065 3.28394 0.0484987 4.40359 0.10109 1295.1 785.503 1302.79 785.651 1302.79 785.651 0.218569 0.108866 
300 0.29 3742200000 44.6143 0.799013 -1245.1 6.99556 1.55767e+06 17040.8 2.47134e+12 5.15773e+10 -0.124002 0.0968684 0.661033 0.0523518 0.578168 0.00342291 0.33598 0.00390854 0.759883 0.00227065 3.28394 0.0484987 4.40359 0.10109 1295.1 785.503 1302.79 785.651 1302.79 785.651 0.218569 0.108866 
300 0.29 3744000000 44.6143 0.799013 -1245.1 6.99556 1.55767e+06 17040.8 2.47134e+12 5.15773e+10 -0.124002 0.0968684 0.661033 0.0523518 0.578168 0.00342291 0.33598 0.00390854 0.759883 0.00227065 3.28394 0.0484987 4.40359 0.10109 1295.1 785.503 1302.79 785.651 1302.79 785.651 0.218569 0.108866 
300 0.29 3745800000 44.6143 0.799013 -1245.1 6.99556 1.55767e+06 17040.8 2.47134e+12 5.15773e+10 -0.124002 0.0968684 0.661033 0.0523518 0.578168 0.00342291 0.33598 0.00390854 0.759883 0.00227065 3.28394 0.0484987 4.40359 0.10109 1295.1 785.503 1302.79 785.651 1302.79 785.651 0.218569 0.108866 
300 0.29 3747600000 44.6143 0.799013 -1245.1 6.99556 1.55767e+06 17040.8 2.47134e+12 5.15773e+10 -0.124002 0.0968684 0.661033 0.0523518 0.578168 0.00342291 0.33598 0.00390854 0.759883 0.00227065 3.28394 0.0484987 4.40359 0.10109 1295.1 785.503 1302.79 785.651 1302.79 785.651 0.218569 0.108866 
300 0.29 3749400000 44.6143 0.796012 -1245.1 6.99556 1.55767e+06 17040.8 2.47134e+12 5.15773e+10 -0.124002 0.0968684 0.661033 0.0523518 0.578168 0.00342291 0.33598 0.00390854 0.759883 0.00227065 3.28394 0.0484987 4.40359 0.10109 1295.1 785.503 1302.79 785.651 1302.79 785.651 0.218569 0.108866 
300 0.29 3751200000 44.6143 0.796012 -1245.1 6.99556 1.55767e+06 17040.8 2.47134e+12 5.15773e+10 -0.124002 0.0968684 0.661033 0.0523518 0.578168 0.00342291 0.33598 0.00390854 0.759883 0.00227065 3.28394 0.0484987 4.40359 0.10109 1295.1 785.503 1302.79 785.651 1302.79 785.651 0.218569 0.108866 
300 0.29 3753000000 44.6143 0.796012 -1245.1 6.99556 1.55767e+06 17040.8 2.47134e+12 5.15773e+10 -0.124002 0.0968684 0.661033 0.0523518 0.578168 0.00342291 0.33598 0.00390854 0.759883 0.00227065 3.28394 0.0484987 4.40359 0.10109 1295.1 785.503 1302.79 785.651 1302.79 785.651 0.218569 0.108866 
300 0.29 3754800000 44.6143 0.796012 -1245.1 6.99556 1.55767e+06 17040.8 2.47134e+12 5.15773e+10 -0.124002 0.0968684 0.661033 0.0523518 0.578168 0.00342291 0.33598 0.00390854 0.759883 0.00227065 3.28394 0.0484987 4.40359 0.10109 1295.1 785.503 1302.79 785.651 1302.79 785.651 0.218569 0.108866 
300 0.29 3756600000 44.6143 0.796012 -1245.1 6.99556 1.55767e+06 17040.8 2.47134e+12 5.15773e+10 -0.124002 0.0968684 0.661033 0.0523518 0.578168 0.00342291 0.33598 0.00390854 0.759883 0.00227065 3.28394 0.0484987 4.40359 0.10109 1295.1 785.503 1302.79 785.651 1302.79 785.651 0.218569 0.108866 
300 0.29 3758400000 44.6143 0.796012 -1245.1 6.99556 1.55767e+06 17040.8 2.47134e+12 5.15773e+10 -0.124002 0.0968684 0.661033 0.0523518 0.578168 0.00342291 0.33598 0.00390854 0.759883 0.00227065 3.28394 0.0484987 4.40359 0.10109 1295.1 785.503 1302.79 785.651 1302.79 785.651 0.218569 0.108866 
300 0.29 3760200000 44.6143 0.796012 -1245.1 6.99556 1.55767e+06 17040.8 2.47134e+12 5.15773e+10 -0.124002 0.0968684 0.661033 0.0523518 0.578168 0.00342291 0.33598 0.00390854 0.759883 0.00227065 3.28394 0.0484987 4.40359 0.10109 1295.1 785.503 1302.79 785.651 1302.79 785.651 0.218569 0.108866 
300 0.29 3762000000 44.6143 0.796012 -1245.1 6.99556 1.55767e+06 17040.8 2.47134e+12 5.15773e+10 -0.124002 0.0968684 0.661033 0.0523518 0.578168 0.00342291 0.33598 0.00390854 0.759883 0.00227065 3.28394 0.0484987 4.40359 0.10109 1295.1 785.503 1302.79 785.651 1302.79 785.651 0.218569 0.108866 
300 0.29 3763800000 44.6143 0.794442 -1245.1 6.99556 1.55767e+06 17040.8 2.47134e+12 5.15773e+10 -0.124002 0.0968684 0.661033 0.0523518 0.578168 0.00342291 0.33598 0.00390854 0.759883 0.00227065 3.28394 0.0484987 4.40359 0.10109 1295.1 785.503 1302.79 785.651 1302.79 785.651 0.218569 0.108866 
300 0.29 3765600000 44.6143 0.794442 -1245.1 6.99556 1.55767e+06 17040.8 2.47134e+12 5.15773e+10 -0.124002 0.0968684 0.661033 0.0523518 0.578168 0.00342291 0.33598 0.00390854 0.759883 0.00227065 3.28394 0.0484987 4.40359 0.10109 1295.1 785.503 1302.79 785.651 1302.79 785.651 0.218569 0.108866 
300 0.29 3767400000 44.6143 0.794442 -1245.1 6.99556 1.55767e+06 17040.8 2.47134e+12 5.15773e+10 -0.124002 0.0968684 0.661033 0.0523518 0.578168 0.00342291 0.33598 0.00390854 0.759883 0.00227065 3.28394 0.0484987 4.40359 0.10109 1295.1 785.503 1302.79 785.651 1302.79 785.651 0.218569 0.108866 
300 0.29 3769200000 44.6143 0.794442 -1245.1 6.99556 1.55767e+06 17040.8 2.47134e+12 5.15773e+10 -0.124002 0.0968684 0.661033 0.0523518 0.578168 0.00342291 0.33598 0.00390854 0.759883 0.00227065 3.28394 0.0484987 4.40359 0.10109 1295.1 785.503 1302.79 785.651 1302.79 785.651 0.218569 0.108866 
300 0.29 3771000000 44.6143 0.794442 -1245.1 6.99556 1.55767e+06 17040.8 2.47134e+12 5.15773e+10 -0.124002 0.0968684 0.661033 0.0523518 0.578168 0.00342291 0.33598 0.00390854 0.759883 0.00227065 3.28394 0.0484987 4.40359 0.10109 1295.1 785.503 1302.79 785.651 1302.79 785.651 0.218569 0.108866 
300 0.29 3772800000 44.6143 0.794442 -1245.1 6.99556 1.55767e+06 17040.8 2.47134e+12 5.15773e+10 -0.124002 0.0968684 0.661033 0.0523518 0.578168 0.00342291 0.33598 0.00390854 0.759883 0.00227065 3.28394 0.0484987 4.40359 0.10109 1295.1 785.503 1302.79 785.651 1302.79 785.651 0.218569 0.108866 
300 0.29 3774600000 44.6143 0.794442 -1245.1 6.99556 1.55767e+06 17040.8 2.47134e+12 5.15773e+10 -0.124002 0.0968684 0.661033 0.0523518 0.578168 0.00342291 0.33598 0.00390854 0.759883 0.00227065 3.28394 0.0484987 4.40359 0.10109 1295.1 785.503 1302.79 785.651 1302.79 785.651 0.218569 0.108866 
300 0.29 3776400000 44.6143 0.794442 -1245.1 6.99556 1.55767e+06 17040.8 2.47134e+12 5.15773e+10 -0.124002 0.0968684 0.661033 0.0523518 0.578168 0.00342291 0.33598 0.00390854 0.759883 0.00227065 3.28394 0.0484987 4.40359 0.10109 1295.1 785.503 1302.79 785.651 1302.79 785.651 0.218569 0.108866 
300 0.29 3778200000 44.6143 0.794786 -1245.1 6.99556 1.55767e+06 17040.8 2.47134e+12 5.15773e+10 -0.124002 0.0968684 0.661033 0.0523518 0.578168 0.00342291 0.33598 0.00390854 0.759883 0.00227065 3.28394 0.0484987 4.40359 0.10109 1295.1 785.503 1302.79 785.651 1302.79 785.651 0.218569 0.108866 
300 0.29 3780000000 44.6143 0.794786 -1245.1 6.99556 1.55767e+06 17040.8 2.47134e+12 5.15773e+10 -0.124002 0.0968684 0.661033 0.0523518 0.578168 0.00342291 0.33598 0.00390854 0.759883 0.00227065 3.28394 0.0484987 4.40359 0.10109 1295.1 785.503 1302.79 785.651 1302.79 785.651 0.218569 0.108866 
300 0.29 3781800000 44.6143 0.794786 -1245.1 6.99556 1.55767e+06 17040.8 2.47134e+12 5.15773e+10 -0.124002 0.0968684 0.661033 0.0523518 0.578168 0.00342291 0.33598 0.00390854 0.759883 0.00227065 3.28394 0.0484987 4.40359 0.10109 1295.1 785.503 1302.79 785.651 1302.79 785.651 0.218569 0.108866 
300 0.29 3783600000 44.6143 0.794786 -1245.1 6.99556 1.55767e+06 17040.8 2.47134e+12 5.15773e+10 -0.124002 0.0968684 0.661033 0.0523518 0.578168 0.00342291 0.33598 0.00390854 0.759883 0.00227065 3.28394 0.0484987 4.40359 0.10109 1295.1 785.503 1302.79 785.651 1302.79 785.651 0.218569 0.108866 
300 0.29 3785400000 44.6143 0.794786 -1245.1 6.99556 1.55767e+06 17040.8 2.47134e+12 5.15773e+10 -0.124002 0.0968684 0.661033 0.0523518 0.578168 0.00342291 0.33598 0.00390854 0.759883 0.00227065 3.28394 0.0484987 4.40359 0.10109 1295.1 785.503 1302.79 785.651 1302.79 785.651 0.218569 0.108866 
300 0.29 3787200000 44.6143 0.794786 -1245.1 6.99556 1.55767e+06 17040.8 2.47134e+12 5.15773e+10 -0.124002 0.0968684 0.661033 0.0523518 0.578168 0.00342291 0.33598 0.00390854 0.759883 0.00227065 3.28394 0.0484987 4.40359 0.10109 1295.1 785.503 1302.79 785.651 1302.79 785.651 0.218569 0.108866 
300 0.29 3789000000 44.6143 0.794786 -1245.1 6.99556 1.55767e+06 17040.8 2.47134e+12 5.15773e+10 -0.124002 0.0968684 0.661033 0.0523518 0.578168 0.00342291 0.33598 0.00390854 0.759883 0.00227065 3.28394 0.0484987 4.40359 0.10109 1295.1 785.503 1302.79 785.651 1302.79 785.651 0.218569 0.108866 
300 0.29 3790800000 44.6143 0.794786 -1245.1 6.99556 1.55767e+06 17040.8 2.47134e+12 5.15773e+10 -0.124002 0.0968684 0.661033 0.0523518 0.578168 0.00342291 0.33598 0.00390854 0.759883 0.00227065 3.28394 0.0484987 4.40359 0.10109 1295.1 785.503 1302.79 785.651 1302.79 785.651 0.218569 0.108866 
300 0.29 3792600000 44.6143 0.79179 -1245.1 6.99556 1.55767e+06 17040.8 2.47134e+12 5.15773e+10 -0.124002 0.0968684 0.661033 0.0523518 0.578168 0.00342291 0.33598 0.00390854 0.759883 0.00227065 3.28394 0.0484987 4.40359 0.10109 1295.1 785.503 1302.79 785.651 1302.79 785.651 0.218569 0.108866 
300 0.29 3794400000 44.6143 0.79179 -1245.1 6.99556 1.55767e+06 17040.8 2.47134e+12 5.15773e+10 -0.124002 0.0968684 0.661033 0.0523518 0.578168 0.00342291 0.33598 0.00390854 0.759883 0.00227065 3.28394 0.0484987 4.40359 0.10109 1295.1 785.503 1302.79 785.651 1302.79 785.651 0.218569 0.108866 
300 0.29 3796200000 44.6143 0.79179 -1245.1 6.99556 1.55767e+06 17040.8 2.47134e+12 5.15773e+10 -0.124002 0.0968684 0.661033 0.0523518 0.578168 0.00342291 0.33598 0.00390854 0.759883 0.00227065 3.28394 0.0484987 4.40359 0.10109 1295.1 785.503 1302.79 785.651 1302.79 785.651 0.218569 0.108866 
300 0.29 3798000000 44.6143 0.79179 -1245.1 6.99556 1.55767e+06 17040.8 2.47134e+12 5.15773e+10 -0.124002 0.0968684 0.661033 0.0523518 0.578168 0.00342291 0.33598 0.00390854 0.759883 0.00227065 3.28394 0.0484987 4.40359 0.10109 1295.1 785.503 1302.79 785.651 1302.79 785.651 0.218569 0.108866 
300 0.29 3799800000 44.6143 0.79179 -1245.1 6.99556 1.55767e+06 17040.8 2.47134e+12 5.15773e+10 -0.124002 0.0968684 0.661033 0.0523518 0.578168 0.00342291 0.33598 0.00390854 0.759883 0.00227065 3.28394 0.0484987 4.40359 0.10109 1295.1 785.503 1302.79 785.651 1302.79 785.651 0.218569 0.108866 
300 0.29 3801600000 44.6143 0.79179 -1245.1 6.99556 1.55767e+06 17040.8 2.47134e+12 5.15773e+10 -0.124002 0.0968684 0.661033 0.0523518 0.578168 0.00342291 0.33598 0.00390854 0.759883 0.00227065 3.28394 0.0484987 4.40359 0.10109 1295.1 785.503 1302.79 785.651 1302.79 785.651 0.218569 0.108866 
300 0.29 3803400000 44.6143 0.79179 -1245.1 6.99556 1.55767e+06 17040.8 2.47134e+12 5.15773e+10 -0.124002 0.0968684 0.661033 0.0523518 0.578168 0.00342291 0.33598 0.00390854 0.759883 0.00227065 3.28394 0.0484987 4.40359 0.10109 1295.1 785.503 1302.79 785.651 1302.79 785.651 0.218569 0.108866 
300 0.29 3805200000 44.6143 0.79179 -1245.1 6.99556 1.55767e+06 17040.8 2.47134e+12 5.15773e+10 -0.124002 0.0968684 0.661033 0.0523518 0.578168 0.00342291 0.33598 0.00390854 0.759883 0.00227065 3.28394 0.0484987 4.40359 0.10109 1295.1 785.503 1302.79 785.651 1302.79 785.651 0.218569 0.108866 
300 0.29 3807000000 44.6143 0.788773 -1245.1 6.99556 1.55767e+06 17040.8 2.47134e+12 5.15773e+10 -0.124002 0.0968684 0.661033 0.0523518 0.578168 0.00342291 0.33598 0.00390854 0.759883 0.00227065 3.28394 0.0484987 4.40359 0.10109 1295.1 785.503 1302.79 785.651 1302.79 785.651 0.218569 0.108866 
300 0.29 3808800000 44.6143 0.788773 -1245.1 6.99556 1.55767e+06 17040.8 2.47134e+12 5.15773e+10 -0.124002 0.0968684 0.661033 0.0523518 0.578168 0.00342291 0.33598 0.00390854 0.759883 0.00227065 3.28394 0.0484987 4.40359 0.10109 1295.1 785.503 1302.79 785.651 1302.79 785.651 0.218569 0.108866 
300 0.29 3810600000 44.6143 0.788773 -1245.1 6.99556 1.55767e+06 17040.8 2.47134e+12 5.15773e+10 -0.124002 0.0968684 0.661033 0.0523518 0.578168 0.00342291 0.33598 0.00390854 0.759883 0.00227065 3.28394 0.0484987 4.40359 0.10109 1295.1 785.503 1302.79 785.651 1302.79 785.651 0.218569 0.108866 
300 0.29 3812400000 44.6143 0.788773 -1245.1 6.99556 1.55767e+06 17040.8 2.47134e+12 5.15773e+10 -0.124002 0.0968684 0.661033 0.0523518 0.578168 0.00342291 0.33598 0.00390854 0.759883 0.00227065 3.28394 0.0484987 4.40359 0.10109 1295.1 785.503 1302.79 785.651 1302.79 785.651 0.218569 0.108866 
300 0.29 3814200000 44.6143 0.788773 -1245.1 6.99556 1.55767e+06 17040.8 2.47134e+12 5.15773e+10 -0.124002 0.0968684 0.661033 0.0523518 0.578168 0.00342291 0.33598 0.00390854 0.759883 0.00227065 3.28394 0.0484987 4.40359 0.10109 1295.1 785.503 1302.79 785.651 1302.79 785.651 0.218569 0.108866 
300 0.29 3816000000 44.6143 0.788773 -1245.1 6.99556 1.55767e+06 17040.8 2.47134e+12 5.15773e+10 -0.124002 0.0968684 0.661033 0.0523518 0.578168 0.00342291 0.33598 0.00390854 0.759883 0.00227065 3.28394 0.0484987 4.40359 0.10109 1295.1 785.503 1302.79 785.651 1302.79 785.651 0.218569 0.108866 
300 0.29 3817800000 44.6143 0.788773 -1245.1 6.99556 1.55767e+06 17040.8 2.47134e+12 5.15773e+10 -0.124002 0.0968684 0.661033 0.0523518 0.578168 0.00342291 0.33598 0.00390854 0.759883 0.00227065 3.28394 0.0484987 4.40359 0.10109 1295.1 785.503 1302.79 785.651 1302.79 785.651 0.218569 0.108866 
300 0.29 3819600000 44.6143 0.788773 -1245.1 6.99556 1.55767e+06 17040.8 2.47134e+12 5.15773e+10 -0.124002 0.0968684 0.661033 0.0523518 0.578168 0.00342291 0.33598 0.00390854 0.759883 0.00227065 3.28394 0.0484987 4.40359 0.10109 1295.1 785.503 1302.79 785.651 1302.79 785.651 0.218569 0.108866 
300 0.29 3821400000 44.6143 0.786943 -1245.1 6.99556 1.55767e+06 17040.8 2.47134e+12 5.15773e+10 -0.124002 0.0968684 0.661033 0.0523518 0.578168 0.00342291 0.33598 0.00390854 0.759883 0.00227065 3.28394 0.0484987 4.40359 0.10109 1295.1 785.503 1302.79 785.651 1302.79 785.651 0.218569 0.108866 
300 0.29 3823200000 44.6143 0.786943 -1245.1 6.99556 1.55767e+06 17040.8 2.47134e+12 5.15773e+10 -0.124002 0.0968684 0.661033 0.0523518 0.578168 0.00342291 0.33598 0.00390854 0.759883 0.00227065 3.28394 0.0484987 4.40359 0.10109 1295.1 785.503 1302.79 785.651 1302.79 785.651 0.218569 0.108866 
300 0.29 3825000000 44.6143 0.786943 -1245.1 6.99556 1.55767e+06 17040.8 2.47134e+12 5.15773e+10 -0.124002 0.0968684 0.661033 0.0523518 0.578168 0.00342291 0.33598 0.00390854 0.759883 0.00227065 3.28394 0.0484987 4.40359 0.10109 1295.1 785.503 1302.79 785.651 1302.79 785.651 0.218569 0.108866 
300 0.29 3826800000 44.6143 0.786943 -1245.1 6.99556 1.55767e+06 17040.8 2.47134e+12 5.15773e+10 -0.124002 0.0968684 0.661033 0.0523518 0.578168 0.00342291 0.33598 0.00390854 0.759883 0.00227065 3.28394 0.0484987 4.40359 0.10109 1295.1 785.503 1302.79 785.651 1302.79 785.651 0.218569 0.108866 
300 0.29 3828600000 44.6143 0.786943 -1245.1 6.99556 1.55767e+06 17040.8 2.47134e+12 5.15773e+10 -0.124002 0.0968684 0.661033 0.0523518 0.578168 0.00342291 0.33598 0.00390854 0.759883 0.00227065 3.28394 0.0484987 4.40359 0.10109 1295.1 785.503 1302.79 785.651 1302.79 785.651 0.218569 0.108866 
300 0.29 3830400000 44.6143 0.786943 -1245.1 6.99556 1.55767e+06 17040.8 2.47134e+12 5.15773e+10 -0.124002 0.0968684 0.661033 0.0523518 0.578168 0.00342291 0.33598 0.00390854 0.759883 0.00227065 3.28394 0.0484987 4.40359 0.10109 1295.1 785.503 1302.79 785.651 1302.79 785.651 0.218569 0.108866 
300 0.29 3832200000 44.6143 0.786943 -1245.1 6.99556 1.55767e+06 17040.8 2.47134e+12 5.15773e+10 -0.124002 0.0968684 0.661033 0.0523518 0.578168 0.00342291 0.33598 0.00390854 0.759883 0.00227065 3.28394 0.0484987 4.40359 0.10109 1295.1 785.503 1302.79 785.651 1302.79 785.651 0.218569 0.108866 
300 0.29 3834000000 44.6143 0.786943 -1245.1 6.99556 1.55767e+06 17040.8 2.47134e+12 5.15773e+10 -0.124002 0.0968684 0.661033 0.0523518 0.578168 0.00342291 0.33598 0.00390854 0.759883 0.00227065 3.28394 0.0484987 4.40359 0.10109 1295.1 785.503 1302.79 785.651 1302.79 785.651 0.218569 0.108866 
300 0.29 3835800000 44.6143 0.784239 -1245.1 6.99556 1.55767e+06 17040.8 2.47134e+12 5.15773e+10 -0.124002 0.0968684 0.661033 0.0523518 0.578168 0.00342291 0.33598 0.00390854 0.759883 0.00227065 3.28394 0.0484987 4.40359 0.10109 1295.1 785.503 1302.79 785.651 1302.79 785.651 0.218569 0.108866 
300 0.29 3837600000 44.6143 0.784239 -1245.1 6.99556 1.55767e+06 17040.8 2.47134e+12 5.15773e+10 -0.124002 0.0968684 0.661033 0.0523518 0.578168 0.00342291 0.33598 0.00390854 0.759883 0.00227065 3.28394 0.0484987 4.40359 0.10109 1295.1 785.503 1302.79 785.651 1302.79 785.651 0.218569 0.108866 
300 0.29 3839400000 44.6143 0.784239 -1245.1 6.99556 1.55767e+06 17040.8 2.47134e+12 5.15773e+10 -0.124002 0.0968684 0.661033 0.0523518 0.578168 0.00342291 0.33598 0.00390854 0.759883 0.00227065 3.28394 0.0484987 4.40359 0.10109 1295.1 785.503 1302.79 785.651 1302.79 785.651 0.218569 0.108866 
300 0.29 3841200000 44.6143 0.784239 -1245.1 6.99556 1.55767e+06 17040.8 2.47134e+12 5.15773e+10 -0.124002 0.0968684 0.661033 0.0523518 0.578168 0.00342291 0.33598 0.00390854 0.759883 0.00227065 3.28394 0.0484987 4.40359 0.10109 1295.1 785.503 1302.79 785.651 1302.79 785.651 0.218569 0.108866 
300 0.29 3843000000 44.6143 0.784239 -1245.1 6.99556 1.55767e+06 17040.8 2.47134e+12 5.15773e+10 -0.124002 0.0968684 0.661033 0.0523518 0.578168 0.00342291 0.33598 0.00390854 0.759883 0.00227065 3.28394 0.0484987 4.40359 0.10109 1295.1 785.503 1302.79 785.651 1302.79 785.651 0.218569 0.108866 
300 0.29 3844800000 44.6143 0.784239 -1245.1 6.99556 1.55767e+06 17040.8 2.47134e+12 5.15773e+10 -0.124002 0.0968684 0.661033 0.0523518 0.578168 0.00342291 0.33598 0.00390854 0.759883 0.00227065 3.28394 0.0484987 4.40359 0.10109 1295.1 785.503 1302.79 785.651 1302.79 785.651 0.218569 0.108866 
300 0.29 3846600000 44.6143 0.784239 -1245.1 6.99556 1.55767e+06 17040.8 2.47134e+12 5.15773e+10 -0.124002 0.0968684 0.661033 0.0523518 0.578168 0.00342291 0.33598 0.00390854 0.759883 0.00227065 3.28394 0.0484987 4.40359 0.10109 1295.1 785.503 1302.79 785.651 1302.79 785.651 0.218569 0.108866 
300 0.29 3848400000 44.6143 0.784239 -1245.1 6.99556 1.55767e+06 17040.8 2.47134e+12 5.15773e+10 -0.124002 0.0968684 0.661033 0.0523518 0.578168 0.00342291 0.33598 0.00390854 0.759883 0.00227065 3.28394 0.0484987 4.40359 0.10109 1295.1 785.503 1302.79 785.651 1302.79 785.651 0.218569 0.108866 
300 0.29 3850200000 44.6143 0.781464 -1245.1 6.99556 1.55767e+06 17040.8 2.47134e+12 5.15773e+10 -0.124002 0.0968684 0.661033 0.0523518 0.578168 0.00342291 0.33598 0.00390854 0.759883 0.00227065 3.28394 0.0484987 4.40359 0.10109 1295.1 785.503 1302.79 785.651 1302.79 785.651 0.218569 0.108866 
300 0.29 3852000000 44.6143 0.781464 -1245.1 6.99556 1.55767e+06 17040.8 2.47134e+12 5.15773e+10 -0.124002 0.0968684 0.661033 0.0523518 0.578168 0.00342291 0.33598 0.00390854 0.759883 0.00227065 3.28394 0.0484987 4.40359 0.10109 1295.1 785.503 1302.79 785.651 1302.79 785.651 0.218569 0.108866 
300 0.29 3853800000 44.6143 0.781464 -1245.1 6.99556 1.55767e+06 17040.8 2.47134e+12 5.15773e+10 -0.124002 0.0968684 0.661033 0.0523518 0.578168 0.00342291 0.33598 0.00390854 0.759883 0.00227065 3.28394 0.0484987 4.40359 0.10109 1295.1 785.503 1302.79 785.651 1302.79 785.651 0.218569 0.108866 
300 0.29 3855600000 44.6143 0.781464 -1245.1 6.99556 1.55767e+06 17040.8 2.47134e+12 5.15773e+10 -0.124002 0.0968684 0.661033 0.0523518 0.578168 0.00342291 0.33598 0.00390854 0.759883 0.00227065 3.28394 0.0484987 4.40359 0.10109 1295.1 785.503 1302.79 785.651 1302.79 785.651 0.218569 0.108866 
300 0.29 3857400000 44.6143 0.781464 -1245.1 6.99556 1.55767e+06 17040.8 2.47134e+12 5.15773e+10 -0.124002 0.0968684 0.661033 0.0523518 0.578168 0.00342291 0.33598 0.00390854 0.759883 0.00227065 3.28394 0.0484987 4.40359 0.10109 1295.1 785.503 1302.79 785.651 1302.79 785.651 0.218569 0.108866 
300 0.29 3859200000 44.6143 0.781464 -1245.1 6.99556 1.55767e+06 17040.8 2.47134e+12 5.15773e+10 -0.124002 0.0968684 0.661033 0.0523518 0.578168 0.00342291 0.33598 0.00390854 0.759883 0.00227065 3.28394 0.0484987 4.40359 0.10109 1295.1 785.503 1302.79 785.651 1302.79 785.651 0.218569 0.108866 
300 0.29 3861000000 44.6143 0.781464 -1245.1 6.99556 1.55767e+06 17040.8 2.47134e+12 5.15773e+10 -0.124002 0.0968684 0.661033 0.0523518 0.578168 0.00342291 0.33598 0.00390854 0.759883 0.00227065 3.28394 0.0484987 4.40359 0.10109 1295.1 785.503 1302.79 785.651 1302.79 785.651 0.218569 0.108866 
300 0.29 3862800000 44.6143 0.781464 -1245.1 6.99556 1.55767e+06 17040.8 2.47134e+12 5.15773e+10 -0.124002 0.0968684 0.661033 0.0523518 0.578168 0.00342291 0.33598 0.00390854 0.759883 0.00227065 3.28394 0.0484987 4.40359 0.10109 1295.1 785.503 1302.79 785.651 1302.79 785.651 0.218569 0.108866 
300 0.29 3864600000 44.6143 0.779299 -1245.1 6.99556 1.55767e+06 17040.8 2.47134e+12 5.15773e+10 -0.124002 0.0968684 0.661033 0.0523518 0.578168 0.00342291 0.33598 0.00390854 0.759883 0.00227065 3.28394 0.0484987 4.40359 0.10109 1295.1 785.503 1302.79 785.651 1302.79 785.651 0.218569 0.108866 
300 0.29 3866400000 44.6143 0.779299 -1245.1 6.99556 1.55767e+06 17040.8 2.47134e+12 5.15773e+10 -0.124002 0.0968684 0.661033 0.0523518 0.578168 0.00342291 0.33598 0.00390854 0.759883 0.00227065 3.28394 0.0484987 4.40359 0.10109 1295.1 785.503 1302.79 785.651 1302.79 785.651 0.218569 0.108866 
300 0.29 3868200000 44.6143 0.779299 -1245.1 6.99556 1.55767e+06 17040.8 2.47134e+12 5.15773e+10 -0.124002 0.0968684 0.661033 0.0523518 0.578168 0.00342291 0.33598 0.00390854 0.759883 0.00227065 3.28394 0.0484987 4.40359 0.10109 1295.1 785.503 1302.79 785.651 1302.79 785.651 0.218569 0.108866 
300 0.29 3870000000 44.6143 0.779299 -1245.1 6.99556 1.55767e+06 17040.8 2.47134e+12 5.15773e+10 -0.124002 0.0968684 0.661033 0.0523518 0.578168 0.00342291 0.33598 0.00390854 0.759883 0.00227065 3.28394 0.0484987 4.40359 0.10109 1295.1 785.503 1302.79 785.651 1302.79 785.651 0.218569 0.108866 
300 0.29 3871800000 44.6143 0.779299 -1245.1 6.99556 1.55767e+06 17040.8 2.47134e+12 5.15773e+10 -0.124002 0.0968684 0.661033 0.0523518 0.578168 0.00342291 0.33598 0.00390854 0.759883 0.00227065 3.28394 0.0484987 4.40359 0.10109 1295.1 785.503 1302.79 785.651 1302.79 785.651 0.218569 0.108866 
300 0.29 3873600000 44.6143 0.779299 -1245.1 6.99556 1.55767e+06 17040.8 2.47134e+12 5.15773e+10 -0.124002 0.0968684 0.661033 0.0523518 0.578168 0.00342291 0.33598 0.00390854 0.759883 0.00227065 3.28394 0.0484987 4.40359 0.10109 1295.1 785.503 1302.79 785.651 1302.79 785.651 0.218569 0.108866 
300 0.29 3875400000 44.6143 0.779299 -1245.1 6.99556 1.55767e+06 17040.8 2.47134e+12 5.15773e+10 -0.124002 0.0968684 0.661033 0.0523518 0.578168 0.00342291 0.33598 0.00390854 0.759883 0.00227065 3.28394 0.0484987 4.40359 0.10109 1295.1 785.503 1302.79 785.651 1302.79 785.651 0.218569 0.108866 
300 0.29 3877200000 44.6143 0.779299 -1245.1 6.99556 1.55767e+06 17040.8 2.47134e+12 5.15773e+10 -0.124002 0.0968684 0.661033 0.0523518 0.578168 0.00342291 0.33598 0.00390854 0.759883 0.00227065 3.28394 0.0484987 4.40359 0.10109 1295.1 785.503 1302.79 785.651 1302.79 785.651 0.218569 0.108866 
300 0.29 3879000000 44.6143 0.776674 -1245.1 6.99556 1.55767e+06 17040.8 2.47134e+12 5.15773e+10 -0.124002 0.0968684 0.661033 0.0523518 0.578168 0.00342291 0.33598 0.00390854 0.759883 0.00227065 3.28394 0.0484987 4.40359 0.10109 1295.1 785.503 1302.79 785.651 1302.79 785.651 0.218569 0.108866 
300 0.29 3880800000 44.6143 0.776674 -1245.1 6.99556 1.55767e+06 17040.8 2.47134e+12 5.15773e+10 -0.124002 0.0968684 0.661033 0.0523518 0.578168 0.00342291 0.33598 0.00390854 0.759883 0.00227065 3.28394 0.0484987 4.40359 0.10109 1295.1 785.503 1302.79 785.651 1302.79 785.651 0.218569 0.108866 
300 0.29 3882600000 44.6143 0.776674 -1245.1 6.99556 1.55767e+06 17040.8 2.47134e+12 5.15773e+10 -0.124002 0.0968684 0.661033 0.0523518 0.578168 0.00342291 0.33598 0.00390854 0.759883 0.00227065 3.28394 0.0484987 4.40359 0.10109 1295.1 785.503 1302.79 785.651 1302.79 785.651 0.218569 0.108866 
300 0.29 3884400000 44.6143 0.776674 -1245.1 6.99556 1.55767e+06 17040.8 2.47134e+12 5.15773e+10 -0.124002 0.0968684 0.661033 0.0523518 0.578168 0.00342291 0.33598 0.00390854 0.759883 0.00227065 3.28394 0.0484987 4.40359 0.10109 1295.1 785.503 1302.79 785.651 1302.79 785.651 0.218569 0.108866 
300 0.29 3886200000 44.6143 0.776674 -1245.1 6.99556 1.55767e+06 17040.8 2.47134e+12 5.15773e+10 -0.124002 0.0968684 0.661033 0.0523518 0.578168 0.00342291 0.33598 0.00390854 0.759883 0.00227065 3.28394 0.0484987 4.40359 0.10109 1295.1 785.503 1302.79 785.651 1302.79 785.651 0.218569 0.108866 
300 0.29 3888000000 44.6143 0.776674 -1245.1 6.99556 1.55767e+06 17040.8 2.47134e+12 5.15773e+10 -0.124002 0.0968684 0.661033 0.0523518 0.578168 0.00342291 0.33598 0.00390854 0.759883 0.00227065 3.28394 0.0484987 4.40359 0.10109 1295.1 785.503 1302.79 785.651 1302.79 785.651 0.218569 0.108866 
300 0.29 3889800000 44.6143 0.776674 -1245.1 6.99556 1.55767e+06 17040.8 2.47134e+12 5.15773e+10 -0.124002 0.0968684 0.661033 0.0523518 0.578168 0.00342291 0.33598 0.00390854 0.759883 0.00227065 3.28394 0.0484987 4.40359 0.10109 1295.1 785.503 1302.79 785.651 1302.79 785.651 0.218569 0.108866 
300 0.29 3891600000 44.6143 0.776674 -1245.1 6.99556 1.55767e+06 17040.8 2.47134e+12 5.15773e+10 -0.124002 0.0968684 0.661033 0.0523518 0.578168 0.00342291 0.33598 0.00390854 0.759883 0.00227065 3.28394 0.0484987 4.40359 0.10109 1295.1 785.503 1302.79 785.651 1302.79 785.651 0.218569 0.108866 
300 0.29 3893400000 44.6143 0.775188 -1245.1 6.99556 1.55767e+06 17040.8 2.47134e+12 5.15773e+10 -0.124002 0.0968684 0.661033 0.0523518 0.578168 0.00342291 0.33598 0.00390854 0.759883 0.00227065 3.28394 0.0484987 4.40359 0.10109 1295.1 785.503 1302.79 785.651 1302.79 785.651 0.218569 0.108866 
300 0.29 3895200000 44.6143 0.775188 -1245.1 6.99556 1.55767e+06 17040.8 2.47134e+12 5.15773e+10 -0.124002 0.0968684 0.661033 0.0523518 0.578168 0.00342291 0.33598 0.00390854 0.759883 0.00227065 3.28394 0.0484987 4.40359 0.10109 1295.1 785.503 1302.79 785.651 1302.79 785.651 0.218569 0.108866 
300 0.29 3897000000 44.6143 0.775188 -1245.1 6.99556 1.55767e+06 17040.8 2.47134e+12 5.15773e+10 -0.124002 0.0968684 0.661033 0.0523518 0.578168 0.00342291 0.33598 0.00390854 0.759883 0.00227065 3.28394 0.0484987 4.40359 0.10109 1295.1 785.503 1302.79 785.651 1302.79 785.651 0.218569 0.108866 
300 0.29 3898800000 44.6143 0.775188 -1245.1 6.99556 1.55767e+06 17040.8 2.47134e+12 5.15773e+10 -0.124002 0.0968684 0.661033 0.0523518 0.578168 0.00342291 0.33598 0.00390854 0.759883 0.00227065 3.28394 0.0484987 4.40359 0.10109 1295.1 785.503 1302.79 785.651 1302.79 785.651 0.218569 0.108866 
300 0.29 3900600000 44.6143 0.775188 -1245.1 6.99556 1.55767e+06 17040.8 2.47134e+12 5.15773e+10 -0.124002 0.0968684 0.661033 0.0523518 0.578168 0.00342291 0.33598 0.00390854 0.759883 0.00227065 3.28394 0.0484987 4.40359 0.10109 1295.1 785.503 1302.79 785.651 1302.79 785.651 0.218569 0.108866 
300 0.29 3902400000 44.6143 0.775188 -1245.1 6.99556 1.55767e+06 17040.8 2.47134e+12 5.15773e+10 -0.124002 0.0968684 0.661033 0.0523518 0.578168 0.00342291 0.33598 0.00390854 0.759883 0.00227065 3.28394 0.0484987 4.40359 0.10109 1295.1 785.503 1302.79 785.651 1302.79 785.651 0.218569 0.108866 
300 0.29 3904200000 44.6143 0.775188 -1245.1 6.99556 1.55767e+06 17040.8 2.47134e+12 5.15773e+10 -0.124002 0.0968684 0.661033 0.0523518 0.578168 0.00342291 0.33598 0.00390854 0.759883 0.00227065 3.28394 0.0484987 4.40359 0.10109 1295.1 785.503 1302.79 785.651 1302.79 785.651 0.218569 0.108866 
300 0.29 3906000000 44.6143 0.775188 -1245.1 6.99556 1.55767e+06 17040.8 2.47134e+12 5.15773e+10 -0.124002 0.0968684 0.661033 0.0523518 0.578168 0.00342291 0.33598 0.00390854 0.759883 0.00227065 3.28394 0.0484987 4.40359 0.10109 1295.1 785.503 1302.79 785.651 1302.79 785.651 0.218569 0.108866 
300 0.29 3907800000 44.6143 0.773696 -1245.1 6.99556 1.55767e+06 17040.8 2.47134e+12 5.15773e+10 -0.124002 0.0968684 0.661033 0.0523518 0.578168 0.00342291 0.33598 0.00390854 0.759883 0.00227065 3.28394 0.0484987 4.40359 0.10109 1295.1 785.503 1302.79 785.651 1302.79 785.651 0.218569 0.108866 
300 0.29 3909600000 44.6143 0.773696 -1245.1 6.99556 1.55767e+06 17040.8 2.47134e+12 5.15773e+10 -0.124002 0.0968684 0.661033 0.0523518 0.578168 0.00342291 0.33598 0.00390854 0.759883 0.00227065 3.28394 0.0484987 4.40359 0.10109 1295.1 785.503 1302.79 785.651 1302.79 785.651 0.218569 0.108866 
300 0.29 3911400000 44.6143 0.773696 -1245.1 6.99556 1.55767e+06 17040.8 2.47134e+12 5.15773e+10 -0.124002 0.0968684 0.661033 0.0523518 0.578168 0.00342291 0.33598 0.00390854 0.759883 0.00227065 3.28394 0.0484987 4.40359 0.10109 1295.1 785.503 1302.79 785.651 1302.79 785.651 0.218569 0.108866 
300 0.29 3913200000 44.6143 0.773696 -1245.1 6.99556 1.55767e+06 17040.8 2.47134e+12 5.15773e+10 -0.124002 0.0968684 0.661033 0.0523518 0.578168 0.00342291 0.33598 0.00390854 0.759883 0.00227065 3.28394 0.0484987 4.40359 0.10109 1295.1 785.503 1302.79 785.651 1302.79 785.651 0.218569 0.108866 
300 0.29 3915000000 44.6143 0.773696 -1245.1 6.99556 1.55767e+06 17040.8 2.47134e+12 5.15773e+10 -0.124002 0.0968684 0.661033 0.0523518 0.578168 0.00342291 0.33598 0.00390854 0.759883 0.00227065 3.28394 0.0484987 4.40359 0.10109 1295.1 785.503 1302.79 785.651 1302.79 785.651 0.218569 0.108866 
300 0.29 3916800000 44.6143 0.773696 -1245.1 6.99556 1.55767e+06 17040.8 2.47134e+12 5.15773e+10 -0.124002 0.0968684 0.661033 0.0523518 0.578168 0.00342291 0.33598 0.00390854 0.759883 0.00227065 3.28394 0.0484987 4.40359 0.10109 1295.1 785.503 1302.79 785.651 1302.79 785.651 0.218569 0.108866 
300 0.29 3918600000 44.6143 0.773696 -1245.1 6.99556 1.55767e+06 17040.8 2.47134e+12 5.15773e+10 -0.124002 0.0968684 0.661033 0.0523518 0.578168 0.00342291 0.33598 0.00390854 0.759883 0.00227065 3.28394 0.0484987 4.40359 0.10109 1295.1 785.503 1302.79 785.651 1302.79 785.651 0.218569 0.108866 
300 0.29 3920400000 44.6143 0.773696 -1245.1 6.99556 1.55767e+06 17040.8 2.47134e+12 5.15773e+10 -0.124002 0.0968684 0.661033 0.0523518 0.578168 0.00342291 0.33598 0.00390854 0.759883 0.00227065 3.28394 0.0484987 4.40359 0.10109 1295.1 785.503 1302.79 785.651 1302.79 785.651 0.218569 0.108866 
300 0.29 3922200000 44.6143 0.77108 -1245.1 6.99556 1.55767e+06 17040.8 2.47134e+12 5.15773e+10 -0.124002 0.0968684 0.661033 0.0523518 0.578168 0.00342291 0.33598 0.00390854 0.759883 0.00227065 3.28394 0.0484987 4.40359 0.10109 1295.1 785.503 1302.79 785.651 1302.79 785.651 0.218569 0.108866 
300 0.29 3924000000 44.6143 0.77108 -1245.1 6.99556 1.55767e+06 17040.8 2.47134e+12 5.15773e+10 -0.124002 0.0968684 0.661033 0.0523518 0.578168 0.00342291 0.33598 0.00390854 0.759883 0.00227065 3.28394 0.0484987 4.40359 0.10109 1295.1 785.503 1302.79 785.651 1302.79 785.651 0.218569 0.108866 
300 0.29 3925800000 44.6143 0.77108 -1245.1 6.99556 1.55767e+06 17040.8 2.47134e+12 5.15773e+10 -0.124002 0.0968684 0.661033 0.0523518 0.578168 0.00342291 0.33598 0.00390854 0.759883 0.00227065 3.28394 0.0484987 4.40359 0.10109 1295.1 785.503 1302.79 785.651 1302.79 785.651 0.218569 0.108866 
300 0.29 3927600000 44.6143 0.77108 -1245.1 6.99556 1.55767e+06 17040.8 2.47134e+12 5.15773e+10 -0.124002 0.0968684 0.661033 0.0523518 0.578168 0.00342291 0.33598 0.00390854 0.759883 0.00227065 3.28394 0.0484987 4.40359 0.10109 1295.1 785.503 1302.79 785.651 1302.79 785.651 0.218569 0.108866 
300 0.29 3929400000 44.6143 0.77108 -1245.1 6.99556 1.55767e+06 17040.8 2.47134e+12 5.15773e+10 -0.124002 0.0968684 0.661033 0.0523518 0.578168 0.00342291 0.33598 0.00390854 0.759883 0.00227065 3.28394 0.0484987 4.40359 0.10109 1295.1 785.503 1302.79 785.651 1302.79 785.651 0.218569 0.108866 
300 0.29 3931200000 44.6143 0.77108 -1245.1 6.99556 1.55767e+06 17040.8 2.47134e+12 5.15773e+10 -0.124002 0.0968684 0.661033 0.0523518 0.578168 0.00342291 0.33598 0.00390854 0.759883 0.00227065 3.28394 0.0484987 4.40359 0.10109 1295.1 785.503 1302.79 785.651 1302.79 785.651 0.218569 0.108866 
300 0.29 3933000000 44.6143 0.77108 -1245.1 6.99556 1.55767e+06 17040.8 2.47134e+12 5.15773e+10 -0.124002 0.0968684 0.661033 0.0523518 0.578168 0.00342291 0.33598 0.00390854 0.759883 0.00227065 3.28394 0.0484987 4.40359 0.10109 1295.1 785.503 1302.79 785.651 1302.79 785.651 0.218569 0.108866 
300 0.29 3934800000 44.6143 0.77108 -1245.1 6.99556 1.55767e+06 17040.8 2.47134e+12 5.15773e+10 -0.124002 0.0968684 0.661033 0.0523518 0.578168 0.00342291 0.33598 0.00390854 0.759883 0.00227065 3.28394 0.0484987 4.40359 0.10109 1295.1 785.503 1302.79 785.651 1302.79 785.651 0.218569 0.108866 
300 0.29 3936600000 44.6143 0.76883 -1245.1 6.99556 1.55767e+06 17040.8 2.47134e+12 5.15773e+10 -0.124002 0.0968684 0.661033 0.0523518 0.578168 0.00342291 0.33598 0.00390854 0.759883 0.00227065 3.28394 0.0484987 4.40359 0.10109 1295.1 785.503 1302.79 785.651 1302.79 785.651 0.218569 0.108866 
300 0.29 3938400000 44.6143 0.76883 -1245.1 6.99556 1.55767e+06 17040.8 2.47134e+12 5.15773e+10 -0.124002 0.0968684 0.661033 0.0523518 0.578168 0.00342291 0.33598 0.00390854 0.759883 0.00227065 3.28394 0.0484987 4.40359 0.10109 1295.1 785.503 1302.79 785.651 1302.79 785.651 0.218569 0.108866 
300 0.29 3940200000 44.6143 0.76883 -1245.1 6.99556 1.55767e+06 17040.8 2.47134e+12 5.15773e+10 -0.124002 0.0968684 0.661033 0.0523518 0.578168 0.00342291 0.33598 0.00390854 0.759883 0.00227065 3.28394 0.0484987 4.40359 0.10109 1295.1 785.503 1302.79 785.651 1302.79 785.651 0.218569 0.108866 
300 0.29 3942000000 44.6143 0.76883 -1245.1 6.99556 1.55767e+06 17040.8 2.47134e+12 5.15773e+10 -0.124002 0.0968684 0.661033 0.0523518 0.578168 0.00342291 0.33598 0.00390854 0.759883 0.00227065 3.28394 0.0484987 4.40359 0.10109 1295.1 785.503 1302.79 785.651 1302.79 785.651 0.218569 0.108866 
300 0.29 3943800000 44.6143 0.76883 -1245.1 6.99556 1.55767e+06 17040.8 2.47134e+12 5.15773e+10 -0.124002 0.0968684 0.661033 0.0523518 0.578168 0.00342291 0.33598 0.00390854 0.759883 0.00227065 3.28394 0.0484987 4.40359 0.10109 1295.1 785.503 1302.79 785.651 1302.79 785.651 0.218569 0.108866 
300 0.29 3945600000 44.6143 0.76883 -1245.1 6.99556 1.55767e+06 17040.8 2.47134e+12 5.15773e+10 -0.124002 0.0968684 0.661033 0.0523518 0.578168 0.00342291 0.33598 0.00390854 0.759883 0.00227065 3.28394 0.0484987 4.40359 0.10109 1295.1 785.503 1302.79 785.651 1302.79 785.651 0.218569 0.108866 
300 0.29 3947400000 44.6143 0.76883 -1245.1 6.99556 1.55767e+06 17040.8 2.47134e+12 5.15773e+10 -0.124002 0.0968684 0.661033 0.0523518 0.578168 0.00342291 0.33598 0.00390854 0.759883 0.00227065 3.28394 0.0484987 4.40359 0.10109 1295.1 785.503 1302.79 785.651 1302.79 785.651 0.218569 0.108866 
300 0.29 3949200000 44.6143 0.76883 -1245.1 6.99556 1.55767e+06 17040.8 2.47134e+12 5.15773e+10 -0.124002 0.0968684 0.661033 0.0523518 0.578168 0.00342291 0.33598 0.00390854 0.759883 0.00227065 3.28394 0.0484987 4.40359 0.10109 1295.1 785.503 1302.79 785.651 1302.79 785.651 0.218569 0.108866 
300 0.29 3951000000 44.6324 0.768593 -1245.09 6.99556 1.5575e+06 17040.8 2.46991e+12 5.15773e+10 -0.139223 0.0968684 0.660254 0.0523518 0.577657 0.00342291 0.335367 0.00390854 0.759553 0.00227065 3.27648 0.0484987 4.38632 0.10109 1220.45 785.503 1228.11 785.651 1228.11 785.651 0.209073 0.108866 
300 0.29 3952800000 44.6324 0.768593 -1245.09 6.99556 1.5575e+06 17040.8 2.46991e+12 5.15773e+10 -0.139223 0.0968684 0.660254 0.0523518 0.577657 0.00342291 0.335367 0.00390854 0.759553 0.00227065 3.27648 0.0484987 4.38632 0.10109 1220.45 785.503 1228.11 785.651 1228.11 785.651 0.209073 0.108866 
300 0.29 3954600000 44.6324 0.768593 -1245.09 6.99556 1.5575e+06 17040.8 2.46991e+12 5.15773e+10 -0.139223 0.0968684 0.660254 0.0523518 0.577657 0.00342291 0.335367 0.00390854 0.759553 0.00227065 3.27648 0.0484987 4.38632 0.10109 1220.45 785.503 1228.11 785.651 1228.11 785.651 0.209073 0.108866 
300 0.29 3956400000 44.6324 0.768593 -1245.09 6.99556 1.5575e+06 17040.8 2.46991e+12 5.15773e+10 -0.139223 0.0968684 0.660254 0.0523518 0.577657 0.00342291 0.335367 0.00390854 0.759553 0.00227065 3.27648 0.0484987 4.38632 0.10109 1220.45 785.503 1228.11 785.651 1228.11 785.651 0.209073 0.108866 
300 0.29 3958200000 44.6324 0.768593 -1245.09 6.99556 1.5575e+06 17040.8 2.46991e+12 5.15773e+10 -0.139223 0.0968684 0.660254 0.0523518 0.577657 0.00342291 0.335367 0.00390854 0.759553 0.00227065 3.27648 0.0484987 4.38632 0.10109 1220.45 785.503 1228.11 785.651 1228.11 785.651 0.209073 0.108866 
300 0.29 3960000000 44.6324 0.768593 -1245.09 6.99556 1.5575e+06 17040.8 2.46991e+12 5.15773e+10 -0.139223 0.0968684 0.660254 0.0523518 0.577657 0.00342291 0.335367 0.00390854 0.759553 0.00227065 3.27648 0.0484987 4.38632 0.10109 1220.45 785.503 1228.11 785.651 1228.11 785.651 0.209073 0.108866 
300 0.29 3961800000 44.6324 0.768593 -1245.09 6.99556 1.5575e+06 17040.8 2.46991e+12 5.15773e+10 -0.139223 0.0968684 0.660254 0.0523518 0.577657 0.00342291 0.335367 0.00390854 0.759553 0.00227065 3.27648 0.0484987 4.38632 0.10109 1220.45 785.503 1228.11 785.651 1228.11 785.651 0.209073 0.108866 
300 0.29 3963600000 44.6324 0.768593 -1245.09 6.99556 1.5575e+06 17040.8 2.46991e+12 5.15773e+10 -0.139223 0.0968684 0.660254 0.0523518 0.577657 0.00342291 0.335367 0.00390854 0.759553 0.00227065 3.27648 0.0484987 4.38632 0.10109 1220.45 785.503 1228.11 785.651 1228.11 785.651 0.209073 0.108866 
300 0.29 3965400000 44.6324 0.765909 -1245.09 6.99556 1.5575e+06 17040.8 2.46991e+12 5.15773e+10 -0.139223 0.0968684 0.660254 0.0523518 0.577657 0.00342291 0.335367 0.00390854 0.759553 0.00227065 3.27648 0.0484987 4.38632 0.10109 1220.45 785.503 1228.11 785.651 1228.11 785.651 0.209073 0.108866 
300 0.29 3967200000 44.6324 0.765909 -1245.09 6.99556 1.5575e+06 17040.8 2.46991e+12 5.15773e+10 -0.139223 0.0968684 0.660254 0.0523518 0.577657 0.00342291 0.335367 0.00390854 0.759553 0.00227065 3.27648 0.0484987 4.38632 0.10109 1220.45 785.503 1228.11 785.651 1228.11 785.651 0.209073 0.108866 
300 0.29 3969000000 44.6324 0.765909 -1245.09 6.99556 1.5575e+06 17040.8 2.46991e+12 5.15773e+10 -0.139223 0.0968684 0.660254 0.0523518 0.577657 0.00342291 0.335367 0.00390854 0.759553 0.00227065 3.27648 0.0484987 4.38632 0.10109 1220.45 785.503 1228.11 785.651 1228.11 785.651 0.209073 0.108866 
300 0.29 3970800000 44.6324 0.765909 -1245.09 6.99556 1.5575e+06 17040.8 2.46991e+12 5.15773e+10 -0.139223 0.0968684 0.660254 0.0523518 0.577657 0.00342291 0.335367 0.00390854 0.759553 0.00227065 3.27648 0.0484987 4.38632 0.10109 1220.45 785.503 1228.11 785.651 1228.11 785.651 0.209073 0.108866 
300 0.29 3972600000 44.6324 0.765909 -1245.09 6.99556 1.5575e+06 17040.8 2.46991e+12 5.15773e+10 -0.139223 0.0968684 0.660254 0.0523518 0.577657 0.00342291 0.335367 0.00390854 0.759553 0.00227065 3.27648 0.0484987 4.38632 0.10109 1220.45 785.503 1228.11 785.651 1228.11 785.651 0.209073 0.108866 
300 0.29 3974400000 44.6324 0.765909 -1245.09 6.99556 1.5575e+06 17040.8 2.46991e+12 5.15773e+10 -0.139223 0.0968684 0.660254 0.0523518 0.577657 0.00342291 0.335367 0.00390854 0.759553 0.00227065 3.27648 0.0484987 4.38632 0.10109 1220.45 785.503 1228.11 785.651 1228.11 785.651 0.209073 0.108866 
300 0.29 3976200000 44.6324 0.765909 -1245.09 6.99556 1.5575e+06 17040.8 2.46991e+12 5.15773e+10 -0.139223 0.0968684 0.660254 0.0523518 0.577657 0.00342291 0.335367 0.00390854 0.759553 0.00227065 3.27648 0.0484987 4.38632 0.10109 1220.45 785.503 1228.11 785.651 1228.11 785.651 0.209073 0.108866 
300 0.29 3978000000 44.6324 0.765909 -1245.09 6.99556 1.5575e+06 17040.8 2.46991e+12 5.15773e+10 -0.139223 0.0968684 0.660254 0.0523518 0.577657 0.00342291 0.335367 0.00390854 0.759553 0.00227065 3.27648 0.0484987 4.38632 0.10109 1220.45 785.503 1228.11 785.651 1228.11 785.651 0.209073 0.108866 
300 0.29 3979800000 44.6324 0.763262 -1245.09 6.99556 1.5575e+06 17040.8 2.46991e+12 5.15773e+10 -0.139223 0.0968684 0.660254 0.0523518 0.577657 0.00342291 0.335367 0.00390854 0.759553 0.00227065 3.27648 0.0484987 4.38632 0.10109 1220.45 785.503 1228.11 785.651 1228.11 785.651 0.209073 0.108866 
300 0.29 3981600000 44.6324 0.763262 -1245.09 6.99556 1.5575e+06 17040.8 2.46991e+12 5.15773e+10 -0.139223 0.0968684 0.660254 0.0523518 0.577657 0.00342291 0.335367 0.00390854 0.759553 0.00227065 3.27648 0.0484987 4.38632 0.10109 1220.45 785.503 1228.11 785.651 1228.11 785.651 0.209073 0.108866 
300 0.29 3983400000 44.6324 0.763262 -1245.09 6.99556 1.5575e+06 17040.8 2.46991e+12 5.15773e+10 -0.139223 0.0968684 0.660254 0.0523518 0.577657 0.00342291 0.335367 0.00390854 0.759553 0.00227065 3.27648 0.0484987 4.38632 0.10109 1220.45 785.503 1228.11 785.651 1228.11 785.651 0.209073 0.108866 
300 0.29 3985200000 44.6324 0.763262 -1245.09 6.99556 1.5575e+06 17040.8 2.46991e+12 5.15773e+10 -0.139223 0.0968684 0.660254 0.0523518 0.577657 0.00342291 0.335367 0.00390854 0.759553 0.00227065 3.27648 0.0484987 4.38632 0.10109 1220.45 785.503 1228.11 785.651 1228.11 785.651 0.209073 0.108866 
300 0.29 3987000000 44.6324 0.763262 -1245.09 6.99556 1.5575e+06 17040.8 2.46991e+12 5.15773e+10 -0.139223 0.0968684 0.660254 0.0523518 0.577657 0.00342291 0.335367 0.00390854 0.759553 0.00227065 3.27648 0.0484987 4.38632 0.10109 1220.45 785.503 1228.11 785.651 1228.11 785.651 0.209073 0.108866 
300 0.29 3988800000 44.6324 0.763262 -1245.09 6.99556 1.5575e+06 17040.8 2.46991e+12 5.15773e+10 -0.139223 0.0968684 0.660254 0.0523518 0.577657 0.00342291 0.335367 0.00390854 0.759553 0.00227065 3.27648 0.0484987 4.38632 0.10109 1220.45 785.503 1228.11 785.651 1228.11 785.651 0.209073 0.108866 
300 0.29 3990600000 44.6324 0.763262 -1245.09 6.99556 1.5575e+06 17040.8 2.46991e+12 5.15773e+10 -0.139223 0.0968684 0.660254 0.0523518 0.577657 0.00342291 0.335367 0.00390854 0.759553 0.00227065 3.27648 0.0484987 4.38632 0.10109 1220.45 785.503 1228.11 785.651 1228.11 785.651 0.209073 0.108866 
300 0.29 3992400000 44.6324 0.763262 -1245.09 6.99556 1.5575e+06 17040.8 2.46991e+12 5.15773e+10 -0.139223 0.0968684 0.660254 0.0523518 0.577657 0.00342291 0.335367 0.00390854 0.759553 0.00227065 3.27648 0.0484987 4.38632 0.10109 1220.45 785.503 1228.11 785.651 1228.11 785.651 0.209073 0.108866 
300 0.29 3994200000 44.6324 0.767439 -1245.09 6.99556 1.5575e+06 17040.8 2.46991e+12 5.15773e+10 -0.139223 0.0968684 0.660254 0.0523518 0.577657 0.00342291 0.335367 0.00390854 0.759553 0.00227065 3.27648 0.0484987 4.38632 0.10109 1220.45 785.503 1228.11 785.651 1228.11 785.651 0.209073 0.108866 
300 0.29 3996000000 44.6324 0.767439 -1245.09 6.99556 1.5575e+06 17040.8 2.46991e+12 5.15773e+10 -0.139223 0.0968684 0.660254 0.0523518 0.577657 0.00342291 0.335367 0.00390854 0.759553 0.00227065 3.27648 0.0484987 4.38632 0.10109 1220.45 785.503 1228.11 785.651 1228.11 785.651 0.209073 0.108866 
300 0.29 3997800000 44.6324 0.767439 -1245.09 6.99556 1.5575e+06 17040.8 2.46991e+12 5.15773e+10 -0.139223 0.0968684 0.660254 0.0523518 0.577657 0.00342291 0.335367 0.00390854 0.759553 0.00227065 3.27648 0.0484987 4.38632 0.10109 1220.45 785.503 1228.11 785.651 1228.11 785.651 0.209073 0.108866 
300 0.29 3999600000 44.6324 0.767439 -1245.09 6.99556 1.5575e+06 17040.8 2.46991e+12 5.15773e+10 -0.139223 0.0968684 0.660254 0.0523518 0.577657 0.00342291 0.335367 0.00390854 0.759553 0.00227065 3.27648 0.0484987 4.38632 0.10109 1220.45 785.503 1228.11 785.651 1228.11 785.651 0.209073 0.108866 
300 0.29 4001400000 44.6324 0.767439 -1245.09 6.99556 1.5575e+06 17040.8 2.46991e+12 5.15773e+10 -0.139223 0.0968684 0.660254 0.0523518 0.577657 0.00342291 0.335367 0.00390854 0.759553 0.00227065 3.27648 0.0484987 4.38632 0.10109 1220.45 785.503 1228.11 785.651 1228.11 785.651 0.209073 0.108866 
300 0.29 4003200000 44.6324 0.767439 -1245.09 6.99556 1.5575e+06 17040.8 2.46991e+12 5.15773e+10 -0.139223 0.0968684 0.660254 0.0523518 0.577657 0.00342291 0.335367 0.00390854 0.759553 0.00227065 3.27648 0.0484987 4.38632 0.10109 1220.45 785.503 1228.11 785.651 1228.11 785.651 0.209073 0.108866 
300 0.29 4005000000 44.6324 0.767439 -1245.09 6.99556 1.5575e+06 17040.8 2.46991e+12 5.15773e+10 -0.139223 0.0968684 0.660254 0.0523518 0.577657 0.00342291 0.335367 0.00390854 0.759553 0.00227065 3.27648 0.0484987 4.38632 0.10109 1220.45 785.503 1228.11 785.651 1228.11 785.651 0.209073 0.108866 
300 0.29 4006800000 44.6324 0.767439 -1245.09 6.99556 1.5575e+06 17040.8 2.46991e+12 5.15773e+10 -0.139223 0.0968684 0.660254 0.0523518 0.577657 0.00342291 0.335367 0.00390854 0.759553 0.00227065 3.27648 0.0484987 4.38632 0.10109 1220.45 785.503 1228.11 785.651 1228.11 785.651 0.209073 0.108866 
300 0.29 4008600000 44.6324 0.765479 -1245.09 6.99556 1.5575e+06 17040.8 2.46991e+12 5.15773e+10 -0.139223 0.0968684 0.660254 0.0523518 0.577657 0.00342291 0.335367 0.00390854 0.759553 0.00227065 3.27648 0.0484987 4.38632 0.10109 1220.45 785.503 1228.11 785.651 1228.11 785.651 0.209073 0.108866 
300 0.29 4010400000 44.6324 0.765479 -1245.09 6.99556 1.5575e+06 17040.8 2.46991e+12 5.15773e+10 -0.139223 0.0968684 0.660254 0.0523518 0.577657 0.00342291 0.335367 0.00390854 0.759553 0.00227065 3.27648 0.0484987 4.38632 0.10109 1220.45 785.503 1228.11 785.651 1228.11 785.651 0.209073 0.108866 
300 0.29 4012200000 44.6324 0.765479 -1245.09 6.99556 1.5575e+06 17040.8 2.46991e+12 5.15773e+10 -0.139223 0.0968684 0.660254 0.0523518 0.577657 0.00342291 0.335367 0.00390854 0.759553 0.00227065 3.27648 0.0484987 4.38632 0.10109 1220.45 785.503 1228.11 785.651 1228.11 785.651 0.209073 0.108866 
300 0.29 4014000000 44.6324 0.765479 -1245.09 6.99556 1.5575e+06 17040.8 2.46991e+12 5.15773e+10 -0.139223 0.0968684 0.660254 0.0523518 0.577657 0.00342291 0.335367 0.00390854 0.759553 0.00227065 3.27648 0.0484987 4.38632 0.10109 1220.45 785.503 1228.11 785.651 1228.11 785.651 0.209073 0.108866 
300 0.29 4015800000 44.6324 0.765479 -1245.09 6.99556 1.5575e+06 17040.8 2.46991e+12 5.15773e+10 -0.139223 0.0968684 0.660254 0.0523518 0.577657 0.00342291 0.335367 0.00390854 0.759553 0.00227065 3.27648 0.0484987 4.38632 0.10109 1220.45 785.503 1228.11 785.651 1228.11 785.651 0.209073 0.108866 
300 0.29 4017600000 44.6324 0.765479 -1245.09 6.99556 1.5575e+06 17040.8 2.46991e+12 5.15773e+10 -0.139223 0.0968684 0.660254 0.0523518 0.577657 0.00342291 0.335367 0.00390854 0.759553 0.00227065 3.27648 0.0484987 4.38632 0.10109 1220.45 785.503 1228.11 785.651 1228.11 785.651 0.209073 0.108866 
300 0.29 4019400000 44.6324 0.765479 -1245.09 6.99556 1.5575e+06 17040.8 2.46991e+12 5.15773e+10 -0.139223 0.0968684 0.660254 0.0523518 0.577657 0.00342291 0.335367 0.00390854 0.759553 0.00227065 3.27648 0.0484987 4.38632 0.10109 1220.45 785.503 1228.11 785.651 1228.11 785.651 0.209073 0.108866 
300 0.29 4021200000 44.6324 0.765479 -1245.09 6.99556 1.5575e+06 17040.8 2.46991e+12 5.15773e+10 -0.139223 0.0968684 0.660254 0.0523518 0.577657 0.00342291 0.335367 0.00390854 0.759553 0.00227065 3.27648 0.0484987 4.38632 0.10109 1220.45 785.503 1228.11 785.651 1228.11 785.651 0.209073 0.108866 
300 0.29 4023000000 44.6324 0.768343 -1245.09 6.99556 1.5575e+06 17040.8 2.46991e+12 5.15773e+10 -0.139223 0.0968684 0.660254 0.0523518 0.577657 0.00342291 0.335367 0.00390854 0.759553 0.00227065 3.27648 0.0484987 4.38632 0.10109 1220.45 785.503 1228.11 785.651 1228.11 785.651 0.209073 0.108866 
300 0.29 4024800000 44.6324 0.768343 -1245.09 6.99556 1.5575e+06 17040.8 2.46991e+12 5.15773e+10 -0.139223 0.0968684 0.660254 0.0523518 0.577657 0.00342291 0.335367 0.00390854 0.759553 0.00227065 3.27648 0.0484987 4.38632 0.10109 1220.45 785.503 1228.11 785.651 1228.11 785.651 0.209073 0.108866 
300 0.29 4026600000 44.6324 0.768343 -1245.09 6.99556 1.5575e+06 17040.8 2.46991e+12 5.15773e+10 -0.139223 0.0968684 0.660254 0.0523518 0.577657 0.00342291 0.335367 0.00390854 0.759553 0.00227065 3.27648 0.0484987 4.38632 0.10109 1220.45 785.503 1228.11 785.651 1228.11 785.651 0.209073 0.108866 
300 0.29 4028400000 44.6324 0.768343 -1245.09 6.99556 1.5575e+06 17040.8 2.46991e+12 5.15773e+10 -0.139223 0.0968684 0.660254 0.0523518 0.577657 0.00342291 0.335367 0.00390854 0.759553 0.00227065 3.27648 0.0484987 4.38632 0.10109 1220.45 785.503 1228.11 785.651 1228.11 785.651 0.209073 0.108866 
300 0.29 4030200000 44.6324 0.768343 -1245.09 6.99556 1.5575e+06 17040.8 2.46991e+12 5.15773e+10 -0.139223 0.0968684 0.660254 0.0523518 0.577657 0.00342291 0.335367 0.00390854 0.759553 0.00227065 3.27648 0.0484987 4.38632 0.10109 1220.45 785.503 1228.11 785.651 1228.11 785.651 0.209073 0.108866 
300 0.29 4032000000 44.6324 0.768343 -1245.09 6.99556 1.5575e+06 17040.8 2.46991e+12 5.15773e+10 -0.139223 0.0968684 0.660254 0.0523518 0.577657 0.00342291 0.335367 0.00390854 0.759553 0.00227065 3.27648 0.0484987 4.38632 0.10109 1220.45 785.503 1228.11 785.651 1228.11 785.651 0.209073 0.108866 
300 0.29 4033800000 44.6324 0.768343 -1245.09 6.99556 1.5575e+06 17040.8 2.46991e+12 5.15773e+10 -0.139223 0.0968684 0.660254 0.0523518 0.577657 0.00342291 0.335367 0.00390854 0.759553 0.00227065 3.27648 0.0484987 4.38632 0.10109 1220.45 785.503 1228.11 785.651 1228.11 785.651 0.209073 0.108866 
300 0.29 4035600000 44.6324 0.768343 -1245.09 6.99556 1.5575e+06 17040.8 2.46991e+12 5.15773e+10 -0.139223 0.0968684 0.660254 0.0523518 0.577657 0.00342291 0.335367 0.00390854 0.759553 0.00227065 3.27648 0.0484987 4.38632 0.10109 1220.45 785.503 1228.11 785.651 1228.11 785.651 0.209073 0.108866 
300 0.29 4037400000 44.6324 0.767822 -1245.09 6.99556 1.5575e+06 17040.8 2.46991e+12 5.15773e+10 -0.139223 0.0968684 0.660254 0.0523518 0.577657 0.00342291 0.335367 0.00390854 0.759553 0.00227065 3.27648 0.0484987 4.38632 0.10109 1220.45 785.503 1228.11 785.651 1228.11 785.651 0.209073 0.108866 
300 0.29 4039200000 44.6324 0.767822 -1245.09 6.99556 1.5575e+06 17040.8 2.46991e+12 5.15773e+10 -0.139223 0.0968684 0.660254 0.0523518 0.577657 0.00342291 0.335367 0.00390854 0.759553 0.00227065 3.27648 0.0484987 4.38632 0.10109 1220.45 785.503 1228.11 785.651 1228.11 785.651 0.209073 0.108866 
300 0.29 4041000000 44.6324 0.767822 -1245.09 6.99556 1.5575e+06 17040.8 2.46991e+12 5.15773e+10 -0.139223 0.0968684 0.660254 0.0523518 0.577657 0.00342291 0.335367 0.00390854 0.759553 0.00227065 3.27648 0.0484987 4.38632 0.10109 1220.45 785.503 1228.11 785.651 1228.11 785.651 0.209073 0.108866 
300 0.29 4042800000 44.6324 0.767822 -1245.09 6.99556 1.5575e+06 17040.8 2.46991e+12 5.15773e+10 -0.139223 0.0968684 0.660254 0.0523518 0.577657 0.00342291 0.335367 0.00390854 0.759553 0.00227065 3.27648 0.0484987 4.38632 0.10109 1220.45 785.503 1228.11 785.651 1228.11 785.651 0.209073 0.108866 
300 0.29 4044600000 44.6324 0.767822 -1245.09 6.99556 1.5575e+06 17040.8 2.46991e+12 5.15773e+10 -0.139223 0.0968684 0.660254 0.0523518 0.577657 0.00342291 0.335367 0.00390854 0.759553 0.00227065 3.27648 0.0484987 4.38632 0.10109 1220.45 785.503 1228.11 785.651 1228.11 785.651 0.209073 0.108866 
300 0.29 4046400000 44.6324 0.767822 -1245.09 6.99556 1.5575e+06 17040.8 2.46991e+12 5.15773e+10 -0.139223 0.0968684 0.660254 0.0523518 0.577657 0.00342291 0.335367 0.00390854 0.759553 0.00227065 3.27648 0.0484987 4.38632 0.10109 1220.45 785.503 1228.11 785.651 1228.11 785.651 0.209073 0.108866 
300 0.29 4048200000 44.6324 0.767822 -1245.09 6.99556 1.5575e+06 17040.8 2.46991e+12 5.15773e+10 -0.139223 0.0968684 0.660254 0.0523518 0.577657 0.00342291 0.335367 0.00390854 0.759553 0.00227065 3.27648 0.0484987 4.38632 0.10109 1220.45 785.503 1228.11 785.651 1228.11 785.651 0.209073 0.108866 
300 0.29 4050000000 44.6324 0.767822 -1245.09 6.99556 1.5575e+06 17040.8 2.46991e+12 5.15773e+10 -0.139223 0.0968684 0.660254 0.0523518 0.577657 0.00342291 0.335367 0.00390854 0.759553 0.00227065 3.27648 0.0484987 4.38632 0.10109 1220.45 785.503 1228.11 785.651 1228.11 785.651 0.209073 0.108866 
300 0.29 4051800000 44.6324 0.765513 -1245.09 6.99556 1.5575e+06 17040.8 2.46991e+12 5.15773e+10 -0.139223 0.0968684 0.660254 0.0523518 0.577657 0.00342291 0.335367 0.00390854 0.759553 0.00227065 3.27648 0.0484987 4.38632 0.10109 1220.45 785.503 1228.11 785.651 1228.11 785.651 0.209073 0.108866 
300 0.29 4053600000 44.6324 0.765513 -1245.09 6.99556 1.5575e+06 17040.8 2.46991e+12 5.15773e+10 -0.139223 0.0968684 0.660254 0.0523518 0.577657 0.00342291 0.335367 0.00390854 0.759553 0.00227065 3.27648 0.0484987 4.38632 0.10109 1220.45 785.503 1228.11 785.651 1228.11 785.651 0.209073 0.108866 
300 0.29 4055400000 44.6324 0.765513 -1245.09 6.99556 1.5575e+06 17040.8 2.46991e+12 5.15773e+10 -0.139223 0.0968684 0.660254 0.0523518 0.577657 0.00342291 0.335367 0.00390854 0.759553 0.00227065 3.27648 0.0484987 4.38632 0.10109 1220.45 785.503 1228.11 785.651 1228.11 785.651 0.209073 0.108866 
300 0.29 4057200000 44.6324 0.765513 -1245.09 6.99556 1.5575e+06 17040.8 2.46991e+12 5.15773e+10 -0.139223 0.0968684 0.660254 0.0523518 0.577657 0.00342291 0.335367 0.00390854 0.759553 0.00227065 3.27648 0.0484987 4.38632 0.10109 1220.45 785.503 1228.11 785.651 1228.11 785.651 0.209073 0.108866 
300 0.29 4059000000 44.6324 0.765513 -1245.09 6.99556 1.5575e+06 17040.8 2.46991e+12 5.15773e+10 -0.139223 0.0968684 0.660254 0.0523518 0.577657 0.00342291 0.335367 0.00390854 0.759553 0.00227065 3.27648 0.0484987 4.38632 0.10109 1220.45 785.503 1228.11 785.651 1228.11 785.651 0.209073 0.108866 
300 0.29 4060800000 44.6324 0.765513 -1245.09 6.99556 1.5575e+06 17040.8 2.46991e+12 5.15773e+10 -0.139223 0.0968684 0.660254 0.0523518 0.577657 0.00342291 0.335367 0.00390854 0.759553 0.00227065 3.27648 0.0484987 4.38632 0.10109 1220.45 785.503 1228.11 785.651 1228.11 785.651 0.209073 0.108866 
300 0.29 4062600000 44.6324 0.765513 -1245.09 6.99556 1.5575e+06 17040.8 2.46991e+12 5.15773e+10 -0.139223 0.0968684 0.660254 0.0523518 0.577657 0.00342291 0.335367 0.00390854 0.759553 0.00227065 3.27648 0.0484987 4.38632 0.10109 1220.45 785.503 1228.11 785.651 1228.11 785.651 0.209073 0.108866 
300 0.29 4064400000 44.6324 0.765513 -1245.09 6.99556 1.5575e+06 17040.8 2.46991e+12 5.15773e+10 -0.139223 0.0968684 0.660254 0.0523518 0.577657 0.00342291 0.335367 0.00390854 0.759553 0.00227065 3.27648 0.0484987 4.38632 0.10109 1220.45 785.503 1228.11 785.651 1228.11 785.651 0.209073 0.108866 
300 0.29 4066200000 44.6324 0.76278 -1245.09 6.99556 1.5575e+06 17040.8 2.46991e+12 5.15773e+10 -0.139223 0.0968684 0.660254 0.0523518 0.577657 0.00342291 0.335367 0.00390854 0.759553 0.00227065 3.27648 0.0484987 4.38632 0.10109 1220.45 785.503 1228.11 785.651 1228.11 785.651 0.209073 0.108866 
300 0.29 4068000000 44.6324 0.76278 -1245.09 6.99556 1.5575e+06 17040.8 2.46991e+12 5.15773e+10 -0.139223 0.0968684 0.660254 0.0523518 0.577657 0.00342291 0.335367 0.00390854 0.759553 0.00227065 3.27648 0.0484987 4.38632 0.10109 1220.45 785.503 1228.11 785.651 1228.11 785.651 0.209073 0.108866 
300 0.29 4069800000 44.6324 0.76278 -1245.09 6.99556 1.5575e+06 17040.8 2.46991e+12 5.15773e+10 -0.139223 0.0968684 0.660254 0.0523518 0.577657 0.00342291 0.335367 0.00390854 0.759553 0.00227065 3.27648 0.0484987 4.38632 0.10109 1220.45 785.503 1228.11 785.651 1228.11 785.651 0.209073 0.108866 
300 0.29 4071600000 44.6324 0.76278 -1245.09 6.99556 1.5575e+06 17040.8 2.46991e+12 5.15773e+10 -0.139223 0.0968684 0.660254 0.0523518 0.577657 0.00342291 0.335367 0.00390854 0.759553 0.00227065 3.27648 0.0484987 4.38632 0.10109 1220.45 785.503 1228.11 785.651 1228.11 785.651 0.209073 0.108866 
300 0.29 4073400000 44.6324 0.76278 -1245.09 6.99556 1.5575e+06 17040.8 2.46991e+12 5.15773e+10 -0.139223 0.0968684 0.660254 0.0523518 0.577657 0.00342291 0.335367 0.00390854 0.759553 0.00227065 3.27648 0.0484987 4.38632 0.10109 1220.45 785.503 1228.11 785.651 1228.11 785.651 0.209073 0.108866 
300 0.29 4075200000 44.6324 0.76278 -1245.09 6.99556 1.5575e+06 17040.8 2.46991e+12 5.15773e+10 -0.139223 0.0968684 0.660254 0.0523518 0.577657 0.00342291 0.335367 0.00390854 0.759553 0.00227065 3.27648 0.0484987 4.38632 0.10109 1220.45 785.503 1228.11 785.651 1228.11 785.651 0.209073 0.108866 
300 0.29 4077000000 44.6324 0.76278 -1245.09 6.99556 1.5575e+06 17040.8 2.46991e+12 5.15773e+10 -0.139223 0.0968684 0.660254 0.0523518 0.577657 0.00342291 0.335367 0.00390854 0.759553 0.00227065 3.27648 0.0484987 4.38632 0.10109 1220.45 785.503 1228.11 785.651 1228.11 785.651 0.209073 0.108866 
300 0.29 4078800000 44.6324 0.76278 -1245.09 6.99556 1.5575e+06 17040.8 2.46991e+12 5.15773e+10 -0.139223 0.0968684 0.660254 0.0523518 0.577657 0.00342291 0.335367 0.00390854 0.759553 0.00227065 3.27648 0.0484987 4.38632 0.10109 1220.45 785.503 1228.11 785.651 1228.11 785.651 0.209073 0.108866 
300 0.29 4080600000 44.6324 0.760737 -1245.09 6.99556 1.5575e+06 17040.8 2.46991e+12 5.15773e+10 -0.139223 0.0968684 0.660254 0.0523518 0.577657 0.00342291 0.335367 0.00390854 0.759553 0.00227065 3.27648 0.0484987 4.38632 0.10109 1220.45 785.503 1228.11 785.651 1228.11 785.651 0.209073 0.108866 
300 0.29 4082400000 44.6324 0.760737 -1245.09 6.99556 1.5575e+06 17040.8 2.46991e+12 5.15773e+10 -0.139223 0.0968684 0.660254 0.0523518 0.577657 0.00342291 0.335367 0.00390854 0.759553 0.00227065 3.27648 0.0484987 4.38632 0.10109 1220.45 785.503 1228.11 785.651 1228.11 785.651 0.209073 0.108866 
300 0.29 4084200000 44.6324 0.760737 -1245.09 6.99556 1.5575e+06 17040.8 2.46991e+12 5.15773e+10 -0.139223 0.0968684 0.660254 0.0523518 0.577657 0.00342291 0.335367 0.00390854 0.759553 0.00227065 3.27648 0.0484987 4.38632 0.10109 1220.45 785.503 1228.11 785.651 1228.11 785.651 0.209073 0.108866 
300 0.29 4086000000 44.6324 0.760737 -1245.09 6.99556 1.5575e+06 17040.8 2.46991e+12 5.15773e+10 -0.139223 0.0968684 0.660254 0.0523518 0.577657 0.00342291 0.335367 0.00390854 0.759553 0.00227065 3.27648 0.0484987 4.38632 0.10109 1220.45 785.503 1228.11 785.651 1228.11 785.651 0.209073 0.108866 
300 0.29 4087800000 44.6324 0.760737 -1245.09 6.99556 1.5575e+06 17040.8 2.46991e+12 5.15773e+10 -0.139223 0.0968684 0.660254 0.0523518 0.577657 0.00342291 0.335367 0.00390854 0.759553 0.00227065 3.27648 0.0484987 4.38632 0.10109 1220.45 785.503 1228.11 785.651 1228.11 785.651 0.209073 0.108866 
300 0.29 4089600000 44.6324 0.760737 -1245.09 6.99556 1.5575e+06 17040.8 2.46991e+12 5.15773e+10 -0.139223 0.0968684 0.660254 0.0523518 0.577657 0.00342291 0.335367 0.00390854 0.759553 0.00227065 3.27648 0.0484987 4.38632 0.10109 1220.45 785.503 1228.11 785.651 1228.11 785.651 0.209073 0.108866 
300 0.29 4091400000 44.6324 0.760737 -1245.09 6.99556 1.5575e+06 17040.8 2.46991e+12 5.15773e+10 -0.139223 0.0968684 0.660254 0.0523518 0.577657 0.00342291 0.335367 0.00390854 0.759553 0.00227065 3.27648 0.0484987 4.38632 0.10109 1220.45 785.503 1228.11 785.651 1228.11 785.651 0.209073 0.108866 
300 0.29 4093200000 44.6324 0.760737 -1245.09 6.99556 1.5575e+06 17040.8 2.46991e+12 5.15773e+10 -0.139223 0.0968684 0.660254 0.0523518 0.577657 0.00342291 0.335367 0.00390854 0.759553 0.00227065 3.27648 0.0484987 4.38632 0.10109 1220.45 785.503 1228.11 785.651 1228.11 785.651 0.209073 0.108866 
300 0.29 4095000000 44.6324 0.762506 -1245.09 6.99556 1.5575e+06 17040.8 2.46991e+12 5.15773e+10 -0.139223 0.0968684 0.660254 0.0523518 0.577657 0.00342291 0.335367 0.00390854 0.759553 0.00227065 3.27648 0.0484987 4.38632 0.10109 1220.45 785.503 1228.11 785.651 1228.11 785.651 0.209073 0.108866 
300 0.29 4096800000 44.6324 0.762506 -1245.09 6.99556 1.5575e+06 17040.8 2.46991e+12 5.15773e+10 -0.139223 0.0968684 0.660254 0.0523518 0.577657 0.00342291 0.335367 0.00390854 0.759553 0.00227065 3.27648 0.0484987 4.38632 0.10109 1220.45 785.503 1228.11 785.651 1228.11 785.651 0.209073 0.108866 
300 0.29 4098600000 44.6324 0.762506 -1245.09 6.99556 1.5575e+06 17040.8 2.46991e+12 5.15773e+10 -0.139223 0.0968684 0.660254 0.0523518 0.577657 0.00342291 0.335367 0.00390854 0.759553 0.00227065 3.27648 0.0484987 4.38632 0.10109 1220.45 785.503 1228.11 785.651 1228.11 785.651 0.209073 0.108866 
300 0.29 4100400000 44.6324 0.762506 -1245.09 6.99556 1.5575e+06 17040.8 2.46991e+12 5.15773e+10 -0.139223 0.0968684 0.660254 0.0523518 0.577657 0.00342291 0.335367 0.00390854 0.759553 0.00227065 3.27648 0.0484987 4.38632 0.10109 1220.45 785.503 1228.11 785.651 1228.11 785.651 0.209073 0.108866 
300 0.29 4102200000 44.6324 0.762506 -1245.09 6.99556 1.5575e+06 17040.8 2.46991e+12 5.15773e+10 -0.139223 0.0968684 0.660254 0.0523518 0.577657 0.00342291 0.335367 0.00390854 0.759553 0.00227065 3.27648 0.0484987 4.38632 0.10109 1220.45 785.503 1228.11 785.651 1228.11 785.651 0.209073 0.108866 
300 0.29 4104000000 44.6324 0.762506 -1245.09 6.99556 1.5575e+06 17040.8 2.46991e+12 5.15773e+10 -0.139223 0.0968684 0.660254 0.0523518 0.577657 0.00342291 0.335367 0.00390854 0.759553 0.00227065 3.27648 0.0484987 4.38632 0.10109 1220.45 785.503 1228.11 785.651 1228.11 785.651 0.209073 0.108866 
300 0.29 4105800000 44.6324 0.762506 -1245.09 6.99556 1.5575e+06 17040.8 2.46991e+12 5.15773e+10 -0.139223 0.0968684 0.660254 0.0523518 0.577657 0.00342291 0.335367 0.00390854 0.759553 0.00227065 3.27648 0.0484987 4.38632 0.10109 1220.45 785.503 1228.11 785.651 1228.11 785.651 0.209073 0.108866 
300 0.29 4107600000 44.6324 0.762506 -1245.09 6.99556 1.5575e+06 17040.8 2.46991e+12 5.15773e+10 -0.139223 0.0968684 0.660254 0.0523518 0.577657 0.00342291 0.335367 0.00390854 0.759553 0.00227065 3.27648 0.0484987 4.38632 0.10109 1220.45 785.503 1228.11 785.651 1228.11 785.651 0.209073 0.108866 
300 0.29 4109400000 44.6324 0.762593 -1245.09 6.99556 1.5575e+06 17040.8 2.46991e+12 5.15773e+10 -0.139223 0.0968684 0.660254 0.0523518 0.577657 0.00342291 0.335367 0.00390854 0.759553 0.00227065 3.27648 0.0484987 4.38632 0.10109 1220.45 785.503 1228.11 785.651 1228.11 785.651 0.209073 0.108866 
300 0.29 4111200000 44.6324 0.762593 -1245.09 6.99556 1.5575e+06 17040.8 2.46991e+12 5.15773e+10 -0.139223 0.0968684 0.660254 0.0523518 0.577657 0.00342291 0.335367 0.00390854 0.759553 0.00227065 3.27648 0.0484987 4.38632 0.10109 1220.45 785.503 1228.11 785.651 1228.11 785.651 0.209073 0.108866 
300 0.29 4113000000 44.6324 0.762593 -1245.09 6.99556 1.5575e+06 17040.8 2.46991e+12 5.15773e+10 -0.139223 0.0968684 0.660254 0.0523518 0.577657 0.00342291 0.335367 0.00390854 0.759553 0.00227065 3.27648 0.0484987 4.38632 0.10109 1220.45 785.503 1228.11 785.651 1228.11 785.651 0.209073 0.108866 
300 0.29 4114800000 44.6324 0.762593 -1245.09 6.99556 1.5575e+06 17040.8 2.46991e+12 5.15773e+10 -0.139223 0.0968684 0.660254 0.0523518 0.577657 0.00342291 0.335367 0.00390854 0.759553 0.00227065 3.27648 0.0484987 4.38632 0.10109 1220.45 785.503 1228.11 785.651 1228.11 785.651 0.209073 0.108866 
300 0.29 4116600000 44.6324 0.762593 -1245.09 6.99556 1.5575e+06 17040.8 2.46991e+12 5.15773e+10 -0.139223 0.0968684 0.660254 0.0523518 0.577657 0.00342291 0.335367 0.00390854 0.759553 0.00227065 3.27648 0.0484987 4.38632 0.10109 1220.45 785.503 1228.11 785.651 1228.11 785.651 0.209073 0.108866 
300 0.29 4118400000 44.6324 0.762593 -1245.09 6.99556 1.5575e+06 17040.8 2.46991e+12 5.15773e+10 -0.139223 0.0968684 0.660254 0.0523518 0.577657 0.00342291 0.335367 0.00390854 0.759553 0.00227065 3.27648 0.0484987 4.38632 0.10109 1220.45 785.503 1228.11 785.651 1228.11 785.651 0.209073 0.108866 
300 0.29 4120200000 44.6324 0.762593 -1245.09 6.99556 1.5575e+06 17040.8 2.46991e+12 5.15773e+10 -0.139223 0.0968684 0.660254 0.0523518 0.577657 0.00342291 0.335367 0.00390854 0.759553 0.00227065 3.27648 0.0484987 4.38632 0.10109 1220.45 785.503 1228.11 785.651 1228.11 785.651 0.209073 0.108866 
300 0.29 4122000000 44.6324 0.762593 -1245.09 6.99556 1.5575e+06 17040.8 2.46991e+12 5.15773e+10 -0.139223 0.0968684 0.660254 0.0523518 0.577657 0.00342291 0.335367 0.00390854 0.759553 0.00227065 3.27648 0.0484987 4.38632 0.10109 1220.45 785.503 1228.11 785.651 1228.11 785.651 0.209073 0.108866 
300 0.29 4123800000 44.6324 0.760351 -1245.09 6.99556 1.5575e+06 17040.8 2.46991e+12 5.15773e+10 -0.139223 0.0968684 0.660254 0.0523518 0.577657 0.00342291 0.335367 0.00390854 0.759553 0.00227065 3.27648 0.0484987 4.38632 0.10109 1220.45 785.503 1228.11 785.651 1228.11 785.651 0.209073 0.108866 
300 0.29 4125600000 44.6324 0.760351 -1245.09 6.99556 1.5575e+06 17040.8 2.46991e+12 5.15773e+10 -0.139223 0.0968684 0.660254 0.0523518 0.577657 0.00342291 0.335367 0.00390854 0.759553 0.00227065 3.27648 0.0484987 4.38632 0.10109 1220.45 785.503 1228.11 785.651 1228.11 785.651 0.209073 0.108866 
300 0.29 4127400000 44.6324 0.760351 -1245.09 6.99556 1.5575e+06 17040.8 2.46991e+12 5.15773e+10 -0.139223 0.0968684 0.660254 0.0523518 0.577657 0.00342291 0.335367 0.00390854 0.759553 0.00227065 3.27648 0.0484987 4.38632 0.10109 1220.45 785.503 1228.11 785.651 1228.11 785.651 0.209073 0.108866 
300 0.29 4129200000 44.6324 0.760351 -1245.09 6.99556 1.5575e+06 17040.8 2.46991e+12 5.15773e+10 -0.139223 0.0968684 0.660254 0.0523518 0.577657 0.00342291 0.335367 0.00390854 0.759553 0.00227065 3.27648 0.0484987 4.38632 0.10109 1220.45 785.503 1228.11 785.651 1228.11 785.651 0.209073 0.108866 
300 0.29 4131000000 44.6324 0.760351 -1245.09 6.99556 1.5575e+06 17040.8 2.46991e+12 5.15773e+10 -0.139223 0.0968684 0.660254 0.0523518 0.577657 0.00342291 0.335367 0.00390854 0.759553 0.00227065 3.27648 0.0484987 4.38632 0.10109 1220.45 785.503 1228.11 785.651 1228.11 785.651 0.209073 0.108866 
300 0.29 4132800000 44.6324 0.760351 -1245.09 6.99556 1.5575e+06 17040.8 2.46991e+12 5.15773e+10 -0.139223 0.0968684 0.660254 0.0523518 0.577657 0.00342291 0.335367 0.00390854 0.759553 0.00227065 3.27648 0.0484987 4.38632 0.10109 1220.45 785.503 1228.11 785.651 1228.11 785.651 0.209073 0.108866 
300 0.29 4134600000 44.6324 0.760351 -1245.09 6.99556 1.5575e+06 17040.8 2.46991e+12 5.15773e+10 -0.139223 0.0968684 0.660254 0.0523518 0.577657 0.00342291 0.335367 0.00390854 0.759553 0.00227065 3.27648 0.0484987 4.38632 0.10109 1220.45 785.503 1228.11 785.651 1228.11 785.651 0.209073 0.108866 
300 0.29 4136400000 44.6324 0.760351 -1245.09 6.99556 1.5575e+06 17040.8 2.46991e+12 5.15773e+10 -0.139223 0.0968684 0.660254 0.0523518 0.577657 0.00342291 0.335367 0.00390854 0.759553 0.00227065 3.27648 0.0484987 4.38632 0.10109 1220.45 785.503 1228.11 785.651 1228.11 785.651 0.209073 0.108866 
300 0.29 4138200000 44.6324 0.75782 -1245.09 6.99556 1.5575e+06 17040.8 2.46991e+12 5.15773e+10 -0.139223 0.0968684 0.660254 0.0523518 0.577657 0.00342291 0.335367 0.00390854 0.759553 0.00227065 3.27648 0.0484987 4.38632 0.10109 1220.45 785.503 1228.11 785.651 1228.11 785.651 0.209073 0.108866 
300 0.29 4140000000 44.6324 0.75782 -1245.09 6.99556 1.5575e+06 17040.8 2.46991e+12 5.15773e+10 -0.139223 0.0968684 0.660254 0.0523518 0.577657 0.00342291 0.335367 0.00390854 0.759553 0.00227065 3.27648 0.0484987 4.38632 0.10109 1220.45 785.503 1228.11 785.651 1228.11 785.651 0.209073 0.108866 
300 0.29 4141800000 44.6324 0.75782 -1245.09 6.99556 1.5575e+06 17040.8 2.46991e+12 5.15773e+10 -0.139223 0.0968684 0.660254 0.0523518 0.577657 0.00342291 0.335367 0.00390854 0.759553 0.00227065 3.27648 0.0484987 4.38632 0.10109 1220.45 785.503 1228.11 785.651 1228.11 785.651 0.209073 0.108866 
300 0.29 4143600000 44.6324 0.75782 -1245.09 6.99556 1.5575e+06 17040.8 2.46991e+12 5.15773e+10 -0.139223 0.0968684 0.660254 0.0523518 0.577657 0.00342291 0.335367 0.00390854 0.759553 0.00227065 3.27648 0.0484987 4.38632 0.10109 1220.45 785.503 1228.11 785.651 1228.11 785.651 0.209073 0.108866 
300 0.29 4145400000 44.6324 0.75782 -1245.09 6.99556 1.5575e+06 17040.8 2.46991e+12 5.15773e+10 -0.139223 0.0968684 0.660254 0.0523518 0.577657 0.00342291 0.335367 0.00390854 0.759553 0.00227065 3.27648 0.0484987 4.38632 0.10109 1220.45 785.503 1228.11 785.651 1228.11 785.651 0.209073 0.108866 
300 0.29 4147200000 44.6324 0.75782 -1245.09 6.99556 1.5575e+06 17040.8 2.46991e+12 5.15773e+10 -0.139223 0.0968684 0.660254 0.0523518 0.577657 0.00342291 0.335367 0.00390854 0.759553 0.00227065 3.27648 0.0484987 4.38632 0.10109 1220.45 785.503 1228.11 785.651 1228.11 785.651 0.209073 0.108866 
300 0.29 4149000000 44.6324 0.75782 -1245.09 6.99556 1.5575e+06 17040.8 2.46991e+12 5.15773e+10 -0.139223 0.0968684 0.660254 0.0523518 0.577657 0.00342291 0.335367 0.00390854 0.759553 0.00227065 3.27648 0.0484987 4.38632 0.10109 1220.45 785.503 1228.11 785.651 1228.11 785.651 0.209073 0.108866 
300 0.29 4150800000 44.6324 0.75782 -1245.09 6.99556 1.5575e+06 17040.8 2.46991e+12 5.15773e+10 -0.139223 0.0968684 0.660254 0.0523518 0.577657 0.00342291 0.335367 0.00390854 0.759553 0.00227065 3.27648 0.0484987 4.38632 0.10109 1220.45 785.503 1228.11 785.651 1228.11 785.651 0.209073 0.108866 
300 0.29 4152600000 44.6324 0.756002 -1245.09 6.99556 1.5575e+06 17040.8 2.46991e+12 5.15773e+10 -0.139223 0.0968684 0.660254 0.0523518 0.577657 0.00342291 0.335367 0.00390854 0.759553 0.00227065 3.27648 0.0484987 4.38632 0.10109 1220.45 785.503 1228.11 785.651 1228.11 785.651 0.209073 0.108866 
300 0.29 4154400000 44.6324 0.756002 -1245.09 6.99556 1.5575e+06 17040.8 2.46991e+12 5.15773e+10 -0.139223 0.0968684 0.660254 0.0523518 0.577657 0.00342291 0.335367 0.00390854 0.759553 0.00227065 3.27648 0.0484987 4.38632 0.10109 1220.45 785.503 1228.11 785.651 1228.11 785.651 0.209073 0.108866 
300 0.29 4156200000 44.6324 0.756002 -1245.09 6.99556 1.5575e+06 17040.8 2.46991e+12 5.15773e+10 -0.139223 0.0968684 0.660254 0.0523518 0.577657 0.00342291 0.335367 0.00390854 0.759553 0.00227065 3.27648 0.0484987 4.38632 0.10109 1220.45 785.503 1228.11 785.651 1228.11 785.651 0.209073 0.108866 
300 0.29 4158000000 44.6324 0.756002 -1245.09 6.99556 1.5575e+06 17040.8 2.46991e+12 5.15773e+10 -0.139223 0.0968684 0.660254 0.0523518 0.577657 0.00342291 0.335367 0.00390854 0.759553 0.00227065 3.27648 0.0484987 4.38632 0.10109 1220.45 785.503 1228.11 785.651 1228.11 785.651 0.209073 0.108866 
300 0.29 4159800000 44.6324 0.756002 -1245.09 6.99556 1.5575e+06 17040.8 2.46991e+12 5.15773e+10 -0.139223 0.0968684 0.660254 0.0523518 0.577657 0.00342291 0.335367 0.00390854 0.759553 0.00227065 3.27648 0.0484987 4.38632 0.10109 1220.45 785.503 1228.11 785.651 1228.11 785.651 0.209073 0.108866 
300 0.29 4161600000 44.6324 0.756002 -1245.09 6.99556 1.5575e+06 17040.8 2.46991e+12 5.15773e+10 -0.139223 0.0968684 0.660254 0.0523518 0.577657 0.00342291 0.335367 0.00390854 0.759553 0.00227065 3.27648 0.0484987 4.38632 0.10109 1220.45 785.503 1228.11 785.651 1228.11 785.651 0.209073 0.108866 
300 0.29 4163400000 44.6324 0.756002 -1245.09 6.99556 1.5575e+06 17040.8 2.46991e+12 5.15773e+10 -0.139223 0.0968684 0.660254 0.0523518 0.577657 0.00342291 0.335367 0.00390854 0.759553 0.00227065 3.27648 0.0484987 4.38632 0.10109 1220.45 785.503 1228.11 785.651 1228.11 785.651 0.209073 0.108866 
300 0.29 4165200000 44.6324 0.756002 -1245.09 6.99556 1.5575e+06 17040.8 2.46991e+12 5.15773e+10 -0.139223 0.0968684 0.660254 0.0523518 0.577657 0.00342291 0.335367 0.00390854 0.759553 0.00227065 3.27648 0.0484987 4.38632 0.10109 1220.45 785.503 1228.11 785.651 1228.11 785.651 0.209073 0.108866 
300 0.29 4167000000 44.6324 0.755517 -1245.09 6.99556 1.5575e+06 17040.8 2.46991e+12 5.15773e+10 -0.139223 0.0968684 0.660254 0.0523518 0.577657 0.00342291 0.335367 0.00390854 0.759553 0.00227065 3.27648 0.0484987 4.38632 0.10109 1220.45 785.503 1228.11 785.651 1228.11 785.651 0.209073 0.108866 
300 0.29 4168800000 44.6324 0.755517 -1245.09 6.99556 1.5575e+06 17040.8 2.46991e+12 5.15773e+10 -0.139223 0.0968684 0.660254 0.0523518 0.577657 0.00342291 0.335367 0.00390854 0.759553 0.00227065 3.27648 0.0484987 4.38632 0.10109 1220.45 785.503 1228.11 785.651 1228.11 785.651 0.209073 0.108866 
300 0.29 4170600000 44.6324 0.755517 -1245.09 6.99556 1.5575e+06 17040.8 2.46991e+12 5.15773e+10 -0.139223 0.0968684 0.660254 0.0523518 0.577657 0.00342291 0.335367 0.00390854 0.759553 0.00227065 3.27648 0.0484987 4.38632 0.10109 1220.45 785.503 1228.11 785.651 1228.11 785.651 0.209073 0.108866 
300 0.29 4172400000 44.6324 0.755517 -1245.09 6.99556 1.5575e+06 17040.8 2.46991e+12 5.15773e+10 -0.139223 0.0968684 0.660254 0.0523518 0.577657 0.00342291 0.335367 0.00390854 0.759553 0.00227065 3.27648 0.0484987 4.38632 0.10109 1220.45 785.503 1228.11 785.651 1228.11 785.651 0.209073 0.108866 
300 0.29 4174200000 44.6324 0.755517 -1245.09 6.99556 1.5575e+06 17040.8 2.46991e+12 5.15773e+10 -0.139223 0.0968684 0.660254 0.0523518 0.577657 0.00342291 0.335367 0.00390854 0.759553 0.00227065 3.27648 0.0484987 4.38632 0.10109 1220.45 785.503 1228.11 785.651 1228.11 785.651 0.209073 0.108866 
300 0.29 4176000000 44.6324 0.755517 -1245.09 6.99556 1.5575e+06 17040.8 2.46991e+12 5.15773e+10 -0.139223 0.0968684 0.660254 0.0523518 0.577657 0.00342291 0.335367 0.00390854 0.759553 0.00227065 3.27648 0.0484987 4.38632 0.10109 1220.45 785.503 1228.11 785.651 1228.11 785.651 0.209073 0.108866 
300 0.29 4177800000 44.6324 0.755517 -1245.09 6.99556 1.5575e+06 17040.8 2.46991e+12 5.15773e+10 -0.139223 0.0968684 0.660254 0.0523518 0.577657 0.00342291 0.335367 0.00390854 0.759553 0.00227065 3.27648 0.0484987 4.38632 0.10109 1220.45 785.503 1228.11 785.651 1228.11 785.651 0.209073 0.108866 
300 0.29 4179600000 44.6324 0.755517 -1245.09 6.99556 1.5575e+06 17040.8 2.46991e+12 5.15773e+10 -0.139223 0.0968684 0.660254 0.0523518 0.577657 0.00342291 0.335367 0.00390854 0.759553 0.00227065 3.27648 0.0484987 4.38632 0.10109 1220.45 785.503 1228.11 785.651 1228.11 785.651 0.209073 0.108866 
300 0.29 4181400000 44.7561 0.755146 -1245.04 6.21861 1.55738e+06 15149.9 2.46968e+12 4.58732e+10 -0.148475 0.0891429 0.661963 0.0465432 0.577686 0.00307631 0.335437 0.00351177 0.759562 0.00204095 3.27282 0.0443674 4.38004 0.0925607 1154.15 710.759 1161.8 710.895 1161.8 710.895 0.200362 0.0982804 
300 0.29 4183200000 44.7561 0.755146 -1245.04 6.21861 1.55738e+06 15149.9 2.46968e+12 4.58732e+10 -0.148475 0.0891429 0.661963 0.0465432 0.577686 0.00307631 0.335437 0.00351177 0.759562 0.00204095 3.27282 0.0443674 4.38004 0.0925607 1154.15 710.759 1161.8 710.895 1161.8 710.895 0.200362 0.0982804 
300 0.29 4185000000 44.7561 0.755146 -1245.04 6.21861 1.55738e+06 15149.9 2.46968e+12 4.58732e+10 -0.148475 0.0891429 0.661963 0.0465432 0.577686 0.00307631 0.335437 0.00351177 0.759562 0.00204095 3.27282 0.0443674 4.38004 0.0925607 1154.15 710.759 1161.8 710.895 1161.8 710.895 0.200362 0.0982804 
300 0.29 4186800000 44.7561 0.755146 -1245.04 6.21861 1.55738e+06 15149.9 2.46968e+12 4.58732e+10 -0.148475 0.0891429 0.661963 0.0465432 0.577686 0.00307631 0.335437 0.00351177 0.759562 0.00204095 3.27282 0.0443674 4.38004 0.0925607 1154.15 710.759 1161.8 710.895 1161.8 710.895 0.200362 0.0982804 
300 0.29 4188600000 44.7561 0.755146 -1245.04 6.21861 1.55738e+06 15149.9 2.46968e+12 4.58732e+10 -0.148475 0.0891429 0.661963 0.0465432 0.577686 0.00307631 0.335437 0.00351177 0.759562 0.00204095 3.27282 0.0443674 4.38004 0.0925607 1154.15 710.759 1161.8 710.895 1161.8 710.895 0.200362 0.0982804 
300 0.29 4190400000 44.7561 0.755146 -1245.04 6.21861 1.55738e+06 15149.9 2.46968e+12 4.58732e+10 -0.148475 0.0891429 0.661963 0.0465432 0.577686 0.00307631 0.335437 0.00351177 0.759562 0.00204095 3.27282 0.0443674 4.38004 0.0925607 1154.15 710.759 1161.8 710.895 1161.8 710.895 0.200362 0.0982804 
300 0.29 4192200000 44.7561 0.755146 -1245.04 6.21861 1.55738e+06 15149.9 2.46968e+12 4.58732e+10 -0.148475 0.0891429 0.661963 0.0465432 0.577686 0.00307631 0.335437 0.00351177 0.759562 0.00204095 3.27282 0.0443674 4.38004 0.0925607 1154.15 710.759 1161.8 710.895 1161.8 710.895 0.200362 0.0982804 
300 0.29 4194000000 44.7561 0.755146 -1245.04 6.21861 1.55738e+06 15149.9 2.46968e+12 4.58732e+10 -0.148475 0.0891429 0.661963 0.0465432 0.577686 0.00307631 0.335437 0.00351177 0.759562 0.00204095 3.27282 0.0443674 4.38004 0.0925607 1154.15 710.759 1161.8 710.895 1161.8 710.895 0.200362 0.0982804 
300 0.29 4195800000 44.7561 0.755467 -1245.04 6.21861 1.55738e+06 15149.9 2.46968e+12 4.58732e+10 -0.148475 0.0891429 0.661963 0.0465432 0.577686 0.00307631 0.335437 0.00351177 0.759562 0.00204095 3.27282 0.0443674 4.38004 0.0925607 1154.15 710.759 1161.8 710.895 1161.8 710.895 0.200362 0.0982804 
300 0.29 4197600000 44.7561 0.755467 -1245.04 6.21861 1.55738e+06 15149.9 2.46968e+12 4.58732e+10 -0.148475 0.0891429 0.661963 0.0465432 0.577686 0.00307631 0.335437 0.00351177 0.759562 0.00204095 3.27282 0.0443674 4.38004 0.0925607 1154.15 710.759 1161.8 710.895 1161.8 710.895 0.200362 0.0982804 
300 0.29 4199400000 44.7561 0.755467 -1245.04 6.21861 1.55738e+06 15149.9 2.46968e+12 4.58732e+10 -0.148475 0.0891429 0.661963 0.0465432 0.577686 0.00307631 0.335437 0.00351177 0.759562 0.00204095 3.27282 0.0443674 4.38004 0.0925607 1154.15 710.759 1161.8 710.895 1161.8 710.895 0.200362 0.0982804 
300 0.29 4201200000 44.7561 0.755467 -1245.04 6.21861 1.55738e+06 15149.9 2.46968e+12 4.58732e+10 -0.148475 0.0891429 0.661963 0.0465432 0.577686 0.00307631 0.335437 0.00351177 0.759562 0.00204095 3.27282 0.0443674 4.38004 0.0925607 1154.15 710.759 1161.8 710.895 1161.8 710.895 0.200362 0.0982804 
300 0.29 4203000000 44.7561 0.755467 -1245.04 6.21861 1.55738e+06 15149.9 2.46968e+12 4.58732e+10 -0.148475 0.0891429 0.661963 0.0465432 0.577686 0.00307631 0.335437 0.00351177 0.759562 0.00204095 3.27282 0.0443674 4.38004 0.0925607 1154.15 710.759 1161.8 710.895 1161.8 710.895 0.200362 0.0982804 
300 0.29 4204800000 44.7561 0.755467 -1245.04 6.21861 1.55738e+06 15149.9 2.46968e+12 4.58732e+10 -0.148475 0.0891429 0.661963 0.0465432 0.577686 0.00307631 0.335437 0.00351177 0.759562 0.00204095 3.27282 0.0443674 4.38004 0.0925607 1154.15 710.759 1161.8 710.895 1161.8 710.895 0.200362 0.0982804 
300 0.29 4206600000 44.7561 0.755467 -1245.04 6.21861 1.55738e+06 15149.9 2.46968e+12 4.58732e+10 -0.148475 0.0891429 0.661963 0.0465432 0.577686 0.00307631 0.335437 0.00351177 0.759562 0.00204095 3.27282 0.0443674 4.38004 0.0925607 1154.15 710.759 1161.8 710.895 1161.8 710.895 0.200362 0.0982804 
300 0.29 4208400000 44.7561 0.755467 -1245.04 6.21861 1.55738e+06 15149.9 2.46968e+12 4.58732e+10 -0.148475 0.0891429 0.661963 0.0465432 0.577686 0.00307631 0.335437 0.00351177 0.759562 0.00204095 3.27282 0.0443674 4.38004 0.0925607 1154.15 710.759 1161.8 710.895 1161.8 710.895 0.200362 0.0982804 
300 0.29 4210200000 44.7561 0.760908 -1245.04 6.21861 1.55738e+06 15149.9 2.46968e+12 4.58732e+10 -0.148475 0.0891429 0.661963 0.0465432 0.577686 0.00307631 0.335437 0.00351177 0.759562 0.00204095 3.27282 0.0443674 4.38004 0.0925607 1154.15 710.759 1161.8 710.895 1161.8 710.895 0.200362 0.0982804 
300 0.29 4212000000 44.7561 0.760908 -1245.04 6.21861 1.55738e+06 15149.9 2.46968e+12 4.58732e+10 -0.148475 0.0891429 0.661963 0.0465432 0.577686 0.00307631 0.335437 0.00351177 0.759562 0.00204095 3.27282 0.0443674 4.38004 0.0925607 1154.15 710.759 1161.8 710.895 1161.8 710.895 0.200362 0.0982804 
300 0.29 4213800000 44.7561 0.760908 -1245.04 6.21861 1.55738e+06 15149.9 2.46968e+12 4.58732e+10 -0.148475 0.0891429 0.661963 0.0465432 0.577686 0.00307631 0.335437 0.00351177 0.759562 0.00204095 3.27282 0.0443674 4.38004 0.0925607 1154.15 710.759 1161.8 710.895 1161.8 710.895 0.200362 0.0982804 
300 0.29 4215600000 44.7561 0.760908 -1245.04 6.21861 1.55738e+06 15149.9 2.46968e+12 4.58732e+10 -0.148475 0.0891429 0.661963 0.0465432 0.577686 0.00307631 0.335437 0.00351177 0.759562 0.00204095 3.27282 0.0443674 4.38004 0.0925607 1154.15 710.759 1161.8 710.895 1161.8 710.895 0.200362 0.0982804 
300 0.29 4217400000 44.7561 0.760908 -1245.04 6.21861 1.55738e+06 15149.9 2.46968e+12 4.58732e+10 -0.148475 0.0891429 0.661963 0.0465432 0.577686 0.00307631 0.335437 0.00351177 0.759562 0.00204095 3.27282 0.0443674 4.38004 0.0925607 1154.15 710.759 1161.8 710.895 1161.8 710.895 0.200362 0.0982804 
300 0.29 4219200000 44.7561 0.760908 -1245.04 6.21861 1.55738e+06 15149.9 2.46968e+12 4.58732e+10 -0.148475 0.0891429 0.661963 0.0465432 0.577686 0.00307631 0.335437 0.00351177 0.759562 0.00204095 3.27282 0.0443674 4.38004 0.0925607 1154.15 710.759 1161.8 710.895 1161.8 710.895 0.200362 0.0982804 
300 0.29 4221000000 44.7561 0.760908 -1245.04 6.21861 1.55738e+06 15149.9 2.46968e+12 4.58732e+10 -0.148475 0.0891429 0.661963 0.0465432 0.577686 0.00307631 0.335437 0.00351177 0.759562 0.00204095 3.27282 0.0443674 4.38004 0.0925607 1154.15 710.759 1161.8 710.895 1161.8 710.895 0.200362 0.0982804 
300 0.29 4222800000 44.7561 0.760908 -1245.04 6.21861 1.55738e+06 15149.9 2.46968e+12 4.58732e+10 -0.148475 0.0891429 0.661963 0.0465432 0.577686 0.00307631 0.335437 0.00351177 0.759562 0.00204095 3.27282 0.0443674 4.38004 0.0925607 1154.15 710.759 1161.8 710.895 1161.8 710.895 0.200362 0.0982804 
300 0.29 4224600000 44.7561 0.759419 -1245.04 6.21861 1.55738e+06 15149.9 2.46968e+12 4.58732e+10 -0.148475 0.0891429 0.661963 0.0465432 0.577686 0.00307631 0.335437 0.00351177 0.759562 0.00204095 3.27282 0.0443674 4.38004 0.0925607 1154.15 710.759 1161.8 710.895 1161.8 710.895 0.200362 0.0982804 
300 0.29 4226400000 44.7561 0.759419 -1245.04 6.21861 1.55738e+06 15149.9 2.46968e+12 4.58732e+10 -0.148475 0.0891429 0.661963 0.0465432 0.577686 0.00307631 0.335437 0.00351177 0.759562 0.00204095 3.27282 0.0443674 4.38004 0.0925607 1154.15 710.759 1161.8 710.895 1161.8 710.895 0.200362 0.0982804 
300 0.29 4228200000 44.7561 0.759419 -1245.04 6.21861 1.55738e+06 15149.9 2.46968e+12 4.58732e+10 -0.148475 0.0891429 0.661963 0.0465432 0.577686 0.00307631 0.335437 0.00351177 0.759562 0.00204095 3.27282 0.0443674 4.38004 0.0925607 1154.15 710.759 1161.8 710.895 1161.8 710.895 0.200362 0.0982804 
300 0.29 4230000000 44.7561 0.759419 -1245.04 6.21861 1.55738e+06 15149.9 2.46968e+12 4.58732e+10 -0.148475 0.0891429 0.661963 0.0465432 0.577686 0.00307631 0.335437 0.00351177 0.759562 0.00204095 3.27282 0.0443674 4.38004 0.0925607 1154.15 710.759 1161.8 710.895 1161.8 710.895 0.200362 0.0982804 
300 0.29 4231800000 44.7561 0.759419 -1245.04 6.21861 1.55738e+06 15149.9 2.46968e+12 4.58732e+10 -0.148475 0.0891429 0.661963 0.0465432 0.577686 0.00307631 0.335437 0.00351177 0.759562 0.00204095 3.27282 0.0443674 4.38004 0.0925607 1154.15 710.759 1161.8 710.895 1161.8 710.895 0.200362 0.0982804 
300 0.29 4233600000 44.7561 0.759419 -1245.04 6.21861 1.55738e+06 15149.9 2.46968e+12 4.58732e+10 -0.148475 0.0891429 0.661963 0.0465432 0.577686 0.00307631 0.335437 0.00351177 0.759562 0.00204095 3.27282 0.0443674 4.38004 0.0925607 1154.15 710.759 1161.8 710.895 1161.8 710.895 0.200362 0.0982804 
300 0.29 4235400000 44.7561 0.759419 -1245.04 6.21861 1.55738e+06 15149.9 2.46968e+12 4.58732e+10 -0.148475 0.0891429 0.661963 0.0465432 0.577686 0.00307631 0.335437 0.00351177 0.759562 0.00204095 3.27282 0.0443674 4.38004 0.0925607 1154.15 710.759 1161.8 710.895 1161.8 710.895 0.200362 0.0982804 
300 0.29 4237200000 44.7561 0.759419 -1245.04 6.21861 1.55738e+06 15149.9 2.46968e+12 4.58732e+10 -0.148475 0.0891429 0.661963 0.0465432 0.577686 0.00307631 0.335437 0.00351177 0.759562 0.00204095 3.27282 0.0443674 4.38004 0.0925607 1154.15 710.759 1161.8 710.895 1161.8 710.895 0.200362 0.0982804 
300 0.29 4239000000 44.7561 0.756975 -1245.04 6.21861 1.55738e+06 15149.9 2.46968e+12 4.58732e+10 -0.148475 0.0891429 0.661963 0.0465432 0.577686 0.00307631 0.335437 0.00351177 0.759562 0.00204095 3.27282 0.0443674 4.38004 0.0925607 1154.15 710.759 1161.8 710.895 1161.8 710.895 0.200362 0.0982804 
300 0.29 4240800000 44.7561 0.756975 -1245.04 6.21861 1.55738e+06 15149.9 2.46968e+12 4.58732e+10 -0.148475 0.0891429 0.661963 0.0465432 0.577686 0.00307631 0.335437 0.00351177 0.759562 0.00204095 3.27282 0.0443674 4.38004 0.0925607 1154.15 710.759 1161.8 710.895 1161.8 710.895 0.200362 0.0982804 
300 0.29 4242600000 44.7561 0.756975 -1245.04 6.21861 1.55738e+06 15149.9 2.46968e+12 4.58732e+10 -0.148475 0.0891429 0.661963 0.0465432 0.577686 0.00307631 0.335437 0.00351177 0.759562 0.00204095 3.27282 0.0443674 4.38004 0.0925607 1154.15 710.759 1161.8 710.895 1161.8 710.895 0.200362 0.0982804 
300 0.29 4244400000 44.7561 0.756975 -1245.04 6.21861 1.55738e+06 15149.9 2.46968e+12 4.58732e+10 -0.148475 0.0891429 0.661963 0.0465432 0.577686 0.00307631 0.335437 0.00351177 0.759562 0.00204095 3.27282 0.0443674 4.38004 0.0925607 1154.15 710.759 1161.8 710.895 1161.8 710.895 0.200362 0.0982804 
300 0.29 4246200000 44.7561 0.756975 -1245.04 6.21861 1.55738e+06 15149.9 2.46968e+12 4.58732e+10 -0.148475 0.0891429 0.661963 0.0465432 0.577686 0.00307631 0.335437 0.00351177 0.759562 0.00204095 3.27282 0.0443674 4.38004 0.0925607 1154.15 710.759 1161.8 710.895 1161.8 710.895 0.200362 0.0982804 
300 0.29 4248000000 44.7561 0.756975 -1245.04 6.21861 1.55738e+06 15149.9 2.46968e+12 4.58732e+10 -0.148475 0.0891429 0.661963 0.0465432 0.577686 0.00307631 0.335437 0.00351177 0.759562 0.00204095 3.27282 0.0443674 4.38004 0.0925607 1154.15 710.759 1161.8 710.895 1161.8 710.895 0.200362 0.0982804 
300 0.29 4249800000 44.7561 0.756975 -1245.04 6.21861 1.55738e+06 15149.9 2.46968e+12 4.58732e+10 -0.148475 0.0891429 0.661963 0.0465432 0.577686 0.00307631 0.335437 0.00351177 0.759562 0.00204095 3.27282 0.0443674 4.38004 0.0925607 1154.15 710.759 1161.8 710.895 1161.8 710.895 0.200362 0.0982804 
300 0.29 4251600000 44.7561 0.756975 -1245.04 6.21861 1.55738e+06 15149.9 2.46968e+12 4.58732e+10 -0.148475 0.0891429 0.661963 0.0465432 0.577686 0.00307631 0.335437 0.00351177 0.759562 0.00204095 3.27282 0.0443674 4.38004 0.0925607 1154.15 710.759 1161.8 710.895 1161.8 710.895 0.200362 0.0982804 
300 0.29 4253400000 44.7561 0.757775 -1245.04 6.21861 1.55738e+06 15149.9 2.46968e+12 4.58732e+10 -0.148475 0.0891429 0.661963 0.0465432 0.577686 0.00307631 0.335437 0.00351177 0.759562 0.00204095 3.27282 0.0443674 4.38004 0.0925607 1154.15 710.759 1161.8 710.895 1161.8 710.895 0.200362 0.0982804 
300 0.29 4255200000 44.7561 0.757775 -1245.04 6.21861 1.55738e+06 15149.9 2.46968e+12 4.58732e+10 -0.148475 0.0891429 0.661963 0.0465432 0.577686 0.00307631 0.335437 0.00351177 0.759562 0.00204095 3.27282 0.0443674 4.38004 0.0925607 1154.15 710.759 1161.8 710.895 1161.8 710.895 0.200362 0.0982804 
300 0.29 4257000000 44.7561 0.757775 -1245.04 6.21861 1.55738e+06 15149.9 2.46968e+12 4.58732e+10 -0.148475 0.0891429 0.661963 0.0465432 0.577686 0.00307631 0.335437 0.00351177 0.759562 0.00204095 3.27282 0.0443674 4.38004 0.0925607 1154.15 710.759 1161.8 710.895 1161.8 710.895 0.200362 0.0982804 
300 0.29 4258800000 44.7561 0.757775 -1245.04 6.21861 1.55738e+06 15149.9 2.46968e+12 4.58732e+10 -0.148475 0.0891429 0.661963 0.0465432 0.577686 0.00307631 0.335437 0.00351177 0.759562 0.00204095 3.27282 0.0443674 4.38004 0.0925607 1154.15 710.759 1161.8 710.895 1161.8 710.895 0.200362 0.0982804 
300 0.29 4260600000 44.7561 0.757775 -1245.04 6.21861 1.55738e+06 15149.9 2.46968e+12 4.58732e+10 -0.148475 0.0891429 0.661963 0.0465432 0.577686 0.00307631 0.335437 0.00351177 0.759562 0.00204095 3.27282 0.0443674 4.38004 0.0925607 1154.15 710.759 1161.8 710.895 1161.8 710.895 0.200362 0.0982804 
300 0.29 4262400000 44.7561 0.757775 -1245.04 6.21861 1.55738e+06 15149.9 2.46968e+12 4.58732e+10 -0.148475 0.0891429 0.661963 0.0465432 0.577686 0.00307631 0.335437 0.00351177 0.759562 0.00204095 3.27282 0.0443674 4.38004 0.0925607 1154.15 710.759 1161.8 710.895 1161.8 710.895 0.200362 0.0982804 
300 0.29 4264200000 44.7561 0.757775 -1245.04 6.21861 1.55738e+06 15149.9 2.46968e+12 4.58732e+10 -0.148475 0.0891429 0.661963 0.0465432 0.577686 0.00307631 0.335437 0.00351177 0.759562 0.00204095 3.27282 0.0443674 4.38004 0.0925607 1154.15 710.759 1161.8 710.895 1161.8 710.895 0.200362 0.0982804 
300 0.29 4266000000 44.7561 0.757775 -1245.04 6.21861 1.55738e+06 15149.9 2.46968e+12 4.58732e+10 -0.148475 0.0891429 0.661963 0.0465432 0.577686 0.00307631 0.335437 0.00351177 0.759562 0.00204095 3.27282 0.0443674 4.38004 0.0925607 1154.15 710.759 1161.8 710.895 1161.8 710.895 0.200362 0.0982804 
300 0.29 4267800000 44.7561 0.762816 -1245.04 6.21861 1.55738e+06 15149.9 2.46968e+12 4.58732e+10 -0.148475 0.0891429 0.661963 0.0465432 0.577686 0.00307631 0.335437 0.00351177 0.759562 0.00204095 3.27282 0.0443674 4.38004 0.0925607 1154.15 710.759 1161.8 710.895 1161.8 710.895 0.200362 0.0982804 
300 0.29 4269600000 44.7561 0.762816 -1245.04 6.21861 1.55738e+06 15149.9 2.46968e+12 4.58732e+10 -0.148475 0.0891429 0.661963 0.0465432 0.577686 0.00307631 0.335437 0.00351177 0.759562 0.00204095 3.27282 0.0443674 4.38004 0.0925607 1154.15 710.759 1161.8 710.895 1161.8 710.895 0.200362 0.0982804 
300 0.29 4271400000 44.7561 0.762816 -1245.04 6.21861 1.55738e+06 15149.9 2.46968e+12 4.58732e+10 -0.148475 0.0891429 0.661963 0.0465432 0.577686 0.00307631 0.335437 0.00351177 0.759562 0.00204095 3.27282 0.0443674 4.38004 0.0925607 1154.15 710.759 1161.8 710.895 1161.8 710.895 0.200362 0.0982804 
300 0.29 4273200000 44.7561 0.762816 -1245.04 6.21861 1.55738e+06 15149.9 2.46968e+12 4.58732e+10 -0.148475 0.0891429 0.661963 0.0465432 0.577686 0.00307631 0.335437 0.00351177 0.759562 0.00204095 3.27282 0.0443674 4.38004 0.0925607 1154.15 710.759 1161.8 710.895 1161.8 710.895 0.200362 0.0982804 
300 0.29 4275000000 44.7561 0.762816 -1245.04 6.21861 1.55738e+06 15149.9 2.46968e+12 4.58732e+10 -0.148475 0.0891429 0.661963 0.0465432 0.577686 0.00307631 0.335437 0.00351177 0.759562 0.00204095 3.27282 0.0443674 4.38004 0.0925607 1154.15 710.759 1161.8 710.895 1161.8 710.895 0.200362 0.0982804 
300 0.29 4276800000 44.7561 0.762816 -1245.04 6.21861 1.55738e+06 15149.9 2.46968e+12 4.58732e+10 -0.148475 0.0891429 0.661963 0.0465432 0.577686 0.00307631 0.335437 0.00351177 0.759562 0.00204095 3.27282 0.0443674 4.38004 0.0925607 1154.15 710.759 1161.8 710.895 1161.8 710.895 0.200362 0.0982804 
300 0.29 4278600000 44.7561 0.762816 -1245.04 6.21861 1.55738e+06 15149.9 2.46968e+12 4.58732e+10 -0.148475 0.0891429 0.661963 0.0465432 0.577686 0.00307631 0.335437 0.00351177 0.759562 0.00204095 3.27282 0.0443674 4.38004 0.0925607 1154.15 710.759 1161.8 710.895 1161.8 710.895 0.200362 0.0982804 
300 0.29 4280400000 44.7561 0.762816 -1245.04 6.21861 1.55738e+06 15149.9 2.46968e+12 4.58732e+10 -0.148475 0.0891429 0.661963 0.0465432 0.577686 0.00307631 0.335437 0.00351177 0.759562 0.00204095 3.27282 0.0443674 4.38004 0.0925607 1154.15 710.759 1161.8 710.895 1161.8 710.895 0.200362 0.0982804 
300 0.29 4282200000 44.7561 0.766785 -1245.04 6.21861 1.55738e+06 15149.9 2.46968e+12 4.58732e+10 -0.148475 0.0891429 0.661963 0.0465432 0.577686 0.00307631 0.335437 0.00351177 0.759562 0.00204095 3.27282 0.0443674 4.38004 0.0925607 1154.15 710.759 1161.8 710.895 1161.8 710.895 0.200362 0.0982804 
300 0.29 4284000000 44.7561 0.766785 -1245.04 6.21861 1.55738e+06 15149.9 2.46968e+12 4.58732e+10 -0.148475 0.0891429 0.661963 0.0465432 0.577686 0.00307631 0.335437 0.00351177 0.759562 0.00204095 3.27282 0.0443674 4.38004 0.0925607 1154.15 710.759 1161.8 710.895 1161.8 710.895 0.200362 0.0982804 
300 0.29 4285800000 44.7561 0.766785 -1245.04 6.21861 1.55738e+06 15149.9 2.46968e+12 4.58732e+10 -0.148475 0.0891429 0.661963 0.0465432 0.577686 0.00307631 0.335437 0.00351177 0.759562 0.00204095 3.27282 0.0443674 4.38004 0.0925607 1154.15 710.759 1161.8 710.895 1161.8 710.895 0.200362 0.0982804 
300 0.29 4287600000 44.7561 0.766785 -1245.04 6.21861 1.55738e+06 15149.9 2.46968e+12 4.58732e+10 -0.148475 0.0891429 0.661963 0.0465432 0.577686 0.00307631 0.335437 0.00351177 0.759562 0.00204095 3.27282 0.0443674 4.38004 0.0925607 1154.15 710.759 1161.8 710.895 1161.8 710.895 0.200362 0.0982804 
300 0.29 4289400000 44.7561 0.766785 -1245.04 6.21861 1.55738e+06 15149.9 2.46968e+12 4.58732e+10 -0.148475 0.0891429 0.661963 0.0465432 0.577686 0.00307631 0.335437 0.00351177 0.759562 0.00204095 3.27282 0.0443674 4.38004 0.0925607 1154.15 710.759 1161.8 710.895 1161.8 710.895 0.200362 0.0982804 
300 0.29 4291200000 44.7561 0.766785 -1245.04 6.21861 1.55738e+06 15149.9 2.46968e+12 4.58732e+10 -0.148475 0.0891429 0.661963 0.0465432 0.577686 0.00307631 0.335437 0.00351177 0.759562 0.00204095 3.27282 0.0443674 4.38004 0.0925607 1154.15 710.759 1161.8 710.895 1161.8 710.895 0.200362 0.0982804 
300 0.29 4293000000 44.7561 0.766785 -1245.04 6.21861 1.55738e+06 15149.9 2.46968e+12 4.58732e+10 -0.148475 0.0891429 0.661963 0.0465432 0.577686 0.00307631 0.335437 0.00351177 0.759562 0.00204095 3.27282 0.0443674 4.38004 0.0925607 1154.15 710.759 1161.8 710.895 1161.8 710.895 0.200362 0.0982804 
300 0.29 4294800000 44.7561 0.766785 -1245.04 6.21861 1.55738e+06 15149.9 2.46968e+12 4.58732e+10 -0.148475 0.0891429 0.661963 0.0465432 0.577686 0.00307631 0.335437 0.00351177 0.759562 0.00204095 3.27282 0.0443674 4.38004 0.0925607 1154.15 710.759 1161.8 710.895 1161.8 710.895 0.200362 0.0982804 
300 0.29 4296600000 44.7561 0.76924 -1245.04 6.21861 1.55738e+06 15149.9 2.46968e+12 4.58732e+10 -0.148475 0.0891429 0.661963 0.0465432 0.577686 0.00307631 0.335437 0.00351177 0.759562 0.00204095 3.27282 0.0443674 4.38004 0.0925607 1154.15 710.759 1161.8 710.895 1161.8 710.895 0.200362 0.0982804 
300 0.29 4298400000 44.7561 0.76924 -1245.04 6.21861 1.55738e+06 15149.9 2.46968e+12 4.58732e+10 -0.148475 0.0891429 0.661963 0.0465432 0.577686 0.00307631 0.335437 0.00351177 0.759562 0.00204095 3.27282 0.0443674 4.38004 0.0925607 1154.15 710.759 1161.8 710.895 1161.8 710.895 0.200362 0.0982804 
300 0.29 4300200000 44.7561 0.76924 -1245.04 6.21861 1.55738e+06 15149.9 2.46968e+12 4.58732e+10 -0.148475 0.0891429 0.661963 0.0465432 0.577686 0.00307631 0.335437 0.00351177 0.759562 0.00204095 3.27282 0.0443674 4.38004 0.0925607 1154.15 710.759 1161.8 710.895 1161.8 710.895 0.200362 0.0982804 
300 0.29 4302000000 44.7561 0.76924 -1245.04 6.21861 1.55738e+06 15149.9 2.46968e+12 4.58732e+10 -0.148475 0.0891429 0.661963 0.0465432 0.577686 0.00307631 0.335437 0.00351177 0.759562 0.00204095 3.27282 0.0443674 4.38004 0.0925607 1154.15 710.759 1161.8 710.895 1161.8 710.895 0.200362 0.0982804 
300 0.29 4303800000 44.7561 0.76924 -1245.04 6.21861 1.55738e+06 15149.9 2.46968e+12 4.58732e+10 -0.148475 0.0891429 0.661963 0.0465432 0.577686 0.00307631 0.335437 0.00351177 0.759562 0.00204095 3.27282 0.0443674 4.38004 0.0925607 1154.15 710.759 1161.8 710.895 1161.8 710.895 0.200362 0.0982804 
300 0.29 4305600000 44.7561 0.76924 -1245.04 6.21861 1.55738e+06 15149.9 2.46968e+12 4.58732e+10 -0.148475 0.0891429 0.661963 0.0465432 0.577686 0.00307631 0.335437 0.00351177 0.759562 0.00204095 3.27282 0.0443674 4.38004 0.0925607 1154.15 710.759 1161.8 710.895 1161.8 710.895 0.200362 0.0982804 
300 0.29 4307400000 44.7561 0.76924 -1245.04 6.21861 1.55738e+06 15149.9 2.46968e+12 4.58732e+10 -0.148475 0.0891429 0.661963 0.0465432 0.577686 0.00307631 0.335437 0.00351177 0.759562 0.00204095 3.27282 0.0443674 4.38004 0.0925607 1154.15 710.759 1161.8 710.895 1161.8 710.895 0.200362 0.0982804 
300 0.29 4309200000 44.7561 0.76924 -1245.04 6.21861 1.55738e+06 15149.9 2.46968e+12 4.58732e+10 -0.148475 0.0891429 0.661963 0.0465432 0.577686 0.00307631 0.335437 0.00351177 0.759562 0.00204095 3.27282 0.0443674 4.38004 0.0925607 1154.15 710.759 1161.8 710.895 1161.8 710.895 0.200362 0.0982804 
300 0.29 4311000000 44.7561 0.76924 -1245.04 6.21861 1.55738e+06 15149.9 2.46968e+12 4.58732e+10 -0.148475 0.0891429 0.661963 0.0465432 0.577686 0.00307631 0.335437 0.00351177 0.759562 0.00204095 3.27282 0.0443674 4.38004 0.0925607 1154.15 710.759 1161.8 710.895 1161.8 710.895 0.200362 0.0982804 
300 0.29 4312800000 44.7561 0.76924 -1245.04 6.21861 1.55738e+06 15149.9 2.46968e+12 4.58732e+10 -0.148475 0.0891429 0.661963 0.0465432 0.577686 0.00307631 0.335437 0.00351177 0.759562 0.00204095 3.27282 0.0443674 4.38004 0.0925607 1154.15 710.759 1161.8 710.895 1161.8 710.895 0.200362 0.0982804 
300 0.29 4314600000 44.7561 0.76924 -1245.04 6.21861 1.55738e+06 15149.9 2.46968e+12 4.58732e+10 -0.148475 0.0891429 0.661963 0.0465432 0.577686 0.00307631 0.335437 0.00351177 0.759562 0.00204095 3.27282 0.0443674 4.38004 0.0925607 1154.15 710.759 1161.8 710.895 1161.8 710.895 0.200362 0.0982804 
300 0.29 4316400000 44.7561 0.76924 -1245.04 6.21861 1.55738e+06 15149.9 2.46968e+12 4.58732e+10 -0.148475 0.0891429 0.661963 0.0465432 0.577686 0.00307631 0.335437 0.00351177 0.759562 0.00204095 3.27282 0.0443674 4.38004 0.0925607 1154.15 710.759 1161.8 710.895 1161.8 710.895 0.200362 0.0982804 
300 0.29 4318200000 44.7561 0.76924 -1245.04 6.21861 1.55738e+06 15149.9 2.46968e+12 4.58732e+10 -0.148475 0.0891429 0.661963 0.0465432 0.577686 0.00307631 0.335437 0.00351177 0.759562 0.00204095 3.27282 0.0443674 4.38004 0.0925607 1154.15 710.759 1161.8 710.895 1161.8 710.895 0.200362 0.0982804 
300 0.29 4320000000 44.7561 0.76924 -1245.04 6.21861 1.55738e+06 15149.9 2.46968e+12 4.58732e+10 -0.148475 0.0891429 0.661963 0.0465432 0.577686 0.00307631 0.335437 0.00351177 0.759562 0.00204095 3.27282 0.0443674 4.38004 0.0925607 1154.15 710.759 1161.8 710.895 1161.8 710.895 0.200362 0.0982804 
300 0.29 4321800000 44.7561 0.76924 -1245.04 6.21861 1.55738e+06 15149.9 2.46968e+12 4.58732e+10 -0.148475 0.0891429 0.661963 0.0465432 0.577686 0.00307631 0.335437 0.00351177 0.759562 0.00204095 3.27282 0.0443674 4.38004 0.0925607 1154.15 710.759 1161.8 710.895 1161.8 710.895 0.200362 0.0982804 
300 0.29 4323600000 44.7561 0.76924 -1245.04 6.21861 1.55738e+06 15149.9 2.46968e+12 4.58732e+10 -0.148475 0.0891429 0.661963 0.0465432 0.577686 0.00307631 0.335437 0.00351177 0.759562 0.00204095 3.27282 0.0443674 4.38004 0.0925607 1154.15 710.759 1161.8 710.895 1161.8 710.895 0.200362 0.0982804 
300 0.29 4325400000 44.7561 0.77127 -1245.04 6.21861 1.55738e+06 15149.9 2.46968e+12 4.58732e+10 -0.148475 0.0891429 0.661963 0.0465432 0.577686 0.00307631 0.335437 0.00351177 0.759562 0.00204095 3.27282 0.0443674 4.38004 0.0925607 1154.15 710.759 1161.8 710.895 1161.8 710.895 0.200362 0.0982804 
300 0.29 4327200000 44.7561 0.77127 -1245.04 6.21861 1.55738e+06 15149.9 2.46968e+12 4.58732e+10 -0.148475 0.0891429 0.661963 0.0465432 0.577686 0.00307631 0.335437 0.00351177 0.759562 0.00204095 3.27282 0.0443674 4.38004 0.0925607 1154.15 710.759 1161.8 710.895 1161.8 710.895 0.200362 0.0982804 
