L J MC_steps R2 R2_std E E_std E2 E2_std E4 E4_std Sin1 Sin1_std Cos1 Cos1_std Mag2 Mag2_std Mag4 Mag4_std Mag1 Mag1_std eig1 eig1_std eig2 eig2_std eig3 eig3_std R_g_2_trace R_g_2_trace_std R_g_2_direct R_g_2_direct_std asphericity asphericity_std
300 0.277 36000000 713 0 -47.8936 0 2293.79 0 5.26149e+06 0 0.0800734 0 -0.01894 0 0.00677048 0 4.58393e-05 0 0.0822829 0 13.8192 0 22.6453 0 129.448 0 165.912 0 165.912 0 0.451461 0 
300 0.277 37800000 521 135.765 -41.992 4.17306 1798.16 350.47 3.47902e+06 1.2604e+06 0.0408391 0.0277429 0.00638528 0.0179077 0.00388931 0.00203729 2.34278e-05 1.58473e-05 0.057017 0.0178657 13.6849 0.0949663 24.4575 1.28148 2080.81 1379.82 2118.95 1381.01 2118.95 1381.01 0.711173 0.183644 
300 0.277 39600000 1134.33 508.898 -52.5192 9.03448 3003.14 1011.22 1.20865e+07 7.07807e+06 0.00570368 0.0341331 -0.00374255 0.0145227 0.00417448 0.00137801 2.3123e-05 1.05678e-05 0.0609722 0.0123405 40.096 21.5646 2264.14 1828.69 5362.4 2832.92 7666.64 4622.29 7666.64 4622.29 0.574063 0.165897 
300 0.277 41400000 991.5 401.218 -60.9565 9.96508 4112.91 1224.29 2.29116e+07 1.07734e+07 0.0275256 0.0318198 0.0124498 0.0177561 0.00622379 0.00205375 5.56071e-05 2.92272e-05 0.0735362 0.0142847 31.5749 17.7775 1706.03 1454.19 4040.25 2413.58 5777.86 3833.24 5777.86 3833.24 0.501184 0.139515 
300 0.277 43200000 875.8 337.244 -77.0664 16.4675 7295.12 3010.07 9.85213e+07 6.81744e+07 0.01073 0.029558 0.0304101 0.0214438 0.00770747 0.00211199 8.17077e-05 3.30409e-05 0.082189 0.0138018 26.6321 14.8933 1369.12 1201.75 3240.09 2059.23 4635.84 3232.24 4635.84 3232.24 0.435716 0.12604 
300 0.277 45000000 988.667 299.328 -81.8401 14.3982 7941.66 2576.89 1.02912e+08 5.69532e+07 0.0213614 0.0264747 0.0367063 0.0187714 0.00812332 0.00180047 8.54384e-05 2.77439e-05 0.0853254 0.0118525 23.523 12.7315 1143.03 1022.5 2725.74 1779.1 3892.29 2777.74 3892.29 2777.74 0.476138 0.111327 
300 0.277 46800000 1100.71 276.745 -79.0537 12.6081 7362.23 2272.97 9.03672e+07 5.01796e+07 0.0158228 0.0232647 0.0254546 0.0191676 0.0072588 0.00173846 7.3846e-05 2.60902e-05 0.0796384 0.0114426 20.9445 11.1707 983.541 888.784 3899.91 1872.75 4904.4 2558.67 4904.4 2558.67 0.549727 0.117248 
300 0.277 48600000 1077.5 243.124 -72.7364 12.515 6543.59 2131.18 7.91539e+07 4.51426e+07 0.0254997 0.0222784 0.00687585 0.0241519 0.00933464 0.00246665 0.000135811 6.22962e-05 0.0889941 0.0132979 18.8112 9.97601 864.789 785.58 3430.07 1696.57 4313.67 2306.02 4313.67 2306.02 0.542393 0.102821 
300 0.277 50400000 1068.56 216.274 -70.0395 11.4113 6077.5 1944.68 7.0972e+07 4.08615e+07 0.0379342 0.023013 0.00362015 0.0216866 0.0104513 0.00243224 0.000162472 6.08125e-05 0.0945757 0.0129389 17.8966 8.90939 770.94 703.876 3066.86 1546.45 3855.7 2094.78 3855.7 2094.78 0.546484 0.0914781 
300 0.277 52200000 1108.6 198.319 -68.9169 13.5976 5815.65 2304.13 6.50713e+07 4.46746e+07 0.0389022 0.0207321 -0.000458184 0.0247854 0.00977099 0.00228218 0.000147556 5.6531e-05 0.0911582 0.0120879 16.5886 8.11389 694.89 637.584 2782.15 1417.77 3493.63 1916.33 3493.63 1916.33 0.573354 0.0861862 
300 0.277 54000000 1103.18 180.364 -69.265 13.5976 5768.05 2304.13 6.17017e+07 4.46746e+07 0.0334979 0.019539 0.00249701 0.0247854 0.00901447 0.00219652 0.000134332 5.29157e-05 0.0863319 0.0119136 15.7389 7.46809 635.376 602.115 2540.45 1309.33 3191.56 1765.77 3191.56 1765.77 0.554697 0.080945 
300 0.277 55800000 1060.67 170.271 -74.4816 12.4179 6736.4 2096.02 8.17558e+07 4.02239e+07 0.0339592 0.0179162 0.00327517 0.0209338 0.00840191 0.00209715 0.000123369 4.96289e-05 0.0825367 0.0115094 15.2816 6.81631 587.797 535.8 2656.43 1205.34 3259.51 1619.93 3259.51 1619.93 0.587223 0.0799627 
300 0.277 57600000 1042.23 158.168 -76.5033 12.4179 6999.24 2096.02 8.3397e+07 4.02239e+07 0.0261312 0.0181679 0.00514284 0.0209338 0.00816767 0.00194887 0.000116086 4.63425e-05 0.0818177 0.0106465 15.1273 6.33675 544.941 511.198 2513.97 1121.01 3074.04 1505.9 3074.04 1505.9 0.60751 0.076342 
300 0.277 59400000 1089.14 153.67 -75.7557 10.7091 6810.78 1797.91 7.87983e+07 3.45862e+07 0.0244382 0.0169489 0.0108636 0.0192696 0.00810359 0.00181072 0.00011157 4.32518e-05 0.0820641 0.00988892 16.1836 5.93215 509.009 462.145 2904.18 1106.77 3429.37 1439.64 3429.37 1439.64 0.633647 0.0752301 
300 0.277 61200000 1108.47 144.635 -77.1558 10.7091 6980.87 1797.91 7.93884e+07 3.45862e+07 0.0171074 0.0173319 0.0121161 0.0192696 0.00810958 0.00169001 0.000108608 4.04697e-05 0.0826277 0.0092457 15.4818 5.57803 475.824 444.2 2720.37 1048.13 3211.68 1360.03 3211.68 1360.03 0.639109 0.0728557 
300 0.277 63000000 1042.75 149.783 -80.7121 10.4547 7667.75 1765.64 9.46116e+07 3.36845e+07 0.0147586 0.0164071 0.0092985 0.0169243 0.00769685 0.00163401 0.000101961 3.84822e-05 0.0798889 0.00906443 14.9493 5.25476 447.359 406.428 2553 995.9 3015.31 1289.12 3015.31 1289.12 0.611521 0.0712117 
300 0.277 64800000 1001.71 146.488 -78.9982 10.4547 7373.18 1765.64 8.94624e+07 3.36845e+07 0.00904913 0.0164053 0.0120163 0.0169243 0.00782374 0.00154281 0.000101675 3.62196e-05 0.0810287 0.0086026 14.5568 4.96029 421.809 392.93 2405.87 948.124 2842.23 1224.86 2842.23 1224.86 0.594371 0.0690572 
300 0.277 66600000 974.333 140.884 -79.5427 9.35824 7401.64 1589.38 8.79467e+07 3.0594e+07 0.00621549 0.0157367 0.00764278 0.0151246 0.00773409 0.0014597 9.81692e-05 3.43767e-05 0.0809052 0.00812557 14.8678 4.69446 402.234 362.526 2928.02 1029.23 3345.12 1255.81 3345.12 1255.81 0.615658 0.068423 
300 0.277 68400000 938.474 137.957 -81.6544 9.35824 7765.74 1589.38 9.411e+07 3.0594e+07 0.00138944 0.015631 -0.00071081 0.0151246 0.00891285 0.00179685 0.000140784 5.27359e-05 0.0857829 0.0090442 14.4481 4.4661 381.827 351.852 2777.36 986.029 3173.64 1201.36 3173.64 1201.36 0.604519 0.0657221 
300 0.277 70200000 900.1 136.292 -82.4217 8.85422 7847.92 1491.78 9.38313e+07 2.80949e+07 -0.000736938 0.0196609 0.00532888 0.0154076 0.00927282 0.0018341 0.000146725 5.31423e-05 0.0878404 0.00924248 14.1845 4.25056 364.099 327.275 2640.96 946.115 3019.24 1151.17 3019.24 1151.17 0.582514 0.0660173 
300 0.277 72000000 900.1 130.87 -82.4217 8.85422 7847.92 1491.78 9.38313e+07 2.80949e+07 -0.000736938 0.0196609 0.00532888 0.0147356 0.00927282 0.0018341 0.000146725 5.31423e-05 0.0878404 0.00924248 14.1845 4.06741 364.099 318.727 2640.96 909.125 3019.24 1104.89 3019.24 1104.89 0.582514 0.065838 
300 0.277 73800000 852.727 130.74 -84.2036 8.22662 8088.71 1375.46 9.56509e+07 2.55997e+07 0.00452117 0.0196609 0.00361072 0.0143881 0.00897632 0.00179124 0.000137592 4.90896e-05 0.0866309 0.00911431 13.5935 4.06741 332.582 300.07 2406.15 874.553 2752.33 1061.88 2752.33 1061.88 0.557616 0.0630261 
300 0.277 75600000 852.727 130.74 -84.2036 8.22662 8088.71 1375.46 9.56509e+07 2.55997e+07 0.00452117 0.0196609 0.00361072 0.0137688 0.00897632 0.00179124 0.000137592 4.90896e-05 0.0866309 0.00911431 13.5935 4.06741 332.582 300.07 2406.15 842.225 2752.33 1021.77 2752.33 1021.77 0.557616 0.061375 
300 0.277 77400000 874.583 119.486 -85.6497 7.66711 8356.36 1286.62 1.01714e+08 2.41737e+07 -0.00652343 0.0172635 0.00257743 0.0132085 0.00961441 0.00166626 0.00015009 4.65626e-05 0.0901056 0.00845616 13.4926 3.57303 307.332 273.958 2225.1 811.024 2545.93 983.401 2545.93 983.401 0.556605 0.0582149 
300 0.277 79200000 874.583 115.567 -85.6497 7.66711 8356.36 1286.62 1.01714e+08 2.41737e+07 -0.00652343 0.0172635 0.00257743 0.0131336 0.00961441 0.00166626 0.00015009 4.65626e-05 0.0901056 0.00845616 13.4926 3.44786 307.332 268.123 2225.1 783.183 2545.93 948.856 2545.93 948.856 0.556605 0.0586937 
300 0.277 81000000 858.846 111.412 -86.4247 7.11641 8424.12 1189.43 1.00662e+08 2.23371e+07 -0.00995851 0.0172146 -0.000393185 0.0126388 0.00940024 0.00155179 0.000144805 4.32797e-05 0.0886899 0.0079233 13.6945 3.44786 286.416 255.372 2058.83 757.112 2358.94 916.601 2358.94 916.601 0.524189 0.0605618 
300 0.277 82800000 858.846 118.252 -86.4247 7.11641 8424.12 1189.43 1.00662e+08 2.23371e+07 -0.00995851 0.0172146 -0.000393185 0.0123742 0.00940024 0.00155179 0.000144805 4.32797e-05 0.0886899 0.0079233 13.6945 3.44786 286.416 255.372 2058.83 729.754 2358.94 883.624 2358.94 883.624 0.524189 0.0605618 
300 0.277 84600000 921.429 116.817 -85.3236 6.69275 8183.35 1128.58 9.53119e+07 2.13726e+07 -0.00830934 0.0151946 -0.00588377 0.0123423 0.00922064 0.0014513 0.000138478 4.06482e-05 0.0881357 0.00737671 13.1938 3.09953 267.708 235.537 1958.81 706.837 2239.72 855.416 2239.72 855.416 0.537365 0.0576515 
300 0.277 86400000 921.429 116.817 -85.3236 6.69275 8183.35 1128.58 9.53119e+07 2.13726e+07 -0.00830934 0.0151946 -0.00588377 0.0124965 0.00922064 0.0014513 0.000138478 4.06482e-05 0.0881357 0.00737671 13.1938 3.00113 267.708 231.279 1958.81 760.183 2239.72 888.059 2239.72 888.059 0.537365 0.0576515 
300 0.277 88200000 900.733 110.848 -86.3133 6.31932 8308.48 1060.25 9.57758e+07 1.99528e+07 -0.0136498 0.015091 -0.00601504 0.0126919 0.00999374 0.00154682 0.000159241 4.29151e-05 0.0918322 0.00775598 12.6826 2.96823 252.09 221.943 2225.45 738.45 2490.22 862.2 2490.22 862.2 0.542942 0.0550901 
300 0.277 90000000 900.733 110.848 -86.3133 6.31932 8308.48 1060.25 9.57758e+07 1.99528e+07 -0.0136498 0.015091 -0.00601504 0.0122902 0.00999374 0.00154682 0.000159241 4.29151e-05 0.0918322 0.00775598 12.6826 2.96823 252.09 221.943 2225.45 717.901 2490.22 837.852 2490.22 837.852 0.542942 0.0540771 
300 0.277 91800000 884.5 105.102 -87.5866 6.05129 8532.38 1017.35 1.00074e+08 1.92013e+07 -0.0127272 0.014176 -0.00323085 0.0123225 0.00971701 0.00147468 0.000152519 4.07561e-05 0.0902322 0.00743444 12.3199 2.74456 237.619 206.576 2091.1 698.381 2341.04 814.74 2341.04 814.74 0.532602 0.0521359 
300 0.277 93600000 884.5 105.102 -87.5866 6.05129 8532.38 1017.35 1.00074e+08 1.91632e+07 -0.0127272 0.014176 -0.00323085 0.0119628 0.00971701 0.00147468 0.000152519 4.07561e-05 0.0902322 0.00743444 12.3199 2.7228 237.619 203.347 2091.1 681.476 2341.04 793.128 2341.04 793.128 0.532602 0.05225 
300 0.277 95400000 881.118 98.9736 -87.8619 5.70159 8549.51 957.651 9.93897e+07 1.82349e+07 -0.0114072 0.0136332 -0.00568762 0.0117571 0.0093161 0.00144141 0.000144215 3.91955e-05 0.0879365 0.00734299 12.2368 2.7228 226.518 196.229 2404.05 701.011 2642.81 802.707 2642.81 802.707 0.558672 0.0548197 
300 0.277 97200000 881.118 98.9736 -87.8619 5.70159 8549.51 957.651 9.93897e+07 1.80482e+07 -0.0114072 0.0136332 -0.00568762 0.011656 0.0093161 0.00144141 0.000144215 3.91955e-05 0.0879365 0.00734299 12.2368 2.7228 226.518 196.229 2404.05 683.756 2642.81 782.705 2642.81 782.705 0.558672 0.0548197 
300 0.277 99000000 893.444 94.6609 -86.9535 5.45673 8358.63 923.275 9.53208e+07 1.74982e+07 -0.0106038 0.0126828 -0.00884231 0.0113591 0.00915942 0.00136982 0.000139036 3.73585e-05 0.0874034 0.00695438 11.8601 2.45879 215.087 183.933 2279.42 667.587 2506.37 763.891 2506.37 763.891 0.560812 0.0518159 
300 0.277 100800000 893.444 94.2396 -86.9535 5.45673 8358.63 923.275 9.53208e+07 1.74982e+07 -0.0106038 0.0126828 -0.00884231 0.011297 0.00915942 0.00136982 0.000139036 3.73585e-05 0.0874034 0.00695438 11.8601 2.45879 215.087 181.379 2279.42 652.118 2506.37 745.934 2506.37 745.934 0.560812 0.0518159 
300 0.277 102600000 874.474 92.0393 -87.7355 5.22526 8475 881.984 9.66285e+07 1.67108e+07 -0.0105274 0.0122826 -0.00784492 0.0114912 0.00935982 0.0013123 0.000140682 3.54285e-05 0.0887868 0.00672455 11.5935 2.45879 205.084 175.715 2164.06 637.415 2380.74 728.833 2380.74 728.833 0.551609 0.0498993 
300 0.277 104400000 874.474 91.169 -87.7355 5.22526 8475 881.984 9.66285e+07 1.6626e+07 -0.0105274 0.0122826 -0.00784492 0.0112244 0.00935982 0.0013123 0.000140682 3.54285e-05 0.0887868 0.00672455 11.5935 2.45879 205.084 175.715 2164.06 623.301 2380.74 712.487 2380.74 712.487 0.551609 0.0498993 
300 0.277 106200000 846.45 90.8155 -87.3681 4.9769 8374.38 843.604 9.38862e+07 1.60193e+07 -0.0100698 0.0119187 -0.00488592 0.0111492 0.00909171 0.00127378 0.000134877 3.41294e-05 0.0872446 0.0065628 11.6848 2.22627 195.758 165.794 2058.89 609.868 2266.33 696.867 2266.33 696.867 0.538712 0.0490427 
300 0.277 108000000 846.45 90.8155 -87.3681 4.9769 8374.38 843.604 9.38862e+07 1.60193e+07 -0.0100698 0.0119187 -0.00488592 0.0108784 0.00909171 0.00127378 0.000134877 3.41294e-05 0.0872446 0.0065628 11.6848 2.21915 195.758 163.755 2058.89 596.997 2266.33 681.959 2266.33 681.959 0.538712 0.0490427 
300 0.277 109800000 846.45 90.5493 -87.3681 4.77371 8374.38 806.689 9.38862e+07 1.52586e+07 -0.0100698 0.0119187 -0.00488592 0.0106645 0.00909171 0.00121968 0.000134877 3.26943e-05 0.0872446 0.00627856 11.6848 2.21915 195.758 159.203 2058.89 583.055 2266.33 666.018 2266.33 666.018 0.538712 0.0468853 
300 0.277 111600000 846.45 90.5493 -87.3681 4.77371 8374.38 806.689 9.38862e+07 1.52586e+07 -0.0100698 0.0119187 -0.00488592 0.0104196 0.00909171 0.00121968 0.000134877 3.26943e-05 0.0872446 0.00627856 11.6848 2.21915 195.758 159.203 2058.89 571.233 2266.33 652.31 2266.33 652.31 0.538712 0.0468853 
300 0.277 113400000 894.364 96.8805 -87.3302 4.59666 8316.39 780.779 9.12785e+07 1.48324e+07 -0.00384898 0.0119187 -0.00396819 0.0101842 0.00872971 0.00118951 0.000126616 3.15376e-05 0.0848918 0.00623158 11.3246 2.04643 182.009 150.873 1906.46 559.64 2099.79 638.947 2099.79 638.947 0.529739 0.0449982 
300 0.277 115200000 894.364 96.5712 -87.3302 4.59666 8316.39 780.779 9.12785e+07 1.48324e+07 -0.00384898 0.0119187 -0.00396819 0.0100348 0.00872971 0.00118951 0.000126616 3.15376e-05 0.0848918 0.00623158 11.3246 2.04643 182.009 149.6 1906.46 548.476 2099.79 626.073 2099.79 626.073 0.529739 0.0449982 
300 0.277 117000000 894.364 95.6176 -87.3302 4.39824 8316.39 746.93 9.12785e+07 1.42553e+07 -0.00384898 0.0119187 -0.00396819 0.00991708 0.00872971 0.00118951 0.000126616 3.05322e-05 0.0848918 0.00623158 11.3246 2.04643 182.009 149.6 1906.46 537.966 2099.79 613.887 2099.79 613.887 0.529739 0.0436581 
300 0.277 118800000 894.364 94.5079 -87.3302 4.39824 8316.39 746.93 9.12785e+07 1.41878e+07 -0.00384898 0.0119187 -0.00396819 0.00985287 0.00872971 0.00118951 0.000126616 3.05322e-05 0.0848918 0.00623158 11.3246 2.04643 182.009 149.6 1906.46 527.665 2099.79 602.038 2099.79 602.038 0.529739 0.0435457 
300 0.277 120600000 896.708 93.7308 -87.4563 4.22157 8321.47 716.013 9.06661e+07 1.36914e+07 -0.00398233 0.0113811 -0.0042159 0.00972189 0.00848259 0.00113656 0.000119603 2.93389e-05 0.0839631 0.00599505 11.1468 1.88361 169.055 138.441 1758.1 517.904 1938.3 590.788 1938.3 590.788 0.523424 0.0420832 
300 0.277 122400000 896.708 91.8775 -87.4563 4.22157 8321.47 716.013 9.06661e+07 1.36061e+07 -0.00398233 0.0113811 -0.0042159 0.00956734 0.00848259 0.00113656 0.000119603 2.93389e-05 0.0839631 0.00599505 11.1468 1.88361 169.055 137.013 1758.1 508.4 1938.3 579.834 1938.3 579.834 0.523424 0.0417335 
300 0.277 124200000 896.708 91.5617 -87.4563 4.05751 8321.47 689.972 9.06661e+07 1.32016e+07 -0.00398233 0.0113811 -0.0042159 0.00978061 0.00848259 0.00113656 0.000119603 2.86184e-05 0.0839631 0.00599505 11.1468 1.88361 169.055 133.788 1758.1 499.246 1938.3 569.279 1938.3 569.279 0.523424 0.0405859 
300 0.277 126000000 896.708 91.1173 -87.4563 4.05751 8321.47 689.972 9.06661e+07 1.31775e+07 -0.00398233 0.0113811 -0.0042159 0.00959348 0.00848259 0.00113656 0.000119603 2.86184e-05 0.0839631 0.00599505 11.1468 1.88361 169.055 133.788 1758.1 526.935 1938.3 590.266 1938.3 590.266 0.523424 0.0408534 
300 0.277 127800000 901.038 89.6085 -88.4089 4.06232 8471.72 695.044 9.2754e+07 1.32255e+07 -0.00150957 0.0113811 -0.00251425 0.00942137 0.00834598 0.00113656 0.000117369 2.86184e-05 0.0831524 0.00599505 11.1079 1.73912 158.875 127.888 1927.61 523.566 2097.59 580.018 2097.59 580.018 0.535452 0.042334 
300 0.277 129600000 901.038 88.158 -88.4089 4.06232 8471.72 695.044 9.2754e+07 1.32255e+07 -0.00150957 0.0113811 -0.00251425 0.00932354 0.00834598 0.00113656 0.000117369 2.86184e-05 0.0831524 0.00599505 11.1079 1.73912 158.875 127.028 1927.61 523.566 2097.59 576.901 2097.59 576.901 0.535452 0.042334 
300 0.277 131400000 901.038 87.8775 -88.4089 3.91335 8471.72 670.509 9.2754e+07 1.2805e+07 -0.00150957 0.0113811 -0.00251425 0.00918535 0.00834598 0.00113656 0.000117369 2.86184e-05 0.0831524 0.00599505 11.1079 1.73912 158.875 127.028 1927.61 508.238 2097.59 560.679 2097.59 560.679 0.535452 0.0408031 
300 0.277 133200000 901.038 87.8775 -88.4089 3.91335 8471.72 670.509 9.2754e+07 1.2805e+07 -0.00150957 0.0113811 -0.00251425 0.00906036 0.00834598 0.00113656 0.000117369 2.86184e-05 0.0831524 0.00599505 11.1079 1.73912 158.875 138.156 1927.61 522.971 2097.59 602.311 2097.59 602.311 0.535452 0.0408031 
300 0.277 135000000 923.5 84.5466 -87.7672 3.80957 8326.14 654.67 8.93023e+07 1.2518e+07 0.000336472 0.0105429 -0.00110824 0.00902284 0.00817392 0.00101525 0.000112069 2.57776e-05 0.0825419 0.00530438 11.0458 1.62074 217.836 135.73 2006.46 514.8 2235.34 592.776 2235.34 592.776 0.530642 0.039873 
300 0.277 136800000 923.5 83.1502 -87.7672 3.80957 8326.14 654.67 8.93023e+07 1.2518e+07 0.000336472 0.0105429 -0.00110824 0.00890329 0.00817392 0.00101525 0.000112069 2.57776e-05 0.0825419 0.00530438 11.0458 1.616 217.836 133.431 2006.46 510.137 2235.34 583.538 2235.34 583.538 0.530642 0.039873 
300 0.277 138600000 923.5 82.2311 -87.7672 3.67917 8326.14 632.096 8.93023e+07 1.20972e+07 0.000336472 0.0105429 -0.00110824 0.00874981 0.00817392 0.00101525 0.000112069 2.55024e-05 0.0825419 0.00530438 11.0458 1.616 217.836 131.125 2006.46 499.092 2235.34 574.473 2235.34 574.473 0.530642 0.0388543 
300 0.277 140400000 923.5 88.3674 -87.7672 3.67917 8326.14 632.096 8.93023e+07 1.20972e+07 0.000336472 0.0105429 -0.00110824 0.00870305 0.00817392 0.00101525 0.000112069 2.55024e-05 0.0825419 0.00530438 11.0458 1.616 217.836 128.982 2006.46 496.662 2235.34 565.505 2235.34 565.505 0.530642 0.0388543 
300 0.277 142200000 949.667 88.2033 -87.7714 3.55743 8301.08 611.494 8.80365e+07 1.17168e+07 -0.000340092 0.0105429 -0.00173736 0.00862844 0.0081925 0.00101525 0.000113897 2.55024e-05 0.0821737 0.00530438 10.9137 1.52449 204.854 126.838 1884.03 484.127 2099.79 557.136 2099.79 557.136 0.525925 0.0375641 
300 0.277 144000000 949.667 87.5277 -87.7714 3.55743 8301.08 611.494 8.80365e+07 1.17168e+07 -0.000340092 0.0105429 -0.00173736 0.00850912 0.0081925 0.00101525 0.000113897 2.55024e-05 0.0821737 0.00530438 10.9137 1.51366 204.854 124.852 1884.03 483.423 2099.79 548.21 2099.79 548.21 0.525925 0.0375641 
300 0.277 145800000 949.667 86.143 -87.7714 3.47261 8301.08 596.933 8.80365e+07 1.14266e+07 -0.000340092 0.0105429 -0.00173736 0.00837309 0.0081925 0.00101525 0.000113897 2.55024e-05 0.0821737 0.00530438 10.9137 1.51366 204.854 122.802 1884.03 469.758 2099.79 540.298 2099.79 540.298 0.525925 0.036863 
300 0.277 147600000 949.667 85.299 -87.7714 3.47261 8301.08 621.881 8.80365e+07 1.50963e+07 -0.000340092 0.0105429 -0.00173736 0.00829096 0.0081925 0.00101525 0.000113897 2.55024e-05 0.0821737 0.00530438 10.9137 1.51366 204.854 120.937 1884.03 467.964 2099.79 532.669 2099.79 532.669 0.525925 0.0365971 
300 0.277 149400000 933.062 84.0003 -88.592 3.59332 8521.6 649.374 9.66015e+07 1.48661e+07 -0.000946335 0.00930274 -0.00211725 0.0081617 0.00800756 0.000913133 0.00010885 2.35901e-05 0.0813923 0.00488622 10.8201 1.43416 194.548 119.016 1963.26 471.185 2168.62 537.164 2168.62 537.164 0.529608 0.0367125 
300 0.277 151200000 933.062 83.323 -88.592 3.59332 8521.6 649.374 9.66015e+07 1.48137e+07 -0.000946335 0.00930274 -0.00211725 0.00810655 0.00800756 0.000913133 0.00010885 2.35901e-05 0.0813923 0.00488622 10.8201 1.42195 194.548 117.262 1963.26 464.749 2168.62 529.758 2168.62 529.758 0.529608 0.0361587 
300 0.277 153000000 933.062 85.9485 -88.592 3.4873 8521.6 629.993 9.66015e+07 1.45012e+07 -0.000946335 0.00930274 -0.00211725 0.00803449 0.00800756 0.000901869 0.00010885 2.30074e-05 0.0813923 0.00476429 10.8201 1.42195 194.548 115.436 1963.26 459.882 2168.62 523.624 2168.62 523.624 0.529608 0.036024 
300 0.277 154800000 933.062 85.7888 -88.592 3.4873 8521.6 629.993 9.66015e+07 1.43651e+07 -0.000946335 0.00930274 -0.00211725 0.00796068 0.00800756 0.000901869 0.00010885 2.30074e-05 0.0813923 0.00476429 10.8201 1.42195 194.548 113.744 1963.26 453.919 2168.62 516.754 2168.62 516.754 0.529608 0.0356581 
300 0.277 156600000 943.971 85.2409 -88.802 3.38537 8533.7 611.509 9.58866e+07 1.4087e+07 -0.00285412 0.00930274 0.00110224 0.00785241 0.00794069 0.000901869 0.000105955 2.25168e-05 0.0813405 0.00476429 10.7377 1.35939 186.783 112.096 1923.92 448.098 2121.44 510.034 2121.44 510.034 0.526496 0.0356303 
300 0.277 158400000 943.971 84.4062 -88.802 3.38537 8533.7 611.509 9.58866e+07 1.3966e+07 -0.00285412 0.00930274 0.00110224 0.00780554 0.00794069 0.000901869 0.000105955 2.25168e-05 0.0813405 0.00476429 10.7377 1.34222 186.783 110.506 1923.92 442.374 2121.44 503.452 2121.44 503.452 0.526496 0.0351142 
300 0.277 160200000 943.971 83.9154 -88.802 3.29564 8533.7 596.482 9.58866e+07 1.37246e+07 -0.00285412 0.00930274 0.00110224 0.00770849 0.00794069 0.000901869 0.000105955 2.25168e-05 0.0813405 0.00476429 10.7377 1.34069 186.783 108.944 1923.92 436.82 2121.44 497.066 2121.44 497.066 0.526496 0.0346444 
300 0.277 162000000 943.971 83.241 -88.802 3.29564 8533.7 596.482 9.58866e+07 1.36438e+07 -0.00285412 0.00930274 0.00110224 0.00764112 0.00794069 0.000901869 0.000105955 2.25168e-05 0.0813405 0.00476429 10.7377 1.34069 186.783 107.452 1923.92 431.314 2121.44 490.741 2121.44 490.741 0.526496 0.0341585 
300 0.277 163800000 932.889 82.0914 -88.0869 3.2414 8392.05 586.211 9.27885e+07 1.34034e+07 -0.000638232 0.0082742 0.0015095 0.00761548 0.00794748 0.000816994 0.00010444 2.11192e-05 0.081621 0.00437904 10.6007 1.28921 177.705 105.961 1943.22 435.742 2131.52 492.71 2131.52 492.71 0.531636 0.0342805 
300 0.277 165600000 932.889 81.1958 -88.0869 3.2414 8392.05 586.211 9.27885e+07 1.3362e+07 -0.000638232 0.0082742 0.0015095 0.00761742 0.00794748 0.000816994 0.00010444 2.11192e-05 0.081621 0.00437904 10.6007 1.27319 177.705 104.553 1943.22 430.504 2131.52 486.727 2131.52 486.727 0.531636 0.0338192 
300 0.277 167400000 932.889 80.1502 -88.0869 3.21733 8392.05 581.126 9.27885e+07 1.31476e+07 -0.000638232 0.0082742 0.0015095 0.00753521 0.00794748 0.00080366 0.00010444 2.06076e-05 0.081621 0.00426457 10.6007 1.27319 177.705 103.12 1943.22 447.383 2131.52 500.257 2131.52 500.257 0.531636 0.033849 
300 0.277 169200000 932.889 79.7718 -88.0869 3.21733 8392.05 581.126 9.27885e+07 1.31476e+07 -0.000638232 0.0082742 0.0015095 0.00750219 0.00794748 0.00080366 0.00010444 2.06076e-05 0.081621 0.00426457 10.6007 1.27319 177.705 101.766 1943.22 442.215 2131.52 494.418 2131.52 494.418 0.531636 0.0335427 
300 0.277 171000000 909.684 79.2767 -87.7622 3.14857 8322.91 567.474 9.10301e+07 1.28036e+07 0.00088119 0.0082742 0.00160006 0.0075794 0.00804599 0.00080366 0.000105072 2.04422e-05 0.0823606 0.00425128 10.4813 1.22398 171.067 100.448 2006.72 437.171 2188.27 488.72 2188.27 488.72 0.529565 0.0334178 
300 0.277 172800000 909.684 78.5952 -87.7622 3.14857 8322.91 567.474 9.10301e+07 1.28036e+07 0.00088119 0.0082742 0.00160006 0.00748525 0.00804599 0.00080366 0.000105072 2.04422e-05 0.0823606 0.00425128 10.4813 1.21176 171.067 99.1641 2006.72 432.225 2188.27 483.137 2188.27 483.137 0.529565 0.0333897 
300 0.277 174600000 909.684 78.6653 -87.7622 3.07015 8322.91 553.823 9.10301e+07 1.25086e+07 0.00088119 0.0082742 0.00160006 0.00743389 0.00804599 0.00080366 0.000105072 2.04422e-05 0.0823606 0.00424042 10.4813 1.21176 171.067 97.9053 2006.72 427.336 2188.27 477.609 2188.27 477.609 0.529565 0.0328949 
300 0.277 176400000 909.684 77.9887 -87.7622 3.07015 8322.91 553.823 9.10301e+07 1.25086e+07 0.00088119 0.0082742 0.00160006 0.00734939 0.00804599 0.00080366 0.000105072 2.04422e-05 0.0823606 0.00424042 10.4813 1.21176 171.067 96.6867 2006.72 422.58 2188.27 472.241 2188.27 472.241 0.529565 0.0328949 
300 0.277 178200000 909.975 77.0337 -88.2363 3.05044 8394.8 549.627 9.17607e+07 1.23049e+07 0.000907305 0.00927169 0.000505957 0.00736806 0.00827177 0.000925397 0.00011027 2.28393e-05 0.0834287 0.00494782 10.372 1.16572 163.884 95.4905 1910.79 417.936 2085.05 467.002 2085.05 467.002 0.520114 0.0323823 
300 0.277 180000000 909.975 76.3207 -88.2363 3.05044 8394.8 549.627 9.17607e+07 1.23049e+07 0.000907305 0.00927169 0.000505957 0.0073078 0.00827177 0.000925397 0.00011027 2.28393e-05 0.0834287 0.00494782 10.372 1.15609 163.884 94.3359 1910.79 413.4 2085.05 461.864 2085.05 461.864 0.520114 0.0323823 
300 0.277 181800000 909.975 75.4447 -88.2363 2.97627 8394.8 536.638 9.17607e+07 1.20347e+07 0.000907305 0.00927169 0.000505957 0.00721907 0.00827177 0.000925397 0.00011027 2.28393e-05 0.0834287 0.00494782 10.372 1.15609 163.884 93.1794 1910.79 425.567 2085.05 471.36 2085.05 471.36 0.520114 0.0320716 
300 0.277 183600000 909.975 74.979 -88.2363 2.97627 8394.8 536.638 9.17607e+07 1.20347e+07 0.000907305 0.00927169 0.000505957 0.00714261 0.00827177 0.000925397 0.00011027 2.28393e-05 0.0834287 0.00494782 10.372 1.15609 163.884 92.0715 1910.79 421.085 2085.05 466.345 2085.05 466.345 0.520114 0.0319446 
300 0.277 185400000 909.975 74.5512 -88.2363 2.90643 8394.8 523.861 9.17607e+07 1.17581e+07 0.000907305 0.00927169 0.000505957 0.00707056 0.00827177 0.000925397 0.00011027 2.28393e-05 0.0834287 0.00494782 10.372 1.11267 163.884 90.9858 1910.79 416.647 2085.05 461.383 2085.05 461.383 0.520114 0.0316012 
300 0.277 187200000 909.975 74.2629 -88.2363 2.90643 8394.8 523.861 9.17607e+07 1.17581e+07 0.000907305 0.00927169 0.000505957 0.00698738 0.00827177 0.000925397 0.00011027 2.28393e-05 0.0834287 0.00494782 10.372 1.10319 163.884 89.9296 1910.79 412.318 2085.05 456.549 2085.05 456.549 0.520114 0.0313714 
300 0.277 189000000 909.975 73.503 -88.2363 2.84004 8394.8 512.399 9.17607e+07 1.15181e+07 0.000907305 0.00927169 0.000505957 0.0069607 0.00827177 0.000925397 0.00011027 2.28393e-05 0.0834287 0.00494782 10.372 1.10319 163.884 88.8967 1910.79 408.116 2085.05 451.856 2085.05 451.856 0.520114 0.031134 
300 0.277 190800000 909.975 72.6897 -88.2363 2.84004 8394.8 512.399 9.17607e+07 1.15181e+07 0.000907305 0.00927169 0.000505957 0.00693632 0.00827177 0.000925397 0.00011027 2.28393e-05 0.0834287 0.00494782 10.372 1.10319 163.884 87.8925 1910.79 403.982 2085.05 447.245 2085.05 447.245 0.520114 0.0311071 
300 0.277 192600000 902.909 72.2371 -88.9007 2.8622 8480.64 518.161 9.21694e+07 1.15561e+07 -0.00102532 0.00927169 0.000313459 0.00689893 0.00814841 0.000925397 0.000109807 2.28393e-05 0.0822815 0.00494782 10.1975 1.06442 152.032 86.9027 1876.7 399.938 2038.93 442.73 2038.93 442.73 0.50528 0.0308512 
300 0.277 194400000 902.909 72.0542 -88.9007 2.8622 8480.64 518.161 9.21694e+07 1.15561e+07 -0.00102532 0.00927169 0.000313459 0.00683813 0.00814841 0.000925397 0.000109807 2.28393e-05 0.0822815 0.00494782 10.1975 1.97978 152.032 92.0406 1876.7 404.01 2038.93 453.229 2038.93 453.229 0.50528 0.0308512 
300 0.277 196200000 902.909 71.2633 -88.9007 2.81086 8480.64 509.618 9.21694e+07 1.1364e+07 -0.00102532 0.00927169 0.000313459 0.00679038 0.00814841 0.000925397 0.000109807 2.28393e-05 0.0822815 0.00494782 10.1975 1.95802 152.032 91.0315 1876.7 400.066 2038.93 448.756 2038.93 448.756 0.50528 0.0304993 
300 0.277 198000000 902.909 70.706 -88.9007 2.81086 8480.64 509.618 9.21694e+07 1.1364e+07 -0.00102532 0.00927169 0.000313459 0.00678988 0.00814841 0.000925397 0.000109807 2.28393e-05 0.0822815 0.00494782 10.1975 1.93746 152.032 90.0493 1876.7 396.216 2038.93 444.402 2038.93 444.402 0.50528 0.0304993 
300 0.277 199800000 902.909 70.1852 -88.9007 2.76146 8480.64 501.007 9.21694e+07 1.11657e+07 -0.00102532 0.00927169 0.000313459 0.00676449 0.00814841 0.000925397 0.000109807 2.28393e-05 0.0822815 0.00494782 10.1975 1.91784 152.032 89.0855 1876.7 401.92 2038.93 448.184 2038.93 448.184 0.50528 0.0302205 
300 0.277 201600000 902.909 69.4319 -88.9007 2.76146 8480.64 501.007 9.21694e+07 1.11657e+07 -0.00102532 0.00927169 0.000313459 0.00669587 0.00814841 0.000925397 0.000109807 2.28393e-05 0.0822815 0.00494782 10.1975 1.89789 152.032 88.1417 1876.7 398.135 2038.93 443.925 2038.93 443.925 0.50528 0.0299972 
300 0.277 203400000 902.909 68.7844 -88.9007 2.74821 8480.64 499.662 9.21694e+07 1.11163e+07 -0.00102532 0.00927169 0.000313459 0.00666423 0.00814841 0.000925397 0.000109807 2.28393e-05 0.0822815 0.00494782 10.1975 1.87816 152.032 87.2186 1876.7 394.423 2038.93 439.75 2038.93 439.75 0.50528 0.029787 
300 0.277 205200000 902.909 68.0608 -88.9007 2.74821 8480.64 499.662 9.21694e+07 1.11163e+07 -0.00102532 0.00927169 0.000313459 0.00659477 0.00814841 0.000925397 0.000109807 2.28393e-05 0.0822815 0.00494782 10.1975 1.85999 152.032 86.3126 1876.7 390.745 2038.93 435.617 2038.93 435.617 0.50528 0.0296826 
300 0.277 207000000 921.708 68.3284 -88.8017 2.69213 8455.53 489.521 9.15388e+07 1.08923e+07 -0.00109878 0.00794047 -0.00241251 0.00654985 0.00806313 0.000794336 0.000107296 1.92254e-05 0.0819555 0.00433697 11.5159 1.84088 173.883 85.4291 1928.74 387.106 2114.14 431.54 2114.14 431.54 0.498462 0.0292265 
300 0.277 208800000 921.708 67.8125 -88.8017 2.69213 8455.53 489.521 9.15388e+07 1.08923e+07 -0.00109878 0.00794047 -0.00241251 0.00686421 0.00806313 0.000797646 0.000107296 3.13766e-05 0.0819555 0.00433697 11.5159 1.82246 173.883 84.5587 1928.74 383.588 2114.14 427.578 2114.14 427.578 0.498462 0.0290802 
300 0.277 210600000 921.708 67.208 -88.8017 2.6706 8455.53 483.412 9.15388e+07 1.07124e+07 -0.00109878 0.00794047 -0.00241251 0.00679568 0.00806313 0.000794336 0.000107296 3.10861e-05 0.0819555 0.00433697 11.5159 1.80407 173.883 83.7115 1928.74 380.133 2114.14 423.703 2114.14 423.703 0.498462 0.0287933 
300 0.277 212400000 921.708 66.926 -88.8017 2.6706 8455.53 483.412 9.15388e+07 1.07124e+07 -0.00109878 0.00794047 -0.00241251 0.0067539 0.00806313 0.000794336 0.000107296 3.07943e-05 0.0819555 0.00433697 11.5159 1.78643 173.883 82.878 1928.74 376.724 2114.14 419.874 2114.14 419.874 0.498462 0.0287266 
300 0.277 214200000 921.708 66.7632 -88.8017 2.61835 8455.53 473.826 9.15388e+07 1.04982e+07 -0.00109878 0.00794047 -0.00241251 0.00677109 0.00806313 0.000794336 0.000107296 3.04984e-05 0.0819555 0.00433697 11.5159 1.76922 173.883 82.0629 1928.74 373.397 2114.14 416.141 2114.14 416.141 0.498462 0.0285226 
300 0.277 216000000 921.708 66.2394 -88.8017 2.61835 8455.53 473.826 9.15388e+07 1.04982e+07 -0.00109878 0.00794047 -0.00241251 0.00675741 0.00806313 0.000794336 0.000107296 3.02057e-05 0.0819555 0.00433697 11.5159 1.75212 173.883 81.2584 1928.74 373.688 2114.14 415.45 2114.14 415.45 0.498462 0.0285226 
300 0.277 217800000 921.708 65.8615 -88.8017 2.58899 8455.53 467.784 9.15388e+07 1.03183e+07 -0.00109878 0.00794047 -0.00241251 0.00675638 0.00806313 0.000794336 0.000107296 2.99108e-05 0.0819555 0.00433697 11.5159 1.73605 173.883 80.4728 1928.74 370.473 2114.14 411.845 2114.14 411.845 0.498462 0.0285226 
300 0.277 219600000 921.708 65.4643 -88.8017 2.58899 8455.53 467.784 9.15388e+07 1.03183e+07 -0.00109878 0.00794047 -0.00241251 0.00669204 0.00806313 0.000794336 0.000107296 2.96495e-05 0.0819555 0.00433697 11.5159 1.71999 173.883 79.7009 1928.74 367.272 2114.14 408.258 2114.14 408.258 0.498462 0.0285226 
300 0.277 221400000 886.173 64.9888 -88.7052 2.54076 8436.68 459.286 9.07062e+07 1.01362e+07 -0.000429827 0.00794047 0.000224918 0.00670526 0.00860883 0.000809958 0.000133929 2.96353e-05 0.0841022 0.00433697 11.1693 1.70365 163.105 78.9433 1857.56 364.1 2031.84 404.705 2031.84 404.705 0.491842 0.0285226 
300 0.277 223200000 886.173 64.5606 -88.7052 2.54076 8436.68 459.286 9.07062e+07 1.01362e+07 -0.000429827 0.00794047 0.000224918 0.00666872 0.00860883 0.000809958 0.000133929 2.96353e-05 0.0841022 0.00433697 11.1693 1.68871 163.105 78.2027 1857.56 361.017 2031.84 401.257 2031.84 401.257 0.491842 0.0285226 
300 0.277 225000000 886.173 64.2405 -88.7052 2.49301 8436.68 450.621 9.07062e+07 9.94753e+06 -0.000429827 0.00794047 0.000224918 0.00661233 0.00860883 0.000809958 0.000133929 2.96353e-05 0.0841022 0.00433697 11.1693 1.67297 163.105 77.4725 1857.56 368.992 2031.84 407.496 2031.84 407.496 0.491842 0.0285226 
300 0.277 226800000 886.173 63.6612 -88.7052 2.49301 8436.68 450.621 9.07062e+07 9.94753e+06 -0.000429827 0.00794047 0.000224918 0.00655055 0.00860883 0.000809958 0.000133929 2.96353e-05 0.0841022 0.00433697 11.1693 1.65742 163.105 76.7587 1857.56 365.914 2031.84 404.077 2031.84 404.077 0.491842 0.0285226 
300 0.277 228600000 886.173 63.1007 -88.7052 2.45456 8436.68 443.157 9.07062e+07 9.76592e+06 -0.000429827 0.00794047 0.000224918 0.00650001 0.00860883 0.000809958 0.000133929 2.96353e-05 0.0841022 0.00433697 11.1693 1.64216 163.105 76.0597 1857.56 362.908 2031.84 400.74 2031.84 400.74 0.491842 0.0285226 
300 0.277 230400000 886.173 62.6545 -88.7052 2.45456 8436.68 443.157 9.07062e+07 9.76592e+06 -0.000429827 0.00794047 0.000224918 0.00644355 0.00860883 0.000809958 0.000133929 2.96353e-05 0.0841022 0.00433697 11.1693 1.62736 163.105 75.3727 1857.56 359.953 2031.84 397.459 2031.84 397.459 0.491842 0.0285226 
300 0.277 232200000 886.173 62.4018 -88.7052 2.41023 8436.68 435.1 9.07062e+07 9.59101e+06 -0.000429827 0.00794047 0.000224918 0.00647368 0.00860883 0.000809958 0.000133929 2.96353e-05 0.0841022 0.00433697 11.1693 1.61302 163.105 74.6913 1857.56 360.902 2031.84 397.564 2031.84 397.564 0.491842 0.0285226 
300 0.277 234000000 886.173 62.0208 -88.7052 2.41023 8436.68 435.1 9.07062e+07 9.59101e+06 -0.000429827 0.00794047 0.000224918 0.00649436 0.00860883 0.000809958 0.000133929 2.96353e-05 0.0841022 0.00433697 11.1693 1.59854 163.105 74.0229 1857.56 360.743 2031.84 396.694 2031.84 396.694 0.491842 0.0285226 
300 0.277 235800000 879.089 61.4818 -88.7456 2.3777 8417.51 429.864 8.94685e+07 9.47256e+06 3.80388e-05 0.00688701 -0.000955222 0.00644854 0.00853136 0.00080715 0.000129773 2.78085e-05 0.0839881 0.0041666 10.952 1.58431 153.957 73.3729 1968.03 357.923 2132.94 393.574 2132.94 393.574 0.504944 0.0268699 
300 0.277 237600000 879.089 61.0904 -88.7456 2.3777 8417.51 429.864 8.94685e+07 9.47256e+06 3.80388e-05 0.00688701 -0.000955222 0.0063916 0.00853136 0.00080715 0.000129773 2.78085e-05 0.0839881 0.0041666 10.952 1.57133 153.957 72.7335 1968.03 355.104 2132.94 390.46 2132.94 390.46 0.504944 0.0266896 
300 0.277 239400000 879.089 60.5832 -88.7456 2.33883 8417.51 422.689 8.94685e+07 9.30854e+06 3.80388e-05 0.00688701 -0.000955222 0.00634498 0.00853136 0.00080715 0.000129773 2.78085e-05 0.0839881 0.0041666 10.952 1.55892 153.957 72.0998 1968.03 358.819 2132.94 393.128 2132.94 393.128 0.504944 0.0267713 
300 0.277 241200000 879.089 60.1251 -88.7456 2.33883 8417.51 422.689 8.94685e+07 9.30854e+06 3.80388e-05 0.00688701 -0.000955222 0.00633684 0.00853136 0.00080715 0.000129773 2.78085e-05 0.0839881 0.0041666 10.952 1.54654 153.957 71.4828 1968.03 356.085 2132.94 390.117 2132.94 390.117 0.504944 0.0265523 
300 0.277 243000000 879.089 59.8052 -88.7456 2.3034 8417.51 415.944 8.94685e+07 9.14949e+06 3.80388e-05 0.00688701 -0.000955222 0.00628221 0.00853136 0.00080715 0.000129773 2.78085e-05 0.0839881 0.0041666 10.952 1.53322 153.957 70.8709 1968.03 362.191 2132.94 394.986 2132.94 394.986 0.504944 0.0266311 
300 0.277 244800000 879.089 59.6332 -88.7456 2.3034 8417.51 415.944 8.94685e+07 9.14949e+06 3.80388e-05 0.00688701 -0.000955222 0.00630743 0.00853136 0.00080715 0.000129773 2.78085e-05 0.0839881 0.0041666 10.952 1.52272 153.957 70.2722 1968.03 359.514 2132.94 392.036 2132.94 392.036 0.504944 0.0267024 
300 0.277 246600000 879.089 59.3709 -88.7456 2.3062 8417.51 417.448 8.94685e+07 9.16035e+06 3.80388e-05 0.00688701 -0.000955222 0.00625578 0.00853136 0.00080715 0.000129773 2.78085e-05 0.0839881 0.0041666 10.952 1.5105 153.957 69.685 1968.03 356.867 2132.94 389.13 2132.94 389.13 0.504944 0.0265754 
300 0.277 248400000 879.089 58.9413 -88.7456 2.3062 8417.51 417.448 8.94685e+07 9.16035e+06 3.80388e-05 0.00688701 -0.000955222 0.00622685 0.00853136 0.00080715 0.000129773 2.78085e-05 0.0839881 0.0041666 10.952 1.49807 153.957 69.0996 1968.03 357.444 2132.94 389.117 2132.94 389.117 0.504944 0.0265754 
300 0.277 250200000 872.05 58.4967 -89.1416 2.28889 8491.04 413.528 9.07385e+07 9.04676e+06 -0.00174788 0.00688701 -0.00130327 0.00620059 0.00907013 0.000876655 0.000141721 2.84057e-05 0.0868586 0.00440253 10.9472 1.48604 146.75 68.5306 2092.51 354.624 2250.2 386.047 2250.2 386.047 0.516933 0.0269094 
300 0.277 252000000 872.05 58.2087 -89.1416 2.28889 8491.04 413.528 9.07385e+07 9.04676e+06 -0.00174788 0.00688701 -0.00130327 0.0061609 0.00907013 0.000876655 0.000141721 2.84057e-05 0.0868586 0.00440253 10.9472 1.47416 146.75 67.9711 2092.51 352.093 2250.2 383.269 2250.2 383.269 0.516933 0.0269094 
300 0.277 253800000 872.05 57.9283 -89.1416 2.25154 8491.04 406.755 9.07385e+07 8.90344e+06 -0.00174788 0.00688701 -0.00130327 0.00616947 0.00907013 0.000876655 0.000141721 2.84057e-05 0.0868586 0.00440253 10.9472 1.4622 146.75 67.4177 2092.51 349.443 2250.2 380.368 2250.2 380.368 0.516933 0.0265009 
300 0.277 255600000 872.05 57.4589 -89.1416 2.25154 8491.04 406.755 9.07385e+07 8.90344e+06 -0.00174788 0.00688701 -0.00130327 0.00627864 0.00907013 0.000876655 0.000141721 2.84057e-05 0.0868586 0.00440253 10.9472 1.45052 146.75 66.8771 2092.51 346.974 2250.2 377.663 2250.2 377.663 0.516933 0.0265009 
300 0.277 257400000 872.05 57.0126 -89.1416 2.21808 8491.04 400.595 9.07385e+07 8.76309e+06 -0.00174788 0.00688701 -0.00130327 0.00624219 0.00907013 0.000876655 0.000141721 2.84057e-05 0.0868586 0.00440253 10.9472 1.43887 146.75 66.3441 2092.51 344.542 2250.2 374.994 2250.2 374.994 0.516933 0.0262978 
300 0.277 259200000 872.05 56.8038 -89.1416 2.21808 8491.04 400.595 9.07385e+07 8.76309e+06 -0.00174788 0.00688701 -0.00130327 0.00619248 0.00907013 0.000876655 0.000141721 2.84057e-05 0.0868586 0.00440253 10.9472 1.42752 146.75 65.8211 2092.51 342.147 2250.2 372.371 2250.2 372.371 0.516933 0.0262978 
300 0.277 261000000 872.05 56.77 -89.1416 2.18588 8491.04 395.219 9.07385e+07 8.65299e+06 -0.00174788 0.00688701 -0.00130327 0.00614385 0.00907013 0.000876655 0.000141721 2.84057e-05 0.0868586 0.00440253 10.9472 1.41628 146.75 65.2997 2092.51 339.602 2250.2 369.582 2250.2 369.582 0.516933 0.0262826 
300 0.277 262800000 872.05 56.77 -89.1416 2.18588 8491.04 395.219 9.07385e+07 8.65299e+06 -0.00174788 0.00688701 -0.00130327 0.00609752 0.00907013 0.000876655 0.000141721 2.84057e-05 0.0868586 0.00440253 10.9472 1.4054 146.75 64.7936 2092.51 337.262 2250.2 367.024 2250.2 367.024 0.516933 0.0262826 
300 0.277 264600000 858.562 55.6642 -88.9349 2.16415 8433.85 391.573 8.90876e+07 8.56223e+06 -0.00181456 0.00627036 -0.00224551 0.00606833 0.00918439 0.000933776 0.000147158 2.83538e-05 0.0873288 0.00480177 10.8542 1.39444 139.748 64.295 1973.8 334.972 2124.4 364.516 2124.4 364.516 0.509158 0.0257642 
300 0.277 266400000 858.562 55.2338 -88.9349 2.16415 8433.85 391.573 8.90876e+07 8.56223e+06 -0.00181456 0.00627036 -0.00224551 0.0060433 0.00918439 0.000933776 0.000147158 2.83538e-05 0.0873288 0.00480177 10.8542 1.38367 139.748 63.804 1973.8 338.634 2124.4 367.279 2124.4 367.279 0.509158 0.0257642 
300 0.277 268200000 858.562 55.0967 -88.9349 2.13816 8433.85 386.47 8.90876e+07 8.43488e+06 -0.00181456 0.00627036 -0.00224551 0.00601858 0.00918439 0.000933776 0.000147158 2.83538e-05 0.0873288 0.00480177 10.8542 1.37304 139.748 63.3199 1973.8 336.383 2124.4 364.819 2124.4 364.819 0.509158 0.0257642 
300 0.277 270000000 858.562 54.989 -88.9349 2.13816 8433.85 386.47 8.90876e+07 8.43488e+06 -0.00181456 0.00627036 -0.00224551 0.00597737 0.00918439 0.000933776 0.000147158 2.83538e-05 0.0873288 0.00480177 10.8542 1.3626 139.748 62.8428 1973.8 334.15 2124.4 362.381 2124.4 362.381 0.509158 0.0257642 
300 0.277 271800000 858.562 54.6602 -88.9349 2.12529 8433.85 384.09 8.90876e+07 8.3583e+06 -0.00181456 0.00627036 -0.00224551 0.00593345 0.00918439 0.000933776 0.000147158 2.83538e-05 0.0873288 0.00480177 10.8542 1.35322 139.748 62.3709 1973.8 331.926 2124.4 359.95 2124.4 359.95 0.509158 0.0257642 
300 0.277 273600000 858.562 54.3463 -88.9349 2.12529 8433.85 384.09 8.90876e+07 8.3583e+06 -0.00181456 0.00627036 -0.00224551 0.00588986 0.00918439 0.000933776 0.000147158 2.83538e-05 0.0873288 0.00480177 10.8542 1.34354 139.748 61.9081 1973.8 329.745 2124.4 357.572 2124.4 357.572 0.509158 0.0257642 
300 0.277 275400000 858.562 54.0646 -88.9349 2.12249 8433.85 383.258 8.90876e+07 8.29788e+06 -0.00181456 0.00627036 -0.00224551 0.00585688 0.00918439 0.000933776 0.000147158 2.83538e-05 0.0873288 0.00480177 10.8542 1.33392 139.748 61.4512 1973.8 327.583 2124.4 355.213 2124.4 355.213 0.509158 0.0257642 
300 0.277 277200000 858.562 53.6714 -88.9349 2.12249 8433.85 383.258 8.90876e+07 8.29788e+06 -0.00181456 0.00627036 -0.00224551 0.00582164 0.00918439 0.000933776 0.000147158 2.83538e-05 0.0873288 0.00480177 10.8542 1.32433 139.748 61.0019 1973.8 332.953 2124.4 359.61 2124.4 359.61 0.509158 0.0257642 
300 0.277 279000000 844.441 53.2891 -88.5568 2.09299 8364.32 378.002 8.77607e+07 8.18406e+06 -0.00081436 0.00627036 -0.00253021 0.00582031 0.0089628 0.000933776 0.000141349 2.83538e-05 0.0861645 0.00480177 10.6575 1.31502 133.063 60.5568 2023.4 330.801 2167.12 357.267 2167.12 357.267 0.506933 0.0247128 
300 0.277 280800000 844.441 53.2556 -88.5568 2.09299 8364.32 378.002 8.77607e+07 8.18406e+06 -0.00081436 0.00627036 -0.00253021 0.00579446 0.0089628 0.000933776 0.000141349 2.83538e-05 0.0861645 0.00480177 10.6575 1.30563 133.063 60.1193 2023.4 328.67 2167.12 354.952 2167.12 354.952 0.506933 0.0245332 
300 0.277 282600000 844.441 53.2556 -88.5568 2.07183 8364.32 373.711 8.77607e+07 8.07138e+06 -0.00081436 0.00627036 -0.00253021 0.00582813 0.0089628 0.000933776 0.000141349 2.83538e-05 0.0861645 0.00480177 10.6575 1.29634 133.063 59.6886 2023.4 328.527 2167.12 354.375 2167.12 354.375 0.506933 0.0245977 
300 0.277 284400000 844.441 53.2556 -88.5568 2.07183 8364.32 373.711 8.77607e+07 8.07138e+06 -0.00081436 0.00627036 -0.00253021 0.00579402 0.0089628 0.000933776 0.000141349 2.83538e-05 0.0861645 0.00480177 10.6575 1.31598 133.063 75.0949 2023.4 340.001 2167.12 379.555 2167.12 379.555 0.506933 0.0244419 
300 0.277 286200000 844.441 53.2556 -88.5568 2.04368 8364.32 368.452 8.77607e+07 7.95653e+06 -0.00081436 0.00627036 -0.00253021 0.0057988 0.0089628 0.000933776 0.000141349 2.83538e-05 0.0861645 0.00480177 10.6575 1.30662 133.063 74.567 2023.4 337.899 2167.12 377.183 2167.12 377.183 0.506933 0.0243446 
300 0.277 288000000 844.441 53.2556 -88.5568 2.04368 8364.32 368.452 8.77607e+07 7.95653e+06 -0.00081436 0.00627036 -0.00253021 0.00575961 0.0089628 0.000933776 0.000141349 2.83538e-05 0.0861645 0.00480177 10.6575 1.29742 133.063 74.0384 2023.4 340.741 2167.12 379.175 2167.12 379.175 0.506933 0.0243714 
300 0.277 289800000 844.441 53.2556 -88.5568 2.02852 8364.32 365.29 8.77607e+07 7.87128e+06 -0.00081436 0.00627036 -0.00253021 0.00588494 0.0089628 0.000933776 0.000141349 2.83538e-05 0.0861645 0.00480177 10.6575 1.28867 133.063 73.5256 2023.4 338.657 2167.12 376.834 2167.12 376.834 0.506933 0.0243446 
300 0.277 291600000 844.441 53.2556 -88.5568 2.02852 8364.32 365.29 8.77607e+07 7.87128e+06 -0.00081436 0.00627036 -0.00253021 0.00585597 0.0089628 0.000933776 0.000141349 2.83538e-05 0.0861645 0.00480177 10.6575 1.28046 133.063 73.0167 2023.4 336.607 2167.12 374.523 2167.12 374.523 0.506933 0.0243446 
300 0.277 293400000 845.472 52.8183 -88.361 2.01367 8330.7 361.667 8.68695e+07 7.77563e+06 -0.00148555 0.00558228 -0.00157452 0.00581533 0.00914146 0.000831009 0.000149439 2.59306e-05 0.0868875 0.00428848 10.8217 1.2716 173.412 72.518 2147.03 334.517 2331.26 372.185 2331.26 372.185 0.510693 0.0240216 
300 0.277 295200000 845.472 52.471 -88.361 2.01367 8330.7 361.667 8.68695e+07 7.77563e+06 -0.00148555 0.00558228 -0.00157452 0.00579661 0.00914146 0.000831009 0.000149439 2.59306e-05 0.0868875 0.00428848 10.8217 1.26314 173.412 72.0227 2147.03 332.505 2331.26 369.916 2331.26 369.916 0.510693 0.0239041 
300 0.277 297000000 845.472 52.1901 -88.361 1.98781 8330.7 356.809 8.68695e+07 7.6696e+06 -0.00148555 0.00558228 -0.00157452 0.00576418 0.00914146 0.000831009 0.000149439 2.59306e-05 0.0868875 0.00428848 10.8217 1.2549 173.412 71.5382 2147.03 330.513 2331.26 367.684 2331.26 367.684 0.510693 0.0237763 
300 0.277 298800000 845.472 51.9118 -88.361 1.98781 8330.7 356.809 8.68695e+07 7.6696e+06 -0.00148555 0.00558228 -0.00157452 0.00577955 0.00914146 0.000831009 0.000149439 2.59306e-05 0.0868875 0.00428848 10.8217 1.24638 173.412 71.0575 2147.03 328.71 2331.26 365.542 2331.26 365.542 0.510693 0.0238189 
300 0.277 300600000 845.472 51.8181 -88.361 1.97185 8330.7 353.72 8.68695e+07 7.58471e+06 -0.00148555 0.00558228 -0.00157452 0.00575215 0.00914146 0.000831009 0.000149439 2.59306e-05 0.0868875 0.00428848 10.8217 1.24262 173.412 70.9345 2147.03 333.291 2331.26 370.578 2331.26 370.578 0.510693 0.0237088 
300 0.277 302400000 845.472 51.6842 -88.361 1.97185 8330.7 353.72 8.68695e+07 7.58471e+06 -0.00148555 0.00558228 -0.00157452 0.00572647 0.00914146 0.000831009 0.000149439 2.59306e-05 0.0868875 0.00428848 10.8217 1.23454 173.412 70.466 2147.03 331.364 2331.26 368.413 2331.26 368.413 0.510693 0.0236062 
300 0.277 304200000 845.472 51.3647 -88.361 1.94648 8330.7 349.217 8.68695e+07 7.48884e+06 -0.00148555 0.00558228 -0.00157452 0.00571464 0.00914146 0.000831009 0.000149439 2.59306e-05 0.0868875 0.00428848 10.8217 1.22699 173.412 70.0036 2147.03 329.449 2331.26 366.262 2331.26 366.262 0.510693 0.0234527 
300 0.277 306000000 845.472 51.198 -88.361 1.94648 8330.7 349.217 8.68695e+07 7.48884e+06 -0.00148555 0.00558228 -0.00157452 0.0056813 0.00914146 0.000831009 0.000149439 2.59306e-05 0.0868875 0.00428848 10.8217 1.21888 173.412 69.5438 2147.03 329.007 2331.26 365.336 2331.26 365.336 0.510693 0.0234908 
300 0.277 307800000 818.355 52.0736 -88.7521 1.92739 8386.68 345.497 8.73244e+07 7.39583e+06 -0.00127756 0.00558228 -0.000529707 0.00564601 0.00902632 0.000831009 0.000145367 2.5295e-05 0.0864656 0.00428848 10.7833 1.21129 173.82 69.0943 2195.07 327.143 2379.67 363.247 2379.67 363.247 0.515608 0.0233418 
300 0.277 309600000 818.355 52.0736 -88.7521 1.92739 8386.68 345.497 8.73244e+07 7.39583e+06 -0.00127756 0.00558228 -0.000529707 0.00561185 0.00902632 0.000831009 0.000145367 2.5295e-05 0.0864656 0.00428848 10.7833 1.20378 173.82 68.6496 2195.07 325.288 2379.67 361.165 2379.67 361.165 0.515608 0.0232065 
300 0.277 311400000 818.355 52.0736 -88.7521 1.90256 8386.68 341.184 8.73244e+07 7.30963e+06 -0.00127756 0.00558228 -0.000529707 0.00558438 0.00902632 0.000831009 0.000145367 2.5295e-05 0.0864656 0.00428848 10.7833 1.19637 173.82 68.2094 2195.07 323.462 2379.67 359.113 2379.67 359.113 0.515608 0.0231126 
300 0.277 313200000 818.355 52.0736 -88.7521 1.90256 8386.68 341.184 8.73244e+07 7.31002e+06 -0.00127756 0.00558228 -0.000529707 0.00561122 0.00902632 0.000831009 0.000145367 2.5295e-05 0.0864656 0.00428848 10.7833 1.18868 173.82 67.7768 2195.07 326.05 2379.67 360.863 2379.67 360.863 0.515608 0.0231691 
300 0.277 315000000 818.355 52.0736 -88.7521 1.89041 8386.68 339.189 8.73244e+07 7.26617e+06 -0.00127756 0.00558228 -0.000529707 0.00564906 0.00902632 0.000831009 0.000145367 2.5295e-05 0.0864656 0.00428848 10.7833 1.1813 173.82 67.349 2195.07 324.258 2379.67 358.855 2379.67 358.855 0.515608 0.0231488 
300 0.277 316800000 818.355 52.0736 -88.7521 1.89041 8386.68 339.189 8.73244e+07 7.25984e+06 -0.00127756 0.00558228 -0.000529707 0.00563397 0.00902632 0.000831009 0.000145367 2.5295e-05 0.0864656 0.00428848 10.7833 1.17378 173.82 66.925 2195.07 325.257 2379.67 359.242 2379.67 359.242 0.515608 0.0231936 
300 0.277 318600000 818.355 52.0736 -88.7521 1.88246 8386.68 338.554 8.73244e+07 7.31921e+06 -0.00127756 0.00558228 -0.000529707 0.00568906 0.00902632 0.000831009 0.000145367 2.87092e-05 0.0864656 0.00428848 10.7833 1.16671 173.82 66.509 2195.07 323.76 2379.67 357.423 2379.67 357.423 0.515608 0.0232404 
300 0.277 320400000 818.355 52.0736 -88.7521 1.88246 8386.68 338.554 8.73244e+07 7.28675e+06 -0.00127756 0.00558228 -0.000529707 0.00565484 0.00902632 0.000831009 0.000145367 2.85471e-05 0.0864656 0.00428848 10.7833 1.15972 173.82 66.0964 2195.07 321.988 2379.67 355.448 2379.67 355.448 0.515608 0.0231832 
300 0.277 322200000 820.688 57.2815 -89.0608 1.86319 8440.75 335.265 8.84e+07 7.24172e+06 -0.000324808 0.00517867 -0.00100748 0.00566965 0.00943529 0.000942521 0.000164617 3.40547e-05 0.0880541 0.00453955 10.7592 1.15248 166.396 65.6896 2317.06 325.031 2494.22 357.668 2494.22 357.668 0.523088 0.0231408 
300 0.277 324000000 820.688 57.2815 -89.0608 1.86319 8440.75 335.265 8.84e+07 7.19718e+06 -0.000324808 0.00515624 -0.00100748 0.00566695 0.00943529 0.000942521 0.000164617 3.40547e-05 0.0880541 0.00453955 10.7592 1.14537 166.396 65.2884 2317.06 323.332 2494.22 355.699 2494.22 355.699 0.523088 0.0231743 
300 0.277 325800000 820.688 57.2815 -89.0608 1.84812 8440.75 332.511 8.84e+07 7.16874e+06 -0.000324808 0.00516678 -0.00100748 0.00564584 0.00943529 0.000942521 0.000164617 3.40547e-05 0.0880541 0.00453955 10.7592 1.13876 166.396 64.8923 2317.06 321.642 2494.22 353.822 2494.22 353.822 0.523088 0.0230445 
300 0.277 327600000 820.688 57.2815 -89.0608 1.84812 8440.75 332.511 8.84e+07 7.13871e+06 -0.000324808 0.00514331 -0.00100748 0.00561631 0.00943529 0.000942521 0.000164617 3.40547e-05 0.0880541 0.00453955 10.7592 1.13205 166.396 64.4975 2317.06 324.487 2494.22 355.931 2494.22 355.931 0.523088 0.023074 
300 0.277 329400000 820.688 57.2815 -89.0608 1.8473 8440.75 332.188 8.84e+07 7.10606e+06 -0.000324808 0.00514331 -0.00100748 0.00559269 0.00943529 0.000942521 0.000164617 3.40547e-05 0.0880541 0.00453955 10.7592 1.12515 166.396 64.1095 2317.06 324.896 2494.22 355.849 2494.22 355.849 0.523088 0.0233393 
300 0.277 331200000 820.688 57.2815 -89.0608 1.8473 8440.75 332.188 8.84e+07 7.08866e+06 -0.000324808 0.00514331 -0.00100748 0.00556602 0.00943529 0.000942521 0.000164617 3.40547e-05 0.0880541 0.00453955 10.7592 1.11882 166.396 63.7273 2317.06 323.224 2494.22 354.002 2494.22 354.002 0.523088 0.0233393 
300 0.277 333000000 820.688 57.2815 -89.0608 1.83864 8440.75 330.656 8.84e+07 7.04029e+06 -0.000324808 0.00514331 -0.00100748 0.00554044 0.00943529 0.000942521 0.000164617 3.40547e-05 0.0880541 0.00453955 10.7592 1.11256 166.396 63.3499 2317.06 323.835 2494.22 354.1 2494.22 354.1 0.523088 0.023305 
300 0.277 334800000 820.688 57.2815 -89.0608 1.83864 8440.75 330.656 8.84e+07 7.04029e+06 -0.000324808 0.00514331 -0.00100748 0.00551228 0.00943529 0.000942521 0.000164617 3.40547e-05 0.0880541 0.00453955 10.7592 1.10595 166.396 62.9757 2317.06 322.193 2494.22 352.284 2494.22 352.284 0.523088 0.023305 
300 0.277 336600000 820.688 57.2815 -89.0608 1.81752 8440.75 326.998 8.84e+07 7.01336e+06 -0.000324808 0.00514331 -0.00100748 0.00559553 0.00943529 0.000942521 0.000164617 3.40547e-05 0.0880541 0.00453955 10.7592 1.0997 166.396 62.6052 2317.06 320.579 2494.22 350.496 2494.22 350.496 0.523088 0.0231788 
300 0.277 338400000 820.688 57.2815 -89.0608 1.81752 8440.75 326.998 8.84e+07 6.97806e+06 -0.000324808 0.00514331 -0.00100748 0.00558211 0.00943529 0.000942521 0.000164617 3.40547e-05 0.0880541 0.00453955 10.7592 1.09325 166.396 62.24 2317.06 318.987 2494.22 348.734 2494.22 348.734 0.523088 0.0231788 
300 0.277 340200000 820.688 57.2815 -89.0608 1.79659 8440.75 323.386 8.84e+07 6.93752e+06 -0.000324808 0.00514331 -0.00100748 0.00556485 0.00943529 0.000942521 0.000164617 3.40547e-05 0.0880541 0.00453955 10.7592 1.08722 166.396 61.8763 2317.06 317.402 2494.22 346.97 2494.22 346.97 0.523088 0.0232714 
300 0.277 342000000 820.688 57.2815 -89.0608 1.79659 8440.75 323.386 8.84e+07 6.89717e+06 -0.000324808 0.00514331 -0.00100748 0.00553298 0.00943529 0.000942521 0.000164617 3.40547e-05 0.0880541 0.00453955 10.7592 1.08106 166.396 61.5203 2317.06 315.844 2494.22 345.25 2494.22 345.25 0.523088 0.0232714 
300 0.277 343800000 820.688 57.2815 -89.0608 1.78737 8440.75 321.254 8.84e+07 6.87311e+06 -0.000324808 0.00514331 -0.00100748 0.00550537 0.00943529 0.000942521 0.000164617 3.40547e-05 0.0880541 0.00453955 10.7592 1.07484 166.396 61.1674 2317.06 314.288 2494.22 343.529 2494.22 343.529 0.523088 0.0232194 
300 0.277 345600000 820.688 57.2815 -89.0608 1.78737 8440.75 321.254 8.84e+07 6.83497e+06 -0.000324808 0.00514331 -0.00100748 0.00548265 0.00943529 0.000942521 0.000164617 3.40547e-05 0.0880541 0.00453955 10.7592 1.06864 166.396 60.818 2317.06 312.748 2494.22 341.826 2494.22 341.826 0.523088 0.0232194 
300 0.277 347400000 820.688 57.2815 -89.0608 1.77003 8440.75 318.342 8.84e+07 6.80512e+06 -0.000324808 0.00514331 -0.00100748 0.00545361 0.00943529 0.000942521 0.000164617 3.40547e-05 0.0880541 0.00453955 10.7592 1.06274 166.396 60.4719 2317.06 311.211 2494.22 340.124 2494.22 340.124 0.523088 0.0231788 
300 0.277 349200000 820.688 57.2815 -89.0608 1.77003 8440.75 318.342 8.84e+07 6.77397e+06 -0.000324808 0.00514331 -0.00100748 0.0054242 0.00943529 0.000942521 0.000164617 3.40547e-05 0.0880541 0.00453955 10.7592 1.05667 166.396 60.1312 2317.06 311.178 2494.22 338.422 2494.22 338.422 0.523088 0.0231788 
300 0.277 351000000 808.58 57.2815 -87.995 1.752 8245.93 315.352 8.47755e+07 6.73677e+06 -0.000327702 0.00483784 -0.00417091 0.00539953 0.009268 0.000942521 0.000162309 3.40547e-05 0.0869372 0.00453955 10.5349 1.05142 153.777 59.7947 2306.16 311.178 2470.47 336.775 2470.47 336.775 0.521724 0.0242124 
300 0.277 352800000 808.58 57.2815 -87.995 1.752 8245.93 315.352 8.47755e+07 6.71531e+06 -0.000327702 0.0048198 -0.00417091 0.00539993 0.009268 0.000942521 0.000162309 3.40547e-05 0.0869372 0.00453955 10.5349 1.04553 153.777 59.4622 2306.16 311.178 2470.47 335.488 2470.47 335.488 0.521724 0.0242124 
300 0.277 354600000 808.58 57.2815 -87.995 1.8464 8245.93 322.288 8.47755e+07 6.70442e+06 -0.000327702 0.00480516 -0.00417091 0.00537329 0.009268 0.000942521 0.000162309 3.40547e-05 0.0869372 0.00453955 10.5349 1.04034 153.777 59.1325 2306.16 311.178 2470.47 337.314 2470.47 337.314 0.521724 0.0242124 
300 0.277 356400000 808.58 57.2815 -87.995 1.8464 8245.93 322.288 8.47755e+07 6.70442e+06 -0.000327702 0.00479951 -0.00417091 0.0053456 0.009268 0.000942521 0.000162309 3.40547e-05 0.0869372 0.00453955 10.5349 1.03475 153.777 58.8067 2306.16 311.178 2470.47 335.684 2470.47 335.684 0.521724 0.0242124 
300 0.277 358200000 808.58 57.2815 -87.995 1.84009 8245.93 320.314 8.47755e+07 6.64584e+06 -0.000327702 0.00485773 -0.00417091 0.00531767 0.009268 0.000942521 0.000162309 3.40547e-05 0.0869372 0.00453955 10.5349 1.02904 153.777 58.484 2306.16 311.178 2470.47 335.488 2470.47 335.488 0.521724 0.0242124 
300 0.277 360000000 808.58 57.2815 -87.995 1.84009 8245.93 320.314 8.47755e+07 6.64584e+06 -0.000327702 0.00483089 -0.00417091 0.00528829 0.009268 0.000942521 0.000162309 3.40547e-05 0.0869372 0.00453955 10.5349 1.0234 153.777 58.1651 2306.16 311.178 2470.47 335.488 2470.47 335.488 0.521724 0.0242124 
300 0.277 361800000 808.58 57.2815 -87.995 1.82206 8245.93 317.194 8.47755e+07 6.59668e+06 -0.000327702 0.00480573 -0.00417091 0.00526261 0.009268 0.000942521 0.000162309 3.40547e-05 0.0869372 0.00453955 10.5349 1.01782 153.777 57.8491 2306.16 311.178 2470.47 335.488 2470.47 335.488 0.521724 0.0242124 
300 0.277 363600000 808.58 57.2815 -87.995 1.82206 8245.93 317.194 8.47755e+07 6.57948e+06 -0.000327702 0.00478873 -0.00417091 0.00523999 0.009268 0.000942521 0.000162309 3.40547e-05 0.0869372 0.00453955 10.5349 1.01227 153.777 57.5369 2306.16 311.178 2470.47 335.488 2470.47 335.488 0.521724 0.0242124 
300 0.277 365400000 808.58 57.2815 -87.995 1.80291 8245.93 314.629 8.47755e+07 6.68187e+06 -0.000327702 0.00476292 -0.00417091 0.00521259 0.009268 0.000942521 0.000162309 3.40547e-05 0.0869372 0.00453955 10.5349 1.00683 153.777 57.2289 2306.16 311.178 2470.47 335.488 2470.47 335.488 0.521724 0.0232916 
300 0.277 367200000 808.58 57.2815 -87.995 1.80291 8245.93 314.629 8.47755e+07 6.65498e+06 -0.000327702 0.00473906 -0.00417091 0.00518945 0.009268 0.000942521 0.000162309 3.40547e-05 0.0869372 0.00453955 10.5349 1.00163 153.777 56.9243 2306.16 311.178 2470.47 335.488 2470.47 335.488 0.521724 0.0232916 
300 0.277 369000000 808.58 57.2815 -87.995 1.81173 8245.93 315.425 8.47755e+07 6.63267e+06 -0.000327702 0.00472989 -0.00417091 0.00516171 0.009268 0.000942521 0.000162309 3.40547e-05 0.0869372 0.00453955 10.5349 0.996284 153.777 56.6226 2306.16 311.178 2470.47 335.488 2470.47 335.488 0.521724 0.0232916 
300 0.277 370800000 808.58 57.2815 -87.995 1.81173 8245.93 315.425 8.47755e+07 6.60633e+06 -0.000327702 0.00471186 -0.00417091 0.00514563 0.009268 0.000942521 0.000162309 3.40547e-05 0.0869372 0.00453955 10.5349 0.992022 153.777 56.3212 2306.16 311.178 2470.47 335.488 2470.47 335.488 0.521724 0.0232916 
300 0.277 372600000 808.58 57.2815 -87.995 1.80746 8245.93 314.572 8.47755e+07 6.57623e+06 -0.000327702 0.00472052 -0.00417091 0.00512525 0.009268 0.000942521 0.000162309 3.40547e-05 0.0869372 0.00453955 10.5349 0.987026 153.777 56.026 2306.16 311.178 2470.47 335.488 2470.47 335.488 0.521724 0.0232916 
300 0.277 374400000 808.58 57.2815 -87.995 1.80746 8245.93 314.572 8.47755e+07 6.54891e+06 -0.000327702 0.00469558 -0.00417091 0.00510217 0.009268 0.000942521 0.000162309 3.40547e-05 0.0869372 0.00453955 10.5349 0.981812 153.777 55.734 2306.16 311.178 2470.47 335.488 2470.47 335.488 0.521724 0.0232916 
300 0.277 376200000 808.58 57.2815 -87.995 1.78957 8245.93 311.646 8.47755e+07 6.51489e+06 -0.000327702 0.00468346 -0.00417091 0.00507546 0.009268 0.000942521 0.000162309 3.40547e-05 0.0869372 0.00453955 10.5349 0.977905 153.777 55.5447 2306.16 311.178 2470.47 335.488 2470.47 335.488 0.521724 0.0232916 
300 0.277 378000000 808.58 57.2815 -87.995 1.78957 8245.93 311.646 8.47755e+07 6.48101e+06 -0.000327702 0.00473569 -0.00417091 0.00505565 0.009268 0.000942521 0.000162309 3.40547e-05 0.0869372 0.00453955 10.5349 0.972822 153.777 55.2575 2306.16 311.178 2470.47 335.488 2470.47 335.488 0.521724 0.0232916 
300 0.277 379800000 819.656 47.7438 -87.0931 1.81784 8135.92 308.51 8.37629e+07 6.45179e+06 0.0026257 0.00513481 -0.00241368 0.0050413 0.00916233 0.000824012 0.000160211 2.86625e-05 0.0861388 0.00416746 10.4813 0.968301 146.907 54.9741 2200.95 289.704 2358.34 315.597 2358.34 315.597 0.519699 0.0223266 
300 0.277 381600000 819.656 47.7438 -87.0931 1.81784 8135.92 308.51 8.37629e+07 6.4205e+06 0.0026257 0.00513481 -0.00241368 0.00501539 0.00916233 0.000824012 0.000160211 2.86625e-05 0.0861388 0.00416746 10.4813 0.963858 146.907 54.6916 2200.95 288.41 2358.34 314.17 2358.34 314.17 0.519699 0.0223266 
300 0.277 383400000 819.656 47.7438 -87.0931 1.81784 8135.92 305.356 8.37629e+07 6.39146e+06 0.0026257 0.00513481 -0.00241368 0.00501503 0.00916233 0.000824012 0.000160211 2.86625e-05 0.0861388 0.00416746 10.4813 0.95895 146.907 54.4121 2200.95 287.126 2358.34 312.756 2358.34 312.756 0.519699 0.0223266 
300 0.277 385200000 819.656 47.7438 -87.0931 1.81784 8135.92 305.356 8.37629e+07 6.3587e+06 0.0026257 0.00513481 -0.00241368 0.00499452 0.00916233 0.000824012 0.000160211 2.86625e-05 0.0861388 0.00416746 10.4813 0.954115 146.907 54.1365 2200.95 285.84 2358.34 311.344 2358.34 311.344 0.519699 0.0223266 
300 0.277 387000000 819.656 47.7438 -87.0931 1.81784 8135.92 302.241 8.37629e+07 6.32852e+06 0.0026257 0.00513481 -0.00241368 0.00497097 0.00916233 0.000824012 0.000160211 2.86625e-05 0.0861388 0.00416746 10.4813 0.949724 146.907 53.8634 2200.95 287.833 2358.34 312.841 2358.34 312.841 0.519699 0.0223266 
300 0.277 388800000 819.656 47.7438 -87.0931 1.81784 8135.92 302.241 8.37629e+07 6.30299e+06 0.0026257 0.00513481 -0.00241368 0.00494654 0.00916233 0.000824012 0.000160211 2.86625e-05 0.0861388 0.00416746 10.4813 0.945269 146.907 53.59 2200.95 289.779 2358.34 314.383 2358.34 314.383 0.519699 0.0223266 
300 0.277 390600000 819.656 47.7438 -87.0931 1.81784 8135.92 299.302 8.37629e+07 6.27125e+06 0.0026257 0.00513481 -0.00241368 0.00494811 0.00916233 0.000824012 0.000160211 2.86625e-05 0.0861388 0.00416746 10.4813 0.940816 146.907 53.3225 2200.95 288.517 2358.34 313.002 2358.34 313.002 0.519699 0.0223266 
300 0.277 392400000 819.656 47.7438 -87.0931 1.81784 8135.92 299.302 8.37629e+07 6.24277e+06 0.0026257 0.00513481 -0.00241368 0.0049261 0.00916233 0.000824012 0.000160211 2.86625e-05 0.0861388 0.00416746 10.4813 0.936419 146.907 53.0574 2200.95 287.269 2358.34 311.635 2358.34 311.635 0.519699 0.0223266 
300 0.277 394200000 819.656 47.7438 -87.0931 1.81784 8135.92 304.752 8.37629e+07 6.67298e+06 0.0026257 0.00513481 -0.00241368 0.00490542 0.00916233 0.000824012 0.000160211 2.86625e-05 0.0861388 0.00416746 10.4813 0.931781 146.907 52.7957 2200.95 286.019 2358.34 310.27 2358.34 310.27 0.519699 0.0214497 
300 0.277 396000000 819.656 47.7438 -87.0931 1.81784 8135.92 304.752 8.37629e+07 6.63981e+06 0.0026257 0.00513481 -0.00241368 0.0048911 0.00916233 0.000824012 0.000160211 2.86625e-05 0.0861388 0.00416746 10.4813 0.927421 146.907 52.5363 2200.95 284.798 2358.34 308.934 2358.34 308.934 0.519699 0.0214497 
300 0.277 397800000 819.656 47.7438 -87.0931 1.81784 8135.92 301.962 8.37629e+07 6.61459e+06 0.0026257 0.00513481 -0.00241368 0.00486794 0.00916233 0.000824012 0.000160211 2.86625e-05 0.0861388 0.00416746 10.4813 0.922956 146.907 52.2798 2200.95 283.579 2358.34 307.602 2358.34 307.602 0.519699 0.0214497 
300 0.277 399600000 819.656 47.7438 -87.0931 1.81784 8135.92 301.962 8.37629e+07 6.58281e+06 0.0026257 0.00513481 -0.00241368 0.00484473 0.00916233 0.000824012 0.000160211 2.86625e-05 0.0861388 0.00416746 10.4813 0.91857 146.907 52.0263 2200.95 282.378 2358.34 306.291 2358.34 306.291 0.519699 0.0214497 
300 0.277 401400000 819.656 47.7438 -87.0931 1.81784 8135.92 299.761 8.37629e+07 6.55158e+06 0.0026257 0.00513481 -0.00241368 0.00482247 0.00916233 0.000824012 0.000160211 2.86625e-05 0.0861388 0.00416746 10.4813 0.914147 146.907 51.7741 2200.95 281.173 2358.34 305.853 2358.34 305.853 0.519699 0.0214497 
300 0.277 403200000 819.656 47.7438 -87.0931 1.81784 8135.92 299.761 8.37629e+07 6.52496e+06 0.0026257 0.00513481 -0.00241368 0.00479907 0.00916233 0.000824012 0.000160211 2.86625e-05 0.0861388 0.00416746 10.4813 0.910072 146.907 51.5248 2200.95 280.14 2358.34 305.853 2358.34 305.853 0.519699 0.0214497 
300 0.277 405000000 819.656 47.7438 -87.0931 1.81784 8135.92 296.893 8.37629e+07 6.49853e+06 0.0026257 0.00513481 -0.00241368 0.00477944 0.00916233 0.000824012 0.000160211 2.86625e-05 0.0861388 0.00416746 10.4813 0.905831 146.907 51.2777 2200.95 280.14 2358.34 305.853 2358.34 305.853 0.519699 0.0214497 
300 0.277 406800000 819.656 47.7438 -87.0931 1.81784 8135.92 296.893 8.37629e+07 6.48927e+06 0.0026257 0.00513481 -0.00241368 0.00475639 0.00916233 0.000824012 0.000160211 2.86625e-05 0.0861388 0.00416746 10.4813 0.902585 146.907 51.0326 2200.95 280.14 2358.34 305.853 2358.34 305.853 0.519699 0.0214497 
300 0.277 408600000 827.615 47.7438 -87.6297 1.81784 8226.76 294.195 8.56513e+07 6.46591e+06 0.00177309 0.00481009 -0.00267391 0.00473396 0.0091609 0.000824012 0.000163658 2.86625e-05 0.0856497 0.00416746 10.4226 0.899811 138.42 50.7892 2181.88 280.14 2330.73 305.853 2330.73 305.853 0.522672 0.0207295 
300 0.277 410400000 827.615 47.7438 -87.6297 1.81784 8226.76 294.195 8.56513e+07 6.44521e+06 0.00177309 0.00481009 -0.00267391 0.00471255 0.0091609 0.000824012 0.000163658 2.86625e-05 0.0856497 0.00416746 10.4226 0.895596 138.42 50.5485 2181.88 280.14 2330.73 305.853 2330.73 305.853 0.522672 0.0207295 
300 0.277 412200000 827.615 47.7438 -87.6297 1.81784 8226.76 292.682 8.56513e+07 6.41996e+06 0.00177309 0.00481009 -0.00267391 0.00471116 0.0091609 0.000824012 0.000163658 2.86625e-05 0.0856497 0.00416746 10.4226 0.891648 138.42 50.3113 2181.88 280.14 2330.73 305.853 2330.73 305.853 0.522672 0.0207295 
300 0.277 414000000 827.615 47.7438 -87.6297 1.81784 8226.76 291.479 8.56513e+07 6.39347e+06 0.00177309 0.00481009 -0.00267391 0.00469042 0.0091609 0.000824012 0.000163658 2.86625e-05 0.0856497 0.00416746 10.4226 0.887436 138.42 50.0759 2181.88 280.14 2330.73 305.853 2330.73 305.853 0.522672 0.0207295 
300 0.277 415800000 827.615 47.7438 -87.6297 1.81784 8226.76 290.226 8.56513e+07 6.36701e+06 0.00177309 0.00481009 -0.00267391 0.00466832 0.0091609 0.000824012 0.000163658 2.86625e-05 0.0856497 0.00416746 10.4226 0.88334 138.42 49.8425 2181.88 280.14 2330.73 305.853 2330.73 305.853 0.522672 0.0207295 
300 0.277 417600000 827.615 47.7438 -87.6297 1.81784 8226.76 289.34 8.56513e+07 6.33882e+06 0.00177309 0.00481009 -0.00267391 0.00464777 0.0091609 0.000824012 0.000163658 2.86625e-05 0.0856497 0.00416746 10.4226 0.879764 138.42 49.6116 2181.88 280.14 2330.73 305.853 2330.73 305.853 0.522672 0.0207295 
300 0.277 419400000 827.615 47.7438 -87.6297 1.81784 8226.76 288.426 8.56513e+07 6.31724e+06 0.00177309 0.00481009 -0.00267391 0.00464407 0.0091609 0.000824012 0.000163658 2.86625e-05 0.0856497 0.00416746 10.4226 0.876213 138.42 49.3822 2181.88 280.14 2330.73 305.853 2330.73 305.853 0.522672 0.0207295 
300 0.277 421200000 827.615 47.7438 -87.6297 1.81784 8226.76 288.368 8.56513e+07 6.28827e+06 0.00177309 0.00481009 -0.00267391 0.00463885 0.0091609 0.000824012 0.000163658 2.86625e-05 0.0856497 0.00416746 10.4226 0.872144 138.42 56.9454 2181.88 282.392 2330.73 311.147 2330.73 311.147 0.522672 0.0207295 
300 0.277 423000000 827.615 47.7438 -87.6297 1.81784 8226.76 285.997 8.56513e+07 6.26243e+06 0.00177309 0.00481009 -0.00267391 0.00464533 0.0091609 0.000824012 0.000163658 2.86625e-05 0.0856497 0.00416746 10.4226 0.868494 138.42 56.686 2181.88 281.27 2330.73 309.9 2330.73 309.9 0.522672 0.0199882 
300 0.277 424800000 827.615 47.7438 -87.6297 1.81784 8226.76 285.698 8.56513e+07 6.23397e+06 0.00177309 0.00481009 -0.00267391 0.00462795 0.0091609 0.000824012 0.000163658 2.86625e-05 0.0856497 0.00416746 10.4226 0.864547 138.42 56.4271 2181.88 281.345 2330.73 309.671 2330.73 309.671 0.522672 0.0199882 
300 0.277 426600000 827.615 47.7438 -87.6297 1.81784 8226.76 283.735 8.56513e+07 6.2067e+06 0.00177309 0.00481009 -0.00267391 0.00460964 0.0091609 0.000824012 0.000163658 2.86625e-05 0.0856497 0.00416746 10.4226 0.860855 138.42 56.1724 2181.88 280.22 2330.73 308.423 2330.73 308.423 0.522672 0.0199882 
300 0.277 428400000 827.615 47.7438 -87.6297 1.81784 8226.76 283.735 8.56513e+07 6.18398e+06 0.00177309 0.00481009 -0.00267391 0.00464323 0.0091609 0.000824012 0.000163658 2.86625e-05 0.0856497 0.00416746 10.4226 0.857027 138.42 55.9199 2181.88 280.14 2330.73 307.208 2330.73 307.208 0.522672 0.0199882 
300 0.277 430200000 827.615 47.7438 -87.6297 1.81784 8226.76 283.044 8.56513e+07 6.16701e+06 0.00177309 0.00481009 -0.00267391 0.0046226 0.0091609 0.000824012 0.000163658 2.86625e-05 0.0856497 0.00416746 10.4226 0.853356 138.42 55.6694 2181.88 280.14 2330.73 305.997 2330.73 305.997 0.522672 0.0199882 
300 0.277 432000000 827.615 47.7438 -87.6297 1.81784 8226.76 281.839 8.56513e+07 6.13922e+06 0.00177309 0.00481009 -0.00267391 0.00461766 0.0091609 0.000824012 0.000163658 2.86625e-05 0.0856497 0.00416746 10.4226 0.850015 138.42 55.4218 2181.88 280.14 2330.73 305.853 2330.73 305.853 0.522672 0.0199882 
300 0.277 433800000 827.615 47.7438 -87.6297 1.81784 8226.76 281.371 8.56513e+07 6.12284e+06 0.00177309 0.00481009 -0.00267391 0.00459858 0.0091609 0.000824012 0.000163658 2.86625e-05 0.0856497 0.00416746 10.4226 0.846361 138.42 55.1745 2181.88 280.14 2330.73 305.853 2330.73 305.853 0.522672 0.0199882 
300 0.277 435600000 827.615 47.7438 -87.6297 1.81784 8226.76 281.541 8.56513e+07 6.10648e+06 0.00177309 0.00481009 -0.00267391 0.00461831 0.0091609 0.000824012 0.000163658 2.86625e-05 0.0856497 0.00416746 10.4226 0.842592 138.42 54.9326 2181.88 280.14 2330.73 305.853 2330.73 305.853 0.522672 0.0199882 
300 0.277 437400000 821.545 40.9606 -88.017 1.77751 8312.43 290.293 8.78533e+07 6.48889e+06 0.00215251 0.00448145 -0.0048298 0.00459782 0.00914085 0.000706576 0.00016237 2.4649e-05 0.0853982 0.00363732 10.2115 0.839342 159.765 54.691 2284.44 276.055 2454.41 303.401 2454.41 303.401 0.526181 0.0194474 
300 0.277 439200000 821.545 40.9606 -88.017 1.77751 8312.43 290.293 8.78533e+07 6.46099e+06 0.00215251 0.00448145 -0.0048298 0.00458261 0.00914085 0.000706576 0.00016237 2.4649e-05 0.0853982 0.00363732 10.2115 0.835928 159.765 54.4518 2284.44 275.009 2454.41 302.241 2454.41 302.241 0.526181 0.0194474 
300 0.277 441000000 821.545 40.9606 -88.017 1.77751 8312.43 290.293 8.78533e+07 6.43254e+06 0.00215251 0.00448145 -0.0048298 0.00456354 0.00914085 0.000706576 0.00016237 2.4649e-05 0.0853982 0.00363732 10.2115 0.832332 159.765 54.2145 2284.44 273.966 2454.41 301.083 2454.41 301.083 0.526181 0.0194253 
300 0.277 442800000 821.545 40.9606 -88.017 1.77751 8312.43 290.293 8.78533e+07 6.41197e+06 0.00215251 0.00448145 -0.0048298 0.00454547 0.00914085 0.000706576 0.00016237 2.4649e-05 0.0853982 0.00363732 10.2115 0.828714 159.765 53.9784 2284.44 272.928 2454.41 299.929 2454.41 299.929 0.526181 0.0194253 
300 0.277 444600000 821.545 40.9606 -88.017 1.77751 8312.43 290.293 8.78533e+07 6.38515e+06 0.00215251 0.00448145 -0.0048298 0.00452931 0.00914085 0.000706576 0.00016237 2.4649e-05 0.0853982 0.00363732 10.2115 0.825325 159.765 53.7449 2284.44 271.902 2454.41 298.789 2454.41 298.789 0.526181 0.0194253 
300 0.277 446400000 821.545 40.9606 -88.017 1.77751 8312.43 290.293 8.78533e+07 6.36084e+06 0.00215251 0.00448145 -0.0048298 0.00451784 0.00914085 0.000706576 0.00016237 2.4649e-05 0.0853982 0.00363732 10.2115 0.821727 159.765 53.5132 2284.44 270.858 2454.41 297.632 2454.41 297.632 0.526181 0.0194253 
300 0.277 448200000 821.545 40.9606 -88.017 1.77751 8312.43 290.293 8.78533e+07 6.36613e+06 0.00215251 0.00448145 -0.0048298 0.00456718 0.00914085 0.000706576 0.00016237 2.4649e-05 0.0853982 0.00363732 10.2115 0.818205 159.765 53.2836 2284.44 269.843 2454.41 296.505 2454.41 296.505 0.526181 0.0194253 
300 0.277 450000000 821.545 40.9606 -88.017 1.77751 8312.43 290.293 8.78533e+07 6.3391e+06 0.00215251 0.00448145 -0.0048298 0.00456844 0.00914085 0.000706576 0.00016237 2.4649e-05 0.0853982 0.00363732 10.2115 0.81468 159.765 53.0563 2284.44 268.834 2454.41 295.386 2454.41 295.386 0.526181 0.0194253 
300 0.277 451800000 821.545 40.9606 -88.017 1.77751 8312.43 290.293 8.78533e+07 6.32185e+06 0.00215251 0.00448145 -0.0048298 0.00454911 0.00914085 0.000706576 0.00016237 2.4649e-05 0.0853982 0.00363732 10.2115 0.811494 159.765 52.8308 2284.44 267.829 2454.41 294.272 2454.41 294.272 0.526181 0.0194682 
300 0.277 453600000 821.545 40.9606 -88.017 1.77751 8312.43 290.293 8.78533e+07 6.31963e+06 0.00215251 0.00448145 -0.0048298 0.00454647 0.00914085 0.000706576 0.00016237 2.4649e-05 0.0853982 0.00363732 10.2115 0.808011 159.765 52.606 2284.44 266.837 2454.41 293.167 2454.41 293.167 0.526181 0.0194682 
300 0.277 455400000 821.545 40.9606 -88.017 1.77751 8312.43 290.293 8.78533e+07 6.298e+06 0.00215251 0.00448145 -0.0048298 0.00452782 0.00914085 0.000706576 0.00016237 2.4649e-05 0.0853982 0.00363732 10.2115 0.804902 159.765 52.385 2284.44 265.837 2454.41 292.062 2454.41 292.062 0.526181 0.0194682 
300 0.277 457200000 821.545 40.9606 -88.017 1.77751 8312.43 290.293 8.78533e+07 6.27356e+06 0.00215251 0.00448145 -0.0048298 0.0045086 0.00914085 0.000706576 0.00016237 2.4649e-05 0.0853982 0.00363732 10.2115 0.801693 159.765 52.164 2284.44 264.858 2454.41 290.972 2454.41 290.972 0.526181 0.0194682 
300 0.277 459000000 821.545 40.9606 -88.017 1.77751 8312.43 290.293 8.78533e+07 6.28397e+06 0.00215251 0.00448145 -0.0048298 0.0045436 0.00914085 0.000706576 0.00016237 2.4649e-05 0.0853982 0.00363732 10.2115 0.798595 159.765 51.946 2284.44 263.881 2454.41 289.889 2454.41 289.889 0.526181 0.0194682 
300 0.277 460800000 821.545 40.9606 -88.017 1.77751 8312.43 290.293 8.78533e+07 6.33961e+06 0.00215251 0.00448145 -0.0048298 0.00452845 0.00914085 0.000706576 0.00016237 2.4649e-05 0.0853982 0.00363732 10.2115 0.795339 159.765 51.7293 2284.44 262.919 2454.41 288.821 2454.41 288.821 0.526181 0.0194682 
300 0.277 462600000 821.545 40.9606 -88.017 1.77751 8312.43 290.293 8.78533e+07 6.31654e+06 0.00215251 0.00448145 -0.0048298 0.00450992 0.00914085 0.000706576 0.00016237 2.4649e-05 0.0853982 0.00363732 10.2115 0.792019 159.765 51.5126 2284.44 261.956 2454.41 287.744 2454.41 287.744 0.526181 0.0194682 
300 0.277 464400000 821.545 40.9606 -88.017 1.77751 8312.43 290.293 8.78533e+07 6.29017e+06 0.00215251 0.00448145 -0.0048298 0.00449994 0.00914085 0.000706576 0.00016237 2.4649e-05 0.0853982 0.00363732 10.2115 0.788937 159.765 51.3003 2284.44 261.008 2454.41 286.694 2454.41 286.694 0.526181 0.0194682 
300 0.277 466200000 806.808 40.9606 -88.4491 1.77751 8391.03 290.293 8.93475e+07 6.27035e+06 0.00261782 0.00435403 -0.00518906 0.00450316 0.00945043 0.000706576 0.000173075 2.4649e-05 0.0867604 0.00363732 9.99946 0.785657 151.035 51.0895 2138.23 260.061 2299.26 285.644 2299.26 285.644 0.515596 0.0195203 
300 0.277 468000000 806.808 40.9606 -88.4491 1.77751 8391.03 290.293 8.93475e+07 6.2513e+06 0.00261782 0.00433604 -0.00518906 0.00449283 0.00945043 0.000706576 0.000173075 2.4649e-05 0.0867604 0.00363732 9.99946 0.782398 151.035 50.8804 2138.23 259.125 2299.26 284.607 2299.26 284.607 0.515596 0.0195203 
300 0.277 469800000 806.808 40.9606 -88.4491 1.77751 8391.03 290.293 8.93475e+07 6.22695e+06 0.00261782 0.00432258 -0.00518906 0.00447429 0.00945043 0.000706576 0.000173075 2.4649e-05 0.0867604 0.00363732 9.99946 0.779296 151.035 50.6723 2138.23 258.185 2299.26 284.564 2299.26 284.564 0.515596 0.0195203 
300 0.277 471600000 806.808 40.9606 -88.4491 1.77751 8391.03 290.293 8.93475e+07 6.20136e+06 0.00261782 0.00430923 -0.00518906 0.00445691 0.00945043 0.000706576 0.000173075 2.4649e-05 0.0867604 0.00363732 9.99946 0.776242 151.035 50.4662 2138.23 257.249 2299.26 284.564 2299.26 284.564 0.515596 0.0195203 
300 0.277 473400000 806.808 40.9606 -88.4491 1.77751 8391.03 290.293 8.93475e+07 6.18348e+06 0.00261782 0.00429385 -0.00518906 0.00444065 0.00945043 0.000706576 0.000173075 2.4649e-05 0.0867604 0.00363732 9.99946 0.773536 151.035 50.262 2138.23 256.954 2299.26 284.564 2299.26 284.564 0.515596 0.0195203 
300 0.277 475200000 806.808 40.9606 -88.4491 1.77751 8391.03 290.293 8.93475e+07 6.16409e+06 0.00261782 0.00428151 -0.00518906 0.00444623 0.00945043 0.000706576 0.000173075 2.4649e-05 0.0867604 0.00363732 9.99946 0.770388 151.035 50.0594 2138.23 256.954 2299.26 284.564 2299.26 284.564 0.515596 0.0195203 
300 0.277 477000000 806.808 40.9606 -88.4491 1.77751 8391.03 290.293 8.93475e+07 6.18644e+06 0.00261782 0.00428012 -0.00518906 0.00445467 0.00945043 0.000706576 0.000173075 2.4649e-05 0.0867604 0.00363732 9.99946 0.767802 151.035 49.8584 2138.23 256.954 2299.26 284.564 2299.26 284.564 0.515596 0.0195203 
300 0.277 478800000 806.808 40.9606 -88.4491 1.77751 8391.03 290.293 8.93475e+07 6.17025e+06 0.00261782 0.00427124 -0.00518906 0.00443853 0.00945043 0.000706576 0.000173075 2.4649e-05 0.0867604 0.00363732 9.99946 0.764695 151.035 49.6588 2138.23 256.954 2299.26 284.564 2299.26 284.564 0.515596 0.0195203 
300 0.277 480600000 806.808 40.9606 -88.4491 1.77751 8391.03 290.293 8.93475e+07 6.19332e+06 0.00261782 0.00430477 -0.00518906 0.00442393 0.00945043 0.000706576 0.000173075 2.4649e-05 0.0867604 0.00363732 9.99946 0.761864 151.035 49.4614 2138.23 256.83 2299.26 283.724 2299.26 283.724 0.515596 0.0190576 
300 0.277 482400000 806.808 40.9606 -88.4491 1.77751 8391.03 290.293 8.93475e+07 6.17679e+06 0.00261782 0.00428856 -0.00518906 0.00440766 0.00945043 0.000706576 0.000173075 2.4649e-05 0.0867604 0.00363732 9.99946 0.758882 151.035 49.2656 2138.23 256.83 2299.26 283.724 2299.26 283.724 0.515596 0.0190576 
300 0.277 484200000 806.808 40.9606 -88.4491 1.77751 8391.03 290.293 8.93475e+07 6.15572e+06 0.00261782 0.00427673 -0.00518906 0.00439859 0.00945043 0.000706576 0.000173075 2.4649e-05 0.0867604 0.00363732 9.99946 0.756149 151.035 49.0712 2138.23 256.83 2299.26 283.724 2299.26 283.724 0.515596 0.0190576 
300 0.277 486000000 806.808 40.9606 -88.4491 1.77751 8391.03 290.293 8.93475e+07 6.15486e+06 0.00261782 0.00426055 -0.00518906 0.00441809 0.00945043 0.000706576 0.000173075 2.4649e-05 0.0867604 0.00363732 9.99946 0.75411 151.035 48.8778 2138.23 256.83 2299.26 283.724 2299.26 283.724 0.515596 0.0190576 
300 0.277 487800000 806.808 40.9606 -88.4491 1.77751 8391.03 290.293 8.93475e+07 6.13463e+06 0.00261782 0.00424472 -0.00518906 0.00440096 0.00945043 0.000706576 0.000173075 2.4649e-05 0.0867604 0.00363732 9.99946 0.752334 151.035 48.6862 2138.23 256.83 2299.26 283.724 2299.26 283.724 0.515596 0.0190576 
300 0.277 489600000 806.808 40.9606 -88.4491 1.77751 8391.03 290.293 8.93475e+07 6.11884e+06 0.00261782 0.00422794 -0.00518906 0.00440669 0.00945043 0.000706576 0.000173075 2.4649e-05 0.0867604 0.00363732 9.99946 0.749893 151.035 48.4962 2138.23 256.83 2299.26 283.724 2299.26 283.724 0.515596 0.0190576 
300 0.277 491400000 806.808 40.9606 -88.4491 1.77751 8391.03 290.293 8.93475e+07 6.11146e+06 0.00261782 0.00421879 -0.00518906 0.00439149 0.00945043 0.000706576 0.000173075 2.4649e-05 0.0867604 0.00363732 9.99946 0.746524 151.035 48.3073 2138.23 256.83 2299.26 283.724 2299.26 283.724 0.515596 0.0190576 
300 0.277 493200000 806.808 40.9606 -88.4491 1.77751 8391.03 290.293 8.93475e+07 6.09299e+06 0.00261782 0.00420678 -0.00518906 0.00437446 0.00945043 0.000706576 0.000173075 2.4649e-05 0.0867604 0.00363732 9.99946 0.744117 151.035 48.1201 2138.23 256.83 2299.26 283.724 2299.26 283.724 0.515596 0.0190576 
300 0.277 495000000 806.508 38.5018 -88.8399 1.73537 8471.58 294.417 9.10862e+07 6.06975e+06 0.00281885 0.00420339 -0.00654583 0.00436056 0.00944162 0.000679259 0.00017255 2.35765e-05 0.0866901 0.00340437 9.93356 0.740824 143.214 47.934 2054.98 307.878 2208.12 334.296 2208.12 334.296 0.514076 0.0184903 
300 0.277 496800000 806.508 38.5018 -88.8399 1.73537 8471.58 294.417 9.10862e+07 6.04983e+06 0.00281885 0.0041919 -0.00654583 0.00434688 0.00944162 0.000679259 0.00017255 2.35765e-05 0.0866901 0.00340437 9.93356 0.738561 143.214 47.7491 2054.98 307.878 2208.12 334.296 2208.12 334.296 0.514076 0.0184903 
300 0.277 498600000 806.508 38.5018 -88.8399 1.73537 8471.58 294.417 9.10862e+07 6.03196e+06 0.00281885 0.00418214 -0.00654583 0.00433973 0.00944162 0.000679259 0.00017255 2.35765e-05 0.0866901 0.00340437 9.93356 0.735401 143.214 47.5664 2054.98 307.878 2208.12 334.296 2208.12 334.296 0.514076 0.0184903 
300 0.277 500400000 806.508 38.5018 -88.8399 1.73537 8471.58 294.417 9.10862e+07 6.01342e+06 0.00281885 0.00418042 -0.00654583 0.00434158 0.00944162 0.000679259 0.00017255 2.35765e-05 0.0866901 0.00340437 9.93356 0.733476 143.214 47.3854 2054.98 307.878 2208.12 334.296 2208.12 334.296 0.514076 0.0184903 
300 0.277 502200000 806.508 38.5018 -88.8399 1.73537 8471.58 294.417 9.10862e+07 5.99107e+06 0.00281885 0.00417716 -0.00654583 0.00435399 0.00944162 0.000679259 0.00017255 2.35765e-05 0.0866901 0.00340437 9.93356 0.730169 143.214 47.2046 2054.98 307.878 2208.12 334.296 2208.12 334.296 0.514076 0.0184903 
300 0.277 504000000 806.508 38.5018 -88.8399 1.73537 8471.58 294.417 9.10862e+07 5.97025e+06 0.00281885 0.00416246 -0.00654583 0.00433757 0.00944162 0.000679259 0.00017255 2.35765e-05 0.0866901 0.00340437 9.93356 0.728683 143.214 47.0257 2054.98 307.878 2208.12 334.296 2208.12 334.296 0.514076 0.0184903 
300 0.277 505800000 806.508 38.5018 -88.8399 1.73537 8471.58 294.417 9.10862e+07 5.94783e+06 0.00281885 0.00414888 -0.00654583 0.00433823 0.00944162 0.000679259 0.00017255 2.35765e-05 0.0866901 0.00340437 9.93356 0.728338 143.214 48.0711 2054.98 307.878 2208.12 334.296 2208.12 334.296 0.514076 0.0184903 
300 0.277 507600000 806.508 38.5018 -88.8399 1.73537 8471.58 294.417 9.10862e+07 5.93391e+06 0.00281885 0.00413364 -0.00654583 0.00433882 0.00944162 0.000679259 0.00017255 2.35765e-05 0.0866901 0.00340437 9.93356 0.728338 143.214 47.8888 2054.98 307.878 2208.12 334.296 2208.12 334.296 0.514076 0.0184903 
300 0.277 509400000 806.508 39.1611 -88.8399 1.73537 8471.58 294.417 9.10862e+07 5.91413e+06 0.00281885 0.00412863 -0.00654583 0.00432434 0.00944162 0.000679259 0.00017255 2.35765e-05 0.0866901 0.00340437 9.93356 0.726607 143.214 47.7081 2054.98 307.878 2208.12 334.296 2208.12 334.296 0.514076 0.0190363 
300 0.277 511200000 806.508 39.1611 -88.8399 1.73537 8471.58 294.417 9.10862e+07 5.89934e+06 0.00281885 0.00411433 -0.00654583 0.00431992 0.00944162 0.000679259 0.00017255 2.35765e-05 0.0866901 0.00340437 9.93356 0.726607 143.214 47.531 2054.98 307.878 2208.12 334.296 2208.12 334.296 0.514076 0.0190363 
300 0.277 513000000 806.508 39.1611 -88.8399 1.73537 8471.58 294.417 9.10862e+07 5.87965e+06 0.00281885 0.00410845 -0.00654583 0.00430416 0.00944162 0.000679259 0.00017255 2.35765e-05 0.0866901 0.00340437 9.93356 0.721172 143.214 47.3523 2054.98 307.878 2208.12 334.296 2208.12 334.296 0.514076 0.0190363 
300 0.277 514800000 806.508 39.1611 -88.8399 1.73537 8471.58 294.417 9.10862e+07 5.86649e+06 0.00281885 0.00409494 -0.00654583 0.00429794 0.00944162 0.000679259 0.00017255 2.35765e-05 0.0866901 0.00340437 9.93356 0.721172 143.214 47.177 2054.98 307.878 2208.12 334.296 2208.12 334.296 0.514076 0.0190363 
300 0.277 516600000 806.508 39.1611 -88.8399 1.73537 8471.58 294.417 9.10862e+07 5.85302e+06 0.00281885 0.00408002 -0.00654583 0.00428366 0.00944162 0.000679259 0.00017255 2.35765e-05 0.0866901 0.00340437 9.93356 0.716497 143.214 47.0031 2054.98 307.878 2208.12 334.296 2208.12 334.296 0.514076 0.0190363 
300 0.277 518400000 806.508 39.1611 -88.8399 1.73537 8471.58 294.417 9.10862e+07 5.85302e+06 0.00281885 0.00406829 -0.00654583 0.00431 0.00944162 0.000679259 0.00017255 2.35765e-05 0.0866901 0.00340437 9.93356 0.716497 143.214 46.8303 2054.98 307.878 2208.12 334.296 2208.12 334.296 0.514076 0.0190363 
300 0.277 520200000 806.508 39.1611 -88.8399 1.73537 8471.58 294.417 9.10862e+07 5.85302e+06 0.00281885 0.0040894 -0.00654583 0.00429469 0.00944162 0.000679259 0.00017255 2.35765e-05 0.0866901 0.00340437 9.93356 0.711923 143.214 46.6585 2054.98 307.878 2208.12 334.296 2208.12 334.296 0.514076 0.0190363 
300 0.277 522000000 806.508 39.1611 -88.8399 1.73537 8471.58 294.417 9.10862e+07 5.85302e+06 0.00281885 0.00410558 -0.00654583 0.00427904 0.00944162 0.000679259 0.00017255 2.35765e-05 0.0866901 0.00340437 9.93356 0.711923 143.214 46.4885 2054.98 307.878 2208.12 334.296 2208.12 334.296 0.514076 0.0190363 
300 0.277 523800000 823.537 38.5018 -88.3508 1.73537 8376.86 294.417 8.90634e+07 5.85302e+06 0.00137143 0.00410252 -0.0047576 0.00428975 0.00960778 0.000679259 0.000175232 2.35765e-05 0.0876395 0.00340437 10.072 0.70749 149.692 46.32 2102.32 307.878 2262.09 334.296 2262.09 334.296 0.519528 0.0185049 
300 0.277 525600000 823.537 38.5018 -88.3508 1.73537 8376.86 294.417 8.90634e+07 5.85302e+06 0.00137143 0.00408942 -0.0047576 0.00427474 0.00960778 0.000679259 0.000175232 2.35765e-05 0.0876395 0.00340437 10.072 0.70749 149.692 46.1529 2102.32 307.878 2262.09 334.296 2262.09 334.296 0.519528 0.0185049 
300 0.277 527400000 823.537 38.5018 -88.3508 1.73537 8376.86 294.417 8.90634e+07 5.85302e+06 0.00137143 0.00407668 -0.0047576 0.00427217 0.00960778 0.000679259 0.000175232 2.35765e-05 0.0876395 0.00340437 10.072 0.702521 149.692 45.987 2102.32 307.878 2262.09 334.296 2262.09 334.296 0.519528 0.0185049 
300 0.277 529200000 823.537 38.5018 -88.3508 1.73537 8376.86 294.417 8.90634e+07 5.85302e+06 0.00137143 0.00407835 -0.0047576 0.004311 0.00960778 0.000679259 0.000175232 2.35765e-05 0.0876395 0.00340437 10.072 0.702521 149.692 45.8224 2102.32 307.878 2262.09 334.296 2262.09 334.296 0.519528 0.0185049 
300 0.277 531000000 823.537 38.5018 -88.3508 1.73537 8376.86 294.417 8.90634e+07 5.85302e+06 0.00137143 0.0040663 -0.0047576 0.0042959 0.00960778 0.000679259 0.000175232 2.35765e-05 0.0876395 0.00340437 10.072 0.697584 149.692 45.6588 2102.32 307.878 2262.09 334.296 2262.09 334.296 0.519528 0.0185049 
300 0.277 532800000 823.537 38.5018 -88.3508 1.73537 8376.86 294.417 8.90634e+07 5.85302e+06 0.00137143 0.00405256 -0.0047576 0.00428325 0.00960778 0.000679259 0.000175232 2.35765e-05 0.0876395 0.00340437 10.072 0.697584 149.692 45.4965 2102.32 307.878 2262.09 334.296 2262.09 334.296 0.519528 0.0185049 
300 0.277 534600000 823.537 38.5018 -88.3508 1.73537 8376.86 294.417 8.90634e+07 5.85302e+06 0.00137143 0.00405033 -0.0047576 0.00426808 0.00960778 0.000679259 0.000175232 2.35765e-05 0.0876395 0.00340437 10.072 0.692799 149.692 45.3352 2102.32 307.878 2262.09 334.296 2262.09 334.296 0.519528 0.0185049 
300 0.277 536400000 823.537 38.5018 -88.3508 1.73537 8376.86 294.417 8.90634e+07 5.85302e+06 0.00137143 0.00403737 -0.0047576 0.00425846 0.00960778 0.000679259 0.000175232 2.35765e-05 0.0876395 0.00340437 10.072 0.692799 149.692 45.1747 2102.32 307.878 2262.09 334.296 2262.09 334.296 0.519528 0.0185049 
300 0.277 538200000 823.537 38.5018 -88.3508 1.73537 8376.86 294.417 8.90634e+07 5.85302e+06 0.00137143 0.0040377 -0.0047576 0.00424567 0.00960778 0.000679259 0.000175232 2.35765e-05 0.0876395 0.00340437 10.072 0.687622 149.692 45.0157 2102.32 307.878 2262.09 334.296 2262.09 334.296 0.519528 0.0182884 
300 0.277 540000000 823.537 38.5018 -88.3508 1.73537 8376.86 294.417 8.90634e+07 5.85302e+06 0.00137143 0.00402405 -0.0047576 0.00423501 0.00960778 0.000679259 0.000175232 2.35765e-05 0.0876395 0.00340437 10.072 0.687622 149.692 44.8555 2102.32 307.878 2262.09 334.296 2262.09 334.296 0.519528 0.0182884 
300 0.277 541800000 823.537 38.5018 -88.3508 1.73537 8376.86 294.417 8.90634e+07 5.85302e+06 0.00137143 0.00401465 -0.0047576 0.00423221 0.00960778 0.000679259 0.000175232 2.35765e-05 0.0876395 0.00340437 10.072 0.682903 149.692 44.6987 2102.32 307.878 2262.09 334.296 2262.09 334.296 0.519528 0.0182884 
300 0.277 543600000 823.537 38.5018 -88.3508 1.73537 8376.86 294.417 8.90634e+07 5.85302e+06 0.00137143 0.00400193 -0.0047576 0.0042194 0.00960778 0.000679259 0.000175232 2.35765e-05 0.0876395 0.00340437 10.072 0.682903 149.692 44.5415 2102.32 307.878 2262.09 334.296 2262.09 334.296 0.519528 0.0182884 
300 0.277 545400000 823.537 38.5018 -88.3508 1.73537 8376.86 294.417 8.90634e+07 5.85302e+06 0.00137143 0.00399839 -0.0047576 0.00421582 0.00960778 0.000679259 0.000175232 2.35765e-05 0.0876395 0.00340437 10.072 0.678263 149.692 44.3869 2102.32 307.878 2262.09 334.296 2262.09 334.296 0.519528 0.0182884 
300 0.277 547200000 823.537 38.5018 -88.3508 1.73537 8376.86 294.417 8.90634e+07 5.85302e+06 0.00137143 0.00398566 -0.0047576 0.0042012 0.00960778 0.000679259 0.000175232 2.35765e-05 0.0876395 0.00340437 10.072 0.678263 149.692 44.2326 2102.32 307.878 2262.09 334.296 2262.09 334.296 0.519528 0.0182884 
300 0.277 549000000 823.537 38.5018 -88.3508 1.73537 8376.86 294.417 8.90634e+07 5.85302e+06 0.00137143 0.00397734 -0.0047576 0.00418654 0.00960778 0.000679259 0.000175232 2.35765e-05 0.0876395 0.00340437 10.072 0.674064 149.692 44.0797 2102.32 307.878 2262.09 334.296 2262.09 334.296 0.519528 0.0182884 
300 0.277 550800000 823.537 38.5018 -88.3508 1.73537 8376.86 294.417 8.90634e+07 5.85302e+06 0.00137143 0.00397282 -0.0047576 0.00418122 0.00960778 0.000679259 0.000175232 2.35765e-05 0.0876395 0.00340437 10.072 0.674064 149.692 43.9283 2102.32 307.878 2262.09 334.296 2262.09 334.296 0.519528 0.0182884 
300 0.277 552600000 818.083 36.5001 -88.5843 1.56125 8414.74 267.134 8.96846e+07 5.60947e+06 0.00102895 0.00395959 -0.00511948 0.00417942 0.00957329 0.000616414 0.000176225 2.12415e-05 0.0874579 0.00311148 9.98136 0.66944 143.141 43.7779 2044.92 273.833 2198.04 297.304 2198.04 297.304 0.514182 0.0178589 
300 0.277 554400000 818.083 36.5001 -88.5843 1.56125 8414.74 267.134 8.96846e+07 5.59705e+06 0.00102895 0.00395181 -0.00511948 0.0041657 0.00957329 0.000616414 0.000176225 2.12415e-05 0.0874579 0.00311148 9.98136 0.66944 143.141 43.6266 2044.92 273.833 2198.04 297.304 2198.04 297.304 0.514182 0.0178589 
300 0.277 556200000 818.083 36.5001 -88.5843 1.56125 8414.74 267.134 8.96846e+07 5.5783e+06 0.00102895 0.00393821 -0.00511948 0.00417049 0.00957329 0.000616414 0.000176225 2.12415e-05 0.0874579 0.00311148 9.98136 0.665744 143.141 43.4776 2044.92 273.833 2198.04 297.304 2198.04 297.304 0.514182 0.0178589 
300 0.277 558000000 818.083 36.5001 -88.5843 1.56125 8414.74 267.134 8.96846e+07 5.58318e+06 0.00102895 0.00399615 -0.00511948 0.00416766 0.00957329 0.000616414 0.000176225 2.29571e-05 0.0874579 0.00311148 9.98136 0.665744 143.141 43.3306 2044.92 273.833 2198.04 297.304 2198.04 297.304 0.514182 0.0178589 
300 0.277 559800000 818.083 36.5001 -88.5843 1.56125 8414.74 267.134 8.96846e+07 5.56416e+06 0.00102895 0.00398819 -0.00511948 0.00415341 0.00957329 0.000616414 0.000176225 2.28859e-05 0.0874579 0.00311148 9.98136 0.661185 143.141 43.1845 2044.92 273.833 2198.04 297.304 2198.04 297.304 0.514182 0.0178589 
300 0.277 561600000 818.083 36.5001 -88.5843 1.56125 8414.74 267.134 8.96846e+07 5.54621e+06 0.00102895 0.00397593 -0.00511948 0.00413986 0.00957329 0.000616414 0.000176225 2.28163e-05 0.0874579 0.00311148 9.98136 0.661185 143.141 43.0391 2044.92 273.833 2198.04 297.304 2198.04 297.304 0.514182 0.0178589 
300 0.277 563400000 818.083 36.5001 -88.5843 1.56125 8414.74 267.134 8.96846e+07 5.53068e+06 0.00102895 0.0039636 -0.00511948 0.0041262 0.00957329 0.000616414 0.000176225 2.27472e-05 0.0874579 0.00311148 9.98136 0.657214 143.141 42.8951 2044.92 273.833 2198.04 297.304 2198.04 297.304 0.514182 0.0178589 
300 0.277 565200000 818.083 36.5001 -88.5843 1.56125 8414.74 267.134 8.96846e+07 5.52698e+06 0.00102895 0.00396596 -0.00511948 0.00411238 0.00957329 0.000616414 0.000176225 2.26709e-05 0.0874579 0.00311148 9.98136 0.657214 143.141 42.7517 2044.92 273.833 2198.04 297.304 2198.04 297.304 0.514182 0.0178589 
300 0.277 567000000 818.083 36.5001 -88.5843 1.56125 8414.74 267.134 8.96846e+07 5.53055e+06 0.00102895 0.00395761 -0.00511948 0.00409886 0.00957329 0.000616414 0.000176225 2.26014e-05 0.0874579 0.00311148 9.98136 0.652825 143.141 42.6093 2044.92 273.833 2198.04 297.304 2198.04 297.304 0.514182 0.0176319 
300 0.277 568800000 818.083 36.5001 -88.5843 1.56125 8414.74 267.134 8.96846e+07 5.51326e+06 0.00102895 0.00394673 -0.00511948 0.004089 0.00957329 0.000616414 0.000176225 2.25314e-05 0.0874579 0.00311148 9.98136 0.652825 143.141 42.4677 2044.92 273.833 2198.04 297.304 2198.04 297.304 0.514182 0.0176319 
300 0.277 570600000 818.083 36.5001 -88.5843 1.56125 8414.74 267.134 8.96846e+07 5.49573e+06 0.00102895 0.003934 -0.00511948 0.00407643 0.00957329 0.000616414 0.000176225 2.24639e-05 0.0874579 0.00311148 9.98136 0.649107 143.141 42.3259 2044.92 273.833 2198.04 297.304 2198.04 297.304 0.514182 0.0176319 
300 0.277 572400000 818.083 36.5001 -88.5843 1.56125 8414.74 267.134 8.96846e+07 5.47787e+06 0.00102895 0.00392226 -0.00511948 0.00406628 0.00957329 0.000616414 0.000176225 2.23955e-05 0.0874579 0.00311148 9.98136 0.649107 143.141 42.1862 2044.92 273.833 2198.04 297.304 2198.04 297.304 0.514182 0.0176319 
300 0.277 574200000 818.083 36.5001 -88.5843 1.56125 8414.74 267.134 8.96846e+07 5.45982e+06 0.00102895 0.00393464 -0.00511948 0.00405601 0.00957329 0.000616414 0.000176225 2.23332e-05 0.0874579 0.00311148 9.98136 0.644395 143.141 42.0471 2044.92 273.833 2198.04 297.304 2198.04 297.304 0.514182 0.0176319 
300 0.277 576000000 818.083 36.5001 -88.5843 1.56125 8414.74 267.134 8.96846e+07 5.44171e+06 0.00102895 0.00392171 -0.00511948 0.00406698 0.00957329 0.000616414 0.000176225 2.22612e-05 0.0874579 0.00311148 9.98136 0.644395 143.141 41.9093 2044.92 273.833 2198.04 297.304 2198.04 297.304 0.514182 0.0176319 
300 0.277 577800000 818.083 36.5001 -88.5843 1.56125 8414.74 267.134 8.96846e+07 5.4269e+06 0.00102895 0.00392019 -0.00511948 0.00405594 0.00957329 0.000616414 0.000176225 2.21897e-05 0.0874579 0.00311148 9.98136 0.641586 143.141 41.7707 2044.92 273.833 2198.04 297.304 2198.04 297.304 0.514182 0.0176319 
300 0.277 579600000 818.083 36.5001 -88.5843 1.56125 8414.74 267.134 8.96846e+07 5.41175e+06 0.00102895 0.00390875 -0.00511948 0.00404335 0.00957329 0.000616414 0.000176225 2.21244e-05 0.0874579 0.00311148 9.98136 0.641031 143.141 41.6339 2044.92 273.833 2198.04 297.304 2198.04 297.304 0.514182 0.0176319 
300 0.277 581400000 825.092 35.9218 -88.7776 1.56125 8438.52 267.134 8.97702e+07 5.39769e+06 -0.0012351 0.00419416 -0.00488495 0.00403159 0.00958956 0.000616414 0.000180848 2.20585e-05 0.087363 0.00311148 9.96272 0.637809 137.646 41.4992 2101.39 273.833 2249 297.304 2249 297.304 0.520651 0.0174995 
300 0.277 583200000 825.092 35.9218 -88.7776 1.56125 8438.52 267.134 8.97702e+07 5.38405e+06 -0.0012351 0.00419416 -0.00488495 0.00402114 0.00958956 0.000616414 0.000180848 2.19939e-05 0.087363 0.00311148 9.96272 0.637437 137.646 41.3648 2101.39 273.833 2249 297.304 2249 297.304 0.520651 0.0174995 
300 0.277 585000000 825.092 35.9218 -88.7776 1.56125 8438.52 267.134 8.97702e+07 5.36786e+06 -0.0012351 0.00419416 -0.00488495 0.00400821 0.00958956 0.000616414 0.000180848 2.19227e-05 0.087363 0.00311148 9.96272 0.633779 137.646 41.2313 2101.39 273.833 2249 297.304 2249 297.304 0.520651 0.0174995 
300 0.277 586800000 825.092 35.9218 -88.7776 1.56125 8438.52 267.134 8.97702e+07 5.36786e+06 -0.0012351 0.00419416 -0.00488495 0.00399917 0.00958956 0.000616414 0.000180848 2.18539e-05 0.087363 0.00311148 9.96272 0.633445 137.646 41.099 2101.39 273.833 2249 297.304 2249 297.304 0.520651 0.0174995 
300 0.277 588600000 825.092 35.9218 -88.7776 1.56125 8438.52 267.134 8.97702e+07 5.36786e+06 -0.0012351 0.00419416 -0.00488495 0.00398621 0.00958956 0.000616414 0.000180848 2.17903e-05 0.087363 0.00311148 9.96272 0.629804 137.646 40.9677 2101.39 273.833 2249 297.304 2249 297.304 0.520651 0.0174995 
300 0.277 590400000 825.092 35.9218 -88.7776 1.56125 8438.52 267.134 8.97702e+07 6.07706e+06 -0.0012351 0.00419416 -0.00488495 0.00398166 0.00958956 0.000616414 0.000180848 2.19852e-05 0.087363 0.00311148 9.96272 0.629611 137.646 40.837 2101.39 273.833 2249 297.304 2249 297.304 0.520651 0.0174995 
300 0.277 592200000 825.092 35.9218 -88.7776 1.56125 8438.52 267.134 8.97702e+07 6.0581e+06 -0.0012351 0.00419416 -0.00488495 0.00397816 0.00958956 0.000616414 0.000180848 2.19169e-05 0.087363 0.00311148 9.96272 0.625951 137.646 40.7071 2101.39 273.833 2249 297.304 2249 297.304 0.520651 0.0174995 
300 0.277 594000000 825.092 35.9218 -88.7776 1.56125 8438.52 267.134 8.97702e+07 6.03877e+06 -0.0012351 0.00419416 -0.00488495 0.00396709 0.00958956 0.000616414 0.000180848 2.18637e-05 0.087363 0.00311148 9.96272 0.625881 137.646 40.5777 2101.39 273.833 2249 297.304 2249 297.304 0.520651 0.0174995 
300 0.277 595800000 825.092 35.9218 -88.7776 1.56125 8438.52 267.134 8.97702e+07 6.02345e+06 -0.0012351 0.00419416 -0.00488495 0.00395444 0.00958956 0.000616414 0.000180848 2.17975e-05 0.087363 0.00311148 9.96272 0.622053 137.646 40.4496 2101.39 273.833 2249 297.304 2249 297.304 0.520651 0.0171721 
300 0.277 597600000 825.092 35.9218 -88.7776 1.56125 8438.52 267.134 8.97702e+07 6.00777e+06 -0.0012351 0.00419416 -0.00488495 0.00394199 0.00958956 0.000616414 0.000180848 2.17351e-05 0.087363 0.00311148 9.96272 0.622053 137.646 40.3221 2101.39 273.833 2249 297.304 2249 297.304 0.520651 0.0171721 
300 0.277 599400000 825.092 35.9218 -88.7776 1.56125 8438.52 267.134 8.97702e+07 5.98864e+06 -0.0012351 0.00419416 -0.00488495 0.00392951 0.00958956 0.000616414 0.000180848 2.16733e-05 0.087363 0.00311148 9.96272 0.618355 137.646 40.1953 2101.39 273.833 2249 297.304 2249 297.304 0.520651 0.0171721 
300 0.277 601200000 825.092 35.9218 -88.7776 1.56125 8438.52 267.134 8.97702e+07 6.01971e+06 -0.0012351 0.00419416 -0.00488495 0.00392216 0.00958956 0.000616414 0.000180848 2.16089e-05 0.087363 0.00311148 9.96272 0.618355 137.646 40.0693 2101.39 273.833 2249 297.304 2249 297.304 0.520651 0.0171721 
300 0.277 603000000 825.092 35.9218 -88.7776 1.56125 8438.52 267.134 8.97702e+07 6.01351e+06 -0.0012351 0.00419416 -0.00488495 0.00391453 0.00958956 0.000616414 0.000180848 2.15464e-05 0.087363 0.00311148 9.96272 0.61448 137.646 39.9436 2101.39 273.833 2249 297.304 2249 297.304 0.520651 0.0171721 
300 0.277 604800000 825.092 35.9218 -88.7776 1.56125 8438.52 267.134 8.97702e+07 5.99543e+06 -0.0012351 0.00419416 -0.00488495 0.00390661 0.00958956 0.000616414 0.000180848 2.14852e-05 0.087363 0.00311148 9.96272 0.614449 137.646 39.8191 2101.39 273.833 2249 297.304 2249 297.304 0.520651 0.0171721 
300 0.277 606600000 825.092 35.9218 -88.7776 1.56125 8438.52 267.134 8.97702e+07 5.97733e+06 -0.0012351 0.00419416 -0.00488495 0.00389819 0.00958956 0.000616414 0.000180848 2.14246e-05 0.087363 0.00311148 9.96272 0.610814 137.646 39.6954 2101.39 273.833 2249 297.304 2249 297.304 0.520651 0.0171721 
300 0.277 608400000 825.092 35.9218 -88.7776 1.56125 8438.52 267.134 8.97702e+07 5.9586e+06 -0.0012351 0.00419416 -0.00488495 0.00390299 0.00958956 0.000616414 0.000180848 2.13575e-05 0.087363 0.00311148 9.96272 0.610814 137.646 39.5722 2101.39 273.833 2249 297.304 2249 297.304 0.520651 0.0171721 
300 0.277 610200000 832.313 37.7226 -89.1848 1.54379 8527.91 280.248 9.27496e+07 6.26712e+06 0.000287109 0.00425172 -0.00436938 0.00389081 0.009527 0.000556507 0.000178949 2.12976e-05 0.0871148 0.00281919 9.87253 0.607299 131.81 39.45 2012.54 248.356 2154.23 270.783 2154.23 270.783 0.519666 0.0170113 
300 0.277 612000000 832.313 37.7226 -89.1848 1.54379 8527.91 280.248 9.27496e+07 6.26712e+06 0.000287109 0.00425172 -0.00436938 0.00390824 0.009527 0.000556507 0.000178949 2.32396e-05 0.0871148 0.00281919 9.87253 0.606817 131.81 39.3289 2012.54 248.356 2154.23 270.783 2154.23 270.783 0.519666 0.0170113 
300 0.277 613800000 832.313 37.7226 -89.1848 1.54379 8527.91 280.248 9.27496e+07 6.26712e+06 0.000287109 0.00425172 -0.00436938 0.00391081 0.009527 0.000556507 0.000178949 2.31674e-05 0.0871148 0.00281919 9.87253 0.60361 131.81 39.2082 2012.54 248.356 2154.23 270.783 2154.23 270.783 0.519666 0.0170113 
300 0.277 615600000 832.313 37.7226 -89.1848 1.54379 8527.91 280.248 9.27496e+07 6.26712e+06 0.000287109 0.00425172 -0.00436938 0.00389912 0.009527 0.000556507 0.000178949 2.3103e-05 0.0871148 0.00281919 9.87253 0.603207 131.81 39.0882 2012.54 248.356 2154.23 270.783 2154.23 270.783 0.519666 0.0170113 
300 0.277 617400000 832.313 37.7226 -89.1848 1.54379 8527.91 280.248 9.27496e+07 6.26712e+06 0.000287109 0.00425172 -0.00436938 0.00389119 0.009527 0.000556507 0.000178949 2.30351e-05 0.0871148 0.00281919 9.87253 0.600315 131.81 38.9682 2012.54 248.356 2154.23 270.783 2154.23 270.783 0.519666 0.0170113 
300 0.277 619200000 832.313 37.7226 -89.1848 1.54379 8527.91 280.248 9.27496e+07 6.26712e+06 0.000287109 0.00425172 -0.00436938 0.00387922 0.009527 0.000556507 0.000178949 2.29714e-05 0.0871148 0.00281919 9.87253 0.599813 131.81 38.8488 2012.54 248.356 2154.23 270.783 2154.23 270.783 0.519666 0.0170113 
300 0.277 621000000 832.313 37.7226 -89.1848 1.54379 8527.91 280.248 9.27496e+07 6.26712e+06 0.000287109 0.00425172 -0.00436938 0.00387852 0.009527 0.000556507 0.000178949 2.29022e-05 0.0871148 0.00281919 9.87253 0.596802 131.81 38.73 2012.54 248.356 2154.23 270.783 2154.23 270.783 0.519666 0.0170113 
300 0.277 622800000 832.313 37.7226 -89.1848 1.54379 8527.91 280.248 9.27496e+07 6.26712e+06 0.000287109 0.00425172 -0.00436938 0.00386678 0.009527 0.000556507 0.000178949 2.28374e-05 0.0871148 0.00281919 9.87253 0.596136 131.81 40.9078 2012.54 248.356 2154.23 270.783 2154.23 270.783 0.519666 0.0170113 
300 0.277 624600000 832.313 37.7226 -89.1848 1.54379 8527.91 280.248 9.27496e+07 6.26712e+06 0.000287109 0.00425172 -0.00436938 0.00385593 0.009527 0.000556507 0.000178949 2.2768e-05 0.0871148 0.00281919 9.87253 0.593201 131.81 40.7843 2012.54 248.356 2154.23 270.783 2154.23 270.783 0.519666 0.0166793 
300 0.277 626400000 832.313 37.7226 -89.1848 1.54379 8527.91 280.248 9.27496e+07 6.26712e+06 0.000287109 0.00425172 -0.00436938 0.00384956 0.009527 0.000556507 0.000178949 2.27047e-05 0.0871148 0.00281919 9.87253 0.592512 131.81 40.6622 2012.54 248.356 2154.23 270.783 2154.23 270.783 0.519666 0.0166793 
300 0.277 628200000 832.313 37.7226 -89.1848 1.54379 8527.91 280.248 9.27496e+07 6.26712e+06 0.000287109 0.00425172 -0.00436938 0.00383912 0.009527 0.000556507 0.000178949 2.26409e-05 0.0871148 0.00281919 9.87253 0.589952 131.81 40.5407 2012.54 248.356 2154.23 270.783 2154.23 270.783 0.519666 0.0166793 
300 0.277 630000000 832.313 37.7226 -89.1848 1.54379 8527.91 280.248 9.27496e+07 6.26712e+06 0.000287109 0.00425172 -0.00436938 0.00382769 0.009527 0.000556507 0.000178949 2.25761e-05 0.0871148 0.00281919 9.87253 0.58953 131.81 40.4192 2012.54 248.356 2154.23 270.783 2154.23 270.783 0.519666 0.0166793 
300 0.277 631800000 832.313 37.7226 -89.1848 1.54379 8527.91 280.248 9.27496e+07 6.26712e+06 0.000287109 0.00425172 -0.00436938 0.00381928 0.009527 0.000556507 0.000178949 2.25141e-05 0.0871148 0.00281919 9.87253 0.586571 131.81 40.2993 2012.54 248.356 2154.23 270.783 2154.23 270.783 0.519666 0.0166793 
300 0.277 633600000 832.313 37.7226 -89.1848 1.54379 8527.91 280.248 9.27496e+07 6.26712e+06 0.000287109 0.00425172 -0.00436938 0.00380897 0.009527 0.000556507 0.000178949 2.24465e-05 0.0871148 0.00281919 9.87253 0.586014 131.81 40.18 2012.54 248.356 2154.23 270.783 2154.23 270.783 0.519666 0.0166793 
300 0.277 635400000 832.313 37.7226 -89.1848 1.54379 8527.91 280.248 9.27496e+07 6.26712e+06 0.000287109 0.00425172 -0.00436938 0.00381418 0.009527 0.000556507 0.000178949 2.23796e-05 0.0871148 0.00281919 9.87253 0.583444 131.81 40.0616 2012.54 248.356 2154.23 270.783 2154.23 270.783 0.519666 0.0166793 
300 0.277 637200000 832.313 37.7226 -89.1848 1.54379 8527.91 280.248 9.27496e+07 6.26712e+06 0.000287109 0.00425172 -0.00436938 0.00380391 0.009527 0.000556507 0.000178949 2.23196e-05 0.0871148 0.00281919 9.87253 0.583267 131.81 39.9436 2012.54 248.356 2154.23 270.783 2154.23 270.783 0.519666 0.0166793 
300 0.277 639000000 832.313 37.7226 -89.1848 1.54379 8527.91 280.248 9.27496e+07 6.26712e+06 0.000287109 0.00433783 -0.00436938 0.00380345 0.009527 0.000556507 0.000178949 2.22556e-05 0.0871148 0.00281919 9.87253 0.581014 131.81 39.8263 2012.54 248.356 2154.23 270.783 2154.23 270.783 0.519666 0.0162823 
300 0.277 640800000 832.313 37.7226 -89.1848 1.54379 8527.91 280.248 9.27496e+07 6.26712e+06 0.000287109 0.00433783 -0.00436938 0.00380053 0.009527 0.000556507 0.000178949 2.21897e-05 0.0871148 0.00281919 9.87253 0.581014 131.81 39.7098 2012.54 248.356 2154.23 270.783 2154.23 270.783 0.519666 0.0162823 
300 0.277 642600000 832.313 37.7226 -89.1848 1.54379 8527.91 280.248 9.27496e+07 6.26712e+06 0.000287109 0.00433783 -0.00436938 0.00379452 0.009527 0.000556507 0.000178949 2.21289e-05 0.0871148 0.00281919 9.87253 0.578774 131.81 39.5937 2012.54 248.356 2154.23 270.783 2154.23 270.783 0.519666 0.0162823 
300 0.277 644400000 832.313 37.7226 -89.1848 1.54379 8527.91 280.248 9.27496e+07 6.26712e+06 0.000287109 0.00433783 -0.00436938 0.00378655 0.009527 0.000556507 0.000178949 2.20699e-05 0.0871148 0.00281919 9.87253 0.578774 131.81 39.4779 2012.54 248.356 2154.23 270.783 2154.23 270.783 0.519666 0.0162823 
300 0.277 646200000 832.313 37.7226 -89.1848 1.54379 8527.91 280.248 9.27496e+07 6.26712e+06 0.000287109 0.00433783 -0.00436938 0.00377742 0.009527 0.000556507 0.000178949 2.20093e-05 0.0871148 0.00281919 9.87253 0.574469 131.81 39.3624 2012.54 248.356 2154.23 270.783 2154.23 270.783 0.519666 0.0162823 
300 0.277 648000000 832.313 37.7226 -89.1848 1.54379 8527.91 280.248 9.27496e+07 6.26712e+06 0.000287109 0.00433783 -0.00436938 0.00378046 0.009527 0.000556507 0.000178949 2.19503e-05 0.0871148 0.00281919 9.87253 0.574469 131.81 39.2483 2012.54 248.356 2154.23 270.783 2154.23 270.783 0.519666 0.0162823 
300 0.277 649800000 832.313 37.7226 -89.1848 1.54379 8527.91 280.248 9.27496e+07 6.26712e+06 0.000287109 0.00433783 -0.00436938 0.00379147 0.009527 0.000556507 0.000178949 2.18978e-05 0.0871148 0.00281919 9.87253 0.572084 131.81 39.1351 2012.54 248.356 2154.23 270.783 2154.23 270.783 0.519666 0.0162823 
300 0.277 651600000 832.313 37.7226 -89.1848 1.54379 8527.91 280.248 9.27496e+07 6.26712e+06 0.000287109 0.00433783 -0.00436938 0.00378493 0.009527 0.000556507 0.000178949 2.18346e-05 0.0871148 0.00281919 9.87253 0.572084 131.81 39.0213 2012.54 248.356 2154.23 270.783 2154.23 270.783 0.519666 0.0162823 
300 0.277 653400000 832.313 37.7226 -89.1848 1.54379 8527.91 280.248 9.27496e+07 6.26712e+06 0.000287109 0.00433783 -0.00436938 0.00377806 0.009527 0.000556507 0.000178949 2.17739e-05 0.0871148 0.00281919 9.87253 0.568874 131.81 38.9095 2012.54 248.356 2154.23 270.783 2154.23 270.783 0.519666 0.0159601 
300 0.277 655200000 832.313 37.7226 -89.1848 1.54379 8527.91 280.248 9.27496e+07 6.26712e+06 0.000287109 0.00433783 -0.00436938 0.00376758 0.009527 0.000556507 0.000178949 2.17173e-05 0.0871148 0.00281919 9.87253 0.568335 131.81 38.7982 2012.54 248.356 2154.23 270.783 2154.23 270.783 0.519666 0.0159601 
300 0.277 657000000 832.313 37.7226 -89.1848 1.54379 8527.91 280.248 9.27496e+07 6.26712e+06 0.000287109 0.00433783 -0.00436938 0.0037567 0.009527 0.000556507 0.000178949 2.16611e-05 0.0871148 0.00281919 9.87253 0.565789 131.81 38.6875 2012.54 248.356 2154.23 270.783 2154.23 270.783 0.519666 0.0159601 
300 0.277 658800000 832.313 37.7226 -89.1848 1.54379 8527.91 280.248 9.27496e+07 6.26712e+06 0.000287109 0.00433783 -0.00436938 0.00374655 0.009527 0.000556507 0.000178949 2.1599e-05 0.0871148 0.00281919 9.87253 0.565565 131.81 38.5775 2012.54 248.356 2154.23 270.783 2154.23 270.783 0.519666 0.0159601 
300 0.277 660600000 832.313 37.7226 -89.1848 1.54379 8527.91 280.248 9.27496e+07 6.26712e+06 0.000287109 0.00433783 -0.00436938 0.00373588 0.009527 0.000556507 0.000178949 2.15403e-05 0.0871148 0.00281919 9.87253 0.563529 131.81 38.468 2012.54 248.356 2154.23 270.783 2154.23 270.783 0.519666 0.0159601 
300 0.277 662400000 832.313 37.7226 -89.1848 1.54379 8527.91 280.248 9.27496e+07 6.26712e+06 0.000287109 0.00433783 -0.00436938 0.00372519 0.009527 0.000556507 0.000178949 2.14826e-05 0.0871148 0.00281919 9.87253 0.563529 131.81 38.358 2012.54 248.356 2154.23 270.783 2154.23 270.783 0.519666 0.0159601 
300 0.277 664200000 832.313 37.7226 -89.1848 1.54379 8527.91 280.248 9.27496e+07 6.26712e+06 0.000287109 0.00433783 -0.00436938 0.00373671 0.009527 0.000556507 0.000178949 2.14556e-05 0.0871148 0.00281919 9.87253 0.560537 131.81 38.2498 2012.54 248.356 2154.23 270.783 2154.23 270.783 0.519666 0.0159601 
300 0.277 666000000 832.313 37.7226 -89.1848 1.54379 8527.91 280.248 9.27496e+07 6.26712e+06 0.000287109 0.00433783 -0.00436938 0.00372698 0.009527 0.000556507 0.000178949 2.13959e-05 0.0871148 0.00281919 9.87253 0.560444 131.81 38.1425 2012.54 248.356 2154.23 270.783 2154.23 270.783 0.519666 0.0159601 
300 0.277 667800000 824.699 37.7226 -88.9153 1.54379 8479.08 280.248 9.18836e+07 6.26712e+06 0.00163514 0.00414763 -0.00435708 0.00371675 0.00963288 0.000515888 0.000183111 2.13414e-05 0.0876294 0.00260945 9.86625 0.55758 135.718 38.0348 2075.49 233.619 2221.07 254.283 2221.07 254.283 0.524014 0.0156463 
300 0.277 669600000 824.699 37.7226 -88.9153 1.54379 8479.08 280.248 9.18836e+07 6.26712e+06 0.00163514 0.00414763 -0.00435708 0.00370981 0.00963288 0.000515888 0.000183111 2.1284e-05 0.0876294 0.00260945 9.86625 0.557278 135.718 37.9279 2075.49 233.619 2221.07 254.283 2221.07 254.283 0.524014 0.0156463 
300 0.277 671400000 824.699 37.7226 -88.9153 1.54379 8479.08 280.248 9.18836e+07 6.26712e+06 0.00163514 0.00414763 -0.00435708 0.00376368 0.00963288 0.000527862 0.000183111 2.41925e-05 0.0876294 0.00260945 9.86625 0.554552 135.718 37.8216 2075.49 233.619 2221.07 254.283 2221.07 254.283 0.524014 0.0156463 
300 0.277 673200000 824.699 37.7226 -88.9153 1.54379 8479.08 280.248 9.18836e+07 6.26712e+06 0.00163514 0.00414763 -0.00435708 0.00375572 0.00963288 0.000526747 0.000183111 2.41301e-05 0.0876294 0.00260945 9.86625 0.554283 135.718 37.7165 2075.49 233.619 2221.07 254.283 2221.07 254.283 0.524014 0.0156463 
300 0.277 675000000 824.699 37.7226 -88.9153 1.54379 8479.08 280.248 9.18836e+07 6.26712e+06 0.00163514 0.00414763 -0.00435708 0.00374548 0.00963288 0.000525935 0.000183111 2.40684e-05 0.0876294 0.00260945 9.86625 0.551629 135.718 37.6119 2075.49 233.619 2221.07 254.283 2221.07 254.283 0.524014 0.0156463 
300 0.277 676800000 824.699 37.7226 -88.9153 1.54379 8479.08 280.248 9.18836e+07 6.26712e+06 0.00163514 0.00414763 -0.00435708 0.00373563 0.00963288 0.000524906 0.000183111 2.40068e-05 0.0876294 0.00260945 9.86625 0.551181 135.718 37.5793 2075.49 233.619 2221.07 254.283 2221.07 254.283 0.524014 0.0156463 
300 0.277 678600000 824.699 37.7226 -88.9153 1.54379 8479.08 280.248 9.18836e+07 6.26712e+06 0.00163514 0.00414763 -0.00435708 0.00373073 0.00963288 0.000523449 0.000183111 2.39421e-05 0.0876294 0.00260945 9.86625 0.548636 135.718 37.4759 2075.49 233.619 2221.07 254.283 2221.07 254.283 0.524014 0.0156463 
300 0.277 680400000 824.699 37.7226 -88.9153 1.54379 8479.08 280.248 9.18836e+07 6.26712e+06 0.00163514 0.00414763 -0.00435708 0.00372046 0.00963288 0.000522024 0.000183111 2.38758e-05 0.0876294 0.00260945 9.86625 0.548246 135.718 37.3731 2075.49 233.619 2221.07 254.283 2221.07 254.283 0.524014 0.0156463 
300 0.277 682200000 824.699 37.7226 -88.9153 1.54379 8479.08 280.248 9.18836e+07 6.26712e+06 0.00163514 0.00414763 -0.00435708 0.00373345 0.00963288 0.00053018 0.000183111 2.43966e-05 0.0876294 0.00260945 9.86625 0.545782 135.718 37.2711 2075.49 233.619 2221.07 254.283 2221.07 254.283 0.524014 0.0153706 
300 0.277 684000000 824.699 37.7226 -88.9153 1.54379 8479.08 280.248 9.18836e+07 6.26712e+06 0.00163514 0.00414763 -0.00435708 0.00372325 0.00963288 0.000529351 0.000183111 2.43352e-05 0.0876294 0.00260945 9.86625 0.545542 135.718 37.169 2075.49 233.619 2221.07 254.283 2221.07 254.283 0.524014 0.0153706 
300 0.277 685800000 824.699 37.7226 -88.9153 1.54379 8479.08 280.248 9.18836e+07 6.26712e+06 0.00163514 0.00414763 -0.00435708 0.00371482 0.00963288 0.00052836 0.000183111 2.42739e-05 0.0876294 0.00260945 9.86625 0.543057 135.718 37.0672 2075.49 233.619 2221.07 254.283 2221.07 254.283 0.524014 0.0153706 
300 0.277 687600000 824.699 37.7226 -88.9153 1.54379 8479.08 280.248 9.18836e+07 6.26712e+06 0.00163514 0.00414763 -0.00435708 0.00370535 0.00963288 0.000527185 0.000183111 2.42112e-05 0.0876294 0.00260945 9.86625 0.543057 135.718 36.9662 2075.49 233.619 2221.07 254.283 2221.07 254.283 0.524014 0.0153706 
300 0.277 689400000 824.699 37.7226 -88.9153 1.54379 8479.08 280.248 9.18836e+07 6.26712e+06 0.00163514 0.00414763 -0.00435708 0.00369527 0.00963288 0.000526009 0.000183111 2.41505e-05 0.0876294 0.00260945 9.86625 0.540697 135.718 36.8661 2075.49 233.619 2221.07 254.283 2221.07 254.283 0.524014 0.0153706 
300 0.277 691200000 824.699 37.7226 -88.9153 1.54379 8479.08 280.248 9.18836e+07 6.26712e+06 0.00163514 0.00414763 -0.00435708 0.00369149 0.00963288 0.000525297 0.000183111 2.40866e-05 0.0876294 0.00260945 9.86625 0.540697 135.718 36.7663 2075.49 233.619 2221.07 254.283 2221.07 254.283 0.524014 0.0153706 
300 0.277 693000000 824.699 37.7226 -88.9153 1.54379 8479.08 280.248 9.18836e+07 6.26712e+06 0.00163514 0.00414763 -0.00435708 0.00368242 0.00963288 0.000523175 0.000183111 2.40237e-05 0.0876294 0.00260945 9.86625 0.538951 135.718 36.6661 2075.49 233.619 2221.07 254.283 2221.07 254.283 0.524014 0.0153706 
300 0.277 694800000 824.699 37.7226 -88.9153 1.54379 8479.08 280.248 9.18836e+07 6.26712e+06 0.00163514 0.00414763 -0.00435708 0.00367275 0.00963288 0.000522502 0.000183111 2.39641e-05 0.0876294 0.00260945 9.86625 0.538951 135.718 36.5674 2075.49 233.619 2221.07 254.283 2221.07 254.283 0.524014 0.0153706 
300 0.277 696600000 824.699 37.7226 -88.9153 1.54379 8479.08 280.248 9.18836e+07 6.26712e+06 0.00163514 0.00396763 -0.00435708 0.00367159 0.00963288 0.000521006 0.000183111 2.38994e-05 0.0876294 0.00260945 9.86625 0.535917 135.718 36.4693 2075.49 233.619 2221.07 254.283 2221.07 254.283 0.524014 0.0153091 
300 0.277 698400000 824.699 37.7226 -88.9153 1.54379 8479.08 280.248 9.18836e+07 6.26712e+06 0.00163514 0.00396763 -0.00435708 0.00366305 0.00963288 0.000520046 0.000183111 2.38392e-05 0.0876294 0.00260945 9.86625 0.535917 135.718 36.3717 2075.49 233.619 2221.07 254.283 2221.07 254.283 0.524014 0.0153091 
300 0.277 700200000 824.699 37.7226 -88.9153 1.54379 8479.08 280.248 9.18836e+07 6.26712e+06 0.00163514 0.00396763 -0.00435708 0.00368698 0.00963288 0.000523423 0.000183111 2.39747e-05 0.0876294 0.00260945 9.86625 0.53326 135.718 36.2745 2075.49 233.619 2221.07 254.283 2221.07 254.283 0.524014 0.0153091 
300 0.277 702000000 824.699 37.7226 -88.9153 1.54379 8479.08 280.248 9.18836e+07 6.26712e+06 0.00163514 0.00396763 -0.00435708 0.00368183 0.00963288 0.000522283 0.000183111 2.39106e-05 0.0876294 0.00260945 9.86625 0.53326 135.718 36.1776 2075.49 233.619 2221.07 254.283 2221.07 254.283 0.524014 0.0153091 
300 0.277 703800000 824.699 37.7226 -88.9153 1.54379 8479.08 280.248 9.18836e+07 6.26712e+06 0.00163514 0.00396763 -0.00435708 0.00367409 0.00963288 0.000521289 0.000183111 2.3852e-05 0.0876294 0.00260945 9.86625 0.530426 135.718 36.0816 2075.49 233.619 2221.07 254.283 2221.07 254.283 0.524014 0.0153091 
300 0.277 705600000 824.699 37.7226 -88.9153 1.54379 8479.08 280.248 9.18836e+07 6.26712e+06 0.00163514 0.00396763 -0.00435708 0.00366564 0.00963288 0.000520157 0.000183111 2.37931e-05 0.0876294 0.00260945 9.86625 0.530426 135.718 35.9863 2075.49 233.619 2221.07 254.283 2221.07 254.283 0.524014 0.0153091 
300 0.277 707400000 824.699 37.7226 -88.9153 1.54379 8479.08 280.248 9.18836e+07 6.26712e+06 0.00163514 0.00396763 -0.00435708 0.00366671 0.00963288 0.00051881 0.000183111 2.37298e-05 0.0876294 0.00260945 9.86625 0.529662 135.718 35.8905 2075.49 233.619 2221.07 254.283 2221.07 254.283 0.524014 0.0153091 
300 0.277 709200000 824.699 37.7226 -88.9153 1.54379 8479.08 280.248 9.18836e+07 6.26712e+06 0.00163514 0.00396763 -0.00435708 0.00365738 0.00963288 0.000518596 0.000183111 2.36716e-05 0.0876294 0.00260945 9.86625 0.529662 135.718 35.7948 2075.49 233.619 2221.07 254.283 2221.07 254.283 0.524014 0.0153091 
300 0.277 711000000 824.699 37.7226 -88.9153 1.54379 8479.08 280.248 9.18836e+07 6.26712e+06 0.00163514 0.00396763 -0.00435708 0.00364796 0.00963288 0.000516897 0.000183111 2.36144e-05 0.0876294 0.00260945 9.86625 0.527667 135.718 35.7006 2075.49 233.619 2221.07 254.283 2221.07 254.283 0.524014 0.0150796 
300 0.277 712800000 824.699 37.7226 -88.9153 1.54379 8479.08 280.248 9.18836e+07 6.26712e+06 0.00163514 0.00396763 -0.00435708 0.00364036 0.00963288 0.000515888 0.000183111 2.35565e-05 0.0876294 0.00260945 9.86625 0.527135 135.718 35.6071 2075.49 233.619 2221.07 254.283 2221.07 254.283 0.524014 0.0150796 
300 0.277 714600000 824.699 37.7226 -88.9153 1.54379 8479.08 280.248 9.18836e+07 6.26712e+06 0.00163514 0.00396763 -0.00435708 0.00365416 0.00963288 0.000515888 0.000183111 2.35118e-05 0.0876294 0.00260945 9.86625 0.526142 135.718 35.5143 2075.49 233.619 2221.07 254.283 2221.07 254.283 0.524014 0.0150796 
300 0.277 716400000 824.699 37.7226 -88.9153 1.54379 8479.08 280.248 9.18836e+07 6.26712e+06 0.00163514 0.00396763 -0.00435708 0.00364554 0.00963288 0.000515888 0.000183111 2.34613e-05 0.0876294 0.00260945 9.86625 0.526142 135.718 35.422 2075.49 233.619 2221.07 254.283 2221.07 254.283 0.524014 0.0150796 
300 0.277 718200000 824.699 37.7226 -88.9153 1.54379 8479.08 280.248 9.18836e+07 6.26712e+06 0.00163514 0.00396763 -0.00435708 0.00363596 0.00963288 0.000515888 0.000183111 2.34052e-05 0.0876294 0.00260945 9.86625 0.523016 135.718 35.3289 2075.49 233.619 2221.07 254.283 2221.07 254.283 0.524014 0.0150777 
300 0.277 720000000 824.699 37.7226 -88.9153 1.54379 8479.08 280.248 9.18836e+07 6.26712e+06 0.00163514 0.00396763 -0.00435708 0.00362917 0.00963288 0.000515888 0.000183111 2.3344e-05 0.0876294 0.00260945 9.86625 0.523016 135.718 35.2372 2075.49 233.619 2221.07 254.283 2221.07 254.283 0.524014 0.0150777 
300 0.277 721800000 824.699 37.7226 -88.9153 1.54379 8479.08 280.248 9.18836e+07 6.26712e+06 0.00163514 0.00396763 -0.00435708 0.0036313 0.00963288 0.000515888 0.000183111 2.32867e-05 0.0876294 0.00260945 9.86625 0.523016 135.718 35.1459 2075.49 233.619 2221.07 254.283 2221.07 254.283 0.524014 0.0150777 
300 0.277 723600000 824.699 37.7226 -88.9153 1.54379 8479.08 280.248 9.18836e+07 6.26712e+06 0.00163514 0.00396763 -0.00435708 0.00362198 0.00963288 0.000515888 0.000183111 2.32286e-05 0.0876294 0.00260945 9.86625 0.523016 135.718 35.0554 2075.49 233.619 2221.07 254.283 2221.07 254.283 0.524014 0.0150777 
300 0.277 725400000 820.505 33.232 -88.8596 1.32028 8502.44 234.694 9.33628e+07 5.50091e+06 0.00160735 0.00380239 -0.00374095 0.00362942 0.00982023 0.000512073 0.000197129 2.32156e-05 0.0879526 0.00241192 9.76648 0.518192 129.617 34.9652 1979.48 233.044 2118.87 252.801 2118.87 252.801 0.5204 0.0149814 
300 0.277 727200000 820.505 33.232 -88.8596 1.32028 8502.44 234.694 9.33628e+07 5.48811e+06 0.00160735 0.00380239 -0.00374095 0.00362257 0.00982023 0.000510787 0.000197129 2.31555e-05 0.0879526 0.00241192 9.76648 0.518192 129.617 34.8753 1979.48 233.044 2118.87 252.801 2118.87 252.801 0.5204 0.0149814 
300 0.277 729000000 820.505 33.232 -88.8596 1.32028 8502.44 234.694 9.33628e+07 5.47438e+06 0.00160735 0.00380239 -0.00374095 0.00361446 0.00982023 0.000509806 0.000197129 2.31008e-05 0.0879526 0.00241192 9.76648 0.517571 129.617 34.7862 1979.48 233.044 2118.87 252.801 2118.87 252.801 0.5204 0.0149814 
300 0.277 730800000 820.505 33.232 -88.8596 1.32028 8502.44 234.694 9.33628e+07 5.46208e+06 0.00160735 0.00380239 -0.00374095 0.00360644 0.00982023 0.000508917 0.000197129 2.30465e-05 0.0879526 0.00241192 9.76648 0.517571 129.617 34.6973 1979.48 233.044 2118.87 252.801 2118.87 252.801 0.5204 0.0149814 
300 0.277 732600000 820.505 33.232 -88.8596 1.32028 8502.44 234.694 9.33628e+07 5.45117e+06 0.00160735 0.00380239 -0.00374095 0.00359759 0.00982023 0.000507982 0.000197129 2.29918e-05 0.0879526 0.00241192 9.76648 0.512888 129.617 34.6089 1979.48 233.044 2118.87 252.801 2118.87 252.801 0.5204 0.0148937 
300 0.277 734400000 820.505 33.232 -88.8596 1.32028 8502.44 234.694 9.33628e+07 5.44077e+06 0.00160735 0.00380239 -0.00374095 0.00358945 0.00982023 0.000507982 0.000197129 2.29429e-05 0.0879526 0.00241192 9.76648 0.512888 129.617 34.5212 1979.48 233.044 2118.87 252.801 2118.87 252.801 0.5204 0.0148937 
300 0.277 736200000 820.505 33.232 -88.8596 1.32028 8502.44 234.694 9.33628e+07 5.42703e+06 0.00160735 0.00380239 -0.00374095 0.00358143 0.00982023 0.000507982 0.000197129 2.28877e-05 0.0879526 0.00241192 9.76648 0.51231 129.617 34.4336 1979.48 233.044 2118.87 252.801 2118.87 252.801 0.5204 0.0148937 
300 0.277 738000000 820.505 33.232 -88.8596 1.32028 8502.44 234.694 9.33628e+07 5.41394e+06 0.00160735 0.00380239 -0.00374095 0.00357265 0.00982023 0.000507982 0.000197129 2.28333e-05 0.0879526 0.00241192 9.76648 0.51231 129.617 34.3464 1979.48 233.044 2118.87 252.801 2118.87 252.801 0.5204 0.0148937 
300 0.277 739800000 820.505 33.232 -88.8596 1.32028 8502.44 234.694 9.33628e+07 5.40072e+06 0.00160735 0.00380239 -0.00374095 0.00356476 0.00982023 0.000505773 0.000197129 2.27804e-05 0.0879526 0.00241192 9.76648 0.50791 129.617 34.2597 1979.48 233.044 2118.87 252.801 2118.87 252.801 0.5204 0.0148523 
300 0.277 741600000 820.505 33.232 -88.8596 1.32028 8502.44 234.694 9.33628e+07 5.38833e+06 0.00160735 0.00380239 -0.00374095 0.00355924 0.00982023 0.000505773 0.000197129 2.27271e-05 0.0879526 0.00241192 9.76648 0.50791 129.617 34.1728 1979.48 233.044 2118.87 252.801 2118.87 252.801 0.5204 0.0148523 
300 0.277 743400000 820.505 33.232 -88.8596 1.32028 8502.44 234.694 9.33628e+07 5.37966e+06 0.00160735 0.00380239 -0.00374095 0.00355048 0.00982023 0.000505773 0.000197129 2.26748e-05 0.0879526 0.00241192 9.76648 0.50727 129.617 34.087 1979.48 233.044 2118.87 252.801 2118.87 252.801 0.5204 0.0148523 
300 0.277 745200000 820.505 33.232 -88.8596 1.32028 8502.44 234.694 9.33628e+07 5.36616e+06 0.00160735 0.00380239 -0.00374095 0.00354656 0.00982023 0.000505773 0.000197129 2.26186e-05 0.0879526 0.00241192 9.76648 0.50727 129.617 34.002 1979.48 233.044 2118.87 252.801 2118.87 252.801 0.5204 0.0148523 
300 0.277 747000000 820.505 33.232 -88.8596 1.32028 8502.44 234.694 9.33628e+07 5.35408e+06 0.00160735 0.00380239 -0.00374095 0.00354261 0.00982023 0.000505773 0.000197129 2.25644e-05 0.0879526 0.00241192 9.76648 0.5029 129.617 33.917 1979.48 233.044 2118.87 252.801 2118.87 252.801 0.5204 0.0147946 
300 0.277 748800000 820.505 33.232 -88.8596 1.32028 8502.44 234.694 9.33628e+07 5.34061e+06 0.00160735 0.00380239 -0.00374095 0.00353402 0.00982023 0.000505773 0.000197129 2.25124e-05 0.0879526 0.00241192 9.76648 0.502793 129.617 33.8321 1979.48 233.044 2118.87 252.801 2118.87 252.801 0.5204 0.0147946 
300 0.277 750600000 820.505 33.232 -88.8596 1.32028 8502.44 234.694 9.33628e+07 5.35054e+06 0.00160735 0.00380239 -0.00374095 0.00353833 0.00982023 0.000507479 0.000197129 2.31367e-05 0.0879526 0.00241192 9.76648 0.502148 129.617 33.7482 1979.48 233.044 2118.87 252.801 2118.87 252.801 0.5204 0.0147946 
300 0.277 752400000 820.505 33.232 -88.8596 1.32028 8502.44 234.694 9.33628e+07 5.3379e+06 0.00160735 0.00380239 -0.00374095 0.00353698 0.00982023 0.000506208 0.000197129 2.30799e-05 0.0879526 0.00241192 9.76648 0.502148 129.617 33.6643 1979.48 233.044 2118.87 252.801 2118.87 252.801 0.5204 0.0147946 
300 0.277 754200000 820.505 33.232 -88.8596 1.32028 8502.44 234.694 9.33628e+07 5.32849e+06 0.00160735 0.00365225 -0.00374095 0.00353039 0.00982023 0.000505773 0.000197129 2.3024e-05 0.0879526 0.00241192 9.76648 0.502461 129.617 33.5811 1979.48 233.044 2118.87 252.801 2118.87 252.801 0.5204 0.0146735 
300 0.277 756000000 820.505 33.232 -88.8596 1.32028 8502.44 234.694 9.33628e+07 5.31718e+06 0.00160735 0.00365225 -0.00374095 0.0035244 0.00982023 0.000505773 0.000197129 2.29707e-05 0.0879526 0.00241192 9.76648 0.502461 129.617 33.4976 1979.48 233.044 2118.87 252.801 2118.87 252.801 0.5204 0.0146735 
300 0.277 757800000 820.505 33.232 -88.8596 1.32028 8502.44 234.694 9.33628e+07 5.30714e+06 0.00160735 0.00365225 -0.00374095 0.00351605 0.00982023 0.000505773 0.000197129 2.29188e-05 0.0879526 0.00241192 9.76648 0.501119 129.617 33.4149 1979.48 233.044 2118.87 252.801 2118.87 252.801 0.5204 0.0147787 
300 0.277 759600000 820.505 33.232 -88.8596 1.32028 8502.44 234.694 9.33628e+07 5.30079e+06 0.00160735 0.00365225 -0.00374095 0.00351906 0.00982023 0.000505773 0.000197129 2.28622e-05 0.0879526 0.00241192 9.76648 0.501119 129.617 33.3325 1979.48 233.044 2118.87 252.801 2118.87 252.801 0.5204 0.0147787 
300 0.277 761400000 820.505 33.232 -88.8596 1.32028 8502.44 234.694 9.33628e+07 5.29028e+06 0.00160735 0.00365225 -0.00374095 0.00351686 0.00982023 0.000505773 0.000197129 2.28076e-05 0.0879526 0.00241192 9.76648 0.498837 129.617 33.2512 1979.48 233.044 2118.87 252.801 2118.87 252.801 0.5204 0.0149223 
300 0.277 763200000 820.505 33.232 -88.8596 1.32028 8502.44 234.694 9.33628e+07 5.27821e+06 0.00160735 0.00365225 -0.00374095 0.0035105 0.00982023 0.000505773 0.000197129 2.27538e-05 0.0879526 0.00241192 9.76648 0.498837 129.617 33.17 1979.48 233.044 2118.87 252.801 2118.87 252.801 0.5204 0.0149223 
300 0.277 765000000 820.505 33.232 -88.8596 1.32028 8502.44 234.694 9.33628e+07 5.26621e+06 0.00160735 0.00365225 -0.00374095 0.00352078 0.00982023 0.000505773 0.000197129 2.2789e-05 0.0879526 0.00241192 9.76648 0.496601 129.617 33.0893 1979.48 233.044 2118.87 252.801 2118.87 252.801 0.5204 0.0149223 
300 0.277 766800000 820.505 33.232 -88.8596 1.32028 8502.44 234.694 9.33628e+07 5.25397e+06 0.00160735 0.00365225 -0.00374095 0.00352515 0.00982023 0.000505773 0.000197129 2.2734e-05 0.0879526 0.00241192 9.76648 0.496601 129.617 33.0088 1979.48 233.044 2118.87 252.801 2118.87 252.801 0.5204 0.0149223 
300 0.277 768600000 820.505 33.232 -88.8596 1.32028 8502.44 234.694 9.33628e+07 5.25252e+06 0.00160735 0.00365225 -0.00374095 0.0035183 0.00982023 0.000505773 0.000197129 2.26828e-05 0.0879526 0.00241192 9.76648 0.494229 129.617 32.9288 1979.48 233.044 2118.87 252.801 2118.87 252.801 0.5204 0.0148914 
300 0.277 770400000 820.505 33.232 -88.8596 1.32028 8502.44 234.694 9.33628e+07 5.25252e+06 0.00160735 0.00365225 -0.00374095 0.00351391 0.00982023 0.000505773 0.000197129 2.26281e-05 0.0879526 0.00241192 9.76648 0.494229 129.617 32.8493 1979.48 233.044 2118.87 252.801 2118.87 252.801 0.5204 0.0148914 
300 0.277 772200000 820.505 33.232 -88.8596 1.32028 8502.44 234.694 9.33628e+07 5.25252e+06 0.00160735 0.00365225 -0.00374095 0.00350653 0.00982023 0.000505773 0.000197129 2.25776e-05 0.0879526 0.00241192 9.76648 0.493961 129.617 32.7696 1979.48 233.044 2118.87 252.801 2118.87 252.801 0.5204 0.0148914 
300 0.277 774000000 820.505 33.232 -88.8596 1.32028 8502.44 234.694 9.33628e+07 5.25252e+06 0.00160735 0.00365225 -0.00374095 0.00350824 0.00982023 0.000505773 0.000197129 2.26878e-05 0.0879526 0.00241192 9.76648 0.493961 129.617 32.6909 1979.48 233.044 2118.87 252.801 2118.87 252.801 0.5204 0.0148914 
300 0.277 775800000 820.505 33.232 -88.8596 1.32028 8502.44 234.694 9.33628e+07 5.25252e+06 0.00160735 0.00365225 -0.00374095 0.00349998 0.00982023 0.000505773 0.000197129 2.26376e-05 0.0879526 0.00241192 9.76648 0.491757 129.617 32.6125 1979.48 233.044 2118.87 252.801 2118.87 252.801 0.5204 0.0148914 
300 0.277 777600000 820.505 33.232 -88.8596 1.32028 8502.44 234.694 9.33628e+07 5.25252e+06 0.00160735 0.00365225 -0.00374095 0.00349171 0.00982023 0.000505773 0.000197129 2.2593e-05 0.0879526 0.00241192 9.76648 0.491757 129.617 32.5345 1979.48 233.044 2118.87 252.801 2118.87 252.801 0.5204 0.0148914 
300 0.277 779400000 820.505 33.232 -88.8596 1.32028 8502.44 234.694 9.33628e+07 5.25252e+06 0.00160735 0.00365225 -0.00374095 0.00348332 0.00982023 0.000505773 0.000197129 2.25436e-05 0.0879526 0.00241192 9.76648 0.489383 129.617 32.4569 1979.48 233.044 2118.87 252.801 2118.87 252.801 0.5204 0.0148914 
300 0.277 781200000 820.505 33.232 -88.8596 1.32028 8502.44 234.694 9.33628e+07 5.25252e+06 0.00160735 0.00365225 -0.00374095 0.0034826 0.00982023 0.000505773 0.000197129 2.24905e-05 0.0879526 0.00241192 9.76648 0.489383 129.617 32.3796 1979.48 233.044 2118.87 252.801 2118.87 252.801 0.5204 0.0148914 
300 0.277 783000000 817.668 33.232 -89.1462 1.32028 8536.79 234.694 9.32623e+07 5.25252e+06 0.00124313 0.003544 -0.00510557 0.00348465 0.00990069 0.000496477 0.000200563 2.24365e-05 0.0882378 0.00225469 9.84658 0.48705 121.988 32.3024 2012.3 217.416 2144.13 234.613 2144.13 234.613 0.523108 0.01468 
300 0.277 784800000 817.668 33.232 -89.1462 1.32028 8536.79 234.694 9.32623e+07 5.25252e+06 0.00124313 0.003544 -0.00510557 0.00347821 0.00990069 0.000495332 0.000200563 2.23856e-05 0.0882378 0.0022493 9.84658 0.48705 121.988 32.2255 2012.3 217.416 2144.13 234.613 2144.13 234.613 0.523108 0.01468 
300 0.277 786600000 817.668 33.232 -89.1462 1.32028 8536.79 234.694 9.32623e+07 5.25252e+06 0.00124313 0.003544 -0.00510557 0.00347096 0.00990069 0.000494771 0.000200563 2.23378e-05 0.0882378 0.00224766 9.84658 0.487048 121.988 32.1488 2012.3 217.416 2144.13 234.613 2144.13 234.613 0.523108 0.01468 
300 0.277 788400000 817.668 33.232 -89.1462 1.32028 8536.79 234.694 9.32623e+07 5.25252e+06 0.00124313 0.003544 -0.00510557 0.00346707 0.00990069 0.000493639 0.000200563 2.22874e-05 0.0882378 0.00224319 9.84658 0.487048 121.988 32.0732 2012.3 217.416 2144.13 234.613 2144.13 234.613 0.523108 0.01468 
300 0.277 790200000 817.668 33.232 -89.1462 1.32028 8536.79 234.694 9.32623e+07 5.25252e+06 0.00124313 0.003544 -0.00510557 0.00346024 0.00990069 0.000492554 0.000200563 2.22378e-05 0.0882378 0.00224319 9.84658 0.484913 121.988 31.9972 2012.3 217.416 2144.13 234.613 2144.13 234.613 0.523108 0.014908 
300 0.277 792000000 817.668 33.232 -89.1462 1.32028 8536.79 234.694 9.32623e+07 5.25252e+06 0.00124313 0.003544 -0.00510557 0.00346544 0.00990069 0.000491593 0.000200563 2.21853e-05 0.0882378 0.00224319 9.84658 0.484913 121.988 31.9221 2012.3 217.416 2144.13 234.613 2144.13 234.613 0.523108 0.014908 
300 0.277 793800000 817.668 33.232 -89.1462 1.32028 8536.79 234.694 9.32623e+07 5.25252e+06 0.00124313 0.003544 -0.00510557 0.00345772 0.00990069 0.000490611 0.000200563 2.2133e-05 0.0882378 0.00224319 9.84658 0.483277 121.988 31.8473 2012.3 217.416 2144.13 234.613 2144.13 234.613 0.523108 0.014908 
300 0.277 795600000 817.668 33.232 -89.1462 1.32028 8536.79 234.694 9.32623e+07 5.25252e+06 0.00124313 0.003544 -0.00510557 0.00344975 0.00990069 0.000492683 0.000200563 2.21924e-05 0.0882378 0.00224319 9.84658 0.483277 121.988 32.0724 2012.3 217.416 2144.13 234.613 2144.13 234.613 0.523108 0.014908 
300 0.277 797400000 817.668 33.232 -89.1462 1.32028 8536.79 234.694 9.32623e+07 5.25252e+06 0.00124313 0.003544 -0.00510557 0.00344512 0.00990069 0.000491569 0.000200563 2.21429e-05 0.0882378 0.00224319 9.84658 0.481035 121.988 31.9977 2012.3 217.416 2144.13 234.613 2144.13 234.613 0.523108 0.015022 
300 0.277 799200000 817.668 33.232 -89.1462 1.32028 8536.79 234.694 9.32623e+07 5.25252e+06 0.00124313 0.003544 -0.00510557 0.00343702 0.00990069 0.000490442 0.000200563 2.20934e-05 0.0882378 0.00224319 9.84658 0.481035 121.988 31.9234 2012.3 217.416 2144.13 234.613 2144.13 234.613 0.523108 0.015022 
300 0.277 801000000 817.668 33.232 -89.1462 1.32028 8536.79 234.694 9.32623e+07 5.25252e+06 0.00124313 0.003544 -0.00510557 0.00342902 0.00990069 0.000489812 0.000200563 2.20466e-05 0.0882378 0.00224319 9.84658 0.479112 121.988 31.8494 2012.3 217.416 2144.13 234.613 2144.13 234.613 0.523108 0.015022 
300 0.277 802800000 817.668 33.232 -89.1462 1.32028 8536.79 234.694 9.32623e+07 5.25252e+06 0.00124313 0.003544 -0.00510557 0.00343068 0.00990069 0.00048872 0.000200563 2.19951e-05 0.0882378 0.00224319 9.84658 0.479112 121.988 31.7758 2012.3 217.416 2144.13 234.613 2144.13 234.613 0.523108 0.015022 
300 0.277 804600000 817.668 33.232 -89.1462 1.32028 8536.79 234.694 9.32623e+07 5.25252e+06 0.00124313 0.003544 -0.00510557 0.00342468 0.00990069 0.000487846 0.000200563 2.19483e-05 0.0882378 0.00224319 9.84658 0.47709 121.988 31.7022 2012.3 217.416 2144.13 234.613 2144.13 234.613 0.523108 0.015022 
300 0.277 806400000 817.668 33.232 -89.1462 1.32028 8536.79 234.694 9.32623e+07 5.25252e+06 0.00124313 0.003544 -0.00510557 0.00342019 0.00990069 0.000486803 0.000200563 2.19005e-05 0.0882378 0.00224319 9.84658 0.47709 121.988 31.6292 2012.3 217.416 2144.13 234.613 2144.13 234.613 0.523108 0.015022 
300 0.277 808200000 817.668 33.232 -89.1462 1.32028 8536.79 234.694 9.32623e+07 5.25252e+06 0.00124313 0.003544 -0.00510557 0.00344099 0.00990069 0.000491612 0.000200563 2.21738e-05 0.0882378 0.00224319 9.84658 0.474903 121.988 31.5564 2012.3 217.416 2144.13 234.613 2144.13 234.613 0.523108 0.015022 
300 0.277 810000000 817.668 33.232 -89.1462 1.32028 8536.79 234.694 9.32623e+07 5.25252e+06 0.00124313 0.003544 -0.00510557 0.00343534 0.00990069 0.000490674 0.000200563 2.21266e-05 0.0882378 0.00224319 9.84658 0.474903 121.988 31.4843 2012.3 217.416 2144.13 234.613 2144.13 234.613 0.523108 0.015022 
300 0.277 811800000 817.668 33.232 -89.1462 1.32028 8536.79 234.694 9.32623e+07 5.25252e+06 0.00124313 0.00349451 -0.00510557 0.00343401 0.00990069 0.000489616 0.000200563 2.20754e-05 0.0882378 0.00224319 9.84658 0.472916 121.988 31.4124 2012.3 217.416 2144.13 234.613 2144.13 234.613 0.523108 0.0147501 
300 0.277 813600000 817.668 33.232 -89.1462 1.32028 8536.79 234.694 9.32623e+07 5.25252e+06 0.00124313 0.00349451 -0.00510557 0.00342732 0.00990069 0.000488831 0.000200563 2.20293e-05 0.0882378 0.00224319 9.84658 0.472916 121.988 31.3404 2012.3 217.416 2144.13 234.613 2144.13 234.613 0.523108 0.0147501 
300 0.277 815400000 817.668 33.232 -89.1462 1.32028 8536.79 234.694 9.32623e+07 5.25252e+06 0.00124313 0.00349451 -0.00510557 0.003429 0.00990069 0.000487793 0.000200563 2.19785e-05 0.0882378 0.00224319 9.84658 0.470807 121.988 31.269 2012.3 217.416 2144.13 234.613 2144.13 234.613 0.523108 0.0147501 
300 0.277 817200000 817.668 33.232 -89.1462 1.32028 8536.79 234.694 9.32623e+07 5.25252e+06 0.00124313 0.00349451 -0.00510557 0.00342298 0.00990069 0.000486782 0.000200563 2.19316e-05 0.0882378 0.00224319 9.84658 0.474228 121.988 32.0807 2012.3 217.416 2144.13 234.613 2144.13 234.613 0.523108 0.0147501 
300 0.277 819000000 817.668 33.232 -89.1462 1.32028 8536.79 234.694 9.32623e+07 5.25252e+06 0.00124313 0.00349451 -0.00510557 0.00342168 0.00990069 0.000485919 0.000200563 2.18821e-05 0.0882378 0.00224319 9.84658 0.473272 121.988 32.0079 2012.3 217.416 2144.13 234.613 2144.13 234.613 0.523108 0.0147501 
300 0.277 820800000 817.668 33.232 -89.1462 1.32028 8536.79 234.694 9.32623e+07 5.25252e+06 0.00124313 0.00349451 -0.00510557 0.00341639 0.00990069 0.000484808 0.000200563 2.18335e-05 0.0882378 0.00224319 9.84658 0.472767 121.988 31.9349 2012.3 217.416 2144.13 234.613 2144.13 234.613 0.523108 0.0147501 
300 0.277 822600000 817.668 33.232 -89.1462 1.32028 8536.79 234.694 9.32623e+07 5.25252e+06 0.00124313 0.00349451 -0.00510557 0.00340863 0.00990069 0.000483749 0.000200563 2.17865e-05 0.0882378 0.00224319 9.84658 0.472446 121.988 31.8629 2012.3 217.416 2144.13 234.613 2144.13 234.613 0.523108 0.0147501 
300 0.277 824400000 817.668 33.232 -89.1462 1.32028 8536.79 234.694 9.32623e+07 5.25252e+06 0.00124313 0.00349451 -0.00510557 0.00340153 0.00990069 0.00048283 0.000200563 2.17409e-05 0.0882378 0.00224319 9.84658 0.473205 121.988 32.1839 2012.3 217.416 2144.13 234.613 2144.13 234.613 0.523108 0.0147501 
300 0.277 826200000 817.668 33.232 -89.1462 1.32028 8536.79 234.694 9.32623e+07 5.25252e+06 0.00124313 0.00349451 -0.00510557 0.00339548 0.00990069 0.000481798 0.000200563 2.16945e-05 0.0882378 0.00224319 9.84658 0.474048 121.988 32.1118 2012.3 217.416 2144.13 234.613 2144.13 234.613 0.523108 0.0145136 
300 0.277 828000000 817.668 33.232 -89.1462 1.32028 8536.79 234.694 9.32623e+07 5.25252e+06 0.00124313 0.00349451 -0.00510557 0.00338817 0.00990069 0.000480738 0.000200563 2.16479e-05 0.0882378 0.00224319 9.84658 0.474048 121.988 32.0402 2012.3 217.416 2144.13 234.613 2144.13 234.613 0.523108 0.0145136 
300 0.277 829800000 817.668 33.232 -89.1462 1.32028 8536.79 234.694 9.32623e+07 5.25252e+06 0.00124313 0.00349451 -0.00510557 0.00338071 0.00990069 0.000479772 0.000200563 2.15989e-05 0.0882378 0.00224319 9.84658 0.474048 121.988 31.9687 2012.3 217.416 2144.13 234.613 2144.13 234.613 0.523108 0.0145136 
300 0.277 831600000 817.668 33.232 -89.1462 1.32028 8536.79 234.694 9.32623e+07 5.25252e+06 0.00124313 0.00349451 -0.00510557 0.00337407 0.00990069 0.0004791 0.000200563 2.15549e-05 0.0882378 0.00224319 9.84658 0.474048 121.988 31.8976 2012.3 217.416 2144.13 234.613 2144.13 234.613 0.523108 0.0145136 
300 0.277 833400000 817.668 33.232 -89.1462 1.32028 8536.79 234.694 9.32623e+07 5.25252e+06 0.00124313 0.00349451 -0.00510557 0.00336782 0.00990069 0.000478273 0.000200563 2.15106e-05 0.0882378 0.00224319 9.84658 0.469778 121.988 31.8269 2012.3 217.416 2144.13 234.613 2144.13 234.613 0.523108 0.0145136 
300 0.277 835200000 817.668 33.232 -89.1462 1.32028 8536.79 234.694 9.32623e+07 5.25252e+06 0.00124313 0.00349451 -0.00510557 0.00336083 0.00990069 0.00047761 0.000200563 2.14669e-05 0.0882378 0.00224319 9.84658 0.469778 121.988 31.7563 2012.3 217.416 2144.13 234.613 2144.13 234.613 0.523108 0.0145136 
300 0.277 837000000 817.668 33.232 -89.1462 1.32028 8536.79 234.694 9.32623e+07 5.25252e+06 0.00124313 0.00349451 -0.00510557 0.00335397 0.00990069 0.000476809 0.000200563 2.14231e-05 0.0882378 0.00224319 9.84658 0.469778 121.988 31.6861 2012.3 217.416 2144.13 234.613 2144.13 234.613 0.523108 0.0145136 
300 0.277 838800000 817.668 33.232 -89.1462 1.32028 8536.79 234.694 9.32623e+07 5.25252e+06 0.00124313 0.00349451 -0.00510557 0.00334647 0.00990069 0.000476109 0.000200563 2.14207e-05 0.0882378 0.00224319 9.84658 0.469778 121.988 31.6163 2012.3 217.416 2144.13 234.613 2144.13 234.613 0.523108 0.0145136 
300 0.277 840600000 851.915 42.0249 -88.9973 1.14119 8503.96 211.253 9.23105e+07 4.88423e+06 0.000699689 0.00337677 -0.00476201 0.00333959 0.00988524 0.000475048 0.000198818 2.13335e-05 0.088315 0.00215768 9.99637 0.465735 132.141 31.5467 2025.5 202.287 2167.64 219.03 2167.64 219.03 0.528465 0.0144209 
300 0.277 842400000 851.915 42.0249 -88.9973 1.14089 8503.96 210.887 9.23105e+07 4.87416e+06 0.000699689 0.00337677 -0.00476201 0.00333374 0.00988524 0.000474232 0.000198818 2.12901e-05 0.088315 0.00215412 9.99637 0.465735 132.141 31.4765 2025.5 202.287 2167.64 219.03 2167.64 219.03 0.528465 0.0144209 
300 0.277 844200000 851.915 42.0249 -88.9973 1.14089 8503.96 210.462 9.23105e+07 4.86347e+06 0.000699689 0.00337677 -0.00476201 0.00334793 0.00988524 0.000475488 0.000198818 2.13097e-05 0.088315 0.00215813 9.99637 0.465735 132.141 31.4078 2025.5 202.287 2167.64 219.03 2167.64 219.03 0.528465 0.0144209 
300 0.277 846000000 851.915 42.0249 -88.9973 1.14089 8503.96 210.005 9.23105e+07 4.85327e+06 0.000699689 0.00337677 -0.00476201 0.00336095 0.00988524 0.000475838 0.000198818 2.1291e-05 0.088315 0.00215958 9.99637 0.465735 132.141 31.3388 2025.5 202.287 2167.64 219.03 2167.64 219.03 0.528465 0.0144209 
300 0.277 847800000 851.915 42.0249 -88.9973 1.14089 8503.96 209.633 9.23105e+07 4.8432e+06 0.000699689 0.00337677 -0.00476201 0.00335988 0.00988524 0.000474904 0.000198818 2.12439e-05 0.088315 0.00215603 9.99637 0.461819 132.141 31.2703 2025.5 202.287 2167.64 219.03 2167.64 219.03 0.528465 0.0144209 
300 0.277 849600000 851.915 42.0249 -88.9973 1.14089 8503.96 209.198 9.23105e+07 4.83346e+06 0.000699689 0.00337677 -0.00476201 0.00335871 0.00988524 0.000473874 0.000198818 2.11974e-05 0.088315 0.00215174 9.99637 0.461819 132.141 31.2017 2025.5 202.287 2167.64 219.03 2167.64 219.03 0.528465 0.0144209 
300 0.277 851400000 851.915 42.0249 -88.9973 1.14089 8503.96 208.778 9.23105e+07 4.82399e+06 0.000699689 0.00337677 -0.00476201 0.00335133 0.00988524 0.000473148 0.000198818 2.11552e-05 0.088315 0.00214909 9.99637 0.461819 132.141 31.1338 2025.5 202.287 2167.64 219.03 2167.64 219.03 0.528465 0.0144209 
300 0.277 853200000 851.915 42.0249 -88.9973 1.14089 8503.96 208.479 9.23105e+07 4.81578e+06 0.000699689 0.00337677 -0.00476201 0.00334981 0.00988524 0.000472186 0.000198818 2.11087e-05 0.088315 0.00214654 9.99637 0.461819 132.141 31.0664 2025.5 202.287 2167.64 219.03 2167.64 219.03 0.528465 0.0144209 
300 0.277 855000000 851.915 42.0249 -88.9973 1.14089 8503.96 208.168 9.23105e+07 4.80751e+06 0.000699689 0.00337677 -0.00476201 0.00334254 0.00988524 0.000471642 0.000198818 2.1067e-05 0.088315 0.00214725 9.99637 0.457769 132.141 30.9994 2025.5 202.287 2167.64 219.03 2167.64 219.03 0.528465 0.0142105 
300 0.277 856800000 851.915 42.0249 -88.9973 1.14089 8503.96 207.725 9.23105e+07 4.79764e+06 0.000699689 0.00337677 -0.00476201 0.00333524 0.00988524 0.000470773 0.000198818 2.10246e-05 0.088315 0.00214315 9.99637 0.457769 132.141 30.9325 2025.5 202.287 2167.64 219.03 2167.64 219.03 0.528465 0.0142105 
300 0.277 858600000 851.915 42.0249 -88.9973 1.14089 8503.96 207.69 9.23105e+07 4.79082e+06 0.000699689 0.00337677 -0.00476201 0.00332865 0.00988524 0.000470095 0.000198818 2.09832e-05 0.088315 0.00214107 9.99637 0.457769 132.141 30.8659 2025.5 202.287 2167.64 219.03 2167.64 219.03 0.528465 0.0142105 
300 0.277 860400000 851.915 42.0249 -88.9973 1.14089 8503.96 207.709 9.23105e+07 4.78418e+06 0.000699689 0.00337677 -0.00476201 0.00332197 0.00988524 0.000469114 0.000198818 2.094e-05 0.088315 0.00213643 9.99637 0.457769 132.141 30.7994 2025.5 202.287 2167.64 219.03 2167.64 219.03 0.528465 0.0142105 
300 0.277 862200000 851.915 42.0249 -88.9973 1.14089 8503.96 207.32 9.23105e+07 4.77521e+06 0.000699689 0.00337677 -0.00476201 0.00331931 0.00988524 0.000468112 0.000198818 2.08965e-05 0.088315 0.00213178 9.99637 0.453831 132.141 30.7333 2025.5 202.287 2167.64 219.03 2167.64 219.03 0.528465 0.0142105 
300 0.277 864000000 851.915 42.0249 -88.9973 1.14089 8503.96 206.87 9.23105e+07 4.76508e+06 0.000699689 0.00337677 -0.00476201 0.00331618 0.00988524 0.0004671 0.000198818 2.08527e-05 0.088315 0.00212721 9.99637 0.458269 132.141 31.9053 2025.5 202.287 2167.64 219.03 2167.64 219.03 0.528465 0.0142105 
300 0.277 865800000 851.915 42.0249 -88.9973 1.14089 8503.96 206.441 9.23105e+07 4.75477e+06 0.000699689 0.00337677 -0.00476201 0.00330923 0.00988524 0.000466453 0.000198818 2.08119e-05 0.088315 0.00212549 9.99637 0.45731 132.141 33.4005 2025.5 202.287 2167.64 219.03 2167.64 219.03 0.528465 0.0142105 
300 0.277 867600000 851.915 42.0249 -88.9973 1.14089 8503.96 206.291 9.23105e+07 4.74877e+06 0.000699689 0.00337677 -0.00476201 0.00333289 0.00988524 0.000470505 0.000198818 2.10335e-05 0.088315 0.00213565 9.99637 0.456487 132.141 33.4005 2025.5 202.287 2167.64 219.03 2167.64 219.03 0.528465 0.0142105 
300 0.277 869400000 851.915 42.0249 -88.9973 1.14089 8503.96 208.449 9.23105e+07 4.846e+06 0.000699689 0.00326089 -0.00476201 0.00332914 0.00988524 0.000469574 0.000198818 2.09912e-05 0.088315 0.00213121 9.99637 0.455571 132.141 33.2603 2025.5 202.287 2167.64 219.03 2167.64 219.03 0.528465 0.0139691 
300 0.277 871200000 851.915 42.0249 -88.9973 1.14089 8503.96 208.002 9.23105e+07 4.83592e+06 0.000699689 0.00326089 -0.00476201 0.00332658 0.00988524 0.00046865 0.000198818 2.09461e-05 0.088315 0.00212762 9.99637 0.454862 132.141 33.2603 2025.5 202.287 2167.64 219.03 2167.64 219.03 0.528465 0.0139691 
300 0.277 873000000 851.915 42.0249 -88.9973 1.14089 8503.96 207.853 9.23105e+07 4.8287e+06 0.000699689 0.00326089 -0.00476201 0.00331947 0.00988524 0.000468001 0.000198818 2.09055e-05 0.088315 0.00212585 9.99637 0.453804 132.141 33.1224 2025.5 202.287 2167.64 219.03 2167.64 219.03 0.528465 0.0139691 
300 0.277 874800000 851.915 42.0249 -88.9973 1.14089 8503.96 207.422 9.23105e+07 4.81904e+06 0.000699689 0.00326089 -0.00476201 0.00332003 0.00988524 0.000467004 0.000198818 2.08614e-05 0.088315 0.00212159 9.99637 0.45322 132.141 33.1224 2025.5 202.287 2167.64 219.03 2167.64 219.03 0.528465 0.0139691 
300 0.277 876600000 851.915 42.0249 -88.9973 1.14089 8503.96 207.417 9.23105e+07 4.81236e+06 0.000699689 0.00326089 -0.00476201 0.00331417 0.00988524 0.000466078 0.000198818 2.08198e-05 0.088315 0.00211717 9.99637 0.451906 132.141 32.9851 2025.5 202.287 2167.64 219.03 2167.64 219.03 0.528465 0.0139691 
300 0.277 878400000 851.915 42.0249 -88.9973 1.14089 8503.96 207.34 9.23105e+07 4.8055e+06 0.000699689 0.00326089 -0.00476201 0.00332134 0.00988524 0.000465891 0.000198818 2.07865e-05 0.088315 0.00211684 9.99637 0.451365 132.141 32.9851 2025.5 202.287 2167.64 219.03 2167.64 219.03 0.528465 0.0139691 
300 0.277 880200000 851.915 42.0249 -88.9973 1.14089 8503.96 207.341 9.23105e+07 4.79887e+06 0.000699689 0.00326089 -0.00476201 0.00331457 0.00988524 0.000465313 0.000198818 2.07466e-05 0.088315 0.00211641 9.99637 0.450067 132.141 32.8487 2025.5 202.287 2167.64 219.03 2167.64 219.03 0.528465 0.0139691 
300 0.277 882000000 851.915 42.0249 -88.9973 1.14089 8503.96 207.03 9.23105e+07 4.79077e+06 0.000699689 0.00326089 -0.00476201 0.00330814 0.00988524 0.000464606 0.000198818 2.07067e-05 0.088315 0.00211365 9.99637 0.449894 132.141 32.8487 2025.5 202.287 2167.64 219.03 2167.64 219.03 0.528465 0.0139691 
300 0.277 883800000 851.915 42.0249 -88.9973 1.14089 8503.96 206.697 9.23105e+07 4.78248e+06 0.000699689 0.00326089 -0.00476201 0.00330394 0.00988524 0.000463701 0.000198818 2.06658e-05 0.088315 0.00210932 9.99637 0.448268 132.141 32.7126 2025.5 202.287 2167.64 219.03 2167.64 219.03 0.528465 0.0137512 
300 0.277 885600000 851.915 42.0249 -88.9973 1.14089 8503.96 206.679 9.23105e+07 4.77953e+06 0.000699689 0.00326089 -0.00476201 0.00330393 0.00988524 0.000462997 0.000198818 2.06234e-05 0.088315 0.0021069 9.99637 0.447858 132.141 32.7126 2025.5 202.287 2167.64 219.03 2167.64 219.03 0.528465 0.0137512 
300 0.277 887400000 851.915 42.0249 -88.9973 1.14089 8503.96 206.572 9.23105e+07 4.77267e+06 0.000699689 0.00326089 -0.00476201 0.00329743 0.00988524 0.000462395 0.000198818 2.05841e-05 0.088315 0.00210571 9.99637 0.446637 132.141 32.5788 2025.5 202.287 2167.64 219.03 2167.64 219.03 0.528465 0.0137512 
300 0.277 889200000 851.915 42.0249 -88.9973 1.14089 8503.96 206.271 9.23105e+07 4.76388e+06 0.000699689 0.00326089 -0.00476201 0.00332462 0.00988524 0.000468954 0.000198818 2.1089e-05 0.088315 0.00212026 9.99637 0.446478 132.141 32.5788 2025.5 202.287 2167.64 219.03 2167.64 219.03 0.528465 0.0137512 
300 0.277 891000000 851.915 42.0249 -88.9973 1.14089 8503.96 205.899 9.23105e+07 4.75526e+06 0.000699689 0.00326089 -0.00476201 0.00331819 0.00988524 0.00046811 0.000198818 2.10482e-05 0.088315 0.00211629 9.99637 0.445167 132.141 32.443 2025.5 202.287 2167.64 219.03 2167.64 219.03 0.528465 0.0137512 
300 0.277 892800000 851.915 42.0249 -88.9973 1.14089 8503.96 206.342 9.23105e+07 4.76661e+06 0.000699689 0.00326089 -0.00476201 0.00331131 0.00988524 0.000467415 0.000198818 2.10082e-05 0.088315 0.00211368 9.99637 0.44468 132.141 32.443 2025.5 202.287 2167.64 219.03 2167.64 219.03 0.528465 0.0137512 
