L J MC_steps R2 R2_std E E_std E2 E2_std E4 E4_std Sin1 Sin1_std Cos1 Cos1_std Mag2 Mag2_std Mag4 Mag4_std Mag1 Mag1_std eig1 eig1_std eig2 eig2_std eig3 eig3_std R_g_2_trace R_g_2_trace_std R_g_2_direct R_g_2_direct_std asphericity asphericity_std
300 0.278 36000000 181 0 -118.479 0 14037.2 0 1.97043e+08 0 -0.00155783 0 0.0156605 0 0.000247677 0 6.13439e-08 0 0.0157378 0 17.2242 0 26.9428 0 62.114 0 106.281 0 106.281 0 0.148135 0 
300 0.278 37800000 519 239.002 -119.801 0.935021 14354 224.033 2.06139e+08 6.43155e+06 -0.0278774 0.0186107 -0.0656954 0.0575273 0.0124045 0.0085962 0.000301662 0.000213264 0.0862293 0.049845 12.8577 3.08757 26.1447 0.564358 98.9211 26.0266 137.924 22.3747 137.924 22.3747 0.32324 0.123818 
300 0.278 39600000 389 191.453 -101.092 15.289 10920.8 2807.24 1.42905e+08 5.18081e+07 -0.0117365 0.0181003 -0.0104473 0.0592093 0.011747 0.00575589 0.000237383 0.000151554 0.0915317 0.0335109 10.7374 2.68962 22.6543 2.87461 2223.75 1735 2257.14 1730.4 2257.14 1730.4 0.545423 0.199308 
300 0.278 41400000 641 261.239 -100.211 11.4921 10570.4 2127.18 1.29833e+08 4.04715e+07 -0.00262999 0.0156998 -0.00522645 0.0446366 0.00898986 0.00493326 0.000178166 0.000124699 0.07535 0.0287761 11.8891 2.2503 33.9963 10.0563 4717.82 2521.62 4763.71 2529.12 4763.71 2529.12 0.654006 0.1766 
300 0.278 43200000 731 223.959 -91.0752 12.2998 9051.13 2177.73 1.05636e+08 3.89449e+07 -0.0146064 0.0165075 -0.00873475 0.0358469 0.00807712 0.00403016 0.000146451 0.000103714 0.0735858 0.0230749 14.761 3.13677 39.1015 9.25056 5048.61 2038.87 5102.47 2045.86 5102.47 2045.86 0.715319 0.15155 
300 0.278 45000000 663.333 196.589 -87.7293 10.6953 8382.76 1914.6 9.22648e+07 3.46735e+07 0.00515562 0.0226867 -0.0122074 0.0300401 0.00867816 0.00340299 0.000144792 8.64413e-05 0.0793364 0.0199327 13.3764 2.90352 35.4152 8.41127 4217.28 1860.84 4266.07 1868.04 4266.07 1868.04 0.654483 0.137963 
300 0.278 46800000 654.714 168.694 -87.8159 9.16776 8299.97 1642.87 8.77828e+07 3.00084e+07 -0.0106055 0.0243117 -0.0120025 0.0257494 0.00903517 0.00293552 0.000141955 7.41391e-05 0.0831059 0.017438 12.95 2.51985 35.2825 7.21071 3625.44 1686.5 3673.67 1692.51 3673.67 1692.51 0.592465 0.131456 
300 0.278 48600000 717 158.69 -88.8795 8.08324 8422.27 1442.06 8.75709e+07 2.62581e+07 -0.00860546 0.0213549 -0.00759854 0.0229042 0.00797686 0.00275275 0.000124251 6.69521e-05 0.0756986 0.0167578 11.9529 2.39402 33.4018 6.55004 3186.61 1531.72 3231.97 1537.5 3231.97 1537.5 0.586127 0.115177 
300 0.278 50400000 713.889 141.088 -87.184 7.36076 8088.68 1319.85 8.11048e+07 2.41236e+07 -0.0143036 0.0197277 -0.0195206 0.023256 0.00895588 0.00261519 0.000141761 6.17602e-05 0.0816841 0.0159289 11.4895 2.17241 31.7122 6.03626 2848.89 1398.26 2892.1 1403.73 2892.1 1403.73 0.588027 0.102395 
300 0.278 52200000 717 127.013 -86.2708 8.61219 7889.03 1588.11 7.67058e+07 3.01588e+07 -0.011172 0.0180018 -0.0294665 0.0264003 0.00950485 0.0024106 0.000148452 5.59455e-05 0.0855347 0.0147941 10.9314 2.02559 38.2679 8.25793 3168.09 1508.98 3217.29 1511.53 3217.29 1511.53 0.624266 0.110268 
300 0.278 54000000 706.818 115.874 -85.0148 8.61219 7649.09 1588.11 7.22379e+07 3.01588e+07 -0.0126747 0.0164279 -0.0168267 0.0264003 0.00980198 0.00220969 0.000149789 5.08755e-05 0.0880333 0.0136586 10.8407 1.84348 36.2935 7.73965 2886.69 1508.98 2933.82 1511.53 2933.82 1511.53 0.600492 0.110268 
300 0.278 55800000 710.333 106.271 -85.5278 7.20881 7704.33 1334.12 7.19755e+07 2.55006e+07 -0.0138086 0.0150979 -0.0210457 0.0233046 0.00942188 0.00205798 0.000139595 4.76461e-05 0.0867299 0.0125824 10.3991 1.74193 36.725 7.1067 3265.77 1260.65 3312.9 1262.63 3312.9 1262.63 0.632222 0.0921766 
300 0.278 57600000 820.385 144.231 -82.7741 7.20881 7301.93 1334.12 6.69094e+07 2.55006e+07 -0.0113383 0.0141372 -0.0226435 0.0233046 0.00885741 0.00197557 0.000129191 4.51027e-05 0.0835698 0.0120048 10.0162 1.64949 44.4645 9.91592 3607.5 1260.65 3661.99 1262.63 3661.99 1262.63 0.65639 0.0921766 
300 0.278 59400000 863.286 146.47 -80.0139 8.01498 6919.47 1354.87 6.24011e+07 2.35867e+07 -0.0125817 0.013182 -0.0213717 0.0199777 0.00828544 0.00191547 0.000120015 4.28044e-05 0.0796827 0.0117598 10.0973 1.53366 45.3428 9.24646 4106.92 1331.93 4162.36 1337.83 4162.36 1337.83 0.679577 0.0903575 
300 0.278 61200000 845.8 146.47 -80.4367 8.01498 6955.33 1354.87 6.19485e+07 2.35867e+07 -0.00788598 0.0131129 -0.023473 0.0199777 0.00814271 0.00179308 0.000114531 4.03005e-05 0.0795964 0.0109761 9.74544 1.47122 43.2569 8.86219 3837.98 1331.93 3890.98 1337.83 3890.98 1337.83 0.666611 0.0903575 
300 0.278 63000000 862.5 128.163 -83.1557 7.60402 7480.72 1296.56 7.28255e+07 2.2826e+07 -0.00988565 0.0124449 -0.024626 0.0177435 0.00784303 0.00170588 0.000108073 3.82956e-05 0.0782379 0.0103738 9.59626 1.38681 181.133 133.756 4007.62 1169.14 4198.35 1171.08 4198.35 1171.08 0.651679 0.0832581 
300 0.278 64800000 932.765 135.736 -82.7923 7.60402 7389.24 1296.56 7.06071e+07 2.2826e+07 -0.00877449 0.0117623 -0.0263875 0.0177435 0.00756162 0.00162858 0.000102267 3.64805e-05 0.0768891 0.00985091 9.35141 1.32667 171.233 127.256 3784.7 1169.14 3965.28 1171.08 3965.28 1171.08 0.659352 0.0832581 
300 0.278 66600000 901.444 131.759 -81.3321 6.97439 7156.12 1192.44 6.72509e+07 2.09594e+07 -0.0095057 0.0111316 -0.0205569 0.0162751 0.00751117 0.00153888 9.90444e-05 3.45958e-05 0.0771491 0.00930707 9.53121 1.26509 163.275 119.49 3580.91 1114.39 3753.71 1122.2 3753.71 1122.2 0.643953 0.0743648 
300 0.278 68400000 906.684 124.929 -81.623 6.97439 7176.57 1192.44 6.67073e+07 2.09594e+07 -0.00645629 0.0109554 -0.0136715 0.016812 0.00787922 0.00150126 0.000104904 3.32675e-05 0.0794272 0.00909176 9.38178 1.2073 157.44 114.363 4015.02 1114.39 4181.85 1122.2 4181.85 1122.2 0.661911 0.0743648 
300 0.278 70200000 912.8 118.832 -80.7219 6.30359 7019.99 1080.94 6.419e+07 1.90857e+07 -0.0064188 0.0104077 -0.0197629 0.0170392 0.00840489 0.00151544 0.000116573 3.3753e-05 0.0822368 0.00906091 9.81287 1.22148 151.286 107.843 3820.59 1028.4 3981.69 1032.88 3981.69 1032.88 0.644838 0.0669336 
300 0.278 72000000 912.8 121.449 -80.7219 6.30359 7019.99 1080.94 6.419e+07 1.90857e+07 -0.0064188 0.00991212 -0.0197629 0.0162286 0.00840489 0.00148905 0.000116573 3.3753e-05 0.0822368 0.00904392 9.81287 1.17328 151.286 103.562 3820.59 1028.4 3981.69 1032.88 3981.69 1032.88 0.644838 0.0669336 
300 0.278 73800000 930.273 119.041 -79.5855 5.83206 6819.65 1001.06 6.07372e+07 1.76602e+07 -0.0100755 0.0101181 -0.0156007 0.0160571 0.00826941 0.00143957 0.000113975 3.11e-05 0.0810843 0.00877689 9.59264 1.12168 139.648 103.562 3979.31 965.81 4128.55 986.229 4128.55 986.229 0.649784 0.0630838 
300 0.278 75600000 930.273 116.666 -79.5855 5.83206 6819.65 1001.06 6.07372e+07 1.76602e+07 -0.0100755 0.00968497 -0.0156007 0.0168138 0.00826941 0.0014813 0.000113975 3.29222e-05 0.0810843 0.00882815 9.59264 1.07342 139.648 103.562 3979.31 947.08 4128.55 958.798 4128.55 958.798 0.649784 0.0621994 
300 0.278 77400000 904.167 112.14 -80.2453 5.38324 6898.23 920.722 6.0968e+07 1.619e+07 -0.00440873 0.0106308 -0.00600352 0.0163133 0.00915478 0.00150743 0.000134635 3.44611e-05 0.0857621 0.0086594 9.48348 1.03816 130.753 90.3611 3654.73 922.1 3794.96 931.827 3794.96 931.827 0.620012 0.0627883 
300 0.278 79200000 904.167 111.423 -80.2453 5.38324 6898.23 920.722 6.0968e+07 1.619e+07 -0.00440873 0.0105653 -0.00600352 0.0156928 0.00915478 0.00150743 0.000134635 3.44611e-05 0.0857621 0.00838356 9.48348 0.997832 130.753 88.3135 3654.73 922.1 3794.96 927.007 3794.96 927.007 0.620012 0.0627883 
300 0.278 81000000 884.462 107.552 -83.0605 5.65759 7422.15 987.774 7.09735e+07 1.77694e+07 -0.00869234 0.010264 -0.00477803 0.0150854 0.0087543 0.00144369 0.000125731 3.29403e-05 0.0838612 0.0081373 9.76444 1.01283 125.324 88.3135 3452.36 873.094 3587.45 878.619 3587.45 878.619 0.610755 0.0599681 
300 0.278 82800000 884.462 104.094 -83.0605 5.65759 7422.15 987.774 7.09735e+07 1.77694e+07 -0.00869234 0.00988486 -0.00477803 0.0150707 0.0087543 0.00144369 0.000125731 3.29403e-05 0.0838612 0.00797289 9.76444 0.996702 125.324 88.3135 3452.36 873.094 3587.45 878.619 3587.45 878.619 0.610755 0.0586369 
300 0.278 84600000 845.357 104.194 -83.709 5.29051 7621.88 937.194 7.75553e+07 1.93775e+07 -0.00673466 0.00969713 -0.0151151 0.0167734 0.00987419 0.00172096 0.000168258 5.11365e-05 0.0887246 0.00874508 9.54716 0.961138 117.244 77.7415 3209.5 843.83 3336.29 851 3336.29 851 0.589897 0.0586641 
300 0.278 86400000 845.357 101.14 -83.709 5.29051 7621.88 937.194 7.75553e+07 1.93775e+07 -0.00673466 0.0102348 -0.0151151 0.0167734 0.00987419 0.00198493 0.000168258 8.37571e-05 0.0887246 0.00924679 9.54716 0.929216 117.244 76.7236 3209.5 843.83 3336.29 851 3336.29 851 0.589897 0.0580398 
300 0.278 88200000 887.533 102.577 -84.0773 4.95061 7671.14 899.043 7.78911e+07 1.93775e+07 -0.00934201 0.010018 -0.00737365 0.0173499 0.0108543 0.00194143 0.00023089 8.13281e-05 0.0915764 0.00907019 9.53136 0.90046 112.47 76.7236 3088.11 796.258 3210.12 803.567 3210.12 803.567 0.605444 0.0562144 
300 0.278 90000000 887.533 99.7724 -84.0773 4.95061 7671.14 899.043 7.78911e+07 1.93775e+07 -0.00934201 0.0100174 -0.00737365 0.0173499 0.0108543 0.00188001 0.00023089 7.88574e-05 0.0915764 0.00877781 9.53136 0.884706 112.47 76.7236 3088.11 796.258 3210.12 803.567 3210.12 803.567 0.605444 0.0562144 
300 0.278 91800000 870.625 98.8982 -86.2009 5.07627 8065.21 905.566 8.53684e+07 1.84634e+07 -0.00823953 0.00981037 -0.00501637 0.0164249 0.011007 0.00183421 0.000228813 7.64468e-05 0.0929499 0.00860112 9.4155 0.857938 107.186 68.2042 3211.68 756.019 3328.28 766.921 3328.28 766.921 0.617913 0.0540662 
300 0.278 93600000 870.625 101.425 -86.2009 5.07627 8065.21 905.566 8.53684e+07 1.84634e+07 -0.00823953 0.00963781 -0.00501637 0.0164249 0.011007 0.00178799 0.000228813 7.43821e-05 0.0929499 0.00836882 9.4155 0.833063 107.186 67.7892 3211.68 756.019 3328.28 761.983 3328.28 761.983 0.617913 0.0540662 
300 0.278 95400000 933.412 104.384 -86.8465 4.81855 8147.71 889.279 8.56737e+07 1.84634e+07 -0.00568195 0.00940486 -0.00577903 0.0161054 0.0105348 0.00175823 0.00021609 7.2479e-05 0.090502 0.00830346 9.33588 0.817666 102.477 67.7892 3034.03 732.123 3145.84 738.678 3145.84 738.678 0.615741 0.0509295 
300 0.278 97200000 933.412 104.384 -86.8465 4.81855 8147.71 889.279 8.56737e+07 1.84634e+07 -0.00568195 0.00917684 -0.00577903 0.0161054 0.0105348 0.00172976 0.00021609 7.0669e-05 0.090502 0.00825197 9.33588 0.810229 102.477 67.7892 3034.03 732.123 3145.84 738.678 3145.84 738.678 0.615741 0.0509295 
300 0.278 99000000 923.667 100.183 -87.9319 4.67149 8325.41 827.661 8.81389e+07 1.66185e+07 -0.00766304 0.00935608 -0.00708132 0.0146713 0.0103489 0.00168414 0.000209208 6.87097e-05 0.0895048 0.00805853 9.25323 0.791616 100.087 60.7291 3186.94 722.077 3296.28 734.901 3296.28 734.901 0.616272 0.0498591 
300 0.278 100800000 923.667 99.0384 -87.9319 4.67149 8325.41 827.661 8.81389e+07 1.76122e+07 -0.00766304 0.00926772 -0.00708132 0.0146713 0.0103489 0.00164265 0.000209208 6.70111e-05 0.0895048 0.00784705 9.25323 0.774505 100.087 60.6276 3186.94 707.238 3296.28 717.92 3296.28 717.92 0.616272 0.0494456 
300 0.278 102600000 914.158 96.0438 -89.4639 4.67009 8668.94 851.603 9.84382e+07 1.76807e+07 -0.00929711 0.00902472 -0.00586833 0.0144477 0.00996431 0.00162115 0.000199156 6.54635e-05 0.0870164 0.00793471 9.18336 0.754226 96.8794 60.6276 3170.91 691.922 3276.97 703.978 3276.97 703.978 0.617867 0.0488038 
300 0.278 104400000 914.158 94.679 -89.4639 4.67009 8668.94 851.603 9.84382e+07 1.76807e+07 -0.00929711 0.00898262 -0.00586833 0.0144477 0.00996431 0.00158738 0.000199156 6.38312e-05 0.0870164 0.0077391 9.18336 0.743321 96.8794 60.6276 3170.91 675.141 3276.97 686.827 3276.97 686.827 0.617867 0.04831 
300 0.278 106200000 896.1 92.391 -88.1095 4.95915 8458.65 964.299 9.49577e+07 2.02604e+07 -0.00666057 0.00879169 -0.000641371 0.0143667 0.010087 0.00165479 0.000197164 7.24502e-05 0.0882141 0.00759158 9.48797 0.748998 94.0395 54.8657 3128.78 662.823 3232.31 674.328 3232.31 674.328 0.615443 0.0483512 
300 0.278 108000000 896.1 91.2801 -88.1095 4.95915 8458.65 964.299 9.49577e+07 2.02604e+07 -0.00666057 0.00861619 -0.000641371 0.0143667 0.010087 0.00165479 0.000197164 7.24502e-05 0.0882141 0.00753955 9.48797 0.741456 94.0395 54.8657 3128.78 650.805 3232.31 662.187 3232.31 662.187 0.615443 0.0472261 
300 0.278 109800000 896.1 89.1339 -88.1095 4.95915 8458.65 964.299 9.49577e+07 2.02604e+07 -0.00666057 0.00870152 -0.000641371 0.0143667 0.010087 0.00165479 0.000197164 7.24502e-05 0.0882141 0.00753955 9.48797 0.73243 94.0395 54.8657 3128.78 639.146 3232.31 650.324 3232.31 650.324 0.615443 0.046847 
300 0.278 111600000 896.1 89.1339 -88.1095 4.95915 8458.65 964.299 9.49577e+07 2.02604e+07 -0.00666057 0.0085413 -0.000641371 0.0143667 0.010087 0.00165479 0.000197164 7.24502e-05 0.0882141 0.00753955 9.48797 0.720438 94.0395 54.8657 3128.78 624.939 3232.31 635.871 3232.31 635.871 0.615443 0.0463161 
300 0.278 113400000 913 85.8379 -87.6304 4.95915 8382.25 964.299 9.32268e+07 2.02604e+07 -0.00327207 0.00879968 -0.00454452 0.0135805 0.0100081 0.00165479 0.00018954 7.24502e-05 0.0885175 0.00753955 9.08563 0.708019 91.6548 52.5353 3017.92 610.758 3118.66 621.44 3118.66 621.44 0.618855 0.0457702 
300 0.278 115200000 913 85.8379 -87.6304 4.95915 8382.25 964.299 9.32268e+07 2.02604e+07 -0.00327207 0.0087182 -0.00454452 0.0135805 0.0100081 0.00165479 0.00018954 7.24502e-05 0.0885175 0.00753955 9.08563 0.693598 91.6548 52.5353 3017.92 600.642 3118.66 611.167 3118.66 611.167 0.618855 0.045315 
300 0.278 117000000 913 82.6174 -87.6304 4.95915 8382.25 964.299 9.32268e+07 2.02604e+07 -0.00327207 0.00852971 -0.00454452 0.0135805 0.0100081 0.00165479 0.00018954 7.24502e-05 0.0885175 0.00753955 9.08563 0.679324 91.6548 52.5353 3017.92 590.571 3118.66 600.978 3118.66 600.978 0.618855 0.0443635 
300 0.278 118800000 913 83.1727 -87.6304 4.95915 8382.25 964.299 9.32268e+07 2.02604e+07 -0.00327207 0.00918303 -0.00454452 0.0135805 0.0100081 0.00165479 0.00018954 7.74705e-05 0.0885175 0.00753955 9.08563 0.673629 91.6548 52.5353 3017.92 583.503 3118.66 591.173 3118.66 591.173 0.618855 0.0434286 
300 0.278 120600000 929.833 81.4514 -88.2208 4.25456 8489.81 804.085 9.60399e+07 1.69126e+07 -0.00318712 0.0092991 -0.0045015 0.0124489 0.0107665 0.00160592 0.000237868 7.58636e-05 0.091232 0.00713506 9.1142 0.659061 85.6705 46.1261 2778.75 571.451 2873.54 581.616 2873.54 581.616 0.613706 0.0425279 
300 0.278 122400000 929.833 81.1997 -88.2208 4.25456 8489.81 804.085 9.60399e+07 1.69126e+07 -0.00318712 0.00950742 -0.0045015 0.0124489 0.0107665 0.00160592 0.000237868 7.4357e-05 0.091232 0.00713506 9.1142 0.656922 85.6705 46.1261 2778.75 570.241 2873.54 576.09 2873.54 576.09 0.613706 0.0416616 
300 0.278 124200000 929.833 81.8738 -88.2208 4.13388 8489.81 804.085 9.60399e+07 1.69126e+07 -0.00318712 0.00933048 -0.0045015 0.0124489 0.0107665 0.00155052 0.000237868 7.30228e-05 0.091232 0.00699828 9.1142 0.656922 85.6705 46.1261 2778.75 557.506 2873.54 563.602 2873.54 563.602 0.613706 0.0408906 
300 0.278 126000000 929.833 81.8738 -88.2208 4.13388 8489.81 804.085 9.60399e+07 1.69126e+07 -0.00318712 0.00916655 -0.0045015 0.0124489 0.0107665 0.00154186 0.000237868 7.17358e-05 0.091232 0.00695763 9.1142 0.680558 85.6705 46.1261 2778.75 557.506 2873.54 563.598 2873.54 563.598 0.613706 0.0406243 
300 0.278 127800000 943.308 87.5338 -87.0041 4.13388 8247.02 804.085 9.10025e+07 1.69126e+07 -0.000290901 0.00899041 -0.00666018 0.0117106 0.0106931 0.00151209 0.000232738 7.08928e-05 0.0907487 0.00687494 9.21389 0.668497 81.4691 44.441 2665.53 536.091 2756.22 545.534 2756.22 545.534 0.617459 0.0398547 
300 0.278 129600000 943.308 87.5338 -87.0041 4.13388 8247.02 804.085 9.10025e+07 1.69126e+07 -0.000290901 0.0090147 -0.00666018 0.0117106 0.0106931 0.00151209 0.000232738 7.08928e-05 0.0907487 0.00686043 9.21389 0.664347 81.4691 44.441 2665.53 536.091 2756.22 541.959 2756.22 541.959 0.617459 0.0391142 
300 0.278 131400000 943.308 84.3075 -87.0041 4.13388 8247.02 804.085 9.10025e+07 1.69126e+07 -0.000290901 0.00884968 -0.00666018 0.0116769 0.0106931 0.00151209 0.000232738 7.08928e-05 0.0907487 0.00686043 9.21389 0.656922 81.4691 44.441 2665.53 527.636 2756.22 536.625 2756.22 536.625 0.617459 0.0389658 
300 0.278 133200000 943.308 84.3075 -87.0041 4.13388 8247.02 804.085 9.10025e+07 1.69126e+07 -0.000290901 0.00869145 -0.00666018 0.0116769 0.0106931 0.00151209 0.000232738 7.08928e-05 0.0907487 0.00686043 9.21389 0.656922 81.4691 44.441 2665.53 520.225 2756.22 529.094 2756.22 529.094 0.617459 0.0388335 
300 0.278 135000000 961.75 82.951 -86.9868 3.74083 8208.67 736.728 8.92067e+07 1.58168e+07 0.000157129 0.00864798 -0.00529709 0.0110131 0.0103812 0.00142534 0.000221539 6.568e-05 0.0891219 0.00659883 9.11114 0.63071 79.4396 39.7621 2798.68 526.505 2887.23 535.091 2887.23 535.091 0.622733 0.0386346 
300 0.278 136800000 961.75 82.951 -86.9868 3.74083 8208.67 736.728 8.92067e+07 1.58168e+07 0.000157129 0.00855469 -0.00529709 0.0110131 0.0103812 0.00140535 0.000221539 6.46298e-05 0.0891219 0.00650327 9.11114 0.620134 79.4396 39.7621 2798.68 532.303 2887.23 540.566 2887.23 540.566 0.622733 0.0384328 
300 0.278 138600000 961.75 80.1076 -86.9868 3.72296 8208.67 736.728 8.92067e+07 1.58168e+07 0.000157129 0.00849767 -0.00529709 0.0109221 0.0103812 0.00138359 0.000221539 6.35971e-05 0.0891219 0.00639624 9.11114 0.610943 79.4396 39.7621 2798.68 550.041 2887.23 554.208 2887.23 554.208 0.622733 0.0382671 
300 0.278 140400000 961.75 80.1076 -86.9868 3.72296 8208.67 736.728 8.92067e+07 1.58168e+07 0.000157129 0.00841583 -0.00529709 0.0109221 0.0103812 0.0013631 0.000221539 6.26175e-05 0.0891219 0.00629579 9.11114 0.602025 79.4396 39.7621 2798.68 550.041 2887.23 554.208 2887.23 554.208 0.622733 0.0381817 
300 0.278 142200000 949.9 78.0801 -87.8164 3.72296 8333.51 736.728 9.04832e+07 1.58168e+07 0.00156238 0.0082775 -0.00795084 0.0107071 0.0103157 0.00135933 0.00021728 6.26175e-05 0.089131 0.00628667 9.35692 0.607124 78.3292 38.5266 2993.46 535.134 3081.15 539.169 3081.15 539.169 0.632786 0.0377933 
300 0.278 144000000 949.9 78.0801 -87.8164 3.72296 8333.51 736.728 9.04832e+07 1.58168e+07 0.00156238 0.00815062 -0.00795084 0.0107071 0.0103157 0.00134428 0.00021728 6.26175e-05 0.089131 0.00619639 9.35692 0.60157 78.3292 38.5266 2993.46 535.134 3081.15 539.169 3081.15 539.169 0.632786 0.0372042 
300 0.278 145800000 949.9 75.6917 -87.8164 3.72296 8333.51 736.728 9.04832e+07 1.58168e+07 0.00156238 0.0080652 -0.00795084 0.0110181 0.0103157 0.00134729 0.00021728 6.26175e-05 0.089131 0.00621692 9.35692 0.59698 78.3292 38.5266 2993.46 517.967 3081.15 521.845 3081.15 521.845 0.632786 0.0370216 
300 0.278 147600000 949.9 75.6917 -87.8164 3.72296 8333.51 736.728 9.04832e+07 1.58168e+07 0.00156238 0.0080195 -0.00795084 0.0110181 0.0103157 0.00134428 0.00021728 6.26175e-05 0.089131 0.00619639 9.35692 0.587836 78.3292 38.5266 2993.46 517.967 3081.15 521.845 3081.15 521.845 0.632786 0.0365089 
300 0.278 149400000 931.625 74.567 -88.2564 3.46731 8389.41 666.439 9.06805e+07 1.39082e+07 -0.000470378 0.00790376 -0.00438449 0.0106765 0.0103741 0.00131059 0.000217552 5.87751e-05 0.0896099 0.00605209 9.29529 0.579774 75.7691 34.8945 2925.57 507.623 3010.63 511.502 3010.63 511.502 0.635067 0.0361731 
300 0.278 151200000 931.625 74.567 -88.2564 3.46731 8389.41 666.439 9.06805e+07 1.39082e+07 -0.000470378 0.00781428 -0.00438449 0.0106765 0.0103741 0.00129536 0.000217552 5.79585e-05 0.0896099 0.00598298 9.29529 0.571811 75.7691 34.8945 2925.57 507.623 3010.63 511.502 3010.63 511.502 0.635067 0.0359338 
300 0.278 153000000 931.625 72.9249 -88.2564 3.46731 8389.41 666.439 9.06805e+07 1.39082e+07 -0.000470378 0.00789788 -0.00438449 0.010442 0.0103741 0.00127764 0.000217552 5.70805e-05 0.0896099 0.00591319 9.29529 0.563912 75.7691 34.8945 2925.57 495.726 3010.63 499.513 3010.63 499.513 0.635067 0.0355515 
300 0.278 154800000 931.625 72.9249 -88.2564 3.46731 8389.41 666.439 9.06805e+07 1.39082e+07 -0.000470378 0.0077809 -0.00438449 0.010442 0.0103741 0.00125861 0.000217552 5.62462e-05 0.0896099 0.00582913 9.29529 0.555698 75.7691 34.8945 2925.57 495.726 3010.63 499.513 3010.63 499.513 0.635067 0.0351429 
300 0.278 156600000 925.441 72.4718 -87.476 3.46731 8253 666.439 8.80997e+07 1.39082e+07 0.00213368 0.00766649 -0.00533051 0.0102844 0.0102081 0.00124693 0.000209933 5.55046e-05 0.0890246 0.00579385 9.25079 0.548117 73.8046 33.8852 2783.99 487.878 2867.05 491.759 2867.05 491.759 0.625534 0.0350091 
300 0.278 158400000 925.441 72.4718 -87.476 3.46731 8253 666.439 8.80997e+07 1.39082e+07 0.00213368 0.00756173 -0.00533051 0.0102844 0.0102081 0.00123022 0.000209933 5.49171e-05 0.0890246 0.00572649 9.25079 0.542811 73.8046 33.8852 2783.99 487.878 2867.05 491.759 2867.05 491.759 0.625534 0.0348422 
300 0.278 160200000 925.441 70.8682 -87.476 3.46731 8253 666.439 8.80997e+07 1.39082e+07 0.00213368 0.00751266 -0.00533051 0.0103876 0.0102081 0.00121265 0.000209933 5.49171e-05 0.0890246 0.00564676 9.25079 0.535175 73.8046 33.8852 2783.99 474.097 2867.05 477.846 2867.05 477.846 0.625534 0.0351731 
300 0.278 162000000 925.441 70.8682 -87.476 3.46731 8253 666.439 8.80997e+07 1.39082e+07 0.00213368 0.00764802 -0.00533051 0.0103876 0.0102081 0.00120231 0.000209933 5.49171e-05 0.0890246 0.00561007 9.25079 0.528345 73.8046 33.8852 2783.99 474.097 2867.05 477.846 2867.05 477.846 0.625534 0.0350271 
300 0.278 163800000 909.417 69.3257 -88.9639 3.18616 8536.49 608.404 9.40066e+07 1.27543e+07 0.00547742 0.00758256 -0.00095223 0.0102473 0.0104327 0.00118632 0.00021017 5.24945e-05 0.0906661 0.00554315 9.19359 0.522691 71.6437 31.1404 2772.96 461.508 2853.79 465.219 2853.79 465.219 0.620941 0.0351969 
300 0.278 165600000 909.417 69.3257 -88.9639 3.18616 8536.49 608.404 9.40066e+07 1.27543e+07 0.00547742 0.00754808 -0.00095223 0.0102473 0.0104327 0.00117061 0.00021017 5.1815e-05 0.0906661 0.0054673 9.19359 0.516823 71.6437 31.1404 2772.96 461.508 2853.79 465.219 2853.79 465.219 0.620941 0.0347823 
300 0.278 167400000 909.417 67.4522 -88.9639 3.15341 8536.49 608.404 9.40066e+07 1.27543e+07 0.00547742 0.00755135 -0.00095223 0.0102913 0.0104327 0.00119116 0.00021017 5.23034e-05 0.0906661 0.00552323 9.19359 0.51344 71.6437 31.1404 2772.96 454.642 2853.79 458.384 2853.79 458.384 0.620941 0.034562 
300 0.278 169200000 909.417 67.4522 -88.9639 3.15341 8536.49 608.404 9.40066e+07 1.27543e+07 0.00547742 0.00752064 -0.00095223 0.0102913 0.0104327 0.00117633 0.00021017 5.16558e-05 0.0906661 0.00545077 9.19359 0.510163 71.6437 31.1404 2772.96 454.642 2853.79 458.384 2853.79 458.384 0.620941 0.0341087 
300 0.278 171000000 902.605 66.0056 -88.8206 3.15341 8484.41 608.404 9.22402e+07 1.27543e+07 0.00729222 0.00744159 -0.00322967 0.0100309 0.0105374 0.00116538 0.000214255 5.10495e-05 0.091207 0.00540312 9.13383 0.512924 69.2649 30.3702 2662.69 444.272 2741.09 448.011 2741.09 448.011 0.61975 0.0339481 
300 0.278 172800000 902.605 66.0056 -88.8206 3.15341 8484.41 608.404 9.22402e+07 1.27543e+07 0.00729222 0.00735041 -0.00322967 0.0100309 0.0105374 0.00115304 0.000214255 5.04496e-05 0.091207 0.00534304 9.13383 0.506696 69.2649 30.3702 2662.69 444.272 2741.09 448.011 2741.09 448.011 0.61975 0.033809 
300 0.278 174600000 902.605 64.5332 -88.8206 3.15341 8484.41 608.404 9.22402e+07 1.27543e+07 0.00729222 0.00742797 -0.00322967 0.0101946 0.0105374 0.0012381 0.000214255 5.68953e-05 0.091207 0.0055276 9.13383 0.502703 69.2649 30.3702 2662.69 433.322 2741.09 436.926 2741.09 436.926 0.61975 0.0333878 
300 0.278 176400000 902.605 64.5332 -88.8206 3.15341 8484.41 608.404 9.22402e+07 1.27543e+07 0.00729222 0.00733419 -0.00322967 0.0101946 0.0105374 0.00122942 0.000214255 5.62555e-05 0.091207 0.00552688 9.13383 0.49668 69.2649 30.3702 2662.69 433.322 2741.09 436.926 2741.09 436.926 0.61975 0.0332763 
300 0.278 178200000 916.175 63.4356 -88.412 2.8906 8430.48 556.723 9.18037e+07 1.16676e+07 0.00851941 0.00863359 -0.00498385 0.0100081 0.0107429 0.00121618 0.000233737 5.56142e-05 0.0914033 0.00546389 9.01934 0.494925 67.3705 28.1731 2707.68 423.219 2784.07 428.024 2784.07 428.024 0.628469 0.0328645 
300 0.278 180000000 916.175 63.4356 -88.412 2.8906 8430.48 556.723 9.18037e+07 1.16676e+07 0.00851941 0.00863359 -0.00498385 0.0100081 0.0107429 0.00120764 0.000233737 5.50022e-05 0.0914033 0.00546004 9.01934 0.492654 67.3705 28.1731 2707.68 423.219 2784.07 426.661 2784.07 426.661 0.628469 0.0326216 
300 0.278 181800000 916.175 63.5549 -88.412 2.88597 8430.48 556.723 9.18037e+07 1.16676e+07 0.00851941 0.00863359 -0.00498385 0.00976881 0.0107429 0.00119589 0.000233737 5.43953e-05 0.0914033 0.00540573 9.01934 0.487097 67.3705 28.1731 2707.68 427.781 2784.07 433.024 2784.07 433.024 0.628469 0.0325274 
300 0.278 183600000 916.175 63.5549 -88.412 2.88597 8430.48 556.723 9.18037e+07 1.16676e+07 0.00851941 0.00863359 -0.00498385 0.00976881 0.0107429 0.00118728 0.000233737 5.38091e-05 0.0914033 0.00539344 9.01934 0.481534 67.3705 28.1731 2707.68 423.837 2784.07 429.046 2784.07 429.046 0.628469 0.0321626 
300 0.278 185400000 916.175 62.487 -88.412 2.88597 8430.48 556.723 9.18037e+07 1.16676e+07 0.00851941 0.00863359 -0.00498385 0.00956433 0.0107429 0.00117658 0.000233737 5.32308e-05 0.0914033 0.00534653 9.01934 0.477028 67.3705 27.6322 2707.68 419.959 2784.07 425.129 2784.07 425.129 0.628469 0.0318479 
300 0.278 187200000 916.175 62.487 -88.412 2.88597 8430.48 556.723 9.18037e+07 1.16676e+07 0.00851941 0.00863359 -0.00498385 0.00956433 0.0107429 0.00116343 0.000233737 5.26445e-05 0.0914033 0.0052841 9.01934 0.473556 67.3705 27.6322 2707.68 416.141 2784.07 421.264 2784.07 421.264 0.628469 0.0316097 
300 0.278 189000000 916.175 61.9704 -88.412 2.88597 8430.48 556.723 9.18037e+07 1.16676e+07 0.00851941 0.00863359 -0.00498385 0.00934421 0.0107429 0.00115371 0.000233737 5.20923e-05 0.0914033 0.00524541 9.01934 0.470107 67.3705 27.6322 2707.68 412.417 2784.07 417.517 2784.07 417.517 0.628469 0.0312491 
300 0.278 190800000 916.175 61.9704 -88.412 2.88597 8430.48 556.723 9.18037e+07 1.16676e+07 0.00851941 0.00863359 -0.00498385 0.00934421 0.0107429 0.00114509 0.000233737 5.15532e-05 0.0914033 0.00522187 9.01934 0.468076 67.3705 27.6322 2707.68 409.754 2784.07 413.482 2784.07 413.482 0.628469 0.0311313 
300 0.278 192600000 875.136 61.0766 -87.8 2.68772 8315.41 517.867 8.93901e+07 1.08537e+07 0.00909334 0.00863359 -0.00369633 0.0091925 0.0100304 0.00113342 0.000213657 5.10119e-05 0.0876485 0.0054354 9.01877 0.471381 65.1411 25.6885 2690.82 407.731 2764.98 412.528 2764.98 412.528 0.622861 0.0310513 
300 0.278 194400000 875.136 61.0766 -87.8 2.68772 8315.41 517.867 8.93901e+07 1.08537e+07 0.00909334 0.00863359 -0.00369633 0.0091925 0.0100304 0.0011256 0.000213657 5.04411e-05 0.0876485 0.0054354 9.01877 0.466167 65.1411 25.6885 2690.82 404.135 2764.98 408.899 2764.98 408.899 0.622861 0.0307116 
300 0.278 196200000 875.136 60.4379 -87.8 2.68772 8315.41 517.867 8.93901e+07 1.08537e+07 0.00909334 0.00863359 -0.00369633 0.0089973 0.0100304 0.0011256 0.000213657 4.98842e-05 0.0876485 0.0054354 9.01877 0.482842 65.1411 53.3184 2690.82 403.192 2764.98 416.729 2764.98 416.729 0.622861 0.0305781 
300 0.278 198000000 875.136 60.4379 -87.8 2.68772 8315.41 517.867 8.93901e+07 1.08537e+07 0.00909334 0.00863359 -0.00369633 0.0089973 0.0100304 0.0011256 0.000213657 4.93397e-05 0.0876485 0.0054354 9.01877 0.477842 65.1411 52.7419 2690.82 399.752 2764.98 413.176 2764.98 413.176 0.622861 0.030258 
300 0.278 199800000 875.136 59.7419 -87.8 2.68772 8315.41 517.867 8.93901e+07 1.08537e+07 0.00909334 0.00863359 -0.00369633 0.00885157 0.0100304 0.0011256 0.000213657 4.90637e-05 0.0876485 0.0054354 9.01877 0.47284 65.1411 52.1727 2690.82 397.713 2764.98 410.849 2764.98 410.849 0.622861 0.0301761 
300 0.278 201600000 875.136 59.7419 -87.8 2.68772 8315.41 517.867 8.93901e+07 1.08537e+07 0.00909334 0.00863359 -0.00369633 0.00885157 0.0100304 0.0011256 0.000213657 4.90637e-05 0.0876485 0.0054354 9.01877 0.468037 65.1411 51.6209 2690.82 394.399 2764.98 407.431 2764.98 407.431 0.622861 0.0298518 
300 0.278 203400000 875.136 59.7419 -87.8 2.68772 8315.41 517.867 8.93901e+07 1.08537e+07 0.00909334 0.00863359 -0.00369633 0.00871389 0.0100304 0.0011256 0.000213657 4.90637e-05 0.0876485 0.0054354 9.01877 0.46732 65.1411 51.0817 2690.82 391.143 2764.98 404.08 2764.98 404.08 0.622861 0.029546 
300 0.278 205200000 875.136 59.7419 -87.8 2.68772 8315.41 517.867 8.93901e+07 1.08537e+07 0.00909334 0.00863359 -0.00369633 0.00871389 0.0100304 0.0011256 0.000213657 4.90637e-05 0.0876485 0.0054354 9.01877 0.464385 65.1411 50.7845 2690.82 387.945 2764.98 400.743 2764.98 400.743 0.622861 0.0295185 
300 0.278 207000000 888.271 57.0599 -88.6743 2.60206 8449.6 491.789 9.10346e+07 1.0073e+07 0.00746418 0.00725886 -0.00201853 0.00855493 0.00990351 0.00113129 0.000204657 4.69514e-05 0.0874443 0.0053143 9.16629 0.460341 108.738 50.0232 2723.33 390.944 2841.23 403.504 2841.23 403.504 0.621482 0.0294095 
300 0.278 208800000 888.271 57.0599 -88.6743 2.60206 8449.6 491.789 9.10346e+07 1.0073e+07 0.00746418 0.00725886 -0.00201853 0.00855493 0.00990351 0.00113129 0.000204657 4.64687e-05 0.0874443 0.0053143 9.16629 0.457714 108.738 49.5113 2723.33 387.856 2841.23 400.3 2841.23 400.3 0.621482 0.0293762 
300 0.278 210600000 888.271 56.1887 -88.6743 2.60206 8449.6 491.789 9.10346e+07 1.0073e+07 0.00746418 0.00725886 -0.00201853 0.00840364 0.00990351 0.00113129 0.000204657 4.60226e-05 0.0874443 0.0053143 9.16629 0.451242 108.738 49.0157 2723.33 384.789 2841.23 397.144 2841.23 397.144 0.621482 0.0290766 
300 0.278 212400000 888.271 56.1887 -88.6743 2.60206 8449.6 491.789 9.10346e+07 1.0073e+07 0.00746418 0.00725886 -0.00201853 0.00840364 0.00990351 0.00113129 0.000204657 4.57931e-05 0.0874443 0.0053143 9.16629 0.448946 108.738 48.702 2723.33 381.806 2841.23 394.071 2841.23 394.071 0.621482 0.0289662 
300 0.278 214200000 888.271 56.1887 -88.6743 2.60206 8449.6 491.789 9.10346e+07 1.01484e+07 0.00746418 0.00725886 -0.00201853 0.00826369 0.00990351 0.00113129 0.000204657 4.57931e-05 0.0874443 0.0053143 9.16629 0.446382 108.738 48.0538 2723.33 378.856 2841.23 391.04 2841.23 391.04 0.621482 0.0286766 
300 0.278 216000000 888.271 56.1887 -88.6743 2.60206 8449.6 491.789 9.10346e+07 1.0073e+07 0.00746418 0.00725886 -0.00201853 0.00826369 0.00990351 0.00113129 0.000204657 4.57931e-05 0.0874443 0.0053143 9.16629 0.443609 108.738 47.7109 2723.33 375.909 2841.23 388.006 2841.23 388.006 0.621482 0.028393 
300 0.278 217800000 888.271 56.1887 -88.6743 2.60206 8449.6 491.789 9.10346e+07 1.0073e+07 0.00746418 0.00725886 -0.00201853 0.00829681 0.00990351 0.00113129 0.000204657 4.57931e-05 0.0874443 0.0053143 9.16629 0.439115 108.738 47.7109 2723.33 372.228 2841.23 384.209 2841.23 384.209 0.621482 0.028287 
300 0.278 219600000 888.271 56.1887 -88.6743 2.60206 8449.6 491.789 9.10346e+07 1.0073e+07 0.00746418 0.00725886 -0.00201853 0.00829681 0.00990351 0.00113129 0.000204657 4.57931e-05 0.0874443 0.0053143 9.16629 0.437723 108.738 47.7109 2723.33 369.416 2841.23 381.312 2841.23 381.312 0.621482 0.0280794 
300 0.278 221400000 881.077 53.2279 -89.5994 2.5611 8627.93 485.217 9.53077e+07 1.01642e+07 0.00510953 0.00725886 0.00157967 0.00834299 0.0100506 0.00113129 0.000202734 4.35926e-05 0.0887045 0.0053143 8.98854 0.431974 102.234 46.2299 2648.52 374.772 2759.74 386.125 2759.74 386.125 0.61875 0.028041 
300 0.278 223200000 881.077 53.2279 -89.5994 2.5611 8627.93 485.217 9.53077e+07 1.01642e+07 0.00510953 0.00725886 0.00157967 0.00834299 0.0100506 0.00113129 0.000202734 4.32089e-05 0.0887045 0.0053143 8.98854 0.431876 102.234 45.7968 2648.52 371.997 2759.74 383.27 2759.74 383.27 0.61875 0.0278277 
300 0.278 225000000 881.077 52.5867 -89.5994 2.5611 8627.93 485.217 9.53077e+07 1.01642e+07 0.00510953 0.00725886 0.00157967 0.00834299 0.0100506 0.00113129 0.000202734 4.28408e-05 0.0887045 0.0053143 8.98854 0.424041 102.234 45.3711 2648.52 369.273 2759.74 380.465 2759.74 380.465 0.61875 0.0277848 
300 0.278 226800000 881.077 52.5867 -89.5994 2.5611 8627.93 485.217 9.53077e+07 1.01642e+07 0.00510953 0.00725886 0.00157967 0.00834299 0.0100506 0.00113129 0.000202734 4.25602e-05 0.0887045 0.0053143 8.98854 0.423913 102.234 45.1726 2648.52 366.509 2759.74 377.63 2759.74 377.63 0.61875 0.0275718 
300 0.278 228600000 881.077 52.325 -89.5994 2.5611 8627.93 485.217 9.53077e+07 1.01642e+07 0.00510953 0.00725886 0.00157967 0.00811922 0.0100506 0.00113129 0.000202734 4.25602e-05 0.0887045 0.0053143 8.98854 0.422312 102.234 44.5459 2648.52 363.818 2759.74 374.867 2759.74 374.867 0.61875 0.0273211 
300 0.278 230400000 881.077 52.325 -89.5994 2.5611 8627.93 485.217 9.53077e+07 1.0208e+07 0.00510953 0.00725886 0.00157967 0.00811922 0.0100506 0.00113129 0.000202734 4.32349e-05 0.0887045 0.0053143 8.98854 0.422312 102.234 44.482 2648.52 361.207 2759.74 372.181 2759.74 372.181 0.61875 0.0272448 
300 0.278 232200000 881.077 52.325 -89.5994 2.5611 8627.93 485.217 9.53077e+07 1.01642e+07 0.00510953 0.00725886 0.00157967 0.00811922 0.0100506 0.00113129 0.000202734 4.28599e-05 0.0887045 0.0053143 8.98854 0.414948 102.234 44.482 2648.52 364.521 2759.74 375.107 2759.74 375.107 0.61875 0.0272076 
300 0.278 234000000 881.077 52.325 -89.5994 2.5611 8627.93 485.217 9.53077e+07 1.01642e+07 0.00510953 0.00725886 0.00157967 0.00811922 0.0100506 0.00113129 0.000202734 4.25602e-05 0.0887045 0.0053143 8.98854 0.543706 102.234 44.482 2648.52 361.32 2759.74 371.801 2759.74 371.801 0.61875 0.0270058 
300 0.278 235800000 886.143 50.7543 -89.6809 2.37946 8654.5 451.286 9.6727e+07 9.98932e+06 0.00474789 0.00671089 0.0015919 0.00791503 0.0100318 0.000976926 0.000204133 4.21701e-05 0.088547 0.00466812 9.28956 0.538996 97.0031 42.9696 2670.41 366.232 2776.7 376.264 2776.7 376.264 0.620797 0.0269698 
300 0.278 237600000 886.143 50.7543 -89.6809 2.37946 8654.5 451.286 9.6727e+07 9.90449e+06 0.00474789 0.00671089 0.0015919 0.00791503 0.0100318 0.000976926 0.000204133 4.18251e-05 0.088547 0.00466812 9.28956 0.534935 97.0031 42.5905 2670.41 363.709 2776.7 373.655 2776.7 373.655 0.620797 0.0269878 
300 0.278 239400000 886.143 51.6842 -89.6809 2.37946 8654.5 451.286 9.6727e+07 9.8389e+06 0.00474789 0.00671089 0.0015919 0.00791503 0.0100318 0.000976926 0.000204133 4.14958e-05 0.088547 0.00466812 9.28956 57.6918 97.0031 99.8727 2670.41 379.141 2776.7 455.744 2776.7 455.744 0.620797 0.0271869 
300 0.278 241200000 886.143 51.6842 -89.6809 2.37946 8654.5 451.286 9.6727e+07 9.7805e+06 0.00474789 0.00671089 0.0015919 0.00791503 0.0100318 0.000976926 0.000204133 4.11674e-05 0.088547 0.00466812 9.28956 57.4085 97.0031 99.0161 2670.41 376.528 2776.7 452.46 2776.7 452.46 0.620797 0.026973 
300 0.278 243000000 886.143 51.3957 -89.6809 2.37946 8654.5 451.286 9.6727e+07 9.71797e+06 0.00474789 0.00671089 0.0015919 0.00765119 0.0100318 0.000976926 0.000204133 4.0844e-05 0.088547 0.00466812 9.28956 56.7019 97.0031 98.1725 2670.41 373.935 2776.7 449.2 2776.7 449.2 0.620797 0.0267414 
300 0.278 244800000 886.143 51.3957 -89.6809 2.37946 8654.5 451.286 9.6727e+07 9.65057e+06 0.00474789 0.00671089 0.0015919 0.00765119 0.0100318 0.000976926 0.000204133 4.0495e-05 0.088547 0.00466812 9.28956 56.4283 97.0031 97.3435 2670.41 371.361 2776.7 445.976 2776.7 445.976 0.620797 0.0265219 
300 0.278 246600000 886.143 50.5953 -89.6809 2.37946 8654.5 451.286 9.6727e+07 9.58849e+06 0.00474789 0.00671089 0.0015919 0.00764766 0.0100318 0.000976926 0.000204133 4.01864e-05 0.088547 0.00466812 9.28956 55.8808 97.0031 96.5271 2670.41 369.321 2776.7 443.009 2776.7 443.009 0.620797 0.0264775 
300 0.278 248400000 886.143 50.5953 -89.6809 2.37946 8654.5 451.286 9.6727e+07 9.53676e+06 0.00474789 0.00671089 0.0015919 0.00764766 0.0100318 0.000976926 0.000204133 3.98817e-05 0.088547 0.00466812 9.28956 55.8808 97.0031 95.7254 2670.41 366.902 2776.7 439.955 2776.7 439.955 0.620797 0.0264282 
300 0.278 250200000 904.383 49.8977 -88.9796 2.32186 8515.66 442.041 9.37667e+07 9.44765e+06 0.00366175 0.00671089 0.00110621 0.00755098 0.00976485 0.000976926 0.000195889 3.95842e-05 0.0869856 0.00466812 64.3024 54.8195 179.325 94.9362 2766.17 368.912 3009.8 440.299 3009.8 440.299 0.61694 0.0263892 
300 0.278 252000000 904.383 49.8977 -88.9796 2.32186 8515.66 442.041 9.37667e+07 9.38639e+06 0.00366175 0.00671089 0.00110621 0.00755098 0.00976485 0.000976926 0.000195889 3.92856e-05 0.0869856 0.00466812 64.3024 54.5626 179.325 94.161 2766.17 366.523 3009.8 437.309 3009.8 437.309 0.61694 0.026191 
300 0.278 253800000 904.383 49.3746 -88.9796 2.32186 8515.66 442.041 9.37667e+07 9.34914e+06 0.00366175 0.00671089 0.00110621 0.00744965 0.00976485 0.000976926 0.000195889 3.89958e-05 0.0869856 0.00466812 64.3024 54.0489 179.325 93.3985 2766.17 364.17 3009.8 434.363 3009.8 434.363 0.61694 0.0260157 
300 0.278 255600000 904.383 49.3746 -88.9796 2.32186 8515.66 442.041 9.37667e+07 9.34914e+06 0.00366175 0.00671089 0.00110621 0.00744965 0.00976485 0.000976926 0.000195889 3.87101e-05 0.0869856 0.00466812 64.3024 54.0489 179.325 92.6487 2766.17 361.857 3009.8 431.469 3009.8 431.469 0.61694 0.0258728 
300 0.278 257400000 904.383 49.801 -88.9796 2.32186 8515.66 442.041 9.37667e+07 9.34914e+06 0.00366175 0.00671089 0.00110621 0.00733292 0.00976485 0.000976926 0.000195889 3.84154e-05 0.0869856 0.00466812 64.3024 53.1493 179.325 91.9076 2766.17 359.547 3009.8 428.577 3009.8 428.577 0.61694 0.0257801 
300 0.278 259200000 904.383 49.801 -88.9796 2.32186 8515.66 442.041 9.37667e+07 9.34914e+06 0.00366175 0.00671089 0.00110621 0.00733292 0.00976485 0.000976926 0.000195889 3.81381e-05 0.0869856 0.00466812 64.3024 53.1493 179.325 91.1838 2766.17 357.256 3009.8 425.716 3009.8 425.716 0.61694 0.0256658 
300 0.278 261000000 904.383 49.801 -88.9796 2.32186 8515.66 442.041 9.37667e+07 9.34914e+06 0.00366175 0.00671089 0.00110621 0.00723796 0.00976485 0.000976926 0.000195889 3.78568e-05 0.0869856 0.00466812 64.3024 53.1493 179.325 90.458 2766.17 355.31 3009.8 423.028 3009.8 423.028 0.61694 0.0255998 
300 0.278 262800000 904.383 49.801 -88.9796 2.32186 8515.66 442.041 9.37667e+07 9.34914e+06 0.00366175 0.00671089 0.00110621 0.00723796 0.00976485 0.000976926 0.000195889 3.76891e-05 0.0869856 0.00466812 64.3024 53.1493 179.325 89.7532 2766.17 353.122 3009.8 420.287 3009.8 420.287 0.61694 0.0256768 
300 0.278 264600000 879.422 51.7953 -89.3351 2.20379 8570.31 417.779 9.4436e+07 9.04813e+06 0.00139813 0.00665575 0.00153022 0.00715598 0.00959599 0.000947053 0.000190744 3.73961e-05 0.0858684 0.00479186 60.8282 51.4071 170.185 89.0597 2643.46 350.925 2874.47 417.556 2874.47 417.556 0.606407 0.0254797 
300 0.278 266400000 879.422 51.7953 -89.3351 2.20379 8570.31 417.779 9.4436e+07 8.97805e+06 0.00139813 0.00665575 0.00153022 0.00715598 0.00959599 0.000947053 0.000190744 3.85238e-05 0.0858684 0.00479186 60.8282 51.1802 170.185 88.381 2643.46 348.783 2874.47 414.884 2874.47 414.884 0.606407 0.025508 
300 0.278 268200000 879.422 51.7953 -89.3351 2.20379 8570.31 417.779 9.4436e+07 8.91011e+06 0.00139813 0.00665575 0.00153022 0.00711851 0.00959599 0.000947053 0.000190744 3.82582e-05 0.0858684 0.00479186 60.8282 50.7268 170.185 87.7022 2643.46 351.703 2874.47 416.227 2874.47 416.227 0.606407 0.0254778 
300 0.278 270000000 879.422 51.7953 -89.3351 2.20379 8570.31 417.779 9.4436e+07 8.85313e+06 0.00139813 0.00665575 0.00153022 0.00711851 0.00959599 0.000947053 0.000190744 3.79662e-05 0.0858684 0.00479186 60.8282 50.7268 170.185 87.0466 2643.46 351.119 2874.47 414.726 2874.47 414.726 0.606407 0.0254332 
300 0.278 271800000 879.422 51.7953 -89.3351 2.20379 8570.31 417.779 9.4436e+07 8.78875e+06 0.00139813 0.00665575 0.00153022 0.00706937 0.00959599 0.000947053 0.000190744 3.77023e-05 0.0858684 0.00479186 60.8282 49.9409 170.185 86.3837 2643.46 349.052 2874.47 412.165 2874.47 412.165 0.606407 0.025499 
300 0.278 273600000 879.422 51.7953 -89.3351 2.20379 8570.31 417.779 9.4436e+07 8.78875e+06 0.00139813 0.00665575 0.00153022 0.00706937 0.00959599 0.000947053 0.000190744 3.75314e-05 0.0858684 0.00479186 60.8282 49.9409 170.185 85.7471 2643.46 346.988 2874.47 409.613 2874.47 409.613 0.606407 0.0253951 
300 0.278 275400000 879.422 51.7953 -89.3351 2.20379 8570.31 417.779 9.4436e+07 8.78875e+06 0.00139813 0.00665575 0.00153022 0.00696603 0.00959599 0.000947053 0.000190744 3.72531e-05 0.0858684 0.00479186 60.8282 49.9409 170.185 85.1044 2643.46 344.449 2874.47 406.584 2874.47 406.584 0.606407 0.0253306 
300 0.278 277200000 879.422 51.7953 -89.3351 2.20379 8570.31 417.779 9.4436e+07 8.78875e+06 0.00139813 0.00665575 0.00153022 0.00696603 0.00959599 0.000947053 0.000190744 3.70047e-05 0.0858684 0.00479186 60.8282 49.9409 170.185 103.861 2643.46 354.168 2874.47 431.453 2874.47 431.453 0.606407 0.025236 
300 0.278 279000000 858.75 52.7125 -89.7393 2.11089 8624.83 396.744 9.47384e+07 8.61903e+06 0.000615303 0.00665575 0.00171889 0.00686461 0.00979475 0.000947053 0.000198091 3.67524e-05 0.0867828 0.00479186 57.9157 48.3936 223.645 103.107 2845.11 356.952 3126.67 432.467 3126.67 432.467 0.606117 0.0252088 
300 0.278 280800000 858.75 52.7125 -89.7393 2.11089 8624.83 396.744 9.47384e+07 8.57003e+06 0.000615303 0.00665575 0.00171889 0.00686461 0.00979475 0.000947053 0.000198091 3.65029e-05 0.0867828 0.00479186 57.9157 48.2106 223.645 102.364 2845.11 357.16 3126.67 431.453 3126.67 431.453 0.606117 0.0251789 
300 0.278 282600000 858.75 52.7125 -89.7393 2.11089 8624.83 396.744 9.47384e+07 8.5199e+06 0.000615303 0.00665575 0.00171889 0.00676546 0.00979475 0.000947053 0.000198091 3.62622e-05 0.0867828 0.00479186 57.9157 48.2106 223.645 101.634 2845.11 355.165 3126.67 428.913 3126.67 428.913 0.606117 0.0250338 
300 0.278 284400000 858.75 52.7125 -89.7393 2.11089 8624.83 396.744 9.47384e+07 8.45958e+06 0.000615303 0.00665575 0.00171889 0.00676546 0.00979475 0.000947053 0.000198091 3.60025e-05 0.0867828 0.00479186 57.9157 48.2106 223.645 100.913 2845.11 353.169 3126.67 426.379 3126.67 426.379 0.606117 0.024869 
300 0.278 286200000 858.75 52.7125 -89.7393 2.11089 8624.83 396.744 9.47384e+07 8.52014e+06 0.000615303 0.00665575 0.00171889 0.00693305 0.00979475 0.000947053 0.000198091 3.5973e-05 0.0867828 0.00479186 57.9157 48.2106 223.645 100.201 2845.11 350.952 3126.67 423.643 3126.67 423.643 0.606117 0.0247363 
300 0.278 288000000 858.75 52.7125 -89.7393 2.11089 8624.83 396.744 9.47384e+07 8.4832e+06 0.000615303 0.00665575 0.00171889 0.00693305 0.00979475 0.000947053 0.000198091 3.5743e-05 0.0867828 0.00479186 57.9157 48.2106 223.645 99.4994 2845.11 348.679 3126.67 420.871 3126.67 420.871 0.606117 0.0246544 
300 0.278 289800000 858.75 52.7125 -89.7393 2.11089 8624.83 396.744 9.47384e+07 8.42573e+06 0.000615303 0.00665575 0.00171889 0.00684569 0.00979475 0.000947053 0.000198091 3.55143e-05 0.0867828 0.00479186 57.9157 48.2106 223.645 98.8088 2845.11 346.706 3126.67 418.388 3126.67 418.388 0.606117 0.0245053 
300 0.278 291600000 858.75 52.7125 -89.7393 2.11089 8624.83 396.744 9.47384e+07 8.3847e+06 0.000615303 0.00665575 0.00171889 0.00684569 0.00979475 0.000947053 0.000198091 3.52772e-05 0.0867828 0.00479186 57.9157 48.2106 223.645 98.126 2845.11 344.802 3126.67 415.97 3126.67 415.97 0.606117 0.0244209 
300 0.278 293400000 841.861 52.4198 -89.6913 2.00455 8621.8 376.946 9.47962e+07 8.34043e+06 0.00112396 0.00592186 -0.000378764 0.00677984 0.00970512 0.000848089 0.000194475 3.50584e-05 0.0863681 0.0042854 55.116 45.7152 212.63 97.4524 2766.31 342.92 3034.06 413.582 3034.06 413.582 0.607069 0.0243571 
300 0.278 295200000 841.861 52.4198 -89.6913 2.00455 8621.8 374.714 9.47962e+07 8.28651e+06 0.00112396 0.00592186 -0.000378764 0.00677984 0.00970512 0.000848089 0.000194475 3.48352e-05 0.0863681 0.0042854 55.116 45.5336 212.63 96.7882 2766.31 340.981 3034.06 411.151 3034.06 411.151 0.607069 0.0241955 
300 0.278 297000000 841.861 52.4198 -89.6913 1.99416 8621.8 374.714 9.47962e+07 8.24929e+06 0.00112396 0.00592186 -0.000378764 0.00668708 0.00970512 0.000848089 0.000194475 3.46204e-05 0.0863681 0.0042854 55.116 45.171 212.63 96.1335 2766.31 339.141 3034.06 408.82 3034.06 408.82 0.607069 0.0241513 
300 0.278 298800000 841.861 52.4198 -89.6913 1.99416 8621.8 374.714 9.47962e+07 8.20546e+06 0.00112396 0.00592186 -0.000378764 0.00668708 0.00970512 0.000848089 0.000194475 3.44049e-05 0.0863681 0.0042854 55.116 45.171 212.63 95.489 2766.31 337.321 3034.06 406.52 3034.06 406.52 0.607069 0.0240418 
300 0.278 300600000 841.861 52.4198 -89.6913 1.99416 8621.8 374.714 9.47962e+07 8.15315e+06 0.00112396 0.00592186 -0.000378764 0.00663437 0.00970512 0.000848089 0.000194475 3.48565e-05 0.0863681 0.0042854 55.116 44.5552 212.63 94.8523 2766.31 335.511 3034.06 404.236 3034.06 404.236 0.607069 0.0239055 
300 0.278 302400000 841.861 52.4198 -89.6913 1.99416 8621.8 374.714 9.47962e+07 8.10743e+06 0.00112396 0.00592186 -0.000378764 0.00663437 0.00970512 0.000848089 0.000194475 3.46478e-05 0.0863681 0.0042854 55.116 44.5552 212.63 94.2231 2766.31 333.72 3034.06 401.974 3034.06 401.974 0.607069 0.0238536 
300 0.278 304200000 841.861 52.4198 -89.6913 1.99416 8621.8 374.714 9.47962e+07 8.05711e+06 0.00112396 0.00592186 -0.000378764 0.00655034 0.00970512 0.000848089 0.000194475 3.44407e-05 0.0863681 0.0042854 55.116 44.5552 212.63 93.602 2766.31 331.936 3034.06 399.724 3034.06 399.724 0.607069 0.02376 
300 0.278 306000000 841.861 52.4198 -89.6913 1.99416 8621.8 374.714 9.47962e+07 8.02112e+06 0.00112396 0.00592186 -0.000378764 0.00655034 0.00970512 0.000848089 0.000194475 3.42351e-05 0.0863681 0.0042854 55.116 44.5552 212.63 92.9909 2766.31 330.145 3034.06 397.484 3034.06 397.484 0.607069 0.023626 
300 0.278 307800000 831.592 50.6568 -89.2413 1.93931 8531.72 365.662 9.28506e+07 7.99922e+06 0.000625721 0.00592186 0.000255236 0.00664431 0.00977366 0.000848089 0.000201294 3.47975e-05 0.0862804 0.0042854 52.5833 43.318 202.799 92.3855 2626.68 328.409 2882.06 401.177 2882.06 401.177 0.596712 0.0236291 
300 0.278 309600000 831.592 50.6568 -89.2413 1.93931 8531.72 365.662 9.28506e+07 7.95689e+06 0.000625721 0.00592186 0.000255236 0.00664431 0.00977366 0.000848089 0.000201294 3.46131e-05 0.0862804 0.0042854 52.5833 43.1909 202.799 91.7873 2626.68 329.378 2882.06 401.177 2882.06 401.177 0.596712 0.0236091 
300 0.278 311400000 831.592 50.6568 -89.2413 1.93931 8531.72 365.662 9.28506e+07 7.90552e+06 0.000625721 0.00592186 0.000255236 0.00657853 0.00977366 0.000848089 0.000201294 3.44062e-05 0.0862804 0.0042854 52.5833 43.1909 202.799 91.1937 2626.68 337.713 2882.06 401.986 2882.06 401.986 0.596712 0.0235807 
300 0.278 313200000 831.592 50.6568 -89.2413 1.93931 8531.72 365.662 9.28506e+07 7.86588e+06 0.000625721 0.00592186 0.000255236 0.00657853 0.00977366 0.000848089 0.000201294 3.42041e-05 0.0862804 0.0042854 52.5833 43.1909 202.799 90.6132 2626.68 337.713 2882.06 401.986 2882.06 401.986 0.596712 0.0234286 
300 0.278 315000000 831.592 50.6568 -89.2413 1.93931 8531.72 365.662 9.28506e+07 7.81847e+06 0.000625721 0.00592186 0.000255236 0.0065234 0.00977366 0.000848089 0.000201294 3.40081e-05 0.0862804 0.0042854 52.5833 43.1909 202.799 90.0397 2626.68 334.977 2882.06 401.177 2882.06 401.177 0.596712 0.0232846 
300 0.278 316800000 831.592 50.6568 -89.2413 1.93931 8531.72 365.662 9.28506e+07 7.93436e+06 0.000625721 0.00592186 0.000255236 0.0065234 0.00977366 0.000848089 0.000201294 3.40094e-05 0.0862804 0.0042854 52.5833 43.1909 202.799 89.4742 2626.68 334.977 2882.06 401.177 2882.06 401.177 0.596712 0.0231428 
300 0.278 318600000 831.592 50.6568 -89.2413 1.93931 8531.72 365.662 9.28506e+07 7.89355e+06 0.000625721 0.00592186 0.000255236 0.00645424 0.00977366 0.000848089 0.000201294 3.38121e-05 0.0862804 0.0042854 52.5833 43.1909 202.799 88.915 2626.68 332.263 2882.06 401.177 2882.06 401.177 0.596712 0.023005 
300 0.278 320400000 831.592 50.6568 -89.2413 1.93931 8531.72 365.662 9.28506e+07 7.8456e+06 0.000625721 0.00592186 0.000255236 0.00645424 0.00977366 0.000848089 0.000201294 3.37545e-05 0.0862804 0.0042854 52.5833 43.1909 202.799 88.3619 2626.68 332.263 2882.06 401.177 2882.06 401.177 0.596712 0.0229847 
300 0.278 322200000 840 48.8167 -89.6947 1.89459 8605.99 354.842 9.40033e+07 7.79708e+06 0.000431472 0.00619262 -0.00104826 0.00639949 0.00990379 0.000814886 0.000204331 3.35631e-05 0.0870174 0.00390575 50.3324 41.1594 194.244 87.8171 2685.49 328.588 2930.07 390.257 2930.07 390.257 0.606513 0.0228518 
300 0.278 324000000 840 48.8167 -89.6947 1.89459 8605.99 358.153 9.40033e+07 7.99145e+06 0.000431472 0.00619262 -0.00104826 0.00639949 0.00990379 0.000821952 0.000204331 3.37769e-05 0.0870174 0.00390575 50.3324 41.0117 194.244 87.2785 2685.49 328.588 2930.07 390.257 2930.07 390.257 0.606513 0.022727 
300 0.278 325800000 840 48.8167 -89.6947 1.89459 8605.99 357.141 9.40033e+07 7.95757e+06 0.000431472 0.00619262 -0.00104826 0.00638693 0.00990379 0.000818205 0.000204331 3.35741e-05 0.0870174 0.00390575 50.3324 40.7172 194.244 86.7431 2685.49 324.921 2930.07 385.675 2930.07 385.675 0.606513 0.0226991 
300 0.278 327600000 840 48.8167 -89.6947 1.89459 8605.99 357.085 9.40033e+07 7.92801e+06 0.000431472 0.00619262 -0.00104826 0.00638693 0.00990379 0.000814107 0.000204331 3.33897e-05 0.0870174 0.00390575 50.3324 40.7172 194.244 86.215 2685.49 324.921 2930.07 385.675 2930.07 385.675 0.606513 0.0226133 
300 0.278 329400000 840 48.8167 -89.6947 1.89459 8605.99 355.101 9.40033e+07 7.88028e+06 0.000431472 0.00619262 -0.00104826 0.00631638 0.00990379 0.000810589 0.000204331 3.32095e-05 0.0870174 0.00390575 50.3324 40.2279 194.244 85.6954 2685.49 322.494 2930.07 383.98 2930.07 383.98 0.606513 0.0226731 
300 0.278 331200000 840 48.8167 -89.6947 1.89459 8605.99 354.842 9.40033e+07 7.83453e+06 0.000431472 0.00619262 -0.00104826 0.00631638 0.00990379 0.000805697 0.000204331 3.3017e-05 0.0870174 0.00390575 50.3324 40.2279 194.244 85.182 2685.49 322.494 2930.07 383.98 2930.07 383.98 0.606513 0.0225367 
300 0.278 333000000 840 48.8167 -89.6947 1.89459 8605.99 354.842 9.40033e+07 7.80377e+06 0.000431472 0.00619262 -0.00104826 0.00627213 0.00990379 0.000801342 0.000204331 3.28181e-05 0.0870174 0.00390575 50.3324 40.2279 194.244 84.6757 2685.49 320.077 2930.07 383.98 2930.07 383.98 0.606513 0.0224409 
300 0.278 334800000 840 48.8167 -89.6947 1.89459 8605.99 354.842 9.40033e+07 7.75707e+06 0.000431472 0.00619262 -0.00104826 0.00627213 0.00990379 0.000797987 0.000204331 3.26294e-05 0.0870174 0.00390575 50.3324 40.2279 194.244 84.1735 2685.49 320.077 2930.07 383.98 2930.07 383.98 0.606513 0.0224241 
300 0.278 336600000 840 46.6665 -89.6947 1.86773 8605.99 355.744 9.40033e+07 7.89713e+06 0.000431472 0.00619262 -0.00104826 0.00626359 0.00990379 0.000868583 0.000204331 4.17592e-05 0.0870174 0.00393052 50.3324 39.205 194.244 83.6763 2685.49 318.784 2930.07 376.711 2930.07 376.711 0.606513 0.0223575 
300 0.278 338400000 840 46.6665 -89.6947 1.86773 8605.99 355.744 9.40033e+07 7.85054e+06 0.000431472 0.00619262 -0.00104826 0.00626359 0.00990379 0.000868583 0.000204331 4.15142e-05 0.0870174 0.00393052 50.3324 39.1358 194.244 83.1871 2685.49 318.784 2930.07 376.711 2930.07 376.711 0.606513 0.0222311 
300 0.278 340200000 840 46.6665 -89.6947 1.86773 8605.99 355.744 9.40033e+07 7.80678e+06 0.000431472 0.00619262 -0.00104826 0.00624765 0.00990379 0.000859531 0.000204331 4.127e-05 0.0870174 0.00393052 50.3324 39.1358 194.244 82.7031 2685.49 316.475 2930.07 373.702 2930.07 373.702 0.606513 0.0221465 
300 0.278 342000000 840 46.6665 -89.6947 1.86773 8605.99 355.744 9.40033e+07 7.76646e+06 0.000431472 0.00619262 -0.00104826 0.00624765 0.00990379 0.000859531 0.000204331 4.10468e-05 0.0870174 0.00393052 50.3324 39.1358 194.244 82.2256 2685.49 316.475 2930.07 373.702 2930.07 373.702 0.606513 0.0220517 
300 0.278 343800000 840 46.6665 -89.6947 1.86773 8605.99 355.744 9.40033e+07 7.72402e+06 0.000431472 0.00619262 -0.00104826 0.00621405 0.00990379 0.000849558 0.000204331 4.08796e-05 0.0870174 0.00393052 50.3324 39.1358 194.244 81.7527 2685.49 314.096 2930.07 370.647 2930.07 370.647 0.606513 0.0220925 
300 0.278 345600000 840 46.6665 -89.6947 1.86773 8605.99 355.744 9.40033e+07 7.68999e+06 0.000431472 0.00619262 -0.00104826 0.00621405 0.00990379 0.000849558 0.000204331 4.08796e-05 0.0870174 0.00393052 50.3324 39.1358 194.244 81.284 2685.49 314.096 2930.07 370.647 2930.07 370.647 0.606513 0.0220727 
300 0.278 347400000 840 46.6665 -89.6947 1.86773 8605.99 355.744 9.40033e+07 7.64724e+06 0.000431472 0.00619262 -0.00104826 0.00625929 0.00990379 0.000843802 0.000204331 4.08796e-05 0.0870174 0.00393052 50.3324 39.1358 194.244 80.8222 2685.49 310.919 2930.07 366.663 2930.07 366.663 0.606513 0.022061 
300 0.278 349200000 840 46.6665 -89.6947 1.86773 8605.99 355.744 9.40033e+07 7.61273e+06 0.000431472 0.00619262 -0.00104826 0.00625929 0.00990379 0.000843802 0.000204331 4.08796e-05 0.0870174 0.00393052 50.3324 39.1358 194.244 80.3643 2685.49 310.919 2930.07 366.663 2930.07 366.663 0.606513 0.0220435 
300 0.278 351000000 835.477 45.0515 -89.9833 1.79482 8663.95 343.938 9.54176e+07 7.5794e+06 -0.00211112 0.00619262 -0.000709053 0.00618918 0.0104132 0.000864171 0.00023001 3.99282e-05 0.0892756 0.00415247 46.7135 37.4279 179.458 79.9123 2729.83 321.037 2956.01 373.646 2956.01 373.646 0.607085 0.0220247 
300 0.278 352800000 835.477 45.0515 -89.9833 1.79411 8663.95 343.938 9.54176e+07 7.53905e+06 -0.00211112 0.00619262 -0.000709053 0.00618918 0.0104132 0.000864171 0.00023001 3.97237e-05 0.0892756 0.00415247 46.7135 37.3036 179.458 79.4625 2729.83 321.037 2956.01 373.646 2956.01 373.646 0.607085 0.0219964 
300 0.278 354600000 835.477 45.0515 -89.9833 1.79411 8663.95 343.938 9.54176e+07 7.50201e+06 -0.00211112 0.00619262 -0.000709053 0.00612009 0.0104132 0.000864171 0.00023001 3.95152e-05 0.0892756 0.00415247 46.7135 37.0558 179.458 79.0184 2729.83 331.894 2956.01 381.567 2956.01 381.567 0.607085 0.0219716 
300 0.278 356400000 835.477 45.0515 -89.9833 1.79411 8663.95 343.938 9.54176e+07 7.46218e+06 -0.00211112 0.00619262 -0.000709053 0.00612009 0.0104132 0.000864171 0.00023001 3.93148e-05 0.0892756 0.00415247 46.7135 37.0558 179.458 78.5822 2729.83 331.894 2956.01 381.567 2956.01 381.567 0.607085 0.0218762 
300 0.278 358200000 835.477 45.0515 -89.9833 1.79411 8663.95 343.938 9.54176e+07 7.44454e+06 -0.00211112 0.00619262 -0.000709053 0.00605265 0.0104132 0.000864171 0.00023001 3.92383e-05 0.0892756 0.00415247 46.7135 37.0031 179.458 78.1465 2729.83 329.056 2956.01 378.169 2956.01 378.169 0.607085 0.0217664 
300 0.278 360000000 835.477 45.0515 -89.9833 1.79411 8663.95 343.938 9.54176e+07 7.44454e+06 -0.00211112 0.00619262 -0.000709053 0.00605265 0.0104132 0.000864171 0.00023001 3.92383e-05 0.0892756 0.00415247 46.7135 37.0031 179.458 77.7179 2729.83 329.056 2956.01 378.169 2956.01 378.169 0.607085 0.0217087 
300 0.278 361800000 835.477 45.0515 -89.9833 1.79411 8663.95 343.938 9.54176e+07 7.72582e+06 -0.00211112 0.00619262 -0.000709053 0.00598616 0.0104132 0.000864171 0.00023001 4.00142e-05 0.0892756 0.00415247 46.7135 37.0031 179.458 77.2964 2729.83 326.786 2956.01 375.353 2956.01 375.353 0.607085 0.0215917 
300 0.278 363600000 835.477 45.0515 -89.9833 1.79411 8663.95 343.938 9.54176e+07 7.68988e+06 -0.00211112 0.00619262 -0.000709053 0.00598616 0.0104132 0.000864171 0.00023001 3.98152e-05 0.0892756 0.00415247 46.7135 37.0031 179.458 76.8788 2729.83 326.786 2956.01 375.353 2956.01 375.353 0.607085 0.0215152 
300 0.278 365400000 835.477 45.0515 -89.9833 1.77008 8663.95 338.973 9.54176e+07 7.64863e+06 -0.00211112 0.00619262 -0.000709053 0.00594329 0.0104132 0.000864171 0.00023001 3.96074e-05 0.0892756 0.00415247 46.7135 37.0031 179.458 76.4664 2729.83 324.533 2956.01 372.579 2956.01 372.579 0.607085 0.0214015 
300 0.278 367200000 835.477 45.0515 -89.9833 1.77008 8663.95 338.973 9.54176e+07 7.60759e+06 -0.00211112 0.00619262 -0.000709053 0.00594329 0.0104132 0.000864171 0.00023001 3.94124e-05 0.0892756 0.00415247 46.7135 37.0031 179.458 76.0576 2729.83 324.533 2956.01 372.579 2956.01 372.579 0.607085 0.0213069 
300 0.278 369000000 835.477 45.0515 -89.9833 1.77008 8663.95 338.973 9.54176e+07 7.5668e+06 -0.00211112 0.00619262 -0.000709053 0.00588385 0.0104132 0.000864171 0.00023001 3.92172e-05 0.0892756 0.00415247 46.7135 37.0031 179.458 75.6534 2729.83 322.279 2956.01 369.814 2956.01 369.814 0.607085 0.0211925 
300 0.278 370800000 835.477 45.0515 -89.9833 1.77008 8663.95 338.973 9.54176e+07 7.59424e+06 -0.00211112 0.00619262 -0.000709053 0.00588385 0.0104132 0.000864171 0.00023001 3.91477e-05 0.0892756 0.00415247 46.7135 37.0031 179.458 75.2531 2729.83 322.279 2956.01 369.814 2956.01 369.814 0.607085 0.0211916 
300 0.278 372600000 835.477 45.0515 -89.9833 1.77008 8663.95 338.973 9.54176e+07 7.62844e+06 -0.00211112 0.00619262 -0.000709053 0.00590721 0.0104132 0.000864171 0.00023001 3.94551e-05 0.0892756 0.00415247 46.7135 37.0031 179.458 74.8572 2729.83 320.089 2956.01 367.119 2956.01 367.119 0.607085 0.021107 
300 0.278 374400000 835.477 45.0515 -89.9833 1.77008 8663.95 338.973 9.54176e+07 7.69825e+06 -0.00211112 0.00619262 -0.000709053 0.00590721 0.0104132 0.000864171 0.00023001 3.93463e-05 0.0892756 0.00415247 46.7135 37.0031 179.458 74.4651 2729.83 320.089 2956.01 367.119 2956.01 367.119 0.607085 0.0210212 
300 0.278 376200000 835.477 45.0515 -89.9833 1.77008 8663.95 338.973 9.54176e+07 7.66264e+06 -0.00211112 0.00619262 -0.000709053 0.00586269 0.0104132 0.000864171 0.00023001 3.906e-05 0.0892756 0.00415247 46.7135 37.0031 179.458 74.0767 2729.83 317.646 2956.01 363.942 2956.01 363.942 0.607085 0.0210081 
300 0.278 378000000 835.477 45.0515 -89.9833 1.77008 8663.95 338.973 9.54176e+07 7.62996e+06 -0.00211112 0.00619262 -0.000709053 0.00586269 0.0104132 0.000864171 0.00023001 3.89491e-05 0.0892756 0.00415247 46.7135 37.0031 179.458 73.6935 2729.83 317.646 2956.01 363.942 2956.01 363.942 0.607085 0.0209005 
300 0.278 379800000 821.094 41.9883 -91.2521 1.8789 8904.38 359.337 1.00556e+08 7.72887e+06 -0.00266424 0.00588363 -0.00224733 0.0058376 0.0104646 0.000833997 0.000236373 3.86784e-05 0.0891725 0.00380771 43.6238 34.317 167.312 73.3133 2686.5 315.384 2897.43 361.203 2897.43 361.203 0.605428 0.0207948 
300 0.278 381600000 821.094 41.9883 -91.2521 1.8789 8904.38 359.337 1.00556e+08 7.72887e+06 -0.00266424 0.00588363 -0.00224733 0.0058376 0.0104646 0.000833997 0.000236373 3.8594e-05 0.0891725 0.00380771 43.6238 34.2111 167.312 72.9356 2686.5 315.384 2897.43 361.203 2897.43 361.203 0.605428 0.0207766 
300 0.278 383400000 821.094 41.9883 -91.2521 1.8789 8904.38 359.337 1.00556e+08 7.72887e+06 -0.00266424 0.00588363 -0.00224733 0.00577799 0.0104646 0.000825529 0.000236373 3.82961e-05 0.0891725 0.00380771 43.6238 34.0003 167.312 72.5629 2686.5 312.769 2897.43 357.95 2897.43 357.95 0.605428 0.0207292 
300 0.278 385200000 821.094 41.9883 -91.2521 1.8789 8904.38 359.337 1.00556e+08 7.72887e+06 -0.00266424 0.00588363 -0.00224733 0.00577799 0.0104646 0.000825529 0.000236373 3.82284e-05 0.0891725 0.00380771 43.6238 34.0003 167.312 72.1944 2686.5 312.769 2897.43 357.95 2897.43 357.95 0.605428 0.0206789 
300 0.278 387000000 821.094 41.9883 -91.2521 1.8789 8904.38 359.337 1.00556e+08 7.72887e+06 -0.00266424 0.00588363 -0.00224733 0.00575888 0.0104646 0.000817557 0.000236373 3.79249e-05 0.0891725 0.00380771 43.6238 33.6629 167.312 72.6493 2686.5 312.881 2897.43 358.571 2897.43 358.571 0.605428 0.0205741 
300 0.278 388800000 821.094 41.9883 -91.2521 1.8789 8904.38 359.337 1.00556e+08 7.72887e+06 -0.00266424 0.00588363 -0.00224733 0.00575888 0.0104646 0.000817557 0.000236373 3.78706e-05 0.0891725 0.00380771 43.6238 33.6629 167.312 72.2837 2686.5 312.881 2897.43 358.571 2897.43 358.571 0.605428 0.020606 
300 0.278 390600000 821.094 41.9883 -91.2521 1.8789 8904.38 359.337 1.00556e+08 7.72887e+06 -0.00266424 0.00588363 -0.00224733 0.00570071 0.0104646 0.000812815 0.000236373 3.75756e-05 0.0891725 0.00380771 43.6238 33.6629 167.312 71.9225 2686.5 310.867 2897.43 356.085 2897.43 356.085 0.605428 0.0205153 
300 0.278 392400000 821.094 41.9883 -91.2521 1.8789 8904.38 359.337 1.00556e+08 7.72887e+06 -0.00266424 0.00588363 -0.00224733 0.00570071 0.0104646 0.000812815 0.000236373 3.75558e-05 0.0891725 0.00380771 43.6238 33.6629 167.312 71.565 2686.5 310.867 2897.43 356.085 2897.43 356.085 0.605428 0.0204994 
300 0.278 394200000 821.094 41.32 -91.2521 1.83637 8904.38 350.632 1.00556e+08 7.52613e+06 -0.00266424 0.00588363 -0.00224733 0.00565517 0.0104646 0.000805003 0.000236373 3.72059e-05 0.0891725 0.00380771 43.6238 32.9475 167.312 71.2106 2686.5 310.884 2897.43 355.039 2897.43 355.039 0.605428 0.0204867 
300 0.278 396000000 821.094 41.32 -91.2521 1.83637 8904.38 350.632 1.00556e+08 7.52613e+06 -0.00266424 0.00588363 -0.00224733 0.00565517 0.0104646 0.000805003 0.000236373 3.71857e-05 0.0891725 0.00380771 43.6238 32.8995 167.312 70.8605 2686.5 310.884 2897.43 355.039 2897.43 355.039 0.605428 0.0203855 
300 0.278 397800000 821.094 41.32 -91.2521 1.83637 8904.38 350.632 1.00556e+08 7.52613e+06 -0.00266424 0.00588363 -0.00224733 0.00576624 0.0104646 0.0008103 0.000236373 3.70349e-05 0.0891725 0.00380771 43.6238 32.8995 167.312 70.5137 2686.5 308.917 2897.43 352.64 2897.43 352.64 0.605428 0.0203376 
300 0.278 399600000 821.094 41.32 -91.2521 1.83637 8904.38 350.632 1.00556e+08 7.52613e+06 -0.00266424 0.00588363 -0.00224733 0.00576624 0.0104646 0.0008103 0.000236373 3.70349e-05 0.0891725 0.00380771 43.6238 32.8995 167.312 70.1698 2686.5 308.917 2897.43 352.64 2897.43 352.64 0.605428 0.0202785 
300 0.278 401400000 821.094 41.32 -91.2521 1.83637 8904.38 350.632 1.00556e+08 7.52613e+06 -0.00266424 0.00588363 -0.00224733 0.0057314 0.0104646 0.000803696 0.000236373 3.67097e-05 0.0891725 0.00380771 43.6238 32.8995 167.312 69.8299 2686.5 306.954 2897.43 350.248 2897.43 350.248 0.605428 0.0201799 
300 0.278 403200000 821.094 41.32 -91.2521 1.83637 8904.38 350.632 1.00556e+08 7.52613e+06 -0.00266424 0.00588363 -0.00224733 0.0057314 0.0104646 0.000803696 0.000236373 3.67097e-05 0.0891725 0.00380771 43.6238 32.8995 167.312 69.4928 2686.5 306.954 2897.43 350.248 2897.43 350.248 0.605428 0.0201825 
300 0.278 405000000 821.094 41.32 -91.2521 1.83637 8904.38 350.632 1.00556e+08 7.52613e+06 -0.00266424 0.00588363 -0.00224733 0.00567671 0.0104646 0.000797643 0.000236373 3.64086e-05 0.0891725 0.00380771 43.6238 32.8995 167.312 69.1597 2686.5 304.989 2897.43 347.869 2897.43 347.869 0.605428 0.0201044 
300 0.278 406800000 821.094 41.32 -91.2521 1.83637 8904.38 350.632 1.00556e+08 7.52613e+06 -0.00266424 0.00588363 -0.00224733 0.00567671 0.0104646 0.000797643 0.000236373 3.64086e-05 0.0891725 0.00380771 43.6238 32.8995 167.312 68.8279 2686.5 304.989 2897.43 347.869 2897.43 347.869 0.605428 0.0200371 
300 0.278 408600000 836.702 41.32 -90.8165 1.76765 8827.68 337.374 9.88932e+07 7.24602e+06 -0.00245472 0.00588363 -0.00441631 0.00562866 0.0103351 0.000794104 0.000228502 3.61218e-05 0.0887559 0.00358543 40.9899 31.6836 167.713 68.5001 2667.8 303.058 2876.51 345.518 2876.51 345.518 0.599031 0.0199712 
300 0.278 410400000 836.702 41.32 -90.8165 1.76765 8827.68 337.374 9.88932e+07 7.24602e+06 -0.00245472 0.00588363 -0.00441631 0.00562866 0.0103351 0.000794104 0.000228502 3.61218e-05 0.0887559 0.00358543 40.9899 31.5922 167.713 68.1753 2667.8 303.058 2876.51 345.518 2876.51 345.518 0.599031 0.0199618 
300 0.278 412200000 836.702 41.32 -90.8165 1.76765 8827.68 337.374 9.88932e+07 7.24602e+06 -0.00245472 0.00588363 -0.00441631 0.00557516 0.0103351 0.000786964 0.000228502 3.58105e-05 0.0887559 0.00355142 40.9899 31.4382 167.713 67.8545 2667.8 300.966 2876.51 342.822 2876.51 342.822 0.599031 0.0198747 
300 0.278 414000000 836.702 41.32 -90.8165 1.76765 8827.68 337.374 9.88932e+07 7.24602e+06 -0.00245472 0.00588363 -0.00441631 0.00557516 0.0103351 0.000786964 0.000228502 3.58105e-05 0.0887559 0.00355142 40.9899 31.4382 167.713 67.5361 2667.8 300.966 2876.51 342.822 2876.51 342.822 0.599031 0.019862 
300 0.278 415800000 836.702 41.32 -90.8165 1.76765 8827.68 337.374 9.88932e+07 7.24602e+06 -0.00245472 0.00588363 -0.00441631 0.00561439 0.0103351 0.000789613 0.000228502 3.58081e-05 0.0887559 0.00355988 40.9899 31.4382 167.713 67.2208 2667.8 299.148 2876.51 340.606 2876.51 340.606 0.599031 0.0198362 
300 0.278 417600000 836.702 41.32 -90.8165 1.76765 8827.68 337.374 9.88932e+07 7.24602e+06 -0.00245472 0.00588363 -0.00441631 0.00561439 0.0103351 0.000789613 0.000228502 3.58081e-05 0.0887559 0.00355988 40.9899 31.4382 167.713 66.9093 2667.8 299.148 2876.51 340.606 2876.51 340.606 0.599031 0.0197668 
300 0.278 419400000 836.702 41.32 -90.8165 1.76765 8827.68 337.374 9.88932e+07 7.24602e+06 -0.00245472 0.00588363 -0.00441631 0.00557462 0.0103351 0.000784962 0.000228502 3.55282e-05 0.0887559 0.00354441 40.9899 31.4382 167.713 66.5995 2667.8 297.277 2876.51 338.356 2876.51 338.356 0.599031 0.019696 
300 0.278 421200000 836.702 41.32 -90.8165 1.76765 8827.68 337.374 9.88932e+07 7.24602e+06 -0.00245472 0.00588363 -0.00441631 0.00557462 0.0103351 0.000784962 0.000228502 3.55282e-05 0.0887559 0.00354441 40.9899 31.4382 167.713 66.2928 2667.8 297.277 2876.51 338.356 2876.51 338.356 0.599031 0.019658 
300 0.278 423000000 836.702 41.32 -90.8165 1.83099 8827.68 345.985 9.88932e+07 7.31199e+06 -0.00245472 0.00588363 -0.00441631 0.00556506 0.0103351 0.000778106 0.000228502 3.52296e-05 0.0887559 0.00353753 40.9899 31.4382 167.713 65.9894 2667.8 295.478 2876.51 336.178 2876.51 336.178 0.599031 0.0196093 
300 0.278 424800000 836.702 41.32 -90.8165 1.83099 8827.68 345.985 9.88932e+07 7.31199e+06 -0.00245472 0.00588363 -0.00441631 0.00556506 0.0103351 0.000778106 0.000228502 3.52296e-05 0.0887559 0.00353753 40.9899 31.4382 167.713 65.6883 2667.8 295.478 2876.51 336.178 2876.51 336.178 0.599031 0.0195428 
300 0.278 426600000 836.702 41.32 -90.8165 1.83099 8827.68 345.985 9.88932e+07 7.31199e+06 -0.00245472 0.00588363 -0.00441631 0.00553612 0.0103351 0.000772378 0.000228502 3.49528e-05 0.0887559 0.00353753 40.9899 31.4382 167.713 65.3902 2667.8 293.67 2876.51 334 2876.51 334 0.599031 0.0194598 
300 0.278 428400000 836.702 41.32 -90.8165 1.83099 8827.68 345.985 9.88932e+07 7.31199e+06 -0.00245472 0.00588363 -0.00441631 0.00553612 0.0103351 0.000772378 0.000228502 3.49528e-05 0.0887559 0.00353753 40.9899 31.4382 167.713 65.0951 2667.8 293.67 2876.51 334 2876.51 334 0.599031 0.0193949 
300 0.278 430200000 836.702 41.32 -90.8165 1.83099 8827.68 345.985 9.88932e+07 7.31199e+06 -0.00245472 0.00588363 -0.00441631 0.00548637 0.0103351 0.000770024 0.000228502 3.46949e-05 0.0887559 0.00353753 40.9899 31.4382 167.713 64.8023 2667.8 291.84 2876.51 331.814 2876.51 331.814 0.599031 0.0193307 
300 0.278 432000000 836.702 41.32 -90.8165 1.83099 8827.68 345.985 9.88932e+07 7.31199e+06 -0.00245472 0.00588363 -0.00441631 0.00548637 0.0103351 0.000770024 0.000228502 3.46949e-05 0.0887559 0.00353753 40.9899 31.4382 167.713 64.5123 2667.8 291.84 2876.51 331.814 2876.51 331.814 0.599031 0.0192477 
300 0.278 433800000 836.702 41.32 -90.8165 1.83099 8827.68 345.985 9.88932e+07 7.31199e+06 -0.00245472 0.00588363 -0.00441631 0.00544363 0.0103351 0.000764067 0.000228502 3.4417e-05 0.0887559 0.00353753 40.9899 31.4382 167.713 64.2236 2667.8 290.067 2876.51 329.678 2876.51 329.678 0.599031 0.0192246 
300 0.278 435600000 836.702 41.32 -90.8165 1.83099 8827.68 345.985 9.88932e+07 7.31199e+06 -0.00245472 0.00588363 -0.00441631 0.00544363 0.0103351 0.000764067 0.000228502 3.4417e-05 0.0887559 0.00353753 40.9899 31.4382 167.713 63.9389 2667.8 290.067 2876.51 329.678 2876.51 329.678 0.599031 0.0191389 
300 0.278 437400000 832.143 37.7578 -89.5887 2.0519 8633.9 355.031 9.58124e+07 7.10047e+06 -0.00215478 0.00506512 -0.00529373 0.00539771 0.0101475 0.000757689 0.000221543 3.41414e-05 0.0879603 0.00343796 38.5512 29.4264 157.36 63.6563 2527.68 288.324 2723.59 327.586 2723.59 327.586 0.588517 0.0191652 
300 0.278 439200000 832.143 37.7578 -89.5887 2.0519 8633.9 355.031 9.58124e+07 7.10047e+06 -0.00215478 0.00506512 -0.00529373 0.00539771 0.0101475 0.000757689 0.000221543 3.41414e-05 0.0879603 0.00343796 38.5512 29.3474 157.36 63.3754 2527.68 288.324 2723.59 327.586 2723.59 327.586 0.588517 0.0191569 
300 0.278 441000000 832.143 37.7578 -89.5887 2.0519 8633.9 355.031 9.58124e+07 7.10047e+06 -0.00215478 0.00506512 -0.00529373 0.00535228 0.0101475 0.00075104 0.000221543 3.38393e-05 0.0879603 0.00340755 38.5512 29.1905 157.36 63.0964 2527.68 289.345 2723.59 327.691 2723.59 327.691 0.588517 0.0191447 
300 0.278 442800000 832.143 37.7578 -89.5887 2.0519 8633.9 355.031 9.58124e+07 7.10047e+06 -0.00215478 0.00506512 -0.00529373 0.00535228 0.0101475 0.00075104 0.000221543 3.38393e-05 0.0879603 0.00340755 38.5512 29.1905 157.36 62.8187 2527.68 289.345 2723.59 327.691 2723.59 327.691 0.588517 0.0190994 
300 0.278 444600000 832.143 37.7578 -89.5887 2.0519 8633.9 355.031 9.58124e+07 7.10047e+06 -0.00215478 0.00506512 -0.00529373 0.00530547 0.0101475 0.000745499 0.000221543 3.35817e-05 0.0879603 0.00337992 38.5512 28.9496 157.36 62.5438 2527.68 288.788 2723.59 327.044 2723.59 327.044 0.588517 0.0190861 
300 0.278 446400000 832.143 37.7578 -89.5887 2.0519 8633.9 355.031 9.58124e+07 7.10047e+06 -0.00215478 0.00506512 -0.00529373 0.00530547 0.0101475 0.000745499 0.000221543 3.35817e-05 0.0879603 0.00337992 38.5512 28.9496 157.36 62.2734 2527.68 288.788 2723.59 327.044 2723.59 327.044 0.588517 0.0190664 
300 0.278 448200000 832.143 37.7578 -89.5887 2.0519 8633.9 355.031 9.58124e+07 7.10047e+06 -0.00215478 0.00506512 -0.00529373 0.00526614 0.0101475 0.000746421 0.000221543 3.33757e-05 0.0879603 0.00339212 38.5512 28.9496 157.36 62.0035 2527.68 287.047 2723.59 327.044 2723.59 327.044 0.588517 0.0189942 
300 0.278 450000000 832.143 37.7578 -89.5887 2.0519 8633.9 355.031 9.58124e+07 7.10047e+06 -0.00215478 0.00506512 -0.00529373 0.00526614 0.0101475 0.000746421 0.000221543 3.33757e-05 0.0879603 0.00339212 38.5512 28.9496 157.36 61.7378 2527.68 287.047 2723.59 327.044 2723.59 327.044 0.588517 0.0189129 
300 0.278 451800000 832.143 36.8648 -89.5887 2.0519 8633.9 355.031 9.58124e+07 7.14157e+06 -0.00215478 0.00506512 -0.00529373 0.00527311 0.0101475 0.000740057 0.000221543 3.31075e-05 0.0879603 0.00337314 38.5512 28.4135 157.36 61.4748 2527.68 285.364 2723.59 322.444 2723.59 322.444 0.588517 0.0188461 
300 0.278 453600000 832.143 36.8648 -89.5887 2.0519 8633.9 355.031 9.58124e+07 7.14157e+06 -0.00215478 0.00506512 -0.00529373 0.00527311 0.0101475 0.000740057 0.000221543 3.31075e-05 0.0879603 0.00337314 38.5512 28.3947 157.36 61.2123 2527.68 285.364 2723.59 322.444 2723.59 322.444 0.588517 0.0188398 
300 0.278 455400000 832.143 36.8648 -89.5887 2.0519 8633.9 355.031 9.58124e+07 7.14157e+06 -0.00215478 0.00506512 -0.00529373 0.00524033 0.0101475 0.000737192 0.000221543 3.28764e-05 0.0879603 0.00337314 38.5512 28.3947 157.36 60.953 2527.68 284.29 2723.59 320.799 2723.59 320.799 0.588517 0.0188317 
300 0.278 457200000 832.143 36.8648 -89.5887 2.0519 8633.9 355.031 9.58124e+07 7.14157e+06 -0.00215478 0.00506512 -0.00529373 0.00524033 0.0101475 0.000737192 0.000221543 3.28764e-05 0.0879603 0.00337314 38.5512 28.3947 157.36 60.6966 2527.68 284.29 2723.59 320.799 2723.59 320.799 0.588517 0.0187522 
300 0.278 459000000 832.143 36.8648 -89.5887 2.0519 8633.9 355.031 9.58124e+07 7.14157e+06 -0.00215478 0.00506512 -0.00529373 0.00519592 0.0101475 0.000734496 0.000221543 3.26483e-05 0.0879603 0.00337314 38.5512 28.3947 157.36 60.4406 2527.68 284.407 2723.59 319.483 2723.59 319.483 0.588517 0.0187427 
300 0.278 460800000 832.143 36.8648 -89.5887 2.0519 8633.9 355.031 9.58124e+07 7.14157e+06 -0.00215478 0.00506512 -0.00529373 0.00519592 0.0101475 0.000734496 0.000221543 3.26483e-05 0.0879603 0.00337314 38.5512 28.3947 157.36 60.1881 2527.68 284.407 2723.59 319.483 2723.59 319.483 0.588517 0.0187376 
300 0.278 462600000 832.143 36.8648 -89.5887 2.0519 8633.9 355.031 9.58124e+07 7.14157e+06 -0.00215478 0.00506512 -0.00529373 0.00519723 0.0101475 0.000730217 0.000221543 3.23914e-05 0.0879603 0.00337314 38.5512 28.3947 157.36 59.9372 2527.68 284.407 2723.59 317.589 2723.59 317.589 0.588517 0.0186802 
300 0.278 464400000 832.143 36.8648 -89.5887 2.0519 8633.9 355.031 9.58124e+07 7.14157e+06 -0.00215478 0.00506512 -0.00529373 0.00519723 0.0101475 0.000730217 0.000221543 3.23914e-05 0.0879603 0.00337314 38.5512 28.3947 157.36 59.6892 2527.68 284.407 2723.59 317.589 2723.59 317.589 0.588517 0.0186153 
300 0.278 466200000 837.417 36.8648 -88.6533 2.0519 8460.46 355.031 9.23504e+07 7.14515e+06 -0.00142242 0.00506512 -0.00394132 0.00521336 0.010163 0.000725342 0.000220073 3.21536e-05 0.0880388 0.00332109 36.9267 27.4679 150.14 59.4425 2582.02 282.712 2769.09 315.689 2769.09 315.689 0.589432 0.0186603 
300 0.278 468000000 837.417 36.8648 -88.6533 2.0519 8460.46 355.031 9.23504e+07 7.14515e+06 -0.00142242 0.00506512 -0.00394132 0.00521336 0.010163 0.000725342 0.000220073 3.21536e-05 0.0880388 0.00332109 36.9267 27.397 150.14 59.1989 2582.02 282.712 2769.09 315.689 2769.09 315.689 0.589432 0.0186082 
300 0.278 469800000 837.417 36.8648 -88.6533 2.0519 8460.46 355.031 9.23504e+07 7.14515e+06 -0.00142242 0.00506512 -0.00394132 0.00517093 0.010163 0.000720357 0.000220073 3.19252e-05 0.0880388 0.00329575 36.9267 27.3532 150.14 59.732 2582.02 282.712 2769.09 314.93 2769.09 314.93 0.589432 0.0185327 
300 0.278 471600000 837.417 36.8648 -88.6533 2.0519 8460.46 355.031 9.23504e+07 7.14515e+06 -0.00142242 0.00506512 -0.00394132 0.00517093 0.010163 0.000720357 0.000220073 3.19252e-05 0.0880388 0.00329575 36.9267 27.3532 150.14 59.4886 2582.02 282.712 2769.09 314.93 2769.09 314.93 0.589432 0.0184564 
300 0.278 473400000 837.417 36.8648 -88.6533 2.0519 8460.46 355.031 9.23504e+07 7.14515e+06 -0.00142242 0.00506512 -0.00394132 0.00513779 0.010163 0.000715272 0.000220073 3.16665e-05 0.0880388 0.00327573 36.9267 27.3532 150.14 59.2473 2582.02 278.092 2769.09 312.856 2769.09 312.856 0.589432 0.0184118 
300 0.278 475200000 837.417 36.8648 -88.6533 2.0519 8460.46 355.031 9.23504e+07 7.14515e+06 -0.00142242 0.00506512 -0.00394132 0.00513779 0.010163 0.000715272 0.000220073 3.16665e-05 0.0880388 0.00327573 36.9267 27.3532 150.14 59.0081 2582.02 278.092 2769.09 312.856 2769.09 312.856 0.589432 0.018372 
300 0.278 477000000 837.417 36.8648 -88.6533 2.0519 8460.46 355.031 9.23504e+07 7.14515e+06 -0.00142242 0.00506512 -0.00394132 0.00509608 0.010163 0.000713312 0.000220073 3.14585e-05 0.0880388 0.00328181 36.9267 27.3532 150.14 58.7711 2582.02 278.092 2769.09 311.071 2769.09 311.071 0.589432 0.018333 
300 0.278 478800000 837.417 36.8648 -88.6533 2.0519 8460.46 355.031 9.23504e+07 7.14515e+06 -0.00142242 0.00506512 -0.00394132 0.00509608 0.010163 0.000713312 0.000220073 3.14585e-05 0.0880388 0.00328181 36.9267 27.3532 150.14 58.5358 2582.02 278.092 2769.09 311.071 2769.09 311.071 0.589432 0.018333 
300 0.278 480600000 837.417 36.8648 -88.6533 2.0519 8460.46 355.031 9.23504e+07 7.14515e+06 -0.00142242 0.00506512 -0.00394132 0.0050818 0.010163 0.000707593 0.000220073 3.12106e-05 0.0880388 0.00325541 36.9267 27.3532 150.14 58.3028 2582.02 276.465 2769.09 309.264 2769.09 309.264 0.589432 0.018333 
300 0.278 482400000 837.417 36.8648 -88.6533 2.0519 8460.46 355.031 9.23504e+07 7.14515e+06 -0.00142242 0.00506512 -0.00394132 0.0050818 0.010163 0.000707593 0.000220073 3.12106e-05 0.0880388 0.00325541 36.9267 27.3532 150.14 58.0687 2582.02 276.465 2769.09 309.264 2769.09 309.264 0.589432 0.018333 
300 0.278 484200000 837.417 36.8648 -88.6533 2.0519 8460.46 355.031 9.23504e+07 7.14515e+06 -0.00142242 0.00506512 -0.00394132 0.00504335 0.010163 0.000702174 0.000220073 3.10701e-05 0.0880388 0.00322937 36.9267 27.3532 150.14 62.0576 2582.02 283.53 2769.09 323.209 2769.09 323.209 0.589432 0.018333 
300 0.278 486000000 837.417 36.8648 -88.6533 2.0519 8460.46 355.031 9.23504e+07 7.14515e+06 -0.00142242 0.00506512 -0.00394132 0.00504335 0.010163 0.000702174 0.000220073 3.10701e-05 0.0880388 0.00322937 36.9267 27.3532 150.14 61.8122 2582.02 283.53 2769.09 323.209 2769.09 323.209 0.589432 0.018333 
300 0.278 487800000 837.417 36.8648 -88.6533 2.0519 8460.46 355.031 9.23504e+07 7.14515e+06 -0.00142242 0.00506512 -0.00394132 0.00502461 0.010163 0.000696658 0.000220073 3.10701e-05 0.0880388 0.00320417 36.9267 27.3532 150.14 61.57 2582.02 281.52 2769.09 320.903 2769.09 320.903 0.589432 0.018333 
300 0.278 489600000 837.417 36.8648 -88.6533 2.0519 8460.46 355.031 9.23504e+07 7.14515e+06 -0.00142242 0.00506512 -0.00394132 0.00502461 0.010163 0.000696658 0.000220073 3.10701e-05 0.0880388 0.00320417 36.9267 27.3532 150.14 61.3288 2582.02 281.52 2769.09 320.903 2769.09 320.903 0.589432 0.018333 
300 0.278 491400000 837.417 36.8648 -88.6533 2.0519 8460.46 355.031 9.23504e+07 7.14515e+06 -0.00142242 0.00506512 -0.00394132 0.00510996 0.010163 0.000708726 0.000220073 3.10701e-05 0.0880388 0.00324906 36.9267 27.3532 150.14 61.0899 2582.02 280.291 2769.09 319.151 2769.09 319.151 0.589432 0.018333 
300 0.278 493200000 837.417 36.8648 -88.6533 2.0519 8460.46 355.031 9.23504e+07 7.14515e+06 -0.00142242 0.00506512 -0.00394132 0.00510996 0.010163 0.000708726 0.000220073 3.10701e-05 0.0880388 0.00324906 36.9267 27.3532 150.14 60.8521 2582.02 280.291 2769.09 319.151 2769.09 319.151 0.589432 0.018333 
300 0.278 495000000 853.078 37.7359 -88.9875 1.88143 8510.36 331.45 9.31468e+07 6.74281e+06 -0.000135033 0.00481787 -0.00480503 0.00508283 0.01019 0.000703411 0.00021864 3.07658e-05 0.0883535 0.00322378 35.3898 25.7543 175.252 60.6167 2687.79 285.867 2898.44 330.411 2898.44 330.411 0.591237 0.0180641 
300 0.278 496800000 853.078 37.7359 -88.9875 1.88143 8510.36 331.45 9.31468e+07 6.74281e+06 -0.000135033 0.00481787 -0.00480503 0.00508283 0.01019 0.000703411 0.00021864 3.07658e-05 0.0883535 0.00322378 35.3898 25.6905 175.252 60.3831 2687.79 285.867 2898.44 330.411 2898.44 330.411 0.591237 0.0180592 
300 0.278 498600000 853.078 37.7359 -88.9875 1.88143 8510.36 331.45 9.31468e+07 6.74281e+06 -0.000135033 0.00481787 -0.00480503 0.00504987 0.01019 0.000698045 0.00021864 3.05335e-05 0.0883535 0.00320217 35.3898 25.5638 175.252 60.1514 2687.79 285.867 2898.44 330.411 2898.44 330.411 0.591237 0.0179949 
300 0.278 500400000 853.078 37.7359 -88.9875 1.88143 8510.36 331.45 9.31468e+07 6.74281e+06 -0.000135033 0.00481787 -0.00480503 0.00504987 0.01019 0.000698045 0.00021864 3.05335e-05 0.0883535 0.00320217 35.3898 25.5638 175.252 59.9208 2687.79 285.867 2898.44 330.411 2898.44 330.411 0.591237 0.0179879 
300 0.278 502200000 853.078 37.7359 -88.9875 1.88143 8510.36 331.45 9.31468e+07 6.74281e+06 -0.000135033 0.00481787 -0.00480503 0.00501288 0.01019 0.000695 0.00021864 3.0339e-05 0.0883535 0.00319462 35.3898 25.3745 175.252 59.6933 2687.79 293.3 2898.44 330.411 2898.44 330.411 0.591237 0.0179839 
300 0.278 504000000 853.078 37.7359 -88.9875 1.88143 8510.36 331.45 9.31468e+07 6.74281e+06 -0.000135033 0.00481787 -0.00480503 0.00501288 0.01019 0.000695 0.00021864 3.0339e-05 0.0883535 0.00319462 35.3898 25.3745 175.252 59.4673 2687.79 293.3 2898.44 330.411 2898.44 330.411 0.591237 0.0179162 
300 0.278 505800000 853.078 37.7359 -88.9875 1.88143 8510.36 331.45 9.31468e+07 6.74281e+06 -0.000135033 0.00481787 -0.00480503 0.00498037 0.01019 0.00069068 0.00021864 3.01338e-05 0.0883535 0.00317664 35.3898 25.3745 175.252 59.2408 2687.79 293.3 2898.44 330.411 2898.44 330.411 0.591237 0.0178961 
300 0.278 507600000 853.078 37.7359 -88.9875 1.88143 8510.36 331.45 9.31468e+07 6.74281e+06 -0.000135033 0.00481787 -0.00480503 0.00498037 0.01019 0.00069068 0.00021864 3.01338e-05 0.0883535 0.00317664 35.3898 25.3745 175.252 59.0176 2687.79 293.3 2898.44 330.411 2898.44 330.411 0.591237 0.0178459 
300 0.278 509400000 853.078 37.7359 -88.9875 1.88143 8510.36 331.45 9.31468e+07 6.74281e+06 -0.000135033 0.00481787 -0.00480503 0.00494353 0.01019 0.00068546 0.00021864 2.99195e-05 0.0883535 0.0031534 35.3898 24.9753 175.252 58.7955 2687.79 294.109 2898.44 333.85 2898.44 333.85 0.591237 0.0178333 
300 0.278 511200000 853.078 37.7359 -88.9875 1.88143 8510.36 331.45 9.31468e+07 6.74281e+06 -0.000135033 0.00481787 -0.00480503 0.00494353 0.01019 0.00068546 0.00021864 2.99195e-05 0.0883535 0.0031534 35.3898 24.9333 175.252 58.576 2687.79 294.109 2898.44 333.85 2898.44 333.85 0.591237 0.0178114 
300 0.278 513000000 853.078 37.7359 -88.9875 1.88143 8510.36 331.45 9.31468e+07 6.74281e+06 -0.000135033 0.00481787 -0.00480503 0.00490982 0.01019 0.000680799 0.00021864 2.97146e-05 0.0883535 0.00313134 35.3898 24.9333 175.252 58.3585 2687.79 294.109 2898.44 333.85 2898.44 333.85 0.591237 0.0177535 
300 0.278 514800000 853.078 37.7359 -88.9875 1.88143 8510.36 331.45 9.31468e+07 6.74281e+06 -0.000135033 0.00481787 -0.00480503 0.00490982 0.01019 0.000680799 0.00021864 2.97146e-05 0.0883535 0.00313134 35.3898 24.9333 175.252 58.1426 2687.79 294.109 2898.44 333.85 2898.44 333.85 0.591237 0.0176873 
300 0.278 516600000 853.078 37.7359 -88.9875 1.88143 8510.36 331.45 9.31468e+07 6.74281e+06 -0.000135033 0.00481787 -0.00480503 0.00487379 0.01019 0.000678639 0.00021864 2.95338e-05 0.0883535 0.00313081 35.3898 24.9333 175.252 57.9276 2687.79 294.109 2898.44 333.85 2898.44 333.85 0.591237 0.0176769 
300 0.278 518400000 853.078 37.7359 -88.9875 1.88143 8510.36 331.45 9.31468e+07 6.74281e+06 -0.000135033 0.00481787 -0.00480503 0.00487379 0.01019 0.000678639 0.00021864 2.95338e-05 0.0883535 0.00313081 35.3898 24.9333 175.252 57.7152 2687.79 294.109 2898.44 333.85 2898.44 333.85 0.591237 0.017672 
300 0.278 520200000 853.078 37.7359 -88.9875 1.88143 8510.36 331.45 9.31468e+07 6.74281e+06 -0.000135033 0.00481787 -0.00480503 0.00484534 0.01019 0.000679499 0.00021864 2.94234e-05 0.0883535 0.00313752 35.3898 24.9333 175.252 57.5042 2687.79 294.109 2898.44 333.85 2898.44 333.85 0.591237 0.0176127 
300 0.278 522000000 853.078 37.7359 -88.9875 1.88143 8510.36 331.45 9.31468e+07 6.74281e+06 -0.000135033 0.00481787 -0.00480503 0.00484534 0.01019 0.000679499 0.00021864 2.94234e-05 0.0883535 0.00313752 35.3898 24.9333 175.252 57.2946 2687.79 294.109 2898.44 333.85 2898.44 333.85 0.591237 0.0175599 
300 0.278 523800000 872.272 37.7359 -88.9264 1.88143 8505.16 331.45 9.333e+07 6.6506e+06 -0.000205655 0.00481787 -0.00501382 0.00480974 0.01012 0.000674705 0.000213719 2.92101e-05 0.0881599 0.00311893 33.864 24.2423 167.107 57.0863 2770.61 285.948 2971.58 324.763 2971.58 324.763 0.598847 0.0175639 
300 0.278 525600000 872.272 37.7359 -88.9264 1.88143 8505.16 331.45 9.333e+07 6.6506e+06 -0.000205655 0.00481787 -0.00501382 0.00480974 0.01012 0.000674705 0.000213719 2.92101e-05 0.0881599 0.00311893 33.864 24.185 167.107 57.1077 2770.61 285.948 2971.58 324.763 2971.58 324.763 0.598847 0.0175 
300 0.278 527400000 872.272 37.7359 -88.9264 1.88143 8505.16 331.45 9.333e+07 6.6506e+06 -0.000205655 0.00481787 -0.00501382 0.00479308 0.01012 0.000671119 0.000213719 2.90269e-05 0.0881599 0.00310461 33.864 24.116 167.107 56.9021 2770.61 285.948 2971.58 324.763 2971.58 324.763 0.598847 0.0174361 
300 0.278 529200000 872.272 37.7359 -88.9264 1.88143 8505.16 331.45 9.333e+07 6.6506e+06 -0.000205655 0.00481787 -0.00501382 0.00479308 0.01012 0.000671119 0.000213719 2.90269e-05 0.0881599 0.00310461 33.864 24.116 167.107 56.6973 2770.61 285.948 2971.58 324.763 2971.58 324.763 0.598847 0.017429 
300 0.278 531000000 872.272 37.7359 -88.9264 1.88143 8505.16 331.45 9.333e+07 6.6506e+06 -0.000205655 0.00481787 -0.00501382 0.00477608 0.01012 0.000666331 0.000213719 2.88169e-05 0.0881599 0.00308226 33.864 24.116 167.107 56.4939 2770.61 285.948 2971.58 324.763 2971.58 324.763 0.598847 0.0174145 
300 0.278 532800000 872.272 37.7359 -88.9264 1.88143 8505.16 331.45 9.333e+07 6.6506e+06 -0.000205655 0.00481787 -0.00501382 0.00477608 0.01012 0.000666331 0.000213719 2.88169e-05 0.0881599 0.00308226 33.864 24.116 167.107 56.2926 2770.61 285.948 2971.58 324.763 2971.58 324.763 0.598847 0.017428 
300 0.278 534600000 872.272 37.7359 -88.9264 1.88143 8505.16 331.45 9.333e+07 6.6506e+06 -0.000205655 0.00481787 -0.00501382 0.00475458 0.01012 0.000661592 0.000213719 2.86242e-05 0.0881599 0.00306034 33.864 24.116 167.107 56.0914 2770.61 285.948 2971.58 324.763 2971.58 324.763 0.598847 0.0174191 
300 0.278 536400000 872.272 37.7359 -88.9264 1.88143 8505.16 331.45 9.333e+07 6.6506e+06 -0.000205655 0.00481787 -0.00501382 0.00475458 0.01012 0.000661592 0.000213719 2.86242e-05 0.0881599 0.00306034 33.864 24.116 167.107 55.8925 2770.61 285.948 2971.58 324.763 2971.58 324.763 0.598847 0.017417 
300 0.278 538200000 872.272 37.7359 -88.9264 1.88143 8505.16 331.45 9.333e+07 6.6506e+06 -0.000205655 0.00481787 -0.00501382 0.00476212 0.01012 0.000657583 0.000213719 2.84215e-05 0.0881599 0.00304506 33.864 24.116 167.107 55.6952 2770.61 278.482 2971.58 316.163 2971.58 316.163 0.598847 0.0174006 
300 0.278 540000000 872.272 37.7359 -88.9264 1.88143 8505.16 331.45 9.333e+07 6.6506e+06 -0.000205655 0.00481787 -0.00501382 0.00476212 0.01012 0.000657583 0.000213719 2.84215e-05 0.0881599 0.00304506 33.864 24.116 167.107 55.4994 2770.61 278.482 2971.58 316.163 2971.58 316.163 0.598847 0.017388 
300 0.278 541800000 872.272 37.7359 -88.9264 1.88143 8505.16 331.45 9.333e+07 6.6506e+06 -0.000205655 0.00481787 -0.00501382 0.00474017 0.01012 0.000653514 0.000213719 2.82456e-05 0.0881599 0.0030244 33.864 24.116 167.107 55.305 2770.61 278.482 2971.58 316.163 2971.58 316.163 0.598847 0.0173589 
300 0.278 543600000 872.272 37.7359 -88.9264 1.88143 8505.16 331.45 9.333e+07 6.6506e+06 -0.000205655 0.00481787 -0.00501382 0.00474017 0.01012 0.000653514 0.000213719 2.82456e-05 0.0881599 0.0030244 33.864 24.116 167.107 55.1114 2770.61 278.482 2971.58 316.163 2971.58 316.163 0.598847 0.0173063 
300 0.278 545400000 872.272 37.7359 -88.9264 1.88143 8505.16 331.45 9.333e+07 6.6506e+06 -0.000205655 0.00481787 -0.00501382 0.00471874 0.01012 0.000649872 0.000213719 2.80582e-05 0.0881599 0.00300914 33.864 24.116 167.107 54.9183 2770.61 278.482 2971.58 316.163 2971.58 316.163 0.598847 0.0172978 
300 0.278 547200000 872.272 37.7359 -88.9264 1.88143 8505.16 331.45 9.333e+07 6.6506e+06 -0.000205655 0.00481787 -0.00501382 0.00471874 0.01012 0.000649872 0.000213719 2.80582e-05 0.0881599 0.00300914 33.864 24.116 167.107 54.7282 2770.61 278.482 2971.58 316.163 2971.58 316.163 0.598847 0.0172934 
300 0.278 549000000 872.272 37.7359 -88.9264 1.88143 8505.16 331.45 9.333e+07 6.6506e+06 -0.000205655 0.00481787 -0.00501382 0.00468625 0.01012 0.000645592 0.000213719 2.78738e-05 0.0881599 0.00298939 33.864 24.116 167.107 54.538 2770.61 278.482 2971.58 316.163 2971.58 316.163 0.598847 0.017284 
300 0.278 550800000 872.272 37.7359 -88.9264 1.88143 8505.16 331.45 9.333e+07 6.6506e+06 -0.000205655 0.00481787 -0.00501382 0.00468625 0.01012 0.000645592 0.000213719 2.78738e-05 0.0881599 0.00298939 33.864 24.116 167.107 54.3501 2770.61 278.482 2971.58 316.163 2971.58 316.163 0.598847 0.017237 
300 0.278 552600000 880.097 42.1195 -88.6866 1.69626 8465.21 310.207 9.27822e+07 6.51174e+06 -0.000782033 0.00432578 -0.00427162 0.00465703 0.0102139 0.000651324 0.000215416 2.80706e-05 0.0887118 0.00300771 32.4349 22.8982 165.094 54.1638 2814.97 271.804 3012.5 308.006 3012.5 308.006 0.596404 0.0171777 
300 0.278 554400000 880.097 42.1195 -88.6866 1.69626 8465.21 310.207 9.27822e+07 6.51174e+06 -0.000782033 0.00432578 -0.00427162 0.00465703 0.0102139 0.000651324 0.000215416 2.80706e-05 0.0887118 0.00300771 32.4349 22.8467 165.094 53.9787 2814.97 271.804 3012.5 308.006 3012.5 308.006 0.596404 0.0172109 
300 0.278 556200000 880.097 42.1195 -88.6866 1.69626 8465.21 310.207 9.27822e+07 6.51174e+06 -0.000782033 0.00432578 -0.00427162 0.00462525 0.0102139 0.000647454 0.000215416 2.7904e-05 0.0887118 0.00298787 32.4349 22.7448 165.094 53.7943 2814.97 271.804 3012.5 308.006 3012.5 308.006 0.596404 0.0172051 
300 0.278 558000000 880.097 42.1195 -88.6866 1.69626 8465.21 310.207 9.27822e+07 6.51174e+06 -0.000782033 0.00432578 -0.00427162 0.00462525 0.0102139 0.000647454 0.000215416 2.7904e-05 0.0887118 0.00298787 32.4349 22.7448 165.094 53.6108 2814.97 271.804 3012.5 308.006 3012.5 308.006 0.596404 0.0171969 
300 0.278 559800000 880.097 42.1195 -88.6866 1.69626 8465.21 310.207 9.27822e+07 6.51174e+06 -0.000782033 0.00432578 -0.00427162 0.00460716 0.0102139 0.000647004 0.000215416 2.7817e-05 0.0887118 0.00298594 32.4349 22.5982 165.094 53.4294 2814.97 271.804 3012.5 308.006 3012.5 308.006 0.596404 0.0171478 
300 0.278 561600000 880.097 42.1195 -88.6866 1.69626 8465.21 310.207 9.27822e+07 6.51174e+06 -0.000782033 0.00432578 -0.00427162 0.00460716 0.0102139 0.000647004 0.000215416 2.7817e-05 0.0887118 0.00298594 32.4349 22.5982 165.094 53.6175 2814.97 271.804 3012.5 308.006 3012.5 308.006 0.596404 0.0170972 
300 0.278 563400000 880.097 42.1195 -88.6866 1.69626 8465.21 310.207 9.27822e+07 6.51174e+06 -0.000782033 0.00432578 -0.00427162 0.00461256 0.0102139 0.000645471 0.000215416 2.76475e-05 0.0887118 0.00298465 32.4349 22.5982 165.094 56.4509 2814.97 278.244 3012.5 313.873 3012.5 313.873 0.596404 0.0170511 
300 0.278 565200000 880.097 42.1195 -88.6866 1.69626 8465.21 310.207 9.27822e+07 6.51174e+06 -0.000782033 0.00432578 -0.00427162 0.00461256 0.0102139 0.000645471 0.000215416 2.76475e-05 0.0887118 0.00298465 32.4349 22.5982 165.094 56.4509 2814.97 278.244 3012.5 313.873 3012.5 313.873 0.596404 0.017038 
300 0.278 567000000 880.097 42.1195 -88.6866 1.69626 8465.21 302.54 9.27822e+07 6.33576e+06 -0.000782033 0.00432578 -0.00427162 0.00458275 0.0102139 0.000642254 0.000215416 2.75041e-05 0.0887118 0.00296769 32.4349 22.2803 165.094 56.0738 2814.97 301.606 3012.5 340.619 3012.5 340.619 0.596404 0.016991 
300 0.278 568800000 880.097 42.1195 -88.6866 1.69626 8465.21 302.54 9.27822e+07 6.33576e+06 -0.000782033 0.00432578 -0.00427162 0.00458275 0.0102139 0.000642254 0.000215416 2.75041e-05 0.0887118 0.00296769 32.4349 22.2504 165.094 56.0738 2814.97 301.606 3012.5 340.619 3012.5 340.619 0.596404 0.0169843 
300 0.278 570600000 880.097 42.1195 -88.6866 1.69626 8465.21 302.54 9.27822e+07 6.33576e+06 -0.000782033 0.00432578 -0.00427162 0.00458033 0.0102139 0.000638301 0.000215416 2.73198e-05 0.0887118 0.00295275 32.4349 22.2504 165.094 55.7071 2814.97 301.606 3012.5 340.619 3012.5 340.619 0.596404 0.0169521 
300 0.278 572400000 880.097 42.1195 -88.6866 1.69626 8465.21 302.54 9.27822e+07 6.33576e+06 -0.000782033 0.00432578 -0.00427162 0.00458033 0.0102139 0.000638301 0.000215416 2.73198e-05 0.0887118 0.00295275 32.4349 22.2504 165.094 55.7071 2814.97 301.606 3012.5 340.619 3012.5 340.619 0.596404 0.0169497 
300 0.278 574200000 880.097 42.1195 -88.6866 1.69626 8465.21 302.54 9.27822e+07 6.33576e+06 -0.000782033 0.00432578 -0.00427162 0.00455003 0.0102139 0.000634332 0.000215416 2.71495e-05 0.0887118 0.00293463 32.4349 22.2504 165.094 55.3453 2814.97 301.606 3012.5 340.619 3012.5 340.619 0.596404 0.0168932 
300 0.278 576000000 880.097 42.1195 -88.6866 1.69626 8465.21 302.54 9.27822e+07 6.33576e+06 -0.000782033 0.00432578 -0.00427162 0.00455003 0.0102139 0.000634332 0.000215416 2.71495e-05 0.0887118 0.00293463 32.4349 22.2504 165.094 55.3453 2814.97 301.606 3012.5 340.619 3012.5 340.619 0.596404 0.0168378 
300 0.278 577800000 880.097 42.1195 -88.6866 1.69626 8465.21 302.54 9.27822e+07 6.33576e+06 -0.000782033 0.00432578 -0.00427162 0.00452222 0.0102139 0.000630818 0.000215416 2.69967e-05 0.0887118 0.00291644 32.4349 22.2504 165.094 54.9899 2814.97 301.606 3012.5 340.619 3012.5 340.619 0.596404 0.0167856 
300 0.278 579600000 880.097 42.1195 -88.6866 1.69626 8465.21 302.54 9.27822e+07 6.33576e+06 -0.000782033 0.00432578 -0.00427162 0.00452222 0.0102139 0.000630818 0.000215416 2.69967e-05 0.0887118 0.00291644 32.4349 22.2504 165.094 54.9899 2814.97 301.606 3012.5 340.619 3012.5 340.619 0.596404 0.0167302 
300 0.278 581400000 869.908 42.1195 -88.6581 1.69626 8449.08 297.681 9.20408e+07 6.21323e+06 -0.00151154 0.00432578 -0.00469594 0.00449272 0.0103106 0.000626954 0.000216018 2.68389e-05 0.0894112 0.00289737 31.3384 21.695 180.632 54.6383 2924.1 296.039 3136.07 334.063 3136.07 334.063 0.594792 0.0167614 
300 0.278 583200000 869.908 42.1195 -88.6581 1.69626 8449.08 297.681 9.20408e+07 6.21323e+06 -0.00151154 0.00432578 -0.00469594 0.00449272 0.0103106 0.000626954 0.000216018 2.68389e-05 0.0894112 0.00289737 31.3384 21.648 180.632 54.6383 2924.1 296.039 3136.07 334.063 3136.07 334.063 0.594792 0.0167286 
300 0.278 585000000 869.908 42.1195 -88.6581 1.69626 8449.08 297.681 9.20408e+07 6.21323e+06 -0.00151154 0.00432578 -0.00469594 0.00447862 0.0103106 0.000623942 0.000216018 2.66897e-05 0.0894112 0.00288399 31.3384 21.6167 180.632 54.2904 2924.1 296.039 3136.07 334.063 3136.07 334.063 0.594792 0.0166755 
300 0.278 586800000 869.908 42.1195 -88.6581 1.69626 8449.08 297.681 9.20408e+07 6.21323e+06 -0.00151154 0.00432578 -0.00469594 0.00447862 0.0103106 0.000623942 0.000216018 2.66897e-05 0.0894112 0.00288399 31.3384 21.6167 180.632 54.2904 2924.1 296.039 3136.07 334.063 3136.07 334.063 0.594792 0.0166431 
300 0.278 588600000 869.908 42.1195 -88.6581 1.69626 8449.08 297.681 9.20408e+07 6.21323e+06 -0.00151154 0.00432578 -0.00469594 0.00447368 0.0103106 0.000619994 0.000216018 2.65204e-05 0.0894112 0.0028681 31.3384 21.6167 180.632 53.9474 2924.1 296.039 3136.07 334.063 3136.07 334.063 0.594792 0.0165903 
300 0.278 590400000 869.908 42.1195 -88.6581 1.69626 8449.08 297.681 9.20408e+07 6.79597e+06 -0.00151154 0.00432578 -0.00469594 0.00447368 0.0103106 0.000619994 0.000216018 2.65204e-05 0.0894112 0.0028681 31.3384 21.6167 180.632 53.9474 2924.1 296.039 3136.07 334.063 3136.07 334.063 0.594792 0.0165853 
300 0.278 592200000 869.908 42.1195 -88.6581 1.69626 8449.08 297.681 9.20408e+07 6.78049e+06 -0.00151154 0.00432578 -0.00469594 0.00444752 0.0103106 0.000618034 0.000216018 2.64099e-05 0.0894112 0.00285838 31.3384 21.6167 180.632 53.6085 2924.1 296.039 3136.07 334.063 3136.07 334.063 0.594792 0.0165802 
300 0.278 594000000 869.908 42.1195 -88.6581 1.69626 8449.08 297.681 9.20408e+07 6.76331e+06 -0.00151154 0.00432578 -0.00469594 0.00444752 0.0103106 0.000618034 0.000216018 2.64099e-05 0.0894112 0.00285838 31.3384 21.6167 180.632 53.6085 2924.1 296.039 3136.07 334.063 3136.07 334.063 0.594792 0.0165435 
300 0.278 595800000 869.908 42.1195 -88.6581 1.69626 8449.08 297.681 9.20408e+07 6.74646e+06 -0.00151154 0.00432578 -0.00469594 0.00441991 0.0103106 0.000616908 0.000216018 2.62766e-05 0.0894112 0.00286305 31.3384 21.6167 180.632 53.2742 2924.1 290.95 3136.07 328.269 3136.07 328.269 0.594792 0.0164999 
300 0.278 597600000 869.908 42.1195 -88.6581 1.69626 8449.08 297.681 9.20408e+07 6.72611e+06 -0.00151154 0.00432578 -0.00469594 0.00441991 0.0103106 0.000616908 0.000216018 2.62766e-05 0.0894112 0.00286305 31.3384 21.6167 180.632 53.2742 2924.1 290.95 3136.07 328.269 3136.07 328.269 0.594792 0.01649 
300 0.278 599400000 869.908 42.1195 -88.6581 1.69626 8449.08 297.681 9.20408e+07 6.70497e+06 -0.00151154 0.00432578 -0.00469594 0.00439651 0.0103106 0.000613013 0.000216018 2.6119e-05 0.0894112 0.00284497 31.3384 21.6167 180.632 52.9398 2924.1 290.95 3136.07 328.269 3136.07 328.269 0.594792 0.0164999 
300 0.278 601200000 869.908 42.1195 -88.6581 1.69626 8449.08 297.681 9.20408e+07 6.68594e+06 -0.00151154 0.00432578 -0.00469594 0.00439651 0.0103106 0.000613013 0.000216018 2.6119e-05 0.0894112 0.00284497 31.3384 21.6167 180.632 52.9398 2924.1 290.95 3136.07 328.269 3136.07 328.269 0.594792 0.0164583 
300 0.278 603000000 869.908 42.1195 -88.6581 1.69626 8449.08 297.681 9.20408e+07 6.6648e+06 -0.00151154 0.00432578 -0.00469594 0.00437587 0.0103106 0.000609889 0.000216018 2.59793e-05 0.0894112 0.00282873 31.3384 21.6167 180.632 52.6126 2924.1 290.95 3136.07 328.269 3136.07 328.269 0.594792 0.0164542 
300 0.278 604800000 869.908 42.1195 -88.6581 1.69626 8449.08 297.681 9.20408e+07 6.64548e+06 -0.00151154 0.00432578 -0.00469594 0.00437587 0.0103106 0.000609889 0.000216018 2.59793e-05 0.0894112 0.00282873 31.3384 21.6167 180.632 52.6126 2924.1 290.95 3136.07 328.269 3136.07 328.269 0.594792 0.0164052 
300 0.278 606600000 869.908 42.1195 -88.6581 1.69626 8449.08 297.681 9.20408e+07 6.6276e+06 -0.00151154 0.00432578 -0.00469594 0.00435493 0.0103106 0.000607563 0.000216018 2.58439e-05 0.0894112 0.00282194 31.3384 21.6167 180.632 52.289 2924.1 290.95 3136.07 328.269 3136.07 328.269 0.594792 0.0163794 
300 0.278 608400000 869.908 42.1195 -88.6581 1.69626 8449.08 297.681 9.20408e+07 6.60682e+06 -0.00151154 0.00432578 -0.00469594 0.00435493 0.0103106 0.000607563 0.000216018 2.58439e-05 0.0894112 0.00282194 31.3384 21.6167 180.632 52.289 2924.1 290.95 3136.07 328.269 3136.07 328.269 0.594792 0.0163528 
300 0.278 610200000 871.137 42.2669 -88.613 1.88386 8456.6 325.942 9.37692e+07 6.58693e+06 7.51048e-05 0.00397722 -0.00366013 0.00433877 0.0101693 0.000603781 0.000211114 2.74483e-05 0.088674 0.00280446 30.2472 20.612 173.281 51.9686 2913.89 285.056 3117.42 320.973 3117.42 320.973 0.59147 0.0163483 
300 0.278 612000000 871.137 42.2669 -88.613 1.88386 8456.6 325.942 9.37692e+07 6.56736e+06 7.51048e-05 0.00397722 -0.00366013 0.00433877 0.0101693 0.000603781 0.000211114 2.74483e-05 0.088674 0.00280446 30.2472 20.569 173.281 51.9686 2913.89 285.056 3117.42 320.973 3117.42 320.973 0.59147 0.0163 
300 0.278 613800000 871.137 42.2669 -88.613 1.88386 8456.6 325.942 9.37692e+07 6.55026e+06 7.51048e-05 0.00397722 -0.00366013 0.00431317 0.0101693 0.000600167 0.000211114 2.74483e-05 0.088674 0.00279029 30.2472 20.4842 173.281 51.6535 2913.89 285.056 3117.42 320.973 3117.42 320.973 0.59147 0.0162951 
300 0.278 615600000 871.137 42.2669 -88.613 1.88386 8456.6 325.942 9.37692e+07 6.53172e+06 7.51048e-05 0.00397722 -0.00366013 0.00431317 0.0101693 0.000600167 0.000211114 2.74483e-05 0.088674 0.00279029 30.2472 20.4837 173.281 51.6535 2913.89 285.056 3117.42 320.973 3117.42 320.973 0.59147 0.0162451 
300 0.278 617400000 871.137 42.2669 -88.613 1.88386 8456.6 325.942 9.37692e+07 6.5174e+06 7.51048e-05 0.00397722 -0.00366013 0.00429852 0.0101693 0.000596844 0.000211114 2.74483e-05 0.088674 0.0027759 30.2472 20.3649 173.281 51.344 2913.89 285.056 3117.42 320.973 3117.42 320.973 0.59147 0.0161977 
300 0.278 619200000 871.137 42.2669 -88.613 1.88386 8456.6 325.942 9.37692e+07 6.50183e+06 7.51048e-05 0.00397722 -0.00366013 0.00429852 0.0101693 0.000596844 0.000211114 2.74483e-05 0.088674 0.0027759 30.2472 20.3649 173.281 51.344 2913.89 285.056 3117.42 320.973 3117.42 320.973 0.59147 0.0161539 
300 0.278 621000000 871.137 42.2669 -88.613 1.88386 8456.6 325.942 9.37692e+07 6.48229e+06 7.51048e-05 0.00397722 -0.00366013 0.00427647 0.0101693 0.000593796 0.000211114 2.74483e-05 0.088674 0.0027603 30.2472 20.3649 173.281 51.0365 2913.89 285.056 3117.42 320.973 3117.42 320.973 0.59147 0.0161563 
300 0.278 622800000 871.137 42.2669 -88.613 1.88386 8456.6 325.942 9.37692e+07 6.46248e+06 7.51048e-05 0.00397722 -0.00366013 0.00427647 0.0101693 0.000593796 0.000211114 2.74483e-05 0.088674 0.0027603 30.2472 20.3649 173.281 51.0365 2913.89 285.056 3117.42 320.973 3117.42 320.973 0.59147 0.0161521 
300 0.278 624600000 871.137 42.2669 -88.613 1.88386 8456.6 325.942 9.37692e+07 6.44331e+06 7.51048e-05 0.00397722 -0.00366013 0.00425118 0.0101693 0.000590688 0.000211114 2.74483e-05 0.088674 0.00274461 30.2472 20.1101 173.281 50.7292 2913.89 280.656 3117.42 315.897 3117.42 315.897 0.59147 0.0161038 
300 0.278 626400000 871.137 42.2669 -88.613 1.88386 8456.6 325.942 9.37692e+07 6.42459e+06 7.51048e-05 0.00397722 -0.00366013 0.00425118 0.0101693 0.000590688 0.000211114 2.74483e-05 0.088674 0.00274461 30.2472 20.0792 173.281 50.7292 2913.89 280.656 3117.42 315.897 3117.42 315.897 0.59147 0.016088 
300 0.278 628200000 871.137 42.2669 -88.613 1.88386 8456.6 325.942 9.37692e+07 6.40707e+06 7.51048e-05 0.00397722 -0.00366013 0.00425003 0.0101693 0.000591259 0.000211114 2.74483e-05 0.088674 0.00274467 30.2472 20.0792 173.281 50.4289 2913.89 280.656 3117.42 315.897 3117.42 315.897 0.59147 0.0160397 
300 0.278 630000000 871.137 42.2669 -88.613 1.88386 8456.6 325.942 9.37692e+07 6.38885e+06 7.51048e-05 0.00397722 -0.00366013 0.00425003 0.0101693 0.000591259 0.000211114 2.74483e-05 0.088674 0.00274467 30.2472 20.0792 173.281 50.4289 2913.89 280.656 3117.42 315.897 3117.42 315.897 0.59147 0.0160342 
300 0.278 631800000 871.137 42.2669 -88.613 1.88386 8456.6 325.942 9.37692e+07 6.37268e+06 7.51048e-05 0.00397722 -0.00366013 0.00422651 0.0101693 0.000588029 0.000211114 2.74483e-05 0.088674 0.00272848 30.2472 20.0792 173.281 50.1292 2913.89 280.656 3117.42 315.897 3117.42 315.897 0.59147 0.0160235 
300 0.278 633600000 871.137 42.2669 -88.613 1.88386 8456.6 325.942 9.37692e+07 6.37268e+06 7.51048e-05 0.00397722 -0.00366013 0.00422651 0.0101693 0.000588029 0.000211114 2.74483e-05 0.088674 0.00272848 30.2472 20.0792 173.281 50.1292 2913.89 280.656 3117.42 315.897 3117.42 315.897 0.59147 0.0159753 
300 0.278 635400000 871.137 42.2669 -88.613 1.88386 8456.6 325.942 9.37692e+07 6.37268e+06 7.51048e-05 0.00397722 -0.00366013 0.00421602 0.0101693 0.000584753 0.000211114 2.74483e-05 0.088674 0.00271433 30.2472 20.0792 173.281 49.8364 2913.89 280.656 3117.42 315.897 3117.42 315.897 0.59147 0.01595 
300 0.278 637200000 871.137 42.2669 -88.613 1.88386 8456.6 325.942 9.37692e+07 6.37268e+06 7.51048e-05 0.00397722 -0.00366013 0.00421602 0.0101693 0.000584753 0.000211114 2.74483e-05 0.088674 0.00271433 30.2472 20.0792 173.281 49.8364 2913.89 280.656 3117.42 315.897 3117.42 315.897 0.59147 0.0159219 
300 0.278 639000000 871.137 42.2669 -88.613 1.88386 8456.6 325.942 9.37692e+07 6.30442e+06 7.51048e-05 0.00397722 -0.00366013 0.00419781 0.0101693 0.000583428 0.000211114 2.74483e-05 0.088674 0.0027056 30.2472 19.6321 173.281 49.5484 2913.89 275.533 3117.42 310.136 3117.42 310.136 0.59147 0.0158746 
300 0.278 640800000 871.137 42.2669 -88.613 1.88386 8456.6 325.942 9.37692e+07 6.2895e+06 7.51048e-05 0.00397722 -0.00366013 0.00419781 0.0101693 0.000583428 0.000211114 2.74483e-05 0.088674 0.0027056 30.2472 19.5926 173.281 49.5484 2913.89 275.533 3117.42 310.136 3117.42 310.136 0.59147 0.0158726 
300 0.278 642600000 871.137 42.2669 -88.613 1.88386 8456.6 325.942 9.37692e+07 6.27856e+06 7.51048e-05 0.00397722 -0.00366013 0.00419954 0.0101693 0.00058058 0.000211114 2.74483e-05 0.088674 0.00269181 30.2472 19.5655 173.281 49.2633 2913.89 275.533 3117.42 310.136 3117.42 310.136 0.59147 0.0158282 
300 0.278 644400000 871.137 42.2669 -88.613 1.88386 8456.6 325.942 9.37692e+07 6.26572e+06 7.51048e-05 0.00397722 -0.00366013 0.00419954 0.0101693 0.00058058 0.000211114 2.74483e-05 0.088674 0.00269181 30.2472 19.5655 173.281 49.2633 2913.89 275.533 3117.42 310.136 3117.42 310.136 0.59147 0.0158232 
300 0.278 646200000 871.137 42.2669 -88.613 1.88386 8456.6 325.942 9.37692e+07 6.25308e+06 7.51048e-05 0.00397722 -0.00366013 0.00417808 0.0101693 0.000578143 0.000211114 2.74483e-05 0.088674 0.00267916 30.2472 19.5655 173.281 48.9798 2913.89 275.533 3117.42 310.136 3117.42 310.136 0.59147 0.015782 
300 0.278 648000000 871.137 42.2669 -88.613 1.88386 8456.6 325.942 9.37692e+07 6.25308e+06 7.51048e-05 0.00397722 -0.00366013 0.00417808 0.0101693 0.000578143 0.000211114 2.74483e-05 0.088674 0.00267916 30.2472 19.5655 173.281 48.9798 2913.89 275.533 3117.42 310.136 3117.42 310.136 0.59147 0.0157357 
300 0.278 649800000 871.137 42.2669 -88.613 1.88386 8456.6 325.942 9.37692e+07 6.25308e+06 7.51048e-05 0.00397722 -0.00366013 0.00415484 0.0101693 0.000575527 0.000211114 2.74483e-05 0.088674 0.00266571 30.2472 19.5655 173.281 48.7007 2913.89 275.533 3117.42 310.136 3117.42 310.136 0.59147 0.0156935 
300 0.278 651600000 871.137 42.2669 -88.613 1.88386 8456.6 325.942 9.37692e+07 6.25308e+06 7.51048e-05 0.00397722 -0.00366013 0.00415484 0.0101693 0.000575527 0.000211114 2.74483e-05 0.088674 0.00266571 30.2472 19.5655 173.281 48.7007 2913.89 275.533 3117.42 310.136 3117.42 310.136 0.59147 0.015704 
300 0.278 653400000 871.137 42.2669 -88.613 1.88386 8456.6 325.942 9.37692e+07 6.20021e+06 7.51048e-05 0.00397722 -0.00366013 0.00416197 0.0101693 0.000577023 0.000211114 2.74483e-05 0.088674 0.00266296 30.2472 19.5655 173.281 48.4245 2913.89 270.326 3117.42 303.697 3117.42 303.697 0.59147 0.0157019 
300 0.278 655200000 871.137 42.2669 -88.613 1.88386 8456.6 325.942 9.37692e+07 6.19822e+06 7.51048e-05 0.00397722 -0.00366013 0.00416197 0.0101693 0.000577023 0.000211114 2.74483e-05 0.088674 0.00266296 30.2472 19.5655 173.281 48.4245 2913.89 270.326 3117.42 303.697 3117.42 303.697 0.59147 0.0156962 
300 0.278 657000000 871.137 42.2669 -88.613 1.88386 8456.6 325.942 9.37692e+07 6.18562e+06 7.51048e-05 0.00397722 -0.00366013 0.00413808 0.0101693 0.000573894 0.000211114 2.74483e-05 0.088674 0.00265128 30.2472 19.5655 173.281 48.4196 2913.89 270.326 3117.42 303.697 3117.42 303.697 0.59147 0.0156508 
300 0.278 658800000 871.137 42.2669 -88.613 1.88386 8456.6 325.942 9.37692e+07 6.17059e+06 7.51048e-05 0.00397722 -0.00366013 0.00413808 0.0101693 0.000573894 0.000211114 2.74483e-05 0.088674 0.00265128 30.2472 19.5655 173.281 48.4196 2913.89 270.326 3117.42 303.697 3117.42 303.697 0.59147 0.0156471 
300 0.278 660600000 871.137 42.2669 -88.613 1.88386 8456.6 325.942 9.37692e+07 6.15471e+06 7.51048e-05 0.00397722 -0.00366013 0.00412938 0.0101693 0.000571213 0.000211114 2.74483e-05 0.088674 0.00263878 30.2472 19.5655 173.281 48.1446 2913.89 270.326 3117.42 303.697 3117.42 303.697 0.59147 0.0156231 
300 0.278 662400000 871.137 42.2669 -88.613 1.88386 8456.6 325.942 9.37692e+07 6.14351e+06 7.51048e-05 0.00397722 -0.00366013 0.00412938 0.0101693 0.000571213 0.000211114 2.74483e-05 0.088674 0.00263878 30.2472 19.5655 173.281 48.1446 2913.89 270.326 3117.42 303.697 3117.42 303.697 0.59147 0.0156025 
300 0.278 664200000 871.137 42.2669 -88.613 1.88386 8456.6 325.942 9.37692e+07 6.14098e+06 7.51048e-05 0.00397722 -0.00366013 0.00412335 0.0101693 0.000568059 0.000211114 2.74483e-05 0.088674 0.00262413 30.2472 19.5655 173.281 51.9967 2913.89 270.326 3117.42 303.697 3117.42 303.697 0.59147 0.0155724 
300 0.278 666000000 871.137 42.2669 -88.613 1.88386 8456.6 325.942 9.37692e+07 6.14098e+06 7.51048e-05 0.00397722 -0.00366013 0.00412335 0.0101693 0.000568059 0.000211114 2.74483e-05 0.088674 0.00262413 30.2472 19.5655 173.281 51.9967 2913.89 270.326 3117.42 303.697 3117.42 303.697 0.59147 0.0155321 
300 0.278 667800000 868.864 42.2669 -88.5662 1.88386 8439.83 325.942 9.28343e+07 6.0943e+06 0.000629601 0.003777 -0.00204911 0.00410934 0.0103014 0.000565392 0.000214743 2.74483e-05 0.0894828 0.00261027 28.4073 18.7409 187.325 51.7092 2940.06 272.669 3155.79 310.41 3155.79 310.41 0.591713 0.0154914 
300 0.278 669600000 868.864 42.2669 -88.5662 1.88386 8439.83 325.942 9.28343e+07 6.07721e+06 0.000629601 0.00378637 -0.00204911 0.00410934 0.0103014 0.000565392 0.000214743 2.74483e-05 0.0894828 0.00261027 28.4073 18.7044 187.325 51.7092 2940.06 272.669 3155.79 310.41 3155.79 310.41 0.591713 0.0154828 
300 0.278 671400000 868.864 42.2669 -88.5662 1.88386 8439.83 325.942 9.28343e+07 6.06432e+06 0.000629601 0.00377653 -0.00204911 0.00409342 0.0103014 0.000562291 0.000214743 2.74483e-05 0.0894828 0.00259584 28.4073 18.6352 187.325 51.4216 2940.06 272.669 3155.79 310.41 3155.79 310.41 0.591713 0.0154428 
300 0.278 673200000 868.864 42.2669 -88.5662 1.88386 8439.83 325.942 9.28343e+07 6.06432e+06 0.000629601 0.00377092 -0.00204911 0.00409342 0.0103014 0.000562291 0.000214743 2.74483e-05 0.0894828 0.00259584 28.4073 18.632 187.325 51.4216 2940.06 272.669 3155.79 310.41 3155.79 310.41 0.591713 0.0154137 
300 0.278 675000000 868.864 42.2669 -88.5662 1.88386 8439.83 325.942 9.28343e+07 6.06432e+06 0.000629601 0.00376046 -0.00204911 0.00407051 0.0103014 0.000559379 0.000214743 2.74483e-05 0.0894828 0.00258136 28.4073 18.5345 187.325 51.1416 2940.06 272.669 3155.79 310.41 3155.79 310.41 0.591713 0.0153704 
300 0.278 676800000 868.864 42.2669 -88.5662 1.88386 8439.83 325.942 9.28343e+07 6.06432e+06 0.000629601 0.00374993 -0.00204911 0.00407051 0.0103014 0.000559379 0.000214743 2.74483e-05 0.0894828 0.00258136 28.4073 18.5345 187.325 51.1416 2940.06 272.669 3155.79 310.41 3155.79 310.41 0.591713 0.0153283 
300 0.278 678600000 868.864 42.2669 -88.5662 1.88386 8439.83 325.942 9.28343e+07 6.06432e+06 0.000629601 0.00374322 -0.00204911 0.00406255 0.0103014 0.000556261 0.000214743 2.74483e-05 0.0894828 0.00256745 28.4073 18.5345 187.325 50.8637 2940.06 272.669 3155.79 310.41 3155.79 310.41 0.591713 0.0153245 
300 0.278 680400000 868.864 42.2669 -88.5662 1.88386 8439.83 325.942 9.28343e+07 6.06432e+06 0.000629601 0.00373282 -0.00204911 0.00406255 0.0103014 0.000556261 0.000214743 2.74483e-05 0.0894828 0.00256745 28.4073 18.5345 187.325 50.8637 2940.06 272.669 3155.79 310.41 3155.79 310.41 0.591713 0.015312 
300 0.278 682200000 868.864 42.2669 -88.5662 1.88386 8439.83 325.942 9.28343e+07 6.06432e+06 0.000629601 0.00372256 -0.00204911 0.00405003 0.0103014 0.000554834 0.000214743 2.74483e-05 0.0894828 0.00256242 28.4073 18.3627 187.325 50.5894 2940.06 267.198 3155.79 304.277 3155.79 304.277 0.591713 0.015296 
300 0.278 684000000 868.864 42.2669 -88.5662 1.88386 8439.83 325.942 9.28343e+07 6.06432e+06 0.000629601 0.00371806 -0.00204911 0.00405003 0.0103014 0.000554834 0.000214743 2.74483e-05 0.0894828 0.00256242 28.4073 18.3627 187.325 50.5894 2940.06 267.198 3155.79 304.277 3155.79 304.277 0.591713 0.0152921 
300 0.278 685800000 868.864 42.2669 -88.5662 1.88386 8439.83 325.942 9.28343e+07 6.06432e+06 0.000629601 0.00371044 -0.00204911 0.00404637 0.0103014 0.00055182 0.000214743 2.74483e-05 0.0894828 0.00254837 28.4073 18.3627 187.325 50.3166 2940.06 267.198 3155.79 304.277 3155.79 304.277 0.591713 0.015251 
300 0.278 687600000 868.864 42.2669 -88.5662 1.88386 8439.83 325.942 9.28343e+07 6.06432e+06 0.000629601 0.00371351 -0.00204911 0.00404637 0.0103014 0.00055182 0.000214743 2.74483e-05 0.0894828 0.00254837 28.4073 18.3627 187.325 50.3166 2940.06 267.198 3155.79 304.277 3155.79 304.277 0.591713 0.0152092 
300 0.278 689400000 868.864 42.2669 -88.5662 1.88386 8439.83 325.942 9.28343e+07 6.06432e+06 0.000629601 0.00370331 -0.00204911 0.0040278 0.0103014 0.000548941 0.000214743 2.74483e-05 0.0894828 0.00253468 28.4073 18.3627 187.325 50.0484 2940.06 267.198 3155.79 304.277 3155.79 304.277 0.591713 0.0151729 
300 0.278 691200000 868.864 42.2669 -88.5662 1.88386 8439.83 325.942 9.28343e+07 6.06432e+06 0.000629601 0.00369497 -0.00204911 0.0040278 0.0103014 0.000548941 0.000214743 2.74483e-05 0.0894828 0.00253468 28.4073 18.3627 187.325 50.0484 2940.06 267.198 3155.79 304.277 3155.79 304.277 0.591713 0.0151325 
300 0.278 693000000 868.864 42.2669 -88.5662 1.88386 8439.83 325.942 9.28343e+07 6.06432e+06 0.000629601 0.00368813 -0.00204911 0.00400631 0.0103014 0.000547511 0.000214743 2.74483e-05 0.0894828 0.00252955 28.4073 18.3627 187.325 49.7822 2940.06 267.198 3155.79 304.277 3155.79 304.277 0.591713 0.0151253 
300 0.278 694800000 868.864 42.2669 -88.5662 1.88386 8439.83 325.942 9.28343e+07 6.06432e+06 0.000629601 0.00367858 -0.00204911 0.00400631 0.0103014 0.000547511 0.000214743 2.74483e-05 0.0894828 0.00252955 28.4073 18.3627 187.325 49.7822 2940.06 267.198 3155.79 304.277 3155.79 304.277 0.591713 0.0150898 
300 0.278 696600000 868.864 42.2669 -88.5662 1.88386 8439.83 325.942 9.28343e+07 6.06432e+06 0.000629601 0.00367592 -0.00204911 0.00398493 0.0103014 0.00054555 0.000214743 2.74483e-05 0.0894828 0.00252253 28.4073 18.3627 187.325 49.519 2940.06 266.25 3155.79 302.609 3155.79 302.609 0.591713 0.015051 
300 0.278 698400000 868.864 42.2669 -88.5662 1.88386 8439.83 325.942 9.28343e+07 6.06432e+06 0.000629601 0.0036664 -0.00204911 0.00398493 0.0103014 0.00054555 0.000214743 2.74483e-05 0.0894828 0.00252253 28.4073 18.3627 187.325 49.519 2940.06 266.25 3155.79 302.609 3155.79 302.609 0.591713 0.015048 
300 0.278 700200000 868.864 42.2669 -88.5662 1.88386 8439.83 325.942 9.28343e+07 6.06432e+06 0.000629601 0.00365675 -0.00204911 0.00396484 0.0103014 0.000544717 0.000214743 2.74483e-05 0.0894828 0.00252653 28.4073 18.3627 187.325 49.2594 2940.06 266.25 3155.79 302.609 3155.79 302.609 0.591713 0.0150074 
300 0.278 702000000 868.864 42.2669 -88.5662 1.88386 8439.83 325.942 9.28343e+07 6.06432e+06 0.000629601 0.0036541 -0.00204911 0.00396484 0.0103014 0.000544717 0.000214743 2.74483e-05 0.0894828 0.00252653 28.4073 18.3627 187.325 49.2594 2940.06 266.25 3155.79 302.609 3155.79 302.609 0.591713 0.0149785 
300 0.278 703800000 868.864 42.2669 -88.5662 1.88386 8439.83 325.942 9.28343e+07 6.06432e+06 0.000629601 0.0036541 -0.00204911 0.00394389 0.0103014 0.000543414 0.000214743 2.74483e-05 0.0894828 0.00252598 28.4073 18.3627 187.325 49.0012 2940.06 266.25 3155.79 302.609 3155.79 302.609 0.591713 0.014975 
300 0.278 705600000 868.864 42.2669 -88.5662 1.88386 8439.83 325.942 9.28343e+07 6.06432e+06 0.000629601 0.0036541 -0.00204911 0.00394389 0.0103014 0.000543414 0.000214743 2.74483e-05 0.0894828 0.00252598 28.4073 18.3627 187.325 49.0012 2940.06 266.25 3155.79 302.609 3155.79 302.609 0.591713 0.0149712 
300 0.278 707400000 868.864 42.2669 -88.5662 1.88386 8439.83 325.942 9.28343e+07 6.06432e+06 0.000629601 0.0036541 -0.00204911 0.00393244 0.0103014 0.000541179 0.000214743 2.74483e-05 0.0894828 0.00251433 28.4073 18.3627 187.325 48.7406 2940.06 266.25 3155.79 302.609 3155.79 302.609 0.591713 0.0149469 
300 0.278 709200000 868.864 42.2669 -88.5662 1.88386 8439.83 325.942 9.28343e+07 6.06432e+06 0.000629601 0.0036541 -0.00204911 0.00393244 0.0103014 0.000541179 0.000214743 2.74483e-05 0.0894828 0.00251433 28.4073 18.3627 187.325 48.7406 2940.06 266.25 3155.79 302.609 3155.79 302.609 0.591713 0.0149104 
300 0.278 711000000 868.864 42.2669 -88.5662 1.88386 8439.83 325.942 9.28343e+07 6.06432e+06 0.000629601 0.0036541 -0.00204911 0.00392085 0.0103014 0.000539053 0.000214743 2.74483e-05 0.0894828 0.00250353 28.4073 18.3627 187.325 48.488 2940.06 262.957 3155.79 297.902 3155.79 297.902 0.591713 0.0149076 
300 0.278 712800000 868.864 42.2669 -88.5662 1.88386 8439.83 325.942 9.28343e+07 6.06432e+06 0.000629601 0.0036541 -0.00204911 0.00392085 0.0103014 0.000539053 0.000214743 2.74483e-05 0.0894828 0.00250353 28.4073 18.3627 187.325 48.488 2940.06 262.957 3155.79 297.902 3155.79 297.902 0.591713 0.0149012 
300 0.278 714600000 868.864 42.2669 -88.5662 1.88386 8439.83 325.942 9.28343e+07 6.06432e+06 0.000629601 0.0036541 -0.00204911 0.00390673 0.0103014 0.000536765 0.000214743 2.74483e-05 0.0894828 0.00249638 28.4073 18.3627 187.325 48.2383 2940.06 262.957 3155.79 297.902 3155.79 297.902 0.591713 0.0148643 
300 0.278 716400000 868.864 42.2669 -88.5662 1.88386 8439.83 325.942 9.28343e+07 6.06432e+06 0.000629601 0.0036541 -0.00204911 0.00390673 0.0103014 0.000536765 0.000214743 2.74483e-05 0.0894828 0.00249638 28.4073 18.3627 187.325 48.2383 2940.06 262.957 3155.79 297.902 3155.79 297.902 0.591713 0.0148308 
300 0.278 718200000 868.864 42.2669 -88.5662 1.88386 8439.83 325.942 9.28343e+07 6.06432e+06 0.000629601 0.0036541 -0.00204911 0.0039026 0.0103014 0.000534083 0.000214743 2.74483e-05 0.0894828 0.00248329 28.4073 18.3627 187.325 47.9919 2940.06 262.957 3155.79 297.902 3155.79 297.902 0.591713 0.014793 
300 0.278 720000000 868.864 42.2669 -88.5662 1.88386 8439.83 325.942 9.28343e+07 6.06432e+06 0.000629601 0.0036541 -0.00204911 0.0039026 0.0103014 0.000534083 0.000214743 2.74483e-05 0.0894828 0.00248329 28.4073 18.3627 187.325 47.9919 2940.06 262.957 3155.79 297.902 3155.79 297.902 0.591713 0.014772 
300 0.278 721800000 868.864 42.2669 -88.5662 1.88386 8439.83 325.942 9.28343e+07 6.06432e+06 0.000629601 0.0036541 -0.00204911 0.00389673 0.0103014 0.00053129 0.000214743 2.74483e-05 0.0894828 0.00247073 28.4073 18.3627 187.325 47.7456 2940.06 262.957 3155.79 297.902 3155.79 297.902 0.591713 0.0147702 
300 0.278 723600000 868.864 42.2669 -88.5662 1.88386 8439.83 325.942 9.28343e+07 6.06432e+06 0.000629601 0.0036541 -0.00204911 0.00389673 0.0103014 0.00053129 0.000214743 2.74483e-05 0.0894828 0.00247073 28.4073 18.3627 187.325 47.7456 2940.06 262.957 3155.79 297.902 3155.79 297.902 0.591713 0.0147321 
300 0.278 725400000 894.536 41.1931 -88.4646 1.57572 8408.58 275.133 9.16998e+07 5.68778e+06 -0.000248326 0.00356752 -0.00195333 0.00387854 0.0100787 0.000529324 0.000206476 2.3262e-05 0.0884198 0.00246038 26.8062 17.1815 174.428 47.503 2878.7 258.949 3079.93 293.343 3079.93 293.343 0.595255 0.0147283 
300 0.278 727200000 894.536 41.1931 -88.4646 1.57572 8408.58 275.133 9.16998e+07 5.67666e+06 -0.000248326 0.00357556 -0.00195333 0.00387854 0.0100787 0.000529324 0.000206476 2.3262e-05 0.0884198 0.00246038 26.8062 17.1501 174.428 47.503 2878.7 258.949 3079.93 293.343 3079.93 293.343 0.595255 0.0147197 
300 0.278 729000000 894.536 41.1931 -88.4646 1.57572 8408.58 275.133 9.16998e+07 5.6654e+06 -0.000248326 0.00356756 -0.00195333 0.00386756 0.0100787 0.000526796 0.000206476 2.3262e-05 0.0884198 0.00244832 26.8062 17.0926 174.428 47.2616 2878.7 258.949 3079.93 293.343 3079.93 293.343 0.595255 0.0147114 
300 0.278 730800000 894.536 41.1931 -88.4646 1.57572 8408.58 275.133 9.16998e+07 5.65141e+06 -0.000248326 0.00356493 -0.00195333 0.00386756 0.0100787 0.000526796 0.000206476 2.3262e-05 0.0884198 0.00244832 26.8062 17.0881 174.428 47.2616 2878.7 258.949 3079.93 293.343 3079.93 293.343 0.595255 0.0146743 
300 0.278 732600000 894.536 41.1931 -88.4646 1.57572 8408.58 275.133 9.16998e+07 5.63946e+06 -0.000248326 0.00355809 -0.00195333 0.00384795 0.0100787 0.000524298 0.000206476 2.3262e-05 0.0884198 0.00243589 26.8062 17.0075 174.428 47.1332 2878.7 258.949 3079.93 293.343 3079.93 293.343 0.595255 0.0146371 
300 0.278 734400000 894.536 41.1931 -88.4646 1.57572 8408.58 275.133 9.16998e+07 5.62822e+06 -0.000248326 0.00354954 -0.00195333 0.00384795 0.0100787 0.000524298 0.000206476 2.3262e-05 0.0884198 0.00243589 26.8062 17.0075 174.428 47.1332 2878.7 258.949 3079.93 293.343 3079.93 293.343 0.595255 0.0146157 
300 0.278 736200000 894.536 41.1931 -88.4646 1.57572 8408.58 275.133 9.16998e+07 5.61384e+06 -0.000248326 0.00354124 -0.00195333 0.00382894 0.0100787 0.000523511 0.000206476 2.3262e-05 0.0884198 0.00243835 26.8062 17.0075 174.428 46.8988 2878.7 258.949 3079.93 293.343 3079.93 293.343 0.595255 0.0145864 
300 0.278 738000000 894.536 41.1931 -88.4646 1.57572 8408.58 275.133 9.16998e+07 5.60382e+06 -0.000248326 0.0035327 -0.00195333 0.00382894 0.0100787 0.000523511 0.000206476 2.3262e-05 0.0884198 0.00243835 26.8062 17.0075 174.428 46.8988 2878.7 258.949 3079.93 293.343 3079.93 293.343 0.595255 0.0146137 
300 0.278 739800000 894.536 41.1931 -88.4646 1.57572 8408.58 275.133 9.16998e+07 5.59221e+06 -0.000248326 0.00352399 -0.00195333 0.00381213 0.0100787 0.000522451 0.000206476 2.3262e-05 0.0884198 0.00243758 26.8062 16.8314 174.428 46.6653 2878.7 253.977 3079.93 287.602 3079.93 287.602 0.595255 0.0145871 
300 0.278 741600000 894.536 41.1931 -88.4646 1.57572 8408.58 275.133 9.16998e+07 5.58133e+06 -0.000248326 0.00351503 -0.00195333 0.00381213 0.0100787 0.000522451 0.000206476 2.3262e-05 0.0884198 0.00243758 26.8062 16.8064 174.428 46.6653 2878.7 253.977 3079.93 287.602 3079.93 287.602 0.595255 0.0145712 
300 0.278 743400000 894.536 41.1931 -88.4646 1.57572 8408.58 275.133 9.16998e+07 5.5716e+06 -0.000248326 0.00350917 -0.00195333 0.00379464 0.0100787 0.00052121 0.000206476 2.3262e-05 0.0884198 0.00243919 26.8062 16.8064 174.428 46.4344 2878.7 253.977 3079.93 287.602 3079.93 287.602 0.595255 0.0145796 
300 0.278 745200000 894.536 41.1931 -88.4646 1.57572 8408.58 275.133 9.16998e+07 5.57454e+06 -0.000248326 0.00350036 -0.00195333 0.00379464 0.0100787 0.00052121 0.000206476 2.3262e-05 0.0884198 0.00243919 26.8062 16.8064 174.428 46.4344 2878.7 253.977 3079.93 287.602 3079.93 287.602 0.595255 0.0145769 
300 0.278 747000000 894.536 41.1931 -88.4646 1.57572 8408.58 275.133 9.16998e+07 5.56339e+06 -0.000248326 0.00349171 -0.00195333 0.00381436 0.0100787 0.000519436 0.000206476 2.3262e-05 0.0884198 0.00242956 26.8062 16.8064 174.428 46.2062 2878.7 253.977 3079.93 287.602 3079.93 287.602 0.595255 0.0145485 
300 0.278 748800000 894.536 41.1931 -88.4646 1.57572 8408.58 275.133 9.16998e+07 5.54942e+06 -0.000248326 0.00350779 -0.00195333 0.00381436 0.0100787 0.000519436 0.000206476 2.3262e-05 0.0884198 0.00242956 26.8062 16.8064 174.428 46.2062 2878.7 253.977 3079.93 287.602 3079.93 287.602 0.595255 0.0145129 
300 0.278 750600000 894.536 41.1931 -88.4646 1.57572 8408.58 275.133 9.16998e+07 5.54403e+06 -0.000248326 0.00350309 -0.00195333 0.00379628 0.0100787 0.000521145 0.000206476 2.3262e-05 0.0884198 0.0024343 26.8062 16.8064 174.428 45.9794 2878.7 253.977 3079.93 287.602 3079.93 287.602 0.595255 0.0145084 
300 0.278 752400000 894.536 41.1931 -88.4646 1.57572 8408.58 275.133 9.16998e+07 5.54403e+06 -0.000248326 0.0034945 -0.00195333 0.00379628 0.0100787 0.000521145 0.000206476 2.3262e-05 0.0884198 0.0024343 26.8062 16.8064 174.428 45.9794 2878.7 253.977 3079.93 287.602 3079.93 287.602 0.595255 0.0145018 
300 0.278 754200000 894.536 41.1931 -88.4646 1.57572 8408.58 275.133 9.16998e+07 5.51519e+06 -0.000248326 0.00348804 -0.00195333 0.00379939 0.0100787 0.0005186 0.000206476 2.3262e-05 0.0884198 0.00242217 26.8062 16.4952 174.428 45.7551 2878.7 249.146 3079.93 282.217 3079.93 282.217 0.595255 0.0144662 
300 0.278 756000000 894.536 41.1931 -88.4646 1.57572 8408.58 275.133 9.16998e+07 5.50535e+06 -0.000248326 0.00347997 -0.00195333 0.00379939 0.0100787 0.0005186 0.000206476 2.3262e-05 0.0884198 0.00242217 26.8062 16.4661 174.428 45.7551 2878.7 249.146 3079.93 282.217 3079.93 282.217 0.595255 0.0144607 
300 0.278 757800000 894.536 41.1931 -88.4646 1.57572 8408.58 275.133 9.16998e+07 5.49516e+06 -0.000248326 0.00347409 -0.00195333 0.00379098 0.0100787 0.00051622 0.000206476 2.3262e-05 0.0884198 0.0024104 26.8062 16.4552 174.428 45.5337 2878.7 249.146 3079.93 282.217 3079.93 282.217 0.595255 0.0144249 
300 0.278 759600000 894.536 41.1931 -88.4646 1.57572 8408.58 275.133 9.16998e+07 5.4827e+06 -0.000248326 0.00346703 -0.00195333 0.00379098 0.0100787 0.00051622 0.000206476 2.3262e-05 0.0884198 0.0024104 26.8062 16.4552 174.428 45.5337 2878.7 249.146 3079.93 282.217 3079.93 282.217 0.595255 0.0144227 
300 0.278 761400000 894.536 41.1931 -88.4646 1.57572 8408.58 275.133 9.16998e+07 5.47267e+06 -0.000248326 0.00345933 -0.00195333 0.00377239 0.0100787 0.000515289 0.000206476 2.3262e-05 0.0884198 0.00240958 26.8062 16.4552 174.428 45.3137 2878.7 249.146 3079.93 282.217 3079.93 282.217 0.595255 0.0144189 
300 0.278 763200000 894.536 41.1931 -88.4646 1.57572 8408.58 275.133 9.16998e+07 5.46062e+06 -0.000248326 0.00345345 -0.00195333 0.00377239 0.0100787 0.000515289 0.000206476 2.3262e-05 0.0884198 0.00240958 26.8062 16.4552 174.428 45.3137 2878.7 249.146 3079.93 282.217 3079.93 282.217 0.595255 0.014401 
300 0.278 765000000 894.536 41.1931 -88.4646 1.57572 8408.58 275.133 9.16998e+07 5.47943e+06 -0.000248326 0.00348225 -0.00195333 0.00375479 0.0100787 0.000517379 0.000206476 2.3262e-05 0.0884198 0.00240484 26.8062 16.4552 174.428 45.0968 2878.7 249.146 3079.93 282.217 3079.93 282.217 0.595255 0.0143662 
300 0.278 766800000 894.536 41.1931 -88.4646 1.57572 8408.58 275.133 9.16998e+07 5.46864e+06 -0.000248326 0.00347691 -0.00195333 0.00375479 0.0100787 0.000517379 0.000206476 2.3262e-05 0.0884198 0.00240484 26.8062 16.4552 174.428 45.0968 2878.7 249.146 3079.93 282.217 3079.93 282.217 0.595255 0.0143328 
300 0.278 768600000 894.536 41.1931 -88.4646 1.57572 8408.58 275.133 9.16998e+07 5.46898e+06 -0.000248326 0.00350402 -0.00195333 0.00373885 0.0100787 0.000519209 0.000206476 2.3262e-05 0.0884198 0.00240695 26.8062 16.4552 174.428 44.8821 2878.7 244.277 3079.93 276.749 3079.93 276.749 0.595255 0.0143405 
300 0.278 770400000 894.536 41.1931 -88.4646 1.57572 8408.58 275.133 9.16998e+07 5.45747e+06 -0.000248326 0.00349988 -0.00195333 0.00373885 0.0100787 0.000519209 0.000206476 2.3262e-05 0.0884198 0.00240695 26.8062 16.4552 174.428 44.8821 2878.7 244.277 3079.93 276.749 3079.93 276.749 0.595255 0.0143306 
300 0.278 772200000 894.536 41.1931 -88.4646 1.57572 8408.58 275.133 9.16998e+07 5.44416e+06 -0.000248326 0.00349329 -0.00195333 0.0037235 0.0100787 0.000517338 0.000206476 2.3262e-05 0.0884198 0.00239714 26.8062 16.4552 174.428 44.6686 2878.7 244.277 3079.93 276.749 3079.93 276.749 0.595255 0.0143279 
300 0.278 774000000 894.536 41.1931 -88.4646 1.57572 8408.58 275.133 9.16998e+07 5.43802e+06 -0.000248326 0.00348908 -0.00195333 0.0037235 0.0100787 0.000517338 0.000206476 2.3262e-05 0.0884198 0.00239714 26.8062 16.4552 174.428 44.6686 2878.7 244.277 3079.93 276.749 3079.93 276.749 0.595255 0.0142933 
300 0.278 775800000 894.536 41.1931 -88.4646 1.57572 8408.58 275.133 9.16998e+07 5.42525e+06 -0.000248326 0.00349609 -0.00195333 0.00370898 0.0100787 0.00051501 0.000206476 2.3262e-05 0.0884198 0.00238778 26.8062 16.4552 174.428 44.4574 2878.7 244.277 3079.93 276.749 3079.93 276.749 0.595255 0.01429 
300 0.278 777600000 894.536 41.1931 -88.4646 1.57572 8408.58 275.133 9.16998e+07 5.4152e+06 -0.000248326 0.00348763 -0.00195333 0.00370898 0.0100787 0.00051501 0.000206476 2.3262e-05 0.0884198 0.00238778 26.8062 16.4552 174.428 44.4574 2878.7 244.277 3079.93 276.749 3079.93 276.749 0.595255 0.0142871 
300 0.278 779400000 894.536 41.1931 -88.4646 1.57572 8408.58 275.133 9.16998e+07 5.40262e+06 -0.000248326 0.00348107 -0.00195333 0.00369126 0.0100787 0.000512524 0.000206476 2.3262e-05 0.0884198 0.0023768 26.8062 16.4552 174.428 44.2474 2878.7 244.277 3079.93 276.749 3079.93 276.749 0.595255 0.0142675 
300 0.278 781200000 894.536 41.1931 -88.4646 1.57572 8408.58 275.133 9.16998e+07 5.39515e+06 -0.000248326 0.00347678 -0.00195333 0.00369126 0.0100787 0.000512524 0.000206476 2.3262e-05 0.0884198 0.0023768 26.8062 16.4552 174.428 44.2474 2878.7 244.277 3079.93 276.749 3079.93 276.749 0.595255 0.0142836 
300 0.278 783000000 884.808 41.1931 -88.2174 1.57572 8369.85 275.133 9.09982e+07 5.39515e+06 -0.000107455 0.00346854 -0.00230635 0.00367466 0.0100775 0.000511137 0.000209932 2.3262e-05 0.0881266 0.002374 25.4419 15.8616 166.816 44.0405 2867.08 240.047 3059.34 271.689 3059.34 271.689 0.594222 0.0142606 
300 0.278 784800000 884.808 41.1931 -88.2174 1.57572 8369.85 275.133 9.09982e+07 5.39515e+06 -0.000107455 0.00346023 -0.00230635 0.00367466 0.0100775 0.000511137 0.000209932 2.3262e-05 0.0881266 0.002374 25.4419 15.8344 166.816 44.0405 2867.08 240.047 3059.34 271.689 3059.34 271.689 0.594222 0.0142545 
300 0.278 786600000 884.808 41.1931 -88.2174 1.57572 8369.85 275.133 9.09982e+07 5.39515e+06 -0.000107455 0.00345548 -0.00230635 0.00366091 0.0100775 0.000509724 0.000209932 2.3262e-05 0.0881266 0.00236937 25.4419 15.7858 166.816 43.8324 2867.08 240.047 3059.34 271.689 3059.34 271.689 0.594222 0.0142519 
300 0.278 788400000 884.808 41.1931 -88.2174 1.57572 8369.85 275.133 9.09982e+07 5.39515e+06 -0.000107455 0.00344906 -0.00230635 0.00366091 0.0100775 0.000509724 0.000209932 2.3262e-05 0.0881266 0.00236937 25.4419 15.7805 166.816 43.8324 2867.08 240.047 3059.34 271.689 3059.34 271.689 0.594222 0.014218 
300 0.278 790200000 884.808 41.1931 -88.2174 1.57572 8369.85 275.133 9.09982e+07 5.39515e+06 -0.000107455 0.00344159 -0.00230635 0.003644 0.0100775 0.000508802 0.000209932 2.3262e-05 0.0881266 0.00236803 25.4419 15.7129 166.816 43.6287 2867.08 240.047 3059.34 271.689 3059.34 271.689 0.594222 0.0141856 
300 0.278 792000000 884.808 41.1931 -88.2174 1.57572 8369.85 275.133 9.09982e+07 5.39515e+06 -0.000107455 0.0034411 -0.00230635 0.003644 0.0100775 0.000508802 0.000209932 2.3262e-05 0.0881266 0.00236803 25.4419 15.7129 166.816 43.6287 2867.08 240.047 3059.34 271.689 3059.34 271.689 0.594222 0.0141531 
300 0.278 793800000 884.808 41.1931 -88.2174 1.57572 8369.85 275.133 9.09982e+07 5.39515e+06 -0.000107455 0.00343978 -0.00230635 0.00363215 0.0100775 0.000508998 0.000209932 2.3262e-05 0.0881266 0.00237035 25.4419 15.7129 166.816 43.4273 2867.08 240.047 3059.34 271.689 3059.34 271.689 0.594222 0.0141229 
300 0.278 795600000 884.808 41.1931 -88.2174 1.57572 8369.85 275.133 9.09982e+07 5.39515e+06 -0.000107455 0.00343198 -0.00230635 0.00363215 0.0100775 0.000508998 0.000209932 2.3262e-05 0.0881266 0.00237035 25.4419 15.7129 166.816 43.4273 2867.08 240.047 3059.34 271.689 3059.34 271.689 0.594222 0.0141164 
300 0.278 797400000 884.808 41.1931 -88.2174 1.57572 8369.85 275.133 9.09982e+07 5.39515e+06 -0.000107455 0.0034339 -0.00230635 0.00362562 0.0100775 0.000506602 0.000209932 2.3262e-05 0.0881266 0.00236007 25.4419 15.6213 166.816 43.2245 2867.08 237.067 3059.34 267.688 3059.34 267.688 0.594222 0.0141049 
300 0.278 799200000 884.808 41.1931 -88.2174 1.57572 8369.85 275.133 9.09982e+07 5.39515e+06 -0.000107455 0.00342909 -0.00230635 0.00362562 0.0100775 0.000506602 0.000209932 2.3262e-05 0.0881266 0.00236007 25.4419 15.6213 166.816 44.6693 2867.08 237.067 3059.34 267.688 3059.34 267.688 0.594222 0.0140894 
300 0.278 801000000 884.808 41.1931 -88.2174 1.57572 8369.85 275.133 9.09982e+07 5.39515e+06 -0.000107455 0.00342472 -0.00230635 0.00361683 0.0100775 0.000504441 0.000209932 2.3262e-05 0.0881266 0.00234911 25.4419 15.6213 166.816 45.2451 2867.08 237.067 3059.34 267.688 3059.34 267.688 0.594222 0.0140628 
300 0.278 802800000 884.808 41.1931 -88.2174 1.57572 8369.85 275.133 9.09982e+07 5.39515e+06 -0.000107455 0.0034175 -0.00230635 0.00361683 0.0100775 0.000504441 0.000209932 2.3262e-05 0.0881266 0.00234911 25.4419 15.6213 166.816 45.2451 2867.08 237.067 3059.34 267.688 3059.34 267.688 0.594222 0.0140593 
300 0.278 804600000 884.808 41.1931 -88.2174 1.57572 8369.85 275.133 9.09982e+07 5.39515e+06 -0.000107455 0.00341566 -0.00230635 0.00359993 0.0100775 0.000502531 0.000209932 2.3262e-05 0.0881266 0.00233958 25.4419 15.6213 166.816 45.0396 2867.08 237.067 3059.34 267.688 3059.34 267.688 0.594222 0.0140287 
300 0.278 806400000 884.808 41.1931 -88.2174 1.57572 8369.85 275.133 9.09982e+07 5.39515e+06 -0.000107455 0.00341288 -0.00230635 0.00359993 0.0100775 0.000502531 0.000209932 2.3262e-05 0.0881266 0.00233958 25.4419 15.6213 166.816 45.0396 2867.08 237.067 3059.34 267.688 3059.34 267.688 0.594222 0.0140252 
300 0.278 808200000 884.808 41.1931 -88.2174 1.57572 8369.85 275.133 9.09982e+07 5.39515e+06 -0.000107455 0.00340994 -0.00230635 0.00359023 0.0100775 0.000500527 0.000209932 2.3262e-05 0.0881266 0.0023318 25.4419 15.6213 166.816 44.8337 2867.08 237.067 3059.34 267.688 3059.34 267.688 0.594222 0.0140143 
300 0.278 810000000 884.808 41.1931 -88.2174 1.57572 8369.85 275.133 9.09982e+07 5.39515e+06 -0.000107455 0.00341611 -0.00230635 0.00359023 0.0100775 0.000500527 0.000209932 2.3262e-05 0.0881266 0.0023318 25.4419 15.6213 166.816 44.8337 2867.08 237.067 3059.34 267.688 3059.34 267.688 0.594222 0.0139883 
300 0.278 811800000 884.808 41.1931 -88.2174 1.57572 8369.85 275.133 9.09982e+07 5.39515e+06 -0.000107455 0.00341021 -0.00230635 0.00358019 0.0100775 0.000498344 0.000209932 2.3262e-05 0.0881266 0.00232206 25.4419 15.6213 166.816 44.6319 2867.08 232.781 3059.34 262.772 3059.34 262.772 0.594222 0.013987 
300 0.278 813600000 884.808 41.1931 -88.2174 1.57572 8369.85 275.133 9.09982e+07 5.39515e+06 -0.000107455 0.00340307 -0.00230635 0.00358019 0.0100775 0.000498344 0.000209932 2.3262e-05 0.0881266 0.00232206 25.4419 15.6213 166.816 44.6319 2867.08 232.781 3059.34 262.772 3059.34 262.772 0.594222 0.0139774 
300 0.278 815400000 884.808 41.1931 -88.2174 1.57572 8369.85 275.133 9.09982e+07 5.39515e+06 -0.000107455 0.00339859 -0.00230635 0.00356952 0.0100775 0.00049642 0.000209932 2.3262e-05 0.0881266 0.00231335 25.4419 15.6213 166.816 44.4312 2867.08 232.781 3059.34 262.772 3059.34 262.772 0.594222 0.013952 
300 0.278 817200000 884.808 41.1931 -88.2174 1.57572 8369.85 275.133 9.09982e+07 5.39515e+06 -0.000107455 0.00339085 -0.00230635 0.00356952 0.0100775 0.00049642 0.000209932 2.3262e-05 0.0881266 0.00231335 25.4419 15.6213 166.816 44.4312 2867.08 232.781 3059.34 262.772 3059.34 262.772 0.594222 0.0139289 
300 0.278 819000000 884.808 41.1931 -88.2174 1.57572 8369.85 275.133 9.09982e+07 5.39515e+06 -0.000107455 0.00338366 -0.00230635 0.00357359 0.0100775 0.000494262 0.000209932 2.3262e-05 0.0881266 0.0023028 25.4419 15.6213 166.816 44.2324 2867.08 232.781 3059.34 262.772 3059.34 262.772 0.594222 0.0139187 
300 0.278 820800000 884.808 41.1931 -88.2174 1.57572 8369.85 275.133 9.09982e+07 5.39515e+06 -0.000107455 0.00337593 -0.00230635 0.00357359 0.0100775 0.000494215 0.000209932 2.3262e-05 0.0881266 0.0023028 25.4419 15.6213 166.816 44.2324 2867.08 232.781 3059.34 262.772 3059.34 262.772 0.594222 0.0139248 
300 0.278 822600000 884.808 41.1931 -88.2174 1.57572 8369.85 275.133 9.09982e+07 5.39515e+06 -0.000107455 0.00336836 -0.00230635 0.00356246 0.0100775 0.000492525 0.000209932 2.3262e-05 0.0881266 0.00229717 25.4419 15.6213 166.816 44.0359 2867.08 232.781 3059.34 262.772 3059.34 262.772 0.594222 0.0138942 
300 0.278 824400000 884.808 41.1931 -88.2174 1.57572 8369.85 275.133 9.09982e+07 5.39515e+06 -0.000107455 0.00336601 -0.00230635 0.00356246 0.0100775 0.000492497 0.000209932 2.3262e-05 0.0881266 0.00229717 25.4419 15.6213 166.816 44.0359 2867.08 232.781 3059.34 262.772 3059.34 262.772 0.594222 0.0138641 
300 0.278 826200000 884.808 41.1931 -88.2174 1.57572 8369.85 275.133 9.09982e+07 5.39515e+06 -0.000107455 0.00336859 -0.00230635 0.00355247 0.0100775 0.000490642 0.000209932 2.3262e-05 0.0881266 0.00228884 25.4419 15.6213 166.816 43.8416 2867.08 233.955 3059.34 263.392 3059.34 263.392 0.594222 0.0138483 
300 0.278 828000000 884.808 41.1931 -88.2174 1.57572 8369.85 275.133 9.09982e+07 5.39515e+06 -0.000107455 0.00336097 -0.00230635 0.00355247 0.0100775 0.000490396 0.000209932 2.3262e-05 0.0881266 0.00228884 25.4419 15.6213 166.816 43.8416 2867.08 233.955 3059.34 263.392 3059.34 263.392 0.594222 0.0138419 
300 0.278 829800000 884.808 41.1931 -88.2174 1.57572 8369.85 275.133 9.09982e+07 5.39515e+06 -0.000107455 0.00335374 -0.00230635 0.00353653 0.0100775 0.000489856 0.000209932 2.3262e-05 0.0881266 0.00229225 25.4419 15.7112 166.816 47.5492 2867.08 233.955 3059.34 263.392 3059.34 263.392 0.594222 0.0138405 
300 0.278 831600000 884.808 41.1931 -88.2174 1.57572 8369.85 275.133 9.09982e+07 5.39515e+06 -0.000107455 0.00336188 -0.00230635 0.00353653 0.0100775 0.000489856 0.000209932 2.3262e-05 0.0881266 0.00229225 25.4419 15.6758 166.816 47.5492 2867.08 233.955 3059.34 263.392 3059.34 263.392 0.594222 0.0138256 
300 0.278 833400000 884.808 41.1931 -88.2174 1.57572 8369.85 275.133 9.09982e+07 5.39515e+06 -0.000107455 0.00337392 -0.00230635 0.00352497 0.0100775 0.000495565 0.000209932 2.3262e-05 0.0881266 0.00231194 25.4419 15.6406 166.816 47.3411 2867.08 233.955 3059.34 263.392 3059.34 263.392 0.594222 0.0138313 
300 0.278 835200000 884.808 41.1931 -88.2174 1.57572 8369.85 275.133 9.09982e+07 5.39515e+06 -0.000107455 0.00336681 -0.00230635 0.00352497 0.0100775 0.000495565 0.000209932 2.3262e-05 0.0881266 0.00231194 25.4419 15.6213 166.816 47.3411 2867.08 233.955 3059.34 263.392 3059.34 263.392 0.594222 0.0138251 
300 0.278 837000000 884.808 41.1931 -88.2174 1.57572 8369.85 275.133 9.09982e+07 5.39515e+06 -0.000107455 0.00337141 -0.00230635 0.00351047 0.0100775 0.000493367 0.000209932 2.3262e-05 0.0881266 0.00230166 25.4419 15.6213 166.816 47.1348 2867.08 233.955 3059.34 263.392 3059.34 263.392 0.594222 0.0138231 
300 0.278 838800000 884.808 41.1931 -88.2174 1.57572 8369.85 275.133 9.09982e+07 5.39515e+06 -0.000107455 0.00336392 -0.00230635 0.00351047 0.0100775 0.000493367 0.000209932 2.3262e-05 0.0881266 0.00230166 25.4419 15.6213 166.816 47.1348 2867.08 233.955 3059.34 263.392 3059.34 263.392 0.594222 0.0138254 
300 0.278 840600000 894.036 37.0298 -88.0122 1.41408 8321.61 249.198 8.9577e+07 5.05648e+06 -0.000445272 0.00335696 -0.00158483 0.00349482 0.0100313 0.00049301 0.000207693 2.06418e-05 0.0878075 0.00231043 29.1285 15.5012 190.496 46.9303 2863.37 231.271 3082.99 262.977 3082.99 262.977 0.589846 0.0138086 
300 0.278 842400000 894.036 37.0298 -88.0122 1.41408 8321.61 249.198 8.9577e+07 5.04746e+06 -0.000445272 0.00334949 -0.00158483 0.00349482 0.0100313 0.00049301 0.000207693 2.0601e-05 0.0878075 0.00231043 29.1285 15.4667 190.496 46.9303 2863.37 231.271 3082.99 262.977 3082.99 262.977 0.589846 0.0138044 
300 0.278 844200000 894.036 37.0298 -88.0122 1.41408 8321.61 249.198 8.9577e+07 5.03626e+06 -0.000445272 0.00334453 -0.00158483 0.00348143 0.0100313 0.00049177 0.000207693 2.05586e-05 0.0878075 0.00230979 29.1285 15.4324 190.496 46.7279 2863.37 231.271 3082.99 262.977 3082.99 262.977 0.589846 0.0137749 
300 0.278 846000000 894.036 37.0298 -88.0122 1.41408 8321.61 249.198 8.9577e+07 5.0276e+06 -0.000445272 0.00334154 -0.00158483 0.00348143 0.0100313 0.00049177 0.000207693 2.05134e-05 0.0878075 0.00230979 29.1285 15.3983 190.496 46.7279 2863.37 231.271 3082.99 262.977 3082.99 262.977 0.589846 0.013751 
300 0.278 847800000 894.036 37.0298 -88.0122 1.41408 8321.61 249.198 8.9577e+07 5.02471e+06 -0.000445272 0.00333492 -0.00158483 0.00346722 0.0100313 0.000489738 0.000207693 2.04728e-05 0.0878075 0.0022998 29.1285 15.3643 190.496 46.5275 2863.37 231.271 3082.99 262.977 3082.99 262.977 0.589846 0.0137271 
300 0.278 849600000 894.036 37.0298 -88.0122 1.41408 8321.61 249.198 8.9577e+07 5.02471e+06 -0.000445272 0.00332757 -0.00158483 0.00346722 0.0100313 0.000489738 0.000207693 2.04322e-05 0.0878075 0.0022998 29.1285 15.3305 190.496 46.5275 2863.37 231.271 3082.99 262.977 3082.99 262.977 0.589846 0.0137019 
300 0.278 851400000 894.036 37.0298 -88.0122 1.41408 8321.61 249.198 8.9577e+07 5.02471e+06 -0.000445272 0.00332148 -0.00158483 0.00345283 0.0100313 0.000488622 0.000207693 2.0392e-05 0.0878075 0.00229496 29.1285 15.2968 190.496 46.3265 2863.37 231.271 3082.99 262.977 3082.99 262.977 0.589846 0.0136981 
300 0.278 853200000 894.036 37.0298 -88.0122 1.41408 8321.61 249.198 8.9577e+07 5.12662e+06 -0.000445272 0.00331795 -0.00158483 0.00345283 0.0100313 0.000488622 0.000207693 2.03507e-05 0.0878075 0.00229496 29.1285 15.2923 190.496 46.3265 2863.37 231.271 3082.99 262.977 3082.99 262.977 0.589846 0.0136827 
300 0.278 855000000 894.036 37.0298 -88.0122 1.41408 8321.61 249.198 8.9577e+07 5.11537e+06 -0.000445272 0.00331254 -0.00158483 0.00345345 0.0100313 0.000488166 0.000207693 2.03938e-05 0.0878075 0.00229191 29.1285 15.2298 190.496 46.1245 2863.37 227.258 3082.99 258.467 3082.99 258.467 0.589846 0.0136596 
300 0.278 856800000 894.036 37.0298 -88.0122 1.41408 8321.61 249.198 8.9577e+07 5.1043e+06 -0.000445272 0.00330666 -0.00158483 0.00345345 0.0100313 0.000488166 0.000207693 2.03535e-05 0.0878075 0.00229191 29.1285 15.1966 190.496 46.1245 2863.37 227.258 3082.99 258.467 3082.99 258.467 0.589846 0.013632 
300 0.278 858600000 894.036 37.0298 -88.0122 1.41408 8321.61 249.198 8.9577e+07 5.12396e+06 -0.000445272 0.00329991 -0.00158483 0.00344484 0.0100313 0.000486851 0.000207693 2.03136e-05 0.0878075 0.00228522 29.1285 15.1635 190.496 45.9289 2863.37 227.258 3082.99 258.467 3082.99 258.467 0.589846 0.0136024 
300 0.278 860400000 894.036 37.0298 -88.0122 1.41408 8321.61 249.198 8.9577e+07 5.11405e+06 -0.000445272 0.00330287 -0.00158483 0.00344484 0.0100313 0.000486851 0.000207693 2.02693e-05 0.0878075 0.00228522 29.1285 15.1305 190.496 45.9289 2863.37 227.258 3082.99 258.467 3082.99 258.467 0.589846 0.0135981 
300 0.278 862200000 894.036 37.0298 -88.0122 1.41408 8321.61 249.198 8.9577e+07 5.10391e+06 -0.000445272 0.0033034 -0.00158483 0.0034311 0.0100313 0.000484898 0.000207693 2.02261e-05 0.0878075 0.00227802 29.1285 15.0977 190.496 45.7344 2863.37 227.258 3082.99 258.467 3082.99 258.467 0.589846 0.0135957 
300 0.278 864000000 894.036 37.0298 -88.0122 1.41408 8321.61 249.198 8.9577e+07 5.0931e+06 -0.000445272 0.00329725 -0.00158483 0.0034311 0.0100313 0.000484898 0.000207693 2.01864e-05 0.0878075 0.00227802 29.1285 15.065 190.496 45.7344 2863.37 227.258 3082.99 258.467 3082.99 258.467 0.589846 0.0135766 
300 0.278 865800000 894.036 37.0298 -88.0122 1.41408 8321.61 249.198 8.9577e+07 5.0821e+06 -0.000445272 0.00329354 -0.00158483 0.00341675 0.0100313 0.000483325 0.000207693 2.01463e-05 0.0878075 0.00226959 29.1285 15.0372 190.496 45.5411 2863.37 227.258 3082.99 258.467 3082.99 258.467 0.589846 0.0135502 
300 0.278 867600000 894.036 37.0298 -88.0122 1.41408 8321.61 249.198 8.9577e+07 5.074e+06 -0.000445272 0.00328646 -0.00158483 0.00341675 0.0100313 0.000483325 0.000207693 2.01076e-05 0.0878075 0.00226959 29.1285 15.0372 190.496 45.5411 2863.37 227.258 3082.99 258.467 3082.99 258.467 0.589846 0.0135491 
300 0.278 869400000 894.036 37.0298 -88.0122 1.41408 8321.61 249.198 8.9577e+07 5.06306e+06 -0.000445272 0.00328303 -0.00158483 0.0034073 0.0100313 0.00048181 0.000207693 2.00667e-05 0.0878075 0.00226239 29.1285 14.9678 190.496 45.3486 2863.37 226.507 3082.99 257.259 3082.99 257.259 0.589846 0.0135471 
300 0.278 871200000 894.036 37.0298 -88.0122 1.41408 8321.61 249.198 8.9577e+07 5.05218e+06 -0.000445272 0.00327912 -0.00158483 0.0034073 0.0100313 0.00048181 0.000207693 2.00257e-05 0.0878075 0.00226239 29.1285 14.9357 190.496 45.3486 2863.37 226.507 3082.99 257.259 3082.99 257.259 0.589846 0.0135337 
300 0.278 873000000 894.036 37.0298 -88.0122 1.41408 8321.61 249.198 8.9577e+07 5.04148e+06 -0.000445272 0.00327317 -0.00158483 0.00339635 0.0100313 0.000479766 0.000207693 1.99869e-05 0.0878075 0.00225314 29.1285 14.9037 190.496 45.1591 2863.37 226.507 3082.99 257.259 3082.99 257.259 0.589846 0.0135122 
300 0.278 874800000 894.036 37.0298 -88.0122 1.41408 8321.61 249.198 8.9577e+07 5.0334e+06 -0.000445272 0.00326617 -0.00158483 0.00339635 0.0100313 0.000479766 0.000207693 1.99707e-05 0.0878075 0.00225314 29.1285 14.8718 190.496 45.1591 2863.37 226.507 3082.99 257.259 3082.99 257.259 0.589846 0.0135087 
300 0.278 876600000 894.036 37.0298 -88.0122 1.41408 8321.61 249.198 8.9577e+07 5.15157e+06 -0.000445272 0.00326179 -0.00158483 0.00338406 0.0100313 0.000477745 0.000207693 1.99707e-05 0.0878075 0.00224409 29.1285 14.8401 190.496 44.9701 2863.37 226.507 3082.99 257.259 3082.99 257.259 0.589846 0.0134874 
300 0.278 878400000 894.036 37.0298 -88.0122 1.41408 8321.61 249.198 8.9577e+07 5.14197e+06 -0.000445272 0.00325691 -0.00158483 0.00338406 0.0100313 0.000477745 0.000207693 1.99707e-05 0.0878075 0.00224409 29.1285 14.8085 190.496 44.9701 2863.37 226.507 3082.99 257.259 3082.99 257.259 0.589846 0.0134829 
300 0.278 880200000 894.036 37.0298 -88.0122 1.41408 8321.61 249.198 8.9577e+07 5.1312e+06 -0.000445272 0.00325309 -0.00158483 0.00337074 0.0100313 0.000475714 0.000207693 1.99707e-05 0.0878075 0.00223523 29.1285 14.7771 190.496 44.7832 2863.37 226.507 3082.99 257.259 3082.99 257.259 0.589846 0.013455 
300 0.278 882000000 894.036 37.0298 -88.0122 1.41408 8321.61 249.198 8.9577e+07 5.1238e+06 -0.000445272 0.00326917 -0.00158483 0.00337074 0.0100313 0.000476916 0.000207693 2.01481e-05 0.0878075 0.00223523 29.1285 14.7739 190.496 44.7832 2863.37 226.507 3082.99 257.259 3082.99 257.259 0.589846 0.0134324 
300 0.278 883800000 894.036 37.0298 -88.0122 1.41408 8321.61 249.198 8.9577e+07 5.11296e+06 -0.000445272 0.00326739 -0.00158483 0.00335786 0.0100313 0.000479783 0.000207693 2.01062e-05 0.0878075 0.00224596 29.1285 14.7146 190.496 44.5982 2863.37 222.952 3082.99 253.292 3082.99 253.292 0.589846 0.0134175 
300 0.278 885600000 894.036 37.0298 -88.0122 1.41408 8321.61 249.198 8.9577e+07 5.10235e+06 -0.000445272 0.00326481 -0.00158483 0.00335786 0.0100313 0.000479783 0.000207693 2.00668e-05 0.0878075 0.00224596 29.1285 14.6835 190.496 44.5982 2863.37 222.952 3082.99 253.292 3082.99 253.292 0.589846 0.0134151 
300 0.278 887400000 894.036 37.0298 -88.0122 1.41408 8321.61 249.198 8.9577e+07 5.10819e+06 -0.000445272 0.00326041 -0.00158483 0.00335031 0.0100313 0.000477777 0.000207693 2.00246e-05 0.0878075 0.00223732 29.1285 14.6526 190.496 44.4146 2863.37 222.952 3082.99 253.292 3082.99 253.292 0.589846 0.013397 
300 0.278 889200000 894.036 37.0298 -88.0122 1.41408 8321.61 249.198 8.9577e+07 5.09744e+06 -0.000445272 0.00325361 -0.00158483 0.00335031 0.0100313 0.000477777 0.000207693 1.9987e-05 0.0878075 0.00223732 29.1285 14.6218 190.496 44.4146 2863.37 222.952 3082.99 253.292 3082.99 253.292 0.589846 0.0133761 
300 0.278 891000000 894.036 37.0298 -88.0122 1.41408 8321.61 249.198 8.9577e+07 5.08948e+06 -0.000445272 0.00324696 -0.00158483 0.00333623 0.0100313 0.000476883 0.000207693 1.99707e-05 0.0878075 0.00223435 29.1285 14.5958 190.496 44.6353 2863.37 222.952 3082.99 253.292 3082.99 253.292 0.589846 0.0133678 
300 0.278 892800000 894.036 37.0298 -88.0122 1.41408 8321.61 249.198 8.9577e+07 5.1019e+06 -0.000445272 0.00324031 -0.00158483 0.00333623 0.0100313 0.000476883 0.000207693 1.99707e-05 0.0878075 0.00223435 29.1285 14.5958 190.496 44.6353 2863.37 222.952 3082.99 253.292 3082.99 253.292 0.589846 0.013365 
300 0.278 894600000 894.036 37.0298 -88.0122 1.41408 8321.61 249.198 8.9577e+07 5.09812e+06 -0.000445272 0.00323428 -0.00158483 0.00333853 0.0100313 0.00047505 0.000207693 1.99707e-05 0.0878075 0.00222507 29.1285 14.5958 190.496 44.4531 2863.37 222.952 3082.99 253.292 3082.99 253.292 0.589846 0.0133405 
300 0.278 896400000 894.036 37.0298 -88.0122 1.41408 8321.61 249.198 8.9577e+07 5.08982e+06 -0.000445272 0.00323263 -0.00158483 0.00333853 0.0100313 0.00047505 0.000207693 1.99707e-05 0.0878075 0.00222507 29.1285 14.5958 190.496 44.4531 2863.37 222.952 3082.99 253.292 3082.99 253.292 0.589846 0.013314 
300 0.278 898200000 888.283 35.3115 -88.6264 1.41408 8444.28 249.198 9.25817e+07 5.08037e+06 -0.000500935 0.00322591 -0.000429573 0.00332462 0.00996368 0.000473447 0.000204931 1.99707e-05 0.087634 0.00221723 27.7605 14.4698 186.844 44.2734 2820.04 219.491 3034.65 249.479 3034.65 249.479 0.588329 0.0132865 
300 0.278 900000000 888.283 35.3115 -88.6264 1.41408 8444.28 249.198 9.25817e+07 5.07145e+06 -0.000500935 0.00322341 -0.000429573 0.00332462 0.00996368 0.000473447 0.000204931 1.99707e-05 0.087634 0.00221723 27.7605 14.4397 186.844 44.2734 2820.04 219.491 3034.65 249.479 3034.65 249.479 0.588329 0.0132839 
300 0.278 901800000 888.283 35.3115 -88.6264 1.41408 8444.28 249.198 9.25817e+07 5.06149e+06 -0.000500935 0.00321687 -0.000429573 0.00331083 0.00996368 0.000472255 0.000204931 1.99707e-05 0.087634 0.00221325 27.7605 14.4098 186.844 44.0929 2820.04 219.491 3034.65 249.479 3034.65 249.479 0.588329 0.0132879 
300 0.278 903600000 888.283 35.3115 -88.6264 1.41408 8444.28 249.198 9.25817e+07 5.05104e+06 -0.000500935 0.00321968 -0.000429573 0.00331083 0.00996368 0.000472255 0.000204931 1.99707e-05 0.087634 0.00221325 27.7605 14.38 186.844 44.0929 2820.04 219.491 3034.65 249.479 3034.65 249.479 0.588329 0.0132879 
300 0.278 905400000 888.283 35.3115 -88.6264 1.41408 8444.28 249.198 9.25817e+07 5.04412e+06 -0.000500935 0.00321756 -0.000429573 0.00330915 0.00996368 0.000472138 0.000204931 1.99707e-05 0.087634 0.00221191 27.7605 14.3503 186.844 43.9159 2820.04 219.491 3034.65 249.479 3034.65 249.479 0.588329 0.0132538 
300 0.278 907200000 888.283 35.3115 -88.6264 1.41408 8444.28 249.198 9.25817e+07 5.03473e+06 -0.000500935 0.00321688 -0.000429573 0.00330915 0.00996368 0.000472138 0.000204931 1.99707e-05 0.087634 0.00221191 27.7605 14.3208 186.844 43.9159 2820.04 219.491 3034.65 249.479 3034.65 249.479 0.588329 0.0132417 
300 0.278 909000000 888.283 35.3115 -88.6264 1.41408 8444.28 249.198 9.25817e+07 5.02516e+06 -0.000500935 0.00321031 -0.000429573 0.00330598 0.00996368 0.000470231 0.000204931 1.99707e-05 0.087634 0.00220413 27.7605 14.2914 186.844 43.74 2820.04 219.491 3034.65 249.479 3034.65 249.479 0.588329 0.0132304 
300 0.278 910800000 888.283 35.3115 -88.6264 1.41408 8444.28 249.198 9.25817e+07 5.02546e+06 -0.000500935 0.00320421 -0.000429573 0.00330598 0.00996368 0.000470231 0.000204931 1.99707e-05 0.087634 0.00220413 27.7605 14.2882 186.844 43.74 2820.04 219.491 3034.65 249.479 3034.65 249.479 0.588329 0.0132089 
300 0.278 912600000 888.283 35.3115 -88.6264 1.41408 8444.28 249.198 9.25817e+07 5.02471e+06 -0.000500935 0.00319838 -0.000429573 0.00330649 0.00996368 0.000468317 0.000204931 1.99707e-05 0.087634 0.0021951 27.7605 14.233 186.844 43.5648 2820.04 216.142 3034.65 245.739 3034.65 245.739 0.588329 0.0131948 
300 0.278 914400000 888.283 35.3115 -88.6264 1.41408 8444.28 249.198 9.25817e+07 5.02471e+06 -0.000500935 0.00319278 -0.000429573 0.00330649 0.00996368 0.000468317 0.000204931 1.99707e-05 0.087634 0.0021951 27.7605 14.2039 186.844 43.5648 2820.04 216.142 3034.65 245.739 3034.65 245.739 0.588329 0.0131911 
300 0.278 916200000 888.283 35.3115 -88.6264 1.41408 8444.28 249.198 9.25817e+07 5.02471e+06 -0.000500935 0.00318796 -0.000429573 0.00329505 0.00996368 0.000466506 0.000204931 1.99707e-05 0.087634 0.00218617 27.7605 14.175 186.844 43.391 2820.04 216.142 3034.65 245.739 3034.65 245.739 0.588329 0.0131801 
300 0.278 918000000 888.283 35.3115 -88.6264 1.41408 8444.28 249.198 9.25817e+07 5.02471e+06 -0.000500935 0.00318225 -0.000429573 0.00329505 0.00996368 0.000466506 0.000204931 1.99707e-05 0.087634 0.00218617 27.7605 14.1462 186.844 43.391 2820.04 216.142 3034.65 245.739 3034.65 245.739 0.588329 0.0131873 
300 0.278 919800000 888.283 35.3115 -88.6264 1.41408 8444.28 249.198 9.25817e+07 5.02471e+06 -0.000500935 0.00317596 -0.000429573 0.00329047 0.00996368 0.000464807 0.000204931 1.99707e-05 0.087634 0.00217889 27.7605 14.1175 186.844 43.2197 2820.04 216.142 3034.65 245.739 3034.65 245.739 0.588329 0.0131746 
300 0.278 921600000 888.283 35.3115 -88.6264 1.41408 8444.28 249.198 9.25817e+07 5.02471e+06 -0.000500935 0.00317328 -0.000429573 0.00329047 0.00996368 0.000464807 0.000204931 1.99707e-05 0.087634 0.00217889 27.7605 14.0889 186.844 43.2197 2820.04 216.142 3034.65 245.739 3034.65 245.739 0.588329 0.0131735 
300 0.278 923400000 888.283 35.3115 -88.6264 1.41408 8444.28 249.198 9.25817e+07 5.02471e+06 -0.000500935 0.00316708 -0.000429573 0.00328515 0.00996368 0.000463175 0.000204931 1.99707e-05 0.087634 0.00217052 27.7605 14.0658 186.844 43.0489 2820.04 216.142 3034.65 245.739 3034.65 245.739 0.588329 0.0132076 
300 0.278 925200000 888.283 35.3115 -88.6264 1.41408 8444.28 249.198 9.25817e+07 5.02471e+06 -0.000500935 0.00316069 -0.000429573 0.00328515 0.00996368 0.000463175 0.000204931 1.99707e-05 0.087634 0.00217052 27.7605 14.0658 186.844 43.0489 2820.04 216.142 3034.65 245.739 3034.65 245.739 0.588329 0.0132076 
300 0.278 927000000 888.283 35.3115 -88.6264 1.41408 8444.28 249.198 9.25817e+07 5.02471e+06 -0.000500935 0.00315886 -0.000429573 0.0032792 0.00996368 0.000461999 0.000204931 1.99707e-05 0.087634 0.00216366 27.7605 14.0038 186.844 42.8763 2820.04 216.631 3034.65 244.89 3034.65 244.89 0.588329 0.013231 
300 0.278 928800000 888.283 35.3115 -88.6264 1.41408 8444.28 249.198 9.25817e+07 5.02471e+06 -0.000500935 0.00315327 -0.000429573 0.0032792 0.00996368 0.000467523 0.000204931 1.99707e-05 0.087634 0.00216366 27.7605 13.9757 186.844 42.8763 2820.04 216.631 3034.65 244.89 3034.65 244.89 0.588329 0.013231 
300 0.278 930600000 888.283 35.3115 -88.6264 1.41408 8444.28 249.198 9.25817e+07 5.02471e+06 -0.000500935 0.00314781 -0.000429573 0.00329013 0.00996368 0.00046685 0.000204931 1.99707e-05 0.087634 0.00216423 27.7605 13.9477 186.844 42.7086 2820.04 216.631 3034.65 244.89 3034.65 244.89 0.588329 0.0131779 
300 0.278 932400000 888.283 35.3115 -88.6264 1.41408 8444.28 249.198 9.25817e+07 5.02471e+06 -0.000500935 0.00314165 -0.000429573 0.00329013 0.00996368 0.000466095 0.000204931 1.99707e-05 0.087634 0.00216423 27.7605 13.9197 186.844 42.7086 2820.04 216.631 3034.65 244.89 3034.65 244.89 0.588329 0.0131779 
300 0.278 934200000 888.283 35.3115 -88.6264 1.41408 8444.28 249.198 9.25817e+07 5.02471e+06 -0.000500935 0.0031366 -0.000429573 0.00327698 0.00996368 0.000465269 0.000204931 1.99707e-05 0.087634 0.00215744 27.7605 13.892 186.844 42.5413 2820.04 216.631 3034.65 244.89 3034.65 244.89 0.588329 0.0131252 
300 0.278 936000000 888.283 35.3115 -88.6264 1.41408 8444.28 249.198 9.25817e+07 5.02471e+06 -0.000500935 0.00313035 -0.000429573 0.00327698 0.00996368 0.00046476 0.000204931 1.99707e-05 0.087634 0.00215744 27.7605 13.8643 186.844 42.5413 2820.04 216.631 3034.65 244.89 3034.65 244.89 0.588329 0.0131252 
300 0.278 937800000 888.283 35.3115 -88.6264 1.41408 8444.28 249.198 9.25817e+07 5.02471e+06 -0.000500935 0.00313871 -0.000429573 0.00326469 0.00996368 0.000464623 0.000204931 1.99707e-05 0.087634 0.00215027 27.7605 13.8367 186.844 42.8512 2820.04 216.631 3034.65 244.89 3034.65 244.89 0.588329 0.013086 
300 0.278 939600000 888.283 35.3115 -88.6264 1.41408 8444.28 249.198 9.25817e+07 5.02471e+06 -0.000500935 0.0031347 -0.000429573 0.00326469 0.00996368 0.000463782 0.000204931 1.99707e-05 0.087634 0.00214896 27.7605 13.8324 186.844 42.8512 2820.04 216.631 3034.65 244.89 3034.65 244.89 0.588329 0.013086 
300 0.278 941400000 888.283 35.3115 -88.6264 1.41408 8444.28 249.198 9.25817e+07 5.02471e+06 -0.000500935 0.00312877 -0.000429573 0.00325394 0.00996368 0.00046323 0.000204931 1.99707e-05 0.087634 0.00214547 27.7605 13.7819 186.844 42.6858 2820.04 213.615 3034.65 241.655 3034.65 241.655 0.588329 0.0130494 
300 0.278 943200000 888.283 35.3115 -88.6264 1.41408 8444.28 249.198 9.25817e+07 5.02471e+06 -0.000500935 0.00312259 -0.000429573 0.00325394 0.00996368 0.000462539 0.000204931 1.99707e-05 0.087634 0.00214547 27.7605 13.7546 186.844 42.6858 2820.04 213.615 3034.65 241.655 3034.65 241.655 0.588329 0.0130494 
300 0.278 945000000 888.283 35.3115 -88.6264 1.41408 8444.28 249.198 9.25817e+07 5.02471e+06 -0.000500935 0.00315185 -0.000429573 0.00325071 0.00996368 0.000471653 0.000204931 2.05227e-05 0.087634 0.00217135 27.7605 13.7275 186.844 42.5213 2820.04 213.615 3034.65 241.655 3034.65 241.655 0.588329 0.0130189 
300 0.278 946800000 888.283 35.3115 -88.6264 1.41408 8444.28 249.198 9.25817e+07 5.02471e+06 -0.000500935 0.00315205 -0.000429573 0.00325071 0.00996368 0.000471653 0.000204931 2.04828e-05 0.087634 0.00217135 27.7605 13.7004 186.844 42.5213 2820.04 213.615 3034.65 241.655 3034.65 241.655 0.588329 0.0130189 
300 0.278 948600000 888.283 35.3115 -88.6264 1.41408 8444.28 249.198 9.25817e+07 5.02471e+06 -0.000500935 0.00314827 -0.000429573 0.00323865 0.00996368 0.000469797 0.000204931 2.04443e-05 0.087634 0.00216336 27.7605 13.6867 186.844 42.3572 2820.04 213.615 3034.65 241.655 3034.65 241.655 0.588329 0.01298 
300 0.278 950400000 888.283 35.3115 -88.6264 1.41408 8444.28 249.198 9.25817e+07 5.02471e+06 -0.000500935 0.00315 -0.000429573 0.00323865 0.00996368 0.000469797 0.000204931 2.04042e-05 0.087634 0.00216336 27.7605 13.6867 186.844 42.3572 2820.04 213.615 3034.65 241.655 3034.65 241.655 0.588329 0.0129684 
300 0.278 952200000 888.283 35.3115 -88.6264 1.41408 8444.28 249.198 9.25817e+07 5.02471e+06 -0.000500935 0.00314456 -0.000429573 0.00322598 0.00996368 0.000468051 0.000204931 2.03684e-05 0.087634 0.0021552 27.7605 13.6867 186.844 42.1961 2820.04 213.615 3034.65 241.655 3034.65 241.655 0.588329 0.0129394 
300 0.278 954000000 888.283 35.3115 -88.6264 1.41408 8444.28 249.198 9.25817e+07 5.02471e+06 -0.000500935 0.00314431 -0.000429573 0.00322598 0.00996368 0.000468051 0.000204931 2.03286e-05 0.087634 0.0021552 27.7605 13.6867 186.844 42.1961 2820.04 213.615 3034.65 241.655 3034.65 241.655 0.588329 0.012928 
300 0.278 955800000 888.066 32.8179 -88.3689 1.28154 8412.71 234.111 9.22866e+07 5.0749e+06 -0.000771443 0.00314161 -0.000751943 0.00321512 0.0101017 0.000466234 0.000213183 2.02918e-05 0.0880912 0.00214745 26.6871 13.5669 184.455 42.0357 2837.2 212.049 3048.34 239.763 3048.34 239.763 0.590366 0.0129107 
300 0.278 957600000 888.066 32.8179 -88.3689 1.28154 8412.71 234.111 9.22866e+07 5.0749e+06 -0.000771443 0.00313555 -0.000751943 0.00321512 0.0101017 0.000466234 0.000213183 2.02545e-05 0.0880912 0.00214745 26.6871 13.5405 184.455 42.0357 2837.2 212.049 3048.34 239.763 3048.34 239.763 0.590366 0.0129068 
300 0.278 959400000 888.066 32.8179 -88.3689 1.28154 8412.71 234.111 9.22866e+07 5.0749e+06 -0.000771443 0.00313039 -0.000751943 0.00320302 0.0101017 0.000464639 0.000213183 2.02183e-05 0.0880912 0.00213934 26.6871 13.5142 184.455 41.877 2837.2 212.049 3048.34 239.763 3048.34 239.763 0.590366 0.0128752 
300 0.278 961200000 888.066 32.8179 -88.3689 1.28154 8412.71 234.111 9.22866e+07 5.0749e+06 -0.000771443 0.0031249 -0.000751943 0.00320302 0.0101017 0.000464639 0.000213183 2.01833e-05 0.0880912 0.00213934 26.6871 13.488 184.455 41.877 2837.2 212.049 3048.34 239.763 3048.34 239.763 0.590366 0.0128752 
300 0.278 963000000 888.066 32.8179 -88.3689 1.28154 8412.71 234.111 9.22866e+07 5.0749e+06 -0.000771443 0.00313282 -0.000751943 0.00319654 0.0101017 0.000464731 0.000213183 2.02072e-05 0.0880912 0.00213248 26.6871 13.4619 184.455 41.7188 2837.2 212.049 3048.34 239.763 3048.34 239.763 0.590366 0.0128514 
300 0.278 964800000 888.066 32.8179 -88.3689 1.28154 8412.71 234.111 9.22866e+07 5.0749e+06 -0.000771443 0.00312676 -0.000751943 0.00319654 0.0101017 0.000464236 0.000213183 2.01724e-05 0.0880912 0.00213375 26.6871 13.4359 184.455 41.7188 2837.2 212.049 3048.34 239.763 3048.34 239.763 0.590366 0.0128514 
300 0.278 966600000 888.066 32.8179 -88.3689 1.28154 8412.71 234.111 9.22866e+07 5.0749e+06 -0.000771443 0.00312077 -0.000751943 0.0031842 0.0101017 0.000463738 0.000213183 2.01376e-05 0.0880912 0.00214482 26.6871 13.41 184.455 41.5624 2837.2 212.049 3048.34 239.763 3048.34 239.763 0.590366 0.012825 
300 0.278 968400000 888.066 32.8179 -88.3689 1.28154 8412.71 234.111 9.22866e+07 5.0749e+06 -0.000771443 0.00311487 -0.000751943 0.0031842 0.0101017 0.000463333 0.000213183 2.01026e-05 0.0880912 0.00214482 26.6871 13.4052 184.455 41.5624 2837.2 212.049 3048.34 239.763 3048.34 239.763 0.590366 0.0128211 
300 0.278 970200000 888.066 32.8179 -88.3689 1.28154 8412.71 234.111 9.22866e+07 5.0749e+06 -0.000771443 0.00311088 -0.000751943 0.00317199 0.0101017 0.000462171 0.000213183 2.00663e-05 0.0880912 0.00213751 26.6871 13.3585 184.455 41.4066 2837.2 209.291 3048.34 236.7 3048.34 236.7 0.590366 0.0128013 
300 0.278 972000000 888.066 32.8179 -88.3689 1.28154 8412.71 234.111 9.22866e+07 5.0749e+06 -0.000771443 0.00311664 -0.000751943 0.00317199 0.0101017 0.000461914 0.000213183 2.00326e-05 0.0880912 0.00213751 26.6871 13.3329 184.455 41.4066 2837.2 209.291 3048.34 236.7 3048.34 236.7 0.590366 0.0128007 
300 0.278 973800000 888.066 32.8179 -88.3689 1.28154 8412.71 234.111 9.22866e+07 5.0749e+06 -0.000771443 0.00311337 -0.000751943 0.00316448 0.0101017 0.0004609 0.000213183 1.99964e-05 0.0880912 0.00213211 26.6871 13.3075 184.455 41.2521 2837.2 209.291 3048.34 236.7 3048.34 236.7 0.590366 0.0127809 
300 0.278 975600000 888.066 32.8179 -88.3689 1.28154 8412.71 234.111 9.22866e+07 5.0749e+06 -0.000771443 0.00311358 -0.000751943 0.00316448 0.0101017 0.000460436 0.000213183 1.99583e-05 0.0880912 0.00213211 26.6871 13.2821 184.455 41.2521 2837.2 209.291 3048.34 236.7 3048.34 236.7 0.590366 0.0127721 
300 0.278 977400000 888.066 32.8179 -88.3689 1.28154 8412.71 234.111 9.22866e+07 5.0749e+06 -0.000771443 0.00311073 -0.000751943 0.00315244 0.0101017 0.000459215 0.000213183 1.99225e-05 0.0880912 0.00212445 26.6871 13.2568 184.455 41.099 2837.2 209.291 3048.34 236.7 3048.34 236.7 0.590366 0.0127524 
300 0.278 979200000 888.066 32.8179 -88.3689 1.28154 8412.71 234.111 9.22866e+07 5.0749e+06 -0.000771443 0.00310487 -0.000751943 0.00315244 0.0101017 0.000458729 0.000213183 1.98887e-05 0.0880912 0.00212445 26.6871 13.2316 184.455 41.099 2837.2 209.291 3048.34 236.7 3048.34 236.7 0.590366 0.0127508 
300 0.278 981000000 888.066 32.8179 -88.3689 1.28154 8412.71 234.111 9.22866e+07 5.0749e+06 -0.000771443 0.00309897 -0.000751943 0.00314067 0.0101017 0.000458479 0.000213183 1.98549e-05 0.0880912 0.00213542 26.6871 13.2072 184.455 40.9464 2837.2 209.291 3048.34 236.7 3048.34 236.7 0.590366 0.01276 
300 0.278 982800000 888.066 32.8179 -88.3689 1.28154 8412.71 234.111 9.22866e+07 5.0749e+06 -0.000771443 0.00309644 -0.000751943 0.00314067 0.0101017 0.000458479 0.000213183 1.98177e-05 0.0880912 0.00213542 26.6871 13.2072 184.455 40.9464 2837.2 209.291 3048.34 236.7 3048.34 236.7 0.590366 0.01275 
300 0.278 984600000 888.066 32.8179 -88.3689 1.28154 8412.71 234.111 9.22866e+07 5.0749e+06 -0.000771443 0.003093 -0.000751943 0.00313175 0.0101017 0.000457998 0.000213183 1.98007e-05 0.0880912 0.00213493 26.6871 13.1565 184.455 40.7948 2837.2 206.453 3048.34 233.548 3048.34 233.548 0.590366 0.0127287 
300 0.278 986400000 888.066 32.8179 -88.3689 1.28154 8412.71 234.111 9.22866e+07 5.0749e+06 -0.000771443 0.00308974 -0.000751943 0.00313175 0.0101017 0.000457998 0.000213183 1.97661e-05 0.0880912 0.00213493 26.6871 13.1316 184.455 40.7948 2837.2 206.453 3048.34 233.548 3048.34 233.548 0.590366 0.0127254 
300 0.278 988200000 888.066 32.8179 -88.3689 1.28154 8412.71 234.111 9.22866e+07 5.0749e+06 -0.000771443 0.00309915 -0.000751943 0.00312219 0.0101017 0.000457018 0.000213183 1.97536e-05 0.0880912 0.00213048 26.6871 13.1069 184.455 40.6446 2837.2 206.453 3048.34 233.548 3048.34 233.548 0.590366 0.012716 
300 0.278 990000000 888.066 32.8179 -88.3689 1.28154 8412.71 234.111 9.22866e+07 5.0749e+06 -0.000771443 0.00309336 -0.000751943 0.00312219 0.0101017 0.000456914 0.000213183 1.972e-05 0.0880912 0.00213048 26.6871 13.0823 184.455 40.6446 2837.2 206.453 3048.34 233.548 3048.34 233.548 0.590366 0.0127068 
300 0.278 991800000 888.066 32.8179 -88.3689 1.28154 8412.71 234.111 9.22866e+07 5.0749e+06 -0.000771443 0.00308759 -0.000751943 0.00311054 0.0101017 0.000456043 0.000213183 1.96868e-05 0.0880912 0.00212689 26.6871 13.0577 184.455 40.4966 2837.2 206.453 3048.34 233.548 3048.34 233.548 0.590366 0.0126833 
300 0.278 993600000 888.066 32.8179 -88.3689 1.28154 8412.71 234.111 9.22866e+07 5.0749e+06 -0.000771443 0.00308325 -0.000751943 0.00311054 0.0101017 0.000456043 0.000213183 1.9653e-05 0.0880912 0.00212689 26.6871 13.0333 184.455 40.4966 2837.2 206.453 3048.34 233.548 3048.34 233.548 0.590366 0.0126619 
300 0.278 995400000 888.066 32.8179 -88.3689 1.28154 8412.71 234.111 9.22866e+07 5.0749e+06 -0.000771443 0.003079 -0.000751943 0.00311701 0.0101017 0.000454467 0.000213183 1.96188e-05 0.0880912 0.00211987 26.6871 13.0089 184.455 40.3489 2837.2 206.453 3048.34 233.548 3048.34 233.548 0.590366 0.0126468 
300 0.278 997200000 888.066 32.8179 -88.3689 1.28154 8412.71 234.111 9.22866e+07 5.0749e+06 -0.000771443 0.00308491 -0.000751943 0.00311701 0.0101017 0.000454761 0.000213183 1.96076e-05 0.0880912 0.00211987 26.6871 13.0045 184.455 40.3489 2837.2 206.453 3048.34 233.548 3048.34 233.548 0.590366 0.0126432 
300 0.278 999000000 888.066 32.8179 -88.3689 1.28154 8412.71 234.111 9.22866e+07 5.0749e+06 -0.000771443 0.00307924 -0.000751943 0.00310711 0.0101017 0.000454236 0.000213183 1.9575e-05 0.0880912 0.00211229 26.6871 12.9605 184.455 40.2016 2837.2 204.21 3048.34 231.018 3048.34 231.018 0.590366 0.0126376 
300 0.278 1000800000 888.066 32.8179 -88.3689 1.28154 8412.71 234.111 9.22866e+07 5.0749e+06 -0.000771443 0.00307377 -0.000751943 0.00310711 0.0101017 0.00045372 0.000213183 1.95425e-05 0.0880912 0.00211229 26.6871 12.9363 184.455 40.2016 2837.2 204.21 3048.34 231.018 3048.34 231.018 0.590366 0.012636 
300 0.278 1002600000 888.066 32.8179 -88.3689 1.28154 8412.71 234.111 9.22866e+07 5.0749e+06 -0.000771443 0.00306994 -0.000751943 0.00309773 0.0101017 0.000452877 0.000213183 1.95074e-05 0.0880912 0.00210643 26.6871 12.9123 184.455 40.0564 2837.2 204.21 3048.34 231.018 3048.34 231.018 0.590366 0.0126168 
300 0.278 1004400000 888.066 32.8179 -88.3689 1.28154 8412.71 234.111 9.22866e+07 5.0749e+06 -0.000771443 0.00306439 -0.000751943 0.00309773 0.0101017 0.000452392 0.000213183 1.94752e-05 0.0880912 0.00210643 26.6871 12.8884 184.455 40.0564 2837.2 204.21 3048.34 231.018 3048.34 231.018 0.590366 0.012622 
300 0.278 1006200000 888.066 32.8179 -88.3689 1.28154 8412.71 234.111 9.22866e+07 5.0749e+06 -0.000771443 0.00306252 -0.000751943 0.00309108 0.0101017 0.000451596 0.000213183 1.94392e-05 0.0880912 0.00209993 26.6871 12.8733 184.455 39.9122 2837.2 204.21 3048.34 231.018 3048.34 231.018 0.590366 0.0126308 
300 0.278 1008000000 888.066 32.8179 -88.3689 1.28154 8412.71 234.111 9.22866e+07 5.0749e+06 -0.000771443 0.00306072 -0.000751943 0.00309108 0.0101017 0.000450769 0.000213183 1.94049e-05 0.0880912 0.00209993 26.6871 12.8733 184.455 39.9122 2837.2 204.21 3048.34 231.018 3048.34 231.018 0.590366 0.0126076 
300 0.278 1009800000 888.066 32.8179 -88.3689 1.28154 8412.71 234.111 9.22866e+07 5.0749e+06 -0.000771443 0.00306281 -0.000751943 0.00309232 0.0101017 0.000450944 0.000213183 1.93898e-05 0.0880912 0.00209737 26.6871 12.8733 184.455 39.7689 2837.2 204.21 3048.34 231.018 3048.34 231.018 0.590366 0.0125864 
300 0.278 1011600000 888.066 32.8179 -88.3689 1.28154 8412.71 234.111 9.22866e+07 5.0749e+06 -0.000771443 0.00305833 -0.000751943 0.00309232 0.0101017 0.000450353 0.000213183 1.93579e-05 0.0880912 0.00209737 26.6871 12.8733 184.455 39.7689 2837.2 204.21 3048.34 231.018 3048.34 231.018 0.590366 0.0125729 
300 0.278 1013400000 879.368 32.0195 -88.3886 1.28154 8407.48 234.111 9.1817e+07 5.0749e+06 -0.000504806 0.0030528 -0.000717888 0.00308189 0.0100577 0.000449724 0.000211182 1.93259e-05 0.0877381 0.00209444 25.6447 12.7702 187.105 41.2051 2791.79 201.207 3004.54 227.796 3004.54 227.796 0.584806 0.0125583 
300 0.278 1015200000 879.368 32.0195 -88.3886 1.28154 8407.48 234.111 9.1817e+07 5.0749e+06 -0.000504806 0.0030484 -0.000717888 0.00308189 0.0100577 0.00044913 0.000211182 1.92941e-05 0.0877381 0.00209444 25.6447 12.7468 187.105 41.2051 2791.79 201.207 3004.54 227.796 3004.54 227.796 0.584806 0.0125559 
300 0.278 1017000000 879.368 32.0195 -88.3886 1.28154 8407.48 234.111 9.1817e+07 5.0749e+06 -0.000504806 0.00304571 -0.000717888 0.00307119 0.0100577 0.000448372 0.000211182 1.92615e-05 0.0877381 0.00208893 25.6447 12.7235 187.105 41.0584 2791.79 201.207 3004.54 227.796 3004.54 227.796 0.584806 0.0125419 
300 0.278 1018800000 879.368 32.0195 -88.3886 1.28154 8407.48 234.111 9.1817e+07 5.0749e+06 -0.000504806 0.00304425 -0.000717888 0.00307119 0.0100577 0.000447618 0.000211182 1.92263e-05 0.0877381 0.00208893 25.6447 12.7002 187.105 41.0584 2791.79 201.207 3004.54 227.796 3004.54 227.796 0.584806 0.0125391 
300 0.278 1020600000 879.368 32.0195 -88.3886 1.28154 8407.48 234.111 9.1817e+07 5.0749e+06 -0.000504806 0.00303958 -0.000717888 0.00306277 0.0100577 0.000447058 0.000211182 1.91949e-05 0.0877381 0.00208147 25.6447 12.6771 187.105 40.9112 2791.79 201.207 3004.54 227.796 3004.54 227.796 0.584806 0.012517 
300 0.278 1022400000 879.368 32.0195 -88.3886 1.28154 8407.48 234.111 9.1817e+07 5.0749e+06 -0.000504806 0.00303405 -0.000717888 0.00306277 0.0100577 0.000446603 0.000211182 1.91638e-05 0.0877381 0.00208147 25.6447 12.6541 187.105 40.9112 2791.79 201.207 3004.54 227.796 3004.54 227.796 0.584806 0.0124948 
300 0.278 1024200000 879.368 32.0195 -88.3886 1.28154 8407.48 234.111 9.1817e+07 5.0749e+06 -0.000504806 0.00303648 -0.000717888 0.00305321 0.0100577 0.00044595 0.000211182 1.91293e-05 0.0877381 0.00207478 25.6447 12.6311 187.105 40.7667 2791.79 201.207 3004.54 227.796 3004.54 227.796 0.584806 0.0124777 
300 0.278 1026000000 879.368 32.0195 -88.3886 1.28154 8407.48 234.111 9.1817e+07 5.0749e+06 -0.000504806 0.00303183 -0.000717888 0.00305321 0.0100577 0.000445319 0.000211182 1.90981e-05 0.0877381 0.00207478 25.6447 12.6268 187.105 40.7667 2791.79 201.207 3004.54 227.796 3004.54 227.796 0.584806 0.0124841 
300 0.278 1027800000 879.368 32.0195 -88.3886 1.28154 8407.48 234.111 9.1817e+07 5.0749e+06 -0.000504806 0.00302637 -0.000717888 0.00304787 0.0100577 0.000444641 0.000211182 1.90666e-05 0.0877381 0.00206971 25.6447 12.5854 187.105 40.6229 2791.79 198.458 3004.54 224.744 3004.54 224.744 0.584806 0.0124824 
300 0.278 1029600000 879.368 32.0195 -88.3886 1.28154 8407.48 234.111 9.1817e+07 5.0749e+06 -0.000504806 0.00302269 -0.000717888 0.00304787 0.0100577 0.000443986 0.000211182 1.90355e-05 0.0877381 0.00206971 25.6447 12.5627 187.105 40.6229 2791.79 198.458 3004.54 224.744 3004.54 224.744 0.584806 0.0124824 
300 0.278 1031400000 879.368 32.0195 -88.3886 1.28154 8407.48 234.111 9.1817e+07 5.0749e+06 -0.000504806 0.00301841 -0.000717888 0.00303705 0.0100577 0.000443352 0.000211182 1.90045e-05 0.0877381 0.00206486 25.6447 12.54 187.105 40.4793 2791.79 198.458 3004.54 224.744 3004.54 224.744 0.584806 0.0124474 
300 0.278 1033200000 879.368 32.0195 -88.3886 1.28154 8407.48 234.111 9.1817e+07 5.0749e+06 -0.000504806 0.00302058 -0.000717888 0.00303705 0.0100577 0.000442618 0.000211182 1.89702e-05 0.0877381 0.00206486 25.6447 12.5175 187.105 40.4793 2791.79 198.458 3004.54 224.744 3004.54 224.744 0.584806 0.012447 
300 0.278 1035000000 879.368 32.0195 -88.3886 1.28154 8407.48 234.111 9.1817e+07 5.0749e+06 -0.000504806 0.00301769 -0.000717888 0.00302844 0.0100577 0.000441843 0.000211182 1.89381e-05 0.0877381 0.0020582 25.6447 12.495 187.105 40.3381 2791.79 198.458 3004.54 224.744 3004.54 224.744 0.584806 0.0124801 
300 0.278 1036800000 879.368 32.0195 -88.3886 1.28154 8407.48 234.111 9.1817e+07 5.0749e+06 -0.000504806 0.00301261 -0.000717888 0.00302844 0.0100577 0.000441343 0.000211182 1.89077e-05 0.0877381 0.0020582 25.6447 12.4726 187.105 40.3381 2791.79 198.458 3004.54 224.744 3004.54 224.744 0.584806 0.0124801 
300 0.278 1038600000 879.368 32.0195 -88.3886 1.28154 8407.48 234.111 9.1817e+07 5.0749e+06 -0.000504806 0.00300875 -0.000717888 0.00301766 0.0100577 0.000440733 0.000211182 1.88772e-05 0.0877381 0.00205703 25.6447 12.4509 187.105 40.1961 2791.79 198.458 3004.54 224.744 3004.54 224.744 0.584806 0.012443 
300 0.278 1040400000 879.368 32.0195 -88.3886 1.28154 8407.48 234.111 9.1817e+07 5.0749e+06 -0.000504806 0.00300337 -0.000717888 0.00301766 0.0100577 0.000440114 0.000211182 1.88467e-05 0.0877381 0.00205703 25.6447 12.4509 187.105 40.1961 2791.79 198.458 3004.54 224.744 3004.54 224.744 0.584806 0.012443 
300 0.278 1042200000 879.368 32.0195 -88.3886 1.28154 8407.48 234.111 9.1817e+07 5.0749e+06 -0.000504806 0.00299941 -0.000717888 0.00301251 0.0100577 0.00043943 0.000211182 1.8816e-05 0.0877381 0.00205165 25.6447 12.4059 187.105 40.0554 2791.79 195.655 3004.54 221.608 3004.54 221.608 0.584806 0.0124718 
300 0.278 1044000000 879.368 32.0195 -88.3886 1.28154 8407.48 234.111 9.1817e+07 5.0749e+06 -0.000504806 0.00299598 -0.000717888 0.00301251 0.0100577 0.000439049 0.000211182 1.87846e-05 0.0877381 0.00205165 25.6447 12.3838 187.105 40.0554 2791.79 195.655 3004.54 221.608 3004.54 221.608 0.584806 0.0124718 
300 0.278 1045800000 879.368 32.0195 -88.3886 1.28154 8407.48 234.111 9.1817e+07 5.0749e+06 -0.000504806 0.00299163 -0.000717888 0.00300327 0.0100577 0.000438139 0.000211182 1.87547e-05 0.0877381 0.00204624 25.6447 12.3618 187.105 39.9165 2791.79 195.655 3004.54 221.608 3004.54 221.608 0.584806 0.0124696 
300 0.278 1047600000 879.368 32.0195 -88.3886 1.28154 8407.48 234.111 9.1817e+07 5.0749e+06 -0.000504806 0.00298654 -0.000717888 0.00300327 0.0100577 0.000437945 0.000211182 1.87249e-05 0.0877381 0.00204624 25.6447 12.3399 187.105 39.9165 2791.79 195.655 3004.54 221.608 3004.54 221.608 0.584806 0.0124696 
300 0.278 1049400000 879.368 32.0195 -88.3886 1.28154 8407.48 234.111 9.1817e+07 5.0749e+06 -0.000504806 0.00299159 -0.000717888 0.00299354 0.0100577 0.000437583 0.000211182 1.87032e-05 0.0877381 0.0020391 25.6447 12.3181 187.105 39.7786 2791.79 195.655 3004.54 221.608 3004.54 221.608 0.584806 0.0125107 
300 0.278 1051200000 879.368 32.0195 -88.3886 1.28154 8407.48 234.111 9.1817e+07 5.0749e+06 -0.000504806 0.00299826 -0.000717888 0.00299354 0.0100577 0.000437633 0.000211182 1.86851e-05 0.0877381 0.0020391 25.6447 12.2963 187.105 39.7786 2791.79 195.655 3004.54 221.608 3004.54 221.608 0.584806 0.0125107 
300 0.278 1053000000 879.368 32.0195 -88.3886 1.28154 8407.48 234.111 9.1817e+07 5.0749e+06 -0.000504806 0.00299337 -0.000717888 0.00298606 0.0100577 0.000437113 0.000211182 1.86556e-05 0.0877381 0.00203231 25.6447 12.2746 187.105 39.6409 2791.79 195.655 3004.54 221.608 3004.54 221.608 0.584806 0.0125107 
300 0.278 1054800000 879.368 32.0195 -88.3886 1.28154 8407.48 234.111 9.1817e+07 5.0749e+06 -0.000504806 0.00299356 -0.000717888 0.00298606 0.0100577 0.000436363 0.000211182 1.8623e-05 0.0877381 0.00203231 25.6447 12.2696 187.105 39.7004 2791.79 195.655 3004.54 221.608 3004.54 221.608 0.584806 0.0125107 
300 0.278 1056600000 879.368 32.0195 -88.3886 1.28154 8407.48 234.111 9.1817e+07 5.0749e+06 -0.000504806 0.00298866 -0.000717888 0.00298018 0.0100577 0.000435745 0.000211182 1.85934e-05 0.0877381 0.00202581 25.6447 12.2314 187.105 39.9169 2791.79 192.904 3004.54 218.503 3004.54 218.503 0.584806 0.012455 
300 0.278 1058400000 879.368 32.0195 -88.3886 1.28154 8407.48 234.111 9.1817e+07 5.0749e+06 -0.000504806 0.00298354 -0.000717888 0.00298018 0.0100577 0.000435171 0.000211182 1.8564e-05 0.0877381 0.00202517 25.6447 12.21 187.105 39.9169 2791.79 192.904 3004.54 218.503 3004.54 218.503 0.584806 0.012455 
300 0.278 1060200000 879.368 32.0195 -88.3886 1.28154 8407.48 234.111 9.1817e+07 5.0749e+06 -0.000504806 0.00298171 -0.000717888 0.00296982 0.0100577 0.000434426 0.000211182 1.85332e-05 0.0877381 0.00201972 25.6447 12.1886 187.105 39.7813 2791.79 192.904 3004.54 218.503 3004.54 218.503 0.584806 0.012455 
300 0.278 1062000000 879.368 32.0195 -88.3886 1.28154 8407.48 234.111 9.1817e+07 5.0749e+06 -0.000504806 0.00297678 -0.000717888 0.00296982 0.0100577 0.000433665 0.000211182 1.85018e-05 0.0877381 0.00201906 25.6447 12.1673 187.105 40.4823 2791.79 192.904 3004.54 218.503 3004.54 218.503 0.584806 0.012455 
300 0.278 1063800000 879.368 32.0195 -88.3886 1.28154 8407.48 234.111 9.1817e+07 5.0749e+06 -0.000504806 0.00297162 -0.000717888 0.00297736 0.0100577 0.000432913 0.000211182 1.84709e-05 0.0877381 0.00201278 25.6447 12.1582 187.105 40.6192 2791.79 192.904 3004.54 218.503 3004.54 218.503 0.584806 0.0123679 
300 0.278 1065600000 879.368 32.0195 -88.3886 1.28154 8407.48 234.111 9.1817e+07 5.0749e+06 -0.000504806 0.0029713 -0.000717888 0.00297736 0.0100577 0.000432169 0.000211182 1.8439e-05 0.0877381 0.00201222 25.6447 12.1582 187.105 40.6192 2791.79 192.904 3004.54 218.503 3004.54 218.503 0.584806 0.0123679 
300 0.278 1067400000 879.368 32.0195 -88.3886 1.28154 8407.48 234.111 9.1817e+07 5.0749e+06 -0.000504806 0.0029683 -0.000717888 0.00296861 0.0100577 0.000431506 0.000211182 1.8407e-05 0.0877381 0.00200759 25.6447 12.1582 187.105 40.4821 2791.79 192.904 3004.54 218.503 3004.54 218.503 0.584806 0.0123679 
300 0.278 1069200000 879.368 32.0195 -88.3886 1.28154 8407.48 234.111 9.1817e+07 5.0749e+06 -0.000504806 0.00296921 -0.000717888 0.00296861 0.0100577 0.000431002 0.000211182 1.83763e-05 0.0877381 0.00200759 25.6447 12.1582 187.105 40.4821 2791.79 192.904 3004.54 218.503 3004.54 218.503 0.584806 0.0123679 
300 0.278 1071000000 883.809 30.5472 -88.1244 1.16224 8360.6 213.822 9.05508e+07 4.79873e+06 -0.001038 0.00296414 -0.000428263 0.00296873 0.00991863 0.00043037 0.000205065 1.83473e-05 0.0872329 0.00200219 24.7536 12.0619 194.123 40.3461 2762.45 190.906 2981.33 215.67 2981.33 215.67 0.581036 0.0122993 
300 0.278 1072800000 883.809 30.5472 -88.1244 1.16224 8360.6 213.822 9.05508e+07 4.79873e+06 -0.001038 0.0029591 -0.000428263 0.00296873 0.00991863 0.000429896 0.000205065 1.83189e-05 0.0872329 0.0020011 24.7536 12.041 194.123 40.3461 2762.45 190.906 2981.33 215.67 2981.33 215.67 0.581036 0.0122993 
300 0.278 1074600000 883.809 30.5472 -88.1244 1.16224 8360.6 213.822 9.05508e+07 4.79873e+06 -0.001038 0.00295733 -0.000428263 0.00295848 0.00991863 0.000429182 0.000205065 1.82892e-05 0.0872329 0.00199749 24.7536 12.0202 194.123 40.21 2762.45 190.906 2981.33 215.67 2981.33 215.67 0.581036 0.0122993 
300 0.278 1076400000 883.809 30.5472 -88.1244 1.16224 8360.6 213.822 9.05508e+07 4.79873e+06 -0.001038 0.00295344 -0.000428263 0.00295848 0.00991863 0.000428441 0.000205065 1.82585e-05 0.0872329 0.00199669 24.7536 11.9994 194.123 40.21 2762.45 190.906 2981.33 215.67 2981.33 215.67 0.581036 0.0122993 
300 0.278 1078200000 883.809 30.5472 -88.1244 1.16224 8360.6 213.822 9.05508e+07 4.79873e+06 -0.001038 0.00294838 -0.000428263 0.00297372 0.00991863 0.000428039 0.000205065 1.82299e-05 0.0872329 0.00199304 24.7536 11.9788 194.123 40.0756 2762.45 190.906 2981.33 215.67 2981.33 215.67 0.581036 0.0122145 
300 0.278 1080000000 883.809 30.5472 -88.1244 1.16224 8360.6 213.822 9.05508e+07 4.79873e+06 -0.001038 0.0029433 -0.000428263 0.00297372 0.00991863 0.000427613 0.000205065 1.82019e-05 0.0872329 0.00199304 24.7536 11.9582 194.123 40.0756 2762.45 190.906 2981.33 215.67 2981.33 215.67 0.581036 0.0122145 
300 0.278 1081800000 883.809 30.5472 -88.1244 1.16224 8360.6 213.822 9.05508e+07 4.79873e+06 -0.001038 0.00294137 -0.000428263 0.00296607 0.00991863 0.000426967 0.000205065 1.81707e-05 0.0872329 0.00199017 24.7536 11.9377 194.123 39.9422 2762.45 190.906 2981.33 215.67 2981.33 215.67 0.581036 0.0122323 
300 0.278 1083600000 883.809 30.5472 -88.1244 1.16224 8360.6 213.822 9.05508e+07 4.79873e+06 -0.001038 0.00293679 -0.000428263 0.00296607 0.00991863 0.000426384 0.000205065 1.81425e-05 0.0872329 0.0019874 24.7536 11.9334 194.123 39.9422 2762.45 190.906 2981.33 215.67 2981.33 215.67 0.581036 0.0122323 
300 0.278 1085400000 883.809 30.5472 -88.1244 1.16224 8360.6 213.822 9.05508e+07 4.79873e+06 -0.001038 0.00294152 -0.000428263 0.00295975 0.00991863 0.000426114 0.000205065 1.81168e-05 0.0872329 0.0019866 24.7536 11.8969 194.123 39.809 2762.45 188.423 2981.33 212.717 2981.33 212.717 0.581036 0.0122043 
300 0.278 1087200000 883.809 30.5472 -88.1244 1.16224 8360.6 213.822 9.05508e+07 4.79873e+06 -0.001038 0.00293781 -0.000428263 0.00295975 0.00991863 0.000425531 0.000205065 1.80888e-05 0.0872329 0.00198382 24.7536 11.8766 194.123 39.809 2762.45 188.423 2981.33 212.717 2981.33 212.717 0.581036 0.0122043 
300 0.278 1089000000 883.809 30.5472 -88.1244 1.16224 8360.6 213.822 9.05508e+07 4.79873e+06 -0.001038 0.00293314 -0.000428263 0.00295326 0.00991863 0.000424922 0.000205065 1.80608e-05 0.0872329 0.00198084 24.7536 11.8564 194.123 39.6778 2762.45 188.423 2981.33 212.717 2981.33 212.717 0.581036 0.0121745 
300 0.278 1090800000 883.809 30.5472 -88.1244 1.16224 8360.6 213.822 9.05508e+07 4.79873e+06 -0.001038 0.00293069 -0.000428263 0.00295326 0.00991863 0.000424206 0.000205065 1.80314e-05 0.0872329 0.00197748 24.7536 11.8362 194.123 39.6778 2762.45 188.423 2981.33 212.717 2981.33 212.717 0.581036 0.0121745 
300 0.278 1092600000 883.809 30.5472 -88.1244 1.16224 8360.6 213.822 9.05508e+07 4.79873e+06 -0.001038 0.00292577 -0.000428263 0.00295896 0.00991863 0.000423572 0.000205065 1.80008e-05 0.0872329 0.00197501 24.7536 11.8161 194.123 39.5464 2762.45 188.299 2981.33 212.717 2981.33 212.717 0.581036 0.0121745 
300 0.278 1094400000 883.809 30.5472 -88.1244 1.16224 8360.6 213.822 9.05508e+07 4.79873e+06 -0.001038 0.00292286 -0.000428263 0.00295896 0.00991863 0.000422854 0.000205065 1.7971e-05 0.0872329 0.00197183 24.7536 11.7961 194.123 39.5464 2762.45 188.299 2981.33 212.717 2981.33 212.717 0.581036 0.0121745 
300 0.278 1096200000 883.809 30.5472 -88.1244 1.16224 8360.6 213.822 9.05508e+07 4.79873e+06 -0.001038 0.00291832 -0.000428263 0.00295733 0.00991863 0.000422287 0.000205065 1.79435e-05 0.0872329 0.00196914 24.7536 11.7761 194.123 39.4155 2762.45 188.299 2981.33 212.717 2981.33 212.717 0.581036 0.0121745 
300 0.278 1098000000 883.809 30.5472 -88.1244 1.16224 8360.6 213.822 9.05508e+07 4.79873e+06 -0.001038 0.00291356 -0.000428263 0.00295733 0.00991863 0.000421764 0.000205065 1.79162e-05 0.0872329 0.0019669 24.7536 11.7752 194.123 39.4155 2762.45 188.299 2981.33 212.717 2981.33 212.717 0.581036 0.0121745 
300 0.278 1099800000 883.809 30.5472 -88.1244 1.16224 8360.6 213.822 9.05508e+07 4.79873e+06 -0.001038 0.00291251 -0.000428263 0.00294983 0.00991863 0.000421059 0.000205065 1.79075e-05 0.0872329 0.00196359 24.7536 11.7365 194.123 39.2864 2762.45 189.075 2981.33 213.207 2981.33 213.207 0.581036 0.0121745 
300 0.278 1101600000 883.809 30.5472 -88.1244 1.16224 8360.6 213.822 9.05508e+07 4.79873e+06 -0.001038 0.00290833 -0.000428263 0.00294983 0.00991863 0.000420526 0.000205065 1.79075e-05 0.0872329 0.0019612 24.7536 11.7167 194.123 39.2864 2762.45 189.075 2981.33 213.207 2981.33 213.207 0.581036 0.0121745 
300 0.278 1103400000 883.809 30.5472 -88.1244 1.16224 8360.6 213.822 9.05508e+07 4.79873e+06 -0.001038 0.0029056 -0.000428263 0.00294026 0.00991863 0.000419918 0.000205065 1.79075e-05 0.0872329 0.00195821 24.7536 11.697 194.123 39.1574 2762.45 189.075 2981.33 213.207 2981.33 213.207 0.581036 0.0121745 
300 0.278 1105200000 883.809 30.5472 -88.1244 1.16224 8360.6 213.822 9.05508e+07 4.79873e+06 -0.001038 0.00290211 -0.000428263 0.00294026 0.00991863 0.00041933 0.000205065 1.79075e-05 0.0872329 0.00195535 24.7536 11.6774 194.123 39.1574 2762.45 189.075 2981.33 213.207 2981.33 213.207 0.581036 0.0121745 
300 0.278 1107000000 883.809 30.5472 -88.1244 1.16224 8360.6 213.822 9.05508e+07 4.79873e+06 -0.001038 0.00289809 -0.000428263 0.00294066 0.00991863 0.000418723 0.000205065 1.79075e-05 0.0872329 0.00195301 24.7536 11.6578 194.123 39.0301 2762.45 189.075 2981.33 213.207 2981.33 213.207 0.581036 0.0121745 
300 0.278 1108800000 883.809 30.5472 -88.1244 1.16224 8360.6 213.822 9.05508e+07 4.79873e+06 -0.001038 0.00289845 -0.000428263 0.00294066 0.00991863 0.000418027 0.000205065 1.79075e-05 0.0872329 0.00194999 24.7536 11.6383 194.123 39.0301 2762.45 189.075 2981.33 213.207 2981.33 213.207 0.581036 0.0121745 
300 0.278 1110600000 883.809 30.5472 -88.1244 1.16224 8360.6 213.822 9.05508e+07 4.79873e+06 -0.001038 0.0028944 -0.000428263 0.00293094 0.00991863 0.000417475 0.000205065 1.79075e-05 0.0872329 0.00194739 24.7536 11.6189 194.123 38.9037 2762.45 189.075 2981.33 213.207 2981.33 213.207 0.581036 0.0121745 
300 0.278 1112400000 883.809 30.5472 -88.1244 1.16224 8360.6 213.822 9.05508e+07 4.79873e+06 -0.001038 0.00289002 -0.000428263 0.00293094 0.00991863 0.00041688 0.000205065 1.79075e-05 0.0872329 0.00194511 24.7536 11.6155 194.123 38.9037 2762.45 189.075 2981.33 213.207 2981.33 213.207 0.581036 0.0121745 
300 0.278 1114200000 883.809 30.5472 -88.1244 1.16224 8360.6 213.822 9.05508e+07 4.79873e+06 -0.001038 0.00288764 -0.000428263 0.00293137 0.00991863 0.000416245 0.000205065 1.79075e-05 0.0872329 0.00194197 24.7536 11.5812 194.123 38.7945 2762.45 186.557 2981.33 210.37 2981.33 210.37 0.581036 0.0121745 
300 0.278 1116000000 883.809 30.5472 -88.1244 1.16224 8360.6 213.822 9.05508e+07 4.79873e+06 -0.001038 0.00288622 -0.000428263 0.00293137 0.00991863 0.000415572 0.000205065 1.79075e-05 0.0872329 0.00193914 24.7536 11.562 194.123 38.7945 2762.45 186.557 2981.33 210.37 2981.33 210.37 0.581036 0.0121745 
300 0.278 1117800000 883.809 30.5472 -88.1244 1.16224 8360.6 213.822 9.05508e+07 4.79873e+06 -0.001038 0.00288353 -0.000428263 0.00294061 0.00991863 0.000415267 0.000205065 1.79075e-05 0.0872329 0.00193819 24.7536 11.5428 194.123 38.6695 2762.45 186.557 2981.33 210.37 2981.33 210.37 0.581036 0.0121745 
300 0.278 1119600000 883.809 30.5472 -88.1244 1.16224 8360.6 213.822 9.05508e+07 4.79873e+06 -0.001038 0.00288013 -0.000428263 0.00294061 0.00991863 0.000414603 0.000205065 1.79075e-05 0.0872329 0.00193498 24.7536 11.5237 194.123 38.6695 2762.45 186.557 2981.33 210.37 2981.33 210.37 0.581036 0.0121745 
300 0.278 1121400000 883.809 30.5472 -88.1244 1.16224 8360.6 213.822 9.05508e+07 4.79873e+06 -0.001038 0.00287607 -0.000428263 0.00293743 0.00991863 0.000414015 0.000205065 1.79075e-05 0.0872329 0.00193208 24.7536 11.5154 194.123 38.5446 2762.45 186.557 2981.33 210.37 2981.33 210.37 0.581036 0.0121745 
300 0.278 1123200000 883.809 30.5472 -88.1244 1.16224 8360.6 213.822 9.05508e+07 4.79873e+06 -0.001038 0.00287325 -0.000428263 0.00293743 0.00991863 0.000413427 0.000205065 1.79075e-05 0.0872329 0.00192919 24.7536 11.5154 194.123 38.5446 2762.45 186.557 2981.33 210.37 2981.33 210.37 0.581036 0.0121745 
300 0.278 1125000000 883.809 30.5472 -88.1244 1.16224 8360.6 213.822 9.05508e+07 4.79873e+06 -0.001038 0.00287066 -0.000428263 0.00293177 0.00991863 0.000412745 0.000205065 1.79075e-05 0.0872329 0.00192612 24.7536 11.5154 194.123 38.4207 2762.45 186.557 2981.33 210.37 2981.33 210.37 0.581036 0.0121745 
300 0.278 1126800000 883.809 30.5472 -88.1244 1.16224 8360.6 213.822 9.05508e+07 4.79873e+06 -0.001038 0.0028706 -0.000428263 0.00293177 0.00991863 0.000412076 0.000205065 1.79075e-05 0.0872329 0.00192325 24.7536 11.5154 194.123 38.4207 2762.45 186.557 2981.33 210.37 2981.33 210.37 0.581036 0.0121745 
300 0.278 1128600000 898.993 32.4949 -88.0284 1.16224 8340.05 213.822 9.02324e+07 4.79873e+06 -0.000261046 0.00286715 -0.000213629 0.00292258 0.00984578 0.00041141 0.000199849 1.79075e-05 0.0872023 0.00192009 24.0282 11.4291 187.276 38.2972 2781.25 191.642 2992.55 213.781 2992.55 213.781 0.583323 0.0121745 
300 0.278 1130400000 898.993 32.4949 -88.0284 1.16224 8340.05 213.822 9.02324e+07 4.79873e+06 -0.000261046 0.00286394 -0.000213629 0.00292258 0.00984578 0.000410882 0.000199849 1.79075e-05 0.0872023 0.00191762 24.0282 11.4103 187.276 38.2972 2781.25 191.642 2992.55 213.781 2992.55 213.781 0.583323 0.0121745 
300 0.278 1132200000 898.993 32.4949 -88.0284 1.16224 8340.05 213.822 9.02324e+07 4.79873e+06 -0.000261046 0.00286213 -0.000213629 0.00291531 0.00984578 0.000410215 0.000199849 1.79075e-05 0.0872023 0.00191473 24.0282 11.3916 187.276 38.1749 2781.25 191.642 2992.55 213.781 2992.55 213.781 0.583323 0.0121745 
300 0.278 1134000000 898.993 32.4949 -88.0284 1.16224 8340.05 213.822 9.02324e+07 4.79873e+06 -0.000261046 0.00285965 -0.000213629 0.00291531 0.00984578 0.000409566 0.000199849 1.79075e-05 0.0872023 0.0019116 24.0282 11.373 187.276 38.1749 2781.25 191.642 2992.55 213.781 2992.55 213.781 0.583323 0.0121745 
300 0.278 1135800000 898.993 32.4949 -88.0284 1.16224 8340.05 213.822 9.02324e+07 4.79873e+06 -0.000261046 0.00285605 -0.000213629 0.00290999 0.00984578 0.000408992 0.000199849 1.79075e-05 0.0872023 0.00190877 24.0282 11.3545 187.276 38.0507 2781.25 191.642 2992.55 213.781 2992.55 213.781 0.583323 0.0121745 
300 0.278 1137600000 898.993 32.4949 -88.0284 1.16224 8340.05 213.822 9.02324e+07 4.79873e+06 -0.000261046 0.0028593 -0.000213629 0.00290999 0.00984578 0.000408494 0.000199849 1.79075e-05 0.0872023 0.00190697 24.0282 11.336 187.276 38.0507 2781.25 191.642 2992.55 213.781 2992.55 213.781 0.583323 0.0121745 
300 0.278 1139400000 898.993 32.4949 -88.0284 1.16224 8340.05 213.822 9.02324e+07 4.79873e+06 -0.000261046 0.0028593 -0.000213629 0.0029041 0.00984578 0.000408121 0.000199849 1.79075e-05 0.0872023 0.00190573 24.0282 11.3176 187.276 37.9302 2781.25 191.642 2992.55 213.781 2992.55 213.781 0.583323 0.0121745 
300 0.278 1141200000 898.993 32.4949 -88.0284 1.16224 8340.05 213.822 9.02324e+07 4.79873e+06 -0.000261046 0.00285551 -0.000213629 0.0029041 0.00984578 0.000407486 0.000199849 1.79075e-05 0.0872023 0.00190291 24.0282 11.3117 187.276 37.9302 2781.25 191.642 2992.55 213.781 2992.55 213.781 0.583323 0.0121745 
300 0.278 1143000000 898.993 32.4949 -88.0284 1.16224 8340.05 213.822 9.02324e+07 4.79873e+06 -0.000261046 0.00285223 -0.000213629 0.00289488 0.00984578 0.000406834 0.000199849 1.79075e-05 0.0872023 0.00189984 24.0282 11.2809 187.276 37.8111 2781.25 189.328 2992.55 211.094 2992.55 211.094 0.583323 0.0121745 
300 0.278 1144800000 898.993 32.4949 -88.0284 1.16224 8340.05 213.822 9.02324e+07 4.79873e+06 -0.000261046 0.00285009 -0.000213629 0.00289488 0.00984578 0.000406234 0.000199849 1.79075e-05 0.0872023 0.00189691 24.0282 11.2627 187.276 37.8111 2781.25 189.328 2992.55 211.094 2992.55 211.094 0.583323 0.0121745 
300 0.278 1146600000 898.993 32.4949 -88.0284 1.16224 8340.05 213.822 9.02324e+07 4.79873e+06 -0.000261046 0.0028457 -0.000213629 0.00289135 0.00984578 0.000405577 0.000199849 1.79075e-05 0.0872023 0.00189394 24.0282 11.2445 187.276 37.6919 2781.25 189.328 2992.55 211.094 2992.55 211.094 0.583323 0.0121745 
300 0.278 1148400000 898.993 32.4949 -88.0284 1.16224 8340.05 213.822 9.02324e+07 4.79873e+06 -0.000261046 0.00285059 -0.000213629 0.00289135 0.00984578 0.000405395 0.000199849 1.79075e-05 0.0872023 0.00189343 24.0282 11.2263 187.276 37.6919 2781.25 189.328 2992.55 211.094 2992.55 211.094 0.583323 0.0121745 
300 0.278 1150200000 898.993 32.4949 -88.0284 1.16224 8340.05 213.822 9.02324e+07 4.79873e+06 -0.000261046 0.00284673 -0.000213629 0.00288219 0.00984578 0.00040483 0.000199849 1.79075e-05 0.0872023 0.00189065 24.0282 11.2083 187.276 37.5742 2781.25 189.328 2992.55 211.094 2992.55 211.094 0.583323 0.0121745 
300 0.278 1152000000 898.993 32.4949 -88.0284 1.16224 8340.05 213.822 9.02324e+07 4.79873e+06 -0.000261046 0.00284435 -0.000213629 0.00288219 0.00984578 0.000404215 0.000199849 1.79075e-05 0.0872023 0.00188813 24.0282 11.1902 187.276 37.5742 2781.25 189.328 2992.55 211.094 2992.55 211.094 0.583323 0.0121745 
300 0.278 1153800000 898.993 32.4949 -88.0284 1.16224 8340.05 213.822 9.02324e+07 4.79873e+06 -0.000261046 0.00284154 -0.000213629 0.00288703 0.00984578 0.000403573 0.000199849 1.79075e-05 0.0872023 0.00188535 24.0282 11.1723 187.276 37.4565 2781.25 189.328 2992.55 211.094 2992.55 211.094 0.583323 0.0121745 
300 0.278 1155600000 898.993 32.4949 -88.0284 1.16224 8340.05 213.822 9.02324e+07 4.79873e+06 -0.000261046 0.00283698 -0.000213629 0.00288703 0.00984578 0.000403195 0.000199849 1.79075e-05 0.0872023 0.00188493 24.0282 11.1674 187.276 37.4565 2781.25 189.328 2992.55 211.094 2992.55 211.094 0.583323 0.0121745 
300 0.278 1157400000 898.993 32.4949 -88.0284 1.16224 8340.05 213.822 9.02324e+07 4.79873e+06 -0.000261046 0.00283273 -0.000213629 0.00288954 0.00984578 0.000402813 0.000199849 1.79075e-05 0.0872023 0.00188363 24.0282 11.1365 187.276 37.3394 2781.25 186.902 2992.55 208.407 2992.55 208.407 0.583323 0.0121745 
300 0.278 1159200000 898.993 32.4949 -88.0284 1.16224 8340.05 213.822 9.02324e+07 4.79873e+06 -0.000261046 0.00283551 -0.000213629 0.00288954 0.00984578 0.000402337 0.000199849 1.79075e-05 0.0872023 0.0018819 24.0282 11.1187 187.276 37.3394 2781.25 186.902 2992.55 208.407 2992.55 208.407 0.583323 0.0121745 
300 0.278 1161000000 898.993 32.4949 -88.0284 1.16224 8340.05 213.822 9.02324e+07 4.79873e+06 -0.000261046 0.00283444 -0.000213629 0.00288523 0.00984578 0.000402533 0.000199849 1.79075e-05 0.0872023 0.00188262 24.0282 11.101 187.276 37.2236 2781.25 186.902 2992.55 208.407 2992.55 208.407 0.583323 0.0121745 
300 0.278 1162800000 898.993 32.4949 -88.0284 1.16224 8340.05 213.822 9.02324e+07 4.79873e+06 -0.000261046 0.00282994 -0.000213629 0.00288523 0.00984578 0.000402159 0.000199849 1.79075e-05 0.0872023 0.00188216 24.0282 11.0833 187.276 37.2236 2781.25 186.902 2992.55 208.407 2992.55 208.407 0.583323 0.0121745 
300 0.278 1164600000 898.993 32.4949 -88.0284 1.16224 8340.05 213.822 9.02324e+07 4.79873e+06 -0.000261046 0.00282802 -0.000213629 0.00287614 0.00984578 0.00040157 0.000199849 1.79075e-05 0.0872023 0.00187925 24.0282 11.0657 187.276 37.1083 2781.25 186.902 2992.55 208.407 2992.55 208.407 0.583323 0.0121745 
300 0.278 1166400000 898.993 32.4949 -88.0284 1.16224 8340.05 213.822 9.02324e+07 4.79873e+06 -0.000261046 0.00282808 -0.000213629 0.00287614 0.00984578 0.000400956 0.000199849 1.79075e-05 0.0872023 0.00187668 24.0282 11.0482 187.276 37.1083 2781.25 186.902 2992.55 208.407 2992.55 208.407 0.583323 0.0121745 
300 0.278 1168200000 898.993 32.4949 -88.0284 1.16224 8340.05 213.822 9.02324e+07 4.79873e+06 -0.000261046 0.00282589 -0.000213629 0.00287894 0.00984578 0.000400563 0.000199849 1.79075e-05 0.0872023 0.00187532 24.0282 11.0306 187.276 36.9944 2781.25 186.902 2992.55 208.407 2992.55 208.407 0.583323 0.0121745 
300 0.278 1170000000 898.993 32.4949 -88.0284 1.16224 8340.05 213.822 9.02324e+07 4.79873e+06 -0.000261046 0.00282387 -0.000213629 0.00287894 0.00984578 0.000400237 0.000199849 1.79075e-05 0.0872023 0.00187424 24.0282 11.0256 187.276 36.9944 2781.25 186.902 2992.55 208.407 2992.55 208.407 0.583323 0.0121745 
300 0.278 1171800000 898.993 32.4949 -88.0284 1.16224 8340.05 213.822 9.02324e+07 4.79873e+06 -0.000261046 0.00281946 -0.000213629 0.00287745 0.00984578 0.000399895 0.000199849 1.79075e-05 0.0872023 0.0018747 24.0282 10.9958 187.276 36.8811 2781.25 187.602 2992.55 208.901 2992.55 208.901 0.583323 0.0121745 
300 0.278 1173600000 898.993 32.4949 -88.0284 1.16224 8340.05 213.822 9.02324e+07 4.79873e+06 -0.000261046 0.00281603 -0.000213629 0.00287745 0.00984578 0.000399296 0.000199849 1.79075e-05 0.0872023 0.00187176 24.0282 10.9785 187.276 38.8562 2781.25 187.602 2992.55 208.901 2992.55 208.901 0.583323 0.0121745 
300 0.278 1175400000 898.993 32.4949 -88.0284 1.16224 8340.05 213.822 9.02324e+07 4.79873e+06 -0.000261046 0.00281299 -0.000213629 0.00286858 0.00984578 0.00039874 0.000199849 1.79075e-05 0.0872023 0.001869 24.0282 10.9612 187.276 38.9243 2781.25 187.602 2992.55 208.901 2992.55 208.901 0.583323 0.0121745 
300 0.278 1177200000 898.993 32.4949 -88.0284 1.16224 8340.05 213.822 9.02324e+07 4.79873e+06 -0.000261046 0.00281106 -0.000213629 0.00286858 0.00984578 0.000398138 0.000199849 1.79075e-05 0.0872023 0.00186606 24.0282 10.944 187.276 38.9243 2781.25 187.602 2992.55 208.901 2992.55 208.901 0.583323 0.0121745 
300 0.278 1179000000 898.993 32.4949 -88.0284 1.16224 8340.05 213.822 9.02324e+07 4.79873e+06 -0.000261046 0.00281169 -0.000213629 0.00286125 0.00984578 0.00039753 0.000199849 1.79075e-05 0.0872023 0.00186348 24.0282 10.9321 187.276 38.8054 2781.25 187.602 2992.55 208.901 2992.55 208.901 0.583323 0.0121745 
300 0.278 1180800000 898.993 32.4949 -88.0284 1.16224 8340.05 213.822 9.02324e+07 4.79873e+06 -0.000261046 0.00280747 -0.000213629 0.00286125 0.00984578 0.00039707 0.000199849 1.79075e-05 0.0872023 0.00186144 24.0282 10.9321 187.276 38.8054 2781.25 187.602 2992.55 208.901 2992.55 208.901 0.583323 0.0121745 
300 0.278 1182600000 898.993 32.4949 -88.0284 1.16224 8340.05 213.822 9.02324e+07 4.79873e+06 -0.000261046 0.00280638 -0.000213629 0.00285442 0.00984578 0.000396822 0.000199849 1.79075e-05 0.0872023 0.00186066 24.0282 10.9321 187.276 38.6876 2781.25 187.602 2992.55 208.901 2992.55 208.901 0.583323 0.0121745 
300 0.278 1184400000 898.993 32.4949 -88.0284 1.16224 8340.05 213.822 9.02324e+07 4.79873e+06 -0.000261046 0.00280222 -0.000213629 0.00285442 0.00984578 0.000396459 0.000199849 1.79075e-05 0.0872023 0.00186014 24.0282 10.9321 187.276 38.6876 2781.25 187.602 2992.55 208.901 2992.55 208.901 0.583323 0.0121745 
300 0.278 1186200000 899.125 30.8704 -87.8215 1.08477 8290.49 203.609 8.88991e+07 4.5943e+06 0.000165754 0.00279994 -0.0006134 0.0028463 0.00987281 0.000395847 0.000197757 1.75988e-05 0.0875512 0.00185725 23.2627 10.8587 192.669 38.5701 2762.14 185.399 2978.07 207.098 2978.07 207.098 0.581548 0.0118402 
300 0.278 1188000000 899.125 30.8704 -87.8215 1.08477 8290.49 203.609 8.88991e+07 4.5943e+06 0.000165754 0.00279615 -0.0006134 0.0028463 0.00987281 0.000395454 0.000197757 1.75988e-05 0.0875512 0.00185607 23.2627 10.8418 192.669 38.5701 2762.14 185.399 2978.07 207.098 2978.07 207.098 0.581548 0.0118402 
300 0.278 1189800000 899.125 30.8704 -87.8215 1.08477 8290.49 203.609 8.88991e+07 4.5943e+06 0.000165754 0.00279183 -0.0006134 0.00283823 0.00987281 0.000395024 0.000197757 1.75988e-05 0.0875512 0.00185433 23.2627 10.8249 192.669 38.4534 2762.14 185.399 2978.07 207.098 2978.07 207.098 0.581548 0.0118402 
300 0.278 1191600000 899.125 30.8704 -87.8215 1.08477 8290.49 203.609 8.88991e+07 4.5943e+06 0.000165754 0.0027914 -0.0006134 0.00283823 0.00987281 0.000394421 0.000197757 1.75988e-05 0.0875512 0.00185173 23.2627 10.8081 192.669 38.4534 2762.14 185.399 2978.07 207.098 2978.07 207.098 0.581548 0.0118402 
300 0.278 1193400000 899.125 30.8704 -87.8215 1.08477 8290.49 203.609 8.88991e+07 4.5943e+06 0.000165754 0.00278932 -0.0006134 0.00283016 0.00987281 0.000393872 0.000197757 1.75988e-05 0.0875512 0.001849 23.2627 10.7913 192.669 38.3371 2762.14 185.399 2978.07 207.098 2978.07 207.098 0.581548 0.0118313 
300 0.278 1195200000 899.125 30.8704 -87.8215 1.08477 8290.49 203.609 8.88991e+07 4.5943e+06 0.000165754 0.00278556 -0.0006134 0.00283016 0.00987281 0.000393468 0.000197757 1.75988e-05 0.0875512 0.00184758 23.2627 10.7746 192.669 38.3371 2762.14 185.399 2978.07 207.098 2978.07 207.098 0.581548 0.0118313 
300 0.278 1197000000 899.125 30.8704 -87.8215 1.08477 8290.49 203.609 8.88991e+07 4.5943e+06 0.000165754 0.00278194 -0.0006134 0.00282195 0.00987281 0.000393049 0.000197757 1.75988e-05 0.0875512 0.00184594 23.2627 10.7579 192.669 38.2216 2762.14 185.399 2978.07 207.098 2978.07 207.098 0.581548 0.0118313 
300 0.278 1198800000 899.125 30.8704 -87.8215 1.08477 8290.49 203.609 8.88991e+07 4.5943e+06 0.000165754 0.00277829 -0.0006134 0.00282195 0.00987281 0.000392442 0.000197757 1.75988e-05 0.0875512 0.00184314 23.2627 10.7527 192.669 38.2216 2762.14 185.399 2978.07 207.098 2978.07 207.098 0.581548 0.0118313 
300 0.278 1200600000 899.125 30.8704 -87.8215 1.08477 8290.49 203.609 8.88991e+07 4.5943e+06 0.000165754 0.0027772 -0.0006134 0.00281484 0.00987281 0.000391844 0.000197757 1.75988e-05 0.0875512 0.0018403 23.2627 10.7248 192.669 38.1063 2762.14 183.793 2978.07 205.325 2978.07 205.325 0.581548 0.0117607 
300 0.278 1202400000 899.125 30.8704 -87.8215 1.08477 8290.49 203.609 8.88991e+07 4.5943e+06 0.000165754 0.00277312 -0.0006134 0.00281484 0.00987281 0.000391595 0.000197757 1.75988e-05 0.0875512 0.00183952 23.2627 10.7083 192.669 38.1063 2762.14 183.793 2978.07 205.325 2978.07 205.325 0.581548 0.0117607 
300 0.278 1204200000 899.125 30.8704 -87.8215 1.08477 8290.49 203.609 8.88991e+07 4.5943e+06 0.000165754 0.00276885 -0.0006134 0.00281201 0.00987281 0.000391254 0.000197757 1.75988e-05 0.0875512 0.00183935 23.2627 10.6918 192.669 37.9921 2762.14 183.793 2978.07 205.325 2978.07 205.325 0.581548 0.0117607 
300 0.278 1206000000 899.125 30.8704 -87.8215 1.08477 8290.49 203.609 8.88991e+07 4.5943e+06 0.000165754 0.00276876 -0.0006134 0.00281201 0.00987281 0.000391351 0.000197757 1.75988e-05 0.0875512 0.00183975 23.2627 10.6754 192.669 37.9921 2762.14 183.793 2978.07 205.325 2978.07 205.325 0.581548 0.0117607 
300 0.278 1207800000 899.125 30.8704 -87.8215 1.08477 8290.49 203.609 8.88991e+07 4.5943e+06 0.000165754 0.00276455 -0.0006134 0.00280921 0.00987281 0.000391034 0.000197757 1.75988e-05 0.0875512 0.00184059 23.2627 10.659 192.669 37.879 2762.14 183.793 2978.07 205.325 2978.07 205.325 0.581548 0.0117015 
300 0.278 1209600000 899.125 30.8704 -87.8215 1.08477 8290.49 203.609 8.88991e+07 4.5943e+06 0.000165754 0.00276267 -0.0006134 0.00280921 0.00987281 0.000390473 0.000197757 1.75988e-05 0.0875512 0.00183781 23.2627 10.6427 192.669 37.879 2762.14 183.793 2978.07 205.325 2978.07 205.325 0.581548 0.0117015 
300 0.278 1211400000 899.125 30.8704 -87.8215 1.08477 8290.49 203.609 8.88991e+07 4.5943e+06 0.000165754 0.00276203 -0.0006134 0.00280105 0.00987281 0.000389888 0.000197757 1.75988e-05 0.0875512 0.0018353 23.2627 10.6265 192.669 37.7642 2762.14 183.793 2978.07 205.325 2978.07 205.325 0.581548 0.0117015 
300 0.278 1213200000 899.125 30.8704 -87.8215 1.08477 8290.49 203.609 8.88991e+07 4.5943e+06 0.000165754 0.00275796 -0.0006134 0.00280105 0.00987281 0.000389516 0.000197757 1.75988e-05 0.0875512 0.00183428 23.2627 10.6222 192.669 37.7642 2762.14 183.793 2978.07 205.325 2978.07 205.325 0.581548 0.0117015 
300 0.278 1215000000 899.125 30.8704 -87.8215 1.08477 8290.49 203.609 8.88991e+07 4.5943e+06 0.000165754 0.00275712 -0.0006134 0.00279292 0.00987281 0.000388933 0.000197757 1.75988e-05 0.0875512 0.00183176 23.2627 10.5941 192.669 37.6515 2762.14 182.002 2978.07 203.347 2978.07 203.347 0.581548 0.0116318 
300 0.278 1216800000 899.125 30.8704 -87.8215 1.08477 8290.49 203.609 8.88991e+07 4.5943e+06 0.000165754 0.00275427 -0.0006134 0.00279292 0.00987281 0.00038845 0.000197757 1.75988e-05 0.0875512 0.0018294 23.2627 10.578 192.669 37.6515 2762.14 182.002 2978.07 203.347 2978.07 203.347 0.581548 0.0116318 
300 0.278 1218600000 899.125 30.8704 -87.8215 1.08477 8290.49 203.609 8.88991e+07 4.5943e+06 0.000165754 0.00275008 -0.0006134 0.00278489 0.00987281 0.000387991 0.000197757 1.75988e-05 0.0875512 0.00182723 23.2627 10.5619 192.669 37.5405 2762.14 182.002 2978.07 203.347 2978.07 203.347 0.581548 0.0116318 
300 0.278 1220400000 899.125 30.8704 -87.8215 1.08477 8290.49 203.609 8.88991e+07 4.5943e+06 0.000165754 0.00274636 -0.0006134 0.00278489 0.00987281 0.000387609 0.000197757 1.75988e-05 0.0875512 0.00182597 23.2627 10.5459 192.669 37.5405 2762.14 182.002 2978.07 203.347 2978.07 203.347 0.581548 0.0116318 
300 0.278 1222200000 899.125 30.8704 -87.8215 1.08477 8290.49 203.609 8.88991e+07 4.5943e+06 0.000165754 0.00274294 -0.0006134 0.00278374 0.00987281 0.000387689 0.000197757 1.75988e-05 0.0875512 0.00182631 23.2627 10.53 192.669 37.4303 2762.14 182.002 2978.07 203.347 2978.07 203.347 0.581548 0.0116067 
300 0.278 1224000000 899.125 30.8704 -87.8215 1.08477 8290.49 203.609 8.88991e+07 4.5943e+06 0.000165754 0.00273943 -0.0006134 0.00278374 0.00987281 0.000387302 0.000197757 1.75988e-05 0.0875512 0.00182497 23.2627 10.5141 192.669 37.4303 2762.14 182.002 2978.07 203.347 2978.07 203.347 0.581548 0.0116067 
300 0.278 1225800000 899.125 30.8704 -87.8215 1.08477 8290.49 203.609 8.88991e+07 4.5943e+06 0.000165754 0.00274166 -0.0006134 0.00277845 0.00987281 0.000387137 0.000197757 1.75988e-05 0.0875512 0.00182448 23.2627 10.4982 192.669 37.3197 2762.14 182.002 2978.07 203.347 2978.07 203.347 0.581548 0.0116067 
300 0.278 1227600000 899.125 30.8704 -87.8215 1.08477 8290.49 203.609 8.88991e+07 4.5943e+06 0.000165754 0.00274002 -0.0006134 0.00277845 0.00987281 0.000386574 0.000197757 1.75988e-05 0.0875512 0.00182174 23.2627 10.4924 192.669 37.3197 2762.14 182.002 2978.07 203.347 2978.07 203.347 0.581548 0.0116067 
300 0.278 1229400000 899.125 30.8704 -87.8215 1.08477 8290.49 203.609 8.88991e+07 4.5943e+06 0.000165754 0.0027359 -0.0006134 0.00277851 0.00987281 0.00038601 0.000197757 1.75988e-05 0.0875512 0.00181935 23.2627 10.4666 192.669 37.2103 2762.14 181.815 2978.07 202.982 2978.07 202.982 0.581548 0.0115541 
300 0.278 1231200000 899.125 30.8704 -87.8215 1.08477 8290.49 203.609 8.88991e+07 4.5943e+06 0.000165754 0.00273563 -0.0006134 0.00277851 0.00987281 0.00038543 0.000197757 1.75988e-05 0.0875512 0.00181667 23.2627 10.4509 192.669 37.2103 2762.14 181.815 2978.07 202.982 2978.07 202.982 0.581548 0.0115541 
300 0.278 1233000000 899.125 30.8704 -87.8215 1.08477 8290.49 203.609 8.88991e+07 4.5943e+06 0.000165754 0.00273256 -0.0006134 0.00277353 0.00987281 0.0003849 0.000197757 1.75988e-05 0.0875512 0.00181453 23.2627 10.4352 192.669 37.1018 2762.14 181.815 2978.07 202.982 2978.07 202.982 0.581548 0.0115541 
300 0.278 1234800000 899.125 30.8704 -87.8215 1.08477 8290.49 203.609 8.88991e+07 4.5943e+06 0.000165754 0.00272929 -0.0006134 0.00277353 0.00987281 0.000384491 0.000197757 1.75988e-05 0.0875512 0.0018128 23.2627 10.4196 192.669 37.1018 2762.14 181.815 2978.07 202.982 2978.07 202.982 0.581548 0.0115541 
300 0.278 1236600000 899.125 30.8704 -87.8215 1.08477 8290.49 203.609 8.88991e+07 4.5943e+06 0.000165754 0.00272567 -0.0006134 0.00276606 0.00987281 0.000384088 0.000197757 1.75988e-05 0.0875512 0.00181114 23.2627 10.4123 192.669 36.994 2762.14 181.815 2978.07 202.982 2978.07 202.982 0.581548 0.0115701 
300 0.278 1238400000 899.125 30.8704 -87.8215 1.08477 8290.49 203.609 8.88991e+07 4.5943e+06 0.000165754 0.00272459 -0.0006134 0.00276606 0.00987281 0.000383514 0.000197757 1.75988e-05 0.0875512 0.0018085 23.2627 10.4123 192.669 36.994 2762.14 181.815 2978.07 202.982 2978.07 202.982 0.581548 0.0115701 
300 0.278 1240200000 899.125 30.8704 -87.8215 1.08477 8290.49 203.609 8.88991e+07 4.5943e+06 0.000165754 0.00272307 -0.0006134 0.00276122 0.00987281 0.000382949 0.000197757 1.75988e-05 0.0875512 0.00180581 23.2627 10.4123 192.669 36.8852 2762.14 181.815 2978.07 202.982 2978.07 202.982 0.581548 0.0115701 
300 0.278 1242000000 899.125 30.8704 -87.8215 1.08477 8290.49 203.609 8.88991e+07 4.5943e+06 0.000165754 0.00271911 -0.0006134 0.00276122 0.00987281 0.000382435 0.000197757 1.75988e-05 0.0875512 0.00180375 23.2627 10.4123 192.669 36.8852 2762.14 181.815 2978.07 202.982 2978.07 202.982 0.581548 0.0115701 
300 0.278 1243800000 899.125 30.2637 -87.8215 1.08477 8290.49 203.609 8.88991e+07 4.5943e+06 0.000165754 0.00271645 -0.0006134 0.00276615 0.00987281 0.000381882 0.000197757 1.75988e-05 0.0875512 0.00180106 23.2627 10.3422 192.669 36.778 2762.14 179.704 2978.07 200.581 2978.07 200.581 0.581548 0.0116948 
300 0.278 1245600000 899.125 30.2637 -87.8215 1.08477 8290.49 203.609 8.88991e+07 4.5943e+06 0.000165754 0.00271263 -0.0006134 0.00276615 0.00987281 0.000381316 0.000197757 1.75988e-05 0.0875512 0.00179852 23.2627 10.3268 192.669 36.778 2762.14 179.704 2978.07 200.581 2978.07 200.581 0.581548 0.0116948 
300 0.278 1247400000 899.125 30.2637 -87.8215 1.08477 8290.49 203.609 8.88991e+07 4.5943e+06 0.000165754 0.00270864 -0.0006134 0.0027601 0.00987281 0.000381961 0.000197757 1.75988e-05 0.0875512 0.00180045 23.2627 10.3115 192.669 36.6718 2762.14 179.704 2978.07 200.581 2978.07 200.581 0.581548 0.0116948 
300 0.278 1249200000 899.125 30.2637 -87.8215 1.08477 8290.49 203.609 8.88991e+07 4.5943e+06 0.000165754 0.00270651 -0.0006134 0.0027601 0.00987281 0.000381472 0.000197757 1.75988e-05 0.0875512 0.00179801 23.2627 10.2963 192.669 36.6718 2762.14 179.704 2978.07 200.581 2978.07 200.581 0.581548 0.0116948 
300 0.278 1251000000 899.125 30.2637 -87.8215 1.08477 8290.49 203.609 8.88991e+07 4.5943e+06 0.000165754 0.00270367 -0.0006134 0.00275252 0.00987281 0.000380996 0.000197757 1.75988e-05 0.0875512 0.00179565 23.2627 10.281 192.669 36.5646 2762.14 179.704 2978.07 200.581 2978.07 200.581 0.581548 0.0117 
300 0.278 1252800000 899.125 30.2637 -87.8215 1.08477 8290.49 203.609 8.88991e+07 4.5943e+06 0.000165754 0.00269976 -0.0006134 0.00275252 0.00987281 0.000380674 0.000197757 1.75988e-05 0.0875512 0.00179533 23.2627 10.2659 192.669 36.5646 2762.14 179.704 2978.07 200.581 2978.07 200.581 0.581548 0.0117 
300 0.278 1254600000 899.125 30.2637 -87.8215 1.08477 8290.49 203.609 8.88991e+07 4.5943e+06 0.000165754 0.00269636 -0.0006134 0.00274521 0.00987281 0.000380286 0.000197757 1.75988e-05 0.0875512 0.00179377 23.2627 10.2508 192.669 36.46 2762.14 179.704 2978.07 200.581 2978.07 200.581 0.581548 0.0117 
300 0.278 1256400000 899.125 30.2637 -87.8215 1.08477 8290.49 203.609 8.88991e+07 4.5943e+06 0.000165754 0.00269326 -0.0006134 0.00274521 0.00987281 0.000379886 0.000197757 1.75988e-05 0.0875512 0.00179207 23.2627 10.2451 192.669 36.46 2762.14 179.704 2978.07 200.581 2978.07 200.581 0.581548 0.0117 
300 0.278 1258200000 899.125 30.2637 -87.8215 1.08477 8290.49 203.609 8.88991e+07 4.5943e+06 0.000165754 0.0026899 -0.0006134 0.00274133 0.00987281 0.000379407 0.000197757 1.75988e-05 0.0875512 0.0017902 23.2627 10.2207 192.669 36.3548 2762.14 178.227 2978.07 198.665 2978.07 198.665 0.581548 0.0116377 
300 0.278 1260000000 899.125 30.2637 -87.8215 1.08477 8290.49 203.609 8.88991e+07 4.5943e+06 0.000165754 0.00268602 -0.0006134 0.00274133 0.00987281 0.000378877 0.000197757 1.75988e-05 0.0875512 0.00178759 23.2627 10.2057 192.669 36.3548 2762.14 178.227 2978.07 198.665 2978.07 198.665 0.581548 0.0116377 
300 0.278 1261800000 899.125 30.2637 -87.8215 1.08477 8290.49 203.609 8.88991e+07 4.5943e+06 0.000165754 0.00268669 -0.0006134 0.00274004 0.00987281 0.000378372 0.000197757 1.75988e-05 0.0875512 0.00178555 23.2627 10.1907 192.669 36.2516 2762.14 178.227 2978.07 198.665 2978.07 198.665 0.581548 0.0116377 
300 0.278 1263600000 899.125 30.2637 -87.8215 1.08477 8290.49 203.609 8.88991e+07 4.5943e+06 0.000165754 0.00268949 -0.0006134 0.00274004 0.00987281 0.000378182 0.000197757 1.75988e-05 0.0875512 0.00178496 23.2627 10.1758 192.669 36.2516 2762.14 178.227 2978.07 198.665 2978.07 198.665 0.581548 0.0116377 
300 0.278 1265400000 899.125 30.2637 -87.8215 1.08477 8290.49 203.609 8.88991e+07 4.5943e+06 0.000165754 0.00268556 -0.0006134 0.00273212 0.00987281 0.000377662 0.000197757 1.75988e-05 0.0875512 0.00178238 23.2627 10.161 192.669 36.1486 2762.14 178.227 2978.07 198.665 2978.07 198.665 0.581548 0.0115881 
300 0.278 1267200000 899.125 30.2637 -87.8215 1.08477 8290.49 203.609 8.88991e+07 4.5943e+06 0.000165754 0.00268221 -0.0006134 0.00273212 0.00987281 0.000377111 0.000197757 1.75988e-05 0.0875512 0.00177991 23.2627 10.1462 192.669 36.1486 2762.14 178.227 2978.07 198.665 2978.07 198.665 0.581548 0.0115881 
300 0.278 1269000000 899.125 30.2637 -87.8215 1.08477 8290.49 203.609 8.88991e+07 4.5943e+06 0.000165754 0.00268097 -0.0006134 0.00273013 0.00987281 0.000376575 0.000197757 1.75988e-05 0.0875512 0.00177732 23.2627 10.1314 192.669 36.046 2762.14 178.227 2978.07 198.665 2978.07 198.665 0.581548 0.0115881 
300 0.278 1270800000 899.125 30.2637 -87.8215 1.08477 8290.49 203.609 8.88991e+07 4.5943e+06 0.000165754 0.00268092 -0.0006134 0.00273013 0.00987281 0.000376323 0.000197757 1.75988e-05 0.0875512 0.00177649 23.2627 10.1255 192.669 36.046 2762.14 178.227 2978.07 198.665 2978.07 198.665 0.581548 0.0115881 
300 0.278 1272600000 899.125 30.2637 -87.8215 1.08477 8290.49 203.609 8.88991e+07 4.5943e+06 0.000165754 0.00267718 -0.0006134 0.00272362 0.00987281 0.00037594 0.000197757 1.75988e-05 0.0875512 0.0017749 23.2627 10.102 192.669 35.9438 2762.14 178.146 2978.07 198.418 2978.07 198.418 0.581548 0.0115214 
300 0.278 1274400000 899.125 30.2637 -87.8215 1.08477 8290.49 203.609 8.88991e+07 4.5943e+06 0.000165754 0.00267832 -0.0006134 0.00272362 0.00987281 0.00037583 0.000197757 1.75988e-05 0.0875512 0.00177459 23.2627 10.0873 192.669 35.9438 2762.14 178.146 2978.07 198.418 2978.07 198.418 0.581548 0.0115214 
300 0.278 1276200000 899.125 30.2637 -87.8215 1.08477 8290.49 203.609 8.88991e+07 4.5943e+06 0.000165754 0.00267464 -0.0006134 0.00271983 0.00987281 0.000375526 0.000197757 1.75988e-05 0.0875512 0.00177448 23.2627 10.0727 192.669 35.8426 2762.14 178.146 2978.07 198.418 2978.07 198.418 0.581548 0.0115214 
300 0.278 1278000000 899.125 30.2637 -87.8215 1.08477 8290.49 203.609 8.88991e+07 4.5943e+06 0.000165754 0.00267112 -0.0006134 0.00271983 0.00987281 0.000375059 0.000197757 1.75988e-05 0.0875512 0.00177215 23.2627 10.0582 192.669 35.8426 2762.14 178.146 2978.07 198.418 2978.07 198.418 0.581548 0.0115214 
300 0.278 1279800000 899.125 30.2637 -87.8215 1.08477 8290.49 203.609 8.88991e+07 4.5943e+06 0.000165754 0.00267829 -0.0006134 0.0027211 0.00987281 0.000376606 0.000197757 1.75988e-05 0.0875512 0.00177615 23.2627 10.0437 192.669 35.7423 2762.14 178.146 2978.07 198.418 2978.07 198.418 0.581548 0.0114552 
300 0.278 1281600000 899.125 30.2637 -87.8215 1.08477 8290.49 203.609 8.88991e+07 4.5943e+06 0.000165754 0.00267552 -0.0006134 0.0027211 0.00987281 0.00037612 0.000197757 1.75988e-05 0.0875512 0.00177371 23.2627 10.0292 192.669 35.7423 2762.14 178.146 2978.07 198.418 2978.07 198.418 0.581548 0.0114552 
300 0.278 1283400000 899.125 30.2637 -87.8215 1.08477 8290.49 203.609 8.88991e+07 4.5943e+06 0.000165754 0.00267827 -0.0006134 0.00271624 0.00987281 0.000375802 0.000197757 1.75988e-05 0.0875512 0.00177261 23.2627 10.0148 192.669 35.641 2762.14 178.146 2978.07 198.418 2978.07 198.418 0.581548 0.0114552 
300 0.278 1285200000 899.125 30.2637 -87.8215 1.08477 8290.49 203.609 8.88991e+07 4.5943e+06 0.000165754 0.00267449 -0.0006134 0.00271624 0.00987281 0.000375437 0.000197757 1.75988e-05 0.0875512 0.00177122 23.2627 10.0088 192.669 35.641 2762.14 178.146 2978.07 198.418 2978.07 198.418 0.581548 0.0114552 
300 0.278 1287000000 899.125 30.2637 -87.8215 1.08477 8290.49 203.609 8.88991e+07 4.5943e+06 0.000165754 0.00267101 -0.0006134 0.00271067 0.00987281 0.000375057 0.000197757 1.75988e-05 0.0875512 0.00176963 23.2627 9.98605 192.669 35.5415 2762.14 176.888 2978.07 197.017 2978.07 197.017 0.581548 0.0113908 
300 0.278 1288800000 899.125 30.2637 -87.8215 1.08477 8290.49 203.609 8.88991e+07 4.5943e+06 0.000165754 0.00266873 -0.0006134 0.00271067 0.00987281 0.000374614 0.000197757 1.75988e-05 0.0875512 0.00176744 23.2627 9.97172 192.669 35.5415 2762.14 176.888 2978.07 197.017 2978.07 197.017 0.581548 0.0113908 
300 0.278 1290600000 899.125 30.2637 -87.8215 1.08477 8290.49 203.609 8.88991e+07 4.5943e+06 0.000165754 0.00266573 -0.0006134 0.00270329 0.00987281 0.000374199 0.000197757 1.75988e-05 0.0875512 0.00176548 23.2627 9.95746 192.669 35.4422 2762.14 176.888 2978.07 197.017 2978.07 197.017 0.581548 0.0113908 
300 0.278 1292400000 899.125 30.2637 -87.8215 1.08477 8290.49 203.609 8.88991e+07 4.5943e+06 0.000165754 0.00266623 -0.0006134 0.00270329 0.00987281 0.000373839 0.000197757 1.75988e-05 0.0875512 0.00176419 23.2627 9.94323 192.669 35.4422 2762.14 176.888 2978.07 197.017 2978.07 197.017 0.581548 0.0113908 
300 0.278 1294200000 899.125 30.2637 -87.8215 1.08477 8290.49 203.609 8.88991e+07 4.5943e+06 0.000165754 0.00266291 -0.0006134 0.00269708 0.00987281 0.000373486 0.000197757 1.75988e-05 0.0875512 0.00176292 23.2627 9.93443 192.669 35.3434 2762.14 176.888 2978.07 197.017 2978.07 197.017 0.581548 0.0113498 
300 0.278 1296000000 899.125 30.2637 -87.8215 1.08477 8290.49 203.609 8.88991e+07 4.5943e+06 0.000165754 0.00265919 -0.0006134 0.00269708 0.00987281 0.000373087 0.000197757 1.75988e-05 0.0875512 0.00176109 23.2627 9.93443 192.669 35.3434 2762.14 176.888 2978.07 197.017 2978.07 197.017 0.581548 0.0113498 
300 0.278 1297800000 899.125 30.2637 -87.8215 1.08477 8290.49 203.609 8.88991e+07 4.5943e+06 0.000165754 0.00265541 -0.0006134 0.0026995 0.00987281 0.000372583 0.000197757 1.75988e-05 0.0875512 0.00175899 23.2627 9.93443 192.669 35.2451 2762.14 176.888 2978.07 197.017 2978.07 197.017 0.581548 0.0113498 
300 0.278 1299600000 899.125 30.2637 -87.8215 1.08477 8290.49 203.609 8.88991e+07 4.5943e+06 0.000165754 0.00265594 -0.0006134 0.0026995 0.00987281 0.00037211 0.000197757 1.75988e-05 0.0875512 0.0017571 23.2627 9.93443 192.669 35.2451 2762.14 176.888 2978.07 197.017 2978.07 197.017 0.581548 0.0113498 
300 0.278 1301400000 897.261 29.3819 -88.045 1.00891 8336.01 190.12 9.02257e+07 4.36395e+06 -0.00106988 0.00265276 -0.000669633 0.00269184 0.00978972 0.000371675 0.000193091 1.75988e-05 0.0873011 0.00175495 22.0649 9.87271 178.354 35.148 2672.77 175.134 2873.19 195.106 2873.19 195.106 0.580382 0.0112875 
300 0.278 1303200000 897.261 29.3819 -88.045 1.00891 8336.01 190.12 9.02257e+07 4.36395e+06 -0.00106988 0.00264908 -0.000669633 0.00269184 0.00978972 0.000371189 0.000193091 1.75988e-05 0.0873011 0.00175253 22.0649 9.85873 178.354 35.148 2672.77 175.134 2873.19 195.106 2873.19 195.106 0.580382 0.0112875 
300 0.278 1305000000 897.261 29.3819 -88.045 1.00891 8336.01 190.12 9.02257e+07 4.36395e+06 -0.00106988 0.00264584 -0.000669633 0.00268424 0.00978972 0.000370671 0.000193091 1.75988e-05 0.0873011 0.00175005 22.0649 9.84478 178.354 35.0515 2672.77 175.134 2873.19 195.106 2873.19 195.106 0.580382 0.0112875 
300 0.278 1306800000 897.261 29.3819 -88.045 1.00891 8336.01 190.12 9.02257e+07 4.36395e+06 -0.00106988 0.00264263 -0.000669633 0.00268424 0.00978972 0.000370317 0.000193091 1.75988e-05 0.0873011 0.00174871 22.0649 9.8309 178.354 35.0515 2672.77 175.134 2873.19 195.106 2873.19 195.106 0.580382 0.0112875 
300 0.278 1308600000 897.261 29.3819 -88.045 1.00891 8336.01 190.12 9.02257e+07 4.36395e+06 -0.00106988 0.00264526 -0.000669633 0.00268158 0.00978972 0.000370415 0.000193091 1.75988e-05 0.0873011 0.00174909 22.0649 9.81704 178.354 34.9553 2672.77 175.134 2873.19 195.106 2873.19 195.106 0.580382 0.0112448 
300 0.278 1310400000 897.261 29.3819 -88.045 1.00891 8336.01 190.12 9.02257e+07 4.36395e+06 -0.00106988 0.00264217 -0.000669633 0.00268158 0.00978972 0.000369911 0.000193091 1.75988e-05 0.0873011 0.00174695 22.0649 9.8032 178.354 34.9553 2672.77 175.134 2873.19 195.106 2873.19 195.106 0.580382 0.0112448 
300 0.278 1312200000 897.261 29.3819 -88.045 1.00891 8336.01 190.12 9.02257e+07 4.36395e+06 -0.00106988 0.00263932 -0.000669633 0.00267489 0.00978972 0.000369443 0.000193091 1.75988e-05 0.0873011 0.00174461 22.0649 9.78942 178.354 34.8593 2672.77 175.134 2873.19 195.106 2873.19 195.106 0.580382 0.0112448 
300 0.278 1314000000 897.261 29.3819 -88.045 1.00891 8336.01 190.12 9.02257e+07 4.36395e+06 -0.00106988 0.00263563 -0.000669633 0.00267489 0.00978972 0.000369134 0.000193091 1.75988e-05 0.0873011 0.001744 22.0649 9.78363 178.354 35.3187 2672.77 175.134 2873.19 195.106 2873.19 195.106 0.580382 0.0112448 
300 0.278 1315800000 897.261 29.3819 -88.045 1.00891 8336.01 190.12 9.02257e+07 4.36395e+06 -0.00106988 0.00263345 -0.000669633 0.00266862 0.00978972 0.000368623 0.000193091 1.75988e-05 0.0873011 0.00174177 22.0649 9.76194 178.354 35.389 2672.77 173.189 2873.19 192.928 2873.19 192.928 0.580382 0.0112046 
300 0.278 1317600000 897.261 29.3819 -88.045 1.00891 8336.01 190.12 9.02257e+07 4.36395e+06 -0.00106988 0.00263011 -0.000669633 0.00266862 0.00978972 0.00036825 0.000193091 1.75988e-05 0.0873011 0.00174014 22.0649 9.74827 178.354 35.389 2672.77 173.189 2873.19 192.928 2873.19 192.928 0.580382 0.0112046 
300 0.278 1319400000 897.261 29.3819 -88.045 1.00891 8336.01 190.12 9.02257e+07 4.36395e+06 -0.00106988 0.002627 -0.000669633 0.00266452 0.00978972 0.000367802 0.000193091 1.75988e-05 0.0873011 0.00173789 22.0649 9.73463 178.354 35.2925 2672.77 173.189 2873.19 192.928 2873.19 192.928 0.580382 0.0112046 
300 0.278 1321200000 897.261 29.3819 -88.045 1.00891 8336.01 190.12 9.02257e+07 4.36395e+06 -0.00106988 0.00262559 -0.000669633 0.00266452 0.00978972 0.000367315 0.000193091 1.75988e-05 0.0873011 0.00173586 22.0649 9.72102 178.354 35.2925 2672.77 173.189 2873.19 192.928 2873.19 192.928 0.580382 0.0112046 
300 0.278 1323000000 897.261 29.3819 -88.045 1.00891 8336.01 190.12 9.02257e+07 4.36395e+06 -0.00106988 0.00262259 -0.000669633 0.00265871 0.00978972 0.00036696 0.000193091 1.75988e-05 0.0873011 0.00173444 22.0649 9.70748 178.354 35.197 2672.77 173.189 2873.19 192.928 2873.19 192.928 0.580382 0.0111749 
300 0.278 1324800000 897.261 29.3819 -88.045 1.00891 8336.01 190.12 9.02257e+07 4.36395e+06 -0.00106988 0.00262067 -0.000669633 0.00265871 0.00978972 0.000366513 0.000193091 1.75988e-05 0.0873011 0.00173219 22.0649 9.69396 178.354 35.197 2672.77 173.189 2873.19 192.928 2873.19 192.928 0.580382 0.0111749 
300 0.278 1326600000 897.261 29.3819 -88.045 1.00891 8336.01 190.12 9.02257e+07 4.36395e+06 -0.00106988 0.00262202 -0.000669633 0.00265156 0.00978972 0.000366086 0.000193091 1.75988e-05 0.0873011 0.00173054 22.0649 9.68048 178.354 35.1018 2672.77 173.189 2873.19 192.928 2873.19 192.928 0.580382 0.0111749 
300 0.278 1328400000 897.261 29.3819 -88.045 1.00891 8336.01 190.12 9.02257e+07 4.36395e+06 -0.00106988 0.0026189 -0.000669633 0.00265156 0.00978972 0.000365638 0.000193091 1.75988e-05 0.0873011 0.00172829 22.0649 9.67453 178.354 35.1018 2672.77 173.189 2873.19 192.928 2873.19 192.928 0.580382 0.0111749 
300 0.278 1330200000 897.261 29.3819 -88.045 1.00891 8336.01 190.12 9.02257e+07 4.36395e+06 -0.00106988 0.00261575 -0.000669633 0.00264848 0.00978972 0.000365224 0.000193091 1.75988e-05 0.0873011 0.00172625 22.0649 9.65364 178.354 35.0073 2672.77 173.617 2873.19 193.198 2873.19 193.198 0.580382 0.0111387 
300 0.278 1332000000 897.261 29.3819 -88.045 1.00891 8336.01 190.12 9.02257e+07 4.36395e+06 -0.00106988 0.0026122 -0.000669633 0.00264848 0.00978972 0.00036489 0.000193091 1.75988e-05 0.0873011 0.00172507 22.0649 9.64028 178.354 35.0073 2672.77 173.617 2873.19 193.198 2873.19 193.198 0.580382 0.0111387 
300 0.278 1333800000 897.261 29.3819 -88.045 1.00891 8336.01 190.12 9.02257e+07 4.36395e+06 -0.00106988 0.00261013 -0.000669633 0.00264119 0.00978972 0.000364441 0.000193091 1.75988e-05 0.0873011 0.00172282 22.0649 9.62693 178.354 34.912 2672.77 173.617 2873.19 193.198 2873.19 193.198 0.580382 0.0111387 
300 0.278 1335600000 897.261 29.3819 -88.045 1.00891 8336.01 190.12 9.02257e+07 4.36395e+06 -0.00106988 0.00260665 -0.000669633 0.00264119 0.00978972 0.000364145 0.000193091 1.75988e-05 0.0873011 0.00172234 22.0649 9.61362 178.354 34.912 2672.77 173.617 2873.19 193.198 2873.19 193.198 0.580382 0.0111387 
300 0.278 1337400000 897.261 29.3819 -88.045 1.00891 8336.01 190.12 9.02257e+07 4.36395e+06 -0.00106988 0.00260419 -0.000669633 0.0026344 0.00978972 0.000363752 0.000193091 1.75988e-05 0.0873011 0.00172046 22.0649 9.60036 178.354 34.8183 2672.77 173.617 2873.19 193.198 2873.19 193.198 0.580382 0.0110785 
300 0.278 1339200000 897.261 29.3819 -88.045 1.00891 8336.01 190.12 9.02257e+07 4.36395e+06 -0.00106988 0.00260083 -0.000669633 0.0026344 0.00978972 0.000363316 0.000193091 1.75988e-05 0.0873011 0.00171828 22.0649 9.58713 178.354 34.8183 2672.77 173.617 2873.19 193.198 2873.19 193.198 0.580382 0.0110785 
300 0.278 1341000000 897.261 29.3819 -88.045 1.00891 8336.01 190.12 9.02257e+07 4.36395e+06 -0.00106988 0.00259868 -0.000669633 0.00262747 0.00978972 0.000362843 0.000193091 1.75988e-05 0.0873011 0.00171631 22.0649 9.57393 178.354 34.7245 2672.77 173.617 2873.19 193.198 2873.19 193.198 0.580382 0.0110785 
300 0.278 1342800000 897.261 29.3819 -88.045 1.00891 8336.01 190.12 9.02257e+07 4.36395e+06 -0.00106988 0.00259683 -0.000669633 0.00262747 0.00978972 0.000362388 0.000193091 1.75988e-05 0.0873011 0.00171403 22.0649 9.56831 178.354 34.7245 2672.77 173.617 2873.19 193.198 2873.19 193.198 0.580382 0.0110785 
300 0.278 1344600000 897.261 29.3819 -88.045 1.00891 8336.01 190.12 9.02257e+07 4.36395e+06 -0.00106988 0.00259492 -0.000669633 0.00262128 0.00978972 0.000361944 0.000193091 1.75988e-05 0.0873011 0.0017118 22.0649 9.54765 178.354 34.6311 2672.77 172.325 2873.19 191.512 2873.19 191.512 0.580382 0.0110181 
300 0.278 1346400000 897.261 29.3819 -88.045 1.00891 8336.01 190.12 9.02257e+07 4.36395e+06 -0.00106988 0.00259813 -0.000669633 0.00262128 0.00978972 0.000361924 0.000193091 1.75988e-05 0.0873011 0.00171181 22.0649 9.53457 178.354 34.6311 2672.77 172.325 2873.19 191.512 2873.19 191.512 0.580382 0.0110181 
300 0.278 1348200000 897.261 29.3819 -88.045 1.00891 8336.01 190.12 9.02257e+07 4.36395e+06 -0.00106988 0.00260547 -0.000669633 0.00261415 0.00978972 0.000362917 0.000193091 1.75988e-05 0.0873011 0.00171457 22.0649 9.52153 178.354 34.5389 2672.77 172.325 2873.19 191.512 2873.19 191.512 0.580382 0.0110181 
300 0.278 1350000000 897.261 29.3819 -88.045 1.00891 8336.01 190.12 9.02257e+07 4.36395e+06 -0.00106988 0.00260624 -0.000669633 0.00261415 0.00978972 0.00036248 0.000193091 1.75988e-05 0.0873011 0.00171283 22.0649 9.50852 178.354 34.5389 2672.77 172.325 2873.19 191.512 2873.19 191.512 0.580382 0.0110181 
300 0.278 1351800000 897.261 29.3819 -88.045 1.00891 8336.01 190.12 9.02257e+07 4.36395e+06 -0.00106988 0.00260577 -0.000669633 0.00260828 0.00978972 0.000362297 0.000193091 1.75988e-05 0.0873011 0.00171226 22.0649 9.50011 178.354 34.4471 2672.77 172.325 2873.19 191.512 2873.19 191.512 0.580382 0.0110474 
300 0.278 1353600000 897.261 29.3819 -88.045 1.00891 8336.01 190.12 9.02257e+07 4.36395e+06 -0.00106988 0.00260447 -0.000669633 0.00260828 0.00978972 0.000362159 0.000193091 1.75988e-05 0.0873011 0.00171184 22.0649 9.50011 178.354 34.4471 2672.77 172.325 2873.19 191.512 2873.19 191.512 0.580382 0.0110474 
300 0.278 1355400000 897.261 29.3819 -88.045 1.00891 8336.01 190.12 9.02257e+07 4.36395e+06 -0.00106988 0.00260213 -0.000669633 0.00260536 0.00978972 0.000361762 0.000193091 1.75988e-05 0.0873011 0.0017099 22.0649 9.50011 178.354 34.3554 2672.77 172.325 2873.19 191.512 2873.19 191.512 0.580382 0.0110474 
300 0.278 1357200000 897.261 29.3819 -88.045 1.00891 8336.01 190.12 9.02257e+07 4.36395e+06 -0.00106988 0.00259868 -0.000669633 0.00260536 0.00978972 0.000361366 0.000193091 1.75988e-05 0.0873011 0.00170797 22.0649 9.50011 178.354 34.3554 2672.77 172.325 2873.19 191.512 2873.19 191.512 0.580382 0.0110474 
300 0.278 1359000000 897.261 29.1992 -88.045 1.00891 8336.01 190.12 9.02257e+07 4.36395e+06 -0.00106988 0.00259523 -0.000669633 0.00259852 0.00978972 0.000361061 0.000193091 1.75988e-05 0.0873011 0.00170712 22.0649 9.444 178.354 34.2633 2672.77 170.865 2873.19 189.91 2873.19 189.91 0.580382 0.0110002 
300 0.278 1360800000 897.261 29.1992 -88.045 1.00891 8336.01 190.12 9.02257e+07 4.36395e+06 -0.00106988 0.00259179 -0.000669633 0.00259852 0.00978972 0.000360664 0.000193091 1.75988e-05 0.0873011 0.00170518 22.0649 9.4312 178.354 34.2633 2672.77 170.865 2873.19 189.91 2873.19 189.91 0.580382 0.0110002 
300 0.278 1362600000 897.261 29.1992 -88.045 1.00891 8336.01 190.12 9.02257e+07 4.36395e+06 -0.00106988 0.00258832 -0.000669633 0.00259159 0.00978972 0.000360339 0.000193091 1.75988e-05 0.0873011 0.00170399 22.0649 9.41844 178.354 34.1728 2672.77 170.865 2873.19 189.91 2873.19 189.91 0.580382 0.0110002 
300 0.278 1364400000 897.261 29.1992 -88.045 1.00891 8336.01 190.12 9.02257e+07 4.36395e+06 -0.00106988 0.00259181 -0.000669633 0.00259159 0.00978972 0.000360445 0.000193091 1.75988e-05 0.0873011 0.0017044 22.0649 9.40569 178.354 34.1728 2672.77 170.865 2873.19 189.91 2873.19 189.91 0.580382 0.0110002 
300 0.278 1366200000 897.261 29.1992 -88.045 1.00891 8336.01 190.12 9.02257e+07 4.36395e+06 -0.00106988 0.00259006 -0.000669633 0.00258486 0.00978972 0.000360021 0.000193091 1.75988e-05 0.0873011 0.00170272 22.0649 9.39301 178.354 34.0829 2672.77 170.865 2873.19 189.91 2873.19 189.91 0.580382 0.0109865 
300 0.278 1368000000 897.261 29.1992 -88.045 1.00891 8336.01 190.12 9.02257e+07 4.36395e+06 -0.00106988 0.00258764 -0.000669633 0.00258486 0.00978972 0.000359643 0.000193091 1.75988e-05 0.0873011 0.00170093 22.0649 9.38035 178.354 34.0829 2672.77 170.865 2873.19 189.91 2873.19 189.91 0.580382 0.0109865 
300 0.278 1369800000 897.261 29.1992 -88.045 1.00891 8336.01 190.12 9.02257e+07 4.36395e+06 -0.00106988 0.00258503 -0.000669633 0.00257822 0.00978972 0.000359223 0.000193091 1.75988e-05 0.0873011 0.00169882 22.0649 9.36772 178.354 33.9933 2672.77 170.865 2873.19 189.91 2873.19 189.91 0.580382 0.0109865 
300 0.278 1371600000 897.261 29.1992 -88.045 1.00891 8336.01 190.12 9.02257e+07 4.36395e+06 -0.00106988 0.00258372 -0.000669633 0.00257822 0.00978972 0.000358758 0.000193091 1.75988e-05 0.0873011 0.00169654 22.0649 9.36132 178.354 33.9933 2672.77 170.865 2873.19 189.91 2873.19 189.91 0.580382 0.0109865 
300 0.278 1373400000 897.261 29.1992 -88.045 1.00891 8336.01 190.12 9.02257e+07 4.36395e+06 -0.00106988 0.00258183 -0.000669633 0.00257131 0.00978972 0.000358308 0.000193091 1.75988e-05 0.0873011 0.0016943 22.0649 9.34258 178.354 33.9041 2672.77 169.076 2873.19 187.882 2873.19 187.882 0.580382 0.0109704 
300 0.278 1375200000 897.261 29.1992 -88.045 1.00891 8336.01 190.12 9.02257e+07 4.36395e+06 -0.00106988 0.00257935 -0.000669633 0.00257131 0.00978972 0.000358829 0.000193091 1.75988e-05 0.0873011 0.00169588 22.0649 9.33006 178.354 33.9041 2672.77 169.076 2873.19 187.882 2873.19 187.882 0.580382 0.0109704 
300 0.278 1377000000 897.261 29.1992 -88.045 1.00891 8336.01 190.12 9.02257e+07 4.36395e+06 -0.00106988 0.00258226 -0.000669633 0.00257456 0.00978972 0.000358543 0.000193091 1.75988e-05 0.0873011 0.00169488 22.0649 9.31759 178.354 33.8158 2672.77 169.076 2873.19 187.882 2873.19 187.882 0.580382 0.0109704 
300 0.278 1378800000 897.261 29.1992 -88.045 1.00891 8336.01 190.12 9.02257e+07 4.36395e+06 -0.00106988 0.00257887 -0.000669633 0.00257456 0.00978972 0.000358121 0.000193091 1.75988e-05 0.0873011 0.00169276 22.0649 9.30513 178.354 33.8158 2672.77 169.076 2873.19 187.882 2873.19 187.882 0.580382 0.0109704 
300 0.278 1380600000 897.261 29.1992 -88.045 1.00891 8336.01 190.12 9.02257e+07 4.36395e+06 -0.00106988 0.00257702 -0.000669633 0.00257222 0.00978972 0.000357666 0.000193091 1.75988e-05 0.0873011 0.00169052 22.0649 9.29271 178.354 33.7278 2672.77 169.076 2873.19 187.882 2873.19 187.882 0.580382 0.0109196 
300 0.278 1382400000 897.261 29.1992 -88.045 1.00891 8336.01 190.12 9.02257e+07 4.36395e+06 -0.00106988 0.0025739 -0.000669633 0.00257222 0.00978972 0.000357231 0.000193091 1.75988e-05 0.0873011 0.00168834 22.0649 9.28031 178.354 33.7278 2672.77 169.076 2873.19 187.882 2873.19 187.882 0.580382 0.0109196 
300 0.278 1384200000 897.261 29.1992 -88.045 1.00891 8336.01 190.12 9.02257e+07 4.36395e+06 -0.00106988 0.0025749 -0.000669633 0.00256568 0.00978972 0.000356814 0.000193091 1.75988e-05 0.0873011 0.00168669 22.0649 9.26794 178.354 33.6391 2672.77 169.076 2873.19 187.882 2873.19 187.882 0.580382 0.0109196 
300 0.278 1386000000 897.261 29.1992 -88.045 1.00891 8336.01 190.12 9.02257e+07 4.36395e+06 -0.00106988 0.00257425 -0.000669633 0.00256568 0.00978972 0.000356346 0.000193091 1.75988e-05 0.0873011 0.00168445 22.0649 9.26159 178.354 33.6391 2672.77 169.076 2873.19 187.882 2873.19 187.882 0.580382 0.0109196 
300 0.278 1387800000 897.261 29.1992 -88.045 1.00891 8336.01 190.12 9.02257e+07 4.36395e+06 -0.00106988 0.00257177 -0.000669633 0.00255894 0.00978972 0.00035599 0.000193091 1.75988e-05 0.0873011 0.0016828 22.0649 9.24332 178.354 33.5513 2672.77 168.992 2873.19 187.232 2873.19 187.232 0.580382 0.0109126 
300 0.278 1389600000 897.261 29.1992 -88.045 1.00891 8336.01 190.12 9.02257e+07 4.36395e+06 -0.00106988 0.00256857 -0.000669633 0.00255894 0.00978972 0.000355594 0.000193091 1.75988e-05 0.0873011 0.00168084 22.0649 9.23107 178.354 33.5513 2672.77 168.992 2873.19 187.232 2873.19 187.232 0.580382 0.0109126 
300 0.278 1391400000 897.261 29.1992 -88.045 1.00891 8336.01 190.12 9.02257e+07 4.36395e+06 -0.00106988 0.00256533 -0.000669633 0.00255779 0.00978972 0.000356762 0.000193091 1.75988e-05 0.0873011 0.00168396 22.0649 9.21885 178.354 33.4645 2672.77 168.992 2873.19 187.232 2873.19 187.232 0.580382 0.0109126 
300 0.278 1393200000 897.261 29.1992 -88.045 1.00891 8336.01 190.12 9.02257e+07 4.36395e+06 -0.00106988 0.00256403 -0.000669633 0.00255779 0.00978972 0.000356298 0.000193091 1.75988e-05 0.0873011 0.00168173 22.0649 9.20665 178.354 33.4645 2672.77 168.992 2873.19 187.232 2873.19 187.232 0.580382 0.0109126 
300 0.278 1395000000 897.261 29.1992 -88.045 1.00891 8336.01 190.12 9.02257e+07 4.36395e+06 -0.00106988 0.00256149 -0.000669633 0.00255968 0.00978972 0.000355916 0.000193091 1.75988e-05 0.0873011 0.00168027 22.0649 9.19449 178.354 33.3784 2672.77 168.992 2873.19 187.232 2873.19 187.232 0.580382 0.0108736 
300 0.278 1396800000 897.261 29.1992 -88.045 1.00891 8336.01 190.12 9.02257e+07 4.36395e+06 -0.00106988 0.00255813 -0.000669633 0.00255968 0.00978972 0.000355677 0.000193091 1.75988e-05 0.0873011 0.00168132 22.0649 9.18235 178.354 33.3784 2672.77 168.992 2873.19 187.232 2873.19 187.232 0.580382 0.0108736 
300 0.278 1398600000 897.261 29.1992 -88.045 1.00891 8336.01 190.12 9.02257e+07 4.36395e+06 -0.00106988 0.00255541 -0.000669633 0.00255295 0.00978972 0.00035535 0.000193091 1.75988e-05 0.0873011 0.00167997 22.0649 9.17025 178.354 33.293 2672.77 168.992 2873.19 187.232 2873.19 187.232 0.580382 0.0108736 
300 0.278 1400400000 897.261 29.1992 -88.045 1.00891 8336.01 190.12 9.02257e+07 4.36395e+06 -0.00106988 0.00255204 -0.000669633 0.00255295 0.00978972 0.000354977 0.000193091 1.75988e-05 0.0873011 0.00167816 22.0649 9.16398 178.354 33.293 2672.77 168.992 2873.19 187.232 2873.19 187.232 0.580382 0.0108736 
300 0.278 1402200000 897.261 29.1992 -88.045 1.00891 8336.01 190.12 9.02257e+07 4.36395e+06 -0.00106988 0.00255078 -0.000669633 0.00254635 0.00978972 0.000354525 0.000193091 1.75988e-05 0.0873011 0.00167623 22.0649 9.14616 178.354 33.2071 2672.77 167.991 2873.19 185.349 2873.19 185.349 0.580382 0.0108377 
300 0.278 1404000000 897.261 29.1992 -88.045 1.00891 8336.01 190.12 9.02257e+07 4.36395e+06 -0.00106988 0.00254797 -0.000669633 0.00254635 0.00978972 0.000354247 0.000193091 1.75988e-05 0.0873011 0.00167526 22.0649 9.13415 178.354 33.2071 2672.77 167.991 2873.19 185.349 2873.19 185.349 0.580382 0.0108377 
300 0.278 1405800000 897.261 29.1992 -88.045 1.00891 8336.01 190.12 9.02257e+07 4.36395e+06 -0.00106988 0.00254464 -0.000669633 0.00254636 0.00978972 0.000354009 0.000193091 1.75988e-05 0.0873011 0.00167611 22.0649 9.12218 178.354 33.1207 2672.77 167.991 2873.19 185.349 2873.19 185.349 0.580382 0.0108377 
300 0.278 1407600000 897.261 29.1992 -88.045 1.00891 8336.01 190.12 9.02257e+07 4.36395e+06 -0.00106988 0.0025413 -0.000669633 0.00254636 0.00978972 0.000353683 0.000193091 1.75988e-05 0.0873011 0.00167474 22.0649 9.11022 178.354 33.1207 2672.77 167.991 2873.19 185.349 2873.19 185.349 0.580382 0.0108377 
300 0.278 1409400000 897.261 29.1992 -88.045 1.00891 8336.01 190.12 9.02257e+07 4.36395e+06 -0.00106988 0.00253848 -0.000669633 0.00254086 0.00978972 0.000353382 0.000193091 1.75988e-05 0.0873011 0.00167372 22.0649 9.09926 178.354 33.0363 2672.77 167.261 2873.19 185.349 2873.19 185.349 0.580382 0.0107814 
300 0.278 1411200000 897.261 29.1992 -88.045 1.00891 8336.01 190.12 9.02257e+07 4.36395e+06 -0.00106988 0.00253766 -0.000669633 0.00254086 0.00978972 0.00035292 0.000193091 1.75988e-05 0.0873011 0.0016716 22.0649 9.09926 178.354 33.0363 2672.77 167.261 2873.19 185.349 2873.19 185.349 0.580382 0.0107814 
300 0.278 1413000000 897.261 29.1992 -88.045 1.00891 8336.01 190.12 9.02257e+07 4.36395e+06 -0.00106988 0.00253435 -0.000669633 0.00253552 0.00978972 0.000352474 0.000193091 1.75988e-05 0.0873011 0.0016697 22.0649 9.09926 178.354 32.9523 2672.77 167.261 2873.19 185.349 2873.19 185.349 0.580382 0.0107814 
300 0.278 1414800000 897.261 29.1992 -88.045 1.00891 8336.01 190.12 9.02257e+07 4.36395e+06 -0.00106988 0.00253601 -0.000669633 0.00253552 0.00978972 0.00035211 0.000193091 1.75988e-05 0.0873011 0.00166831 22.0649 9.09926 178.354 32.9523 2672.77 167.261 2873.19 185.349 2873.19 185.349 0.580382 0.0107814 
300 0.278 1416600000 891.789 28.1004 -87.7198 0.975831 8274.36 184.001 8.8809e+07 4.22398e+06 -0.0010056 0.00253539 -0.000326966 0.00252933 0.00974838 0.000351665 0.000190008 1.62824e-05 0.0872681 0.0016664 21.0578 9.05101 172.852 32.8685 2659.2 166.38 2853.11 183.713 2853.11 183.713 0.578469 0.0107309 
300 0.278 1418400000 891.789 28.1004 -87.7198 0.975831 8274.36 184.001 8.8809e+07 4.22398e+06 -0.0010056 0.00253212 -0.000326966 0.00252933 0.00974838 0.000351424 0.000190008 1.62824e-05 0.0872681 0.0016668 21.0578 9.03925 172.852 32.8685 2659.2 166.38 2853.11 183.713 2853.11 183.713 0.578469 0.0107309 
300 0.278 1420200000 891.789 28.1004 -87.7198 0.975831 8274.36 184.001 8.8809e+07 4.22398e+06 -0.0010056 0.00252991 -0.000326966 0.00252292 0.00974838 0.000351064 0.000190008 1.62824e-05 0.0872681 0.00166506 21.0578 9.02753 172.852 32.7855 2659.2 166.38 2853.11 183.713 2853.11 183.713 0.578469 0.0107309 
300 0.278 1422000000 891.789 28.1004 -87.7198 0.975831 8274.36 184.001 8.8809e+07 4.22398e+06 -0.0010056 0.00252898 -0.000326966 0.00252292 0.00974838 0.000351018 0.000190008 1.62824e-05 0.0872681 0.00166495 21.0578 9.01583 172.852 32.7855 2659.2 166.38 2853.11 183.713 2853.11 183.713 0.578469 0.0107309 
300 0.278 1423800000 891.789 28.1004 -87.7198 0.975831 8274.36 184.001 8.8809e+07 4.22398e+06 -0.0010056 0.00252717 -0.000326966 0.00251905 0.00974838 0.000350607 0.000190008 1.62824e-05 0.0872681 0.00166289 21.0578 9.00417 172.852 32.7016 2659.2 166.007 2853.11 183.713 2853.11 183.713 0.578469 0.0107014 
300 0.278 1425600000 891.789 28.1004 -87.7198 0.975831 8274.36 184.001 8.8809e+07 4.22398e+06 -0.0010056 0.00252511 -0.000326966 0.00251905 0.00974838 0.000350155 0.000190008 1.62824e-05 0.0872681 0.00166087 21.0578 8.99255 172.852 32.7016 2659.2 166.007 2853.11 183.713 2853.11 183.713 0.578469 0.0107014 
300 0.278 1427400000 891.789 28.1004 -87.7198 0.975831 8274.36 184.001 8.8809e+07 4.22398e+06 -0.0010056 0.00252251 -0.000326966 0.002514 0.00974838 0.000349829 0.000190008 1.62824e-05 0.0872681 0.00165943 21.0578 8.98094 172.852 32.6184 2659.2 166.007 2853.11 183.713 2853.11 183.713 0.578469 0.0107014 
300 0.278 1429200000 891.789 28.1004 -87.7198 0.975831 8274.36 184.001 8.8809e+07 4.22398e+06 -0.0010056 0.00251926 -0.000326966 0.002514 0.00974838 0.000349458 0.000190008 1.62824e-05 0.0872681 0.00165759 21.0578 8.97496 172.852 32.6184 2659.2 166.007 2853.11 183.713 2853.11 183.713 0.578469 0.0107014 
300 0.278 1431000000 891.789 28.1004 -87.7198 0.975831 8274.36 184.001 8.8809e+07 4.22398e+06 -0.0010056 0.00251869 -0.000326966 0.00253263 0.00974838 0.000353535 0.000190008 1.62824e-05 0.0872681 0.00166584 21.0578 8.95781 172.852 32.5364 2659.2 166.644 2853.11 181.998 2853.11 181.998 0.578469 0.0106946 
300 0.278 1432800000 891.789 28.1004 -87.7198 0.975831 8274.36 184.001 8.8809e+07 4.22398e+06 -0.0010056 0.00251812 -0.000326966 0.00253263 0.00974838 0.000353082 0.000190008 1.62824e-05 0.0872681 0.00166371 21.0578 8.94631 172.852 32.5364 2659.2 166.644 2853.11 181.998 2853.11 181.998 0.578469 0.0106946 
300 0.278 1434600000 891.789 28.1004 -87.7198 0.975831 8274.36 184.001 8.8809e+07 4.22398e+06 -0.0010056 0.00251498 -0.000326966 0.00252786 0.00974838 0.000352758 0.000190008 1.62824e-05 0.0872681 0.00166233 21.0578 8.93483 172.852 32.4549 2659.2 166.644 2853.11 181.998 2853.11 181.998 0.578469 0.0106946 
300 0.278 1436400000 891.789 28.1004 -87.7198 0.975831 8274.36 184.001 8.8809e+07 4.22398e+06 -0.0010056 0.00251175 -0.000326966 0.00252786 0.00974838 0.000353685 0.000190008 1.62824e-05 0.0872681 0.00166489 21.0578 8.92337 172.852 32.4549 2659.2 166.644 2853.11 181.998 2853.11 181.998 0.578469 0.0106946 
300 0.278 1438200000 891.789 28.1004 -87.7198 0.975831 8274.36 184.001 8.8809e+07 4.22398e+06 -0.0010056 0.00250951 -0.000326966 0.00253942 0.00974838 0.00035327 0.000190008 1.62824e-05 0.0872681 0.00166282 21.0578 8.91195 172.852 32.373 2659.2 165.842 2853.11 181.998 2853.11 181.998 0.578469 0.0107913 
300 0.278 1440000000 891.789 28.1004 -87.7198 0.975831 8274.36 184.001 8.8809e+07 4.22398e+06 -0.0010056 0.00251002 -0.000326966 0.00253942 0.00974838 0.000353179 0.000190008 1.62824e-05 0.0872681 0.00166258 21.0578 8.90056 172.852 32.373 2659.2 165.842 2853.11 181.998 2853.11 181.998 0.578469 0.0107913 
300 0.278 1441800000 891.789 28.1004 -87.7198 0.975831 8274.36 184.001 8.8809e+07 4.22398e+06 -0.0010056 0.00250721 -0.000326966 0.00253298 0.00974838 0.000352727 0.000190008 1.62824e-05 0.0872681 0.00166051 21.0578 8.88919 172.852 32.2904 2659.2 165.842 2853.11 181.998 2853.11 181.998 0.578469 0.0107913 
300 0.278 1443600000 891.789 28.1004 -87.7198 0.975831 8274.36 184.001 8.8809e+07 4.22398e+06 -0.0010056 0.00250643 -0.000326966 0.00253298 0.00974838 0.000353869 0.000190008 1.62824e-05 0.0872681 0.00166354 21.0578 8.883 172.852 32.2904 2659.2 165.842 2853.11 181.998 2853.11 181.998 0.578469 0.0107913 
300 0.278 1445400000 891.789 28.1004 -87.7198 0.975831 8274.36 184.001 8.8809e+07 4.22398e+06 -0.0010056 0.00250411 -0.000326966 0.00253273 0.00974838 0.000353507 0.000190008 1.62824e-05 0.0872681 0.00166179 21.0578 8.86653 172.852 32.2104 2659.2 165.041 2853.11 180.144 2853.11 180.144 0.578469 0.0107597 
300 0.278 1447200000 891.789 28.1004 -87.7198 0.975831 8274.36 184.001 8.8809e+07 4.22398e+06 -0.0010056 0.00250132 -0.000326966 0.00253273 0.00974838 0.000353138 0.000190008 1.62824e-05 0.0872681 0.00165999 21.0578 8.85525 172.852 32.2104 2659.2 165.041 2853.11 180.144 2853.11 180.144 0.578469 0.0107597 
300 0.278 1449000000 891.789 28.1004 -87.7198 0.975831 8274.36 184.001 8.8809e+07 4.22398e+06 -0.0010056 0.00249821 -0.000326966 0.00252782 0.00974838 0.000352749 0.000190008 1.62824e-05 0.0872681 0.00165846 21.0578 8.84399 172.852 32.1308 2659.2 165.041 2853.11 180.144 2853.11 180.144 0.578469 0.0107597 
300 0.278 1450800000 891.789 28.1004 -87.7198 0.975831 8274.36 184.001 8.8809e+07 4.22398e+06 -0.0010056 0.00249814 -0.000326966 0.00252782 0.00974838 0.000352497 0.000190008 1.62824e-05 0.0872681 0.0016576 21.0578 8.83277 172.852 32.1308 2659.2 165.041 2853.11 180.144 2853.11 180.144 0.578469 0.0107597 
300 0.278 1452600000 891.789 28.1004 -87.7198 0.975831 8274.36 184.001 8.8809e+07 4.22398e+06 -0.0010056 0.0024993 -0.000326966 0.00253004 0.00974838 0.000352199 0.000190008 1.62824e-05 0.0872681 0.00165653 21.0578 8.82158 172.852 32.0516 2659.2 164.724 2853.11 180.144 2853.11 180.144 0.578469 0.01075 
300 0.278 1454400000 891.789 28.1004 -87.7198 0.975831 8274.36 184.001 8.8809e+07 4.22398e+06 -0.0010056 0.00249613 -0.000326966 0.00253004 0.00974838 0.000351873 0.000190008 1.62824e-05 0.0872681 0.0016551 21.0578 8.8104 172.852 32.0516 2659.2 164.724 2853.11 180.144 2853.11 180.144 0.578469 0.01075 
300 0.278 1456200000 891.789 28.1004 -87.7198 0.975831 8274.36 184.001 8.8809e+07 4.22398e+06 -0.0010056 0.00250024 -0.000326966 0.00252668 0.00974838 0.000351943 0.000190008 1.62824e-05 0.0872681 0.00165538 21.0578 8.79926 172.852 31.9737 2659.2 164.724 2853.11 180.144 2853.11 180.144 0.578469 0.01075 
300 0.278 1458000000 891.789 28.1004 -87.7198 0.975831 8274.36 184.001 8.8809e+07 4.22398e+06 -0.0010056 0.00249914 -0.000326966 0.00252668 0.00974838 0.000351502 0.000190008 1.62824e-05 0.0872681 0.00165344 21.0578 8.79333 172.852 31.9737 2659.2 164.724 2853.11 180.144 2853.11 180.144 0.578469 0.01075 
300 0.278 1459800000 891.789 28.1004 -87.7198 0.975831 8274.36 184.001 8.8809e+07 4.22398e+06 -0.0010056 0.00249703 -0.000326966 0.00252404 0.00974838 0.000351112 0.000190008 1.62824e-05 0.0872681 0.00165149 21.0578 8.77707 172.852 31.8952 2659.2 163.906 2853.11 178.713 2853.11 178.713 0.578469 0.0106975 
300 0.278 1461600000 891.789 28.1004 -87.7198 0.975831 8274.36 184.001 8.8809e+07 4.22398e+06 -0.0010056 0.00249581 -0.000326966 0.00252404 0.00974838 0.00035067 0.000190008 1.62824e-05 0.0872681 0.00164945 21.0578 8.76603 172.852 31.8952 2659.2 163.906 2853.11 178.713 2853.11 178.713 0.578469 0.0106975 
300 0.278 1463400000 891.789 28.1004 -87.7198 0.975831 8274.36 184.001 8.8809e+07 4.22398e+06 -0.0010056 0.00249292 -0.000326966 0.00252983 0.00974838 0.000350479 0.000190008 1.62824e-05 0.0872681 0.00164883 21.0578 8.75499 172.852 31.8168 2659.2 163.906 2853.11 178.713 2853.11 178.713 0.578469 0.0106975 
300 0.278 1465200000 891.789 28.1004 -87.7198 0.975831 8274.36 184.001 8.8809e+07 4.22398e+06 -0.0010056 0.0024899 -0.000326966 0.00252983 0.00974838 0.000350038 0.000190008 1.62824e-05 0.0872681 0.00164684 21.0578 8.74399 172.852 31.8168 2659.2 163.906 2853.11 178.713 2853.11 178.713 0.578469 0.0106975 
300 0.278 1467000000 891.789 28.1004 -87.7198 0.975831 8274.36 184.001 8.8809e+07 4.22398e+06 -0.0010056 0.0024869 -0.000326966 0.0025259 0.00974838 0.000349794 0.000190008 1.62824e-05 0.0872681 0.00164674 21.0578 8.73528 172.852 31.7386 2659.2 163.587 2853.11 178.713 2853.11 178.713 0.578469 0.0107224 
300 0.278 1468800000 891.789 28.1004 -87.7198 0.975831 8274.36 184.001 8.8809e+07 4.22398e+06 -0.0010056 0.00248523 -0.000326966 0.0025259 0.00974838 0.000349406 0.000190008 1.62824e-05 0.0872681 0.0016448 21.0578 8.73528 172.852 31.7386 2659.2 163.587 2853.11 178.713 2853.11 178.713 0.578469 0.0107224 
300 0.278 1470600000 891.789 28.1004 -87.7198 0.975831 8274.36 184.001 8.8809e+07 4.22398e+06 -0.0010056 0.00248214 -0.000326966 0.00252252 0.00974838 0.00034901 0.000190008 1.62824e-05 0.0872681 0.0016432 21.0578 8.73528 172.852 31.6608 2659.2 163.587 2853.11 178.713 2853.11 178.713 0.578469 0.0107224 
300 0.278 1472400000 891.789 28.1004 -87.7198 0.975831 8274.36 184.001 8.8809e+07 4.22398e+06 -0.0010056 0.00248435 -0.000326966 0.00252252 0.00974838 0.000350109 0.000190008 1.62824e-05 0.0872681 0.00164611 21.0578 8.73528 172.852 31.6608 2659.2 163.587 2853.11 178.713 2853.11 178.713 0.578469 0.0107224 
300 0.278 1474200000 891.789 27.6772 -87.7198 0.975831 8274.36 184.001 8.8809e+07 4.22398e+06 -0.0010056 0.00248125 -0.000326966 0.00254506 0.00974838 0.000350435 0.000190008 1.62824e-05 0.0872681 0.00164713 21.0578 8.68943 172.852 31.5837 2659.2 163.104 2853.11 178.638 2853.11 178.638 0.578469 0.0106761 
300 0.278 1476000000 891.789 27.6772 -87.7198 0.975831 8274.36 184.001 8.8809e+07 4.22398e+06 -0.0010056 0.00248008 -0.000326966 0.00254506 0.00974838 0.000350118 0.000190008 1.62824e-05 0.0872681 0.00164597 21.0578 8.67859 172.852 31.5837 2659.2 163.104 2853.11 178.638 2853.11 178.638 0.578469 0.0106761 
300 0.278 1477800000 891.789 27.6772 -87.7198 0.975831 8274.36 184.001 8.8809e+07 4.22398e+06 -0.0010056 0.00247731 -0.000326966 0.00253872 0.00974838 0.000349699 0.000190008 1.62824e-05 0.0872681 0.0016442 21.0578 8.66779 172.852 31.5068 2659.2 163.104 2853.11 178.638 2853.11 178.638 0.578469 0.0106761 
300 0.278 1479600000 891.789 27.6772 -87.7198 0.975831 8274.36 184.001 8.8809e+07 4.22398e+06 -0.0010056 0.00247425 -0.000326966 0.00253872 0.00974838 0.000349462 0.000190008 1.62824e-05 0.0872681 0.00164425 21.0578 8.65701 172.852 31.5068 2659.2 163.104 2853.11 178.638 2853.11 178.638 0.578469 0.0106761 
300 0.278 1481400000 891.789 27.6772 -87.7198 0.975831 8274.36 184.001 8.8809e+07 4.22398e+06 -0.0010056 0.00247124 -0.000326966 0.00253648 0.00974838 0.00034917 0.000190008 1.62824e-05 0.0872681 0.0016432 21.0578 8.64627 172.852 31.4305 2659.2 162.786 2853.11 178.638 2853.11 178.638 0.578469 0.0106807 
300 0.278 1483200000 891.789 27.6772 -87.7198 0.975831 8274.36 184.001 8.8809e+07 4.22398e+06 -0.0010056 0.00247817 -0.000326966 0.00253648 0.00974838 0.000352612 0.000190008 1.62824e-05 0.0872681 0.00165031 21.0578 8.63554 172.852 31.4305 2659.2 162.786 2853.11 178.638 2853.11 178.638 0.578469 0.0106807 
300 0.278 1485000000 891.789 27.6772 -87.7198 0.975831 8274.36 184.001 8.8809e+07 4.22398e+06 -0.0010056 0.00247836 -0.000326966 0.00253892 0.00974838 0.000352178 0.000190008 1.62824e-05 0.0872681 0.00164841 21.0578 8.62484 172.852 31.3545 2659.2 162.786 2853.11 178.638 2853.11 178.638 0.578469 0.0106807 
300 0.278 1486800000 891.789 27.6772 -87.7198 0.975831 8274.36 184.001 8.8809e+07 4.22398e+06 -0.0010056 0.00247529 -0.000326966 0.00253892 0.00974838 0.000351862 0.000190008 1.62824e-05 0.0872681 0.00164703 21.0578 8.61858 172.852 31.3545 2659.2 162.786 2853.11 178.638 2853.11 178.638 0.578469 0.0106807 
300 0.278 1488600000 891.789 27.6772 -87.7198 0.975831 8274.36 184.001 8.8809e+07 4.22398e+06 -0.0010056 0.00247224 -0.000326966 0.00253421 0.00974838 0.000351619 0.000190008 1.62824e-05 0.0872681 0.00164691 21.0578 8.60353 172.852 31.2793 2659.2 162.441 2853.11 178.829 2853.11 178.829 0.578469 0.010629 
300 0.278 1490400000 891.789 27.6772 -87.7198 0.975831 8274.36 184.001 8.8809e+07 4.22398e+06 -0.0010056 0.00246985 -0.000326966 0.00253421 0.00974838 0.00035125 0.000190008 1.62824e-05 0.0872681 0.00164509 21.0578 8.5929 172.852 31.2793 2659.2 162.441 2853.11 178.829 2853.11 178.829 0.578469 0.010629 
300 0.278 1492200000 891.789 27.6772 -87.7198 0.975831 8274.36 184.001 8.8809e+07 4.22398e+06 -0.0010056 0.002471 -0.000326966 0.00252906 0.00974838 0.000350849 0.000190008 1.62824e-05 0.0872681 0.00164346 21.0578 8.5823 172.852 31.2037 2659.2 162.441 2853.11 178.829 2853.11 178.829 0.578469 0.010629 
300 0.278 1494000000 891.789 27.6772 -87.7198 0.975831 8274.36 184.001 8.8809e+07 4.22398e+06 -0.0010056 0.00246846 -0.000326966 0.00252906 0.00974838 0.000350432 0.000190008 1.62824e-05 0.0872681 0.00164143 21.0578 8.57172 172.852 31.2037 2659.2 162.441 2853.11 178.829 2853.11 178.829 0.578469 0.010629 
300 0.278 1495800000 891.789 27.6772 -87.7198 0.975831 8274.36 184.001 8.8809e+07 4.22398e+06 -0.0010056 0.00247007 -0.000326966 0.00252408 0.00974838 0.000350063 0.000190008 1.62824e-05 0.0872681 0.00164 21.0578 8.56117 172.852 31.1284 2659.2 162.23 2853.11 178.829 2853.11 178.829 0.578469 0.0105965 
300 0.278 1497600000 891.789 27.6772 -87.7198 0.975831 8274.36 184.001 8.8809e+07 4.22398e+06 -0.0010056 0.00246782 -0.000326966 0.00252408 0.00974838 0.000349736 0.000190008 1.62824e-05 0.0872681 0.00163849 21.0578 8.55066 172.852 31.1284 2659.2 162.23 2853.11 178.829 2853.11 178.829 0.578469 0.0105965 
300 0.278 1499400000 891.789 27.6772 -87.7198 0.975831 8274.36 184.001 8.8809e+07 4.22398e+06 -0.0010056 0.00246481 -0.000326966 0.00251891 0.00974838 0.000349461 0.000190008 1.62824e-05 0.0872681 0.00163761 21.0578 8.54018 172.852 31.0541 2659.2 162.23 2853.11 178.829 2853.11 178.829 0.578469 0.0105965 
300 0.278 1501200000 891.789 27.6772 -87.7198 0.975831 8274.36 184.001 8.8809e+07 4.22398e+06 -0.0010056 0.00246236 -0.000326966 0.00251891 0.00974838 0.00034917 0.000190008 1.62824e-05 0.0872681 0.00163648 21.0578 8.53438 172.852 31.0541 2659.2 162.23 2853.11 178.829 2853.11 178.829 0.578469 0.0105965 
300 0.278 1503000000 891.789 27.6772 -87.7198 0.975831 8274.36 184.001 8.8809e+07 4.22398e+06 -0.0010056 0.00246091 -0.000326966 0.00251783 0.00974838 0.000349018 0.000190008 1.62824e-05 0.0872681 0.00163601 21.0578 8.51927 172.852 30.98 2659.2 161.909 2853.11 177.076 2853.11 177.076 0.578469 0.0105586 
300 0.278 1504800000 891.789 27.6772 -87.7198 0.975831 8274.36 184.001 8.8809e+07 4.22398e+06 -0.0010056 0.00245808 -0.000326966 0.00251783 0.00974838 0.000348631 0.000190008 1.62824e-05 0.0872681 0.00163408 21.0578 8.50886 172.852 30.98 2659.2 161.909 2853.11 177.076 2853.11 177.076 0.578469 0.0105586 
300 0.278 1506600000 891.789 27.6772 -87.7198 0.975831 8274.36 184.001 8.8809e+07 4.22398e+06 -0.0010056 0.00245626 -0.000326966 0.00251672 0.00974838 0.000348217 0.000190008 1.62824e-05 0.0872681 0.00163209 21.0578 8.49846 172.852 30.9062 2659.2 161.909 2853.11 177.076 2853.11 177.076 0.578469 0.0105586 
300 0.278 1508400000 891.789 27.6772 -87.7198 0.975831 8274.36 184.001 8.8809e+07 4.22398e+06 -0.0010056 0.00245341 -0.000326966 0.00251672 0.00974838 0.000347961 0.000190008 1.62824e-05 0.0872681 0.00163151 21.0578 8.48811 172.852 30.9062 2659.2 161.909 2853.11 177.076 2853.11 177.076 0.578469 0.0105586 
300 0.278 1510200000 891.789 27.6772 -87.7198 0.975831 8274.36 184.001 8.8809e+07 4.22398e+06 -0.0010056 0.00245065 -0.000326966 0.00251224 0.00974838 0.000347622 0.000190008 1.62824e-05 0.0872681 0.00162988 21.0578 8.47777 172.852 30.833 2659.2 161.128 2853.11 177.076 2853.11 177.076 0.578469 0.0105081 
300 0.278 1512000000 891.789 27.6772 -87.7198 0.975831 8274.36 184.001 8.8809e+07 4.22398e+06 -0.0010056 0.00244773 -0.000326966 0.00251224 0.00974838 0.000347392 0.000190008 1.62824e-05 0.0872681 0.00162997 21.0578 8.46745 172.852 30.833 2659.2 161.128 2853.11 177.076 2853.11 177.076 0.578469 0.0105081 
300 0.278 1513800000 891.789 27.6772 -87.7198 0.975831 8274.36 184.001 8.8809e+07 4.22398e+06 -0.0010056 0.00244476 -0.000326966 0.00250638 0.00974838 0.000347171 0.000190008 1.62824e-05 0.0872681 0.00163054 21.0578 8.45717 172.852 30.7591 2659.2 161.128 2853.11 177.076 2853.11 177.076 0.578469 0.0105081 
300 0.278 1515600000 891.789 27.6772 -87.7198 0.975831 8274.36 184.001 8.8809e+07 4.22398e+06 -0.0010056 0.00244192 -0.000326966 0.00250638 0.00974838 0.000346939 0.000190008 1.62824e-05 0.0872681 0.00163055 21.0578 8.45109 172.852 30.7591 2659.2 161.128 2853.11 177.076 2853.11 177.076 0.578469 0.0105081 
300 0.278 1517400000 891.789 27.6772 -87.7198 0.975831 8274.36 184.001 8.8809e+07 4.22398e+06 -0.0010056 0.00244155 -0.000326966 0.00250033 0.00974838 0.000346521 0.000190008 1.62824e-05 0.0872681 0.00162858 21.0578 8.43667 172.852 30.6865 2659.2 160.676 2853.11 175.873 2853.11 175.873 0.578469 0.0104625 
300 0.278 1519200000 891.789 27.6772 -87.7198 0.975831 8274.36 184.001 8.8809e+07 4.22398e+06 -0.0010056 0.00243869 -0.000326966 0.00250033 0.00974838 0.000346102 0.000190008 1.62824e-05 0.0872681 0.00162664 21.0578 8.42646 172.852 30.6865 2659.2 160.676 2853.11 175.873 2853.11 175.873 0.578469 0.0104625 
300 0.278 1521000000 891.789 27.6772 -87.7198 0.975831 8274.36 184.001 8.8809e+07 4.22398e+06 -0.0010056 0.00243717 -0.000326966 0.00249427 0.00974838 0.0003457 0.000190008 1.62824e-05 0.0872681 0.00162495 21.0578 8.41627 172.852 30.6143 2659.2 160.676 2853.11 175.873 2853.11 175.873 0.578469 0.0104625 
300 0.278 1522800000 891.789 27.6772 -87.7198 0.975831 8274.36 184.001 8.8809e+07 4.22398e+06 -0.0010056 0.00244149 -0.000326966 0.00249427 0.00974838 0.000345988 0.000190008 1.62824e-05 0.0872681 0.00162586 21.0578 8.4061 172.852 30.6143 2659.2 160.676 2853.11 175.873 2853.11 175.873 0.578469 0.0104625 
300 0.278 1524600000 891.789 27.6772 -87.7198 0.975831 8274.36 184.001 8.8809e+07 4.22398e+06 -0.0010056 0.0024409 -0.000326966 0.00248876 0.00974838 0.000345577 0.000190008 1.62824e-05 0.0872681 0.0016239 21.0578 8.39627 172.852 30.5424 2659.2 159.927 2853.11 175.873 2853.11 175.873 0.578469 0.0104364 
300 0.278 1526400000 891.789 27.6772 -87.7198 0.975831 8274.36 184.001 8.8809e+07 4.22398e+06 -0.0010056 0.00243932 -0.000326966 0.00248876 0.00974838 0.000345203 0.000190008 1.62824e-05 0.0872681 0.00162204 21.0578 8.39627 172.852 30.5424 2659.2 159.927 2853.11 175.873 2853.11 175.873 0.578469 0.0104364 
300 0.278 1528200000 891.789 27.6772 -87.7198 0.975831 8274.36 184.001 8.8809e+07 4.22398e+06 -0.0010056 0.00244061 -0.000326966 0.00248538 0.00974838 0.00034557 0.000190008 1.62824e-05 0.0872681 0.00162317 21.0578 8.39627 172.852 30.4708 2659.2 159.927 2853.11 175.873 2853.11 175.873 0.578469 0.0104364 
300 0.278 1530000000 891.789 27.6772 -87.7198 0.975831 8274.36 184.001 8.8809e+07 4.22398e+06 -0.0010056 0.00243809 -0.000326966 0.00248538 0.00974838 0.000345155 0.000190008 1.62824e-05 0.0872681 0.00162125 21.0578 8.39627 172.852 30.4708 2659.2 159.927 2853.11 175.873 2853.11 175.873 0.578469 0.0104364 
300 0.278 1531800000 884.976 26.6172 -87.8408 0.908241 8295.99 171.113 8.89385e+07 3.90104e+06 0.00058859 0.00243544 0.000801729 0.00248467 0.00991756 0.000344847 0.000197299 1.62824e-05 0.0879456 0.00161986 20.1716 8.35565 162.875 30.3983 2587.76 159.378 2770.81 174.643 2770.81 174.643 0.575657 0.0103928 
300 0.278 1533600000 884.976 26.6172 -87.8408 0.908241 8295.99 171.113 8.89385e+07 3.90104e+06 0.00058859 0.00243432 0.000801729 0.00248467 0.00991756 0.000344439 0.000197299 1.62824e-05 0.0879456 0.00161792 20.1716 8.34564 162.875 30.3983 2587.76 159.378 2770.81 174.643 2770.81 174.643 0.575657 0.0103928 
300 0.278 1535400000 884.976 26.6172 -87.8408 0.908241 8295.99 171.113 8.89385e+07 3.90104e+06 0.00058859 0.00243154 0.000801729 0.00247882 0.00991756 0.000344184 0.000197299 1.62824e-05 0.0879456 0.00161725 20.1716 8.88389 162.875 31.043 2587.76 159.378 2770.81 174.643 2770.81 174.643 0.575657 0.0103928 
300 0.278 1537200000 884.976 26.6172 -87.8408 0.908241 8295.99 171.113 8.89385e+07 3.90104e+06 0.00058859 0.00242868 0.000801729 0.00247882 0.00991756 0.000343921 0.000197299 1.62824e-05 0.0879456 0.0016164 20.1716 8.87326 162.875 31.043 2587.76 159.378 2770.81 174.643 2770.81 174.643 0.575657 0.0103928 
300 0.278 1539000000 884.976 26.6172 -87.8408 0.908241 8295.99 171.113 8.89385e+07 3.90104e+06 0.00058859 0.00242597 0.000801729 0.00247302 0.00991756 0.000343578 0.000197299 1.62824e-05 0.0879456 0.00161471 20.1716 8.86268 162.875 30.9705 2587.76 160.061 2770.81 175.023 2770.81 175.023 0.575657 0.0103531 
300 0.278 1540800000 884.976 26.6172 -87.8408 0.908241 8295.99 171.113 8.89385e+07 3.90104e+06 0.00058859 0.00242338 0.000801729 0.00247302 0.00991756 0.000346364 0.000197299 1.62824e-05 0.0879456 0.00162071 20.1716 8.85211 162.875 30.9705 2587.76 160.061 2770.81 175.023 2770.81 175.023 0.575657 0.0103531 
300 0.278 1542600000 884.976 26.6172 -87.8408 0.908241 8295.99 171.113 8.89385e+07 3.90104e+06 0.00058859 0.00242078 0.000801729 0.00246755 0.00991756 0.00034894 0.000197299 1.62824e-05 0.0879456 0.00162945 20.1716 8.84156 162.875 30.8986 2587.76 160.061 2770.81 175.023 2770.81 175.023 0.575657 0.0103531 
300 0.278 1544400000 884.976 26.6172 -87.8408 0.908241 8295.99 171.113 8.89385e+07 3.90104e+06 0.00058859 0.00241945 0.000801729 0.00246755 0.00991756 0.00034894 0.000197299 1.62824e-05 0.0879456 0.00162945 20.1716 8.83103 162.875 30.8986 2587.76 160.061 2770.81 175.023 2770.81 175.023 0.575657 0.0103531 
300 0.278 1546200000 884.976 26.6172 -87.8408 0.908241 8295.99 171.113 8.89385e+07 3.90104e+06 0.00058859 0.00241661 0.000801729 0.00246416 0.00991756 0.000348315 0.000197299 1.62824e-05 0.0879456 0.00162625 20.1716 8.82054 162.875 30.8271 2587.76 159.738 2770.81 174.645 2770.81 174.645 0.575657 0.0103239 
300 0.278 1548000000 884.976 26.6172 -87.8408 0.908241 8295.99 171.113 8.89385e+07 3.90104e+06 0.00058859 0.00241504 0.000801729 0.00246416 0.00991756 0.000348315 0.000197299 1.62824e-05 0.0879456 0.00162625 20.1716 8.81007 162.875 30.8271 2587.76 159.738 2770.81 174.645 2770.81 174.645 0.575657 0.0103239 
300 0.278 1549800000 884.976 26.6172 -87.8408 0.908241 8295.99 171.113 8.89385e+07 3.90104e+06 0.00058859 0.00241218 0.000801729 0.00246441 0.00991756 0.000347523 0.000197299 1.62824e-05 0.0879456 0.00162239 20.1716 8.79962 162.875 30.7554 2587.76 159.738 2770.81 174.645 2770.81 174.645 0.575657 0.0103239 
300 0.278 1551600000 884.976 26.6172 -87.8408 0.908241 8295.99 171.113 8.89385e+07 3.90104e+06 0.00058859 0.00240958 0.000801729 0.00246441 0.00991756 0.000347523 0.000197299 1.62824e-05 0.0879456 0.00162239 20.1716 8.7892 162.875 30.7554 2587.76 159.738 2770.81 174.645 2770.81 174.645 0.575657 0.0103239 
300 0.278 1553400000 884.976 26.6172 -87.8408 0.908241 8295.99 171.113 8.89385e+07 3.90104e+06 0.00058859 0.00240705 0.000801729 0.00245892 0.00991756 0.000347118 0.000197299 1.62824e-05 0.0879456 0.00162102 20.1716 8.77881 162.875 30.684 2587.76 159.416 2770.81 174.263 2770.81 174.263 0.575657 0.0103588 
300 0.278 1555200000 884.976 26.6172 -87.8408 0.908241 8295.99 171.113 8.89385e+07 3.90104e+06 0.00058859 0.00240436 0.000801729 0.00245892 0.00991756 0.000347118 0.000197299 1.62824e-05 0.0879456 0.00162102 20.1716 8.76844 162.875 30.684 2587.76 159.416 2770.81 174.263 2770.81 174.263 0.575657 0.0103588 
300 0.278 1557000000 884.976 26.6172 -87.8408 0.908241 8295.99 171.113 8.89385e+07 3.90104e+06 0.00058859 0.00240153 0.000801729 0.00245552 0.00991756 0.000346729 0.000197299 1.62824e-05 0.0879456 0.00161968 20.1716 8.75811 162.875 30.6135 2587.76 159.416 2770.81 174.263 2770.81 174.263 0.575657 0.0103588 
300 0.278 1558800000 884.976 26.6172 -87.8408 0.908241 8295.99 171.113 8.89385e+07 3.90104e+06 0.00058859 0.00239947 0.000801729 0.00245552 0.00991756 0.000346729 0.000197299 1.62824e-05 0.0879456 0.00161968 20.1716 8.74777 162.875 30.6135 2587.76 159.416 2770.81 174.263 2770.81 174.263 0.575657 0.0103588 
300 0.278 1560600000 884.976 26.6172 -87.8408 0.908241 8295.99 171.113 8.89385e+07 3.90104e+06 0.00058859 0.00240261 0.000801729 0.0024504 0.00991756 0.000346013 0.000197299 1.62824e-05 0.0879456 0.00161678 20.1716 8.73748 162.875 30.5434 2587.76 159.083 2770.81 174.049 2770.81 174.049 0.575657 0.0103152 
300 0.278 1562400000 884.976 26.6172 -87.8408 0.908241 8295.99 171.113 8.89385e+07 3.90104e+06 0.00058859 0.00240009 0.000801729 0.0024504 0.00991756 0.000346013 0.000197299 1.62824e-05 0.0879456 0.00161678 20.1716 8.7272 162.875 30.5434 2587.76 159.083 2770.81 174.049 2770.81 174.049 0.575657 0.0103152 
300 0.278 1564200000 884.976 26.6172 -87.8408 0.908241 8295.99 171.113 8.89385e+07 3.90104e+06 0.00058859 0.00239727 0.000801729 0.00245673 0.00991756 0.000345217 0.000197299 1.62824e-05 0.0879456 0.00161346 20.1716 8.71695 162.875 30.4731 2587.76 159.083 2770.81 174.049 2770.81 174.049 0.575657 0.0103152 
300 0.278 1566000000 884.976 26.6172 -87.8408 0.908241 8295.99 171.113 8.89385e+07 3.90104e+06 0.00058859 0.00239525 0.000801729 0.00245673 0.00991756 0.000345217 0.000197299 1.62824e-05 0.0879456 0.00161346 20.1716 8.70671 162.875 30.4731 2587.76 159.083 2770.81 174.049 2770.81 174.049 0.575657 0.0103152 
300 0.278 1567800000 884.976 26.6172 -87.8408 0.908241 8295.99 171.113 8.89385e+07 3.90104e+06 0.00058859 0.00239245 0.000801729 0.002451 0.00991756 0.000344662 0.000197299 1.62824e-05 0.0879456 0.00161069 20.1716 8.69651 162.875 30.4034 2587.76 158.397 2770.81 174.049 2770.81 174.049 0.575657 0.0102681 
300 0.278 1569600000 884.976 26.6172 -87.8408 0.908241 8295.99 171.113 8.89385e+07 3.90104e+06 0.00058859 0.00239199 0.000801729 0.002451 0.00991756 0.000344662 0.000197299 1.62824e-05 0.0879456 0.00161069 20.1716 8.68633 162.875 30.4034 2587.76 158.397 2770.81 174.049 2770.81 174.049 0.575657 0.0102681 
300 0.278 1571400000 884.976 26.6172 -87.8408 0.908241 8295.99 171.113 8.89385e+07 3.90104e+06 0.00058859 0.00239319 0.000801729 0.00244744 0.00991756 0.000343959 0.000197299 1.62824e-05 0.0879456 0.00160829 20.1716 8.67618 162.875 30.3341 2587.76 158.397 2770.81 174.049 2770.81 174.049 0.575657 0.0102681 
300 0.278 1573200000 884.976 26.6172 -87.8408 0.908241 8295.99 171.113 8.89385e+07 3.90104e+06 0.00058859 0.0023904 0.000801729 0.00244744 0.00991756 0.000343959 0.000197299 1.62824e-05 0.0879456 0.00160829 20.1716 8.66605 162.875 30.3341 2587.76 158.397 2770.81 174.049 2770.81 174.049 0.575657 0.0102681 
300 0.278 1575000000 884.976 26.6172 -87.8408 0.908241 8295.99 171.113 8.89385e+07 3.90104e+06 0.00058859 0.00238796 0.000801729 0.00244198 0.00991756 0.000343546 0.000197299 1.62824e-05 0.0879456 0.00160701 20.1716 8.65594 162.875 30.265 2587.76 158.08 2770.81 173.294 2770.81 173.294 0.575657 0.0102572 
300 0.278 1576800000 884.976 26.6172 -87.8408 0.908241 8295.99 171.113 8.89385e+07 3.90104e+06 0.00058859 0.00238518 0.000801729 0.00244198 0.00991756 0.000343546 0.000197299 1.62824e-05 0.0879456 0.00160701 20.1716 8.64586 162.875 30.265 2587.76 158.08 2770.81 173.294 2770.81 173.294 0.575657 0.0102572 
300 0.278 1578600000 884.976 26.6172 -87.8408 0.908241 8295.99 171.113 8.89385e+07 3.90104e+06 0.00058859 0.00238269 0.000801729 0.00243682 0.00991756 0.000343252 0.000197299 1.62824e-05 0.0879456 0.00160675 20.1716 8.63581 162.875 30.196 2587.76 158.08 2770.81 173.294 2770.81 173.294 0.575657 0.0102572 
300 0.278 1580400000 884.976 26.6172 -87.8408 0.908241 8295.99 171.113 8.89385e+07 3.90104e+06 0.00058859 0.00238064 0.000801729 0.00243682 0.00991756 0.000343252 0.000197299 1.62824e-05 0.0879456 0.00160675 20.1716 8.62577 162.875 30.196 2587.76 158.08 2770.81 173.294 2770.81 173.294 0.575657 0.0102572 
300 0.278 1582200000 884.976 26.6172 -87.8408 0.908241 8295.99 171.113 8.89385e+07 3.90104e+06 0.00058859 0.00237815 0.000801729 0.0024336 0.00991756 0.000342731 0.000197299 1.62824e-05 0.0879456 0.00160416 20.1716 8.61574 162.875 30.1275 2587.76 157.354 2770.81 173.294 2770.81 173.294 0.575657 0.0102096 
300 0.278 1584000000 884.976 26.6172 -87.8408 0.908241 8295.99 171.113 8.89385e+07 3.90104e+06 0.00058859 0.00237729 0.000801729 0.0024336 0.00991756 0.000342731 0.000197299 1.62824e-05 0.0879456 0.00160416 20.1716 8.60574 162.875 30.1275 2587.76 157.354 2770.81 173.294 2770.81 173.294 0.575657 0.0102096 
300 0.278 1585800000 884.976 26.6172 -87.8408 0.908241 8295.99 171.113 8.89385e+07 3.90104e+06 0.00058859 0.00237792 0.000801729 0.00243379 0.00991756 0.0003422 0.000197299 1.62824e-05 0.0879456 0.00160232 20.1716 8.59577 162.875 30.0594 2587.76 157.354 2770.81 173.294 2770.81 173.294 0.575657 0.0102096 
300 0.278 1587600000 884.976 26.6172 -87.8408 0.908241 8295.99 171.113 8.89385e+07 3.90104e+06 0.00058859 0.00237647 0.000801729 0.00243379 0.00991756 0.0003422 0.000197299 1.62824e-05 0.0879456 0.00160232 20.1716 8.58582 162.875 30.0594 2587.76 157.354 2770.81 173.294 2770.81 173.294 0.575657 0.0102096 
300 0.278 1589400000 884.976 25.6403 -87.8408 0.908241 8295.99 171.113 8.89385e+07 3.90104e+06 0.00058859 0.00237376 0.000801729 0.00243056 0.00991756 0.00034145 0.000197299 1.62824e-05 0.0879456 0.00159927 20.1716 8.57589 162.875 29.9915 2587.76 157.039 2770.81 172.046 2770.81 172.046 0.575657 0.0102328 
300 0.278 1591200000 884.976 25.6403 -87.8408 0.908241 8295.99 171.113 8.89385e+07 3.90104e+06 0.00058859 0.00237819 0.000801729 0.00243056 0.00991756 0.00034145 0.000197299 1.62824e-05 0.0879456 0.00159927 20.1716 8.56598 162.875 29.9915 2587.76 157.039 2770.81 172.046 2770.81 172.046 0.575657 0.0102328 
300 0.278 1593000000 884.976 25.6403 -87.8408 0.908241 8295.99 171.113 8.89385e+07 3.90104e+06 0.00058859 0.0023755 0.000801729 0.00243356 0.00991756 0.000341866 0.000197299 1.62824e-05 0.0879456 0.00159811 20.1716 8.5561 162.875 29.9239 2587.76 157.039 2770.81 172.046 2770.81 172.046 0.575657 0.0102328 
300 0.278 1594800000 884.976 25.6403 -87.8408 0.908241 8295.99 171.113 8.89385e+07 3.90104e+06 0.00058859 0.00237283 0.000801729 0.00243356 0.00991756 0.000341866 0.000197299 1.62824e-05 0.0879456 0.00159811 20.1716 8.54625 162.875 29.9239 2587.76 157.039 2770.81 172.046 2770.81 172.046 0.575657 0.0102328 
300 0.278 1596600000 884.976 25.6403 -87.8408 0.908241 8295.99 171.113 8.89385e+07 3.90104e+06 0.00058859 0.00237021 0.000801729 0.00242909 0.00991756 0.000341448 0.000197299 1.62824e-05 0.0879456 0.00159722 20.1716 8.53642 162.875 29.8565 2587.76 156.501 2770.81 172.046 2770.81 172.046 0.575657 0.0101862 
300 0.278 1598400000 884.976 25.6403 -87.8408 0.908241 8295.99 171.113 8.89385e+07 3.90104e+06 0.00058859 0.00236966 0.000801729 0.00242909 0.00991756 0.000341448 0.000197299 1.62824e-05 0.0879456 0.00159722 20.1716 8.52661 162.875 29.8565 2587.76 156.501 2770.81 172.046 2770.81 172.046 0.575657 0.0101862 
300 0.278 1600200000 884.976 25.6403 -87.8408 0.908241 8295.99 171.113 8.89385e+07 3.90104e+06 0.00058859 0.00236768 0.000801729 0.00242557 0.00991756 0.00034072 0.000197299 1.62824e-05 0.0879456 0.00159357 20.1716 8.51681 162.875 29.7888 2587.76 156.501 2770.81 172.046 2770.81 172.046 0.575657 0.0101862 
300 0.278 1602000000 884.976 25.6403 -87.8408 0.908241 8295.99 171.113 8.89385e+07 3.90104e+06 0.00058859 0.00236504 0.000801729 0.00242557 0.00991756 0.00034072 0.000197299 1.62824e-05 0.0879456 0.00159357 20.1716 8.50704 162.875 29.7888 2587.76 156.501 2770.81 172.046 2770.81 172.046 0.575657 0.0101862 
300 0.278 1603800000 884.976 25.6403 -87.8408 0.908241 8295.99 171.113 8.89385e+07 3.90104e+06 0.00058859 0.00236255 0.000801729 0.00242017 0.00991756 0.000340086 0.000197299 1.62824e-05 0.0879456 0.00159028 20.1716 8.49728 162.875 29.7215 2587.76 155.786 2770.81 170.644 2770.81 170.644 0.575657 0.0101488 
300 0.278 1605600000 884.976 25.6403 -87.8408 0.908241 8295.99 171.113 8.89385e+07 3.90104e+06 0.00058859 0.00236025 0.000801729 0.00242017 0.00991756 0.000340086 0.000197299 1.62824e-05 0.0879456 0.00159028 20.1716 8.48758 162.875 29.7215 2587.76 155.786 2770.81 170.644 2770.81 170.644 0.575657 0.0101488 
300 0.278 1607400000 884.976 25.6403 -87.8408 0.908241 8295.99 171.113 8.89385e+07 3.90104e+06 0.00058859 0.00236075 0.000801729 0.00241936 0.00991756 0.00033933 0.000197299 1.62824e-05 0.0879456 0.00158684 20.1716 8.47787 162.875 29.6549 2587.76 155.786 2770.81 170.644 2770.81 170.644 0.575657 0.0101488 
300 0.278 1609200000 884.976 25.6403 -87.8408 0.908241 8295.99 171.113 8.89385e+07 3.90104e+06 0.00058859 0.00236243 0.000801729 0.00241936 0.00991756 0.00033933 0.000197299 1.62824e-05 0.0879456 0.00158684 20.1716 8.46821 162.875 29.6549 2587.76 155.786 2770.81 170.644 2770.81 170.644 0.575657 0.0101488 
300 0.278 1611000000 884.976 25.6403 -87.8408 0.908241 8295.99 171.113 8.89385e+07 3.90104e+06 0.00058859 0.00236296 0.000801729 0.00242391 0.00991756 0.000340495 0.000197299 1.62824e-05 0.0879456 0.00159078 20.1716 8.45856 162.875 29.589 2587.76 155.225 2770.81 170.644 2770.81 170.644 0.575657 0.0101094 
300 0.278 1612800000 884.976 25.6403 -87.8408 0.908241 8295.99 171.113 8.89385e+07 3.90104e+06 0.00058859 0.00236064 0.000801729 0.00242391 0.00991756 0.000340495 0.000197299 1.62824e-05 0.0879456 0.00159078 20.1716 8.44894 162.875 29.589 2587.76 155.225 2770.81 170.644 2770.81 170.644 0.575657 0.0101094 
300 0.278 1614600000 884.976 25.6403 -87.8408 0.908241 8295.99 171.113 8.89385e+07 3.90104e+06 0.00058859 0.00235857 0.000801729 0.0024188 0.00991756 0.000340175 0.000197299 1.62824e-05 0.0879456 0.00158994 20.1716 8.43932 162.875 29.5233 2587.76 155.225 2770.81 170.644 2770.81 170.644 0.575657 0.0101094 
300 0.278 1616400000 884.976 25.6403 -87.8408 0.908241 8295.99 171.113 8.89385e+07 3.90104e+06 0.00058859 0.00235647 0.000801729 0.0024188 0.00991756 0.000340175 0.000197299 1.62824e-05 0.0879456 0.00158994 20.1716 8.42974 162.875 29.5233 2587.76 155.225 2770.81 170.644 2770.81 170.644 0.575657 0.0101094 
300 0.278 1618200000 884.976 25.6403 -87.8408 0.908241 8295.99 171.113 8.89385e+07 3.90104e+06 0.00058859 0.00235406 0.000801729 0.00241578 0.00991756 0.000339672 0.000197299 1.62824e-05 0.0879456 0.00158747 20.1716 8.42018 162.875 29.4579 2587.76 154.915 2770.81 169.194 2770.81 169.194 0.575657 0.0100889 
300 0.278 1620000000 884.976 25.6403 -87.8408 0.908241 8295.99 171.113 8.89385e+07 3.90104e+06 0.00058859 0.0023515 0.000801729 0.00241578 0.00991756 0.000339672 0.000197299 1.62824e-05 0.0879456 0.00158747 20.1716 8.41063 162.875 29.4579 2587.76 154.915 2770.81 169.194 2770.81 169.194 0.575657 0.0100889 
300 0.278 1621800000 884.976 25.6403 -87.8408 0.908241 8295.99 171.113 8.89385e+07 3.90104e+06 0.00058859 0.00234892 0.000801729 0.00241611 0.00991756 0.000339022 0.000197299 1.62824e-05 0.0879456 0.00158409 20.1716 8.40112 162.875 29.3926 2587.76 154.915 2770.81 169.194 2770.81 169.194 0.575657 0.0100889 
300 0.278 1623600000 884.976 25.6403 -87.8408 0.908241 8295.99 171.113 8.89385e+07 3.90104e+06 0.00058859 0.00234627 0.000801729 0.00241611 0.00991756 0.000339022 0.000197299 1.62824e-05 0.0879456 0.00158409 20.1716 8.39161 162.875 29.3926 2587.76 154.915 2770.81 169.194 2770.81 169.194 0.575657 0.0100889 
300 0.278 1625400000 884.976 25.6403 -87.8408 0.908241 8295.99 171.113 8.89385e+07 3.90104e+06 0.00058859 0.00234474 0.000801729 0.00241902 0.00991756 0.000338276 0.000197299 1.62824e-05 0.0879456 0.00158051 20.1716 8.38214 162.875 29.3276 2587.76 154.404 2770.81 169.186 2770.81 169.186 0.575657 0.0100635 
300 0.278 1627200000 884.976 25.6403 -87.8408 0.908241 8295.99 171.113 8.89385e+07 3.90104e+06 0.00058859 0.00234973 0.000801729 0.00241902 0.00991756 0.000338986 0.000197299 1.62824e-05 0.0879456 0.00158051 20.1716 8.3727 162.875 29.3276 2587.76 154.404 2770.81 169.186 2770.81 169.186 0.575657 0.0100635 
300 0.278 1629000000 884.976 25.6403 -87.8408 0.908241 8295.99 171.113 8.89385e+07 3.90104e+06 0.00058859 0.00235173 0.000801729 0.00242726 0.00991756 0.000343485 0.000197299 1.62824e-05 0.0879456 0.00159454 20.1716 8.36327 162.875 29.2633 2587.76 154.404 2770.81 169.186 2770.81 169.186 0.575657 0.0100635 
300 0.278 1630800000 884.976 25.6403 -87.8408 0.908241 8295.99 171.113 8.89385e+07 3.90104e+06 0.00058859 0.00235158 0.000801729 0.00242726 0.00991756 0.000343485 0.000197299 1.62824e-05 0.0879456 0.00159454 20.1716 8.35385 162.875 29.2633 2587.76 154.404 2770.81 169.186 2770.81 169.186 0.575657 0.0100635 
300 0.278 1632600000 884.976 25.6403 -87.8408 0.908241 8295.99 171.113 8.89385e+07 3.90104e+06 0.00058859 0.00235706 0.000801729 0.00242922 0.00991756 0.00034484 0.000197299 1.62824e-05 0.0879456 0.00159964 20.1716 8.34446 162.875 29.1988 2587.76 153.711 2770.81 167.945 2770.81 167.945 0.575657 0.0100229 
300 0.278 1634400000 884.976 25.6403 -87.8408 0.908241 8295.99 171.113 8.89385e+07 3.90104e+06 0.00058859 0.00235535 0.000801729 0.00242922 0.00991756 0.00034484 0.000197299 1.62824e-05 0.0879456 0.00159964 20.1716 8.3351 162.875 29.1988 2587.76 153.711 2770.81 167.945 2770.81 167.945 0.575657 0.0100229 
300 0.278 1636200000 884.976 25.6403 -87.8408 0.908241 8295.99 171.113 8.89385e+07 3.90104e+06 0.00058859 0.0023576 0.000801729 0.00242666 0.00991756 0.000344207 0.000197299 1.62824e-05 0.0879456 0.00159748 20.1716 8.32574 162.875 29.135 2587.76 153.711 2770.81 167.945 2770.81 167.945 0.575657 0.0100229 
300 0.278 1638000000 884.976 25.6403 -87.8408 0.908241 8295.99 171.113 8.89385e+07 3.90104e+06 0.00058859 0.00235635 0.000801729 0.00242666 0.00991756 0.000344207 0.000197299 1.62824e-05 0.0879456 0.00159748 20.1716 8.31642 162.875 29.135 2587.76 153.711 2770.81 167.945 2770.81 167.945 0.575657 0.0100229 
300 0.278 1639800000 884.976 25.6403 -87.8408 0.908241 8295.99 171.113 8.89385e+07 3.90104e+06 0.00058859 0.00235375 0.000801729 0.00242232 0.00991756 0.000343716 0.000197299 1.62824e-05 0.0879456 0.00159535 20.1716 8.30711 162.875 29.0715 2587.76 153.409 2770.81 167.945 2770.81 167.945 0.575657 0.00998738 
300 0.278 1641600000 884.976 25.6403 -87.8408 0.908241 8295.99 171.113 8.89385e+07 3.90104e+06 0.00058859 0.00235146 0.000801729 0.00242232 0.00991756 0.000343716 0.000197299 1.62824e-05 0.0879456 0.00159535 20.1716 8.29782 162.875 29.0715 2587.76 153.409 2770.81 167.945 2770.81 167.945 0.575657 0.00998738 
300 0.278 1643400000 884.976 25.6403 -87.8408 0.908241 8295.99 171.113 8.89385e+07 3.90104e+06 0.00058859 0.00234884 0.000801729 0.00241691 0.00991756 0.000343465 0.000197299 1.62824e-05 0.0879456 0.00159561 20.1716 8.28855 162.875 29.0081 2587.76 153.409 2770.81 167.945 2770.81 167.945 0.575657 0.00998738 
300 0.278 1645200000 884.976 25.6403 -87.8408 0.908241 8295.99 171.113 8.89385e+07 3.90104e+06 0.00058859 0.00234629 0.000801729 0.00241691 0.00991756 0.000343465 0.000197299 1.62824e-05 0.0879456 0.00159561 20.1716 8.27931 162.875 29.0081 2587.76 153.409 2770.81 167.945 2770.81 167.945 0.575657 0.00998738 
300 0.278 1647000000 879.391 25.4811 -87.8295 0.873179 8305.46 163.376 8.97463e+07 3.79806e+06 0.000177658 0.00234375 0.000503611 0.00241839 0.00994572 0.000342742 0.000200835 1.71831e-05 0.0879681 0.00159207 22.2573 8.27009 159.79 28.9444 2512.31 179.573 2694.36 193.597 2694.36 193.597 0.570707 0.010315 
300 0.278 1648800000 879.391 25.4811 -87.8295 0.873179 8305.46 163.376 8.97463e+07 3.79806e+06 0.000177658 0.00234203 0.000503611 0.00241839 0.00994572 0.000342742 0.000200835 1.71831e-05 0.0879681 0.00159207 22.2573 8.26089 159.79 28.9444 2512.31 179.573 2694.36 193.597 2694.36 193.597 0.570707 0.010315 
300 0.278 1650600000 879.391 25.4811 -87.8295 0.873179 8305.46 163.376 8.97463e+07 3.79806e+06 0.000177658 0.00233967 0.000503611 0.00241442 0.00994572 0.00034227 0.000200835 1.71831e-05 0.0879681 0.00158979 22.2573 8.25171 159.79 28.8815 2512.31 179.573 2694.36 193.597 2694.36 193.597 0.570707 0.010315 
300 0.278 1652400000 879.391 25.4811 -87.8295 0.873179 8305.46 163.376 8.97463e+07 3.79806e+06 0.000177658 0.00234241 0.000503611 0.00241442 0.00994572 0.00034227 0.000200835 1.71831e-05 0.0879681 0.00158979 22.2573 8.24253 159.79 28.8815 2512.31 179.573 2694.36 193.597 2694.36 193.597 0.570707 0.010315 
300 0.278 1654200000 879.391 25.4811 -87.8295 0.873179 8305.46 163.376 8.97463e+07 3.79806e+06 0.000177658 0.00234035 0.000503611 0.00240984 0.00994572 0.000341548 0.000200835 1.71831e-05 0.0879681 0.00158664 22.2573 8.23339 159.79 28.819 2512.31 179.573 2694.36 193.597 2694.36 193.597 0.570707 0.010315 
300 0.278 1656000000 879.391 25.4811 -87.8295 0.873179 8305.46 163.376 8.97463e+07 3.79806e+06 0.000177658 0.00233962 0.000503611 0.00240984 0.00994572 0.000341548 0.000200835 1.71831e-05 0.0879681 0.00158664 22.2573 8.22425 159.79 28.819 2512.31 179.573 2694.36 193.597 2694.36 193.597 0.570707 0.010315 
300 0.278 1657800000 879.391 25.4811 -87.8295 0.873179 8305.46 163.376 8.97463e+07 3.79806e+06 0.000177658 0.00234067 0.000503611 0.00240563 0.00994572 0.00034083 0.000200835 1.71831e-05 0.0879681 0.00158377 22.2573 8.21514 159.79 28.7557 2512.31 179.573 2694.36 193.597 2694.36 193.597 0.570707 0.010315 
300 0.278 1659600000 879.391 25.4811 -87.8295 0.873179 8305.46 163.376 8.97463e+07 3.79806e+06 0.000177658 0.002339 0.000503611 0.00240563 0.00994572 0.00034083 0.000200835 1.71831e-05 0.0879681 0.00158377 22.2573 8.20606 159.79 28.7557 2512.31 179.573 2694.36 193.597 2694.36 193.597 0.570707 0.010315 
300 0.278 1661400000 879.391 25.4811 -87.8295 0.873179 8305.46 163.376 8.97463e+07 3.79806e+06 0.000177658 0.00233642 0.000503611 0.00240041 0.00994572 0.000340697 0.000200835 1.71831e-05 0.0879681 0.00158408 22.2573 8.19701 159.79 28.6937 2512.31 179.573 2694.36 193.597 2694.36 193.597 0.570707 0.010315 
300 0.278 1663200000 879.391 25.4811 -87.8295 0.873179 8305.46 163.376 8.97463e+07 3.79806e+06 0.000177658 0.00233404 0.000503611 0.00240041 0.00994572 0.000340697 0.000200835 1.71831e-05 0.0879681 0.00158408 22.2573 8.18797 159.79 28.6937 2512.31 179.573 2694.36 193.597 2694.36 193.597 0.570707 0.010315 
300 0.278 1665000000 879.391 25.4811 -87.8295 0.873179 8305.46 163.376 8.97463e+07 3.79806e+06 0.000177658 0.00233179 0.000503611 0.00239793 0.00994572 0.000340132 0.000200835 1.71831e-05 0.0879681 0.00158141 22.2573 8.17894 159.79 28.6317 2512.31 179.573 2694.36 193.597 2694.36 193.597 0.570707 0.010315 
300 0.278 1666800000 879.391 25.4811 -87.8295 0.873179 8305.46 163.376 8.97463e+07 3.79806e+06 0.000177658 0.00232971 0.000503611 0.00239793 0.00994572 0.000340132 0.000200835 1.71831e-05 0.0879681 0.00158141 22.2573 8.16993 159.79 28.6317 2512.31 179.573 2694.36 193.597 2694.36 193.597 0.570707 0.010315 
300 0.278 1668600000 879.391 25.4811 -87.8295 0.873179 8305.46 163.376 8.97463e+07 3.79806e+06 0.000177658 0.00232779 0.000503611 0.00239294 0.00994572 0.000339696 0.000200835 1.71831e-05 0.0879681 0.00157937 22.2573 8.16094 159.79 28.5702 2512.31 179.573 2694.36 193.597 2694.36 193.597 0.570707 0.010315 
300 0.278 1670400000 879.391 25.4811 -87.8295 0.873179 8305.46 163.376 8.97463e+07 3.79806e+06 0.000177658 0.00232553 0.000503611 0.00239294 0.00994572 0.000339696 0.000200835 1.71831e-05 0.0879681 0.00157937 22.2573 8.15197 159.79 28.5702 2512.31 179.573 2694.36 193.597 2694.36 193.597 0.570707 0.010315 
300 0.278 1672200000 879.391 25.4811 -87.8295 0.873179 8305.46 163.376 8.97463e+07 3.79806e+06 0.000177658 0.00232466 0.000503611 0.00238771 0.00994572 0.000339213 0.000200835 1.71831e-05 0.0879681 0.00157734 22.2573 8.14303 159.79 28.5089 2512.31 179.573 2694.36 193.597 2694.36 193.597 0.570707 0.010315 
300 0.278 1674000000 879.391 25.4811 -87.8295 0.873179 8305.46 163.376 8.97463e+07 3.79806e+06 0.000177658 0.00232482 0.000503611 0.00238771 0.00994572 0.000339213 0.000200835 1.71831e-05 0.0879681 0.00157734 22.2573 8.13411 159.79 28.5089 2512.31 179.573 2694.36 193.597 2694.36 193.597 0.570707 0.010315 
300 0.278 1675800000 879.391 25.4811 -87.8295 0.868611 8305.46 162.523 8.97463e+07 3.77344e+06 0.000177658 0.00232239 0.000503611 0.002385 0.00994572 0.000338492 0.000200835 1.71831e-05 0.0879681 0.00157389 22.2573 8.12521 159.79 28.448 2512.31 179.573 2694.36 193.597 2694.36 193.597 0.570707 0.010315 
300 0.278 1677600000 879.391 25.4811 -87.8295 0.868611 8305.46 162.523 8.97463e+07 3.77344e+06 0.000177658 0.00232245 0.000503611 0.002385 0.00994572 0.000338492 0.000200835 1.71831e-05 0.0879681 0.00157389 22.2573 8.11639 159.79 28.448 2512.31 179.573 2694.36 193.597 2694.36 193.597 0.570707 0.010315 
300 0.278 1679400000 879.391 25.4811 -87.8295 0.868611 8305.46 162.523 8.97463e+07 3.77344e+06 0.000177658 0.00231992 0.000503611 0.00238109 0.00994572 0.000337753 0.000200835 1.71831e-05 0.0879681 0.00157045 22.2573 8.10753 159.79 28.4488 2512.31 179.573 2694.36 193.597 2694.36 193.597 0.570707 0.010315 
300 0.278 1681200000 879.391 25.4811 -87.8295 0.868611 8305.46 162.523 8.97463e+07 3.77344e+06 0.000177658 0.00231848 0.000503611 0.00238109 0.00994572 0.000337753 0.000200835 1.71831e-05 0.0879681 0.00157045 22.2573 8.09868 159.79 28.4488 2512.31 179.573 2694.36 193.597 2694.36 193.597 0.570707 0.010315 
300 0.278 1683000000 879.391 25.4811 -87.8295 0.868611 8305.46 162.523 8.97463e+07 3.77344e+06 0.000177658 0.00231643 0.000503611 0.0023783 0.00994572 0.000337091 0.000200835 1.71831e-05 0.0879681 0.0015671 22.2573 8.08987 159.79 28.3876 2512.31 179.573 2694.36 193.597 2694.36 193.597 0.570707 0.010315 
300 0.278 1684800000 879.391 25.4811 -87.8295 0.868611 8305.46 162.523 8.97463e+07 3.77344e+06 0.000177658 0.00232799 0.000503611 0.0023783 0.00994572 0.000337091 0.000200835 1.71831e-05 0.0879681 0.0015671 22.2573 8.08107 159.79 28.3876 2512.31 179.573 2694.36 193.597 2694.36 193.597 0.570707 0.010315 
300 0.278 1686600000 879.391 25.4811 -87.8295 0.868611 8305.46 162.523 8.97463e+07 3.77344e+06 0.000177658 0.00232591 0.000503611 0.00237555 0.00994572 0.000339447 0.000200835 1.71831e-05 0.0879681 0.00157045 22.2573 8.07228 159.79 28.3273 2512.31 179.573 2694.36 193.597 2694.36 193.597 0.570707 0.010315 
300 0.278 1688400000 879.391 25.4811 -87.8295 0.868611 8305.46 162.523 8.97463e+07 3.77344e+06 0.000177658 0.00232395 0.000503611 0.00237555 0.00994572 0.000339447 0.000200835 1.71831e-05 0.0879681 0.00157045 22.2573 8.06351 159.79 28.3273 2512.31 179.573 2694.36 193.597 2694.36 193.597 0.570707 0.010315 
300 0.278 1690200000 879.391 25.4811 -87.8295 0.868611 8305.46 162.523 8.97463e+07 3.77344e+06 0.000177658 0.00232285 0.000503611 0.00237044 0.00994572 0.000338721 0.000200835 1.71831e-05 0.0879681 0.00156748 22.2573 8.05476 159.79 28.2663 2512.31 179.573 2694.36 193.597 2694.36 193.597 0.570707 0.010315 
300 0.278 1692000000 879.391 25.4811 -87.8295 0.868611 8305.46 162.523 8.97463e+07 3.77344e+06 0.000177658 0.00232225 0.000503611 0.00237044 0.00994572 0.000338721 0.000200835 1.71831e-05 0.0879681 0.00156748 22.2573 8.04603 159.79 28.2663 2512.31 179.573 2694.36 193.597 2694.36 193.597 0.570707 0.010315 
300 0.278 1693800000 879.391 25.4811 -87.8295 0.868611 8305.46 162.523 8.97463e+07 3.77344e+06 0.000177658 0.00232226 0.000503611 0.00236604 0.00994572 0.000337988 0.000200835 1.71831e-05 0.0879681 0.00156435 22.2573 8.03733 159.79 28.2059 2512.31 179.573 2694.36 193.597 2694.36 193.597 0.570707 0.010315 
300 0.278 1695600000 879.391 25.4811 -87.8295 0.868611 8305.46 162.523 8.97463e+07 3.77344e+06 0.000177658 0.00231988 0.000503611 0.00236604 0.00994572 0.000337988 0.000200835 1.71831e-05 0.0879681 0.00156435 22.2573 8.02863 159.79 28.2059 2512.31 179.573 2694.36 193.597 2694.36 193.597 0.570707 0.010315 
300 0.278 1697400000 879.391 25.4811 -87.8295 0.868611 8305.46 162.523 8.97463e+07 3.77344e+06 0.000177658 0.0023197 0.000503611 0.00236227 0.00994572 0.000337303 0.000200835 1.71831e-05 0.0879681 0.00156097 22.2573 8.01994 159.79 28.6478 2512.31 179.573 2694.36 193.597 2694.36 193.597 0.570707 0.010315 
300 0.278 1699200000 879.391 25.4811 -87.8295 0.868611 8305.46 162.523 8.97463e+07 3.77344e+06 0.000177658 0.00231739 0.000503611 0.00236227 0.00994572 0.000337303 0.000200835 1.71831e-05 0.0879681 0.00156097 22.2573 8.01129 159.79 28.6478 2512.31 179.573 2694.36 193.597 2694.36 193.597 0.570707 0.010315 
300 0.278 1701000000 879.391 25.4811 -87.8295 0.868611 8305.46 162.523 8.97463e+07 3.77344e+06 0.000177658 0.00231522 0.000503611 0.00235961 0.00994572 0.000336746 0.000200835 1.71831e-05 0.0879681 0.00155858 22.2573 8.00265 159.79 28.5875 2512.31 179.573 2694.36 193.597 2694.36 193.597 0.570707 0.010315 
300 0.278 1702800000 879.391 25.4811 -87.8295 0.868611 8305.46 162.523 8.97463e+07 3.77344e+06 0.000177658 0.00231355 0.000503611 0.00235961 0.00994572 0.000336746 0.000200835 1.71831e-05 0.0879681 0.00155858 22.2573 7.99403 159.79 28.5875 2512.31 179.573 2694.36 193.597 2694.36 193.597 0.570707 0.010315 
300 0.278 1704600000 879.391 24.7824 -87.8295 0.853665 8305.46 159.721 8.97463e+07 3.70863e+06 0.000177658 0.00231116 0.000503611 0.0023547 0.00994572 0.00033635 0.000200835 1.71831e-05 0.0879681 0.00155736 22.2573 7.98543 159.79 28.5274 2512.31 179.573 2694.36 193.597 2694.36 193.597 0.570707 0.010315 
300 0.278 1706400000 879.391 24.7824 -87.8295 0.853665 8305.46 159.721 8.97463e+07 3.70863e+06 0.000177658 0.00231282 0.000503611 0.0023547 0.00994572 0.00033635 0.000200835 1.71831e-05 0.0879681 0.00155736 22.2573 7.97685 159.79 28.5274 2512.31 179.573 2694.36 193.597 2694.36 193.597 0.570707 0.010315 
300 0.278 1708200000 879.391 24.7824 -87.8295 0.853665 8305.46 159.721 8.97463e+07 3.70863e+06 0.000177658 0.00231185 0.000503611 0.00234969 0.00994572 0.000335643 0.000200835 1.71831e-05 0.0879681 0.00155441 22.2573 7.96827 159.79 28.4674 2512.31 179.573 2694.36 193.597 2694.36 193.597 0.570707 0.010315 
300 0.278 1710000000 879.391 24.7824 -87.8295 0.853665 8305.46 159.721 8.97463e+07 3.70863e+06 0.000177658 0.00230995 0.000503611 0.00234969 0.00994572 0.000335643 0.000200835 1.71831e-05 0.0879681 0.00155441 22.2573 7.95974 159.79 28.4674 2512.31 179.573 2694.36 193.597 2694.36 193.597 0.570707 0.010315 
300 0.278 1711800000 879.391 24.7824 -87.8295 0.853665 8305.46 159.721 8.97463e+07 3.70863e+06 0.000177658 0.0023075 0.000503611 0.00234656 0.00994572 0.000335166 0.000200835 1.71831e-05 0.0879681 0.00155287 22.2573 7.95121 159.79 28.4078 2512.31 179.573 2694.36 193.597 2694.36 193.597 0.570707 0.010315 
300 0.278 1713600000 879.391 24.7824 -87.8295 0.853665 8305.46 159.721 8.97463e+07 3.70863e+06 0.000177658 0.00231136 0.000503611 0.00234656 0.00994572 0.000335166 0.000200835 1.71831e-05 0.0879681 0.00155287 22.2573 7.94271 159.79 28.4078 2512.31 179.573 2694.36 193.597 2694.36 193.597 0.570707 0.010315 
300 0.278 1715400000 879.391 24.7824 -87.8295 0.853665 8305.46 159.721 8.97463e+07 3.70863e+06 0.000177658 0.0023089 0.000503611 0.00234227 0.00994572 0.000334837 0.000200835 1.71831e-05 0.0879681 0.00155025 22.2573 7.93422 159.79 28.3487 2512.31 179.573 2694.36 193.597 2694.36 193.597 0.570707 0.010315 
300 0.278 1717200000 879.391 24.7824 -87.8295 0.853665 8305.46 159.721 8.97463e+07 3.70863e+06 0.000177658 0.00230786 0.000503611 0.00234227 0.00994572 0.000334837 0.000200835 1.71831e-05 0.0879681 0.00155025 22.2573 7.92575 159.79 28.3487 2512.31 179.573 2694.36 193.597 2694.36 193.597 0.570707 0.010315 
300 0.278 1719000000 879.391 24.7824 -87.8295 0.853665 8305.46 159.721 8.97463e+07 3.70863e+06 0.000177658 0.00230564 0.000503611 0.00233728 0.00994572 0.000334414 0.000200835 1.71831e-05 0.0879681 0.00154865 22.2573 7.9173 159.79 28.2897 2512.31 179.573 2694.36 193.597 2694.36 193.597 0.570707 0.010315 
300 0.278 1720800000 879.391 24.7824 -87.8295 0.853665 8305.46 159.721 8.97463e+07 3.70863e+06 0.000177658 0.00230548 0.000503611 0.00233728 0.00994572 0.000334414 0.000200835 1.71831e-05 0.0879681 0.00154865 22.2573 7.90885 159.79 28.2897 2512.31 179.573 2694.36 193.597 2694.36 193.597 0.570707 0.010315 
300 0.278 1722600000 879.391 24.7824 -87.8295 0.853665 8305.46 159.721 8.97463e+07 3.70863e+06 0.000177658 0.00230499 0.000503611 0.00233273 0.00994572 0.000333704 0.000200835 1.71831e-05 0.0879681 0.00154545 22.2573 7.90043 159.79 28.2304 2512.31 179.573 2694.36 193.597 2694.36 193.597 0.570707 0.010315 
300 0.278 1724400000 879.391 24.7824 -87.8295 0.853665 8305.46 159.721 8.97463e+07 3.70863e+06 0.000177658 0.00230263 0.000503611 0.00233273 0.00994572 0.000333704 0.000200835 1.71831e-05 0.0879681 0.00154545 22.2573 7.89203 159.79 28.2304 2512.31 179.573 2694.36 193.597 2694.36 193.597 0.570707 0.010315 
300 0.278 1726200000 879.391 24.7824 -87.8295 0.853665 8305.46 159.721 8.97463e+07 3.70863e+06 0.000177658 0.00230403 0.000503611 0.00232783 0.00994572 0.000332996 0.000200835 1.71831e-05 0.0879681 0.00154227 22.2573 7.88365 159.79 28.1719 2512.31 179.573 2694.36 193.597 2694.36 193.597 0.570707 0.010315 
300 0.278 1728000000 879.391 24.7824 -87.8295 0.853665 8305.46 159.721 8.97463e+07 3.70863e+06 0.000177658 0.00230158 0.000503611 0.00232783 0.00994572 0.000332996 0.000200835 1.71831e-05 0.0879681 0.00154227 22.2573 7.87529 159.79 28.1719 2512.31 179.573 2694.36 193.597 2694.36 193.597 0.570707 0.010315 
300 0.278 1729800000 879.391 24.7824 -87.8295 0.853665 8305.46 159.721 8.97463e+07 3.70863e+06 0.000177658 0.00229914 0.000503611 0.00232289 0.00994572 0.000332919 0.000200835 1.71831e-05 0.0879681 0.00154636 22.2573 7.86693 159.79 28.1136 2512.31 179.573 2694.36 193.597 2694.36 193.597 0.570707 0.010315 
300 0.278 1731600000 879.391 24.7824 -87.8295 0.853665 8305.46 159.721 8.97463e+07 3.70863e+06 0.000177658 0.00229689 0.000503611 0.00232289 0.00994572 0.000332919 0.000200835 1.71831e-05 0.0879681 0.00154636 22.2573 7.85861 159.79 28.1136 2512.31 179.573 2694.36 193.597 2694.36 193.597 0.570707 0.010315 
300 0.278 1733400000 879.391 24.7824 -87.8295 0.843438 8305.46 159.153 8.97463e+07 3.70508e+06 0.000177658 0.00229462 0.000503611 0.00231803 0.00994572 0.000332491 0.000200835 1.71831e-05 0.0879681 0.00154431 22.2573 7.8503 159.79 28.0553 2512.31 179.573 2694.36 193.597 2694.36 193.597 0.570707 0.010315 
300 0.278 1735200000 879.391 24.7824 -87.8295 0.843438 8305.46 159.153 8.97463e+07 3.70508e+06 0.000177658 0.00229231 0.000503611 0.00231803 0.00994572 0.000332491 0.000200835 1.71831e-05 0.0879681 0.00154431 22.2573 7.842 159.79 28.0553 2512.31 179.573 2694.36 193.597 2694.36 193.597 0.570707 0.010315 
300 0.278 1737000000 879.391 24.7824 -87.8295 0.843438 8305.46 159.153 8.97463e+07 3.70508e+06 0.000177658 0.00229013 0.000503611 0.0023205 0.00994572 0.000331839 0.000200835 1.71831e-05 0.0879681 0.0015411 22.2573 7.83372 159.79 27.9974 2512.31 179.573 2694.36 193.597 2694.36 193.597 0.570707 0.010315 
300 0.278 1738800000 879.391 24.7824 -87.8295 0.843438 8305.46 159.153 8.97463e+07 3.70508e+06 0.000177658 0.00228846 0.000503611 0.0023205 0.00994572 0.000331839 0.000200835 1.71831e-05 0.0879681 0.0015411 22.2573 7.82546 159.79 27.9974 2512.31 179.573 2694.36 193.597 2694.36 193.597 0.570707 0.010315 
300 0.278 1740600000 879.391 24.7824 -87.8295 0.843438 8305.46 159.153 8.97463e+07 3.70508e+06 0.000177658 0.00228605 0.000503611 0.00231609 0.00994572 0.000331233 0.000200835 1.71831e-05 0.0879681 0.00153799 22.2573 7.81722 159.79 27.9399 2512.31 179.573 2694.36 193.597 2694.36 193.597 0.570707 0.010315 
300 0.278 1742400000 879.391 24.7824 -87.8295 0.843438 8305.46 159.153 8.97463e+07 3.70508e+06 0.000177658 0.00228411 0.000503611 0.00231609 0.00994572 0.000331233 0.000200835 1.71831e-05 0.0879681 0.00153799 22.2573 7.809 159.79 27.9399 2512.31 179.573 2694.36 193.597 2694.36 193.597 0.570707 0.010315 
300 0.278 1744200000 879.391 24.7824 -87.8295 0.843438 8305.46 159.153 8.97463e+07 3.70508e+06 0.000177658 0.00228208 0.000503611 0.00231347 0.00994572 0.000330548 0.000200835 1.71831e-05 0.0879681 0.00153478 22.2573 7.8008 159.79 27.8828 2512.31 179.573 2694.36 193.597 2694.36 193.597 0.570707 0.010315 
300 0.278 1746000000 879.391 24.7824 -87.8295 0.843438 8305.46 159.153 8.97463e+07 3.70508e+06 0.000177658 0.00228009 0.000503611 0.00231347 0.00994572 0.000330548 0.000200835 1.71831e-05 0.0879681 0.00153478 22.2573 7.7926 159.79 27.8828 2512.31 179.573 2694.36 193.597 2694.36 193.597 0.570707 0.010315 
300 0.278 1747800000 879.391 24.7824 -87.8295 0.843438 8305.46 159.153 8.97463e+07 3.70508e+06 0.000177658 0.00228382 0.000503611 0.00230862 0.00994572 0.00032996 0.000200835 1.71831e-05 0.0879681 0.00153191 22.2573 7.78442 159.79 27.8253 2512.31 179.573 2694.36 193.597 2694.36 193.597 0.570707 0.010315 
300 0.278 1749600000 879.391 24.7824 -87.8295 0.843438 8305.46 159.153 8.97463e+07 3.70508e+06 0.000177658 0.00228144 0.000503611 0.00230862 0.00994572 0.00032996 0.000200835 1.71831e-05 0.0879681 0.00153191 22.2573 7.77626 159.79 27.8253 2512.31 179.573 2694.36 193.597 2694.36 193.597 0.570707 0.010315 
300 0.278 1751400000 879.391 24.7824 -87.8295 0.843438 8305.46 159.153 8.97463e+07 3.70508e+06 0.000177658 0.00227976 0.000503611 0.0023045 0.00994572 0.000329613 0.000200835 1.71831e-05 0.0879681 0.00153176 22.2573 7.76812 159.79 27.7684 2512.31 179.573 2694.36 193.597 2694.36 193.597 0.570707 0.010315 
300 0.278 1753200000 879.391 24.7824 -87.8295 0.843438 8305.46 159.153 8.97463e+07 3.70508e+06 0.000177658 0.00227848 0.000503611 0.0023045 0.00994572 0.000329613 0.000200835 1.71831e-05 0.0879681 0.00153176 22.2573 7.75999 159.79 27.7684 2512.31 179.573 2694.36 193.597 2694.36 193.597 0.570707 0.010315 
300 0.278 1755000000 879.391 24.7824 -87.8295 0.843438 8305.46 159.153 8.97463e+07 3.70508e+06 0.000177658 0.00227611 0.000503611 0.00230298 0.00994572 0.000329037 0.000200835 1.71831e-05 0.0879681 0.00152878 22.2573 7.7519 159.79 27.712 2512.31 179.573 2694.36 193.597 2694.36 193.597 0.570707 0.010315 
300 0.278 1756800000 879.391 24.7824 -87.8295 0.843438 8305.46 159.153 8.97463e+07 3.70508e+06 0.000177658 0.00227386 0.000503611 0.00230298 0.00994572 0.000329037 0.000200835 1.71831e-05 0.0879681 0.00152878 22.2573 7.7438 159.79 27.712 2512.31 179.573 2694.36 193.597 2694.36 193.597 0.570707 0.010315 
300 0.278 1758600000 879.391 24.7824 -87.8295 0.843438 8305.46 159.153 8.97463e+07 3.70508e+06 0.000177658 0.0022715 0.000503611 0.00230097 0.00994572 0.00032863 0.000200835 1.71831e-05 0.0879681 0.00152685 22.2573 7.73573 159.79 27.6556 2512.31 179.573 2694.36 193.597 2694.36 193.597 0.570707 0.010315 
300 0.278 1760400000 879.391 24.7824 -87.8295 0.843438 8305.46 159.153 8.97463e+07 3.70508e+06 0.000177658 0.00226915 0.000503611 0.00230097 0.00994572 0.00032863 0.000200835 1.71831e-05 0.0879681 0.00152685 22.2573 7.72768 159.79 27.6556 2512.31 179.573 2694.36 193.597 2694.36 193.597 0.570707 0.010315 
300 0.278 1762200000 880.383 24.0402 -87.5431 0.834421 8246.55 159.072 8.83871e+07 3.69897e+06 -1.08993e-05 0.00226797 0.000545402 0.0022964 0.00985395 0.00032811 0.000198446 1.71831e-05 0.0874925 0.00152453 21.4496 7.71963 158.758 27.5986 2544.99 179.573 2725.2 193.597 2725.2 193.597 0.573063 0.010315 
300 0.278 1764000000 880.383 24.0402 -87.5431 0.834421 8246.55 159.072 8.83871e+07 3.69897e+06 -1.08993e-05 0.00226563 0.000545402 0.0022964 0.00985395 0.00032811 0.000198446 1.71831e-05 0.0874925 0.00152453 21.4496 7.71161 158.758 27.5986 2544.99 179.573 2725.2 193.597 2725.2 193.597 0.573063 0.010315 
300 0.278 1765800000 880.383 24.0402 -87.5431 0.834421 8246.55 159.072 8.83871e+07 3.69897e+06 -1.08993e-05 0.00226431 0.000545402 0.00229211 0.00985395 0.000327724 0.000198446 1.71831e-05 0.0874925 0.00152285 21.4496 7.70362 158.758 27.5429 2544.99 179.573 2725.2 193.597 2725.2 193.597 0.573063 0.010315 
300 0.278 1767600000 880.383 24.0402 -87.5431 0.834421 8246.55 159.072 8.83871e+07 3.69897e+06 -1.08993e-05 0.00226363 0.000545402 0.00229211 0.00985395 0.000327724 0.000198446 1.71831e-05 0.0874925 0.00152285 21.4496 7.69562 158.758 27.5429 2544.99 179.573 2725.2 193.597 2725.2 193.597 0.573063 0.010315 
300 0.278 1769400000 880.383 24.0402 -87.5431 0.834421 8246.55 159.072 8.83871e+07 3.69897e+06 -1.08993e-05 0.00226142 0.000545402 0.00228923 0.00985395 0.000327111 0.000198446 1.71831e-05 0.0874925 0.00152012 21.4496 7.68765 158.758 27.4868 2544.99 179.573 2725.2 193.597 2725.2 193.597 0.573063 0.010315 
300 0.278 1771200000 880.383 24.0402 -87.5431 0.834421 8246.55 159.072 8.83871e+07 3.69897e+06 -1.08993e-05 0.00226344 0.000545402 0.00228923 0.00985395 0.000327111 0.000198446 1.71831e-05 0.0874925 0.00152012 21.4496 7.6797 158.758 27.4868 2544.99 179.573 2725.2 193.597 2725.2 193.597 0.573063 0.010315 
300 0.278 1773000000 880.383 24.0402 -87.5431 0.834421 8246.55 159.072 8.83871e+07 3.69897e+06 -1.08993e-05 0.00226315 0.000545402 0.00228576 0.00985395 0.000326602 0.000198446 1.71831e-05 0.0874925 0.00151854 21.4496 7.67177 158.758 27.4314 2544.99 179.573 2725.2 193.597 2725.2 193.597 0.573063 0.010315 
300 0.278 1774800000 880.383 24.0402 -87.5431 0.834421 8246.55 159.072 8.83871e+07 3.69897e+06 -1.08993e-05 0.00226132 0.000545402 0.00228576 0.00985395 0.000326602 0.000198446 1.71831e-05 0.0874925 0.00151854 21.4496 7.66385 158.758 27.4314 2544.99 179.573 2725.2 193.597 2725.2 193.597 0.573063 0.010315 
300 0.278 1776600000 880.383 24.0402 -87.5431 0.834421 8246.55 159.072 8.83871e+07 3.69897e+06 -1.08993e-05 0.00225935 0.000545402 0.00228104 0.00985395 0.000326326 0.000198446 1.71831e-05 0.0874925 0.00151794 21.4496 7.65594 158.758 27.3752 2544.99 179.573 2725.2 193.597 2725.2 193.597 0.573063 0.010315 
300 0.278 1778400000 880.383 24.0402 -87.5431 0.834421 8246.55 159.072 8.83871e+07 3.69897e+06 -1.08993e-05 0.00226235 0.000545402 0.00228104 0.00985395 0.000326326 0.000198446 1.71831e-05 0.0874925 0.00151794 21.4496 7.64804 158.758 27.3752 2544.99 179.573 2725.2 193.597 2725.2 193.597 0.573063 0.010315 
300 0.278 1780200000 880.383 24.0402 -87.5431 0.834421 8246.55 159.072 8.83871e+07 3.69897e+06 -1.08993e-05 0.00226062 0.000545402 0.00227831 0.00985395 0.000326071 0.000198446 1.71831e-05 0.0874925 0.00151601 21.4496 7.64016 158.758 27.32 2544.99 179.573 2725.2 193.597 2725.2 193.597 0.573063 0.010315 
300 0.278 1782000000 880.383 24.0402 -87.5431 0.834421 8246.55 159.072 8.83871e+07 3.69897e+06 -1.08993e-05 0.00225904 0.000545402 0.00227831 0.00985395 0.000326071 0.000198446 1.71831e-05 0.0874925 0.00151601 21.4496 7.63231 158.758 27.32 2544.99 179.573 2725.2 193.597 2725.2 193.597 0.573063 0.010315 
300 0.278 1783800000 880.383 24.0402 -87.5431 0.834421 8246.55 159.072 8.83871e+07 3.69897e+06 -1.08993e-05 0.00225681 0.000545402 0.00227408 0.00985395 0.000325423 0.000198446 1.71831e-05 0.0874925 0.00151345 21.4496 7.62448 158.758 27.2652 2544.99 179.573 2725.2 193.597 2725.2 193.597 0.573063 0.010315 
300 0.278 1785600000 880.383 24.0402 -87.5431 0.834421 8246.55 159.072 8.83871e+07 3.69897e+06 -1.08993e-05 0.00225464 0.000545402 0.00227408 0.00985395 0.000325423 0.000198446 1.71831e-05 0.0874925 0.00151345 21.4496 7.61664 158.758 27.2652 2544.99 179.573 2725.2 193.597 2725.2 193.597 0.573063 0.010315 
300 0.278 1787400000 880.383 24.0402 -87.5431 0.834421 8246.55 159.072 8.83871e+07 3.69897e+06 -1.08993e-05 0.00225235 0.000545402 0.00226955 0.00985395 0.000324925 0.000198446 1.71831e-05 0.0874925 0.00151086 21.4496 7.60884 158.758 27.2102 2544.99 179.573 2725.2 193.597 2725.2 193.597 0.573063 0.010315 
300 0.278 1789200000 880.383 24.0402 -87.5431 0.834421 8246.55 159.072 8.83871e+07 3.69897e+06 -1.08993e-05 0.00225105 0.000545402 0.00226955 0.00985395 0.000324925 0.000198446 1.71831e-05 0.0874925 0.00151086 21.4496 7.60106 158.758 27.2102 2544.99 179.573 2725.2 193.597 2725.2 193.597 0.573063 0.010315 
300 0.278 1791000000 880.383 24.0402 -87.5431 0.834421 8246.55 159.072 8.83871e+07 3.69897e+06 -1.08993e-05 0.00224882 0.000545402 0.00226602 0.00985395 0.000324516 0.000198446 1.71831e-05 0.0874925 0.00150914 21.4496 7.59328 158.758 27.156 2544.99 179.573 2725.2 193.597 2725.2 193.597 0.573063 0.010315 
300 0.278 1792800000 880.383 24.0402 -87.5431 0.834421 8246.55 159.072 8.83871e+07 3.69897e+06 -1.08993e-05 0.00224775 0.000545402 0.00226602 0.00985395 0.000324516 0.000198446 1.71831e-05 0.0874925 0.00150914 21.4496 7.58553 158.758 27.156 2544.99 179.573 2725.2 193.597 2725.2 193.597 0.573063 0.010315 
300 0.278 1794600000 880.383 24.0402 -87.5431 0.834421 8246.55 159.072 8.83871e+07 3.69897e+06 -1.08993e-05 0.00224556 0.000545402 0.00228053 0.00985395 0.000325266 0.000198446 1.71831e-05 0.0874925 0.00151188 21.4496 7.57779 158.758 27.1013 2544.99 179.573 2725.2 193.597 2725.2 193.597 0.573063 0.010315 
300 0.278 1796400000 880.383 24.0402 -87.5431 0.834421 8246.55 159.072 8.83871e+07 3.69897e+06 -1.08993e-05 0.00224342 0.000545402 0.00228053 0.00985395 0.000325266 0.000198446 1.71831e-05 0.0874925 0.00151188 21.4496 7.57006 158.758 27.1013 2544.99 179.573 2725.2 193.597 2725.2 193.597 0.573063 0.010315 
300 0.278 1798200000 880.383 24.0402 -87.5431 0.834421 8246.55 159.072 8.83871e+07 3.69897e+06 -1.08993e-05 0.00224728 0.000545402 0.00228713 0.00985395 0.000326629 0.000198446 1.71831e-05 0.0874925 0.00151725 21.4496 7.56235 158.758 27.0476 2544.99 179.573 2725.2 193.597 2725.2 193.597 0.573063 0.010315 
300 0.278 1800000000 880.383 24.0402 -87.5431 0.834421 8246.55 159.072 8.83871e+07 3.69897e+06 -1.08993e-05 0.00224897 0.000545402 0.00228713 0.00985395 0.000326629 0.000198446 1.71831e-05 0.0874925 0.00151725 21.4496 7.55465 158.758 27.0476 2544.99 179.573 2725.2 193.597 2725.2 193.597 0.573063 0.010315 
300 0.278 1801800000 880.383 24.0402 -87.5431 0.834421 8246.55 159.072 8.83871e+07 3.69897e+06 -1.08993e-05 0.00224669 0.000545402 0.00228284 0.00985395 0.000325965 0.000198446 1.71831e-05 0.0874925 0.00151449 21.4496 7.54696 158.758 26.9934 2544.99 179.573 2725.2 193.597 2725.2 193.597 0.573063 0.010315 
300 0.278 1803600000 880.383 24.0402 -87.5431 0.834421 8246.55 159.072 8.83871e+07 3.69897e+06 -1.08993e-05 0.00224443 0.000545402 0.00228284 0.00985395 0.000325965 0.000198446 1.71831e-05 0.0874925 0.00151449 21.4496 7.53929 158.758 26.9934 2544.99 179.573 2725.2 193.597 2725.2 193.597 0.573063 0.010315 
300 0.278 1805400000 880.383 24.0402 -87.5431 0.834421 8246.55 159.072 8.83871e+07 3.69897e+06 -1.08993e-05 0.00224247 0.000545402 0.00227894 0.00985395 0.000325729 0.000198446 1.71831e-05 0.0874925 0.0015149 21.4496 7.53163 158.758 27.4443 2544.99 179.573 2725.2 193.597 2725.2 193.597 0.573063 0.010315 
300 0.278 1807200000 880.383 24.0402 -87.5431 0.834421 8246.55 159.072 8.83871e+07 3.69897e+06 -1.08993e-05 0.00224024 0.000545402 0.00227894 0.00985395 0.000325729 0.000198446 1.71831e-05 0.0874925 0.0015149 21.4496 7.52399 158.758 27.4443 2544.99 179.573 2725.2 193.597 2725.2 193.597 0.573063 0.010315 
300 0.278 1809000000 880.383 24.0402 -87.5431 0.834421 8246.55 159.072 8.83871e+07 3.69897e+06 -1.08993e-05 0.0022403 0.000545402 0.00227623 0.00985395 0.000325073 0.000198446 1.71831e-05 0.0874925 0.00151207 21.4496 7.51636 158.758 27.3894 2544.99 179.573 2725.2 193.597 2725.2 193.597 0.573063 0.010315 
300 0.278 1810800000 880.383 24.0402 -87.5431 0.834421 8246.55 159.072 8.83871e+07 3.69897e+06 -1.08993e-05 0.00223901 0.000545402 0.00227623 0.00985395 0.000325073 0.000198446 1.71831e-05 0.0874925 0.00151207 21.4496 7.50875 158.758 27.3894 2544.99 179.573 2725.2 193.597 2725.2 193.597 0.573063 0.010315 
300 0.278 1812600000 880.383 24.0402 -87.5431 0.834421 8246.55 159.072 8.83871e+07 3.69897e+06 -1.08993e-05 0.00223788 0.000545402 0.00227249 0.00985395 0.000324446 0.000198446 1.71831e-05 0.0874925 0.00150901 21.4496 7.50115 158.758 27.4221 2544.99 179.573 2725.2 193.597 2725.2 193.597 0.573063 0.010315 
300 0.278 1814400000 880.383 24.0402 -87.5431 0.834421 8246.55 159.072 8.83871e+07 3.69897e+06 -1.08993e-05 0.00223648 0.000545402 0.00227249 0.00985395 0.000324446 0.000198446 1.71831e-05 0.0874925 0.00150901 21.4496 7.49359 158.758 27.4221 2544.99 179.573 2725.2 193.597 2725.2 193.597 0.573063 0.010315 
300 0.278 1816200000 880.383 24.0402 -87.5431 0.834421 8246.55 159.072 8.83871e+07 3.69897e+06 -1.08993e-05 0.0022351 0.000545402 0.00227738 0.00985395 0.000323944 0.000198446 1.71831e-05 0.0874925 0.00150741 21.4496 7.48604 158.758 27.3682 2544.99 179.573 2725.2 193.597 2725.2 193.597 0.573063 0.010315 
300 0.278 1818000000 880.383 24.0402 -87.5431 0.834421 8246.55 159.072 8.83871e+07 3.69897e+06 -1.08993e-05 0.00223338 0.000545402 0.00227738 0.00985395 0.000323944 0.000198446 1.71831e-05 0.0874925 0.00150741 21.4496 7.4785 158.758 27.3682 2544.99 179.573 2725.2 193.597 2725.2 193.597 0.573063 0.010315 
300 0.278 1819800000 880.383 23.4764 -87.5431 0.848966 8246.55 159.072 8.83871e+07 3.69897e+06 -1.08993e-05 0.00223341 0.000545402 0.00227338 0.00985395 0.000323323 0.000198446 1.71831e-05 0.0874925 0.00150437 21.4496 7.47096 158.758 27.314 2544.99 179.573 2725.2 193.597 2725.2 193.597 0.573063 0.010315 
300 0.278 1821600000 880.383 23.4764 -87.5431 0.848966 8246.55 159.072 8.83871e+07 3.69897e+06 -1.08993e-05 0.00223123 0.000545402 0.00227338 0.00985395 0.000323323 0.000198446 1.71831e-05 0.0874925 0.00150437 21.4496 7.46345 158.758 27.314 2544.99 179.573 2725.2 193.597 2725.2 193.597 0.573063 0.010315 
300 0.278 1823400000 880.383 23.4764 -87.5431 0.848966 8246.55 159.072 8.83871e+07 3.69897e+06 -1.08993e-05 0.00222901 0.000545402 0.00226942 0.00985395 0.000323175 0.000198446 1.71831e-05 0.0874925 0.00150577 21.4496 7.45596 158.758 27.2601 2544.99 179.573 2725.2 193.597 2725.2 193.597 0.573063 0.010315 
300 0.278 1825200000 880.383 23.4764 -87.5431 0.848966 8246.55 159.072 8.83871e+07 3.69897e+06 -1.08993e-05 0.00222752 0.000545402 0.00226942 0.00985395 0.000323175 0.000198446 1.71831e-05 0.0874925 0.00150577 21.4496 7.44847 158.758 27.2601 2544.99 179.573 2725.2 193.597 2725.2 193.597 0.573063 0.010315 
300 0.278 1827000000 880.383 23.4764 -87.5431 0.848966 8246.55 159.072 8.83871e+07 3.69897e+06 -1.08993e-05 0.00222564 0.000545402 0.00227179 0.00985395 0.000322527 0.000198446 1.71831e-05 0.0874925 0.00150301 21.4496 7.441 158.758 27.2064 2544.99 179.573 2725.2 193.597 2725.2 193.597 0.573063 0.010315 
300 0.278 1828800000 880.383 23.4764 -87.5431 0.848966 8246.55 159.072 8.83871e+07 3.69897e+06 -1.08993e-05 0.00222511 0.000545402 0.00227179 0.00985395 0.000322527 0.000198446 1.71831e-05 0.0874925 0.00150301 21.4496 7.43355 158.758 27.2064 2544.99 179.573 2725.2 193.597 2725.2 193.597 0.573063 0.010315 
300 0.278 1830600000 880.383 23.4764 -87.5431 0.848966 8246.55 159.072 8.83871e+07 3.69897e+06 -1.08993e-05 0.00222354 0.000545402 0.00226737 0.00985395 0.000321933 0.000198446 1.71831e-05 0.0874925 0.00150002 21.4496 7.4261 158.758 27.1525 2544.99 179.573 2725.2 193.597 2725.2 193.597 0.573063 0.010315 
300 0.278 1832400000 880.383 23.4764 -87.5431 0.848966 8246.55 159.072 8.83871e+07 3.69897e+06 -1.08993e-05 0.00222133 0.000545402 0.00226737 0.00985395 0.000321933 0.000198446 1.71831e-05 0.0874925 0.00150002 21.4496 7.41868 158.758 27.1525 2544.99 179.573 2725.2 193.597 2725.2 193.597 0.573063 0.010315 
300 0.278 1834200000 880.383 23.4764 -87.5431 0.848966 8246.55 159.072 8.83871e+07 3.69897e+06 -1.08993e-05 0.00215158 0.000545402 0.00226299 0.00985395 0.000321324 0.000198446 1.71831e-05 0.0874925 0.00149704 21.4496 7.39796 158.758 27.0989 2544.99 179.573 2725.2 193.597 2725.2 193.597 0.573063 0.010315 
300 0.278 1836000000 880.383 23.4764 -87.5431 0.848966 8246.55 159.072 8.83871e+07 3.69897e+06 -1.08993e-05 0.00215158 0.000545402 0.00226299 0.00985395 0.000321324 0.000198446 1.71831e-05 0.0874925 0.00149704 21.4496 7.39796 158.758 27.0989 2544.99 179.573 2725.2 193.597 2725.2 193.597 0.573063 0.010315 
300 0.278 1837800000 880.383 23.4764 -87.5431 0.848966 8246.55 159.072 8.83871e+07 3.69897e+06 -1.08993e-05 0.00215411 0.000545402 0.00225854 0.00985395 0.000320683 0.000198446 1.71831e-05 0.0874925 0.00149421 21.4496 7.3832 158.758 27.0457 2544.99 179.573 2725.2 193.597 2725.2 193.597 0.573063 0.010315 
300 0.278 1839600000 880.383 23.4764 -87.5431 0.848966 8246.55 159.072 8.83871e+07 3.69897e+06 -1.08993e-05 0.00215411 0.000545402 0.00225854 0.00985395 0.000320683 0.000198446 1.71831e-05 0.0874925 0.00149421 21.4496 7.3832 158.758 27.0457 2544.99 179.573 2725.2 193.597 2725.2 193.597 0.573063 0.010315 
300 0.278 1841400000 880.383 23.4764 -87.5431 0.848966 8246.55 159.072 8.83871e+07 3.69897e+06 -1.08993e-05 0.00214994 0.000545402 0.00225751 0.00985395 0.000320146 0.000198446 1.71831e-05 0.0874925 0.00149214 21.4496 7.36854 158.758 26.9932 2544.99 179.573 2725.2 193.597 2725.2 193.597 0.573063 0.010315 
300 0.278 1843200000 880.383 23.4764 -87.5431 0.848966 8246.55 159.072 8.83871e+07 3.69897e+06 -1.08993e-05 0.00214994 0.000545402 0.00225751 0.00985395 0.000320146 0.000198446 1.71831e-05 0.0874925 0.00149214 21.4496 7.36854 158.758 26.9932 2544.99 179.573 2725.2 193.597 2725.2 193.597 0.573063 0.010315 
300 0.278 1845000000 880.383 23.4764 -87.5431 0.848966 8246.55 159.072 8.83871e+07 3.69897e+06 -1.08993e-05 0.00214572 0.000545402 0.00225302 0.00985395 0.00031983 0.000198446 1.71831e-05 0.0874925 0.00149092 21.4496 7.3539 158.758 26.94 2544.99 179.573 2725.2 193.597 2725.2 193.597 0.573063 0.010315 
300 0.278 1846800000 880.383 23.4764 -87.5431 0.848966 8246.55 159.072 8.83871e+07 3.69897e+06 -1.08993e-05 0.00214572 0.000545402 0.00225302 0.00985395 0.00031983 0.000198446 1.71831e-05 0.0874925 0.00149092 21.4496 7.3539 158.758 26.94 2544.99 179.573 2725.2 193.597 2725.2 193.597 0.573063 0.010315 
300 0.278 1848600000 880.383 23.4764 -87.5431 0.848966 8246.55 159.072 8.83871e+07 3.69897e+06 -1.08993e-05 0.00214157 0.000545402 0.0022505 0.00985395 0.000319396 0.000198446 1.71831e-05 0.0874925 0.00148906 21.4496 7.33934 158.758 26.8881 2544.99 179.573 2725.2 193.597 2725.2 193.597 0.573063 0.010315 
300 0.278 1850400000 880.383 23.4764 -87.5431 0.848966 8246.55 159.072 8.83871e+07 3.69897e+06 -1.08993e-05 0.00214157 0.000545402 0.0022505 0.00985395 0.000319396 0.000198446 1.71831e-05 0.0874925 0.00148906 21.4496 7.33934 158.758 26.8881 2544.99 179.573 2725.2 193.597 2725.2 193.597 0.573063 0.010315 
300 0.278 1852200000 880.383 23.4764 -87.5431 0.848966 8246.55 159.072 8.83871e+07 3.69897e+06 -1.08993e-05 0.00213769 0.000545402 0.00224759 0.00985395 0.000318885 0.000198446 1.71831e-05 0.0874925 0.0014865 21.4496 7.32484 158.758 26.8363 2544.99 179.573 2725.2 193.597 2725.2 193.597 0.573063 0.010315 
300 0.278 1854000000 880.383 23.4764 -87.5431 0.848966 8246.55 159.072 8.83871e+07 3.69897e+06 -1.08993e-05 0.00213769 0.000545402 0.00224759 0.00985395 0.000318885 0.000198446 1.71831e-05 0.0874925 0.0014865 21.4496 7.32484 158.758 26.8363 2544.99 179.573 2725.2 193.597 2725.2 193.597 0.573063 0.010315 
300 0.278 1855800000 880.383 23.4764 -87.5431 0.848966 8246.55 159.072 8.83871e+07 3.69897e+06 -1.08993e-05 0.00213348 0.000545402 0.00224367 0.00985395 0.000318365 0.000198446 1.71831e-05 0.0874925 0.00148391 21.4496 7.31041 158.758 26.7847 2544.99 179.573 2725.2 193.597 2725.2 193.597 0.573063 0.010315 
300 0.278 1857600000 880.383 23.4764 -87.5431 0.848966 8246.55 159.072 8.83871e+07 3.69897e+06 -1.08993e-05 0.00213348 0.000545402 0.00224367 0.00985395 0.000318365 0.000198446 1.71831e-05 0.0874925 0.00148391 21.4496 7.31041 158.758 26.7847 2544.99 179.573 2725.2 193.597 2725.2 193.597 0.573063 0.010315 
300 0.278 1859400000 880.383 23.4764 -87.5431 0.848966 8246.55 159.072 8.83871e+07 3.69897e+06 -1.08993e-05 0.00212936 0.000545402 0.00223933 0.00985395 0.000318028 0.000198446 1.71831e-05 0.0874925 0.00148261 21.4496 7.29601 158.758 26.7332 2544.99 179.573 2725.2 193.597 2725.2 193.597 0.573063 0.010315 
300 0.278 1861200000 880.383 23.4764 -87.5431 0.848966 8246.55 159.072 8.83871e+07 3.69897e+06 -1.08993e-05 0.00212936 0.000545402 0.00223933 0.00985395 0.000318028 0.000198446 1.71831e-05 0.0874925 0.00148261 21.4496 7.29601 158.758 26.7332 2544.99 179.573 2725.2 193.597 2725.2 193.597 0.573063 0.010315 
300 0.278 1863000000 880.383 23.4764 -87.5431 0.848966 8246.55 159.072 8.83871e+07 3.69897e+06 -1.08993e-05 0.00213249 0.000545402 0.0022356 0.00985395 0.000318034 0.000198446 1.71831e-05 0.0874925 0.00148091 21.4496 7.28171 158.758 26.6819 2544.99 179.573 2725.2 193.597 2725.2 193.597 0.573063 0.010315 
300 0.278 1864800000 880.383 23.4764 -87.5431 0.848966 8246.55 159.072 8.83871e+07 3.69897e+06 -1.08993e-05 0.00213249 0.000545402 0.0022356 0.00985395 0.000318034 0.000198446 1.71831e-05 0.0874925 0.00148091 21.4496 7.28171 158.758 26.6819 2544.99 179.573 2725.2 193.597 2725.2 193.597 0.573063 0.010315 
300 0.278 1866600000 880.383 23.4764 -87.5431 0.848966 8246.55 159.072 8.83871e+07 3.69897e+06 -1.08993e-05 0.00212866 0.000545402 0.00223408 0.00985395 0.000317582 0.000198446 1.71831e-05 0.0874925 0.00147853 21.4496 7.26742 158.758 26.6308 2544.99 179.573 2725.2 193.597 2725.2 193.597 0.573063 0.010315 
300 0.278 1868400000 880.383 23.4764 -87.5431 0.848966 8246.55 159.072 8.83871e+07 3.69897e+06 -1.08993e-05 0.00212866 0.000545402 0.00223408 0.00985395 0.000317582 0.000198446 1.71831e-05 0.0874925 0.00147853 21.4496 7.26742 158.758 26.6308 2544.99 179.573 2725.2 193.597 2725.2 193.597 0.573063 0.010315 
300 0.278 1870200000 880.383 23.4764 -87.5431 0.848966 8246.55 159.072 8.83871e+07 3.69897e+06 -1.08993e-05 0.00213233 0.000545402 0.00223501 0.00985395 0.00031746 0.000198446 1.71831e-05 0.0874925 0.00147834 21.4496 7.25321 158.758 26.5799 2544.99 179.573 2725.2 193.597 2725.2 193.597 0.573063 0.010315 
300 0.278 1872000000 880.383 23.4764 -87.5431 0.848966 8246.55 159.072 8.83871e+07 3.69897e+06 -1.08993e-05 0.00213233 0.000545402 0.00223501 0.00985395 0.00031746 0.000198446 1.71831e-05 0.0874925 0.00147834 21.4496 7.25321 158.758 26.5799 2544.99 179.573 2725.2 193.597 2725.2 193.597 0.573063 0.010315 
300 0.278 1873800000 880.383 23.4764 -87.5431 0.848966 8246.55 159.072 8.83871e+07 3.69897e+06 -1.08993e-05 0.0021286 0.000545402 0.00223095 0.00985395 0.000317189 0.000198446 1.71831e-05 0.0874925 0.00147779 21.4496 7.23906 158.758 26.5294 2544.99 179.573 2725.2 193.597 2725.2 193.597 0.573063 0.010315 
300 0.278 1875600000 880.383 23.4764 -87.5431 0.848966 8246.55 159.072 8.83871e+07 3.69897e+06 -1.08993e-05 0.0021286 0.000545402 0.00223095 0.00985395 0.000317189 0.000198446 1.71831e-05 0.0874925 0.00147779 21.4496 7.23906 158.758 26.5294 2544.99 179.573 2725.2 193.597 2725.2 193.597 0.573063 0.010315 
300 0.278 1877400000 881.646 22.8223 -87.7227 0.830525 8276.94 156.083 8.89111e+07 3.64956e+06 0.000336062 0.00212572 0.000402417 0.00222883 0.00979854 0.000316744 0.000196255 1.56339e-05 0.0872456 0.0014756 20.7609 7.22497 158.72 26.479 2547.96 160.626 2727.44 172.201 2727.44 172.201 0.572924 0.00970884 
300 0.278 1879200000 881.646 22.8223 -87.7227 0.830525 8276.94 156.083 8.89111e+07 3.64956e+06 0.000336062 0.00212572 0.000402417 0.00222883 0.00979854 0.000316744 0.000196255 1.56339e-05 0.0872456 0.0014756 20.7609 7.22497 158.72 26.479 2547.96 160.626 2727.44 172.201 2727.44 172.201 0.572924 0.00970884 
300 0.278 1881000000 881.646 22.8223 -87.7227 0.830525 8276.94 156.083 8.89111e+07 3.64956e+06 0.000336062 0.00214505 0.000402417 0.00222463 0.00979854 0.000318913 0.000196255 1.56339e-05 0.0872456 0.00148276 20.7609 7.21093 158.72 26.4286 2547.96 160.626 2727.44 172.201 2727.44 172.201 0.572924 0.00970884 
300 0.278 1882800000 881.646 22.8223 -87.7227 0.830525 8276.94 156.083 8.89111e+07 3.64956e+06 0.000336062 0.00214505 0.000402417 0.00222463 0.00979854 0.000318913 0.000196255 1.56339e-05 0.0872456 0.00148276 20.7609 7.21093 158.72 26.4286 2547.96 160.626 2727.44 172.201 2727.44 172.201 0.572924 0.00970884 
300 0.278 1884600000 881.646 22.8223 -87.7227 0.830525 8276.94 156.083 8.89111e+07 3.64956e+06 0.000336062 0.00214092 0.000402417 0.00222415 0.00979854 0.000318397 0.000196255 1.56339e-05 0.0872456 0.00148038 20.7609 7.19694 158.72 26.3785 2547.96 160.626 2727.44 172.201 2727.44 172.201 0.572924 0.00970884 
300 0.278 1886400000 881.646 22.8223 -87.7227 0.830525 8276.94 156.083 8.89111e+07 3.64956e+06 0.000336062 0.00214092 0.000402417 0.00222415 0.00979854 0.000318397 0.000196255 1.56339e-05 0.0872456 0.00148038 20.7609 7.19694 158.72 26.3785 2547.96 160.626 2727.44 172.201 2727.44 172.201 0.572924 0.00970884 
300 0.278 1888200000 881.646 22.8223 -87.7227 0.830525 8276.94 156.083 8.89111e+07 3.64956e+06 0.000336062 0.00213846 0.000402417 0.00222268 0.00979854 0.000317806 0.000196255 1.56339e-05 0.0872456 0.0014776 20.7609 7.18299 158.72 26.3287 2547.96 160.626 2727.44 172.201 2727.44 172.201 0.572924 0.00970884 
300 0.278 1890000000 881.646 22.8223 -87.7227 0.830525 8276.94 156.083 8.89111e+07 3.64956e+06 0.000336062 0.00213846 0.000402417 0.00222268 0.00979854 0.000317806 0.000196255 1.56339e-05 0.0872456 0.0014776 20.7609 7.18299 158.72 26.3287 2547.96 160.626 2727.44 172.201 2727.44 172.201 0.572924 0.00970884 
300 0.278 1891800000 881.646 22.8223 -87.7227 0.830525 8276.94 156.083 8.89111e+07 3.64956e+06 0.000336062 0.00213433 0.000402417 0.00222134 0.00979854 0.000317261 0.000196255 1.56339e-05 0.0872456 0.00147557 20.7609 7.16913 158.72 26.2791 2547.96 160.626 2727.44 172.201 2727.44 172.201 0.572924 0.00970884 
300 0.278 1893600000 881.646 22.8223 -87.7227 0.830525 8276.94 156.083 8.89111e+07 3.64956e+06 0.000336062 0.00213433 0.000402417 0.00222134 0.00979854 0.000317261 0.000196255 1.56339e-05 0.0872456 0.00147557 20.7609 7.16913 158.72 26.2791 2547.96 160.626 2727.44 172.201 2727.44 172.201 0.572924 0.00970884 
300 0.278 1895400000 881.646 22.8223 -87.7227 0.830525 8276.94 156.083 8.89111e+07 3.64956e+06 0.000336062 0.00214119 0.000402417 0.00221705 0.00979854 0.000316842 0.000196255 1.56339e-05 0.0872456 0.00147417 20.7609 7.1553 158.72 26.2289 2547.96 160.626 2727.44 172.201 2727.44 172.201 0.572924 0.00970884 
300 0.278 1897200000 881.646 22.8223 -87.7227 0.830525 8276.94 156.083 8.89111e+07 3.64956e+06 0.000336062 0.00214119 0.000402417 0.00221705 0.00979854 0.000316842 0.000196255 1.56339e-05 0.0872456 0.00147417 20.7609 7.1553 158.72 26.2289 2547.96 160.626 2727.44 172.201 2727.44 172.201 0.572924 0.00970884 
300 0.278 1899000000 881.646 22.8223 -87.7227 0.830525 8276.94 156.083 8.89111e+07 3.64956e+06 0.000336062 0.00213779 0.000402417 0.0022141 0.00979854 0.000316252 0.000196255 1.56339e-05 0.0872456 0.00147155 20.7609 7.14154 158.72 26.1794 2547.96 160.626 2727.44 172.201 2727.44 172.201 0.572924 0.00970884 
300 0.278 1900800000 881.646 22.8223 -87.7227 0.830525 8276.94 156.083 8.89111e+07 3.64956e+06 0.000336062 0.00213779 0.000402417 0.0022141 0.00979854 0.000316252 0.000196255 1.56339e-05 0.0872456 0.00147155 20.7609 7.14154 158.72 26.1794 2547.96 160.626 2727.44 172.201 2727.44 172.201 0.572924 0.00970884 
300 0.278 1902600000 881.646 22.8223 -87.7227 0.830525 8276.94 156.083 8.89111e+07 3.64956e+06 0.000336062 0.00213371 0.000402417 0.0022129 0.00979854 0.000315651 0.000196255 1.56339e-05 0.0872456 0.00146878 20.7609 7.12782 158.72 26.1304 2547.96 160.626 2727.44 172.201 2727.44 172.201 0.572924 0.00970884 
300 0.278 1904400000 881.646 22.8223 -87.7227 0.830525 8276.94 156.083 8.89111e+07 3.64956e+06 0.000336062 0.00213371 0.000402417 0.0022129 0.00979854 0.000315651 0.000196255 1.56339e-05 0.0872456 0.00146878 20.7609 7.12782 158.72 26.1304 2547.96 160.626 2727.44 172.201 2727.44 172.201 0.572924 0.00970884 
300 0.278 1906200000 881.646 22.8223 -87.7227 0.830525 8276.94 156.083 8.89111e+07 3.64956e+06 0.000336062 0.00213062 0.000402417 0.00220889 0.00979854 0.000315181 0.000196255 1.56339e-05 0.0872456 0.00146669 20.7609 7.11413 158.72 26.081 2547.96 160.626 2727.44 172.201 2727.44 172.201 0.572924 0.00970884 
300 0.278 1908000000 881.646 22.8223 -87.7227 0.830525 8276.94 156.083 8.89111e+07 3.64956e+06 0.000336062 0.00213062 0.000402417 0.00220889 0.00979854 0.000315181 0.000196255 1.56339e-05 0.0872456 0.00146669 20.7609 7.11413 158.72 26.081 2547.96 160.626 2727.44 172.201 2727.44 172.201 0.572924 0.00970884 
300 0.278 1909800000 881.646 22.8223 -87.7227 0.830525 8276.94 156.083 8.89111e+07 3.64956e+06 0.000336062 0.00213274 0.000402417 0.00220612 0.00979854 0.00031497 0.000196255 1.56339e-05 0.0872456 0.00146465 20.7609 7.10049 158.72 26.0317 2547.96 160.626 2727.44 172.201 2727.44 172.201 0.572924 0.00970884 
300 0.278 1911600000 881.646 22.8223 -87.7227 0.830525 8276.94 156.083 8.89111e+07 3.64956e+06 0.000336062 0.00213274 0.000402417 0.00220612 0.00979854 0.00031497 0.000196255 1.56339e-05 0.0872456 0.00146465 20.7609 7.10049 158.72 26.0317 2547.96 160.626 2727.44 172.201 2727.44 172.201 0.572924 0.00970884 
300 0.278 1913400000 881.646 22.8223 -87.7227 0.830525 8276.94 156.083 8.89111e+07 3.64956e+06 0.000336062 0.00212924 0.000402417 0.00220241 0.00979854 0.00031459 0.000196255 1.56339e-05 0.0872456 0.00146277 20.7609 7.08694 158.72 25.9831 2547.96 160.626 2727.44 172.201 2727.44 172.201 0.572924 0.00970884 
300 0.278 1915200000 881.646 22.8223 -87.7227 0.830525 8276.94 156.083 8.89111e+07 3.64956e+06 0.000336062 0.00212924 0.000402417 0.00220241 0.00979854 0.00031459 0.000196255 1.56339e-05 0.0872456 0.00146277 20.7609 7.08694 158.72 25.9831 2547.96 160.626 2727.44 172.201 2727.44 172.201 0.572924 0.00970884 
300 0.278 1917000000 881.646 22.8223 -87.7227 0.830525 8276.94 156.083 8.89111e+07 3.64956e+06 0.000336062 0.0021306 0.000402417 0.00220055 0.00979854 0.000314044 0.000196255 1.56339e-05 0.0872456 0.00146037 20.7609 7.07342 158.72 25.9346 2547.96 160.626 2727.44 172.201 2727.44 172.201 0.572924 0.00970884 
300 0.278 1918800000 881.646 22.8223 -87.7227 0.830525 8276.94 156.083 8.89111e+07 3.64956e+06 0.000336062 0.0021306 0.000402417 0.00220055 0.00979854 0.000314044 0.000196255 1.56339e-05 0.0872456 0.00146037 20.7609 7.07342 158.72 25.9346 2547.96 160.626 2727.44 172.201 2727.44 172.201 0.572924 0.00970884 
300 0.278 1920600000 881.646 22.8223 -87.7227 0.830525 8276.94 156.083 8.89111e+07 3.64956e+06 0.000336062 0.00212769 0.000402417 0.00219969 0.00979854 0.000313456 0.000196255 1.56339e-05 0.0872456 0.00145761 20.7609 7.05998 158.72 25.8853 2547.96 160.626 2727.44 172.201 2727.44 172.201 0.572924 0.00970884 
300 0.278 1922400000 881.646 22.8223 -87.7227 0.830525 8276.94 156.083 8.89111e+07 3.64956e+06 0.000336062 0.00212769 0.000402417 0.00219969 0.00979854 0.000313456 0.000196255 1.56339e-05 0.0872456 0.00145761 20.7609 7.05998 158.72 25.8853 2547.96 160.626 2727.44 172.201 2727.44 172.201 0.572924 0.00970884 
300 0.278 1924200000 881.646 22.8223 -87.7227 0.830525 8276.94 156.083 8.89111e+07 3.64956e+06 0.000336062 0.00212364 0.000402417 0.00219581 0.00979854 0.000313204 0.000196255 1.56339e-05 0.0872456 0.00145697 20.7609 7.04656 158.72 25.8365 2547.96 160.626 2727.44 172.201 2727.44 172.201 0.572924 0.00970884 
300 0.278 1926000000 881.646 22.8223 -87.7227 0.830525 8276.94 156.083 8.89111e+07 3.64956e+06 0.000336062 0.00212364 0.000402417 0.00219581 0.00979854 0.000313204 0.000196255 1.56339e-05 0.0872456 0.00145697 20.7609 7.04656 158.72 25.8365 2547.96 160.626 2727.44 172.201 2727.44 172.201 0.572924 0.00970884 
300 0.278 1927800000 881.646 22.8223 -87.7227 0.830525 8276.94 156.083 8.89111e+07 3.64956e+06 0.000336062 0.00211983 0.000402417 0.00220272 0.00979854 0.00031273 0.000196255 1.56339e-05 0.0872456 0.00145536 20.7609 7.03317 158.72 25.7884 2547.96 160.626 2727.44 172.201 2727.44 172.201 0.572924 0.00970884 
300 0.278 1929600000 881.646 22.8223 -87.7227 0.830525 8276.94 156.083 8.89111e+07 3.64956e+06 0.000336062 0.00211983 0.000402417 0.00220272 0.00979854 0.00031273 0.000196255 1.56339e-05 0.0872456 0.00145536 20.7609 7.03317 158.72 25.7884 2547.96 160.626 2727.44 172.201 2727.44 172.201 0.572924 0.00970884 
300 0.278 1931400000 881.646 22.8223 -87.7227 0.830525 8276.94 156.083 8.89111e+07 3.64956e+06 0.000336062 0.00211582 0.000402417 0.00220263 0.00979854 0.000312136 0.000196255 1.56339e-05 0.0872456 0.00145267 20.7609 7.01987 158.72 25.7405 2547.96 160.626 2727.44 172.201 2727.44 172.201 0.572924 0.00970884 
300 0.278 1933200000 881.646 22.8223 -87.7227 0.830525 8276.94 156.083 8.89111e+07 3.64956e+06 0.000336062 0.00211582 0.000402417 0.00220263 0.00979854 0.000312136 0.000196255 1.56339e-05 0.0872456 0.00145267 20.7609 7.01987 158.72 25.7405 2547.96 160.626 2727.44 172.201 2727.44 172.201 0.572924 0.00970884 
300 0.278 1935000000 881.646 22.2879 -87.7227 0.80608 8276.94 152.006 8.89111e+07 3.53963e+06 0.000336062 0.00211198 0.000402417 0.00219909 0.00979854 0.000311937 0.000196255 1.56339e-05 0.0872456 0.00145301 20.7609 7.00661 158.72 25.6929 2547.96 160.626 2727.44 172.201 2727.44 172.201 0.572924 0.00951805 
300 0.278 1936800000 881.646 22.2879 -87.7227 0.80608 8276.94 152.006 8.89111e+07 3.53963e+06 0.000336062 0.00211198 0.000402417 0.00219909 0.00979854 0.000311937 0.000196255 1.56339e-05 0.0872456 0.00145301 20.7609 7.00661 158.72 25.6929 2547.96 160.626 2727.44 172.201 2727.44 172.201 0.572924 0.00951805 
300 0.278 1938600000 881.646 22.2879 -87.7227 0.80608 8276.94 152.006 8.89111e+07 3.53963e+06 0.000336062 0.00210982 0.000402417 0.00219495 0.00979854 0.000311576 0.000196255 1.56339e-05 0.0872456 0.00145216 20.7609 6.99342 158.72 25.6457 2547.96 160.626 2727.44 172.201 2727.44 172.201 0.572924 0.00951805 
300 0.278 1940400000 881.646 22.2879 -87.7227 0.80608 8276.94 152.006 8.89111e+07 3.53963e+06 0.000336062 0.00210982 0.000402417 0.00219495 0.00979854 0.000311576 0.000196255 1.56339e-05 0.0872456 0.00145216 20.7609 6.99342 158.72 25.6457 2547.96 160.626 2727.44 172.201 2727.44 172.201 0.572924 0.00951805 
300 0.278 1942200000 881.646 22.2879 -87.7227 0.80608 8276.94 152.006 8.89111e+07 3.53963e+06 0.000336062 0.00210684 0.000402417 0.00219159 0.00979854 0.000313976 0.000196255 1.56339e-05 0.0872456 0.00146009 20.7609 6.98025 158.72 25.5976 2547.96 160.626 2727.44 172.201 2727.44 172.201 0.572924 0.00951805 
300 0.278 1944000000 881.646 22.2879 -87.7227 0.80608 8276.94 152.006 8.89111e+07 3.53963e+06 0.000336062 0.00210684 0.000402417 0.00219159 0.00979854 0.000313976 0.000196255 1.56339e-05 0.0872456 0.00146009 20.7609 6.98025 158.72 25.5976 2547.96 160.626 2727.44 172.201 2727.44 172.201 0.572924 0.00951805 
300 0.278 1945800000 881.646 22.2879 -87.7227 0.80608 8276.94 152.006 8.89111e+07 3.53963e+06 0.000336062 0.002107 0.000402417 0.00219056 0.00979854 0.000313836 0.000196255 1.56339e-05 0.0872456 0.00145772 20.7609 6.96714 158.72 25.5506 2547.96 160.626 2727.44 172.201 2727.44 172.201 0.572924 0.00951805 
300 0.278 1947600000 881.646 22.2879 -87.7227 0.80608 8276.94 152.006 8.89111e+07 3.53963e+06 0.000336062 0.002107 0.000402417 0.00219056 0.00979854 0.000313836 0.000196255 1.56339e-05 0.0872456 0.00145772 20.7609 6.96714 158.72 25.5506 2547.96 160.626 2727.44 172.201 2727.44 172.201 0.572924 0.00951805 
300 0.278 1949400000 881.646 22.2879 -87.7227 0.80608 8276.94 152.006 8.89111e+07 3.53963e+06 0.000336062 0.00210626 0.000402417 0.00218662 0.00979854 0.000313428 0.000196255 1.56339e-05 0.0872456 0.00145566 20.7609 6.95407 158.72 25.5034 2547.96 160.626 2727.44 172.201 2727.44 172.201 0.572924 0.00951805 
300 0.278 1951200000 881.646 22.2879 -87.7227 0.80608 8276.94 152.006 8.89111e+07 3.53963e+06 0.000336062 0.00210626 0.000402417 0.00218662 0.00979854 0.000313428 0.000196255 1.56339e-05 0.0872456 0.00145566 20.7609 6.95407 158.72 25.5034 2547.96 160.626 2727.44 172.201 2727.44 172.201 0.572924 0.00951805 
300 0.278 1953000000 881.646 22.2879 -87.7227 0.80608 8276.94 152.006 8.89111e+07 3.53963e+06 0.000336062 0.00210446 0.000402417 0.00218604 0.00979854 0.000312858 0.000196255 1.56339e-05 0.0872456 0.00145293 20.7609 6.94105 158.72 25.4568 2547.96 160.626 2727.44 172.201 2727.44 172.201 0.572924 0.00951805 
300 0.278 1954800000 881.646 22.2879 -87.7227 0.80608 8276.94 152.006 8.89111e+07 3.53963e+06 0.000336062 0.00210446 0.000402417 0.00218604 0.00979854 0.000312858 0.000196255 1.56339e-05 0.0872456 0.00145293 20.7609 6.94105 158.72 25.4568 2547.96 160.626 2727.44 172.201 2727.44 172.201 0.572924 0.00951805 
300 0.278 1956600000 881.646 22.2879 -87.7227 0.80608 8276.94 152.006 8.89111e+07 3.53963e+06 0.000336062 0.00210067 0.000402417 0.00218196 0.00979854 0.000312442 0.000196255 1.56339e-05 0.0872456 0.00145077 20.7609 6.92806 158.72 25.4745 2547.96 160.626 2727.44 172.201 2727.44 172.201 0.572924 0.00951805 
300 0.278 1958400000 881.646 22.2879 -87.7227 0.80608 8276.94 152.006 8.89111e+07 3.53963e+06 0.000336062 0.00210067 0.000402417 0.00218196 0.00979854 0.000312442 0.000196255 1.56339e-05 0.0872456 0.00145077 20.7609 6.92806 158.72 25.4745 2547.96 160.626 2727.44 172.201 2727.44 172.201 0.572924 0.00951805 
300 0.278 1960200000 881.646 22.2879 -87.7227 0.80608 8276.94 152.006 8.89111e+07 3.53963e+06 0.000336062 0.00209779 0.000402417 0.00217855 0.00979854 0.000312004 0.000196255 1.56339e-05 0.0872456 0.00144854 20.7609 6.91517 158.72 25.4283 2547.96 160.626 2727.44 172.201 2727.44 172.201 0.572924 0.00951805 
300 0.278 1962000000 881.646 22.2879 -87.7227 0.80608 8276.94 152.006 8.89111e+07 3.53963e+06 0.000336062 0.00209779 0.000402417 0.00217855 0.00979854 0.000312004 0.000196255 1.56339e-05 0.0872456 0.00144854 20.7609 6.91517 158.72 25.4283 2547.96 160.626 2727.44 172.201 2727.44 172.201 0.572924 0.00951805 
300 0.278 1963800000 881.646 22.2879 -87.7227 0.80608 8276.94 152.006 8.89111e+07 3.53963e+06 0.000336062 0.00209394 0.000402417 0.00217535 0.00979854 0.000311664 0.000196255 1.56339e-05 0.0872456 0.00144747 20.7609 6.9023 158.72 25.382 2547.96 160.626 2727.44 172.201 2727.44 172.201 0.572924 0.00951805 
300 0.278 1965600000 881.646 22.2879 -87.7227 0.80608 8276.94 152.006 8.89111e+07 3.53963e+06 0.000336062 0.00209394 0.000402417 0.00217535 0.00979854 0.000311664 0.000196255 1.56339e-05 0.0872456 0.00144747 20.7609 6.9023 158.72 25.382 2547.96 160.626 2727.44 172.201 2727.44 172.201 0.572924 0.00951805 
300 0.278 1967400000 881.646 22.2879 -87.7227 0.80608 8276.94 152.006 8.89111e+07 3.53963e+06 0.000336062 0.00209071 0.000402417 0.00217417 0.00979854 0.000311187 0.000196255 1.56339e-05 0.0872456 0.00144517 20.7609 6.88949 158.72 25.3359 2547.96 160.626 2727.44 172.201 2727.44 172.201 0.572924 0.00951805 
300 0.278 1969200000 881.646 22.2879 -87.7227 0.80608 8276.94 152.006 8.89111e+07 3.53963e+06 0.000336062 0.00209071 0.000402417 0.00217417 0.00979854 0.000311187 0.000196255 1.56339e-05 0.0872456 0.00144517 20.7609 6.88949 158.72 25.3359 2547.96 160.626 2727.44 172.201 2727.44 172.201 0.572924 0.00951805 
300 0.278 1971000000 881.646 22.2879 -87.7227 0.80608 8276.94 152.006 8.89111e+07 3.53963e+06 0.000336062 0.00208735 0.000402417 0.00217017 0.00979854 0.000310635 0.000196255 1.56339e-05 0.0872456 0.00144249 20.7609 6.87674 158.72 25.29 2547.96 160.626 2727.44 172.201 2727.44 172.201 0.572924 0.00951805 
300 0.278 1972800000 881.646 22.2879 -87.7227 0.80608 8276.94 152.006 8.89111e+07 3.53963e+06 0.000336062 0.00208735 0.000402417 0.00217017 0.00979854 0.000310635 0.000196255 1.56339e-05 0.0872456 0.00144249 20.7609 6.87674 158.72 25.29 2547.96 160.626 2727.44 172.201 2727.44 172.201 0.572924 0.00951805 
300 0.278 1974600000 881.646 22.2879 -87.7227 0.80608 8276.94 152.006 8.89111e+07 3.53963e+06 0.000336062 0.00208825 0.000402417 0.00217433 0.00979854 0.000310698 0.000196255 1.56339e-05 0.0872456 0.00144307 20.7609 6.86399 158.72 25.2438 2547.96 160.626 2727.44 172.201 2727.44 172.201 0.572924 0.00951805 
300 0.278 1976400000 881.646 22.2879 -87.7227 0.80608 8276.94 152.006 8.89111e+07 3.53963e+06 0.000336062 0.00208825 0.000402417 0.00217433 0.00979854 0.000310698 0.000196255 1.56339e-05 0.0872456 0.00144307 20.7609 6.86399 158.72 25.2438 2547.96 160.626 2727.44 172.201 2727.44 172.201 0.572924 0.00951805 
300 0.278 1978200000 881.646 22.2879 -87.7227 0.80608 8276.94 152.006 8.89111e+07 3.53963e+06 0.000336062 0.00208444 0.000402417 0.00217237 0.00979854 0.000310301 0.000196255 1.56339e-05 0.0872456 0.00144121 20.7609 6.8513 158.72 25.198 2547.96 160.626 2727.44 172.201 2727.44 172.201 0.572924 0.00951805 
300 0.278 1980000000 881.646 22.2879 -87.7227 0.80608 8276.94 152.006 8.89111e+07 3.53963e+06 0.000336062 0.00208444 0.000402417 0.00217237 0.00979854 0.000310301 0.000196255 1.56339e-05 0.0872456 0.00144121 20.7609 6.8513 158.72 25.198 2547.96 160.626 2727.44 172.201 2727.44 172.201 0.572924 0.00951805 
300 0.278 1981800000 881.646 22.2879 -87.7227 0.80608 8276.94 152.006 8.89111e+07 3.53963e+06 0.000336062 0.00208699 0.000402417 0.00216835 0.00979854 0.000309739 0.000196255 1.56339e-05 0.0872456 0.00143855 20.7609 6.83866 158.72 25.1526 2547.96 160.626 2727.44 172.201 2727.44 172.201 0.572924 0.00951805 
300 0.278 1983600000 881.646 22.2879 -87.7227 0.80608 8276.94 152.006 8.89111e+07 3.53963e+06 0.000336062 0.00208699 0.000402417 0.00216835 0.00979854 0.000309739 0.000196255 1.56339e-05 0.0872456 0.00143855 20.7609 6.83866 158.72 25.1526 2547.96 160.626 2727.44 172.201 2727.44 172.201 0.572924 0.00951805 
300 0.278 1985400000 881.646 22.2879 -87.7227 0.80608 8276.94 152.006 8.89111e+07 3.53963e+06 0.000336062 0.00208347 0.000402417 0.00216459 0.00979854 0.000309577 0.000196255 1.56339e-05 0.0872456 0.00143925 20.7609 6.82609 158.72 25.1073 2547.96 160.626 2727.44 172.201 2727.44 172.201 0.572924 0.00951805 
300 0.278 1987200000 881.646 22.2879 -87.7227 0.80608 8276.94 152.006 8.89111e+07 3.53963e+06 0.000336062 0.00208347 0.000402417 0.00216459 0.00979854 0.000309577 0.000196255 1.56339e-05 0.0872456 0.00143925 20.7609 6.82609 158.72 25.1073 2547.96 160.626 2727.44 172.201 2727.44 172.201 0.572924 0.00951805 
300 0.278 1989000000 881.646 22.2879 -87.7227 0.80608 8276.94 152.006 8.89111e+07 3.53963e+06 0.000336062 0.00208446 0.000402417 0.00216319 0.00979854 0.000309166 0.000196255 1.56339e-05 0.0872456 0.00143808 20.7609 6.81356 158.72 25.0624 2547.96 160.626 2727.44 172.201 2727.44 172.201 0.572924 0.00951805 
300 0.278 1990800000 881.646 22.2879 -87.7227 0.80608 8276.94 152.006 8.89111e+07 3.53963e+06 0.000336062 0.00208446 0.000402417 0.00216319 0.00979854 0.000309166 0.000196255 1.56339e-05 0.0872456 0.00143808 20.7609 6.81356 158.72 25.0624 2547.96 160.626 2727.44 172.201 2727.44 172.201 0.572924 0.00951805 
300 0.278 1992600000 881.917 21.7625 -87.6606 0.788159 8260.6 148.237 8.83859e+07 3.4647e+06 4.58728e-05 0.00208658 0.000689882 0.00215937 0.00979794 0.000308613 0.000196215 1.56339e-05 0.0872083 0.00143544 20.1203 6.80107 153.437 25.0173 2551.14 160.626 2724.69 172.201 2724.69 172.201 0.574274 0.00926076 
300 0.278 1994400000 881.917 21.7625 -87.6606 0.788159 8260.6 148.237 8.83859e+07 3.4647e+06 4.58728e-05 0.00208658 0.000689882 0.00215937 0.00979794 0.000308613 0.000196215 1.56339e-05 0.0872083 0.00143544 20.1203 6.80107 153.437 25.0173 2551.14 160.626 2724.69 172.201 2724.69 172.201 0.574274 0.00926076 
300 0.278 1996200000 881.917 21.7625 -87.6606 0.788159 8260.6 148.237 8.83859e+07 3.4647e+06 4.58728e-05 0.00208362 0.000689882 0.00215545 0.00979794 0.000308148 0.000196215 1.56339e-05 0.0872083 0.00143305 20.1203 6.78862 153.437 24.9725 2551.14 160.626 2724.69 172.201 2724.69 172.201 0.574274 0.00926076 
300 0.278 1998000000 881.917 21.7625 -87.6606 0.788159 8260.6 148.237 8.83859e+07 3.4647e+06 4.58728e-05 0.00208362 0.000689882 0.00215545 0.00979794 0.000308148 0.000196215 1.56339e-05 0.0872083 0.00143305 20.1203 6.78862 153.437 24.9725 2551.14 160.626 2724.69 172.201 2724.69 172.201 0.574274 0.00926076 
300 0.278 1999800000 881.917 21.7625 -87.6606 0.788159 8260.6 148.237 8.83859e+07 3.4647e+06 4.58728e-05 0.00208108 0.000689882 0.00215156 0.00979794 0.000307673 0.000196215 1.56339e-05 0.0872083 0.0014309 20.1203 6.77622 153.437 24.9272 2551.14 160.626 2724.69 172.201 2724.69 172.201 0.574274 0.00926076 
300 0.278 2001600000 881.917 21.7625 -87.6606 0.788159 8260.6 148.237 8.83859e+07 3.4647e+06 4.58728e-05 0.00208108 0.000689882 0.00215156 0.00979794 0.000307673 0.000196215 1.56339e-05 0.0872083 0.0014309 20.1203 6.77622 153.437 24.9272 2551.14 160.626 2724.69 172.201 2724.69 172.201 0.574274 0.00926076 
300 0.278 2003400000 881.917 21.7625 -87.6606 0.788159 8260.6 148.237 8.83859e+07 3.4647e+06 4.58728e-05 0.00207829 0.000689882 0.00214793 0.00979794 0.000307142 0.000196215 1.56339e-05 0.0872083 0.00142841 20.1203 6.76386 153.437 24.8826 2551.14 160.626 2724.69 172.201 2724.69 172.201 0.574274 0.00926076 
300 0.278 2005200000 881.917 21.7625 -87.6606 0.788159 8260.6 148.237 8.83859e+07 3.4647e+06 4.58728e-05 0.00207829 0.000689882 0.00214793 0.00979794 0.000307142 0.000196215 1.56339e-05 0.0872083 0.00142841 20.1203 6.76386 153.437 24.8826 2551.14 160.626 2724.69 172.201 2724.69 172.201 0.574274 0.00926076 
300 0.278 2007000000 881.917 21.7625 -87.6606 0.788159 8260.6 148.237 8.83859e+07 3.4647e+06 4.58728e-05 0.00207461 0.000689882 0.00214559 0.00979794 0.000306639 0.000196215 1.56339e-05 0.0872083 0.00142585 20.1203 6.75153 153.437 24.8377 2551.14 160.626 2724.69 172.201 2724.69 172.201 0.574274 0.00926076 
300 0.278 2008800000 881.917 21.7625 -87.6606 0.788159 8260.6 148.237 8.83859e+07 3.4647e+06 4.58728e-05 0.00207461 0.000689882 0.00214559 0.00979794 0.000306639 0.000196215 1.56339e-05 0.0872083 0.00142585 20.1203 6.75153 153.437 24.8377 2551.14 160.626 2724.69 172.201 2724.69 172.201 0.574274 0.00926076 
300 0.278 2010600000 881.917 21.7625 -87.6606 0.788159 8260.6 148.237 8.83859e+07 3.4647e+06 4.58728e-05 0.00207115 0.000689882 0.00214757 0.00979794 0.000306086 0.000196215 1.56339e-05 0.0872083 0.00142328 20.1203 6.73925 153.437 24.7936 2551.14 160.626 2724.69 172.201 2724.69 172.201 0.574274 0.00926076 
300 0.278 2012400000 881.917 21.7625 -87.6606 0.788159 8260.6 148.237 8.83859e+07 3.4647e+06 4.58728e-05 0.00207115 0.000689882 0.00214757 0.00979794 0.000306086 0.000196215 1.56339e-05 0.0872083 0.00142328 20.1203 6.73925 153.437 24.7936 2551.14 160.626 2724.69 172.201 2724.69 172.201 0.574274 0.00926076 
300 0.278 2014200000 881.917 21.7625 -87.6606 0.788159 8260.6 148.237 8.83859e+07 3.4647e+06 4.58728e-05 0.00206781 0.000689882 0.00214382 0.00979794 0.000305819 0.000196215 1.56339e-05 0.0872083 0.00142235 20.1203 6.72701 153.437 24.7496 2551.14 160.626 2724.69 172.201 2724.69 172.201 0.574274 0.00926076 
300 0.278 2016000000 881.917 21.7625 -87.6606 0.788159 8260.6 148.237 8.83859e+07 3.4647e+06 4.58728e-05 0.00206781 0.000689882 0.00214382 0.00979794 0.000305819 0.000196215 1.56339e-05 0.0872083 0.00142235 20.1203 6.72701 153.437 24.7496 2551.14 160.626 2724.69 172.201 2724.69 172.201 0.574274 0.00926076 
300 0.278 2017800000 881.917 21.7625 -87.6606 0.788159 8260.6 148.237 8.83859e+07 3.4647e+06 4.58728e-05 0.00206499 0.000689882 0.00214194 0.00979794 0.000305309 0.000196215 1.56339e-05 0.0872083 0.00142042 20.1203 6.71484 153.437 24.7057 2551.14 160.626 2724.69 172.201 2724.69 172.201 0.574274 0.00926076 
300 0.278 2019600000 881.917 21.7625 -87.6606 0.788159 8260.6 148.237 8.83859e+07 3.4647e+06 4.58728e-05 0.00206499 0.000689882 0.00214194 0.00979794 0.000305309 0.000196215 1.56339e-05 0.0872083 0.00142042 20.1203 6.71484 153.437 24.7057 2551.14 160.626 2724.69 172.201 2724.69 172.201 0.574274 0.00926076 
300 0.278 2021400000 881.917 21.7625 -87.6606 0.788159 8260.6 148.237 8.83859e+07 3.4647e+06 4.58728e-05 0.00206315 0.000689882 0.00213899 0.00979794 0.000304765 0.000196215 1.56339e-05 0.0872083 0.00141784 20.1203 6.7027 153.437 24.662 2551.14 160.626 2724.69 172.201 2724.69 172.201 0.574274 0.00926076 
300 0.278 2023200000 881.917 21.7625 -87.6606 0.788159 8260.6 148.237 8.83859e+07 3.4647e+06 4.58728e-05 0.00206315 0.000689882 0.00213899 0.00979794 0.000304765 0.000196215 1.56339e-05 0.0872083 0.00141784 20.1203 6.7027 153.437 24.662 2551.14 160.626 2724.69 172.201 2724.69 172.201 0.574274 0.00926076 
300 0.278 2025000000 881.917 21.7625 -87.6606 0.788159 8260.6 148.237 8.83859e+07 3.4647e+06 4.58728e-05 0.00206388 0.000689882 0.0021388 0.00979794 0.000304625 0.000196215 1.56339e-05 0.0872083 0.00141757 20.1203 6.69062 153.437 24.6185 2551.14 160.626 2724.69 172.201 2724.69 172.201 0.574274 0.00926076 
300 0.278 2026800000 881.917 21.7625 -87.6606 0.788159 8260.6 148.237 8.83859e+07 3.4647e+06 4.58728e-05 0.00206388 0.000689882 0.0021388 0.00979794 0.000304625 0.000196215 1.56339e-05 0.0872083 0.00141757 20.1203 6.69062 153.437 24.6185 2551.14 160.626 2724.69 172.201 2724.69 172.201 0.574274 0.00926076 
300 0.278 2028600000 881.917 21.7625 -87.6606 0.788159 8260.6 148.237 8.83859e+07 3.4647e+06 4.58728e-05 0.00206022 0.000689882 0.00213674 0.00979794 0.000304187 0.000196215 1.56339e-05 0.0872083 0.00141623 20.1203 6.67857 153.437 24.575 2551.14 160.626 2724.69 172.201 2724.69 172.201 0.574274 0.00926076 
300 0.278 2030400000 881.917 21.7625 -87.6606 0.788159 8260.6 148.237 8.83859e+07 3.4647e+06 4.58728e-05 0.00206022 0.000689882 0.00213674 0.00979794 0.000304187 0.000196215 1.56339e-05 0.0872083 0.00141623 20.1203 6.67857 153.437 24.575 2551.14 160.626 2724.69 172.201 2724.69 172.201 0.574274 0.00926076 
300 0.278 2032200000 881.917 21.7625 -87.6606 0.788159 8260.6 148.237 8.83859e+07 3.4647e+06 4.58728e-05 0.00205763 0.000689882 0.00213494 0.00979794 0.000303692 0.000196215 1.56339e-05 0.0872083 0.00141435 20.1203 6.66657 153.437 24.532 2551.14 160.626 2724.69 172.201 2724.69 172.201 0.574274 0.00926076 
300 0.278 2034000000 881.917 21.7625 -87.6606 0.788159 8260.6 148.237 8.83859e+07 3.4647e+06 4.58728e-05 0.00205763 0.000689882 0.00213494 0.00979794 0.000303692 0.000196215 1.56339e-05 0.0872083 0.00141435 20.1203 6.66657 153.437 24.532 2551.14 160.626 2724.69 172.201 2724.69 172.201 0.574274 0.00926076 
300 0.278 2035800000 881.917 21.7625 -87.6606 0.788159 8260.6 148.237 8.83859e+07 3.4647e+06 4.58728e-05 0.00205553 0.000689882 0.00213156 0.00979794 0.0003033 0.000196215 1.56339e-05 0.0872083 0.00141231 20.1203 6.65463 153.437 24.4892 2551.14 160.626 2724.69 172.201 2724.69 172.201 0.574274 0.00926076 
300 0.278 2037600000 881.917 21.7625 -87.6606 0.788159 8260.6 148.237 8.83859e+07 3.4647e+06 4.58728e-05 0.00205553 0.000689882 0.00213156 0.00979794 0.0003033 0.000196215 1.56339e-05 0.0872083 0.00141231 20.1203 6.65463 153.437 24.4892 2551.14 160.626 2724.69 172.201 2724.69 172.201 0.574274 0.00926076 
300 0.278 2039400000 881.917 21.7625 -87.6606 0.788159 8260.6 148.237 8.83859e+07 3.4647e+06 4.58728e-05 0.00206042 0.000689882 0.0021287 0.00979794 0.000302993 0.000196215 1.56339e-05 0.0872083 0.0014105 20.1203 6.64272 153.437 24.4457 2551.14 160.626 2724.69 172.201 2724.69 172.201 0.574274 0.00926076 
300 0.278 2041200000 881.917 21.7625 -87.6606 0.788159 8260.6 148.237 8.83859e+07 3.4647e+06 4.58728e-05 0.00206042 0.000689882 0.0021287 0.00979794 0.000302993 0.000196215 1.56339e-05 0.0872083 0.0014105 20.1203 6.64272 153.437 24.4457 2551.14 160.626 2724.69 172.201 2724.69 172.201 0.574274 0.00926076 
300 0.278 2043000000 881.917 21.7625 -87.6606 0.788159 8260.6 148.237 8.83859e+07 3.4647e+06 4.58728e-05 0.00205673 0.000689882 0.00213004 0.00979794 0.000302451 0.000196215 1.56339e-05 0.0872083 0.001408 20.1203 6.63083 153.437 24.7142 2551.14 160.626 2724.69 172.201 2724.69 172.201 0.574274 0.00926076 
300 0.278 2044800000 881.917 21.7625 -87.6606 0.788159 8260.6 148.237 8.83859e+07 3.4647e+06 4.58728e-05 0.00205673 0.000689882 0.00213004 0.00979794 0.000302451 0.000196215 1.56339e-05 0.0872083 0.001408 20.1203 6.63083 153.437 24.7142 2551.14 160.626 2724.69 172.201 2724.69 172.201 0.574274 0.00926076 
300 0.278 2046600000 881.917 21.7625 -87.6606 0.788159 8260.6 148.237 8.83859e+07 3.4647e+06 4.58728e-05 0.00205819 0.000689882 0.00212632 0.00979794 0.000301931 0.000196215 1.56339e-05 0.0872083 0.00140551 20.1203 6.61899 153.437 24.6711 2551.14 160.626 2724.69 172.201 2724.69 172.201 0.574274 0.00926076 
300 0.278 2048400000 881.917 21.7625 -87.6606 0.788159 8260.6 148.237 8.83859e+07 3.4647e+06 4.58728e-05 0.00205819 0.000689882 0.00212632 0.00979794 0.000301931 0.000196215 1.56339e-05 0.0872083 0.00140551 20.1203 6.61899 153.437 24.6711 2551.14 160.626 2724.69 172.201 2724.69 172.201 0.574274 0.00926076 
300 0.278 2050200000 881.917 21.8156 -87.6606 0.774508 8260.6 146.189 8.83859e+07 3.43854e+06 4.58728e-05 0.002059 0.000689882 0.00212276 0.00979794 0.000301433 0.000196215 1.56339e-05 0.0872083 0.00140304 20.1203 6.60717 153.437 24.8168 2551.14 160.626 2724.69 172.201 2724.69 172.201 0.574274 0.00926076 
300 0.278 2052000000 881.917 21.8156 -87.6606 0.774508 8260.6 146.189 8.83859e+07 3.43854e+06 4.58728e-05 0.002059 0.000689882 0.00212276 0.00979794 0.000301433 0.000196215 1.56339e-05 0.0872083 0.00140304 20.1203 6.60717 153.437 24.8168 2551.14 160.626 2724.69 172.201 2724.69 172.201 0.574274 0.00926076 
300 0.278 2053800000 881.917 21.8156 -87.6606 0.774508 8260.6 146.189 8.83859e+07 3.43854e+06 4.58728e-05 0.00206222 0.000689882 0.00212261 0.00979794 0.000301235 0.000196215 1.56339e-05 0.0872083 0.00140287 20.1203 6.59542 153.437 24.7734 2551.14 160.626 2724.69 172.201 2724.69 172.201 0.574274 0.00926076 
300 0.278 2055600000 881.917 21.8156 -87.6606 0.774508 8260.6 146.189 8.83859e+07 3.43854e+06 4.58728e-05 0.00206222 0.000689882 0.00212261 0.00979794 0.000301235 0.000196215 1.56339e-05 0.0872083 0.00140287 20.1203 6.59542 153.437 24.7734 2551.14 160.626 2724.69 172.201 2724.69 172.201 0.574274 0.00926076 
300 0.278 2057400000 881.917 21.8156 -87.6606 0.774508 8260.6 146.189 8.83859e+07 3.43854e+06 4.58728e-05 0.00205857 0.000689882 0.00212179 0.00979794 0.000300763 0.000196215 1.56339e-05 0.0872083 0.00140058 20.1203 6.58372 153.437 24.7304 2551.14 160.626 2724.69 172.201 2724.69 172.201 0.574274 0.00926076 
300 0.278 2059200000 881.917 21.8156 -87.6606 0.774508 8260.6 146.189 8.83859e+07 3.43854e+06 4.58728e-05 0.00205857 0.000689882 0.00212179 0.00979794 0.000300763 0.000196215 1.56339e-05 0.0872083 0.00140058 20.1203 6.58372 153.437 24.7304 2551.14 160.626 2724.69 172.201 2724.69 172.201 0.574274 0.00926076 
300 0.278 2061000000 881.917 21.8156 -87.6606 0.774508 8260.6 146.189 8.83859e+07 3.43854e+06 4.58728e-05 0.0020553 0.000689882 0.00211811 0.00979794 0.000300488 0.000196215 1.56339e-05 0.0872083 0.00139996 20.1203 6.57205 153.437 24.6875 2551.14 160.626 2724.69 172.201 2724.69 172.201 0.574274 0.00926076 
300 0.278 2062800000 881.917 21.8156 -87.6606 0.774508 8260.6 146.189 8.83859e+07 3.43854e+06 4.58728e-05 0.0020553 0.000689882 0.00211811 0.00979794 0.000300488 0.000196215 1.56339e-05 0.0872083 0.00139996 20.1203 6.57205 153.437 24.6875 2551.14 160.626 2724.69 172.201 2724.69 172.201 0.574274 0.00926076 
300 0.278 2064600000 881.917 21.8156 -87.6606 0.774508 8260.6 146.189 8.83859e+07 3.43854e+06 4.58728e-05 0.00205233 0.000689882 0.00211738 0.00979794 0.000299977 0.000196215 1.56339e-05 0.0872083 0.00139766 20.1203 6.56042 153.437 25.3383 2551.14 160.626 2724.69 172.201 2724.69 172.201 0.574274 0.00926076 
300 0.278 2066400000 881.917 21.8156 -87.6606 0.774508 8260.6 146.189 8.83859e+07 3.43854e+06 4.58728e-05 0.00205233 0.000689882 0.00211738 0.00979794 0.000299977 0.000196215 1.56339e-05 0.0872083 0.00139766 20.1203 6.56042 153.437 25.3383 2551.14 160.626 2724.69 172.201 2724.69 172.201 0.574274 0.00926076 
300 0.278 2068200000 881.917 21.8156 -87.6606 0.774508 8260.6 146.189 8.83859e+07 3.43854e+06 4.58728e-05 0.00204874 0.000689882 0.00211469 0.00979794 0.00029945 0.000196215 1.56339e-05 0.0872083 0.00139518 20.1203 6.54883 153.437 25.2946 2551.14 160.626 2724.69 172.201 2724.69 172.201 0.574274 0.00926076 
300 0.278 2070000000 881.917 21.8156 -87.6606 0.774508 8260.6 146.189 8.83859e+07 3.43854e+06 4.58728e-05 0.00204874 0.000689882 0.00211469 0.00979794 0.00029945 0.000196215 1.56339e-05 0.0872083 0.00139518 20.1203 6.54883 153.437 25.2946 2551.14 160.626 2724.69 172.201 2724.69 172.201 0.574274 0.00926076 
300 0.278 2071800000 881.917 21.8156 -87.6606 0.774508 8260.6 146.189 8.83859e+07 3.43854e+06 4.58728e-05 0.00204578 0.000689882 0.0021113 0.00979794 0.000299045 0.000196215 1.56339e-05 0.0872083 0.0013935 20.1203 6.5373 153.437 25.2512 2551.14 160.626 2724.69 172.201 2724.69 172.201 0.574274 0.00926076 
300 0.278 2073600000 881.917 21.8156 -87.6606 0.774508 8260.6 146.189 8.83859e+07 3.43854e+06 4.58728e-05 0.00204578 0.000689882 0.0021113 0.00979794 0.000299045 0.000196215 1.56339e-05 0.0872083 0.0013935 20.1203 6.5373 153.437 25.2512 2551.14 160.626 2724.69 172.201 2724.69 172.201 0.574274 0.00926076 
300 0.278 2075400000 881.917 21.8156 -87.6606 0.774508 8260.6 146.189 8.83859e+07 3.43854e+06 4.58728e-05 0.00204476 0.000689882 0.00210942 0.00979794 0.000298517 0.000196215 1.56339e-05 0.0872083 0.00139105 20.1203 6.5258 153.437 25.2079 2551.14 160.626 2724.69 172.201 2724.69 172.201 0.574274 0.00926076 
300 0.278 2077200000 881.917 21.8156 -87.6606 0.774508 8260.6 146.189 8.83859e+07 3.43854e+06 4.58728e-05 0.00204476 0.000689882 0.00210942 0.00979794 0.000298517 0.000196215 1.56339e-05 0.0872083 0.00139105 20.1203 6.5258 153.437 25.2079 2551.14 160.626 2724.69 172.201 2724.69 172.201 0.574274 0.00926076 
300 0.278 2079000000 881.917 21.8156 -87.6606 0.774508 8260.6 146.189 8.83859e+07 3.43854e+06 4.58728e-05 0.00204142 0.000689882 0.00210579 0.00979794 0.000297994 0.000196215 1.56339e-05 0.0872083 0.00138866 20.1203 6.51434 153.437 25.1645 2551.14 160.626 2724.69 172.201 2724.69 172.201 0.574274 0.00926076 
300 0.278 2080800000 881.917 21.8156 -87.6606 0.774508 8260.6 146.189 8.83859e+07 3.43854e+06 4.58728e-05 0.00204142 0.000689882 0.00210579 0.00979794 0.000297994 0.000196215 1.56339e-05 0.0872083 0.00138866 20.1203 6.51434 153.437 25.1645 2551.14 160.626 2724.69 172.201 2724.69 172.201 0.574274 0.00926076 
300 0.278 2082600000 881.917 21.8156 -87.6606 0.774508 8260.6 146.189 8.83859e+07 3.43854e+06 4.58728e-05 0.00203981 0.000689882 0.00210214 0.00979794 0.000297628 0.000196215 1.56339e-05 0.0872083 0.00138752 20.1203 6.50294 153.437 25.1216 2551.14 160.626 2724.69 172.201 2724.69 172.201 0.574274 0.00926076 
300 0.278 2084400000 881.917 21.8156 -87.6606 0.774508 8260.6 146.189 8.83859e+07 3.43854e+06 4.58728e-05 0.00203981 0.000689882 0.00210214 0.00979794 0.000297628 0.000196215 1.56339e-05 0.0872083 0.00138752 20.1203 6.50294 153.437 25.1216 2551.14 160.626 2724.69 172.201 2724.69 172.201 0.574274 0.00926076 
300 0.278 2086200000 881.917 21.8156 -87.6606 0.774508 8260.6 146.189 8.83859e+07 3.43854e+06 4.58728e-05 0.002037 0.000689882 0.00209864 0.00979794 0.000297158 0.000196215 1.56339e-05 0.0872083 0.00138531 20.1203 6.49153 153.437 25.0781 2551.14 160.626 2724.69 172.201 2724.69 172.201 0.574274 0.00926076 
300 0.278 2088000000 881.917 21.8156 -87.6606 0.774508 8260.6 146.189 8.83859e+07 3.43854e+06 4.58728e-05 0.002037 0.000689882 0.00209864 0.00979794 0.000297158 0.000196215 1.56339e-05 0.0872083 0.00138531 20.1203 6.49153 153.437 25.0781 2551.14 160.626 2724.69 172.201 2724.69 172.201 0.574274 0.00926076 
300 0.278 2089800000 881.917 21.8156 -87.6606 0.774508 8260.6 146.189 8.83859e+07 3.43854e+06 4.58728e-05 0.00203485 0.000689882 0.00209525 0.00979794 0.000297002 0.000196215 1.56339e-05 0.0872083 0.00138475 20.1203 6.4802 153.437 25.0356 2551.14 160.626 2724.69 172.201 2724.69 172.201 0.574274 0.00926076 
300 0.278 2091600000 881.917 21.8156 -87.6606 0.774508 8260.6 146.189 8.83859e+07 3.43854e+06 4.58728e-05 0.00203485 0.000689882 0.00209525 0.00979794 0.000297002 0.000196215 1.56339e-05 0.0872083 0.00138475 20.1203 6.4802 153.437 25.0356 2551.14 160.626 2724.69 172.201 2724.69 172.201 0.574274 0.00926076 
300 0.278 2093400000 881.917 21.8156 -87.6606 0.774508 8260.6 146.189 8.83859e+07 3.43854e+06 4.58728e-05 0.00203202 0.000689882 0.00209162 0.00979794 0.000296587 0.000196215 1.56339e-05 0.0872083 0.00138283 20.1203 6.46889 153.437 24.9928 2551.14 160.626 2724.69 172.201 2724.69 172.201 0.574274 0.00926076 
300 0.278 2095200000 881.917 21.8156 -87.6606 0.774508 8260.6 146.189 8.83859e+07 3.43854e+06 4.58728e-05 0.00203202 0.000689882 0.00209162 0.00979794 0.000296587 0.000196215 1.56339e-05 0.0872083 0.00138283 20.1203 6.46889 153.437 24.9928 2551.14 160.626 2724.69 172.201 2724.69 172.201 0.574274 0.00926076 
300 0.278 2097000000 881.917 21.8156 -87.6606 0.774508 8260.6 146.189 8.83859e+07 3.43854e+06 4.58728e-05 0.00202923 0.000689882 0.00208893 0.00979794 0.00029608 0.000196215 1.56339e-05 0.0872083 0.00138055 20.1203 6.4576 153.437 24.9923 2551.14 160.626 2724.69 172.201 2724.69 172.201 0.574274 0.00926076 
300 0.278 2098800000 881.917 21.8156 -87.6606 0.774508 8260.6 146.189 8.83859e+07 3.43854e+06 4.58728e-05 0.00202923 0.000689882 0.00208893 0.00979794 0.00029608 0.000196215 1.56339e-05 0.0872083 0.00138055 20.1203 6.4576 153.437 24.9923 2551.14 160.626 2724.69 172.201 2724.69 172.201 0.574274 0.00926076 
300 0.278 2100600000 881.917 21.8156 -87.6606 0.774508 8260.6 146.189 8.83859e+07 3.43854e+06 4.58728e-05 0.00202607 0.000689882 0.00208573 0.00979794 0.000295834 0.000196215 1.56339e-05 0.0872083 0.00137978 20.1203 6.44638 153.437 24.95 2551.14 160.626 2724.69 172.201 2724.69 172.201 0.574274 0.00926076 
300 0.278 2102400000 881.917 21.8156 -87.6606 0.774508 8260.6 146.189 8.83859e+07 3.43854e+06 4.58728e-05 0.00202607 0.000689882 0.00208573 0.00979794 0.000295834 0.000196215 1.56339e-05 0.0872083 0.00137978 20.1203 6.44638 153.437 24.95 2551.14 160.626 2724.69 172.201 2724.69 172.201 0.574274 0.00926076 
300 0.278 2104200000 881.917 21.8156 -87.6606 0.774508 8260.6 146.189 8.83859e+07 3.43854e+06 4.58728e-05 0.00202898 0.000689882 0.00208253 0.00979794 0.00029532 0.000196215 1.56339e-05 0.0872083 0.00137751 20.1203 6.43521 153.437 24.9078 2551.14 160.626 2724.69 172.201 2724.69 172.201 0.574274 0.00926076 
300 0.278 2106000000 881.917 21.8156 -87.6606 0.774508 8260.6 146.189 8.83859e+07 3.43854e+06 4.58728e-05 0.00202898 0.000689882 0.00208253 0.00979794 0.00029532 0.000196215 1.56339e-05 0.0872083 0.00137751 20.1203 6.43521 153.437 24.9078 2551.14 160.626 2724.69 172.201 2724.69 172.201 0.574274 0.00926076 
300 0.278 2107800000 880.965 22.1328 -87.8912 0.76106 8299.57 142.741 8.91459e+07 3.34333e+06 0.000277765 0.00202714 0.000118823 0.0020859 0.00975962 0.000295101 0.000193318 1.41699e-05 0.0871157 0.00137703 19.5463 6.42408 161.463 24.8658 2530.15 143.762 2711.16 153.835 2711.16 153.835 0.570918 0.00910848 
300 0.278 2109600000 880.965 22.1328 -87.8912 0.76106 8299.57 142.741 8.91459e+07 3.34333e+06 0.000277765 0.00202714 0.000118823 0.0020859 0.00975962 0.000295101 0.000193318 1.41699e-05 0.0871157 0.00137703 19.5463 6.42408 161.463 24.8658 2530.15 143.762 2711.16 153.835 2711.16 153.835 0.570918 0.00910848 
300 0.278 2111400000 880.965 22.1328 -87.8912 0.76106 8299.57 142.741 8.91459e+07 3.34333e+06 0.000277765 0.00202422 0.000118823 0.00208255 0.00975962 0.000294601 0.000193318 1.41699e-05 0.0871157 0.00137501 19.5463 6.41295 161.463 24.8236 2530.15 143.762 2711.16 153.835 2711.16 153.835 0.570918 0.00910848 
300 0.278 2113200000 880.965 22.1328 -87.8912 0.76106 8299.57 142.741 8.91459e+07 3.34333e+06 0.000277765 0.00202422 0.000118823 0.00208255 0.00975962 0.000294601 0.000193318 1.41699e-05 0.0871157 0.00137501 19.5463 6.41295 161.463 24.8236 2530.15 143.762 2711.16 153.835 2711.16 153.835 0.570918 0.00910848 
300 0.278 2115000000 880.965 22.1328 -87.8912 0.76106 8299.57 142.741 8.91459e+07 3.34333e+06 0.000277765 0.00202093 0.000118823 0.00207895 0.00975962 0.000294455 0.000193318 1.41699e-05 0.0871157 0.00137599 19.5463 6.4019 161.463 24.7811 2530.15 143.762 2711.16 153.835 2711.16 153.835 0.570918 0.00910848 
300 0.278 2116800000 880.965 22.1328 -87.8912 0.76106 8299.57 142.741 8.91459e+07 3.34333e+06 0.000277765 0.00202093 0.000118823 0.00207895 0.00975962 0.000294455 0.000193318 1.41699e-05 0.0871157 0.00137599 19.5463 6.4019 161.463 24.7811 2530.15 143.762 2711.16 153.835 2711.16 153.835 0.570918 0.00910848 
300 0.278 2118600000 880.965 22.1328 -87.8912 0.76106 8299.57 142.741 8.91459e+07 3.34333e+06 0.000277765 0.00202107 0.000118823 0.00207821 0.00975962 0.000293949 0.000193318 1.41699e-05 0.0871157 0.00137366 19.5463 6.39088 161.463 24.7394 2530.15 143.762 2711.16 153.835 2711.16 153.835 0.570918 0.00910848 
300 0.278 2120400000 880.965 22.1328 -87.8912 0.76106 8299.57 142.741 8.91459e+07 3.34333e+06 0.000277765 0.00202107 0.000118823 0.00207821 0.00975962 0.000293949 0.000193318 1.41699e-05 0.0871157 0.00137366 19.5463 6.39088 161.463 24.7394 2530.15 143.762 2711.16 153.835 2711.16 153.835 0.570918 0.00910848 
300 0.278 2122200000 880.965 22.1328 -87.8912 0.76106 8299.57 142.741 8.91459e+07 3.34333e+06 0.000277765 0.00201773 0.000118823 0.00207468 0.00975962 0.000293486 0.000193318 1.41699e-05 0.0871157 0.00137132 19.5463 6.37987 161.463 25.3244 2530.15 143.762 2711.16 153.835 2711.16 153.835 0.570918 0.00910848 
300 0.278 2124000000 880.965 22.1328 -87.8912 0.76106 8299.57 142.741 8.91459e+07 3.34333e+06 0.000277765 0.00201773 0.000118823 0.00207468 0.00975962 0.000293486 0.000193318 1.41699e-05 0.0871157 0.00137132 19.5463 6.37987 161.463 25.3244 2530.15 143.762 2711.16 153.835 2711.16 153.835 0.570918 0.00910848 
300 0.278 2125800000 880.965 22.1328 -87.8912 0.76106 8299.57 142.741 8.91459e+07 3.34333e+06 0.000277765 0.00201451 0.000118823 0.00207208 0.00975962 0.000293195 0.000193318 1.41699e-05 0.0871157 0.00137022 19.5463 6.36893 161.463 25.2819 2530.15 143.762 2711.16 153.835 2711.16 153.835 0.570918 0.00910848 
300 0.278 2127600000 880.965 22.1328 -87.8912 0.76106 8299.57 142.741 8.91459e+07 3.34333e+06 0.000277765 0.00201451 0.000118823 0.00207208 0.00975962 0.000293195 0.000193318 1.41699e-05 0.0871157 0.00137022 19.5463 6.36893 161.463 25.2819 2530.15 143.762 2711.16 153.835 2711.16 153.835 0.570918 0.00910848 
300 0.278 2129400000 880.965 22.1328 -87.8912 0.76106 8299.57 142.741 8.91459e+07 3.34333e+06 0.000277765 0.00201109 0.000118823 0.00206892 0.00975962 0.000292925 0.000193318 1.41699e-05 0.0871157 0.0013693 19.5463 6.35801 161.463 25.2398 2530.15 143.762 2711.16 153.835 2711.16 153.835 0.570918 0.00910848 
300 0.278 2131200000 880.965 22.1328 -87.8912 0.76106 8299.57 142.741 8.91459e+07 3.34333e+06 0.000277765 0.00201109 0.000118823 0.00206892 0.00975962 0.000292925 0.000193318 1.41699e-05 0.0871157 0.0013693 19.5463 6.35801 161.463 25.2398 2530.15 143.762 2711.16 153.835 2711.16 153.835 0.570918 0.00910848 
300 0.278 2133000000 880.965 22.1328 -87.8912 0.76106 8299.57 142.741 8.91459e+07 3.34333e+06 0.000277765 0.00201005 0.000118823 0.00206565 0.00975962 0.000292465 0.000193318 1.41699e-05 0.0871157 0.00136743 19.5463 6.34713 161.463 25.1965 2530.15 143.762 2711.16 153.835 2711.16 153.835 0.570918 0.00910848 
300 0.278 2134800000 880.965 22.1328 -87.8912 0.76106 8299.57 142.741 8.91459e+07 3.34333e+06 0.000277765 0.00201005 0.000118823 0.00206565 0.00975962 0.000292465 0.000193318 1.41699e-05 0.0871157 0.00136743 19.5463 6.34713 161.463 25.1965 2530.15 143.762 2711.16 153.835 2711.16 153.835 0.570918 0.00910848 
300 0.278 2136600000 880.965 22.1328 -87.8912 0.76106 8299.57 142.741 8.91459e+07 3.34333e+06 0.000277765 0.00201052 0.000118823 0.0020629 0.00975962 0.000291972 0.000193318 1.41699e-05 0.0871157 0.00136514 19.5463 6.3363 161.463 25.1541 2530.15 143.762 2711.16 153.835 2711.16 153.835 0.570918 0.00910848 
300 0.278 2138400000 880.965 22.1328 -87.8912 0.76106 8299.57 142.741 8.91459e+07 3.34333e+06 0.000277765 0.00201052 0.000118823 0.0020629 0.00975962 0.000291972 0.000193318 1.41699e-05 0.0871157 0.00136514 19.5463 6.3363 161.463 25.1541 2530.15 143.762 2711.16 153.835 2711.16 153.835 0.570918 0.00910848 
300 0.278 2140200000 880.965 22.1328 -87.8912 0.76106 8299.57 142.741 8.91459e+07 3.34333e+06 0.000277765 0.00201043 0.000118823 0.0020644 0.00975962 0.000291545 0.000193318 1.41699e-05 0.0871157 0.00136371 19.5463 6.3255 161.463 25.1124 2530.15 143.762 2711.16 153.835 2711.16 153.835 0.570918 0.00910848 
300 0.278 2142000000 880.965 22.1328 -87.8912 0.76106 8299.57 142.741 8.91459e+07 3.34333e+06 0.000277765 0.00201043 0.000118823 0.0020644 0.00975962 0.000291545 0.000193318 1.41699e-05 0.0871157 0.00136371 19.5463 6.3255 161.463 25.1124 2530.15 143.762 2711.16 153.835 2711.16 153.835 0.570918 0.00910848 
300 0.278 2143800000 880.965 22.1328 -87.8912 0.76106 8299.57 142.741 8.91459e+07 3.34333e+06 0.000277765 0.002007 0.000118823 0.00206138 0.00975962 0.000291072 0.000193318 1.41699e-05 0.0871157 0.00136185 19.5463 6.31473 161.463 25.0702 2530.15 143.762 2711.16 153.835 2711.16 153.835 0.570918 0.00910848 
300 0.278 2145600000 880.965 22.1328 -87.8912 0.76106 8299.57 142.741 8.91459e+07 3.34333e+06 0.000277765 0.002007 0.000118823 0.00206138 0.00975962 0.000291072 0.000193318 1.41699e-05 0.0871157 0.00136185 19.5463 6.31473 161.463 25.0702 2530.15 143.762 2711.16 153.835 2711.16 153.835 0.570918 0.00910848 
300 0.278 2147400000 880.965 22.1328 -87.8912 0.76106 8299.57 142.741 8.91459e+07 3.34333e+06 0.000277765 0.00200497 0.000118823 0.0020601 0.00975962 0.000290621 0.000193318 1.41699e-05 0.0871157 0.0013598 19.5463 6.30397 161.463 25.0284 2530.15 143.762 2711.16 153.835 2711.16 153.835 0.570918 0.00910848 
300 0.278 2149200000 880.965 22.1328 -87.8912 0.76106 8299.57 142.741 8.91459e+07 3.34333e+06 0.000277765 0.00200497 0.000118823 0.0020601 0.00975962 0.000290621 0.000193318 1.41699e-05 0.0871157 0.0013598 19.5463 6.30397 161.463 25.0284 2530.15 143.762 2711.16 153.835 2711.16 153.835 0.570918 0.00910848 
300 0.278 2151000000 880.965 22.1328 -87.8912 0.76106 8299.57 142.741 8.91459e+07 3.34333e+06 0.000277765 0.0020019 0.000118823 0.0020566 0.00975962 0.000290161 0.000193318 1.41699e-05 0.0871157 0.00135751 19.5463 6.29328 161.463 24.9869 2530.15 143.762 2711.16 153.835 2711.16 153.835 0.570918 0.00910848 
300 0.278 2152800000 880.965 22.1328 -87.8912 0.76106 8299.57 142.741 8.91459e+07 3.34333e+06 0.000277765 0.0020019 0.000118823 0.0020566 0.00975962 0.000290161 0.000193318 1.41699e-05 0.0871157 0.00135751 19.5463 6.29328 161.463 24.9869 2530.15 143.762 2711.16 153.835 2711.16 153.835 0.570918 0.00910848 
300 0.278 2154600000 880.965 22.1328 -87.8912 0.76106 8299.57 142.741 8.91459e+07 3.34333e+06 0.000277765 0.00199866 0.000118823 0.00205312 0.00975962 0.000290054 0.000193318 1.41699e-05 0.0871157 0.0013588 19.5463 6.28261 161.463 24.945 2530.15 143.762 2711.16 153.835 2711.16 153.835 0.570918 0.00910848 
300 0.278 2156400000 880.965 22.1328 -87.8912 0.76106 8299.57 142.741 8.91459e+07 3.34333e+06 0.000277765 0.00199866 0.000118823 0.00205312 0.00975962 0.000290054 0.000193318 1.41699e-05 0.0871157 0.0013588 19.5463 6.28261 161.463 24.945 2530.15 143.762 2711.16 153.835 2711.16 153.835 0.570918 0.00910848 
300 0.278 2158200000 880.965 22.1328 -87.8912 0.76106 8299.57 142.741 8.91459e+07 3.34333e+06 0.000277765 0.00199583 0.000118823 0.00205411 0.00975962 0.000289589 0.000193318 1.41699e-05 0.0871157 0.00135686 19.5463 6.27199 161.463 24.9038 2530.15 143.762 2711.16 153.835 2711.16 153.835 0.570918 0.00910848 
300 0.278 2160000000 880.965 22.1328 -87.8912 0.76106 8299.57 142.741 8.91459e+07 3.34333e+06 0.000277765 0.00199583 0.000118823 0.00205411 0.00975962 0.000289589 0.000193318 1.41699e-05 0.0871157 0.00135686 19.5463 6.27199 161.463 24.9038 2530.15 143.762 2711.16 153.835 2711.16 153.835 0.570918 0.00910848 
300 0.278 2161800000 880.965 22.1328 -87.8912 0.76106 8299.57 142.741 8.91459e+07 3.34333e+06 0.000277765 0.00199284 0.000118823 0.00205569 0.00975962 0.000289198 0.000193318 1.41699e-05 0.0871157 0.00135565 19.5463 6.26141 161.463 24.8626 2530.15 143.762 2711.16 153.835 2711.16 153.835 0.570918 0.00910848 
300 0.278 2163600000 880.965 22.1328 -87.8912 0.76106 8299.57 142.741 8.91459e+07 3.34333e+06 0.000277765 0.00199284 0.000118823 0.00205569 0.00975962 0.000289198 0.000193318 1.41699e-05 0.0871157 0.00135565 19.5463 6.26141 161.463 24.8626 2530.15 143.762 2711.16 153.835 2711.16 153.835 0.570918 0.00910848 
300 0.278 2165400000 880.965 22.0354 -87.8912 0.748924 8299.57 141.118 8.91459e+07 3.26884e+06 0.000277765 0.00198996 0.000118823 0.0020562 0.00975962 0.000288968 0.000193318 1.41699e-05 0.0871157 0.00135459 19.5463 6.25086 161.463 24.8216 2530.15 143.762 2711.16 153.835 2711.16 153.835 0.570918 0.00917257 
300 0.278 2167200000 880.965 22.0354 -87.8912 0.748924 8299.57 141.118 8.91459e+07 3.26884e+06 0.000277765 0.00198996 0.000118823 0.0020562 0.00975962 0.000288968 0.000193318 1.41699e-05 0.0871157 0.00135459 19.5463 6.25086 161.463 24.8216 2530.15 143.762 2711.16 153.835 2711.16 153.835 0.570918 0.00917257 
300 0.278 2169000000 880.965 22.0354 -87.8912 0.748924 8299.57 141.118 8.91459e+07 3.26884e+06 0.000277765 0.00198661 0.000118823 0.00205359 0.00975962 0.000288801 0.000193318 1.41699e-05 0.0871157 0.00135481 19.5463 6.24037 161.463 24.781 2530.15 143.762 2711.16 153.835 2711.16 153.835 0.570918 0.00917257 
300 0.278 2170800000 880.965 22.0354 -87.8912 0.748924 8299.57 141.118 8.91459e+07 3.26884e+06 0.000277765 0.00198661 0.000118823 0.00205359 0.00975962 0.000288801 0.000193318 1.41699e-05 0.0871157 0.00135481 19.5463 6.24037 161.463 24.781 2530.15 143.762 2711.16 153.835 2711.16 153.835 0.570918 0.00917257 
300 0.278 2172600000 880.965 22.0354 -87.8912 0.748924 8299.57 141.118 8.91459e+07 3.26884e+06 0.000277765 0.00198336 0.000118823 0.00205318 0.00975962 0.000288337 0.000193318 1.41699e-05 0.0871157 0.00135272 19.5463 6.22987 161.463 24.7395 2530.15 143.762 2711.16 153.835 2711.16 153.835 0.570918 0.00917257 
300 0.278 2174400000 880.965 22.0354 -87.8912 0.748924 8299.57 141.118 8.91459e+07 3.26884e+06 0.000277765 0.00198336 0.000118823 0.00205318 0.00975962 0.000288337 0.000193318 1.41699e-05 0.0871157 0.00135272 19.5463 6.22987 161.463 24.7395 2530.15 143.762 2711.16 153.835 2711.16 153.835 0.570918 0.00917257 
300 0.278 2176200000 880.965 22.0354 -87.8912 0.748924 8299.57 141.118 8.91459e+07 3.26884e+06 0.000277765 0.00198047 0.000118823 0.00205126 0.00975962 0.000287853 0.000193318 1.41699e-05 0.0871157 0.00135045 19.5463 6.21942 161.463 24.6991 2530.15 143.762 2711.16 153.835 2711.16 153.835 0.570918 0.00917257 
300 0.278 2178000000 880.965 22.0354 -87.8912 0.748924 8299.57 141.118 8.91459e+07 3.26884e+06 0.000277765 0.00198047 0.000118823 0.00205126 0.00975962 0.000287853 0.000193318 1.41699e-05 0.0871157 0.00135045 19.5463 6.21942 161.463 24.6991 2530.15 143.762 2711.16 153.835 2711.16 153.835 0.570918 0.00917257 
300 0.278 2179800000 880.965 22.0354 -87.8912 0.748924 8299.57 141.118 8.91459e+07 3.26884e+06 0.000277765 0.0019782 0.000118823 0.00204883 0.00975962 0.000287404 0.000193318 1.41699e-05 0.0871157 0.00134845 19.5463 6.20901 161.463 24.6585 2530.15 143.762 2711.16 153.835 2711.16 153.835 0.570918 0.00917257 
300 0.278 2181600000 880.965 22.0354 -87.8912 0.748924 8299.57 141.118 8.91459e+07 3.26884e+06 0.000277765 0.0019782 0.000118823 0.00204883 0.00975962 0.000287404 0.000193318 1.41699e-05 0.0871157 0.00134845 19.5463 6.20901 161.463 24.6585 2530.15 143.762 2711.16 153.835 2711.16 153.835 0.570918 0.00917257 
300 0.278 2183400000 880.965 22.0354 -87.8912 0.748924 8299.57 141.118 8.91459e+07 3.26884e+06 0.000277765 0.00197549 0.000118823 0.00204653 0.00975962 0.000287036 0.000193318 1.41699e-05 0.0871157 0.00134685 19.5463 6.19865 161.463 24.6181 2530.15 143.762 2711.16 153.835 2711.16 153.835 0.570918 0.00917257 
300 0.278 2185200000 880.965 22.0354 -87.8912 0.748924 8299.57 141.118 8.91459e+07 3.26884e+06 0.000277765 0.00197549 0.000118823 0.00204653 0.00975962 0.000287036 0.000193318 1.41699e-05 0.0871157 0.00134685 19.5463 6.19865 161.463 24.6181 2530.15 143.762 2711.16 153.835 2711.16 153.835 0.570918 0.00917257 
300 0.278 2187000000 880.965 22.0354 -87.8912 0.748924 8299.57 141.118 8.91459e+07 3.26884e+06 0.000277765 0.00197402 0.000118823 0.00204361 0.00975962 0.000286562 0.000193318 1.41699e-05 0.0871157 0.00134488 19.5463 6.18833 161.463 24.5781 2530.15 143.762 2711.16 153.835 2711.16 153.835 0.570918 0.00917257 
300 0.278 2188800000 880.965 22.0354 -87.8912 0.748924 8299.57 141.118 8.91459e+07 3.26884e+06 0.000277765 0.00197402 0.000118823 0.00204361 0.00975962 0.000286562 0.000193318 1.41699e-05 0.0871157 0.00134488 19.5463 6.18833 161.463 24.5781 2530.15 143.762 2711.16 153.835 2711.16 153.835 0.570918 0.00917257 
300 0.278 2190600000 880.965 22.0354 -87.8912 0.748924 8299.57 141.118 8.91459e+07 3.26884e+06 0.000277765 0.00197597 0.000118823 0.00204042 0.00975962 0.000286092 0.000193318 1.41699e-05 0.0871157 0.00134297 19.5463 6.17802 161.463 24.538 2530.15 143.762 2711.16 153.835 2711.16 153.835 0.570918 0.00917257 
300 0.278 2192400000 880.965 22.0354 -87.8912 0.748924 8299.57 141.118 8.91459e+07 3.26884e+06 0.000277765 0.00197597 0.000118823 0.00204042 0.00975962 0.000286092 0.000193318 1.41699e-05 0.0871157 0.00134297 19.5463 6.17802 161.463 24.538 2530.15 143.762 2711.16 153.835 2711.16 153.835 0.570918 0.00917257 
300 0.278 2194200000 880.965 22.0354 -87.8912 0.748924 8299.57 141.118 8.91459e+07 3.26884e+06 0.000277765 0.00197333 0.000118823 0.00203708 0.00975962 0.000285718 0.000193318 1.41699e-05 0.0871157 0.00134104 19.5463 6.16776 161.463 24.4981 2530.15 143.762 2711.16 153.835 2711.16 153.835 0.570918 0.00917257 
300 0.278 2196000000 880.965 22.0354 -87.8912 0.748924 8299.57 141.118 8.91459e+07 3.26884e+06 0.000277765 0.00197333 0.000118823 0.00203708 0.00975962 0.000285718 0.000193318 1.41699e-05 0.0871157 0.00134104 19.5463 6.16776 161.463 24.4981 2530.15 143.762 2711.16 153.835 2711.16 153.835 0.570918 0.00917257 
300 0.278 2197800000 880.965 22.0354 -87.8912 0.748924 8299.57 141.118 8.91459e+07 3.26884e+06 0.000277765 0.00197118 0.000118823 0.00203406 0.00975962 0.000285419 0.000193318 1.41699e-05 0.0871157 0.00134047 19.5463 6.15754 161.463 24.458 2530.15 143.762 2711.16 153.835 2711.16 153.835 0.570918 0.00917257 
300 0.278 2199600000 880.965 22.0354 -87.8912 0.748924 8299.57 141.118 8.91459e+07 3.26884e+06 0.000277765 0.00197118 0.000118823 0.00203406 0.00975962 0.000285419 0.000193318 1.41699e-05 0.0871157 0.00134047 19.5463 6.15754 161.463 24.458 2530.15 143.762 2711.16 153.835 2711.16 153.835 0.570918 0.00917257 
300 0.278 2201400000 880.965 22.0354 -87.8912 0.748924 8299.57 141.118 8.91459e+07 3.26884e+06 0.000277765 0.00196801 0.000118823 0.0020317 0.00975962 0.000284987 0.000193318 1.41699e-05 0.0871157 0.00133833 19.5463 6.14732 161.463 24.4179 2530.15 143.762 2711.16 153.835 2711.16 153.835 0.570918 0.00917257 
300 0.278 2203200000 880.965 22.0354 -87.8912 0.748924 8299.57 141.118 8.91459e+07 3.26884e+06 0.000277765 0.00196801 0.000118823 0.0020317 0.00975962 0.000284987 0.000193318 1.41699e-05 0.0871157 0.00133833 19.5463 6.14732 161.463 24.4179 2530.15 143.762 2711.16 153.835 2711.16 153.835 0.570918 0.00917257 
300 0.278 2205000000 880.965 22.0354 -87.8912 0.748924 8299.57 141.118 8.91459e+07 3.26884e+06 0.000277765 0.00196477 0.000118823 0.00202849 0.00975962 0.000284552 0.000193318 1.41699e-05 0.0871157 0.00133614 19.5463 6.13714 161.463 24.3781 2530.15 143.762 2711.16 153.835 2711.16 153.835 0.570918 0.00917257 
300 0.278 2206800000 880.965 22.0354 -87.8912 0.748924 8299.57 141.118 8.91459e+07 3.26884e+06 0.000277765 0.00196477 0.000118823 0.00202849 0.00975962 0.000284552 0.000193318 1.41699e-05 0.0871157 0.00133614 19.5463 6.13714 161.463 24.3781 2530.15 143.762 2711.16 153.835 2711.16 153.835 0.570918 0.00917257 
300 0.278 2208600000 880.965 22.0354 -87.8912 0.748924 8299.57 141.118 8.91459e+07 3.26884e+06 0.000277765 0.00196167 0.000118823 0.00202514 0.00975962 0.000284273 0.000193318 1.41699e-05 0.0871157 0.00133484 19.5463 6.12701 161.463 24.3389 2530.15 143.762 2711.16 153.835 2711.16 153.835 0.570918 0.00917257 
300 0.278 2210400000 880.965 22.0354 -87.8912 0.748924 8299.57 141.118 8.91459e+07 3.26884e+06 0.000277765 0.00196167 0.000118823 0.00202514 0.00975962 0.000284273 0.000193318 1.41699e-05 0.0871157 0.00133484 19.5463 6.12701 161.463 24.3389 2530.15 143.762 2711.16 153.835 2711.16 153.835 0.570918 0.00917257 
300 0.278 2212200000 880.965 22.0354 -87.8912 0.748924 8299.57 141.118 8.91459e+07 3.26884e+06 0.000277765 0.00195863 0.000118823 0.00202471 0.00975962 0.00028392 0.000193318 1.41699e-05 0.0871157 0.001333 19.5463 6.11692 161.463 24.4399 2530.15 143.762 2711.16 153.835 2711.16 153.835 0.570918 0.00917257 
300 0.278 2214000000 880.965 22.0354 -87.8912 0.748924 8299.57 141.118 8.91459e+07 3.26884e+06 0.000277765 0.00195863 0.000118823 0.00202471 0.00975962 0.00028392 0.000193318 1.41699e-05 0.0871157 0.001333 19.5463 6.11692 161.463 24.4399 2530.15 143.762 2711.16 153.835 2711.16 153.835 0.570918 0.00917257 
300 0.278 2215800000 880.965 22.0354 -87.8912 0.748924 8299.57 141.118 8.91459e+07 3.26884e+06 0.000277765 0.00195553 0.000118823 0.00202296 0.00975962 0.000283518 0.000193318 1.41699e-05 0.0871157 0.00133111 19.5463 6.10686 161.463 24.4008 2530.15 143.762 2711.16 153.835 2711.16 153.835 0.570918 0.00917257 
300 0.278 2217600000 880.965 22.0354 -87.8912 0.748924 8299.57 141.118 8.91459e+07 3.26884e+06 0.000277765 0.00195553 0.000118823 0.00202296 0.00975962 0.000283518 0.000193318 1.41699e-05 0.0871157 0.00133111 19.5463 6.10686 161.463 24.4008 2530.15 143.762 2711.16 153.835 2711.16 153.835 0.570918 0.00917257 
300 0.278 2219400000 880.965 22.0354 -87.8912 0.748924 8299.57 141.118 8.91459e+07 3.26884e+06 0.000277765 0.00195639 0.000118823 0.00203794 0.00975962 0.000286413 0.000193318 1.41699e-05 0.0871157 0.0013398 19.5463 6.09685 161.463 24.3617 2530.15 143.762 2711.16 153.835 2711.16 153.835 0.570918 0.00917257 
300 0.278 2221200000 880.965 22.0354 -87.8912 0.748924 8299.57 141.118 8.91459e+07 3.26884e+06 0.000277765 0.00195639 0.000118823 0.00203794 0.00975962 0.000286413 0.000193318 1.41699e-05 0.0871157 0.0013398 19.5463 6.09685 161.463 24.3617 2530.15 143.762 2711.16 153.835 2711.16 153.835 0.570918 0.00917257 
300 0.278 2223000000 886.503 21.4701 -87.8221 0.722687 8283.57 135.688 8.89254e+07 3.18452e+06 -0.000221207 0.00195523 7.27553e-05 0.00203521 0.00974755 0.000285942 0.000191627 1.41699e-05 0.0871469 0.00133775 18.9719 6.08684 163.546 24.3226 2574.02 143.762 2756.53 153.835 2756.53 153.835 0.572134 0.00900702 
300 0.278 2224800000 886.503 21.4701 -87.8221 0.722687 8283.57 135.688 8.89254e+07 3.18452e+06 -0.000221207 0.00195523 7.27553e-05 0.00203521 0.00974755 0.000285942 0.000191627 1.41699e-05 0.0871469 0.00133775 18.9719 6.08684 163.546 24.3226 2574.02 143.762 2756.53 153.835 2756.53 153.835 0.572134 0.00900702 
300 0.278 2226600000 886.503 21.4701 -87.8221 0.722687 8283.57 135.688 8.89254e+07 3.18452e+06 -0.000221207 0.00195313 7.27553e-05 0.00203493 0.00974755 0.000285527 0.000191627 1.41699e-05 0.0871469 0.00133562 18.9719 6.07687 163.546 24.2836 2574.02 143.762 2756.53 153.835 2756.53 153.835 0.572134 0.00900702 
300 0.278 2228400000 886.503 21.4701 -87.8221 0.722687 8283.57 135.688 8.89254e+07 3.18452e+06 -0.000221207 0.00195313 7.27553e-05 0.00203493 0.00974755 0.000285527 0.000191627 1.41699e-05 0.0871469 0.00133562 18.9719 6.07687 163.546 24.2836 2574.02 143.762 2756.53 153.835 2756.53 153.835 0.572134 0.00900702 
300 0.278 2230200000 886.503 21.4701 -87.8221 0.722687 8283.57 135.688 8.89254e+07 3.18452e+06 -0.000221207 0.00195041 7.27553e-05 0.00203162 0.00974755 0.000285195 0.000191627 1.41699e-05 0.0871469 0.00133392 18.9719 6.06695 163.546 24.245 2574.02 143.762 2756.53 153.835 2756.53 153.835 0.572134 0.00900702 
300 0.278 2232000000 886.503 21.4701 -87.8221 0.722687 8283.57 135.688 8.89254e+07 3.18452e+06 -0.000221207 0.00195041 7.27553e-05 0.00203162 0.00974755 0.000285195 0.000191627 1.41699e-05 0.0871469 0.00133392 18.9719 6.06695 163.546 24.245 2574.02 143.762 2756.53 153.835 2756.53 153.835 0.572134 0.00900702 
300 0.278 2233800000 886.503 21.4701 -87.8221 0.722687 8283.57 135.688 8.89254e+07 3.18452e+06 -0.000221207 0.00194893 7.27553e-05 0.00202849 0.00974755 0.000284955 0.000191627 1.41699e-05 0.0871469 0.00133293 18.9719 6.05705 163.546 24.2065 2574.02 143.762 2756.53 153.835 2756.53 153.835 0.572134 0.00900702 
300 0.278 2235600000 886.503 21.4701 -87.8221 0.722687 8283.57 135.688 8.89254e+07 3.18452e+06 -0.000221207 0.00194893 7.27553e-05 0.00202849 0.00974755 0.000284955 0.000191627 1.41699e-05 0.0871469 0.00133293 18.9719 6.05705 163.546 24.2065 2574.02 143.762 2756.53 153.835 2756.53 153.835 0.572134 0.00900702 
300 0.278 2237400000 886.503 21.4701 -87.8221 0.722687 8283.57 135.688 8.89254e+07 3.18452e+06 -0.000221207 0.00194711 7.27553e-05 0.00202658 0.00974755 0.000284489 0.000191627 1.41699e-05 0.0871469 0.00133086 18.9719 6.04717 163.546 24.168 2574.02 143.762 2756.53 153.835 2756.53 153.835 0.572134 0.00900702 
300 0.278 2239200000 886.503 21.4701 -87.8221 0.722687 8283.57 135.688 8.89254e+07 3.18452e+06 -0.000221207 0.00194711 7.27553e-05 0.00202658 0.00974755 0.000284489 0.000191627 1.41699e-05 0.0871469 0.00133086 18.9719 6.04717 163.546 24.168 2574.02 143.762 2756.53 153.835 2756.53 153.835 0.572134 0.00900702 
300 0.278 2241000000 886.503 21.4701 -87.8221 0.722687 8283.57 135.688 8.89254e+07 3.18452e+06 -0.000221207 0.00194606 7.27553e-05 0.00202351 0.00974755 0.000284161 0.000191627 1.41699e-05 0.0871469 0.00132922 18.9719 6.03732 163.546 24.1293 2574.02 143.762 2756.53 153.835 2756.53 153.835 0.572134 0.00900702 
300 0.278 2242800000 886.503 21.4701 -87.8221 0.722687 8283.57 135.688 8.89254e+07 3.18452e+06 -0.000221207 0.00194606 7.27553e-05 0.00202351 0.00974755 0.000284161 0.000191627 1.41699e-05 0.0871469 0.00132922 18.9719 6.03732 163.546 24.1293 2574.02 143.762 2756.53 153.835 2756.53 153.835 0.572134 0.00900702 
300 0.278 2244600000 886.503 21.4701 -87.8221 0.722687 8283.57 135.688 8.89254e+07 3.18452e+06 -0.000221207 0.00194313 7.27553e-05 0.00202028 0.00974755 0.000283858 0.000191627 1.41699e-05 0.0871469 0.00132772 18.9719 6.02753 163.546 24.0911 2574.02 143.762 2756.53 153.835 2756.53 153.835 0.572134 0.00900702 
300 0.278 2246400000 886.503 21.4701 -87.8221 0.722687 8283.57 135.688 8.89254e+07 3.18452e+06 -0.000221207 0.00194313 7.27553e-05 0.00202028 0.00974755 0.000283858 0.000191627 1.41699e-05 0.0871469 0.00132772 18.9719 6.02753 163.546 24.0911 2574.02 143.762 2756.53 153.835 2756.53 153.835 0.572134 0.00900702 
300 0.278 2248200000 886.503 21.4701 -87.8221 0.722687 8283.57 135.688 8.89254e+07 3.18452e+06 -0.000221207 0.00194051 7.27553e-05 0.00201716 0.00974755 0.000283404 0.000191627 1.41699e-05 0.0871469 0.00132577 18.9719 6.01775 163.546 24.0528 2574.02 143.762 2756.53 153.835 2756.53 153.835 0.572134 0.00900702 
300 0.278 2250000000 886.503 21.4701 -87.8221 0.722687 8283.57 135.688 8.89254e+07 3.18452e+06 -0.000221207 0.00194051 7.27553e-05 0.00201716 0.00974755 0.000283404 0.000191627 1.41699e-05 0.0871469 0.00132577 18.9719 6.01775 163.546 24.0528 2574.02 143.762 2756.53 153.835 2756.53 153.835 0.572134 0.00900702 
300 0.278 2251800000 886.503 21.4701 -87.8221 0.722687 8283.57 135.688 8.89254e+07 3.18452e+06 -0.000221207 0.0019386 7.27553e-05 0.0020162 0.00974755 0.000282999 0.000191627 1.41699e-05 0.0871469 0.00132376 18.9719 6.00801 163.546 24.0146 2574.02 143.762 2756.53 153.835 2756.53 153.835 0.572134 0.00900702 
300 0.278 2253600000 886.503 21.4701 -87.8221 0.722687 8283.57 135.688 8.89254e+07 3.18452e+06 -0.000221207 0.0019386 7.27553e-05 0.0020162 0.00974755 0.000282999 0.000191627 1.41699e-05 0.0871469 0.00132376 18.9719 6.00801 163.546 24.0146 2574.02 143.762 2756.53 153.835 2756.53 153.835 0.572134 0.00900702 
300 0.278 2255400000 886.503 21.4701 -87.8221 0.722687 8283.57 135.688 8.89254e+07 3.18452e+06 -0.000221207 0.00193876 7.27553e-05 0.00201623 0.00974755 0.000282553 0.000191627 1.41699e-05 0.0871469 0.00132193 18.9719 5.9983 163.546 23.9767 2574.02 143.762 2756.53 153.835 2756.53 153.835 0.572134 0.00900702 
300 0.278 2257200000 886.503 21.4701 -87.8221 0.722687 8283.57 135.688 8.89254e+07 3.18452e+06 -0.000221207 0.00193876 7.27553e-05 0.00201623 0.00974755 0.000282553 0.000191627 1.41699e-05 0.0871469 0.00132193 18.9719 5.9983 163.546 23.9767 2574.02 143.762 2756.53 153.835 2756.53 153.835 0.572134 0.00900702 
300 0.278 2259000000 886.503 21.4701 -87.8221 0.722687 8283.57 135.688 8.89254e+07 3.18452e+06 -0.000221207 0.00193572 7.27553e-05 0.0020131 0.00974755 0.000282109 0.000191627 1.41699e-05 0.0871469 0.0013198 18.9719 5.98863 163.546 23.9387 2574.02 143.762 2756.53 153.835 2756.53 153.835 0.572134 0.00900702 
300 0.278 2260800000 886.503 21.4701 -87.8221 0.722687 8283.57 135.688 8.89254e+07 3.18452e+06 -0.000221207 0.00193572 7.27553e-05 0.0020131 0.00974755 0.000282109 0.000191627 1.41699e-05 0.0871469 0.0013198 18.9719 5.98863 163.546 23.9387 2574.02 143.762 2756.53 153.835 2756.53 153.835 0.572134 0.00900702 
300 0.278 2262600000 886.503 21.4701 -87.8221 0.722687 8283.57 135.688 8.89254e+07 3.18452e+06 -0.000221207 0.00193484 7.27553e-05 0.00200985 0.00974755 0.000281668 0.000191627 1.41699e-05 0.0871469 0.00131767 18.9719 5.97898 163.546 23.9008 2574.02 143.762 2756.53 153.835 2756.53 153.835 0.572134 0.00900702 
300 0.278 2264400000 886.503 21.4701 -87.8221 0.722687 8283.57 135.688 8.89254e+07 3.18452e+06 -0.000221207 0.00193484 7.27553e-05 0.00200985 0.00974755 0.000281668 0.000191627 1.41699e-05 0.0871469 0.00131767 18.9719 5.97898 163.546 23.9008 2574.02 143.762 2756.53 153.835 2756.53 153.835 0.572134 0.00900702 
300 0.278 2266200000 886.503 21.4701 -87.8221 0.722687 8283.57 135.688 8.89254e+07 3.18452e+06 -0.000221207 0.00193186 7.27553e-05 0.00200821 0.00974755 0.00028184 0.000191627 1.41699e-05 0.0871469 0.00131803 18.9719 5.96937 163.546 23.8634 2574.02 143.762 2756.53 153.835 2756.53 153.835 0.572134 0.00900702 
300 0.278 2268000000 886.503 21.4701 -87.8221 0.722687 8283.57 135.688 8.89254e+07 3.18452e+06 -0.000221207 0.00193186 7.27553e-05 0.00200821 0.00974755 0.00028184 0.000191627 1.41699e-05 0.0871469 0.00131803 18.9719 5.96937 163.546 23.8634 2574.02 143.762 2756.53 153.835 2756.53 153.835 0.572134 0.00900702 
300 0.278 2269800000 886.503 21.4701 -87.8221 0.722687 8283.57 135.688 8.89254e+07 3.18452e+06 -0.000221207 0.00192895 7.27553e-05 0.00200526 0.00974755 0.000281438 0.000191627 1.41699e-05 0.0871469 0.001316 18.9719 5.95977 163.546 23.826 2574.02 143.762 2756.53 153.835 2756.53 153.835 0.572134 0.00900702 
300 0.278 2271600000 886.503 21.4701 -87.8221 0.722687 8283.57 135.688 8.89254e+07 3.18452e+06 -0.000221207 0.00192895 7.27553e-05 0.00200526 0.00974755 0.000281438 0.000191627 1.41699e-05 0.0871469 0.001316 18.9719 5.95977 163.546 23.826 2574.02 143.762 2756.53 153.835 2756.53 153.835 0.572134 0.00900702 
300 0.278 2273400000 886.503 21.4701 -87.8221 0.722687 8283.57 135.688 8.89254e+07 3.18452e+06 -0.000221207 0.00192585 7.27553e-05 0.00200283 0.00974755 0.000281112 0.000191627 1.41699e-05 0.0871469 0.00131431 18.9719 5.95018 163.546 23.788 2574.02 143.762 2756.53 153.835 2756.53 153.835 0.572134 0.00900702 
300 0.278 2275200000 886.503 21.4701 -87.8221 0.722687 8283.57 135.688 8.89254e+07 3.18452e+06 -0.000221207 0.00192585 7.27553e-05 0.00200283 0.00974755 0.000281112 0.000191627 1.41699e-05 0.0871469 0.00131431 18.9719 5.95018 163.546 23.788 2574.02 143.762 2756.53 153.835 2756.53 153.835 0.572134 0.00900702 
300 0.278 2277000000 886.503 21.4701 -87.8221 0.722687 8283.57 135.688 8.89254e+07 3.18452e+06 -0.000221207 0.00192376 7.27553e-05 0.00200089 0.00974755 0.000280675 0.000191627 1.41699e-05 0.0871469 0.00131221 18.9719 5.94066 163.546 23.7506 2574.02 143.762 2756.53 153.835 2756.53 153.835 0.572134 0.00900702 
300 0.278 2278800000 886.503 21.4701 -87.8221 0.722687 8283.57 135.688 8.89254e+07 3.18452e+06 -0.000221207 0.00192376 7.27553e-05 0.00200089 0.00974755 0.000280675 0.000191627 1.41699e-05 0.0871469 0.00131221 18.9719 5.94066 163.546 23.7506 2574.02 143.762 2756.53 153.835 2756.53 153.835 0.572134 0.00900702 
300 0.278 2280600000 886.503 21.063 -87.8221 0.712692 8283.57 134.595 8.89254e+07 3.1336e+06 -0.000221207 0.00192871 7.27553e-05 0.0019978 0.00974755 0.000280301 0.000191627 1.41699e-05 0.0871469 0.00131074 18.9719 5.93117 163.546 23.7137 2574.02 143.762 2756.53 153.835 2756.53 153.835 0.572134 0.00878908 
300 0.278 2282400000 886.503 21.063 -87.8221 0.712692 8283.57 134.595 8.89254e+07 3.1336e+06 -0.000221207 0.00192871 7.27553e-05 0.0019978 0.00974755 0.000280301 0.000191627 1.41699e-05 0.0871469 0.00131074 18.9719 5.93117 163.546 23.7137 2574.02 143.762 2756.53 153.835 2756.53 153.835 0.572134 0.00878908 
300 0.278 2284200000 886.503 21.063 -87.8221 0.712692 8283.57 134.595 8.89254e+07 3.1336e+06 -0.000221207 0.00192822 7.27553e-05 0.00199465 0.00974755 0.000279993 0.000191627 1.41699e-05 0.0871469 0.00130921 18.9719 5.92171 163.546 23.6768 2574.02 143.762 2756.53 153.835 2756.53 153.835 0.572134 0.00878908 
300 0.278 2286000000 886.503 21.063 -87.8221 0.712692 8283.57 134.595 8.89254e+07 3.1336e+06 -0.000221207 0.00192822 7.27553e-05 0.00199465 0.00974755 0.000279993 0.000191627 1.41699e-05 0.0871469 0.00130921 18.9719 5.92171 163.546 23.6768 2574.02 143.762 2756.53 153.835 2756.53 153.835 0.572134 0.00878908 
300 0.278 2287800000 886.503 21.063 -87.8221 0.712692 8283.57 134.595 8.89254e+07 3.1336e+06 -0.000221207 0.00192775 7.27553e-05 0.00199155 0.00974755 0.000279649 0.000191627 1.41699e-05 0.0871469 0.00130762 18.9719 5.91225 163.546 23.6398 2574.02 143.762 2756.53 153.835 2756.53 153.835 0.572134 0.00878908 
300 0.278 2289600000 886.503 21.063 -87.8221 0.712692 8283.57 134.595 8.89254e+07 3.1336e+06 -0.000221207 0.00192775 7.27553e-05 0.00199155 0.00974755 0.000279649 0.000191627 1.41699e-05 0.0871469 0.00130762 18.9719 5.91225 163.546 23.6398 2574.02 143.762 2756.53 153.835 2756.53 153.835 0.572134 0.00878908 
300 0.278 2291400000 886.503 21.063 -87.8221 0.712692 8283.57 134.595 8.89254e+07 3.1336e+06 -0.000221207 0.00192496 7.27553e-05 0.00198839 0.00974755 0.000279331 0.000191627 1.41699e-05 0.0871469 0.00130602 18.9719 5.90282 163.546 23.6028 2574.02 143.762 2756.53 153.835 2756.53 153.835 0.572134 0.00878908 
300 0.278 2293200000 886.503 21.063 -87.8221 0.712692 8283.57 134.595 8.89254e+07 3.1336e+06 -0.000221207 0.00192496 7.27553e-05 0.00198839 0.00974755 0.000279331 0.000191627 1.41699e-05 0.0871469 0.00130602 18.9719 5.90282 163.546 23.6028 2574.02 143.762 2756.53 153.835 2756.53 153.835 0.572134 0.00878908 
300 0.278 2295000000 886.503 21.063 -87.8221 0.712692 8283.57 134.595 8.89254e+07 3.1336e+06 -0.000221207 0.00192191 7.27553e-05 0.00199012 0.00974755 0.000278978 0.000191627 1.41699e-05 0.0871469 0.00130406 18.9719 5.89345 163.546 23.5663 2574.02 143.762 2756.53 153.835 2756.53 153.835 0.572134 0.00878908 
300 0.278 2296800000 886.503 21.063 -87.8221 0.712692 8283.57 134.595 8.89254e+07 3.1336e+06 -0.000221207 0.00192191 7.27553e-05 0.00199012 0.00974755 0.000278978 0.000191627 1.41699e-05 0.0871469 0.00130406 18.9719 5.89345 163.546 23.5663 2574.02 143.762 2756.53 153.835 2756.53 153.835 0.572134 0.00878908 
300 0.278 2298600000 886.503 21.063 -87.8221 0.712692 8283.57 134.595 8.89254e+07 3.1336e+06 -0.000221207 0.00191916 7.27553e-05 0.0019906 0.00974755 0.000278614 0.000191627 1.41699e-05 0.0871469 0.00130257 18.9719 5.8841 163.546 23.5299 2574.02 143.762 2756.53 153.835 2756.53 153.835 0.572134 0.00878908 
300 0.278 2300400000 886.503 21.063 -87.8221 0.712692 8283.57 134.595 8.89254e+07 3.1336e+06 -0.000221207 0.00191916 7.27553e-05 0.0019906 0.00974755 0.000278614 0.000191627 1.41699e-05 0.0871469 0.00130257 18.9719 5.8841 163.546 23.5299 2574.02 143.762 2756.53 153.835 2756.53 153.835 0.572134 0.00878908 
300 0.278 2302200000 886.503 21.063 -87.8221 0.712692 8283.57 134.595 8.89254e+07 3.1336e+06 -0.000221207 0.00191654 7.27553e-05 0.00199132 0.00974755 0.000278176 0.000191627 1.41699e-05 0.0871469 0.00130052 18.9719 5.87478 163.546 23.4937 2574.02 143.762 2756.53 153.835 2756.53 153.835 0.572134 0.00878908 
300 0.278 2304000000 886.503 21.063 -87.8221 0.712692 8283.57 134.595 8.89254e+07 3.1336e+06 -0.000221207 0.00191654 7.27553e-05 0.00199132 0.00974755 0.000278176 0.000191627 1.41699e-05 0.0871469 0.00130052 18.9719 5.87478 163.546 23.4937 2574.02 143.762 2756.53 153.835 2756.53 153.835 0.572134 0.00878908 
300 0.278 2305800000 886.503 21.063 -87.8221 0.712692 8283.57 134.595 8.89254e+07 3.1336e+06 -0.000221207 0.00191408 7.27553e-05 0.00199032 0.00974755 0.000277737 0.000191627 1.41699e-05 0.0871469 0.00129847 18.9719 5.8655 163.546 23.4573 2574.02 143.762 2756.53 153.835 2756.53 153.835 0.572134 0.00878908 
300 0.278 2307600000 886.503 21.063 -87.8221 0.712692 8283.57 134.595 8.89254e+07 3.1336e+06 -0.000221207 0.00191408 7.27553e-05 0.00199032 0.00974755 0.000277737 0.000191627 1.41699e-05 0.0871469 0.00129847 18.9719 5.8655 163.546 23.4573 2574.02 143.762 2756.53 153.835 2756.53 153.835 0.572134 0.00878908 
300 0.278 2309400000 886.503 21.063 -87.8221 0.712692 8283.57 134.595 8.89254e+07 3.1336e+06 -0.000221207 0.00191193 7.27553e-05 0.00198983 0.00974755 0.000277522 0.000191627 1.41699e-05 0.0871469 0.00129801 18.9719 5.85624 163.546 23.4212 2574.02 143.762 2756.53 153.835 2756.53 153.835 0.572134 0.00878908 
300 0.278 2311200000 886.503 21.063 -87.8221 0.712692 8283.57 134.595 8.89254e+07 3.1336e+06 -0.000221207 0.00191193 7.27553e-05 0.00198983 0.00974755 0.000277522 0.000191627 1.41699e-05 0.0871469 0.00129801 18.9719 5.85624 163.546 23.4212 2574.02 143.762 2756.53 153.835 2756.53 153.835 0.572134 0.00878908 
300 0.278 2313000000 886.503 21.063 -87.8221 0.712692 8283.57 134.595 8.89254e+07 3.1336e+06 -0.000221207 0.00190903 7.27553e-05 0.00198676 0.00974755 0.000277301 0.000191627 1.41699e-05 0.0871469 0.00129715 18.9719 5.847 163.546 23.3848 2574.02 143.762 2756.53 153.835 2756.53 153.835 0.572134 0.00878908 
300 0.278 2314800000 886.503 21.063 -87.8221 0.712692 8283.57 134.595 8.89254e+07 3.1336e+06 -0.000221207 0.00190903 7.27553e-05 0.00198676 0.00974755 0.000277301 0.000191627 1.41699e-05 0.0871469 0.00129715 18.9719 5.847 163.546 23.3848 2574.02 143.762 2756.53 153.835 2756.53 153.835 0.572134 0.00878908 
300 0.278 2316600000 886.503 21.063 -87.8221 0.712692 8283.57 134.595 8.89254e+07 3.1336e+06 -0.000221207 0.00190647 7.27553e-05 0.00198423 0.00974755 0.000276873 0.000191627 1.41699e-05 0.0871469 0.0012951 18.9719 5.8378 163.546 23.3483 2574.02 143.762 2756.53 153.835 2756.53 153.835 0.572134 0.00878908 
300 0.278 2318400000 886.503 21.063 -87.8221 0.712692 8283.57 134.595 8.89254e+07 3.1336e+06 -0.000221207 0.00190647 7.27553e-05 0.00198423 0.00974755 0.000276873 0.000191627 1.41699e-05 0.0871469 0.0012951 18.9719 5.8378 163.546 23.3483 2574.02 143.762 2756.53 153.835 2756.53 153.835 0.572134 0.00878908 
300 0.278 2320200000 886.503 21.063 -87.8221 0.712692 8283.57 134.595 8.89254e+07 3.1336e+06 -0.000221207 0.00190651 7.27553e-05 0.00198405 0.00974755 0.000276437 0.000191627 1.41699e-05 0.0871469 0.00129316 18.9719 5.82864 163.546 23.3126 2574.02 143.762 2756.53 153.835 2756.53 153.835 0.572134 0.00878908 
300 0.278 2322000000 886.503 21.063 -87.8221 0.712692 8283.57 134.595 8.89254e+07 3.1336e+06 -0.000221207 0.00190651 7.27553e-05 0.00198405 0.00974755 0.000276437 0.000191627 1.41699e-05 0.0871469 0.00129316 18.9719 5.82864 163.546 23.3126 2574.02 143.762 2756.53 153.835 2756.53 153.835 0.572134 0.00878908 
300 0.278 2323800000 886.503 21.063 -87.8221 0.712692 8283.57 134.595 8.89254e+07 3.1336e+06 -0.000221207 0.00190541 7.27553e-05 0.00198119 0.00974755 0.000276009 0.000191627 1.41699e-05 0.0871469 0.00129114 18.9719 5.81949 163.546 23.2767 2574.02 143.762 2756.53 153.835 2756.53 153.835 0.572134 0.00878908 
300 0.278 2325600000 886.503 21.063 -87.8221 0.712692 8283.57 134.595 8.89254e+07 3.1336e+06 -0.000221207 0.00190541 7.27553e-05 0.00198119 0.00974755 0.000276009 0.000191627 1.41699e-05 0.0871469 0.00129114 18.9719 5.81949 163.546 23.2767 2574.02 143.762 2756.53 153.835 2756.53 153.835 0.572134 0.00878908 
300 0.278 2327400000 886.503 21.063 -87.8221 0.712692 8283.57 134.595 8.89254e+07 3.1336e+06 -0.000221207 0.00190376 7.27553e-05 0.00197844 0.00974755 0.0002756 0.000191627 1.41699e-05 0.0871469 0.00128911 18.9719 5.81035 163.546 23.2408 2574.02 143.762 2756.53 153.835 2756.53 153.835 0.572134 0.00878908 
300 0.278 2329200000 886.503 21.063 -87.8221 0.712692 8283.57 134.595 8.89254e+07 3.1336e+06 -0.000221207 0.00190376 7.27553e-05 0.00197844 0.00974755 0.0002756 0.000191627 1.41699e-05 0.0871469 0.00128911 18.9719 5.81035 163.546 23.2408 2574.02 143.762 2756.53 153.835 2756.53 153.835 0.572134 0.00878908 
300 0.278 2331000000 886.503 21.063 -87.8221 0.712692 8283.57 134.595 8.89254e+07 3.1336e+06 -0.000221207 0.0019008 7.27553e-05 0.00197539 0.00974755 0.000275366 0.000191627 1.41699e-05 0.0871469 0.00128813 18.9719 5.80127 163.546 23.2055 2574.02 143.762 2756.53 153.835 2756.53 153.835 0.572134 0.00878908 
300 0.278 2332800000 886.503 21.063 -87.8221 0.712692 8283.57 134.595 8.89254e+07 3.1336e+06 -0.000221207 0.0019008 7.27553e-05 0.00197539 0.00974755 0.000275366 0.000191627 1.41699e-05 0.0871469 0.00128813 18.9719 5.80127 163.546 23.2055 2574.02 143.762 2756.53 153.835 2756.53 153.835 0.572134 0.00878908 
300 0.278 2334600000 886.503 21.063 -87.8221 0.712692 8283.57 134.595 8.89254e+07 3.1336e+06 -0.000221207 0.00189785 7.27553e-05 0.0019723 0.00974755 0.000274988 0.000191627 1.41699e-05 0.0871469 0.00128618 18.9719 5.79222 163.546 23.17 2574.02 143.762 2756.53 153.835 2756.53 153.835 0.572134 0.00878908 
300 0.278 2336400000 886.503 21.063 -87.8221 0.712692 8283.57 134.595 8.89254e+07 3.1336e+06 -0.000221207 0.00189785 7.27553e-05 0.0019723 0.00974755 0.000274988 0.000191627 1.41699e-05 0.0871469 0.00128618 18.9719 5.79222 163.546 23.17 2574.02 143.762 2756.53 153.835 2756.53 153.835 0.572134 0.00878908 
300 0.278 2338200000 888.47 21.0018 -87.6637 0.69573 8247.16 132.698 8.79365e+07 3.10235e+06 1.56617e-05 0.00189523 0.000125132 0.00196952 0.00968 0.00027456 0.000188119 1.42461e-05 0.0870057 0.00128424 18.4741 5.78322 157.197 23.1349 2580.93 138.062 2756.6 145.007 2756.6 145.007 0.573708 0.00880706 
300 0.278 2340000000 888.47 21.0018 -87.6637 0.69573 8247.16 132.698 8.79365e+07 3.10235e+06 1.56617e-05 0.00189523 0.000125132 0.00196952 0.00968 0.00027456 0.000188119 1.42461e-05 0.0870057 0.00128424 18.4741 5.78322 157.197 23.1349 2580.93 138.062 2756.6 145.007 2756.6 145.007 0.573708 0.00880706 
300 0.278 2341800000 888.47 21.0018 -87.6637 0.69573 8247.16 132.698 8.79365e+07 3.10235e+06 1.56617e-05 0.00189651 0.000125132 0.00196733 0.00968 0.000274208 0.000188119 1.42461e-05 0.0870057 0.00128226 18.4741 5.77421 157.197 23.0997 2580.93 138.062 2756.6 145.007 2756.6 145.007 0.573708 0.00880706 
300 0.278 2343600000 888.47 21.0018 -87.6637 0.69573 8247.16 132.698 8.79365e+07 3.10235e+06 1.56617e-05 0.00189651 0.000125132 0.00196733 0.00968 0.000274208 0.000188119 1.42461e-05 0.0870057 0.00128226 18.4741 5.77421 157.197 23.0997 2580.93 138.062 2756.6 145.007 2756.6 145.007 0.573708 0.00880706 
300 0.278 2345400000 888.47 21.0018 -87.6637 0.69573 8247.16 132.698 8.79365e+07 3.10235e+06 1.56617e-05 0.00189421 0.000125132 0.0019657 0.00968 0.000273887 0.000188119 1.42461e-05 0.0870057 0.00128082 18.4741 5.76523 157.197 23.0646 2580.93 138.062 2756.6 145.007 2756.6 145.007 0.573708 0.00880706 
300 0.278 2347200000 888.47 21.0018 -87.6637 0.69573 8247.16 132.698 8.79365e+07 3.10235e+06 1.56617e-05 0.00189421 0.000125132 0.0019657 0.00968 0.000273887 0.000188119 1.42461e-05 0.0870057 0.00128082 18.4741 5.76523 157.197 23.0646 2580.93 138.062 2756.6 145.007 2756.6 145.007 0.573708 0.00880706 
300 0.278 2349000000 888.47 21.0018 -87.6637 0.69573 8247.16 132.698 8.79365e+07 3.10235e+06 1.56617e-05 0.00189182 0.000125132 0.00196288 0.00968 0.000273462 0.000188119 1.42461e-05 0.0870057 0.00127888 18.4741 5.7563 157.197 23.0298 2580.93 138.062 2756.6 145.007 2756.6 145.007 0.573708 0.00880706 
300 0.278 2350800000 888.47 21.0018 -87.6637 0.69573 8247.16 132.698 8.79365e+07 3.10235e+06 1.56617e-05 0.00189182 0.000125132 0.00196288 0.00968 0.000273462 0.000188119 1.42461e-05 0.0870057 0.00127888 18.4741 5.7563 157.197 23.0298 2580.93 138.062 2756.6 145.007 2756.6 145.007 0.573708 0.00880706 
300 0.278 2352600000 888.47 21.0018 -87.6637 0.69573 8247.16 132.698 8.79365e+07 3.10235e+06 1.56617e-05 0.00189045 0.000125132 0.00196157 0.00968 0.000273117 0.000188119 1.42461e-05 0.0870057 0.00127706 18.4741 5.74737 157.197 22.9945 2580.93 138.062 2756.6 145.007 2756.6 145.007 0.573708 0.00880706 
300 0.278 2354400000 888.47 21.0018 -87.6637 0.69573 8247.16 132.698 8.79365e+07 3.10235e+06 1.56617e-05 0.00189045 0.000125132 0.00196157 0.00968 0.000273117 0.000188119 1.42461e-05 0.0870057 0.00127706 18.4741 5.74737 157.197 22.9945 2580.93 138.062 2756.6 145.007 2756.6 145.007 0.573708 0.00880706 
300 0.278 2356200000 888.47 21.0018 -87.6637 0.69573 8247.16 132.698 8.79365e+07 3.10235e+06 1.56617e-05 0.00188753 0.000125132 0.00196506 0.00968 0.000276038 0.000188119 1.42461e-05 0.0870057 0.0012855 18.4741 5.73849 157.197 22.9598 2580.93 138.062 2756.6 145.007 2756.6 145.007 0.573708 0.00880706 
300 0.278 2358000000 888.47 21.0018 -87.6637 0.69573 8247.16 132.698 8.79365e+07 3.10235e+06 1.56617e-05 0.00188753 0.000125132 0.00196506 0.00968 0.000276038 0.000188119 1.42461e-05 0.0870057 0.0012855 18.4741 5.73849 157.197 22.9598 2580.93 138.062 2756.6 145.007 2756.6 145.007 0.573708 0.00880706 
300 0.278 2359800000 888.47 21.0018 -87.6637 0.69573 8247.16 132.698 8.79365e+07 3.10235e+06 1.56617e-05 0.00188868 0.000125132 0.00196314 0.00968 0.000275611 0.000188119 1.42461e-05 0.0870057 0.00128354 18.4741 5.72963 157.197 22.9252 2580.93 138.062 2756.6 145.007 2756.6 145.007 0.573708 0.00880706 
300 0.278 2361600000 888.47 21.0018 -87.6637 0.69573 8247.16 132.698 8.79365e+07 3.10235e+06 1.56617e-05 0.00188868 0.000125132 0.00196314 0.00968 0.000275611 0.000188119 1.42461e-05 0.0870057 0.00128354 18.4741 5.72963 157.197 22.9252 2580.93 138.062 2756.6 145.007 2756.6 145.007 0.573708 0.00880706 
300 0.278 2363400000 888.47 21.0018 -87.6637 0.69573 8247.16 132.698 8.79365e+07 3.10235e+06 1.56617e-05 0.00188668 0.000125132 0.00196098 0.00968 0.000275254 0.000188119 1.42461e-05 0.0870057 0.00128194 18.4741 5.72081 157.197 22.8905 2580.93 138.062 2756.6 145.007 2756.6 145.007 0.573708 0.00880706 
300 0.278 2365200000 888.47 21.0018 -87.6637 0.69573 8247.16 132.698 8.79365e+07 3.10235e+06 1.56617e-05 0.00188668 0.000125132 0.00196098 0.00968 0.000275254 0.000188119 1.42461e-05 0.0870057 0.00128194 18.4741 5.72081 157.197 22.8905 2580.93 138.062 2756.6 145.007 2756.6 145.007 0.573708 0.00880706 
300 0.278 2367000000 888.47 21.0018 -87.6637 0.69573 8247.16 132.698 8.79365e+07 3.10235e+06 1.56617e-05 0.00188522 0.000125132 0.00195901 0.00968 0.000274843 0.000188119 1.42461e-05 0.0870057 0.00127997 18.4741 5.712 157.197 22.8561 2580.93 138.062 2756.6 145.007 2756.6 145.007 0.573708 0.00880706 
300 0.278 2368800000 888.47 21.0018 -87.6637 0.69573 8247.16 132.698 8.79365e+07 3.10235e+06 1.56617e-05 0.00188522 0.000125132 0.00195901 0.00968 0.000274843 0.000188119 1.42461e-05 0.0870057 0.00127997 18.4741 5.712 157.197 22.8561 2580.93 138.062 2756.6 145.007 2756.6 145.007 0.573708 0.00880706 
300 0.278 2370600000 888.47 21.0018 -87.6637 0.69573 8247.16 132.698 8.79365e+07 3.10235e+06 1.56617e-05 0.00188358 0.000125132 0.00195607 0.00968 0.000274478 0.000188119 1.42461e-05 0.0870057 0.00127831 18.4741 5.70321 157.197 22.8217 2580.93 138.062 2756.6 145.007 2756.6 145.007 0.573708 0.00880706 
300 0.278 2372400000 888.47 21.0018 -87.6637 0.69573 8247.16 132.698 8.79365e+07 3.10235e+06 1.56617e-05 0.00188358 0.000125132 0.00195607 0.00968 0.000274478 0.000188119 1.42461e-05 0.0870057 0.00127831 18.4741 5.70321 157.197 22.8217 2580.93 138.062 2756.6 145.007 2756.6 145.007 0.573708 0.00880706 
300 0.278 2374200000 888.47 21.0018 -87.6637 0.69573 8247.16 132.698 8.79365e+07 3.10235e+06 1.56617e-05 0.0018841 0.000125132 0.00195323 0.00968 0.000274077 0.000188119 1.42461e-05 0.0870057 0.00127641 18.4741 5.69443 157.197 22.7874 2580.93 138.062 2756.6 145.007 2756.6 145.007 0.573708 0.00880706 
300 0.278 2376000000 888.47 21.0018 -87.6637 0.69573 8247.16 132.698 8.79365e+07 3.10235e+06 1.56617e-05 0.0018841 0.000125132 0.00195323 0.00968 0.000274077 0.000188119 1.42461e-05 0.0870057 0.00127641 18.4741 5.69443 157.197 22.7874 2580.93 138.062 2756.6 145.007 2756.6 145.007 0.573708 0.00880706 
300 0.278 2377800000 888.47 21.0018 -87.6637 0.69573 8247.16 132.698 8.79365e+07 3.10235e+06 1.56617e-05 0.00188122 0.000125132 0.00195078 0.00968 0.000273684 0.000188119 1.42461e-05 0.0870057 0.00127445 18.4741 5.6857 157.197 22.7532 2580.93 138.062 2756.6 145.007 2756.6 145.007 0.573708 0.00880706 
300 0.278 2379600000 888.47 21.0018 -87.6637 0.69573 8247.16 132.698 8.79365e+07 3.10235e+06 1.56617e-05 0.00188122 0.000125132 0.00195078 0.00968 0.000273684 0.000188119 1.42461e-05 0.0870057 0.00127445 18.4741 5.6857 157.197 22.7532 2580.93 138.062 2756.6 145.007 2756.6 145.007 0.573708 0.00880706 
300 0.278 2381400000 888.47 21.0018 -87.6637 0.69573 8247.16 132.698 8.79365e+07 3.10235e+06 1.56617e-05 0.00188061 0.000125132 0.00194784 0.00968 0.000273357 0.000188119 1.42461e-05 0.0870057 0.00127279 18.4741 5.67699 157.197 22.7187 2580.93 138.062 2756.6 145.007 2756.6 145.007 0.573708 0.00880706 
300 0.278 2383200000 888.47 21.0018 -87.6637 0.69573 8247.16 132.698 8.79365e+07 3.10235e+06 1.56617e-05 0.00188061 0.000125132 0.00194784 0.00968 0.000273357 0.000188119 1.42461e-05 0.0870057 0.00127279 18.4741 5.67699 157.197 22.7187 2580.93 138.062 2756.6 145.007 2756.6 145.007 0.573708 0.00880706 
300 0.278 2385000000 888.47 21.0018 -87.6637 0.69573 8247.16 132.698 8.79365e+07 3.10235e+06 1.56617e-05 0.00187774 0.000125132 0.0019457 0.00968 0.000273119 0.000188119 1.42461e-05 0.0870057 0.00127272 18.4741 5.66833 157.197 22.6849 2580.93 138.062 2756.6 145.007 2756.6 145.007 0.573708 0.00880706 
300 0.278 2386800000 888.47 21.0018 -87.6637 0.69573 8247.16 132.698 8.79365e+07 3.10235e+06 1.56617e-05 0.00187774 0.000125132 0.0019457 0.00968 0.000273119 0.000188119 1.42461e-05 0.0870057 0.00127272 18.4741 5.66833 157.197 22.6849 2580.93 138.062 2756.6 145.007 2756.6 145.007 0.573708 0.00880706 
300 0.278 2388600000 888.47 21.0018 -87.6637 0.69573 8247.16 132.698 8.79365e+07 3.10235e+06 1.56617e-05 0.00187664 0.000125132 0.00194564 0.00968 0.000272816 0.000188119 1.42461e-05 0.0870057 0.00127086 18.4741 5.65969 157.197 22.6512 2580.93 138.062 2756.6 145.007 2756.6 145.007 0.573708 0.00880706 
300 0.278 2390400000 888.47 21.0018 -87.6637 0.69573 8247.16 132.698 8.79365e+07 3.10235e+06 1.56617e-05 0.00187664 0.000125132 0.00194564 0.00968 0.000272816 0.000188119 1.42461e-05 0.0870057 0.00127086 18.4741 5.65969 157.197 22.6512 2580.93 138.062 2756.6 145.007 2756.6 145.007 0.573708 0.00880706 
300 0.278 2392200000 888.47 21.0018 -87.6637 0.69573 8247.16 132.698 8.79365e+07 3.10235e+06 1.56617e-05 0.00187559 0.000125132 0.00194551 0.00968 0.0002724 0.000188119 1.42461e-05 0.0870057 0.00126892 18.4741 5.65106 157.197 22.6176 2580.93 138.062 2756.6 145.007 2756.6 145.007 0.573708 0.00880706 
300 0.278 2394000000 888.47 21.0018 -87.6637 0.69573 8247.16 132.698 8.79365e+07 3.10235e+06 1.56617e-05 0.00187559 0.000125132 0.00194551 0.00968 0.0002724 0.000188119 1.42461e-05 0.0870057 0.00126892 18.4741 5.65106 157.197 22.6176 2580.93 138.062 2756.6 145.007 2756.6 145.007 0.573708 0.00880706 
300 0.278 2395800000 888.47 20.9602 -87.6637 0.694431 8247.16 132.698 8.79365e+07 3.07588e+06 1.56617e-05 0.00187275 0.000125132 0.00194437 0.00968 0.000272054 0.000188119 1.42461e-05 0.0870057 0.00126715 18.4741 5.64247 157.197 22.5834 2580.93 138.062 2756.6 145.007 2756.6 145.007 0.573708 0.00860087 
300 0.278 2397600000 888.47 20.9602 -87.6637 0.694431 8247.16 132.698 8.79365e+07 3.07588e+06 1.56617e-05 0.00187275 0.000125132 0.00194437 0.00968 0.000272054 0.000188119 1.42461e-05 0.0870057 0.00126715 18.4741 5.64247 157.197 22.5834 2580.93 138.062 2756.6 145.007 2756.6 145.007 0.573708 0.00860087 
300 0.278 2399400000 888.47 20.9602 -87.6637 0.694431 8247.16 132.698 8.79365e+07 3.07588e+06 1.56617e-05 0.00187327 0.000125132 0.00194378 0.00968 0.00027181 0.000188119 1.42461e-05 0.0870057 0.00126658 18.4741 5.63392 157.197 22.5496 2580.93 138.062 2756.6 145.007 2756.6 145.007 0.573708 0.00860087 
300 0.278 2401200000 888.47 20.9602 -87.6637 0.694431 8247.16 132.698 8.79365e+07 3.07588e+06 1.56617e-05 0.00187327 0.000125132 0.00194378 0.00968 0.00027181 0.000188119 1.42461e-05 0.0870057 0.00126658 18.4741 5.63392 157.197 22.5496 2580.93 138.062 2756.6 145.007 2756.6 145.007 0.573708 0.00860087 
300 0.278 2403000000 888.47 20.9602 -87.6637 0.694431 8247.16 132.698 8.79365e+07 3.07588e+06 1.56617e-05 0.00187043 0.000125132 0.00194108 0.00968 0.000271564 0.000188119 1.42461e-05 0.0870057 0.00126546 18.4741 5.62538 157.197 22.5162 2580.93 138.062 2756.6 145.007 2756.6 145.007 0.573708 0.00860087 
300 0.278 2404800000 888.47 20.9602 -87.6637 0.694431 8247.16 132.698 8.79365e+07 3.07588e+06 1.56617e-05 0.00187043 0.000125132 0.00194108 0.00968 0.000271564 0.000188119 1.42461e-05 0.0870057 0.00126546 18.4741 5.62538 157.197 22.5162 2580.93 138.062 2756.6 145.007 2756.6 145.007 0.573708 0.00860087 
300 0.278 2406600000 888.47 20.9602 -87.6637 0.694431 8247.16 132.698 8.79365e+07 3.07588e+06 1.56617e-05 0.00186782 0.000125132 0.00193895 0.00968 0.000271248 0.000188119 1.42461e-05 0.0870057 0.00126398 18.4741 5.61687 157.197 22.4828 2580.93 138.062 2756.6 145.007 2756.6 145.007 0.573708 0.00860087 
300 0.278 2408400000 888.47 20.9602 -87.6637 0.694431 8247.16 132.698 8.79365e+07 3.07588e+06 1.56617e-05 0.00186782 0.000125132 0.00193895 0.00968 0.000271248 0.000188119 1.42461e-05 0.0870057 0.00126398 18.4741 5.61687 157.197 22.4828 2580.93 138.062 2756.6 145.007 2756.6 145.007 0.573708 0.00860087 
300 0.278 2410200000 888.47 20.9602 -87.6637 0.694431 8247.16 132.698 8.79365e+07 3.07588e+06 1.56617e-05 0.0018652 0.000125132 0.00193602 0.00968 0.000271164 0.000188119 1.42461e-05 0.0870057 0.00126528 18.4741 5.60838 157.197 22.4488 2580.93 138.062 2756.6 145.007 2756.6 145.007 0.573708 0.00860087 
300 0.278 2412000000 888.47 20.9602 -87.6637 0.694431 8247.16 132.698 8.79365e+07 3.07588e+06 1.56617e-05 0.0018652 0.000125132 0.00193602 0.00968 0.000271164 0.000188119 1.42461e-05 0.0870057 0.00126528 18.4741 5.60838 157.197 22.4488 2580.93 138.062 2756.6 145.007 2756.6 145.007 0.573708 0.00860087 
300 0.278 2413800000 888.47 20.9602 -87.6637 0.694431 8247.16 132.698 8.79365e+07 3.07588e+06 1.56617e-05 0.00186432 0.000125132 0.00193792 0.00968 0.000270823 0.000188119 1.42461e-05 0.0870057 0.001264 18.4741 5.59992 157.197 22.4155 2580.93 138.062 2756.6 145.007 2756.6 145.007 0.573708 0.00860087 
300 0.278 2415600000 888.47 20.9602 -87.6637 0.694431 8247.16 132.698 8.79365e+07 3.07588e+06 1.56617e-05 0.00186432 0.000125132 0.00193792 0.00968 0.000270823 0.000188119 1.42461e-05 0.0870057 0.001264 18.4741 5.59992 157.197 22.4155 2580.93 138.062 2756.6 145.007 2756.6 145.007 0.573708 0.00860087 
300 0.278 2417400000 888.47 20.9602 -87.6637 0.694431 8247.16 132.698 8.79365e+07 3.07588e+06 1.56617e-05 0.00186192 0.000125132 0.001935 0.00968 0.000270415 0.000188119 1.42461e-05 0.0870057 0.00126226 18.4741 5.59147 157.197 22.3825 2580.93 138.062 2756.6 145.007 2756.6 145.007 0.573708 0.00860087 
300 0.278 2419200000 888.47 20.9602 -87.6637 0.694431 8247.16 132.698 8.79365e+07 3.07588e+06 1.56617e-05 0.00186192 0.000125132 0.001935 0.00968 0.000270415 0.000188119 1.42461e-05 0.0870057 0.00126226 18.4741 5.59147 157.197 22.3825 2580.93 138.062 2756.6 145.007 2756.6 145.007 0.573708 0.00860087 
300 0.278 2421000000 888.47 20.9602 -87.6637 0.694431 8247.16 132.698 8.79365e+07 3.07588e+06 1.56617e-05 0.00186009 0.000125132 0.00193275 0.00968 0.000270097 0.000188119 1.42461e-05 0.0870057 0.00126059 18.4741 5.58305 157.197 22.3495 2580.93 138.062 2756.6 145.007 2756.6 145.007 0.573708 0.00860087 
300 0.278 2422800000 888.47 20.9602 -87.6637 0.694431 8247.16 132.698 8.79365e+07 3.07588e+06 1.56617e-05 0.00186009 0.000125132 0.00193275 0.00968 0.000270097 0.000188119 1.42461e-05 0.0870057 0.00126059 18.4741 5.58305 157.197 22.3495 2580.93 138.062 2756.6 145.007 2756.6 145.007 0.573708 0.00860087 
300 0.278 2424600000 888.47 20.9602 -87.6637 0.694431 8247.16 132.698 8.79365e+07 3.07588e+06 1.56617e-05 0.00185744 0.000125132 0.00193112 0.00968 0.000269852 0.000188119 1.42461e-05 0.0870057 0.00125943 18.4741 5.57465 157.197 22.3165 2580.93 138.062 2756.6 145.007 2756.6 145.007 0.573708 0.00860087 
300 0.278 2426400000 888.47 20.9602 -87.6637 0.694431 8247.16 132.698 8.79365e+07 3.07588e+06 1.56617e-05 0.00185744 0.000125132 0.00193112 0.00968 0.000269852 0.000188119 1.42461e-05 0.0870057 0.00125943 18.4741 5.57465 157.197 22.3165 2580.93 138.062 2756.6 145.007 2756.6 145.007 0.573708 0.00860087 
300 0.278 2428200000 888.47 20.9602 -87.6637 0.694431 8247.16 132.698 8.79365e+07 3.07588e+06 1.56617e-05 0.00185509 0.000125132 0.00192875 0.00968 0.000269472 0.000188119 1.42461e-05 0.0870057 0.00125758 18.4741 5.56628 157.197 22.2839 2580.93 138.062 2756.6 145.007 2756.6 145.007 0.573708 0.00860087 
300 0.278 2430000000 888.47 20.9602 -87.6637 0.694431 8247.16 132.698 8.79365e+07 3.07588e+06 1.56617e-05 0.00185509 0.000125132 0.00192875 0.00968 0.000269472 0.000188119 1.42461e-05 0.0870057 0.00125758 18.4741 5.56628 157.197 22.2839 2580.93 138.062 2756.6 145.007 2756.6 145.007 0.573708 0.00860087 
300 0.278 2431800000 888.47 20.9602 -87.6637 0.694431 8247.16 132.698 8.79365e+07 3.07588e+06 1.56617e-05 0.00185602 0.000125132 0.00192585 0.00968 0.00026909 0.000188119 1.42461e-05 0.0870057 0.00125605 18.4741 5.55794 157.197 22.2506 2580.93 138.062 2756.6 145.007 2756.6 145.007 0.573708 0.00860087 
300 0.278 2433600000 888.47 20.9602 -87.6637 0.694431 8247.16 132.698 8.79365e+07 3.07588e+06 1.56617e-05 0.00185602 0.000125132 0.00192585 0.00968 0.00026909 0.000188119 1.42461e-05 0.0870057 0.00125605 18.4741 5.55794 157.197 22.2506 2580.93 138.062 2756.6 145.007 2756.6 145.007 0.573708 0.00860087 
300 0.278 2435400000 888.47 20.9602 -87.6637 0.694431 8247.16 132.698 8.79365e+07 3.07588e+06 1.56617e-05 0.00185366 0.000125132 0.00192311 0.00968 0.000268747 0.000188119 1.42461e-05 0.0870057 0.00125492 18.4741 5.54961 157.197 22.2179 2580.93 138.062 2756.6 145.007 2756.6 145.007 0.573708 0.00860087 
300 0.278 2437200000 888.47 20.9602 -87.6637 0.694431 8247.16 132.698 8.79365e+07 3.07588e+06 1.56617e-05 0.00185366 0.000125132 0.00192311 0.00968 0.000268747 0.000188119 1.42461e-05 0.0870057 0.00125492 18.4741 5.54961 157.197 22.2179 2580.93 138.062 2756.6 145.007 2756.6 145.007 0.573708 0.00860087 
300 0.278 2439000000 888.47 20.9602 -87.6637 0.694431 8247.16 132.698 8.79365e+07 3.07588e+06 1.56617e-05 0.00185089 0.000125132 0.00192069 0.00968 0.000268345 0.000188119 1.42461e-05 0.0870057 0.0012531 18.4741 5.54133 157.197 22.1855 2580.93 138.062 2756.6 145.007 2756.6 145.007 0.573708 0.00860087 
300 0.278 2440800000 888.47 20.9602 -87.6637 0.694431 8247.16 132.698 8.79365e+07 3.07588e+06 1.56617e-05 0.00185089 0.000125132 0.00192069 0.00968 0.000268345 0.000188119 1.42461e-05 0.0870057 0.0012531 18.4741 5.54133 157.197 22.1855 2580.93 138.062 2756.6 145.007 2756.6 145.007 0.573708 0.00860087 
300 0.278 2442600000 888.47 20.9602 -87.6637 0.694431 8247.16 132.698 8.79365e+07 3.07588e+06 1.56617e-05 0.00184912 0.000125132 0.001918 0.00968 0.000267952 0.000188119 1.42461e-05 0.0870057 0.00125123 18.4741 5.53306 157.197 22.1531 2580.93 138.062 2756.6 145.007 2756.6 145.007 0.573708 0.00860087 
300 0.278 2444400000 888.47 20.9602 -87.6637 0.694431 8247.16 132.698 8.79365e+07 3.07588e+06 1.56617e-05 0.00184912 0.000125132 0.001918 0.00968 0.000267952 0.000188119 1.42461e-05 0.0870057 0.00125123 18.4741 5.53306 157.197 22.1531 2580.93 138.062 2756.6 145.007 2756.6 145.007 0.573708 0.00860087 
300 0.278 2446200000 888.47 20.9602 -87.6637 0.694431 8247.16 132.698 8.79365e+07 3.07588e+06 1.56617e-05 0.00184672 0.000125132 0.00191526 0.00968 0.000267579 0.000188119 1.42461e-05 0.0870057 0.00124937 18.4741 5.52482 157.197 22.1204 2580.93 138.062 2756.6 145.007 2756.6 145.007 0.573708 0.00860087 
300 0.278 2448000000 888.47 20.9602 -87.6637 0.694431 8247.16 132.698 8.79365e+07 3.07588e+06 1.56617e-05 0.00184672 0.000125132 0.00191526 0.00968 0.000267579 0.000188119 1.42461e-05 0.0870057 0.00124937 18.4741 5.52482 157.197 22.1204 2580.93 138.062 2756.6 145.007 2756.6 145.007 0.573708 0.00860087 
300 0.278 2449800000 888.47 20.9602 -87.6637 0.694431 8247.16 132.698 8.79365e+07 3.07588e+06 1.56617e-05 0.00185512 0.000125132 0.00191434 0.00968 0.000267852 0.000188119 1.42461e-05 0.0870057 0.001251 18.4741 5.51659 157.197 22.0877 2580.93 138.062 2756.6 145.007 2756.6 145.007 0.573708 0.00860087 
300 0.278 2451600000 888.47 20.9602 -87.6637 0.694431 8247.16 132.698 8.79365e+07 3.07588e+06 1.56617e-05 0.00185512 0.000125132 0.00191434 0.00968 0.000267852 0.000188119 1.42461e-05 0.0870057 0.001251 18.4741 5.51659 157.197 22.0877 2580.93 138.062 2756.6 145.007 2756.6 145.007 0.573708 0.00860087 
300 0.278 2453400000 888.47 20.463 -87.6637 0.669164 8247.16 126.529 8.79365e+07 2.99659e+06 1.56617e-05 0.00185316 0.000125132 0.00191203 0.00968 0.000267537 0.000188119 1.42461e-05 0.0870057 0.0012498 18.4741 5.50839 157.197 22.0557 2580.93 138.062 2756.6 145.007 2756.6 145.007 0.573708 0.00840334 
300 0.278 2455200000 888.47 20.463 -87.6637 0.669164 8247.16 126.529 8.79365e+07 2.99659e+06 1.56617e-05 0.00185316 0.000125132 0.00191203 0.00968 0.000267537 0.000188119 1.42461e-05 0.0870057 0.0012498 18.4741 5.50839 157.197 22.0557 2580.93 138.062 2756.6 145.007 2756.6 145.007 0.573708 0.00840334 
300 0.278 2457000000 888.47 20.463 -87.6637 0.669164 8247.16 126.529 8.79365e+07 2.99659e+06 1.56617e-05 0.00185125 0.000125132 0.00191039 0.00968 0.000267548 0.000188119 1.42461e-05 0.0870057 0.00124998 18.4741 5.50021 157.197 22.6458 2580.93 138.062 2756.6 145.007 2756.6 145.007 0.573708 0.00840334 
300 0.278 2458800000 888.47 20.463 -87.6637 0.669164 8247.16 126.529 8.79365e+07 2.99659e+06 1.56617e-05 0.00185125 0.000125132 0.00191039 0.00968 0.000267548 0.000188119 1.42461e-05 0.0870057 0.00124998 18.4741 5.50021 157.197 22.6458 2580.93 138.062 2756.6 145.007 2756.6 145.007 0.573708 0.00840334 
300 0.278 2460600000 888.47 20.463 -87.6637 0.669164 8247.16 126.529 8.79365e+07 2.99659e+06 1.56617e-05 0.00184851 0.000125132 0.00191096 0.00968 0.000267255 0.000188119 1.42461e-05 0.0870057 0.00124816 18.4741 5.49208 157.197 22.6128 2580.93 138.062 2756.6 145.007 2756.6 145.007 0.573708 0.00840334 
300 0.278 2462400000 888.47 20.463 -87.6637 0.669164 8247.16 126.529 8.79365e+07 2.99659e+06 1.56617e-05 0.00184851 0.000125132 0.00191096 0.00968 0.000267255 0.000188119 1.42461e-05 0.0870057 0.00124816 18.4741 5.49208 157.197 22.6128 2580.93 138.062 2756.6 145.007 2756.6 145.007 0.573708 0.00840334 
300 0.278 2464200000 888.47 20.463 -87.6637 0.669164 8247.16 126.529 8.79365e+07 2.99659e+06 1.56617e-05 0.00185396 0.000125132 0.00191069 0.00968 0.000267274 0.000188119 1.42461e-05 0.0870057 0.0012485 18.4741 5.48396 157.197 22.5802 2580.93 138.062 2756.6 145.007 2756.6 145.007 0.573708 0.00840334 
300 0.278 2466000000 888.47 20.463 -87.6637 0.669164 8247.16 126.529 8.79365e+07 2.99659e+06 1.56617e-05 0.00185396 0.000125132 0.00191069 0.00968 0.000267274 0.000188119 1.42461e-05 0.0870057 0.0012485 18.4741 5.48396 157.197 22.5802 2580.93 138.062 2756.6 145.007 2756.6 145.007 0.573708 0.00840334 
300 0.278 2467800000 888.47 20.463 -87.6637 0.669164 8247.16 126.529 8.79365e+07 2.99659e+06 1.56617e-05 0.00185124 0.000125132 0.00190808 0.00968 0.000267222 0.000188119 1.42461e-05 0.0870057 0.00125034 18.4741 5.47588 157.197 22.5475 2580.93 138.062 2756.6 145.007 2756.6 145.007 0.573708 0.00840334 
300 0.278 2469600000 888.47 20.463 -87.6637 0.669164 8247.16 126.529 8.79365e+07 2.99659e+06 1.56617e-05 0.00185124 0.000125132 0.00190808 0.00968 0.000267222 0.000188119 1.42461e-05 0.0870057 0.00125034 18.4741 5.47588 157.197 22.5475 2580.93 138.062 2756.6 145.007 2756.6 145.007 0.573708 0.00840334 
300 0.278 2471400000 888.47 20.463 -87.6637 0.669164 8247.16 126.529 8.79365e+07 2.99659e+06 1.56617e-05 0.0018506 0.000125132 0.0019053 0.00968 0.000266901 0.000188119 1.42461e-05 0.0870057 0.00124924 18.4741 5.46781 157.197 22.5147 2580.93 138.062 2756.6 145.007 2756.6 145.007 0.573708 0.00840334 
300 0.278 2473200000 888.47 20.463 -87.6637 0.669164 8247.16 126.529 8.79365e+07 2.99659e+06 1.56617e-05 0.0018506 0.000125132 0.0019053 0.00968 0.000266901 0.000188119 1.42461e-05 0.0870057 0.00124924 18.4741 5.46781 157.197 22.5147 2580.93 138.062 2756.6 145.007 2756.6 145.007 0.573708 0.00840334 
300 0.278 2475000000 888.47 20.463 -87.6637 0.669164 8247.16 126.529 8.79365e+07 2.99659e+06 1.56617e-05 0.00184855 0.000125132 0.00190349 0.00968 0.00026664 0.000188119 1.42461e-05 0.0870057 0.00124789 18.4741 5.45976 157.197 22.5519 2580.93 138.062 2756.6 145.007 2756.6 145.007 0.573708 0.00840334 
300 0.278 2476800000 888.47 20.463 -87.6637 0.669164 8247.16 126.529 8.79365e+07 2.99659e+06 1.56617e-05 0.00184855 0.000125132 0.00190349 0.00968 0.00026664 0.000188119 1.42461e-05 0.0870057 0.00124789 18.4741 5.45976 157.197 22.5519 2580.93 138.062 2756.6 145.007 2756.6 145.007 0.573708 0.00840334 
300 0.278 2478600000 888.47 20.463 -87.6637 0.669164 8247.16 126.529 8.79365e+07 2.99659e+06 1.56617e-05 0.00184802 0.000125132 0.00190135 0.00968 0.000266276 0.000188119 1.42461e-05 0.0870057 0.00124609 18.4741 5.45173 157.197 22.5196 2580.93 138.062 2756.6 145.007 2756.6 145.007 0.573708 0.00840334 
300 0.278 2480400000 888.47 20.463 -87.6637 0.669164 8247.16 126.529 8.79365e+07 2.99659e+06 1.56617e-05 0.00184802 0.000125132 0.00190135 0.00968 0.000266276 0.000188119 1.42461e-05 0.0870057 0.00124609 18.4741 5.45173 157.197 22.5196 2580.93 138.062 2756.6 145.007 2756.6 145.007 0.573708 0.00840334 
300 0.278 2482200000 888.47 20.463 -87.6637 0.669164 8247.16 126.529 8.79365e+07 2.99659e+06 1.56617e-05 0.00184556 0.000125132 0.0018991 0.00968 0.000266159 0.000188119 1.42461e-05 0.0870057 0.00124635 18.4741 5.44375 157.197 22.4873 2580.93 138.062 2756.6 145.007 2756.6 145.007 0.573708 0.00840334 
300 0.278 2484000000 888.47 20.463 -87.6637 0.669164 8247.16 126.529 8.79365e+07 2.99659e+06 1.56617e-05 0.00184556 0.000125132 0.0018991 0.00968 0.000266159 0.000188119 1.42461e-05 0.0870057 0.00124635 18.4741 5.44375 157.197 22.4873 2580.93 138.062 2756.6 145.007 2756.6 145.007 0.573708 0.00840334 
300 0.278 2485800000 888.47 20.463 -87.6637 0.669164 8247.16 126.529 8.79365e+07 2.99659e+06 1.56617e-05 0.00184764 0.000125132 0.0018965 0.00968 0.00026589 0.000188119 1.42461e-05 0.0870057 0.00124552 18.4741 5.43578 157.197 22.4551 2580.93 138.062 2756.6 145.007 2756.6 145.007 0.573708 0.00840334 
300 0.278 2487600000 888.47 20.463 -87.6637 0.669164 8247.16 126.529 8.79365e+07 2.99659e+06 1.56617e-05 0.00184764 0.000125132 0.0018965 0.00968 0.00026589 0.000188119 1.42461e-05 0.0870057 0.00124552 18.4741 5.43578 157.197 22.4551 2580.93 138.062 2756.6 145.007 2756.6 145.007 0.573708 0.00840334 
300 0.278 2489400000 888.47 20.463 -87.6637 0.669164 8247.16 126.529 8.79365e+07 2.99659e+06 1.56617e-05 0.00184834 0.000125132 0.00189389 0.00968 0.000265681 0.000188119 1.42461e-05 0.0870057 0.00124396 18.4741 5.42784 157.197 22.4223 2580.93 138.062 2756.6 145.007 2756.6 145.007 0.573708 0.00840334 
300 0.278 2491200000 888.47 20.463 -87.6637 0.669164 8247.16 126.529 8.79365e+07 2.99659e+06 1.56617e-05 0.00184834 0.000125132 0.00189389 0.00968 0.000265681 0.000188119 1.42461e-05 0.0870057 0.00124396 18.4741 5.42784 157.197 22.4223 2580.93 138.062 2756.6 145.007 2756.6 145.007 0.573708 0.00840334 
300 0.278 2493000000 888.47 20.463 -87.6637 0.669164 8247.16 126.529 8.79365e+07 2.99659e+06 1.56617e-05 0.00184882 0.000125132 0.00189173 0.00968 0.000265301 0.000188119 1.42461e-05 0.0870057 0.00124214 18.4741 5.41992 157.197 22.3903 2580.93 138.062 2756.6 145.007 2756.6 145.007 0.573708 0.00840334 
300 0.278 2494800000 888.47 20.463 -87.6637 0.669164 8247.16 126.529 8.79365e+07 2.99659e+06 1.56617e-05 0.00184882 0.000125132 0.00189173 0.00968 0.000265301 0.000188119 1.42461e-05 0.0870057 0.00124214 18.4741 5.41992 157.197 22.3903 2580.93 138.062 2756.6 145.007 2756.6 145.007 0.573708 0.00840334 
300 0.278 2496600000 888.47 20.463 -87.6637 0.669164 8247.16 126.529 8.79365e+07 2.99659e+06 1.56617e-05 0.00184641 0.000125132 0.00188915 0.00968 0.000265222 0.000188119 1.42461e-05 0.0870057 0.00124312 18.4741 5.41201 157.197 22.3582 2580.93 138.062 2756.6 145.007 2756.6 145.007 0.573708 0.00840334 
300 0.278 2498400000 888.47 20.463 -87.6637 0.669164 8247.16 126.529 8.79365e+07 2.99659e+06 1.56617e-05 0.00184641 0.000125132 0.00188915 0.00968 0.000265222 0.000188119 1.42461e-05 0.0870057 0.00124312 18.4741 5.41201 157.197 22.3582 2580.93 138.062 2756.6 145.007 2756.6 145.007 0.573708 0.00840334 
300 0.278 2500200000 888.47 20.463 -87.6637 0.669164 8247.16 126.529 8.79365e+07 2.99659e+06 1.56617e-05 0.00184458 0.000125132 0.00188731 0.00968 0.000264864 0.000188119 1.42461e-05 0.0870057 0.00124131 18.4741 5.40412 157.197 22.3265 2580.93 138.062 2756.6 145.007 2756.6 145.007 0.573708 0.00840334 
300 0.278 2502000000 888.47 20.463 -87.6637 0.669164 8247.16 126.529 8.79365e+07 2.99659e+06 1.56617e-05 0.00184458 0.000125132 0.00188731 0.00968 0.000264864 0.000188119 1.42461e-05 0.0870057 0.00124131 18.4741 5.40412 157.197 22.3265 2580.93 138.062 2756.6 145.007 2756.6 145.007 0.573708 0.00840334 
300 0.278 2503800000 888.47 20.463 -87.6637 0.669398 8247.16 126.529 8.79365e+07 2.99659e+06 1.56617e-05 0.00184198 0.000125132 0.00188467 0.00968 0.000264543 0.000188119 1.42461e-05 0.0870057 0.00123963 18.4741 5.39625 157.197 22.2946 2580.93 138.062 2756.6 145.007 2756.6 145.007 0.573708 0.00840334 
300 0.278 2505600000 888.47 20.463 -87.6637 0.669398 8247.16 126.529 8.79365e+07 2.99659e+06 1.56617e-05 0.00184198 0.000125132 0.00188467 0.00968 0.000264543 0.000188119 1.42461e-05 0.0870057 0.00123963 18.4741 5.39625 157.197 22.2946 2580.93 138.062 2756.6 145.007 2756.6 145.007 0.573708 0.00840334 
300 0.278 2507400000 888.47 20.463 -87.6637 0.669398 8247.16 126.529 8.79365e+07 2.99659e+06 1.56617e-05 0.00183998 0.000125132 0.00188202 0.00968 0.000264406 0.000188119 1.42461e-05 0.0870057 0.00123972 18.4741 5.38841 157.197 22.263 2580.93 138.062 2756.6 145.007 2756.6 145.007 0.573708 0.00840334 
300 0.278 2509200000 888.47 20.463 -87.6637 0.669398 8247.16 126.529 8.79365e+07 2.99659e+06 1.56617e-05 0.00183998 0.000125132 0.00188202 0.00968 0.000264406 0.000188119 1.42461e-05 0.0870057 0.00123972 18.4741 5.38841 157.197 22.263 2580.93 138.062 2756.6 145.007 2756.6 145.007 0.573708 0.00840334 
300 0.278 2511000000 888.47 20.3306 -87.6637 0.669565 8247.16 127.31 8.79365e+07 3.03055e+06 1.56617e-05 0.00183953 0.000125132 0.00187952 0.00968 0.000264101 0.000188119 1.42461e-05 0.0870057 0.00123814 18.4741 5.38061 157.197 22.2315 2580.93 138.062 2756.6 145.007 2756.6 145.007 0.573708 0.00824609 
300 0.278 2512800000 888.47 20.3306 -87.6637 0.669565 8247.16 127.31 8.79365e+07 3.03055e+06 1.56617e-05 0.00183953 0.000125132 0.00187952 0.00968 0.000264101 0.000188119 1.42461e-05 0.0870057 0.00123814 18.4741 5.38061 157.197 22.2315 2580.93 138.062 2756.6 145.007 2756.6 145.007 0.573708 0.00824609 
300 0.278 2514600000 888.47 20.3306 -87.6637 0.669565 8247.16 127.31 8.79365e+07 3.03055e+06 1.56617e-05 0.00183745 0.000125132 0.00187781 0.00968 0.000263805 0.000188119 1.42461e-05 0.0870057 0.00123695 18.4741 5.37282 157.197 22.1998 2580.93 138.062 2756.6 145.007 2756.6 145.007 0.573708 0.00824609 
300 0.278 2516400000 888.47 20.3306 -87.6637 0.669565 8247.16 127.31 8.79365e+07 3.03055e+06 1.56617e-05 0.00183745 0.000125132 0.00187781 0.00968 0.000263805 0.000188119 1.42461e-05 0.0870057 0.00123695 18.4741 5.37282 157.197 22.1998 2580.93 138.062 2756.6 145.007 2756.6 145.007 0.573708 0.00824609 
300 0.278 2518200000 888.47 20.3306 -87.6637 0.669565 8247.16 127.31 8.79365e+07 3.03055e+06 1.56617e-05 0.0018348 0.000125132 0.00187646 0.00968 0.000263422 0.000188119 1.42461e-05 0.0870057 0.00123516 18.4741 5.36505 157.197 22.1685 2580.93 138.062 2756.6 145.007 2756.6 145.007 0.573708 0.00824609 
300 0.278 2520000000 888.47 20.3306 -87.6637 0.669565 8247.16 127.31 8.79365e+07 3.03055e+06 1.56617e-05 0.0018348 0.000125132 0.00187646 0.00968 0.000263422 0.000188119 1.42461e-05 0.0870057 0.00123516 18.4741 5.36505 157.197 22.1685 2580.93 138.062 2756.6 145.007 2756.6 145.007 0.573708 0.00824609 
300 0.278 2521800000 888.47 20.3306 -87.6637 0.669565 8247.16 127.31 8.79365e+07 3.03055e+06 1.56617e-05 0.00183217 0.000125132 0.00187623 0.00968 0.000263504 0.000188119 1.42461e-05 0.0870057 0.00123593 18.4741 5.3573 157.197 22.1372 2580.93 138.062 2756.6 145.007 2756.6 145.007 0.573708 0.00824609 
300 0.278 2523600000 888.47 20.3306 -87.6637 0.669565 8247.16 127.31 8.79365e+07 3.03055e+06 1.56617e-05 0.00183217 0.000125132 0.00187623 0.00968 0.000263504 0.000188119 1.42461e-05 0.0870057 0.00123593 18.4741 5.3573 157.197 22.1372 2580.93 138.062 2756.6 145.007 2756.6 145.007 0.573708 0.00824609 
300 0.278 2525400000 888.47 20.3306 -87.6637 0.669565 8247.16 127.31 8.79365e+07 3.03055e+06 1.56617e-05 0.00183172 0.000125132 0.00187417 0.00968 0.000263423 0.000188119 1.42461e-05 0.0870057 0.00123612 18.4741 5.34959 157.197 22.1061 2580.93 138.062 2756.6 145.007 2756.6 145.007 0.573708 0.00824609 
300 0.278 2527200000 888.47 20.3306 -87.6637 0.669565 8247.16 127.31 8.79365e+07 3.03055e+06 1.56617e-05 0.00183172 0.000125132 0.00187417 0.00968 0.000263423 0.000188119 1.42461e-05 0.0870057 0.00123612 18.4741 5.34959 157.197 22.1061 2580.93 138.062 2756.6 145.007 2756.6 145.007 0.573708 0.00824609 
300 0.278 2529000000 888.47 20.3306 -87.6637 0.669565 8247.16 127.31 8.79365e+07 3.03055e+06 1.56617e-05 0.00183079 0.000125132 0.00187249 0.00968 0.000263045 0.000188119 1.42461e-05 0.0870057 0.00123452 18.4741 5.3419 157.197 22.0751 2580.93 138.062 2756.6 145.007 2756.6 145.007 0.573708 0.00824609 
300 0.278 2530800000 888.47 20.3306 -87.6637 0.669565 8247.16 127.31 8.79365e+07 3.03055e+06 1.56617e-05 0.00183079 0.000125132 0.00187249 0.00968 0.000263045 0.000188119 1.42461e-05 0.0870057 0.00123452 18.4741 5.3419 157.197 22.0751 2580.93 138.062 2756.6 145.007 2756.6 145.007 0.573708 0.00824609 
300 0.278 2532600000 888.47 20.3306 -87.6637 0.669565 8247.16 127.31 8.79365e+07 3.03055e+06 1.56617e-05 0.00182873 0.000125132 0.00187099 0.00968 0.000262666 0.000188119 1.42461e-05 0.0870057 0.00123275 18.4741 5.33422 157.197 22.0439 2580.93 138.062 2756.6 145.007 2756.6 145.007 0.573708 0.00824609 
300 0.278 2534400000 888.47 20.3306 -87.6637 0.669565 8247.16 127.31 8.79365e+07 3.03055e+06 1.56617e-05 0.00182873 0.000125132 0.00187099 0.00968 0.000262666 0.000188119 1.42461e-05 0.0870057 0.00123275 18.4741 5.33422 157.197 22.0439 2580.93 138.062 2756.6 145.007 2756.6 145.007 0.573708 0.00824609 
300 0.278 2536200000 888.47 20.3306 -87.6637 0.669565 8247.16 127.31 8.79365e+07 3.03055e+06 1.56617e-05 0.00182692 0.000125132 0.00187093 0.00968 0.000262605 0.000188119 1.42461e-05 0.0870057 0.00123298 18.4741 5.32656 157.197 22.0129 2580.93 138.062 2756.6 145.007 2756.6 145.007 0.573708 0.00824609 
300 0.278 2538000000 888.47 20.3306 -87.6637 0.669565 8247.16 127.31 8.79365e+07 3.03055e+06 1.56617e-05 0.00182692 0.000125132 0.00187093 0.00968 0.000262605 0.000188119 1.42461e-05 0.0870057 0.00123298 18.4741 5.32656 157.197 22.0129 2580.93 138.062 2756.6 145.007 2756.6 145.007 0.573708 0.00824609 
300 0.278 2539800000 888.47 20.3306 -87.6637 0.669565 8247.16 127.31 8.79365e+07 3.03055e+06 1.56617e-05 0.0018243 0.000125132 0.00186829 0.00968 0.000262487 0.000188119 1.42461e-05 0.0870057 0.00123318 18.4741 5.31893 157.197 21.9821 2580.93 138.062 2756.6 145.007 2756.6 145.007 0.573708 0.00821215 
300 0.278 2541600000 888.47 20.3306 -87.6637 0.669565 8247.16 127.31 8.79365e+07 3.03055e+06 1.56617e-05 0.0018243 0.000125132 0.00186829 0.00968 0.000262487 0.000188119 1.42461e-05 0.0870057 0.00123318 18.4741 5.31893 157.197 21.9821 2580.93 138.062 2756.6 145.007 2756.6 145.007 0.573708 0.00821215 
300 0.278 2543400000 888.47 20.3306 -87.6637 0.669565 8247.16 127.31 8.79365e+07 3.03055e+06 1.56617e-05 0.00182174 0.000125132 0.00186561 0.00968 0.000262204 0.000188119 1.42461e-05 0.0870057 0.00123169 18.4741 5.31132 157.197 21.9514 2580.93 138.062 2756.6 145.007 2756.6 145.007 0.573708 0.00821215 
300 0.278 2545200000 888.47 20.3306 -87.6637 0.669565 8247.16 127.31 8.79365e+07 3.03055e+06 1.56617e-05 0.00182174 0.000125132 0.00186561 0.00968 0.000262204 0.000188119 1.42461e-05 0.0870057 0.00123169 18.4741 5.31132 157.197 21.9514 2580.93 138.062 2756.6 145.007 2756.6 145.007 0.573708 0.00821215 
300 0.278 2547000000 888.47 20.3306 -87.6637 0.669565 8247.16 127.31 8.79365e+07 3.03055e+06 1.56617e-05 0.00181914 0.000125132 0.00186526 0.00968 0.000261904 0.000188119 1.42461e-05 0.0870057 0.00123013 18.4741 5.30371 157.197 21.9205 2580.93 138.062 2756.6 145.007 2756.6 145.007 0.573708 0.00821215 
300 0.278 2548800000 888.47 20.3306 -87.6637 0.669565 8247.16 127.31 8.79365e+07 3.03055e+06 1.56617e-05 0.00181914 0.000125132 0.00186526 0.00968 0.000261904 0.000188119 1.42461e-05 0.0870057 0.00123013 18.4741 5.30371 157.197 21.9205 2580.93 138.062 2756.6 145.007 2756.6 145.007 0.573708 0.00821215 
300 0.278 2550600000 888.47 20.3306 -87.6637 0.669565 8247.16 127.31 8.79365e+07 3.03055e+06 1.56617e-05 0.00181695 0.000125132 0.00186306 0.00968 0.000261568 0.000188119 1.42461e-05 0.0870057 0.00122856 18.4741 5.29615 157.197 21.89 2580.93 138.062 2756.6 145.007 2756.6 145.007 0.573708 0.00821215 
300 0.278 2552400000 888.47 20.3306 -87.6637 0.669565 8247.16 127.31 8.79365e+07 3.03055e+06 1.56617e-05 0.00181695 0.000125132 0.00186306 0.00968 0.000261568 0.000188119 1.42461e-05 0.0870057 0.00122856 18.4741 5.29615 157.197 21.89 2580.93 138.062 2756.6 145.007 2756.6 145.007 0.573708 0.00821215 
300 0.278 2554200000 888.47 20.3306 -87.6637 0.669565 8247.16 127.31 8.79365e+07 3.03055e+06 1.56617e-05 0.00181805 0.000125132 0.00186514 0.00968 0.000261737 0.000188119 1.42461e-05 0.0870057 0.00122795 18.4741 5.28859 157.197 21.8594 2580.93 138.062 2756.6 145.007 2756.6 145.007 0.573708 0.00821215 
300 0.278 2556000000 888.47 20.3306 -87.6637 0.669565 8247.16 127.31 8.79365e+07 3.03055e+06 1.56617e-05 0.00181805 0.000125132 0.00186514 0.00968 0.000261737 0.000188119 1.42461e-05 0.0870057 0.00122795 18.4741 5.28859 157.197 21.8594 2580.93 138.062 2756.6 145.007 2756.6 145.007 0.573708 0.00821215 
300 0.278 2557800000 888.47 20.3306 -87.6637 0.669565 8247.16 127.31 8.79365e+07 3.03055e+06 1.56617e-05 0.00181689 0.000125132 0.00186422 0.00968 0.000261384 0.000188119 1.42461e-05 0.0870057 0.0012262 18.4741 5.28105 157.197 22.0472 2580.93 138.062 2756.6 145.007 2756.6 145.007 0.573708 0.00821215 
300 0.278 2559600000 888.47 20.3306 -87.6637 0.669565 8247.16 127.31 8.79365e+07 3.03055e+06 1.56617e-05 0.00181689 0.000125132 0.00186422 0.00968 0.000261384 0.000188119 1.42461e-05 0.0870057 0.0012262 18.4741 5.28105 157.197 22.0472 2580.93 138.062 2756.6 145.007 2756.6 145.007 0.573708 0.00821215 
300 0.278 2561400000 888.47 20.3306 -87.6637 0.669565 8247.16 127.31 8.79365e+07 3.03055e+06 1.56617e-05 0.00181549 0.000125132 0.00186392 0.00968 0.000261016 0.000188119 1.42461e-05 0.0870057 0.00122446 18.4741 5.27354 157.197 22.1556 2580.93 138.062 2756.6 145.007 2756.6 145.007 0.573708 0.00821215 
300 0.278 2563200000 888.47 20.3306 -87.6637 0.669565 8247.16 127.31 8.79365e+07 3.03055e+06 1.56617e-05 0.00181549 0.000125132 0.00186392 0.00968 0.000261016 0.000188119 1.42461e-05 0.0870057 0.00122446 18.4741 5.27354 157.197 22.1556 2580.93 138.062 2756.6 145.007 2756.6 145.007 0.573708 0.00821215 
300 0.278 2565000000 888.47 20.3306 -87.6637 0.669565 8247.16 127.31 8.79365e+07 3.03055e+06 1.56617e-05 0.00181296 0.000125132 0.00186139 0.00968 0.000260647 0.000188119 1.42461e-05 0.0870057 0.00122276 18.4741 5.26607 157.197 22.1248 2580.93 138.062 2756.6 145.007 2756.6 145.007 0.573708 0.00821215 
300 0.278 2566800000 888.47 20.3306 -87.6637 0.669565 8247.16 127.31 8.79365e+07 3.03055e+06 1.56617e-05 0.00181296 0.000125132 0.00186139 0.00968 0.000260647 0.000188119 1.42461e-05 0.0870057 0.00122276 18.4741 5.26607 157.197 22.1248 2580.93 138.062 2756.6 145.007 2756.6 145.007 0.573708 0.00821215 
300 0.278 2568600000 890.744 20.1278 -87.7744 0.656232 8259.06 125.246 8.79389e+07 2.99792e+06 -0.00119048 0.00181039 -0.000294048 0.00185898 0.00966087 0.000260325 0.000186146 1.42461e-05 0.0869862 0.00122166 17.671 5.25862 159.177 22.0943 2568.26 127.279 2745.11 138.589 2745.11 138.589 0.573053 0.00807393 
300 0.278 2570400000 890.744 20.1278 -87.7744 0.656232 8259.06 125.246 8.79389e+07 2.99792e+06 -0.00119048 0.00181039 -0.000294048 0.00185898 0.00966087 0.000260325 0.000186146 1.42461e-05 0.0869862 0.00122166 17.671 5.25862 159.177 22.0943 2568.26 127.279 2745.11 138.589 2745.11 138.589 0.573053 0.00807393 
300 0.278 2572200000 890.744 20.1278 -87.7744 0.656232 8259.06 125.246 8.79389e+07 2.99792e+06 -0.00119048 0.00180966 -0.000294048 0.00185937 0.00966087 0.00026022 0.000186146 1.42461e-05 0.0869862 0.0012217 17.671 5.25117 159.177 22.0631 2568.26 127.279 2745.11 138.589 2745.11 138.589 0.573053 0.00807393 
300 0.278 2574000000 890.744 20.1278 -87.7744 0.656232 8259.06 125.246 8.79389e+07 2.99792e+06 -0.00119048 0.00180966 -0.000294048 0.00185937 0.00966087 0.00026022 0.000186146 1.42461e-05 0.0869862 0.0012217 17.671 5.25117 159.177 22.0631 2568.26 127.279 2745.11 138.589 2745.11 138.589 0.573053 0.00807393 
300 0.278 2575800000 890.744 20.1278 -87.7744 0.656232 8259.06 125.246 8.79389e+07 2.99792e+06 -0.00119048 0.00180792 -0.000294048 0.00185683 0.00966087 0.000259893 0.000186146 1.42461e-05 0.0869862 0.00122012 17.671 5.24374 159.177 22.0324 2568.26 127.279 2745.11 138.589 2745.11 138.589 0.573053 0.00807393 
300 0.278 2577600000 890.744 20.1278 -87.7744 0.656232 8259.06 125.246 8.79389e+07 2.99792e+06 -0.00119048 0.00180792 -0.000294048 0.00185683 0.00966087 0.000259893 0.000186146 1.42461e-05 0.0869862 0.00122012 17.671 5.24374 159.177 22.0324 2568.26 127.279 2745.11 138.589 2745.11 138.589 0.573053 0.00807393 
300 0.278 2579400000 890.744 20.1278 -87.7744 0.656232 8259.06 125.246 8.79389e+07 2.99792e+06 -0.00119048 0.00180615 -0.000294048 0.00185427 0.00966087 0.000259632 0.000186146 1.42461e-05 0.0869862 0.00121875 17.671 5.23634 159.177 22.002 2568.26 127.279 2745.11 138.589 2745.11 138.589 0.573053 0.00807393 
300 0.278 2581200000 890.744 20.1278 -87.7744 0.656232 8259.06 125.246 8.79389e+07 2.99792e+06 -0.00119048 0.00180615 -0.000294048 0.00185427 0.00966087 0.000259632 0.000186146 1.42461e-05 0.0869862 0.00121875 17.671 5.23634 159.177 22.002 2568.26 127.279 2745.11 138.589 2745.11 138.589 0.573053 0.00807393 
300 0.278 2583000000 890.744 20.1278 -87.7744 0.656232 8259.06 125.246 8.79389e+07 2.99792e+06 -0.00119048 0.00180517 -0.000294048 0.00185309 0.00966087 0.00025948 0.000186146 1.42461e-05 0.0869862 0.00121765 17.671 5.22897 159.177 21.9717 2568.26 127.279 2745.11 138.589 2745.11 138.589 0.573053 0.00807393 
300 0.278 2584800000 890.744 20.1278 -87.7744 0.656232 8259.06 125.246 8.79389e+07 2.99792e+06 -0.00119048 0.00180517 -0.000294048 0.00185309 0.00966087 0.00025948 0.000186146 1.42461e-05 0.0869862 0.00121765 17.671 5.22897 159.177 21.9717 2568.26 127.279 2745.11 138.589 2745.11 138.589 0.573053 0.00807393 
300 0.278 2586600000 890.744 20.1278 -87.7744 0.656232 8259.06 125.246 8.79389e+07 2.99792e+06 -0.00119048 0.00180346 -0.000294048 0.00185264 0.00966087 0.000259125 0.000186146 1.42461e-05 0.0869862 0.00121594 17.671 5.2216 159.177 21.9412 2568.26 127.279 2745.11 138.589 2745.11 138.589 0.573053 0.00807393 
300 0.278 2588400000 890.744 20.1278 -87.7744 0.656232 8259.06 125.246 8.79389e+07 2.99792e+06 -0.00119048 0.00180346 -0.000294048 0.00185264 0.00966087 0.000259125 0.000186146 1.42461e-05 0.0869862 0.00121594 17.671 5.2216 159.177 21.9412 2568.26 127.279 2745.11 138.589 2745.11 138.589 0.573053 0.00807393 
300 0.278 2590200000 890.744 20.1278 -87.7744 0.656232 8259.06 125.246 8.79389e+07 2.99792e+06 -0.00119048 0.00180525 -0.000294048 0.00185124 0.00966087 0.000258763 0.000186146 1.42461e-05 0.0869862 0.00121443 17.671 5.21425 159.177 21.9111 2568.26 127.279 2745.11 138.589 2745.11 138.589 0.573053 0.00807393 
300 0.278 2592000000 890.744 20.1278 -87.7744 0.656232 8259.06 125.246 8.79389e+07 2.99792e+06 -0.00119048 0.00180525 -0.000294048 0.00185124 0.00966087 0.000258763 0.000186146 1.42461e-05 0.0869862 0.00121443 17.671 5.21425 159.177 21.9111 2568.26 127.279 2745.11 138.589 2745.11 138.589 0.573053 0.00807393 
300 0.278 2593800000 890.744 20.1278 -87.7744 0.656232 8259.06 125.246 8.79389e+07 2.99792e+06 -0.00119048 0.00180387 -0.000294048 0.00184884 0.00966087 0.0002584 0.000186146 1.42461e-05 0.0869862 0.00121273 17.671 5.20691 159.177 21.8808 2568.26 127.279 2745.11 138.589 2745.11 138.589 0.573053 0.00807393 
300 0.278 2595600000 890.744 20.1278 -87.7744 0.656232 8259.06 125.246 8.79389e+07 2.99792e+06 -0.00119048 0.00180387 -0.000294048 0.00184884 0.00966087 0.0002584 0.000186146 1.42461e-05 0.0869862 0.00121273 17.671 5.20691 159.177 21.8808 2568.26 127.279 2745.11 138.589 2745.11 138.589 0.573053 0.00807393 
300 0.278 2597400000 890.744 20.1278 -87.7744 0.656232 8259.06 125.246 8.79389e+07 2.99792e+06 -0.00119048 0.00180457 -0.000294048 0.00184624 0.00966087 0.000258061 0.000186146 1.42461e-05 0.0869862 0.00121103 17.671 5.19963 159.177 21.851 2568.26 127.279 2745.11 138.589 2745.11 138.589 0.573053 0.0081685 
300 0.278 2599200000 890.744 20.1278 -87.7744 0.656232 8259.06 125.246 8.79389e+07 2.99792e+06 -0.00119048 0.00180457 -0.000294048 0.00184624 0.00966087 0.000258061 0.000186146 1.42461e-05 0.0869862 0.00121103 17.671 5.19963 159.177 21.851 2568.26 127.279 2745.11 138.589 2745.11 138.589 0.573053 0.0081685 
300 0.278 2601000000 890.744 20.1278 -87.7744 0.656232 8259.06 125.246 8.79389e+07 2.99792e+06 -0.00119048 0.00180539 -0.000294048 0.00184379 0.00966087 0.000257701 0.000186146 1.42461e-05 0.0869862 0.00120939 17.671 5.19235 159.177 21.8212 2568.26 127.279 2745.11 138.589 2745.11 138.589 0.573053 0.0081685 
300 0.278 2602800000 890.744 20.1278 -87.7744 0.656232 8259.06 125.246 8.79389e+07 2.99792e+06 -0.00119048 0.00180539 -0.000294048 0.00184379 0.00966087 0.000257701 0.000186146 1.42461e-05 0.0869862 0.00120939 17.671 5.19235 159.177 21.8212 2568.26 127.279 2745.11 138.589 2745.11 138.589 0.573053 0.0081685 
300 0.278 2604600000 890.744 20.1278 -87.7744 0.656232 8259.06 125.246 8.79389e+07 2.99792e+06 -0.00119048 0.00180323 -0.000294048 0.00184367 0.00966087 0.000257344 0.000186146 1.42461e-05 0.0869862 0.00120771 17.671 5.18511 159.177 21.7913 2568.26 127.279 2745.11 138.589 2745.11 138.589 0.573053 0.0081685 
300 0.278 2606400000 890.744 20.1278 -87.7744 0.656232 8259.06 125.246 8.79389e+07 2.99792e+06 -0.00119048 0.00180323 -0.000294048 0.00184367 0.00966087 0.000257344 0.000186146 1.42461e-05 0.0869862 0.00120771 17.671 5.18511 159.177 21.7913 2568.26 127.279 2745.11 138.589 2745.11 138.589 0.573053 0.0081685 
300 0.278 2608200000 890.744 20.1278 -87.7744 0.656232 8259.06 125.246 8.79389e+07 2.99792e+06 -0.00119048 0.00180082 -0.000294048 0.00184151 0.00966087 0.000256989 0.000186146 1.42461e-05 0.0869862 0.00120615 17.671 5.17788 159.177 21.7615 2568.26 127.279 2745.11 138.589 2745.11 138.589 0.573053 0.0081685 
300 0.278 2610000000 890.744 20.1278 -87.7744 0.656232 8259.06 125.246 8.79389e+07 2.99792e+06 -0.00119048 0.00180082 -0.000294048 0.00184151 0.00966087 0.000256989 0.000186146 1.42461e-05 0.0869862 0.00120615 17.671 5.17788 159.177 21.7615 2568.26 127.279 2745.11 138.589 2745.11 138.589 0.573053 0.0081685 
300 0.278 2611800000 890.744 20.1278 -87.7744 0.656232 8259.06 125.246 8.79389e+07 2.99792e+06 -0.00119048 0.00179928 -0.000294048 0.00184116 0.00966087 0.000256663 0.000186146 1.42461e-05 0.0869862 0.00120452 17.671 5.17065 159.177 21.7316 2568.26 127.279 2745.11 138.589 2745.11 138.589 0.573053 0.0081685 
300 0.278 2613600000 890.744 20.1278 -87.7744 0.656232 8259.06 125.246 8.79389e+07 2.99792e+06 -0.00119048 0.00179928 -0.000294048 0.00184116 0.00966087 0.000256663 0.000186146 1.42461e-05 0.0869862 0.00120452 17.671 5.17065 159.177 21.7316 2568.26 127.279 2745.11 138.589 2745.11 138.589 0.573053 0.0081685 
300 0.278 2615400000 890.744 20.1278 -87.7744 0.656232 8259.06 125.246 8.79389e+07 2.99792e+06 -0.00119048 0.00180107 -0.000294048 0.00183977 0.00966087 0.000257003 0.000186146 1.42461e-05 0.0869862 0.00120577 17.671 5.16345 159.177 21.7021 2568.26 127.279 2745.11 138.589 2745.11 138.589 0.573053 0.0081685 
300 0.278 2617200000 890.744 20.1278 -87.7744 0.656232 8259.06 125.246 8.79389e+07 2.99792e+06 -0.00119048 0.00180107 -0.000294048 0.00183977 0.00966087 0.000257003 0.000186146 1.42461e-05 0.0869862 0.00120577 17.671 5.16345 159.177 21.7021 2568.26 127.279 2745.11 138.589 2745.11 138.589 0.573053 0.0081685 
300 0.278 2619000000 890.744 20.1278 -87.7744 0.656232 8259.06 125.246 8.79389e+07 2.99792e+06 -0.00119048 0.00179987 -0.000294048 0.00183925 0.00966087 0.000256675 0.000186146 1.42461e-05 0.0869862 0.00120412 17.671 5.15628 159.177 21.6727 2568.26 127.279 2745.11 138.589 2745.11 138.589 0.573053 0.0081685 
300 0.278 2620800000 890.744 20.1278 -87.7744 0.656232 8259.06 125.246 8.79389e+07 2.99792e+06 -0.00119048 0.00179987 -0.000294048 0.00183925 0.00966087 0.000256675 0.000186146 1.42461e-05 0.0869862 0.00120412 17.671 5.15628 159.177 21.6727 2568.26 127.279 2745.11 138.589 2745.11 138.589 0.573053 0.0081685 
300 0.278 2622600000 890.744 20.1278 -87.7744 0.656232 8259.06 125.246 8.79389e+07 2.99792e+06 -0.00119048 0.00179743 -0.000294048 0.00184383 0.00966087 0.000256408 0.000186146 1.42461e-05 0.0869862 0.00120332 17.671 5.14912 159.177 21.6432 2568.26 127.279 2745.11 138.589 2745.11 138.589 0.573053 0.0081685 
300 0.278 2624400000 890.744 20.1278 -87.7744 0.656232 8259.06 125.246 8.79389e+07 2.99792e+06 -0.00119048 0.00179743 -0.000294048 0.00184383 0.00966087 0.000256408 0.000186146 1.42461e-05 0.0869862 0.00120332 17.671 5.14912 159.177 21.6432 2568.26 127.279 2745.11 138.589 2745.11 138.589 0.573053 0.0081685 
300 0.278 2626200000 890.744 19.6829 -87.7744 0.64699 8259.06 122.491 8.79389e+07 2.9333e+06 -0.00119048 0.00179512 -0.000294048 0.00184255 0.00966087 0.000256122 0.000186146 1.42461e-05 0.0869862 0.00120211 17.671 5.14198 159.177 21.6138 2568.26 127.279 2745.11 138.589 2745.11 138.589 0.573053 0.00852042 
300 0.278 2628000000 890.744 19.6829 -87.7744 0.64699 8259.06 122.491 8.79389e+07 2.9333e+06 -0.00119048 0.00179512 -0.000294048 0.00184255 0.00966087 0.000256122 0.000186146 1.42461e-05 0.0869862 0.00120211 17.671 5.14198 159.177 21.6138 2568.26 127.279 2745.11 138.589 2745.11 138.589 0.573053 0.00852042 
300 0.278 2629800000 890.744 19.6829 -87.7744 0.64699 8259.06 122.491 8.79389e+07 2.9333e+06 -0.00119048 0.00179264 -0.000294048 0.00184266 0.00966087 0.000255793 0.000186146 1.42461e-05 0.0869862 0.0012009 17.671 5.13485 159.177 21.5843 2568.26 127.279 2745.11 138.589 2745.11 138.589 0.573053 0.00852042 
300 0.278 2631600000 890.744 19.6829 -87.7744 0.64699 8259.06 122.491 8.79389e+07 2.9333e+06 -0.00119048 0.00179264 -0.000294048 0.00184266 0.00966087 0.000255793 0.000186146 1.42461e-05 0.0869862 0.0012009 17.671 5.13485 159.177 21.5843 2568.26 127.279 2745.11 138.589 2745.11 138.589 0.573053 0.00852042 
300 0.278 2633400000 890.744 19.6829 -87.7744 0.64591 8259.06 122.491 8.79389e+07 2.9333e+06 -0.00119048 0.00179233 -0.000294048 0.00184011 0.00966087 0.000255649 0.000186146 1.42461e-05 0.0869862 0.00120023 17.671 5.12775 159.177 21.5553 2568.26 127.279 2745.11 138.589 2745.11 138.589 0.573053 0.00852042 
300 0.278 2635200000 890.744 19.6829 -87.7744 0.64591 8259.06 122.491 8.79389e+07 2.9333e+06 -0.00119048 0.00179233 -0.000294048 0.00184011 0.00966087 0.000255649 0.000186146 1.42461e-05 0.0869862 0.00120023 17.671 5.12775 159.177 21.5553 2568.26 127.279 2745.11 138.589 2745.11 138.589 0.573053 0.00852042 
300 0.278 2637000000 890.744 19.6829 -87.7744 0.64591 8259.06 122.491 8.79389e+07 2.9333e+06 -0.00119048 0.00178985 -0.000294048 0.00184203 0.00966087 0.000255296 0.000186146 1.42461e-05 0.0869862 0.0011986 17.671 5.12066 159.177 21.5259 2568.26 127.279 2745.11 138.589 2745.11 138.589 0.573053 0.00852042 
300 0.278 2638800000 890.744 19.6829 -87.7744 0.64591 8259.06 122.491 8.79389e+07 2.9333e+06 -0.00119048 0.00178985 -0.000294048 0.00184203 0.00966087 0.000255296 0.000186146 1.42461e-05 0.0869862 0.0011986 17.671 5.12066 159.177 21.5259 2568.26 127.279 2745.11 138.589 2745.11 138.589 0.573053 0.00852042 
300 0.278 2640600000 890.744 19.6829 -87.7744 0.644133 8259.06 122.491 8.79389e+07 2.9333e+06 -0.00119048 0.00178742 -0.000294048 0.00184117 0.00966087 0.000255027 0.000186146 1.42461e-05 0.0869862 0.00119717 17.671 5.11361 159.177 21.4968 2568.26 127.279 2745.11 138.589 2745.11 138.589 0.573053 0.00852042 
300 0.278 2642400000 890.744 19.6829 -87.7744 0.644133 8259.06 122.491 8.79389e+07 2.9333e+06 -0.00119048 0.00178742 -0.000294048 0.00184117 0.00966087 0.000255027 0.000186146 1.42461e-05 0.0869862 0.00119717 17.671 5.11361 159.177 21.4968 2568.26 127.279 2745.11 138.589 2745.11 138.589 0.573053 0.00852042 
300 0.278 2644200000 890.744 19.6829 -87.7744 0.644133 8259.06 122.491 8.79389e+07 2.9333e+06 -0.00119048 0.00178584 -0.000294048 0.00183865 0.00966087 0.000254687 0.000186146 1.42461e-05 0.0869862 0.00119582 17.671 5.10659 159.177 21.468 2568.26 127.279 2745.11 138.589 2745.11 138.589 0.573053 0.00852042 
300 0.278 2646000000 890.744 19.6829 -87.7744 0.644133 8259.06 122.491 8.79389e+07 2.9333e+06 -0.00119048 0.00178584 -0.000294048 0.00183865 0.00966087 0.000254687 0.000186146 1.42461e-05 0.0869862 0.00119582 17.671 5.10659 159.177 21.468 2568.26 127.279 2745.11 138.589 2745.11 138.589 0.573053 0.00852042 
300 0.278 2647800000 890.744 19.6829 -87.7744 0.643177 8259.06 122.491 8.79389e+07 2.9333e+06 -0.00119048 0.00179033 -0.000294048 0.00183744 0.00966087 0.000254763 0.000186146 1.42461e-05 0.0869862 0.00119625 17.671 5.09957 159.177 21.4393 2568.26 127.279 2745.11 138.589 2745.11 138.589 0.573053 0.00852042 
300 0.278 2649600000 890.744 19.6829 -87.7744 0.643177 8259.06 122.491 8.79389e+07 2.9333e+06 -0.00119048 0.00179033 -0.000294048 0.00183744 0.00966087 0.000254763 0.000186146 1.42461e-05 0.0869862 0.00119625 17.671 5.09957 159.177 21.4393 2568.26 127.279 2745.11 138.589 2745.11 138.589 0.573053 0.00852042 
300 0.278 2651400000 890.744 19.6829 -87.7744 0.643177 8259.06 122.491 8.79389e+07 2.9333e+06 -0.00119048 0.00178797 -0.000294048 0.00183499 0.00966087 0.000254685 0.000186146 1.42461e-05 0.0869862 0.00119639 17.671 5.09258 159.177 21.4103 2568.26 127.279 2745.11 138.589 2745.11 138.589 0.573053 0.00852042 
300 0.278 2653200000 890.744 19.6829 -87.7744 0.643177 8259.06 122.491 8.79389e+07 2.9333e+06 -0.00119048 0.00178797 -0.000294048 0.00183499 0.00966087 0.000254685 0.000186146 1.42461e-05 0.0869862 0.00119639 17.671 5.09258 159.177 21.4103 2568.26 127.279 2745.11 138.589 2745.11 138.589 0.573053 0.00852042 
300 0.278 2655000000 890.744 19.6829 -87.7744 0.643177 8259.06 122.491 8.79389e+07 2.9333e+06 -0.00119048 0.00178554 -0.000294048 0.00183603 0.00966087 0.000254351 0.000186146 1.42461e-05 0.0869862 0.00119501 17.671 5.0856 159.177 21.3818 2568.26 127.279 2745.11 138.589 2745.11 138.589 0.573053 0.00852042 
300 0.278 2656800000 890.744 19.6829 -87.7744 0.643177 8259.06 122.491 8.79389e+07 2.9333e+06 -0.00119048 0.00178554 -0.000294048 0.00183603 0.00966087 0.000254351 0.000186146 1.42461e-05 0.0869862 0.00119501 17.671 5.0856 159.177 21.3818 2568.26 127.279 2745.11 138.589 2745.11 138.589 0.573053 0.00852042 
300 0.278 2658600000 890.744 19.6829 -87.7744 0.643177 8259.06 122.491 8.79389e+07 2.9333e+06 -0.00119048 0.00178665 -0.000294048 0.00183427 0.00966087 0.00025406 0.000186146 1.42461e-05 0.0869862 0.00119395 17.671 5.07864 159.177 21.5788 2568.26 127.279 2745.11 138.589 2745.11 138.589 0.573053 0.00852042 
300 0.278 2660400000 890.744 19.6829 -87.7744 0.643177 8259.06 122.491 8.79389e+07 2.9333e+06 -0.00119048 0.00178665 -0.000294048 0.00183427 0.00966087 0.00025406 0.000186146 1.42461e-05 0.0869862 0.00119395 17.671 5.07864 159.177 21.5788 2568.26 127.279 2745.11 138.589 2745.11 138.589 0.573053 0.00852042 
300 0.278 2662200000 890.744 19.6829 -87.7744 0.643177 8259.06 122.491 8.79389e+07 2.9333e+06 -0.00119048 0.00178552 -0.000294048 0.00183491 0.00966087 0.000253712 0.000186146 1.42461e-05 0.0869862 0.00119234 17.671 5.07169 159.177 21.5501 2568.26 127.279 2745.11 138.589 2745.11 138.589 0.573053 0.00852042 
300 0.278 2664000000 890.744 19.6829 -87.7744 0.643177 8259.06 122.491 8.79389e+07 2.9333e+06 -0.00119048 0.00178552 -0.000294048 0.00183491 0.00966087 0.000253712 0.000186146 1.42461e-05 0.0869862 0.00119234 17.671 5.07169 159.177 21.5501 2568.26 127.279 2745.11 138.589 2745.11 138.589 0.573053 0.00852042 
300 0.278 2665800000 890.744 19.6829 -87.7744 0.643177 8259.06 122.491 8.79389e+07 2.9333e+06 -0.00119048 0.00178441 -0.000294048 0.001833 0.00966087 0.000253771 0.000186146 1.42461e-05 0.0869862 0.00119305 17.671 5.06476 159.177 21.5214 2568.26 127.279 2745.11 138.589 2745.11 138.589 0.573053 0.00852042 
300 0.278 2667600000 890.744 19.6829 -87.7744 0.643177 8259.06 122.491 8.79389e+07 2.9333e+06 -0.00119048 0.00178441 -0.000294048 0.001833 0.00966087 0.000253771 0.000186146 1.42461e-05 0.0869862 0.00119305 17.671 5.06476 159.177 21.5214 2568.26 127.279 2745.11 138.589 2745.11 138.589 0.573053 0.00852042 
300 0.278 2669400000 890.744 19.6829 -87.7744 0.643177 8259.06 122.491 8.79389e+07 2.9333e+06 -0.00119048 0.00181149 -0.000294048 0.00183073 0.00966087 0.000253627 0.000186146 1.42461e-05 0.0869862 0.00119237 17.671 5.05786 159.177 21.4928 2568.26 127.279 2745.11 138.589 2745.11 138.589 0.573053 0.00852042 
300 0.278 2671200000 890.744 19.6829 -87.7744 0.643177 8259.06 122.491 8.79389e+07 2.9333e+06 -0.00119048 0.00181149 -0.000294048 0.00183073 0.00966087 0.000253627 0.000186146 1.42461e-05 0.0869862 0.00119237 17.671 5.05786 159.177 21.4928 2568.26 127.279 2745.11 138.589 2745.11 138.589 0.573053 0.00852042 
300 0.278 2673000000 890.744 19.6829 -87.7744 0.643177 8259.06 122.491 8.79389e+07 2.9333e+06 -0.00119048 0.00181149 -0.000294048 0.00182824 0.00966087 0.000253318 0.000186146 1.42461e-05 0.0869862 0.00119078 17.671 5.05097 159.177 21.4639 2568.26 127.279 2745.11 138.589 2745.11 138.589 0.573053 0.00852042 
300 0.278 2674800000 890.744 19.6829 -87.7744 0.643177 8259.06 122.491 8.79389e+07 2.9333e+06 -0.00119048 0.00181149 -0.000294048 0.00182824 0.00966087 0.000253318 0.000186146 1.42461e-05 0.0869862 0.00119078 17.671 5.05097 159.177 21.4639 2568.26 127.279 2745.11 138.589 2745.11 138.589 0.573053 0.00852042 
300 0.278 2676600000 890.744 19.6829 -87.7744 0.643177 8259.06 122.491 8.79389e+07 2.9333e+06 -0.00119048 0.00181149 -0.000294048 0.00182652 0.00966087 0.000253038 0.000186146 1.42461e-05 0.0869862 0.00118945 17.671 5.04411 159.177 21.4356 2568.26 127.279 2745.11 138.589 2745.11 138.589 0.573053 0.00852042 
300 0.278 2678400000 890.744 19.6829 -87.7744 0.643177 8259.06 122.491 8.79389e+07 2.9333e+06 -0.00119048 0.00181149 -0.000294048 0.00182652 0.00966087 0.000253038 0.000186146 1.42461e-05 0.0869862 0.00118945 17.671 5.04411 159.177 21.4356 2568.26 127.279 2745.11 138.589 2745.11 138.589 0.573053 0.00852042 
300 0.278 2680200000 890.744 19.6829 -87.7744 0.643177 8259.06 122.491 8.79389e+07 2.9333e+06 -0.00119048 0.00181149 -0.000294048 0.00182405 0.00966087 0.000252716 0.000186146 1.42461e-05 0.0869862 0.00118809 17.671 5.03726 159.177 21.4073 2568.26 127.279 2745.11 138.589 2745.11 138.589 0.573053 0.00852042 
300 0.278 2682000000 890.744 19.6829 -87.7744 0.643177 8259.06 122.491 8.79389e+07 2.9333e+06 -0.00119048 0.00181149 -0.000294048 0.00182405 0.00966087 0.000252716 0.000186146 1.42461e-05 0.0869862 0.00118809 17.671 5.03726 159.177 21.4073 2568.26 127.279 2745.11 138.589 2745.11 138.589 0.573053 0.00852042 
300 0.278 2683800000 890.744 19.2552 -87.7744 0.640053 8259.06 120.831 8.79389e+07 2.87244e+06 -0.00119048 0.00180461 -0.000294048 0.00182159 0.00966087 0.000252422 0.000186146 1.42461e-05 0.0869862 0.00118655 17.671 5.03043 159.177 21.3788 2568.26 127.279 2745.11 138.589 2745.11 138.589 0.573053 0.00836086 
300 0.278 2685600000 890.744 19.2552 -87.7744 0.640053 8259.06 120.831 8.79389e+07 2.87244e+06 -0.00119048 0.00180461 -0.000294048 0.00182159 0.00966087 0.000252422 0.000186146 1.42461e-05 0.0869862 0.00118655 17.671 5.03043 159.177 21.3788 2568.26 127.279 2745.11 138.589 2745.11 138.589 0.573053 0.00836086 
300 0.278 2687400000 890.744 19.2552 -87.7744 0.640053 8259.06 120.831 8.79389e+07 2.87244e+06 -0.00119048 0.00180461 -0.000294048 0.00182179 0.00966087 0.000252104 0.000186146 1.42461e-05 0.0869862 0.001185 17.671 5.02362 159.177 21.3502 2568.26 127.279 2745.11 138.589 2745.11 138.589 0.573053 0.00836086 
300 0.278 2689200000 890.744 19.2552 -87.7744 0.640053 8259.06 120.831 8.79389e+07 2.87244e+06 -0.00119048 0.00180461 -0.000294048 0.00182179 0.00966087 0.000252104 0.000186146 1.42461e-05 0.0869862 0.001185 17.671 5.02362 159.177 21.3502 2568.26 127.279 2745.11 138.589 2745.11 138.589 0.573053 0.00836086 
300 0.278 2691000000 890.744 19.2552 -87.7744 0.638502 8259.06 120.541 8.79389e+07 2.87244e+06 -0.00119048 0.00180461 -0.000294048 0.00181952 0.00966087 0.00025181 0.000186146 1.42461e-05 0.0869862 0.00118363 17.671 5.01681 159.177 21.3221 2568.26 127.279 2745.11 138.589 2745.11 138.589 0.573053 0.00836086 
300 0.278 2692800000 890.744 19.2552 -87.7744 0.638502 8259.06 120.541 8.79389e+07 2.87244e+06 -0.00119048 0.00180461 -0.000294048 0.00181952 0.00966087 0.00025181 0.000186146 1.42461e-05 0.0869862 0.00118363 17.671 5.01681 159.177 21.3221 2568.26 127.279 2745.11 138.589 2745.11 138.589 0.573053 0.00836086 
300 0.278 2694600000 890.744 19.2552 -87.7744 0.638502 8259.06 120.541 8.79389e+07 2.87244e+06 -0.00119048 0.00180461 -0.000294048 0.00181706 0.00966087 0.000251581 0.000186146 1.42461e-05 0.0869862 0.00118248 17.671 5.01002 159.177 21.2938 2568.26 127.279 2745.11 138.589 2745.11 138.589 0.573053 0.00836086 
300 0.278 2696400000 890.744 19.2552 -87.7744 0.638502 8259.06 120.541 8.79389e+07 2.87244e+06 -0.00119048 0.00180461 -0.000294048 0.00181706 0.00966087 0.000251581 0.000186146 1.42461e-05 0.0869862 0.00118248 17.671 5.01002 159.177 21.2938 2568.26 127.279 2745.11 138.589 2745.11 138.589 0.573053 0.00836086 
300 0.278 2698200000 890.744 19.2552 -87.7744 0.638108 8259.06 120.383 8.79389e+07 2.87244e+06 -0.00119048 0.00179948 -0.000294048 0.00181585 0.00966087 0.000251253 0.000186146 1.42461e-05 0.0869862 0.00118089 17.671 5.00326 159.177 21.2658 2568.26 127.279 2745.11 138.589 2745.11 138.589 0.573053 0.00836086 
300 0.278 2700000000 890.744 19.2552 -87.7744 0.638108 8259.06 120.383 8.79389e+07 2.87244e+06 -0.00119048 0.00179948 -0.000294048 0.00181585 0.00966087 0.000251253 0.000186146 1.42461e-05 0.0869862 0.00118089 17.671 5.00326 159.177 21.2658 2568.26 127.279 2745.11 138.589 2745.11 138.589 0.573053 0.00836086 
300 0.278 2701800000 890.744 19.2552 -87.7744 0.638108 8259.06 120.383 8.79389e+07 2.87244e+06 -0.00119048 0.00179948 -0.000294048 0.00181817 0.00966087 0.000251962 0.000186146 1.42461e-05 0.0869862 0.00118216 17.671 4.99694 159.177 21.2711 2568.26 127.279 2745.11 138.589 2745.11 138.589 0.573053 0.00836086 
300 0.278 2703600000 890.744 19.2552 -87.7744 0.638108 8259.06 120.383 8.79389e+07 2.87244e+06 -0.00119048 0.00179948 -0.000294048 0.00181817 0.00966087 0.000251962 0.000186146 1.42461e-05 0.0869862 0.00118216 17.671 4.99694 159.177 21.2711 2568.26 127.279 2745.11 138.589 2745.11 138.589 0.573053 0.00836086 
300 0.278 2705400000 890.744 19.2552 -87.7744 0.63648 8259.06 120.084 8.79389e+07 2.87244e+06 -0.00119048 0.00179948 -0.000294048 0.00181644 0.00966087 0.000251676 0.000186146 1.42461e-05 0.0869862 0.00118067 17.671 4.99022 159.177 21.2433 2568.26 127.279 2745.11 138.589 2745.11 138.589 0.573053 0.00836086 
300 0.278 2707200000 890.744 19.2552 -87.7744 0.63648 8259.06 120.084 8.79389e+07 2.87244e+06 -0.00119048 0.00179948 -0.000294048 0.00181644 0.00966087 0.000251676 0.000186146 1.42461e-05 0.0869862 0.00118067 17.671 4.99022 159.177 21.2433 2568.26 127.279 2745.11 138.589 2745.11 138.589 0.573053 0.00836086 
300 0.278 2709000000 890.744 19.2552 -87.7744 0.63648 8259.06 120.084 8.79389e+07 2.87244e+06 -0.00119048 0.00179948 -0.000294048 0.00181407 0.00966087 0.000251476 0.000186146 1.42461e-05 0.0869862 0.0011797 17.671 4.98352 159.177 21.2149 2568.26 127.279 2745.11 138.589 2745.11 138.589 0.573053 0.00836086 
300 0.278 2710800000 890.744 19.2552 -87.7744 0.63648 8259.06 120.084 8.79389e+07 2.87244e+06 -0.00119048 0.00179948 -0.000294048 0.00181407 0.00966087 0.000251476 0.000186146 1.42461e-05 0.0869862 0.0011797 17.671 4.98352 159.177 21.2149 2568.26 127.279 2745.11 138.589 2745.11 138.589 0.573053 0.00836086 
300 0.278 2712600000 890.744 19.2552 -87.7744 0.635426 8259.06 120.041 8.79389e+07 2.87244e+06 -0.00119048 0.00179948 -0.000294048 0.00181173 0.00966087 0.000251148 0.000186146 1.42461e-05 0.0869862 0.00117813 17.671 4.97684 159.177 21.1872 2568.26 127.279 2745.11 138.589 2745.11 138.589 0.573053 0.00836086 
300 0.278 2714400000 890.744 19.2552 -87.7744 0.635426 8259.06 120.041 8.79389e+07 2.87244e+06 -0.00119048 0.00179948 -0.000294048 0.00181173 0.00966087 0.000251148 0.000186146 1.42461e-05 0.0869862 0.00117813 17.671 4.97684 159.177 21.1872 2568.26 127.279 2745.11 138.589 2745.11 138.589 0.573053 0.00836086 
300 0.278 2716200000 890.744 19.2552 -87.7744 0.635426 8259.06 120.041 8.79389e+07 2.87244e+06 -0.00119048 0.00179948 -0.000294048 0.00180945 0.00966087 0.000250822 0.000186146 1.42461e-05 0.0869862 0.00117655 17.671 4.97017 159.177 21.1595 2568.26 127.279 2745.11 138.589 2745.11 138.589 0.573053 0.00836086 
300 0.278 2718000000 890.744 19.2552 -87.7744 0.635426 8259.06 120.041 8.79389e+07 2.87244e+06 -0.00119048 0.00179948 -0.000294048 0.00180945 0.00966087 0.000250822 0.000186146 1.42461e-05 0.0869862 0.00117655 17.671 4.97017 159.177 21.1595 2568.26 127.279 2745.11 138.589 2745.11 138.589 0.573053 0.00836086 
300 0.278 2719800000 890.744 19.2552 -87.7744 0.63389 8259.06 120.041 8.79389e+07 2.87244e+06 -0.00119048 0.00179948 -0.000294048 0.00180708 0.00966087 0.000250725 0.000186146 1.42461e-05 0.0869862 0.00117679 17.671 4.96352 159.177 21.1319 2568.26 127.279 2745.11 138.589 2745.11 138.589 0.573053 0.00836086 
300 0.278 2721600000 890.744 19.2552 -87.7744 0.63389 8259.06 120.041 8.79389e+07 2.87244e+06 -0.00119048 0.00179948 -0.000294048 0.00180708 0.00966087 0.000250725 0.000186146 1.42461e-05 0.0869862 0.00117679 17.671 4.96352 159.177 21.1319 2568.26 127.279 2745.11 138.589 2745.11 138.589 0.573053 0.00836086 
300 0.278 2723400000 890.744 19.2552 -87.7744 0.63389 8259.06 120.041 8.79389e+07 2.87244e+06 -0.00119048 0.00179948 -0.000294048 0.00180469 0.00966087 0.00025066 0.000186146 1.42461e-05 0.0869862 0.00117771 17.671 4.95688 159.177 21.3521 2568.26 127.279 2745.11 138.589 2745.11 138.589 0.573053 0.00836086 
300 0.278 2725200000 890.744 19.2552 -87.7744 0.63389 8259.06 120.041 8.79389e+07 2.87244e+06 -0.00119048 0.00179948 -0.000294048 0.00180469 0.00966087 0.00025066 0.000186146 1.42461e-05 0.0869862 0.00117771 17.671 4.95688 159.177 21.3521 2568.26 127.279 2745.11 138.589 2745.11 138.589 0.573053 0.00836086 
300 0.278 2727000000 890.744 19.2552 -87.7744 0.632204 8259.06 120.041 8.79389e+07 2.87244e+06 -0.00119048 0.00179948 -0.000294048 0.00180228 0.00966087 0.000250602 0.000186146 1.42461e-05 0.0869862 0.00117793 17.671 4.95026 159.177 21.324 2568.26 127.279 2745.11 138.589 2745.11 138.589 0.573053 0.00836086 
300 0.278 2728800000 890.744 19.2552 -87.7744 0.632204 8259.06 120.041 8.79389e+07 2.87244e+06 -0.00119048 0.00179948 -0.000294048 0.00180228 0.00966087 0.000250602 0.000186146 1.42461e-05 0.0869862 0.00117793 17.671 4.95026 159.177 21.324 2568.26 127.279 2745.11 138.589 2745.11 138.589 0.573053 0.00836086 
300 0.278 2730600000 890.744 19.2552 -87.7744 0.632204 8259.06 120.041 8.79389e+07 2.87244e+06 -0.00119048 0.00179948 -0.000294048 0.00180021 0.00966087 0.000250304 0.000186146 1.42461e-05 0.0869862 0.0011767 17.671 4.94365 159.177 21.2962 2568.26 127.279 2745.11 138.589 2745.11 138.589 0.573053 0.00836086 
300 0.278 2732400000 890.744 19.2552 -87.7744 0.632204 8259.06 120.041 8.79389e+07 2.87244e+06 -0.00119048 0.00179948 -0.000294048 0.00180021 0.00966087 0.000250304 0.000186146 1.42461e-05 0.0869862 0.0011767 17.671 4.94365 159.177 21.2962 2568.26 127.279 2745.11 138.589 2745.11 138.589 0.573053 0.00836086 
300 0.278 2734200000 890.744 19.2552 -87.7744 0.630782 8259.06 120.041 8.79389e+07 2.87244e+06 -0.00119048 0.00179948 -0.000294048 0.00179807 0.00966087 0.00025002 0.000186146 1.42461e-05 0.0869862 0.00117574 17.671 4.93709 159.177 21.2687 2568.26 127.279 2745.11 138.589 2745.11 138.589 0.573053 0.00836086 
300 0.278 2736000000 890.744 19.2552 -87.7744 0.630782 8259.06 120.041 8.79389e+07 2.87244e+06 -0.00119048 0.00179948 -0.000294048 0.00179807 0.00966087 0.00025002 0.000186146 1.42461e-05 0.0869862 0.00117574 17.671 4.93709 159.177 21.2687 2568.26 127.279 2745.11 138.589 2745.11 138.589 0.573053 0.00836086 
300 0.278 2737800000 890.744 19.2552 -87.7744 0.630782 8259.06 120.041 8.79389e+07 2.87244e+06 -0.00119048 0.00179948 -0.000294048 0.00179586 0.00966087 0.000249774 0.000186146 1.42461e-05 0.0869862 0.0011747 17.671 4.93054 159.177 21.2412 2568.26 127.279 2745.11 138.589 2745.11 138.589 0.573053 0.00836086 
300 0.278 2739600000 890.744 19.2552 -87.7744 0.630782 8259.06 120.041 8.79389e+07 2.87244e+06 -0.00119048 0.00179948 -0.000294048 0.00179586 0.00966087 0.000249774 0.000186146 1.42461e-05 0.0869862 0.0011747 17.671 4.93054 159.177 21.2412 2568.26 127.279 2745.11 138.589 2745.11 138.589 0.573053 0.00836086 
300 0.278 2741400000 890.744 19.0066 -87.7744 0.629202 8259.06 118.677 8.79389e+07 2.81303e+06 -0.00119048 0.00179541 -0.000294048 0.00179944 0.00966087 0.000249772 0.000186146 1.42461e-05 0.0869862 0.00117515 17.671 4.92399 159.177 21.2136 2568.26 127.279 2745.11 138.589 2745.11 138.589 0.573053 0.00851305 
300 0.278 2743200000 890.744 19.0066 -87.7744 0.629202 8259.06 118.677 8.79389e+07 2.81303e+06 -0.00119048 0.00179541 -0.000294048 0.00179944 0.00966087 0.000249772 0.000186146 1.42461e-05 0.0869862 0.00117515 17.671 4.92399 159.177 21.2136 2568.26 127.279 2745.11 138.589 2745.11 138.589 0.573053 0.00851305 
300 0.278 2745000000 890.744 19.0066 -87.7744 0.629202 8259.06 118.677 8.79389e+07 2.81303e+06 -0.00119048 0.00179541 -0.000294048 0.00179718 0.00966087 0.00024949 0.000186146 1.42461e-05 0.0869862 0.001174 17.671 4.91747 159.177 21.1863 2568.26 127.279 2745.11 138.589 2745.11 138.589 0.573053 0.00851305 
300 0.278 2746800000 890.744 19.0066 -87.7744 0.629202 8259.06 118.677 8.79389e+07 2.81303e+06 -0.00119048 0.00179541 -0.000294048 0.00179718 0.00966087 0.00024949 0.000186146 1.42461e-05 0.0869862 0.001174 17.671 4.91747 159.177 21.1863 2568.26 127.279 2745.11 138.589 2745.11 138.589 0.573053 0.00851305 
300 0.278 2748600000 890.744 19.0066 -87.7744 0.627946 8259.06 118.398 8.79389e+07 2.81303e+06 -0.00119048 0.00179541 -0.000294048 0.00179493 0.00966087 0.000249314 0.000186146 1.42461e-05 0.0869862 0.00117355 17.671 4.91097 159.177 21.1591 2568.26 127.279 2745.11 138.589 2745.11 138.589 0.573053 0.00851305 
300 0.278 2750400000 890.744 19.0066 -87.7744 0.627946 8259.06 118.398 8.79389e+07 2.81303e+06 -0.00119048 0.00179541 -0.000294048 0.00179493 0.00966087 0.000249314 0.000186146 1.42461e-05 0.0869862 0.00117355 17.671 4.91097 159.177 21.1591 2568.26 127.279 2745.11 138.589 2745.11 138.589 0.573053 0.00851305 
300 0.278 2752200000 890.744 19.0066 -87.7744 0.627946 8259.06 118.398 8.79389e+07 2.81303e+06 -0.00119048 0.00179541 -0.000294048 0.00179279 0.00966087 0.000248991 0.000186146 1.42461e-05 0.0869862 0.00117223 17.671 4.90448 159.177 21.1318 2568.26 127.279 2745.11 138.589 2745.11 138.589 0.573053 0.00851305 
300 0.278 2754000000 890.744 19.0066 -87.7744 0.627946 8259.06 118.398 8.79389e+07 2.81303e+06 -0.00119048 0.00179541 -0.000294048 0.00179279 0.00966087 0.000248991 0.000186146 1.42461e-05 0.0869862 0.00117223 17.671 4.90448 159.177 21.1318 2568.26 127.279 2745.11 138.589 2745.11 138.589 0.573053 0.00851305 
300 0.278 2755800000 890.744 19.0066 -87.7744 0.626972 8259.06 118.22 8.79389e+07 2.81303e+06 -0.00119048 0.00178912 -0.000294048 0.00179808 0.00966087 0.000248811 0.000186146 1.42461e-05 0.0869862 0.00117183 17.671 4.89801 159.177 21.1046 2568.26 127.279 2745.11 138.589 2745.11 138.589 0.573053 0.00851305 
300 0.278 2757600000 890.744 19.0066 -87.7744 0.626972 8259.06 118.22 8.79389e+07 2.81303e+06 -0.00119048 0.00178912 -0.000294048 0.00179808 0.00966087 0.000248811 0.000186146 1.42461e-05 0.0869862 0.00117183 17.671 4.89801 159.177 21.1046 2568.26 127.279 2745.11 138.589 2745.11 138.589 0.573053 0.00851305 
300 0.278 2759400000 890.744 19.0066 -87.7744 0.626972 8259.06 118.22 8.79389e+07 2.81303e+06 -0.00119048 0.00178912 -0.000294048 0.00179643 0.00966087 0.000248498 0.000186146 1.42461e-05 0.0869862 0.00117046 17.671 4.89154 159.177 21.1031 2568.26 127.279 2745.11 138.589 2745.11 138.589 0.573053 0.00851305 
300 0.278 2761200000 890.744 19.0066 -87.7744 0.626972 8259.06 118.22 8.79389e+07 2.81303e+06 -0.00119048 0.00178912 -0.000294048 0.00179643 0.00966087 0.000248498 0.000186146 1.42461e-05 0.0869862 0.00117046 17.671 4.89154 159.177 21.1031 2568.26 127.279 2745.11 138.589 2745.11 138.589 0.573053 0.00851305 
300 0.278 2763000000 890.744 19.0066 -87.7744 0.626943 8259.06 118.15 8.79389e+07 2.81303e+06 -0.00119048 0.00178912 -0.000294048 0.00179772 0.00966087 0.000248179 0.000186146 1.42461e-05 0.0869862 0.00116903 17.671 4.8851 159.177 21.0761 2568.26 127.279 2745.11 138.589 2745.11 138.589 0.573053 0.00851305 
300 0.278 2764800000 890.744 19.0066 -87.7744 0.626943 8259.06 118.15 8.79389e+07 2.81303e+06 -0.00119048 0.00178912 -0.000294048 0.00179772 0.00966087 0.000248179 0.000186146 1.42461e-05 0.0869862 0.00116903 17.671 4.8851 159.177 21.0761 2568.26 127.279 2745.11 138.589 2745.11 138.589 0.573053 0.00851305 
300 0.278 2766600000 890.744 19.0066 -87.7744 0.626943 8259.06 118.15 8.79389e+07 2.81303e+06 -0.00119048 0.00178912 -0.000294048 0.00179535 0.00966087 0.000247856 0.000186146 1.42461e-05 0.0869862 0.00116767 17.671 4.87866 159.177 21.0487 2568.26 127.279 2745.11 138.589 2745.11 138.589 0.573053 0.00851305 
300 0.278 2768400000 890.744 19.0066 -87.7744 0.626943 8259.06 118.15 8.79389e+07 2.81303e+06 -0.00119048 0.00178912 -0.000294048 0.00179535 0.00966087 0.000247856 0.000186146 1.42461e-05 0.0869862 0.00116767 17.671 4.87866 159.177 21.0487 2568.26 127.279 2745.11 138.589 2745.11 138.589 0.573053 0.00851305 
300 0.278 2770200000 890.744 19.0066 -87.7744 0.626209 8259.06 117.95 8.79389e+07 2.81303e+06 -0.00119048 0.00177978 -0.000294048 0.00179544 0.00966087 0.00024753 0.000186146 1.42461e-05 0.0869862 0.00116622 17.671 4.87226 159.177 21.0218 2568.26 127.279 2745.11 138.589 2745.11 138.589 0.573053 0.00851305 
300 0.278 2772000000 890.744 19.0066 -87.7744 0.626209 8259.06 117.95 8.79389e+07 2.81303e+06 -0.00119048 0.00177978 -0.000294048 0.00179544 0.00966087 0.00024753 0.000186146 1.42461e-05 0.0869862 0.00116622 17.671 4.87226 159.177 21.0218 2568.26 127.279 2745.11 138.589 2745.11 138.589 0.573053 0.00851305 
300 0.278 2773800000 890.744 19.0066 -87.7744 0.626209 8259.06 117.95 8.79389e+07 2.81303e+06 -0.00119048 0.00177978 -0.000294048 0.00179345 0.00966087 0.000247351 0.000186146 1.42461e-05 0.0869862 0.00116538 17.671 4.86586 159.177 20.9949 2568.26 127.279 2745.11 138.589 2745.11 138.589 0.573053 0.00851305 
300 0.278 2775600000 890.744 19.0066 -87.7744 0.626209 8259.06 117.95 8.79389e+07 2.81303e+06 -0.00119048 0.00177978 -0.000294048 0.00179345 0.00966087 0.000247351 0.000186146 1.42461e-05 0.0869862 0.00116538 17.671 4.86586 159.177 20.9949 2568.26 127.279 2745.11 138.589 2745.11 138.589 0.573053 0.00851305 
300 0.278 2777400000 890.744 19.0066 -87.7744 0.624623 8259.06 117.728 8.79389e+07 2.81303e+06 -0.00119048 0.00177978 -0.000294048 0.0017911 0.00966087 0.000247052 0.000186146 1.42461e-05 0.0869862 0.00116385 17.671 4.8595 159.177 20.968 2568.26 127.279 2745.11 138.589 2745.11 138.589 0.573053 0.00851305 
300 0.278 2779200000 890.744 19.0066 -87.7744 0.624623 8259.06 117.728 8.79389e+07 2.81303e+06 -0.00119048 0.00177978 -0.000294048 0.0017911 0.00966087 0.000247052 0.000186146 1.42461e-05 0.0869862 0.00116385 17.671 4.8595 159.177 20.968 2568.26 127.279 2745.11 138.589 2745.11 138.589 0.573053 0.00851305 
300 0.278 2781000000 890.744 19.0066 -87.7744 0.624623 8259.06 117.728 8.79389e+07 2.81303e+06 -0.00119048 0.00177978 -0.000294048 0.00179061 0.00966087 0.000246742 0.000186146 1.42461e-05 0.0869862 0.00116262 17.671 4.85315 159.177 20.9413 2568.26 127.279 2745.11 138.589 2745.11 138.589 0.573053 0.00851305 
300 0.278 2782800000 890.744 19.0066 -87.7744 0.624623 8259.06 117.728 8.79389e+07 2.81303e+06 -0.00119048 0.00177978 -0.000294048 0.00179061 0.00966087 0.000246742 0.000186146 1.42461e-05 0.0869862 0.00116262 17.671 4.85315 159.177 20.9413 2568.26 127.279 2745.11 138.589 2745.11 138.589 0.573053 0.00851305 
300 0.278 2784600000 890.744 19.0066 -87.7744 0.623221 8259.06 117.728 8.79389e+07 2.81303e+06 -0.00119048 0.00177046 -0.000294048 0.00178832 0.00966087 0.000246492 0.000186146 1.42461e-05 0.0869862 0.00116168 17.671 4.84681 159.177 20.9147 2568.26 127.279 2745.11 138.589 2745.11 138.589 0.573053 0.00851305 
300 0.278 2786400000 890.744 19.0066 -87.7744 0.623221 8259.06 117.728 8.79389e+07 2.81303e+06 -0.00119048 0.00177046 -0.000294048 0.00178832 0.00966087 0.000246492 0.000186146 1.42461e-05 0.0869862 0.00116168 17.671 4.84681 159.177 20.9147 2568.26 127.279 2745.11 138.589 2745.11 138.589 0.573053 0.00851305 
300 0.278 2788200000 890.744 19.0066 -87.7744 0.623221 8259.06 117.728 8.79389e+07 2.81303e+06 -0.00119048 0.00177046 -0.000294048 0.00178633 0.00966087 0.000246392 0.000186146 1.42461e-05 0.0869862 0.00116241 17.671 4.84048 159.177 20.8879 2568.26 127.279 2745.11 138.589 2745.11 138.589 0.573053 0.00851305 
300 0.278 2790000000 890.744 19.0066 -87.7744 0.623221 8259.06 117.728 8.79389e+07 2.81303e+06 -0.00119048 0.00177046 -0.000294048 0.00178633 0.00966087 0.000246392 0.000186146 1.42461e-05 0.0869862 0.00116241 17.671 4.84048 159.177 20.8879 2568.26 127.279 2745.11 138.589 2745.11 138.589 0.573053 0.00851305 
300 0.278 2791800000 890.744 19.0066 -87.7744 0.621757 8259.06 117.728 8.79389e+07 2.81303e+06 -0.00119048 0.00177046 -0.000294048 0.00178405 0.00966087 0.000246072 0.000186146 1.42461e-05 0.0869862 0.00116094 17.671 4.83419 159.177 20.8614 2568.26 127.279 2745.11 138.589 2745.11 138.589 0.573053 0.00851305 
300 0.278 2793600000 890.744 19.0066 -87.7744 0.621757 8259.06 117.728 8.79389e+07 2.81303e+06 -0.00119048 0.00177046 -0.000294048 0.00178405 0.00966087 0.000246072 0.000186146 1.42461e-05 0.0869862 0.00116094 17.671 4.83419 159.177 20.8614 2568.26 127.279 2745.11 138.589 2745.11 138.589 0.573053 0.00851305 
300 0.278 2795400000 890.744 19.0066 -87.7744 0.621757 8259.06 117.728 8.79389e+07 2.81303e+06 -0.00119048 0.00177046 -0.000294048 0.00178181 0.00966087 0.000245988 0.000186146 1.42461e-05 0.0869862 0.00116122 17.671 4.82788 159.177 20.8348 2568.26 127.279 2745.11 138.589 2745.11 138.589 0.573053 0.00851305 
300 0.278 2797200000 890.744 19.0066 -87.7744 0.621757 8259.06 117.728 8.79389e+07 2.81303e+06 -0.00119048 0.00177046 -0.000294048 0.00178181 0.00966087 0.000245988 0.000186146 1.42461e-05 0.0869862 0.00116122 17.671 4.82788 159.177 20.8348 2568.26 127.279 2745.11 138.589 2745.11 138.589 0.573053 0.00851305 
300 0.278 2799000000 892.525 18.6437 -87.9169 0.622798 8285.89 117.115 8.84035e+07 2.75722e+06 -0.00190986 0.00194381 -0.000568145 0.00177976 0.00976101 0.000245698 0.000186333 1.19833e-05 0.0877147 0.00115978 17.1161 4.82161 157.556 20.8084 2588.35 117.172 2763.02 126.255 2763.02 126.255 0.5785 0.00851583 
300 0.278 2800800000 892.525 18.6437 -87.9169 0.622798 8285.89 117.115 8.84035e+07 2.75722e+06 -0.00190986 0.00194381 -0.000568145 0.00177976 0.00976101 0.000245698 0.000186333 1.19833e-05 0.0877147 0.00115978 17.1161 4.82161 157.556 20.8084 2588.35 117.172 2763.02 126.255 2763.02 126.255 0.5785 0.00851583 
300 0.278 2802600000 892.525 18.6437 -87.9169 0.622798 8285.89 117.115 8.84035e+07 2.75722e+06 -0.00190986 0.00194381 -0.000568145 0.00177764 0.00976101 0.000245437 0.000186333 1.19833e-05 0.0877147 0.0011584 17.1161 4.81535 157.556 20.7822 2588.35 117.172 2763.02 126.255 2763.02 126.255 0.5785 0.00851583 
300 0.278 2804400000 892.525 18.6437 -87.9169 0.622798 8285.89 117.115 8.84035e+07 2.75722e+06 -0.00190986 0.00194381 -0.000568145 0.00177764 0.00976101 0.000245437 0.000186333 1.19833e-05 0.0877147 0.0011584 17.1161 4.81535 157.556 20.7822 2588.35 117.172 2763.02 126.255 2763.02 126.255 0.5785 0.00851583 
300 0.278 2806200000 892.525 18.6437 -87.9169 0.621181 8285.89 116.813 8.84035e+07 2.75722e+06 -0.00190986 0.00194381 -0.000568145 0.00177632 0.00976101 0.000245136 0.000186333 1.19833e-05 0.0877147 0.0011572 17.1161 4.80912 157.556 20.7561 2588.35 117.172 2763.02 126.255 2763.02 126.255 0.5785 0.00851583 
300 0.278 2808000000 892.525 18.6437 -87.9169 0.621181 8285.89 116.813 8.84035e+07 2.75722e+06 -0.00190986 0.00194381 -0.000568145 0.00177632 0.00976101 0.000245136 0.000186333 1.19833e-05 0.0877147 0.0011572 17.1161 4.80912 157.556 20.7561 2588.35 117.172 2763.02 126.255 2763.02 126.255 0.5785 0.00851583 
300 0.278 2809800000 892.525 18.6437 -87.9169 0.621181 8285.89 116.813 8.84035e+07 2.75722e+06 -0.00190986 0.00194381 -0.000568145 0.00177407 0.00976101 0.0002449 0.000186333 1.19833e-05 0.0877147 0.00115597 17.1161 4.8029 157.556 20.7299 2588.35 117.172 2763.02 126.255 2763.02 126.255 0.5785 0.00851583 
300 0.278 2811600000 892.525 18.6437 -87.9169 0.621181 8285.89 116.813 8.84035e+07 2.75722e+06 -0.00190986 0.00194381 -0.000568145 0.00177407 0.00976101 0.0002449 0.000186333 1.19833e-05 0.0877147 0.00115597 17.1161 4.8029 157.556 20.7299 2588.35 117.172 2763.02 126.255 2763.02 126.255 0.5785 0.00851583 
300 0.278 2813400000 892.525 18.6437 -87.9169 0.622373 8285.89 116.836 8.84035e+07 2.75722e+06 -0.00190986 0.00194381 -0.000568145 0.0017725 0.00976101 0.000244638 0.000186333 1.19833e-05 0.0877147 0.00115505 17.1161 4.79669 157.556 20.7035 2588.35 117.172 2763.02 125.808 2763.02 125.808 0.5785 0.00851583 
300 0.278 2815200000 892.525 18.6437 -87.9169 0.622373 8285.89 116.836 8.84035e+07 2.75722e+06 -0.00190986 0.00194381 -0.000568145 0.0017725 0.00976101 0.000244638 0.000186333 1.19833e-05 0.0877147 0.00115505 17.1161 4.79669 157.556 20.7035 2588.35 117.172 2763.02 125.808 2763.02 125.808 0.5785 0.00851583 
300 0.278 2817000000 892.525 18.6437 -87.9169 0.622373 8285.89 116.836 8.84035e+07 2.75722e+06 -0.00190986 0.00194381 -0.000568145 0.00177058 0.00976101 0.000244351 0.000186333 1.19833e-05 0.0877147 0.0011536 17.1161 4.7905 157.556 20.677 2588.35 117.172 2763.02 125.808 2763.02 125.808 0.5785 0.00851583 
300 0.278 2818800000 892.525 18.6437 -87.9169 0.622373 8285.89 116.836 8.84035e+07 2.75722e+06 -0.00190986 0.00194381 -0.000568145 0.00177058 0.00976101 0.000244351 0.000186333 1.19833e-05 0.0877147 0.0011536 17.1161 4.7905 157.556 20.677 2588.35 117.172 2763.02 125.808 2763.02 125.808 0.5785 0.00851583 
300 0.278 2820600000 892.525 18.6437 -87.9169 0.621846 8285.89 116.702 8.84035e+07 2.75722e+06 -0.00190986 0.00194381 -0.000568145 0.00176848 0.00976101 0.000244659 0.000186333 1.19833e-05 0.0877147 0.00115462 17.1161 4.78431 157.556 20.651 2588.35 117.172 2763.02 125.808 2763.02 125.808 0.5785 0.00851583 
300 0.278 2822400000 892.525 18.6437 -87.9169 0.621846 8285.89 116.702 8.84035e+07 2.75722e+06 -0.00190986 0.00194381 -0.000568145 0.00176848 0.00976101 0.000244659 0.000186333 1.19833e-05 0.0877147 0.00115462 17.1161 4.78431 157.556 20.651 2588.35 117.172 2763.02 125.808 2763.02 125.808 0.5785 0.00851583 
300 0.278 2824200000 892.525 18.6437 -87.9169 0.621846 8285.89 116.702 8.84035e+07 2.75722e+06 -0.00190986 0.00194381 -0.000568145 0.00176623 0.00976101 0.000244595 0.000186333 1.19833e-05 0.0877147 0.0011552 17.1161 4.77815 157.556 20.625 2588.35 117.172 2763.02 125.808 2763.02 125.808 0.5785 0.00851583 
300 0.278 2826000000 892.525 18.6437 -87.9169 0.621846 8285.89 116.702 8.84035e+07 2.75722e+06 -0.00190986 0.00194381 -0.000568145 0.00176623 0.00976101 0.000244595 0.000186333 1.19833e-05 0.0877147 0.0011552 17.1161 4.77815 157.556 20.625 2588.35 117.172 2763.02 125.808 2763.02 125.808 0.5785 0.00851583 
300 0.278 2827800000 892.525 18.6437 -87.9169 0.620373 8285.89 116.406 8.84035e+07 2.75722e+06 -0.00190986 0.00194381 -0.000568145 0.00176631 0.00976101 0.000244285 0.000186333 1.19833e-05 0.0877147 0.00115392 17.1161 4.77199 157.556 20.599 2588.35 117.172 2763.02 125.345 2763.02 125.345 0.5785 0.00851583 
300 0.278 2829600000 892.525 18.6437 -87.9169 0.620373 8285.89 116.406 8.84035e+07 2.75722e+06 -0.00190986 0.00194381 -0.000568145 0.00176631 0.00976101 0.000244285 0.000186333 1.19833e-05 0.0877147 0.00115392 17.1161 4.77199 157.556 20.599 2588.35 117.172 2763.02 125.345 2763.02 125.345 0.5785 0.00851583 
300 0.278 2831400000 892.525 18.6437 -87.9169 0.620373 8285.89 116.406 8.84035e+07 2.75722e+06 -0.00190986 0.00194381 -0.000568145 0.00176438 0.00976101 0.000243998 0.000186333 1.19833e-05 0.0877147 0.00115246 17.1161 4.76587 157.556 20.5731 2588.35 117.172 2763.02 125.345 2763.02 125.345 0.5785 0.00851583 
300 0.278 2833200000 892.525 18.6437 -87.9169 0.620373 8285.89 116.406 8.84035e+07 2.75722e+06 -0.00190986 0.00194381 -0.000568145 0.00176438 0.00976101 0.000243998 0.000186333 1.19833e-05 0.0877147 0.00115246 17.1161 4.76587 157.556 20.5731 2588.35 117.172 2763.02 125.345 2763.02 125.345 0.5785 0.00851583 
300 0.278 2835000000 892.525 18.6437 -87.9169 0.618796 8285.89 116.184 8.84035e+07 2.75722e+06 -0.00190986 0.00194381 -0.000568145 0.00176211 0.00976101 0.000243942 0.000186333 1.19833e-05 0.0877147 0.0011532 17.1161 4.75975 157.556 20.5474 2588.35 117.172 2763.02 125.345 2763.02 125.345 0.5785 0.00851583 
300 0.278 2836800000 892.525 18.6437 -87.9169 0.618796 8285.89 116.184 8.84035e+07 2.75722e+06 -0.00190986 0.00194381 -0.000568145 0.00176211 0.00976101 0.000243942 0.000186333 1.19833e-05 0.0877147 0.0011532 17.1161 4.75975 157.556 20.5474 2588.35 117.172 2763.02 125.345 2763.02 125.345 0.5785 0.00851583 
300 0.278 2838600000 892.525 18.6437 -87.9169 0.618796 8285.89 116.184 8.84035e+07 2.75722e+06 -0.00190986 0.00194381 -0.000568145 0.00176058 0.00976101 0.000243671 0.000186333 1.19833e-05 0.0877147 0.00115195 17.1161 4.75365 157.556 20.5214 2588.35 117.172 2763.02 125.345 2763.02 125.345 0.5785 0.00851583 
300 0.278 2840400000 892.525 18.6437 -87.9169 0.618796 8285.89 116.184 8.84035e+07 2.75722e+06 -0.00190986 0.00194381 -0.000568145 0.00176058 0.00976101 0.000243671 0.000186333 1.19833e-05 0.0877147 0.00115195 17.1161 4.75365 157.556 20.5214 2588.35 117.172 2763.02 125.345 2763.02 125.345 0.5785 0.00851583 
300 0.278 2842200000 892.525 18.6437 -87.9169 0.617274 8285.89 116.184 8.84035e+07 2.75722e+06 -0.00190986 0.00194381 -0.000568145 0.00176773 0.00976101 0.000246319 0.000186333 1.19833e-05 0.0877147 0.00115869 17.1161 4.74758 157.556 20.4959 2588.35 117.172 2763.02 125.154 2763.02 125.154 0.5785 0.00851583 
300 0.278 2844000000 892.525 18.6437 -87.9169 0.617274 8285.89 116.184 8.84035e+07 2.75722e+06 -0.00190986 0.00194381 -0.000568145 0.00176773 0.00976101 0.000246319 0.000186333 1.19833e-05 0.0877147 0.00115869 17.1161 4.74758 157.556 20.4959 2588.35 117.172 2763.02 125.154 2763.02 125.154 0.5785 0.00851583 
300 0.278 2845800000 892.525 18.6437 -87.9169 0.617274 8285.89 116.184 8.84035e+07 2.75722e+06 -0.00190986 0.00194381 -0.000568145 0.00176754 0.00976101 0.000246024 0.000186333 1.19833e-05 0.0877147 0.00115722 17.1161 4.74152 157.556 20.4705 2588.35 117.172 2763.02 125.154 2763.02 125.154 0.5785 0.00851583 
300 0.278 2847600000 892.525 18.6437 -87.9169 0.617274 8285.89 116.184 8.84035e+07 2.75722e+06 -0.00190986 0.00194381 -0.000568145 0.00176754 0.00976101 0.000246024 0.000186333 1.19833e-05 0.0877147 0.00115722 17.1161 4.74152 157.556 20.4705 2588.35 117.172 2763.02 125.154 2763.02 125.154 0.5785 0.00851583 
300 0.278 2849400000 892.525 18.6437 -87.9169 0.615921 8285.89 116.184 8.84035e+07 2.75722e+06 -0.00190986 0.00194381 -0.000568145 0.00176528 0.00976101 0.000245786 0.000186333 1.19833e-05 0.0877147 0.00115597 17.1161 4.73547 157.556 20.445 2588.35 117.172 2763.02 125.154 2763.02 125.154 0.5785 0.00851583 
300 0.278 2851200000 892.525 18.6437 -87.9169 0.615921 8285.89 116.184 8.84035e+07 2.75722e+06 -0.00190986 0.00194381 -0.000568145 0.00176528 0.00976101 0.000245786 0.000186333 1.19833e-05 0.0877147 0.00115597 17.1161 4.73547 157.556 20.445 2588.35 117.172 2763.02 125.154 2763.02 125.154 0.5785 0.00851583 
300 0.278 2853000000 892.525 18.6437 -87.9169 0.615921 8285.89 116.184 8.84035e+07 2.75722e+06 -0.00190986 0.00194381 -0.000568145 0.0017651 0.00976101 0.000245473 0.000186333 1.19833e-05 0.0877147 0.00115449 17.1161 4.72942 157.556 20.4192 2588.35 117.172 2763.02 125.154 2763.02 125.154 0.5785 0.00851583 
300 0.278 2854800000 892.525 18.6437 -87.9169 0.615921 8285.89 116.184 8.84035e+07 2.75722e+06 -0.00190986 0.00194381 -0.000568145 0.0017651 0.00976101 0.000245473 0.000186333 1.19833e-05 0.0877147 0.00115449 17.1161 4.72942 157.556 20.4192 2588.35 117.172 2763.02 125.154 2763.02 125.154 0.5785 0.00851583 
300 0.278 2856600000 892.525 18.3097 -87.9169 0.614485 8285.89 115.409 8.84035e+07 2.71074e+06 -0.00190986 0.00194381 -0.000568145 0.00176353 0.00976101 0.000245162 0.000186333 1.19833e-05 0.0877147 0.0011531 17.1161 4.72339 157.556 20.3936 2588.35 117.172 2763.02 124.556 2763.02 124.556 0.5785 0.00851583 
300 0.278 2858400000 892.525 18.3097 -87.9169 0.614485 8285.89 115.409 8.84035e+07 2.71074e+06 -0.00190986 0.00194381 -0.000568145 0.00176353 0.00976101 0.000245162 0.000186333 1.19833e-05 0.0877147 0.0011531 17.1161 4.72339 157.556 20.3936 2588.35 117.172 2763.02 124.556 2763.02 124.556 0.5785 0.00851583 
300 0.278 2860200000 892.525 18.3097 -87.9169 0.614485 8285.89 115.409 8.84035e+07 2.71074e+06 -0.00190986 0.00194381 -0.000568145 0.00176322 0.00976101 0.000244876 0.000186333 1.19833e-05 0.0877147 0.00115165 17.1161 4.7174 157.556 20.3684 2588.35 117.172 2763.02 124.556 2763.02 124.556 0.5785 0.00851583 
300 0.278 2862000000 892.525 18.3097 -87.9169 0.614485 8285.89 115.409 8.84035e+07 2.71074e+06 -0.00190986 0.00194381 -0.000568145 0.00176322 0.00976101 0.000244876 0.000186333 1.19833e-05 0.0877147 0.00115165 17.1161 4.7174 157.556 20.3684 2588.35 117.172 2763.02 124.556 2763.02 124.556 0.5785 0.00851583 
300 0.278 2863800000 892.525 18.3097 -87.9169 0.613112 8285.89 115.142 8.84035e+07 2.70644e+06 -0.00190986 0.00194381 -0.000568145 0.00176492 0.00976101 0.000244603 0.000186333 1.19833e-05 0.0877147 0.00115058 17.1161 4.7114 157.556 20.3432 2588.35 117.172 2763.02 124.556 2763.02 124.556 0.5785 0.00851583 
300 0.278 2865600000 892.525 18.3097 -87.9169 0.613112 8285.89 115.142 8.84035e+07 2.70644e+06 -0.00190986 0.00194381 -0.000568145 0.00176492 0.00976101 0.000244603 0.000186333 1.19833e-05 0.0877147 0.00115058 17.1161 4.7114 157.556 20.3432 2588.35 117.172 2763.02 124.556 2763.02 124.556 0.5785 0.00851583 
300 0.278 2867400000 892.525 18.3097 -87.9169 0.613112 8285.89 115.142 8.84035e+07 2.70644e+06 -0.00190986 0.00194381 -0.000568145 0.00176293 0.00976101 0.000244319 0.000186333 1.19833e-05 0.0877147 0.00114937 17.1161 4.70542 157.556 20.3181 2588.35 117.172 2763.02 124.556 2763.02 124.556 0.5785 0.00851583 
300 0.278 2869200000 892.525 18.3097 -87.9169 0.613112 8285.89 115.142 8.84035e+07 2.70644e+06 -0.00190986 0.00194381 -0.000568145 0.00176293 0.00976101 0.000244319 0.000186333 1.19833e-05 0.0877147 0.00114937 17.1161 4.70542 157.556 20.3181 2588.35 117.172 2763.02 124.556 2763.02 124.556 0.5785 0.00851583 
300 0.278 2871000000 892.525 18.3097 -87.9169 0.611881 8285.89 114.933 8.84035e+07 2.70644e+06 -0.00190986 0.00194381 -0.000568145 0.00176096 0.00976101 0.000244108 0.000186333 1.19833e-05 0.0877147 0.00114826 17.1161 4.69945 157.556 20.2927 2588.35 117.172 2763.02 123.928 2763.02 123.928 0.5785 0.00851583 
300 0.278 2872800000 892.525 18.3097 -87.9169 0.611881 8285.89 114.933 8.84035e+07 2.70644e+06 -0.00190986 0.00194381 -0.000568145 0.00176096 0.00976101 0.000244108 0.000186333 1.19833e-05 0.0877147 0.00114826 17.1161 4.69945 157.556 20.2927 2588.35 117.172 2763.02 123.928 2763.02 123.928 0.5785 0.00851583 
300 0.278 2874600000 892.525 18.3097 -87.9169 0.611881 8285.89 114.933 8.84035e+07 2.70644e+06 -0.00190986 0.00194381 -0.000568145 0.00176221 0.00976101 0.0002438 0.000186333 1.19833e-05 0.0877147 0.0011468 17.1161 4.69351 157.556 20.2676 2588.35 117.172 2763.02 123.928 2763.02 123.928 0.5785 0.00851583 
300 0.278 2876400000 892.525 18.3097 -87.9169 0.611881 8285.89 114.933 8.84035e+07 2.70644e+06 -0.00190986 0.00194381 -0.000568145 0.00176221 0.00976101 0.0002438 0.000186333 1.19833e-05 0.0877147 0.0011468 17.1161 4.69351 157.556 20.2676 2588.35 117.172 2763.02 123.928 2763.02 123.928 0.5785 0.00851583 
300 0.278 2878200000 892.525 18.3097 -87.9169 0.615948 8285.89 115.803 8.84035e+07 2.71556e+06 -0.00190986 0.00194381 -0.000568145 0.00176155 0.00976101 0.00024398 0.000186333 1.19833e-05 0.0877147 0.00114755 17.1161 4.68758 157.556 20.2427 2588.35 117.172 2763.02 123.928 2763.02 123.928 0.5785 0.00851583 
300 0.278 2880000000 892.525 18.3097 -87.9169 0.615948 8285.89 115.803 8.84035e+07 2.71556e+06 -0.00190986 0.00194381 -0.000568145 0.00176155 0.00976101 0.00024398 0.000186333 1.19833e-05 0.0877147 0.00114755 17.1161 4.68758 157.556 20.2427 2588.35 117.172 2763.02 123.928 2763.02 123.928 0.5785 0.00851583 
300 0.278 2881800000 892.525 18.3097 -87.9169 0.615948 8285.89 115.803 8.84035e+07 2.71556e+06 -0.00190986 0.00194381 -0.000568145 0.00176165 0.00976101 0.000243681 0.000186333 1.19833e-05 0.0877147 0.0011461 17.1161 4.68166 157.556 20.2171 2588.35 117.172 2763.02 123.928 2763.02 123.928 0.5785 0.00851583 
300 0.278 2883600000 892.525 18.3097 -87.9169 0.615948 8285.89 115.803 8.84035e+07 2.71556e+06 -0.00190986 0.00194381 -0.000568145 0.00176165 0.00976101 0.000243681 0.000186333 1.19833e-05 0.0877147 0.0011461 17.1161 4.68166 157.556 20.2171 2588.35 117.172 2763.02 123.928 2763.02 123.928 0.5785 0.00851583 
300 0.278 2885400000 892.525 18.3097 -87.9169 0.614646 8285.89 115.586 8.84035e+07 2.71076e+06 -0.00190986 0.00194381 -0.000568145 0.00175948 0.00976101 0.000243411 0.000186333 1.19833e-05 0.0877147 0.0011447 17.1161 4.67578 157.556 20.1923 2588.35 117.172 2763.02 123.305 2763.02 123.305 0.5785 0.00851583 
300 0.278 2887200000 892.525 18.3097 -87.9169 0.614646 8285.89 115.586 8.84035e+07 2.71076e+06 -0.00190986 0.00194381 -0.000568145 0.00175948 0.00976101 0.000243411 0.000186333 1.19833e-05 0.0877147 0.0011447 17.1161 4.67578 157.556 20.1923 2588.35 117.172 2763.02 123.305 2763.02 123.305 0.5785 0.00851583 
300 0.278 2889000000 892.525 18.3097 -87.9169 0.614646 8285.89 115.586 8.84035e+07 2.71076e+06 -0.00190986 0.00194381 -0.000568145 0.00175729 0.00976101 0.000243316 0.000186333 1.19833e-05 0.0877147 0.00114483 17.1161 4.66991 157.556 20.1675 2588.35 117.172 2763.02 123.305 2763.02 123.305 0.5785 0.00851583 
300 0.278 2890800000 892.525 18.3097 -87.9169 0.614646 8285.89 115.586 8.84035e+07 2.71076e+06 -0.00190986 0.00194381 -0.000568145 0.00175729 0.00976101 0.000243316 0.000186333 1.19833e-05 0.0877147 0.00114483 17.1161 4.66991 157.556 20.1675 2588.35 117.172 2763.02 123.305 2763.02 123.305 0.5785 0.00851583 
300 0.278 2892600000 892.525 18.3097 -87.9169 0.613667 8285.89 115.418 8.84035e+07 2.70767e+06 -0.00190986 0.00194381 -0.000568145 0.00175965 0.00976101 0.000245469 0.000186333 1.19833e-05 0.0877147 0.00114894 17.1161 4.66405 157.556 20.1427 2588.35 117.172 2763.02 123.305 2763.02 123.305 0.5785 0.00851583 
300 0.278 2894400000 892.525 18.3097 -87.9169 0.613667 8285.89 115.418 8.84035e+07 2.70767e+06 -0.00190986 0.00194381 -0.000568145 0.00175965 0.00976101 0.000245469 0.000186333 1.19833e-05 0.0877147 0.00114894 17.1161 4.66405 157.556 20.1427 2588.35 117.172 2763.02 123.305 2763.02 123.305 0.5785 0.00851583 
300 0.278 2896200000 892.525 18.3097 -87.9169 0.613667 8285.89 115.418 8.84035e+07 2.70767e+06 -0.00190986 0.00194381 -0.000568145 0.00175759 0.00976101 0.00024538 0.000186333 1.19833e-05 0.0877147 0.00114913 17.1161 4.65819 157.556 20.118 2588.35 117.172 2763.02 123.305 2763.02 123.305 0.5785 0.00851583 
300 0.278 2898000000 892.525 18.3097 -87.9169 0.613667 8285.89 115.418 8.84035e+07 2.70767e+06 -0.00190986 0.00194381 -0.000568145 0.00175759 0.00976101 0.00024538 0.000186333 1.19833e-05 0.0877147 0.00114913 17.1161 4.65819 157.556 20.118 2588.35 117.172 2763.02 123.305 2763.02 123.305 0.5785 0.00851583 
300 0.278 2899800000 892.525 18.3097 -87.9169 0.612883 8285.89 115.302 8.84035e+07 2.70644e+06 -0.00190986 0.00194381 -0.000568145 0.00175563 0.00976101 0.000245078 0.000186333 1.19833e-05 0.0877147 0.00114771 17.1161 4.65236 157.556 20.0934 2588.35 117.172 2763.02 123.398 2763.02 123.398 0.5785 0.00851583 
300 0.278 2901600000 892.525 18.3097 -87.9169 0.612883 8285.89 115.302 8.84035e+07 2.70644e+06 -0.00190986 0.00194381 -0.000568145 0.00175563 0.00976101 0.000245078 0.000186333 1.19833e-05 0.0877147 0.00114771 17.1161 4.65236 157.556 20.0934 2588.35 117.172 2763.02 123.398 2763.02 123.398 0.5785 0.00851583 
300 0.278 2903400000 892.525 18.3097 -87.9169 0.612883 8285.89 115.302 8.84035e+07 2.70644e+06 -0.00190986 0.00194381 -0.000568145 0.00175558 0.00976101 0.000244773 0.000186333 1.19833e-05 0.0877147 0.0011463 17.1161 4.64652 157.556 20.0925 2588.35 117.172 2763.02 123.398 2763.02 123.398 0.5785 0.00851583 
300 0.278 2905200000 892.525 18.3097 -87.9169 0.612883 8285.89 115.302 8.84035e+07 2.70644e+06 -0.00190986 0.00194381 -0.000568145 0.00175558 0.00976101 0.000244773 0.000186333 1.19833e-05 0.0877147 0.0011463 17.1161 4.64652 157.556 20.0925 2588.35 117.172 2763.02 123.398 2763.02 123.398 0.5785 0.00851583 
300 0.278 2907000000 892.525 18.3097 -87.9169 0.616632 8285.89 116.195 8.84035e+07 2.72694e+06 -0.00190986 0.00194381 -0.000568145 0.00175447 0.00976101 0.000244498 0.000186333 1.19833e-05 0.0877147 0.00114511 17.1161 4.64071 157.556 20.068 2588.35 117.172 2763.02 123.398 2763.02 123.398 0.5785 0.00851583 
300 0.278 2908800000 892.525 18.3097 -87.9169 0.616632 8285.89 116.195 8.84035e+07 2.72694e+06 -0.00190986 0.00194381 -0.000568145 0.00175447 0.00976101 0.000244498 0.000186333 1.19833e-05 0.0877147 0.00114511 17.1161 4.64071 157.556 20.068 2588.35 117.172 2763.02 123.398 2763.02 123.398 0.5785 0.00851583 
300 0.278 2910600000 892.525 18.3097 -87.9169 0.616632 8285.89 116.195 8.84035e+07 2.72694e+06 -0.00190986 0.00194381 -0.000568145 0.00175244 0.00976101 0.00024437 0.000186333 1.19833e-05 0.0877147 0.00114476 17.1161 4.63492 157.556 20.0437 2588.35 117.172 2763.02 123.398 2763.02 123.398 0.5785 0.00851583 
300 0.278 2912400000 892.525 18.3097 -87.9169 0.616632 8285.89 116.195 8.84035e+07 2.72694e+06 -0.00190986 0.00194381 -0.000568145 0.00175244 0.00976101 0.00024437 0.000186333 1.19833e-05 0.0877147 0.00114476 17.1161 4.63492 157.556 20.0437 2588.35 117.172 2763.02 123.398 2763.02 123.398 0.5785 0.00851583 
300 0.278 2914200000 892.525 18.1477 -87.9169 0.615091 8285.89 115.909 8.84035e+07 2.72075e+06 -0.00190986 0.00194381 -0.000568145 0.00175169 0.00976101 0.000244183 0.000186333 1.19833e-05 0.0877147 0.00114384 17.1161 4.62913 157.556 20.0193 2588.35 117.172 2763.02 123.203 2763.02 123.203 0.5785 0.00851583 
300 0.278 2916000000 892.525 18.1477 -87.9169 0.615091 8285.89 115.909 8.84035e+07 2.72075e+06 -0.00190986 0.00194381 -0.000568145 0.00175169 0.00976101 0.000244183 0.000186333 1.19833e-05 0.0877147 0.00114384 17.1161 4.62913 157.556 20.0193 2588.35 117.172 2763.02 123.203 2763.02 123.203 0.5785 0.00851583 
300 0.278 2917800000 892.525 18.1477 -87.9169 0.615091 8285.89 115.909 8.84035e+07 2.72075e+06 -0.00190986 0.00194381 -0.000568145 0.00175079 0.00976101 0.000244016 0.000186333 1.19833e-05 0.0877147 0.00114309 17.1161 4.62338 157.556 19.995 2588.35 117.172 2763.02 123.203 2763.02 123.203 0.5785 0.00851583 
300 0.278 2919600000 892.525 18.1477 -87.9169 0.615091 8285.89 115.909 8.84035e+07 2.72075e+06 -0.00190986 0.00194381 -0.000568145 0.00175079 0.00976101 0.000244016 0.000186333 1.19833e-05 0.0877147 0.00114309 17.1161 4.62338 157.556 19.995 2588.35 117.172 2763.02 123.203 2763.02 123.203 0.5785 0.00851583 
300 0.278 2921400000 892.525 18.1477 -87.9169 0.613569 8285.89 115.628 8.84035e+07 2.7144e+06 -0.00190986 0.00194381 -0.000568145 0.00175189 0.00976101 0.00024428 0.000186333 1.19833e-05 0.0877147 0.00114351 17.1161 4.61763 157.556 19.9708 2588.35 117.172 2763.02 123.203 2763.02 123.203 0.5785 0.00851583 
300 0.278 2923200000 892.525 18.1477 -87.9169 0.613569 8285.89 115.628 8.84035e+07 2.7144e+06 -0.00190986 0.00194381 -0.000568145 0.00175189 0.00976101 0.00024428 0.000186333 1.19833e-05 0.0877147 0.00114351 17.1161 4.61763 157.556 19.9708 2588.35 117.172 2763.02 123.203 2763.02 123.203 0.5785 0.00851583 
300 0.278 2925000000 892.525 18.1477 -87.9169 0.613569 8285.89 115.628 8.84035e+07 2.7144e+06 -0.00190986 0.00194381 -0.000568145 0.00175024 0.00976101 0.000244031 0.000186333 1.19833e-05 0.0877147 0.00114245 17.1161 4.61189 157.556 19.9466 2588.35 117.172 2763.02 123.203 2763.02 123.203 0.5785 0.00851583 
300 0.278 2926800000 892.525 18.1477 -87.9169 0.613569 8285.89 115.628 8.84035e+07 2.7144e+06 -0.00190986 0.00194381 -0.000568145 0.00175024 0.00976101 0.000244031 0.000186333 1.19833e-05 0.0877147 0.00114245 17.1161 4.61189 157.556 19.9466 2588.35 117.172 2763.02 123.203 2763.02 123.203 0.5785 0.00851583 
300 0.278 2928600000 892.525 18.1477 -87.9169 0.612771 8285.89 115.494 8.84035e+07 2.71056e+06 -0.00190986 0.00194381 -0.000568145 0.0017489 0.00976101 0.000243737 0.000186333 1.19833e-05 0.0877147 0.00114104 17.1161 4.60616 157.556 19.9224 2588.35 117.172 2763.02 123.265 2763.02 123.265 0.5785 0.00851583 
300 0.278 2930400000 892.525 18.1477 -87.9169 0.612771 8285.89 115.494 8.84035e+07 2.71056e+06 -0.00190986 0.00194381 -0.000568145 0.0017489 0.00976101 0.000243737 0.000186333 1.19833e-05 0.0877147 0.00114104 17.1161 4.60616 157.556 19.9224 2588.35 117.172 2763.02 123.265 2763.02 123.265 0.5785 0.00851583 
300 0.278 2932200000 892.525 18.1477 -87.9169 0.612771 8285.89 115.494 8.84035e+07 2.71056e+06 -0.00190986 0.00194381 -0.000568145 0.00174684 0.00976101 0.000243607 0.000186333 1.19833e-05 0.0877147 0.00114065 17.1161 4.60045 157.556 19.8984 2588.35 117.172 2763.02 123.265 2763.02 123.265 0.5785 0.00851583 
300 0.278 2934000000 892.525 18.1477 -87.9169 0.612771 8285.89 115.494 8.84035e+07 2.71056e+06 -0.00190986 0.00194381 -0.000568145 0.00174684 0.00976101 0.000243607 0.000186333 1.19833e-05 0.0877147 0.00114065 17.1161 4.60045 157.556 19.8984 2588.35 117.172 2763.02 123.265 2763.02 123.265 0.5785 0.00851583 
300 0.278 2935800000 892.525 18.1477 -87.9169 0.611367 8285.89 115.225 8.84035e+07 2.70396e+06 -0.00190986 0.00194381 -0.000568145 0.00174578 0.00976101 0.000243431 0.000186333 1.19833e-05 0.0877147 0.00114005 17.1161 4.59475 157.556 19.8742 2588.35 117.172 2763.02 123.265 2763.02 123.265 0.5785 0.00851583 
300 0.278 2937600000 892.525 18.1477 -87.9169 0.611367 8285.89 115.225 8.84035e+07 2.70396e+06 -0.00190986 0.00194381 -0.000568145 0.00174578 0.00976101 0.000243431 0.000186333 1.19833e-05 0.0877147 0.00114005 17.1161 4.59475 157.556 19.8742 2588.35 117.172 2763.02 123.265 2763.02 123.265 0.5785 0.00851583 
300 0.278 2939400000 892.525 18.1477 -87.9169 0.611367 8285.89 115.225 8.84035e+07 2.70396e+06 -0.00190986 0.00194381 -0.000568145 0.00174552 0.00976101 0.000243148 0.000186333 1.19833e-05 0.0877147 0.00113864 17.1161 4.58908 157.556 19.8503 2588.35 117.172 2763.02 123.265 2763.02 123.265 0.5785 0.00851583 
300 0.278 2941200000 892.525 18.1477 -87.9169 0.611367 8285.89 115.225 8.84035e+07 2.70396e+06 -0.00190986 0.00194381 -0.000568145 0.00174552 0.00976101 0.000243148 0.000186333 1.19833e-05 0.0877147 0.00113864 17.1161 4.58908 157.556 19.8503 2588.35 117.172 2763.02 123.265 2763.02 123.265 0.5785 0.00851583 
300 0.278 2943000000 892.525 18.1425 -87.9169 0.610706 8285.89 115.204 8.84035e+07 2.70988e+06 -0.00190986 0.00194381 -0.000568145 0.00174526 0.00976101 0.000244496 0.000186333 1.19833e-05 0.0877147 0.00114253 17.1161 4.58342 157.556 19.8262 2588.35 117.172 2763.02 122.662 2763.02 122.662 0.5785 0.00851583 
300 0.278 2944800000 892.525 18.1425 -87.9169 0.610706 8285.89 115.204 8.84035e+07 2.70988e+06 -0.00190986 0.00194381 -0.000568145 0.00174526 0.00976101 0.000244496 0.000186333 1.19833e-05 0.0877147 0.00114253 17.1161 4.58342 157.556 19.8262 2588.35 117.172 2763.02 122.662 2763.02 122.662 0.5785 0.00851583 
300 0.278 2946600000 892.525 18.1425 -87.9169 0.610706 8285.89 115.204 8.84035e+07 2.70988e+06 -0.00190986 0.00194381 -0.000568145 0.00174384 0.00976101 0.000245139 0.000186333 1.19833e-05 0.0877147 0.00114501 17.1161 4.57776 157.556 19.8021 2588.35 117.172 2763.02 122.662 2763.02 122.662 0.5785 0.00851583 
300 0.278 2948400000 892.525 18.1425 -87.9169 0.610706 8285.89 115.204 8.84035e+07 2.70988e+06 -0.00190986 0.00194381 -0.000568145 0.00174384 0.00976101 0.000245139 0.000186333 1.19833e-05 0.0877147 0.00114501 17.1161 4.57776 157.556 19.8021 2588.35 117.172 2763.02 122.662 2763.02 122.662 0.5785 0.00851583 
300 0.278 2950200000 892.525 18.1425 -87.9169 0.60921 8285.89 114.919 8.84035e+07 2.70334e+06 -0.00190986 0.00194381 -0.000568145 0.00174219 0.00976101 0.000244988 0.000186333 1.19833e-05 0.0877147 0.00114441 17.1161 4.57212 157.556 19.7784 2588.35 117.172 2763.02 122.662 2763.02 122.662 0.5785 0.00851583 
300 0.278 2952000000 892.525 18.1425 -87.9169 0.60921 8285.89 114.919 8.84035e+07 2.70334e+06 -0.00190986 0.00194381 -0.000568145 0.00174219 0.00976101 0.000244988 0.000186333 1.19833e-05 0.0877147 0.00114441 17.1161 4.57212 157.556 19.7784 2588.35 117.172 2763.02 122.662 2763.02 122.662 0.5785 0.00851583 
300 0.278 2953800000 892.525 18.1425 -87.9169 0.60921 8285.89 114.919 8.84035e+07 2.70334e+06 -0.00190986 0.00194381 -0.000568145 0.00174014 0.00976101 0.000244709 0.000186333 1.19833e-05 0.0877147 0.00114303 17.1161 4.56649 157.556 19.7547 2588.35 117.172 2763.02 122.662 2763.02 122.662 0.5785 0.00851583 
300 0.278 2955600000 892.525 18.1425 -87.9169 0.60921 8285.89 114.919 8.84035e+07 2.70334e+06 -0.00190986 0.00194381 -0.000568145 0.00174014 0.00976101 0.000244709 0.000186333 1.19833e-05 0.0877147 0.00114303 17.1161 4.56649 157.556 19.7547 2588.35 117.172 2763.02 122.662 2763.02 122.662 0.5785 0.00851583 
300 0.278 2957400000 892.525 18.1425 -87.9169 0.608267 8285.89 114.694 8.84035e+07 2.70246e+06 -0.00190986 0.00194381 -0.000568145 0.00173804 0.00976101 0.000244428 0.000186333 1.19833e-05 0.0877147 0.00114163 17.1161 4.56087 157.556 19.7309 2588.35 117.172 2763.02 122.495 2763.02 122.495 0.5785 0.00851583 
300 0.278 2959200000 892.525 18.1425 -87.9169 0.608267 8285.89 114.694 8.84035e+07 2.70246e+06 -0.00190986 0.00194381 -0.000568145 0.00173804 0.00976101 0.000244428 0.000186333 1.19833e-05 0.0877147 0.00114163 17.1161 4.56087 157.556 19.7309 2588.35 117.172 2763.02 122.495 2763.02 122.495 0.5785 0.00851583 
