L J MC_steps R2 R2_std E E_std E2 E2_std E4 E4_std Sin1 Sin1_std Cos1 Cos1_std Mag2 Mag2_std Mag4 Mag4_std Mag1 Mag1_std eig1 eig1_std eig2 eig2_std eig3 eig3_std R_g_2_trace R_g_2_trace_std R_g_2_direct R_g_2_direct_std asphericity asphericity_std
500 0.27 100000000 725 0 -145.328 0 21120.2 0 4.46063e+08 0 -0.00184522 0 0.0728424 0 0.00530941 0 2.81899e-05 0 0.0728657 0 14.4128 0 36.1042 0 154.938 0 205.455 0 205.455 0 0.406751 0 
500 0.27 105000000 461 186.676 -141.669 2.58739 20083.4 733.105 4.04419e+08 2.94465e+07 0.0199591 0.015418 0.0777446 0.0034664 0.00694205 0.00115445 5.08576e-05 1.60285e-05 0.0827327 0.00697698 11.7209 1.90342 33.2303 2.03219 138.691 11.4883 183.642 15.4239 183.642 15.4239 0.411461 0.00333021 
500 0.27 110000000 1242.33 649.981 -134.5 6.10199 18202 1612.05 3.39109e+08 5.68239e+07 0.0162227 0.0107219 0.0432898 0.028227 0.00487235 0.00185691 3.40841e-05 1.73709e-05 0.0641794 0.0158467 12.078 1.30201 36.3083 2.85512 205.541 55.1171 253.927 58.3011 253.927 58.3011 0.483701 0.0590254 
500 0.27 115000000 1164 492.184 -135.192 4.61558 18362.2 1216.97 3.43095e+08 4.27575e+07 0.0277636 0.012828 0.0326598 0.0230852 0.00462742 0.00140874 2.93513e-05 1.36577e-05 0.0637323 0.0118913 12.6165 1.08215 40.2987 4.06542 185.5 44.8334 238.415 45.7428 238.415 45.7428 0.427775 0.0656163 
500 0.27 120000000 970.6 430.069 -135.116 3.6931 18324.5 974.16 3.40531e+08 3.42828e+07 0.0200095 0.0123862 0.0363027 0.0187534 0.00424381 0.00117807 2.49491e-05 1.1614e-05 0.0613961 0.00973984 12.4443 0.879301 37.9739 3.86026 166.351 39.7463 216.769 41.4002 216.769 41.4002 0.401819 0.0573976 
500 0.27 125000000 1165.67 400.192 -134.7 3.10087 18201.9 819.48 3.35337e+08 2.89598e+07 0.0211734 0.0103764 0.017793 0.023016 0.00458934 0.00103115 2.74417e-05 9.9422e-06 0.06441 0.00857017 12.312 0.742641 40.1634 3.78727 182.792 36.3637 235.268 38.4111 235.268 38.4111 0.421335 0.0510413 
500 0.27 130000000 1109.29 346.97 -140.734 6.18618 20073.9 1870.12 4.27444e+08 8.8814e+07 0.0111008 0.0128868 0.0038289 0.0235867 0.00519471 0.00104656 3.4652e-05 1.08252e-05 0.0686303 0.00832031 14.4727 2.09921 2412.08 2195.97 4762.46 4240.06 7189.01 6438 7189.01 6438 0.407633 0.0455517 
500 0.27 135000000 1104.75 303.629 -140.463 5.41884 19964.7 1639.54 4.20095e+08 7.80156e+07 0.0102896 0.0113014 0.0079309 0.020992 0.00471588 0.00101941 3.05531e-05 1.02186e-05 0.0646682 0.00816932 14.4903 1.83688 2114.98 1941.47 4185.18 3749.15 6314.65 5692.32 6314.65 5692.32 0.404959 0.0399361 
500 0.27 140000000 1263 308.386 -138.252 5.24849 19361.5 1564.42 3.96894e+08 7.27154e+07 0.00536643 0.0110662 0.0158485 0.0200974 0.00501726 0.000949648 3.32894e-05 9.44246e-06 0.0670593 0.00760348 14.3309 1.63969 1885.36 1739.28 3749.67 3357.78 5649.36 5098.57 5649.36 5098.57 0.418245 0.0376438 
500 0.27 145000000 1319.6 282.694 -133.852 7.37018 18313.6 1978.82 3.65095e+08 7.86359e+07 0.00497232 0.0099666 0.0124776 0.0183682 0.00454764 0.000963832 2.99708e-05 9.06265e-06 0.0621451 0.00828023 16.289 2.37247 1703.46 1574.83 3391.87 3041 5111.61 4616.98 5111.61 4616.98 0.397455 0.0392022 
500 0.27 150000000 1387.73 279.727 -135.865 7.37018 18861.2 1978.82 3.85747e+08 7.86359e+07 0.002637 0.00973522 0.0130052 0.0167059 0.00420362 0.000935595 2.72991e-05 8.62358e-06 0.0590074 0.00810022 17.0965 2.29008 1551.74 1483.85 3092.66 2862.31 4661.5 4347.22 4661.5 4347.22 0.379241 0.0396443 
500 0.27 155000000 1389.17 242.991 -131.526 6.92506 17874.5 1784.48 3.57709e+08 6.821e+07 0.000796268 0.00896373 0.0106462 0.0154794 0.00390436 0.000904222 2.50555e-05 8.19162e-06 0.0561526 0.00791229 16.8768 2.10975 1425.93 1324.53 2851.54 2558.06 4294.35 3883.49 4294.35 3883.49 0.385629 0.0368517 
500 0.27 160000000 1314.08 241.601 -134.319 6.93302 18666.5 1814.51 3.91242e+08 7.07271e+07 -0.00336117 0.008996 0.00154336 0.0167527 0.00471425 0.00114111 3.91518e-05 1.55112e-05 0.0610744 0.00870084 16.4824 1.98398 1317.85 1262.23 2638.46 2435.73 3972.79 3698.71 3972.79 3698.71 0.38146 0.034252 
500 0.27 165000000 1600.43 352.147 -135.974 6.92712 19104.6 1847.44 4.07226e+08 7.27325e+07 0.00351896 0.0106646 0.0022086 0.0155693 0.0050032 0.00123395 4.18359e-05 1.66728e-05 0.0633972 0.00918579 15.6852 1.996 1224.49 1142.94 2484.71 2205.83 3724.89 3349.57 3724.89 3349.57 0.418884 0.048085 
500 0.27 170000000 1702.47 343.136 -134.863 6.92712 18780 1847.44 3.93586e+08 7.27325e+07 0.00246588 0.0100055 -0.00140292 0.0149444 0.00485972 0.00123395 3.95887e-05 1.66728e-05 0.0627303 0.00918579 15.3464 1.98874 1152.96 1097.87 2336.33 2115.21 3504.64 3213.86 3504.64 3213.86 0.408462 0.045995 
500 0.27 175000000 1684.88 322.14 -134.161 6.29384 18561.7 1694.42 3.83593e+08 6.73712e+07 0.00386711 0.00947779 0.00318712 0.0146983 0.00491903 0.00108257 3.92233e-05 1.4792e-05 0.0635731 0.00803925 15.1433 1.81249 1085.52 1004.3 2195.42 1939.58 3296.09 2944.59 3296.09 2944.59 0.392636 0.0457621 
500 0.27 180000000 1688.18 303.208 -133.01 6.29384 18242.2 1694.42 3.71172e+08 6.73712e+07 0.0043968 0.00893506 0.00376681 0.0138452 0.00464943 0.00108257 3.69227e-05 1.4792e-05 0.0609114 0.00803925 15.9265 1.84308 1023.68 969.388 2083.97 1870.49 3123.58 2840.59 3123.58 2840.59 0.401862 0.0439905 
500 0.27 185000000 1616.67 294.675 -131.878 5.99457 17933.4 1618.43 3.59489e+08 6.40525e+07 0.00678966 0.00875322 0.00315602 0.0130895 0.00451921 0.00103348 3.51667e-05 1.36934e-05 0.060195 0.00782363 15.9342 1.77531 968.751 896.097 1976.03 1730.28 2960.71 2626.95 2960.71 2626.95 0.400067 0.0415832 
500 0.27 190000000 1751.63 308.529 -131.744 5.99457 17870.1 1618.43 3.55299e+08 6.40525e+07 0.000841153 0.0101138 0.00308718 0.0124007 0.00487549 0.00103348 4.00228e-05 1.36934e-05 0.0626188 0.00782363 15.6012 1.77531 918.784 868.683 1901.13 1675.47 2835.51 2544.69 2835.51 2544.69 0.424082 0.0458071 
500 0.27 195000000 1730.3 293.839 -133.194 5.53789 18268.6 1490.9 3.70922e+08 5.86588e+07 0.00214891 0.00969226 0.00278297 0.0117844 0.00466861 0.000940871 3.80489e-05 1.26237e-05 0.060846 0.0070683 15.7973 1.85266 874.985 808.937 1813.74 1561.11 2704.52 2370.53 2704.52 2370.53 0.419359 0.0437595 
500 0.27 200000000 1730.3 281.42 -133.194 5.53789 18268.6 1490.9 3.70922e+08 5.86588e+07 0.00214891 0.0101616 0.00278297 0.0115841 0.00466861 0.000940871 3.80489e-05 1.26237e-05 0.060846 0.0070683 15.7973 1.85266 874.985 786.859 1813.74 1515.76 2704.52 2303.08 2704.52 2303.08 0.419359 0.0420877 
500 0.27 205000000 1655 272.179 -132.907 5.25527 18271.9 1387.98 3.76246e+08 5.37198e+07 0.00431116 0.00993313 0.00083257 0.0110997 0.00490041 0.000894344 4.16108e-05 1.19681e-05 0.0624765 0.0070608 15.8202 1.85266 799.656 741.198 1660.6 1424.73 2476.07 2166 2476.07 2166 0.406637 0.0407048 
500 0.27 210000000 1655 262.418 -132.907 5.12396 18271.9 1355.36 3.76246e+08 5.35672e+07 0.00431116 0.0106857 0.00083257 0.0110643 0.00490041 0.0010092 4.16108e-05 1.59809e-05 0.0624765 0.00709027 15.8202 1.85266 799.656 741.198 1660.6 1424.73 2476.07 2166 2476.07 2166 0.406637 0.0394933 
500 0.27 215000000 1692.33 251.509 -132.542 5.093 18190 1341.03 3.74037e+08 5.13629e+07 0.000467226 0.0103028 -0.00419517 0.0107558 0.00534187 0.000972699 5.1243e-05 1.5423e-05 0.0650262 0.00701306 15.6197 1.55237 736.174 677.085 1537.29 1307.04 2289.08 1984.52 2289.08 1984.52 0.411391 0.037899 
500 0.27 220000000 1692.33 243.52 -132.542 4.92953 18190 1300.04 3.74037e+08 4.98664e+07 0.000467226 0.00992326 -0.00419517 0.0103383 0.00534187 0.000952735 5.1243e-05 1.49403e-05 0.0650262 0.00701306 15.6197 1.55237 736.174 661.81 1537.29 1275.68 2289.08 1937.88 2289.08 1937.88 0.411391 0.036397 
500 0.27 225000000 1738.08 234.522 -131.448 4.76068 17867.8 1257.29 3.60359e+08 4.83183e+07 -0.00115232 0.00983685 -0.00155166 0.0101558 0.00520122 0.000930568 4.89409e-05 1.47602e-05 0.0640027 0.00701306 15.4624 1.55237 684.094 630.529 1436.01 1213.8 2135.56 1844.41 2135.56 1844.41 0.411066 0.035004 
500 0.27 230000000 1738.08 229.043 -131.448 4.585 17867.8 1211.43 3.60359e+08 4.72329e+07 -0.00115232 0.00963555 -0.00155166 0.00980422 0.00520122 0.000930568 4.89409e-05 1.47602e-05 0.0640027 0.00701306 15.4624 1.55237 684.094 630.529 1436.01 1213.8 2135.56 1844.41 2135.56 1844.41 0.411066 0.0357946 
500 0.27 235000000 1725.36 226.611 -132.978 4.69475 18300.2 1257.7 3.79189e+08 4.97974e+07 0.0013446 0.00931669 0.00119841 0.00971096 0.00504897 0.000858673 4.61371e-05 1.35059e-05 0.0633746 0.00620263 14.948 1.46876 637.408 582.159 1346.81 1123.79 1999.17 1706.31 1999.17 1706.31 0.42099 0.0345933 
500 0.27 240000000 1725.36 218.804 -132.978 4.53512 18300.2 1215.73 3.79189e+08 4.821e+07 0.0013446 0.00936102 0.00119841 0.00971096 0.00504897 0.000842465 4.61371e-05 1.35059e-05 0.0633746 0.00620263 14.948 1.46876 637.408 570.94 1346.81 1536.53 1999.17 1965.1 1999.17 1965.1 0.42099 0.0384968 
500 0.27 245000000 1847.47 242.283 -131.785 4.50322 17975.7 1203.78 3.66599e+08 4.74344e+07 0.00426586 0.00905332 -0.0012041 0.00971096 0.00500809 0.000842465 4.46939e-05 1.35059e-05 0.0634419 0.00620263 15.2584 1.46876 600.733 548.134 2389.66 1486.66 3005.66 1901.38 3005.66 1901.38 0.450285 0.0394842 
500 0.27 250000000 1847.47 235.991 -131.785 4.35797 17975.7 1165.06 3.66599e+08 4.59461e+07 0.00426586 0.00923267 -0.0012041 0.00971096 0.00500809 0.000842465 4.46939e-05 1.35059e-05 0.0634419 0.00620263 15.2584 1.46876 600.733 548.134 2389.66 1440.25 3005.66 1841.98 3005.66 1841.98 0.450285 0.0394842 
500 0.27 255000000 1830.19 232.772 -133.059 4.40072 18324.3 1184.52 3.80679e+08 4.72377e+07 0.000391729 0.00898924 -0.00164091 0.0089025 0.00501736 0.000777618 4.4524e-05 1.19958e-05 0.0635521 0.00552971 15.4123 1.35656 566.968 510.458 2252.41 1396.91 2834.79 1786.38 2834.79 1786.38 0.443739 0.0377272 
500 0.27 260000000 1830.19 228.219 -133.059 4.32308 18324.3 1163.68 3.80679e+08 4.63396e+07 0.000391729 0.00878695 -0.00164091 0.0089025 0.00501736 0.000758389 4.4524e-05 1.19136e-05 0.0635521 0.00542984 15.4123 1.44134 566.968 501.742 2252.41 1372.56 2834.79 1744.82 2834.79 1744.82 0.443739 0.039569 
500 0.27 265000000 1818.12 222.579 -133.422 4.32546 18437.7 1168.19 3.86346e+08 4.67074e+07 -0.000989516 0.00853225 -0.00143305 0.0089025 0.00481421 0.000745661 4.2081e-05 1.19136e-05 0.0620697 0.00542984 16.4904 1.50713 538.905 484.122 2412.38 1333.72 2967.77 1695.31 2967.77 1695.31 0.458815 0.0384059 
500 0.27 270000000 1818.12 217.613 -133.422 4.2151 18437.7 1137.29 3.86346e+08 4.54033e+07 -0.000989516 0.00867146 -0.00143305 0.0089025 0.00481421 0.000750118 4.2081e-05 1.19136e-05 0.0620697 0.00542984 16.4904 1.50713 538.905 484.122 2412.38 1297.2 2967.77 1648.73 2967.77 1648.73 0.458815 0.0382526 
500 0.27 275000000 1751.83 215.459 -134.527 4.16703 18722.6 1124.7 3.96073e+08 4.48486e+07 -0.00390904 0.008437 -0.00589024 0.00886969 0.00518763 0.000749569 4.71382e-05 1.13488e-05 0.0645881 0.00531248 16.2681 1.45091 510.76 454.519 2284.66 1262.68 2811.69 1604.71 2811.69 1604.71 0.452205 0.0366941 
500 0.27 280000000 1751.83 212.147 -134.527 4.2299 18722.6 1152.71 3.96073e+08 4.69316e+07 -0.00390904 0.00821104 -0.00589024 0.00886969 0.00518763 0.000748926 4.71382e-05 1.13488e-05 0.0645881 0.00524821 16.2681 1.45091 510.76 447.57 2284.66 1474.86 2811.69 1756.42 2811.69 1756.42 0.452205 0.0383757 
500 0.27 285000000 1708.89 206.797 -134.606 4.27022 18811.8 1155.44 4.04614e+08 4.65464e+07 -0.00446107 0.00800308 -0.0081243 0.00886969 0.00507988 0.000718799 4.54387e-05 1.0878e-05 0.0639105 0.00511789 16.5032 1.45091 487.24 433.582 3605.84 1729.02 4109.58 1938.07 4109.58 1938.07 0.480544 0.0443766 
500 0.27 290000000 1708.89 205.04 -134.606 4.16728 18811.8 1126.81 4.04614e+08 4.53567e+07 -0.00446107 0.00781122 -0.0081243 0.00886969 0.00507988 0.000717218 4.54387e-05 1.0878e-05 0.0639105 0.00508418 16.5032 1.45091 487.24 433.582 3605.84 1729.02 4109.58 1938.07 4109.58 1938.07 0.480544 0.0443766 
500 0.27 295000000 1654.8 246.307 -135.427 4.10388 19014.2 1109.16 4.1075e+08 4.45595e+07 -0.003611 0.00772543 -0.00523447 0.00845279 0.00509587 0.000703606 4.57703e-05 1.04314e-05 0.0638571 0.00504515 16.5306 1.32935 465.309 409.635 3434.71 1651.02 3916.55 1850.75 3916.55 1850.75 0.473489 0.0427149 
500 0.27 300000000 1654.8 246.307 -135.427 4.00394 19014.2 1082.13 4.1075e+08 4.34964e+07 -0.003611 0.00754956 -0.00523447 0.00845279 0.00509587 0.000689247 4.57703e-05 1.03391e-05 0.0638571 0.00493311 16.5306 1.32935 465.309 403.966 3434.71 1651.02 3916.55 1850.75 3916.55 1850.75 0.473489 0.0427149 
500 0.27 305000000 1654.8 246.307 -135.427 3.93015 19014.2 1061.38 4.1075e+08 4.25841e+07 -0.003611 0.00751143 -0.00523447 0.0081166 0.00509587 0.000673083 4.57703e-05 9.99755e-06 0.0638571 0.00481583 16.5306 1.32935 465.309 392.598 3434.71 1606.32 3916.55 1789.45 3916.55 1789.45 0.473489 0.0430251 
500 0.27 310000000 1654.8 246.307 -135.427 3.87113 19014.2 1046.08 4.1075e+08 4.19666e+07 -0.003611 0.00734367 -0.00523447 0.0081166 0.00509587 0.000661849 4.57703e-05 9.96935e-06 0.0638571 0.00473198 16.5306 1.32935 465.309 392.598 3434.71 1606.32 3916.55 1789.45 3916.55 1789.45 0.473489 0.0430251 
500 0.27 315000000 1683.59 246.307 -135.287 3.78411 18932.7 1022.98 4.04493e+08 4.10835e+07 -0.00550722 0.00719695 -0.0079181 0.00790818 0.00489485 0.000648167 4.24449e-05 9.66492e-06 0.0628696 0.00462762 16.7079 1.22026 426.745 372.849 3606.87 1541.69 4050.33 1717.4 4050.33 1717.4 0.481488 0.0415361 
500 0.27 320000000 1683.59 246.307 -135.287 3.72251 18932.7 1005.68 4.04493e+08 4.03169e+07 -0.00550722 0.00706566 -0.0079181 0.00790818 0.00489485 0.000640027 4.24449e-05 9.66492e-06 0.0628696 0.00458626 16.7079 1.22026 426.745 368.895 3606.87 1541.69 4050.33 1717.4 4050.33 1717.4 0.481488 0.0415361 
500 0.27 325000000 1683.59 246.307 -135.287 3.65586 18932.7 986.982 4.04493e+08 3.95087e+07 -0.00550722 0.00692784 -0.0079181 0.00771565 0.00489485 0.000630606 4.24449e-05 9.51758e-06 0.0628696 0.00452105 16.7079 1.22026 426.745 368.895 3606.87 1481.39 4050.33 1650.27 4050.33 1650.27 0.481488 0.0397315 
500 0.27 330000000 1683.59 246.307 -135.287 3.57838 18932.7 965.982 4.04493e+08 3.86796e+07 -0.00550722 0.00697193 -0.0079181 0.00771565 0.00489485 0.000628841 4.24449e-05 9.51758e-06 0.0628696 0.0044781 16.7079 1.22026 426.745 368.895 3606.87 1481.39 4050.33 1650.27 4050.33 1650.27 0.481488 0.0397315 
500 0.27 335000000 1719.08 213.48 -136.349 3.51438 19184 948.104 4.11171e+08 3.79164e+07 -0.0045904 0.00688371 -0.00756456 0.00725312 0.00482294 0.0006104 4.1145e-05 9.03043e-06 0.0624367 0.0043889 16.3536 1.16889 394.961 342.117 3918.02 1488.03 4329.34 1639.13 4329.34 1639.13 0.485206 0.0382825 
500 0.27 340000000 1719.08 213.48 -136.349 3.57183 19184 956.02 4.11171e+08 3.78011e+07 -0.0045904 0.00678847 -0.00756456 0.00725312 0.00482294 0.000609684 4.1145e-05 9.03043e-06 0.0624367 0.00431851 16.3536 1.16889 394.961 338.166 3918.02 1488.03 4329.34 1639.13 4329.34 1639.13 0.485206 0.0382825 
500 0.27 345000000 1719.08 213.48 -136.349 3.60005 19184 969.976 4.11171e+08 3.88849e+07 -0.0045904 0.00674672 -0.00756456 0.00708078 0.00482294 0.00059023 4.1145e-05 8.81276e-06 0.0624367 0.00423219 16.3536 1.16889 394.961 330.302 3918.02 1435.94 4329.34 1581.71 4329.34 1581.71 0.485206 0.0368449 
500 0.27 350000000 1719.08 213.48 -136.349 3.66914 19184 979.326 4.11171e+08 3.87749e+07 -0.0045904 0.00661469 -0.00756456 0.00708078 0.00482294 0.00059023 4.1145e-05 8.81276e-06 0.0624367 0.00417258 16.3536 1.16889 394.961 330.302 3918.02 1435.94 4329.34 1581.71 4329.34 1581.71 0.485206 0.0368449 
500 0.27 355000000 1675.5 213.48 -134.439 3.68168 18778.7 979.43 4.02523e+08 3.85435e+07 -0.00457 0.00650094 -0.00831987 0.00682157 0.00470749 0.000574777 3.93397e-05 8.43731e-06 0.0616459 0.00417705 16.0934 1.10755 367.106 316.084 3630.68 1387.37 4013.88 1528.14 4013.88 1528.14 0.485455 0.035508 
500 0.27 360000000 1675.5 213.48 -134.439 3.61477 18778.7 961.26 4.02523e+08 3.78162e+07 -0.00457 0.00637828 -0.00831987 0.00681183 0.00470749 0.000568733 3.93397e-05 8.43731e-06 0.0616459 0.00410315 16.0934 1.10755 367.106 314.048 3630.68 1387.37 4013.88 1528.14 4013.88 1528.14 0.485455 0.035508 
500 0.27 365000000 1675.5 213.48 -134.439 3.54844 18778.7 943.942 4.02523e+08 3.71689e+07 -0.00457 0.00635738 -0.00831987 0.00664392 0.00470749 0.000554856 3.93397e-05 8.31772e-06 0.0616459 0.00402986 16.0934 1.10755 367.106 314.048 3630.68 1337.18 4013.88 1472.52 4013.88 1472.52 0.485455 0.0342436 
500 0.27 370000000 1675.5 213.48 -134.439 3.5024 18778.7 932.346 4.02523e+08 3.67241e+07 -0.00457 0.00630462 -0.00831987 0.00657626 0.00470749 0.00054887 3.93397e-05 8.31772e-06 0.0616459 0.00395693 16.0934 1.10755 367.106 314.048 3630.68 1337.18 4013.88 1472.52 4013.88 1472.52 0.485455 0.0342436 
500 0.27 375000000 1657.68 191.611 -133.274 3.59481 18466.6 937.673 3.90252e+08 3.65772e+07 -0.0063131 0.00619744 -0.00854923 0.00641225 0.00456636 0.000541588 3.72774e-05 7.97515e-06 0.0605841 0.00399985 15.8091 1.06431 359.775 293.789 3467.09 1293.62 3842.67 1424.54 3842.67 1424.54 0.483995 0.0330235 
500 0.27 380000000 1657.68 191.611 -133.274 3.59481 18466.6 931.252 3.90252e+08 3.63165e+07 -0.0063131 0.00609128 -0.00854923 0.00632764 0.00456636 0.000539059 3.72774e-05 7.97515e-06 0.0605841 0.00395334 15.8091 1.06431 359.775 290.583 3467.09 1293.62 3842.67 1424.54 3842.67 1424.54 0.483995 0.0333254 
500 0.27 385000000 1657.68 191.611 -133.274 3.63141 18466.6 981.189 3.90252e+08 4.07374e+07 -0.0063131 0.00607643 -0.00854923 0.0062935 0.00456636 0.000526374 3.72774e-05 7.97515e-06 0.0605841 0.00389466 15.8091 1.06431 359.775 301.867 3467.09 1583.52 3842.67 1742.77 3842.67 1742.77 0.483995 0.0335483 
500 0.27 390000000 1657.68 191.611 -133.274 3.62288 18466.6 975.205 3.90252e+08 4.044e+07 -0.0063131 0.00599351 -0.00854923 0.00624041 0.00456636 0.000521655 3.72774e-05 7.97515e-06 0.0605841 0.00382988 15.8091 1.06431 359.775 296.833 3467.09 1583.52 3842.67 1742.77 3842.67 1742.77 0.483995 0.0335483 
500 0.27 395000000 1595.77 191.611 -135.201 3.59481 19021.3 949.412 4.15894e+08 3.93813e+07 -0.00631915 0.00590602 -0.00813524 0.00616288 0.00447784 0.000511269 3.57349e-05 7.63993e-06 0.0601597 0.00378298 15.9223 0.999362 444.172 291.971 4856.16 1710.87 5316.26 1842.84 5316.26 1842.84 0.496374 0.0334413 
500 0.27 400000000 1595.77 191.611 -135.201 3.59481 19021.3 951.192 4.15894e+08 3.91597e+07 -0.00631915 0.00582573 -0.00813524 0.00614544 0.00447784 0.000506928 3.57349e-05 7.63993e-06 0.0601597 0.00372704 15.9223 0.999362 444.172 287.264 4856.16 1710.87 5316.26 1842.84 5316.26 1842.84 0.496374 0.0331321 
500 0.27 405000000 1595.77 191.611 -135.201 3.59481 19021.3 943.157 4.15894e+08 3.87774e+07 -0.00631915 0.00573662 -0.00813524 0.00638848 0.00447784 0.000519864 3.57349e-05 7.72532e-06 0.0601597 0.0037894 15.9223 0.999362 444.172 282.698 4856.16 1710.87 5316.26 1842.84 5316.26 1842.84 0.496374 0.0328222 
500 0.27 410000000 1595.77 191.611 -135.201 3.59481 19021.3 940.478 4.15894e+08 3.86844e+07 -0.00631915 0.00564556 -0.00813524 0.00630874 0.00447784 0.000519817 3.57349e-05 7.72532e-06 0.0601597 0.00374344 15.9223 0.999362 444.172 278.283 4856.16 1710.87 5316.26 1842.84 5316.26 1842.84 0.496374 0.032369 
500 0.27 415000000 1573.5 185.229 -136.333 4.25228 19396.9 1155.48 4.36282e+08 4.98224e+07 -0.00486723 0.00561011 -0.00789997 0.00621726 0.00457427 0.000509437 3.73541e-05 7.55471e-06 0.0608589 0.00368796 15.85 0.939512 421.017 273.96 4570.03 1627.69 5006.9 1753.44 5006.9 1753.44 0.486617 0.0318641 
500 0.27 420000000 1573.5 185.229 -136.333 4.25228 19396.9 1155.48 4.36282e+08 4.98224e+07 -0.00486723 0.00552626 -0.00789997 0.00626338 0.00457427 0.000509437 3.73541e-05 7.55471e-06 0.0608589 0.00364191 15.85 0.939512 421.017 269.814 4570.03 1627.69 5006.9 1753.44 5006.9 1753.44 0.486617 0.0316316 
500 0.27 425000000 1573.5 185.229 -136.333 4.25228 19396.9 1155.48 4.36282e+08 4.98224e+07 -0.00486723 0.00544319 -0.00789997 0.00630811 0.00457427 0.000502366 3.73541e-05 7.35733e-06 0.0608589 0.0036225 15.85 0.939512 421.017 265.789 4570.03 1627.69 5006.9 1753.44 5006.9 1753.44 0.486617 0.0313224 
500 0.27 430000000 1573.5 185.229 -136.333 4.25228 19396.9 1155.48 4.36282e+08 4.98224e+07 -0.00486723 0.00549478 -0.00789997 0.0062244 0.00457427 0.000502366 3.73541e-05 7.35733e-06 0.0608589 0.00358878 15.85 0.939512 421.017 261.88 4570.03 1627.69 5006.9 1753.44 5006.9 1753.44 0.486617 0.0313066 
500 0.27 435000000 1542.62 185.229 -136.557 4.25228 19461 1155.48 4.38741e+08 4.98224e+07 -0.0057341 0.00542023 -0.00749618 0.00613296 0.00464454 0.000488298 3.77853e-05 7.14554e-06 0.0613134 0.00360801 16.1898 0.943703 401.133 258.04 4760.82 1543.09 5178.14 1658.63 5178.14 1658.63 0.481563 0.0316463 
500 0.27 440000000 1542.62 185.229 -136.557 4.25228 19461 1155.48 4.38741e+08 4.98224e+07 -0.0057341 0.00536128 -0.00749618 0.00604423 0.00464454 0.000488092 3.77853e-05 7.14554e-06 0.0613134 0.00357172 16.1898 0.943703 401.133 254.338 4760.82 1543.09 5178.14 1658.63 5178.14 1658.63 0.481563 0.0312784 
500 0.27 445000000 1542.62 185.229 -136.557 4.25228 19461 1155.48 4.38741e+08 4.98224e+07 -0.0057341 0.00529643 -0.00749618 0.00612582 0.00464454 0.000481802 3.77853e-05 6.94644e-06 0.0613134 0.00355971 16.1898 0.943703 401.133 250.756 4760.82 1543.09 5178.14 1658.63 5178.14 1658.63 0.481563 0.0308316 
500 0.27 450000000 1542.62 185.229 -136.557 4.25228 19461 1155.48 4.38741e+08 4.98224e+07 -0.0057341 0.00522902 -0.00749618 0.00604108 0.00464454 0.000478254 3.77853e-05 6.94644e-06 0.0613134 0.00354373 16.1898 0.943703 401.133 247.266 4760.82 1543.09 5178.14 1658.63 5178.14 1658.63 0.481563 0.0306163 
500 0.27 455000000 1590.61 165.437 -136.323 3.77981 19396.2 1027.1 4.35908e+08 4.4288e+07 -0.00727556 0.00517564 -0.00684349 0.00603335 0.00464934 0.000472942 3.77209e-05 6.76148e-06 0.0613383 0.00350983 16.3043 0.898193 382.262 243.877 4509.34 1477.71 4907.91 1588.35 4907.91 1588.35 0.477036 0.0302286 
500 0.27 460000000 1590.61 165.437 -136.323 3.77981 19396.2 1027.1 4.35908e+08 4.4288e+07 -0.00727556 0.00510928 -0.00684349 0.00597163 0.00464934 0.000469148 3.77209e-05 6.76148e-06 0.0613383 0.00348615 16.3043 0.898193 382.262 240.562 4509.34 1477.71 4907.91 1588.35 4907.91 1588.35 0.477036 0.029856 
500 0.27 465000000 1590.61 165.437 -136.323 3.77981 19396.2 1027.1 4.35908e+08 4.4288e+07 -0.00727556 0.00511004 -0.00684349 0.00597307 0.00464934 0.00047134 3.77209e-05 6.67658e-06 0.0613383 0.00349201 16.3043 0.898193 382.262 237.356 4509.34 1477.71 4907.91 1588.35 4907.91 1588.35 0.477036 0.0302453 
500 0.27 470000000 1590.61 165.437 -136.323 3.77981 19396.2 1027.1 4.35908e+08 4.4288e+07 -0.00727556 0.00507929 -0.00684349 0.00589503 0.00464934 0.000466976 3.77209e-05 6.61524e-06 0.0613383 0.00345875 16.3043 0.898193 382.262 234.233 4509.34 1477.71 4907.91 1588.35 4907.91 1588.35 0.477036 0.0298468 
500 0.27 475000000 1639 165.437 -136.944 3.77981 19547.9 1027.1 4.40804e+08 4.4288e+07 -0.00700368 0.00502034 -0.00660257 0.00584728 0.00460663 0.000462503 3.74781e-05 6.53433e-06 0.060956 0.00342397 16.2295 0.854034 364.928 231.198 4510.71 1399.94 4891.87 1504.83 4891.87 1504.83 0.490022 0.0297126 
500 0.27 480000000 1639 165.437 -136.944 3.77981 19547.9 1027.1 4.40804e+08 4.4288e+07 -0.00700368 0.00501168 -0.00660257 0.00577772 0.00460663 0.000456501 3.74781e-05 6.5085e-06 0.060956 0.00338033 16.2295 0.975068 364.928 318.71 4510.71 1399.94 4891.87 1504.83 4891.87 1504.83 0.490022 0.0294371 
500 0.27 485000000 1639 165.437 -136.944 3.77981 19547.9 1027.1 4.40804e+08 4.4288e+07 -0.00700368 0.00502985 -0.00660257 0.00572141 0.00460663 0.000451746 3.74781e-05 6.37282e-06 0.060956 0.00334993 16.2295 0.968213 364.928 314.702 4510.71 1399.94 4891.87 1504.83 4891.87 1504.83 0.490022 0.0292464 
500 0.27 490000000 1639 165.437 -136.944 3.77981 19547.9 1027.1 4.40804e+08 4.4288e+07 -0.00700368 0.00505249 -0.00660257 0.00580173 0.00460663 0.000470666 3.74781e-05 6.96603e-06 0.060956 0.00341461 16.2295 0.968213 364.928 310.794 4510.71 1399.94 4891.87 1504.83 4891.87 1504.83 0.490022 0.0289813 
500 0.27 495000000 1608.92 149.903 -137.617 3.61673 19731.9 977.707 4.48614e+08 4.1642e+07 -0.00792384 0.00499282 -0.00739822 0.00573236 0.00474058 0.000467128 3.99298e-05 6.89632e-06 0.0618041 0.0033927 16.6619 0.947233 569.153 306.963 4652.39 1337.09 5238.21 1468.9 5238.21 1468.9 0.478755 0.028764 
500 0.27 500000000 1608.92 149.903 -137.617 3.61673 19731.9 977.707 4.48614e+08 4.1642e+07 -0.00792384 0.00493909 -0.00739822 0.0056868 0.00474058 0.000461595 3.99298e-05 6.81946e-06 0.0618041 0.00335093 16.6619 0.947233 569.153 303.243 4652.39 1337.09 5238.21 1468.9 5238.21 1468.9 0.478755 0.028659 
500 0.27 505000000 1608.92 149.903 -137.617 3.61673 19731.9 977.707 4.48614e+08 4.1642e+07 -0.00792384 0.00492223 -0.00739822 0.00564636 0.00474058 0.000455989 3.99298e-05 6.73829e-06 0.0618041 0.00331214 16.6619 0.939317 569.153 299.606 4652.39 1337.09 5238.21 1468.9 5238.21 1468.9 0.478755 0.028989 
500 0.27 510000000 1608.92 149.903 -137.617 3.61673 19731.9 977.707 4.48614e+08 4.1642e+07 -0.00792384 0.00486336 -0.00739822 0.00561029 0.00474058 0.000451936 3.99298e-05 6.67141e-06 0.0618041 0.00328136 16.6619 0.939317 569.153 296.052 4652.39 1337.09 5238.21 1468.9 5238.21 1468.9 0.478755 0.0286596 
500 0.27 515000000 1608.92 149.903 -137.617 3.61673 19731.9 977.707 4.48614e+08 4.1642e+07 -0.00792384 0.00480546 -0.00739822 0.00556664 0.00474058 0.000447221 3.99298e-05 6.60289e-06 0.0618041 0.0032446 16.6619 0.931402 569.153 292.591 4652.39 1329.74 5238.21 1444.23 5238.21 1444.23 0.478755 0.0289598 
500 0.27 520000000 1608.92 149.903 -137.617 3.61673 19731.9 977.707 4.48614e+08 4.1642e+07 -0.00792384 0.00478541 -0.00739822 0.00551909 0.00474058 0.000442028 3.99298e-05 6.53056e-06 0.0618041 0.00320649 16.6619 0.931402 569.153 289.207 4652.39 1329.74 5238.21 1444.23 5238.21 1444.23 0.478755 0.0286512 
500 0.27 525000000 1608.92 149.903 -137.617 3.61673 19731.9 977.707 4.48614e+08 4.1642e+07 -0.00792384 0.00473763 -0.00739822 0.005456 0.00474058 0.000438651 3.99298e-05 6.46859e-06 0.0618041 0.00318342 16.6619 0.931402 569.153 285.905 4652.39 1329.74 5238.21 1444.23 5238.21 1444.23 0.478755 0.0283272 
500 0.27 530000000 1608.92 149.903 -137.617 3.61673 19731.9 977.707 4.48614e+08 4.1642e+07 -0.00792384 0.00474516 -0.00739822 0.00539339 0.00474058 0.000433765 3.99298e-05 6.40058e-06 0.0618041 0.00314686 16.6619 0.931402 569.153 282.678 4652.39 1329.74 5238.21 1444.23 5238.21 1444.23 0.478755 0.028043 
500 0.27 535000000 1623.57 136.989 -137.337 3.29876 19640.9 893.049 4.43999e+08 3.81113e+07 -0.00658957 0.00469513 -0.00917446 0.00533712 0.00457416 0.000430358 3.72212e-05 6.34064e-06 0.0609599 0.00312259 16.4472 0.931402 521.63 279.517 4822.48 1287.74 5360.56 1399.26 5360.56 1399.26 0.483254 0.0280971 
500 0.27 540000000 1623.57 136.989 -137.337 3.29876 19640.9 893.049 4.43999e+08 3.81113e+07 -0.00658957 0.00464766 -0.00917446 0.00529693 0.00457416 0.000427206 3.72212e-05 6.28216e-06 0.0609599 0.00310173 16.4472 0.931402 521.63 276.434 4822.48 1287.74 5360.56 1399.26 5360.56 1399.26 0.483254 0.027864 
500 0.27 545000000 1623.57 136.989 -137.337 3.29876 19640.9 893.049 4.43999e+08 3.81113e+07 -0.00658957 0.00460665 -0.00917446 0.00525052 0.00457416 0.00042325 3.72212e-05 6.22241e-06 0.0609599 0.00307105 16.4472 0.931402 521.63 273.409 4822.48 1287.74 5360.56 1399.26 5360.56 1399.26 0.483254 0.0275915 
500 0.27 550000000 1623.57 136.989 -137.337 3.29876 19640.9 893.049 4.43999e+08 3.81113e+07 -0.00658957 0.00455903 -0.00917446 0.00523233 0.00457416 0.000418603 3.72212e-05 6.15609e-06 0.0609599 0.00303853 16.4472 0.931402 521.63 270.45 4822.48 1287.74 5360.56 1399.26 5360.56 1399.26 0.483254 0.0273061 
500 0.27 555000000 1623.57 136.989 -137.337 3.29876 19640.9 893.049 4.43999e+08 3.81113e+07 -0.00658957 0.00462308 -0.00917446 0.0051757 0.00457416 0.000415603 3.72212e-05 6.09517e-06 0.0609599 0.00302059 16.4472 0.931402 521.63 267.559 4822.48 1246.9 5360.56 1355.48 5360.56 1355.48 0.483254 0.0270261 
500 0.27 560000000 1623.57 136.989 -137.337 3.29876 19640.9 893.049 4.43999e+08 3.81113e+07 -0.00658957 0.00458594 -0.00917446 0.00514853 0.00457416 0.000411462 3.72212e-05 6.0368e-06 0.0609599 0.0029888 16.4472 0.931402 521.63 264.729 4822.48 1246.9 5360.56 1355.48 5360.56 1355.48 0.483254 0.0271206 
500 0.27 565000000 1623.57 136.989 -137.337 3.29876 19640.9 893.049 4.43999e+08 3.81113e+07 -0.00658957 0.00468688 -0.00917446 0.00515433 0.00457416 0.000423232 3.72212e-05 6.34771e-06 0.0609599 0.00303253 16.4472 0.931402 521.63 261.962 4822.48 1246.9 5360.56 1355.48 5360.56 1355.48 0.483254 0.0268701 
500 0.27 570000000 1623.57 136.989 -137.337 3.29876 19640.9 893.049 4.43999e+08 3.81113e+07 -0.00658957 0.00465933 -0.00917446 0.00510078 0.00457416 0.000419392 3.72212e-05 6.28999e-06 0.0609599 0.00300312 16.4472 0.931402 521.63 259.248 4822.48 1246.9 5360.56 1355.48 5360.56 1355.48 0.483254 0.0265982 
500 0.27 575000000 1608.85 126.361 -138.656 3.27691 20038 902.58 4.63671e+08 3.9689e+07 -0.00415708 0.00467415 -0.00780839 0.00508446 0.00461045 0.000415277 3.78119e-05 6.23108e-06 0.0613382 0.00297222 16.3138 0.838723 481.142 256.591 4437.71 1208.83 4935.17 1314.59 4935.17 1314.59 0.482853 0.0263211 
500 0.27 580000000 1608.85 126.361 -138.656 3.27691 20038 902.58 4.63671e+08 3.9689e+07 -0.00415708 0.00467415 -0.00780839 0.00503769 0.00461045 0.00041334 3.78119e-05 6.17896e-06 0.0613382 0.00297496 16.3138 0.838723 481.142 253.987 4437.71 1208.83 4935.17 1314.59 4935.17 1314.59 0.482853 0.0261537 
500 0.27 585000000 1608.85 126.361 -138.656 3.27691 20038 902.58 4.63671e+08 3.9689e+07 -0.00415708 0.00467415 -0.00780839 0.00503906 0.00461045 0.000409513 3.78119e-05 6.11597e-06 0.0613382 0.00295069 16.3138 0.838723 481.142 251.42 4437.71 1208.83 4935.17 1314.59 4935.17 1314.59 0.482853 0.0259206 
500 0.27 590000000 1608.85 126.361 -138.656 3.27691 20038 902.58 4.63671e+08 3.9689e+07 -0.00415708 0.00470468 -0.00780839 0.00507235 0.00461045 0.000474744 3.78119e-05 1.01728e-05 0.0613382 0.00312206 16.3138 0.838723 481.142 248.918 4437.71 1208.83 4935.17 1314.59 4935.17 1314.59 0.482853 0.0257487 
500 0.27 595000000 1608.85 126.361 -138.656 3.27691 20038 902.58 4.63671e+08 3.9689e+07 -0.00415708 0.00467415 -0.00780839 0.00502272 0.00461045 0.000471472 3.78119e-05 1.00808e-05 0.0613382 0.00310448 16.3138 0.838723 481.142 246.467 4437.71 1172 4935.17 1274.87 4935.17 1274.87 0.482853 0.0255023 
500 0.27 600000000 1608.85 126.361 -138.656 3.27691 20038 902.58 4.63671e+08 3.9689e+07 -0.00415708 0.00467415 -0.00780839 0.00497387 0.00461045 0.000467033 3.78119e-05 9.98667e-06 0.0613382 0.00307405 16.3138 0.838723 481.142 244.06 4437.71 1172 4935.17 1274.87 4935.17 1274.87 0.482853 0.0255206 
500 0.27 605000000 1608.85 126.361 -138.656 3.27691 20038 902.58 4.63671e+08 3.9689e+07 -0.00415708 0.00468191 -0.00780839 0.00492976 0.00461045 0.000463704 3.78119e-05 9.89141e-06 0.0613382 0.0030571 16.3138 0.838723 481.142 241.705 4437.71 1172 4935.17 1274.87 4935.17 1274.87 0.482853 0.0254194 
500 0.27 610000000 1608.85 126.361 -138.656 3.27691 20038 902.58 4.63671e+08 3.9689e+07 -0.00415708 0.00469529 -0.00780839 0.00488197 0.00461045 0.000459205 3.78119e-05 9.79733e-06 0.0613382 0.00302853 16.3138 0.838723 481.142 239.39 4437.71 1172 4935.17 1274.87 4935.17 1274.87 0.482853 0.0251939 
500 0.27 615000000 1601.67 116.845 -139.109 3.05598 20134.8 838.333 4.6578e+08 3.6692e+07 -0.00544177 0.00468681 -0.00737318 0.00483503 0.00479972 0.000455089 4.45764e-05 9.70902e-06 0.0621585 0.00300008 15.9806 0.838723 448.806 237.11 4426.33 1137.26 4891.12 1233.54 4891.12 1233.54 0.492704 0.0254042 
500 0.27 620000000 1601.67 116.845 -139.109 3.05598 20134.8 838.333 4.6578e+08 3.6692e+07 -0.00544177 0.00467415 -0.00737318 0.00484686 0.00479972 0.00045149 4.45764e-05 9.61722e-06 0.0621585 0.00298059 15.9806 0.838723 448.806 234.885 4426.33 1137.26 4891.12 1233.54 4891.12 1233.54 0.492704 0.0252096 
500 0.27 625000000 1601.67 116.845 -139.109 3.05598 20134.8 838.333 4.6578e+08 3.6692e+07 -0.00544177 0.00467415 -0.00737318 0.00482412 0.00479972 0.000447233 4.45764e-05 9.5283e-06 0.0621585 0.00295349 15.9806 0.838723 448.806 232.686 4426.33 1137.26 4891.12 1233.54 4891.12 1233.54 0.492704 0.0252715 
500 0.27 630000000 1601.67 116.845 -139.109 3.05598 20134.8 838.333 4.6578e+08 3.6692e+07 -0.00544177 0.00467415 -0.00737318 0.00486473 0.00479972 0.000447682 4.45764e-05 9.47888e-06 0.0621585 0.00295678 15.9806 0.838723 448.806 230.521 4426.33 1137.26 4891.12 1233.54 4891.12 1233.54 0.492704 0.0254356 
500 0.27 635000000 1601.67 116.845 -139.109 3.05598 20134.8 838.333 4.6578e+08 3.6692e+07 -0.00544177 0.00467415 -0.00737318 0.0048197 0.00479972 0.000445651 4.45764e-05 9.4004e-06 0.0621585 0.00296433 15.9806 0.838723 448.806 228.417 4426.33 1109.68 4891.12 1199.49 4891.12 1199.49 0.492704 0.0252001 
500 0.27 640000000 1601.67 116.845 -139.109 3.05598 20134.8 838.333 4.6578e+08 3.6692e+07 -0.00544177 0.00467415 -0.00737318 0.00478329 0.00479972 0.00044293 4.45764e-05 9.32277e-06 0.0621585 0.00295006 15.9806 0.838723 448.806 226.349 4426.33 1109.68 4891.12 1199.49 4891.12 1199.49 0.492704 0.025333 
500 0.27 645000000 1601.67 116.845 -139.109 3.05598 20134.8 838.333 4.6578e+08 3.6692e+07 -0.00544177 0.00467415 -0.00737318 0.00475588 0.00479972 0.000440074 4.45764e-05 9.24619e-06 0.0621585 0.0029331 15.9806 0.838723 448.806 224.318 4426.33 1109.68 4891.12 1199.49 4891.12 1199.49 0.492704 0.025334 
500 0.27 650000000 1601.67 116.845 -139.109 3.05598 20134.8 838.333 4.6578e+08 3.6692e+07 -0.00544177 0.00467415 -0.00737318 0.00475298 0.00479972 0.000436245 4.45764e-05 9.16319e-06 0.0621585 0.00290999 15.9806 0.838723 448.806 222.325 4426.33 1109.68 4891.12 1199.49 4891.12 1199.49 0.492704 0.0251983 
500 0.27 655000000 1642.5 115.411 -138.7 2.86495 20015.8 786.862 4.60314e+08 3.44758e+07 -0.00448664 0.00449368 -0.010252 0.00477784 0.00494357 0.000457987 4.79312e-05 9.96435e-06 0.0628271 0.00298257 15.9626 0.788999 425.214 220.34 4556.91 1071.27 4998.09 1158.3 4998.09 1158.3 0.505555 0.028194 
500 0.27 660000000 1642.5 115.411 -138.7 2.86495 20015.8 786.862 4.60314e+08 3.44758e+07 -0.00448664 0.00445432 -0.010252 0.00473611 0.00494357 0.000455908 4.79312e-05 9.96435e-06 0.0628271 0.00299047 15.9626 0.788999 425.214 218.413 4556.91 1071.27 4998.09 1158.3 4998.09 1158.3 0.505555 0.028194 
500 0.27 665000000 1642.5 115.411 -138.7 2.86495 20015.8 786.862 4.60314e+08 3.44758e+07 -0.00448664 0.00442907 -0.010252 0.00471336 0.00494357 0.000452317 4.79312e-05 9.96435e-06 0.0628271 0.00296563 15.9626 0.788999 425.214 216.521 4556.91 1071.27 4998.09 1158.3 4998.09 1158.3 0.505555 0.028194 
500 0.27 670000000 1642.5 115.411 -138.7 2.86495 20015.8 786.862 4.60314e+08 3.44758e+07 -0.00448664 0.00439292 -0.010252 0.00468665 0.00494357 0.000449346 4.79312e-05 9.96435e-06 0.0628271 0.00294701 15.9626 0.788999 425.214 214.663 4556.91 1071.27 4998.09 1158.3 4998.09 1158.3 0.505555 0.028194 
500 0.27 675000000 1642.5 115.411 -138.7 2.86495 20015.8 786.862 4.60314e+08 3.44758e+07 -0.00448664 0.00435625 -0.010252 0.00464931 0.00494357 0.00044713 4.79312e-05 9.96435e-06 0.0628271 0.00294464 15.9626 0.810692 425.214 212.838 4556.91 1040.56 4998.09 1125.45 4998.09 1125.45 0.505555 0.028194 
500 0.27 680000000 1642.5 115.411 -138.7 2.86495 20015.8 786.862 4.60314e+08 3.44758e+07 -0.00448664 0.00431925 -0.010252 0.00460961 0.00494357 0.00044509 4.79312e-05 9.96435e-06 0.0628271 0.0029502 15.9626 0.810692 425.214 211.039 4556.91 1040.56 4998.09 1125.45 4998.09 1125.45 0.505555 0.028194 
500 0.27 685000000 1642.5 115.411 -138.7 2.86495 20015.8 786.862 4.60314e+08 3.44758e+07 -0.00448664 0.00428269 -0.010252 0.0045934 0.00494357 0.000441358 4.79312e-05 9.96435e-06 0.0628271 0.00292528 15.9626 0.810692 425.214 209.275 4556.91 1040.56 4998.09 1125.45 4998.09 1125.45 0.505555 0.028194 
500 0.27 690000000 1642.5 115.411 -138.7 2.86495 20015.8 786.862 4.60314e+08 3.44758e+07 -0.00448664 0.00424671 -0.010252 0.00455961 0.00494357 0.00043928 4.79312e-05 9.96435e-06 0.0628271 0.00292563 15.9626 0.810692 425.214 207.54 4556.91 1040.56 4998.09 1125.45 4998.09 1125.45 0.505555 0.028194 
500 0.27 695000000 1651.93 108.102 -138.926 2.68289 20059.7 735.632 4.60733e+08 3.21799e+07 -0.00382552 0.00426447 -0.0090321 0.00454064 0.00475259 0.000436217 4.54214e-05 9.96435e-06 0.0611319 0.002909 16.2917 0.788999 399.783 205.834 4297.75 1015.71 4713.83 1098.68 4713.83 1098.68 0.500257 0.028194 
500 0.27 700000000 1651.93 108.102 -138.926 2.68289 20059.7 735.632 4.60733e+08 3.21799e+07 -0.00382552 0.00425704 -0.0090321 0.00471121 0.00475259 0.000474365 4.54214e-05 1.11059e-05 0.0611319 0.00301729 16.2917 0.788999 399.783 204.15 4297.75 1015.71 4713.83 1098.68 4713.83 1098.68 0.500257 0.028194 
500 0.27 705000000 1651.93 108.102 -138.926 2.68289 20059.7 735.632 4.60733e+08 3.21799e+07 -0.00382552 0.00425274 -0.0090321 0.00468387 0.00475259 0.000470663 4.54214e-05 1.10151e-05 0.0611319 0.00299659 16.2917 0.788999 399.783 202.497 4297.75 1015.71 4713.83 1098.68 4713.83 1098.68 0.500257 0.028194 
500 0.27 710000000 1651.93 108.102 -138.926 2.68289 20059.7 735.632 4.60733e+08 3.21799e+07 -0.00382552 0.00421822 -0.0090321 0.00467725 0.00475259 0.000466869 4.54214e-05 1.09267e-05 0.0611319 0.00297408 16.2917 0.788999 399.783 200.864 4297.75 1015.71 4713.83 1098.68 4713.83 1098.68 0.500257 0.028194 
500 0.27 715000000 1651.93 108.102 -138.926 2.68289 20059.7 735.632 4.60733e+08 3.21799e+07 -0.00382552 0.00430464 -0.0090321 0.00469064 0.00475259 0.000500503 4.54214e-05 1.28427e-05 0.0611319 0.00304132 16.2917 0.788999 399.783 199.263 4297.75 989.997 4713.83 1068.68 4713.83 1068.68 0.500257 0.028194 
500 0.27 720000000 1651.93 108.102 -138.926 2.68289 20059.7 735.632 4.60733e+08 3.21799e+07 -0.00382552 0.00427191 -0.0090321 0.00465513 0.00475259 0.000500503 4.54214e-05 1.28427e-05 0.0611319 0.00303667 16.2917 0.788999 399.783 197.689 4297.75 989.997 4713.83 1068.68 4713.83 1068.68 0.500257 0.028194 
500 0.27 725000000 1651.93 108.102 -138.926 2.68289 20059.7 735.632 4.60733e+08 3.21799e+07 -0.00382552 0.00424586 -0.0090321 0.00462956 0.00475259 0.000500503 4.54214e-05 1.28427e-05 0.0611319 0.00301259 16.2917 0.788999 399.783 196.142 4297.75 989.997 4713.83 1068.68 4713.83 1068.68 0.500257 0.028194 
500 0.27 730000000 1651.93 108.102 -138.926 2.68289 20059.7 735.632 4.60733e+08 3.21799e+07 -0.00382552 0.00422681 -0.0090321 0.00459423 0.00475259 0.000500503 4.54214e-05 1.28427e-05 0.0611319 0.00299143 16.2917 0.788999 399.783 194.616 4297.75 989.997 4713.83 1068.68 4713.83 1068.68 0.500257 0.028194 
500 0.27 735000000 1630.66 103.418 -139.076 2.51936 20068.3 689.705 4.58636e+08 3.02369e+07 -0.00258003 0.00420478 -0.00909689 0.00457557 0.00503226 0.000492296 5.41221e-05 1.25306e-05 0.0624838 0.00296864 16.3718 0.789381 377.927 193.116 4286.3 967.737 4680.6 1044.76 4680.6 1044.76 0.497703 0.0257398 
500 0.27 740000000 1630.66 103.418 -139.076 2.51936 20068.3 689.705 4.58636e+08 3.02369e+07 -0.00258003 0.0041766 -0.00909689 0.00454099 0.00503226 0.000492296 5.41221e-05 1.25306e-05 0.0624838 0.00295794 16.3718 0.789381 377.927 191.634 4286.3 967.737 4680.6 1044.76 4680.6 1044.76 0.497703 0.0257398 
500 0.27 745000000 1630.66 103.418 -139.076 2.51936 20068.3 691.556 4.58636e+08 3.02369e+07 -0.00258003 0.00415628 -0.00909689 0.00451674 0.00503226 0.000492296 5.41221e-05 1.25306e-05 0.0624838 0.00293533 16.3718 0.789381 377.927 190.179 4286.3 967.737 4680.6 1044.76 4680.6 1044.76 0.497703 0.0257398 
500 0.27 750000000 1630.66 103.418 -139.076 2.51936 20068.3 691.556 4.58636e+08 3.02369e+07 -0.00258003 0.00412734 -0.00909689 0.00448365 0.00503226 0.000492296 5.41221e-05 1.25306e-05 0.0624838 0.00292367 16.3718 0.789381 377.927 188.746 4286.3 967.737 4680.6 1044.76 4680.6 1044.76 0.497703 0.0257398 
500 0.27 755000000 1630.66 103.418 -139.076 2.51936 20068.3 689.705 4.58636e+08 3.02369e+07 -0.00258003 0.00409613 -0.00909689 0.0044544 0.00503226 0.000488416 5.41221e-05 1.22387e-05 0.0624838 0.00292498 16.3718 0.789381 377.927 187.33 4286.3 946.335 4680.6 1021.69 4680.6 1021.69 0.497703 0.0257398 
500 0.27 760000000 1630.66 103.418 -139.076 2.51936 20068.3 689.705 4.58636e+08 3.02369e+07 -0.00258003 0.00408654 -0.00909689 0.00446299 0.00503226 0.000488416 5.41221e-05 1.22387e-05 0.0624838 0.00292498 16.3718 0.789381 377.927 185.94 4286.3 946.335 4680.6 1021.69 4680.6 1021.69 0.497703 0.0257398 
500 0.27 765000000 1630.66 103.418 -139.076 2.51936 20068.3 689.705 4.58636e+08 3.02369e+07 -0.00258003 0.00415908 -0.00909689 0.00444311 0.00503226 0.000488416 5.41221e-05 1.22387e-05 0.0624838 0.00293473 16.3718 0.789381 377.927 184.566 4286.3 946.335 4680.6 1021.69 4680.6 1021.69 0.497703 0.0257398 
500 0.27 770000000 1630.66 103.418 -139.076 2.51936 20068.3 689.705 4.58636e+08 3.02369e+07 -0.00258003 0.00415944 -0.00909689 0.00441051 0.00503226 0.000488416 5.41221e-05 1.22387e-05 0.0624838 0.00292498 16.3718 0.789381 377.927 183.214 4286.3 946.335 4680.6 1021.69 4680.6 1021.69 0.497703 0.0257398 
500 0.27 775000000 1613.46 98.755 -138.949 2.41882 20020 669.812 4.55962e+08 2.88363e+07 -0.00163384 0.00416807 -0.00935413 0.00438218 0.00506455 0.000492928 5.43532e-05 1.19985e-05 0.0626474 0.00300246 16.4581 0.789381 359.054 181.873 4136.99 918.837 4512.5 992.199 4512.5 992.199 0.496964 0.0257398 
500 0.27 780000000 1613.46 98.755 -138.949 2.41882 20020 669.812 4.55962e+08 2.88363e+07 -0.00163384 0.0041386 -0.00935413 0.00439173 0.00506455 0.000492928 5.43532e-05 1.19985e-05 0.0626474 0.00300246 16.4581 0.789381 359.054 180.562 4136.99 918.837 4512.5 992.199 4512.5 992.199 0.496964 0.0257398 
500 0.27 785000000 1613.46 98.755 -138.949 2.38377 20020 660.159 4.55962e+08 2.85762e+07 -0.00163384 0.00410953 -0.00935413 0.00443697 0.00506455 0.000492928 5.43532e-05 1.19985e-05 0.0626474 0.00300246 16.4581 0.789381 359.054 179.271 4136.99 918.837 4512.5 992.199 4512.5 992.199 0.496964 0.0257398 
500 0.27 790000000 1613.46 98.755 -138.949 2.38377 20020 660.159 4.55962e+08 2.85762e+07 -0.00163384 0.00408868 -0.00935413 0.00441031 0.00506455 0.000492928 5.43532e-05 1.19985e-05 0.0626474 0.00300246 16.4581 0.789381 359.054 177.993 4136.99 918.837 4512.5 992.199 4512.5 992.199 0.496964 0.0257398 
500 0.27 795000000 1613.46 98.755 -138.949 2.37435 20020 650.824 4.55962e+08 2.85762e+07 -0.00163384 0.00406335 -0.00935413 0.00441085 0.00506455 0.000483826 5.43532e-05 1.16598e-05 0.0626474 0.00298141 16.4581 0.789381 359.054 176.734 4136.99 899.439 4512.5 971.279 4512.5 971.279 0.496964 0.0257398 
500 0.27 800000000 1613.46 98.755 -138.949 2.37435 20020 650.824 4.55962e+08 2.8735e+07 -0.00163384 0.00403863 -0.00935413 0.00438063 0.00506455 0.000483826 5.43532e-05 1.16598e-05 0.0626474 0.00298141 16.4581 0.789381 359.054 175.494 4136.99 899.439 4512.5 971.279 4512.5 971.279 0.496964 0.0257398 
500 0.27 805000000 1613.46 98.755 -138.949 2.39881 20020 672.258 4.55962e+08 2.9931e+07 -0.00163384 0.00401389 -0.00935413 0.00435949 0.00506455 0.000483826 5.43532e-05 1.16598e-05 0.0626474 0.00298141 16.4581 0.789381 359.054 174.273 4136.99 899.439 4512.5 971.279 4512.5 971.279 0.496964 0.0257398 
500 0.27 810000000 1613.46 98.755 -138.949 2.39881 20020 672.258 4.55962e+08 2.9931e+07 -0.00163384 0.0039859 -0.00935413 0.00433234 0.00506455 0.000483826 5.43532e-05 1.16598e-05 0.0626474 0.00298141 16.4581 0.789381 359.054 173.066 4136.99 899.439 4512.5 971.279 4512.5 971.279 0.496964 0.0257398 
500 0.27 815000000 1600.24 94.1493 -139.77 2.38003 20259.4 665.241 4.67882e+08 2.96282e+07 -0.00161681 0.00395907 -0.00970518 0.00430639 0.00502437 0.000482828 5.31958e-05 1.14286e-05 0.0624176 0.00301916 16.3445 0.702144 341.235 171.878 4133.23 880.997 4490.81 949.429 4490.81 949.429 0.497742 0.0228799 
500 0.27 820000000 1600.24 94.1493 -139.77 2.38003 20259.4 665.241 4.67882e+08 2.96282e+07 -0.00161681 0.0039318 -0.00970518 0.00430416 0.00502437 0.000482828 5.31958e-05 1.14286e-05 0.0624176 0.00301916 16.3445 0.702144 341.235 170.706 4133.23 880.997 4490.81 949.429 4490.81 949.429 0.497742 0.0228799 
500 0.27 825000000 1600.24 94.1493 -139.77 2.38817 20259.4 671.273 4.67882e+08 2.9994e+07 -0.00161681 0.00393034 -0.00970518 0.00433334 0.00502437 0.000482828 5.31958e-05 1.14286e-05 0.0624176 0.00301916 16.3445 0.702144 341.235 169.55 4133.23 880.997 4490.81 949.429 4490.81 949.429 0.497742 0.0228799 
500 0.27 830000000 1600.24 94.1493 -139.77 2.38817 20259.4 671.273 4.67882e+08 2.9994e+07 -0.00161681 0.0039065 -0.00970518 0.00432841 0.00502437 0.000482828 5.31958e-05 1.14286e-05 0.0624176 0.00301916 16.3445 0.702144 341.235 168.398 4133.23 880.997 4490.81 949.429 4490.81 949.429 0.497742 0.0228799 
500 0.27 835000000 1600.24 94.1493 -139.77 2.38003 20259.4 664.185 4.67882e+08 2.97421e+07 -0.00161681 0.00388139 -0.00970518 0.00430904 0.00502437 0.000470068 5.31958e-05 1.11197e-05 0.0624176 0.00294341 16.3445 0.702144 341.235 167.273 4133.23 865.018 4490.81 930.193 4490.81 930.193 0.497742 0.0228799 
500 0.27 840000000 1600.24 94.1493 -139.77 2.38003 20259.4 664.185 4.67882e+08 2.97421e+07 -0.00161681 0.00385885 -0.00970518 0.00428679 0.00502437 0.000470068 5.31958e-05 1.11197e-05 0.0624176 0.00294341 16.3445 0.702144 341.235 166.162 4133.23 865.018 4490.81 930.193 4490.81 930.193 0.497742 0.0228799 
500 0.27 845000000 1600.24 94.1493 -139.77 2.38003 20259.4 657.209 4.67882e+08 2.93697e+07 -0.00161681 0.0038339 -0.00970518 0.00426001 0.00502437 0.000470068 5.31958e-05 1.11197e-05 0.0624176 0.00294341 16.3445 0.782941 341.235 166.336 4133.23 865.018 4490.81 930.193 4490.81 930.193 0.497742 0.0228799 
500 0.27 850000000 1600.24 94.1493 -139.77 2.38003 20259.4 657.209 4.67882e+08 2.93697e+07 -0.00161681 0.00385961 -0.00970518 0.00423375 0.00502437 0.000470068 5.31958e-05 1.11197e-05 0.0624176 0.00294341 16.3445 0.778256 341.235 165.246 4133.23 865.018 4490.81 930.193 4490.81 930.193 0.497742 0.0228799 
500 0.27 855000000 1584.87 90.5762 -140.563 2.38345 20484.5 660.058 4.77765e+08 2.944e+07 -0.00133106 0.00383442 -0.00748589 0.004206 0.00498158 0.000461452 5.23926e-05 1.08565e-05 0.0619967 0.00292828 16.7894 0.773399 349.305 164.166 4358.38 848.897 4724.48 913.814 4724.48 913.814 0.494607 0.0228799 
500 0.27 860000000 1584.87 90.4396 -140.563 2.38345 20484.5 660.058 4.77765e+08 2.944e+07 -0.00133106 0.00382151 -0.00748589 0.00417851 0.00498158 0.000461452 5.23926e-05 1.08565e-05 0.0619967 0.00292828 16.7894 0.768345 349.305 163.105 4358.38 848.897 4724.48 913.814 4724.48 913.814 0.494607 0.0228799 
500 0.27 865000000 1584.87 92.795 -140.563 2.38345 20484.5 660.058 4.77765e+08 2.944e+07 -0.00133106 0.00381226 -0.00748589 0.00416852 0.00498158 0.000461452 5.23926e-05 1.08565e-05 0.0619967 0.00292828 16.7894 0.767628 349.305 162.054 4358.38 848.897 4724.48 918.778 4724.48 918.778 0.494607 0.0228799 
500 0.27 870000000 1584.87 92.3177 -140.563 2.38345 20484.5 660.058 4.77765e+08 2.944e+07 -0.00133106 0.00380362 -0.00748589 0.00417251 0.00498158 0.000461452 5.23926e-05 1.08565e-05 0.0619967 0.00292828 16.7894 0.762766 349.305 161.017 4358.38 848.897 4724.48 918.778 4724.48 918.778 0.494607 0.0228799 
500 0.27 875000000 1584.87 91.7263 -140.563 2.38345 20484.5 660.058 4.77765e+08 2.944e+07 -0.00133106 0.00378007 -0.00748589 0.00414592 0.00498158 0.000449795 5.23926e-05 1.05871e-05 0.0619967 0.00285492 16.7894 0.759 349.305 159.997 4358.38 838.478 4724.48 908.957 4724.48 908.957 0.494607 0.0228799 
500 0.27 880000000 1584.87 91.526 -140.563 2.38345 20484.5 660.058 4.77765e+08 2.944e+07 -0.00133106 0.00375643 -0.00748589 0.00413532 0.00498158 0.000449795 5.23926e-05 1.05871e-05 0.0619967 0.00285492 16.7894 0.754459 349.305 158.989 4358.38 838.478 4724.48 908.957 4724.48 908.957 0.494607 0.0228799 
500 0.27 885000000 1584.87 90.9467 -140.563 2.38345 20484.5 660.058 4.77765e+08 2.944e+07 -0.00133106 0.00374176 -0.00748589 0.00412378 0.00498158 0.000449795 5.23926e-05 1.05871e-05 0.0619967 0.00285492 16.7894 0.752174 349.305 157.99 4358.38 838.092 4724.48 899.539 4724.48 899.539 0.494607 0.0228799 
500 0.27 890000000 1584.87 90.7525 -140.563 2.38345 20484.5 660.058 4.77765e+08 2.944e+07 -0.00133106 0.00371875 -0.00748589 0.00409789 0.00498158 0.000449795 5.23926e-05 1.05871e-05 0.0619967 0.00285492 16.7894 0.750565 349.305 157.008 4358.38 838.092 4724.48 899.539 4724.48 899.539 0.494607 0.0228799 
500 0.27 895000000 1596.01 90.5279 -140.399 2.40989 20471.4 674.389 4.79641e+08 3.03377e+07 -0.00121891 0.00369553 -0.00705051 0.00407544 0.00489378 0.000444772 5.08023e-05 1.18604e-05 0.0613507 0.00283519 16.9229 0.836907 334.808 156.038 4386.56 824.158 4738.29 889.918 4738.29 889.918 0.492605 0.0216652 
500 0.27 900000000 1596.01 90.6849 -140.399 2.40989 20471.4 674.389 4.79641e+08 3.03377e+07 -0.00121891 0.0036821 -0.00705051 0.00405142 0.00489378 0.000444772 5.08023e-05 1.18604e-05 0.0613507 0.00283519 16.9229 0.836907 334.808 155.08 4386.56 824.158 4738.29 889.918 4738.29 889.918 0.492605 0.0216652 
500 0.27 905000000 1596.01 90.4259 -140.399 2.40989 20471.4 674.771 4.79641e+08 3.03377e+07 -0.00121891 0.00367412 -0.00705051 0.00403968 0.00489378 0.000444772 5.08023e-05 1.18604e-05 0.0613507 0.00283519 16.9229 0.836907 334.808 154.126 4386.56 824.158 4738.29 884.482 4738.29 884.482 0.492605 0.0216373 
500 0.27 910000000 1596.01 89.9215 -140.399 2.40989 20471.4 674.771 4.79641e+08 3.03377e+07 -0.00121891 0.00365391 -0.00705051 0.0040247 0.00489378 0.000444772 5.08023e-05 1.18604e-05 0.0613507 0.00283519 16.9229 0.836907 334.808 153.19 4386.56 824.158 4738.29 884.482 4738.29 884.482 0.492605 0.0216373 
500 0.27 915000000 1596.01 89.3903 -140.399 2.38058 20471.4 670.988 4.79641e+08 3.00862e+07 -0.00121891 0.0036667 -0.00705051 0.00401698 0.00489378 0.000433931 5.08023e-05 1.18604e-05 0.0613507 0.00277019 16.9229 0.836907 334.808 152.266 4386.56 812.808 4738.29 878.653 4738.29 878.653 0.492605 0.0214646 
500 0.27 920000000 1596.01 88.8784 -140.399 2.38058 20471.4 670.988 4.79641e+08 3.00862e+07 -0.00121891 0.00364451 -0.00705051 0.004005 0.00489378 0.000433931 5.08023e-05 1.18604e-05 0.0613507 0.00277019 16.9229 0.836907 334.808 151.349 4386.56 812.808 4738.29 878.653 4738.29 878.653 0.492605 0.0214166 
500 0.27 925000000 1596.01 88.6018 -140.399 2.40487 20471.4 681.195 4.79641e+08 3.07945e+07 -0.00121891 0.0036355 -0.00705051 0.00399667 0.00489378 0.000433931 5.08023e-05 1.18604e-05 0.0613507 0.00277019 16.9229 0.836907 334.808 150.446 4386.56 812.299 4738.29 869.805 4738.29 869.805 0.492605 0.0213152 
500 0.27 930000000 1596.01 88.3488 -140.399 2.40487 20471.4 681.195 4.79641e+08 3.07945e+07 -0.00121891 0.00361452 -0.00705051 0.00399667 0.00489378 0.000433931 5.08023e-05 1.18604e-05 0.0613507 0.00277019 16.9229 0.836907 334.808 149.554 4386.56 812.299 4738.29 869.805 4738.29 869.805 0.492605 0.0213616 
500 0.27 935000000 1596.01 87.8843 -140.399 2.43562 20471.4 686.26 4.79641e+08 3.07894e+07 -0.00121891 0.00361336 -0.00705051 0.00397688 0.00489378 0.000423603 5.08023e-05 1.18604e-05 0.0613507 0.00270983 16.9229 0.836907 334.808 148.673 4386.56 795.78 4738.29 859.954 4738.29 859.954 0.492605 0.0212846 
500 0.27 940000000 1596.01 87.4645 -140.399 2.43562 20471.4 686.26 4.79641e+08 3.07894e+07 -0.00121891 0.00361283 -0.00705051 0.00395797 0.00489378 0.000423603 5.08023e-05 1.18604e-05 0.0613507 0.00270983 16.9229 0.836907 334.808 147.8 4386.56 795.78 4738.29 859.954 4738.29 859.954 0.492605 0.0212787 
500 0.27 945000000 1596.01 87.0142 -140.399 2.44891 20471.4 687.338 4.79641e+08 3.06881e+07 -0.00121891 0.00359561 -0.00705051 0.0039374 0.00489378 0.000423603 5.08023e-05 1.18604e-05 0.0613507 0.00270983 16.9229 0.836907 334.808 146.936 4386.56 793.238 4738.29 855.846 4738.29 855.846 0.492605 0.0213504 
500 0.27 950000000 1596.01 86.527 -140.399 2.44891 20471.4 687.338 4.79641e+08 3.06881e+07 -0.00121891 0.00357789 -0.00705051 0.0039196 0.00489378 0.000423603 5.08023e-05 1.18604e-05 0.0613507 0.00270983 16.9229 0.836907 334.808 146.081 4386.56 793.238 4738.29 855.846 4738.29 855.846 0.492605 0.0213042 
500 0.27 955000000 1596.01 86.0559 -140.399 2.42176 20471.4 680.05 4.79641e+08 3.03911e+07 -0.00121891 0.00355788 -0.00705051 0.00391001 0.00489378 0.00041539 5.08023e-05 1.18604e-05 0.0613507 0.00265057 16.9229 0.836907 334.808 145.237 4386.56 785.679 4738.29 847.589 4738.29 847.589 0.492605 0.0212319 
500 0.27 960000000 1596.01 85.7409 -140.399 2.42176 20471.4 680.05 4.79641e+08 3.03911e+07 -0.00121891 0.00355134 -0.00705051 0.00389671 0.00489378 0.00041539 5.08023e-05 1.18604e-05 0.0613507 0.00265057 16.9229 0.836907 334.808 144.406 4386.56 785.679 4738.29 847.589 4738.29 847.589 0.492605 0.0211608 
500 0.27 965000000 1596.01 87.6229 -140.399 2.40019 20471.4 674.146 4.79641e+08 3.01303e+07 -0.00121891 0.0035311 -0.00705051 0.00388446 0.00489378 0.00041539 5.08023e-05 1.18604e-05 0.0613507 0.00265057 16.9229 0.836907 334.808 143.577 4386.56 783.599 4738.29 844.057 4738.29 844.057 0.492605 0.021188 
500 0.27 970000000 1596.01 87.5588 -140.399 2.40019 20471.4 674.146 4.79641e+08 3.01303e+07 -0.00121891 0.00354002 -0.00705051 0.00388269 0.00489378 0.00041539 5.08023e-05 1.18604e-05 0.0613507 0.00265057 16.9229 0.836907 334.808 142.766 4386.56 783.599 4738.29 844.057 4738.29 844.057 0.492605 0.0211608 
500 0.27 975000000 1585.67 87.359 -139.925 2.37302 20381.8 666.627 4.79268e+08 2.98104e+07 -0.00106515 0.00354994 -0.00666684 0.00386071 0.00488684 0.000407005 4.88931e-05 1.18604e-05 0.0618542 0.00260916 17.125 0.784846 311.841 141.964 4590.51 776.393 4919.48 836.253 4919.48 836.253 0.493754 0.0209817 
500 0.27 980000000 1585.67 87.1835 -139.925 2.37302 20381.8 666.627 4.79268e+08 2.98104e+07 -0.00106515 0.00354641 -0.00666684 0.00384153 0.00488684 0.000407005 4.88931e-05 1.18604e-05 0.0618542 0.00260916 17.125 0.784846 311.841 141.17 4590.51 776.393 4919.48 836.253 4919.48 836.253 0.493754 0.0209917 
500 0.27 985000000 1585.67 86.8714 -139.925 2.34797 20381.8 659.824 4.79268e+08 2.95234e+07 -0.00106515 0.00354053 -0.00666684 0.00382337 0.00488684 0.000407005 4.88931e-05 1.18604e-05 0.0618542 0.00260916 17.125 0.784846 311.841 140.384 4590.51 769.3 4919.48 828.559 4919.48 828.559 0.493754 0.020877 
500 0.27 990000000 1585.67 87.0029 -139.925 2.34797 20381.8 659.824 4.79268e+08 2.95234e+07 -0.00106515 0.00355912 -0.00666684 0.00382112 0.00488684 0.000407005 4.88931e-05 1.18604e-05 0.0618542 0.00260916 17.125 0.784846 311.841 150.451 4590.51 769.3 4919.48 828.559 4919.48 828.559 0.493754 0.0207973 
500 0.27 995000000 1585.67 86.8775 -139.925 2.32493 20381.8 653.078 4.79268e+08 2.92029e+07 -0.00106515 0.00358079 -0.00666684 0.0038155 0.00488684 0.00040451 4.88931e-05 1.18604e-05 0.0618542 0.00260994 17.125 0.784846 311.841 149.627 4590.51 787.773 4919.48 859.263 4919.48 859.263 0.493754 0.0208711 
500 0.27 1000000000 1585.67 86.4716 -139.925 2.32493 20381.8 653.078 4.79268e+08 2.92029e+07 -0.00106515 0.00358684 -0.00666684 0.0038067 0.00488684 0.00040451 4.88931e-05 1.18604e-05 0.0618542 0.00260994 17.125 0.784846 311.841 148.812 4590.51 787.773 4919.48 859.263 4919.48 859.263 0.493754 0.020788 
500 0.27 1005000000 1585.67 86.333 -139.925 2.30279 20381.8 647.247 4.79268e+08 2.8965e+07 -0.00106515 0.00357096 -0.00666684 0.00377496 0.00488684 0.00040451 4.88931e-05 1.18604e-05 0.0618542 0.00260994 17.125 0.784846 311.841 148.004 4590.51 780.695 4919.48 851.485 4919.48 851.485 0.493754 0.020752 
500 0.27 1010000000 1585.67 85.9435 -139.925 2.30279 20381.8 647.247 4.79268e+08 2.8965e+07 -0.00106515 0.0035516 -0.00666684 0.00376761 0.00488684 0.00040451 4.88931e-05 1.18604e-05 0.0618542 0.00260994 17.125 0.784846 311.841 147.206 4590.51 780.695 4919.48 851.485 4919.48 851.485 0.493754 0.0206565 
500 0.27 1015000000 1585.67 85.5184 -139.925 2.29362 20381.8 644.072 4.79268e+08 2.87798e+07 -0.00106515 0.0035323 -0.00666684 0.00374146 0.00488684 0.000399357 4.88931e-05 1.18604e-05 0.0618542 0.00258285 17.125 0.784846 311.841 146.417 4590.51 773.696 4919.48 843.803 4919.48 843.803 0.493754 0.020545 
500 0.27 1020000000 1585.67 85.0561 -139.925 2.29362 20381.8 644.072 4.79268e+08 2.87798e+07 -0.00106515 0.00351407 -0.00666684 0.00372721 0.00488684 0.000399357 4.88931e-05 1.18604e-05 0.0618542 0.00258285 17.125 0.784846 311.841 145.636 4590.51 773.696 4919.48 843.803 4919.48 843.803 0.493754 0.0204393 
500 0.27 1025000000 1585.67 85.0346 -139.925 2.2924 20381.8 642.768 4.79268e+08 2.86498e+07 -0.00106515 0.00349928 -0.00666684 0.0037206 0.00488684 0.000399357 4.88931e-05 1.18604e-05 0.0618542 0.00258285 17.125 0.784846 311.841 144.861 4590.51 766.821 4919.48 836.251 4919.48 836.251 0.493754 0.0203295 
500 0.27 1030000000 1585.67 84.615 -139.925 2.2924 20381.8 642.768 4.79268e+08 2.86498e+07 -0.00106515 0.00348164 -0.00666684 0.00374934 0.00488684 0.000399357 4.88931e-05 1.18604e-05 0.0618542 0.00258285 17.125 0.784846 311.841 144.097 4590.51 766.821 4919.48 836.251 4919.48 836.251 0.493754 0.0202241 
500 0.27 1035000000 1585.67 84.1671 -139.925 2.26843 20381.8 636.254 4.79268e+08 2.83814e+07 -0.00106515 0.00348755 -0.00666684 0.00376781 0.00488684 0.000393522 4.88931e-05 1.18604e-05 0.0618542 0.00254229 17.125 0.784846 311.841 143.34 4590.51 760.077 4919.48 828.849 4919.48 828.849 0.493754 0.0201166 
500 0.27 1040000000 1585.67 83.7246 -139.925 2.26843 20381.8 636.254 4.79268e+08 2.83814e+07 -0.00106515 0.00350684 -0.00666684 0.00376781 0.00488684 0.000393522 4.88931e-05 1.18604e-05 0.0618542 0.00254229 17.125 0.784846 311.841 142.59 4590.51 760.077 4919.48 828.849 4919.48 828.849 0.493754 0.0200431 
500 0.27 1045000000 1585.67 83.4613 -139.925 2.24594 20381.8 630.221 4.79268e+08 2.81519e+07 -0.00106515 0.0034907 -0.00666684 0.00376486 0.00488684 0.000393522 4.88931e-05 1.18604e-05 0.0618542 0.00254229 17.125 0.784846 311.841 141.849 4590.51 759.47 4919.48 826.509 4919.48 826.509 0.493754 0.0201107 
500 0.27 1050000000 1585.67 83.235 -139.925 2.24594 20381.8 630.221 4.79268e+08 2.81519e+07 -0.00106515 0.00351121 -0.00666684 0.00376486 0.00488684 0.000393522 4.88931e-05 1.18604e-05 0.0618542 0.00254229 17.125 0.784846 311.841 141.113 4590.51 759.47 4919.48 826.509 4919.48 826.509 0.493754 0.0200316 
500 0.27 1055000000 1581.09 82.9154 -139.07 2.22289 20113 623.936 4.65579e+08 2.78731e+07 0.000428438 0.00349838 -0.00588423 0.0037285 0.00500405 0.000388758 5.0444e-05 9.8891e-06 0.062559 0.00250357 17.0532 0.72272 343.363 140.385 4613.27 753.004 4973.68 819.397 4973.68 819.397 0.493014 0.0199711 
500 0.27 1060000000 1581.09 82.498 -139.07 2.22289 20113 623.936 4.65579e+08 2.78731e+07 0.000428438 0.00351117 -0.00588423 0.0037285 0.00500405 0.000388758 5.0444e-05 9.8891e-06 0.062559 0.00250357 17.0532 0.72272 343.363 139.667 4613.27 753.004 4973.68 819.397 4973.68 819.397 0.493014 0.0198859 
500 0.27 1065000000 1581.09 82.425 -139.07 2.24672 20113 634.749 4.65579e+08 2.88487e+07 0.000428438 0.00353209 -0.00588423 0.00369006 0.00500405 0.000388758 5.0444e-05 9.8891e-06 0.062559 0.00250357 17.0532 0.72272 343.363 138.957 4613.27 746.655 4973.68 812.433 4973.68 812.433 0.493014 0.0197962 
500 0.27 1070000000 1581.09 82.0494 -139.07 2.24672 20113 634.749 4.65579e+08 2.88487e+07 0.000428438 0.00351476 -0.00588423 0.00369006 0.00500405 0.000388758 5.0444e-05 9.8891e-06 0.062559 0.00250357 17.0532 0.72272 343.363 138.253 4613.27 746.655 4973.68 812.433 4973.68 812.433 0.493014 0.0196948 
500 0.27 1075000000 1581.09 82.6476 -139.07 2.25101 20113 634.788 4.65579e+08 2.87549e+07 0.000428438 0.0035039 -0.00588423 0.00369597 0.00500405 0.000385376 5.0444e-05 9.8891e-06 0.062559 0.00249612 17.0532 0.72272 343.363 137.556 4613.27 740.276 4973.68 805.458 4973.68 805.458 0.493014 0.0196537 
500 0.27 1080000000 1581.09 82.3372 -139.07 2.25101 20113 634.788 4.65579e+08 2.87549e+07 0.000428438 0.00349325 -0.00588423 0.00369597 0.00500405 0.000385376 5.0444e-05 9.8891e-06 0.062559 0.00249612 17.0532 0.72272 343.363 136.863 4613.27 740.276 4973.68 805.458 4973.68 805.458 0.493014 0.0197134 
500 0.27 1085000000 1581.09 82.1674 -139.07 2.22944 20113 628.649 4.65579e+08 2.84719e+07 0.000428438 0.00347772 -0.00588423 0.00366237 0.00500405 0.000385376 5.0444e-05 9.8891e-06 0.062559 0.00249612 17.0532 0.72272 343.363 136.18 4613.27 775.369 4973.68 835.82 4973.68 835.82 0.493014 0.0197739 
500 0.27 1090000000 1581.09 87.7337 -139.07 2.22944 20113 628.649 4.65579e+08 2.84719e+07 0.000428438 0.00347327 -0.00588423 0.00366237 0.00500405 0.000385376 5.0444e-05 9.8891e-06 0.062559 0.00249612 17.0532 0.72272 343.363 135.499 4613.27 775.369 4973.68 835.82 4973.68 835.82 0.493014 0.0198239 
500 0.27 1095000000 1581.09 87.3153 -139.07 2.20717 20113 622.39 4.65579e+08 2.8191e+07 0.000428438 0.00346961 -0.00588423 0.00362956 0.00500405 0.000378519 5.0444e-05 9.8891e-06 0.062559 0.00244731 17.0532 0.72272 343.363 134.829 4613.27 777.727 4973.68 831.281 4973.68 831.281 0.493014 0.0197248 
500 0.27 1100000000 1581.09 87.4443 -139.07 2.20717 20113 622.39 4.65579e+08 2.8191e+07 0.000428438 0.00345776 -0.00588423 0.00362956 0.00500405 0.000378519 5.0444e-05 9.8891e-06 0.062559 0.00244731 17.0532 0.72272 343.363 134.161 4613.27 777.727 4973.68 831.281 4973.68 831.281 0.493014 0.0197716 
500 0.27 1105000000 1581.09 87.7866 -139.07 2.18569 20113 616.257 4.65579e+08 2.79124e+07 0.000428438 0.00347153 -0.00588423 0.00361331 0.00500405 0.000378519 5.0444e-05 9.8891e-06 0.062559 0.00244731 17.0532 0.72272 343.363 133.502 4613.27 810.5 4973.68 865.502 4973.68 865.502 0.493014 0.0198279 
500 0.27 1110000000 1581.09 87.3774 -139.07 2.18569 20113 616.257 4.65579e+08 2.79124e+07 0.000428438 0.00345444 -0.00588423 0.00360124 0.00500405 0.000378519 5.0444e-05 9.8891e-06 0.062559 0.00244731 17.0532 0.72272 343.363 132.849 4613.27 810.5 4973.68 865.502 4973.68 865.502 0.493014 0.0198279 
500 0.27 1115000000 1581.09 86.9654 -139.07 2.16615 20113 610.499 4.65579e+08 2.76395e+07 0.000428438 0.00345361 -0.00588423 0.0035867 0.00500405 0.000374371 5.0444e-05 9.8891e-06 0.062559 0.00243119 17.0532 0.72272 343.363 132.202 4613.27 803.386 4973.68 857.885 4973.68 857.885 0.493014 0.0197496 
500 0.27 1120000000 1581.09 86.6116 -139.07 2.16615 20113 610.499 4.65579e+08 2.76395e+07 0.000428438 0.00344391 -0.00588423 0.00359024 0.00500405 0.000374371 5.0444e-05 9.8891e-06 0.062559 0.00243119 17.0532 0.72272 343.363 131.563 4613.27 803.386 4973.68 857.885 4973.68 857.885 0.493014 0.0196623 
500 0.27 1125000000 1581.09 86.2246 -139.07 2.14513 20113 604.608 4.65579e+08 2.73786e+07 0.000428438 0.0034414 -0.00588423 0.00357658 0.00500405 0.000374371 5.0444e-05 9.8891e-06 0.062559 0.00243119 17.0532 0.72272 343.363 130.931 4613.27 796.989 4973.68 851.014 4973.68 851.014 0.493014 0.0195993 
500 0.27 1130000000 1581.09 85.9647 -139.07 2.14513 20113 604.608 4.65579e+08 2.73786e+07 0.000428438 0.00344036 -0.00588423 0.00355934 0.00500405 0.000374371 5.0444e-05 9.8891e-06 0.062559 0.00243119 17.0532 0.72272 343.363 130.306 4613.27 796.989 4973.68 851.014 4973.68 851.014 0.493014 0.0195206 
500 0.27 1135000000 1635.32 85.5955 -139.753 2.15976 20323.6 611.215 4.76958e+08 2.79304e+07 -4.12882e-05 0.00342652 -0.0049682 0.00355808 0.00510009 0.000367367 5.04673e-05 9.8891e-06 0.0635793 0.00239519 17.1493 0.673483 322.579 129.685 5147.08 795.468 5486.81 848.279 5486.81 848.279 0.506503 0.0208376 
500 0.27 1140000000 1635.32 85.5741 -139.753 2.15976 20323.6 611.215 4.76958e+08 2.79304e+07 -4.12882e-05 0.00341511 -0.0049682 0.00356813 0.00510009 0.000367367 5.04673e-05 9.8891e-06 0.0635793 0.00239519 17.1493 0.673483 322.579 129.072 5147.08 795.468 5486.81 848.279 5486.81 848.279 0.506503 0.0208376 
500 0.27 1145000000 1635.32 85.1692 -139.753 2.15202 20323.6 609.121 4.76958e+08 2.78121e+07 -4.12882e-05 0.00340445 -0.0049682 0.00355581 0.00510009 0.000367367 5.04673e-05 9.8891e-06 0.0635793 0.00239519 17.1493 0.673483 322.579 128.466 5147.08 789.3 5486.81 841.686 5486.81 841.686 0.506503 0.0208376 
500 0.27 1150000000 1635.32 84.9572 -139.753 2.15202 20323.6 609.121 4.76958e+08 2.78121e+07 -4.12882e-05 0.00339098 -0.0049682 0.00353918 0.00510009 0.000367367 5.04673e-05 9.8891e-06 0.0635793 0.00239519 17.1493 0.673483 322.579 127.863 5147.08 789.3 5486.81 841.686 5486.81 841.686 0.506503 0.0208376 
500 0.27 1155000000 1635.32 84.5598 -139.753 2.13322 20323.6 603.736 4.76958e+08 2.75625e+07 -4.12882e-05 0.00337911 -0.0049682 0.00354137 0.00510009 0.000360759 5.04673e-05 9.8891e-06 0.0635793 0.00235478 17.1493 0.708677 322.579 127.262 5147.08 781.854 5486.81 833.75 5486.81 833.75 0.506503 0.0208376 
500 0.27 1160000000 1635.32 84.2855 -139.753 2.13322 20323.6 603.736 4.76958e+08 2.75625e+07 -4.12882e-05 0.00338194 -0.0049682 0.00353185 0.00510009 0.000360759 5.04673e-05 9.8891e-06 0.0635793 0.00235478 17.1493 0.706856 322.579 126.671 5147.08 781.854 5486.81 833.75 5486.81 833.75 0.506503 0.0208376 
500 0.27 1165000000 1635.32 84.0269 -139.753 2.11393 20323.6 598.144 4.76958e+08 2.7306e+07 -4.12882e-05 0.00342117 -0.0049682 0.00353212 0.00510009 0.000360759 5.04673e-05 9.8891e-06 0.0635793 0.00235478 17.1493 0.703641 322.579 126.084 5147.08 775.911 5486.81 827.376 5486.81 827.376 0.506503 0.0208376 
500 0.27 1170000000 1635.32 83.6712 -139.753 2.11393 20323.6 598.144 4.76958e+08 2.7306e+07 -4.12882e-05 0.00340526 -0.0049682 0.00351724 0.00510009 0.000360759 5.04673e-05 9.8891e-06 0.0635793 0.00235478 17.1493 0.700464 322.579 125.503 5147.08 775.911 5486.81 827.376 5486.81 827.376 0.506503 0.0208376 
500 0.27 1175000000 1635.32 83.3838 -139.753 2.09981 20323.6 594.29 4.76958e+08 2.71386e+07 -4.12882e-05 0.00339432 -0.0049682 0.00350162 0.00510009 0.000358488 5.04673e-05 9.8891e-06 0.0635793 0.00232426 17.1493 0.697256 322.579 124.927 5147.08 768.934 5486.81 819.864 5486.81 819.864 0.506503 0.0208376 
500 0.27 1180000000 1635.32 83.086 -139.753 2.09981 20323.6 594.29 4.76958e+08 2.71386e+07 -4.12882e-05 0.003379 -0.0049682 0.00348635 0.00510009 0.000358488 5.04673e-05 9.8891e-06 0.0635793 0.00232426 17.1493 0.694329 322.579 124.351 5147.08 768.934 5486.81 819.864 5486.81 819.864 0.506503 0.0208376 
500 0.27 1185000000 1635.32 82.8011 -139.753 2.0807 20323.6 588.845 4.76958e+08 2.68906e+07 -4.12882e-05 0.0033742 -0.0049682 0.00347362 0.00510009 0.000358488 5.04673e-05 9.8891e-06 0.0635793 0.00232426 17.1493 0.695234 322.579 123.783 5147.08 771.744 5486.81 821.535 5486.81 821.535 0.506503 0.0208376 
500 0.27 1190000000 1635.32 82.4806 -139.753 2.0807 20323.6 588.845 4.76958e+08 2.68906e+07 -4.12882e-05 0.00336137 -0.0049682 0.00345819 0.00510009 0.000358488 5.04673e-05 9.8891e-06 0.0635793 0.00232426 17.1493 0.692198 322.579 123.221 5147.08 771.744 5486.81 821.535 5486.81 821.535 0.506503 0.0208376 
500 0.27 1195000000 1635.32 82.1063 -139.753 2.06185 20323.6 583.493 4.76958e+08 2.67425e+07 -4.12882e-05 0.00334621 -0.0049682 0.00345967 0.00510009 0.000354898 5.04673e-05 9.8891e-06 0.0635793 0.00230433 17.1493 0.689054 322.579 122.668 5147.08 767.782 5486.81 816.758 5486.81 816.758 0.506503 0.0208376 
500 0.27 1200000000 1635.32 81.8257 -139.753 2.06185 20323.6 583.493 4.76958e+08 2.67425e+07 -4.12882e-05 0.0033369 -0.0049682 0.00344475 0.00510009 0.000354898 5.04673e-05 9.8891e-06 0.0635793 0.00230433 17.1493 0.686177 322.579 122.119 5147.08 767.782 5486.81 816.758 5486.81 816.758 0.506503 0.0208376 
500 0.27 1205000000 1635.32 81.5055 -139.753 2.05325 20323.6 583.576 4.76958e+08 2.70691e+07 -4.12882e-05 0.00334225 -0.0049682 0.00344424 0.00510009 0.000354898 5.04673e-05 9.8891e-06 0.0635793 0.00230433 17.1493 0.683206 322.579 121.573 5147.08 766.589 5486.81 809.915 5486.81 809.915 0.506503 0.0208376 
500 0.27 1210000000 1635.32 81.3367 -139.753 2.05325 20323.6 583.576 4.76958e+08 2.70691e+07 -4.12882e-05 0.0033277 -0.0049682 0.00342882 0.00510009 0.000354898 5.04673e-05 9.8891e-06 0.0635793 0.00230433 17.1493 0.680156 322.579 121.033 5147.08 766.589 5486.81 809.915 5486.81 809.915 0.506503 0.0208376 
500 0.27 1215000000 1621.75 81.1434 -139.908 2.03504 20371.1 578.374 4.80152e+08 2.68277e+07 0.000972813 0.00331992 -0.00616775 0.00343331 0.00514831 0.000349251 5.1589e-05 8.54239e-06 0.0637531 0.00226521 17.3337 0.677143 305.873 120.499 5190.18 756.331 5513.39 804.116 5513.39 804.116 0.513871 0.0226795 
500 0.27 1220000000 1621.75 81.2043 -139.908 2.03504 20371.1 578.374 4.80152e+08 2.68277e+07 0.000972813 0.0033135 -0.00616775 0.00342023 0.00514831 0.000349251 5.1589e-05 8.54239e-06 0.0637531 0.00226521 17.3337 0.674143 305.873 119.97 5190.18 756.331 5513.39 804.116 5513.39 804.116 0.513871 0.0226795 
500 0.27 1225000000 1621.75 81.2212 -139.908 2.04169 20371.1 579.399 4.80152e+08 2.67819e+07 0.000972813 0.00329886 -0.00616775 0.00340826 0.00514831 0.000349251 5.1589e-05 8.54239e-06 0.0637531 0.00226521 17.3337 0.67177 305.873 119.442 5190.18 756.331 5513.39 799.133 5513.39 799.133 0.513871 0.0226795 
500 0.27 1230000000 1621.75 81.2212 -139.908 2.04169 20371.1 579.399 4.80152e+08 2.67819e+07 0.000972813 0.00329402 -0.00616775 0.00339781 0.00514831 0.000349251 5.1589e-05 8.54239e-06 0.0637531 0.00226521 17.3337 0.668826 305.873 118.916 5190.18 756.331 5513.39 799.133 5513.39 799.133 0.513871 0.0226795 
500 0.27 1235000000 1621.75 81.8007 -139.908 2.02456 20371.1 574.828 4.80152e+08 2.6606e+07 0.000972813 0.00329337 -0.00616775 0.00338911 0.00514831 0.000343432 5.1589e-05 8.54239e-06 0.0637531 0.00222549 17.3337 0.666103 305.873 118.401 5190.18 748.21 5513.39 792.567 5513.39 792.567 0.513871 0.0226795 
500 0.27 1240000000 1621.75 81.8007 -139.908 2.02456 20371.1 574.828 4.80152e+08 2.6606e+07 0.000972813 0.00327901 -0.00616775 0.00339827 0.00514831 0.000343432 5.1589e-05 8.54239e-06 0.0637531 0.00222549 17.3337 0.663238 305.873 117.89 5190.18 748.21 5513.39 792.567 5513.39 792.567 0.513871 0.0226795 
500 0.27 1245000000 1621.75 81.1065 -139.908 2.01878 20371.1 573.209 4.80152e+08 2.65982e+07 0.000972813 0.0032937 -0.00616775 0.00339613 0.00514831 0.000343432 5.1589e-05 8.54239e-06 0.0637531 0.00222549 17.3337 0.66099 305.873 117.383 5190.18 748.21 5513.39 787.024 5513.39 787.024 0.513871 0.0226795 
500 0.27 1250000000 1621.75 81.1065 -139.908 2.01878 20371.1 573.209 4.80152e+08 2.65982e+07 0.000972813 0.00331904 -0.00616775 0.00338156 0.00514831 0.000343432 5.1589e-05 8.54239e-06 0.0637531 0.00222549 17.3337 0.658424 305.873 116.879 5190.18 748.21 5513.39 787.024 5513.39 787.024 0.513871 0.0226795 
500 0.27 1255000000 1621.75 80.4082 -139.908 2.01133 20371.1 570.781 4.80152e+08 2.65982e+07 0.000972813 0.00330545 -0.00616775 0.00336732 0.00514831 0.000345402 5.1589e-05 8.54239e-06 0.0637531 0.00222385 17.3337 0.655961 305.873 116.38 5190.18 740.171 5513.39 780.814 5513.39 780.814 0.513871 0.0226795 
500 0.27 1260000000 1621.75 80.4082 -139.908 2.01133 20371.1 570.781 4.80152e+08 2.65982e+07 0.000972813 0.00329134 -0.00616775 0.00335514 0.00514831 0.000345402 5.1589e-05 8.54239e-06 0.0637531 0.00222385 17.3337 0.653271 305.873 115.887 5190.18 740.171 5513.39 780.814 5513.39 780.814 0.513871 0.0226795 
500 0.27 1265000000 1621.75 79.7307 -139.908 2.00351 20371.1 568.294 4.80152e+08 2.65982e+07 0.000972813 0.00327761 -0.00616775 0.00334669 0.00514831 0.000345402 5.1589e-05 8.54239e-06 0.0637531 0.00222385 17.3337 0.650535 305.873 115.397 5190.18 740.171 5513.39 776.513 5513.39 776.513 0.513871 0.0226795 
500 0.27 1270000000 1621.75 79.7307 -139.908 2.00351 20371.1 568.294 4.80152e+08 2.65982e+07 0.000972813 0.00326721 -0.00616775 0.00333942 0.00514831 0.000345402 5.1589e-05 8.54239e-06 0.0637531 0.00222385 17.3337 0.67215 305.873 114.906 5190.18 740.171 5513.39 776.513 5513.39 776.513 0.513871 0.0226795 
500 0.27 1275000000 1621.75 79.057 -139.908 1.98908 20371.1 564.252 4.80152e+08 2.65982e+07 0.000972813 0.003259 -0.00616775 0.00333756 0.00514831 0.000340625 5.1589e-05 8.54239e-06 0.0637531 0.00219167 17.3337 0.669302 305.873 114.425 5190.18 740.171 5513.39 769.894 5513.39 769.894 0.513871 0.0226795 
500 0.27 1280000000 1621.75 79.057 -139.908 1.98908 20371.1 564.252 4.80152e+08 2.65982e+07 0.000972813 0.00325152 -0.00616775 0.00333814 0.00514831 0.000340625 5.1589e-05 8.54239e-06 0.0637531 0.00219167 17.3337 0.66789 305.873 113.947 5190.18 740.171 5513.39 769.894 5513.39 769.894 0.513871 0.0226795 
500 0.27 1285000000 1621.75 78.6458 -139.908 1.9764 20371.1 560.766 4.80152e+08 2.65982e+07 0.000972813 0.00323954 -0.00616775 0.00332477 0.00514831 0.000340625 5.1589e-05 8.54239e-06 0.0637531 0.00219167 17.3337 0.665127 305.873 113.474 5190.18 740.171 5513.39 767.99 5513.39 767.99 0.513871 0.0226795 
500 0.27 1290000000 1621.75 78.6458 -139.908 1.9764 20371.1 560.766 4.80152e+08 2.65982e+07 0.000972813 0.0032268 -0.00616775 0.00332463 0.00514831 0.000340625 5.1589e-05 8.54239e-06 0.0637531 0.00219167 17.3337 0.662577 305.873 113.004 5190.18 740.171 5513.39 767.99 5513.39 767.99 0.513871 0.0226795 
500 0.27 1295000000 1651.67 78.0002 -139.376 1.96019 20230.3 556.213 4.74828e+08 2.65982e+07 0.00167985 0.00321844 -0.00607754 0.00332259 0.00517527 0.000334987 5.13825e-05 8.54239e-06 0.0640233 0.00215533 17.5897 0.662587 290.486 112.536 5109.29 740.171 5417.36 758.556 5417.36 758.556 0.521709 0.0226795 
500 0.27 1300000000 1651.67 78.0002 -139.376 1.96019 20230.3 556.213 4.74828e+08 2.65982e+07 0.00167985 0.00320509 -0.00607754 0.00330993 0.00517527 0.000334987 5.13825e-05 8.54239e-06 0.0640233 0.00215533 17.5897 0.661399 290.486 112.075 5109.29 740.171 5417.36 758.556 5417.36 758.556 0.521709 0.0226795 
500 0.27 1305000000 1651.67 77.9132 -139.376 1.94643 20230.3 552.044 4.74828e+08 2.65982e+07 0.00167985 0.00323187 -0.00607754 0.00331881 0.00517527 0.000334987 5.13825e-05 8.54239e-06 0.0640233 0.00215533 17.5897 0.658754 290.486 111.614 5109.29 740.171 5417.36 755.449 5417.36 755.449 0.521709 0.0226795 
500 0.27 1310000000 1651.67 77.9132 -139.376 1.94643 20230.3 552.044 4.74828e+08 2.65982e+07 0.00167985 0.00321906 -0.00607754 0.0033074 0.00517527 0.000334987 5.13825e-05 8.54239e-06 0.0640233 0.00215533 17.5897 0.656061 290.486 111.159 5109.29 740.171 5417.36 755.449 5417.36 755.449 0.521709 0.0226795 
500 0.27 1315000000 1651.67 77.2889 -139.376 1.93521 20230.3 549.122 4.74828e+08 2.65982e+07 0.00167985 0.00320659 -0.00607754 0.00331617 0.00517527 0.000333611 5.13825e-05 8.54239e-06 0.0640233 0.00213261 17.5897 0.655254 290.486 110.707 5109.29 740.171 5417.36 747.372 5417.36 747.372 0.521709 0.0226795 
500 0.27 1320000000 1651.67 77.2889 -139.376 1.93521 20230.3 549.122 4.74828e+08 2.65982e+07 0.00167985 0.00319361 -0.00607754 0.00330266 0.00517527 0.000333611 5.13825e-05 8.54239e-06 0.0640233 0.0021351 17.5897 0.655254 290.486 110.258 5109.29 740.171 5417.36 747.372 5417.36 747.372 0.521709 0.0226795 
500 0.27 1325000000 1651.67 76.6939 -139.376 1.92105 20230.3 547.285 4.74828e+08 2.65982e+07 0.00167985 0.00318741 -0.00607754 0.00332147 0.00517527 0.000333611 5.13825e-05 8.54239e-06 0.0640233 0.00214355 17.5897 0.655254 290.486 109.814 5109.29 740.171 5417.36 743.778 5417.36 743.778 0.521709 0.0226795 
500 0.27 1330000000 1651.67 76.6939 -139.376 1.92105 20230.3 547.285 4.74828e+08 2.65982e+07 0.00167985 0.00317457 -0.00607754 0.00331366 0.00517527 0.000333611 5.13825e-05 8.54239e-06 0.0640233 0.00213523 17.5897 0.655254 290.486 109.374 5109.29 740.171 5417.36 743.778 5417.36 743.778 0.521709 0.0226795 
500 0.27 1335000000 1651.67 76.1687 -139.376 1.95175 20230.3 557.017 4.74828e+08 2.65982e+07 0.00167985 0.00316641 -0.00607754 0.00330044 0.00517527 0.000328252 5.13825e-05 8.54239e-06 0.0640233 0.00212863 17.5897 0.655254 290.486 108.938 5109.29 740.171 5417.36 736.495 5417.36 736.495 0.521709 0.0226795 
500 0.27 1340000000 1651.67 76.1687 -139.376 1.95175 20230.3 557.017 4.74828e+08 2.65982e+07 0.00167985 0.00317338 -0.00607754 0.00329854 0.00517527 0.000328252 5.13825e-05 8.54239e-06 0.0640233 0.00212754 17.5897 0.655254 290.486 108.506 5109.29 740.171 5417.36 736.495 5417.36 736.495 0.521709 0.0226795 
500 0.27 1345000000 1651.67 75.812 -139.376 1.94513 20230.3 555.061 4.74828e+08 2.65982e+07 0.00167985 0.00319302 -0.00607754 0.00328606 0.00517527 0.000328252 5.13825e-05 8.54239e-06 0.0640233 0.00212776 17.5897 0.655254 290.486 108.076 5109.29 740.171 5417.36 733.374 5417.36 733.374 0.521709 0.0226795 
500 0.27 1350000000 1651.67 75.812 -139.376 1.94513 20230.3 555.061 4.74828e+08 2.65982e+07 0.00167985 0.00319083 -0.00607754 0.00328051 0.00517527 0.000328252 5.13825e-05 8.54239e-06 0.0640233 0.00212055 17.5897 0.655254 290.486 107.65 5109.29 740.171 5417.36 733.374 5417.36 733.374 0.521709 0.0226795 
500 0.27 1355000000 1651.67 75.2147 -139.376 1.92973 20230.3 550.677 4.74828e+08 2.65982e+07 0.00167985 0.00317884 -0.00607754 0.00327022 0.00517527 0.000326178 5.13825e-05 8.54239e-06 0.0640233 0.00211583 17.5897 0.655254 290.486 107.226 5109.29 740.171 5417.36 728.001 5417.36 728.001 0.521709 0.0226795 
500 0.27 1360000000 1651.67 75.2147 -139.376 1.92973 20230.3 550.677 4.74828e+08 2.65982e+07 0.00167985 0.00317539 -0.00607754 0.0032575 0.00517527 0.000326178 5.13825e-05 8.54239e-06 0.0640233 0.0021075 17.5897 0.655254 290.486 106.802 5109.29 740.171 5417.36 728.001 5417.36 728.001 0.521709 0.0226795 
500 0.27 1365000000 1651.67 74.8485 -139.376 1.91568 20230.3 547.285 4.74828e+08 2.65982e+07 0.00167985 0.00316404 -0.00607754 0.00326151 0.00517527 0.000326178 5.13825e-05 8.54239e-06 0.0640233 0.0021003 17.5897 0.655254 290.486 106.385 5109.29 740.171 5417.36 722.491 5417.36 722.491 0.521709 0.0226795 
500 0.27 1370000000 1651.67 74.7103 -139.376 1.91568 20230.3 547.285 4.74828e+08 2.65982e+07 0.00167985 0.00315278 -0.00607754 0.00326894 0.00517527 0.000326178 5.13825e-05 8.54239e-06 0.0640233 0.00209437 17.5897 0.655254 290.486 105.972 5109.29 740.171 5417.36 722.491 5417.36 722.491 0.521709 0.0226795 
500 0.27 1375000000 1645.45 74.7497 -139.8 1.90656 20355.9 543.405 4.8062e+08 2.52492e+07 0.00133356 0.00314319 -0.00531463 0.00326038 0.00528052 0.000321098 5.36077e-05 7.70944e-06 0.0645464 0.0020863 17.5214 0.633393 276.168 105.562 5035.14 676.26 5328.83 717.979 5328.83 717.979 0.529556 0.0246797 
500 0.27 1380000000 1645.45 74.7497 -139.8 1.90656 20355.9 543.405 4.8062e+08 2.52492e+07 0.00133356 0.00314213 -0.00531463 0.00325215 0.00528052 0.000321098 5.36077e-05 7.70944e-06 0.0645464 0.00207942 17.5214 0.632245 276.168 105.156 5035.14 676.26 5328.83 717.979 5328.83 717.979 0.529556 0.0246797 
500 0.27 1385000000 1645.45 74.2889 -139.8 1.89324 20355.9 539.754 4.8062e+08 2.50882e+07 0.00133356 0.0031319 -0.00531463 0.00324309 0.00528052 0.000321098 5.36077e-05 7.70944e-06 0.0645464 0.00207297 17.5214 0.631844 276.168 104.753 5035.14 676.26 5328.83 713.435 5328.83 713.435 0.529556 0.0246797 
500 0.27 1390000000 1645.45 74.2889 -139.8 1.89324 20355.9 539.754 4.8062e+08 2.50882e+07 0.00133356 0.00312632 -0.00531463 0.00323178 0.00528052 0.000321098 5.36077e-05 7.70944e-06 0.0645464 0.00206522 17.5214 0.629538 276.168 104.352 5035.14 676.26 5328.83 713.435 5328.83 713.435 0.529556 0.0246797 
500 0.27 1395000000 1645.45 73.9512 -139.8 1.87873 20355.9 535.607 4.8062e+08 2.49023e+07 0.00133356 0.00311518 -0.00531463 0.00324864 0.00528052 0.000316341 5.36077e-05 7.70944e-06 0.0645464 0.00206456 17.5214 0.62789 276.168 103.955 5035.14 669.913 5328.83 709.052 5328.83 709.052 0.529556 0.0246797 
500 0.27 1400000000 1645.45 73.9512 -139.8 1.87873 20355.9 535.607 4.8062e+08 2.49023e+07 0.00133356 0.00310528 -0.00531463 0.00323652 0.00528052 0.000316341 5.36077e-05 7.70944e-06 0.0645464 0.0020611 17.5214 0.625519 276.168 103.56 5035.14 669.913 5328.83 709.052 5328.83 709.052 0.529556 0.0246797 
500 0.27 1405000000 1645.45 73.436 -139.8 1.8669 20355.9 532.561 4.8062e+08 2.47959e+07 0.00133356 0.00309354 -0.00531463 0.00322712 0.00528052 0.000316341 5.36077e-05 7.70944e-06 0.0645464 0.00205508 17.5214 0.623801 276.168 103.169 5035.14 669.913 5328.83 704.673 5328.83 704.673 0.529556 0.0246797 
500 0.27 1410000000 1645.45 73.436 -139.8 1.8669 20355.9 532.561 4.8062e+08 2.47959e+07 0.00133356 0.00309157 -0.00531463 0.00321622 0.00528052 0.000316341 5.36077e-05 7.70944e-06 0.0645464 0.00204739 17.5214 0.630959 276.168 102.778 5035.14 669.913 5328.83 704.673 5328.83 704.673 0.529556 0.0246797 
500 0.27 1415000000 1645.45 74.1431 -139.8 1.85437 20355.9 528.925 4.8062e+08 2.46226e+07 0.00133356 0.00309282 -0.00531463 0.00320565 0.00528052 0.000312694 5.36077e-05 7.70944e-06 0.0645464 0.00204055 17.5214 0.629084 276.168 102.392 5035.14 683.609 5328.83 722.562 5328.83 722.562 0.529556 0.0246797 
500 0.27 1420000000 1645.45 74.1431 -139.8 1.85437 20355.9 528.925 4.8062e+08 2.46226e+07 0.00133356 0.00308151 -0.00531463 0.00319677 0.00528052 0.000312694 5.36077e-05 7.70944e-06 0.0645464 0.0020358 17.5214 0.62689 276.168 102.01 5035.14 683.609 5328.83 722.562 5328.83 722.562 0.529556 0.0246797 
500 0.27 1425000000 1645.45 73.6011 -139.8 1.8513 20355.9 529.199 4.8062e+08 2.47817e+07 0.00133356 0.00307104 -0.00531463 0.00318558 0.00528052 0.000312694 5.36077e-05 7.70944e-06 0.0645464 0.0020333 17.5214 0.624602 276.168 101.63 5035.14 679.471 5328.83 718.17 5328.83 718.17 0.529556 0.0246797 
500 0.27 1430000000 1645.45 73.6011 -139.8 1.8513 20355.9 529.199 4.8062e+08 2.47817e+07 0.00133356 0.0030596 -0.00531463 0.00317833 0.00528052 0.000312694 5.36077e-05 7.70944e-06 0.0645464 0.00202747 17.5214 0.622266 276.168 101.253 5035.14 679.471 5328.83 718.17 5328.83 718.17 0.529556 0.0246797 
500 0.27 1435000000 1645.45 73.4226 -139.8 1.85676 20355.9 531.394 4.8062e+08 2.49133e+07 0.00133356 0.00305638 -0.00531463 0.00316938 0.00528052 0.000311622 5.36077e-05 7.70944e-06 0.0645464 0.00201996 17.5214 0.620893 276.168 100.878 5035.14 675.422 5328.83 713.869 5328.83 713.869 0.529556 0.0246797 
500 0.27 1440000000 1645.45 73.4226 -139.8 1.85676 20355.9 531.394 4.8062e+08 2.49133e+07 0.00133356 0.00305485 -0.00531463 0.00315793 0.00528052 0.000311622 5.36077e-05 7.70944e-06 0.0645464 0.00201246 17.5214 0.623245 276.168 100.507 5035.14 675.422 5328.83 713.869 5328.83 713.869 0.529556 0.0246797 
500 0.27 1445000000 1645.45 73.2325 -139.8 1.84593 20355.9 528.014 4.8062e+08 2.47421e+07 0.00133356 0.00304499 -0.00531463 0.00314628 0.00528052 0.000311622 5.36077e-05 7.70944e-06 0.0645464 0.0020098 17.5214 0.620953 276.168 100.138 5035.14 671.362 5328.83 709.555 5328.83 709.555 0.529556 0.0246797 
500 0.27 1450000000 1645.45 73.2325 -139.8 1.84593 20355.9 528.014 4.8062e+08 2.47421e+07 0.00133356 0.00303461 -0.00531463 0.0031619 0.00528052 0.000311622 5.36077e-05 7.70944e-06 0.0645464 0.00200942 17.5214 0.618891 276.168 99.7712 5035.14 671.362 5328.83 709.555 5328.83 709.555 0.529556 0.0246797 
500 0.27 1455000000 1646.85 73.2732 -140.211 1.83444 20485.1 524.493 4.87531e+08 2.45626e+07 0.000497704 0.00302606 -0.00407674 0.00315069 0.00520769 0.000307174 5.21763e-05 7.70944e-06 0.0641447 0.00200472 17.5578 0.625063 262.789 99.4066 5014.02 666.613 5294.36 704.487 5294.36 704.487 0.527816 0.0246797 
500 0.27 1460000000 1646.85 73.2732 -140.211 1.83444 20485.1 524.493 4.87531e+08 2.45626e+07 0.000497704 0.00301549 -0.00407674 0.00313918 0.00520769 0.000307174 5.21763e-05 7.70944e-06 0.0641447 0.00200463 17.5578 0.623522 262.789 99.0459 5014.02 666.613 5294.36 704.487 5294.36 704.487 0.527816 0.0246797 
500 0.27 1465000000 1646.85 72.8647 -140.211 1.84454 20485.1 525.622 4.87531e+08 2.45167e+07 0.000497704 0.00300489 -0.00407674 0.00312773 0.00520769 0.000307174 5.21763e-05 7.70944e-06 0.0641447 0.00200521 17.5578 0.621463 262.789 98.6865 5014.02 666.271 5294.36 703.469 5294.36 703.469 0.527816 0.0246797 
500 0.27 1470000000 1646.85 72.8647 -140.211 1.84454 20485.1 525.622 4.87531e+08 2.45167e+07 0.000497704 0.00299457 -0.00407674 0.00313875 0.00520769 0.000307174 5.21763e-05 7.70944e-06 0.0641447 0.00200236 17.5578 0.619303 262.789 98.3305 5014.02 666.271 5294.36 703.469 5294.36 703.469 0.527816 0.0246797 
500 0.27 1475000000 1646.85 72.5256 -140.211 1.83835 20485.1 523.84 4.87531e+08 2.44196e+07 0.000497704 0.00298821 -0.00407674 0.00313563 0.00520769 0.000303007 5.21763e-05 7.70944e-06 0.0641447 0.00199604 17.5578 0.617377 262.789 97.9771 5014.02 663.688 5294.36 699.358 5294.36 699.358 0.527816 0.0246797 
500 0.27 1480000000 1646.85 72.5256 -140.211 1.83835 20485.1 523.84 4.87531e+08 2.44196e+07 0.000497704 0.00297815 -0.00407674 0.00313715 0.00520769 0.000303007 5.21763e-05 7.70944e-06 0.0641447 0.00198937 17.5578 0.615634 262.789 97.6268 5014.02 663.688 5294.36 699.358 5294.36 699.358 0.527816 0.0246797 
500 0.27 1485000000 1646.85 72.7215 -140.211 1.82623 20485.1 520.581 4.87531e+08 2.42811e+07 0.000497704 0.00296861 -0.00407674 0.00313433 0.00520769 0.000303007 5.21763e-05 7.70944e-06 0.0641447 0.00198221 17.5578 0.613774 262.789 97.2775 5014.02 663.688 5294.36 695.235 5294.36 695.235 0.527816 0.0246797 
500 0.27 1490000000 1646.85 72.7215 -140.211 1.82623 20485.1 520.581 4.87531e+08 2.42811e+07 0.000497704 0.00296256 -0.00407674 0.00312999 0.00520769 0.000303007 5.21763e-05 7.70944e-06 0.0641447 0.00197567 17.5578 0.611595 262.789 96.932 5014.02 663.688 5294.36 695.235 5294.36 695.235 0.527816 0.0246797 
500 0.27 1495000000 1646.85 72.2558 -140.211 1.8138 20485.1 517.168 4.87531e+08 2.41324e+07 0.000497704 0.0029521 -0.00407674 0.00312057 0.00520769 0.00029902 5.21763e-05 7.70944e-06 0.0641447 0.00197304 17.5578 0.609682 262.789 96.5888 5014.02 663.688 5294.36 691.197 5294.36 691.197 0.527816 0.0246797 
500 0.27 1500000000 1646.85 72.2558 -140.211 1.8138 20485.1 517.168 4.87531e+08 2.41324e+07 0.000497704 0.0029507 -0.00407674 0.00311309 0.00520769 0.00029902 5.21763e-05 7.70944e-06 0.0641447 0.00196641 17.5578 0.607833 262.789 96.2481 5014.02 663.688 5294.36 691.197 5294.36 691.197 0.527816 0.0246797 
500 0.27 1505000000 1646.85 71.7723 -140.211 1.80198 20485.1 513.65 4.87531e+08 2.39615e+07 0.000497704 0.00294385 -0.00407674 0.00310311 0.00520769 0.00029902 5.21763e-05 7.70944e-06 0.0641447 0.00196059 17.5578 0.605678 262.789 95.9101 5014.02 663.688 5294.36 687.242 5294.36 687.242 0.527816 0.0246797 
500 0.27 1510000000 1646.85 71.7723 -140.211 1.80198 20485.1 513.65 4.87531e+08 2.39615e+07 0.000497704 0.00293403 -0.00407674 0.00309739 0.00520769 0.00029902 5.21763e-05 7.70944e-06 0.0641447 0.00195383 17.5578 0.60402 262.789 95.5743 5014.02 663.688 5294.36 687.242 5294.36 687.242 0.527816 0.0246797 
500 0.27 1515000000 1646.85 72.5767 -140.211 1.78943 20485.1 510.095 4.87531e+08 2.3798e+07 0.000497704 0.00292708 -0.00407674 0.00308657 0.00520769 0.00029622 5.21763e-05 7.70944e-06 0.0641447 0.0019488 17.5578 0.602021 262.789 95.2405 5014.02 663.688 5294.36 683.248 5294.36 683.248 0.527816 0.0246797 
500 0.27 1520000000 1646.85 72.383 -140.211 1.78943 20485.1 510.095 4.87531e+08 2.3798e+07 0.000497704 0.00292171 -0.00407674 0.00309562 0.00520769 0.00029622 5.21763e-05 7.70944e-06 0.0641447 0.00194814 17.5578 0.600102 262.789 94.9075 5014.02 663.688 5294.36 683.248 5294.36 683.248 0.527816 0.0246797 
500 0.27 1525000000 1646.85 72.1316 -140.211 1.78913 20485.1 510.066 4.87531e+08 2.37761e+07 0.000497704 0.00291212 -0.00407674 0.00308708 0.00520769 0.00029622 5.21763e-05 7.70944e-06 0.0641447 0.00194393 17.5578 0.598327 262.789 94.5787 5014.02 663.688 5294.36 678.679 5294.36 678.679 0.527816 0.0246797 
500 0.27 1530000000 1646.85 72.3484 -140.211 1.78913 20485.1 510.066 4.87531e+08 2.37761e+07 0.000497704 0.00290276 -0.00407674 0.00307644 0.00520769 0.00029622 5.21763e-05 7.70944e-06 0.0641447 0.00194249 17.5578 0.596709 262.789 94.2516 5014.02 663.688 5294.36 678.679 5294.36 678.679 0.527816 0.0246797 
500 0.27 1535000000 1662.06 72.144 -139.882 1.77674 20385.2 506.548 4.82369e+08 2.3614e+07 0.000626446 0.00289698 -0.00284342 0.00307078 0.00514126 0.000292265 5.08027e-05 7.34543e-06 0.0637345 0.00193576 17.4412 0.595416 251.16 93.9271 4906.37 639.275 5174.98 674.791 5174.98 674.791 0.526566 0.0221178 
500 0.27 1540000000 1662.06 71.9304 -139.882 1.77674 20385.2 506.548 4.82369e+08 2.3614e+07 0.000626446 0.00288707 -0.00284342 0.00307215 0.00514126 0.000292265 5.08027e-05 7.34543e-06 0.0637345 0.00193006 17.4412 0.59381 251.16 93.6047 4906.37 639.275 5174.98 674.791 5174.98 674.791 0.526566 0.0221178 
500 0.27 1545000000 1662.06 71.8121 -139.882 1.76586 20385.2 503.428 4.82369e+08 2.34668e+07 0.000626446 0.00287988 -0.00284342 0.00306644 0.00514126 0.000292265 5.08027e-05 7.34543e-06 0.0637345 0.00192344 17.4412 0.592548 251.16 93.2847 4906.37 634.956 5174.98 670.247 5174.98 670.247 0.526566 0.0221178 
500 0.27 1550000000 1662.06 71.5655 -139.882 1.76586 20385.2 503.428 4.82369e+08 2.34668e+07 0.000626446 0.00288261 -0.00284342 0.00306226 0.00514126 0.000292265 5.08027e-05 7.34543e-06 0.0637345 0.00192079 17.4412 0.590565 251.16 92.9666 4906.37 634.956 5174.98 670.247 5174.98 670.247 0.526566 0.0221178 
500 0.27 1555000000 1662.06 71.3204 -139.882 1.75417 20385.2 500.034 4.82369e+08 2.33061e+07 0.000626446 0.00287635 -0.00284342 0.003052 0.00514126 0.000288301 5.08027e-05 7.34543e-06 0.0637345 0.00191569 17.4412 0.589181 251.16 92.6511 4906.37 641.513 5174.98 675.759 5174.98 675.759 0.526566 0.0221178 
500 0.27 1560000000 1662.06 71.1508 -139.882 1.75417 20385.2 500.034 4.82369e+08 2.33061e+07 0.000626446 0.00286669 -0.00284342 0.00304172 0.00514126 0.000288301 5.08027e-05 7.34543e-06 0.0637345 0.00191635 17.4412 0.587805 251.16 92.337 4906.37 641.513 5174.98 675.759 5174.98 675.759 0.526566 0.0221178 
500 0.27 1565000000 1662.06 70.9213 -139.882 1.75007 20385.2 498.975 4.82369e+08 2.32558e+07 0.000626446 0.00285925 -0.00284342 0.00303592 0.00514126 0.000288301 5.08027e-05 7.34543e-06 0.0637345 0.00190983 17.4412 0.585841 251.16 92.0252 4906.37 648.503 5174.98 681.719 5174.98 681.719 0.526566 0.0221178 
500 0.27 1570000000 1662.06 70.6903 -139.882 1.75007 20385.2 498.975 4.82369e+08 2.32558e+07 0.000626446 0.0028496 -0.00284342 0.00303808 0.00514126 0.000288301 5.08027e-05 7.34543e-06 0.0637345 0.00190467 17.4412 0.583932 251.16 91.7157 4906.37 648.503 5174.98 681.719 5174.98 681.719 0.526566 0.0221178 
500 0.27 1575000000 1662.06 70.6354 -139.882 1.74822 20385.2 498.553 4.82369e+08 2.32284e+07 0.000626446 0.00284004 -0.00284342 0.00303759 0.00514126 0.000284649 5.08027e-05 7.34543e-06 0.0637345 0.00189869 17.4412 0.582643 251.16 91.4078 4906.37 644.99 5174.98 678.004 5174.98 678.004 0.526566 0.0221178 
500 0.27 1580000000 1662.06 70.4125 -139.882 1.74822 20385.2 498.553 4.82369e+08 2.32284e+07 0.000626446 0.00283096 -0.00284342 0.00302904 0.00514126 0.000284649 5.08027e-05 7.34543e-06 0.0637345 0.00189571 17.4412 0.581799 251.16 91.102 4906.37 644.99 5174.98 678.004 5174.98 678.004 0.526566 0.0221178 
500 0.27 1585000000 1662.06 70.18 -139.882 1.73674 20385.2 495.22 4.82369e+08 2.30737e+07 0.000626446 0.00282241 -0.00284342 0.00302168 0.00514126 0.000284649 5.08027e-05 7.34543e-06 0.0637345 0.00189089 17.4412 0.57989 251.16 90.7988 4906.37 641.473 5174.98 674.289 5174.98 674.289 0.526566 0.0221178 
500 0.27 1590000000 1662.06 69.9631 -139.882 1.73674 20385.2 495.22 4.82369e+08 2.30737e+07 0.000626446 0.00281477 -0.00284342 0.00301729 0.00514126 0.000284649 5.08027e-05 7.34543e-06 0.0637345 0.00188461 17.4412 0.578274 251.16 90.4974 4906.37 641.473 5174.98 674.289 5174.98 674.289 0.526566 0.0221178 
500 0.27 1595000000 1662.06 69.8187 -139.882 1.72737 20385.2 492.428 4.82369e+08 2.29322e+07 0.000626446 0.00280559 -0.00284342 0.00300729 0.00514126 0.000284784 5.08027e-05 7.34543e-06 0.0637345 0.00188584 17.4412 0.576471 251.16 90.1982 4906.37 638.053 5174.98 670.676 5174.98 670.676 0.526566 0.0221178 
500 0.27 1600000000 1662.06 69.7536 -139.882 1.72737 20385.2 492.428 4.82369e+08 2.29322e+07 0.000626446 0.00279629 -0.00284342 0.00299778 0.00514126 0.000284784 5.08027e-05 7.34543e-06 0.0637345 0.00188695 17.4412 0.574564 251.16 89.9012 4906.37 638.053 5174.98 670.676 5174.98 670.676 0.526566 0.0221178 
500 0.27 1605000000 1662.06 69.5663 -139.882 1.71644 20385.2 489.224 4.82369e+08 2.27804e+07 0.000626446 0.00279241 -0.00284342 0.00299187 0.00514126 0.000284784 5.08027e-05 7.34543e-06 0.0637345 0.00188098 17.4412 0.57276 251.16 89.6054 4906.37 634.637 5174.98 667.068 5174.98 667.068 0.526566 0.0221178 
500 0.27 1610000000 1662.06 69.4225 -139.882 1.71644 20385.2 489.224 4.82369e+08 2.27804e+07 0.000626446 0.00278663 -0.00284342 0.00299847 0.00514126 0.000284784 5.08027e-05 7.34543e-06 0.0637345 0.00187878 17.4412 0.574826 251.16 89.3116 4906.37 634.637 5174.98 667.068 5174.98 667.068 0.526566 0.0221178 
500 0.27 1615000000 1647.16 69.2499 -140.29 1.70665 20484.9 486.627 4.85375e+08 2.26705e+07 0.000969259 0.00278502 -0.00332056 0.00299084 0.00508922 0.000283999 4.95636e-05 7.34543e-06 0.0634258 0.00187293 17.3534 0.572941 240.622 89.0207 4972.21 631.251 5230.19 663.489 5230.19 663.489 0.527785 0.0221178 
500 0.27 1620000000 1647.16 69.1709 -140.29 1.70665 20484.9 486.627 4.85375e+08 2.26705e+07 0.000969259 0.00277594 -0.00332056 0.00298173 0.00508922 0.000283999 4.95636e-05 7.34543e-06 0.0634258 0.00187286 17.3534 0.571444 240.622 88.7312 4972.21 631.251 5230.19 663.489 5230.19 663.489 0.527785 0.0221178 
500 0.27 1625000000 1647.16 68.9457 -140.29 1.70063 20484.9 484.667 4.85375e+08 2.2563e+07 0.000969259 0.00277731 -0.00332056 0.00297198 0.00508922 0.000283999 4.95636e-05 7.34543e-06 0.0634258 0.001867 17.3534 0.570275 240.622 88.4441 4972.21 627.905 5230.19 659.963 5230.19 659.963 0.527785 0.0221178 
500 0.27 1630000000 1647.16 68.7224 -140.29 1.70063 20484.9 484.667 4.85375e+08 2.2563e+07 0.000969259 0.00277407 -0.00332056 0.0029629 0.00508922 0.000283999 4.95636e-05 7.34543e-06 0.0634258 0.001861 17.3534 0.568431 240.622 88.157 4972.21 627.905 5230.19 659.963 5230.19 659.963 0.527785 0.0221178 
500 0.27 1635000000 1647.16 68.5093 -140.29 1.6898 20484.9 481.683 4.85375e+08 2.24349e+07 0.000969259 0.00276518 -0.00332056 0.00297124 0.00508922 0.000283999 4.95636e-05 7.34543e-06 0.0634258 0.0018583 17.3534 0.566586 240.622 87.8734 4972.21 646.729 5230.19 677.229 5230.19 677.229 0.527785 0.0221178 
500 0.27 1640000000 1647.16 68.3393 -140.29 1.6898 20484.9 481.683 4.85375e+08 2.24349e+07 0.000969259 0.00277002 -0.00332056 0.00296508 0.00508922 0.000283999 4.95636e-05 7.34543e-06 0.0634258 0.00185543 17.3534 0.565179 240.622 87.5915 4972.21 646.729 5230.19 677.229 5230.19 677.229 0.527785 0.0221178 
500 0.27 1645000000 1647.16 68.2813 -140.29 1.67953 20484.9 478.661 4.85375e+08 2.22902e+07 0.000969259 0.0027611 -0.00332056 0.00296574 0.00508922 0.000283999 4.95636e-05 7.34543e-06 0.0634258 0.00184972 17.3534 0.564077 240.622 87.3116 4972.21 643.305 5230.19 673.639 5230.19 673.639 0.527785 0.0221178 
500 0.27 1650000000 1647.16 68.0684 -140.29 1.67953 20484.9 478.661 4.85375e+08 2.22902e+07 0.000969259 0.00275635 -0.00332056 0.00296329 0.00508922 0.000283999 4.95636e-05 7.34543e-06 0.0634258 0.00184425 17.3534 0.562326 240.622 87.0328 4972.21 643.305 5230.19 673.639 5230.19 673.639 0.527785 0.0221178 
500 0.27 1655000000 1647.16 67.8512 -140.29 1.67323 20484.9 477.063 4.85375e+08 2.22319e+07 0.000969259 0.00275342 -0.00332056 0.00296093 0.00508922 0.000283999 4.95636e-05 7.34543e-06 0.0634258 0.00183995 17.3534 0.560524 240.622 86.7559 4972.21 639.947 5230.19 670.109 5230.19 670.109 0.527785 0.0221178 
500 0.27 1660000000 1647.16 68.3859 -140.29 1.67323 20484.9 477.063 4.85375e+08 2.22319e+07 0.000969259 0.00274492 -0.00332056 0.00295379 0.00508922 0.000283999 4.95636e-05 7.34543e-06 0.0634258 0.00183725 17.3534 0.559256 240.622 86.4828 4972.21 639.947 5230.19 670.109 5230.19 670.109 0.527785 0.0221178 
500 0.27 1665000000 1647.16 68.1908 -140.29 1.66327 20484.9 474.126 4.85375e+08 2.20905e+07 0.000969259 0.00273759 -0.00332056 0.00295379 0.00508922 0.000283999 4.95636e-05 7.34543e-06 0.0634258 0.00183479 17.3534 0.558141 240.622 86.2088 4972.21 636.533 5230.19 666.461 5230.19 666.461 0.527785 0.0221178 
500 0.27 1670000000 1647.16 68.0644 -140.29 1.66327 20484.9 474.126 4.85375e+08 2.20905e+07 0.000969259 0.00273646 -0.00332056 0.00295379 0.00508922 0.000283999 4.95636e-05 7.34543e-06 0.0634258 0.00183027 17.3534 0.556517 240.622 85.937 4972.21 636.533 5230.19 666.461 5230.19 666.461 0.527785 0.0221178 
500 0.27 1675000000 1647.16 67.8514 -140.29 1.65312 20484.9 471.156 4.85375e+08 2.19514e+07 0.000969259 0.00275242 -0.00332056 0.00295379 0.00508922 0.000283999 4.95636e-05 7.34543e-06 0.0634258 0.00183782 17.3534 0.555856 240.622 85.667 4972.21 633.254 5230.19 663.015 5230.19 663.015 0.527785 0.0221178 
500 0.27 1680000000 1647.16 67.7971 -140.29 1.65312 20484.9 471.156 4.85375e+08 2.19514e+07 0.000969259 0.00274453 -0.00332056 0.00295379 0.00508922 0.000283999 4.95636e-05 7.34543e-06 0.0634258 0.00183456 17.3534 0.554638 240.622 85.3995 4972.21 633.254 5230.19 663.015 5230.19 663.015 0.527785 0.0221178 
500 0.27 1685000000 1647.16 67.5844 -140.29 1.64273 20484.9 468.201 4.85375e+08 2.18144e+07 0.000969259 0.00273897 -0.00332056 0.00295379 0.00508922 0.000283999 4.95636e-05 7.34543e-06 0.0634258 0.00182896 17.3534 0.552906 240.622 85.132 4972.21 629.973 5230.19 659.568 5230.19 659.568 0.527785 0.0221178 
500 0.27 1690000000 1647.16 67.384 -140.29 1.64273 20484.9 468.201 4.85375e+08 2.18144e+07 0.000969259 0.00273096 -0.00332056 0.00295379 0.00508922 0.000283999 4.95636e-05 7.34543e-06 0.0634258 0.00182382 17.3534 0.55119 240.622 84.8664 4972.21 629.973 5230.19 659.568 5230.19 659.568 0.527785 0.0221178 
500 0.27 1695000000 1657.32 67.1856 -140.323 1.63373 20481 465.764 4.84098e+08 2.17079e+07 0.00144768 0.00272811 -0.00319116 0.00292228 0.00512661 0.000272514 4.96954e-05 6.69383e-06 0.0637865 0.00181822 17.1231 0.604475 232.657 84.6033 4929.81 626.74 5179.59 656.167 5179.59 656.167 0.526031 0.0258072 
500 0.27 1700000000 1657.32 67.1037 -140.323 1.63373 20481 465.764 4.84098e+08 2.17079e+07 0.00144768 0.00272014 -0.00319116 0.00291318 0.00512661 0.000272514 4.96954e-05 6.69383e-06 0.0637865 0.00181865 17.1231 0.604475 232.657 84.3406 4929.81 626.74 5179.59 656.167 5179.59 656.167 0.526031 0.0258072 
500 0.27 1705000000 1657.32 66.915 -140.323 1.62358 20481 462.881 4.84098e+08 2.15762e+07 0.00144768 0.00271237 -0.00319116 0.0029057 0.00512661 0.00027207 4.96954e-05 6.69383e-06 0.0637865 0.0018145 17.1231 0.604475 232.657 84.0809 4929.81 623.716 5179.59 652.872 5179.59 652.872 0.526031 0.0258072 
500 0.27 1710000000 1657.32 66.7651 -140.323 1.62358 20481 462.881 4.84098e+08 2.15762e+07 0.00144768 0.00270459 -0.00319116 0.00289878 0.00512661 0.00027207 4.96954e-05 6.69383e-06 0.0637865 0.00181374 17.1231 0.604475 232.657 83.8219 4929.81 623.716 5179.59 652.872 5179.59 652.872 0.526031 0.0258072 
500 0.27 1715000000 1657.32 66.6304 -140.323 1.61774 20481 461.349 4.84098e+08 2.15033e+07 0.00144768 0.00271085 -0.00319116 0.00290766 0.00512661 0.000271943 4.96954e-05 6.69383e-06 0.0637865 0.00181872 17.1231 0.604475 232.657 83.5632 4929.81 621.608 5179.59 650.468 5179.59 650.468 0.526031 0.0258072 
500 0.27 1720000000 1657.32 66.4553 -140.323 1.61774 20481 461.349 4.84098e+08 2.15033e+07 0.00144768 0.0027027 -0.00319116 0.00289874 0.00512661 0.000271943 4.96954e-05 6.69383e-06 0.0637865 0.00182021 17.1231 0.604475 232.657 83.3082 4929.81 621.608 5179.59 650.468 5179.59 650.468 0.526031 0.0258072 
500 0.27 1725000000 1657.32 66.3095 -140.323 1.60788 20481 458.519 4.84098e+08 2.13739e+07 0.00144768 0.00269484 -0.00319116 0.00289392 0.00512661 0.000271291 4.96954e-05 6.69383e-06 0.0637865 0.00181513 17.1231 0.604475 232.657 83.0541 4929.81 617.94 5179.59 646.639 5179.59 646.639 0.526031 0.0258072 
500 0.27 1730000000 1657.32 66.1982 -140.323 1.60788 20481 458.519 4.84098e+08 2.13739e+07 0.00144768 0.00270103 -0.00319116 0.00289205 0.00512661 0.000271291 4.96954e-05 6.69383e-06 0.0637865 0.00181516 17.1231 0.604475 232.657 82.802 4929.81 617.94 5179.59 646.639 5179.59 646.639 0.526031 0.0258072 
500 0.27 1735000000 1657.32 66.0025 -140.323 1.60224 20481 456.779 4.84098e+08 2.12754e+07 0.00144768 0.00269412 -0.00319116 0.00288357 0.00512661 0.000269777 4.96954e-05 6.69383e-06 0.0637865 0.00181236 17.1231 0.604475 232.657 82.551 4929.81 614.844 5179.59 643.387 5179.59 643.387 0.526031 0.0258072 
500 0.27 1740000000 1657.32 65.8021 -140.323 1.60224 20481 456.779 4.84098e+08 2.12754e+07 0.00144768 0.00268605 -0.00319116 0.00287509 0.00512661 0.000269777 4.96954e-05 6.69383e-06 0.0637865 0.00181227 17.1231 0.604475 232.657 82.3006 4929.81 614.844 5179.59 643.387 5179.59 643.387 0.526031 0.0258072 
500 0.27 1745000000 1657.32 65.6027 -140.323 1.59914 20481 455.885 4.84098e+08 2.12209e+07 0.00144768 0.00268601 -0.00319116 0.00287123 0.00512661 0.000269466 4.96954e-05 6.69383e-06 0.0637865 0.00180808 17.1231 0.604475 232.657 82.0519 4929.81 611.119 5179.59 639.488 5179.59 639.488 0.526031 0.0258072 
500 0.27 1750000000 1657.32 65.4048 -140.323 1.59914 20481 455.885 4.84098e+08 2.12209e+07 0.00144768 0.00269553 -0.00319116 0.00286585 0.00512661 0.000269466 4.96954e-05 6.69383e-06 0.0637865 0.00180704 17.1231 0.604475 232.657 81.8057 4929.81 611.119 5179.59 639.488 5179.59 639.488 0.526031 0.0258072 
500 0.27 1755000000 1657.32 65.2411 -140.323 1.59024 20481 453.265 4.84098e+08 2.10941e+07 0.00144768 0.00268949 -0.00319116 0.00286585 0.00512661 0.000269466 4.96954e-05 6.69383e-06 0.0637865 0.00180226 17.1231 0.604475 232.657 81.5598 4929.81 622.508 5179.59 649.885 5179.59 649.885 0.526031 0.0258072 
500 0.27 1760000000 1657.32 65.0692 -140.323 1.59024 20481 453.265 4.84098e+08 2.10941e+07 0.00144768 0.0026847 -0.00319116 0.00286585 0.00512661 0.000269466 4.96954e-05 6.69383e-06 0.0637865 0.00179749 17.1231 0.604475 232.657 81.316 4929.81 622.508 5179.59 649.885 5179.59 649.885 0.526031 0.0258072 
500 0.27 1765000000 1657.32 65.0458 -140.323 1.58509 20481 451.94 4.84098e+08 2.10305e+07 0.00144768 0.00268121 -0.00319116 0.00286585 0.00512661 0.000269466 4.96954e-05 6.69383e-06 0.0637865 0.00179474 17.1231 0.604475 232.657 81.0745 4929.81 619.106 5179.59 646.275 5179.59 646.275 0.526031 0.0258072 
500 0.27 1770000000 1657.32 64.9067 -140.323 1.58509 20481 451.94 4.84098e+08 2.10305e+07 0.00144768 0.0026736 -0.00319116 0.00286585 0.00512661 0.000269466 4.96954e-05 6.69383e-06 0.0637865 0.00179246 17.1231 0.604475 232.657 80.8345 4929.81 619.106 5179.59 646.275 5179.59 646.275 0.526031 0.0258072 
500 0.27 1775000000 1657.32 64.8621 -140.323 1.57566 20481 449.4 4.84098e+08 2.09522e+07 0.00144768 0.00277611 -0.00319116 0.00288755 0.00512661 0.000269466 4.96954e-05 6.69383e-06 0.0637865 0.00179175 17.1231 0.604475 232.657 80.5957 4929.81 616.103 5179.59 643.131 5179.59 643.131 0.526031 0.0258072 
500 0.27 1780000000 1657.32 64.6776 -140.323 1.57566 20481 449.4 4.84098e+08 2.09522e+07 0.00144768 0.00277611 -0.00319116 0.00288755 0.00512661 0.000269466 4.96954e-05 6.69383e-06 0.0637865 0.00178681 17.1231 0.604475 232.657 80.3586 4929.81 616.103 5179.59 643.131 5179.59 643.131 0.526031 0.0258072 
500 0.27 1785000000 1657.32 65.3773 -140.323 1.57013 20481 447.793 4.84098e+08 2.08704e+07 0.00144768 0.00277611 -0.00319116 0.00288755 0.00512661 0.000269466 4.96954e-05 6.69383e-06 0.0637865 0.00178563 17.1231 0.604475 232.657 80.1231 4929.81 613.094 5179.59 639.99 5179.59 639.99 0.526031 0.0258072 
500 0.27 1790000000 1657.32 65.3592 -140.323 1.57013 20481 447.793 4.84098e+08 2.08704e+07 0.00144768 0.00277611 -0.00319116 0.00288755 0.00512661 0.000269466 4.96954e-05 6.69383e-06 0.0637865 0.00178055 17.1231 0.604475 232.657 79.889 4929.81 613.094 5179.59 639.99 5179.59 639.99 0.526031 0.0258072 
500 0.27 1795000000 1657.32 65.1719 -140.323 1.56661 20481 446.608 4.84098e+08 2.07893e+07 0.00144768 0.00277611 -0.00319116 0.00288755 0.00512661 0.000269466 4.96954e-05 6.69383e-06 0.0637865 0.00177778 17.1231 0.604475 232.657 79.6559 4929.81 611.465 5179.59 638.033 5179.59 638.033 0.526031 0.0258072 
500 0.27 1800000000 1657.32 65.0205 -140.323 1.56661 20481 446.608 4.84098e+08 2.07893e+07 0.00144768 0.00277611 -0.00319116 0.00288755 0.00512661 0.000269466 4.96954e-05 6.69383e-06 0.0637865 0.00177296 17.1231 0.604475 232.657 79.4239 4929.81 611.465 5179.59 638.033 5179.59 638.033 0.526031 0.0258072 
500 0.27 1805000000 1657.32 64.8357 -140.323 1.56145 20481 445.019 4.84098e+08 2.06992e+07 0.00144768 0.00277611 -0.00319116 0.00288755 0.00512661 0.000269466 4.96954e-05 6.69383e-06 0.0637865 0.00176998 17.1231 0.604475 232.657 79.1938 4929.81 608.583 5179.59 635.019 5179.59 635.019 0.526031 0.0258072 
500 0.27 1810000000 1657.32 64.6737 -140.323 1.56145 20481 445.019 4.84098e+08 2.06992e+07 0.00144768 0.00277611 -0.00319116 0.00288755 0.00512661 0.000269466 4.96954e-05 6.69383e-06 0.0637865 0.00176559 17.1231 0.604475 232.657 78.9648 4929.81 608.583 5179.59 635.019 5179.59 635.019 0.526031 0.0258072 
500 0.27 1815000000 1657.32 64.574 -140.323 1.55658 20481 443.75 4.84098e+08 2.06378e+07 0.00144768 0.00277611 -0.00319116 0.00295341 0.00512661 0.000269466 4.96954e-05 6.69383e-06 0.0637865 0.0017651 17.1231 0.604475 232.657 78.7362 4929.81 605.72 5179.59 632.017 5179.59 632.017 0.526031 0.0258072 
500 0.27 1820000000 1657.32 64.393 -140.323 1.55658 20481 443.75 4.84098e+08 2.06378e+07 0.00144768 0.00277611 -0.00319116 0.00295341 0.00512661 0.000269466 4.96954e-05 6.69383e-06 0.0637865 0.00176032 17.1231 0.604475 232.657 78.5099 4929.81 605.72 5179.59 632.017 5179.59 632.017 0.526031 0.0258072 
500 0.27 1825000000 1657.32 64.2368 -140.323 1.56292 20481 444.743 4.84098e+08 2.0622e+07 0.00144768 0.00277611 -0.00319116 0.00295341 0.00512661 0.000269466 4.96954e-05 6.69383e-06 0.0637865 0.00175961 17.1231 0.604475 232.657 78.2846 4929.81 602.88 5179.59 629.047 5179.59 629.047 0.526031 0.0258072 
500 0.27 1830000000 1657.32 64.0539 -140.323 1.56292 20481 444.743 4.84098e+08 2.0622e+07 0.00144768 0.00277611 -0.00319116 0.00295341 0.00512661 0.000269466 4.96954e-05 6.69383e-06 0.0637865 0.00175462 17.1231 0.604475 232.657 78.0607 4929.81 602.88 5179.59 629.047 5179.59 629.047 0.526031 0.0258072 
500 0.27 1835000000 1657.32 63.9156 -140.323 1.55398 20481 442.257 4.84098e+08 2.05145e+07 0.00144768 0.00277611 -0.00319116 0.00295341 0.00512661 0.000269466 4.96954e-05 6.69383e-06 0.0637865 0.00175023 17.1231 0.604475 232.657 77.8369 4929.81 613.834 5179.59 639.113 5179.59 639.113 0.526031 0.0258072 
500 0.27 1840000000 1657.32 63.7581 -140.323 1.55398 20481 442.257 4.84098e+08 2.05145e+07 0.00144768 0.00277611 -0.00319116 0.00295341 0.00512661 0.000269466 4.96954e-05 6.69383e-06 0.0637865 0.0017519 17.1231 0.604475 232.657 77.6158 4929.81 613.834 5179.59 639.113 5179.59 639.113 0.526031 0.0258072 
500 0.27 1845000000 1657.32 63.6241 -140.323 1.54563 20481 439.941 4.84098e+08 2.04127e+07 0.00144768 0.00277611 -0.00319116 0.00295341 0.00512661 0.000269466 4.96954e-05 6.69383e-06 0.0637865 0.00174972 17.1231 0.604475 232.657 77.3955 4929.81 612.242 5179.59 637.223 5179.59 637.223 0.526031 0.0258072 
500 0.27 1850000000 1657.32 63.4436 -140.323 1.54563 20481 439.941 4.84098e+08 2.04127e+07 0.00144768 0.00277611 -0.00319116 0.00295341 0.00512661 0.000269466 4.96954e-05 6.69383e-06 0.0637865 0.00174798 17.1231 0.604475 232.657 77.177 4929.81 612.242 5179.59 637.223 5179.59 637.223 0.526031 0.0258072 
500 0.27 1855000000 1642.85 63.2763 -140.388 1.54365 20497.2 439.655 4.84594e+08 2.04204e+07 -0.00129858 0.0030865 -0.00358888 0.00292201 0.00524486 0.000269466 5.09798e-05 6.54138e-06 0.0646156 0.00174324 17.0531 0.604475 217.119 76.9595 5184.33 609.415 5418.5 634.277 5418.5 634.277 0.536228 0.0258072 
500 0.27 1860000000 1642.85 63.1797 -140.388 1.54365 20497.2 439.655 4.84594e+08 2.04204e+07 -0.00129858 0.0030865 -0.00358888 0.00292201 0.00524486 0.000269466 5.09798e-05 6.54138e-06 0.0646156 0.00174009 17.0531 0.604475 217.119 76.743 5184.33 609.415 5418.5 634.277 5418.5 634.277 0.536228 0.0258072 
500 0.27 1865000000 1642.85 63.0642 -140.388 1.54004 20497.2 438.596 4.84594e+08 2.03606e+07 -0.00129858 0.0030865 -0.00358888 0.00292201 0.00524486 0.000269466 5.09798e-05 6.54138e-06 0.0646156 0.00173761 17.0531 0.604475 217.119 76.527 5184.33 606.62 5418.5 631.353 5418.5 631.353 0.536228 0.0258072 
500 0.27 1870000000 1642.85 62.9564 -140.388 1.54004 20497.2 438.596 4.84594e+08 2.03606e+07 -0.00129858 0.0030865 -0.00358888 0.00292201 0.00524486 0.000269466 5.09798e-05 6.54138e-06 0.0646156 0.0017328 17.0531 0.604475 217.119 76.3134 5184.33 606.62 5418.5 631.353 5418.5 631.353 0.536228 0.0258072 
500 0.27 1875000000 1642.85 62.9202 -140.388 1.53898 20497.2 438.28 4.84594e+08 2.03294e+07 -0.00129858 0.0030865 -0.00358888 0.00292201 0.00524486 0.000269466 5.09798e-05 6.54138e-06 0.0646156 0.00172868 17.0531 0.604475 217.119 76.0991 5184.33 603.222 5418.5 627.813 5418.5 627.813 0.536228 0.0258072 
500 0.27 1880000000 1642.85 62.8482 -140.388 1.53898 20497.2 438.28 4.84594e+08 2.03294e+07 -0.00129858 0.0030865 -0.00358888 0.00292201 0.00524486 0.000269466 5.09798e-05 6.54138e-06 0.0646156 0.00172413 17.0531 0.604475 217.119 75.887 5184.33 603.222 5418.5 627.813 5418.5 627.813 0.536228 0.0258072 
500 0.27 1885000000 1642.85 62.7495 -140.388 1.54664 20497.2 439.619 4.84594e+08 2.03246e+07 -0.00129858 0.0030865 -0.00358888 0.00292201 0.00524486 0.000269466 5.09798e-05 6.54138e-06 0.0646156 0.00172039 17.0531 0.604475 217.119 76.632 5184.33 599.916 5418.5 624.313 5418.5 624.313 0.536228 0.0258072 
500 0.27 1890000000 1642.85 62.6339 -140.388 1.54664 20497.2 439.619 4.84594e+08 2.17228e+07 -0.00129858 0.0030865 -0.00358888 0.00292201 0.00524486 0.000269466 5.09798e-05 6.54138e-06 0.0646156 0.00172324 17.0531 0.604475 217.119 76.4195 5184.33 599.916 5418.5 624.313 5418.5 624.313 0.536228 0.0258072 
500 0.27 1895000000 1642.85 62.4633 -140.388 1.54591 20497.2 444.003 4.84594e+08 2.16946e+07 -0.00129858 0.0030865 -0.00358888 0.00289624 0.00524486 0.000269466 5.09798e-05 6.54138e-06 0.0646156 0.0017259 17.0531 0.604475 217.119 76.2086 5184.33 606.838 5418.5 630.556 5418.5 630.556 0.536228 0.0258072 
500 0.27 1900000000 1642.85 62.3268 -140.388 1.54591 20497.2 444.003 4.84594e+08 2.16512e+07 -0.00129858 0.0030865 -0.00358888 0.00289624 0.00524486 0.000269466 5.09798e-05 6.54138e-06 0.0646156 0.00172128 17.0531 0.604475 217.119 75.9988 5184.33 606.838 5418.5 630.556 5418.5 630.556 0.536228 0.0258072 
500 0.27 1905000000 1642.85 62.1827 -140.388 1.53808 20497.2 441.839 4.84594e+08 2.15914e+07 -0.00129858 0.0030865 -0.00358888 0.00289624 0.00524486 0.000269466 5.09798e-05 6.54138e-06 0.0646156 0.00171668 17.0531 0.604475 217.119 75.7906 5184.33 604.12 5418.5 627.728 5418.5 627.728 0.536228 0.0258072 
500 0.27 1910000000 1642.85 62.0867 -140.388 1.53808 20497.2 441.839 4.84594e+08 2.15478e+07 -0.00129858 0.0030865 -0.00358888 0.00289624 0.00524486 0.000269466 5.09798e-05 6.54138e-06 0.0646156 0.00171521 17.0531 0.604475 217.119 75.5832 5184.33 604.12 5418.5 627.728 5418.5 627.728 0.536228 0.0258072 
500 0.27 1915000000 1642.85 61.9645 -140.388 1.53997 20497.2 442.405 4.84594e+08 2.15395e+07 -0.00129858 0.0030865 -0.00358888 0.00289624 0.00524486 0.000269466 5.09798e-05 6.54138e-06 0.0646156 0.00171755 17.0531 0.604475 217.119 75.3774 5184.33 601.459 5418.5 624.959 5418.5 624.959 0.536228 0.0258072 
500 0.27 1920000000 1642.85 61.8001 -140.388 1.53997 20497.2 442.405 4.84594e+08 2.15395e+07 -0.00129858 0.0030865 -0.00358888 0.00289624 0.00524486 0.000269466 5.09798e-05 6.54138e-06 0.0646156 0.00171286 17.0531 0.604475 217.119 75.1729 5184.33 601.459 5418.5 624.959 5418.5 624.959 0.536228 0.0258072 
500 0.27 1925000000 1642.85 61.7042 -140.388 1.55543 20497.2 444.97 4.84594e+08 2.15417e+07 -0.00129858 0.0030865 -0.00358888 0.00289624 0.00524486 0.000269466 5.09798e-05 6.54138e-06 0.0646156 0.00170837 17.0531 0.604475 217.119 74.9688 5184.33 601.822 5418.5 624.951 5418.5 624.951 0.536228 0.0258072 
500 0.27 1930000000 1642.85 61.6327 -140.388 1.55543 20497.2 444.97 4.84594e+08 2.15417e+07 -0.00129858 0.0030865 -0.00358888 0.00289624 0.00524486 0.000269466 5.09798e-05 6.54138e-06 0.0646156 0.00170852 17.0531 0.604475 217.119 74.766 5184.33 601.822 5418.5 624.951 5418.5 624.951 0.536228 0.0258072 
500 0.27 1935000000 1642.85 61.4653 -140.388 1.54737 20497.2 442.769 4.84594e+08 2.14431e+07 -0.00129858 0.0030865 -0.00358888 0.00284315 0.00524486 0.000269466 5.09798e-05 6.54138e-06 0.0646156 0.00170527 17.0531 0.604475 217.119 74.5641 5184.33 601.78 5418.5 624.575 5418.5 624.575 0.536228 0.0258072 
500 0.27 1940000000 1642.85 61.3178 -140.388 1.54737 20497.2 447.779 4.84594e+08 2.32916e+07 -0.00129858 0.0030865 -0.00358888 0.00284315 0.00524486 0.000269466 5.09798e-05 6.54138e-06 0.0646156 0.00170435 17.0531 0.604475 217.119 74.3641 5184.33 601.78 5418.5 624.575 5418.5 624.575 0.536228 0.0258072 
500 0.27 1945000000 1642.85 61.276 -140.388 1.57386 20497.2 456.757 4.84594e+08 2.33331e+07 -0.00129858 0.0030865 -0.00358888 0.00284315 0.00524486 0.000269466 5.09798e-05 6.54138e-06 0.0646156 0.00170186 17.0531 0.604475 217.119 74.1647 5184.33 599.18 5418.5 621.876 5418.5 621.876 0.536228 0.0258072 
500 0.27 1950000000 1642.85 61.1155 -140.388 1.57386 20497.2 456.757 4.84594e+08 2.33331e+07 -0.00129858 0.0030865 -0.00358888 0.00284315 0.00524486 0.000269466 5.09798e-05 6.54138e-06 0.0646156 0.00169916 17.0531 0.604475 217.119 73.9665 5184.33 599.18 5418.5 621.876 5418.5 621.876 0.536228 0.0258072 
500 0.27 1955000000 1642.85 61.0938 -140.388 1.59068 20497.2 459.524 4.84594e+08 2.33265e+07 -0.00129858 0.0030865 -0.00358888 0.00284315 0.00524486 0.000269466 5.09798e-05 6.54138e-06 0.0646156 0.0017006 17.0531 0.604475 217.119 73.7692 5184.33 596.578 5418.5 619.175 5418.5 619.175 0.536228 0.0258072 
500 0.27 1960000000 1642.85 60.9889 -140.388 1.59068 20497.2 459.524 4.84594e+08 2.33265e+07 -0.00129858 0.0030865 -0.00358888 0.00284315 0.00524486 0.000269466 5.09798e-05 6.54138e-06 0.0646156 0.0017006 17.0531 0.604475 217.119 73.573 5184.33 596.578 5418.5 619.175 5418.5 619.175 0.536228 0.0258072 
500 0.27 1965000000 1642.85 60.8428 -140.388 1.58423 20497.2 457.732 4.84594e+08 2.3236e+07 -0.00129858 0.0030865 -0.00358888 0.00284315 0.00524486 0.000269466 5.09798e-05 6.54138e-06 0.0646156 0.00169193 17.0531 0.604475 217.119 73.3776 5184.33 593.998 5418.5 616.494 5418.5 616.494 0.536228 0.0258072 
500 0.27 1970000000 1642.85 60.6877 -140.388 1.58423 20497.2 457.732 4.84594e+08 2.3236e+07 -0.00129858 0.0030865 -0.00358888 0.00284315 0.00524486 0.000269466 5.09798e-05 6.54138e-06 0.0646156 0.00169193 17.0531 0.604475 217.119 73.1835 5184.33 593.998 5418.5 616.494 5418.5 616.494 0.536228 0.0258072 
500 0.27 1975000000 1642.85 60.6687 -140.388 1.59307 20497.2 458.767 4.84594e+08 2.31969e+07 -0.00129858 0.0030865 -0.00358888 0.00281603 0.00524486 0.000269466 5.09798e-05 6.54138e-06 0.0646156 0.00168687 17.0531 0.604475 217.119 72.9898 5184.33 591.418 5418.5 613.811 5418.5 613.811 0.536228 0.0258072 
500 0.27 1980000000 1642.85 60.5172 -140.388 1.59307 20497.2 458.767 4.84594e+08 2.31969e+07 -0.00129858 0.0030865 -0.00358888 0.00281603 0.00524486 0.000269466 5.09798e-05 6.54138e-06 0.0646156 0.00168687 17.0531 0.604475 217.119 72.798 5184.33 591.418 5418.5 613.811 5418.5 613.811 0.536228 0.0258072 
500 0.27 1985000000 1642.85 60.564 -140.388 1.58647 20497.2 457.016 4.84594e+08 2.31106e+07 -0.00129858 0.0030865 -0.00358888 0.00281603 0.00524486 0.000269466 5.09798e-05 6.54138e-06 0.0646156 0.00167847 17.0531 0.604475 217.119 72.6071 5184.33 588.885 5418.5 611.183 5418.5 611.183 0.536228 0.0258072 
500 0.27 1990000000 1642.85 60.4065 -140.388 1.58647 20497.2 457.016 4.84594e+08 2.31106e+07 -0.00129858 0.0030865 -0.00358888 0.00281603 0.00524486 0.000269466 5.09798e-05 6.54138e-06 0.0646156 0.00167847 17.0531 0.604475 217.119 72.4155 5184.33 588.885 5418.5 611.183 5418.5 611.183 0.536228 0.0258072 
500 0.27 1995000000 1642.85 60.2572 -140.388 1.59316 20497.2 459.399 4.84594e+08 2.32138e+07 -0.00129858 0.0030865 -0.00358888 0.00281603 0.00524486 0.000269466 5.09798e-05 6.54138e-06 0.0646156 0.00167752 17.0531 0.604475 217.119 72.2259 5184.33 588.007 5418.5 610.082 5418.5 610.082 0.536228 0.0258072 
500 0.27 2000000000 1642.85 60.1991 -140.388 1.59316 20497.2 459.399 4.84594e+08 2.37331e+07 -0.00129858 0.0030865 -0.00358888 0.00281603 0.00524486 0.000269466 5.09798e-05 6.54138e-06 0.0646156 0.00167752 17.0531 0.604475 217.119 72.0378 5184.33 588.007 5418.5 610.082 5418.5 610.082 0.536228 0.0258072 
500 0.27 2005000000 1642.85 60.0416 -140.388 1.611 20497.2 467.643 4.84594e+08 2.40159e+07 -0.00129858 0.0030865 -0.00358888 0.00281603 0.00524486 0.000269466 5.09798e-05 6.54138e-06 0.0646156 0.00166992 17.0531 0.604475 217.119 71.8511 5184.33 585.535 5418.5 607.516 5418.5 607.516 0.536228 0.0258072 
500 0.27 2010000000 1642.85 59.9339 -140.388 1.611 20497.2 467.643 4.84594e+08 2.40159e+07 -0.00129858 0.0030865 -0.00358888 0.00281603 0.00524486 0.000269466 5.09798e-05 6.54138e-06 0.0646156 0.0016715 17.0531 0.604475 217.119 71.7014 5184.33 585.535 5418.5 607.516 5418.5 607.516 0.536228 0.0258072 
500 0.27 2015000000 1629.83 59.8508 -140.493 1.60261 20640 465.211 5.03549e+08 2.3953e+07 -0.00167691 0.00319614 -0.00379432 0.0027993 0.00525901 0.000255014 5.1138e-05 5.69205e-06 0.064672 0.00167436 17.1191 0.503742 218.551 71.515 5267.3 584.039 5502.97 606.008 5502.97 606.008 0.539423 0.0247377 
500 0.27 2020000000 1629.83 59.6955 -140.493 1.60261 20640 465.211 5.03549e+08 2.3953e+07 -0.00167691 0.00319614 -0.00379432 0.0027993 0.00525901 0.000255014 5.1138e-05 5.69205e-06 0.064672 0.00167141 17.1191 0.503742 218.551 71.3307 5267.3 584.039 5502.97 606.008 5502.97 606.008 0.539423 0.0247377 
500 0.27 2025000000 1629.83 59.5604 -140.493 1.59545 20640 462.853 5.03549e+08 2.3953e+07 -0.00167691 0.00319614 -0.00379432 0.0027993 0.00525901 0.000255014 5.1138e-05 5.69205e-06 0.064672 0.00167159 17.1191 0.503742 218.551 71.1472 5267.3 581.592 5502.97 603.466 5502.97 603.466 0.539423 0.0247377 
500 0.27 2030000000 1629.83 59.537 -140.493 1.59545 20640 462.853 5.03549e+08 2.3953e+07 -0.00167691 0.00319614 -0.00379432 0.0027993 0.00525901 0.000255014 5.1138e-05 5.69205e-06 0.064672 0.00166985 17.1191 0.503742 218.551 70.9652 5267.3 581.592 5502.97 603.466 5502.97 603.466 0.539423 0.0247377 
500 0.27 2035000000 1629.83 59.4219 -140.493 1.58726 20640 460.486 5.03549e+08 2.3953e+07 -0.00167691 0.00319614 -0.00379432 0.0027993 0.00525901 0.000255014 5.1138e-05 5.69205e-06 0.064672 0.00166611 17.1191 0.503742 218.551 70.7836 5267.3 579.208 5502.97 600.989 5502.97 600.989 0.539423 0.0247377 
500 0.27 2040000000 1629.83 59.2694 -140.493 1.58726 20640 460.486 5.03549e+08 2.3953e+07 -0.00167691 0.00319614 -0.00379432 0.0027993 0.00525901 0.000255014 5.1138e-05 5.69205e-06 0.064672 0.0016624 17.1191 0.503742 218.551 70.603 5267.3 579.208 5502.97 600.989 5502.97 600.989 0.539423 0.0247377 
500 0.27 2045000000 1629.83 59.1932 -140.493 1.57913 20640 458.129 5.03549e+08 2.3953e+07 -0.00167691 0.00319614 -0.00379432 0.0027993 0.00525901 0.000255014 5.1138e-05 5.69205e-06 0.064672 0.0016582 17.1191 0.503742 218.551 70.4232 5267.3 576.83 5502.97 598.516 5502.97 598.516 0.539423 0.0247377 
500 0.27 2050000000 1629.83 59.1169 -140.493 1.57913 20640 458.129 5.03549e+08 2.3953e+07 -0.00167691 0.00319614 -0.00379432 0.0027993 0.00525901 0.000255014 5.1138e-05 5.69205e-06 0.064672 0.00165608 17.1191 0.503742 218.551 70.2447 5267.3 576.83 5502.97 598.516 5502.97 598.516 0.539423 0.0247377 
500 0.27 2055000000 1629.83 59.0418 -140.493 1.57122 20640 455.861 5.03549e+08 2.3953e+07 -0.00167691 0.00319614 -0.00379432 0.00281486 0.00525901 0.000255014 5.1138e-05 5.69205e-06 0.064672 0.00165187 17.1191 0.503742 218.551 70.0674 5267.3 574.459 5502.97 596.057 5502.97 596.057 0.539423 0.0247377 
500 0.27 2060000000 1629.83 58.9324 -140.493 1.57122 20640 455.861 5.03549e+08 2.3953e+07 -0.00167691 0.00319614 -0.00379432 0.00281486 0.00525901 0.000255014 5.1138e-05 5.69205e-06 0.064672 0.00164842 17.1191 0.503742 218.551 69.8909 5267.3 574.459 5502.97 596.057 5502.97 596.057 0.539423 0.0247377 
500 0.27 2065000000 1629.83 58.9017 -140.493 1.56358 20640 453.698 5.03549e+08 2.3953e+07 -0.00167691 0.00319614 -0.00379432 0.00281486 0.00525901 0.000255014 5.1138e-05 5.69205e-06 0.064672 0.00164695 17.1191 0.503742 218.551 69.7136 5267.3 572.568 5502.97 593.981 5502.97 593.981 0.539423 0.0247377 
500 0.27 2070000000 1629.83 58.8263 -140.493 1.56358 20640 453.698 5.03549e+08 2.3953e+07 -0.00167691 0.00319614 -0.00379432 0.00281486 0.00525901 0.000255014 5.1138e-05 5.69205e-06 0.064672 0.00164377 17.1191 0.503742 218.551 69.5386 5267.3 572.568 5502.97 593.981 5502.97 593.981 0.539423 0.0247377 
500 0.27 2075000000 1629.83 58.7038 -140.493 1.55586 20640 451.53 5.03549e+08 2.3953e+07 -0.00167691 0.00319614 -0.00379432 0.00281486 0.00525901 0.000255014 5.1138e-05 5.69205e-06 0.064672 0.00163971 17.1191 0.503742 218.551 69.3647 5267.3 570.252 5502.97 591.579 5502.97 591.579 0.539423 0.0247377 
500 0.27 2080000000 1629.83 58.5842 -140.493 1.55586 20640 451.53 5.03549e+08 2.3953e+07 -0.00167691 0.00319614 -0.00379432 0.00281486 0.00525901 0.000255014 5.1138e-05 5.69205e-06 0.064672 0.00164225 17.1191 0.503742 218.551 69.1916 5267.3 570.252 5502.97 591.579 5502.97 591.579 0.539423 0.0247377 
500 0.27 2085000000 1629.83 58.5437 -140.493 1.54854 20640 449.492 5.03549e+08 2.3953e+07 -0.00167691 0.00319614 -0.00379432 0.00281486 0.00525901 0.000255014 5.1138e-05 5.69205e-06 0.064672 0.00164022 17.1191 0.503742 218.551 69.0194 5267.3 567.942 5502.97 589.183 5502.97 589.183 0.539423 0.0247377 
500 0.27 2090000000 1629.83 58.4289 -140.493 1.54854 20640 449.492 5.03549e+08 2.3953e+07 -0.00167691 0.00319614 -0.00379432 0.00281486 0.00525901 0.000255014 5.1138e-05 5.69205e-06 0.064672 0.00164189 17.1191 0.503742 218.551 68.8471 5267.3 567.942 5502.97 589.183 5502.97 589.183 0.539423 0.0247377 
500 0.27 2095000000 1629.83 58.3293 -140.493 1.54309 20640 448.01 5.03549e+08 2.3953e+07 -0.00167691 0.00319614 -0.00379432 0.00277125 0.00525901 0.000255014 5.1138e-05 5.69205e-06 0.064672 0.00163779 17.1191 0.503742 218.551 68.6759 5267.3 570.723 5502.97 591.575 5502.97 591.575 0.539423 0.0247377 
500 0.27 2100000000 1629.83 58.2662 -140.493 1.54309 20640 448.01 5.03549e+08 2.3953e+07 -0.00167691 0.00319614 -0.00379432 0.00277125 0.00525901 0.000255014 5.1138e-05 5.69205e-06 0.064672 0.00163991 17.1191 0.503742 218.551 68.5057 5267.3 570.723 5502.97 591.575 5502.97 591.575 0.539423 0.0247377 
500 0.27 2105000000 1629.83 58.6194 -140.493 1.53542 20640 445.786 5.03549e+08 2.3953e+07 -0.00167691 0.00319614 -0.00379432 0.00277125 0.00525901 0.000255014 5.1138e-05 5.69205e-06 0.064672 0.0016403 17.1191 0.503742 218.551 68.3363 5267.3 568.418 5502.97 589.179 5502.97 589.179 0.539423 0.0247377 
500 0.27 2110000000 1629.83 58.7711 -140.493 1.53542 20640 445.786 5.03549e+08 2.3953e+07 -0.00167691 0.00319614 -0.00379432 0.00277125 0.00525901 0.000255014 5.1138e-05 5.69205e-06 0.064672 0.00163624 17.1191 0.503742 218.551 68.1681 5267.3 568.418 5502.97 589.179 5502.97 589.179 0.539423 0.0247377 
500 0.27 2115000000 1629.83 58.6447 -140.493 1.52825 20640 443.707 5.03549e+08 2.3953e+07 -0.00167691 0.00319614 -0.00379432 0.00277125 0.00525901 0.000255014 5.1138e-05 5.69205e-06 0.064672 0.00163228 17.1191 0.503742 218.551 74.5415 5267.3 568.206 5502.97 592.322 5502.97 592.322 0.539423 0.0247377 
500 0.27 2120000000 1629.83 58.5634 -140.493 1.52825 20640 443.707 5.03549e+08 2.3953e+07 -0.00167691 0.00319614 -0.00379432 0.00277125 0.00525901 0.000255014 5.1138e-05 5.69205e-06 0.064672 0.00162829 17.1191 0.503742 218.551 74.3591 5267.3 568.206 5502.97 592.322 5502.97 592.322 0.539423 0.0247377 
500 0.27 2125000000 1629.83 58.4886 -140.493 1.52091 20640 441.583 5.03549e+08 2.3953e+07 -0.00167691 0.00319614 -0.00379432 0.00277125 0.00525901 0.000255014 5.1138e-05 5.69205e-06 0.064672 0.00162596 17.1191 0.503742 218.551 74.1774 5267.3 568.171 5502.97 591.965 5502.97 591.965 0.539423 0.0247377 
500 0.27 2130000000 1629.83 58.3555 -140.493 1.52091 20640 441.583 5.03549e+08 2.3953e+07 -0.00167691 0.00319614 -0.00379432 0.00277125 0.00525901 0.000255014 5.1138e-05 5.69205e-06 0.064672 0.00162293 17.1191 0.503742 218.551 73.9969 5267.3 568.171 5502.97 591.965 5502.97 591.965 0.539423 0.0247377 
500 0.27 2135000000 1629.83 58.2266 -140.493 1.51658 20640 440.394 5.03549e+08 2.3953e+07 -0.00167691 0.00319614 -0.00379432 0.00271879 0.00525901 0.000255014 5.1138e-05 5.69205e-06 0.064672 0.00161911 17.1191 0.503742 218.551 73.8167 5267.3 565.929 5502.97 589.624 5502.97 589.624 0.539423 0.0247377 
500 0.27 2140000000 1629.83 58.1587 -140.493 1.51658 20640 440.394 5.03549e+08 2.3953e+07 -0.00167691 0.00319614 -0.00379432 0.00271879 0.00525901 0.000255014 5.1138e-05 5.69205e-06 0.064672 0.00161566 17.1191 0.503742 218.551 73.6379 5267.3 565.929 5502.97 589.624 5502.97 589.624 0.539423 0.0247377 
500 0.27 2145000000 1629.83 58.0251 -140.493 1.51195 20640 438.942 5.03549e+08 2.3953e+07 -0.00167691 0.00319614 -0.00379432 0.00271879 0.00525901 0.000255014 5.1138e-05 5.69205e-06 0.064672 0.00161201 17.1191 0.503742 218.551 73.4602 5267.3 563.732 5502.97 587.333 5502.97 587.333 0.539423 0.0247377 
500 0.27 2150000000 1629.83 57.9459 -140.493 1.51195 20640 438.942 5.03549e+08 2.3953e+07 -0.00167691 0.00319614 -0.00379432 0.00271879 0.00525901 0.000255014 5.1138e-05 5.69205e-06 0.064672 0.00160821 17.1191 0.503742 218.551 73.2829 5267.3 563.732 5502.97 587.333 5502.97 587.333 0.539423 0.0247377 
500 0.27 2155000000 1629.83 58.0635 -140.493 1.51326 20640 438.9 5.03549e+08 2.3953e+07 -0.00167691 0.00319614 -0.00379432 0.00271879 0.00525901 0.000255014 5.1138e-05 5.69205e-06 0.064672 0.00160835 17.1191 0.503742 218.551 73.1066 5267.3 561.521 5502.97 585.026 5502.97 585.026 0.539423 0.0247377 
500 0.27 2160000000 1629.83 57.9304 -140.493 1.51326 20640 438.9 5.03549e+08 2.3953e+07 -0.00167691 0.00319614 -0.00379432 0.00271879 0.00525901 0.000255014 5.1138e-05 5.69205e-06 0.064672 0.00160464 17.1191 0.503742 218.551 72.9313 5267.3 561.521 5502.97 585.026 5502.97 585.026 0.539423 0.0247377 
