L J MC_steps R2 R2_std E E_std E2 E2_std E4 E4_std Sin1 Sin1_std Cos1 Cos1_std Mag2 Mag2_std Mag4 Mag4_std Mag1 Mag1_std eig1 eig1_std eig2 eig2_std eig3 eig3_std R_g_2_trace R_g_2_trace_std R_g_2_direct R_g_2_direct_std asphericity asphericity_std
200 0.28 16000000 605 0 -98.2389 0 9650.89 0 9.31396e+07 0 0.0478972 0 -0.0537882 0 0.00518732 0 2.69083e-05 0 0.072023 0 5.33004 0 18.1427 0 87.6388 0 111.112 0 111.112 0 0.476625 0 
200 0.28 16800000 425 127.279 -99.1806 0.665868 9837.68 132.082 9.68148e+07 2.59877e+06 -0.0495211 0.0688852 -0.0680252 0.0100671 0.0167728 0.00819217 0.00041555 0.000274811 0.120211 0.0340741 4.86993 0.32535 12.6981 3.84989 55.8741 22.461 73.4422 26.6363 73.4422 26.6363 0.371212 0.0745381 
200 0.28 17600000 302.333 131.268 -103.23 3.3357 10689.7 701.255 1.15746e+08 1.55539e+07 -0.0448617 0.0460807 -0.111602 0.0362074 0.0247707 0.00851306 0.000831006 0.000385531 0.147443 0.031787 4.46159 0.397746 21.5382 7.66059 289.426 191.282 315.426 198.375 315.426 198.375 0.52984 0.138725 
200 0.28 18400000 329.5 101.223 -92.8426 9.33682 8968.46 1580.73 9.04282e+07 2.48359e+07 -0.0405938 0.0347576 -0.0691541 0.0457031 0.0196176 0.00778985 0.000627577 0.000338591 0.126703 0.029849 5.14128 0.659902 20.2747 5.84871 227.365 153.199 252.781 158.364 252.781 158.364 0.452449 0.123762 
200 0.28 19200000 348.6 82.7612 -87.4554 8.88878 8043.51 1511.16 7.6116e+07 2.36354e+07 -0.0327164 0.0286849 -0.0571837 0.0380978 0.0157117 0.00714432 0.000502063 0.000293215 0.103239 0.0317913 5.05124 0.53403 18.9368 4.82957 192.18 126.535 216.168 130.855 216.168 130.855 0.438037 0.099845 
200 0.28 20000000 455.333 119.373 -82.7155 8.57849 7283.4 1437.81 6.54518e+07 2.19707e+07 -0.0295933 0.0240735 -0.0423255 0.0345242 0.0132959 0.0063489 0.000418633 0.000255941 0.0918469 0.0284607 5.12064 0.449512 18.8206 4.02604 173.769 106.777 197.71 110.34 197.71 110.34 0.440055 0.0832246 
200 0.28 20800000 415 108.92 -81.0768 7.50789 6968.02 1266.53 5.9782e+07 1.95499e+07 -0.0329502 0.0208671 -0.0262779 0.0331124 0.0124993 0.00549166 0.000367342 0.000224458 0.0912776 0.0244006 5.24885 0.403167 17.7034 3.60256 153.249 93.4739 176.201 96.651 176.201 96.651 0.408425 0.0771118 
200 0.28 21600000 470.75 108.64 -78.3567 7.04495 6536.82 1179.33 5.38566e+07 1.79818e+07 -0.0407997 0.0196798 -0.021941 0.029256 0.0120917 0.00482031 0.000332092 0.00019915 0.0918824 0.021358 5.21004 0.354634 16.8183 3.25915 145.212 82.1344 167.241 84.984 167.241 84.984 0.433052 0.0712968 
200 0.28 22400000 491.444 98.5203 -73.3905 7.81902 5936.4 1191.37 4.80152e+07 1.6906e+07 -0.0318204 0.019434 -0.0204624 0.0260427 0.0109343 0.00442147 0.000295505 0.000180351 0.0862215 0.0197208 5.02377 0.36085 16.837 2.89707 139.868 73.182 161.729 75.7199 161.729 75.7199 0.446598 0.064649 
200 0.28 23200000 469.2 91.1449 -72.4068 8.07886 5746.67 1228.38 4.48451e+07 1.68072e+07 -0.0284911 0.0177735 -0.0283174 0.0245945 0.0108215 0.00398077 0.000275569 0.000163414 0.0875016 0.0177902 4.91455 0.340895 17.0207 2.65648 129.562 66.5856 151.497 68.8358 151.497 68.8358 0.424979 0.0616929 
200 0.28 24000000 523.364 97.6351 -70.9914 8.07886 5517.92 1228.38 4.1717e+07 1.68072e+07 -0.0274206 0.0161899 -0.0301244 0.0224249 0.0100742 0.00368834 0.000251133 0.000150374 0.0841843 0.0176159 5.00462 0.321584 20.6513 4.19838 140.588 61.4385 166.244 64.1381 166.244 64.1381 0.432622 0.056556 
200 0.28 24800000 537.167 90.4693 -67.8792 7.89984 5152.43 1158.5 3.83473e+07 1.52102e+07 -0.0188827 0.0169431 -0.0284078 0.0206217 0.00971146 0.00339877 0.000232933 0.00013894 0.0834719 0.0151338 5.07373 0.30212 20.0929 3.88548 137.536 56.3944 162.703 58.8909 162.703 58.8909 0.444999 0.0531799 
200 0.28 25600000 514.385 86.331 -65.8771 7.89984 4890.83 1158.5 3.56335e+07 1.52102e+07 -0.0166689 0.0157838 -0.0229318 0.0197491 0.00911274 0.00318963 0.000215301 0.000129367 0.0804287 0.0151338 8.1374 2.95666 165.561 139.808 433.243 288.836 606.942 430.259 606.942 430.259 0.436151 0.0498197 
200 0.28 26400000 572.286 97.6699 -63.6461 7.82367 4627.2 1105.67 3.31912e+07 1.38838e+07 -0.0230975 0.0159117 -0.0182363 0.0188884 0.00940544 0.0029752 0.000212388 0.000120159 0.0828936 0.0134539 9.62122 4.21683 226.696 191.302 773.788 590.658 1010.11 785.874 1010.11 785.874 0.446309 0.0472853 
200 0.28 27200000 562.733 91.6245 -70.5642 8.97402 6187.3 1733.39 8.33522e+07 4.97662e+07 -0.0113192 0.0187091 -0.0357468 0.0244329 0.0156109 0.00660691 0.000898468 0.000672237 0.0987098 0.0197775 9.39177 4.21683 213.281 191.302 968.69 590.658 1191.36 785.874 1191.36 785.874 0.481536 0.0557311 
200 0.28 28000000 537.625 89.272 -71.8951 10.3152 6327.97 1861.99 8.25927e+07 4.77811e+07 -0.0124681 0.017575 -0.0353806 0.0229086 0.0147462 0.0062503 0.00084251 0.000632547 0.0951739 0.0188549 9.02913 3.73106 200.959 169.112 909.636 532.218 1119.62 695.229 1119.62 695.229 0.461763 0.0556451 
200 0.28 28800000 511.235 87.8347 -72.173 10.3152 6301.05 1861.99 7.97615e+07 4.77811e+07 -0.00424294 0.0183653 -0.0342067 0.0219823 0.0148469 0.00588345 0.000808885 0.000597036 0.0971219 0.0178461 8.89424 3.73106 189.68 169.112 857.395 532.218 1055.97 695.229 1055.97 695.229 0.442491 0.0556092 
200 0.28 29600000 546.111 89.6118 -70.9954 9.20825 6095.37 1669.57 7.57054e+07 4.29656e+07 0.0027661 0.0198684 -0.0306911 0.0206758 0.0148948 0.00555679 0.000777658 0.000563925 0.0986895 0.0169234 8.75517 3.32654 180.169 151.594 1058.5 493.463 1247.42 629.618 1247.42 629.618 0.472547 0.0600958 
200 0.28 30400000 526.263 87.0657 -70.1457 9.20825 5932.91 1669.57 7.21974e+07 4.29656e+07 0.00425584 0.0198684 -0.0290325 0.0200338 0.0141617 0.00531246 0.000736778 0.000535724 0.0951312 0.0164025 8.58438 3.32654 172.064 151.594 1030.98 493.463 1211.63 629.618 1211.63 629.618 0.491913 0.0599721 
200 0.28 31200000 512.2 83.8405 -68.7845 8.54872 5728.38 1542.42 6.87572e+07 3.92268e+07 0.00190564 0.0179002 -0.0326798 0.0190067 0.014065 0.00504772 0.000707414 0.000509742 0.0959034 0.0156005 8.359 3.01739 164.041 137.29 980.628 539.196 1153.03 664.092 1153.03 664.092 0.476897 0.0588232 
200 0.28 32000000 512.2 84.9633 -68.7845 8.54872 5728.38 1542.42 6.87572e+07 3.92268e+07 0.00190564 0.0179002 -0.0326798 0.0182966 0.014065 0.00483012 0.000707414 0.000486531 0.0959034 0.0149355 8.359 3.01739 164.041 137.29 980.628 539.196 1153.03 664.092 1153.03 664.092 0.476897 0.0575454 
200 0.28 32800000 535.182 81.3707 -65.9751 8.22026 5341.17 1449.99 6.27205e+07 3.61222e+07 -5.56746e-05 0.0173298 -0.02485 0.0181618 0.013291 0.00461951 0.000646128 0.000465242 0.0938894 0.0142635 7.8685 2.80603 150.461 129.599 898.709 539.196 1057.04 664.092 1057.04 664.092 0.476593 0.056556 
200 0.28 33600000 535.182 81.244 -65.9751 8.22026 5341.17 1449.99 6.27205e+07 3.61222e+07 -5.56746e-05 0.0173298 -0.02485 0.0180927 0.013291 0.00442171 0.000646128 0.000449785 0.0938894 0.013644 7.8685 2.80603 150.461 129.599 898.709 539.196 1057.04 664.092 1057.04 664.092 0.476593 0.0542055 
200 0.28 34400000 541.083 79.81 -66.9354 7.59112 5466.93 1334.6 6.30948e+07 3.3114e+07 0.00060268 0.015651 -0.0309744 0.01793 0.0145543 0.00446311 0.000689892 0.000432231 0.0991894 0.0140175 7.63684 2.5604 139.231 115.524 828.99 470.169 975.857 576.559 975.857 576.559 0.465209 0.0539525 
200 0.28 35200000 541.083 76.907 -66.9354 7.59112 5466.93 1334.6 6.30948e+07 3.3114e+07 0.00060268 0.01549 -0.0309744 0.0176887 0.0145543 0.00428458 0.000689892 0.00041537 0.0991894 0.0134821 7.63684 2.5604 139.231 115.524 828.99 470.169 975.857 576.559 975.857 576.559 0.465209 0.0550346 
200 0.28 36000000 536.077 73.97 -65.7092 7.10553 5248.58 1249.67 5.87951e+07 3.08447e+07 -0.00188485 0.0149536 -0.0223454 0.0182319 0.0143375 0.00412508 0.000647987 0.000400012 0.0998357 0.0129649 7.43457 2.42951 129.888 110.348 999.488 470.169 1136.81 576.559 1136.81 576.559 0.503515 0.056206 
200 0.28 36800000 536.077 71.4357 -65.7092 7.10553 5248.58 1249.67 5.87951e+07 3.08447e+07 -0.00188485 0.0145749 -0.0223454 0.0182319 0.0143375 0.00398854 0.000647987 0.000385873 0.0998357 0.0125428 7.43457 2.42951 129.888 110.348 999.488 470.169 1136.81 576.559 1136.81 576.559 0.503515 0.0544959 
200 0.28 37600000 536.857 69.0412 -64.0745 6.78341 5032.65 1178.92 5.51544e+07 2.88555e+07 -0.00335691 0.0145333 -0.0170233 0.0176894 0.01407 0.00384732 0.000612418 0.000372288 0.0997066 0.012143 7.23434 2.21047 121.752 99.6794 932.817 414.308 1061.8 500.558 1061.8 500.558 0.49709 0.0525496 
200 0.28 38400000 536.857 66.78 -64.0745 6.78341 5032.65 1178.92 5.51544e+07 2.88555e+07 -0.00335691 0.0144529 -0.0170233 0.0176894 0.01407 0.00371488 0.000612418 0.00035968 0.0997066 0.0117522 7.23434 2.21047 121.752 99.6794 932.817 414.308 1061.8 500.558 1061.8 500.558 0.49709 0.0531668 
200 0.28 39200000 572.2 75.2885 -63.2231 6.3844 4880.3 1110.12 5.20618e+07 2.7097e+07 -0.00375837 0.0143043 -0.0174331 0.0167212 0.0139032 0.0035969 0.000581429 0.000348136 0.100134 0.0113671 6.96496 2.11551 115.797 95.9585 1049.95 414.308 1172.71 500.558 1172.71 500.558 0.52353 0.0523774 
200 0.28 40000000 572.2 74.5621 -63.2231 6.3844 4880.3 1110.12 5.20618e+07 2.7097e+07 -0.00375837 0.0143603 -0.0174331 0.0167212 0.0139032 0.00348087 0.000581429 0.000337133 0.100134 0.0110146 6.96496 2.11551 115.797 100.88 1049.95 414.308 1172.71 500.558 1172.71 500.558 0.52353 0.0508082 
200 0.28 40800000 546.75 72.8155 -62.0151 6.09858 4753.29 1047.98 4.97586e+07 2.55012e+07 0.00363124 0.0143333 -0.0173901 0.0154827 0.0139382 0.00337228 0.000558186 0.000326767 0.10139 0.0106919 7.20031 1.96276 187.062 111.344 1202.06 441.421 1396.33 538.285 1396.33 538.285 0.509092 0.050373 
200 0.28 41600000 546.75 70.6516 -62.0151 6.09858 4753.29 1047.98 4.97586e+07 2.55012e+07 0.00363124 0.0148422 -0.0173901 0.0154827 0.0139382 0.00333476 0.000558186 0.000317605 0.10139 0.0106948 7.20031 1.96276 187.062 111.344 1202.06 441.421 1396.33 538.285 1396.33 538.285 0.509092 0.0503606 
200 0.28 42400000 592.941 80.9677 -62.5534 5.79496 4778.94 986.649 4.85643e+07 2.40291e+07 0.0125438 0.0154099 -0.0196771 0.0147399 0.0147551 0.0032402 0.000574676 0.000308312 0.105134 0.0104345 7.23384 1.85135 179.415 105.057 1241.41 441.421 1428.06 538.285 1428.06 538.285 0.532546 0.0500681 
200 0.28 43200000 592.941 78.6724 -62.5534 5.79496 4778.94 986.649 4.85643e+07 2.40291e+07 0.0125438 0.0154099 -0.0196771 0.0147399 0.0147551 0.00316362 0.000574676 0.000299922 0.105134 0.0102196 7.23384 1.85135 179.415 105.057 1241.41 441.421 1428.06 538.285 1428.06 538.285 0.532546 0.0489296 
200 0.28 44000000 591.111 76.4871 -61.9474 5.47512 4676.38 937.15 4.65017e+07 2.27825e+07 0.00910104 0.0149334 -0.0147818 0.0147115 0.0145706 0.00307875 0.000553534 0.000291633 0.104798 0.0099831 7.09747 1.74997 170.408 99.6056 1176.45 393.116 1353.96 480.14 1353.96 480.14 0.528114 0.0475803 
200 0.28 44800000 591.111 74.4956 -61.9474 5.47512 4676.38 937.15 4.65017e+07 2.27825e+07 0.00910104 0.0149334 -0.0147818 0.0147115 0.0145706 0.00300378 0.000553534 0.000283752 0.104798 0.00979228 7.09747 1.74997 170.408 99.6056 1176.45 393.116 1353.96 480.14 1353.96 480.14 0.528114 0.0477095 
200 0.28 45600000 598.158 72.6242 -61.7388 5.19093 4613.81 889.912 4.47832e+07 2.16481e+07 0.00427081 0.0149082 -0.0201745 0.0148928 0.0149351 0.00292795 0.000548828 0.000276312 0.106995 0.00957945 7.0074 1.66018 162.976 94.6401 1215.81 393.116 1385.79 480.14 1385.79 480.14 0.536232 0.0465878 
200 0.28 46400000 598.158 71.3829 -61.7388 5.19093 4613.81 889.912 4.47832e+07 2.16481e+07 0.00427081 0.0149082 -0.0201745 0.0148928 0.0149351 0.00286575 0.000548828 0.000269563 0.106995 0.0093944 7.0074 1.66018 162.976 94.6401 1215.81 393.116 1385.79 480.14 1385.79 480.14 0.536232 0.0465182 
200 0.28 47200000 581.2 69.9851 -61.8318 4.93221 4590.68 845.717 4.34916e+07 2.06042e+07 0.00311572 0.0142074 -0.0208097 0.0141617 0.0144331 0.00280309 0.000522607 0.000263118 0.105135 0.00919195 6.94187 1.57847 155.942 90.1691 1204.86 354.83 1367.75 432.324 1367.75 432.324 0.545827 0.0455271 
200 0.28 48000000 581.2 68.3391 -61.8318 4.93221 4590.68 845.717 4.34916e+07 2.06042e+07 0.00311572 0.0142074 -0.0208097 0.0141617 0.0144331 0.00273528 0.000522607 0.000256767 0.105135 0.00898661 6.94187 1.57847 155.942 90.1691 1204.86 354.83 1367.75 432.324 1367.75 432.324 0.545827 0.0455271 
200 0.28 48800000 581.2 67.0024 -61.8318 4.7043 4590.68 808.13 4.34916e+07 1.96843e+07 0.00311572 0.0135928 -0.0208097 0.0135317 0.0144331 0.00267641 0.000522607 0.000250899 0.105135 0.00879047 6.94187 1.50398 155.942 86.0985 1204.86 354.83 1367.75 432.324 1367.75 432.324 0.545827 0.0455271 
200 0.28 49600000 581.2 65.5226 -61.8318 4.7043 4590.68 808.13 4.34916e+07 1.96843e+07 0.00311572 0.0135928 -0.0208097 0.0135317 0.0144331 0.00261944 0.000522607 0.000245288 0.105135 0.00859964 6.94187 1.50398 155.942 86.0985 1204.86 354.83 1367.75 432.324 1367.75 432.324 0.545827 0.0455271 
200 0.28 50400000 590.818 64.134 -61.7654 4.57068 4516.07 771.429 4.08837e+07 1.88159e+07 0.00135269 0.0129819 -0.0175164 0.013618 0.0140044 0.00256319 0.000485199 0.000239903 0.104368 0.00840945 6.75726 1.44197 143.247 82.4186 1136.97 339.298 1286.97 403.779 1286.97 403.779 0.551054 0.0455271 
200 0.28 51200000 590.818 62.7123 -61.7654 4.57068 4516.07 771.429 4.08837e+07 1.88159e+07 0.00135269 0.0129819 -0.0175164 0.013618 0.0140044 0.0025179 0.000485199 0.000234805 0.104368 0.00829483 6.75726 1.44197 143.247 82.4186 1136.97 339.298 1286.97 403.779 1286.97 403.779 0.551054 0.0455271 
200 0.28 52000000 590.818 62.3384 -61.7654 4.57068 4516.07 742.062 4.08837e+07 1.8049e+07 0.00135269 0.0124792 -0.0175164 0.0131942 0.0140044 0.00246317 0.000485199 0.000229778 0.104368 0.00812127 6.75726 1.38048 143.247 79.0175 1136.97 339.298 1286.97 403.779 1286.97 403.779 0.551054 0.0455271 
200 0.28 52800000 590.818 61.0632 -61.7654 4.57068 4516.07 742.062 4.08837e+07 1.8049e+07 0.00135269 0.0124792 -0.0175164 0.0131942 0.0140044 0.00257356 0.000485199 0.000232118 0.104368 0.00843571 6.75726 1.38048 143.247 79.0175 1136.97 339.298 1286.97 403.779 1286.97 403.779 0.551054 0.0455271 
200 0.28 53600000 616.917 68.6489 -62.0207 4.21691 4516.5 715.528 3.95491e+07 1.72971e+07 0.00569468 0.0123322 -0.0101306 0.0136447 0.0143965 0.00253519 0.000515766 0.00022754 0.104961 0.00839114 6.54981 1.33093 132.659 75.8896 1149.38 301.822 1288.59 367.126 1288.59 367.126 0.559442 0.0411626 
200 0.28 54400000 616.917 67.3817 -62.0207 4.21691 4516.5 715.528 3.95491e+07 1.72971e+07 0.00569468 0.0123322 -0.0101306 0.0136447 0.0143965 0.00248379 0.000515766 0.000222952 0.104961 0.00823318 6.54981 1.33093 132.659 75.8896 1149.38 301.822 1288.59 367.126 1288.59 367.126 0.559442 0.0411818 
200 0.28 55200000 616.917 66.1939 -62.0207 4.21231 4516.5 703.838 3.95491e+07 1.66529e+07 0.00569468 0.0119547 -0.0101306 0.0134013 0.0143965 0.00243684 0.000515766 0.000218502 0.104961 0.00810151 6.54981 1.29117 132.659 72.9853 1149.38 301.822 1288.59 367.126 1288.59 367.126 0.559442 0.0405063 
200 0.28 56000000 616.917 65.1049 -62.0207 4.21231 4516.5 703.838 3.95491e+07 1.66529e+07 0.00569468 0.0119547 -0.0101306 0.0134013 0.0143965 0.00240437 0.000515766 0.000214444 0.104961 0.00809936 6.54981 1.29117 132.659 78.0098 1149.38 301.822 1288.59 367.126 1288.59 367.126 0.559442 0.0399231 
200 0.28 56800000 616.577 64.064 -62.9368 4.05908 4614.61 679.195 3.96474e+07 1.60548e+07 0.00481552 0.0115227 -0.00927335 0.0132784 0.0141017 0.00236476 0.000489648 0.000210514 0.103917 0.00796987 6.73834 1.24151 172.451 82.5124 1359.89 344.274 1539.08 415.644 1539.08 415.644 0.568737 0.0399549 
200 0.28 57600000 616.577 63.7844 -62.9368 4.05908 4614.61 679.195 3.96474e+07 1.60548e+07 0.00481552 0.0115227 -0.00927335 0.0132784 0.0141017 0.0023268 0.000489648 0.000206727 0.103917 0.00784744 6.73834 1.24151 172.451 82.5124 1359.89 344.274 1539.08 415.644 1539.08 415.644 0.568737 0.0399231 
200 0.28 58400000 616.577 62.6707 -62.9368 3.91721 4614.61 654.146 3.96474e+07 1.54692e+07 0.00481552 0.0111115 -0.00927335 0.0132784 0.0141017 0.00228378 0.000489648 0.000202954 0.103917 0.00771001 6.73834 1.21576 172.451 79.472 1359.89 344.274 1539.08 415.644 1539.08 415.644 0.568737 0.0399231 
200 0.28 59200000 616.577 61.9509 -62.9368 3.91721 4614.61 654.146 3.96474e+07 1.54692e+07 0.00481552 0.0111115 -0.00927335 0.0132784 0.0141017 0.0022477 0.000489648 0.000199427 0.103917 0.00759039 6.73834 1.21576 172.451 79.472 1359.89 344.274 1539.08 415.644 1539.08 415.644 0.568737 0.0399231 
200 0.28 60000000 623.821 61.1841 -63.0152 3.78163 4583.55 632.199 3.81543e+07 1.49461e+07 0.00407768 0.0107949 -0.00514857 0.0122805 0.0135405 0.00222087 0.000459552 0.000196041 0.101344 0.00764148 7.1195 1.18232 165.764 76.796 1418.94 350.573 1591.82 407.224 1591.82 407.224 0.583176 0.0406673 
200 0.28 60800000 623.821 60.8473 -63.0152 3.78163 4583.55 632.199 3.81543e+07 1.49461e+07 0.00407768 0.0107949 -0.00514857 0.0122805 0.0135405 0.00218842 0.000459552 0.000192607 0.101344 0.00755986 7.1195 1.18232 165.764 76.796 1418.94 350.573 1591.82 407.224 1591.82 407.224 0.583176 0.0406673 
200 0.28 61600000 623.821 60.337 -63.0152 3.6516 4583.55 610.471 3.81543e+07 1.44426e+07 0.00407768 0.0106489 -0.00514857 0.0122805 0.0135405 0.00216075 0.000459552 0.00018932 0.101344 0.00749689 7.1195 1.15995 165.764 75.6802 1418.94 350.573 1591.82 407.224 1591.82 407.224 0.583176 0.0406673 
200 0.28 62400000 623.821 59.5274 -63.0152 3.6516 4583.55 610.471 3.81543e+07 1.44426e+07 0.00407768 0.0106489 -0.00514857 0.0122805 0.0135405 0.00212474 0.000459552 0.000186202 0.101344 0.00736985 7.1195 1.15995 165.764 75.6802 1418.94 350.573 1591.82 407.224 1591.82 407.224 0.583176 0.0406673 
200 0.28 63200000 621.333 58.6691 -62.9988 3.53054 4554.19 590.443 3.69634e+07 1.39734e+07 -0.00113042 0.0107044 -0.00147199 0.0122805 0.0140161 0.0020944 0.00045964 0.000183101 0.104059 0.00728912 7.04086 1.13089 175.543 73.3675 1412.45 350.573 1595.04 407.224 1595.04 407.224 0.580754 0.0406673 
200 0.28 64000000 621.333 58.0576 -62.9988 3.53054 4554.19 590.443 3.69634e+07 1.39734e+07 -0.00113042 0.0107044 -0.00147199 0.0122805 0.0140161 0.00209001 0.00045964 0.000180586 0.104059 0.00730126 7.04086 1.13089 175.543 73.3675 1412.45 350.573 1595.04 407.224 1595.04 407.224 0.580754 0.0406673 
200 0.28 64800000 621.333 58.3522 -62.9988 3.41912 4554.19 571.546 3.69634e+07 1.35232e+07 -0.00113042 0.0105571 -0.00147199 0.0122805 0.0140161 0.0020563 0.00045964 0.000177725 0.104059 0.00718713 7.04086 1.13089 175.543 71.1034 1412.45 350.573 1595.04 407.224 1595.04 407.224 0.580754 0.0406673 
200 0.28 65600000 621.333 57.5888 -62.9988 3.41912 4554.19 571.546 3.69634e+07 1.35232e+07 -0.00113042 0.0105571 -0.00147199 0.0122805 0.0140161 0.00203128 0.00045964 0.000175052 0.104059 0.00711503 7.04086 1.13089 175.543 71.1034 1412.45 350.573 1595.04 407.224 1595.04 407.224 0.580754 0.0406673 
200 0.28 66400000 626.125 57.433 -62.3957 3.39039 4473.77 561.312 3.57623e+07 1.31432e+07 -0.000780731 0.0102887 -0.00548265 0.0118209 0.0141261 0.00200067 0.000455719 0.00017241 0.104815 0.0070044 6.98753 1.03951 166.659 69.0572 1429.4 306.907 1603.05 356.476 1603.05 356.476 0.593881 0.036966 
200 0.28 67200000 626.125 56.5517 -62.3957 3.39039 4473.77 561.312 3.57623e+07 1.31432e+07 -0.000780731 0.0102887 -0.00548265 0.0118209 0.0141261 0.00197189 0.000455719 0.00016986 0.104815 0.00689977 6.98753 1.03951 166.659 69.0572 1429.4 306.907 1603.05 356.476 1603.05 356.476 0.593881 0.036966 
200 0.28 68000000 626.125 55.7366 -62.3957 3.29626 4473.77 546.067 3.57623e+07 1.2769e+07 -0.000780731 0.0101253 -0.00548265 0.0118209 0.0141261 0.00194786 0.000455719 0.000167413 0.104815 0.00682363 6.98753 1.01876 166.659 67.1263 1429.4 306.907 1603.05 356.476 1603.05 356.476 0.593881 0.036966 
200 0.28 68800000 626.125 54.9971 -62.3957 3.29626 4473.77 546.067 3.57623e+07 1.2769e+07 -0.000780731 0.0101253 -0.00548265 0.0118209 0.0141261 0.00192215 0.000455719 0.000165023 0.104815 0.00673209 6.98753 1.01876 166.659 67.1263 1429.4 306.907 1603.05 356.476 1603.05 356.476 0.593881 0.036966 
200 0.28 69600000 625.853 54.4287 -61.6308 3.24055 4357.64 534.679 3.40621e+07 1.24255e+07 0.00399675 0.0104093 -0.0042776 0.0111868 0.0139788 0.00190517 0.000442224 0.000162674 0.104539 0.00669772 6.91488 0.997198 157.565 65.2937 1418.42 306.907 1582.9 356.476 1582.9 356.476 0.599956 0.036966 
200 0.28 70400000 625.853 53.8096 -61.6308 3.24055 4357.64 534.679 3.40621e+07 1.24255e+07 0.00399675 0.0104093 -0.0042776 0.0111868 0.0139788 0.00188243 0.000442224 0.000160431 0.104539 0.00662204 6.91488 0.997198 157.565 65.2937 1418.42 306.907 1582.9 356.476 1582.9 356.476 0.599956 0.036966 
200 0.28 71200000 625.853 53.4245 -61.6308 3.15464 4357.64 520.375 3.40621e+07 1.20841e+07 0.00399675 0.0104093 -0.0042776 0.0111868 0.0139788 0.00186428 0.000442224 0.00015826 0.104539 0.00660343 6.91488 0.997198 157.565 63.5278 1418.42 306.907 1582.9 356.476 1582.9 356.476 0.599956 0.036966 
200 0.28 72000000 625.853 52.7138 -61.6308 3.15464 4357.64 520.375 3.40621e+07 1.20841e+07 0.00399675 0.0104093 -0.0042776 0.0111868 0.0139788 0.00184 0.000442224 0.000156032 0.104539 0.00653154 6.91488 0.997198 157.565 63.5278 1418.42 306.907 1582.9 356.476 1582.9 356.476 0.599956 0.036966 
200 0.28 72800000 608.722 52.155 -60.8789 3.11354 4254.42 510.735 3.26405e+07 1.17775e+07 0.00157091 0.0102398 -0.00411552 0.0105665 0.0136615 0.0018164 0.000424188 0.00015395 0.103301 0.00644469 6.97473 0.930928 149.988 61.887 1415.98 273.1 1572.94 318.136 1572.94 318.136 0.591139 0.0336739 
200 0.28 73600000 608.722 51.4666 -60.8789 3.11354 4254.42 510.735 3.26405e+07 1.17775e+07 0.00157091 0.0102398 -0.00411552 0.0105665 0.0136615 0.00179517 0.000424188 0.000151937 0.103301 0.00637021 6.97473 0.930928 149.988 61.887 1415.98 273.1 1572.94 318.136 1572.94 318.136 0.591139 0.033248 
200 0.28 74400000 608.722 50.7852 -60.8789 3.10627 4254.42 503.119 3.26405e+07 1.14882e+07 0.00157091 0.0101097 -0.00411552 0.0105665 0.0136615 0.00177412 0.000424188 0.000149884 0.103301 0.0063115 6.97473 0.909871 149.988 60.3178 1415.98 273.1 1572.94 318.136 1572.94 318.136 0.591139 0.0331867 
200 0.28 75200000 608.722 50.1508 -60.8789 3.10627 4254.42 503.119 3.26405e+07 1.14882e+07 0.00157091 0.0101097 -0.00411552 0.0105665 0.0136615 0.00175069 0.000424188 0.000147934 0.103301 0.00622757 6.97473 0.909871 149.988 60.3178 1415.98 273.1 1572.94 318.136 1572.94 318.136 0.591139 0.0329737 
200 0.28 76000000 613.526 49.9035 -60.2571 3.04704 4169.33 489.907 3.13917e+07 1.11936e+07 0.000459131 0.00977664 -0.00318917 0.0100509 0.0134606 0.00173543 0.000410078 0.000146088 0.102591 0.00621498 6.94761 0.88648 143.208 58.8154 1444.09 273.1 1594.25 318.136 1594.25 318.136 0.598857 0.0329602 
200 0.28 76800000 613.526 49.3563 -60.2571 3.04704 4169.33 489.907 3.13917e+07 1.11936e+07 0.000459131 0.00977664 -0.00318917 0.0100509 0.0134606 0.00172038 0.000410078 0.000144288 0.102591 0.0062012 6.94761 0.88648 143.208 58.8154 1444.09 273.1 1594.25 318.136 1594.25 318.136 0.598857 0.0329938 
200 0.28 77600000 613.526 49.0586 -60.2571 3.04704 4169.33 480.65 3.13917e+07 1.09286e+07 0.000459131 0.00963859 -0.00318917 0.0100509 0.0134606 0.00169841 0.000410078 0.000142458 0.102591 0.00612665 6.94761 0.88648 143.208 57.4059 1444.09 273.1 1594.25 318.136 1594.25 318.136 0.598857 0.033024 
200 0.28 78400000 613.526 48.5134 -60.2571 3.04704 4169.33 480.65 3.13917e+07 1.09286e+07 0.000459131 0.00963859 -0.00318917 0.0100509 0.0134606 0.00168051 0.000410078 0.000140659 0.102591 0.00607743 6.94761 0.88648 143.208 57.4059 1444.09 273.1 1594.25 318.136 1594.25 318.136 0.598857 0.0329602 
200 0.28 79200000 599.975 47.9437 -59.6169 3.74886 4075.01 583.022 3.0096e+07 1.19929e+07 0.000476117 0.00928785 -0.00655819 0.0100972 0.0132747 0.0016664 0.000398369 0.000138991 0.101673 0.00605949 7.07172 0.847339 137.401 56.0209 1401.5 246.173 1545.97 287.463 1545.97 287.463 0.590075 0.0369935 
200 0.28 80000000 599.975 47.7715 -59.6169 3.74886 4075.01 583.022 3.0096e+07 1.19929e+07 0.000476117 0.00928785 -0.00655819 0.0100972 0.0132747 0.001652 0.000398369 0.000137361 0.101673 0.00603153 7.07172 0.847339 137.401 56.0209 1401.5 246.173 1545.97 287.463 1545.97 287.463 0.590075 0.0369935 
200 0.28 80800000 599.975 47.3534 -59.6169 3.74886 4075.01 583.022 3.0096e+07 1.19929e+07 0.000476117 0.00915667 -0.00655819 0.0100972 0.0132747 0.00163259 0.000398369 0.000135691 0.101673 0.00596917 7.07172 0.830068 137.401 54.7336 1401.5 246.173 1545.97 287.463 1545.97 287.463 0.590075 0.0369935 
200 0.28 81600000 599.975 46.8214 -59.6169 3.74886 4075.01 583.022 3.0096e+07 1.19929e+07 0.000476117 0.00915667 -0.00655819 0.0100972 0.0132747 0.00161761 0.000398369 0.000134069 0.101673 0.00592988 7.07172 0.830068 137.401 54.7336 1401.5 246.173 1545.97 287.463 1545.97 287.463 0.590075 0.0369935 
200 0.28 82400000 599.975 46.2649 -59.6169 3.74886 4075.01 583.022 3.0096e+07 1.19929e+07 0.000476117 0.00913386 -0.00655819 0.00964281 0.0132747 0.00159843 0.000398369 0.000132506 0.101673 0.00586002 7.07172 0.810674 137.401 53.4512 1401.5 246.173 1545.97 287.463 1545.97 287.463 0.590075 0.0369935 
200 0.28 83200000 599.975 45.8523 -59.6169 3.74886 4075.01 583.022 3.0096e+07 1.19929e+07 0.000476117 0.00913386 -0.00655819 0.00964281 0.0132747 0.00160848 0.000398369 0.000131633 0.101673 0.00589903 7.07172 0.810674 137.401 53.4512 1401.5 246.173 1545.97 287.463 1545.97 287.463 0.590075 0.0369935 
200 0.28 84000000 599.975 45.4409 -59.6169 3.74886 4075.01 583.022 3.0096e+07 1.19929e+07 0.000476117 0.00913386 -0.00655819 0.00964281 0.0132747 0.00159475 0.000398369 0.000130183 0.101673 0.0058603 7.07172 0.803121 137.401 52.2753 1401.5 246.173 1545.97 287.463 1545.97 287.463 0.590075 0.0369935 
200 0.28 84800000 599.975 45.0168 -59.6169 3.74886 4075.01 583.022 3.0096e+07 1.19929e+07 0.000476117 0.00913386 -0.00655819 0.00964281 0.0132747 0.00157663 0.000398369 0.000128699 0.101673 0.00579878 7.07172 0.803121 137.401 52.2753 1401.5 246.173 1545.97 287.463 1545.97 287.463 0.590075 0.0369935 
200 0.28 85600000 597.159 44.6043 -60.0228 3.74886 4131.73 583.022 3.02536e+07 1.19929e+07 -0.00250698 0.00875657 -0.00354684 0.00990407 0.0133851 0.00156244 0.000393987 0.00012731 0.102347 0.00575061 6.93971 0.777248 127.502 51.1586 1326.18 235.033 1460.62 273.707 1460.62 273.707 0.581085 0.0369935 
200 0.28 86400000 597.159 45.1089 -60.0228 3.74886 4131.73 583.022 3.02536e+07 1.19929e+07 -0.00250698 0.00875657 -0.00354684 0.00990407 0.0133851 0.00154563 0.000393987 0.000125928 0.102347 0.00568655 6.93971 0.777248 127.502 51.1586 1326.18 235.033 1460.62 273.707 1460.62 273.707 0.581085 0.0369935 
200 0.28 87200000 597.159 44.8885 -60.0228 3.74886 4131.73 583.022 3.02536e+07 1.19929e+07 -0.00250698 0.00872087 -0.00354684 0.00990407 0.0133851 0.00153008 0.000393987 0.000124528 0.102347 0.00563913 6.93971 0.765114 127.502 50.0882 1326.18 235.033 1460.62 273.707 1460.62 273.707 0.581085 0.0369935 
200 0.28 88000000 597.159 44.7473 -60.0228 3.74886 4131.73 583.022 3.02536e+07 1.19929e+07 -0.00250698 0.00872087 -0.00354684 0.00990407 0.0133851 0.00152193 0.000393987 0.00012324 0.102347 0.00562271 6.93971 0.765114 127.502 50.0882 1326.18 235.033 1460.62 273.707 1460.62 273.707 0.581085 0.0369935 
200 0.28 88800000 597.159 44.2649 -60.0228 3.74886 4131.73 583.022 3.02536e+07 1.19929e+07 -0.00250698 0.00871308 -0.00354684 0.00970696 0.0133851 0.00150617 0.000393987 0.000121948 0.102347 0.0055623 6.93971 0.748529 127.502 49.0526 1326.18 235.033 1460.62 273.707 1460.62 273.707 0.581085 0.0369935 
200 0.28 89600000 597.159 43.8824 -60.0228 3.74886 4131.73 583.022 3.02536e+07 1.19929e+07 -0.00250698 0.00871308 -0.00354684 0.00970696 0.0133851 0.00149061 0.000393987 0.00012068 0.102347 0.00550289 6.93971 0.748529 127.502 49.0526 1326.18 235.033 1460.62 273.707 1460.62 273.707 0.581085 0.0369935 
200 0.28 90400000 597.159 43.7834 -60.0228 3.74886 4131.73 583.022 3.02536e+07 1.19929e+07 -0.00250698 0.00855691 -0.00354684 0.00970696 0.0133851 0.00148841 0.000393987 0.000119604 0.102347 0.00550494 6.93971 0.74088 127.502 48.0579 1326.18 235.033 1460.62 273.707 1460.62 273.707 0.581085 0.0369935 
200 0.28 91200000 597.159 43.4877 -60.0228 3.74886 4131.73 583.022 3.02536e+07 1.19929e+07 -0.00250698 0.00855691 -0.00354684 0.00970696 0.0133851 0.00147319 0.000393987 0.000118385 0.102347 0.0054471 6.93971 0.74088 127.502 48.0579 1326.18 235.033 1460.62 273.707 1460.62 273.707 0.581085 0.0369935 
200 0.28 92000000 598.5 43.2913 -60.0547 3.14951 4102.98 486.522 2.91033e+07 1.00351e+07 -0.000989216 0.00839665 -0.00143558 0.00930264 0.0135855 0.00145897 0.000388912 0.0001172 0.103895 0.0053923 6.83299 0.720842 122.429 47.114 1313.66 215.781 1442.92 251.47 1442.92 251.47 0.582427 0.0316085 
200 0.28 92800000 598.5 42.8824 -60.0547 3.14951 4102.98 486.522 2.91033e+07 1.00351e+07 -0.000989216 0.00839665 -0.00143558 0.00930264 0.0135855 0.00144579 0.000388912 0.000116047 0.103895 0.00534219 6.83299 0.720842 122.429 47.114 1313.66 215.781 1442.92 251.47 1442.92 251.47 0.582427 0.0316085 
200 0.28 93600000 598.5 42.7709 -60.0547 3.14951 4102.98 486.522 2.91033e+07 1.00351e+07 -0.000989216 0.00842762 -0.00143558 0.00930264 0.0135855 0.00149614 0.000388912 0.000118348 0.103895 0.00546005 6.83299 0.707285 122.429 46.2042 1313.66 215.781 1442.92 251.47 1442.92 251.47 0.582427 0.0316085 
200 0.28 94400000 598.5 42.34 -60.0547 3.14951 4102.98 486.522 2.91033e+07 1.00351e+07 -0.000989216 0.00842762 -0.00143558 0.00930264 0.0135855 0.00148215 0.000388912 0.000117204 0.103895 0.00540684 6.83299 0.707285 122.429 46.2042 1313.66 215.781 1442.92 251.47 1442.92 251.47 0.582427 0.0316085 
200 0.28 95200000 598.5 42.4596 -60.0547 3.14951 4102.98 486.522 2.91033e+07 1.00351e+07 -0.000989216 0.00830353 -0.00143558 0.00903427 0.0135855 0.00147356 0.000388912 0.000116104 0.103895 0.00542398 6.83299 0.694371 122.429 45.3274 1313.66 215.781 1442.92 251.47 1442.92 251.47 0.582427 0.0316085 
200 0.28 96000000 598.5 42.3005 -60.0547 3.14951 4102.98 486.522 2.91033e+07 1.00351e+07 -0.000989216 0.00830353 -0.00143558 0.00903427 0.0135855 0.00146068 0.000388912 0.000114955 0.103895 0.0053852 6.83299 0.694371 122.429 45.3274 1313.66 215.781 1442.92 251.47 1442.92 251.47 0.582427 0.0316085 
200 0.28 96800000 598.5 42.0278 -60.0547 3.14951 4102.98 486.522 2.91033e+07 1.00351e+07 -0.000989216 0.00836375 -0.00143558 0.00903427 0.0135855 0.00144936 0.000388912 0.000113891 0.103895 0.005346 6.83299 0.686783 122.429 44.4893 1313.66 215.781 1442.92 251.47 1442.92 251.47 0.582427 0.0316085 
200 0.28 97600000 598.5 41.7375 -60.0547 3.14951 4102.98 486.522 2.91033e+07 1.00351e+07 -0.000989216 0.00836375 -0.00143558 0.00903427 0.0135855 0.00143548 0.000388912 0.000112816 0.103895 0.00529415 6.83299 0.686783 122.429 44.4893 1313.66 215.781 1442.92 251.47 1442.92 251.47 0.582427 0.0316085 
200 0.28 98400000 592.827 41.421 -60.5706 3.14951 4161.25 486.522 2.92348e+07 1.00351e+07 -0.00137429 0.00830877 -0.00186616 0.00886899 0.0136275 0.00142409 0.000396624 0.000111789 0.103721 0.00525274 6.66158 0.67081 113.943 43.6806 1216.76 219.866 1337.36 253.315 1337.36 253.315 0.567339 0.0316085 
200 0.28 99200000 592.827 41.1411 -60.5706 3.14951 4161.25 486.522 2.92348e+07 1.00351e+07 -0.00137429 0.00830877 -0.00186616 0.00886899 0.0136275 0.00141327 0.000396624 0.000110782 0.103721 0.00521503 6.66158 0.67081 113.943 43.6806 1216.76 219.866 1337.36 253.315 1337.36 253.315 0.567339 0.0316085 
200 0.28 100000000 592.827 40.753 -60.5706 3.14951 4161.25 486.522 2.92348e+07 1.00351e+07 -0.00137429 0.00815365 -0.00186616 0.00886899 0.0136275 0.00140126 0.000396624 0.000109785 0.103721 0.00516907 6.66158 0.660446 113.943 54.1091 1216.76 219.866 1337.36 253.315 1337.36 253.315 0.567339 0.0316085 
200 0.28 100800000 592.827 40.6274 -60.5706 3.14951 4161.25 486.522 2.92348e+07 1.00351e+07 -0.00137429 0.00815365 -0.00186616 0.00886899 0.0136275 0.00138979 0.000396624 0.000108759 0.103721 0.00513474 6.66158 0.660446 113.943 54.1091 1216.76 219.866 1337.36 253.315 1337.36 253.315 0.567339 0.0316085 
200 0.28 101600000 592.827 40.3387 -60.5706 3.14951 4161.25 486.522 2.92348e+07 1.00351e+07 -0.00137429 0.00827779 -0.00186616 0.0085435 0.0136275 0.00137809 0.000396624 0.000107797 0.103721 0.00508978 6.66158 0.654996 113.943 53.1622 1216.76 219.866 1337.36 253.315 1337.36 253.315 0.567339 0.0316085 
200 0.28 102400000 592.827 39.9688 -60.5706 3.14951 4161.25 486.522 2.92348e+07 1.00351e+07 -0.00137429 0.00827779 -0.00186616 0.0085435 0.0136275 0.0013659 0.000396624 0.000106841 0.103721 0.0050433 6.66158 0.654996 113.943 53.1622 1216.76 219.866 1337.36 253.315 1337.36 253.315 0.567339 0.0316085 
200 0.28 103200000 592.827 39.6088 -60.5706 3.14951 4161.25 486.522 2.92348e+07 1.00351e+07 -0.00137429 0.00826248 -0.00186616 0.0085435 0.0136275 0.00135358 0.000396624 0.000105894 0.103721 0.00499765 6.66158 0.654996 113.943 52.2479 1216.76 219.866 1337.36 253.315 1337.36 253.315 0.567339 0.0316085 
200 0.28 104000000 592.827 39.3655 -60.5706 3.14951 4161.25 486.522 2.92348e+07 1.00351e+07 -0.00137429 0.00826248 -0.00186616 0.0085435 0.0136275 0.00134311 0.000396624 0.000104941 0.103721 0.0049667 6.66158 0.654996 113.943 52.2479 1216.76 219.866 1337.36 253.315 1337.36 253.315 0.567339 0.0316085 
200 0.28 104800000 574.839 39.2448 -60.1128 2.70011 4080.25 417.55 2.78808e+07 8.67567e+06 -0.000451577 0.00811586 2.35454e-05 0.00839796 0.0134059 0.00133482 0.000379275 0.000104058 0.103271 0.004947 6.66723 0.625693 140.128 51.3683 1231.07 204.627 1377.87 238.437 1377.87 238.437 0.562096 0.0329901 
200 0.28 105600000 574.839 41.0534 -60.1128 2.70011 4080.25 417.55 2.78808e+07 8.67567e+06 -0.000451577 0.00811586 2.35454e-05 0.00839796 0.0134059 0.00132369 0.000379275 0.000103172 0.103271 0.0049041 6.66723 0.625693 140.128 51.3683 1231.07 204.627 1377.87 238.437 1377.87 238.437 0.562096 0.0329901 
200 0.28 106400000 574.839 40.9627 -60.1128 2.70011 4080.25 417.55 2.78808e+07 8.67567e+06 -0.000451577 0.00810866 2.35454e-05 0.00839796 0.0134059 0.00131297 0.000379275 0.000102267 0.103271 0.00487034 6.66723 0.614725 140.128 50.4914 1231.07 204.627 1377.87 238.437 1377.87 238.437 0.562096 0.0329901 
200 0.28 107200000 574.839 40.6212 -60.1128 2.70011 4080.25 417.55 2.78808e+07 8.67567e+06 -0.000451577 0.00810866 2.35454e-05 0.00839796 0.0134059 0.00130163 0.000379275 0.000101386 0.103271 0.00483086 6.66723 0.614725 140.128 50.4914 1231.07 204.627 1377.87 238.437 1377.87 238.437 0.562096 0.0329901 
200 0.28 108000000 574.839 40.3158 -60.1128 2.70011 4080.25 417.55 2.78808e+07 8.67567e+06 -0.000451577 0.00805967 2.35454e-05 0.00817697 0.0134059 0.00129415 0.000379275 0.000100563 0.103271 0.00481606 6.66723 0.608235 140.128 49.6683 1231.07 204.627 1377.87 238.437 1377.87 238.437 0.562096 0.0329901 
200 0.28 108800000 574.839 39.9713 -60.1128 2.70011 4080.25 417.55 2.78808e+07 8.67567e+06 -0.000451577 0.00805967 2.35454e-05 0.00817697 0.0134059 0.00128371 0.000379275 9.97042e-05 0.103271 0.00478225 6.66723 0.608235 140.128 49.6683 1231.07 204.627 1377.87 238.437 1377.87 238.437 0.562096 0.0329901 
200 0.28 109600000 574.839 39.6333 -60.1128 2.70011 4080.25 417.55 2.78808e+07 8.67567e+06 -0.000451577 0.00792771 2.35454e-05 0.00817697 0.0134059 0.0012731 0.000379275 9.88847e-05 0.103271 0.00474175 6.66723 0.608235 140.128 48.8611 1231.07 204.627 1377.87 238.437 1377.87 238.437 0.562096 0.0329901 
200 0.28 110400000 574.839 39.3011 -60.1128 2.70011 4080.25 417.55 2.78808e+07 8.67567e+06 -0.000451577 0.00792771 2.35454e-05 0.00817697 0.0134059 0.00126258 0.000379275 9.80764e-05 0.103271 0.0047019 6.66723 0.608235 140.128 48.8611 1231.07 204.627 1377.87 238.437 1377.87 238.437 0.562096 0.0329901 
200 0.28 111200000 577.617 39.1118 -59.937 2.70011 4042.59 417.55 2.70222e+07 8.67567e+06 -0.00465331 0.00788943 -0.00063334 0.00807793 0.0134087 0.00125511 0.00036883 9.72737e-05 0.103818 0.00468198 6.64459 0.584914 132.974 48.0707 1233.53 191 1373.15 224.835 1373.15 224.835 0.563043 0.0329901 
200 0.28 112000000 577.617 39.3704 -59.937 2.70011 4042.59 417.55 2.70222e+07 8.67567e+06 -0.00465331 0.00788943 -0.00063334 0.00807793 0.0134087 0.00124495 0.00036883 9.64927e-05 0.103818 0.00464329 6.64459 0.584914 132.974 48.0707 1233.53 191 1373.15 224.835 1373.15 224.835 0.563043 0.0329901 
200 0.28 112800000 577.617 39.2433 -59.937 2.70011 4042.59 417.55 2.70222e+07 8.67567e+06 -0.00465331 0.00781749 -0.00063334 0.00795042 0.0134087 0.00123516 0.00036883 9.57285e-05 0.103818 0.00460553 6.64459 0.577708 132.974 47.3223 1233.53 191 1373.15 224.835 1373.15 224.835 0.563043 0.0329901 
200 0.28 113600000 577.617 38.946 -59.937 2.70011 4042.59 417.55 2.70222e+07 8.67567e+06 -0.00465331 0.00781749 -0.00063334 0.00795042 0.0134087 0.00122804 0.00036883 9.4994e-05 0.103818 0.00458602 6.64459 0.577708 132.974 47.3223 1233.53 191 1373.15 224.835 1373.15 224.835 0.563043 0.0329901 
200 0.28 114400000 577.617 38.6711 -59.937 2.70011 4042.59 417.55 2.70222e+07 8.67567e+06 -0.00465331 0.00770924 -0.00063334 0.00787241 0.0134087 0.00121984 0.00036883 9.42661e-05 0.103818 0.00455579 6.64459 0.569537 132.974 46.5934 1233.53 191 1373.15 222.588 1373.15 222.588 0.563043 0.0329901 
200 0.28 115200000 577.617 38.3628 -59.937 2.70011 4042.59 417.55 2.70222e+07 8.67567e+06 -0.00465331 0.00770924 -0.00063334 0.00787241 0.0134087 0.00121011 0.00036883 9.35268e-05 0.103818 0.00451974 6.64459 0.569537 132.974 47.6866 1233.53 191 1373.15 222.588 1373.15 222.588 0.563043 0.0329901 
200 0.28 116000000 577.617 38.0902 -59.937 2.70011 4042.59 417.55 2.70222e+07 8.67567e+06 -0.00465331 0.00763229 -0.00063334 0.00775309 0.0134087 0.00120094 0.00036883 9.28099e-05 0.103818 0.00448429 6.64459 0.568107 132.974 48.4749 1233.53 191 1373.15 222.588 1373.15 222.588 0.563043 0.0329901 
200 0.28 116800000 577.617 37.7922 -59.937 2.70011 4042.59 417.55 2.70222e+07 8.67567e+06 -0.00465331 0.00763229 -0.00063334 0.00775309 0.0134087 0.00119258 0.00036883 9.20794e-05 0.103818 0.00445855 6.64459 0.568107 132.974 48.4749 1233.53 191 1373.15 222.588 1373.15 222.588 0.563043 0.0329901 
200 0.28 117600000 589.594 38.3171 -59.2492 2.49687 3958.16 382.79 2.59863e+07 7.79531e+06 -0.00757166 0.00789996 -0.00160225 0.00763248 0.0131812 0.00118375 0.000353105 9.13854e-05 0.103323 0.0044243 6.56727 0.554345 144.179 47.7256 1292.23 187.868 1442.98 222.156 1442.98 222.156 0.563064 0.0288806 
200 0.28 118400000 589.594 38.0238 -59.2492 2.49687 3958.16 382.79 2.59863e+07 7.79531e+06 -0.00757166 0.00789996 -0.00160225 0.00763248 0.0131812 0.00117871 0.000353105 9.0718e-05 0.103323 0.00443682 6.56727 0.554345 144.179 47.7256 1292.23 187.868 1442.98 222.156 1442.98 222.156 0.563064 0.0288806 
200 0.28 119200000 589.594 37.8089 -59.2492 2.49687 3958.16 382.79 2.59863e+07 7.79531e+06 -0.00757166 0.00789996 -0.00160225 0.00754298 0.0131812 0.00117643 0.000353105 9.01093e-05 0.103323 0.00443453 6.56727 0.545839 144.179 47.0329 1292.23 187.868 1442.98 222.156 1442.98 222.156 0.563064 0.0288806 
200 0.28 120000000 589.594 37.5302 -59.2492 2.49687 3958.16 382.79 2.59863e+07 7.79531e+06 -0.00757166 0.00789996 -0.00160225 0.00754298 0.0131812 0.00116746 0.000353105 8.94305e-05 0.103323 0.00440189 6.56727 0.545839 144.179 47.0329 1292.23 187.868 1442.98 222.156 1442.98 222.156 0.563064 0.0288806 
200 0.28 120800000 589.594 37.2484 -59.2492 2.49687 3958.16 382.79 2.59863e+07 7.79531e+06 -0.00757166 0.00789996 -0.00160225 0.00750807 0.0131812 0.00115863 0.000353105 8.87659e-05 0.103323 0.00436895 6.56727 0.539109 144.179 46.3657 1292.23 187.868 1442.98 219.358 1442.98 219.358 0.563064 0.0288806 
200 0.28 121600000 589.594 37.0285 -59.2492 2.49687 3958.16 382.79 2.59863e+07 7.79531e+06 -0.00757166 0.00789996 -0.00160225 0.00750807 0.0131812 0.00115354 0.000353105 8.81376e-05 0.103323 0.00436914 6.56727 0.539109 144.179 46.3657 1292.23 187.868 1442.98 219.358 1442.98 219.358 0.563064 0.0288806 
200 0.28 122400000 589.594 36.771 -59.2492 2.49687 3958.16 382.79 2.59863e+07 7.79531e+06 -0.00757166 0.00789996 -0.00160225 0.00748133 0.0131812 0.00117561 0.000353105 8.88004e-05 0.103323 0.00442516 6.56727 0.537837 144.179 45.7122 1292.23 187.868 1442.98 219.358 1442.98 219.358 0.563064 0.0288806 
200 0.28 123200000 589.594 36.7342 -59.2492 2.49687 3958.16 382.79 2.59863e+07 7.79531e+06 -0.00757166 0.00789996 -0.00160225 0.00748133 0.0131812 0.00116956 0.000353105 8.81819e-05 0.103323 0.00440902 6.56727 0.537837 144.179 51.5123 1292.23 187.868 1442.98 219.358 1442.98 219.358 0.563064 0.0288806 
200 0.28 124000000 588.176 36.5335 -59.4628 2.49687 3969.75 382.79 2.56897e+07 7.79531e+06 -0.0077953 0.00789996 -0.00444242 0.0073635 0.0133114 0.001161 0.000360511 8.75406e-05 0.103461 0.00437839 6.59152 0.535334 163.604 51.6045 1327.62 180.119 1497.82 213.199 1497.82 213.199 0.5624 0.0288806 
200 0.28 124800000 588.176 36.3212 -59.4628 2.49687 3969.75 382.79 2.56897e+07 7.79531e+06 -0.0077953 0.00789996 -0.00444242 0.0073635 0.0133114 0.00115258 0.000360511 8.69076e-05 0.103461 0.00434848 6.59152 0.535334 163.604 51.6045 1327.62 180.119 1497.82 213.199 1497.82 213.199 0.5624 0.0288806 
200 0.28 125600000 588.176 36.0994 -59.4628 2.49687 3969.75 382.79 2.56897e+07 7.79531e+06 -0.0077953 0.00789996 -0.00444242 0.00734019 0.0133114 0.00118414 0.000360511 8.84941e-05 0.103461 0.00442105 6.59152 0.52902 163.604 50.902 1327.62 180.119 1497.82 213.199 1497.82 213.199 0.5624 0.0288806 
200 0.28 126400000 588.176 35.9656 -59.4628 2.49687 3969.75 382.79 2.56897e+07 7.79531e+06 -0.0077953 0.00789996 -0.00444242 0.00734019 0.0133114 0.00120737 0.000360511 8.94241e-05 0.103461 0.00447761 6.59152 0.52902 163.604 50.902 1327.62 180.119 1497.82 213.199 1497.82 213.199 0.5624 0.0288806 
200 0.28 127200000 588.176 35.7113 -59.4628 2.49687 3969.75 382.79 2.56897e+07 7.79531e+06 -0.0077953 0.00789996 -0.00444242 0.00737584 0.0133114 0.00119979 0.000360511 8.882e-05 0.103461 0.00444849 6.59152 0.523811 163.604 50.2173 1327.62 180.119 1497.82 213.199 1497.82 213.199 0.5624 0.0288806 
200 0.28 128000000 588.176 35.4999 -59.4628 2.49687 3969.75 382.79 2.56897e+07 7.79531e+06 -0.0077953 0.00789996 -0.00444242 0.00737584 0.0133114 0.00119134 0.000360511 8.81964e-05 0.103461 0.00441912 6.59152 0.523811 163.604 50.2173 1327.62 180.119 1497.82 213.199 1497.82 213.199 0.5624 0.0288806 
200 0.28 128800000 588.176 35.3928 -59.4628 2.49687 3969.75 382.79 2.56897e+07 7.79531e+06 -0.0077953 0.00789996 -0.00444242 0.00732128 0.0133114 0.00118304 0.000360511 8.75933e-05 0.103461 0.00438806 6.59152 0.517544 163.604 49.5426 1327.62 180.119 1497.82 213.199 1497.82 213.199 0.5624 0.0288806 
200 0.28 129600000 588.176 35.3928 -59.4628 2.49687 3969.75 382.79 2.56897e+07 7.79531e+06 -0.0077953 0.00789996 -0.00444242 0.00732128 0.0133114 0.00118502 0.000360511 8.72154e-05 0.103461 0.0043972 6.59152 0.517544 163.604 49.5426 1327.62 180.119 1497.82 213.199 1497.82 213.199 0.5624 0.0288806 
200 0.28 130400000 580.194 34.8701 -59.6566 2.25243 3984.34 341.151 2.55489e+07 6.94143e+06 -0.00891671 0.00725118 -0.00881038 0.00861486 0.0140966 0.00118006 0.000399241 8.66374e-05 0.106434 0.00438468 6.51861 0.512811 155.633 48.8916 1338.34 170.431 1500.49 201.371 1500.49 201.371 0.56575 0.0257962 
200 0.28 131200000 580.194 34.7032 -59.6566 2.25243 3984.34 341.151 2.55489e+07 6.94143e+06 -0.00891671 0.00725118 -0.00881038 0.00861486 0.0140966 0.00119978 0.000399241 8.74214e-05 0.106434 0.00443248 6.51861 0.512811 155.633 48.8916 1338.34 170.431 1500.49 201.371 1500.49 201.371 0.56575 0.0257962 
200 0.28 132000000 580.194 34.5977 -59.6566 2.25243 3984.34 341.151 2.55489e+07 6.94143e+06 -0.00891671 0.00734121 -0.00881038 0.00861486 0.0140966 0.00119239 0.000399241 8.68561e-05 0.106434 0.00440397 6.51861 0.507317 155.633 48.264 1338.34 170.431 1500.49 201.371 1500.49 201.371 0.56575 0.0257962 
200 0.28 132800000 580.194 34.3666 -59.6566 2.25243 3984.34 341.151 2.55489e+07 6.94143e+06 -0.00891671 0.00734121 -0.00881038 0.00861486 0.0140966 0.00118708 0.000399241 8.63094e-05 0.106434 0.00439247 6.51861 0.507317 155.633 48.264 1338.34 170.431 1500.49 201.371 1500.49 201.371 0.56575 0.0257962 
200 0.28 133600000 580.194 34.795 -59.6566 2.25243 3984.34 341.151 2.55489e+07 6.94143e+06 -0.00891671 0.007272 -0.00881038 0.00861486 0.0140966 0.00118122 0.000399241 8.57678e-05 0.106434 0.00437404 6.51861 0.50317 155.633 47.6422 1338.34 170.431 1500.49 201.371 1500.49 201.371 0.56575 0.0257962 
200 0.28 134400000 580.194 34.9953 -59.6566 2.25243 3984.34 341.151 2.55489e+07 6.94143e+06 -0.00891671 0.007272 -0.00881038 0.00861486 0.0140966 0.00117374 0.000399241 8.52191e-05 0.106434 0.00434519 6.51861 0.50317 155.633 47.6422 1338.34 170.431 1500.49 201.371 1500.49 201.371 0.56575 0.0257962 
200 0.28 135200000 580.194 34.9414 -59.6566 2.25243 3984.34 341.151 2.55489e+07 6.94143e+06 -0.00891671 0.00718331 -0.00881038 0.00861486 0.0140966 0.00116808 0.000399241 8.46912e-05 0.106434 0.00432797 6.51861 0.498352 155.633 47.0426 1338.34 170.431 1500.49 201.371 1500.49 201.371 0.56575 0.0257962 
200 0.28 136000000 580.194 34.7943 -59.6566 2.25243 3984.34 341.151 2.55489e+07 6.94143e+06 -0.00891671 0.00718331 -0.00881038 0.00861486 0.0140966 0.00116374 0.000399241 8.41721e-05 0.106434 0.00433281 6.51861 0.498352 155.633 47.0426 1338.34 170.431 1500.49 201.371 1500.49 201.371 0.56575 0.0257962 
200 0.28 136800000 591.579 34.5669 -59.7426 2.25243 3980.27 341.151 2.51145e+07 6.94143e+06 -0.00909727 0.00713577 -0.00787221 0.00861486 0.013899 0.00115787 0.000396962 8.36559e-05 0.105223 0.00431268 6.48262 0.491821 151.691 46.4575 1287.39 168.905 1445.56 198.123 1445.56 198.123 0.56231 0.0257962 
200 0.28 137600000 591.579 34.5257 -59.7426 2.25243 3980.27 341.151 2.51145e+07 6.94143e+06 -0.00909727 0.00713577 -0.00787221 0.00861486 0.013899 0.00115256 0.000396962 8.31478e-05 0.105223 0.00429789 6.48262 0.491821 151.691 46.4575 1287.39 168.905 1445.56 198.123 1445.56 198.123 0.56231 0.0257962 
200 0.28 138400000 591.579 34.3797 -59.7426 2.25243 3980.27 341.151 2.51145e+07 6.94143e+06 -0.00909727 0.00713577 -0.00787221 0.00861486 0.013899 0.00114575 0.000396962 8.26078e-05 0.105223 0.00427639 6.48262 0.485473 151.691 45.8836 1287.39 168.905 1445.56 198.123 1445.56 198.123 0.56231 0.0257962 
200 0.28 139200000 591.579 34.1939 -59.7426 2.25243 3980.27 341.151 2.51145e+07 6.94143e+06 -0.00909727 0.00713577 -0.00787221 0.00861486 0.013899 0.00113855 0.000396962 8.20949e-05 0.105223 0.00424882 6.48262 0.485473 151.691 45.8836 1287.39 168.905 1445.56 198.123 1445.56 198.123 0.56231 0.0257962 
200 0.28 140000000 591.579 34.0498 -59.7426 2.25243 3980.27 341.151 2.51145e+07 6.94143e+06 -0.00909727 0.00713577 -0.00787221 0.00861486 0.013899 0.0011334 0.000396962 8.16055e-05 0.105223 0.00423411 6.48262 0.480055 151.691 45.3299 1287.39 168.905 1445.56 198.123 1445.56 198.123 0.56231 0.0257962 
200 0.28 140800000 591.579 33.9213 -59.7426 2.25243 3980.27 341.151 2.51145e+07 6.94143e+06 -0.00909727 0.00713577 -0.00787221 0.00861486 0.013899 0.00112915 0.000396962 8.11234e-05 0.105223 0.00423412 6.48262 0.480055 151.691 45.3299 1287.39 168.905 1445.56 198.123 1445.56 198.123 0.56231 0.0257962 
200 0.28 141600000 591.579 33.7277 -59.7426 2.25243 3980.27 341.151 2.51145e+07 6.94143e+06 -0.00909727 0.00713577 -0.00787221 0.00861486 0.013899 0.00112437 0.000396962 8.06462e-05 0.105223 0.0042233 6.48262 0.474905 151.691 44.7874 1287.39 168.905 1445.56 198.123 1445.56 198.123 0.56231 0.0257962 
200 0.28 142400000 591.579 33.539 -59.7426 2.25243 3980.27 341.151 2.51145e+07 6.94143e+06 -0.00909727 0.00713577 -0.00787221 0.00861486 0.013899 0.00111794 0.000396962 8.01653e-05 0.105223 0.00419807 6.48262 0.474905 151.691 44.7874 1287.39 168.905 1445.56 198.123 1445.56 198.123 0.56231 0.0257962 
200 0.28 143200000 603.85 36.9991 -59.2099 2.071 3911.01 314.818 2.42807e+07 6.3621e+06 -0.00850211 0.00681615 -0.00784747 0.007807 0.0135149 0.00111296 0.000380841 7.96985e-05 0.103511 0.00445157 6.49688 0.475372 146.086 44.2302 1247.31 166.447 1399.89 193.409 1399.89 193.409 0.558316 0.0283659 
200 0.28 144000000 603.85 36.9991 -59.2099 2.071 3911.01 314.818 2.42807e+07 6.3621e+06 -0.00850211 0.00681615 -0.00784747 0.007807 0.0135149 0.00110694 0.000380841 7.92316e-05 0.103511 0.00445157 6.49688 0.475372 146.086 44.2302 1247.31 166.447 1399.89 193.409 1399.89 193.409 0.558316 0.0283659 
200 0.28 144800000 603.85 36.9991 -59.2099 2.071 3911.01 314.818 2.42807e+07 6.3621e+06 -0.00850211 0.00673474 -0.00784747 0.007807 0.0135149 0.00110252 0.000380841 7.87765e-05 0.103511 0.00445157 6.49688 0.470158 146.086 43.7165 1247.31 166.447 1399.89 193.409 1399.89 193.409 0.558316 0.0283659 
200 0.28 145600000 603.85 36.9991 -59.2099 2.071 3911.01 314.818 2.42807e+07 6.3621e+06 -0.00850211 0.00673474 -0.00784747 0.007807 0.0135149 0.0010958 0.000380841 7.83069e-05 0.103511 0.00445157 6.49688 0.470158 146.086 43.7165 1247.31 166.447 1399.89 193.409 1399.89 193.409 0.558316 0.0283659 
200 0.28 146400000 603.85 36.9991 -59.2099 2.071 3911.01 314.818 2.42807e+07 6.3621e+06 -0.00850211 0.00665359 -0.00784747 0.007807 0.0135149 0.0010908 0.000380841 7.78607e-05 0.103511 0.00445157 6.49688 0.465213 146.086 43.207 1247.31 166.447 1399.89 193.409 1399.89 193.409 0.558316 0.0283659 
200 0.28 147200000 603.85 36.9991 -59.2099 2.071 3911.01 314.818 2.42807e+07 6.3621e+06 -0.00850211 0.00665359 -0.00784747 0.007807 0.0135149 0.00108438 0.000380841 7.74065e-05 0.103511 0.00445157 6.49688 0.465213 146.086 45.9095 1247.31 166.447 1399.89 193.409 1399.89 193.409 0.558316 0.0283659 
200 0.28 148000000 603.85 36.9991 -59.2099 2.071 3911.01 314.818 2.42807e+07 6.3621e+06 -0.00850211 0.0066431 -0.00784747 0.007807 0.0135149 0.00107787 0.000380841 7.69466e-05 0.103511 0.00445157 6.49688 0.45962 146.086 45.813 1247.31 166.447 1399.89 193.409 1399.89 193.409 0.558316 0.0283659 
200 0.28 148800000 603.85 36.9991 -59.2099 2.071 3911.01 314.818 2.42807e+07 6.3621e+06 -0.00850211 0.0066431 -0.00784747 0.007807 0.0135149 0.00107619 0.000380841 7.65139e-05 0.103511 0.00445157 6.49688 0.45962 146.086 45.813 1247.31 166.447 1399.89 193.409 1399.89 193.409 0.558316 0.0283659 
200 0.28 149600000 603.85 36.9991 -59.2099 2.071 3911.01 314.818 2.42807e+07 6.3621e+06 -0.00850211 0.00656623 -0.00784747 0.007807 0.0135149 0.00107619 0.000380841 7.60786e-05 0.103511 0.00445157 6.49688 0.454243 146.086 45.2925 1247.31 166.447 1399.89 187.452 1399.89 187.452 0.558316 0.0283659 
200 0.28 150400000 603.85 36.9991 -59.2099 2.071 3911.01 314.818 2.42807e+07 6.3621e+06 -0.00850211 0.00656623 -0.00784747 0.007807 0.0135149 0.00107619 0.000380841 7.56337e-05 0.103511 0.00445157 6.49688 0.454243 146.086 45.2925 1247.31 166.447 1399.89 187.452 1399.89 187.452 0.558316 0.0283659 
200 0.28 151200000 603.85 36.9991 -59.2099 2.071 3911.01 314.818 2.42807e+07 6.3621e+06 -0.00850211 0.00650761 -0.00784747 0.007807 0.0135149 0.00107619 0.000380841 7.52193e-05 0.103511 0.00445157 6.49688 0.449756 146.086 44.7774 1247.31 166.447 1399.89 187.452 1399.89 187.452 0.558316 0.0283659 
200 0.28 152000000 603.85 36.9991 -59.2099 2.071 3911.01 314.818 2.42807e+07 6.3621e+06 -0.00850211 0.00650761 -0.00784747 0.007807 0.0135149 0.00107619 0.000380841 7.48066e-05 0.103511 0.00445157 6.49688 0.449756 146.086 44.7774 1247.31 166.447 1399.89 187.452 1399.89 187.452 0.558316 0.0283659 
200 0.28 152800000 603.85 36.9991 -59.2099 2.071 3911.01 314.818 2.42807e+07 6.3621e+06 -0.00850211 0.0064711 -0.00784747 0.007807 0.0135149 0.00107619 0.000380841 7.43913e-05 0.103511 0.00445157 6.49688 0.444798 146.086 44.2892 1247.31 166.447 1399.89 186.602 1399.89 186.602 0.558316 0.0283659 
200 0.28 153600000 603.85 36.9991 -59.2099 2.071 3911.01 314.818 2.42807e+07 6.3621e+06 -0.00850211 0.0064711 -0.00784747 0.007807 0.0135149 0.00107619 0.000380841 7.39825e-05 0.103511 0.00445157 6.49688 0.444798 146.086 44.2892 1247.31 166.447 1399.89 186.602 1399.89 186.602 0.558316 0.0283659 
200 0.28 154400000 603.85 36.9991 -59.2099 2.071 3911.01 314.818 2.42807e+07 6.3621e+06 -0.00850211 0.00645502 -0.00784747 0.007807 0.0135149 0.00107619 0.000380841 7.35723e-05 0.103511 0.00445157 6.49688 0.440669 146.086 43.8092 1247.31 166.447 1399.89 186.602 1399.89 186.602 0.558316 0.0283659 
200 0.28 155200000 603.85 36.9991 -59.2099 2.071 3911.01 314.818 2.42807e+07 6.3621e+06 -0.00850211 0.00645502 -0.00784747 0.007807 0.0135149 0.00107619 0.000380841 7.31544e-05 0.103511 0.00445157 6.49688 0.440669 146.086 43.8092 1247.31 166.447 1399.89 186.602 1399.89 186.602 0.558316 0.0283659 
200 0.28 156000000 595.5 34.5649 -59.2711 1.88363 3912.17 286.2 2.39201e+07 5.79393e+06 -0.00810559 0.00641517 -0.00807812 0.00710068 0.0130178 0.00108714 0.000354787 7.27664e-05 0.101726 0.00439044 6.32509 0.436951 152.066 43.3382 1258.58 151.697 1416.97 179.274 1416.97 179.274 0.562045 0.0283659 
200 0.28 156800000 595.5 34.5649 -59.2711 1.88363 3912.17 286.2 2.39201e+07 5.79393e+06 -0.00810559 0.00641517 -0.00807812 0.00710068 0.0130178 0.00108714 0.000354787 7.24424e-05 0.101726 0.00439044 6.32509 0.436951 152.066 43.3382 1258.58 151.697 1416.97 179.274 1416.97 179.274 0.562045 0.0283659 
200 0.28 157600000 595.5 34.5649 -59.2711 1.88363 3912.17 286.2 2.39201e+07 5.79393e+06 -0.00810559 0.00636276 -0.00807812 0.00710068 0.0130178 0.00108714 0.000354787 7.20631e-05 0.101726 0.00439044 6.32509 0.432474 152.066 42.8793 1258.58 151.697 1416.97 179.274 1416.97 179.274 0.562045 0.0283659 
200 0.28 158400000 595.5 34.5649 -59.2711 1.88363 3912.17 286.2 2.39201e+07 5.79393e+06 -0.00810559 0.00636276 -0.00807812 0.00710068 0.0130178 0.00108714 0.000354787 7.16625e-05 0.101726 0.00439044 6.32509 0.432474 152.066 42.8793 1258.58 151.697 1416.97 179.274 1416.97 179.274 0.562045 0.0283659 
200 0.28 159200000 595.5 34.5649 -59.2711 1.88363 3912.17 286.2 2.39201e+07 5.79393e+06 -0.00810559 0.0062945 -0.00807812 0.00710068 0.0130178 0.00108714 0.000354787 7.12733e-05 0.101726 0.00439044 6.32509 0.430225 152.066 42.4291 1258.58 151.697 1416.97 178.609 1416.97 178.609 0.562045 0.0283659 
200 0.28 160000000 595.5 34.5649 -59.2711 1.88363 3912.17 286.2 2.39201e+07 5.79393e+06 -0.00810559 0.0062945 -0.00807812 0.00710068 0.0130178 0.00108714 0.000354787 7.0885e-05 0.101726 0.00439044 6.32509 0.430225 152.066 42.4291 1258.58 151.697 1416.97 178.609 1416.97 178.609 0.562045 0.0283659 
200 0.28 160800000 595.5 34.5649 -59.2711 1.88363 3912.17 286.2 2.39201e+07 5.79393e+06 -0.00810559 0.0062288 -0.00807812 0.00710068 0.0130178 0.00108714 0.000354787 7.05046e-05 0.101726 0.00439044 6.32509 0.425509 152.066 41.9828 1258.58 151.697 1416.97 178.609 1416.97 178.609 0.562045 0.0283659 
200 0.28 161600000 595.5 34.5649 -59.2711 1.88363 3912.17 286.2 2.39201e+07 5.79393e+06 -0.00810559 0.0062288 -0.00807812 0.00710068 0.0130178 0.00108714 0.000354787 7.01455e-05 0.101726 0.00439044 6.32509 0.425509 152.066 41.9828 1258.58 151.697 1416.97 178.609 1416.97 178.609 0.562045 0.0283659 
200 0.28 162400000 595.5 34.5649 -59.2711 1.88363 3912.17 286.2 2.39201e+07 5.79393e+06 -0.00810559 0.00616955 -0.00807812 0.00710068 0.0130178 0.00108714 0.000354787 6.97895e-05 0.101726 0.00439044 6.32509 0.422569 152.066 41.5482 1258.58 151.697 1416.97 172.986 1416.97 172.986 0.562045 0.0283659 
200 0.28 163200000 595.5 34.5649 -59.2711 1.88363 3912.17 286.2 2.39201e+07 5.79393e+06 -0.00810559 0.00616955 -0.00807812 0.00710068 0.0130178 0.00108714 0.000354787 6.95238e-05 0.101726 0.00439044 6.32509 0.422569 152.066 41.5482 1258.58 151.697 1416.97 172.986 1416.97 172.986 0.562045 0.0283659 
200 0.28 164000000 595.5 34.5649 -59.2711 1.88363 3912.17 286.2 2.39201e+07 5.79393e+06 -0.00810559 0.00615302 -0.00807812 0.00710068 0.0130178 0.00108714 0.000354787 6.95238e-05 0.101726 0.00439044 6.32509 0.41852 152.066 41.1246 1258.58 151.697 1416.97 172.986 1416.97 172.986 0.562045 0.0283659 
200 0.28 164800000 595.5 34.5649 -59.2711 1.88363 3912.17 286.2 2.39201e+07 5.79393e+06 -0.00810559 0.00615302 -0.00807812 0.00710068 0.0130178 0.00108714 0.000354787 6.95238e-05 0.101726 0.00439044 6.32509 0.41852 152.066 41.1246 1258.58 151.697 1416.97 172.986 1416.97 172.986 0.562045 0.0283659 
200 0.28 165600000 595.5 34.5649 -59.2711 1.88363 3912.17 286.2 2.39201e+07 5.79393e+06 -0.00810559 0.00608876 -0.00807812 0.00710068 0.0130178 0.00108714 0.000354787 6.95238e-05 0.101726 0.00439044 6.32509 0.414983 152.066 40.7077 1258.58 151.697 1416.97 172.986 1416.97 172.986 0.562045 0.0283659 
200 0.28 166400000 595.5 34.5649 -59.2711 1.88363 3912.17 286.2 2.39201e+07 5.79393e+06 -0.00810559 0.00608876 -0.00807812 0.00710068 0.0130178 0.00108714 0.000354787 6.95238e-05 0.101726 0.00439044 6.32509 0.414983 152.066 40.7077 1258.58 151.697 1416.97 172.986 1416.97 172.986 0.562045 0.0283659 
200 0.28 167200000 595.5 34.5649 -59.2711 1.88363 3912.17 286.2 2.39201e+07 5.79393e+06 -0.00810559 0.00604358 -0.00807812 0.00710068 0.0130178 0.00108714 0.000354787 6.95238e-05 0.101726 0.00439044 6.32509 0.41069 152.066 40.299 1258.58 151.697 1416.97 172.986 1416.97 172.986 0.562045 0.0283659 
200 0.28 168000000 595.5 34.5649 -59.2711 1.88363 3912.17 286.2 2.39201e+07 5.79393e+06 -0.00810559 0.00604358 -0.00807812 0.00710068 0.0130178 0.00108714 0.000354787 6.95238e-05 0.101726 0.00439044 6.32509 0.41069 152.066 40.299 1258.58 151.697 1416.97 172.986 1416.97 172.986 0.562045 0.0283659 
200 0.28 168800000 593.896 31.7217 -58.8527 1.77251 3856.24 267.759 2.31434e+07 5.36291e+06 -0.0081829 0.00604149 -0.00495374 0.00716343 0.0128884 0.0010042 0.000348019 6.76473e-05 0.100949 0.00409274 6.27028 0.407252 141.08 39.9007 1231.18 141.507 1378.53 166.108 1378.53 166.108 0.563997 0.0242005 
200 0.28 169600000 593.896 31.7217 -58.8527 1.77251 3856.24 267.759 2.31434e+07 5.36291e+06 -0.0081829 0.00604149 -0.00495374 0.00716343 0.0128884 0.0010042 0.000348019 6.73207e-05 0.100949 0.00409274 6.27028 0.407252 141.08 39.9007 1231.18 141.507 1378.53 166.108 1378.53 166.108 0.563997 0.0242005 
200 0.28 170400000 593.896 31.7217 -58.8527 1.77251 3856.24 267.759 2.31434e+07 5.36291e+06 -0.0081829 0.00598251 -0.00495374 0.00716343 0.0128884 0.0010042 0.000348019 6.70081e-05 0.100949 0.00409274 6.27028 0.403195 141.08 39.5119 1231.18 141.507 1378.53 166.108 1378.53 166.108 0.563997 0.0242005 
200 0.28 171200000 593.896 31.7217 -58.8527 1.77251 3856.24 267.759 2.31434e+07 5.36291e+06 -0.0081829 0.00598251 -0.00495374 0.00716343 0.0128884 0.0010042 0.000348019 6.66876e-05 0.100949 0.00409274 6.27028 0.403195 141.08 39.5119 1231.18 141.507 1378.53 166.108 1378.53 166.108 0.563997 0.0242005 
200 0.28 172000000 593.896 31.7217 -58.8527 1.77251 3856.24 267.759 2.31434e+07 5.36291e+06 -0.0081829 0.0059313 -0.00495374 0.00716343 0.0128884 0.0010042 0.000348019 6.63474e-05 0.100949 0.00409274 6.27028 0.399199 141.08 39.1295 1231.18 141.507 1378.53 166.108 1378.53 166.108 0.563997 0.0242005 
200 0.28 172800000 593.896 31.7217 -58.8527 1.77251 3856.24 267.759 2.31434e+07 5.36291e+06 -0.0081829 0.0059313 -0.00495374 0.00716343 0.0128884 0.0010042 0.000348019 6.60337e-05 0.100949 0.00409274 6.27028 0.399199 141.08 39.1295 1231.18 141.507 1378.53 166.108 1378.53 166.108 0.563997 0.0242005 
200 0.28 173600000 593.896 31.7217 -58.8527 1.77251 3856.24 267.759 2.31434e+07 5.36291e+06 -0.0081829 0.00590163 -0.00495374 0.00716343 0.0128884 0.0010042 0.000348019 6.57035e-05 0.100949 0.00409274 6.27028 0.395805 141.08 38.7495 1231.18 141.507 1378.53 166.108 1378.53 166.108 0.563997 0.0242005 
200 0.28 174400000 593.896 31.7217 -58.8527 1.77251 3856.24 267.759 2.31434e+07 5.36291e+06 -0.0081829 0.00590163 -0.00495374 0.00716343 0.0128884 0.0010042 0.000348019 6.53961e-05 0.100949 0.00409274 6.27028 0.395805 141.08 38.7495 1231.18 141.507 1378.53 166.108 1378.53 166.108 0.563997 0.0242005 
200 0.28 175200000 593.896 31.7217 -58.8527 1.77251 3856.24 267.759 2.31434e+07 5.36291e+06 -0.0081829 0.00584337 -0.00495374 0.00716343 0.0128884 0.0010042 0.000348019 6.50855e-05 0.100949 0.00409274 6.27028 0.392441 141.08 38.3782 1231.18 141.507 1378.53 160.85 1378.53 160.85 0.563997 0.0242005 
200 0.28 176000000 593.896 31.7217 -58.8527 1.77251 3856.24 267.759 2.31434e+07 5.36291e+06 -0.0081829 0.00584337 -0.00495374 0.00716343 0.0128884 0.0010042 0.000348019 6.47836e-05 0.100949 0.00409274 6.27028 0.392441 141.08 38.3782 1231.18 141.507 1378.53 160.85 1378.53 160.85 0.563997 0.0242005 
200 0.28 176800000 593.896 31.7217 -58.8527 1.77251 3856.24 267.759 2.31434e+07 5.36291e+06 -0.0081829 0.00578872 -0.00495374 0.00716343 0.0128884 0.0010042 0.000348019 6.44809e-05 0.100949 0.00409274 6.27028 0.388562 141.08 38.0188 1231.18 141.507 1378.53 160.85 1378.53 160.85 0.563997 0.0242005 
200 0.28 177600000 593.896 31.7217 -58.8527 1.77251 3856.24 267.759 2.31434e+07 5.36291e+06 -0.0081829 0.00578872 -0.00495374 0.00716343 0.0128884 0.0010042 0.000348019 6.41723e-05 0.100949 0.00409274 6.27028 0.388562 141.08 38.0188 1231.18 141.507 1378.53 160.85 1378.53 160.85 0.563997 0.0242005 
200 0.28 178400000 593.896 31.7217 -58.8527 1.77251 3856.24 267.759 2.31434e+07 5.36291e+06 -0.0081829 0.00582653 -0.00495374 0.00716343 0.0128884 0.0010042 0.000348019 6.40586e-05 0.100949 0.00409274 6.27028 0.384849 141.08 37.6639 1231.18 141.507 1378.53 160.85 1378.53 160.85 0.563997 0.0242005 
200 0.28 179200000 593.896 31.7217 -58.8527 1.77251 3856.24 267.759 2.31434e+07 5.36291e+06 -0.0081829 0.00582653 -0.00495374 0.00716343 0.0128884 0.0010042 0.000348019 6.40586e-05 0.100949 0.00409274 6.27028 0.384849 141.08 37.6639 1231.18 141.507 1378.53 160.85 1378.53 160.85 0.563997 0.0242005 
200 0.28 180000000 593.896 31.7217 -58.8527 1.77251 3856.24 267.759 2.31434e+07 5.36291e+06 -0.0081829 0.00582614 -0.00495374 0.00716343 0.0128884 0.0010042 0.000348019 6.40586e-05 0.100949 0.00409274 6.27028 0.381121 141.08 37.3101 1231.18 141.507 1378.53 160.85 1378.53 160.85 0.563997 0.0242005 
200 0.28 180800000 593.896 31.7217 -58.8527 1.77251 3856.24 267.759 2.31434e+07 5.36291e+06 -0.0081829 0.00582614 -0.00495374 0.00716343 0.0128884 0.0010042 0.000348019 6.40586e-05 0.100949 0.00409274 6.27028 0.381121 141.08 37.3101 1231.18 141.507 1378.53 160.85 1378.53 160.85 0.563997 0.0242005 
200 0.28 181600000 616.173 36.27 -58.6627 1.64631 3819.85 249.622 2.24581e+07 4.99397e+06 -0.00696917 0.00577054 -0.00483315 0.00661342 0.0126931 0.000945762 0.000338629 6.28361e-05 0.0997398 0.00395238 6.2578 0.378469 131.814 36.9665 1241.69 132.786 1379.76 155.936 1379.76 155.936 0.57508 0.0242005 
200 0.28 182400000 616.173 36.27 -58.6627 1.64631 3819.85 249.622 2.24581e+07 4.99397e+06 -0.00696917 0.00577054 -0.00483315 0.00661342 0.0126931 0.000945762 0.000338629 6.27031e-05 0.0997398 0.00395238 6.2578 0.378469 131.814 36.9665 1241.69 132.786 1379.76 155.936 1379.76 155.936 0.57508 0.0242005 
200 0.28 183200000 616.173 36.27 -58.6627 1.64631 3819.85 249.622 2.24581e+07 4.99397e+06 -0.00696917 0.00572187 -0.00483315 0.00661342 0.0126931 0.000945762 0.000338629 6.24128e-05 0.0997398 0.00395238 6.2578 0.374904 131.814 36.6292 1241.69 132.786 1379.76 155.936 1379.76 155.936 0.57508 0.0242005 
200 0.28 184000000 616.173 36.27 -58.6627 1.64631 3819.85 249.622 2.24581e+07 4.99397e+06 -0.00696917 0.00572187 -0.00483315 0.00661342 0.0126931 0.000945762 0.000338629 6.30123e-05 0.0997398 0.00395238 6.2578 0.374904 131.814 36.6292 1241.69 132.786 1379.76 155.936 1379.76 155.936 0.57508 0.0242005 
200 0.28 184800000 616.173 36.27 -58.6627 1.64631 3819.85 249.622 2.24581e+07 4.99397e+06 -0.00696917 0.00573071 -0.00483315 0.00661342 0.0126931 0.000945762 0.000338629 6.27206e-05 0.0997398 0.00395238 6.2578 0.371997 131.814 36.2989 1241.69 132.786 1379.76 155.936 1379.76 155.936 0.57508 0.0242005 
200 0.28 185600000 616.173 36.27 -58.6627 1.64631 3819.85 249.622 2.24581e+07 4.99397e+06 -0.00696917 0.00573071 -0.00483315 0.00661342 0.0126931 0.000945762 0.000338629 6.28264e-05 0.0997398 0.00395238 6.2578 0.371997 131.814 36.2989 1241.69 132.786 1379.76 155.936 1379.76 155.936 0.57508 0.0242005 
200 0.28 186400000 616.173 36.27 -58.6627 1.64631 3819.85 249.622 2.24581e+07 4.99397e+06 -0.00696917 0.00576302 -0.00483315 0.00661342 0.0126931 0.000945762 0.000338629 6.2604e-05 0.0997398 0.00395238 6.2578 0.368533 131.814 35.9695 1241.69 132.786 1379.76 155.936 1379.76 155.936 0.57508 0.0242005 
200 0.28 187200000 616.173 36.27 -58.6627 1.64631 3819.85 249.622 2.24581e+07 4.99397e+06 -0.00696917 0.00576302 -0.00483315 0.00661342 0.0126931 0.000945762 0.000338629 6.23266e-05 0.0997398 0.00395238 6.2578 0.368533 131.814 35.9695 1241.69 132.786 1379.76 155.936 1379.76 155.936 0.57508 0.0242005 
200 0.28 188000000 616.173 36.27 -58.6627 1.64631 3819.85 249.622 2.24581e+07 4.99397e+06 -0.00696917 0.00593067 -0.00483315 0.00661342 0.0126931 0.00107633 0.000338629 6.622e-05 0.0997398 0.00426725 6.2578 0.366218 131.814 35.6515 1241.69 131.012 1379.76 151.19 1379.76 151.19 0.57508 0.0242005 
200 0.28 188800000 616.173 36.27 -58.6627 1.64631 3819.85 249.622 2.24581e+07 4.99397e+06 -0.00696917 0.00593067 -0.00483315 0.00661342 0.0126931 0.00107633 0.000338629 6.622e-05 0.0997398 0.00426725 6.2578 0.366218 131.814 35.6515 1241.69 131.012 1379.76 151.011 1379.76 151.011 0.57508 0.0242005 
200 0.28 189600000 616.173 36.27 -58.6627 1.64631 3819.85 249.622 2.24581e+07 4.99397e+06 -0.00696917 0.00588531 -0.00483315 0.00661342 0.0126931 0.00107633 0.000338629 6.622e-05 0.0997398 0.00426725 6.2578 0.364318 131.814 35.3304 1241.69 131.012 1379.76 151.011 1379.76 151.011 0.57508 0.0242005 
200 0.28 190400000 616.173 36.27 -58.6627 1.64631 3819.85 249.622 2.24581e+07 4.99397e+06 -0.00696917 0.00588531 -0.00483315 0.00661342 0.0126931 0.00107633 0.000338629 6.622e-05 0.0997398 0.00426725 6.2578 0.364318 131.814 35.3304 1241.69 131.012 1379.76 151.011 1379.76 151.011 0.57508 0.0242005 
200 0.28 191200000 616.173 36.27 -58.6627 1.64631 3819.85 249.622 2.24581e+07 4.99397e+06 -0.00696917 0.00591053 -0.00483315 0.00661342 0.0126931 0.00107633 0.000338629 6.622e-05 0.0997398 0.00426725 6.2578 0.362192 131.814 35.0254 1241.69 131.012 1379.76 150.208 1379.76 150.208 0.57508 0.0242005 
200 0.28 192000000 616.173 36.27 -58.6627 1.64631 3819.85 249.622 2.24581e+07 4.99397e+06 -0.00696917 0.00591053 -0.00483315 0.00661342 0.0126931 0.00107633 0.000338629 6.622e-05 0.0997398 0.00426725 6.2578 0.362192 131.814 35.0254 1241.69 131.012 1379.76 150.208 1379.76 150.208 0.57508 0.0242005 
200 0.28 192800000 616.173 36.27 -58.6627 1.64631 3819.85 249.622 2.24581e+07 4.99397e+06 -0.00696917 0.0058937 -0.00483315 0.00661342 0.0126931 0.00107633 0.000338629 6.622e-05 0.0997398 0.00426725 6.2578 0.359838 131.814 34.725 1241.69 131.012 1379.76 150.208 1379.76 150.208 0.57508 0.0242005 
200 0.28 193600000 616.173 36.27 -58.6627 1.64631 3819.85 249.622 2.24581e+07 4.99397e+06 -0.00696917 0.0058937 -0.00483315 0.00661342 0.0126931 0.00107633 0.000338629 6.622e-05 0.0997398 0.00426725 6.2578 0.359838 131.814 34.725 1241.69 131.012 1379.76 150.208 1379.76 150.208 0.57508 0.0242005 
200 0.28 194400000 610.446 34.1284 -58.9167 1.54818 3849.79 233.58 2.26364e+07 4.64043e+06 -0.00388455 0.00584141 -0.00246897 0.00654999 0.0132955 0.00105269 0.000371378 6.42215e-05 0.101888 0.0042136 6.21459 0.357512 124.024 34.4308 1207.57 130.213 1337.81 151.666 1337.81 151.666 0.571715 0.0219396 
200 0.28 195200000 610.446 34.1284 -58.9167 1.54818 3849.79 233.58 2.26364e+07 4.64043e+06 -0.00388455 0.00584141 -0.00246897 0.00654999 0.0132955 0.00105269 0.000371378 6.42215e-05 0.101888 0.0042136 6.21459 0.357512 124.024 34.4308 1207.57 130.213 1337.81 151.666 1337.81 151.666 0.571715 0.0219396 
200 0.28 196000000 610.446 34.1284 -58.9167 1.54818 3849.79 233.58 2.26364e+07 4.64043e+06 -0.00388455 0.00582922 -0.00246897 0.00654999 0.0132955 0.00105269 0.000371378 6.42215e-05 0.101888 0.0042136 6.21459 0.354627 124.024 34.1397 1207.57 130.213 1337.81 151.666 1337.81 151.666 0.571715 0.0219396 
200 0.28 196800000 610.446 34.1284 -58.9167 1.54818 3849.79 233.58 2.26364e+07 4.64043e+06 -0.00388455 0.00582922 -0.00246897 0.00654999 0.0132955 0.00105269 0.000371378 6.42215e-05 0.101888 0.0042136 6.21459 0.354627 124.024 34.1397 1207.57 130.213 1337.81 151.666 1337.81 151.666 0.571715 0.0219396 
200 0.28 197600000 610.446 34.1284 -58.9167 1.54818 3849.79 233.58 2.26364e+07 4.64043e+06 -0.00388455 0.00577912 -0.00246897 0.00654999 0.0132955 0.00105269 0.000371378 6.42215e-05 0.101888 0.0042136 6.21459 0.352056 124.024 33.8552 1207.57 130.213 1337.81 151.666 1337.81 151.666 0.571715 0.0219396 
200 0.28 198400000 610.446 34.1284 -58.9167 1.54818 3849.79 233.58 2.26364e+07 4.64043e+06 -0.00388455 0.00577912 -0.00246897 0.00654999 0.0132955 0.00105269 0.000371378 6.4864e-05 0.101888 0.0042136 6.21459 0.352056 124.024 33.8552 1207.57 130.213 1337.81 151.666 1337.81 151.666 0.571715 0.0219396 
200 0.28 199200000 610.446 34.1284 -58.9167 1.54818 3849.79 233.58 2.26364e+07 4.64043e+06 -0.00388455 0.00573724 -0.00246897 0.00654999 0.0132955 0.00105269 0.000371378 6.46044e-05 0.101888 0.0042136 6.21459 0.34922 124.024 33.5745 1207.57 130.213 1337.81 151.666 1337.81 151.666 0.571715 0.0219396 
200 0.28 200000000 610.446 34.1284 -58.9167 1.54818 3849.79 233.58 2.26364e+07 4.64043e+06 -0.00388455 0.00573724 -0.00246897 0.00654999 0.0132955 0.00105269 0.000371378 6.43468e-05 0.101888 0.0042136 6.21459 0.34922 124.024 33.5745 1207.57 130.213 1337.81 151.666 1337.81 151.666 0.571715 0.0219396 
200 0.28 200800000 610.446 34.1284 -58.9167 1.54818 3849.79 233.58 2.26364e+07 4.64043e+06 -0.00388455 0.00568902 -0.00246897 0.00654999 0.0132955 0.00105269 0.000371378 6.43933e-05 0.101888 0.0042136 6.21459 0.346234 124.024 33.2949 1207.57 127.109 1337.81 148.147 1337.81 148.147 0.571715 0.0219396 
200 0.28 201600000 610.446 34.1284 -58.9167 1.54818 3849.79 233.58 2.26364e+07 4.64043e+06 -0.00388455 0.00568902 -0.00246897 0.00654999 0.0132955 0.00105269 0.000371378 6.43933e-05 0.101888 0.0042136 6.21459 0.346234 124.024 33.2949 1207.57 127.109 1337.81 148.147 1337.81 148.147 0.571715 0.0219396 
200 0.28 202400000 610.446 34.1284 -58.9167 1.54818 3849.79 233.58 2.26364e+07 4.64043e+06 -0.00388455 0.00566396 -0.00246897 0.00654999 0.0132955 0.00105269 0.000371378 6.43933e-05 0.101888 0.0042136 6.21459 0.3433 124.024 33.0215 1207.57 127.109 1337.81 148.147 1337.81 148.147 0.571715 0.0219396 
200 0.28 203200000 610.446 34.1284 -58.9167 1.54818 3849.79 233.58 2.26364e+07 4.64043e+06 -0.00388455 0.00566396 -0.00246897 0.00654999 0.0132955 0.00105269 0.000371378 6.43933e-05 0.101888 0.0042136 6.21459 0.3433 124.024 33.0215 1207.57 127.109 1337.81 148.147 1337.81 148.147 0.571715 0.0219396 
200 0.28 204000000 610.446 34.1284 -58.9167 1.54818 3849.79 233.58 2.26364e+07 4.64043e+06 -0.00388455 0.00562329 -0.00246897 0.00654999 0.0132955 0.00105269 0.000371378 6.43933e-05 0.101888 0.0042136 6.21459 0.34052 124.024 32.7528 1207.57 127.109 1337.81 148.147 1337.81 148.147 0.571715 0.0219396 
200 0.28 204800000 610.446 34.1284 -58.9167 1.54818 3849.79 233.58 2.26364e+07 4.64043e+06 -0.00388455 0.00562329 -0.00246897 0.00654999 0.0132955 0.00105269 0.000371378 6.43933e-05 0.101888 0.0042136 6.21459 0.34052 124.024 32.7528 1207.57 127.109 1337.81 148.147 1337.81 148.147 0.571715 0.0219396 
200 0.28 205600000 610.446 34.1284 -58.9167 1.54818 3849.79 233.58 2.26364e+07 4.64043e+06 -0.00388455 0.00558767 -0.00246897 0.00654999 0.0132955 0.00105269 0.000371378 6.43933e-05 0.101888 0.0042136 6.21459 0.33862 124.024 32.4906 1207.57 127.109 1337.81 148.147 1337.81 148.147 0.571715 0.0219396 
200 0.28 206400000 610.446 34.1284 -58.9167 1.54818 3849.79 233.58 2.26364e+07 4.64043e+06 -0.00388455 0.00558767 -0.00246897 0.00654999 0.0132955 0.00105269 0.000371378 6.43933e-05 0.101888 0.0042136 6.21459 0.33862 124.024 32.4906 1207.57 127.109 1337.81 148.147 1337.81 148.147 0.571715 0.0219396 
200 0.28 207200000 606.933 32.0334 -59.562 1.57373 3957.99 241.773 2.4117e+07 4.56118e+06 -0.00300105 0.00560456 -0.00077941 0.00632748 0.0134101 0.000993638 0.000382458 6.25837e-05 0.102182 0.00394293 6.11611 0.336229 116.768 32.2311 1181.32 123.075 1304.2 143.599 1304.2 143.599 0.57196 0.0219396 
200 0.28 208000000 606.933 32.0334 -59.562 1.57373 3957.99 241.773 2.4117e+07 4.56118e+06 -0.00300105 0.00560456 -0.00077941 0.00632748 0.0134101 0.000993638 0.000382458 6.25837e-05 0.102182 0.00394293 6.11611 0.336229 116.768 32.2311 1181.32 123.075 1304.2 143.599 1304.2 143.599 0.57196 0.0219396 
200 0.28 208800000 606.933 32.0334 -59.562 1.57373 3957.99 241.773 2.4117e+07 4.56118e+06 -0.00300105 0.00555866 -0.00077941 0.00632748 0.0134101 0.000993638 0.000382458 6.25837e-05 0.102182 0.00394293 6.11611 0.333825 116.768 31.9696 1181.32 123.075 1304.2 143.599 1304.2 143.599 0.57196 0.0219396 
200 0.28 209600000 606.933 32.0334 -59.562 1.57373 3957.99 241.773 2.4117e+07 4.56118e+06 -0.00300105 0.00555866 -0.00077941 0.00632748 0.0134101 0.000993638 0.000382458 6.25837e-05 0.102182 0.00394293 6.11611 0.333825 116.768 31.9696 1181.32 123.075 1304.2 143.599 1304.2 143.599 0.57196 0.0219396 
200 0.28 210400000 606.933 32.0334 -59.562 1.57373 3957.99 241.773 2.4117e+07 4.56118e+06 -0.00300105 0.00553272 -0.00077941 0.00632748 0.0134101 0.000993638 0.000382458 6.25837e-05 0.102182 0.00394293 6.11611 0.331231 116.768 31.7192 1181.32 123.075 1304.2 143.599 1304.2 143.599 0.57196 0.0219396 
200 0.28 211200000 606.933 32.0334 -59.562 1.57373 3957.99 241.773 2.4117e+07 4.56118e+06 -0.00300105 0.00553272 -0.00077941 0.00632748 0.0134101 0.000993638 0.000382458 6.25837e-05 0.102182 0.00394293 6.11611 0.331231 116.768 31.7192 1181.32 123.075 1304.2 143.599 1304.2 143.599 0.57196 0.0219396 
200 0.28 212000000 606.933 32.0334 -59.562 1.57373 3957.99 241.773 2.4117e+07 4.56118e+06 -0.00300105 0.00548941 -0.00077941 0.00632748 0.0134101 0.000993638 0.000382458 6.25837e-05 0.102182 0.00394293 6.11611 0.328544 116.768 31.4706 1181.32 123.075 1304.2 143.599 1304.2 143.599 0.57196 0.0219396 
200 0.28 212800000 606.933 32.0334 -59.562 1.57373 3957.99 241.773 2.4117e+07 4.56118e+06 -0.00300105 0.00548941 -0.00077941 0.00632748 0.0134101 0.000993638 0.000382458 6.25837e-05 0.102182 0.00394293 6.11611 0.328544 116.768 31.4706 1181.32 123.075 1304.2 143.599 1304.2 143.599 0.57196 0.0219396 
200 0.28 213600000 606.933 32.0334 -59.562 1.57373 3957.99 241.773 2.4117e+07 4.56118e+06 -0.00300105 0.00544517 -0.00077941 0.00632748 0.0134101 0.000988734 0.000382458 6.06275e-05 0.102182 0.00394293 6.11611 0.32804 116.768 31.22 1181.32 121.176 1304.2 140.364 1304.2 140.364 0.57196 0.0219396 
200 0.28 214400000 606.933 32.0334 -59.562 1.57373 3957.99 241.773 2.4117e+07 4.56118e+06 -0.00300105 0.00544517 -0.00077941 0.00632748 0.0134101 0.000988734 0.000382458 6.06275e-05 0.102182 0.00394293 6.11611 0.32804 116.768 31.22 1181.32 121.176 1304.2 140.364 1304.2 140.364 0.57196 0.0219396 
200 0.28 215200000 606.933 32.0334 -59.562 1.57373 3957.99 241.773 2.4117e+07 4.56118e+06 -0.00300105 0.00542892 -0.00077941 0.00632748 0.0134101 0.000988734 0.000382458 6.06275e-05 0.102182 0.00394293 6.11611 0.325581 116.768 30.9798 1181.32 121.176 1304.2 140.364 1304.2 140.364 0.57196 0.0219396 
200 0.28 216000000 606.933 32.0334 -59.562 1.57373 3957.99 241.773 2.4117e+07 4.56118e+06 -0.00300105 0.00542892 -0.00077941 0.00632748 0.0134101 0.000988734 0.000382458 6.06275e-05 0.102182 0.00394293 6.11611 0.325581 116.768 30.9798 1181.32 121.176 1304.2 140.364 1304.2 140.364 0.57196 0.0219396 
200 0.28 216800000 606.933 32.0334 -59.562 1.57373 3957.99 241.773 2.4117e+07 4.56118e+06 -0.00300105 0.00538636 -0.00077941 0.00632748 0.0134101 0.000988734 0.000382458 6.06275e-05 0.102182 0.00394293 6.11611 0.323676 116.768 30.741 1181.32 121.176 1304.2 140.364 1304.2 140.364 0.57196 0.0219396 
200 0.28 217600000 606.933 32.0334 -59.562 1.57373 3957.99 241.773 2.4117e+07 4.56118e+06 -0.00300105 0.00538636 -0.00077941 0.00632748 0.0134101 0.000988734 0.000382458 6.06275e-05 0.102182 0.00394293 6.11611 0.323676 116.768 30.741 1181.32 121.176 1304.2 140.364 1304.2 140.364 0.57196 0.0219396 
200 0.28 218400000 606.933 32.0334 -59.562 1.57373 3957.99 241.773 2.4117e+07 4.56118e+06 -0.00300105 0.00534452 -0.00077941 0.00632748 0.0134101 0.000988734 0.000382458 6.06275e-05 0.102182 0.00394293 6.11611 0.321135 116.768 30.509 1181.32 121.176 1304.2 140.364 1304.2 140.364 0.57196 0.0219396 
200 0.28 219200000 606.933 32.0334 -59.562 1.57373 3957.99 241.773 2.4117e+07 4.56118e+06 -0.00300105 0.00534452 -0.00077941 0.00632748 0.0134101 0.000988734 0.000382458 6.06275e-05 0.102182 0.00394293 6.11611 0.321135 116.768 30.509 1181.32 121.176 1304.2 140.364 1304.2 140.364 0.57196 0.0219396 
200 0.28 220000000 612.922 30.586 -59.2584 1.50438 3910.03 231.369 2.33954e+07 4.33281e+06 -0.00253573 0.00532075 -0.00186855 0.00602502 0.0136145 0.000950708 0.000385098 5.87331e-05 0.103306 0.00385341 6.14021 0.318757 111.115 30.281 1168.62 122.442 1285.88 141.133 1285.88 141.133 0.573815 0.0192973 
200 0.28 220800000 612.922 30.586 -59.2584 1.50438 3910.03 231.369 2.33954e+07 4.33281e+06 -0.00253573 0.00532075 -0.00186855 0.00602502 0.0136145 0.000950708 0.000385098 5.87331e-05 0.103306 0.00385341 6.14021 0.318757 111.115 30.281 1168.62 122.442 1285.88 141.133 1285.88 141.133 0.573815 0.0192973 
200 0.28 221600000 612.922 30.586 -59.2584 1.50438 3910.03 231.369 2.33954e+07 4.33281e+06 -0.00253573 0.00527962 -0.00186855 0.00602502 0.0136145 0.000950708 0.000385098 5.87331e-05 0.103306 0.00385341 6.14021 0.316304 111.115 30.0553 1168.62 122.442 1285.88 141.133 1285.88 141.133 0.573815 0.0192973 
200 0.28 222400000 612.922 30.586 -59.2584 1.50438 3910.03 231.369 2.33954e+07 4.33281e+06 -0.00253573 0.00527962 -0.00186855 0.00602502 0.0136145 0.000950708 0.000385098 5.87331e-05 0.103306 0.00385341 6.14021 0.316304 111.115 30.0553 1168.62 122.442 1285.88 141.133 1285.88 141.133 0.573815 0.0192973 
200 0.28 223200000 612.922 30.586 -59.2584 1.50438 3910.03 231.369 2.33954e+07 4.33281e+06 -0.00253573 0.00530832 -0.00186855 0.00602502 0.0136145 0.000950708 0.000385098 5.87331e-05 0.103306 0.00385341 6.14021 0.314395 111.115 29.8334 1168.62 122.442 1285.88 141.133 1285.88 141.133 0.573815 0.0192973 
200 0.28 224000000 612.922 30.586 -59.2584 1.50438 3910.03 231.369 2.33954e+07 4.33281e+06 -0.00253573 0.00530832 -0.00186855 0.00602502 0.0136145 0.000950708 0.000385098 5.87331e-05 0.103306 0.00385341 6.14021 0.314395 111.115 29.8334 1168.62 122.442 1285.88 141.133 1285.88 141.133 0.573815 0.0192973 
200 0.28 224800000 612.922 30.586 -59.2584 1.50438 3910.03 231.369 2.33954e+07 4.33281e+06 -0.00253573 0.00526894 -0.00186855 0.00602502 0.0136145 0.000950708 0.000385098 5.87331e-05 0.103306 0.00385341 6.14021 0.312189 111.115 29.6146 1168.62 122.442 1285.88 141.133 1285.88 141.133 0.573815 0.0192973 
200 0.28 225600000 612.922 30.586 -59.2584 1.50438 3910.03 231.369 2.33954e+07 4.33281e+06 -0.00253573 0.00526894 -0.00186855 0.00602502 0.0136145 0.000950708 0.000385098 5.87331e-05 0.103306 0.00385341 6.14021 0.312189 111.115 29.6146 1168.62 122.442 1285.88 141.133 1285.88 141.133 0.573815 0.0192973 
200 0.28 226400000 612.922 30.586 -59.2584 1.50438 3910.03 231.369 2.33954e+07 4.33281e+06 -0.00253573 0.00522918 -0.00186855 0.00602502 0.0136145 0.000947841 0.000385098 5.73787e-05 0.103306 0.00385341 6.14021 0.334344 111.115 29.5867 1168.62 118.733 1285.88 136.87 1285.88 136.87 0.573815 0.0192973 
200 0.28 227200000 612.922 30.586 -59.2584 1.50438 3910.03 231.369 2.33954e+07 4.33281e+06 -0.00253573 0.00522918 -0.00186855 0.00602502 0.0136145 0.000947841 0.000385098 5.71759e-05 0.103306 0.00385341 6.14021 0.334344 111.115 29.5867 1168.62 118.733 1285.88 136.87 1285.88 136.87 0.573815 0.0192973 
200 0.28 228000000 612.922 30.586 -59.2584 1.50438 3910.03 231.369 2.33954e+07 4.33281e+06 -0.00253573 0.00522206 -0.00186855 0.00602502 0.0136145 0.000947841 0.000385098 5.70627e-05 0.103306 0.00385341 6.14021 0.334961 111.115 29.9857 1168.62 118.733 1285.88 136.87 1285.88 136.87 0.573815 0.0192973 
200 0.28 228800000 612.922 30.586 -59.2584 1.50438 3910.03 231.369 2.33954e+07 4.33281e+06 -0.00253573 0.00522206 -0.00186855 0.00602502 0.0136145 0.000947841 0.000385098 5.70627e-05 0.103306 0.00385341 6.14021 0.334961 111.115 29.9857 1168.62 118.733 1285.88 136.87 1285.88 136.87 0.573815 0.0192973 
200 0.28 229600000 612.922 30.586 -59.2584 1.50438 3910.03 231.369 2.33954e+07 4.33281e+06 -0.00253573 0.00518648 -0.00186855 0.00602502 0.0136145 0.000947841 0.000385098 5.70627e-05 0.103306 0.00385341 6.14021 0.332538 111.115 29.7718 1168.62 118.733 1285.88 136.87 1285.88 136.87 0.573815 0.0192973 
200 0.28 230400000 612.922 30.586 -59.2584 1.50438 3910.03 231.369 2.33954e+07 4.33281e+06 -0.00253573 0.00518648 -0.00186855 0.00602502 0.0136145 0.000947841 0.000385098 5.70627e-05 0.103306 0.00385341 6.14021 0.332538 111.115 30.3353 1168.62 118.733 1285.88 136.87 1285.88 136.87 0.573815 0.0192973 
200 0.28 231200000 612.922 30.586 -59.2584 1.50438 3910.03 231.369 2.33954e+07 4.33281e+06 -0.00253573 0.00527814 -0.00186855 0.00602502 0.0136145 0.000947841 0.000385098 5.8791e-05 0.103306 0.00385341 6.14021 0.336359 111.115 30.3765 1168.62 118.733 1285.88 136.87 1285.88 136.87 0.573815 0.0192973 
200 0.28 232000000 612.922 30.586 -59.2584 1.50438 3910.03 231.369 2.33954e+07 4.33281e+06 -0.00253573 0.00527814 -0.00186855 0.00602502 0.0136145 0.000947841 0.000385098 5.85876e-05 0.103306 0.00385341 6.14021 0.336359 111.115 30.3765 1168.62 118.733 1285.88 136.87 1285.88 136.87 0.573815 0.0192973 
200 0.28 232800000 608.919 29.0476 -59.3945 1.42203 3958.46 222.769 2.45238e+07 4.2223e+06 -0.0024961 0.00525398 -0.00347275 0.00588029 0.0140243 0.000976644 0.000404443 5.8377e-05 0.105045 0.00400011 6.37766 0.356959 123.902 30.1636 1207.49 121.23 1337.77 141.657 1337.77 141.657 0.57531 0.0192973 
200 0.28 233600000 608.919 29.0476 -59.3945 1.42203 3958.46 222.769 2.45238e+07 4.2223e+06 -0.0024961 0.00525398 -0.00347275 0.00588029 0.0140243 0.000976644 0.000404443 5.81803e-05 0.105045 0.00400011 6.37766 0.356959 123.902 30.1636 1207.49 121.23 1337.77 141.657 1337.77 141.657 0.57531 0.0192973 
200 0.28 234400000 608.919 29.0476 -59.3945 1.42203 3958.46 222.769 2.45238e+07 4.2223e+06 -0.0024961 0.00521727 -0.00347275 0.00588029 0.0140243 0.000976644 0.000404443 5.79848e-05 0.105045 0.00400011 6.37766 0.356959 123.902 29.9543 1207.49 121.23 1337.77 141.657 1337.77 141.657 0.57531 0.0192973 
200 0.28 235200000 608.919 29.0476 -59.3945 1.42203 3958.46 222.769 2.45238e+07 4.2223e+06 -0.0024961 0.00521727 -0.00347275 0.00588029 0.0140243 0.000976644 0.000404443 5.77876e-05 0.105045 0.00400011 6.37766 0.356959 123.902 29.9543 1207.49 121.23 1337.77 141.657 1337.77 141.657 0.57531 0.0192973 
200 0.28 236000000 608.919 29.0476 -59.3945 1.42203 3958.46 222.769 2.45238e+07 4.2223e+06 -0.0024961 0.00525114 -0.00347275 0.00588029 0.0140243 0.000976644 0.000404443 5.80014e-05 0.105045 0.00400011 6.37766 0.356959 123.902 29.7475 1207.49 121.23 1337.77 141.657 1337.77 141.657 0.57531 0.0192973 
200 0.28 236800000 608.919 29.0476 -59.3945 1.42203 3958.46 222.769 2.45238e+07 4.2223e+06 -0.0024961 0.00525114 -0.00347275 0.00588029 0.0140243 0.000976644 0.000404443 5.80933e-05 0.105045 0.00400011 6.37766 0.356959 123.902 29.7475 1207.49 121.23 1337.77 141.657 1337.77 141.657 0.57531 0.0192973 
200 0.28 237600000 608.919 29.0476 -59.3945 1.42203 3958.46 222.769 2.45238e+07 4.2223e+06 -0.0024961 0.00522912 -0.00347275 0.00588029 0.0140243 0.000976644 0.000404443 5.78961e-05 0.105045 0.00400011 6.37766 0.356959 123.902 29.5438 1207.49 121.23 1337.77 141.657 1337.77 141.657 0.57531 0.0192973 
200 0.28 238400000 608.919 29.0476 -59.3945 1.42203 3958.46 222.769 2.45238e+07 4.2223e+06 -0.0024961 0.00522912 -0.00347275 0.00588029 0.0140243 0.000976644 0.000404443 5.83436e-05 0.105045 0.00400011 6.37766 0.356959 123.902 29.5438 1207.49 121.23 1337.77 141.657 1337.77 141.657 0.57531 0.0192973 
200 0.28 239200000 608.919 29.0476 -59.3945 1.42203 3958.46 222.769 2.45238e+07 4.2223e+06 -0.0024961 0.00522531 -0.00347275 0.00588029 0.0140243 0.000976644 0.000404443 5.81453e-05 0.105045 0.00400011 6.37766 0.356959 123.902 29.3428 1207.49 117.968 1337.77 137.974 1337.77 137.974 0.57531 0.0192973 
200 0.28 240000000 608.919 29.0476 -59.3945 1.42203 3958.46 222.769 2.45238e+07 4.2223e+06 -0.0024961 0.00522531 -0.00347275 0.00588029 0.0140243 0.000976644 0.000404443 5.80057e-05 0.105045 0.00400011 6.37766 0.356959 123.902 29.3428 1207.49 117.968 1337.77 137.974 1337.77 137.974 0.57531 0.0192973 
200 0.28 240800000 608.919 29.0476 -59.3945 1.42203 3958.46 222.769 2.45238e+07 4.2223e+06 -0.0024961 0.00520492 -0.00347275 0.00588029 0.0140243 0.000976644 0.000404443 5.7883e-05 0.105045 0.00400011 6.37766 0.356959 123.902 29.1451 1207.49 117.968 1337.77 137.974 1337.77 137.974 0.57531 0.0192973 
200 0.28 241600000 608.919 29.0476 -59.3945 1.42203 3958.46 222.769 2.45238e+07 4.2223e+06 -0.0024961 0.00520492 -0.00347275 0.00588029 0.0140243 0.000976644 0.000404443 5.7883e-05 0.105045 0.00400011 6.37766 0.356959 123.902 29.1451 1207.49 117.968 1337.77 137.974 1337.77 137.974 0.57531 0.0192973 
200 0.28 242400000 608.919 29.0476 -59.3945 1.42203 3958.46 222.769 2.45238e+07 4.2223e+06 -0.0024961 0.00516905 -0.00347275 0.00588029 0.0140243 0.000976644 0.000404443 5.7883e-05 0.105045 0.00400011 6.37766 0.356959 123.902 28.95 1207.49 117.968 1337.77 137.974 1337.77 137.974 0.57531 0.0192973 
200 0.28 243200000 608.919 29.0476 -59.3945 1.42203 3958.46 222.769 2.45238e+07 4.2223e+06 -0.0024961 0.00516905 -0.00347275 0.00588029 0.0140243 0.000976644 0.000404443 5.7883e-05 0.105045 0.00400011 6.37766 0.356959 123.902 28.95 1207.49 117.968 1337.77 137.974 1337.77 137.974 0.57531 0.0192973 
200 0.28 244000000 608.919 29.0476 -59.3945 1.42203 3958.46 222.769 2.45238e+07 4.2223e+06 -0.0024961 0.00514364 -0.00347275 0.00588029 0.0140243 0.000976644 0.000404443 5.7883e-05 0.105045 0.00400011 6.37766 0.356959 123.902 28.7578 1207.49 117.968 1337.77 137.974 1337.77 137.974 0.57531 0.0192973 
200 0.28 244800000 608.919 29.0476 -59.3945 1.42203 3958.46 222.769 2.45238e+07 4.2223e+06 -0.0024961 0.00514364 -0.00347275 0.00588029 0.0140243 0.000976644 0.000404443 5.7883e-05 0.105045 0.00400011 6.37766 0.356959 123.902 28.7578 1207.49 117.968 1337.77 137.974 1337.77 137.974 0.57531 0.0192973 
200 0.28 245600000 605.167 27.6751 -59.658 1.36722 3984.57 211.918 2.45407e+07 3.98776e+06 -0.00374735 0.00518182 -0.00492297 0.00572965 0.0144187 0.000998839 0.000421312 5.66694e-05 0.106659 0.00409045 6.27839 0.350657 117.727 28.5668 1169.01 118.822 1293.02 138.409 1293.02 138.409 0.57251 0.0171972 
200 0.28 246400000 605.167 27.6751 -59.658 1.36722 3984.57 211.918 2.45407e+07 3.98776e+06 -0.00374735 0.00518182 -0.00492297 0.00572965 0.0144187 0.000998839 0.000421312 5.6504e-05 0.106659 0.00409045 6.27839 0.350657 117.727 28.5668 1169.01 118.822 1293.02 138.409 1293.02 138.409 0.57251 0.0171972 
200 0.28 247200000 605.167 27.6751 -59.658 1.36722 3984.57 211.918 2.45407e+07 3.98776e+06 -0.00374735 0.005154 -0.00492297 0.00572965 0.0144187 0.000998839 0.000421312 6.97779e-05 0.106659 0.00409045 6.27839 0.350657 117.727 28.3792 1169.01 118.822 1293.02 138.409 1293.02 138.409 0.57251 0.0171972 
200 0.28 248000000 605.167 27.6751 -59.658 1.36722 3984.57 211.918 2.45407e+07 3.98776e+06 -0.00374735 0.005154 -0.00492297 0.00572965 0.0144187 0.000998839 0.000421312 6.95562e-05 0.106659 0.00409045 6.27839 0.350657 117.727 28.3792 1169.01 118.822 1293.02 138.409 1293.02 138.409 0.57251 0.0171972 
200 0.28 248800000 605.167 27.6751 -59.658 1.36722 3984.57 211.918 2.45407e+07 4.01764e+06 -0.00374735 0.0051187 -0.00492297 0.00572965 0.0144187 0.000998839 0.000421312 6.93354e-05 0.106659 0.00409045 6.27839 0.350657 117.727 28.1927 1169.01 118.822 1293.02 138.409 1293.02 138.409 0.57251 0.0171972 
200 0.28 249600000 605.167 27.6751 -59.658 1.36722 3984.57 211.918 2.45407e+07 4.01764e+06 -0.00374735 0.0051187 -0.00492297 0.00572965 0.0144187 0.000998839 0.000421312 6.9104e-05 0.106659 0.00409045 6.27839 0.350657 117.727 28.1927 1169.01 118.822 1293.02 138.409 1293.02 138.409 0.57251 0.0171972 
200 0.28 250400000 605.167 27.6751 -59.658 1.36722 3984.57 211.918 2.45407e+07 4.01764e+06 -0.00374735 0.0050938 -0.00492297 0.00572965 0.0144187 0.000998839 0.000421312 6.88842e-05 0.106659 0.00409045 6.27839 0.350657 117.727 28.0099 1169.01 118.822 1293.02 138.409 1293.02 138.409 0.57251 0.0171972 
200 0.28 251200000 605.167 27.6751 -59.658 1.36722 3984.57 211.918 2.45407e+07 4.01764e+06 -0.00374735 0.0050938 -0.00492297 0.00572965 0.0144187 0.000998839 0.000421312 6.86572e-05 0.106659 0.00409045 6.27839 0.350657 117.727 28.0099 1169.01 118.822 1293.02 138.409 1293.02 138.409 0.57251 0.0171972 
200 0.28 252000000 605.167 27.6751 -59.658 1.36722 3984.57 211.918 2.45407e+07 3.98776e+06 -0.00374735 0.00505978 -0.00492297 0.00572965 0.0144187 0.000998839 0.000421312 6.84428e-05 0.106659 0.00409045 6.27839 0.350657 117.727 27.8274 1169.01 115.807 1293.02 134.728 1293.02 134.728 0.57251 0.0171972 
200 0.28 252800000 605.167 27.6751 -59.658 1.36722 3984.57 211.918 2.45407e+07 3.98776e+06 -0.00374735 0.00505978 -0.00492297 0.00572965 0.0144187 0.000998839 0.000421312 6.82206e-05 0.106659 0.00409045 6.27839 0.350657 117.727 27.8274 1169.01 115.807 1293.02 134.728 1293.02 134.728 0.57251 0.0171972 
200 0.28 253600000 605.167 27.6751 -59.658 1.36722 3984.57 211.918 2.45407e+07 3.98776e+06 -0.00374735 0.00502582 -0.00492297 0.00572965 0.0144187 0.000998839 0.000421312 6.80085e-05 0.106659 0.00409045 6.27839 0.350657 117.727 27.6485 1169.01 115.807 1293.02 134.728 1293.02 134.728 0.57251 0.0171972 
200 0.28 254400000 605.167 27.6751 -59.658 1.36722 3984.57 211.918 2.45407e+07 3.98776e+06 -0.00374735 0.00502582 -0.00492297 0.00572965 0.0144187 0.000998839 0.000421312 6.77826e-05 0.106659 0.00409045 6.27839 0.350657 117.727 27.6485 1169.01 115.807 1293.02 134.728 1293.02 134.728 0.57251 0.0171972 
200 0.28 255200000 605.167 27.6751 -59.658 1.36722 3984.57 211.918 2.45407e+07 3.98776e+06 -0.00374735 0.00503817 -0.00492297 0.00572965 0.0144187 0.000998839 0.000421312 6.75653e-05 0.106659 0.00409045 6.27839 0.350657 117.727 27.4726 1169.01 115.807 1293.02 134.728 1293.02 134.728 0.57251 0.0171972 
200 0.28 256000000 605.167 27.6751 -59.658 1.36722 3984.57 211.918 2.45407e+07 3.98776e+06 -0.00374735 0.00503817 -0.00492297 0.00572965 0.0144187 0.000998839 0.000421312 6.73576e-05 0.106659 0.00409045 6.27839 0.350657 117.727 27.4726 1169.01 115.807 1293.02 134.728 1293.02 134.728 0.57251 0.0171972 
200 0.28 256800000 605.167 27.6751 -59.658 1.36722 3984.57 211.918 2.45407e+07 3.98776e+06 -0.00374735 0.005019 -0.00492297 0.00572965 0.0144187 0.000998839 0.000421312 6.7148e-05 0.106659 0.00409045 6.27839 0.350657 117.727 27.2961 1169.01 115.807 1293.02 134.728 1293.02 134.728 0.57251 0.0171972 
200 0.28 257600000 605.167 27.6751 -59.658 1.36722 3984.57 211.918 2.45407e+07 3.98776e+06 -0.00374735 0.005019 -0.00492297 0.00572965 0.0144187 0.000998839 0.000421312 6.69418e-05 0.106659 0.00409045 6.27839 0.350657 117.727 27.2961 1169.01 115.807 1293.02 134.728 1293.02 134.728 0.57251 0.0171972 
200 0.28 258400000 597.158 27.3528 -59.7144 1.31033 4015.15 202.958 2.60958e+07 4.06982e+06 -0.00277489 0.00498599 -0.00312377 0.00570359 0.0145688 0.000975009 0.000451248 6.67371e-05 0.106659 0.00387517 6.34784 0.339008 116.07 27.2767 1187.16 113.312 1309.58 131.761 1309.58 131.761 0.574409 0.0171972 
200 0.28 259200000 597.158 27.3528 -59.7144 1.31033 4015.15 202.958 2.60958e+07 4.06982e+06 -0.00277489 0.00498599 -0.00312377 0.00570359 0.0145688 0.000975009 0.000451248 6.65333e-05 0.106659 0.00387517 6.34784 0.339008 116.07 27.2767 1187.16 113.312 1309.58 131.761 1309.58 131.761 0.574409 0.0171972 
200 0.28 260000000 597.158 27.3528 -59.7144 1.31033 4015.15 202.958 2.60958e+07 4.06982e+06 -0.00277489 0.00495346 -0.00312377 0.00570359 0.0145688 0.000975009 0.000451248 6.6332e-05 0.106659 0.00387517 6.34784 0.339008 116.07 27.1061 1187.16 113.312 1309.58 131.761 1309.58 131.761 0.574409 0.0171972 
200 0.28 260800000 597.158 27.3528 -59.7144 1.31033 4015.15 202.958 2.60958e+07 4.06982e+06 -0.00277489 0.00495346 -0.00312377 0.00570359 0.0145688 0.000975009 0.000451248 6.61303e-05 0.106659 0.00387517 6.34784 0.339008 116.07 27.1061 1187.16 113.312 1309.58 131.761 1309.58 131.761 0.574409 0.0171972 
200 0.28 261600000 597.158 27.3528 -59.7144 1.31033 4015.15 202.958 2.60958e+07 4.06982e+06 -0.00277489 0.00492142 -0.00312377 0.00570359 0.0145688 0.000975009 0.000451248 6.59245e-05 0.106659 0.00387517 6.34784 0.339008 116.07 26.9384 1187.16 113.312 1309.58 131.761 1309.58 131.761 0.574409 0.0171972 
200 0.28 262400000 597.158 27.3528 -59.7144 1.31033 4015.15 202.958 2.60958e+07 4.06982e+06 -0.00277489 0.00492142 -0.00312377 0.00570359 0.0145688 0.000975009 0.000451248 6.57675e-05 0.106659 0.00387517 6.34784 0.339008 116.07 26.9384 1187.16 113.312 1309.58 131.761 1309.58 131.761 0.574409 0.0171972 
200 0.28 263200000 597.158 27.3528 -59.7144 1.31033 4015.15 202.958 2.60958e+07 4.06982e+06 -0.00277489 0.00489102 -0.00312377 0.00570359 0.0145688 0.000975009 0.000451248 6.55575e-05 0.106659 0.00387517 6.34784 0.339008 116.07 26.7706 1187.16 113.312 1309.58 131.761 1309.58 131.761 0.574409 0.0171972 
200 0.28 264000000 597.158 27.3528 -59.7144 1.31033 4015.15 202.958 2.60958e+07 4.06982e+06 -0.00277489 0.00489102 -0.00312377 0.00570359 0.0145688 0.000975009 0.000451248 6.53526e-05 0.106659 0.00387517 6.34784 0.339008 116.07 26.7706 1187.16 113.312 1309.58 131.761 1309.58 131.761 0.574409 0.0171972 
200 0.28 264800000 597.158 27.3528 -59.7144 1.29643 4015.15 202.958 2.60958e+07 4.06982e+06 -0.00277489 0.00486049 -0.00312377 0.00570359 0.0145688 0.000975009 0.000451248 6.51552e-05 0.106659 0.00387517 6.34784 0.339008 116.07 26.6034 1187.16 112.224 1309.58 130.334 1309.58 130.334 0.574409 0.0171972 
200 0.28 265600000 597.158 27.3528 -59.7144 1.29643 4015.15 202.958 2.60958e+07 4.06982e+06 -0.00277489 0.00486049 -0.00312377 0.00570359 0.0145688 0.000975009 0.000451248 6.49478e-05 0.106659 0.00387517 6.34784 0.339008 116.07 26.6034 1187.16 112.224 1309.58 130.334 1309.58 130.334 0.574409 0.0171972 
200 0.28 266400000 597.158 27.3528 -59.7144 1.29643 4015.15 202.958 2.60958e+07 4.06982e+06 -0.00277489 0.00482961 -0.00312377 0.00570359 0.0145688 0.000975009 0.000451248 6.47556e-05 0.106659 0.00387517 6.34784 0.339008 116.07 26.4416 1187.16 112.224 1309.58 130.334 1309.58 130.334 0.574409 0.0171972 
200 0.28 267200000 597.158 27.3528 -59.7144 1.29643 4015.15 202.958 2.60958e+07 4.06982e+06 -0.00277489 0.00482961 -0.00312377 0.00570359 0.0145688 0.000975009 0.000451248 6.45502e-05 0.106659 0.00387517 6.34784 0.339008 116.07 26.4416 1187.16 112.224 1309.58 130.334 1309.58 130.334 0.574409 0.0171972 
200 0.28 268000000 597.158 27.3528 -59.7144 1.29643 4015.15 202.958 2.60958e+07 4.06982e+06 -0.00277489 0.00481526 -0.00312377 0.00570359 0.0145688 0.000975009 0.000451248 6.43588e-05 0.106659 0.00387517 6.34784 0.339008 116.07 26.2814 1187.16 112.224 1309.58 130.334 1309.58 130.334 0.574409 0.0171972 
200 0.28 268800000 597.158 27.3528 -59.7144 1.29643 4015.15 202.958 2.60958e+07 4.06982e+06 -0.00277489 0.00481526 -0.00312377 0.00570359 0.0145688 0.000975009 0.000451248 6.41691e-05 0.106659 0.00387517 6.34784 0.339008 116.07 26.2814 1187.16 112.224 1309.58 130.334 1309.58 130.334 0.574409 0.0171972 
200 0.28 269600000 597.158 27.3528 -59.7144 1.29643 4015.15 202.958 2.60958e+07 4.06982e+06 -0.00277489 0.00479547 -0.00312377 0.00570359 0.0145688 0.000975009 0.000451248 6.39817e-05 0.106659 0.00387517 6.34784 0.339008 116.07 26.1199 1187.16 112.224 1309.58 130.334 1309.58 130.334 0.574409 0.0171972 
200 0.28 270400000 597.158 27.3528 -59.7144 1.29643 4015.15 202.958 2.60958e+07 4.06982e+06 -0.00277489 0.00479547 -0.00312377 0.00570359 0.0145688 0.000975009 0.000451248 6.3796e-05 0.106659 0.00387517 6.34784 0.339008 116.07 26.1199 1187.16 112.224 1309.58 130.334 1309.58 130.334 0.574409 0.0171972 
200 0.28 271200000 598.5 26.0181 -59.5873 1.25765 4004.54 193.087 2.59037e+07 3.87086e+06 -0.00244293 0.00479139 -0.00349921 0.00543075 0.0144107 0.000923133 0.000440345 6.36091e-05 0.106085 0.00372368 6.34095 0.322128 111.448 25.9624 1168.84 109.438 1286.63 127.075 1286.63 127.075 0.57445 0.0159556 
200 0.28 272000000 598.5 26.0181 -59.5873 1.25765 4004.54 193.087 2.59037e+07 3.87086e+06 -0.00244293 0.00479139 -0.00349921 0.00543075 0.0144107 0.000923133 0.000440345 6.35812e-05 0.106085 0.00372368 6.34095 0.322128 111.448 25.9624 1168.84 109.438 1286.63 127.075 1286.63 127.075 0.57445 0.0159556 
200 0.28 272800000 598.5 26.0181 -59.5873 1.25765 4004.54 193.087 2.59037e+07 3.87086e+06 -0.00244293 0.00480373 -0.00349921 0.00543075 0.0144107 0.000923133 0.000440345 6.33842e-05 0.106085 0.00372368 6.34095 0.322128 111.448 25.8071 1168.84 109.438 1286.63 127.075 1286.63 127.075 0.57445 0.0158796 
200 0.28 273600000 598.5 26.0181 -59.5873 1.25765 4004.54 193.087 2.59037e+07 3.87086e+06 -0.00244293 0.00480373 -0.00349921 0.00543075 0.0144107 0.000923133 0.000440345 6.3188e-05 0.106085 0.00372368 6.34095 0.322128 111.448 25.8071 1168.84 109.438 1286.63 127.075 1286.63 127.075 0.57445 0.0158796 
200 0.28 274400000 598.5 26.0181 -59.5873 1.25765 4004.54 193.087 2.59037e+07 3.87086e+06 -0.00244293 0.0047759 -0.00349921 0.00543075 0.0144107 0.000923133 0.000440345 6.30027e-05 0.106085 0.00372368 6.34095 0.322128 111.448 25.6516 1168.84 109.438 1286.63 127.075 1286.63 127.075 0.57445 0.0159668 
200 0.28 275200000 598.5 26.0181 -59.5873 1.25765 4004.54 193.087 2.59037e+07 3.87086e+06 -0.00244293 0.0047759 -0.00349921 0.00543075 0.0144107 0.000923133 0.000440345 6.28514e-05 0.106085 0.00372368 6.34095 0.322128 111.448 25.6516 1168.84 109.438 1286.63 127.075 1286.63 127.075 0.57445 0.0159668 
200 0.28 276000000 598.5 26.0181 -59.5873 1.25765 4004.54 193.087 2.59037e+07 3.87086e+06 -0.00244293 0.00478428 -0.00349921 0.00543075 0.0144107 0.000923133 0.000440345 6.28514e-05 0.106085 0.00372368 6.34095 0.322128 111.448 25.5006 1168.84 109.438 1286.63 127.075 1286.63 127.075 0.57445 0.0158864 
200 0.28 276800000 598.5 26.0181 -59.5873 1.25765 4004.54 193.087 2.59037e+07 3.87086e+06 -0.00244293 0.00478428 -0.00349921 0.00543075 0.0144107 0.000923133 0.000440345 6.28514e-05 0.106085 0.00372368 6.34095 0.322128 111.448 25.5006 1168.84 109.438 1286.63 127.075 1286.63 127.075 0.57445 0.0158864 
200 0.28 277600000 598.5 26.0181 -59.5873 1.23782 4004.54 193.087 2.59037e+07 3.87086e+06 -0.00244293 0.00475853 -0.00349921 0.00543075 0.0144107 0.000923133 0.000440345 6.28514e-05 0.106085 0.00372368 6.34095 0.322128 111.448 25.3501 1168.84 109.208 1286.63 125.729 1286.63 125.729 0.57445 0.0158131 
200 0.28 278400000 598.5 26.0181 -59.5873 1.23782 4004.54 193.087 2.59037e+07 3.87086e+06 -0.00244293 0.00475853 -0.00349921 0.00543075 0.0144107 0.000923133 0.000440345 6.28514e-05 0.106085 0.00372368 6.34095 0.322128 111.448 25.3501 1168.84 109.208 1286.63 125.729 1286.63 125.729 0.57445 0.0158131 
200 0.28 279200000 598.5 26.0181 -59.5873 1.23782 4004.54 193.087 2.59037e+07 3.87086e+06 -0.00244293 0.00473352 -0.00349921 0.00543075 0.0144107 0.000923133 0.000440345 6.28514e-05 0.106085 0.00372368 6.34095 0.322128 111.448 25.2021 1168.84 109.208 1286.63 125.729 1286.63 125.729 0.57445 0.0158325 
200 0.28 280000000 598.5 26.0181 -59.5873 1.23782 4004.54 193.087 2.59037e+07 3.87086e+06 -0.00244293 0.00473352 -0.00349921 0.00543075 0.0144107 0.000923133 0.000440345 6.28514e-05 0.106085 0.00372368 6.34095 0.322128 111.448 25.2021 1168.84 109.208 1286.63 125.729 1286.63 125.729 0.57445 0.0158325 
200 0.28 280800000 598.5 26.0181 -59.5873 1.23782 4004.54 193.087 2.59037e+07 3.87086e+06 -0.00244293 0.00470502 -0.00349921 0.00543075 0.0144107 0.000923133 0.000440345 6.28514e-05 0.106085 0.00372368 6.34095 0.322128 111.448 25.0554 1168.84 109.208 1286.63 125.729 1286.63 125.729 0.57445 0.0159026 
200 0.28 281600000 598.5 26.0181 -59.5873 1.23782 4004.54 193.087 2.59037e+07 3.87086e+06 -0.00244293 0.00470502 -0.00349921 0.00543075 0.0144107 0.000923133 0.000440345 6.28514e-05 0.106085 0.00372368 6.34095 0.322128 111.448 25.0554 1168.84 109.208 1286.63 125.729 1286.63 125.729 0.57445 0.0159026 
200 0.28 282400000 598.5 26.0181 -59.5873 1.23782 4004.54 193.087 2.59037e+07 3.87086e+06 -0.00244293 0.00469392 -0.00349921 0.00543075 0.0144107 0.000923133 0.000440345 6.28514e-05 0.106085 0.00372368 6.34095 0.322128 111.448 24.9122 1168.84 109.208 1286.63 125.729 1286.63 125.729 0.57445 0.0158252 
200 0.28 283200000 598.5 26.0181 -59.5873 1.23782 4004.54 193.087 2.59037e+07 3.87086e+06 -0.00244293 0.00469392 -0.00349921 0.00543075 0.0144107 0.000923133 0.000440345 6.28514e-05 0.106085 0.00372368 6.34095 0.322128 111.448 24.9122 1168.84 109.208 1286.63 125.729 1286.63 125.729 0.57445 0.0158252 
200 0.28 284000000 598.5 25.0479 -59.5873 1.21433 4004.54 187.429 2.59037e+07 3.82738e+06 -0.00244293 0.00467397 -0.00349921 0.0051933 0.0144107 0.000923133 0.000440345 6.28514e-05 0.106085 0.00362285 6.34095 0.30851 111.448 24.771 1168.84 106.653 1286.63 122.739 1286.63 122.739 0.57445 0.0157312 
200 0.28 284800000 598.5 25.0479 -59.5873 1.21433 4004.54 187.429 2.59037e+07 3.82738e+06 -0.00244293 0.00467397 -0.00349921 0.0051933 0.0144107 0.000923133 0.000440345 6.28514e-05 0.106085 0.00362285 6.34095 0.30851 111.448 24.771 1168.84 106.653 1286.63 122.739 1286.63 122.739 0.57445 0.0157312 
200 0.28 285600000 598.5 25.0479 -59.5873 1.21433 4004.54 187.429 2.59037e+07 3.82738e+06 -0.00244293 0.00464645 -0.00349921 0.0051933 0.0144107 0.000923133 0.000440345 6.28514e-05 0.106085 0.00362285 6.34095 0.30851 111.448 24.6284 1168.84 106.653 1286.63 122.739 1286.63 122.739 0.57445 0.0158001 
200 0.28 286400000 598.5 25.0479 -59.5873 1.21433 4004.54 187.429 2.59037e+07 3.82738e+06 -0.00244293 0.00464645 -0.00349921 0.0051933 0.0144107 0.000923133 0.000440345 6.28514e-05 0.106085 0.00362285 6.34095 0.30851 111.448 24.6284 1168.84 106.653 1286.63 122.739 1286.63 122.739 0.57445 0.0158001 
200 0.28 287200000 598.5 25.0479 -59.5873 1.21433 4004.54 187.429 2.59037e+07 3.82738e+06 -0.00244293 0.00464283 -0.00349921 0.0051933 0.0144107 0.000923133 0.000440345 6.28514e-05 0.106085 0.00362285 6.34095 0.30851 111.448 24.5727 1168.84 107.528 1286.63 123.202 1286.63 123.202 0.57445 0.0157072 
200 0.28 288000000 598.5 25.0479 -59.5873 1.21433 4004.54 187.429 2.59037e+07 3.82738e+06 -0.00244293 0.00464283 -0.00349921 0.0051933 0.0144107 0.000923133 0.000440345 6.28514e-05 0.106085 0.00362285 6.34095 0.30851 111.448 24.5727 1168.84 107.528 1286.63 123.202 1286.63 123.202 0.57445 0.0157072 
200 0.28 288800000 598.5 25.0479 -59.5873 1.21433 4004.54 187.429 2.59037e+07 3.82738e+06 -0.00244293 0.00462121 -0.00349921 0.0051933 0.0144107 0.000923133 0.000440345 6.28514e-05 0.106085 0.00362285 6.34095 0.30851 111.448 24.4327 1168.84 107.528 1286.63 123.202 1286.63 123.202 0.57445 0.0156346 
200 0.28 289600000 598.5 25.0479 -59.5873 1.21433 4004.54 187.429 2.59037e+07 3.82738e+06 -0.00244293 0.00462121 -0.00349921 0.0051933 0.0144107 0.000923133 0.000440345 6.28514e-05 0.106085 0.00362285 6.34095 0.30851 111.448 24.4327 1168.84 107.528 1286.63 123.202 1286.63 123.202 0.57445 0.0156346 
200 0.28 290400000 598.5 25.0479 -59.5873 1.20564 4004.54 187.429 2.59037e+07 3.82738e+06 -0.00244293 0.00459445 -0.00349921 0.0051933 0.0144107 0.000923133 0.000440345 6.28514e-05 0.106085 0.00362285 6.34095 0.30851 111.448 24.297 1168.84 106.293 1286.63 121.803 1286.63 121.803 0.57445 0.015736 
200 0.28 291200000 598.5 25.0479 -59.5873 1.20564 4004.54 187.429 2.59037e+07 3.82738e+06 -0.00244293 0.00459445 -0.00349921 0.0051933 0.0144107 0.000923133 0.000440345 6.28514e-05 0.106085 0.00362285 6.34095 0.30851 111.448 24.297 1168.84 106.293 1286.63 121.803 1286.63 121.803 0.57445 0.015736 
200 0.28 292000000 598.5 25.0479 -59.5873 1.20564 4004.54 187.429 2.59037e+07 3.82738e+06 -0.00244293 0.00456963 -0.00349921 0.0051933 0.0144107 0.000923133 0.000440345 6.28514e-05 0.106085 0.00362285 6.34095 0.30851 111.448 24.1622 1168.84 106.293 1286.63 121.803 1286.63 121.803 0.57445 0.0156715 
200 0.28 292800000 598.5 25.0479 -59.5873 1.20564 4004.54 187.429 2.59037e+07 3.82738e+06 -0.00244293 0.00456963 -0.00349921 0.0051933 0.0144107 0.000923133 0.000440345 6.28514e-05 0.106085 0.00362285 6.34095 0.30851 111.448 24.1622 1168.84 106.293 1286.63 121.803 1286.63 121.803 0.57445 0.0156715 
200 0.28 293600000 598.5 25.0479 -59.5873 1.20564 4004.54 187.429 2.59037e+07 3.82738e+06 -0.00244293 0.00457096 -0.00349921 0.0051933 0.0144107 0.000923133 0.000440345 6.28514e-05 0.106085 0.00362285 6.34095 0.30851 111.448 24.0293 1168.84 106.131 1286.63 121.704 1286.63 121.704 0.57445 0.0156203 
200 0.28 294400000 598.5 25.0479 -59.5873 1.20564 4004.54 187.429 2.59037e+07 3.82738e+06 -0.00244293 0.00457096 -0.00349921 0.0051933 0.0144107 0.000923133 0.000440345 6.28514e-05 0.106085 0.00362285 6.34095 0.30851 111.448 24.0293 1168.84 106.131 1286.63 121.704 1286.63 121.704 0.57445 0.0156203 
200 0.28 295200000 598.5 25.0479 -59.5873 1.20564 4004.54 187.429 2.59037e+07 3.82738e+06 -0.00244293 0.00455549 -0.00349921 0.0051933 0.0144107 0.000923133 0.000440345 6.28514e-05 0.106085 0.00362285 6.34095 0.30851 111.448 23.8965 1168.84 106.131 1286.63 121.704 1286.63 121.704 0.57445 0.0155866 
200 0.28 296000000 598.5 25.0479 -59.5873 1.20564 4004.54 187.429 2.59037e+07 3.82738e+06 -0.00244293 0.00455549 -0.00349921 0.0051933 0.0144107 0.000923133 0.000440345 6.28514e-05 0.106085 0.00362285 6.34095 0.30851 111.448 23.8965 1168.84 106.131 1286.63 121.704 1286.63 121.704 0.57445 0.0155866 
200 0.28 296800000 596.244 24.6188 -59.0488 1.18282 3931.43 182.329 2.486e+07 3.82738e+06 -0.00230154 0.0045637 -0.00484457 0.0052682 0.0145036 0.000923133 0.000431734 6.28514e-05 0.106966 0.00346022 6.30819 0.294487 105.946 23.7633 1210.51 104.063 1322.77 119.238 1322.77 119.238 0.580618 0.0154653 
200 0.28 297600000 596.244 24.6188 -59.0488 1.18282 3931.43 182.329 2.486e+07 3.82738e+06 -0.00230154 0.0045637 -0.00484457 0.0052682 0.0145036 0.000923133 0.000431734 6.28514e-05 0.106966 0.00346022 6.30819 0.294487 105.946 23.7633 1210.51 104.063 1322.77 119.238 1322.77 119.238 0.580618 0.0154653 
200 0.28 298400000 596.244 24.6188 -59.0488 1.18282 3931.43 182.329 2.486e+07 3.82738e+06 -0.00230154 0.00456139 -0.00484457 0.0052682 0.0145036 0.000923133 0.000431734 6.28514e-05 0.106966 0.00346022 6.30819 0.294487 105.946 23.6326 1210.51 104.063 1322.77 119.238 1322.77 119.238 0.580618 0.0153779 
200 0.28 299200000 596.244 24.6188 -59.0488 1.18282 3931.43 182.329 2.486e+07 3.82738e+06 -0.00230154 0.00456139 -0.00484457 0.0052682 0.0145036 0.000923133 0.000431734 6.28514e-05 0.106966 0.00346022 6.30819 0.294487 105.946 23.6326 1210.51 104.063 1322.77 119.238 1322.77 119.238 0.580618 0.0153779 
200 0.28 300000000 596.244 24.6188 -59.0488 1.18282 3931.43 182.329 2.486e+07 3.82738e+06 -0.00230154 0.00458818 -0.00484457 0.0052682 0.0145036 0.000923133 0.000431734 6.28514e-05 0.106966 0.00346022 6.30819 0.294487 105.946 23.5044 1210.51 103.848 1322.77 119.147 1322.77 119.147 0.580618 0.0153416 
200 0.28 300800000 596.244 24.6188 -59.0488 1.18282 3931.43 182.329 2.486e+07 3.82738e+06 -0.00230154 0.00458818 -0.00484457 0.0052682 0.0145036 0.000923133 0.000431734 6.28514e-05 0.106966 0.00346022 6.30819 0.294487 105.946 23.5044 1210.51 103.848 1322.77 119.147 1322.77 119.147 0.580618 0.0153416 
200 0.28 301600000 596.244 24.6188 -59.0488 1.18282 3931.43 182.329 2.486e+07 3.82738e+06 -0.00230154 0.00459346 -0.00484457 0.0052682 0.0145036 0.000923133 0.000431734 6.28514e-05 0.106966 0.00346022 6.30819 0.294487 105.946 23.3787 1210.51 103.848 1322.77 119.147 1322.77 119.147 0.580618 0.0153416 
200 0.28 302400000 596.244 24.6188 -59.0488 1.18282 3931.43 182.329 2.486e+07 3.82738e+06 -0.00230154 0.00459346 -0.00484457 0.0052682 0.0145036 0.000923133 0.000431734 6.28514e-05 0.106966 0.00346022 6.30819 0.294487 105.946 23.3787 1210.51 103.848 1322.77 119.147 1322.77 119.147 0.580618 0.0153416 
200 0.28 303200000 596.244 24.6188 -59.0488 1.18282 3931.43 182.329 2.486e+07 3.82738e+06 -0.00230154 0.00460581 -0.00484457 0.0052682 0.0145036 0.000923133 0.000431734 6.28514e-05 0.106966 0.00346022 6.30819 0.294487 105.946 23.2542 1210.51 102.588 1322.77 117.373 1322.77 117.373 0.580618 0.0153416 
200 0.28 304000000 596.244 24.6188 -59.0488 1.18282 3931.43 182.329 2.486e+07 3.82738e+06 -0.00230154 0.00460581 -0.00484457 0.0052682 0.0145036 0.000923133 0.000431734 6.28514e-05 0.106966 0.00346022 6.30819 0.294487 105.946 23.2542 1210.51 102.588 1322.77 117.373 1322.77 117.373 0.580618 0.0153416 
200 0.28 304800000 596.244 24.6188 -59.0488 1.18282 3931.43 182.329 2.486e+07 3.82738e+06 -0.00230154 0.00461444 -0.00484457 0.0052682 0.0145036 0.000923133 0.000431734 6.28514e-05 0.106966 0.00346022 6.30819 0.294487 105.946 23.1297 1210.51 102.588 1322.77 117.373 1322.77 117.373 0.580618 0.0153416 
200 0.28 305600000 596.244 24.6188 -59.0488 1.18282 3931.43 182.329 2.486e+07 3.82738e+06 -0.00230154 0.00461444 -0.00484457 0.0052682 0.0145036 0.000923133 0.000431734 6.28514e-05 0.106966 0.00346022 6.30819 0.294487 105.946 23.1297 1210.51 102.588 1322.77 117.373 1322.77 117.373 0.580618 0.0153416 
200 0.28 306400000 596.244 24.6188 -59.0488 1.18282 3931.43 182.329 2.486e+07 3.82738e+06 -0.00230154 0.004622 -0.00484457 0.0052682 0.0145036 0.000923133 0.000431734 6.28514e-05 0.106966 0.00346022 6.30819 0.294487 105.946 23.0082 1210.51 102.241 1322.77 116.872 1322.77 116.872 0.580618 0.0153416 
200 0.28 307200000 596.244 24.6188 -59.0488 1.18282 3931.43 182.329 2.486e+07 3.82738e+06 -0.00230154 0.004622 -0.00484457 0.0052682 0.0145036 0.000923133 0.000431734 6.28514e-05 0.106966 0.00346022 6.30819 0.294487 105.946 23.0082 1210.51 102.241 1322.77 116.872 1322.77 116.872 0.580618 0.0153416 
200 0.28 308000000 596.244 24.6188 -59.0488 1.18282 3931.43 182.329 2.486e+07 3.82738e+06 -0.00230154 0.00465237 -0.00484457 0.0052682 0.0145036 0.000923133 0.000431734 6.28514e-05 0.106966 0.00346022 6.30819 0.294487 105.946 22.8869 1210.51 102.241 1322.77 116.872 1322.77 116.872 0.580618 0.0153416 
200 0.28 308800000 596.244 24.6188 -59.0488 1.18282 3931.43 182.329 2.486e+07 3.82738e+06 -0.00230154 0.00465237 -0.00484457 0.0052682 0.0145036 0.000923133 0.000431734 6.28514e-05 0.106966 0.00346022 6.30819 0.294487 105.946 22.8869 1210.51 102.241 1322.77 116.872 1322.77 116.872 0.580618 0.0153416 
200 0.28 309600000 596.244 25.1903 -59.0488 1.15094 3931.43 179.711 2.486e+07 3.82738e+06 -0.00230154 0.00463067 -0.00484457 0.00517563 0.0145036 0.000923133 0.000431734 6.28514e-05 0.106966 0.00355575 6.30819 0.282633 105.946 22.7682 1210.51 102.44 1322.77 117.179 1322.77 117.179 0.580618 0.0153416 
200 0.28 310400000 596.244 25.1903 -59.0488 1.15094 3931.43 179.711 2.486e+07 3.82738e+06 -0.00230154 0.00463067 -0.00484457 0.00517563 0.0145036 0.000923133 0.000431734 6.28514e-05 0.106966 0.00355575 6.30819 0.282633 105.946 22.7682 1210.51 102.44 1322.77 117.179 1322.77 117.179 0.580618 0.0153416 
200 0.28 311200000 596.244 25.1903 -59.0488 1.15094 3931.43 179.711 2.486e+07 3.82738e+06 -0.00230154 0.00466154 -0.00484457 0.00517563 0.0145036 0.000923133 0.000431734 6.28514e-05 0.106966 0.00355575 6.30819 0.282633 105.946 22.6502 1210.51 102.44 1322.77 117.179 1322.77 117.179 0.580618 0.0153416 
200 0.28 312000000 596.244 25.1903 -59.0488 1.15094 3931.43 179.711 2.486e+07 3.82738e+06 -0.00230154 0.00466154 -0.00484457 0.00517563 0.0145036 0.000923133 0.000431734 6.28514e-05 0.106966 0.00355575 6.30819 0.282633 105.946 22.6502 1210.51 102.44 1322.77 117.179 1322.77 117.179 0.580618 0.0153416 
200 0.28 312800000 596.244 25.1903 -59.0488 1.15094 3931.43 179.711 2.486e+07 3.82738e+06 -0.00230154 0.00463689 -0.00484457 0.00517563 0.0145036 0.000923133 0.000431734 6.28514e-05 0.106966 0.00355575 6.30819 0.282633 105.946 22.5327 1210.51 102.44 1322.77 117.179 1322.77 117.179 0.580618 0.0153416 
200 0.28 313600000 596.244 25.1903 -59.0488 1.15094 3931.43 179.711 2.486e+07 3.82738e+06 -0.00230154 0.00463689 -0.00484457 0.00517563 0.0145036 0.000923133 0.000431734 6.28514e-05 0.106966 0.00355575 6.30819 0.282633 105.946 22.5327 1210.51 102.44 1322.77 117.179 1322.77 117.179 0.580618 0.0153416 
200 0.28 314400000 596.244 25.1903 -59.0488 1.15094 3931.43 179.711 2.486e+07 3.82738e+06 -0.00230154 0.00461481 -0.00484457 0.00517563 0.0145036 0.000923133 0.000431734 6.28514e-05 0.106966 0.00355575 6.30819 0.282633 105.946 22.4129 1210.51 102.44 1322.77 117.179 1322.77 117.179 0.580618 0.0153416 
200 0.28 315200000 596.244 25.1903 -59.0488 1.15094 3931.43 179.711 2.486e+07 3.82738e+06 -0.00230154 0.00461481 -0.00484457 0.00517563 0.0145036 0.000923133 0.000431734 6.28514e-05 0.106966 0.00355575 6.30819 0.282633 105.946 22.4129 1210.51 102.44 1322.77 117.179 1322.77 117.179 0.580618 0.0153416 
200 0.28 316000000 596.244 25.1903 -59.0488 1.15094 3931.43 179.711 2.486e+07 3.82738e+06 -0.00230154 0.00459627 -0.00484457 0.00517563 0.0145036 0.000923133 0.000431734 6.28514e-05 0.106966 0.00355575 6.30819 0.282633 105.946 22.2985 1210.51 100.884 1322.77 114.917 1322.77 114.917 0.580618 0.0153416 
200 0.28 316800000 596.244 25.1903 -59.0488 1.15094 3931.43 179.711 2.486e+07 3.82738e+06 -0.00230154 0.00459627 -0.00484457 0.00517563 0.0145036 0.000923133 0.000431734 6.28514e-05 0.106966 0.00355575 6.30819 0.282633 105.946 22.2985 1210.51 100.884 1322.77 114.917 1322.77 114.917 0.580618 0.0153416 
200 0.28 317600000 596.244 25.1903 -59.0488 1.15094 3931.43 179.711 2.486e+07 3.82738e+06 -0.00230154 0.00458877 -0.00484457 0.00517563 0.0145036 0.000923133 0.000431734 6.28514e-05 0.106966 0.00355575 6.30819 0.282633 105.946 22.1848 1210.51 100.884 1322.77 114.917 1322.77 114.917 0.580618 0.0153416 
200 0.28 318400000 596.244 25.1903 -59.0488 1.15094 3931.43 179.711 2.486e+07 3.82738e+06 -0.00230154 0.00458877 -0.00484457 0.00517563 0.0145036 0.000923133 0.000431734 6.28514e-05 0.106966 0.00355575 6.30819 0.282633 105.946 22.1848 1210.51 100.884 1322.77 114.917 1322.77 114.917 0.580618 0.0153416 
200 0.28 319200000 596.244 25.1903 -59.0488 1.15094 3931.43 179.711 2.486e+07 3.82738e+06 -0.00230154 0.00456604 -0.00484457 0.00517563 0.0145036 0.000923133 0.000431734 6.28514e-05 0.106966 0.00355575 6.30819 0.282633 105.946 22.0726 1210.51 100.48 1322.77 114.715 1322.77 114.715 0.580618 0.0153416 
200 0.28 320000000 596.244 25.1903 -59.0488 1.15094 3931.43 179.711 2.486e+07 3.82738e+06 -0.00230154 0.00456604 -0.00484457 0.00517563 0.0145036 0.000923133 0.000431734 6.28514e-05 0.106966 0.00355575 6.30819 0.282633 105.946 22.0726 1210.51 100.48 1322.77 114.715 1322.77 114.715 0.580618 0.0153416 
200 0.28 320800000 596.244 25.1903 -59.0488 1.15094 3931.43 179.711 2.486e+07 3.82738e+06 -0.00230154 0.00454916 -0.00484457 0.00517563 0.0145036 0.000923133 0.000431734 6.28514e-05 0.106966 0.00355575 6.30819 0.282633 105.946 21.9613 1210.51 100.48 1322.77 114.715 1322.77 114.715 0.580618 0.0153416 
200 0.28 321600000 596.244 25.1903 -59.0488 1.15094 3931.43 179.711 2.486e+07 3.82738e+06 -0.00230154 0.00454916 -0.00484457 0.00517563 0.0145036 0.000923133 0.000431734 6.28514e-05 0.106966 0.00355575 6.30819 0.282633 105.946 21.9613 1210.51 100.48 1322.77 114.715 1322.77 114.715 0.580618 0.0153416 
200 0.28 322400000 588.234 24.1663 -59.0308 1.1538 3924.67 171.612 2.44909e+07 3.44036e+06 -0.00260111 0.00452547 -0.00345728 0.00496311 0.0147983 0.000846731 0.000442079 5.4957e-05 0.108194 0.00340902 6.27561 0.270997 98.8382 21.8512 1163.67 100.599 1268.79 114.722 1268.79 114.722 0.576802 0.0147968 
200 0.28 323200000 588.234 24.1663 -59.0308 1.1538 3924.67 171.612 2.44909e+07 3.44036e+06 -0.00260111 0.00452547 -0.00345728 0.00496311 0.0147983 0.000846731 0.000442079 5.48258e-05 0.108194 0.00340902 6.27561 0.270997 98.8382 21.8512 1163.67 100.599 1268.79 114.722 1268.79 114.722 0.576802 0.0147968 
200 0.28 324000000 588.234 24.1663 -59.0308 1.1538 3924.67 171.612 2.44909e+07 3.44036e+06 -0.00260111 0.00451781 -0.00345728 0.00496311 0.0147983 0.000846731 0.000442079 5.46839e-05 0.108194 0.00340902 6.27561 0.270997 98.8382 21.7425 1163.67 100.599 1268.79 114.722 1268.79 114.722 0.576802 0.014825 
200 0.28 324800000 588.234 24.1663 -59.0308 1.1538 3924.67 171.612 2.44909e+07 3.44036e+06 -0.00260111 0.00451781 -0.00345728 0.00496311 0.0147983 0.000846731 0.000442079 5.4554e-05 0.108194 0.00340902 6.27561 0.270997 98.8382 21.7425 1163.67 100.599 1268.79 114.722 1268.79 114.722 0.576802 0.014825 
200 0.28 325600000 588.234 24.1663 -59.0308 1.1538 3924.67 171.612 2.44909e+07 3.44036e+06 -0.00260111 0.00449452 -0.00345728 0.00496311 0.0147983 0.000846731 0.000442079 5.44236e-05 0.108194 0.00340902 6.27561 0.270997 98.8382 21.6346 1163.67 100.599 1268.79 114.722 1268.79 114.722 0.576802 0.0147504 
200 0.28 326400000 588.234 24.1663 -59.0308 1.1538 3924.67 171.612 2.44909e+07 3.44036e+06 -0.00260111 0.00449452 -0.00345728 0.00496311 0.0147983 0.000846731 0.000442079 5.56009e-05 0.108194 0.00340902 6.27561 0.270997 98.8382 21.6346 1163.67 100.599 1268.79 114.722 1268.79 114.722 0.576802 0.0147504 
200 0.28 327200000 588.234 24.1663 -59.0308 1.1538 3924.67 171.612 2.44909e+07 3.44036e+06 -0.00260111 0.00451306 -0.00345728 0.00496311 0.0147983 0.000846731 0.000442079 5.84953e-05 0.108194 0.00340902 6.27561 0.270997 98.8382 21.5281 1163.67 100.599 1268.79 114.722 1268.79 114.722 0.576802 0.0147283 
200 0.28 328000000 588.234 24.1663 -59.0308 1.1538 3924.67 171.612 2.44909e+07 3.44036e+06 -0.00260111 0.00451306 -0.00345728 0.00496311 0.0147983 0.000846731 0.000442079 5.84953e-05 0.108194 0.00340902 6.27561 0.270997 98.8382 21.5281 1163.67 100.599 1268.79 114.722 1268.79 114.722 0.576802 0.0147283 
200 0.28 328800000 588.234 24.1663 -59.0308 1.15001 3924.67 171.612 2.44909e+07 3.44036e+06 -0.00260111 0.00449229 -0.00345728 0.00496311 0.0147983 0.000846731 0.000442079 5.82424e-05 0.108194 0.00340902 6.27561 0.270997 98.8382 21.4834 1163.67 98.7746 1268.79 112.568 1268.79 112.568 0.576802 0.0146674 
200 0.28 329600000 588.234 24.1663 -59.0308 1.15001 3924.67 171.612 2.44909e+07 3.44036e+06 -0.00260111 0.00449229 -0.00345728 0.00496311 0.0147983 0.000846731 0.000442079 5.82424e-05 0.108194 0.00340902 6.27561 0.270997 98.8382 21.4834 1163.67 98.7746 1268.79 112.568 1268.79 112.568 0.576802 0.0146674 
200 0.28 330400000 588.234 24.1663 -59.0308 1.15001 3924.67 171.612 2.44909e+07 3.44036e+06 -0.00260111 0.0044701 -0.00345728 0.00496311 0.0147983 0.000846731 0.000442079 5.79907e-05 0.108194 0.00340902 6.27561 0.270997 98.8382 21.4834 1163.67 98.7746 1268.79 112.568 1268.79 112.568 0.576802 0.0145941 
200 0.28 331200000 588.234 24.1663 -59.0308 1.15001 3924.67 171.612 2.44909e+07 3.44036e+06 -0.00260111 0.0044701 -0.00345728 0.00496311 0.0147983 0.000846731 0.000442079 5.79907e-05 0.108194 0.00340902 6.27561 0.270997 98.8382 21.4834 1163.67 98.7746 1268.79 112.568 1268.79 112.568 0.576802 0.0145941 
200 0.28 332000000 588.234 24.1663 -59.0308 1.15001 3924.67 171.612 2.44909e+07 3.44036e+06 -0.00260111 0.00446592 -0.00345728 0.00496311 0.0147983 0.000846731 0.000442079 5.78933e-05 0.108194 0.00340902 6.27561 0.270997 98.8382 21.4834 1163.67 98.661 1268.79 112.568 1268.79 112.568 0.576802 0.0145299 
200 0.28 332800000 588.234 24.1663 -59.0308 1.15001 3924.67 171.612 2.44909e+07 3.44036e+06 -0.00260111 0.00446592 -0.00345728 0.00496311 0.0147983 0.000846731 0.000442079 5.78933e-05 0.108194 0.00340902 6.27561 0.270997 98.8382 21.4834 1163.67 98.661 1268.79 112.568 1268.79 112.568 0.576802 0.0145299 
200 0.28 333600000 588.234 24.1663 -59.0308 1.15001 3924.67 171.612 2.44909e+07 3.44036e+06 -0.00260111 0.00446153 -0.00345728 0.00496311 0.0147983 0.000846731 0.000442079 5.77537e-05 0.108194 0.00340902 6.27561 0.270997 98.8382 21.4834 1163.67 98.661 1268.79 112.568 1268.79 112.568 0.576802 0.0145299 
200 0.28 334400000 588.234 24.1663 -59.0308 1.15001 3924.67 171.612 2.44909e+07 3.44036e+06 -0.00260111 0.00446153 -0.00345728 0.00496311 0.0147983 0.000846731 0.000442079 5.77537e-05 0.108194 0.00340902 6.27561 0.270997 98.8382 21.4834 1163.67 98.661 1268.79 112.568 1268.79 112.568 0.576802 0.0145299 
200 0.28 335200000 588.234 23.2987 -59.0308 1.12857 3924.67 168.226 2.44909e+07 3.44036e+06 -0.00260111 0.00443977 -0.00345728 0.00488623 0.0147983 0.000846731 0.000442079 5.7506e-05 0.108194 0.00330354 6.27561 0.264062 98.8382 21.4834 1163.67 97.4254 1268.79 110.728 1268.79 110.728 0.576802 0.0145299 
200 0.28 336000000 588.234 23.2987 -59.0308 1.12857 3924.67 168.226 2.44909e+07 3.44036e+06 -0.00260111 0.00443977 -0.00345728 0.00488623 0.0147983 0.000846731 0.000442079 5.7506e-05 0.108194 0.00330354 6.27561 0.264062 98.8382 21.4834 1163.67 97.4254 1268.79 110.728 1268.79 110.728 0.576802 0.0145299 
200 0.28 336800000 588.234 23.2987 -59.0308 1.12857 3924.67 168.226 2.44909e+07 3.44036e+06 -0.00260111 0.00447428 -0.00345728 0.00488623 0.0147983 0.000846731 0.000442079 5.731e-05 0.108194 0.00330354 6.27561 0.264062 98.8382 21.4834 1163.67 97.4254 1268.79 110.728 1268.79 110.728 0.576802 0.0145299 
200 0.28 337600000 588.234 23.2987 -59.0308 1.12857 3924.67 168.226 2.44909e+07 3.44036e+06 -0.00260111 0.00447428 -0.00345728 0.00488623 0.0147983 0.000846731 0.000442079 5.731e-05 0.108194 0.00330354 6.27561 0.264062 98.8382 21.4834 1163.67 97.4254 1268.79 110.728 1268.79 110.728 0.576802 0.0145299 
200 0.28 338400000 588.234 23.2987 -59.0308 1.12857 3924.67 168.226 2.44909e+07 3.44036e+06 -0.00260111 0.00449118 -0.00345728 0.00488623 0.0147983 0.000846731 0.000442079 5.70263e-05 0.108194 0.00330354 6.27561 0.264062 98.8382 21.4834 1163.67 97.0497 1268.79 110.728 1268.79 110.728 0.576802 0.0145299 
200 0.28 339200000 588.234 23.2987 -59.0308 1.12857 3924.67 168.226 2.44909e+07 3.44036e+06 -0.00260111 0.00449118 -0.00345728 0.00488623 0.0147983 0.000846731 0.000442079 5.70263e-05 0.108194 0.00330354 6.27561 0.264062 98.8382 21.4834 1163.67 97.0497 1268.79 110.728 1268.79 110.728 0.576802 0.0145299 
200 0.28 340000000 588.234 23.2987 -59.0308 1.12857 3924.67 168.226 2.44909e+07 3.44036e+06 -0.00260111 0.00450325 -0.00345728 0.00488623 0.0147983 0.000846731 0.000442079 5.70573e-05 0.108194 0.00330354 6.27561 0.264062 98.8382 21.4834 1163.67 97.0497 1268.79 110.728 1268.79 110.728 0.576802 0.0145299 
200 0.28 340800000 588.234 23.2987 -59.0308 1.12857 3924.67 168.226 2.44909e+07 3.44036e+06 -0.00260111 0.00450325 -0.00345728 0.00488623 0.0147983 0.000846731 0.000442079 5.70573e-05 0.108194 0.00330354 6.27561 0.264062 98.8382 21.4834 1163.67 97.0497 1268.79 110.728 1268.79 110.728 0.576802 0.0145299 
200 0.28 341600000 588.234 23.2987 -59.0308 1.11436 3924.67 168.226 2.44909e+07 3.44036e+06 -0.00260111 0.0044902 -0.00345728 0.00488623 0.0147983 0.000846731 0.000442079 5.67982e-05 0.108194 0.00330354 6.27561 0.264062 98.8382 21.4834 1163.67 96.4942 1268.79 110.01 1268.79 110.01 0.576802 0.0145299 
200 0.28 342400000 588.234 23.2987 -59.0308 1.11436 3924.67 168.226 2.44909e+07 3.44036e+06 -0.00260111 0.0044902 -0.00345728 0.00488623 0.0147983 0.000846731 0.000442079 5.67982e-05 0.108194 0.00330354 6.27561 0.264062 98.8382 21.4834 1163.67 96.4942 1268.79 110.01 1268.79 110.01 0.576802 0.0145299 
200 0.28 343200000 588.234 23.2987 -59.0308 1.11436 3924.67 168.226 2.44909e+07 3.44036e+06 -0.00260111 0.0044683 -0.00345728 0.00488623 0.0147983 0.000846731 0.000442079 5.66528e-05 0.108194 0.00330354 6.27561 0.264062 98.8382 21.4834 1163.67 96.4942 1268.79 110.01 1268.79 110.01 0.576802 0.0145299 
200 0.28 344000000 588.234 23.2987 -59.0308 1.11436 3924.67 168.226 2.44909e+07 3.44036e+06 -0.00260111 0.0044683 -0.00345728 0.00488623 0.0147983 0.000846731 0.000442079 5.66528e-05 0.108194 0.00330354 6.27561 0.264062 98.8382 21.4834 1163.67 96.4942 1268.79 110.01 1268.79 110.01 0.576802 0.0145299 
200 0.28 344800000 588.234 23.2987 -59.0308 1.11436 3924.67 168.226 2.44909e+07 3.44036e+06 -0.00260111 0.00446803 -0.00345728 0.00488623 0.0147983 0.000846731 0.000442079 5.63995e-05 0.108194 0.00330354 6.27561 0.264062 98.8382 21.4834 1163.67 96.4942 1268.79 110.01 1268.79 110.01 0.576802 0.0145299 
200 0.28 345600000 588.234 23.2987 -59.0308 1.11436 3924.67 168.226 2.44909e+07 3.44036e+06 -0.00260111 0.00446803 -0.00345728 0.00488623 0.0147983 0.000846731 0.000442079 5.63995e-05 0.108194 0.00330354 6.27561 0.264062 98.8382 21.4834 1163.67 96.4942 1268.79 110.01 1268.79 110.01 0.576802 0.0145299 
200 0.28 346400000 588.234 23.2987 -59.0308 1.11436 3924.67 168.226 2.44909e+07 3.44036e+06 -0.00260111 0.00447554 -0.00345728 0.00488623 0.0147983 0.000846731 0.000442079 5.61536e-05 0.108194 0.00330354 6.27561 0.264062 98.8382 21.4834 1163.67 96.4942 1268.79 110.01 1268.79 110.01 0.576802 0.0145299 
200 0.28 347200000 588.234 23.2987 -59.0308 1.11436 3924.67 168.226 2.44909e+07 3.44036e+06 -0.00260111 0.00447554 -0.00345728 0.00488623 0.0147983 0.000846731 0.000442079 5.61536e-05 0.108194 0.00330354 6.27561 0.264062 98.8382 21.4834 1163.67 96.4942 1268.79 110.01 1268.79 110.01 0.576802 0.0145299 
200 0.28 348000000 585.38 22.9424 -59.1232 1.10899 3932.54 166.566 2.43962e+07 3.44036e+06 -0.00516134 0.00447303 -0.00524558 0.00474572 0.0152503 0.000847199 0.000474532 5.59074e-05 0.109612 0.00335288 6.31196 0.266492 94.9957 21.4834 1138.68 96.1068 1239.98 108.945 1239.98 108.945 0.573915 0.0140163 
200 0.28 348800000 585.38 22.9424 -59.1232 1.10899 3932.54 166.566 2.43962e+07 3.44036e+06 -0.00516134 0.00447303 -0.00524558 0.00474572 0.0152503 0.000847199 0.000474532 5.59074e-05 0.109612 0.00335288 6.31196 0.266492 94.9957 21.4834 1138.68 96.1068 1239.98 108.945 1239.98 108.945 0.573915 0.0140163 
200 0.28 349600000 585.38 22.9424 -59.1232 1.10899 3932.54 166.566 2.43962e+07 3.44036e+06 -0.00516134 0.00446129 -0.00524558 0.00474572 0.0152503 0.000847199 0.000474532 5.56531e-05 0.109612 0.00335288 6.31196 0.266492 94.9957 21.4834 1138.68 96.1068 1239.98 108.945 1239.98 108.945 0.573915 0.0140818 
200 0.28 350400000 585.38 22.9424 -59.1232 1.10899 3932.54 166.566 2.43962e+07 3.44036e+06 -0.00516134 0.00446129 -0.00524558 0.00474572 0.0152503 0.000847199 0.000474532 5.56531e-05 0.109612 0.00335288 6.31196 0.266492 94.9957 21.4834 1138.68 96.1068 1239.98 108.945 1239.98 108.945 0.573915 0.0140818 
200 0.28 351200000 585.38 22.9424 -59.1232 1.10899 3932.54 166.566 2.43962e+07 3.44036e+06 -0.00516134 0.0044404 -0.00524558 0.00474572 0.0152503 0.000847199 0.000474532 5.54089e-05 0.109612 0.00335288 6.31196 0.266492 94.9957 21.4834 1138.68 95.3174 1239.98 108.026 1239.98 108.026 0.573915 0.0140153 
200 0.28 352000000 585.38 22.9424 -59.1232 1.10899 3932.54 166.566 2.43962e+07 3.44036e+06 -0.00516134 0.0044404 -0.00524558 0.00474572 0.0152503 0.000847199 0.000474532 5.54089e-05 0.109612 0.00335288 6.31196 0.266492 94.9957 21.4834 1138.68 95.3174 1239.98 108.026 1239.98 108.026 0.573915 0.0140153 
200 0.28 352800000 585.38 22.9424 -59.1232 1.10899 3932.54 166.566 2.43962e+07 3.44036e+06 -0.00516134 0.00444291 -0.00524558 0.00474572 0.0152503 0.000847199 0.000474532 5.51474e-05 0.109612 0.00335288 6.31196 0.266492 94.9957 21.4834 1138.68 95.3174 1239.98 108.026 1239.98 108.026 0.573915 0.0139621 
200 0.28 353600000 585.38 22.9424 -59.1232 1.10899 3932.54 166.566 2.43962e+07 3.44036e+06 -0.00516134 0.00444291 -0.00524558 0.00474572 0.0152503 0.000847199 0.000474532 5.51474e-05 0.109612 0.00335288 6.31196 0.266492 94.9957 21.4834 1138.68 95.3174 1239.98 108.026 1239.98 108.026 0.573915 0.0139621 
200 0.28 354400000 585.38 22.9424 -59.1232 1.09014 3932.54 166.566 2.43962e+07 3.44036e+06 -0.00516134 0.00443005 -0.00524558 0.00474572 0.0152503 0.000847199 0.000474532 5.49189e-05 0.109612 0.00335288 6.31196 0.266492 94.9957 21.4834 1138.68 94.945 1239.98 107.505 1239.98 107.505 0.573915 0.0139187 
200 0.28 355200000 585.38 22.9424 -59.1232 1.09014 3932.54 166.566 2.43962e+07 3.44036e+06 -0.00516134 0.00443005 -0.00524558 0.00474572 0.0152503 0.000847199 0.000474532 5.49189e-05 0.109612 0.00335288 6.31196 0.266492 94.9957 21.4834 1138.68 94.945 1239.98 107.505 1239.98 107.505 0.573915 0.0139187 
200 0.28 356000000 585.38 22.9424 -59.1232 1.09014 3932.54 166.566 2.43962e+07 3.44036e+06 -0.00516134 0.004412 -0.00524558 0.00474572 0.0152503 0.000847199 0.000474532 5.4699e-05 0.109612 0.00335288 6.31196 0.266492 94.9957 21.4834 1138.68 94.945 1239.98 107.505 1239.98 107.505 0.573915 0.0138982 
200 0.28 356800000 585.38 22.9424 -59.1232 1.09014 3932.54 166.566 2.43962e+07 3.44036e+06 -0.00516134 0.004412 -0.00524558 0.00474572 0.0152503 0.000847199 0.000474532 5.4699e-05 0.109612 0.00335288 6.31196 0.266492 94.9957 21.4834 1138.68 94.945 1239.98 107.505 1239.98 107.505 0.573915 0.0138982 
200 0.28 357600000 585.38 22.9424 -59.1232 1.09014 3932.54 166.566 2.43962e+07 3.44036e+06 -0.00516134 0.0043987 -0.00524558 0.00474572 0.0152503 0.000847199 0.000474532 5.44438e-05 0.109612 0.00335288 6.31196 0.266492 94.9957 21.4834 1138.68 94.5816 1239.98 107.036 1239.98 107.036 0.573915 0.0138336 
200 0.28 358400000 585.38 22.9424 -59.1232 1.09014 3932.54 166.566 2.43962e+07 3.44036e+06 -0.00516134 0.0043987 -0.00524558 0.00474572 0.0152503 0.000847199 0.000474532 5.44438e-05 0.109612 0.00335288 6.31196 0.266492 94.9957 21.4834 1138.68 94.5816 1239.98 107.036 1239.98 107.036 0.573915 0.0138336 
200 0.28 359200000 585.38 22.9424 -59.1232 1.09014 3932.54 166.566 2.43962e+07 3.44036e+06 -0.00516134 0.00440367 -0.00524558 0.00474572 0.0152503 0.000847199 0.000474532 5.4191e-05 0.109612 0.00335288 6.31196 0.266492 94.9957 21.4834 1138.68 94.5816 1239.98 107.036 1239.98 107.036 0.573915 0.0138213 
200 0.28 360000000 585.38 22.9424 -59.1232 1.09014 3932.54 166.566 2.43962e+07 3.44036e+06 -0.00516134 0.00440367 -0.00524558 0.00474572 0.0152503 0.000847199 0.000474532 5.4191e-05 0.109612 0.00335288 6.31196 0.266492 94.9957 21.4834 1138.68 94.5816 1239.98 107.036 1239.98 107.036 0.573915 0.0138213 
200 0.28 360800000 585.38 22.8898 -59.1232 1.07565 3932.54 166.566 2.43962e+07 3.44036e+06 -0.00516134 0.00438571 -0.00524558 0.00458337 0.0152503 0.000847199 0.000474532 5.40177e-05 0.109612 0.00330354 6.31196 0.261135 94.9957 21.4834 1138.68 93.7083 1239.98 106.045 1239.98 106.045 0.573915 0.0137784 
200 0.28 361600000 585.38 22.8898 -59.1232 1.07565 3932.54 166.566 2.43962e+07 3.44036e+06 -0.00516134 0.00438571 -0.00524558 0.00458337 0.0152503 0.000847199 0.000474532 5.40177e-05 0.109612 0.00330354 6.31196 0.261135 94.9957 21.4834 1138.68 93.7083 1239.98 106.045 1239.98 106.045 0.573915 0.0137784 
200 0.28 362400000 585.38 22.8898 -59.1232 1.07565 3932.54 166.566 2.43962e+07 3.44036e+06 -0.00516134 0.00437734 -0.00524558 0.00458337 0.0152503 0.000847199 0.000474532 5.37952e-05 0.109612 0.00330354 6.31196 0.261135 94.9957 21.4834 1138.68 93.7083 1239.98 106.045 1239.98 106.045 0.573915 0.0137185 
200 0.28 363200000 585.38 22.8898 -59.1232 1.07565 3932.54 166.566 2.43962e+07 3.44036e+06 -0.00516134 0.00437734 -0.00524558 0.00458337 0.0152503 0.000847199 0.000474532 5.37952e-05 0.109612 0.00330354 6.31196 0.261135 94.9957 21.4834 1138.68 93.7083 1239.98 106.045 1239.98 106.045 0.573915 0.0137185 
200 0.28 364000000 585.38 22.8898 -59.1232 1.07565 3932.54 166.566 2.43962e+07 3.44036e+06 -0.00516134 0.00441884 -0.00524558 0.00458337 0.0152503 0.000847199 0.000474532 5.3667e-05 0.109612 0.00330354 6.31196 0.261135 94.9957 21.4834 1138.68 93.2851 1239.98 105.521 1239.98 105.521 0.573915 0.0136962 
200 0.28 364800000 585.38 22.8898 -59.1232 1.07565 3932.54 166.566 2.43962e+07 3.44036e+06 -0.00516134 0.00441884 -0.00524558 0.00458337 0.0152503 0.000847199 0.000474532 5.3667e-05 0.109612 0.00330354 6.31196 0.261135 94.9957 21.4834 1138.68 93.2851 1239.98 105.521 1239.98 105.521 0.573915 0.0136962 
200 0.28 365600000 585.38 22.8898 -59.1232 1.07565 3932.54 166.566 2.43962e+07 3.44036e+06 -0.00516134 0.00439886 -0.00524558 0.00458337 0.0152503 0.000847199 0.000474532 5.34382e-05 0.109612 0.00330354 6.31196 0.261135 94.9957 21.4834 1138.68 93.2851 1239.98 105.521 1239.98 105.521 0.573915 0.0136962 
200 0.28 366400000 585.38 22.8898 -59.1232 1.07565 3932.54 166.566 2.43962e+07 3.44036e+06 -0.00516134 0.00439886 -0.00524558 0.00458337 0.0152503 0.000847199 0.000474532 5.34382e-05 0.109612 0.00330354 6.31196 0.261135 94.9957 21.4834 1138.68 93.2851 1239.98 105.521 1239.98 105.521 0.573915 0.0136962 
200 0.28 367200000 585.38 22.8898 -59.1232 1.07198 3932.54 166.566 2.43962e+07 3.44036e+06 -0.00516134 0.00437891 -0.00524558 0.00458337 0.0152503 0.000847199 0.000474532 5.31954e-05 0.109612 0.00330354 6.31196 0.261135 94.9957 21.4834 1138.68 92.9124 1239.98 105.049 1239.98 105.049 0.573915 0.0136962 
200 0.28 368000000 585.38 22.8898 -59.1232 1.07198 3932.54 166.566 2.43962e+07 3.44036e+06 -0.00516134 0.00437891 -0.00524558 0.00458337 0.0152503 0.000847199 0.000474532 5.31954e-05 0.109612 0.00330354 6.31196 0.261135 94.9957 21.4834 1138.68 92.9124 1239.98 105.049 1239.98 105.049 0.573915 0.0136962 
200 0.28 368800000 585.38 22.8898 -59.1232 1.07198 3932.54 166.566 2.43962e+07 3.44036e+06 -0.00516134 0.00436378 -0.00524558 0.00458337 0.0152503 0.000847199 0.000474532 5.29721e-05 0.109612 0.00330354 6.31196 0.261135 94.9957 21.4834 1138.68 92.9124 1239.98 105.049 1239.98 105.049 0.573915 0.0136962 
200 0.28 369600000 585.38 22.8898 -59.1232 1.07198 3932.54 166.566 2.43962e+07 3.44036e+06 -0.00516134 0.00436378 -0.00524558 0.00458337 0.0152503 0.000847199 0.000474532 5.29721e-05 0.109612 0.00330354 6.31196 0.261135 94.9957 21.4834 1138.68 92.9124 1239.98 105.049 1239.98 105.049 0.573915 0.0136962 
200 0.28 370400000 585.38 22.8898 -59.1232 1.07198 3932.54 166.566 2.43962e+07 3.44036e+06 -0.00516134 0.00434902 -0.00524558 0.00458337 0.0152503 0.000847199 0.000474532 5.27521e-05 0.109612 0.00330354 6.31196 0.261135 94.9957 21.4834 1138.68 92.2547 1239.98 104.743 1239.98 104.743 0.573915 0.0136962 
200 0.28 371200000 585.38 22.8898 -59.1232 1.07198 3932.54 166.566 2.43962e+07 3.44036e+06 -0.00516134 0.00434902 -0.00524558 0.00458337 0.0152503 0.000847199 0.000474532 5.27521e-05 0.109612 0.00330354 6.31196 0.261135 94.9957 21.4834 1138.68 92.2547 1239.98 104.743 1239.98 104.743 0.573915 0.0136962 
200 0.28 372000000 585.38 22.8898 -59.1232 1.07198 3932.54 166.566 2.43962e+07 3.44036e+06 -0.00516134 0.00432975 -0.00524558 0.00458337 0.0152503 0.000847199 0.000474532 5.25579e-05 0.109612 0.00330354 6.31196 0.261135 94.9957 21.4834 1138.68 92.2547 1239.98 104.743 1239.98 104.743 0.573915 0.0136962 
200 0.28 372800000 585.38 22.8898 -59.1232 1.07198 3932.54 166.566 2.43962e+07 3.44036e+06 -0.00516134 0.00432975 -0.00524558 0.00458337 0.0152503 0.000847199 0.000474532 5.25579e-05 0.109612 0.00330354 6.31196 0.261135 94.9957 21.4834 1138.68 92.2547 1239.98 104.743 1239.98 104.743 0.573915 0.0136962 
200 0.28 373600000 581.504 22.1803 -59.2636 1.05284 3951.28 154.737 2.44642e+07 2.94899e+06 -0.00441731 0.00431052 -0.00542076 0.00445049 0.0153163 0.000869909 0.000469149 5.23502e-05 0.110094 0.00333363 6.23571 0.2532 89.3119 20.4175 1102.31 91.8916 1197.86 103.771 1197.86 103.771 0.572752 0.0134036 
200 0.28 374400000 581.504 22.1803 -59.2636 1.05284 3951.28 154.737 2.44642e+07 2.94899e+06 -0.00441731 0.00431052 -0.00542076 0.00445049 0.0153163 0.000869909 0.000469149 5.23502e-05 0.110094 0.00333363 6.23571 0.2532 89.3119 20.4175 1102.31 91.8916 1197.86 103.771 1197.86 103.771 0.572752 0.0134036 
200 0.28 375200000 581.504 22.1803 -59.2636 1.05284 3951.28 154.737 2.44642e+07 2.94899e+06 -0.00441731 0.00430457 -0.00542076 0.00445049 0.0153163 0.000869909 0.000469149 5.21331e-05 0.110094 0.00333363 6.23571 0.2532 89.3119 20.4175 1102.31 91.8916 1197.86 103.771 1197.86 103.771 0.572752 0.0134252 
200 0.28 376000000 581.504 22.1803 -59.2636 1.05284 3951.28 154.737 2.44642e+07 2.94899e+06 -0.00441731 0.00430457 -0.00542076 0.00445049 0.0153163 0.000869909 0.000469149 5.21331e-05 0.110094 0.00333363 6.23571 0.2532 89.3119 20.4175 1102.31 91.8916 1197.86 103.771 1197.86 103.771 0.572752 0.0134252 
200 0.28 376800000 581.504 22.1803 -59.2636 1.05284 3951.28 154.737 2.44642e+07 2.94899e+06 -0.00441731 0.00428627 -0.00542076 0.00445049 0.0153163 0.000869909 0.000469149 5.21281e-05 0.110094 0.00333363 6.23571 0.2532 89.3119 20.4175 1102.31 91.1557 1197.86 102.982 1197.86 102.982 0.572752 0.01337 
200 0.28 377600000 581.504 22.1803 -59.2636 1.05284 3951.28 154.737 2.44642e+07 2.94899e+06 -0.00441731 0.00428627 -0.00542076 0.00445049 0.0153163 0.000869909 0.000469149 5.21281e-05 0.110094 0.00333363 6.23571 0.2532 89.3119 20.4175 1102.31 91.1557 1197.86 102.982 1197.86 102.982 0.572752 0.01337 
200 0.28 378400000 581.504 22.1803 -59.2636 1.05284 3951.28 154.737 2.44642e+07 2.94899e+06 -0.00441731 0.00427049 -0.00542076 0.00445049 0.0153163 0.000869909 0.000469149 5.19494e-05 0.110094 0.00333363 6.23571 0.2532 89.3119 20.4175 1102.31 91.1557 1197.86 102.982 1197.86 102.982 0.572752 0.0134124 
200 0.28 379200000 581.504 22.1803 -59.2636 1.05284 3951.28 154.737 2.44642e+07 2.94899e+06 -0.00441731 0.00427049 -0.00542076 0.00445049 0.0153163 0.000869909 0.000469149 5.19494e-05 0.110094 0.00333363 6.23571 0.2532 89.3119 20.4175 1102.31 91.1557 1197.86 102.982 1197.86 102.982 0.572752 0.0134124 
200 0.28 380000000 581.504 22.1803 -59.2636 1.06354 3951.28 154.737 2.44642e+07 2.94899e+06 -0.00441731 0.00425191 -0.00542076 0.00445049 0.0153163 0.000869909 0.000469149 5.17229e-05 0.110094 0.00333363 6.23571 0.2532 89.3119 20.4175 1102.31 91.5285 1197.86 102.965 1197.86 102.965 0.572752 0.0133817 
200 0.28 380800000 581.504 22.1803 -59.2636 1.06354 3951.28 154.737 2.44642e+07 2.94899e+06 -0.00441731 0.00425191 -0.00542076 0.00445049 0.0153163 0.000869909 0.000469149 5.17229e-05 0.110094 0.00333363 6.23571 0.2532 89.3119 20.4175 1102.31 91.5285 1197.86 102.965 1197.86 102.965 0.572752 0.0133817 
200 0.28 381600000 581.504 22.1803 -59.2636 1.06354 3951.28 154.737 2.44642e+07 2.94899e+06 -0.00441731 0.00423414 -0.00542076 0.00445049 0.0153163 0.000869909 0.000469149 5.15378e-05 0.110094 0.00333363 6.23571 0.2532 89.3119 20.4175 1102.31 91.5285 1197.86 102.965 1197.86 102.965 0.572752 0.0133242 
200 0.28 382400000 581.504 22.1803 -59.2636 1.06354 3951.28 154.737 2.44642e+07 2.94899e+06 -0.00441731 0.00423414 -0.00542076 0.00445049 0.0153163 0.000869909 0.000469149 5.15378e-05 0.110094 0.00333363 6.23571 0.2532 89.3119 20.4175 1102.31 91.5285 1197.86 102.965 1197.86 102.965 0.572752 0.0133242 
200 0.28 383200000 581.504 22.1803 -59.2636 1.06354 3951.28 154.737 2.44642e+07 2.94899e+06 -0.00441731 0.00421785 -0.00542076 0.00445049 0.0153163 0.000869909 0.000469149 5.14335e-05 0.110094 0.00333363 6.23571 0.2532 89.3119 20.4175 1102.31 91.9873 1197.86 103.839 1197.86 103.839 0.572752 0.0133726 
200 0.28 384000000 581.504 22.1803 -59.2636 1.06354 3951.28 154.737 2.44642e+07 2.94899e+06 -0.00441731 0.00421785 -0.00542076 0.00445049 0.0153163 0.000869909 0.000469149 5.14335e-05 0.110094 0.00333363 6.23571 0.2532 89.3119 20.4175 1102.31 91.9873 1197.86 103.839 1197.86 103.839 0.572752 0.0133726 
200 0.28 384800000 581.504 22.1803 -59.2636 1.06354 3951.28 154.737 2.44642e+07 2.94899e+06 -0.00441731 0.00419977 -0.00542076 0.00445049 0.0153163 0.000869909 0.000469149 5.14335e-05 0.110094 0.00333363 6.23571 0.2532 89.3119 20.4175 1102.31 91.9873 1197.86 103.839 1197.86 103.839 0.572752 0.0133832 
200 0.28 385600000 581.504 22.1803 -59.2636 1.06354 3951.28 154.737 2.44642e+07 2.94899e+06 -0.00441731 0.00419977 -0.00542076 0.00445049 0.0153163 0.000869909 0.000469149 5.14335e-05 0.110094 0.00333363 6.23571 0.2532 89.3119 20.4175 1102.31 91.9873 1197.86 103.839 1197.86 103.839 0.572752 0.0133832 
200 0.28 386400000 581.504 21.5966 -59.2636 1.04692 3951.28 152.478 2.44642e+07 2.94899e+06 -0.00441731 0.00420113 -0.00542076 0.0044818 0.0153163 0.000869909 0.000469149 5.14335e-05 0.110094 0.00333363 6.23571 0.247559 89.3119 20.4175 1102.31 91.3465 1197.86 103.114 1197.86 103.114 0.572752 0.0133267 
200 0.28 387200000 581.504 21.5966 -59.2636 1.04692 3951.28 152.478 2.44642e+07 2.94899e+06 -0.00441731 0.00420113 -0.00542076 0.0044818 0.0153163 0.000869909 0.000469149 5.14335e-05 0.110094 0.00333363 6.23571 0.247559 89.3119 20.4175 1102.31 91.3465 1197.86 103.114 1197.86 103.114 0.572752 0.0133267 
200 0.28 388000000 581.504 21.5966 -59.2636 1.04692 3951.28 152.478 2.44642e+07 2.94899e+06 -0.00441731 0.00418337 -0.00542076 0.0044818 0.0153163 0.000869909 0.000469149 5.14335e-05 0.110094 0.00333363 6.23571 0.247559 89.3119 20.4175 1102.31 91.3465 1197.86 103.114 1197.86 103.114 0.572752 0.0132773 
200 0.28 388800000 581.504 21.5966 -59.2636 1.04692 3951.28 152.478 2.44642e+07 2.94899e+06 -0.00441731 0.00418337 -0.00542076 0.0044818 0.0153163 0.000869909 0.000469149 5.14335e-05 0.110094 0.00333363 6.23571 0.247559 89.3119 20.4175 1102.31 91.3465 1197.86 103.114 1197.86 103.114 0.572752 0.0132773 
200 0.28 389600000 581.504 21.5966 -59.2636 1.04692 3951.28 152.478 2.44642e+07 2.94899e+06 -0.00441731 0.00417936 -0.00542076 0.0044818 0.0153163 0.000869909 0.000469149 5.14335e-05 0.110094 0.00333363 6.23571 0.247559 89.3119 20.4175 1102.31 90.5662 1197.86 102.237 1197.86 102.237 0.572752 0.0132211 
200 0.28 390400000 581.504 21.5966 -59.2636 1.04692 3951.28 152.478 2.44642e+07 2.94899e+06 -0.00441731 0.00417936 -0.00542076 0.0044818 0.0153163 0.000869909 0.000469149 5.14335e-05 0.110094 0.00333363 6.23571 0.247559 89.3119 20.4175 1102.31 90.5662 1197.86 102.237 1197.86 102.237 0.572752 0.0132211 
200 0.28 391200000 581.504 21.5966 -59.2636 1.04692 3951.28 152.478 2.44642e+07 2.94899e+06 -0.00441731 0.00416839 -0.00542076 0.0044818 0.0153163 0.000869909 0.000469149 5.14335e-05 0.110094 0.00333363 6.23571 0.247559 89.3119 20.4175 1102.31 90.5662 1197.86 102.237 1197.86 102.237 0.572752 0.0132472 
200 0.28 392000000 581.504 21.5966 -59.2636 1.04692 3951.28 152.478 2.44642e+07 2.94899e+06 -0.00441731 0.00416839 -0.00542076 0.0044818 0.0153163 0.000869909 0.000469149 5.14335e-05 0.110094 0.00333363 6.23571 0.247559 89.3119 20.4175 1102.31 90.5662 1197.86 102.237 1197.86 102.237 0.572752 0.0132472 
200 0.28 392800000 581.504 21.5966 -59.2636 1.03059 3951.28 152.478 2.44642e+07 2.94899e+06 -0.00441731 0.0041524 -0.00542076 0.0044818 0.0153163 0.000869909 0.000469149 5.14335e-05 0.110094 0.00333363 6.23571 0.247559 89.3119 20.4175 1102.31 89.822 1197.86 101.406 1197.86 101.406 0.572752 0.013256 
200 0.28 393600000 581.504 21.5966 -59.2636 1.03059 3951.28 152.478 2.44642e+07 2.94899e+06 -0.00441731 0.0041524 -0.00542076 0.0044818 0.0153163 0.000869909 0.000469149 5.14335e-05 0.110094 0.00333363 6.23571 0.247559 89.3119 20.4175 1102.31 89.822 1197.86 101.406 1197.86 101.406 0.572752 0.013256 
200 0.28 394400000 581.504 21.5966 -59.2636 1.03059 3951.28 152.478 2.44642e+07 2.94899e+06 -0.00441731 0.00416154 -0.00542076 0.0044818 0.0153163 0.000869909 0.000469149 5.14335e-05 0.110094 0.00333363 6.23571 0.247559 89.3119 20.4175 1102.31 89.822 1197.86 101.406 1197.86 101.406 0.572752 0.0132063 
200 0.28 395200000 581.504 21.5966 -59.2636 1.03059 3951.28 152.478 2.44642e+07 2.94899e+06 -0.00441731 0.00416154 -0.00542076 0.0044818 0.0153163 0.000869909 0.000469149 5.14335e-05 0.110094 0.00333363 6.23571 0.247559 89.3119 20.4175 1102.31 89.822 1197.86 101.406 1197.86 101.406 0.572752 0.0132063 
200 0.28 396000000 581.504 21.5966 -59.2636 1.03059 3951.28 152.478 2.44642e+07 2.94899e+06 -0.00441731 0.00414406 -0.00542076 0.0044818 0.0153163 0.000869909 0.000469149 5.14335e-05 0.110094 0.00333363 6.23571 0.247559 89.3119 20.4175 1102.31 89.6658 1197.86 101.389 1197.86 101.389 0.572752 0.013202 
200 0.28 396800000 581.504 21.5966 -59.2636 1.03059 3951.28 152.478 2.44642e+07 2.94899e+06 -0.00441731 0.00414406 -0.00542076 0.0044818 0.0153163 0.000869909 0.000469149 5.14335e-05 0.110094 0.00333363 6.23571 0.247559 89.3119 20.4175 1102.31 89.6658 1197.86 101.389 1197.86 101.389 0.572752 0.013202 
200 0.28 397600000 581.504 21.5966 -59.2636 1.03059 3951.28 152.478 2.44642e+07 2.94899e+06 -0.00441731 0.00412728 -0.00542076 0.0044818 0.0153163 0.000869909 0.000469149 5.14335e-05 0.110094 0.00333363 6.23571 0.247559 89.3119 20.4175 1102.31 89.6658 1197.86 101.389 1197.86 101.389 0.572752 0.0131865 
200 0.28 398400000 581.504 21.5966 -59.2636 1.03059 3951.28 152.478 2.44642e+07 2.94899e+06 -0.00441731 0.00412728 -0.00542076 0.0044818 0.0153163 0.000869909 0.000469149 5.14335e-05 0.110094 0.00333363 6.23571 0.247559 89.3119 20.4175 1102.31 89.6658 1197.86 101.389 1197.86 101.389 0.572752 0.0131865 
200 0.28 399200000 575.417 21.1194 -59.728 1.03685 4016.27 151.133 2.50909e+07 2.94899e+06 -0.00470906 0.00411343 -0.00439346 0.00434047 0.0153268 0.000869909 0.000466651 5.14335e-05 0.110211 0.00333363 6.22863 0.243684 91.1877 20.4175 1130.39 88.7697 1227.8 99.9993 1227.8 99.9993 0.576188 0.0131916 
200 0.28 400000000 575.417 21.1194 -59.728 1.03685 4016.27 151.133 2.50909e+07 2.94899e+06 -0.00470906 0.00411343 -0.00439346 0.00434047 0.0153268 0.000869909 0.000466651 5.14335e-05 0.110211 0.00333363 6.22863 0.243684 91.1877 20.4175 1130.39 88.7697 1227.8 99.9993 1227.8 99.9993 0.576188 0.0131916 
200 0.28 400800000 575.417 21.1194 -59.728 1.03685 4016.27 151.133 2.50909e+07 2.94899e+06 -0.00470906 0.00409725 -0.00439346 0.00434047 0.0153268 0.000869909 0.000466651 5.14335e-05 0.110211 0.00333363 6.22863 0.243684 91.1877 20.4175 1130.39 88.7697 1227.8 99.9993 1227.8 99.9993 0.576188 0.0131379 
200 0.28 401600000 575.417 21.1194 -59.728 1.03685 4016.27 151.133 2.50909e+07 2.94899e+06 -0.00470906 0.00409725 -0.00439346 0.00434047 0.0153268 0.000869909 0.000466651 5.14335e-05 0.110211 0.00333363 6.22863 0.243684 91.1877 20.4175 1130.39 88.7697 1227.8 99.9993 1227.8 99.9993 0.576188 0.0131379 
200 0.28 402400000 575.417 21.1194 -59.728 1.03685 4016.27 151.133 2.50909e+07 2.94899e+06 -0.00470906 0.00408368 -0.00439346 0.00434047 0.0153268 0.000869909 0.000466651 5.14335e-05 0.110211 0.00333363 6.22863 0.243684 91.1877 20.4175 1130.39 88.4504 1227.8 99.5999 1227.8 99.5999 0.576188 0.0130869 
200 0.28 403200000 575.417 21.1194 -59.728 1.03685 4016.27 151.133 2.50909e+07 2.94899e+06 -0.00470906 0.00408368 -0.00439346 0.00434047 0.0153268 0.000869909 0.000466651 5.14335e-05 0.110211 0.00333363 6.22863 0.243684 91.1877 20.4175 1130.39 88.4504 1227.8 99.5999 1227.8 99.5999 0.576188 0.0130869 
200 0.28 404000000 575.417 21.1194 -59.728 1.03685 4016.27 151.133 2.50909e+07 2.94899e+06 -0.00470906 0.00408149 -0.00439346 0.00434047 0.0153268 0.000869909 0.000466651 5.14335e-05 0.110211 0.00333363 6.22863 0.243684 91.1877 20.4175 1130.39 88.4504 1227.8 99.5999 1227.8 99.5999 0.576188 0.0130371 
200 0.28 404800000 575.417 21.1194 -59.728 1.03685 4016.27 151.133 2.50909e+07 2.94899e+06 -0.00470906 0.00408149 -0.00439346 0.00434047 0.0153268 0.000869909 0.000466651 5.14335e-05 0.110211 0.00333363 6.22863 0.243684 91.1877 20.4175 1130.39 88.4504 1227.8 99.5999 1227.8 99.5999 0.576188 0.0130371 
200 0.28 405600000 575.417 21.1194 -59.728 1.02304 4016.27 151.133 2.50909e+07 2.94899e+06 -0.00470906 0.00408842 -0.00439346 0.00434047 0.0153268 0.000869909 0.000466651 5.14335e-05 0.110211 0.00333363 6.22863 0.243684 91.1877 20.4175 1130.39 88.1457 1227.8 99.2133 1227.8 99.2133 0.576188 0.0129946 
200 0.28 406400000 575.417 21.1194 -59.728 1.02304 4016.27 151.133 2.50909e+07 2.94899e+06 -0.00470906 0.00408842 -0.00439346 0.00434047 0.0153268 0.000869909 0.000466651 5.14335e-05 0.110211 0.00333363 6.22863 0.243684 91.1877 20.4175 1130.39 88.1457 1227.8 99.2133 1227.8 99.2133 0.576188 0.0129946 
200 0.28 407200000 575.417 21.1194 -59.728 1.02304 4016.27 151.133 2.50909e+07 2.94899e+06 -0.00470906 0.00407922 -0.00439346 0.00434047 0.0153268 0.000869909 0.000466651 5.14335e-05 0.110211 0.00333363 6.22863 0.243684 91.1877 20.4175 1130.39 88.1457 1227.8 99.2133 1227.8 99.2133 0.576188 0.012951 
200 0.28 408000000 575.417 21.1194 -59.728 1.02304 4016.27 151.133 2.50909e+07 2.94899e+06 -0.00470906 0.00407922 -0.00439346 0.00434047 0.0153268 0.000869909 0.000466651 5.14335e-05 0.110211 0.00333363 6.22863 0.243684 91.1877 20.4175 1130.39 88.1457 1227.8 99.2133 1227.8 99.2133 0.576188 0.012951 
200 0.28 408800000 575.417 21.1194 -59.728 1.02304 4016.27 151.133 2.50909e+07 2.94899e+06 -0.00470906 0.00406431 -0.00439346 0.00434047 0.0153268 0.000869909 0.000466651 5.14335e-05 0.110211 0.00333363 6.22863 0.243684 91.1877 20.4175 1130.39 87.4665 1227.8 98.5311 1227.8 98.5311 0.576188 0.0129034 
200 0.28 409600000 575.417 21.1194 -59.728 1.02304 4016.27 151.133 2.50909e+07 2.94899e+06 -0.00470906 0.00406431 -0.00439346 0.00434047 0.0153268 0.000869909 0.000466651 5.14335e-05 0.110211 0.00333363 6.22863 0.243684 91.1877 20.4175 1130.39 87.4665 1227.8 98.5311 1227.8 98.5311 0.576188 0.0129034 
200 0.28 410400000 575.417 21.1194 -59.728 1.02304 4016.27 151.133 2.50909e+07 2.94899e+06 -0.00470906 0.00405777 -0.00439346 0.00434047 0.0153268 0.000869909 0.000466651 5.14335e-05 0.110211 0.00333363 6.22863 0.243684 91.1877 20.4175 1130.39 87.4665 1227.8 98.5311 1227.8 98.5311 0.576188 0.0128664 
200 0.28 411200000 575.417 21.1194 -59.728 1.02304 4016.27 151.133 2.50909e+07 2.94899e+06 -0.00470906 0.00405777 -0.00439346 0.00434047 0.0153268 0.000869909 0.000466651 5.14335e-05 0.110211 0.00333363 6.22863 0.243684 91.1877 20.4175 1130.39 87.4665 1227.8 98.5311 1227.8 98.5311 0.576188 0.0128664 
200 0.28 412000000 575.417 20.4419 -59.728 1.00697 4016.27 146.499 2.50909e+07 2.94899e+06 -0.00470906 0.00404554 -0.00439346 0.00431095 0.0153268 0.000869909 0.000466651 5.14335e-05 0.110211 0.00333363 6.22863 0.24034 91.1877 20.4175 1130.39 86.7703 1227.8 97.6348 1227.8 97.6348 0.576188 0.0128152 
200 0.28 412800000 575.417 20.4419 -59.728 1.00697 4016.27 146.499 2.50909e+07 2.94899e+06 -0.00470906 0.00404554 -0.00439346 0.00431095 0.0153268 0.000869909 0.000466651 5.14335e-05 0.110211 0.00333363 6.22863 0.24034 91.1877 20.4175 1130.39 86.7703 1227.8 97.6348 1227.8 97.6348 0.576188 0.0128152 
200 0.28 413600000 575.417 20.4419 -59.728 1.00697 4016.27 146.499 2.50909e+07 2.94899e+06 -0.00470906 0.00403244 -0.00439346 0.00431095 0.0153268 0.000869909 0.000466651 5.14335e-05 0.110211 0.00333363 6.22863 0.24034 91.1877 20.4175 1130.39 86.7703 1227.8 97.6348 1227.8 97.6348 0.576188 0.0127775 
200 0.28 414400000 575.417 20.4419 -59.728 1.00697 4016.27 146.499 2.50909e+07 2.94899e+06 -0.00470906 0.00403244 -0.00439346 0.00431095 0.0153268 0.000869909 0.000466651 5.14335e-05 0.110211 0.00333363 6.22863 0.24034 91.1877 20.4175 1130.39 86.7703 1227.8 97.6348 1227.8 97.6348 0.576188 0.0127775 
200 0.28 415200000 575.417 20.4419 -59.728 1.00697 4016.27 146.499 2.50909e+07 2.94899e+06 -0.00470906 0.00402778 -0.00439346 0.00431095 0.0153268 0.000869909 0.000466651 5.14335e-05 0.110211 0.00333363 6.22863 0.24034 91.1877 20.4175 1130.39 86.4842 1227.8 97.2669 1227.8 97.2669 0.576188 0.0127569 
200 0.28 416000000 575.417 20.4419 -59.728 1.00697 4016.27 146.499 2.50909e+07 2.94899e+06 -0.00470906 0.00402778 -0.00439346 0.00431095 0.0153268 0.000869909 0.000466651 5.14335e-05 0.110211 0.00333363 6.22863 0.24034 91.1877 20.4175 1130.39 86.4842 1227.8 97.2669 1227.8 97.2669 0.576188 0.0127569 
200 0.28 416800000 575.417 20.4419 -59.728 1.00697 4016.27 146.499 2.50909e+07 2.94899e+06 -0.00470906 0.00401179 -0.00439346 0.00431095 0.0153268 0.000869909 0.000466651 5.14335e-05 0.110211 0.00333363 6.22863 0.24034 91.1877 20.4175 1130.39 86.4842 1227.8 97.2669 1227.8 97.2669 0.576188 0.0127288 
200 0.28 417600000 575.417 20.4419 -59.728 1.00697 4016.27 146.499 2.50909e+07 2.94899e+06 -0.00470906 0.00401179 -0.00439346 0.00431095 0.0153268 0.000869909 0.000466651 5.14335e-05 0.110211 0.00333363 6.22863 0.24034 91.1877 20.4175 1130.39 86.4842 1227.8 97.2669 1227.8 97.2669 0.576188 0.0127288 
200 0.28 418400000 575.417 20.4419 -59.728 0.997012 4016.27 146.499 2.50909e+07 2.94899e+06 -0.00470906 0.00399589 -0.00439346 0.00431095 0.0153268 0.000869909 0.000466651 5.14335e-05 0.110211 0.00333363 6.22863 0.24034 91.1877 20.4175 1130.39 86.6114 1227.8 97.3944 1227.8 97.3944 0.576188 0.0127841 
200 0.28 419200000 575.417 20.4419 -59.728 0.997012 4016.27 146.499 2.50909e+07 2.94899e+06 -0.00470906 0.00399589 -0.00439346 0.00431095 0.0153268 0.000869909 0.000466651 5.14335e-05 0.110211 0.00333363 6.22863 0.24034 91.1877 20.4175 1130.39 86.6114 1227.8 97.3944 1227.8 97.3944 0.576188 0.0127841 
200 0.28 420000000 575.417 20.4419 -59.728 0.997012 4016.27 146.499 2.50909e+07 2.94899e+06 -0.00470906 0.00398925 -0.00439346 0.00431095 0.0153268 0.000869909 0.000466651 5.14335e-05 0.110211 0.00333363 6.22863 0.24034 91.1877 20.4175 1130.39 86.6114 1227.8 97.3944 1227.8 97.3944 0.576188 0.0127343 
200 0.28 420800000 575.417 20.4419 -59.728 0.997012 4016.27 146.499 2.50909e+07 2.94899e+06 -0.00470906 0.00398925 -0.00439346 0.00431095 0.0153268 0.000869909 0.000466651 5.14335e-05 0.110211 0.00333363 6.22863 0.24034 91.1877 20.4175 1130.39 86.6114 1227.8 97.3944 1227.8 97.3944 0.576188 0.0127343 
200 0.28 421600000 575.417 20.4419 -59.728 0.997012 4016.27 146.499 2.50909e+07 2.94899e+06 -0.00470906 0.00397587 -0.00439346 0.00431095 0.0153268 0.000869909 0.000466651 5.14335e-05 0.110211 0.00333363 6.22863 0.24034 91.1877 20.4175 1130.39 88.1884 1227.8 99.3643 1227.8 99.3643 0.576188 0.0127796 
200 0.28 422400000 575.417 20.4419 -59.728 0.997012 4016.27 146.499 2.50909e+07 2.94899e+06 -0.00470906 0.00397587 -0.00439346 0.00431095 0.0153268 0.000869909 0.000466651 5.14335e-05 0.110211 0.00333363 6.22863 0.24034 91.1877 20.4175 1130.39 88.1884 1227.8 99.3643 1227.8 99.3643 0.576188 0.0127796 
200 0.28 423200000 575.417 20.4419 -59.728 0.997012 4016.27 146.499 2.50909e+07 2.94899e+06 -0.00470906 0.00396578 -0.00439346 0.00431095 0.0153268 0.000869909 0.000466651 5.14335e-05 0.110211 0.00333363 6.22863 0.24034 91.1877 20.4175 1130.39 88.1884 1227.8 99.3643 1227.8 99.3643 0.576188 0.0127534 
200 0.28 424000000 575.417 20.4419 -59.728 0.997012 4016.27 146.499 2.50909e+07 2.94899e+06 -0.00470906 0.00396578 -0.00439346 0.00431095 0.0153268 0.000869909 0.000466651 5.14335e-05 0.110211 0.00333363 6.22863 0.24034 91.1877 20.4175 1130.39 88.1884 1227.8 99.3643 1227.8 99.3643 0.576188 0.0127534 
200 0.28 424800000 571.473 20.2589 -59.7786 0.982682 4023.62 143.7 2.50101e+07 2.6304e+06 -0.00394286 0.00395281 -0.00274078 0.0042275 0.0152742 0.000762185 0.000469123 4.79378e-05 0.109704 0.00293976 6.22315 0.236414 92.3049 18.0834 1136.53 87.5834 1235.06 98.6852 1235.06 98.6852 0.576288 0.01271 
200 0.28 425600000 571.473 20.2589 -59.7786 0.982682 4023.62 143.7 2.50101e+07 2.6304e+06 -0.00394286 0.00395281 -0.00274078 0.0042275 0.0152742 0.000762185 0.000469123 4.79378e-05 0.109704 0.00293976 6.22315 0.236414 92.3049 18.0834 1136.53 87.5834 1235.06 98.6852 1235.06 98.6852 0.576288 0.01271 
200 0.28 426400000 571.473 20.2589 -59.7786 0.982682 4023.62 143.7 2.50101e+07 2.6304e+06 -0.00394286 0.00394227 -0.00274078 0.0042275 0.0152742 0.000762185 0.000469123 4.77607e-05 0.109704 0.00293976 6.22315 0.236414 92.3049 18.0834 1136.53 87.5834 1235.06 98.6852 1235.06 98.6852 0.576288 0.0126605 
200 0.28 427200000 571.473 20.2589 -59.7786 0.982682 4023.62 143.7 2.50101e+07 2.6304e+06 -0.00394286 0.00394227 -0.00274078 0.0042275 0.0152742 0.000762185 0.000469123 4.77607e-05 0.109704 0.00293976 6.22315 0.236414 92.3049 18.0834 1136.53 87.5834 1235.06 98.6852 1235.06 98.6852 0.576288 0.0126605 
200 0.28 428000000 571.473 20.2589 -59.7786 0.982682 4023.62 143.7 2.50101e+07 2.6304e+06 -0.00394286 0.00393729 -0.00274078 0.0042275 0.0152742 0.000762185 0.000469123 4.75837e-05 0.109704 0.00293976 6.22315 0.236414 92.3049 18.0834 1136.53 87.1818 1235.06 98.1976 1235.06 98.1976 0.576288 0.0126171 
200 0.28 428800000 571.473 20.2589 -59.7786 0.982682 4023.62 143.7 2.50101e+07 2.6304e+06 -0.00394286 0.00393729 -0.00274078 0.0042275 0.0152742 0.000762185 0.000469123 4.75837e-05 0.109704 0.00293976 6.22315 0.236414 92.3049 18.0834 1136.53 87.1818 1235.06 98.1976 1235.06 98.1976 0.576288 0.0126171 
200 0.28 429600000 571.473 20.2589 -59.7786 0.982682 4023.62 143.7 2.50101e+07 2.6304e+06 -0.00394286 0.00392272 -0.00274078 0.0042275 0.0152742 0.000762185 0.000469123 4.74334e-05 0.109704 0.00293976 6.22315 0.236414 92.3049 18.0834 1136.53 87.1818 1235.06 98.1976 1235.06 98.1976 0.576288 0.0125712 
200 0.28 430400000 571.473 20.2589 -59.7786 0.982682 4023.62 143.7 2.50101e+07 2.6304e+06 -0.00394286 0.00392272 -0.00274078 0.0042275 0.0152742 0.000762185 0.000469123 4.74334e-05 0.109704 0.00293976 6.22315 0.236414 92.3049 18.0834 1136.53 87.1818 1235.06 98.1976 1235.06 98.1976 0.576288 0.0125712 
200 0.28 431200000 571.473 20.2589 -59.7786 0.969004 4023.62 143.7 2.50101e+07 2.6304e+06 -0.00394286 0.00391134 -0.00274078 0.0042275 0.0152742 0.000762185 0.000469123 4.72663e-05 0.109704 0.00293976 6.22315 0.236414 92.3049 18.0834 1136.53 86.5448 1235.06 97.4878 1235.06 97.4878 0.576288 0.0125318 
200 0.28 432000000 571.473 20.2589 -59.7786 0.969004 4023.62 143.7 2.50101e+07 2.6304e+06 -0.00394286 0.00391134 -0.00274078 0.0042275 0.0152742 0.000762185 0.000469123 4.72663e-05 0.109704 0.00293976 6.22315 0.236414 92.3049 18.0834 1136.53 86.5448 1235.06 97.4878 1235.06 97.4878 0.576288 0.0125318 
200 0.28 432800000 571.473 20.2589 -59.7786 0.969004 4023.62 143.7 2.50101e+07 2.6304e+06 -0.00394286 0.00389678 -0.00274078 0.0042275 0.0152742 0.000762185 0.000469123 4.70946e-05 0.109704 0.00293976 6.22315 0.236414 92.3049 18.0834 1136.53 86.5448 1235.06 97.4878 1235.06 97.4878 0.576288 0.0125075 
200 0.28 433600000 571.473 20.2589 -59.7786 0.969004 4023.62 143.7 2.50101e+07 2.6304e+06 -0.00394286 0.00389678 -0.00274078 0.0042275 0.0152742 0.000762185 0.000469123 4.70946e-05 0.109704 0.00293976 6.22315 0.236414 92.3049 18.0834 1136.53 86.5448 1235.06 97.4878 1235.06 97.4878 0.576288 0.0125075 
200 0.28 434400000 571.473 20.2589 -59.7786 0.969004 4023.62 143.7 2.50101e+07 2.6304e+06 -0.00394286 0.00388538 -0.00274078 0.0042275 0.0152742 0.000762185 0.000469123 4.69322e-05 0.109704 0.00293976 6.22315 0.236414 92.3049 18.0834 1136.53 86.1983 1235.06 97.0895 1235.06 97.0895 0.576288 0.0124901 
200 0.28 435200000 571.473 20.2589 -59.7786 0.969004 4023.62 143.7 2.50101e+07 2.6304e+06 -0.00394286 0.00388538 -0.00274078 0.0042275 0.0152742 0.000762185 0.000469123 4.69322e-05 0.109704 0.00293976 6.22315 0.236414 92.3049 18.0834 1136.53 86.1983 1235.06 97.0895 1235.06 97.0895 0.576288 0.0124901 
200 0.28 436000000 571.473 20.2589 -59.7786 0.969004 4023.62 143.7 2.50101e+07 2.6304e+06 -0.00394286 0.0038709 -0.00274078 0.0042275 0.0152742 0.000762185 0.000469123 4.6756e-05 0.109704 0.00293976 6.22315 0.236414 92.3049 18.0834 1136.53 86.1983 1235.06 97.0895 1235.06 97.0895 0.576288 0.012444 
200 0.28 436800000 571.473 20.2589 -59.7786 0.969004 4023.62 143.7 2.50101e+07 2.6304e+06 -0.00394286 0.0038709 -0.00274078 0.0042275 0.0152742 0.000762185 0.000469123 4.6756e-05 0.109704 0.00293976 6.22315 0.236414 92.3049 18.0834 1136.53 86.1983 1235.06 97.0895 1235.06 97.0895 0.576288 0.012444 
200 0.28 437600000 571.473 19.6482 -59.7786 0.956652 4023.62 143.7 2.50101e+07 2.6304e+06 -0.00394286 0.00385721 -0.00274078 0.00414869 0.0152742 0.000762185 0.000469123 4.6581e-05 0.109704 0.00293976 6.22315 0.229752 92.3049 18.0834 1136.53 85.9177 1235.06 96.7397 1235.06 96.7397 0.576288 0.0123972 
200 0.28 438400000 571.473 19.6482 -59.7786 0.956652 4023.62 143.7 2.50101e+07 2.6304e+06 -0.00394286 0.00385721 -0.00274078 0.00414869 0.0152742 0.000762185 0.000469123 4.6581e-05 0.109704 0.00293976 6.22315 0.229752 92.3049 18.0834 1136.53 85.9177 1235.06 96.7397 1235.06 96.7397 0.576288 0.0123972 
200 0.28 439200000 571.473 19.6482 -59.7786 0.956652 4023.62 143.7 2.50101e+07 2.6304e+06 -0.00394286 0.00384353 -0.00274078 0.00414869 0.0152742 0.000762185 0.000469123 4.64157e-05 0.109704 0.00293976 6.22315 0.229752 92.3049 18.0834 1136.53 85.9177 1235.06 96.7397 1235.06 96.7397 0.576288 0.0123669 
200 0.28 440000000 571.473 19.6482 -59.7786 0.956652 4023.62 143.7 2.50101e+07 2.6304e+06 -0.00394286 0.00384353 -0.00274078 0.00414869 0.0152742 0.000762185 0.000469123 4.64157e-05 0.109704 0.00293976 6.22315 0.229752 92.3049 18.0834 1136.53 85.9177 1235.06 96.7397 1235.06 96.7397 0.576288 0.0123669 
200 0.28 440800000 571.473 19.6482 -59.7786 0.956652 4023.62 143.7 2.50101e+07 2.6304e+06 -0.00394286 0.00382939 -0.00274078 0.00414869 0.0152742 0.000762185 0.000469123 4.626e-05 0.109704 0.00293976 6.22315 0.229752 92.3049 18.0834 1136.53 85.6569 1235.06 96.4056 1235.06 96.4056 0.576288 0.0123914 
200 0.28 441600000 571.473 19.6482 -59.7786 0.956652 4023.62 143.7 2.50101e+07 2.6304e+06 -0.00394286 0.00382939 -0.00274078 0.00414869 0.0152742 0.000762185 0.000469123 4.626e-05 0.109704 0.00293976 6.22315 0.229752 92.3049 18.0834 1136.53 85.6569 1235.06 96.4056 1235.06 96.4056 0.576288 0.0123914 
200 0.28 442400000 571.473 19.6482 -59.7786 0.956652 4023.62 143.7 2.50101e+07 2.6304e+06 -0.00394286 0.00381668 -0.00274078 0.00414869 0.0152742 0.000762185 0.000469123 4.60998e-05 0.109704 0.00293976 6.22315 0.229752 92.3049 18.0834 1136.53 85.6569 1235.06 96.4056 1235.06 96.4056 0.576288 0.012345 
200 0.28 443200000 571.473 19.6482 -59.7786 0.956652 4023.62 143.7 2.50101e+07 2.6304e+06 -0.00394286 0.00381668 -0.00274078 0.00414869 0.0152742 0.000762185 0.000469123 4.60998e-05 0.109704 0.00293976 6.22315 0.229752 92.3049 18.0834 1136.53 85.6569 1235.06 96.4056 1235.06 96.4056 0.576288 0.012345 
200 0.28 444000000 571.473 19.6482 -59.7786 0.942462 4023.62 143.7 2.50101e+07 2.6304e+06 -0.00394286 0.00382016 -0.00274078 0.00414869 0.0152742 0.000762185 0.000469123 4.59339e-05 0.109704 0.00293976 6.22315 0.229752 92.3049 18.0834 1136.53 85.0315 1235.06 95.7055 1235.06 95.7055 0.576288 0.0124152 
200 0.28 444800000 571.473 19.6482 -59.7786 0.942462 4023.62 143.7 2.50101e+07 2.6304e+06 -0.00394286 0.00382016 -0.00274078 0.00414869 0.0152742 0.000762185 0.000469123 4.61392e-05 0.109704 0.00293976 6.22315 0.229752 92.3049 18.0834 1136.53 85.0315 1235.06 95.7055 1235.06 95.7055 0.576288 0.0124152 
200 0.28 445600000 571.473 19.6482 -59.7786 0.942462 4023.62 143.7 2.50101e+07 2.6304e+06 -0.00394286 0.00385893 -0.00274078 0.00414869 0.0152742 0.000762185 0.000469123 4.77771e-05 0.109704 0.00293976 6.22315 0.229752 92.3049 18.0834 1136.53 85.0315 1235.06 95.7055 1235.06 95.7055 0.576288 0.0123851 
200 0.28 446400000 571.473 19.6482 -59.7786 0.942462 4023.62 143.7 2.50101e+07 2.6304e+06 -0.00394286 0.00385893 -0.00274078 0.00414869 0.0152742 0.000762185 0.000469123 4.77771e-05 0.109704 0.00293976 6.22315 0.229752 92.3049 18.0834 1136.53 85.0315 1235.06 95.7055 1235.06 95.7055 0.576288 0.0123851 
200 0.28 447200000 571.473 19.6482 -59.7786 0.942462 4023.62 143.7 2.50101e+07 2.6304e+06 -0.00394286 0.00384727 -0.00274078 0.00414869 0.0152742 0.000762185 0.000469123 4.76231e-05 0.109704 0.00293976 6.22315 0.229752 92.3049 18.0834 1136.53 84.5348 1235.06 95.1403 1235.06 95.1403 0.576288 0.0123507 
200 0.28 448000000 571.473 19.6482 -59.7786 0.942462 4023.62 143.7 2.50101e+07 2.6304e+06 -0.00394286 0.00384727 -0.00274078 0.00414869 0.0152742 0.000762185 0.000469123 4.76231e-05 0.109704 0.00293976 6.22315 0.229752 92.3049 18.0834 1136.53 84.5348 1235.06 95.1403 1235.06 95.1403 0.576288 0.0123507 
200 0.28 448800000 571.473 19.6482 -59.7786 0.942462 4023.62 143.7 2.50101e+07 2.6304e+06 -0.00394286 0.00383335 -0.00274078 0.00414869 0.0152742 0.000762185 0.000469123 4.74704e-05 0.109704 0.00293976 6.22315 0.229752 92.3049 18.0834 1136.53 84.5348 1235.06 95.1403 1235.06 95.1403 0.576288 0.0123133 
200 0.28 449600000 571.473 19.6482 -59.7786 0.942462 4023.62 143.7 2.50101e+07 2.6304e+06 -0.00394286 0.00383335 -0.00274078 0.00414869 0.0152742 0.000762185 0.000469123 4.74704e-05 0.109704 0.00293976 6.22315 0.229752 92.3049 18.0834 1136.53 84.5348 1235.06 95.1403 1235.06 95.1403 0.576288 0.0123133 
200 0.28 450400000 572.485 19.0812 -59.6696 0.928916 3994.14 143.7 2.44178e+07 2.6304e+06 -0.00291325 0.00385511 -0.00281511 0.00406608 0.0153577 0.000762185 0.000475482 4.77789e-05 0.110003 0.00293976 6.17695 0.225046 89.5613 18.0834 1109.9 83.9407 1205.64 94.4782 1205.64 94.4782 0.571943 0.0122769 
200 0.28 451200000 572.485 19.0812 -59.6696 0.928916 3994.14 143.7 2.44178e+07 2.6304e+06 -0.00291325 0.00385511 -0.00281511 0.00406608 0.0153577 0.000762185 0.000475482 4.77789e-05 0.110003 0.00293976 6.17695 0.225046 89.5613 18.0834 1109.9 83.9407 1205.64 94.4782 1205.64 94.4782 0.571943 0.0122769 
200 0.28 452000000 572.485 19.0812 -59.6696 0.928916 3994.14 143.7 2.44178e+07 2.6304e+06 -0.00291325 0.00384903 -0.00281511 0.00406608 0.0153577 0.000762185 0.000475482 4.7604e-05 0.110003 0.00293976 6.17695 0.225046 89.5613 18.0834 1109.9 83.9407 1205.64 94.4782 1205.64 94.4782 0.571943 0.0122327 
200 0.28 452800000 572.485 19.0812 -59.6696 0.928916 3994.14 143.7 2.44178e+07 2.6304e+06 -0.00291325 0.00384903 -0.00281511 0.00406608 0.0153577 0.000762185 0.000475482 4.7604e-05 0.110003 0.00293976 6.17695 0.225046 89.5613 18.0834 1109.9 83.9407 1205.64 94.4782 1205.64 94.4782 0.571943 0.0122327 
200 0.28 453600000 572.485 19.0812 -59.6696 0.928916 3994.14 143.7 2.44178e+07 2.6304e+06 -0.00291325 0.00384891 -0.00281511 0.00406608 0.0153577 0.000762185 0.000475482 4.74338e-05 0.110003 0.00293976 6.17695 0.225046 89.5613 18.0834 1109.9 83.8248 1205.64 94.1845 1205.64 94.1845 0.571943 0.0122744 
200 0.28 454400000 572.485 19.0812 -59.6696 0.928916 3994.14 143.7 2.44178e+07 2.6304e+06 -0.00291325 0.00384891 -0.00281511 0.00406608 0.0153577 0.000762185 0.000475482 4.74338e-05 0.110003 0.00293976 6.17695 0.225046 89.5613 18.0834 1109.9 83.8248 1205.64 94.1845 1205.64 94.1845 0.571943 0.0122744 
200 0.28 455200000 572.485 19.0812 -59.6696 0.928916 3994.14 143.7 2.44178e+07 2.6304e+06 -0.00291325 0.00383522 -0.00281511 0.00406608 0.0153577 0.000762185 0.000475482 4.729e-05 0.110003 0.00293976 6.17695 0.225046 89.5613 18.0834 1109.9 83.8248 1205.64 94.1845 1205.64 94.1845 0.571943 0.0122375 
200 0.28 456000000 572.485 19.0812 -59.6696 0.928916 3994.14 143.7 2.44178e+07 2.6304e+06 -0.00291325 0.00383522 -0.00281511 0.00406608 0.0153577 0.000762185 0.000475482 4.729e-05 0.110003 0.00293976 6.17695 0.225046 89.5613 18.0834 1109.9 83.8248 1205.64 94.1845 1205.64 94.1845 0.571943 0.0122375 
200 0.28 456800000 572.485 19.0812 -59.6696 0.921322 3994.14 143.7 2.44178e+07 2.6304e+06 -0.00291325 0.00382306 -0.00281511 0.00406608 0.0153577 0.000762185 0.000475482 4.7119e-05 0.110003 0.00293976 6.17695 0.225046 89.5613 18.0834 1109.9 83.5476 1205.64 94.1045 1205.64 94.1045 0.571943 0.012196 
200 0.28 457600000 572.485 19.0812 -59.6696 0.921322 3994.14 143.7 2.44178e+07 2.6304e+06 -0.00291325 0.00382306 -0.00281511 0.00406608 0.0153577 0.000762185 0.000475482 4.7119e-05 0.110003 0.00293976 6.17695 0.225046 89.5613 18.0834 1109.9 83.5476 1205.64 94.1045 1205.64 94.1045 0.571943 0.012196 
200 0.28 458400000 572.485 19.0812 -59.6696 0.921322 3994.14 143.7 2.44178e+07 2.6304e+06 -0.00291325 0.00381588 -0.00281511 0.00406608 0.0153577 0.000762185 0.000475482 4.69554e-05 0.110003 0.00293976 6.17695 0.225046 89.5613 18.0834 1109.9 83.5476 1205.64 94.1045 1205.64 94.1045 0.571943 0.0121816 
200 0.28 459200000 572.485 19.0812 -59.6696 0.921322 3994.14 143.7 2.44178e+07 2.6304e+06 -0.00291325 0.00381588 -0.00281511 0.00406608 0.0153577 0.000762185 0.000475482 4.69554e-05 0.110003 0.00293976 6.17695 0.225046 89.5613 18.0834 1109.9 83.5476 1205.64 94.1045 1205.64 94.1045 0.571943 0.0121816 
200 0.28 460000000 572.485 19.0812 -59.6696 0.921322 3994.14 143.7 2.44178e+07 2.6304e+06 -0.00291325 0.00380231 -0.00281511 0.00406608 0.0153577 0.000762185 0.000475482 4.6804e-05 0.110003 0.00293976 6.17695 0.225046 89.5613 18.0834 1109.9 82.9581 1205.64 93.431 1205.64 93.431 0.571943 0.0121579 
200 0.28 460800000 572.485 19.0812 -59.6696 0.921322 3994.14 143.7 2.44178e+07 2.6304e+06 -0.00291325 0.00380231 -0.00281511 0.00406608 0.0153577 0.000762185 0.000475482 4.6804e-05 0.110003 0.00293976 6.17695 0.225046 89.5613 18.0834 1109.9 82.9581 1205.64 93.431 1205.64 93.431 0.571943 0.0121579 
200 0.28 461600000 572.485 19.0812 -59.6696 0.921322 3994.14 143.7 2.44178e+07 2.6304e+06 -0.00291325 0.00378961 -0.00281511 0.00406608 0.0153577 0.000762185 0.000475482 4.66645e-05 0.110003 0.00293976 6.17695 0.225046 89.5613 18.0834 1109.9 82.9581 1205.64 93.431 1205.64 93.431 0.571943 0.0121398 
200 0.28 462400000 572.485 19.0812 -59.6696 0.921322 3994.14 143.7 2.44178e+07 2.6304e+06 -0.00291325 0.00378961 -0.00281511 0.00406608 0.0153577 0.000762185 0.000475482 4.66645e-05 0.110003 0.00293976 6.17695 0.225046 89.5613 18.0834 1109.9 82.9581 1205.64 93.431 1205.64 93.431 0.571943 0.0121398 
200 0.28 463200000 572.485 18.5927 -59.6696 0.908234 3994.14 143.7 2.44178e+07 2.6304e+06 -0.00291325 0.00377975 -0.00281511 0.00399685 0.0153577 0.000762185 0.000475482 4.65067e-05 0.110003 0.00293976 6.17695 0.220313 89.5613 18.0834 1109.9 82.7187 1205.64 93.1254 1205.64 93.1254 0.571943 0.0121043 
200 0.28 464000000 572.485 18.5927 -59.6696 0.908234 3994.14 143.7 2.44178e+07 2.6304e+06 -0.00291325 0.00377975 -0.00281511 0.00399685 0.0153577 0.000762185 0.000475482 4.65067e-05 0.110003 0.00293976 6.17695 0.220313 89.5613 18.0834 1109.9 82.7187 1205.64 93.1254 1205.64 93.1254 0.571943 0.0121043 
200 0.28 464800000 572.485 18.5927 -59.6696 0.908234 3994.14 143.7 2.44178e+07 2.6304e+06 -0.00291325 0.00377759 -0.00281511 0.00399685 0.0153577 0.000762185 0.000475482 4.6375e-05 0.110003 0.00293976 6.17695 0.220313 89.5613 18.0834 1109.9 82.7187 1205.64 93.1254 1205.64 93.1254 0.571943 0.0120618 
200 0.28 465600000 572.485 18.5927 -59.6696 0.908234 3994.14 143.7 2.44178e+07 2.6304e+06 -0.00291325 0.00377759 -0.00281511 0.00399685 0.0153577 0.000762185 0.000475482 4.6375e-05 0.110003 0.00293976 6.17695 0.220313 89.5613 18.0834 1109.9 82.7187 1205.64 93.1254 1205.64 93.1254 0.571943 0.0120618 
200 0.28 466400000 572.485 18.5927 -59.6696 0.908234 3994.14 143.7 2.44178e+07 2.6304e+06 -0.00291325 0.00376473 -0.00281511 0.00399685 0.0153577 0.000762185 0.000475482 4.74097e-05 0.110003 0.00293976 6.17695 0.220313 89.5613 18.0834 1109.9 82.147 1205.64 92.4893 1205.64 92.4893 0.571943 0.0120398 
200 0.28 467200000 572.485 18.5927 -59.6696 0.908234 3994.14 143.7 2.44178e+07 2.6304e+06 -0.00291325 0.00376473 -0.00281511 0.00399685 0.0153577 0.000762185 0.000475482 4.74097e-05 0.110003 0.00293976 6.17695 0.220313 89.5613 18.0834 1109.9 82.147 1205.64 92.4893 1205.64 92.4893 0.571943 0.0120398 
200 0.28 468000000 572.485 18.5927 -59.6696 0.908234 3994.14 143.7 2.44178e+07 2.6304e+06 -0.00291325 0.0037539 -0.00281511 0.00399685 0.0153577 0.000762185 0.000475482 4.72422e-05 0.110003 0.00293976 6.17695 0.220313 89.5613 18.0834 1109.9 82.147 1205.64 92.4893 1205.64 92.4893 0.571943 0.0120127 
200 0.28 468800000 572.485 18.5927 -59.6696 0.908234 3994.14 143.7 2.44178e+07 2.6304e+06 -0.00291325 0.0037539 -0.00281511 0.00399685 0.0153577 0.000762185 0.000475482 4.72422e-05 0.110003 0.00293976 6.17695 0.220313 89.5613 18.0834 1109.9 82.147 1205.64 92.4893 1205.64 92.4893 0.571943 0.0120127 
200 0.28 469600000 572.485 18.5927 -59.6696 0.901555 3994.14 143.7 2.44178e+07 2.6304e+06 -0.00291325 0.00374602 -0.00281511 0.00399685 0.0153577 0.000762185 0.000475482 4.71031e-05 0.110003 0.00293976 6.17695 0.220313 89.5613 18.0834 1109.9 81.9067 1205.64 92.1783 1205.64 92.1783 0.571943 0.0120261 
200 0.28 470400000 572.485 18.5927 -59.6696 0.901555 3994.14 143.7 2.44178e+07 2.6304e+06 -0.00291325 0.00374602 -0.00281511 0.00399685 0.0153577 0.000762185 0.000475482 4.71031e-05 0.110003 0.00293976 6.17695 0.220313 89.5613 18.0834 1109.9 81.9067 1205.64 92.1783 1205.64 92.1783 0.571943 0.0120261 
200 0.28 471200000 572.485 18.5927 -59.6696 0.901555 3994.14 143.7 2.44178e+07 2.6304e+06 -0.00291325 0.00373441 -0.00281511 0.00399685 0.0153577 0.000762185 0.000475482 4.69618e-05 0.110003 0.00293976 6.17695 0.220313 89.5613 18.0834 1109.9 81.9067 1205.64 92.1783 1205.64 92.1783 0.571943 0.012025 
200 0.28 472000000 572.485 18.5927 -59.6696 0.901555 3994.14 143.7 2.44178e+07 2.6304e+06 -0.00291325 0.00373441 -0.00281511 0.00399685 0.0153577 0.000762185 0.000475482 4.69618e-05 0.110003 0.00293976 6.17695 0.220313 89.5613 18.0834 1109.9 81.9067 1205.64 92.1783 1205.64 92.1783 0.571943 0.012025 
200 0.28 472800000 572.485 18.5927 -59.6696 0.901555 3994.14 143.7 2.44178e+07 2.6304e+06 -0.00291325 0.00372136 -0.00281511 0.00399685 0.0153577 0.000762185 0.000475482 4.68128e-05 0.110003 0.00293976 6.17695 0.220313 89.5613 18.0834 1109.9 81.6649 1205.64 91.8707 1205.64 91.8707 0.571943 0.0119963 
200 0.28 473600000 572.485 18.5927 -59.6696 0.901555 3994.14 143.7 2.44178e+07 2.6304e+06 -0.00291325 0.00372136 -0.00281511 0.00399685 0.0153577 0.000762185 0.000475482 4.68128e-05 0.110003 0.00293976 6.17695 0.220313 89.5613 18.0834 1109.9 81.6649 1205.64 91.8707 1205.64 91.8707 0.571943 0.0119963 
200 0.28 474400000 572.485 18.5927 -59.6696 0.901555 3994.14 143.7 2.44178e+07 2.6304e+06 -0.00291325 0.00370889 -0.00281511 0.00399685 0.0153577 0.000762185 0.000475482 4.66773e-05 0.110003 0.00293976 6.17695 0.220313 89.5613 18.0834 1109.9 81.6649 1205.64 91.8707 1205.64 91.8707 0.571943 0.011959 
200 0.28 475200000 572.485 18.5927 -59.6696 0.901555 3994.14 143.7 2.44178e+07 2.6304e+06 -0.00291325 0.00370889 -0.00281511 0.00399685 0.0153577 0.000762185 0.000475482 4.66773e-05 0.110003 0.00293976 6.17695 0.220313 89.5613 18.0834 1109.9 81.6649 1205.64 91.8707 1205.64 91.8707 0.571943 0.011959 
200 0.28 476000000 566.826 18.5419 -59.9814 0.896126 4030.54 131.275 2.46878e+07 2.35779e+06 -0.00261276 0.00369648 -0.00337324 0.00405568 0.0153731 0.000683879 0.000477806 4.65245e-05 0.10999 0.00262708 6.1293 0.215095 89.1035 16.355 1096.65 81.4121 1191.88 91.7987 1191.88 91.7987 0.568255 0.011918 
200 0.28 476800000 566.826 18.5419 -59.9814 0.896126 4030.54 131.275 2.46878e+07 2.35779e+06 -0.00261276 0.00369648 -0.00337324 0.00405568 0.0153731 0.000683879 0.000477806 4.65245e-05 0.10999 0.00262708 6.1293 0.215095 89.1035 16.355 1096.65 81.4121 1191.88 91.7987 1191.88 91.7987 0.568255 0.011918 
200 0.28 477600000 566.826 18.5419 -59.9814 0.896126 4030.54 131.275 2.46878e+07 2.35779e+06 -0.00261276 0.00368381 -0.00337324 0.00405568 0.0153731 0.000683879 0.000477806 4.63656e-05 0.10999 0.00262708 6.1293 0.215095 89.1035 16.355 1096.65 81.4121 1191.88 91.7987 1191.88 91.7987 0.568255 0.0118809 
200 0.28 478400000 566.826 18.5419 -59.9814 0.896126 4030.54 131.275 2.46878e+07 2.35779e+06 -0.00261276 0.00368381 -0.00337324 0.00405568 0.0153731 0.000683879 0.000477806 4.63656e-05 0.10999 0.00262708 6.1293 0.215095 89.1035 16.355 1096.65 81.4121 1191.88 91.7987 1191.88 91.7987 0.568255 0.0118809 
200 0.28 479200000 566.826 18.5419 -59.9814 0.896126 4030.54 131.275 2.46878e+07 2.35779e+06 -0.00261276 0.00367278 -0.00337324 0.00405568 0.0153731 0.000683879 0.000477806 4.62272e-05 0.10999 0.00262708 6.1293 0.215095 89.1035 16.355 1096.65 81.2182 1191.88 91.7987 1191.88 91.7987 0.568255 0.0118409 
200 0.28 480000000 566.826 18.5419 -59.9814 0.896126 4030.54 131.275 2.46878e+07 2.35779e+06 -0.00261276 0.00367278 -0.00337324 0.00405568 0.0153731 0.000683879 0.000477806 4.62272e-05 0.10999 0.00262708 6.1293 0.215095 89.1035 16.355 1096.65 81.2182 1191.88 91.7987 1191.88 91.7987 0.568255 0.0118409 
200 0.28 480800000 566.826 18.5419 -59.9814 0.896126 4030.54 131.275 2.46878e+07 2.35779e+06 -0.00261276 0.00366117 -0.00337324 0.00405568 0.0153731 0.000683879 0.000477806 4.60684e-05 0.10999 0.00262708 6.1293 0.215095 89.1035 16.355 1096.65 81.2182 1191.88 91.7987 1191.88 91.7987 0.568255 0.0118215 
200 0.28 481600000 566.826 18.5419 -59.9814 0.896126 4030.54 131.275 2.46878e+07 2.35779e+06 -0.00261276 0.00366117 -0.00337324 0.00405568 0.0153731 0.000683879 0.000477806 4.60684e-05 0.10999 0.00262708 6.1293 0.215095 89.1035 16.355 1096.65 81.2182 1191.88 91.7987 1191.88 91.7987 0.568255 0.0118215 
200 0.28 482400000 566.826 18.5419 -59.9814 0.892365 4030.54 131.275 2.46878e+07 2.35779e+06 -0.00261276 0.00364964 -0.00337324 0.00405568 0.0153731 0.000683879 0.000477806 4.59149e-05 0.10999 0.00262708 6.1293 0.215095 89.1035 16.355 1096.65 81.2182 1191.88 91.7987 1191.88 91.7987 0.568255 0.0117812 
200 0.28 483200000 566.826 18.5419 -59.9814 0.892365 4030.54 131.275 2.46878e+07 2.35779e+06 -0.00261276 0.00364964 -0.00337324 0.00405568 0.0153731 0.000683879 0.000477806 4.59149e-05 0.10999 0.00262708 6.1293 0.215095 89.1035 16.355 1096.65 81.2182 1191.88 91.7987 1191.88 91.7987 0.568255 0.0117812 
200 0.28 484000000 566.826 18.5419 -59.9814 0.892365 4030.54 131.275 2.46878e+07 2.35779e+06 -0.00261276 0.00367537 -0.00337324 0.00405568 0.0153731 0.000683879 0.000477806 4.58174e-05 0.10999 0.00262708 6.1293 0.215095 89.1035 16.355 1096.65 81.2182 1191.88 91.7987 1191.88 91.7987 0.568255 0.0118052 
200 0.28 484800000 566.826 18.5419 -59.9814 0.892365 4030.54 131.275 2.46878e+07 2.35779e+06 -0.00261276 0.00367537 -0.00337324 0.00405568 0.0153731 0.000683879 0.000477806 4.58174e-05 0.10999 0.00262708 6.1293 0.215095 89.1035 16.355 1096.65 81.2182 1191.88 91.7987 1191.88 91.7987 0.568255 0.0118052 
200 0.28 485600000 566.826 18.5419 -59.9814 0.892365 4030.54 131.275 2.46878e+07 2.35779e+06 -0.00261276 0.00366362 -0.00337324 0.00405568 0.0153731 0.000683879 0.000477806 4.56902e-05 0.10999 0.00262708 6.1293 0.215095 89.1035 16.355 1096.65 81.2182 1191.88 91.7987 1191.88 91.7987 0.568255 0.0117694 
200 0.28 486400000 566.826 18.5419 -59.9814 0.892365 4030.54 131.275 2.46878e+07 2.35779e+06 -0.00261276 0.00366362 -0.00337324 0.00405568 0.0153731 0.000683879 0.000477806 4.56902e-05 0.10999 0.00262708 6.1293 0.215095 89.1035 16.355 1096.65 81.2182 1191.88 91.7987 1191.88 91.7987 0.568255 0.0117694 
200 0.28 487200000 566.826 18.5419 -59.9814 0.892365 4030.54 131.275 2.46878e+07 2.35779e+06 -0.00261276 0.00365143 -0.00337324 0.00405568 0.0153731 0.000683879 0.000477806 4.55636e-05 0.10999 0.00262708 6.1293 0.215095 89.1035 16.355 1096.65 81.2182 1191.88 91.7987 1191.88 91.7987 0.568255 0.011731 
200 0.28 488000000 566.826 18.5419 -59.9814 0.892365 4030.54 131.275 2.46878e+07 2.35779e+06 -0.00261276 0.00365143 -0.00337324 0.00405568 0.0153731 0.000683879 0.000477806 4.55636e-05 0.10999 0.00262708 6.1293 0.215095 89.1035 16.355 1096.65 81.2182 1191.88 91.7987 1191.88 91.7987 0.568255 0.011731 
200 0.28 488800000 566.826 18.5927 -59.9814 0.880485 4030.54 129.101 2.46878e+07 2.35779e+06 -0.00261276 0.00363911 -0.00337324 0.00394763 0.0153731 0.000683879 0.000477806 4.54362e-05 0.10999 0.00262708 6.1293 0.213929 89.1035 16.355 1096.65 81.3593 1191.88 91.8134 1191.88 91.8134 0.568255 0.0116984 
200 0.28 489600000 566.826 18.5927 -59.9814 0.880485 4030.54 129.101 2.46878e+07 2.35779e+06 -0.00261276 0.00363911 -0.00337324 0.00394763 0.0153731 0.000683879 0.000477806 4.54362e-05 0.10999 0.00262708 6.1293 0.213929 89.1035 16.355 1096.65 81.3593 1191.88 91.8134 1191.88 91.8134 0.568255 0.0116984 
200 0.28 490400000 566.826 18.5927 -59.9814 0.880485 4030.54 129.101 2.46878e+07 2.35779e+06 -0.00261276 0.0036272 -0.00337324 0.00394763 0.0153731 0.000683879 0.000477806 4.53081e-05 0.10999 0.00262708 6.1293 0.213929 89.1035 16.355 1096.65 81.3593 1191.88 91.8134 1191.88 91.8134 0.568255 0.0116954 
200 0.28 491200000 566.826 18.5927 -59.9814 0.880485 4030.54 129.101 2.46878e+07 2.35779e+06 -0.00261276 0.0036272 -0.00337324 0.00394763 0.0153731 0.000683879 0.000477806 4.53081e-05 0.10999 0.00262708 6.1293 0.213929 89.1035 16.355 1096.65 81.3593 1191.88 91.8134 1191.88 91.8134 0.568255 0.0116954 
200 0.28 492000000 566.826 18.5927 -59.9814 0.880485 4030.54 129.101 2.46878e+07 2.35779e+06 -0.00261276 0.00361522 -0.00337324 0.00394763 0.0153731 0.000683879 0.000477806 4.51744e-05 0.10999 0.00262708 6.1293 0.213929 89.1035 16.355 1096.65 81.3593 1191.88 91.8134 1191.88 91.8134 0.568255 0.0116735 
200 0.28 492800000 566.826 18.5927 -59.9814 0.880485 4030.54 129.101 2.46878e+07 2.35779e+06 -0.00261276 0.00361522 -0.00337324 0.00394763 0.0153731 0.000683879 0.000477806 4.51744e-05 0.10999 0.00262708 6.1293 0.213929 89.1035 16.355 1096.65 81.3593 1191.88 91.8134 1191.88 91.8134 0.568255 0.0116735 
200 0.28 493600000 566.826 18.5927 -59.9814 0.880485 4030.54 129.101 2.46878e+07 2.35779e+06 -0.00261276 0.00360461 -0.00337324 0.00394763 0.0153731 0.000683879 0.000477806 4.50886e-05 0.10999 0.00262708 6.1293 0.213929 89.1035 16.355 1096.65 81.3593 1191.88 91.8134 1191.88 91.8134 0.568255 0.0116461 
200 0.28 494400000 566.826 18.5927 -59.9814 0.880485 4030.54 129.101 2.46878e+07 2.35779e+06 -0.00261276 0.00360461 -0.00337324 0.00394763 0.0153731 0.000683879 0.000477806 4.50886e-05 0.10999 0.00262708 6.1293 0.213929 89.1035 16.355 1096.65 81.3593 1191.88 91.8134 1191.88 91.8134 0.568255 0.0116461 
200 0.28 495200000 566.826 18.5927 -59.9814 0.874766 4030.54 129.101 2.46878e+07 2.35779e+06 -0.00261276 0.00359824 -0.00337324 0.00394763 0.0153731 0.000683879 0.000477806 4.49502e-05 0.10999 0.00262708 6.1293 0.213929 89.1035 16.355 1096.65 81.3593 1191.88 91.8134 1191.88 91.8134 0.568255 0.0116718 
200 0.28 496000000 566.826 18.5927 -59.9814 0.874766 4030.54 129.101 2.46878e+07 2.35779e+06 -0.00261276 0.00359824 -0.00337324 0.00394763 0.0153731 0.000683879 0.000477806 4.49502e-05 0.10999 0.00262708 6.1293 0.213929 89.1035 16.355 1096.65 81.3593 1191.88 91.8134 1191.88 91.8134 0.568255 0.0116718 
200 0.28 496800000 566.826 18.5927 -59.9814 0.874766 4030.54 129.101 2.46878e+07 2.35779e+06 -0.00261276 0.00358644 -0.00337324 0.00394763 0.0153731 0.000683879 0.000477806 4.48245e-05 0.10999 0.00262708 6.1293 0.213929 89.1035 16.355 1096.65 81.3593 1191.88 91.8134 1191.88 91.8134 0.568255 0.011653 
200 0.28 497600000 566.826 18.5927 -59.9814 0.874766 4030.54 129.101 2.46878e+07 2.35779e+06 -0.00261276 0.00358644 -0.00337324 0.00394763 0.0153731 0.000683879 0.000477806 4.48754e-05 0.10999 0.00262708 6.1293 0.213929 89.1035 16.355 1096.65 81.3593 1191.88 91.8134 1191.88 91.8134 0.568255 0.011653 
200 0.28 498400000 566.826 18.5927 -59.9814 0.874766 4030.54 129.101 2.46878e+07 2.35779e+06 -0.00261276 0.00358348 -0.00337324 0.00394763 0.0153731 0.000683879 0.000477806 4.60327e-05 0.10999 0.00262708 6.1293 0.213929 89.1035 16.355 1096.65 81.3593 1191.88 91.8134 1191.88 91.8134 0.568255 0.0116171 
200 0.28 499200000 566.826 18.5927 -59.9814 0.874766 4030.54 129.101 2.46878e+07 2.35779e+06 -0.00261276 0.00358348 -0.00337324 0.00394763 0.0153731 0.000683879 0.000477806 4.60327e-05 0.10999 0.00262708 6.1293 0.213929 89.1035 16.355 1096.65 81.3593 1191.88 91.8134 1191.88 91.8134 0.568255 0.0116171 
200 0.28 500000000 566.826 18.5927 -59.9814 0.874766 4030.54 129.101 2.46878e+07 2.35779e+06 -0.00261276 0.00357202 -0.00337324 0.00394763 0.0153731 0.000683879 0.000477806 4.59073e-05 0.10999 0.00262708 6.1293 0.213929 89.1035 16.355 1096.65 81.3593 1191.88 91.8134 1191.88 91.8134 0.568255 0.0116171 
200 0.28 500800000 566.826 18.5927 -59.9814 0.874766 4030.54 129.101 2.46878e+07 2.35779e+06 -0.00261276 0.00357202 -0.00337324 0.00394763 0.0153731 0.000683879 0.000477806 4.59073e-05 0.10999 0.00262708 6.1293 0.213929 89.1035 16.355 1096.65 81.3593 1191.88 91.8134 1191.88 91.8134 0.568255 0.0116171 
200 0.28 501600000 573.523 18.2259 -60.0489 0.859358 4036.91 127.9 2.46683e+07 2.35779e+06 -0.00174581 0.00358466 -0.00252079 0.00391241 0.0153032 0.000683879 0.000480037 4.57594e-05 0.10938 0.00262708 6.0763 0.20845 89.2205 16.355 1092.93 80.7575 1188.23 91.125 1188.23 91.125 0.568973 0.0115557 
200 0.28 502400000 573.523 18.2259 -60.0489 0.859358 4036.91 127.9 2.46683e+07 2.35779e+06 -0.00174581 0.00358466 -0.00252079 0.00391241 0.0153032 0.000683879 0.000480037 4.57594e-05 0.10938 0.00262708 6.0763 0.20845 89.2205 16.355 1092.93 80.7575 1188.23 91.125 1188.23 91.125 0.568973 0.0115557 
200 0.28 503200000 573.523 18.2259 -60.0489 0.859358 4036.91 127.9 2.46683e+07 2.35779e+06 -0.00174581 0.00357292 -0.00252079 0.00391241 0.0153032 0.000683879 0.000480037 4.56341e-05 0.10938 0.00262708 6.0763 0.20845 89.2205 16.355 1092.93 80.7575 1188.23 91.125 1188.23 91.125 0.568973 0.0115228 
200 0.28 504000000 573.523 18.2259 -60.0489 0.859358 4036.91 127.9 2.46683e+07 2.35779e+06 -0.00174581 0.00357292 -0.00252079 0.00391241 0.0153032 0.000683879 0.000480037 4.56341e-05 0.10938 0.00262708 6.0763 0.20845 89.2205 16.355 1092.93 80.7575 1188.23 91.125 1188.23 91.125 0.568973 0.0115228 
200 0.28 504800000 573.523 18.2259 -60.0489 0.859358 4036.91 127.9 2.46683e+07 2.35779e+06 -0.00174581 0.00356413 -0.00252079 0.00391241 0.0153032 0.000683879 0.000480037 4.55353e-05 0.10938 0.00262708 6.0763 0.20845 89.2205 16.355 1092.93 80.7575 1188.23 91.125 1188.23 91.125 0.568973 0.0114971 
200 0.28 505600000 573.523 18.2259 -60.0489 0.859358 4036.91 127.9 2.46683e+07 2.35779e+06 -0.00174581 0.00356413 -0.00252079 0.00391241 0.0153032 0.000683879 0.000480037 4.55353e-05 0.10938 0.00262708 6.0763 0.20845 89.2205 16.355 1092.93 80.7575 1188.23 91.125 1188.23 91.125 0.568973 0.0114971 
200 0.28 506400000 573.523 18.2259 -60.0489 0.859358 4036.91 127.9 2.46683e+07 2.35779e+06 -0.00174581 0.00356011 -0.00252079 0.00391241 0.0153032 0.000683879 0.000480037 4.5387e-05 0.10938 0.00262708 6.0763 0.20845 89.2205 16.355 1092.93 80.7575 1188.23 91.125 1188.23 91.125 0.568973 0.0115004 
200 0.28 507200000 573.523 18.2259 -60.0489 0.859358 4036.91 127.9 2.46683e+07 2.35779e+06 -0.00174581 0.00356011 -0.00252079 0.00391241 0.0153032 0.000683879 0.000480037 4.5387e-05 0.10938 0.00262708 6.0763 0.20845 89.2205 16.355 1092.93 80.7575 1188.23 91.125 1188.23 91.125 0.568973 0.0115004 
200 0.28 508000000 573.523 18.2259 -60.0489 0.854886 4036.91 127.9 2.46683e+07 2.35779e+06 -0.00174581 0.00354973 -0.00252079 0.00391241 0.0153032 0.000683879 0.000480037 4.5256e-05 0.10938 0.00262708 6.0763 0.20845 89.2205 16.355 1092.93 80.7575 1188.23 91.125 1188.23 91.125 0.568973 0.0114633 
200 0.28 508800000 573.523 18.2259 -60.0489 0.854886 4036.91 127.9 2.46683e+07 2.35779e+06 -0.00174581 0.00354973 -0.00252079 0.00391241 0.0153032 0.000683879 0.000480037 4.5256e-05 0.10938 0.00262708 6.0763 0.20845 89.2205 16.355 1092.93 80.7575 1188.23 91.125 1188.23 91.125 0.568973 0.0114633 
200 0.28 509600000 573.523 18.2259 -60.0489 0.854886 4036.91 127.9 2.46683e+07 2.35779e+06 -0.00174581 0.00353844 -0.00252079 0.00391241 0.0153032 0.000683879 0.000480037 4.51127e-05 0.10938 0.00262708 6.0763 0.20845 89.2205 16.355 1092.93 80.7575 1188.23 91.125 1188.23 91.125 0.568973 0.011464 
200 0.28 510400000 573.523 18.2259 -60.0489 0.854886 4036.91 127.9 2.46683e+07 2.35779e+06 -0.00174581 0.00353844 -0.00252079 0.00391241 0.0153032 0.000683879 0.000480037 4.51127e-05 0.10938 0.00262708 6.0763 0.20845 89.2205 16.355 1092.93 80.7575 1188.23 91.125 1188.23 91.125 0.568973 0.011464 
200 0.28 511200000 573.523 18.2259 -60.0489 0.854886 4036.91 127.9 2.46683e+07 2.35779e+06 -0.00174581 0.00353654 -0.00252079 0.00391241 0.0153032 0.000683879 0.000480037 4.49711e-05 0.10938 0.00262708 6.0763 0.20845 89.2205 16.355 1092.93 80.7575 1188.23 91.125 1188.23 91.125 0.568973 0.0114321 
200 0.28 512000000 573.523 18.2259 -60.0489 0.854886 4036.91 127.9 2.46683e+07 2.35779e+06 -0.00174581 0.00353654 -0.00252079 0.00391241 0.0153032 0.000683879 0.000480037 4.49711e-05 0.10938 0.00262708 6.0763 0.20845 89.2205 16.355 1092.93 80.7575 1188.23 91.125 1188.23 91.125 0.568973 0.0114321 
200 0.28 512800000 573.523 18.2259 -60.0489 0.854886 4036.91 127.9 2.46683e+07 2.35779e+06 -0.00174581 0.00352629 -0.00252079 0.00391241 0.0153032 0.000683879 0.000480037 4.48287e-05 0.10938 0.00262708 6.0763 0.20845 89.2205 16.355 1092.93 80.7575 1188.23 91.125 1188.23 91.125 0.568973 0.0114017 
200 0.28 513600000 573.523 18.2259 -60.0489 0.854886 4036.91 127.9 2.46683e+07 2.35779e+06 -0.00174581 0.00352629 -0.00252079 0.00391241 0.0153032 0.000683879 0.000480037 4.48287e-05 0.10938 0.00262708 6.0763 0.20845 89.2205 16.355 1092.93 80.7575 1188.23 91.125 1188.23 91.125 0.568973 0.0114017 
200 0.28 514400000 573.523 18.2614 -60.0489 0.841644 4036.91 127.9 2.46683e+07 2.35779e+06 -0.00174581 0.00351919 -0.00252079 0.00383627 0.0153032 0.000683879 0.000480037 4.46947e-05 0.10938 0.00262708 6.0763 0.205742 89.2205 16.355 1092.93 78.9771 1188.23 89.201 1188.23 89.201 0.568973 0.0114362 
200 0.28 515200000 573.523 18.2614 -60.0489 0.841644 4036.91 127.9 2.46683e+07 2.35779e+06 -0.00174581 0.00351919 -0.00252079 0.00383627 0.0153032 0.000683879 0.000480037 4.46947e-05 0.10938 0.00262708 6.0763 0.205742 89.2205 16.355 1092.93 78.9771 1188.23 89.201 1188.23 89.201 0.568973 0.0114362 
200 0.28 516000000 573.523 18.2614 -60.0489 0.841644 4036.91 127.9 2.46683e+07 2.35779e+06 -0.00174581 0.0035142 -0.00252079 0.00383627 0.0153032 0.000683879 0.000480037 4.45649e-05 0.10938 0.00262708 6.0763 0.205742 89.2205 16.355 1092.93 78.9771 1188.23 89.201 1188.23 89.201 0.568973 0.0114102 
200 0.28 516800000 573.523 18.2614 -60.0489 0.841644 4036.91 127.9 2.46683e+07 2.35779e+06 -0.00174581 0.0035142 -0.00252079 0.00383627 0.0153032 0.000683879 0.000480037 4.45649e-05 0.10938 0.00262708 6.0763 0.205742 89.2205 16.355 1092.93 78.9771 1188.23 89.201 1188.23 89.201 0.568973 0.0114102 
200 0.28 517600000 573.523 18.2614 -60.0489 0.841644 4036.91 127.9 2.46683e+07 2.35779e+06 -0.00174581 0.00350304 -0.00252079 0.00383627 0.0153032 0.000683879 0.000480037 4.44232e-05 0.10938 0.00262708 6.0763 0.205742 89.2205 16.355 1092.93 78.9771 1188.23 89.201 1188.23 89.201 0.568973 0.0114018 
200 0.28 518400000 573.523 18.2614 -60.0489 0.841644 4036.91 127.9 2.46683e+07 2.35779e+06 -0.00174581 0.00350304 -0.00252079 0.00383627 0.0153032 0.000683879 0.000480037 4.44232e-05 0.10938 0.00262708 6.0763 0.205742 89.2205 16.355 1092.93 78.9771 1188.23 89.201 1188.23 89.201 0.568973 0.0114018 
200 0.28 519200000 573.523 18.2614 -60.0489 0.841644 4036.91 127.9 2.46683e+07 2.35779e+06 -0.00174581 0.00349318 -0.00252079 0.00383627 0.0153032 0.000683879 0.000480037 4.43061e-05 0.10938 0.00262708 6.0763 0.205742 89.2205 16.355 1092.93 78.9771 1188.23 89.201 1188.23 89.201 0.568973 0.0113821 
200 0.28 520000000 573.523 18.2614 -60.0489 0.841644 4036.91 127.9 2.46683e+07 2.35779e+06 -0.00174581 0.00349318 -0.00252079 0.00383627 0.0153032 0.000683879 0.000480037 4.43061e-05 0.10938 0.00262708 6.0763 0.205742 89.2205 16.355 1092.93 78.9771 1188.23 89.201 1188.23 89.201 0.568973 0.0113821 
200 0.28 520800000 573.523 18.2614 -60.0489 0.833021 4036.91 127.9 2.46683e+07 2.35779e+06 -0.00174581 0.00349353 -0.00252079 0.00383627 0.0153032 0.000683879 0.000480037 4.41815e-05 0.10938 0.00262708 6.0763 0.205742 89.2205 16.355 1092.93 78.9771 1188.23 89.201 1188.23 89.201 0.568973 0.0113801 
200 0.28 521600000 573.523 18.2614 -60.0489 0.833021 4036.91 127.9 2.46683e+07 2.35779e+06 -0.00174581 0.00349353 -0.00252079 0.00383627 0.0153032 0.000683879 0.000480037 4.41815e-05 0.10938 0.00262708 6.0763 0.205742 89.2205 16.355 1092.93 78.9771 1188.23 89.201 1188.23 89.201 0.568973 0.0113801 
200 0.28 522400000 573.523 18.2614 -60.0489 0.833021 4036.91 127.9 2.46683e+07 2.35779e+06 -0.00174581 0.00348293 -0.00252079 0.00383627 0.0153032 0.000683879 0.000480037 4.40485e-05 0.10938 0.00262708 6.0763 0.205742 89.2205 16.355 1092.93 78.9771 1188.23 89.201 1188.23 89.201 0.568973 0.0113445 
200 0.28 523200000 573.523 18.2614 -60.0489 0.833021 4036.91 127.9 2.46683e+07 2.35779e+06 -0.00174581 0.00348293 -0.00252079 0.00383627 0.0153032 0.000683879 0.000480037 4.40485e-05 0.10938 0.00262708 6.0763 0.205742 89.2205 16.355 1092.93 78.9771 1188.23 89.201 1188.23 89.201 0.568973 0.0113445 
200 0.28 524000000 573.523 18.2614 -60.0489 0.833021 4036.91 127.9 2.46683e+07 2.35779e+06 -0.00174581 0.00347202 -0.00252079 0.00383627 0.0153032 0.000683879 0.000480037 4.39341e-05 0.10938 0.00262708 6.0763 0.205742 89.2205 16.355 1092.93 78.9771 1188.23 89.201 1188.23 89.201 0.568973 0.0113111 
200 0.28 524800000 573.523 18.2614 -60.0489 0.833021 4036.91 127.9 2.46683e+07 2.35779e+06 -0.00174581 0.00347202 -0.00252079 0.00383627 0.0153032 0.000683879 0.000480037 4.39341e-05 0.10938 0.00262708 6.0763 0.205742 89.2205 16.355 1092.93 78.9771 1188.23 89.201 1188.23 89.201 0.568973 0.0113111 
200 0.28 525600000 573.523 18.2614 -60.0489 0.833021 4036.91 127.9 2.46683e+07 2.35779e+06 -0.00174581 0.00346135 -0.00252079 0.00383627 0.0153032 0.000683879 0.000480037 4.38207e-05 0.10938 0.00262708 6.0763 0.205742 89.2205 16.355 1092.93 78.9771 1188.23 89.201 1188.23 89.201 0.568973 0.0112874 
200 0.28 526400000 573.523 18.2614 -60.0489 0.833021 4036.91 127.9 2.46683e+07 2.35779e+06 -0.00174581 0.00346135 -0.00252079 0.00383627 0.0153032 0.000683879 0.000480037 4.38207e-05 0.10938 0.00262708 6.0763 0.205742 89.2205 16.355 1092.93 78.9771 1188.23 89.201 1188.23 89.201 0.568973 0.0112874 
200 0.28 527200000 565.172 18.8793 -59.885 0.831705 4016.54 121.82 2.43753e+07 2.14262e+06 -0.000649459 0.00345589 -0.00329552 0.00375532 0.015135 0.000689612 0.000470907 4.37078e-05 0.108634 0.0027827 6.02338 0.228551 85.6237 15.0852 1068.12 79.0174 1159.77 89.1367 1159.77 89.1367 0.566663 0.0112635 
200 0.28 528000000 565.172 18.8793 -59.885 0.831705 4016.54 121.82 2.43753e+07 2.14262e+06 -0.000649459 0.00345589 -0.00329552 0.00375532 0.015135 0.000689612 0.000470907 4.37078e-05 0.108634 0.0027827 6.02338 0.228551 85.6237 15.0852 1068.12 79.0174 1159.77 89.1367 1159.77 89.1367 0.566663 0.0112635 
200 0.28 528800000 565.172 18.8793 -59.885 0.831705 4016.54 121.82 2.43753e+07 2.14262e+06 -0.000649459 0.00344869 -0.00329552 0.00375532 0.015135 0.000689612 0.000470907 4.35945e-05 0.108634 0.0027827 6.02338 0.228551 85.6237 15.0852 1068.12 79.0174 1159.77 89.1367 1159.77 89.1367 0.566663 0.0112321 
200 0.28 529600000 565.172 18.8793 -59.885 0.831705 4016.54 121.82 2.43753e+07 2.14262e+06 -0.000649459 0.00344869 -0.00329552 0.00375532 0.015135 0.000689612 0.000470907 4.35945e-05 0.108634 0.0027827 6.02338 0.228551 85.6237 15.0852 1068.12 79.0174 1159.77 89.1367 1159.77 89.1367 0.566663 0.0112321 
200 0.28 530400000 565.172 18.8793 -59.885 0.831705 4016.54 121.82 2.43753e+07 2.14262e+06 -0.000649459 0.00344359 -0.00329552 0.00375532 0.015135 0.000689612 0.000470907 4.34592e-05 0.108634 0.0027827 6.02338 0.228551 85.6237 15.0852 1068.12 79.0174 1159.77 89.1367 1159.77 89.1367 0.566663 0.0111982 
200 0.28 531200000 565.172 18.8793 -59.885 0.831705 4016.54 121.82 2.43753e+07 2.14262e+06 -0.000649459 0.00344359 -0.00329552 0.00375532 0.015135 0.000689612 0.000470907 4.34592e-05 0.108634 0.0027827 6.02338 0.228551 85.6237 15.0852 1068.12 79.0174 1159.77 89.1367 1159.77 89.1367 0.566663 0.0111982 
200 0.28 532000000 565.172 18.8793 -59.885 0.831705 4016.54 121.82 2.43753e+07 2.14262e+06 -0.000649459 0.00343323 -0.00329552 0.00375532 0.015135 0.000689612 0.000470907 4.33378e-05 0.108634 0.0027827 6.02338 0.228551 85.6237 15.0852 1068.12 79.0174 1159.77 89.1367 1159.77 89.1367 0.566663 0.0111763 
200 0.28 532800000 565.172 18.8793 -59.885 0.831705 4016.54 121.82 2.43753e+07 2.14262e+06 -0.000649459 0.00343323 -0.00329552 0.00375532 0.015135 0.000689612 0.000470907 4.33378e-05 0.108634 0.0027827 6.02338 0.228551 85.6237 15.0852 1068.12 79.0174 1159.77 89.1367 1159.77 89.1367 0.566663 0.0111763 
200 0.28 533600000 565.172 18.8793 -59.885 0.830081 4016.54 121.82 2.43753e+07 2.14262e+06 -0.000649459 0.0034235 -0.00329552 0.00375532 0.015135 0.000689612 0.000470907 4.32801e-05 0.108634 0.0027827 6.02338 0.228551 85.6237 15.0852 1068.12 79.0174 1159.77 89.1367 1159.77 89.1367 0.566663 0.0112129 
200 0.28 534400000 565.172 18.8793 -59.885 0.830081 4016.54 121.82 2.43753e+07 2.14262e+06 -0.000649459 0.0034235 -0.00329552 0.00375532 0.015135 0.000689612 0.000470907 4.32801e-05 0.108634 0.0027827 6.02338 0.228551 85.6237 15.0852 1068.12 79.0174 1159.77 89.1367 1159.77 89.1367 0.566663 0.0112129 
200 0.28 535200000 565.172 18.8793 -59.885 0.830081 4016.54 121.82 2.43753e+07 2.14262e+06 -0.000649459 0.00343384 -0.00329552 0.00375532 0.015135 0.000689612 0.000470907 4.31743e-05 0.108634 0.0027827 6.02338 0.228551 85.6237 15.0852 1068.12 79.0174 1159.77 89.1367 1159.77 89.1367 0.566663 0.0112209 
200 0.28 536000000 565.172 18.8793 -59.885 0.830081 4016.54 121.82 2.43753e+07 2.14262e+06 -0.000649459 0.00343384 -0.00329552 0.00375532 0.015135 0.000689612 0.000470907 4.31743e-05 0.108634 0.0027827 6.02338 0.228551 85.6237 15.0852 1068.12 79.0174 1159.77 89.1367 1159.77 89.1367 0.566663 0.0112209 
200 0.28 536800000 565.172 18.8793 -59.885 0.830081 4016.54 121.82 2.43753e+07 2.14262e+06 -0.000649459 0.0034396 -0.00329552 0.00375532 0.015135 0.000689612 0.000470907 4.31793e-05 0.108634 0.0027827 6.02338 0.228551 85.6237 15.0852 1068.12 79.0174 1159.77 89.1367 1159.77 89.1367 0.566663 0.0112086 
200 0.28 537600000 565.172 18.8793 -59.885 0.830081 4016.54 121.82 2.43753e+07 2.14262e+06 -0.000649459 0.0034396 -0.00329552 0.00375532 0.015135 0.000689612 0.000470907 4.31793e-05 0.108634 0.0027827 6.02338 0.228551 85.6237 15.0852 1068.12 79.0174 1159.77 89.1367 1159.77 89.1367 0.566663 0.0112086 
200 0.28 538400000 565.172 18.8793 -59.885 0.830081 4016.54 121.82 2.43753e+07 2.14262e+06 -0.000649459 0.00342988 -0.00329552 0.00375532 0.015135 0.000689612 0.000470907 4.30646e-05 0.108634 0.0027827 6.02338 0.228551 85.6237 15.0852 1068.12 79.0174 1159.77 89.1367 1159.77 89.1367 0.566663 0.0112128 
200 0.28 539200000 565.172 18.8793 -59.885 0.830081 4016.54 121.82 2.43753e+07 2.14262e+06 -0.000649459 0.00342988 -0.00329552 0.00375532 0.015135 0.000689612 0.000470907 4.30646e-05 0.108634 0.0027827 6.02338 0.228551 85.6237 15.0852 1068.12 79.0174 1159.77 89.1367 1159.77 89.1367 0.566663 0.0112128 
200 0.28 540000000 565.172 18.8793 -59.885 0.816334 4016.54 119.292 2.43753e+07 2.14262e+06 -0.000649459 0.00342155 -0.00329552 0.00367201 0.015135 0.000689612 0.000470907 4.29571e-05 0.108634 0.0027827 6.02338 0.228551 85.6237 15.0852 1068.12 77.602 1159.77 87.2757 1159.77 87.2757 0.566663 0.0114102 
200 0.28 540800000 565.172 18.8793 -59.885 0.816334 4016.54 119.292 2.43753e+07 2.14262e+06 -0.000649459 0.00342155 -0.00329552 0.00367201 0.015135 0.000689612 0.000470907 4.29571e-05 0.108634 0.0027827 6.02338 0.228551 85.6237 15.0852 1068.12 77.602 1159.77 87.2757 1159.77 87.2757 0.566663 0.0114102 
200 0.28 541600000 565.172 18.8793 -59.885 0.816334 4016.54 119.292 2.43753e+07 2.14262e+06 -0.000649459 0.00341154 -0.00329552 0.00367201 0.015135 0.000689612 0.000470907 4.28474e-05 0.108634 0.0027827 6.02338 0.228551 85.6237 15.0852 1068.12 77.602 1159.77 87.2757 1159.77 87.2757 0.566663 0.0114102 
200 0.28 542400000 565.172 18.8793 -59.885 0.816334 4016.54 119.292 2.43753e+07 2.14262e+06 -0.000649459 0.00341154 -0.00329552 0.00367201 0.015135 0.000689612 0.000470907 4.28474e-05 0.108634 0.0027827 6.02338 0.228551 85.6237 15.0852 1068.12 77.602 1159.77 87.2757 1159.77 87.2757 0.566663 0.0114102 
200 0.28 543200000 565.172 18.8793 -59.885 0.816334 4016.54 119.292 2.43753e+07 2.14262e+06 -0.000649459 0.00340165 -0.00329552 0.00367201 0.015135 0.000689612 0.000470907 4.27359e-05 0.108634 0.0027827 6.02338 0.228551 85.6237 15.0852 1068.12 77.602 1159.77 87.2757 1159.77 87.2757 0.566663 0.0114102 
200 0.28 544000000 565.172 18.8793 -59.885 0.816334 4016.54 119.292 2.43753e+07 2.14262e+06 -0.000649459 0.00340165 -0.00329552 0.00367201 0.015135 0.000689612 0.000470907 4.27359e-05 0.108634 0.0027827 6.02338 0.228551 85.6237 15.0852 1068.12 77.602 1159.77 87.2757 1159.77 87.2757 0.566663 0.0114102 
200 0.28 544800000 565.172 18.8793 -59.885 0.816334 4016.54 119.292 2.43753e+07 2.14262e+06 -0.000649459 0.00340165 -0.00329552 0.00367201 0.015135 0.000689612 0.000470907 4.26111e-05 0.108634 0.0027827 6.02338 0.228551 85.6237 15.0852 1068.12 77.602 1159.77 87.2757 1159.77 87.2757 0.566663 0.0114102 
200 0.28 545600000 565.172 18.8793 -59.885 0.816334 4016.54 119.292 2.43753e+07 2.14262e+06 -0.000649459 0.00340165 -0.00329552 0.00367201 0.015135 0.000689612 0.000470907 4.26111e-05 0.108634 0.0027827 6.02338 0.228551 85.6237 15.0852 1068.12 77.602 1159.77 87.2757 1159.77 87.2757 0.566663 0.0114102 
200 0.28 546400000 565.172 18.8793 -59.885 0.816334 4016.54 119.292 2.43753e+07 2.14262e+06 -0.000649459 0.00340165 -0.00329552 0.00367201 0.015135 0.000689612 0.000470907 4.24986e-05 0.108634 0.0027827 6.02338 0.228551 85.6237 15.0852 1068.12 77.602 1159.77 87.2757 1159.77 87.2757 0.566663 0.0114102 
200 0.28 547200000 565.172 18.8793 -59.885 0.816334 4016.54 119.292 2.43753e+07 2.14262e+06 -0.000649459 0.00340165 -0.00329552 0.00367201 0.015135 0.000689612 0.000470907 4.24986e-05 0.108634 0.0027827 6.02338 0.228551 85.6237 15.0852 1068.12 77.602 1159.77 87.2757 1159.77 87.2757 0.566663 0.0114102 
200 0.28 548000000 565.172 18.8793 -59.885 0.816334 4016.54 119.292 2.43753e+07 2.14262e+06 -0.000649459 0.00340165 -0.00329552 0.00367201 0.015135 0.000689612 0.000470907 4.23882e-05 0.108634 0.0027827 6.02338 0.228551 85.6237 15.0852 1068.12 77.602 1159.77 87.2757 1159.77 87.2757 0.566663 0.0114102 
200 0.28 548800000 565.172 18.8793 -59.885 0.816334 4016.54 119.292 2.43753e+07 2.14262e+06 -0.000649459 0.00340165 -0.00329552 0.00367201 0.015135 0.000689612 0.000470907 4.23882e-05 0.108634 0.0027827 6.02338 0.228551 85.6237 15.0852 1068.12 77.602 1159.77 87.2757 1159.77 87.2757 0.566663 0.0114102 
200 0.28 549600000 565.172 18.8793 -59.885 0.816334 4016.54 119.292 2.43753e+07 2.14262e+06 -0.000649459 0.00340165 -0.00329552 0.00367201 0.015135 0.000689612 0.000470907 4.22718e-05 0.108634 0.0027827 6.02338 0.228551 85.6237 15.0852 1068.12 77.602 1159.77 87.2757 1159.77 87.2757 0.566663 0.0114102 
200 0.28 550400000 565.172 18.8793 -59.885 0.816334 4016.54 119.292 2.43753e+07 2.14262e+06 -0.000649459 0.00340165 -0.00329552 0.00367201 0.015135 0.000689612 0.000470907 4.22718e-05 0.108634 0.0027827 6.02338 0.228551 85.6237 15.0852 1068.12 77.602 1159.77 87.2757 1159.77 87.2757 0.566663 0.0114102 
200 0.28 551200000 565.172 18.8793 -59.885 0.816334 4016.54 119.292 2.43753e+07 2.14262e+06 -0.000649459 0.00340165 -0.00329552 0.00367201 0.015135 0.000689612 0.000470907 4.21467e-05 0.108634 0.0027827 6.02338 0.228551 85.6237 15.0852 1068.12 77.602 1159.77 87.2757 1159.77 87.2757 0.566663 0.0114102 
200 0.28 552000000 565.172 18.8793 -59.885 0.816334 4016.54 119.292 2.43753e+07 2.14262e+06 -0.000649459 0.00340165 -0.00329552 0.00367201 0.015135 0.000689612 0.000470907 4.21467e-05 0.108634 0.0027827 6.02338 0.228551 85.6237 15.0852 1068.12 77.602 1159.77 87.2757 1159.77 87.2757 0.566663 0.0114102 
200 0.28 552800000 565.172 18.8793 -59.885 0.809415 4016.54 116.538 2.43753e+07 2.14262e+06 -0.000649459 0.00340165 -0.00329552 0.0036187 0.015135 0.000689612 0.000470907 4.20306e-05 0.108634 0.0027827 6.02338 0.228551 85.6237 15.0852 1068.12 76.1979 1159.77 85.4721 1159.77 85.4721 0.566663 0.0112198 
200 0.28 553600000 565.172 18.8793 -59.885 0.809415 4016.54 116.538 2.43753e+07 2.14262e+06 -0.000649459 0.00340165 -0.00329552 0.0036187 0.015135 0.000689612 0.000470907 4.20306e-05 0.108634 0.0027827 6.02338 0.228551 85.6237 15.0852 1068.12 76.1979 1159.77 85.4721 1159.77 85.4721 0.566663 0.0112198 
200 0.28 554400000 565.172 18.8793 -59.885 0.809415 4016.54 116.538 2.43753e+07 2.14262e+06 -0.000649459 0.00340165 -0.00329552 0.0036187 0.015135 0.000689612 0.000470907 4.19245e-05 0.108634 0.0027827 6.02338 0.228551 85.6237 15.0852 1068.12 76.1979 1159.77 85.4721 1159.77 85.4721 0.566663 0.0112198 
200 0.28 555200000 565.172 18.8793 -59.885 0.809415 4016.54 116.538 2.43753e+07 2.14262e+06 -0.000649459 0.00340165 -0.00329552 0.0036187 0.015135 0.000689612 0.000470907 4.19245e-05 0.108634 0.0027827 6.02338 0.228551 85.6237 15.0852 1068.12 76.1979 1159.77 85.4721 1159.77 85.4721 0.566663 0.0112198 
200 0.28 556000000 565.172 18.8793 -59.885 0.809415 4016.54 116.538 2.43753e+07 2.14262e+06 -0.000649459 0.00340165 -0.00329552 0.0036187 0.015135 0.000689612 0.000470907 4.18228e-05 0.108634 0.0027827 6.02338 0.228551 85.6237 15.0852 1068.12 76.1979 1159.77 85.4721 1159.77 85.4721 0.566663 0.0112198 
200 0.28 556800000 565.172 18.8793 -59.885 0.809415 4016.54 116.538 2.43753e+07 2.14262e+06 -0.000649459 0.00340165 -0.00329552 0.0036187 0.015135 0.000689612 0.000470907 4.18228e-05 0.108634 0.0027827 6.02338 0.228551 85.6237 15.0852 1068.12 76.1979 1159.77 85.4721 1159.77 85.4721 0.566663 0.0112198 
200 0.28 557600000 565.172 18.8793 -59.885 0.809415 4016.54 116.538 2.43753e+07 2.14262e+06 -0.000649459 0.00340165 -0.00329552 0.0036187 0.015135 0.000689612 0.000470907 4.17034e-05 0.108634 0.0027827 6.02338 0.228551 85.6237 15.0852 1068.12 76.1979 1159.77 85.4721 1159.77 85.4721 0.566663 0.0112198 
200 0.28 558400000 565.172 18.8793 -59.885 0.809415 4016.54 116.538 2.43753e+07 2.14262e+06 -0.000649459 0.00340165 -0.00329552 0.0036187 0.015135 0.000689612 0.000470907 4.17034e-05 0.108634 0.0027827 6.02338 0.228551 85.6237 15.0852 1068.12 76.1979 1159.77 85.4721 1159.77 85.4721 0.566663 0.0112198 
200 0.28 559200000 565.172 18.8793 -59.885 0.800064 4016.54 116.538 2.43753e+07 2.14262e+06 -0.000649459 0.00340165 -0.00329552 0.0036187 0.015135 0.000689612 0.000470907 4.15884e-05 0.108634 0.0027827 6.02338 0.228551 85.6237 15.0852 1068.12 76.1979 1159.77 85.4721 1159.77 85.4721 0.566663 0.0112198 
200 0.28 560000000 565.172 18.8793 -59.885 0.800064 4016.54 116.538 2.43753e+07 2.14262e+06 -0.000649459 0.00340165 -0.00329552 0.0036187 0.015135 0.000689612 0.000470907 4.15884e-05 0.108634 0.0027827 6.02338 0.228551 85.6237 15.0852 1068.12 76.1979 1159.77 85.4721 1159.77 85.4721 0.566663 0.0112198 
200 0.28 560800000 565.172 18.8793 -59.885 0.800064 4016.54 116.538 2.43753e+07 2.14262e+06 -0.000649459 0.00340165 -0.00329552 0.0036187 0.015135 0.000689612 0.000470907 4.18744e-05 0.108634 0.0027827 6.02338 0.228551 85.6237 15.0852 1068.12 76.1979 1159.77 85.4721 1159.77 85.4721 0.566663 0.0112198 
200 0.28 561600000 565.172 18.8793 -59.885 0.800064 4016.54 116.538 2.43753e+07 2.14262e+06 -0.000649459 0.00340165 -0.00329552 0.0036187 0.015135 0.000689612 0.000470907 4.18744e-05 0.108634 0.0027827 6.02338 0.228551 85.6237 15.0852 1068.12 76.1979 1159.77 85.4721 1159.77 85.4721 0.566663 0.0112198 
200 0.28 562400000 565.172 18.8793 -59.885 0.800064 4016.54 116.538 2.43753e+07 2.14262e+06 -0.000649459 0.00340165 -0.00329552 0.0036187 0.015135 0.000689612 0.000470907 4.17761e-05 0.108634 0.0027827 6.02338 0.228551 85.6237 15.0852 1068.12 76.1979 1159.77 85.4721 1159.77 85.4721 0.566663 0.0112198 
200 0.28 563200000 565.172 18.8793 -59.885 0.800064 4016.54 116.538 2.43753e+07 2.14262e+06 -0.000649459 0.00340165 -0.00329552 0.0036187 0.015135 0.000689612 0.000470907 4.17761e-05 0.108634 0.0027827 6.02338 0.228551 85.6237 15.0852 1068.12 76.1979 1159.77 85.4721 1159.77 85.4721 0.566663 0.0112198 
200 0.28 564000000 565.172 18.8793 -59.885 0.800064 4016.54 116.538 2.43753e+07 2.14262e+06 -0.000649459 0.00340165 -0.00329552 0.0036187 0.015135 0.000689612 0.000470907 4.16743e-05 0.108634 0.0027827 6.02338 0.228551 85.6237 15.0852 1068.12 76.1979 1159.77 85.4721 1159.77 85.4721 0.566663 0.0112198 
200 0.28 564800000 565.172 18.8793 -59.885 0.800064 4016.54 116.538 2.43753e+07 2.14262e+06 -0.000649459 0.00340165 -0.00329552 0.0036187 0.015135 0.000689612 0.000470907 4.16743e-05 0.108634 0.0027827 6.02338 0.228551 85.6237 15.0852 1068.12 76.1979 1159.77 85.4721 1159.77 85.4721 0.566663 0.0112198 
200 0.28 565600000 565.172 18.8793 -59.885 0.793058 4016.54 115.873 2.43753e+07 2.14262e+06 -0.000649459 0.00340165 -0.00329552 0.00359515 0.015135 0.000689612 0.000470907 4.15665e-05 0.108634 0.0027827 6.02338 0.228551 85.6237 15.0852 1068.12 75.9963 1159.77 85.1464 1159.77 85.1464 0.566663 0.0112198 
200 0.28 566400000 565.172 18.8793 -59.885 0.793058 4016.54 115.873 2.43753e+07 2.14262e+06 -0.000649459 0.00340165 -0.00329552 0.00359515 0.015135 0.000689612 0.000470907 4.15665e-05 0.108634 0.0027827 6.02338 0.228551 85.6237 15.0852 1068.12 75.9963 1159.77 85.1464 1159.77 85.1464 0.566663 0.0112198 
200 0.28 567200000 565.172 18.8793 -59.885 0.793058 4016.54 115.873 2.43753e+07 2.14262e+06 -0.000649459 0.00340165 -0.00329552 0.00359515 0.015135 0.000689612 0.000470907 4.14499e-05 0.108634 0.0027827 6.02338 0.228551 85.6237 15.0852 1068.12 75.9963 1159.77 85.1464 1159.77 85.1464 0.566663 0.0112198 
200 0.28 568000000 565.172 18.8793 -59.885 0.793058 4016.54 115.873 2.43753e+07 2.14262e+06 -0.000649459 0.00340165 -0.00329552 0.00359515 0.015135 0.000689612 0.000470907 4.14499e-05 0.108634 0.0027827 6.02338 0.228551 85.6237 15.0852 1068.12 75.9963 1159.77 85.1464 1159.77 85.1464 0.566663 0.0112198 
200 0.28 568800000 565.172 18.8793 -59.885 0.793058 4016.54 115.873 2.43753e+07 2.14262e+06 -0.000649459 0.00340165 -0.00329552 0.00359515 0.015135 0.000689612 0.000470907 4.13486e-05 0.108634 0.0027827 6.02338 0.228551 85.6237 15.0852 1068.12 75.9963 1159.77 85.1464 1159.77 85.1464 0.566663 0.0112198 
200 0.28 569600000 565.172 18.8793 -59.885 0.793058 4016.54 115.873 2.43753e+07 2.14262e+06 -0.000649459 0.00340165 -0.00329552 0.00359515 0.015135 0.000689612 0.000470907 4.13486e-05 0.108634 0.0027827 6.02338 0.228551 85.6237 15.0852 1068.12 75.9963 1159.77 85.1464 1159.77 85.1464 0.566663 0.0112198 
200 0.28 570400000 565.172 18.8793 -59.885 0.793058 4016.54 115.873 2.43753e+07 2.14262e+06 -0.000649459 0.00340165 -0.00329552 0.00359515 0.015135 0.000689612 0.000470907 4.12374e-05 0.108634 0.0027827 6.02338 0.228551 85.6237 15.0852 1068.12 75.9963 1159.77 85.1464 1159.77 85.1464 0.566663 0.0112198 
200 0.28 571200000 565.172 18.8793 -59.885 0.793058 4016.54 115.873 2.43753e+07 2.14262e+06 -0.000649459 0.00340165 -0.00329552 0.00359515 0.015135 0.000689612 0.000470907 4.12374e-05 0.108634 0.0027827 6.02338 0.228551 85.6237 15.0852 1068.12 75.9963 1159.77 85.1464 1159.77 85.1464 0.566663 0.0112198 
200 0.28 572000000 565.172 18.8793 -59.885 0.78512 4016.54 115.873 2.43753e+07 2.14262e+06 -0.000649459 0.00340165 -0.00329552 0.00359515 0.015135 0.000689612 0.000470907 4.11215e-05 0.108634 0.0027827 6.02338 0.228551 85.6237 15.0852 1068.12 75.9963 1159.77 85.1464 1159.77 85.1464 0.566663 0.0112198 
200 0.28 572800000 565.172 18.8793 -59.885 0.78512 4016.54 115.873 2.43753e+07 2.14262e+06 -0.000649459 0.00340165 -0.00329552 0.00359515 0.015135 0.000689612 0.000470907 4.11215e-05 0.108634 0.0027827 6.02338 0.228551 85.6237 15.0852 1068.12 75.9963 1159.77 85.1464 1159.77 85.1464 0.566663 0.0112198 
200 0.28 573600000 565.172 18.8793 -59.885 0.78512 4016.54 115.873 2.43753e+07 2.14262e+06 -0.000649459 0.00340165 -0.00329552 0.00359515 0.015135 0.000689612 0.000470907 4.10071e-05 0.108634 0.0027827 6.02338 0.228551 85.6237 15.0852 1068.12 75.9963 1159.77 85.1464 1159.77 85.1464 0.566663 0.0112198 
200 0.28 574400000 565.172 18.8793 -59.885 0.78512 4016.54 115.873 2.43753e+07 2.14262e+06 -0.000649459 0.00340165 -0.00329552 0.00359515 0.015135 0.000689612 0.000470907 4.10071e-05 0.108634 0.0027827 6.02338 0.228551 85.6237 15.0852 1068.12 75.9963 1159.77 85.1464 1159.77 85.1464 0.566663 0.0112198 
200 0.28 575200000 565.172 18.8793 -59.885 0.78512 4016.54 115.873 2.43753e+07 2.14262e+06 -0.000649459 0.00340165 -0.00329552 0.00359515 0.015135 0.000689612 0.000470907 4.08988e-05 0.108634 0.0027827 6.02338 0.228551 85.6237 15.0852 1068.12 75.9963 1159.77 85.1464 1159.77 85.1464 0.566663 0.0112198 
200 0.28 576000000 565.172 18.8793 -59.885 0.78512 4016.54 115.873 2.43753e+07 2.14262e+06 -0.000649459 0.00340165 -0.00329552 0.00359515 0.015135 0.000689612 0.000470907 4.08988e-05 0.108634 0.0027827 6.02338 0.228551 85.6237 15.0852 1068.12 75.9963 1159.77 85.1464 1159.77 85.1464 0.566663 0.0112198 
200 0.28 576800000 565.172 18.8793 -59.885 0.78512 4016.54 115.873 2.43753e+07 2.14262e+06 -0.000649459 0.00340165 -0.00329552 0.00359515 0.015135 0.000689612 0.000470907 4.07997e-05 0.108634 0.0027827 6.02338 0.228551 85.6237 15.0852 1068.12 75.9963 1159.77 85.1464 1159.77 85.1464 0.566663 0.0112198 
200 0.28 577600000 565.172 18.8793 -59.885 0.78512 4016.54 115.873 2.43753e+07 2.14262e+06 -0.000649459 0.00340165 -0.00329552 0.00359515 0.015135 0.000689612 0.000470907 4.07997e-05 0.108634 0.0027827 6.02338 0.228551 85.6237 15.0852 1068.12 75.9963 1159.77 85.1464 1159.77 85.1464 0.566663 0.0112198 
200 0.28 578400000 565.844 18.8793 -59.8758 0.791692 4006.9 112.605 2.4073e+07 1.96905e+06 -0.00073211 0.00340165 -0.0042862 0.00355958 0.0150627 0.000689612 0.000465417 4.07025e-05 0.108325 0.0027827 6.06443 0.228551 79.9638 14.7374 1095.7 78.5316 1181.73 86.6643 1181.73 86.6643 0.574895 0.0118366 
200 0.28 579200000 565.844 18.8793 -59.8758 0.791692 4006.9 112.605 2.4073e+07 1.96905e+06 -0.00073211 0.00340165 -0.0042862 0.00355958 0.0150627 0.000689612 0.000465417 4.07025e-05 0.108325 0.0027827 6.06443 0.228551 79.9638 14.7374 1095.7 78.5316 1181.73 86.6643 1181.73 86.6643 0.574895 0.0118366 
200 0.28 580000000 565.844 18.8793 -59.8758 0.791692 4006.9 112.605 2.4073e+07 1.96905e+06 -0.00073211 0.00340165 -0.0042862 0.00355958 0.0150627 0.000689612 0.000465417 4.05916e-05 0.108325 0.0027827 6.06443 0.228551 79.9638 14.7374 1095.7 78.5316 1181.73 86.6643 1181.73 86.6643 0.574895 0.0118366 
200 0.28 580800000 565.844 18.8793 -59.8758 0.791692 4006.9 112.605 2.4073e+07 1.96905e+06 -0.00073211 0.00340165 -0.0042862 0.00355958 0.0150627 0.000689612 0.000465417 4.05916e-05 0.108325 0.0027827 6.06443 0.228551 79.9638 14.7374 1095.7 78.5316 1181.73 86.6643 1181.73 86.6643 0.574895 0.0118366 
200 0.28 581600000 565.844 18.8793 -59.8758 0.791692 4006.9 112.605 2.4073e+07 1.96905e+06 -0.00073211 0.00340165 -0.0042862 0.00355958 0.0150627 0.000689612 0.000465417 4.04909e-05 0.108325 0.0027827 6.06443 0.228551 79.9638 14.7374 1095.7 78.5316 1181.73 86.6643 1181.73 86.6643 0.574895 0.0118366 
200 0.28 582400000 565.844 18.8793 -59.8758 0.791692 4006.9 112.605 2.4073e+07 1.96905e+06 -0.00073211 0.00340165 -0.0042862 0.00355958 0.0150627 0.000689612 0.000465417 4.04909e-05 0.108325 0.0027827 6.06443 0.228551 79.9638 14.7374 1095.7 78.5316 1181.73 86.6643 1181.73 86.6643 0.574895 0.0118366 
200 0.28 583200000 565.844 18.8793 -59.8758 0.791692 4006.9 112.605 2.4073e+07 1.96905e+06 -0.00073211 0.00340165 -0.0042862 0.00355958 0.0150627 0.000689612 0.000465417 4.03918e-05 0.108325 0.0027827 6.06443 0.228551 79.9638 14.7374 1095.7 78.5316 1181.73 86.6643 1181.73 86.6643 0.574895 0.0118366 
200 0.28 584000000 565.844 18.8793 -59.8758 0.791692 4006.9 112.605 2.4073e+07 1.96905e+06 -0.00073211 0.00340165 -0.0042862 0.00355958 0.0150627 0.000689612 0.000465417 4.03918e-05 0.108325 0.0027827 6.06443 0.228551 79.9638 14.7374 1095.7 78.5316 1181.73 86.6643 1181.73 86.6643 0.574895 0.0118366 
200 0.28 584800000 565.844 18.8793 -59.8758 0.787878 4006.9 112.605 2.4073e+07 1.96905e+06 -0.00073211 0.00340165 -0.0042862 0.00355958 0.0150627 0.000689612 0.000465417 4.02963e-05 0.108325 0.0027827 6.06443 0.228551 79.9638 14.7374 1095.7 78.5316 1181.73 86.6643 1181.73 86.6643 0.574895 0.0118366 
200 0.28 585600000 565.844 18.8793 -59.8758 0.787878 4006.9 112.605 2.4073e+07 1.96905e+06 -0.00073211 0.00340165 -0.0042862 0.00355958 0.0150627 0.000689612 0.000465417 4.02963e-05 0.108325 0.0027827 6.06443 0.228551 79.9638 14.7374 1095.7 78.5316 1181.73 86.6643 1181.73 86.6643 0.574895 0.0118366 
200 0.28 586400000 565.844 18.8793 -59.8758 0.787878 4006.9 112.605 2.4073e+07 1.96905e+06 -0.00073211 0.00340165 -0.0042862 0.00355958 0.0150627 0.000689612 0.000465417 4.01965e-05 0.108325 0.0027827 6.06443 0.228551 79.9638 14.7374 1095.7 78.5316 1181.73 86.6643 1181.73 86.6643 0.574895 0.0118366 
200 0.28 587200000 565.844 18.8793 -59.8758 0.787878 4006.9 112.605 2.4073e+07 1.96905e+06 -0.00073211 0.00340165 -0.0042862 0.00355958 0.0150627 0.000689612 0.000465417 4.01965e-05 0.108325 0.0027827 6.06443 0.228551 79.9638 14.7374 1095.7 78.5316 1181.73 86.6643 1181.73 86.6643 0.574895 0.0118366 
200 0.28 588000000 565.844 18.8793 -59.8758 0.787878 4006.9 112.605 2.4073e+07 1.96905e+06 -0.00073211 0.00340165 -0.0042862 0.00355958 0.0150627 0.000689612 0.000465417 4.00846e-05 0.108325 0.0027827 6.06443 0.228551 79.9638 14.7374 1095.7 78.5316 1181.73 86.6643 1181.73 86.6643 0.574895 0.0118366 
200 0.28 588800000 565.844 18.8793 -59.8758 0.787878 4006.9 112.605 2.4073e+07 1.96905e+06 -0.00073211 0.00340165 -0.0042862 0.00355958 0.0150627 0.000689612 0.000465417 4.00846e-05 0.108325 0.0027827 6.06443 0.228551 79.9638 14.7374 1095.7 78.5316 1181.73 86.6643 1181.73 86.6643 0.574895 0.0118366 
200 0.28 589600000 565.844 18.8793 -59.8758 0.787878 4006.9 112.605 2.4073e+07 1.96905e+06 -0.00073211 0.00340165 -0.0042862 0.00355958 0.0150627 0.000689612 0.000465417 3.99791e-05 0.108325 0.0027827 6.06443 0.228551 79.9638 14.7374 1095.7 78.5316 1181.73 86.6643 1181.73 86.6643 0.574895 0.0118366 
200 0.28 590400000 565.844 18.8793 -59.8758 0.787878 4006.9 112.605 2.4073e+07 1.96905e+06 -0.00073211 0.00340165 -0.0042862 0.00355958 0.0150627 0.000689612 0.000465417 3.99791e-05 0.108325 0.0027827 6.06443 0.228551 79.9638 14.7374 1095.7 78.5316 1181.73 86.6643 1181.73 86.6643 0.574895 0.0118366 
200 0.28 591200000 565.844 18.8793 -59.8758 0.780691 4006.9 112.288 2.4073e+07 1.96905e+06 -0.00073211 0.00340165 -0.0042862 0.00349021 0.0150627 0.000689612 0.000465417 3.98812e-05 0.108325 0.0027827 6.06443 0.228551 79.9638 14.7374 1095.7 77.0858 1181.73 85.1047 1181.73 85.1047 0.574895 0.0118366 
200 0.28 592000000 565.844 18.8793 -59.8758 0.780691 4006.9 112.288 2.4073e+07 1.96905e+06 -0.00073211 0.00340165 -0.0042862 0.00349021 0.0150627 0.000689612 0.000465417 3.98812e-05 0.108325 0.0027827 6.06443 0.228551 79.9638 14.7374 1095.7 77.0858 1181.73 85.1047 1181.73 85.1047 0.574895 0.0118366 
200 0.28 592800000 565.844 18.8793 -59.8758 0.780691 4006.9 112.288 2.4073e+07 1.96905e+06 -0.00073211 0.00340165 -0.0042862 0.00349021 0.0150627 0.000689612 0.000465417 3.97778e-05 0.108325 0.0027827 6.06443 0.228551 79.9638 14.7374 1095.7 77.0858 1181.73 85.1047 1181.73 85.1047 0.574895 0.0118366 
200 0.28 593600000 565.844 18.8793 -59.8758 0.780691 4006.9 112.288 2.4073e+07 1.96905e+06 -0.00073211 0.00340165 -0.0042862 0.00349021 0.0150627 0.000689612 0.000465417 3.97778e-05 0.108325 0.0027827 6.06443 0.228551 79.9638 14.7374 1095.7 77.0858 1181.73 85.1047 1181.73 85.1047 0.574895 0.0118366 
200 0.28 594400000 565.844 18.8793 -59.8758 0.780691 4006.9 112.288 2.4073e+07 1.96905e+06 -0.00073211 0.00340165 -0.0042862 0.00349021 0.0150627 0.000689612 0.000465417 3.96872e-05 0.108325 0.0027827 6.06443 0.228551 79.9638 14.7374 1095.7 77.0858 1181.73 85.1047 1181.73 85.1047 0.574895 0.0118366 
200 0.28 595200000 565.844 18.8793 -59.8758 0.780691 4006.9 112.288 2.4073e+07 1.96905e+06 -0.00073211 0.00340165 -0.0042862 0.00349021 0.0150627 0.000689612 0.000465417 3.99188e-05 0.108325 0.0027827 6.06443 0.228551 79.9638 14.7374 1095.7 77.0858 1181.73 85.1047 1181.73 85.1047 0.574895 0.0118366 
200 0.28 596000000 565.844 18.8793 -59.8758 0.780691 4006.9 112.288 2.4073e+07 1.96905e+06 -0.00073211 0.00340165 -0.0042862 0.00349021 0.0150627 0.000689612 0.000465417 4.09754e-05 0.108325 0.0027827 6.06443 0.228551 79.9638 14.7374 1095.7 77.0858 1181.73 85.1047 1181.73 85.1047 0.574895 0.0118366 
200 0.28 596800000 565.844 18.8793 -59.8758 0.780691 4006.9 112.288 2.4073e+07 1.96905e+06 -0.00073211 0.00340165 -0.0042862 0.00349021 0.0150627 0.000689612 0.000465417 4.09754e-05 0.108325 0.0027827 6.06443 0.228551 79.9638 14.7374 1095.7 77.0858 1181.73 85.1047 1181.73 85.1047 0.574895 0.0118366 
200 0.28 597600000 565.844 18.8793 -59.8758 0.772329 4006.9 112.288 2.4073e+07 1.96905e+06 -0.00073211 0.00340165 -0.0042862 0.00349021 0.0150627 0.000689612 0.000465417 4.08734e-05 0.108325 0.0027827 6.06443 0.228551 79.9638 14.7374 1095.7 77.0858 1181.73 85.1047 1181.73 85.1047 0.574895 0.0118366 
200 0.28 598400000 565.844 18.8793 -59.8758 0.772329 4006.9 112.288 2.4073e+07 1.96905e+06 -0.00073211 0.00340165 -0.0042862 0.00349021 0.0150627 0.000689612 0.000465417 4.08734e-05 0.108325 0.0027827 6.06443 0.228551 79.9638 14.7374 1095.7 77.0858 1181.73 85.1047 1181.73 85.1047 0.574895 0.0118366 
200 0.28 599200000 565.844 18.8793 -59.8758 0.772329 4006.9 112.288 2.4073e+07 1.96905e+06 -0.00073211 0.00340165 -0.0042862 0.00349021 0.0150627 0.000689612 0.000465417 4.0766e-05 0.108325 0.0027827 6.06443 0.228551 79.9638 14.7374 1095.7 77.0858 1181.73 85.1047 1181.73 85.1047 0.574895 0.0118366 
200 0.28 600000000 565.844 18.8793 -59.8758 0.772329 4006.9 112.288 2.4073e+07 1.96905e+06 -0.00073211 0.00340165 -0.0042862 0.00349021 0.0150627 0.000689612 0.000465417 4.0766e-05 0.108325 0.0027827 6.06443 0.228551 79.9638 14.7374 1095.7 77.0858 1181.73 85.1047 1181.73 85.1047 0.574895 0.0118366 
200 0.28 600800000 565.844 18.8793 -59.8758 0.772329 4006.9 112.288 2.4073e+07 1.96905e+06 -0.00073211 0.00340165 -0.0042862 0.00349021 0.0150627 0.000689612 0.000465417 4.06939e-05 0.108325 0.0027827 6.06443 0.228551 79.9638 14.7374 1095.7 77.0858 1181.73 85.1047 1181.73 85.1047 0.574895 0.0118366 
200 0.28 601600000 565.844 18.8793 -59.8758 0.772329 4006.9 112.288 2.4073e+07 1.96905e+06 -0.00073211 0.00340165 -0.0042862 0.00349021 0.0150627 0.000689612 0.000465417 4.06939e-05 0.108325 0.0027827 6.06443 0.228551 79.9638 14.7374 1095.7 77.0858 1181.73 85.1047 1181.73 85.1047 0.574895 0.0118366 
200 0.28 602400000 565.844 18.8793 -59.8758 0.772329 4006.9 112.288 2.4073e+07 1.96905e+06 -0.00073211 0.00340165 -0.0042862 0.00349021 0.0150627 0.000689612 0.000465417 4.07195e-05 0.108325 0.0027827 6.06443 0.228551 79.9638 14.7374 1095.7 77.0858 1181.73 85.1047 1181.73 85.1047 0.574895 0.0118366 
200 0.28 603200000 565.844 18.8793 -59.8758 0.772329 4006.9 112.288 2.4073e+07 1.96905e+06 -0.00073211 0.00340165 -0.0042862 0.00349021 0.0150627 0.000689612 0.000465417 4.07195e-05 0.108325 0.0027827 6.06443 0.228551 79.9638 14.7374 1095.7 77.0858 1181.73 85.1047 1181.73 85.1047 0.574895 0.0118366 
200 0.28 604000000 565.844 18.8793 -59.8758 0.763941 4006.9 109.944 2.4073e+07 1.96905e+06 -0.00073211 0.00340165 -0.0042862 0.00350095 0.0150627 0.000689612 0.000465417 4.07162e-05 0.108325 0.0027827 6.06443 0.228551 79.9638 14.7374 1095.7 75.5906 1181.73 84.4161 1181.73 84.4161 0.574895 0.0118366 
200 0.28 604800000 565.844 18.8793 -59.8758 0.763941 4006.9 109.944 2.4073e+07 1.96905e+06 -0.00073211 0.00340165 -0.0042862 0.00350095 0.0150627 0.000689612 0.000465417 4.07162e-05 0.108325 0.0027827 6.06443 0.228551 79.9638 14.7374 1095.7 75.5906 1181.73 84.4161 1181.73 84.4161 0.574895 0.0118366 
200 0.28 605600000 565.844 18.8793 -59.8758 0.763941 4006.9 109.944 2.4073e+07 1.96905e+06 -0.00073211 0.00340165 -0.0042862 0.00350095 0.0150627 0.000689612 0.000465417 4.06828e-05 0.108325 0.0027827 6.06443 0.228551 79.9638 14.7374 1095.7 75.5906 1181.73 84.4161 1181.73 84.4161 0.574895 0.0118366 
200 0.28 606400000 565.844 18.8793 -59.8758 0.763941 4006.9 109.944 2.4073e+07 1.96905e+06 -0.00073211 0.00340165 -0.0042862 0.00350095 0.0150627 0.000689612 0.000465417 4.06828e-05 0.108325 0.0027827 6.06443 0.228551 79.9638 14.7374 1095.7 75.5906 1181.73 84.4161 1181.73 84.4161 0.574895 0.0118366 
200 0.28 607200000 565.844 18.8793 -59.8758 0.763941 4006.9 109.944 2.4073e+07 1.96905e+06 -0.00073211 0.00340165 -0.0042862 0.00350095 0.0150627 0.000689612 0.000465417 4.05781e-05 0.108325 0.0027827 6.06443 0.228551 79.9638 14.7374 1095.7 75.5906 1181.73 84.4161 1181.73 84.4161 0.574895 0.0118366 
200 0.28 608000000 565.844 18.8793 -59.8758 0.763941 4006.9 109.944 2.4073e+07 1.96905e+06 -0.00073211 0.00340165 -0.0042862 0.00350095 0.0150627 0.000689612 0.000465417 4.05781e-05 0.108325 0.0027827 6.06443 0.228551 79.9638 14.7374 1095.7 75.5906 1181.73 84.4161 1181.73 84.4161 0.574895 0.0118366 
200 0.28 608800000 565.844 18.8793 -59.8758 0.763941 4006.9 109.944 2.4073e+07 1.96905e+06 -0.00073211 0.00340165 -0.0042862 0.00350095 0.0150627 0.000689612 0.000465417 4.04821e-05 0.108325 0.0027827 6.06443 0.228551 79.9638 14.7374 1095.7 75.5906 1181.73 84.4161 1181.73 84.4161 0.574895 0.0118366 
200 0.28 609600000 565.844 18.8793 -59.8758 0.763941 4006.9 109.944 2.4073e+07 1.96905e+06 -0.00073211 0.00340165 -0.0042862 0.00350095 0.0150627 0.000689612 0.000465417 4.04821e-05 0.108325 0.0027827 6.06443 0.228551 79.9638 14.7374 1095.7 75.5906 1181.73 84.4161 1181.73 84.4161 0.574895 0.0118366 
200 0.28 610400000 565.844 18.8793 -59.8758 0.755867 4006.9 109.944 2.4073e+07 1.96905e+06 -0.00073211 0.00340165 -0.0042862 0.00350095 0.0150627 0.000689612 0.000465417 4.03867e-05 0.108325 0.0027827 6.06443 0.228551 79.9638 14.7374 1095.7 75.5906 1181.73 84.4161 1181.73 84.4161 0.574895 0.0118366 
200 0.28 611200000 565.844 18.8793 -59.8758 0.755867 4006.9 109.944 2.4073e+07 1.96905e+06 -0.00073211 0.00340165 -0.0042862 0.00350095 0.0150627 0.000689612 0.000465417 4.03867e-05 0.108325 0.0027827 6.06443 0.228551 79.9638 14.7374 1095.7 75.5906 1181.73 84.4161 1181.73 84.4161 0.574895 0.0118366 
200 0.28 612000000 565.844 18.8793 -59.8758 0.755867 4006.9 109.944 2.4073e+07 1.96905e+06 -0.00073211 0.00340165 -0.0042862 0.00350095 0.0150627 0.000689612 0.000465417 4.02785e-05 0.108325 0.0027827 6.06443 0.228551 79.9638 14.7374 1095.7 75.5906 1181.73 84.4161 1181.73 84.4161 0.574895 0.0118366 
200 0.28 612800000 565.844 18.8793 -59.8758 0.755867 4006.9 109.944 2.4073e+07 1.96905e+06 -0.00073211 0.00340165 -0.0042862 0.00350095 0.0150627 0.000689612 0.000465417 4.02785e-05 0.108325 0.0027827 6.06443 0.228551 79.9638 14.7374 1095.7 75.5906 1181.73 84.4161 1181.73 84.4161 0.574895 0.0118366 
200 0.28 613600000 565.844 18.8793 -59.8758 0.755867 4006.9 109.944 2.4073e+07 1.96905e+06 -0.00073211 0.00340165 -0.0042862 0.00350095 0.0150627 0.000689612 0.000465417 4.01728e-05 0.108325 0.0027827 6.06443 0.228551 79.9638 14.7374 1095.7 75.5906 1181.73 84.4161 1181.73 84.4161 0.574895 0.0118366 
200 0.28 614400000 565.844 18.8793 -59.8758 0.755867 4006.9 109.944 2.4073e+07 1.96905e+06 -0.00073211 0.00340165 -0.0042862 0.00350095 0.0150627 0.000689612 0.000465417 4.01728e-05 0.108325 0.0027827 6.06443 0.228551 79.9638 14.7374 1095.7 75.5906 1181.73 84.4161 1181.73 84.4161 0.574895 0.0118366 
200 0.28 615200000 565.844 18.8793 -59.8758 0.755867 4006.9 109.944 2.4073e+07 1.96905e+06 -0.00073211 0.00340165 -0.0042862 0.00350095 0.0150627 0.000689612 0.000465417 4.00755e-05 0.108325 0.0027827 6.06443 0.228551 79.9638 14.7374 1095.7 75.5906 1181.73 84.4161 1181.73 84.4161 0.574895 0.0118366 
200 0.28 616000000 565.844 18.8793 -59.8758 0.755867 4006.9 109.944 2.4073e+07 1.96905e+06 -0.00073211 0.00340165 -0.0042862 0.00350095 0.0150627 0.000689612 0.000465417 4.00755e-05 0.108325 0.0027827 6.06443 0.228551 79.9638 14.7374 1095.7 75.5906 1181.73 84.4161 1181.73 84.4161 0.574895 0.0118366 
200 0.28 616800000 565.844 18.8793 -59.8758 0.748212 4006.9 107.705 2.4073e+07 1.96905e+06 -0.00073211 0.00340165 -0.0042862 0.00343896 0.0150627 0.000689612 0.000465417 3.99807e-05 0.108325 0.0027827 6.06443 0.228551 79.9638 14.7374 1095.7 74.1698 1181.73 84.4161 1181.73 84.4161 0.574895 0.0118366 
200 0.28 617600000 565.844 18.8793 -59.8758 0.748212 4006.9 107.705 2.4073e+07 1.96905e+06 -0.00073211 0.00340165 -0.0042862 0.00343896 0.0150627 0.000689612 0.000465417 3.99807e-05 0.108325 0.0027827 6.06443 0.228551 79.9638 14.7374 1095.7 74.1698 1181.73 84.4161 1181.73 84.4161 0.574895 0.0118366 
200 0.28 618400000 565.844 18.8793 -59.8758 0.748212 4006.9 107.705 2.4073e+07 1.96905e+06 -0.00073211 0.00340165 -0.0042862 0.00343896 0.0150627 0.000689612 0.000465417 3.98825e-05 0.108325 0.0027827 6.06443 0.228551 79.9638 14.7374 1095.7 74.1698 1181.73 84.4161 1181.73 84.4161 0.574895 0.0118366 
200 0.28 619200000 565.844 18.8793 -59.8758 0.748212 4006.9 107.705 2.4073e+07 1.96905e+06 -0.00073211 0.00340165 -0.0042862 0.00343896 0.0150627 0.000689612 0.000465417 3.98825e-05 0.108325 0.0027827 6.06443 0.228551 79.9638 14.7374 1095.7 74.1698 1181.73 84.4161 1181.73 84.4161 0.574895 0.0118366 
200 0.28 620000000 565.844 18.8793 -59.8758 0.748212 4006.9 107.705 2.4073e+07 1.96905e+06 -0.00073211 0.00340165 -0.0042862 0.00343896 0.0150627 0.000689612 0.000465417 3.97928e-05 0.108325 0.0027827 6.06443 0.228551 79.9638 14.7374 1095.7 74.1698 1181.73 84.4161 1181.73 84.4161 0.574895 0.0118366 
200 0.28 620800000 565.844 18.8793 -59.8758 0.748212 4006.9 107.705 2.4073e+07 1.96905e+06 -0.00073211 0.00340165 -0.0042862 0.00343896 0.0150627 0.000689612 0.000465417 3.97928e-05 0.108325 0.0027827 6.06443 0.228551 79.9638 14.7374 1095.7 74.1698 1181.73 84.4161 1181.73 84.4161 0.574895 0.0118366 
200 0.28 621600000 565.844 18.8793 -59.8758 0.748212 4006.9 107.705 2.4073e+07 1.96905e+06 -0.00073211 0.00340165 -0.0042862 0.00343896 0.0150627 0.000689612 0.000465417 3.97432e-05 0.108325 0.0027827 6.06443 0.228551 79.9638 14.7374 1095.7 74.1698 1181.73 84.4161 1181.73 84.4161 0.574895 0.0118366 
200 0.28 622400000 565.844 18.8793 -59.8758 0.748212 4006.9 107.705 2.4073e+07 1.96905e+06 -0.00073211 0.00340165 -0.0042862 0.00343896 0.0150627 0.000689612 0.000465417 3.97432e-05 0.108325 0.0027827 6.06443 0.228551 79.9638 14.7374 1095.7 74.1698 1181.73 84.4161 1181.73 84.4161 0.574895 0.0118366 
200 0.28 623200000 565.844 18.8793 -59.8758 0.742236 4006.9 107.705 2.4073e+07 1.96905e+06 -0.00073211 0.00340165 -0.0042862 0.00343896 0.0150627 0.000689612 0.000465417 3.96522e-05 0.108325 0.0027827 6.06443 0.228551 79.9638 14.7374 1095.7 74.1698 1181.73 84.4161 1181.73 84.4161 0.574895 0.0118366 
200 0.28 624000000 565.844 18.8793 -59.8758 0.742236 4006.9 107.705 2.4073e+07 1.96905e+06 -0.00073211 0.00340165 -0.0042862 0.00343896 0.0150627 0.000689612 0.000465417 3.96522e-05 0.108325 0.0027827 6.06443 0.228551 79.9638 14.7374 1095.7 74.1698 1181.73 84.4161 1181.73 84.4161 0.574895 0.0118366 
200 0.28 624800000 565.844 18.8793 -59.8758 0.742236 4006.9 107.705 2.4073e+07 1.96905e+06 -0.00073211 0.00340165 -0.0042862 0.00343896 0.0150627 0.000689612 0.000465417 3.95618e-05 0.108325 0.0027827 6.06443 0.228551 79.9638 14.7374 1095.7 74.1698 1181.73 84.4161 1181.73 84.4161 0.574895 0.0118366 
200 0.28 625600000 565.844 18.8793 -59.8758 0.742236 4006.9 107.705 2.4073e+07 1.96905e+06 -0.00073211 0.00340165 -0.0042862 0.00343896 0.0150627 0.000689612 0.000465417 3.95618e-05 0.108325 0.0027827 6.06443 0.228551 79.9638 14.7374 1095.7 74.1698 1181.73 84.4161 1181.73 84.4161 0.574895 0.0118366 
200 0.28 626400000 565.844 18.8793 -59.8758 0.742236 4006.9 107.705 2.4073e+07 1.96905e+06 -0.00073211 0.00340165 -0.0042862 0.00343896 0.0150627 0.000689612 0.000465417 3.94768e-05 0.108325 0.0027827 6.06443 0.228551 79.9638 14.7374 1095.7 74.1698 1181.73 84.4161 1181.73 84.4161 0.574895 0.0118366 
200 0.28 627200000 565.844 18.8793 -59.8758 0.742236 4006.9 107.705 2.4073e+07 1.96905e+06 -0.00073211 0.00340165 -0.0042862 0.00343896 0.0150627 0.000689612 0.000465417 3.94768e-05 0.108325 0.0027827 6.06443 0.228551 79.9638 14.7374 1095.7 74.1698 1181.73 84.4161 1181.73 84.4161 0.574895 0.0118366 
200 0.28 628000000 565.844 18.8793 -59.8758 0.742236 4006.9 107.705 2.4073e+07 1.96905e+06 -0.00073211 0.00340165 -0.0042862 0.00343896 0.0150627 0.000689612 0.000465417 3.93767e-05 0.108325 0.0027827 6.06443 0.228551 79.9638 14.7374 1095.7 74.1698 1181.73 84.4161 1181.73 84.4161 0.574895 0.0118366 
200 0.28 628800000 565.844 18.8793 -59.8758 0.742236 4006.9 107.705 2.4073e+07 1.96905e+06 -0.00073211 0.00340165 -0.0042862 0.00343896 0.0150627 0.000689612 0.000465417 3.93767e-05 0.108325 0.0027827 6.06443 0.228551 79.9638 14.7374 1095.7 74.1698 1181.73 84.4161 1181.73 84.4161 0.574895 0.0118366 
200 0.28 629600000 562.943 16.06 -59.7428 0.736845 3979.34 105.589 2.35906e+07 1.86313e+06 -0.00150112 0.00312056 -0.00477601 0.00337764 0.0150705 0.000577689 0.0004684 3.92742e-05 0.108316 0.00233705 6.06657 0.194496 79.1909 13.5295 1092.13 72.9845 1177.39 80.7166 1177.39 80.7166 0.574162 0.0108729 
200 0.28 630400000 562.943 16.06 -59.7428 0.736845 3979.34 105.589 2.35906e+07 1.86313e+06 -0.00150112 0.00312056 -0.00477601 0.00337764 0.0150705 0.000577689 0.0004684 3.92742e-05 0.108316 0.00233705 6.06657 0.194496 79.1909 13.5295 1092.13 72.9845 1177.39 80.7166 1177.39 80.7166 0.574162 0.0108729 
200 0.28 631200000 562.943 16.06 -59.7428 0.736845 3979.34 105.589 2.35906e+07 1.86313e+06 -0.00150112 0.00312866 -0.00477601 0.00337764 0.0150705 0.000577689 0.0004684 3.91742e-05 0.108316 0.00233705 6.06657 0.194496 79.1909 13.5295 1092.13 72.9845 1177.39 80.7166 1177.39 80.7166 0.574162 0.0108729 
200 0.28 632000000 562.943 16.06 -59.7428 0.736845 3979.34 105.589 2.35906e+07 1.86313e+06 -0.00150112 0.00312866 -0.00477601 0.00337764 0.0150705 0.000577689 0.0004684 3.91742e-05 0.108316 0.00233705 6.06657 0.194496 79.1909 13.5295 1092.13 72.9845 1177.39 80.7166 1177.39 80.7166 0.574162 0.0108729 
200 0.28 632800000 562.943 16.06 -59.7428 0.736845 3979.34 105.589 2.35906e+07 1.86313e+06 -0.00150112 0.00312129 -0.00477601 0.00337764 0.0150705 0.000577689 0.0004684 3.90736e-05 0.108316 0.00233705 6.06657 0.194496 79.1909 13.5295 1092.13 72.9845 1177.39 80.7166 1177.39 80.7166 0.574162 0.0108729 
200 0.28 633600000 562.943 16.06 -59.7428 0.736845 3979.34 105.589 2.35906e+07 1.86313e+06 -0.00150112 0.00312129 -0.00477601 0.00337764 0.0150705 0.000577689 0.0004684 3.90736e-05 0.108316 0.00233705 6.06657 0.194496 79.1909 13.5295 1092.13 72.9845 1177.39 80.7166 1177.39 80.7166 0.574162 0.0108729 
200 0.28 634400000 562.943 16.06 -59.7428 0.736845 3979.34 105.589 2.35906e+07 1.86313e+06 -0.00150112 0.00311379 -0.00477601 0.00337764 0.0150705 0.000577689 0.0004684 3.89866e-05 0.108316 0.00233705 6.06657 0.194496 79.1909 13.5295 1092.13 72.9845 1177.39 80.7166 1177.39 80.7166 0.574162 0.0108729 
200 0.28 635200000 562.943 16.06 -59.7428 0.736845 3979.34 105.589 2.35906e+07 1.86313e+06 -0.00150112 0.00311379 -0.00477601 0.00337764 0.0150705 0.000577689 0.0004684 3.89866e-05 0.108316 0.00233705 6.06657 0.194496 79.1909 13.5295 1092.13 72.9845 1177.39 80.7166 1177.39 80.7166 0.574162 0.0108729 
200 0.28 636000000 562.943 16.06 -59.7428 0.746783 3979.34 105.589 2.35906e+07 1.86313e+06 -0.00150112 0.00310796 -0.00477601 0.00337764 0.0150705 0.000577689 0.0004684 3.89031e-05 0.108316 0.00233705 6.06657 0.194496 79.1909 13.5295 1092.13 72.9845 1177.39 80.7166 1177.39 80.7166 0.574162 0.0108729 
200 0.28 636800000 562.943 16.06 -59.7428 0.746783 3979.34 105.589 2.35906e+07 1.86313e+06 -0.00150112 0.00310796 -0.00477601 0.00337764 0.0150705 0.000577689 0.0004684 3.89031e-05 0.108316 0.00233705 6.06657 0.194496 79.1909 13.5295 1092.13 72.9845 1177.39 80.7166 1177.39 80.7166 0.574162 0.0108729 
200 0.28 637600000 562.943 16.06 -59.7428 0.746783 3979.34 105.589 2.35906e+07 1.86313e+06 -0.00150112 0.00309998 -0.00477601 0.00337764 0.0150705 0.000577689 0.0004684 3.88085e-05 0.108316 0.00233705 6.06657 0.194496 79.1909 13.5295 1092.13 72.9845 1177.39 80.7166 1177.39 80.7166 0.574162 0.0108729 
200 0.28 638400000 562.943 16.06 -59.7428 0.746783 3979.34 105.589 2.35906e+07 1.86313e+06 -0.00150112 0.00309998 -0.00477601 0.00337764 0.0150705 0.000577689 0.0004684 3.88085e-05 0.108316 0.00233705 6.06657 0.194496 79.1909 13.5295 1092.13 72.9845 1177.39 80.7166 1177.39 80.7166 0.574162 0.0108729 
200 0.28 639200000 562.943 16.06 -59.7428 0.746783 3979.34 105.589 2.35906e+07 1.86313e+06 -0.00150112 0.00309203 -0.00477601 0.00337764 0.0150705 0.000577689 0.0004684 3.87259e-05 0.108316 0.00233705 6.06657 0.194496 79.1909 13.5295 1092.13 72.9845 1177.39 80.7166 1177.39 80.7166 0.574162 0.0108729 
200 0.28 640000000 562.943 16.06 -59.7428 0.746783 3979.34 105.589 2.35906e+07 1.86313e+06 -0.00150112 0.00309203 -0.00477601 0.00337764 0.0150705 0.000577689 0.0004684 3.87259e-05 0.108316 0.00233705 6.06657 0.194496 79.1909 13.5295 1092.13 72.9845 1177.39 80.7166 1177.39 80.7166 0.574162 0.0108729 
200 0.28 640800000 562.943 16.06 -59.7428 0.746783 3979.34 105.589 2.35906e+07 1.86313e+06 -0.00150112 0.00308443 -0.00477601 0.00337764 0.0150705 0.000577689 0.0004684 3.86448e-05 0.108316 0.00233705 6.06657 0.194496 79.1909 13.5295 1092.13 72.9845 1177.39 80.7166 1177.39 80.7166 0.574162 0.0108729 
200 0.28 641600000 562.943 16.06 -59.7428 0.746783 3979.34 105.589 2.35906e+07 1.86313e+06 -0.00150112 0.00308443 -0.00477601 0.00337764 0.0150705 0.000577689 0.0004684 3.86448e-05 0.108316 0.00233705 6.06657 0.194496 79.1909 13.5295 1092.13 72.9845 1177.39 80.7166 1177.39 80.7166 0.574162 0.0108729 
200 0.28 642400000 562.943 15.8703 -59.7428 0.755215 3979.34 108.551 2.35906e+07 1.86313e+06 -0.00150112 0.00308112 -0.00477601 0.00332537 0.0150705 0.000577689 0.0004684 3.85498e-05 0.108316 0.00233705 6.06657 0.194496 79.1909 13.5295 1092.13 71.4967 1177.39 79.088 1177.39 79.088 0.574162 0.0108729 
200 0.28 643200000 562.943 15.8703 -59.7428 0.755215 3979.34 108.551 2.35906e+07 1.86313e+06 -0.00150112 0.00308112 -0.00477601 0.00332537 0.0150705 0.000577689 0.0004684 3.85498e-05 0.108316 0.00233705 6.06657 0.194496 79.1909 13.5295 1092.13 71.4967 1177.39 79.088 1177.39 79.088 0.574162 0.0108729 
200 0.28 644000000 562.943 15.8703 -59.7428 0.755215 3979.34 108.551 2.35906e+07 1.86313e+06 -0.00150112 0.00307351 -0.00477601 0.00332537 0.0150705 0.000577689 0.0004684 3.84668e-05 0.108316 0.00233705 6.06657 0.194496 79.1909 13.5295 1092.13 71.4967 1177.39 79.088 1177.39 79.088 0.574162 0.0108729 
200 0.28 644800000 562.943 15.8703 -59.7428 0.755215 3979.34 108.551 2.35906e+07 1.86313e+06 -0.00150112 0.00307351 -0.00477601 0.00332537 0.0150705 0.000577689 0.0004684 3.84668e-05 0.108316 0.00233705 6.06657 0.194496 79.1909 13.5295 1092.13 71.4967 1177.39 79.088 1177.39 79.088 0.574162 0.0108729 
200 0.28 645600000 562.943 15.8703 -59.7428 0.755215 3979.34 108.551 2.35906e+07 1.86313e+06 -0.00150112 0.00307613 -0.00477601 0.00332537 0.0150705 0.000577689 0.0004684 3.8372e-05 0.108316 0.00233705 6.06657 0.194496 79.1909 13.5295 1092.13 71.4967 1177.39 79.088 1177.39 79.088 0.574162 0.0108729 
200 0.28 646400000 562.943 15.8703 -59.7428 0.755215 3979.34 108.551 2.35906e+07 1.86313e+06 -0.00150112 0.00307613 -0.00477601 0.00332537 0.0150705 0.000577689 0.0004684 3.8372e-05 0.108316 0.00233705 6.06657 0.194496 79.1909 13.5295 1092.13 71.4967 1177.39 79.088 1177.39 79.088 0.574162 0.0108729 
200 0.28 647200000 562.943 15.8703 -59.7428 0.755215 3979.34 108.551 2.35906e+07 1.86313e+06 -0.00150112 0.00306865 -0.00477601 0.00332537 0.0150705 0.000577689 0.0004684 3.82776e-05 0.108316 0.00233705 6.06657 0.194496 79.1909 13.5295 1092.13 71.4967 1177.39 79.088 1177.39 79.088 0.574162 0.0108729 
200 0.28 648000000 562.943 15.8703 -59.7428 0.755215 3979.34 108.551 2.35906e+07 1.86313e+06 -0.00150112 0.00306865 -0.00477601 0.00332537 0.0150705 0.000577689 0.0004684 3.82776e-05 0.108316 0.00233705 6.06657 0.194496 79.1909 13.5295 1092.13 71.4967 1177.39 79.088 1177.39 79.088 0.574162 0.0108729 
200 0.28 648800000 562.943 15.8703 -59.7428 0.755215 3979.34 108.551 2.35906e+07 1.86313e+06 -0.00150112 0.00306091 -0.00477601 0.00332537 0.0150705 0.000577689 0.0004684 3.81976e-05 0.108316 0.00233705 6.06657 0.194496 79.1909 13.5295 1092.13 71.4967 1177.39 79.088 1177.39 79.088 0.574162 0.0108729 
200 0.28 649600000 562.943 15.8703 -59.7428 0.755215 3979.34 108.551 2.35906e+07 1.86313e+06 -0.00150112 0.00306091 -0.00477601 0.00332537 0.0150705 0.000577689 0.0004684 3.81976e-05 0.108316 0.00233705 6.06657 0.194496 79.1909 13.5295 1092.13 71.4967 1177.39 79.088 1177.39 79.088 0.574162 0.0108729 
200 0.28 650400000 562.943 15.8703 -59.7428 0.755215 3979.34 108.551 2.35906e+07 1.86313e+06 -0.00150112 0.00306241 -0.00477601 0.00332537 0.0150705 0.000577689 0.0004684 3.81113e-05 0.108316 0.00233705 6.06657 0.194496 79.1909 13.5295 1092.13 71.4967 1177.39 79.088 1177.39 79.088 0.574162 0.0108729 
200 0.28 651200000 562.943 15.8703 -59.7428 0.755215 3979.34 108.551 2.35906e+07 1.86313e+06 -0.00150112 0.00306241 -0.00477601 0.00332537 0.0150705 0.000577689 0.0004684 3.81113e-05 0.108316 0.00233705 6.06657 0.194496 79.1909 13.5295 1092.13 71.4967 1177.39 79.088 1177.39 79.088 0.574162 0.0108729 
200 0.28 652000000 562.943 15.8703 -59.7428 0.755215 3979.34 108.551 2.35906e+07 1.86313e+06 -0.00150112 0.00305796 -0.00477601 0.00332537 0.0150705 0.000577689 0.0004684 3.80241e-05 0.108316 0.00233705 6.06657 0.194496 79.1909 13.5295 1092.13 71.4967 1177.39 79.088 1177.39 79.088 0.574162 0.0108729 
200 0.28 652800000 562.943 15.8703 -59.7428 0.755215 3979.34 108.551 2.35906e+07 1.86313e+06 -0.00150112 0.00305796 -0.00477601 0.00332537 0.0150705 0.000577689 0.0004684 3.80241e-05 0.108316 0.00233705 6.06657 0.194496 79.1909 13.5295 1092.13 71.4967 1177.39 79.088 1177.39 79.088 0.574162 0.0108729 
200 0.28 653600000 562.943 15.8703 -59.7428 0.755215 3979.34 108.551 2.35906e+07 1.86313e+06 -0.00150112 0.00305043 -0.00477601 0.00332537 0.0150705 0.000577689 0.0004684 3.7934e-05 0.108316 0.00233705 6.06657 0.194496 79.1909 13.5295 1092.13 71.4967 1177.39 79.088 1177.39 79.088 0.574162 0.0108729 
200 0.28 654400000 562.943 15.8703 -59.7428 0.755215 3979.34 108.551 2.35906e+07 1.86313e+06 -0.00150112 0.00305043 -0.00477601 0.00332537 0.0150705 0.000577689 0.0004684 3.7934e-05 0.108316 0.00233705 6.06657 0.194496 79.1909 13.5295 1092.13 71.4967 1177.39 79.088 1177.39 79.088 0.574162 0.0108729 
200 0.28 655200000 562.943 15.9458 -59.7428 0.740141 3979.34 106.382 2.35906e+07 1.86313e+06 -0.00150112 0.00304362 -0.00477601 0.00328976 0.0150705 0.000577689 0.0004684 3.78553e-05 0.108316 0.00233705 6.06657 0.194496 79.1909 13.5295 1092.13 70.218 1177.39 77.6126 1177.39 77.6126 0.574162 0.0108729 
200 0.28 656000000 562.943 15.9458 -59.7428 0.740141 3979.34 106.382 2.35906e+07 1.86313e+06 -0.00150112 0.00304362 -0.00477601 0.00328976 0.0150705 0.000577689 0.0004684 3.78553e-05 0.108316 0.00233705 6.06657 0.194496 79.1909 13.5295 1092.13 70.218 1177.39 77.6126 1177.39 77.6126 0.574162 0.0108729 
200 0.28 656800000 562.943 15.9458 -59.7428 0.740141 3979.34 106.382 2.35906e+07 1.86313e+06 -0.00150112 0.00303632 -0.00477601 0.00328976 0.0150705 0.000577689 0.0004684 3.77704e-05 0.108316 0.00233705 6.06657 0.194496 79.1909 13.5295 1092.13 70.218 1177.39 77.6126 1177.39 77.6126 0.574162 0.0108729 
200 0.28 657600000 562.943 15.9458 -59.7428 0.740141 3979.34 106.382 2.35906e+07 1.86313e+06 -0.00150112 0.00303632 -0.00477601 0.00328976 0.0150705 0.000577689 0.0004684 3.77704e-05 0.108316 0.00233705 6.06657 0.194496 79.1909 13.5295 1092.13 70.218 1177.39 77.6126 1177.39 77.6126 0.574162 0.0108729 
200 0.28 658400000 562.943 15.9458 -59.7428 0.740141 3979.34 106.382 2.35906e+07 1.86313e+06 -0.00150112 0.00302967 -0.00477601 0.00328976 0.0150705 0.000577689 0.0004684 3.76882e-05 0.108316 0.00233705 6.06657 0.194496 79.1909 13.5295 1092.13 70.218 1177.39 77.6126 1177.39 77.6126 0.574162 0.0108729 
200 0.28 659200000 562.943 15.9458 -59.7428 0.740141 3979.34 106.382 2.35906e+07 1.86313e+06 -0.00150112 0.00302967 -0.00477601 0.00328976 0.0150705 0.000577689 0.0004684 3.76882e-05 0.108316 0.00233705 6.06657 0.194496 79.1909 13.5295 1092.13 70.218 1177.39 77.6126 1177.39 77.6126 0.574162 0.0108729 
200 0.28 660000000 562.943 15.9458 -59.7428 0.740141 3979.34 106.382 2.35906e+07 1.86313e+06 -0.00150112 0.00303483 -0.00477601 0.00328976 0.0150705 0.000577689 0.0004684 3.76454e-05 0.108316 0.00233705 6.06657 0.194496 79.1909 13.5295 1092.13 70.218 1177.39 77.6126 1177.39 77.6126 0.574162 0.0108729 
200 0.28 660800000 562.943 15.9458 -59.7428 0.740141 3979.34 106.382 2.35906e+07 1.86313e+06 -0.00150112 0.00303483 -0.00477601 0.00328976 0.0150705 0.000577689 0.0004684 3.76454e-05 0.108316 0.00233705 6.06657 0.194496 79.1909 13.5295 1092.13 70.218 1177.39 77.6126 1177.39 77.6126 0.574162 0.0108729 
200 0.28 661600000 562.943 15.9458 -59.7428 0.740141 3979.34 106.382 2.35906e+07 1.86313e+06 -0.00150112 0.00302822 -0.00477601 0.00328976 0.0150705 0.000577689 0.0004684 3.7567e-05 0.108316 0.00233705 6.06657 0.194496 79.1909 13.5295 1092.13 70.218 1177.39 77.6126 1177.39 77.6126 0.574162 0.0108729 
200 0.28 662400000 562.943 15.9458 -59.7428 0.740141 3979.34 106.382 2.35906e+07 1.86313e+06 -0.00150112 0.00302822 -0.00477601 0.00328976 0.0150705 0.000577689 0.0004684 3.7567e-05 0.108316 0.00233705 6.06657 0.194496 79.1909 13.5295 1092.13 70.218 1177.39 77.6126 1177.39 77.6126 0.574162 0.0108729 
200 0.28 663200000 562.943 15.9458 -59.7428 0.740141 3979.34 106.382 2.35906e+07 1.86313e+06 -0.00150112 0.00302395 -0.00477601 0.00328976 0.0150705 0.000577689 0.0004684 3.74752e-05 0.108316 0.00233705 6.06657 0.194496 79.1909 13.5295 1092.13 70.218 1177.39 77.6126 1177.39 77.6126 0.574162 0.0108729 
200 0.28 664000000 562.943 15.9458 -59.7428 0.740141 3979.34 106.382 2.35906e+07 1.86313e+06 -0.00150112 0.00302395 -0.00477601 0.00328976 0.0150705 0.000577689 0.0004684 3.74752e-05 0.108316 0.00233705 6.06657 0.194496 79.1909 13.5295 1092.13 70.218 1177.39 77.6126 1177.39 77.6126 0.574162 0.0108729 
200 0.28 664800000 562.943 15.9458 -59.7428 0.740141 3979.34 106.382 2.35906e+07 1.86313e+06 -0.00150112 0.00301863 -0.00477601 0.00328976 0.0150705 0.000577689 0.0004684 3.73939e-05 0.108316 0.00233705 6.06657 0.194496 79.1909 13.5295 1092.13 70.218 1177.39 77.6126 1177.39 77.6126 0.574162 0.0108729 
200 0.28 665600000 562.943 15.9458 -59.7428 0.740141 3979.34 106.382 2.35906e+07 1.86313e+06 -0.00150112 0.00301863 -0.00477601 0.00328976 0.0150705 0.000577689 0.0004684 3.73939e-05 0.108316 0.00233705 6.06657 0.194496 79.1909 13.5295 1092.13 70.218 1177.39 77.6126 1177.39 77.6126 0.574162 0.0108729 
200 0.28 666400000 562.943 15.9458 -59.7428 0.740141 3979.34 106.382 2.35906e+07 1.86313e+06 -0.00150112 0.00301155 -0.00477601 0.00328976 0.0150705 0.000577689 0.0004684 3.7303e-05 0.108316 0.00233705 6.06657 0.194496 79.1909 13.5295 1092.13 70.218 1177.39 77.6126 1177.39 77.6126 0.574162 0.0108729 
200 0.28 667200000 562.943 15.9458 -59.7428 0.740141 3979.34 106.382 2.35906e+07 1.86313e+06 -0.00150112 0.00301155 -0.00477601 0.00328976 0.0150705 0.000577689 0.0004684 3.7303e-05 0.108316 0.00233705 6.06657 0.194496 79.1909 13.5295 1092.13 70.218 1177.39 77.6126 1177.39 77.6126 0.574162 0.0108729 
200 0.28 668000000 562.943 15.9976 -59.7428 0.733908 3979.34 106.196 2.35906e+07 1.86313e+06 -0.00150112 0.00300965 -0.00477601 0.00324331 0.0150705 0.000577689 0.0004684 3.72137e-05 0.108316 0.00233705 6.06657 0.194496 79.1909 13.5295 1092.13 70.3149 1177.39 77.647 1177.39 77.647 0.574162 0.0108729 
200 0.28 668800000 562.943 15.9976 -59.7428 0.733908 3979.34 106.196 2.35906e+07 1.86313e+06 -0.00150112 0.00300965 -0.00477601 0.00324331 0.0150705 0.000577689 0.0004684 3.72137e-05 0.108316 0.00233705 6.06657 0.194496 79.1909 13.5295 1092.13 70.3149 1177.39 77.647 1177.39 77.647 0.574162 0.0108729 
200 0.28 669600000 562.943 15.9976 -59.7428 0.733908 3979.34 106.196 2.35906e+07 1.86313e+06 -0.00150112 0.00300535 -0.00477601 0.00324331 0.0150705 0.000577689 0.0004684 3.71307e-05 0.108316 0.00233705 6.06657 0.194496 79.1909 13.5295 1092.13 70.3149 1177.39 77.647 1177.39 77.647 0.574162 0.0108729 
200 0.28 670400000 562.943 15.9976 -59.7428 0.733908 3979.34 106.196 2.35906e+07 1.86313e+06 -0.00150112 0.00300535 -0.00477601 0.00324331 0.0150705 0.000577689 0.0004684 3.71307e-05 0.108316 0.00233705 6.06657 0.194496 79.1909 13.5295 1092.13 70.3149 1177.39 77.647 1177.39 77.647 0.574162 0.0108729 
200 0.28 671200000 562.943 15.9976 -59.7428 0.733908 3979.34 106.196 2.35906e+07 1.86313e+06 -0.00150112 0.00300003 -0.00477601 0.00324331 0.0150705 0.000577689 0.0004684 3.70497e-05 0.108316 0.00233705 6.06657 0.194496 79.1909 13.5295 1092.13 70.3149 1177.39 77.647 1177.39 77.647 0.574162 0.0108729 
200 0.28 672000000 562.943 15.9976 -59.7428 0.733908 3979.34 106.196 2.35906e+07 1.86313e+06 -0.00150112 0.00300003 -0.00477601 0.00324331 0.0150705 0.000577689 0.0004684 3.70497e-05 0.108316 0.00233705 6.06657 0.194496 79.1909 13.5295 1092.13 70.3149 1177.39 77.647 1177.39 77.647 0.574162 0.0108729 
200 0.28 672800000 562.943 15.9976 -59.7428 0.733908 3979.34 106.196 2.35906e+07 1.86313e+06 -0.00150112 0.00299377 -0.00477601 0.00324331 0.0150705 0.000577689 0.0004684 3.69742e-05 0.108316 0.00233705 6.06657 0.194496 79.1909 13.5295 1092.13 70.3149 1177.39 77.647 1177.39 77.647 0.574162 0.0108729 
200 0.28 673600000 562.943 15.9976 -59.7428 0.733908 3979.34 106.196 2.35906e+07 1.86313e+06 -0.00150112 0.00299377 -0.00477601 0.00324331 0.0150705 0.000577689 0.0004684 3.69742e-05 0.108316 0.00233705 6.06657 0.194496 79.1909 13.5295 1092.13 70.3149 1177.39 77.647 1177.39 77.647 0.574162 0.0108729 
200 0.28 674400000 562.943 15.9976 -59.7428 0.733908 3979.34 106.196 2.35906e+07 1.86313e+06 -0.00150112 0.00298713 -0.00477601 0.00324331 0.0150705 0.000577689 0.0004684 3.68849e-05 0.108316 0.00233705 6.06657 0.194496 79.1909 13.5295 1092.13 70.3149 1177.39 77.647 1177.39 77.647 0.574162 0.0108729 
200 0.28 675200000 562.943 15.9976 -59.7428 0.733908 3979.34 106.196 2.35906e+07 1.86313e+06 -0.00150112 0.00298713 -0.00477601 0.00324331 0.0150705 0.000577689 0.0004684 3.68849e-05 0.108316 0.00233705 6.06657 0.194496 79.1909 13.5295 1092.13 70.3149 1177.39 77.647 1177.39 77.647 0.574162 0.0108729 
200 0.28 676000000 562.943 15.9976 -59.7428 0.733908 3979.34 106.196 2.35906e+07 1.86313e+06 -0.00150112 0.00298111 -0.00477601 0.00324331 0.0150705 0.000577689 0.0004684 3.68114e-05 0.108316 0.00233705 6.06657 0.194496 79.1909 13.5295 1092.13 70.3149 1177.39 77.647 1177.39 77.647 0.574162 0.0108729 
200 0.28 676800000 562.943 15.9976 -59.7428 0.733908 3979.34 106.196 2.35906e+07 1.86313e+06 -0.00150112 0.00298111 -0.00477601 0.00324331 0.0150705 0.000577689 0.0004684 3.68114e-05 0.108316 0.00233705 6.06657 0.194496 79.1909 13.5295 1092.13 70.3149 1177.39 77.647 1177.39 77.647 0.574162 0.0108729 
200 0.28 677600000 562.943 15.9976 -59.7428 0.733908 3979.34 106.196 2.35906e+07 1.86313e+06 -0.00150112 0.00297679 -0.00477601 0.00324331 0.0150705 0.000577689 0.0004684 3.6723e-05 0.108316 0.00233705 6.06657 0.194496 79.1909 13.5295 1092.13 70.3149 1177.39 77.647 1177.39 77.647 0.574162 0.0108729 
200 0.28 678400000 562.943 15.9976 -59.7428 0.733908 3979.34 106.196 2.35906e+07 1.86313e+06 -0.00150112 0.00297679 -0.00477601 0.00324331 0.0150705 0.000577689 0.0004684 3.6723e-05 0.108316 0.00233705 6.06657 0.194496 79.1909 13.5295 1092.13 70.3149 1177.39 77.647 1177.39 77.647 0.574162 0.0108729 
200 0.28 679200000 562.943 15.9976 -59.7428 0.733908 3979.34 106.196 2.35906e+07 1.86313e+06 -0.00150112 0.00297142 -0.00477601 0.00324331 0.0150705 0.000577689 0.0004684 3.6639e-05 0.108316 0.00233705 6.06657 0.194496 79.1909 13.5295 1092.13 70.3149 1177.39 77.647 1177.39 77.647 0.574162 0.0108729 
200 0.28 680000000 562.943 15.9976 -59.7428 0.733908 3979.34 106.196 2.35906e+07 1.86313e+06 -0.00150112 0.00297142 -0.00477601 0.00324331 0.0150705 0.000577689 0.0004684 3.6639e-05 0.108316 0.00233705 6.06657 0.194496 79.1909 13.5295 1092.13 70.3149 1177.39 77.647 1177.39 77.647 0.574162 0.0108729 
200 0.28 680800000 562.303 15.904 -59.5604 0.719884 3964.23 104.163 2.364e+07 1.76305e+06 -0.00267928 0.00299548 -0.00424684 0.00318203 0.014905 0.000577689 0.000461358 3.75992e-05 0.107614 0.00233705 6.0279 0.194496 75.2758 13.043 1075.21 69.273 1156.51 76.5268 1156.51 76.5268 0.573937 0.0103117 
200 0.28 681600000 562.303 15.904 -59.5604 0.719884 3964.23 104.163 2.364e+07 1.76305e+06 -0.00267928 0.00299548 -0.00424684 0.00318203 0.014905 0.000577689 0.000461358 3.75992e-05 0.107614 0.00233705 6.0279 0.194496 75.2758 13.043 1075.21 69.273 1156.51 76.5268 1156.51 76.5268 0.573937 0.0103117 
200 0.28 682400000 562.303 15.904 -59.5604 0.719884 3964.23 104.163 2.364e+07 1.76305e+06 -0.00267928 0.00299996 -0.00424684 0.00318203 0.014905 0.000577689 0.000461358 3.75112e-05 0.107614 0.00233705 6.0279 0.194496 75.2758 13.043 1075.21 69.273 1156.51 76.5268 1156.51 76.5268 0.573937 0.0103117 
200 0.28 683200000 562.303 15.904 -59.5604 0.719884 3964.23 104.163 2.364e+07 1.76305e+06 -0.00267928 0.00299996 -0.00424684 0.00318203 0.014905 0.000577689 0.000461358 3.75112e-05 0.107614 0.00233705 6.0279 0.194496 75.2758 13.043 1075.21 69.273 1156.51 76.5268 1156.51 76.5268 0.573937 0.0103117 
200 0.28 684000000 562.303 15.904 -59.5604 0.719884 3964.23 104.163 2.364e+07 1.76305e+06 -0.00267928 0.00300239 -0.00424684 0.00318203 0.014905 0.000577689 0.000461358 3.7422e-05 0.107614 0.00233705 6.0279 0.194496 75.2758 13.043 1075.21 69.273 1156.51 76.5268 1156.51 76.5268 0.573937 0.0103117 
200 0.28 684800000 562.303 15.904 -59.5604 0.719884 3964.23 104.163 2.364e+07 1.76305e+06 -0.00267928 0.00300239 -0.00424684 0.00318203 0.014905 0.000577689 0.000461358 3.7422e-05 0.107614 0.00233705 6.0279 0.194496 75.2758 13.043 1075.21 69.273 1156.51 76.5268 1156.51 76.5268 0.573937 0.0103117 
200 0.28 685600000 562.303 15.904 -59.5604 0.719884 3964.23 104.163 2.364e+07 1.76305e+06 -0.00267928 0.00299889 -0.00424684 0.00318203 0.014905 0.000577689 0.000461358 3.73335e-05 0.107614 0.00233705 6.0279 0.194496 75.2758 13.043 1075.21 69.273 1156.51 76.5268 1156.51 76.5268 0.573937 0.0103117 
200 0.28 686400000 562.303 15.904 -59.5604 0.719884 3964.23 104.163 2.364e+07 1.76305e+06 -0.00267928 0.00299889 -0.00424684 0.00318203 0.014905 0.000577689 0.000461358 3.73335e-05 0.107614 0.00233705 6.0279 0.194496 75.2758 13.043 1075.21 69.273 1156.51 76.5268 1156.51 76.5268 0.573937 0.0103117 
200 0.28 687200000 562.303 15.904 -59.5604 0.719884 3964.23 104.163 2.364e+07 1.76305e+06 -0.00267928 0.00299368 -0.00424684 0.00318203 0.014905 0.000577689 0.000461358 3.72489e-05 0.107614 0.00233705 6.0279 0.194496 75.2758 13.043 1075.21 69.273 1156.51 76.5268 1156.51 76.5268 0.573937 0.0103117 
200 0.28 688000000 562.303 15.904 -59.5604 0.719884 3964.23 104.163 2.364e+07 1.76305e+06 -0.00267928 0.00299368 -0.00424684 0.00318203 0.014905 0.000577689 0.000461358 3.72489e-05 0.107614 0.00233705 6.0279 0.194496 75.2758 13.043 1075.21 69.273 1156.51 76.5268 1156.51 76.5268 0.573937 0.0103117 
200 0.28 688800000 562.303 15.904 -59.5604 0.719884 3964.23 104.163 2.364e+07 1.76305e+06 -0.00267928 0.00298661 -0.00424684 0.00318203 0.014905 0.000577689 0.000461358 3.71757e-05 0.107614 0.00233705 6.0279 0.194496 75.2758 13.043 1075.21 69.273 1156.51 76.5268 1156.51 76.5268 0.573937 0.0103117 
200 0.28 689600000 562.303 15.904 -59.5604 0.719884 3964.23 104.163 2.364e+07 1.76305e+06 -0.00267928 0.00298661 -0.00424684 0.00318203 0.014905 0.000577689 0.000461358 3.71757e-05 0.107614 0.00233705 6.0279 0.194496 75.2758 13.043 1075.21 69.273 1156.51 76.5268 1156.51 76.5268 0.573937 0.0103117 
200 0.28 690400000 562.303 15.904 -59.5604 0.719884 3964.23 104.163 2.364e+07 1.76305e+06 -0.00267928 0.0029806 -0.00424684 0.00318203 0.014905 0.000577689 0.000461358 3.70987e-05 0.107614 0.00233705 6.0279 0.194496 75.2758 13.043 1075.21 69.273 1156.51 76.5268 1156.51 76.5268 0.573937 0.0103117 
200 0.28 691200000 562.303 15.904 -59.5604 0.719884 3964.23 104.163 2.364e+07 1.76305e+06 -0.00267928 0.0029806 -0.00424684 0.00318203 0.014905 0.000577689 0.000461358 3.70987e-05 0.107614 0.00233705 6.0279 0.194496 75.2758 13.043 1075.21 69.273 1156.51 76.5268 1156.51 76.5268 0.573937 0.0103117 
200 0.28 692000000 562.303 15.904 -59.5604 0.719884 3964.23 104.163 2.364e+07 1.76305e+06 -0.00267928 0.00297584 -0.00424684 0.00318203 0.014905 0.000577689 0.000461358 3.7018e-05 0.107614 0.00233705 6.0279 0.194496 75.2758 13.043 1075.21 69.273 1156.51 76.5268 1156.51 76.5268 0.573937 0.0103117 
200 0.28 692800000 562.303 15.904 -59.5604 0.719884 3964.23 104.163 2.364e+07 1.76305e+06 -0.00267928 0.00297584 -0.00424684 0.00318203 0.014905 0.000577689 0.000461358 3.7018e-05 0.107614 0.00233705 6.0279 0.194496 75.2758 13.043 1075.21 69.273 1156.51 76.5268 1156.51 76.5268 0.573937 0.0103117 
200 0.28 693600000 562.303 15.8638 -59.5604 0.71097 3964.23 102.373 2.364e+07 1.72998e+06 -0.00267928 0.00297321 -0.00424684 0.00313273 0.014905 0.000577689 0.000461358 3.69348e-05 0.107614 0.00233705 6.0279 0.194496 75.2758 13.043 1075.21 69.306 1156.51 76.6022 1156.51 76.6022 0.573937 0.0103117 
200 0.28 694400000 562.303 15.8638 -59.5604 0.71097 3964.23 102.373 2.364e+07 1.72998e+06 -0.00267928 0.00297321 -0.00424684 0.00313273 0.014905 0.000577689 0.000461358 3.69348e-05 0.107614 0.00233705 6.0279 0.194496 75.2758 13.043 1075.21 69.306 1156.51 76.6022 1156.51 76.6022 0.573937 0.0103117 
200 0.28 695200000 562.303 15.8638 -59.5604 0.71097 3964.23 102.373 2.364e+07 1.72998e+06 -0.00267928 0.00296754 -0.00424684 0.00313273 0.014905 0.000577689 0.000461358 3.68626e-05 0.107614 0.00233705 6.0279 0.194496 75.2758 13.043 1075.21 69.306 1156.51 76.6022 1156.51 76.6022 0.573937 0.0103117 
200 0.28 696000000 562.303 15.8638 -59.5604 0.71097 3964.23 102.373 2.364e+07 1.72998e+06 -0.00267928 0.00296754 -0.00424684 0.00313273 0.014905 0.000577689 0.000461358 3.68626e-05 0.107614 0.00233705 6.0279 0.194496 75.2758 13.043 1075.21 69.306 1156.51 76.6022 1156.51 76.6022 0.573937 0.0103117 
200 0.28 696800000 562.303 15.8638 -59.5604 0.71097 3964.23 102.373 2.364e+07 1.72998e+06 -0.00267928 0.00296098 -0.00424684 0.00313273 0.014905 0.000577689 0.000461358 3.67916e-05 0.107614 0.00233705 6.0279 0.194496 75.2758 13.043 1075.21 69.306 1156.51 76.6022 1156.51 76.6022 0.573937 0.0103117 
200 0.28 697600000 562.303 15.8638 -59.5604 0.71097 3964.23 102.373 2.364e+07 1.72998e+06 -0.00267928 0.00296098 -0.00424684 0.00313273 0.014905 0.000577689 0.000461358 3.67916e-05 0.107614 0.00233705 6.0279 0.194496 75.2758 13.043 1075.21 69.306 1156.51 76.6022 1156.51 76.6022 0.573937 0.0103117 
200 0.28 698400000 562.303 15.8638 -59.5604 0.71097 3964.23 102.373 2.364e+07 1.72998e+06 -0.00267928 0.00295412 -0.00424684 0.00313273 0.014905 0.000577689 0.000461358 3.67147e-05 0.107614 0.00233705 6.0279 0.194496 75.2758 13.043 1075.21 69.306 1156.51 76.6022 1156.51 76.6022 0.573937 0.0103117 
200 0.28 699200000 562.303 15.8638 -59.5604 0.71097 3964.23 102.373 2.364e+07 1.72998e+06 -0.00267928 0.00295412 -0.00424684 0.00313273 0.014905 0.000577689 0.000461358 3.67147e-05 0.107614 0.00233705 6.0279 0.194496 75.2758 13.043 1075.21 69.306 1156.51 76.6022 1156.51 76.6022 0.573937 0.0103117 
200 0.28 700000000 562.303 15.8638 -59.5604 0.71097 3964.23 102.373 2.364e+07 1.72998e+06 -0.00267928 0.00295281 -0.00424684 0.00313273 0.014905 0.000577689 0.000461358 3.66291e-05 0.107614 0.00233705 6.0279 0.194496 75.2758 13.043 1075.21 69.306 1156.51 76.6022 1156.51 76.6022 0.573937 0.0103117 
200 0.28 700800000 562.303 15.8638 -59.5604 0.71097 3964.23 102.373 2.364e+07 1.72998e+06 -0.00267928 0.00295281 -0.00424684 0.00313273 0.014905 0.000577689 0.000461358 3.66291e-05 0.107614 0.00233705 6.0279 0.194496 75.2758 13.043 1075.21 69.306 1156.51 76.6022 1156.51 76.6022 0.573937 0.0103117 
200 0.28 701600000 562.303 15.8638 -59.5604 0.71097 3964.23 102.373 2.364e+07 1.72998e+06 -0.00267928 0.00294756 -0.00424684 0.00313273 0.014905 0.000577689 0.000461358 3.65441e-05 0.107614 0.00233705 6.0279 0.194496 75.2758 13.043 1075.21 69.306 1156.51 76.6022 1156.51 76.6022 0.573937 0.0103117 
200 0.28 702400000 562.303 15.8638 -59.5604 0.71097 3964.23 102.373 2.364e+07 1.72998e+06 -0.00267928 0.00294756 -0.00424684 0.00313273 0.014905 0.000577689 0.000461358 3.65441e-05 0.107614 0.00233705 6.0279 0.194496 75.2758 13.043 1075.21 69.306 1156.51 76.6022 1156.51 76.6022 0.573937 0.0103117 
200 0.28 703200000 562.303 15.8638 -59.5604 0.71097 3964.23 102.373 2.364e+07 1.72998e+06 -0.00267928 0.00294476 -0.00424684 0.00313273 0.014905 0.000577689 0.000461358 3.64631e-05 0.107614 0.00233705 6.0279 0.194496 75.2758 13.043 1075.21 69.306 1156.51 76.6022 1156.51 76.6022 0.573937 0.0103117 
200 0.28 704000000 562.303 15.8638 -59.5604 0.71097 3964.23 102.373 2.364e+07 1.72998e+06 -0.00267928 0.00294476 -0.00424684 0.00313273 0.014905 0.000577689 0.000461358 3.64631e-05 0.107614 0.00233705 6.0279 0.194496 75.2758 13.043 1075.21 69.306 1156.51 76.6022 1156.51 76.6022 0.573937 0.0103117 
200 0.28 704800000 562.303 15.8638 -59.5604 0.71097 3964.23 102.373 2.364e+07 1.72998e+06 -0.00267928 0.00293939 -0.00424684 0.00313273 0.014905 0.000577689 0.000461358 3.63922e-05 0.107614 0.00233705 6.0279 0.194496 75.2758 13.043 1075.21 69.306 1156.51 76.6022 1156.51 76.6022 0.573937 0.0103117 
200 0.28 705600000 562.303 15.8638 -59.5604 0.71097 3964.23 102.373 2.364e+07 1.72998e+06 -0.00267928 0.00293939 -0.00424684 0.00313273 0.014905 0.000577689 0.000461358 3.63922e-05 0.107614 0.00233705 6.0279 0.194496 75.2758 13.043 1075.21 69.306 1156.51 76.6022 1156.51 76.6022 0.573937 0.0103117 
200 0.28 706400000 562.303 15.8638 -59.5604 0.705122 3964.23 101.326 2.364e+07 1.72046e+06 -0.00267928 0.00293939 -0.00424684 0.00310141 0.014905 0.000577689 0.000461358 3.63135e-05 0.107614 0.00233705 6.0279 0.194496 75.2758 13.043 1075.21 71.1669 1156.51 77.8049 1156.51 77.8049 0.573937 0.0109723 
200 0.28 707200000 562.303 15.8638 -59.5604 0.705122 3964.23 101.326 2.364e+07 1.72046e+06 -0.00267928 0.00293939 -0.00424684 0.00310141 0.014905 0.000577689 0.000461358 3.63135e-05 0.107614 0.00233705 6.0279 0.194496 75.2758 13.043 1075.21 71.1669 1156.51 77.8049 1156.51 77.8049 0.573937 0.0109723 
200 0.28 708000000 562.303 15.8638 -59.5604 0.705122 3964.23 101.326 2.364e+07 1.72046e+06 -0.00267928 0.00293939 -0.00424684 0.00310141 0.014905 0.000577689 0.000461358 3.62372e-05 0.107614 0.00233705 6.0279 0.194496 75.2758 13.043 1075.21 71.1669 1156.51 77.8049 1156.51 77.8049 0.573937 0.0109723 
200 0.28 708800000 562.303 15.8638 -59.5604 0.705122 3964.23 101.326 2.364e+07 1.72046e+06 -0.00267928 0.00293939 -0.00424684 0.00310141 0.014905 0.000577689 0.000461358 3.62372e-05 0.107614 0.00233705 6.0279 0.194496 75.2758 13.043 1075.21 71.1669 1156.51 77.8049 1156.51 77.8049 0.573937 0.0109723 
200 0.28 709600000 562.303 15.8638 -59.5604 0.705122 3964.23 101.326 2.364e+07 1.72046e+06 -0.00267928 0.00293939 -0.00424684 0.00310141 0.014905 0.000577689 0.000461358 3.61628e-05 0.107614 0.00233705 6.0279 0.194496 75.2758 13.043 1075.21 71.1669 1156.51 77.8049 1156.51 77.8049 0.573937 0.0109723 
200 0.28 710400000 562.303 15.8638 -59.5604 0.705122 3964.23 101.326 2.364e+07 1.72046e+06 -0.00267928 0.00293939 -0.00424684 0.00310141 0.014905 0.000577689 0.000461358 3.61628e-05 0.107614 0.00233705 6.0279 0.194496 75.2758 13.043 1075.21 71.1669 1156.51 77.8049 1156.51 77.8049 0.573937 0.0109723 
200 0.28 711200000 562.303 15.8638 -59.5604 0.705122 3964.23 101.326 2.364e+07 1.72046e+06 -0.00267928 0.00293939 -0.00424684 0.00310141 0.014905 0.000577689 0.000461358 3.60811e-05 0.107614 0.00233705 6.0279 0.194496 75.2758 13.043 1075.21 71.1669 1156.51 77.8049 1156.51 77.8049 0.573937 0.0109723 
200 0.28 712000000 562.303 15.8638 -59.5604 0.705122 3964.23 101.326 2.364e+07 1.72046e+06 -0.00267928 0.00293939 -0.00424684 0.00310141 0.014905 0.000577689 0.000461358 3.60811e-05 0.107614 0.00233705 6.0279 0.194496 75.2758 13.043 1075.21 71.1669 1156.51 77.8049 1156.51 77.8049 0.573937 0.0109723 
200 0.28 712800000 562.303 15.8638 -59.5604 0.705122 3964.23 101.326 2.364e+07 1.72046e+06 -0.00267928 0.00293939 -0.00424684 0.00310141 0.014905 0.000577689 0.000461358 3.66772e-05 0.107614 0.00233705 6.0279 0.194496 75.2758 13.043 1075.21 71.1669 1156.51 77.8049 1156.51 77.8049 0.573937 0.0109723 
200 0.28 713600000 562.303 15.8638 -59.5604 0.705122 3964.23 101.326 2.364e+07 1.72046e+06 -0.00267928 0.00293939 -0.00424684 0.00310141 0.014905 0.000577689 0.000461358 3.66772e-05 0.107614 0.00233705 6.0279 0.194496 75.2758 13.043 1075.21 71.1669 1156.51 77.8049 1156.51 77.8049 0.573937 0.0109723 
200 0.28 714400000 562.303 15.8638 -59.5604 0.705122 3964.23 101.326 2.364e+07 1.72046e+06 -0.00267928 0.00293939 -0.00424684 0.00310141 0.014905 0.000577689 0.000461358 3.65935e-05 0.107614 0.00233705 6.0279 0.194496 75.2758 13.043 1075.21 71.1669 1156.51 77.8049 1156.51 77.8049 0.573937 0.0109723 
200 0.28 715200000 562.303 15.8638 -59.5604 0.705122 3964.23 101.326 2.364e+07 1.72046e+06 -0.00267928 0.00293939 -0.00424684 0.00310141 0.014905 0.000577689 0.000461358 3.65935e-05 0.107614 0.00233705 6.0279 0.194496 75.2758 13.043 1075.21 71.1669 1156.51 77.8049 1156.51 77.8049 0.573937 0.0109723 
200 0.28 716000000 562.303 15.8638 -59.5604 0.705122 3964.23 101.326 2.364e+07 1.72046e+06 -0.00267928 0.00293939 -0.00424684 0.00310141 0.014905 0.000577689 0.000461358 3.65166e-05 0.107614 0.00233705 6.0279 0.194496 75.2758 13.043 1075.21 71.1669 1156.51 77.8049 1156.51 77.8049 0.573937 0.0109723 
200 0.28 716800000 562.303 15.8638 -59.5604 0.705122 3964.23 101.326 2.364e+07 1.72046e+06 -0.00267928 0.00293939 -0.00424684 0.00310141 0.014905 0.000577689 0.000461358 3.65166e-05 0.107614 0.00233705 6.0279 0.194496 75.2758 13.043 1075.21 71.1669 1156.51 77.8049 1156.51 77.8049 0.573937 0.0109723 
200 0.28 717600000 562.303 15.8638 -59.5604 0.705122 3964.23 101.326 2.364e+07 1.72046e+06 -0.00267928 0.00293939 -0.00424684 0.00310141 0.014905 0.000577689 0.000461358 3.64411e-05 0.107614 0.00233705 6.0279 0.194496 75.2758 13.043 1075.21 71.1669 1156.51 77.8049 1156.51 77.8049 0.573937 0.0109723 
200 0.28 718400000 562.303 15.8638 -59.5604 0.705122 3964.23 101.326 2.364e+07 1.72046e+06 -0.00267928 0.00293939 -0.00424684 0.00310141 0.014905 0.000577689 0.000461358 3.64411e-05 0.107614 0.00233705 6.0279 0.194496 75.2758 13.043 1075.21 71.1669 1156.51 77.8049 1156.51 77.8049 0.573937 0.0109723 
200 0.28 719200000 562.303 15.8638 -59.5604 0.695373 3964.23 99.6168 2.364e+07 1.72046e+06 -0.00267928 0.00293939 -0.00424684 0.00318137 0.014905 0.000577689 0.000461358 3.63584e-05 0.107614 0.00233705 6.0279 0.194496 75.2758 13.043 1075.21 70.0634 1156.51 76.4876 1156.51 76.4876 0.573937 0.0109723 
200 0.28 720000000 562.303 15.8638 -59.5604 0.695373 3964.23 99.6168 2.364e+07 1.72046e+06 -0.00267928 0.00293939 -0.00424684 0.00318137 0.014905 0.000577689 0.000461358 3.63584e-05 0.107614 0.00233705 6.0279 0.194496 75.2758 13.043 1075.21 70.0634 1156.51 76.4876 1156.51 76.4876 0.573937 0.0109723 
200 0.28 720800000 562.303 15.8638 -59.5604 0.695373 3964.23 99.6168 2.364e+07 1.72046e+06 -0.00267928 0.00293939 -0.00424684 0.00318137 0.014905 0.000577689 0.000461358 3.62764e-05 0.107614 0.00233705 6.0279 0.194496 75.2758 13.043 1075.21 70.0634 1156.51 76.4876 1156.51 76.4876 0.573937 0.0109723 
200 0.28 721600000 562.303 15.8638 -59.5604 0.695373 3964.23 99.6168 2.364e+07 1.72046e+06 -0.00267928 0.00293939 -0.00424684 0.00318137 0.014905 0.000577689 0.000461358 3.62764e-05 0.107614 0.00233705 6.0279 0.194496 75.2758 13.043 1075.21 70.0634 1156.51 76.4876 1156.51 76.4876 0.573937 0.0109723 
200 0.28 722400000 562.303 15.8638 -59.5604 0.695373 3964.23 99.6168 2.364e+07 1.72046e+06 -0.00267928 0.00293939 -0.00424684 0.00318137 0.014905 0.000577689 0.000461358 3.62032e-05 0.107614 0.00233705 6.0279 0.194496 75.2758 13.043 1075.21 70.0634 1156.51 76.4876 1156.51 76.4876 0.573937 0.0109723 
200 0.28 723200000 562.303 15.8638 -59.5604 0.695373 3964.23 99.6168 2.364e+07 1.72046e+06 -0.00267928 0.00293939 -0.00424684 0.00318137 0.014905 0.000577689 0.000461358 3.62032e-05 0.107614 0.00233705 6.0279 0.194496 75.2758 13.043 1075.21 70.0634 1156.51 76.4876 1156.51 76.4876 0.573937 0.0109723 
200 0.28 724000000 562.303 15.8638 -59.5604 0.695373 3964.23 99.6168 2.364e+07 1.72046e+06 -0.00267928 0.00293939 -0.00424684 0.00318137 0.014905 0.000577689 0.000461358 3.61288e-05 0.107614 0.00233705 6.0279 0.194496 75.2758 13.043 1075.21 70.0634 1156.51 76.4876 1156.51 76.4876 0.573937 0.0109723 
200 0.28 724800000 562.303 15.8638 -59.5604 0.695373 3964.23 99.6168 2.364e+07 1.72046e+06 -0.00267928 0.00293939 -0.00424684 0.00318137 0.014905 0.000577689 0.000461358 3.61288e-05 0.107614 0.00233705 6.0279 0.194496 75.2758 13.043 1075.21 70.0634 1156.51 76.4876 1156.51 76.4876 0.573937 0.0109723 
200 0.28 725600000 562.303 15.8638 -59.5604 0.695373 3964.23 99.6168 2.364e+07 1.72046e+06 -0.00267928 0.00293939 -0.00424684 0.00318137 0.014905 0.000577689 0.000461358 3.6051e-05 0.107614 0.00233705 6.0279 0.194496 75.2758 13.043 1075.21 70.0634 1156.51 76.4876 1156.51 76.4876 0.573937 0.0109723 
200 0.28 726400000 562.303 15.8638 -59.5604 0.695373 3964.23 99.6168 2.364e+07 1.72046e+06 -0.00267928 0.00293939 -0.00424684 0.00318137 0.014905 0.000577689 0.000461358 3.6051e-05 0.107614 0.00233705 6.0279 0.194496 75.2758 13.043 1075.21 70.0634 1156.51 76.4876 1156.51 76.4876 0.573937 0.0109723 
200 0.28 727200000 562.303 15.8638 -59.5604 0.695373 3964.23 99.6168 2.364e+07 1.72046e+06 -0.00267928 0.00293939 -0.00424684 0.00318137 0.014905 0.000577689 0.000461358 3.59709e-05 0.107614 0.00233705 6.0279 0.194496 75.2758 13.043 1075.21 70.0634 1156.51 76.4876 1156.51 76.4876 0.573937 0.0109723 
200 0.28 728000000 562.303 15.8638 -59.5604 0.695373 3964.23 99.6168 2.364e+07 1.72046e+06 -0.00267928 0.00293939 -0.00424684 0.00318137 0.014905 0.000577689 0.000461358 3.59709e-05 0.107614 0.00233705 6.0279 0.194496 75.2758 13.043 1075.21 70.0634 1156.51 76.4876 1156.51 76.4876 0.573937 0.0109723 
200 0.28 728800000 562.303 15.8638 -59.5604 0.695373 3964.23 99.6168 2.364e+07 1.72046e+06 -0.00267928 0.00293939 -0.00424684 0.00318137 0.014905 0.000577689 0.000461358 3.58949e-05 0.107614 0.00233705 6.0279 0.194496 75.2758 13.043 1075.21 70.0634 1156.51 76.4876 1156.51 76.4876 0.573937 0.0109723 
200 0.28 729600000 562.303 15.8638 -59.5604 0.695373 3964.23 99.6168 2.364e+07 1.72046e+06 -0.00267928 0.00293939 -0.00424684 0.00318137 0.014905 0.000577689 0.000461358 3.58949e-05 0.107614 0.00233705 6.0279 0.194496 75.2758 13.043 1075.21 70.0634 1156.51 76.4876 1156.51 76.4876 0.573937 0.0109723 
200 0.28 730400000 562.303 15.8638 -59.5604 0.695373 3964.23 99.6168 2.364e+07 1.72046e+06 -0.00267928 0.00293939 -0.00424684 0.00318137 0.014905 0.000577689 0.000461358 3.58237e-05 0.107614 0.00233705 6.0279 0.194496 75.2758 13.043 1075.21 70.0634 1156.51 76.4876 1156.51 76.4876 0.573937 0.0109723 
200 0.28 731200000 562.303 15.8638 -59.5604 0.695373 3964.23 99.6168 2.364e+07 1.72046e+06 -0.00267928 0.00293939 -0.00424684 0.00318137 0.014905 0.000577689 0.000461358 3.58237e-05 0.107614 0.00233705 6.0279 0.194496 75.2758 13.043 1075.21 70.0634 1156.51 76.4876 1156.51 76.4876 0.573937 0.0109723 
200 0.28 732000000 563.105 15.0799 -59.4709 0.68356 3953 97.8783 2.35661e+07 1.64113e+06 -0.00139882 0.00294271 -0.00547756 0.00314608 0.0148972 0.000520487 0.000461084 3.62e-05 0.107598 0.00211061 6.05111 0.167324 78.7096 12.5552 1118.97 71.3538 1203.73 79.3463 1203.73 79.3463 0.578731 0.0105984 
200 0.28 732800000 563.105 15.0799 -59.4709 0.68356 3953 97.8783 2.35661e+07 1.64113e+06 -0.00139882 0.00294271 -0.00547756 0.00314608 0.0148972 0.000520487 0.000461084 3.62e-05 0.107598 0.00211061 6.05111 0.167324 78.7096 12.5552 1118.97 71.3538 1203.73 79.3463 1203.73 79.3463 0.578731 0.0105984 
200 0.28 733600000 563.105 15.0799 -59.4709 0.68356 3953 97.8783 2.35661e+07 1.64113e+06 -0.00139882 0.00294271 -0.00547756 0.00314608 0.0148972 0.000520487 0.000461084 3.6129e-05 0.107598 0.00211061 6.05111 0.167324 78.7096 12.5552 1118.97 71.3538 1203.73 79.3463 1203.73 79.3463 0.578731 0.0105984 
200 0.28 734400000 563.105 15.0799 -59.4709 0.68356 3953 97.8783 2.35661e+07 1.64113e+06 -0.00139882 0.00294271 -0.00547756 0.00314608 0.0148972 0.000520487 0.000461084 3.6129e-05 0.107598 0.00211061 6.05111 0.167324 78.7096 12.5552 1118.97 71.3538 1203.73 79.3463 1203.73 79.3463 0.578731 0.0105984 
200 0.28 735200000 563.105 15.0799 -59.4709 0.68356 3953 97.8783 2.35661e+07 1.64113e+06 -0.00139882 0.00294271 -0.00547756 0.00314608 0.0148972 0.000520487 0.000461084 3.60539e-05 0.107598 0.00211061 6.05111 0.167324 78.7096 12.5552 1118.97 71.3538 1203.73 79.3463 1203.73 79.3463 0.578731 0.0105984 
200 0.28 736000000 563.105 15.0799 -59.4709 0.68356 3953 97.8783 2.35661e+07 1.64113e+06 -0.00139882 0.00294271 -0.00547756 0.00314608 0.0148972 0.000520487 0.000461084 3.60539e-05 0.107598 0.00211061 6.05111 0.167324 78.7096 12.5552 1118.97 71.3538 1203.73 79.3463 1203.73 79.3463 0.578731 0.0105984 
200 0.28 736800000 563.105 15.0799 -59.4709 0.68356 3953 97.8783 2.35661e+07 1.64113e+06 -0.00139882 0.00294271 -0.00547756 0.00314608 0.0148972 0.000520487 0.000461084 3.59876e-05 0.107598 0.00211061 6.05111 0.167324 78.7096 12.5552 1118.97 71.3538 1203.73 79.3463 1203.73 79.3463 0.578731 0.0105984 
200 0.28 737600000 563.105 15.0799 -59.4709 0.68356 3953 97.8783 2.35661e+07 1.64113e+06 -0.00139882 0.00294271 -0.00547756 0.00314608 0.0148972 0.000520487 0.000461084 3.59876e-05 0.107598 0.00211061 6.05111 0.167324 78.7096 12.5552 1118.97 71.3538 1203.73 79.3463 1203.73 79.3463 0.578731 0.0105984 
200 0.28 738400000 563.105 15.0799 -59.4709 0.68356 3953 97.8783 2.35661e+07 1.64113e+06 -0.00139882 0.00294271 -0.00547756 0.00314608 0.0148972 0.000520487 0.000461084 3.592e-05 0.107598 0.00211061 6.05111 0.167324 78.7096 12.5552 1118.97 71.3538 1203.73 79.3463 1203.73 79.3463 0.578731 0.0105984 
200 0.28 739200000 563.105 15.0799 -59.4709 0.68356 3953 97.8783 2.35661e+07 1.64113e+06 -0.00139882 0.00294271 -0.00547756 0.00314608 0.0148972 0.000520487 0.000461084 3.592e-05 0.107598 0.00211061 6.05111 0.167324 78.7096 12.5552 1118.97 71.3538 1203.73 79.3463 1203.73 79.3463 0.578731 0.0105984 
200 0.28 740000000 563.105 15.0799 -59.4709 0.68356 3953 97.8783 2.35661e+07 1.64113e+06 -0.00139882 0.00294271 -0.00547756 0.00314608 0.0148972 0.000520487 0.000461084 3.58493e-05 0.107598 0.00211061 6.05111 0.167324 78.7096 12.5552 1118.97 71.3538 1203.73 79.3463 1203.73 79.3463 0.578731 0.0105984 
200 0.28 740800000 563.105 15.0799 -59.4709 0.68356 3953 97.8783 2.35661e+07 1.64113e+06 -0.00139882 0.00294271 -0.00547756 0.00314608 0.0148972 0.000520487 0.000461084 3.58493e-05 0.107598 0.00211061 6.05111 0.167324 78.7096 12.5552 1118.97 71.3538 1203.73 79.3463 1203.73 79.3463 0.578731 0.0105984 
200 0.28 741600000 563.105 15.0799 -59.4709 0.68356 3953 97.8783 2.35661e+07 1.64113e+06 -0.00139882 0.00294271 -0.00547756 0.00314608 0.0148972 0.000520487 0.000461084 3.57734e-05 0.107598 0.00211061 6.05111 0.167324 78.7096 12.5552 1118.97 71.3538 1203.73 79.3463 1203.73 79.3463 0.578731 0.0105984 
200 0.28 742400000 563.105 15.0799 -59.4709 0.68356 3953 97.8783 2.35661e+07 1.64113e+06 -0.00139882 0.00294271 -0.00547756 0.00314608 0.0148972 0.000520487 0.000461084 3.57734e-05 0.107598 0.00211061 6.05111 0.167324 78.7096 12.5552 1118.97 71.3538 1203.73 79.3463 1203.73 79.3463 0.578731 0.0105984 
200 0.28 743200000 563.105 15.0799 -59.4709 0.68356 3953 97.8783 2.35661e+07 1.64113e+06 -0.00139882 0.00294271 -0.00547756 0.00314608 0.0148972 0.000520487 0.000461084 3.5701e-05 0.107598 0.00211061 6.05111 0.167324 78.7096 12.5552 1118.97 71.3538 1203.73 79.3463 1203.73 79.3463 0.578731 0.0105984 
200 0.28 744000000 563.105 15.0799 -59.4709 0.68356 3953 97.8783 2.35661e+07 1.64113e+06 -0.00139882 0.00294271 -0.00547756 0.00314608 0.0148972 0.000520487 0.000461084 3.5701e-05 0.107598 0.00211061 6.05111 0.167324 78.7096 12.5552 1118.97 71.3538 1203.73 79.3463 1203.73 79.3463 0.578731 0.0105984 
200 0.28 744800000 563.105 14.8448 -59.4709 0.68407 3953 97.3428 2.35661e+07 1.62011e+06 -0.00139882 0.00294271 -0.00547756 0.00315253 0.0148972 0.000520487 0.000461084 3.56306e-05 0.107598 0.00211061 6.05111 0.167324 78.7096 12.5552 1118.97 71.3538 1203.73 79.3463 1203.73 79.3463 0.578731 0.0105984 
200 0.28 745600000 563.105 14.8448 -59.4709 0.68407 3953 97.3428 2.35661e+07 1.62011e+06 -0.00139882 0.00294271 -0.00547756 0.00315253 0.0148972 0.000520487 0.000461084 3.56306e-05 0.107598 0.00211061 6.05111 0.167324 78.7096 12.5552 1118.97 71.3538 1203.73 79.3463 1203.73 79.3463 0.578731 0.0105984 
200 0.28 746400000 563.105 14.8448 -59.4709 0.68407 3953 97.3428 2.35661e+07 1.62011e+06 -0.00139882 0.00294271 -0.00547756 0.00315253 0.0148972 0.000520487 0.000461084 3.55664e-05 0.107598 0.00211061 6.05111 0.167324 78.7096 12.5552 1118.97 71.3538 1203.73 79.3463 1203.73 79.3463 0.578731 0.0105984 
200 0.28 747200000 563.105 14.8448 -59.4709 0.68407 3953 97.3428 2.35661e+07 1.62011e+06 -0.00139882 0.00294271 -0.00547756 0.00315253 0.0148972 0.000520487 0.000461084 3.55664e-05 0.107598 0.00211061 6.05111 0.167324 78.7096 12.5552 1118.97 71.3538 1203.73 79.3463 1203.73 79.3463 0.578731 0.0105984 
200 0.28 748000000 563.105 14.8448 -59.4709 0.68407 3953 97.3428 2.35661e+07 1.62011e+06 -0.00139882 0.00294271 -0.00547756 0.00315253 0.0148972 0.000538955 0.000461084 4.3576e-05 0.107598 0.00211061 6.05111 2.89536 78.7096 13.0484 1118.97 71.3538 1203.73 79.3463 1203.73 79.3463 0.578731 0.0105984 
200 0.28 748800000 563.105 14.8448 -59.4709 0.68407 3953 97.3428 2.35661e+07 1.62011e+06 -0.00139882 0.00294271 -0.00547756 0.00315253 0.0148972 0.000538955 0.000461084 4.3576e-05 0.107598 0.00211061 6.05111 2.89455 78.7096 13.0343 1118.97 71.3538 1203.73 79.3463 1203.73 79.3463 0.578731 0.0105984 
200 0.28 749600000 563.105 14.8448 -59.4709 0.68407 3953 97.3428 2.35661e+07 1.62011e+06 -0.00139882 0.00294271 -0.00547756 0.00315253 0.0148972 0.000538816 0.000461084 4.3496e-05 0.107598 0.00211061 6.05111 2.88906 78.7096 13.0204 1118.97 71.3538 1203.73 79.3463 1203.73 79.3463 0.578731 0.0105984 
200 0.28 750400000 563.105 14.8448 -59.4709 0.68407 3953 97.3428 2.35661e+07 1.62011e+06 -0.00139882 0.00294271 -0.00547756 0.00315253 0.0148972 0.000538816 0.000461084 4.3496e-05 0.107598 0.00211061 6.05111 2.88894 78.7096 13.0062 1118.97 71.3538 1203.73 79.3463 1203.73 79.3463 0.578731 0.0105984 
200 0.28 751200000 563.105 14.8448 -59.4709 0.68407 3953 97.3428 2.35661e+07 1.62011e+06 -0.00139882 0.00294271 -0.00547756 0.00315253 0.0148972 0.00054425 0.000461084 4.34028e-05 0.107598 0.00211061 6.05111 2.88278 78.7096 12.9923 1118.97 71.3538 1203.73 79.3463 1203.73 79.3463 0.578731 0.0105984 
200 0.28 752000000 563.105 14.8448 -59.4709 0.68407 3953 97.3428 2.35661e+07 1.62011e+06 -0.00139882 0.00294271 -0.00547756 0.00315253 0.0148972 0.00054425 0.000461084 4.34028e-05 0.107598 0.00211061 6.05111 2.88198 78.7096 12.9784 1118.97 71.3538 1203.73 79.3463 1203.73 79.3463 0.578731 0.0105984 
200 0.28 752800000 563.105 14.8448 -59.4709 0.68407 3953 97.3428 2.35661e+07 1.62011e+06 -0.00139882 0.00294271 -0.00547756 0.00315253 0.0148972 0.00054425 0.000461084 4.33164e-05 0.107598 0.00211061 6.05111 2.87654 78.7096 12.9646 1118.97 71.3538 1203.73 79.3463 1203.73 79.3463 0.578731 0.0105984 
200 0.28 753600000 563.105 14.8448 -59.4709 0.68407 3953 97.3428 2.35661e+07 1.62011e+06 -0.00139882 0.00294271 -0.00547756 0.00315253 0.0148972 0.00054425 0.000461084 4.33164e-05 0.107598 0.00211061 6.05111 2.87641 78.7096 12.9507 1118.97 71.3538 1203.73 79.3463 1203.73 79.3463 0.578731 0.0105984 
200 0.28 754400000 563.105 14.8448 -59.4709 0.68407 3953 97.3428 2.35661e+07 1.62011e+06 -0.00139882 0.00294271 -0.00547756 0.00315253 0.0148972 0.00054425 0.000461084 4.32257e-05 0.107598 0.00211061 6.05111 2.87032 78.7096 12.9369 1118.97 71.3538 1203.73 79.3463 1203.73 79.3463 0.578731 0.0105984 
200 0.28 755200000 563.105 14.8448 -59.4709 0.68407 3953 97.3428 2.35661e+07 1.62011e+06 -0.00139882 0.00294271 -0.00547756 0.00315253 0.0148972 0.00054425 0.000461084 4.32257e-05 0.107598 0.00211061 6.05111 2.86953 78.7096 12.9232 1118.97 71.3538 1203.73 79.3463 1203.73 79.3463 0.578731 0.0105984 
200 0.28 756000000 563.105 14.8448 -59.4709 0.68407 3953 97.3428 2.35661e+07 1.62011e+06 -0.00139882 0.00294271 -0.00547756 0.00315253 0.0148972 0.00054425 0.000461084 4.31445e-05 0.107598 0.00211061 6.05111 2.8695 78.7096 12.9093 1118.97 71.3538 1203.73 79.3463 1203.73 79.3463 0.578731 0.0105984 
200 0.28 756800000 563.105 14.8448 -59.4709 0.68407 3953 97.3428 2.35661e+07 1.62011e+06 -0.00139882 0.00294271 -0.00547756 0.00315253 0.0148972 0.00054425 0.000461084 4.31445e-05 0.107598 0.00211061 6.05111 2.8695 78.7096 12.8957 1118.97 71.3538 1203.73 79.3463 1203.73 79.3463 0.578731 0.0105984 
200 0.28 757600000 563.105 14.745 -59.4709 0.682214 3953 95.6704 2.35661e+07 1.59916e+06 -0.00139882 0.00294271 -0.00547756 0.00310919 0.0148972 0.000543595 0.000461084 4.30621e-05 0.107598 0.00211061 6.05111 2.85797 78.7096 13.2761 1118.97 71.3538 1203.73 79.3463 1203.73 79.3463 0.578731 0.0104039 
200 0.28 758400000 563.105 14.745 -59.4709 0.682214 3953 95.6704 2.35661e+07 1.59916e+06 -0.00139882 0.00294271 -0.00547756 0.00310919 0.0148972 0.000543595 0.000461084 4.30621e-05 0.107598 0.00211061 6.05111 2.8572 78.7096 13.2761 1118.97 71.3538 1203.73 79.3463 1203.73 79.3463 0.578731 0.0104039 
200 0.28 759200000 563.105 14.745 -59.4709 0.682214 3953 95.6704 2.35661e+07 1.59916e+06 -0.00139882 0.00294271 -0.00547756 0.00310919 0.0148972 0.000543595 0.000461084 4.29718e-05 0.107598 0.00211061 6.05111 2.85183 78.7096 13.2761 1118.97 71.3538 1203.73 79.3463 1203.73 79.3463 0.578731 0.0104039 
200 0.28 760000000 563.105 14.745 -59.4709 0.682214 3953 95.6704 2.35661e+07 1.59916e+06 -0.00139882 0.00294271 -0.00547756 0.00310919 0.0148972 0.000543595 0.000461084 4.29718e-05 0.107598 0.00211061 6.05111 2.85175 78.7096 13.2761 1118.97 71.3538 1203.73 79.3463 1203.73 79.3463 0.578731 0.0104039 
200 0.28 760800000 563.105 14.745 -59.4709 0.682214 3953 95.6704 2.35661e+07 1.59916e+06 -0.00139882 0.00294271 -0.00547756 0.00310919 0.0148972 0.000543595 0.000461084 4.28807e-05 0.107598 0.00211061 6.05111 2.84572 78.7096 13.2761 1118.97 71.3538 1203.73 79.3463 1203.73 79.3463 0.578731 0.0104039 
200 0.28 761600000 563.105 14.745 -59.4709 0.682214 3953 95.6704 2.35661e+07 1.59916e+06 -0.00139882 0.00294271 -0.00547756 0.00310919 0.0148972 0.000543595 0.000461084 4.28807e-05 0.107598 0.00211061 6.05111 2.84504 78.7096 13.2761 1118.97 71.3538 1203.73 79.3463 1203.73 79.3463 0.578731 0.0104039 
200 0.28 762400000 563.105 14.745 -59.4709 0.682214 3953 95.6704 2.35661e+07 1.59916e+06 -0.00139882 0.00294271 -0.00547756 0.00310919 0.0148972 0.000543595 0.000461084 4.27961e-05 0.107598 0.00211061 6.05111 2.84504 78.7096 13.2761 1118.97 71.3538 1203.73 79.3463 1203.73 79.3463 0.578731 0.0104039 
200 0.28 763200000 563.105 14.745 -59.4709 0.682214 3953 95.6704 2.35661e+07 1.59916e+06 -0.00139882 0.00294271 -0.00547756 0.00310919 0.0148972 0.000543595 0.000461084 4.27961e-05 0.107598 0.00211061 6.05111 2.84504 78.7096 13.2761 1118.97 71.3538 1203.73 79.3463 1203.73 79.3463 0.578731 0.0104039 
200 0.28 764000000 563.105 14.745 -59.4709 0.67838 3953 95.6704 2.35661e+07 1.59916e+06 -0.00139882 0.00294271 -0.00547756 0.00310919 0.0148972 0.000539044 0.000461084 4.27092e-05 0.107598 0.00211061 6.05111 2.83356 78.7096 13.2761 1118.97 71.3538 1203.73 79.3463 1203.73 79.3463 0.578731 0.0104039 
200 0.28 764800000 563.105 14.745 -59.4709 0.67838 3953 95.6704 2.35661e+07 1.59916e+06 -0.00139882 0.00294271 -0.00547756 0.00310919 0.0148972 0.000539044 0.000461084 4.27092e-05 0.107598 0.00211061 6.05111 2.83282 78.7096 13.2761 1118.97 71.3538 1203.73 79.3463 1203.73 79.3463 0.578731 0.0104039 
200 0.28 765600000 563.105 14.745 -59.4709 0.67838 3953 95.6704 2.35661e+07 1.59916e+06 -0.00139882 0.00294271 -0.00547756 0.00310919 0.0148972 0.000539044 0.000461084 4.2627e-05 0.107598 0.00211061 6.05111 2.82753 78.7096 13.2761 1118.97 71.3538 1203.73 79.3463 1203.73 79.3463 0.578731 0.0104039 
200 0.28 766400000 563.105 14.745 -59.4709 0.67838 3953 95.6704 2.35661e+07 1.59916e+06 -0.00139882 0.00294271 -0.00547756 0.00310919 0.0148972 0.000539044 0.000461084 4.2627e-05 0.107598 0.00211061 6.05111 2.82745 78.7096 13.2761 1118.97 71.3538 1203.73 79.3463 1203.73 79.3463 0.578731 0.0104039 
200 0.28 767200000 563.105 14.745 -59.4709 0.67838 3953 95.6704 2.35661e+07 1.59916e+06 -0.00139882 0.00294271 -0.00547756 0.00310919 0.0148972 0.000539044 0.000461084 4.25463e-05 0.107598 0.00211061 6.05111 2.82152 78.7096 13.2761 1118.97 71.3538 1203.73 79.3463 1203.73 79.3463 0.578731 0.0104039 
200 0.28 768000000 563.105 14.745 -59.4709 0.67838 3953 95.6704 2.35661e+07 1.59916e+06 -0.00139882 0.00294271 -0.00547756 0.00310919 0.0148972 0.000539044 0.000461084 4.25463e-05 0.107598 0.00211061 6.05111 2.82087 78.7096 13.2761 1118.97 71.3538 1203.73 79.3463 1203.73 79.3463 0.578731 0.0104039 
200 0.28 768800000 563.105 14.745 -59.4709 0.67838 3953 95.6704 2.35661e+07 1.59916e+06 -0.00139882 0.00294271 -0.00547756 0.00310919 0.0148972 0.000539044 0.000461084 4.24649e-05 0.107598 0.00211061 6.05111 2.82087 78.7096 13.2761 1118.97 71.3538 1203.73 79.3463 1203.73 79.3463 0.578731 0.0104039 
200 0.28 769600000 563.105 14.745 -59.4709 0.67838 3953 95.6704 2.35661e+07 1.59916e+06 -0.00139882 0.00294271 -0.00547756 0.00310919 0.0148972 0.000539044 0.000461084 4.24649e-05 0.107598 0.00211061 6.05111 2.82087 78.7096 13.2761 1118.97 71.3538 1203.73 79.3463 1203.73 79.3463 0.578731 0.0104039 
200 0.28 770400000 563.105 14.509 -59.4709 0.674342 3953 95.072 2.35661e+07 1.59916e+06 -0.00139882 0.00294271 -0.00547756 0.00305834 0.0148972 0.000536048 0.000461084 4.23749e-05 0.107598 0.00211061 6.05111 2.81264 78.7096 13.2761 1118.97 71.3538 1203.73 79.3463 1203.73 79.3463 0.578731 0.0104039 
200 0.28 771200000 563.105 14.509 -59.4709 0.674342 3953 95.072 2.35661e+07 1.59916e+06 -0.00139882 0.00294271 -0.00547756 0.00305834 0.0148972 0.000536048 0.000461084 4.23749e-05 0.107598 0.00211061 6.05111 2.81264 78.7096 13.2761 1118.97 71.3538 1203.73 79.3463 1203.73 79.3463 0.578731 0.0104039 
200 0.28 772000000 563.105 14.509 -59.4709 0.674342 3953 95.072 2.35661e+07 1.59916e+06 -0.00139882 0.00294271 -0.00547756 0.00305834 0.0148972 0.000536048 0.000461084 4.22939e-05 0.107598 0.00211061 6.05111 2.81264 78.7096 13.2761 1118.97 71.3538 1203.73 79.3463 1203.73 79.3463 0.578731 0.0104039 
200 0.28 772800000 563.105 14.509 -59.4709 0.674342 3953 95.072 2.35661e+07 1.59916e+06 -0.00139882 0.00294271 -0.00547756 0.00305834 0.0148972 0.000536048 0.000461084 4.22939e-05 0.107598 0.00211061 6.05111 2.81264 78.7096 13.2761 1118.97 71.3538 1203.73 79.3463 1203.73 79.3463 0.578731 0.0104039 
200 0.28 773600000 563.105 14.509 -59.4709 0.674342 3953 95.072 2.35661e+07 1.59916e+06 -0.00139882 0.00294271 -0.00547756 0.00305834 0.0148972 0.000536048 0.000461084 4.22165e-05 0.107598 0.00211061 6.05111 2.81264 78.7096 13.2761 1118.97 71.3538 1203.73 79.3463 1203.73 79.3463 0.578731 0.0104039 
200 0.28 774400000 563.105 14.509 -59.4709 0.674342 3953 95.072 2.35661e+07 1.59916e+06 -0.00139882 0.00294271 -0.00547756 0.00305834 0.0148972 0.000536048 0.000461084 4.22165e-05 0.107598 0.00211061 6.05111 2.81264 78.7096 13.2761 1118.97 71.3538 1203.73 79.3463 1203.73 79.3463 0.578731 0.0104039 
200 0.28 775200000 563.105 14.509 -59.4709 0.674342 3953 95.072 2.35661e+07 1.59916e+06 -0.00139882 0.00294271 -0.00547756 0.00305834 0.0148972 0.000536048 0.000461084 4.21338e-05 0.107598 0.00211061 6.05111 2.81264 78.7096 13.2761 1118.97 71.3538 1203.73 79.3463 1203.73 79.3463 0.578731 0.0104039 
200 0.28 776000000 563.105 14.509 -59.4709 0.674342 3953 95.072 2.35661e+07 1.59916e+06 -0.00139882 0.00294271 -0.00547756 0.00305834 0.0148972 0.000536048 0.000461084 4.21338e-05 0.107598 0.00211061 6.05111 2.81264 78.7096 13.2761 1118.97 71.3538 1203.73 79.3463 1203.73 79.3463 0.578731 0.0104039 
200 0.28 776800000 563.105 14.509 -59.4709 0.689254 3953 95.072 2.35661e+07 1.59916e+06 -0.00139882 0.00294271 -0.00547756 0.00305834 0.0148972 0.000538099 0.000461084 4.20551e-05 0.107598 0.00211061 6.05111 2.81264 78.7096 13.2761 1118.97 71.3538 1203.73 79.3463 1203.73 79.3463 0.578731 0.0104039 
200 0.28 777600000 563.105 14.509 -59.4709 0.689254 3953 95.072 2.35661e+07 1.59916e+06 -0.00139882 0.00294271 -0.00547756 0.00305834 0.0148972 0.000538099 0.000461084 4.20551e-05 0.107598 0.00211061 6.05111 2.81264 78.7096 13.2761 1118.97 71.3538 1203.73 79.3463 1203.73 79.3463 0.578731 0.0104039 
200 0.28 778400000 563.105 14.509 -59.4709 0.689254 3953 95.072 2.35661e+07 1.59916e+06 -0.00139882 0.00294271 -0.00547756 0.00305834 0.0148972 0.000538099 0.000461084 4.19701e-05 0.107598 0.00211061 6.05111 2.81264 78.7096 13.2761 1118.97 71.3538 1203.73 79.3463 1203.73 79.3463 0.578731 0.0104039 
200 0.28 779200000 563.105 14.509 -59.4709 0.689254 3953 95.072 2.35661e+07 1.59916e+06 -0.00139882 0.00294271 -0.00547756 0.00305834 0.0148972 0.000538099 0.000461084 4.19701e-05 0.107598 0.00211061 6.05111 2.81264 78.7096 13.2761 1118.97 71.3538 1203.73 79.3463 1203.73 79.3463 0.578731 0.0104039 
200 0.28 780000000 563.105 14.509 -59.4709 0.689254 3953 95.072 2.35661e+07 1.59916e+06 -0.00139882 0.00294271 -0.00547756 0.00305834 0.0148972 0.000538099 0.000461084 4.20625e-05 0.107598 0.00211061 6.05111 2.81264 78.7096 13.2761 1118.97 71.3538 1203.73 79.3463 1203.73 79.3463 0.578731 0.0104039 
200 0.28 780800000 563.105 14.509 -59.4709 0.689254 3953 95.072 2.35661e+07 1.59916e+06 -0.00139882 0.00294271 -0.00547756 0.00305834 0.0148972 0.000538099 0.000461084 4.20625e-05 0.107598 0.00211061 6.05111 2.81264 78.7096 13.2761 1118.97 71.3538 1203.73 79.3463 1203.73 79.3463 0.578731 0.0104039 
200 0.28 781600000 563.105 14.509 -59.4709 0.689254 3953 95.072 2.35661e+07 1.59916e+06 -0.00139882 0.00294271 -0.00547756 0.00305834 0.0148972 0.000538099 0.000461084 4.19779e-05 0.107598 0.00211061 6.05111 2.81264 78.7096 13.2761 1118.97 71.3538 1203.73 79.3463 1203.73 79.3463 0.578731 0.0104039 
200 0.28 782400000 563.105 14.509 -59.4709 0.689254 3953 95.072 2.35661e+07 1.59916e+06 -0.00139882 0.00294271 -0.00547756 0.00305834 0.0148972 0.000538099 0.000461084 4.19779e-05 0.107598 0.00211061 6.05111 2.81264 78.7096 13.2761 1118.97 71.3538 1203.73 79.3463 1203.73 79.3463 0.578731 0.0104039 
200 0.28 783200000 562.702 14.3001 -59.055 0.685986 3905.3 95.4628 2.31159e+07 1.55461e+06 -0.000780005 0.0028176 -0.00511416 0.0030093 0.0148173 0.000534135 0.000472199 4.18968e-05 0.106949 0.00211061 8.85687 2.76351 86.7657 14.0673 1109.35 67.2424 1204.97 74.0663 1204.97 74.0663 0.575857 0.0100994 
200 0.28 784000000 562.702 14.3001 -59.055 0.685986 3905.3 95.4628 2.31159e+07 1.55461e+06 -0.000780005 0.0028176 -0.00511416 0.0030093 0.0148173 0.000534135 0.000472199 4.18968e-05 0.106949 0.00211061 8.85687 2.76274 86.7657 14.0673 1109.35 67.2424 1204.97 74.0663 1204.97 74.0663 0.575857 0.0100994 
200 0.28 784800000 562.702 14.3001 -59.055 0.685986 3905.3 95.4628 2.31159e+07 1.55461e+06 -0.000780005 0.00281436 -0.00511416 0.0030093 0.0148173 0.000534135 0.000472199 4.18104e-05 0.106949 0.00211061 8.85687 2.75778 86.7657 14.0673 1109.35 67.2424 1204.97 74.0663 1204.97 74.0663 0.575857 0.0100994 
200 0.28 785600000 562.702 14.3001 -59.055 0.685986 3905.3 95.4628 2.31159e+07 1.55461e+06 -0.000780005 0.00281436 -0.00511416 0.0030093 0.0148173 0.000534135 0.000472199 4.18104e-05 0.106949 0.00211061 8.85687 2.75748 86.7657 14.0673 1109.35 67.2424 1204.97 74.0663 1204.97 74.0663 0.575857 0.0100994 
200 0.28 786400000 562.702 14.3001 -59.055 0.685986 3905.3 95.4628 2.31159e+07 1.55461e+06 -0.000780005 0.00281084 -0.00511416 0.0030093 0.0148173 0.000534135 0.000472199 4.17273e-05 0.106949 0.00211061 8.85687 2.75207 86.7657 14.0673 1109.35 67.2424 1204.97 74.0663 1204.97 74.0663 0.575857 0.0100994 
200 0.28 787200000 562.702 14.3001 -59.055 0.685986 3905.3 95.4628 2.31159e+07 1.55461e+06 -0.000780005 0.00281084 -0.00511416 0.0030093 0.0148173 0.000534135 0.000472199 4.17273e-05 0.106949 0.00211061 8.85687 2.75132 86.7657 14.0673 1109.35 67.2424 1204.97 74.0663 1204.97 74.0663 0.575857 0.0100994 
200 0.28 788000000 562.702 14.3001 -59.055 0.685986 3905.3 95.4628 2.31159e+07 1.55461e+06 -0.000780005 0.00281084 -0.00511416 0.0030093 0.0148173 0.000534135 0.000472199 4.16442e-05 0.106949 0.00211061 8.85687 2.75081 86.7657 14.0673 1109.35 67.2424 1204.97 74.0663 1204.97 74.0663 0.575857 0.0100994 
200 0.28 788800000 562.702 14.3001 -59.055 0.685986 3905.3 95.4628 2.31159e+07 1.55461e+06 -0.000780005 0.00281084 -0.00511416 0.0030093 0.0148173 0.000534135 0.000472199 4.16442e-05 0.106949 0.00211061 8.85687 2.75081 86.7657 14.0673 1109.35 67.2424 1204.97 74.0663 1204.97 74.0663 0.575857 0.0100994 
200 0.28 789600000 562.702 14.3001 -59.055 0.693829 3905.3 95.4628 2.31159e+07 1.55461e+06 -0.000780005 0.00281084 -0.00511416 0.0030093 0.0148173 0.000529722 0.000472199 4.15599e-05 0.106949 0.00211061 8.85687 2.74072 86.7657 14.0673 1109.35 67.2424 1204.97 74.0663 1204.97 74.0663 0.575857 0.0100994 
200 0.28 790400000 562.702 14.3001 -59.055 0.693829 3905.3 95.4628 2.31159e+07 1.55461e+06 -0.000780005 0.00281084 -0.00511416 0.0030093 0.0148173 0.000529722 0.000472199 4.15599e-05 0.106949 0.00211061 8.85687 2.73998 86.7657 14.0673 1109.35 67.2424 1204.97 74.0663 1204.97 74.0663 0.575857 0.0100994 
200 0.28 791200000 562.702 14.3001 -59.055 0.693829 3905.3 95.4628 2.31159e+07 1.55461e+06 -0.000780005 0.00281084 -0.00511416 0.0030093 0.0148173 0.000529722 0.000472199 4.14827e-05 0.106949 0.00211061 8.85687 2.73507 86.7657 14.0673 1109.35 67.2424 1204.97 74.0663 1204.97 74.0663 0.575857 0.0100994 
200 0.28 792000000 562.702 14.3001 -59.055 0.693829 3905.3 95.4628 2.31159e+07 1.55461e+06 -0.000780005 0.00281084 -0.00511416 0.0030093 0.0148173 0.000529722 0.000472199 4.14827e-05 0.106949 0.00211061 8.85687 2.73483 86.7657 14.0673 1109.35 67.2424 1204.97 74.0663 1204.97 74.0663 0.575857 0.0100994 
200 0.28 792800000 562.702 14.3001 -59.055 0.693829 3905.3 95.4628 2.31159e+07 1.55461e+06 -0.000780005 0.00281084 -0.00511416 0.0030093 0.0148173 0.000529722 0.000472199 4.14024e-05 0.106949 0.00211061 8.85687 2.72945 86.7657 14.0673 1109.35 67.2424 1204.97 74.0663 1204.97 74.0663 0.575857 0.0100994 
200 0.28 793600000 562.702 14.3001 -59.055 0.693829 3905.3 95.4628 2.31159e+07 1.55461e+06 -0.000780005 0.00281084 -0.00511416 0.0030093 0.0148173 0.000529722 0.000472199 4.14024e-05 0.106949 0.00211061 8.85687 2.72873 86.7657 14.0673 1109.35 67.2424 1204.97 74.0663 1204.97 74.0663 0.575857 0.0100994 
200 0.28 794400000 562.702 14.3001 -59.055 0.693829 3905.3 95.4628 2.31159e+07 1.55461e+06 -0.000780005 0.00281084 -0.00511416 0.0030093 0.0148173 0.000529722 0.000472199 4.13247e-05 0.106949 0.00211061 8.85687 2.72836 86.7657 14.0673 1109.35 67.2424 1204.97 74.0663 1204.97 74.0663 0.575857 0.0100994 
200 0.28 795200000 562.702 14.3001 -59.055 0.693829 3905.3 95.4628 2.31159e+07 1.55461e+06 -0.000780005 0.00281084 -0.00511416 0.0030093 0.0148173 0.000529722 0.000472199 4.13247e-05 0.106949 0.00211061 8.85687 2.72836 86.7657 14.0673 1109.35 67.2424 1204.97 74.0663 1204.97 74.0663 0.575857 0.0100994 
200 0.28 796000000 562.702 14.13 -59.055 0.696714 3905.3 97.3388 2.31159e+07 1.56856e+06 -0.000780005 0.00281084 -0.00511416 0.00300237 0.0148173 0.000525981 0.000472199 4.12474e-05 0.106949 0.00211061 8.85687 2.71941 86.7657 14.0673 1109.35 67.2424 1204.97 74.0663 1204.97 74.0663 0.575857 0.0100994 
200 0.28 796800000 562.702 14.13 -59.055 0.696714 3905.3 97.3388 2.31159e+07 1.56856e+06 -0.000780005 0.00281084 -0.00511416 0.00300237 0.0148173 0.000525981 0.000472199 4.12474e-05 0.106949 0.00211061 8.85687 2.71941 86.7657 14.0673 1109.35 67.2424 1204.97 74.0663 1204.97 74.0663 0.575857 0.0100994 
200 0.28 797600000 562.702 14.13 -59.055 0.696714 3905.3 97.3388 2.31159e+07 1.56856e+06 -0.000780005 0.00281084 -0.00511416 0.00300237 0.0148173 0.000525981 0.000472199 4.11669e-05 0.106949 0.00211061 8.85687 2.71941 86.7657 14.0673 1109.35 67.2424 1204.97 74.0663 1204.97 74.0663 0.575857 0.0100994 
200 0.28 798400000 562.702 14.13 -59.055 0.696714 3905.3 97.3388 2.31159e+07 1.56856e+06 -0.000780005 0.00281084 -0.00511416 0.00300237 0.0148173 0.000525981 0.000472199 4.11669e-05 0.106949 0.00211061 8.85687 2.71941 86.7657 14.0673 1109.35 67.2424 1204.97 74.0663 1204.97 74.0663 0.575857 0.0100994 
200 0.28 799200000 562.702 14.13 -59.055 0.696714 3905.3 97.3388 2.31159e+07 1.56856e+06 -0.000780005 0.00281084 -0.00511416 0.00300237 0.0148173 0.000525981 0.000472199 4.10927e-05 0.106949 0.00211061 8.85687 2.71941 86.7657 14.0673 1109.35 67.2424 1204.97 74.0663 1204.97 74.0663 0.575857 0.0100994 
200 0.28 800000000 562.702 14.13 -59.055 0.696714 3905.3 97.3388 2.31159e+07 1.56856e+06 -0.000780005 0.00281084 -0.00511416 0.00300237 0.0148173 0.000525981 0.000472199 4.10927e-05 0.106949 0.00211061 8.85687 2.71941 86.7657 14.0673 1109.35 67.2424 1204.97 74.0663 1204.97 74.0663 0.575857 0.0100994 
200 0.28 800800000 562.702 14.13 -59.055 0.696714 3905.3 97.3388 2.31159e+07 1.56856e+06 -0.000780005 0.00281084 -0.00511416 0.00300237 0.0148173 0.000525981 0.000472199 4.10153e-05 0.106949 0.00211061 8.85687 2.71941 86.7657 14.0673 1109.35 67.2424 1204.97 74.0663 1204.97 74.0663 0.575857 0.0100994 
200 0.28 801600000 562.702 14.13 -59.055 0.696714 3905.3 97.3388 2.31159e+07 1.56856e+06 -0.000780005 0.00281084 -0.00511416 0.00300237 0.0148173 0.000525981 0.000472199 4.10153e-05 0.106949 0.00211061 8.85687 2.71941 86.7657 14.0673 1109.35 67.2424 1204.97 74.0663 1204.97 74.0663 0.575857 0.0100994 
200 0.28 802400000 562.702 14.13 -59.055 0.696714 3905.3 97.3388 2.31159e+07 1.56856e+06 -0.000780005 0.00281084 -0.00511416 0.00300237 0.0148173 0.000522589 0.000472199 4.09419e-05 0.106949 0.00211061 8.85687 2.71941 86.7657 14.0673 1109.35 67.2424 1204.97 74.0663 1204.97 74.0663 0.575857 0.0100994 
200 0.28 803200000 562.702 14.13 -59.055 0.696714 3905.3 97.3388 2.31159e+07 1.56856e+06 -0.000780005 0.00281084 -0.00511416 0.00300237 0.0148173 0.000522589 0.000472199 4.09419e-05 0.106949 0.00211061 8.85687 2.71941 86.7657 14.0673 1109.35 67.2424 1204.97 74.0663 1204.97 74.0663 0.575857 0.0100994 
200 0.28 804000000 562.702 14.13 -59.055 0.696714 3905.3 97.3388 2.31159e+07 1.56856e+06 -0.000780005 0.00281084 -0.00511416 0.00300237 0.0148173 0.000522589 0.000472199 4.08592e-05 0.106949 0.00211061 8.85687 2.71941 86.7657 14.0673 1109.35 67.2424 1204.97 74.0663 1204.97 74.0663 0.575857 0.0100994 
200 0.28 804800000 562.702 14.13 -59.055 0.696714 3905.3 97.3388 2.31159e+07 1.56856e+06 -0.000780005 0.00281084 -0.00511416 0.00300237 0.0148173 0.000522589 0.000472199 4.08592e-05 0.106949 0.00211061 8.85687 2.71941 86.7657 14.0673 1109.35 67.2424 1204.97 74.0663 1204.97 74.0663 0.575857 0.0100994 
200 0.28 805600000 562.702 14.13 -59.055 0.696714 3905.3 97.3388 2.31159e+07 1.56856e+06 -0.000780005 0.00281084 -0.00511416 0.00300237 0.0148173 0.000522589 0.000472199 4.07832e-05 0.106949 0.00211061 8.85687 2.71941 86.7657 14.0673 1109.35 67.2424 1204.97 74.0663 1204.97 74.0663 0.575857 0.0100994 
200 0.28 806400000 562.702 14.13 -59.055 0.696714 3905.3 97.3388 2.31159e+07 1.56856e+06 -0.000780005 0.00281084 -0.00511416 0.00300237 0.0148173 0.000522589 0.000472199 4.07832e-05 0.106949 0.00211061 8.85687 2.71941 86.7657 14.0673 1109.35 67.2424 1204.97 74.0663 1204.97 74.0663 0.575857 0.0100994 
200 0.28 807200000 562.702 14.13 -59.055 0.696714 3905.3 97.3388 2.31159e+07 1.56856e+06 -0.000780005 0.00281084 -0.00511416 0.00300237 0.0148173 0.000522589 0.000472199 4.07072e-05 0.106949 0.00211061 8.85687 2.71941 86.7657 14.0673 1109.35 67.2424 1204.97 74.0663 1204.97 74.0663 0.575857 0.0100994 
200 0.28 808000000 562.702 14.13 -59.055 0.696714 3905.3 97.3388 2.31159e+07 1.56856e+06 -0.000780005 0.00281084 -0.00511416 0.00300237 0.0148173 0.000522589 0.000472199 4.07072e-05 0.106949 0.00211061 8.85687 2.71941 86.7657 14.0673 1109.35 67.2424 1204.97 74.0663 1204.97 74.0663 0.575857 0.0100994 
200 0.28 808800000 562.702 13.9945 -59.055 0.690136 3905.3 96.5058 2.31159e+07 1.55461e+06 -0.000780005 0.00281084 -0.00511416 0.00295777 0.0148173 0.000520487 0.000472199 4.06288e-05 0.106949 0.00211061 8.85687 2.71411 86.7657 14.0673 1109.35 67.2424 1204.97 74.0663 1204.97 74.0663 0.575857 0.0100994 
200 0.28 809600000 562.702 13.9945 -59.055 0.690136 3905.3 96.5058 2.31159e+07 1.55461e+06 -0.000780005 0.00281084 -0.00511416 0.00295777 0.0148173 0.000520487 0.000472199 4.06288e-05 0.106949 0.00211061 8.85687 2.71411 86.7657 14.0673 1109.35 67.2424 1204.97 74.0663 1204.97 74.0663 0.575857 0.0100994 
200 0.28 810400000 562.702 13.9945 -59.055 0.690136 3905.3 96.5058 2.31159e+07 1.55461e+06 -0.000780005 0.00281084 -0.00511416 0.00295777 0.0148173 0.000520487 0.000472199 4.05518e-05 0.106949 0.00211061 8.85687 2.71411 86.7657 14.0673 1109.35 67.2424 1204.97 74.0663 1204.97 74.0663 0.575857 0.0100994 
200 0.28 811200000 562.702 13.9945 -59.055 0.690136 3905.3 96.5058 2.31159e+07 1.55461e+06 -0.000780005 0.00281084 -0.00511416 0.00295777 0.0148173 0.000520487 0.000472199 4.05518e-05 0.106949 0.00211061 8.85687 2.71411 86.7657 14.0673 1109.35 67.2424 1204.97 74.0663 1204.97 74.0663 0.575857 0.0100994 
200 0.28 812000000 562.702 13.9945 -59.055 0.690136 3905.3 96.5058 2.31159e+07 1.55461e+06 -0.000780005 0.00281084 -0.00511416 0.00295777 0.0148173 0.000520487 0.000472199 4.04733e-05 0.106949 0.00211061 8.85687 2.71411 86.7657 14.0673 1109.35 67.2424 1204.97 74.0663 1204.97 74.0663 0.575857 0.0100994 
200 0.28 812800000 562.702 13.9945 -59.055 0.690136 3905.3 96.5058 2.31159e+07 1.55461e+06 -0.000780005 0.00281084 -0.00511416 0.00295777 0.0148173 0.000520487 0.000472199 4.04733e-05 0.106949 0.00211061 8.85687 2.71411 86.7657 14.0673 1109.35 67.2424 1204.97 74.0663 1204.97 74.0663 0.575857 0.0100994 
200 0.28 813600000 562.702 13.9945 -59.055 0.690136 3905.3 96.5058 2.31159e+07 1.55461e+06 -0.000780005 0.00281084 -0.00511416 0.00295777 0.0148173 0.000520487 0.000472199 4.05633e-05 0.106949 0.00211061 8.85687 2.71411 86.7657 14.0673 1109.35 67.2424 1204.97 74.0663 1204.97 74.0663 0.575857 0.0100994 
200 0.28 814400000 562.702 13.9945 -59.055 0.690136 3905.3 96.5058 2.31159e+07 1.55461e+06 -0.000780005 0.00281084 -0.00511416 0.00295777 0.0148173 0.000520487 0.000472199 4.05633e-05 0.106949 0.00211061 8.85687 2.71411 86.7657 14.0673 1109.35 67.2424 1204.97 74.0663 1204.97 74.0663 0.575857 0.0100994 
200 0.28 815200000 562.702 13.9945 -59.055 0.690136 3905.3 96.5058 2.31159e+07 1.55461e+06 -0.000780005 0.00281084 -0.00511416 0.00295777 0.0148173 0.000520487 0.000472199 4.04911e-05 0.106949 0.00211061 8.85687 2.71411 86.7657 14.0673 1109.35 67.2424 1204.97 74.0663 1204.97 74.0663 0.575857 0.0100994 
200 0.28 816000000 562.702 13.9945 -59.055 0.690136 3905.3 96.5058 2.31159e+07 1.55461e+06 -0.000780005 0.00281084 -0.00511416 0.00295777 0.0148173 0.000520487 0.000472199 4.04911e-05 0.106949 0.00211061 8.85687 2.71411 86.7657 14.0673 1109.35 67.2424 1204.97 74.0663 1204.97 74.0663 0.575857 0.0100994 
200 0.28 816800000 562.702 13.9945 -59.055 0.690136 3905.3 96.5058 2.31159e+07 1.55461e+06 -0.000780005 0.00281084 -0.00511416 0.00295777 0.0148173 0.000520487 0.000472199 4.04197e-05 0.106949 0.00211061 8.85687 2.71411 86.7657 14.0673 1109.35 67.2424 1204.97 74.0663 1204.97 74.0663 0.575857 0.0100994 
200 0.28 817600000 562.702 13.9945 -59.055 0.690136 3905.3 96.5058 2.31159e+07 1.55461e+06 -0.000780005 0.00281084 -0.00511416 0.00295777 0.0148173 0.000520487 0.000472199 4.04197e-05 0.106949 0.00211061 8.85687 2.71411 86.7657 14.0673 1109.35 67.2424 1204.97 74.0663 1204.97 74.0663 0.575857 0.0100994 
200 0.28 818400000 562.702 13.9945 -59.055 0.690136 3905.3 96.5058 2.31159e+07 1.55461e+06 -0.000780005 0.00281084 -0.00511416 0.00295777 0.0148173 0.000520487 0.000472199 4.03496e-05 0.106949 0.00211061 8.85687 2.71411 86.7657 14.0673 1109.35 67.2424 1204.97 74.0663 1204.97 74.0663 0.575857 0.0100994 
200 0.28 819200000 562.702 13.9945 -59.055 0.690136 3905.3 96.5058 2.31159e+07 1.55461e+06 -0.000780005 0.00281084 -0.00511416 0.00295777 0.0148173 0.000520487 0.000472199 4.03496e-05 0.106949 0.00211061 8.85687 2.71411 86.7657 14.0673 1109.35 67.2424 1204.97 74.0663 1204.97 74.0663 0.575857 0.0100994 
200 0.28 820000000 562.702 13.9945 -59.055 0.690136 3905.3 96.5058 2.31159e+07 1.55461e+06 -0.000780005 0.00281084 -0.00511416 0.00295777 0.0148173 0.000520487 0.000472199 4.02729e-05 0.106949 0.00211061 8.85687 2.71411 86.7657 14.0673 1109.35 67.2424 1204.97 74.0663 1204.97 74.0663 0.575857 0.0100994 
200 0.28 820800000 562.702 13.9945 -59.055 0.690136 3905.3 96.5058 2.31159e+07 1.55461e+06 -0.000780005 0.00281084 -0.00511416 0.00295777 0.0148173 0.000520487 0.000472199 4.02729e-05 0.106949 0.00211061 8.85687 2.71411 86.7657 14.0673 1109.35 67.2424 1204.97 74.0663 1204.97 74.0663 0.575857 0.0100994 
200 0.28 821600000 562.702 13.8848 -59.055 0.679497 3905.3 94.988 2.31159e+07 1.55461e+06 -0.000780005 0.00281084 -0.00511416 0.0029174 0.0148173 0.000520487 0.000472199 4.02035e-05 0.106949 0.00211061 8.85687 2.71411 86.7657 14.0673 1109.35 67.2424 1204.97 74.0663 1204.97 74.0663 0.575857 0.0100994 
200 0.28 822400000 562.702 13.8848 -59.055 0.679497 3905.3 94.988 2.31159e+07 1.55461e+06 -0.000780005 0.00281084 -0.00511416 0.0029174 0.0148173 0.000520487 0.000472199 4.02035e-05 0.106949 0.00211061 8.85687 2.71411 86.7657 14.0673 1109.35 67.2424 1204.97 74.0663 1204.97 74.0663 0.575857 0.0100994 
200 0.28 823200000 562.702 13.8848 -59.055 0.679497 3905.3 94.988 2.31159e+07 1.55461e+06 -0.000780005 0.00281084 -0.00511416 0.0029174 0.0148173 0.000520487 0.000472199 4.01324e-05 0.106949 0.00211061 8.85687 2.71411 86.7657 14.0673 1109.35 67.2424 1204.97 74.0663 1204.97 74.0663 0.575857 0.0100994 
200 0.28 824000000 562.702 13.8848 -59.055 0.679497 3905.3 94.988 2.31159e+07 1.55461e+06 -0.000780005 0.00281084 -0.00511416 0.0029174 0.0148173 0.000520487 0.000472199 4.01324e-05 0.106949 0.00211061 8.85687 2.71411 86.7657 14.0673 1109.35 67.2424 1204.97 74.0663 1204.97 74.0663 0.575857 0.0100994 
200 0.28 824800000 562.702 13.8848 -59.055 0.679497 3905.3 94.988 2.31159e+07 1.55461e+06 -0.000780005 0.00281084 -0.00511416 0.0029174 0.0148173 0.000520487 0.000472199 4.00574e-05 0.106949 0.00211061 8.85687 2.71411 86.7657 14.0673 1109.35 67.2424 1204.97 74.0663 1204.97 74.0663 0.575857 0.0100994 
200 0.28 825600000 562.702 13.8848 -59.055 0.679497 3905.3 94.988 2.31159e+07 1.55461e+06 -0.000780005 0.00281084 -0.00511416 0.0029174 0.0148173 0.000520487 0.000472199 4.00574e-05 0.106949 0.00211061 8.85687 2.71411 86.7657 14.0673 1109.35 67.2424 1204.97 74.0663 1204.97 74.0663 0.575857 0.0100994 
200 0.28 826400000 562.702 13.8848 -59.055 0.679497 3905.3 94.988 2.31159e+07 1.55461e+06 -0.000780005 0.00281084 -0.00511416 0.0029174 0.0148173 0.000520487 0.000472199 3.99878e-05 0.106949 0.00211061 8.85687 2.71411 86.7657 14.0673 1109.35 67.2424 1204.97 74.0663 1204.97 74.0663 0.575857 0.0100994 
200 0.28 827200000 562.702 13.8848 -59.055 0.679497 3905.3 94.988 2.31159e+07 1.55461e+06 -0.000780005 0.00281084 -0.00511416 0.0029174 0.0148173 0.000520487 0.000472199 3.99878e-05 0.106949 0.00211061 8.85687 2.71411 86.7657 14.0673 1109.35 67.2424 1204.97 74.0663 1204.97 74.0663 0.575857 0.0100994 
200 0.28 828000000 562.702 13.8848 -59.055 0.679497 3905.3 94.988 2.31159e+07 1.55461e+06 -0.000780005 0.00281084 -0.00511416 0.0029174 0.0148173 0.000520487 0.000472199 3.99159e-05 0.106949 0.00211061 8.85687 2.71411 86.7657 14.0673 1109.35 67.2424 1204.97 74.0663 1204.97 74.0663 0.575857 0.0100994 
200 0.28 828800000 562.702 13.8848 -59.055 0.679497 3905.3 94.988 2.31159e+07 1.55461e+06 -0.000780005 0.00281084 -0.00511416 0.0029174 0.0148173 0.000520487 0.000472199 3.99159e-05 0.106949 0.00211061 8.85687 2.71411 86.7657 14.0673 1109.35 67.2424 1204.97 74.0663 1204.97 74.0663 0.575857 0.0100994 
200 0.28 829600000 562.702 13.8848 -59.055 0.679497 3905.3 94.988 2.31159e+07 1.55461e+06 -0.000780005 0.00281084 -0.00511416 0.0029174 0.0148173 0.000520487 0.000472199 3.98434e-05 0.106949 0.00211061 8.85687 2.71411 86.7657 14.0673 1109.35 67.2424 1204.97 74.0663 1204.97 74.0663 0.575857 0.0100994 
200 0.28 830400000 562.702 13.8848 -59.055 0.679497 3905.3 94.988 2.31159e+07 1.55461e+06 -0.000780005 0.00281084 -0.00511416 0.0029174 0.0148173 0.000520487 0.000472199 3.98434e-05 0.106949 0.00211061 8.85687 2.71411 86.7657 14.0673 1109.35 67.2424 1204.97 74.0663 1204.97 74.0663 0.575857 0.0100994 
200 0.28 831200000 562.702 13.8848 -59.055 0.679497 3905.3 94.988 2.31159e+07 1.55461e+06 -0.000780005 0.00281084 -0.00511416 0.0029174 0.0148173 0.000520487 0.000472199 3.98125e-05 0.106949 0.00211061 8.85687 2.71411 86.7657 14.0673 1109.35 67.2424 1204.97 74.0663 1204.97 74.0663 0.575857 0.0100994 
200 0.28 832000000 562.702 13.8848 -59.055 0.679497 3905.3 94.988 2.31159e+07 1.55461e+06 -0.000780005 0.00281084 -0.00511416 0.0029174 0.0148173 0.000520487 0.000472199 3.98125e-05 0.106949 0.00211061 8.85687 2.71411 86.7657 14.0673 1109.35 67.2424 1204.97 74.0663 1204.97 74.0663 0.575857 0.0100994 
200 0.28 832800000 562.702 13.8848 -59.055 0.679497 3905.3 94.988 2.31159e+07 1.55461e+06 -0.000780005 0.00281084 -0.00511416 0.0029174 0.0148173 0.000520487 0.000472199 3.97347e-05 0.106949 0.00211061 8.85687 2.71411 86.7657 14.0673 1109.35 67.2424 1204.97 74.0663 1204.97 74.0663 0.575857 0.0100994 
200 0.28 833600000 562.702 13.8848 -59.055 0.679497 3905.3 94.988 2.31159e+07 1.55461e+06 -0.000780005 0.00281084 -0.00511416 0.0029174 0.0148173 0.000520487 0.000472199 3.97347e-05 0.106949 0.00211061 8.85687 2.71411 86.7657 14.0673 1109.35 67.2424 1204.97 74.0663 1204.97 74.0663 0.575857 0.0100994 
200 0.28 834400000 556.721 13.722 -59.2309 0.671584 3925.84 93.6366 2.33047e+07 1.50448e+06 -0.00132218 0.00269837 -0.00588898 0.00287294 0.0147872 0.000513974 0.000467348 3.96582e-05 0.106908 0.00195631 8.64982 2.59048 83.6951 13.5191 1106.43 63.1034 1198.77 69.6965 1198.77 69.6965 0.574044 0.00963002 
200 0.28 835200000 556.721 13.722 -59.2309 0.671584 3925.84 93.6366 2.33047e+07 1.50448e+06 -0.00132218 0.00269837 -0.00588898 0.00287294 0.0147872 0.000513974 0.000467348 3.96582e-05 0.106908 0.00195631 8.64982 2.59048 83.6951 13.5191 1106.43 63.1034 1198.77 69.6965 1198.77 69.6965 0.574044 0.00963002 
200 0.28 836000000 556.721 13.722 -59.2309 0.671584 3925.84 93.6366 2.33047e+07 1.50448e+06 -0.00132218 0.00269489 -0.00588898 0.00287294 0.0147872 0.000513974 0.000467348 3.95898e-05 0.106908 0.00195631 8.64982 2.58579 83.6951 13.5191 1106.43 63.1034 1198.77 69.6965 1198.77 69.6965 0.574044 0.00963002 
200 0.28 836800000 556.721 13.722 -59.2309 0.671584 3925.84 93.6366 2.33047e+07 1.50448e+06 -0.00132218 0.00269489 -0.00588898 0.00287294 0.0147872 0.000513974 0.000467348 3.95898e-05 0.106908 0.00195631 8.64982 2.58579 83.6951 13.5191 1106.43 63.1034 1198.77 69.6965 1198.77 69.6965 0.574044 0.00963002 
200 0.28 837600000 556.721 13.722 -59.2309 0.671584 3925.84 93.6366 2.33047e+07 1.50448e+06 -0.00132218 0.00268971 -0.00588898 0.00287294 0.0147872 0.000513974 0.000467348 3.9523e-05 0.106908 0.00195631 8.64982 2.58041 83.6951 13.5191 1106.43 63.1034 1198.77 69.6965 1198.77 69.6965 0.574044 0.00963002 
200 0.28 838400000 556.721 13.722 -59.2309 0.671584 3925.84 93.6366 2.33047e+07 1.50448e+06 -0.00132218 0.00268971 -0.00588898 0.00287294 0.0147872 0.000513974 0.000467348 3.9523e-05 0.106908 0.00195631 8.64982 2.58041 83.6951 13.5191 1106.43 63.1034 1198.77 69.6965 1198.77 69.6965 0.574044 0.00963002 
200 0.28 839200000 556.721 13.722 -59.2309 0.671584 3925.84 93.6366 2.33047e+07 1.50448e+06 -0.00132218 0.00268846 -0.00588898 0.00287294 0.0147872 0.000513974 0.000467348 3.945e-05 0.106908 0.00195631 8.64982 2.57996 83.6951 13.5191 1106.43 63.1034 1198.77 69.6965 1198.77 69.6965 0.574044 0.00963002 
200 0.28 840000000 556.721 13.722 -59.2309 0.671584 3925.84 93.6366 2.33047e+07 1.50448e+06 -0.00132218 0.00268846 -0.00588898 0.00287294 0.0147872 0.000513974 0.000467348 3.945e-05 0.106908 0.00195631 8.64982 2.57996 83.6951 13.5191 1106.43 63.1034 1198.77 69.6965 1198.77 69.6965 0.574044 0.00963002 
200 0.28 840800000 556.721 13.722 -59.2309 0.671584 3925.84 93.6366 2.33047e+07 1.50448e+06 -0.00132218 0.00268803 -0.00588898 0.00287294 0.0147872 0.000511884 0.000467348 3.9374e-05 0.106908 0.00195631 8.64982 2.57044 83.6951 13.5191 1106.43 63.1034 1198.77 69.6965 1198.77 69.6965 0.574044 0.00963002 
200 0.28 841600000 556.721 13.722 -59.2309 0.671584 3925.84 93.6366 2.33047e+07 1.50448e+06 -0.00132218 0.00268803 -0.00588898 0.00287294 0.0147872 0.000511884 0.000467348 3.9374e-05 0.106908 0.00195631 8.64982 2.57044 83.6951 13.5191 1106.43 63.1034 1198.77 69.6965 1198.77 69.6965 0.574044 0.00963002 
200 0.28 842400000 556.721 13.722 -59.2309 0.671584 3925.84 93.6366 2.33047e+07 1.50448e+06 -0.00132218 0.00268967 -0.00588898 0.00287294 0.0147872 0.000511884 0.000467348 3.93013e-05 0.106908 0.00195631 8.64982 2.56582 83.6951 13.5191 1106.43 63.1034 1198.77 69.6965 1198.77 69.6965 0.574044 0.00963002 
200 0.28 843200000 556.721 13.722 -59.2309 0.671584 3925.84 93.6366 2.33047e+07 1.50448e+06 -0.00132218 0.00268967 -0.00588898 0.00287294 0.0147872 0.000511884 0.000467348 3.93013e-05 0.106908 0.00195631 8.64982 2.56582 83.6951 13.5191 1106.43 63.1034 1198.77 69.6965 1198.77 69.6965 0.574044 0.00963002 
200 0.28 844000000 556.721 13.722 -59.2309 0.671584 3925.84 93.6366 2.33047e+07 1.50448e+06 -0.00132218 0.00268852 -0.00588898 0.00287294 0.0147872 0.000511884 0.000467348 3.92261e-05 0.106908 0.00195631 8.64982 2.56054 83.6951 13.5191 1106.43 63.1034 1198.77 69.6965 1198.77 69.6965 0.574044 0.00963002 
200 0.28 844800000 556.721 13.722 -59.2309 0.671584 3925.84 93.6366 2.33047e+07 1.50448e+06 -0.00132218 0.00268852 -0.00588898 0.00287294 0.0147872 0.000511884 0.000467348 3.92261e-05 0.106908 0.00195631 8.64982 2.56054 83.6951 13.5191 1106.43 63.1034 1198.77 69.6965 1198.77 69.6965 0.574044 0.00963002 
200 0.28 845600000 556.721 13.722 -59.2309 0.671584 3925.84 93.6366 2.33047e+07 1.50448e+06 -0.00132218 0.00268695 -0.00588898 0.00287294 0.0147872 0.000511884 0.000467348 3.91508e-05 0.106908 0.00195631 8.64982 2.55999 83.6951 13.5191 1106.43 63.1034 1198.77 69.6965 1198.77 69.6965 0.574044 0.00963002 
200 0.28 846400000 556.721 13.722 -59.2309 0.671584 3925.84 93.6366 2.33047e+07 1.50448e+06 -0.00132218 0.00268695 -0.00588898 0.00287294 0.0147872 0.000511884 0.000467348 3.91508e-05 0.106908 0.00195631 8.64982 2.55999 83.6951 13.5191 1106.43 63.1034 1198.77 69.6965 1198.77 69.6965 0.574044 0.00963002 
200 0.28 847200000 556.721 13.5425 -59.2309 0.681817 3925.84 95.1878 2.33047e+07 1.51466e+06 -0.00132218 0.00268695 -0.00588898 0.00285858 0.0147872 0.000507961 0.000467348 3.90763e-05 0.106908 0.00195631 8.64982 2.55339 83.6951 13.5191 1106.43 63.1034 1198.77 69.6965 1198.77 69.6965 0.574044 0.00963002 
200 0.28 848000000 556.721 13.5425 -59.2309 0.681817 3925.84 95.1878 2.33047e+07 1.51466e+06 -0.00132218 0.00268695 -0.00588898 0.00285858 0.0147872 0.000507961 0.000467348 3.90763e-05 0.106908 0.00195631 8.64982 2.55339 83.6951 13.5191 1106.43 63.1034 1198.77 69.6965 1198.77 69.6965 0.574044 0.00963002 
200 0.28 848800000 556.721 13.5425 -59.2309 0.681817 3925.84 95.1878 2.33047e+07 1.51466e+06 -0.00132218 0.00268695 -0.00588898 0.00285858 0.0147872 0.000507961 0.000467348 3.90792e-05 0.106908 0.00195631 8.64982 2.55339 83.6951 13.5191 1106.43 63.1034 1198.77 69.6965 1198.77 69.6965 0.574044 0.00963002 
200 0.28 849600000 556.721 13.5425 -59.2309 0.681817 3925.84 95.1878 2.33047e+07 1.51466e+06 -0.00132218 0.00268695 -0.00588898 0.00285858 0.0147872 0.000507961 0.000467348 3.90792e-05 0.106908 0.00195631 8.64982 2.55339 83.6951 13.5191 1106.43 63.1034 1198.77 69.6965 1198.77 69.6965 0.574044 0.00963002 
200 0.28 850400000 556.721 13.5425 -59.2309 0.681817 3925.84 95.1878 2.33047e+07 1.51466e+06 -0.00132218 0.00268695 -0.00588898 0.00285858 0.0147872 0.000507961 0.000467348 3.90043e-05 0.106908 0.00195631 8.64982 2.55339 83.6951 13.5191 1106.43 63.1034 1198.77 69.6965 1198.77 69.6965 0.574044 0.00963002 
200 0.28 851200000 556.721 13.5425 -59.2309 0.681817 3925.84 95.1878 2.33047e+07 1.51466e+06 -0.00132218 0.00268695 -0.00588898 0.00285858 0.0147872 0.000507961 0.000467348 3.90043e-05 0.106908 0.00195631 8.64982 2.55339 83.6951 13.5191 1106.43 63.1034 1198.77 69.6965 1198.77 69.6965 0.574044 0.00963002 
200 0.28 852000000 556.721 13.5425 -59.2309 0.681817 3925.84 95.1878 2.33047e+07 1.51466e+06 -0.00132218 0.00268695 -0.00588898 0.00285858 0.0147872 0.000507961 0.000467348 3.89387e-05 0.106908 0.00195631 8.64982 2.55339 83.6951 13.5191 1106.43 63.1034 1198.77 69.6965 1198.77 69.6965 0.574044 0.00963002 
200 0.28 852800000 556.721 13.5425 -59.2309 0.681817 3925.84 95.1878 2.33047e+07 1.51466e+06 -0.00132218 0.00268695 -0.00588898 0.00285858 0.0147872 0.000507961 0.000467348 3.89387e-05 0.106908 0.00195631 8.64982 2.55339 83.6951 13.5191 1106.43 63.1034 1198.77 69.6965 1198.77 69.6965 0.574044 0.00963002 
200 0.28 853600000 556.721 13.5425 -59.2309 0.681817 3925.84 95.1878 2.33047e+07 1.51466e+06 -0.00132218 0.00268695 -0.00588898 0.00285858 0.0147872 0.000505345 0.000467348 3.88657e-05 0.106908 0.00195631 8.64982 2.55339 83.6951 13.5191 1106.43 63.1034 1198.77 69.6965 1198.77 69.6965 0.574044 0.00963002 
200 0.28 854400000 556.721 13.5425 -59.2309 0.681817 3925.84 95.1878 2.33047e+07 1.51466e+06 -0.00132218 0.00268695 -0.00588898 0.00285858 0.0147872 0.000505345 0.000467348 3.88657e-05 0.106908 0.00195631 8.64982 2.55339 83.6951 13.5191 1106.43 63.1034 1198.77 69.6965 1198.77 69.6965 0.574044 0.00963002 
200 0.28 855200000 556.721 13.5425 -59.2309 0.681817 3925.84 95.1878 2.33047e+07 1.51466e+06 -0.00132218 0.00268695 -0.00588898 0.00285858 0.0147872 0.000505345 0.000467348 3.8799e-05 0.106908 0.00195631 8.64982 2.55339 83.6951 13.5191 1106.43 63.1034 1198.77 69.6965 1198.77 69.6965 0.574044 0.00963002 
200 0.28 856000000 556.721 13.5425 -59.2309 0.681817 3925.84 95.1878 2.33047e+07 1.51466e+06 -0.00132218 0.00268695 -0.00588898 0.00285858 0.0147872 0.000505345 0.000467348 3.8799e-05 0.106908 0.00195631 8.64982 2.55339 83.6951 13.5191 1106.43 63.1034 1198.77 69.6965 1198.77 69.6965 0.574044 0.00963002 
200 0.28 856800000 556.721 13.5425 -59.2309 0.681817 3925.84 95.1878 2.33047e+07 1.51466e+06 -0.00132218 0.00268695 -0.00588898 0.00285858 0.0147872 0.000505345 0.000467348 3.87347e-05 0.106908 0.00195631 8.64982 2.55339 83.6951 13.5191 1106.43 63.1034 1198.77 69.6965 1198.77 69.6965 0.574044 0.00963002 
200 0.28 857600000 556.721 13.5425 -59.2309 0.681817 3925.84 95.1878 2.33047e+07 1.51466e+06 -0.00132218 0.00268695 -0.00588898 0.00285858 0.0147872 0.000505345 0.000467348 3.87347e-05 0.106908 0.00195631 8.64982 2.55339 83.6951 13.5191 1106.43 63.1034 1198.77 69.6965 1198.77 69.6965 0.574044 0.00963002 
200 0.28 858400000 556.721 13.5425 -59.2309 0.681817 3925.84 95.1878 2.33047e+07 1.51466e+06 -0.00132218 0.00268695 -0.00588898 0.00285858 0.0147872 0.000505345 0.000467348 3.86711e-05 0.106908 0.00195631 8.64982 2.55339 83.6951 13.5191 1106.43 63.1034 1198.77 69.6965 1198.77 69.6965 0.574044 0.00963002 
200 0.28 859200000 556.721 13.5425 -59.2309 0.681817 3925.84 95.1878 2.33047e+07 1.51466e+06 -0.00132218 0.00268695 -0.00588898 0.00285858 0.0147872 0.000505345 0.000467348 3.86711e-05 0.106908 0.00195631 8.64982 2.55339 83.6951 13.5191 1106.43 63.1034 1198.77 69.6965 1198.77 69.6965 0.574044 0.00963002 
200 0.28 860000000 556.721 13.6314 -59.2309 0.672856 3925.84 94.0937 2.33047e+07 1.49814e+06 -0.00132218 0.00268695 -0.00588898 0.00281923 0.0147872 0.000506076 0.000467348 3.86016e-05 0.106908 0.00195631 8.64982 2.55236 83.6951 13.5191 1106.43 63.1034 1198.77 69.6965 1198.77 69.6965 0.574044 0.00963002 
200 0.28 860800000 556.721 13.6314 -59.2309 0.672856 3925.84 94.0937 2.33047e+07 1.49814e+06 -0.00132218 0.00268695 -0.00588898 0.00281923 0.0147872 0.000506076 0.000467348 3.86016e-05 0.106908 0.00195631 8.64982 2.55236 83.6951 13.5191 1106.43 63.1034 1198.77 69.6965 1198.77 69.6965 0.574044 0.00963002 
200 0.28 861600000 556.721 13.6314 -59.2309 0.672856 3925.84 94.0937 2.33047e+07 1.49814e+06 -0.00132218 0.00268695 -0.00588898 0.00281923 0.0147872 0.000506076 0.000467348 3.85319e-05 0.106908 0.00195631 8.64982 2.55236 83.6951 13.5191 1106.43 63.1034 1198.77 69.6965 1198.77 69.6965 0.574044 0.00963002 
200 0.28 862400000 556.721 13.6314 -59.2309 0.672856 3925.84 94.0937 2.33047e+07 1.49814e+06 -0.00132218 0.00268695 -0.00588898 0.00281923 0.0147872 0.000506076 0.000467348 3.85319e-05 0.106908 0.00195631 8.64982 2.55236 83.6951 13.5191 1106.43 63.1034 1198.77 69.6965 1198.77 69.6965 0.574044 0.00963002 
200 0.28 863200000 556.721 13.6314 -59.2309 0.672856 3925.84 94.0937 2.33047e+07 1.49814e+06 -0.00132218 0.00268695 -0.00588898 0.00281923 0.0147872 0.000506076 0.000467348 3.84625e-05 0.106908 0.00195631 8.64982 2.55236 83.6951 13.5191 1106.43 63.1034 1198.77 69.6965 1198.77 69.6965 0.574044 0.00963002 
200 0.28 864000000 556.721 13.6314 -59.2309 0.672856 3925.84 94.0937 2.33047e+07 1.49814e+06 -0.00132218 0.00268695 -0.00588898 0.00281923 0.0147872 0.000506076 0.000467348 3.84625e-05 0.106908 0.00195631 8.64982 2.55236 83.6951 13.5191 1106.43 63.1034 1198.77 69.6965 1198.77 69.6965 0.574044 0.00963002 
200 0.28 864800000 556.721 13.6314 -59.2309 0.672856 3925.84 94.0937 2.33047e+07 1.49814e+06 -0.00132218 0.00268695 -0.00588898 0.00281923 0.0147872 0.000506076 0.000467348 3.83983e-05 0.106908 0.00195631 8.64982 2.55236 83.6951 13.5191 1106.43 63.1034 1198.77 69.6965 1198.77 69.6965 0.574044 0.00963002 
200 0.28 865600000 556.721 13.6314 -59.2309 0.672856 3925.84 94.0937 2.33047e+07 1.49814e+06 -0.00132218 0.00268695 -0.00588898 0.00281923 0.0147872 0.000506076 0.000467348 3.83983e-05 0.106908 0.00195631 8.64982 2.55236 83.6951 13.5191 1106.43 63.1034 1198.77 69.6965 1198.77 69.6965 0.574044 0.00963002 
200 0.28 866400000 556.721 13.6314 -59.2309 0.672856 3925.84 94.0937 2.33047e+07 1.49814e+06 -0.00132218 0.00268695 -0.00588898 0.00281923 0.0147872 0.00050307 0.000467348 3.83261e-05 0.106908 0.00195631 8.64982 2.55236 83.6951 13.5191 1106.43 63.1034 1198.77 69.6965 1198.77 69.6965 0.574044 0.00963002 
200 0.28 867200000 556.721 13.6314 -59.2309 0.672856 3925.84 94.0937 2.33047e+07 1.49814e+06 -0.00132218 0.00268695 -0.00588898 0.00281923 0.0147872 0.00050307 0.000467348 3.83261e-05 0.106908 0.00195631 8.64982 2.55236 83.6951 13.5191 1106.43 63.1034 1198.77 69.6965 1198.77 69.6965 0.574044 0.00963002 
200 0.28 868000000 556.721 13.6314 -59.2309 0.672856 3925.84 94.0937 2.33047e+07 1.49814e+06 -0.00132218 0.00268695 -0.00588898 0.00281923 0.0147872 0.00050307 0.000467348 3.82553e-05 0.106908 0.00195631 8.64982 2.55236 83.6951 13.5191 1106.43 63.1034 1198.77 69.6965 1198.77 69.6965 0.574044 0.00963002 
200 0.28 868800000 556.721 13.6314 -59.2309 0.672856 3925.84 94.0937 2.33047e+07 1.49814e+06 -0.00132218 0.00268695 -0.00588898 0.00281923 0.0147872 0.00050307 0.000467348 3.82553e-05 0.106908 0.00195631 8.64982 2.55236 83.6951 13.5191 1106.43 63.1034 1198.77 69.6965 1198.77 69.6965 0.574044 0.00963002 
200 0.28 869600000 556.721 13.6314 -59.2309 0.672856 3925.84 94.0937 2.33047e+07 1.49814e+06 -0.00132218 0.00268695 -0.00588898 0.00281923 0.0147872 0.00050307 0.000467348 3.81884e-05 0.106908 0.00195631 8.64982 2.55236 83.6951 13.5191 1106.43 63.1034 1198.77 69.6965 1198.77 69.6965 0.574044 0.00963002 
200 0.28 870400000 556.721 13.6314 -59.2309 0.672856 3925.84 94.0937 2.33047e+07 1.49814e+06 -0.00132218 0.00268695 -0.00588898 0.00281923 0.0147872 0.00050307 0.000467348 3.81884e-05 0.106908 0.00195631 8.64982 2.55236 83.6951 13.5191 1106.43 63.1034 1198.77 69.6965 1198.77 69.6965 0.574044 0.00963002 
200 0.28 871200000 556.721 13.6314 -59.2309 0.672856 3925.84 94.0937 2.33047e+07 1.49814e+06 -0.00132218 0.00268695 -0.00588898 0.00281923 0.0147872 0.00050307 0.000467348 3.8132e-05 0.106908 0.00195631 8.64982 2.55236 83.6951 13.5191 1106.43 63.1034 1198.77 69.6965 1198.77 69.6965 0.574044 0.00963002 
200 0.28 872000000 556.721 13.6314 -59.2309 0.672856 3925.84 94.0937 2.33047e+07 1.49814e+06 -0.00132218 0.00268695 -0.00588898 0.00281923 0.0147872 0.00050307 0.000467348 3.8132e-05 0.106908 0.00195631 8.64982 2.55236 83.6951 13.5191 1106.43 63.1034 1198.77 69.6965 1198.77 69.6965 0.574044 0.00963002 
200 0.28 872800000 556.721 13.451 -59.2309 0.665378 3925.84 93.3962 2.33047e+07 1.4871e+06 -0.00132218 0.00268695 -0.00588898 0.00278822 0.0147872 0.000501277 0.000467348 3.80753e-05 0.106908 0.00195631 8.64982 2.55236 83.6951 13.5191 1106.43 63.1034 1198.77 69.6965 1198.77 69.6965 0.574044 0.00963002 
200 0.28 873600000 556.721 13.451 -59.2309 0.665378 3925.84 93.3962 2.33047e+07 1.4871e+06 -0.00132218 0.00268695 -0.00588898 0.00278822 0.0147872 0.000501277 0.000467348 3.80753e-05 0.106908 0.00195631 8.64982 2.55236 83.6951 13.5191 1106.43 63.1034 1198.77 69.6965 1198.77 69.6965 0.574044 0.00963002 
200 0.28 874400000 556.721 13.451 -59.2309 0.665378 3925.84 93.3962 2.33047e+07 1.4871e+06 -0.00132218 0.00268695 -0.00588898 0.00278822 0.0147872 0.000501277 0.000467348 3.80088e-05 0.106908 0.00195631 8.64982 2.55236 83.6951 13.5191 1106.43 63.1034 1198.77 69.6965 1198.77 69.6965 0.574044 0.00963002 
200 0.28 875200000 556.721 13.451 -59.2309 0.665378 3925.84 93.3962 2.33047e+07 1.4871e+06 -0.00132218 0.00268695 -0.00588898 0.00278822 0.0147872 0.000501277 0.000467348 3.80088e-05 0.106908 0.00195631 8.64982 2.55236 83.6951 13.5191 1106.43 63.1034 1198.77 69.6965 1198.77 69.6965 0.574044 0.00963002 
200 0.28 876000000 556.721 13.451 -59.2309 0.665378 3925.84 93.3962 2.33047e+07 1.4871e+06 -0.00132218 0.00268695 -0.00588898 0.00278822 0.0147872 0.000501277 0.000467348 3.79457e-05 0.106908 0.00195631 8.64982 2.55236 83.6951 13.5191 1106.43 63.1034 1198.77 69.6965 1198.77 69.6965 0.574044 0.00963002 
200 0.28 876800000 556.721 13.451 -59.2309 0.665378 3925.84 93.3962 2.33047e+07 1.4871e+06 -0.00132218 0.00268695 -0.00588898 0.00278822 0.0147872 0.000501277 0.000467348 3.79457e-05 0.106908 0.00195631 8.64982 2.55236 83.6951 13.5191 1106.43 63.1034 1198.77 69.6965 1198.77 69.6965 0.574044 0.00963002 
200 0.28 877600000 556.721 13.451 -59.2309 0.665378 3925.84 93.3962 2.33047e+07 1.4871e+06 -0.00132218 0.00268695 -0.00588898 0.00278822 0.0147872 0.000501277 0.000467348 3.78786e-05 0.106908 0.00195631 8.64982 2.55236 83.6951 13.5191 1106.43 63.1034 1198.77 69.6965 1198.77 69.6965 0.574044 0.00963002 
200 0.28 878400000 556.721 13.451 -59.2309 0.665378 3925.84 93.3962 2.33047e+07 1.4871e+06 -0.00132218 0.00268695 -0.00588898 0.00278822 0.0147872 0.000501277 0.000467348 3.78786e-05 0.106908 0.00195631 8.64982 2.55236 83.6951 13.5191 1106.43 63.1034 1198.77 69.6965 1198.77 69.6965 0.574044 0.00963002 
200 0.28 879200000 556.721 13.451 -59.2309 0.665378 3925.84 93.3962 2.33047e+07 1.4871e+06 -0.00132218 0.00268695 -0.00588898 0.00278822 0.0147872 0.000500368 0.000467348 3.78171e-05 0.106908 0.00195631 8.64982 2.55236 83.6951 13.5191 1106.43 63.1034 1198.77 69.6965 1198.77 69.6965 0.574044 0.00963002 
200 0.28 880000000 556.721 13.451 -59.2309 0.665378 3925.84 93.3962 2.33047e+07 1.4871e+06 -0.00132218 0.00268695 -0.00588898 0.00278822 0.0147872 0.000500368 0.000467348 3.78171e-05 0.106908 0.00195631 8.64982 2.55236 83.6951 13.5191 1106.43 63.1034 1198.77 69.6965 1198.77 69.6965 0.574044 0.00963002 
200 0.28 880800000 556.721 13.451 -59.2309 0.665378 3925.84 93.3962 2.33047e+07 1.4871e+06 -0.00132218 0.00268695 -0.00588898 0.00278822 0.0147872 0.000500368 0.000467348 3.77488e-05 0.106908 0.00195631 8.64982 2.55236 83.6951 13.5191 1106.43 63.1034 1198.77 69.6965 1198.77 69.6965 0.574044 0.00963002 
200 0.28 881600000 556.721 13.451 -59.2309 0.665378 3925.84 93.3962 2.33047e+07 1.4871e+06 -0.00132218 0.00268695 -0.00588898 0.00278822 0.0147872 0.000500368 0.000467348 3.77488e-05 0.106908 0.00195631 8.64982 2.55236 83.6951 13.5191 1106.43 63.1034 1198.77 69.6965 1198.77 69.6965 0.574044 0.00963002 
200 0.28 882400000 556.721 13.451 -59.2309 0.665378 3925.84 93.3962 2.33047e+07 1.4871e+06 -0.00132218 0.00268695 -0.00588898 0.00278822 0.0147872 0.000500368 0.000467348 3.76799e-05 0.106908 0.00195631 8.64982 2.55236 83.6951 13.5191 1106.43 63.1034 1198.77 69.6965 1198.77 69.6965 0.574044 0.00963002 
200 0.28 883200000 556.721 13.451 -59.2309 0.665378 3925.84 93.3962 2.33047e+07 1.4871e+06 -0.00132218 0.00268695 -0.00588898 0.00278822 0.0147872 0.000500368 0.000467348 3.76799e-05 0.106908 0.00195631 8.64982 2.55236 83.6951 13.5191 1106.43 63.1034 1198.77 69.6965 1198.77 69.6965 0.574044 0.00963002 
200 0.28 884000000 556.721 13.451 -59.2309 0.665378 3925.84 93.3962 2.33047e+07 1.4871e+06 -0.00132218 0.00268695 -0.00588898 0.00278822 0.0147872 0.000500368 0.000467348 3.76111e-05 0.106908 0.00195631 8.64982 2.55236 83.6951 13.5191 1106.43 63.1034 1198.77 69.6965 1198.77 69.6965 0.574044 0.00963002 
200 0.28 884800000 556.721 13.451 -59.2309 0.665378 3925.84 93.3962 2.33047e+07 1.4871e+06 -0.00132218 0.00268695 -0.00588898 0.00278822 0.0147872 0.000500368 0.000467348 3.76111e-05 0.106908 0.00195631 8.64982 2.55236 83.6951 13.5191 1106.43 63.1034 1198.77 69.6965 1198.77 69.6965 0.574044 0.00963002 
200 0.28 885600000 553.143 13.3131 -59.3249 0.656206 3930.16 92.0229 2.32395e+07 1.46642e+06 -0.00159148 0.00263411 -0.00526007 0.00274955 0.0147273 0.00049916 0.00046061 3.75522e-05 0.106749 0.00195631 8.50005 2.43841 84.5569 12.7513 1115.79 60.1992 1208.84 66.7257 1208.84 66.7257 0.574774 0.00963002 
200 0.28 886400000 553.143 13.3131 -59.3249 0.656206 3930.16 92.0229 2.32395e+07 1.46642e+06 -0.00159148 0.00263411 -0.00526007 0.00274955 0.0147273 0.00049916 0.00046061 3.75522e-05 0.106749 0.00195631 8.50005 2.43841 84.5569 12.7513 1115.79 60.1992 1208.84 66.7257 1208.84 66.7257 0.574774 0.00963002 
200 0.28 887200000 553.143 13.3131 -59.3249 0.656206 3930.16 92.0229 2.32395e+07 1.46642e+06 -0.00159148 0.00263003 -0.00526007 0.00274955 0.0147273 0.00049916 0.00046061 3.7495e-05 0.106749 0.00195631 8.50005 2.43527 84.5569 12.7513 1115.79 60.1992 1208.84 66.7257 1208.84 66.7257 0.574774 0.00963002 
200 0.28 888000000 553.143 13.3131 -59.3249 0.656206 3930.16 92.0229 2.32395e+07 1.46642e+06 -0.00159148 0.00263003 -0.00526007 0.00274955 0.0147273 0.00049916 0.00046061 3.7495e-05 0.106749 0.00195631 8.50005 2.43527 84.5569 12.7513 1115.79 60.1992 1208.84 66.7257 1208.84 66.7257 0.574774 0.00963002 
200 0.28 888800000 553.143 13.3131 -59.3249 0.656206 3930.16 92.0229 2.32395e+07 1.46642e+06 -0.00159148 0.00262647 -0.00526007 0.00274955 0.0147273 0.00049916 0.00046061 3.74295e-05 0.106749 0.00195631 8.50005 2.43527 84.5569 12.7513 1115.79 60.539 1208.84 67.0701 1208.84 67.0701 0.574774 0.00963002 
200 0.28 889600000 553.143 13.3131 -59.3249 0.656206 3930.16 92.0229 2.32395e+07 1.46642e+06 -0.00159148 0.00262647 -0.00526007 0.00274955 0.0147273 0.00049916 0.00046061 3.74295e-05 0.106749 0.00195631 8.50005 2.43527 84.5569 12.7513 1115.79 60.539 1208.84 67.0701 1208.84 67.0701 0.574774 0.00963002 
200 0.28 890400000 553.143 13.3131 -59.3249 0.656206 3930.16 92.0229 2.32395e+07 1.46642e+06 -0.00159148 0.0026218 -0.00526007 0.00274955 0.0147273 0.00049916 0.00046061 3.73665e-05 0.106749 0.00195631 8.50005 2.43527 84.5569 12.7513 1115.79 60.539 1208.84 67.0701 1208.84 67.0701 0.574774 0.00963002 
200 0.28 891200000 553.143 13.3131 -59.3249 0.656206 3930.16 92.0229 2.32395e+07 1.46642e+06 -0.00159148 0.0026218 -0.00526007 0.00274955 0.0147273 0.00049916 0.00046061 3.73665e-05 0.106749 0.00195631 8.50005 2.43527 84.5569 12.7513 1115.79 60.539 1208.84 67.0701 1208.84 67.0701 0.574774 0.00963002 
200 0.28 892000000 553.143 13.3131 -59.3249 0.656206 3930.16 92.0229 2.32395e+07 1.46642e+06 -0.00159148 0.00261741 -0.00526007 0.00274955 0.0147273 0.000495842 0.00046061 3.73071e-05 0.106749 0.00195631 8.50005 2.43527 84.5569 12.7513 1115.79 60.3873 1208.84 66.8985 1208.84 66.8985 0.574774 0.00963002 
200 0.28 892800000 553.143 13.3131 -59.3249 0.656206 3930.16 92.0229 2.32395e+07 1.46642e+06 -0.00159148 0.00261741 -0.00526007 0.00274955 0.0147273 0.000495842 0.00046061 3.73071e-05 0.106749 0.00195631 8.50005 2.43527 84.5569 12.7513 1115.79 60.3873 1208.84 66.8985 1208.84 66.8985 0.574774 0.00963002 
200 0.28 893600000 553.143 13.3131 -59.3249 0.656206 3930.16 92.0229 2.32395e+07 1.46642e+06 -0.00159148 0.00261592 -0.00526007 0.00274955 0.0147273 0.000495842 0.00046061 3.72453e-05 0.106749 0.00195631 8.50005 2.43527 84.5569 12.7513 1115.79 60.3873 1208.84 66.8985 1208.84 66.8985 0.574774 0.00963002 
200 0.28 894400000 553.143 13.3131 -59.3249 0.656206 3930.16 92.0229 2.32395e+07 1.46642e+06 -0.00159148 0.00261592 -0.00526007 0.00274955 0.0147273 0.000495842 0.00046061 3.72453e-05 0.106749 0.00195631 8.50005 2.43527 84.5569 12.7513 1115.79 60.3873 1208.84 66.8985 1208.84 66.8985 0.574774 0.00963002 
200 0.28 895200000 553.143 13.3131 -59.3249 0.656206 3930.16 92.0229 2.32395e+07 1.46642e+06 -0.00159148 0.00261127 -0.00526007 0.00274955 0.0147273 0.000495842 0.00046061 3.71793e-05 0.106749 0.00195631 8.50005 2.43527 84.5569 12.7513 1115.79 60.2302 1208.84 66.6848 1208.84 66.6848 0.574774 0.00963002 
200 0.28 896000000 553.143 13.3131 -59.3249 0.656206 3930.16 92.0229 2.32395e+07 1.46642e+06 -0.00159148 0.00261127 -0.00526007 0.00274955 0.0147273 0.000495842 0.00046061 3.71793e-05 0.106749 0.00195631 8.50005 2.43527 84.5569 12.7513 1115.79 60.2302 1208.84 66.6848 1208.84 66.6848 0.574774 0.00963002 
200 0.28 896800000 553.143 13.3131 -59.3249 0.656206 3930.16 92.0229 2.32395e+07 1.46642e+06 -0.00159148 0.00260788 -0.00526007 0.00274955 0.0147273 0.000495842 0.00046061 3.71135e-05 0.106749 0.00195631 8.50005 2.43527 84.5569 12.7513 1115.79 60.2302 1208.84 66.6848 1208.84 66.6848 0.574774 0.00963002 
200 0.28 897600000 553.143 13.3131 -59.3249 0.656206 3930.16 92.0229 2.32395e+07 1.46642e+06 -0.00159148 0.00260788 -0.00526007 0.00274955 0.0147273 0.000495842 0.00046061 3.71135e-05 0.106749 0.00195631 8.50005 2.43527 84.5569 12.7513 1115.79 60.2302 1208.84 66.6848 1208.84 66.6848 0.574774 0.00963002 
200 0.28 898400000 553.143 13.3131 -59.3249 0.647532 3930.16 90.7413 2.32395e+07 1.44534e+06 -0.00159148 0.00260545 -0.00526007 0.00271035 0.0147273 0.000492644 0.00046061 3.70498e-05 0.106749 0.00195631 8.50005 2.43527 84.5569 12.7513 1115.79 60.1349 1208.84 66.5697 1208.84 66.5697 0.574774 0.00963002 
200 0.28 899200000 553.143 13.3131 -59.3249 0.647532 3930.16 90.7413 2.32395e+07 1.44534e+06 -0.00159148 0.00260545 -0.00526007 0.00271035 0.0147273 0.000492644 0.00046061 3.70498e-05 0.106749 0.00195631 8.50005 2.43527 84.5569 12.7513 1115.79 60.1349 1208.84 66.5697 1208.84 66.5697 0.574774 0.00963002 
200 0.28 900000000 553.143 13.3131 -59.3249 0.647532 3930.16 90.7413 2.32395e+07 1.44534e+06 -0.00159148 0.00260149 -0.00526007 0.00271035 0.0147273 0.000492644 0.00046061 3.70912e-05 0.106749 0.00195631 8.50005 2.43527 84.5569 12.7513 1115.79 60.1349 1208.84 66.5697 1208.84 66.5697 0.574774 0.00963002 
200 0.28 900800000 553.143 13.3131 -59.3249 0.647532 3930.16 90.7413 2.32395e+07 1.44534e+06 -0.00159148 0.00260149 -0.00526007 0.00271035 0.0147273 0.000492644 0.00046061 3.70912e-05 0.106749 0.00195631 8.50005 2.43527 84.5569 12.7513 1115.79 60.1349 1208.84 66.5697 1208.84 66.5697 0.574774 0.00963002 
200 0.28 901600000 553.143 13.3131 -59.3249 0.647532 3930.16 90.7413 2.32395e+07 1.44534e+06 -0.00159148 0.00259734 -0.00526007 0.00271035 0.0147273 0.000492644 0.00046061 3.70334e-05 0.106749 0.00195631 8.50005 2.43527 84.5569 12.7513 1115.79 60.0818 1208.84 66.3326 1208.84 66.3326 0.574774 0.00963002 
200 0.28 902400000 553.143 13.3131 -59.3249 0.647532 3930.16 90.7413 2.32395e+07 1.44534e+06 -0.00159148 0.00259734 -0.00526007 0.00271035 0.0147273 0.000492644 0.00046061 3.70334e-05 0.106749 0.00195631 8.50005 2.43527 84.5569 12.7513 1115.79 60.0818 1208.84 66.3326 1208.84 66.3326 0.574774 0.00963002 
200 0.28 903200000 553.143 13.3131 -59.3249 0.647532 3930.16 90.7413 2.32395e+07 1.44534e+06 -0.00159148 0.0025946 -0.00526007 0.00271035 0.0147273 0.000492644 0.00046061 3.69719e-05 0.106749 0.00195631 8.50005 2.43527 84.5569 12.7513 1115.79 60.0818 1208.84 66.3326 1208.84 66.3326 0.574774 0.00963002 
200 0.28 904000000 553.143 13.3131 -59.3249 0.647532 3930.16 90.7413 2.32395e+07 1.44534e+06 -0.00159148 0.0025946 -0.00526007 0.00271035 0.0147273 0.000492644 0.00046061 3.69719e-05 0.106749 0.00195631 8.50005 2.43527 84.5569 12.7513 1115.79 60.0818 1208.84 66.3326 1208.84 66.3326 0.574774 0.00963002 
200 0.28 904800000 553.143 13.3131 -59.3249 0.647379 3930.16 90.7413 2.32395e+07 1.44534e+06 -0.00159148 0.00259322 -0.00526007 0.00271035 0.0147273 0.000489121 0.00046061 3.69091e-05 0.106749 0.00195631 8.50005 2.43527 84.5569 12.7513 1115.79 60.0818 1208.84 66.3207 1208.84 66.3207 0.574774 0.00963002 
200 0.28 905600000 553.143 13.3131 -59.3249 0.647379 3930.16 90.7413 2.32395e+07 1.44534e+06 -0.00159148 0.00259322 -0.00526007 0.00271035 0.0147273 0.000489121 0.00046061 3.69091e-05 0.106749 0.00195631 8.50005 2.43527 84.5569 12.7513 1115.79 60.0818 1208.84 66.3207 1208.84 66.3207 0.574774 0.00963002 
200 0.28 906400000 553.143 13.3131 -59.3249 0.647379 3930.16 90.7413 2.32395e+07 1.44534e+06 -0.00159148 0.00259439 -0.00526007 0.00271035 0.0147273 0.000489121 0.00046061 3.69085e-05 0.106749 0.00195631 8.50005 2.43527 84.5569 12.7513 1115.79 60.0818 1208.84 66.3207 1208.84 66.3207 0.574774 0.00963002 
200 0.28 907200000 553.143 13.3131 -59.3249 0.647379 3930.16 90.7413 2.32395e+07 1.44534e+06 -0.00159148 0.00259439 -0.00526007 0.00271035 0.0147273 0.000489121 0.00046061 3.69085e-05 0.106749 0.00195631 8.50005 2.43527 84.5569 12.7513 1115.79 60.0818 1208.84 66.3207 1208.84 66.3207 0.574774 0.00963002 
200 0.28 908000000 553.143 13.3131 -59.3249 0.647379 3930.16 90.7413 2.32395e+07 1.44534e+06 -0.00159148 0.00259257 -0.00526007 0.00271035 0.0147273 0.000489121 0.00046061 3.68459e-05 0.106749 0.00195631 8.50005 2.43527 84.5569 12.7513 1115.79 60.0818 1208.84 66.3207 1208.84 66.3207 0.574774 0.00963002 
200 0.28 908800000 553.143 13.3131 -59.3249 0.647379 3930.16 90.7413 2.32395e+07 1.44534e+06 -0.00159148 0.00259257 -0.00526007 0.00271035 0.0147273 0.000489121 0.00046061 3.68459e-05 0.106749 0.00195631 8.50005 2.43527 84.5569 12.7513 1115.79 60.0818 1208.84 66.3207 1208.84 66.3207 0.574774 0.00963002 
200 0.28 909600000 553.143 13.3131 -59.3249 0.647379 3930.16 90.7413 2.32395e+07 1.44534e+06 -0.00159148 0.00258832 -0.00526007 0.00271035 0.0147273 0.000489121 0.00046061 3.67868e-05 0.106749 0.00195631 8.50005 2.43527 84.5569 12.7513 1115.79 60.0818 1208.84 66.3207 1208.84 66.3207 0.574774 0.00963002 
200 0.28 910400000 553.143 13.3131 -59.3249 0.647379 3930.16 90.7413 2.32395e+07 1.44534e+06 -0.00159148 0.00258832 -0.00526007 0.00271035 0.0147273 0.000489121 0.00046061 3.67868e-05 0.106749 0.00195631 8.50005 2.43527 84.5569 12.7513 1115.79 60.0818 1208.84 66.3207 1208.84 66.3207 0.574774 0.00963002 
200 0.28 911200000 553.143 13.3131 -59.3249 0.645627 3930.16 90.5182 2.32395e+07 1.43881e+06 -0.00159148 0.00258381 -0.00526007 0.00267667 0.0147273 0.000487541 0.00046061 3.67327e-05 0.106749 0.00195631 8.50005 2.43527 84.5569 12.7513 1115.79 60.0818 1208.84 66.3207 1208.84 66.3207 0.574774 0.00963002 
200 0.28 912000000 553.143 13.3131 -59.3249 0.645627 3930.16 90.5182 2.32395e+07 1.43881e+06 -0.00159148 0.00258381 -0.00526007 0.00267667 0.0147273 0.000487541 0.00046061 3.67327e-05 0.106749 0.00195631 8.50005 2.43527 84.5569 12.7513 1115.79 60.0818 1208.84 66.3207 1208.84 66.3207 0.574774 0.00963002 
200 0.28 912800000 553.143 13.3131 -59.3249 0.645627 3930.16 90.5182 2.32395e+07 1.43881e+06 -0.00159148 0.0025792 -0.00526007 0.00267667 0.0147273 0.000487541 0.00046061 3.66739e-05 0.106749 0.00195631 8.50005 2.43527 84.5569 12.7513 1115.79 60.0818 1208.84 66.3207 1208.84 66.3207 0.574774 0.00963002 
200 0.28 913600000 553.143 13.3131 -59.3249 0.645627 3930.16 90.5182 2.32395e+07 1.43881e+06 -0.00159148 0.0025792 -0.00526007 0.00267667 0.0147273 0.000487541 0.00046061 3.66739e-05 0.106749 0.00195631 8.50005 2.43527 84.5569 12.7513 1115.79 60.0818 1208.84 66.3207 1208.84 66.3207 0.574774 0.00963002 
200 0.28 914400000 553.143 13.3131 -59.3249 0.645627 3930.16 90.5182 2.32395e+07 1.43881e+06 -0.00159148 0.00257532 -0.00526007 0.00267667 0.0147273 0.000487541 0.00046061 3.66087e-05 0.106749 0.00195631 8.50005 2.43527 84.5569 12.7513 1115.79 60.0818 1208.84 66.3207 1208.84 66.3207 0.574774 0.00963002 
200 0.28 915200000 553.143 13.3131 -59.3249 0.645627 3930.16 90.5182 2.32395e+07 1.43881e+06 -0.00159148 0.00257532 -0.00526007 0.00267667 0.0147273 0.000487541 0.00046061 3.66087e-05 0.106749 0.00195631 8.50005 2.43527 84.5569 12.7513 1115.79 60.0818 1208.84 66.3207 1208.84 66.3207 0.574774 0.00963002 
200 0.28 916000000 553.143 13.3131 -59.3249 0.645627 3930.16 90.5182 2.32395e+07 1.43881e+06 -0.00159148 0.00257124 -0.00526007 0.00267667 0.0147273 0.000487541 0.00046061 3.65511e-05 0.106749 0.00195631 8.50005 2.43527 84.5569 12.7513 1115.79 60.0818 1208.84 66.3207 1208.84 66.3207 0.574774 0.00963002 
200 0.28 916800000 553.143 13.3131 -59.3249 0.645627 3930.16 90.5182 2.32395e+07 1.43881e+06 -0.00159148 0.00257124 -0.00526007 0.00267667 0.0147273 0.000487541 0.00046061 3.65511e-05 0.106749 0.00195631 8.50005 2.43527 84.5569 12.7513 1115.79 60.0818 1208.84 66.3207 1208.84 66.3207 0.574774 0.00963002 
200 0.28 917600000 553.143 13.3131 -59.3249 0.645627 3930.16 90.5182 2.32395e+07 1.43881e+06 -0.00159148 0.00256683 -0.00526007 0.00267667 0.0147273 0.000485011 0.00046061 3.64894e-05 0.106749 0.00195631 8.50005 2.43527 84.5569 12.7513 1115.79 60.0818 1208.84 66.3207 1208.84 66.3207 0.574774 0.00963002 
200 0.28 918400000 553.143 13.3131 -59.3249 0.645627 3930.16 90.5182 2.32395e+07 1.43881e+06 -0.00159148 0.00256683 -0.00526007 0.00267667 0.0147273 0.000485011 0.00046061 3.64894e-05 0.106749 0.00195631 8.50005 2.43527 84.5569 12.7513 1115.79 60.0818 1208.84 66.3207 1208.84 66.3207 0.574774 0.00963002 
200 0.28 919200000 553.143 13.3131 -59.3249 0.645627 3930.16 90.5182 2.32395e+07 1.43881e+06 -0.00159148 0.00256474 -0.00526007 0.00267667 0.0147273 0.000485011 0.00046061 3.643e-05 0.106749 0.00195631 8.50005 2.43527 84.5569 12.7513 1115.79 60.0818 1208.84 66.3207 1208.84 66.3207 0.574774 0.00963002 
200 0.28 920000000 553.143 13.3131 -59.3249 0.645627 3930.16 90.5182 2.32395e+07 1.43881e+06 -0.00159148 0.00256474 -0.00526007 0.00267667 0.0147273 0.000485011 0.00046061 3.643e-05 0.106749 0.00195631 8.50005 2.43527 84.5569 12.7513 1115.79 60.0818 1208.84 66.3207 1208.84 66.3207 0.574774 0.00963002 
200 0.28 920800000 553.143 13.3131 -59.3249 0.645627 3930.16 90.5182 2.32395e+07 1.43881e+06 -0.00159148 0.00256483 -0.00526007 0.00267667 0.0147273 0.000485011 0.00046061 3.63689e-05 0.106749 0.00195631 8.50005 2.43527 84.5569 12.7513 1115.79 60.0818 1208.84 66.3207 1208.84 66.3207 0.574774 0.00963002 
200 0.28 921600000 553.143 13.3131 -59.3249 0.645627 3930.16 90.5182 2.32395e+07 1.43881e+06 -0.00159148 0.00256483 -0.00526007 0.00267667 0.0147273 0.000485011 0.00046061 3.63689e-05 0.106749 0.00195631 8.50005 2.43527 84.5569 12.7513 1115.79 60.0818 1208.84 66.3207 1208.84 66.3207 0.574774 0.00963002 
200 0.28 922400000 553.143 13.3131 -59.3249 0.645627 3930.16 90.5182 2.32395e+07 1.43881e+06 -0.00159148 0.00256981 -0.00526007 0.00267667 0.0147273 0.000485011 0.00046061 3.63049e-05 0.106749 0.00195631 8.50005 2.43527 84.5569 12.7513 1115.79 60.0818 1208.84 66.3207 1208.84 66.3207 0.574774 0.00963002 
200 0.28 923200000 553.143 13.3131 -59.3249 0.645627 3930.16 90.5182 2.32395e+07 1.43881e+06 -0.00159148 0.00256981 -0.00526007 0.00267667 0.0147273 0.000485011 0.00046061 3.63049e-05 0.106749 0.00195631 8.50005 2.43527 84.5569 12.7513 1115.79 60.0818 1208.84 66.3207 1208.84 66.3207 0.574774 0.00963002 
200 0.28 924000000 553.143 13.3131 -59.3249 0.645825 3930.16 90.4493 2.32395e+07 1.42891e+06 -0.00159148 0.0025653 -0.00526007 0.00263916 0.0147273 0.000482585 0.00046061 3.62487e-05 0.106749 0.00195631 8.50005 2.43527 84.5569 12.7513 1115.79 60.0818 1208.84 66.3207 1208.84 66.3207 0.574774 0.00963002 
200 0.28 924800000 553.143 13.3131 -59.3249 0.645825 3930.16 90.4493 2.32395e+07 1.42891e+06 -0.00159148 0.0025653 -0.00526007 0.00263916 0.0147273 0.000482585 0.00046061 3.62487e-05 0.106749 0.00195631 8.50005 2.43527 84.5569 12.7513 1115.79 60.0818 1208.84 66.3207 1208.84 66.3207 0.574774 0.00963002 
200 0.28 925600000 553.143 13.3131 -59.3249 0.645825 3930.16 90.4493 2.32395e+07 1.42891e+06 -0.00159148 0.00256708 -0.00526007 0.00263916 0.0147273 0.000482585 0.00046061 3.6185e-05 0.106749 0.00195631 8.50005 2.43527 84.5569 12.7513 1115.79 60.0818 1208.84 66.3207 1208.84 66.3207 0.574774 0.00963002 
200 0.28 926400000 553.143 13.3131 -59.3249 0.645825 3930.16 90.4493 2.32395e+07 1.42891e+06 -0.00159148 0.00256708 -0.00526007 0.00263916 0.0147273 0.000482585 0.00046061 3.6185e-05 0.106749 0.00195631 8.50005 2.43527 84.5569 12.7513 1115.79 60.0818 1208.84 66.3207 1208.84 66.3207 0.574774 0.00963002 
200 0.28 927200000 553.143 13.3131 -59.3249 0.645825 3930.16 90.4493 2.32395e+07 1.42891e+06 -0.00159148 0.0025629 -0.00526007 0.00263916 0.0147273 0.000482585 0.00046061 3.61302e-05 0.106749 0.00195631 8.50005 2.43527 84.5569 12.7513 1115.79 60.0818 1208.84 66.3207 1208.84 66.3207 0.574774 0.00963002 
200 0.28 928000000 553.143 13.3131 -59.3249 0.645825 3930.16 90.4493 2.32395e+07 1.42891e+06 -0.00159148 0.0025629 -0.00526007 0.00263916 0.0147273 0.000482585 0.00046061 3.61302e-05 0.106749 0.00195631 8.50005 2.43527 84.5569 12.7513 1115.79 60.0818 1208.84 66.3207 1208.84 66.3207 0.574774 0.00963002 
200 0.28 928800000 553.143 13.3131 -59.3249 0.645825 3930.16 90.4493 2.32395e+07 1.42891e+06 -0.00159148 0.00256214 -0.00526007 0.00263916 0.0147273 0.000482585 0.00046061 3.60715e-05 0.106749 0.00195631 8.50005 2.43527 84.5569 12.7513 1115.79 60.0818 1208.84 66.3207 1208.84 66.3207 0.574774 0.00963002 
200 0.28 929600000 553.143 13.3131 -59.3249 0.645825 3930.16 90.4493 2.32395e+07 1.42891e+06 -0.00159148 0.00256214 -0.00526007 0.00263916 0.0147273 0.000482585 0.00046061 3.60715e-05 0.106749 0.00195631 8.50005 2.43527 84.5569 12.7513 1115.79 60.0818 1208.84 66.3207 1208.84 66.3207 0.574774 0.00963002 
200 0.28 930400000 553.143 13.3131 -59.3249 0.645825 3930.16 90.4493 2.32395e+07 1.42891e+06 -0.00159148 0.0025619 -0.00526007 0.00263916 0.0147273 0.000479633 0.00046061 3.60085e-05 0.106749 0.00195631 8.50005 2.43527 84.5569 12.7513 1115.79 60.0818 1208.84 66.3207 1208.84 66.3207 0.574774 0.00963002 
200 0.28 931200000 553.143 13.3131 -59.3249 0.645825 3930.16 90.4493 2.32395e+07 1.42891e+06 -0.00159148 0.0025619 -0.00526007 0.00263916 0.0147273 0.000479633 0.00046061 3.60085e-05 0.106749 0.00195631 8.50005 2.43527 84.5569 12.7513 1115.79 60.0818 1208.84 66.3207 1208.84 66.3207 0.574774 0.00963002 
200 0.28 932000000 553.143 13.3131 -59.3249 0.645825 3930.16 90.4493 2.32395e+07 1.42891e+06 -0.00159148 0.00255744 -0.00526007 0.00263916 0.0147273 0.000479633 0.00046061 3.59523e-05 0.106749 0.00195631 8.50005 2.43527 84.5569 12.7513 1115.79 60.0818 1208.84 66.3207 1208.84 66.3207 0.574774 0.00963002 
200 0.28 932800000 553.143 13.3131 -59.3249 0.645825 3930.16 90.4493 2.32395e+07 1.42891e+06 -0.00159148 0.00255744 -0.00526007 0.00263916 0.0147273 0.000479633 0.00046061 3.59523e-05 0.106749 0.00195631 8.50005 2.43527 84.5569 12.7513 1115.79 60.0818 1208.84 66.3207 1208.84 66.3207 0.574774 0.00963002 
200 0.28 933600000 553.143 13.3131 -59.3249 0.645825 3930.16 90.4493 2.32395e+07 1.42891e+06 -0.00159148 0.00255342 -0.00526007 0.00263916 0.0147273 0.000479633 0.00046061 3.58968e-05 0.106749 0.00195631 8.50005 2.43527 84.5569 12.7513 1115.79 60.0818 1208.84 66.3207 1208.84 66.3207 0.574774 0.00963002 
200 0.28 934400000 553.143 13.3131 -59.3249 0.645825 3930.16 90.4493 2.32395e+07 1.42891e+06 -0.00159148 0.00255342 -0.00526007 0.00263916 0.0147273 0.000479633 0.00046061 3.58968e-05 0.106749 0.00195631 8.50005 2.43527 84.5569 12.7513 1115.79 60.0818 1208.84 66.3207 1208.84 66.3207 0.574774 0.00963002 
200 0.28 935200000 553.143 13.3131 -59.3249 0.645825 3930.16 90.4493 2.32395e+07 1.42891e+06 -0.00159148 0.00254901 -0.00526007 0.00263916 0.0147273 0.000479633 0.00046061 3.58368e-05 0.106749 0.00195631 8.50005 2.43527 84.5569 12.7513 1115.79 60.0818 1208.84 66.3207 1208.84 66.3207 0.574774 0.00963002 
200 0.28 936000000 553.143 13.3131 -59.3249 0.645825 3930.16 90.4493 2.32395e+07 1.42891e+06 -0.00159148 0.00254901 -0.00526007 0.00263916 0.0147273 0.000479633 0.00046061 3.58368e-05 0.106749 0.00195631 8.50005 2.43527 84.5569 12.7513 1115.79 60.0818 1208.84 66.3207 1208.84 66.3207 0.574774 0.00963002 
200 0.28 936800000 550.057 13.3981 -59.3104 0.637718 3927.03 89.3545 2.32022e+07 1.41187e+06 -0.00162666 0.00254644 -0.00566103 0.00261566 0.0146296 0.000476615 0.000454059 3.57755e-05 0.106405 0.00181522 8.39678 2.30357 84.0518 12.0529 1109.79 58.2725 1202.24 64.4499 1202.24 64.4499 0.572195 0.00894406 
200 0.28 937600000 550.057 13.3981 -59.3104 0.637718 3927.03 89.3545 2.32022e+07 1.41187e+06 -0.00162666 0.00254644 -0.00566103 0.00261566 0.0146296 0.000476615 0.000454059 3.57755e-05 0.106405 0.00181522 8.39678 2.30357 84.0518 12.0529 1109.79 58.2725 1202.24 64.4499 1202.24 64.4499 0.572195 0.00894406 
200 0.28 938400000 550.057 13.3981 -59.3104 0.637718 3927.03 89.3545 2.32022e+07 1.41187e+06 -0.00162666 0.00254204 -0.00566103 0.00261566 0.0146296 0.000476615 0.000454059 3.5722e-05 0.106405 0.00181522 8.39678 2.29959 84.0518 12.0529 1109.79 58.2725 1202.24 64.4499 1202.24 64.4499 0.572195 0.00894406 
200 0.28 939200000 550.057 13.3981 -59.3104 0.637718 3927.03 89.3545 2.32022e+07 1.41187e+06 -0.00162666 0.00254204 -0.00566103 0.00261566 0.0146296 0.000476615 0.000454059 3.5722e-05 0.106405 0.00181522 8.39678 2.29959 84.0518 12.0529 1109.79 58.2725 1202.24 64.4499 1202.24 64.4499 0.572195 0.00894406 
200 0.28 940000000 550.057 13.3981 -59.3104 0.637718 3927.03 89.3545 2.32022e+07 1.41187e+06 -0.00162666 0.00253784 -0.00566103 0.00261566 0.0146296 0.000476615 0.000454059 3.5666e-05 0.106405 0.00181522 8.39678 2.29562 84.0518 12.0529 1109.79 58.0734 1202.24 64.2318 1202.24 64.2318 0.572195 0.00894406 
200 0.28 940800000 550.057 13.3981 -59.3104 0.637718 3927.03 89.3545 2.32022e+07 1.41187e+06 -0.00162666 0.00253784 -0.00566103 0.00261566 0.0146296 0.000476615 0.000454059 3.5666e-05 0.106405 0.00181522 8.39678 2.29562 84.0518 12.0529 1109.79 58.0734 1202.24 64.2318 1202.24 64.2318 0.572195 0.00894406 
200 0.28 941600000 550.057 13.3981 -59.3104 0.637718 3927.03 89.3545 2.32022e+07 1.41187e+06 -0.00162666 0.00253526 -0.00566103 0.00261566 0.0146296 0.000476615 0.000454059 3.56045e-05 0.106405 0.00181522 8.39678 2.29474 84.0518 12.0529 1109.79 58.0734 1202.24 64.2318 1202.24 64.2318 0.572195 0.00894406 
200 0.28 942400000 550.057 13.3981 -59.3104 0.637718 3927.03 89.3545 2.32022e+07 1.41187e+06 -0.00162666 0.00253526 -0.00566103 0.00261566 0.0146296 0.000476615 0.000454059 3.56045e-05 0.106405 0.00181522 8.39678 2.29474 84.0518 12.0529 1109.79 58.0734 1202.24 64.2318 1202.24 64.2318 0.572195 0.00894406 
200 0.28 943200000 550.057 13.3981 -59.3104 0.637718 3927.03 89.3545 2.32022e+07 1.41187e+06 -0.00162666 0.00253115 -0.00566103 0.00261566 0.0146296 0.000473616 0.000454059 3.55434e-05 0.106405 0.001803 8.39678 2.28772 84.0518 12.0529 1109.79 57.9869 1202.24 64.1282 1202.24 64.1282 0.572195 0.00894406 
200 0.28 944000000 550.057 13.3981 -59.3104 0.637718 3927.03 89.3545 2.32022e+07 1.41187e+06 -0.00162666 0.00253115 -0.00566103 0.00261566 0.0146296 0.000473616 0.000454059 3.55434e-05 0.106405 0.001803 8.39678 2.28772 84.0518 12.0529 1109.79 57.9869 1202.24 64.1282 1202.24 64.1282 0.572195 0.00894406 
200 0.28 944800000 550.057 13.3981 -59.3104 0.637718 3927.03 89.3545 2.32022e+07 1.41187e+06 -0.00162666 0.0025288 -0.00566103 0.00261566 0.0146296 0.000473616 0.000454059 3.54896e-05 0.106405 0.001803 8.39678 2.28379 84.0518 12.0529 1109.79 57.9869 1202.24 64.1282 1202.24 64.1282 0.572195 0.00894406 
200 0.28 945600000 550.057 13.3981 -59.3104 0.637718 3927.03 89.3545 2.32022e+07 1.41187e+06 -0.00162666 0.0025288 -0.00566103 0.00261566 0.0146296 0.000473616 0.000454059 3.54896e-05 0.106405 0.001803 8.39678 2.28379 84.0518 12.0529 1109.79 57.9869 1202.24 64.1282 1202.24 64.1282 0.572195 0.00894406 
200 0.28 946400000 550.057 13.3981 -59.3104 0.637718 3927.03 89.3545 2.32022e+07 1.41187e+06 -0.00162666 0.00253201 -0.00566103 0.00261566 0.0146296 0.000473616 0.000454059 3.54294e-05 0.106405 0.001803 8.39678 2.27987 84.0518 12.0529 1109.79 57.8572 1202.24 63.976 1202.24 63.976 0.572195 0.00894406 
200 0.28 947200000 550.057 13.3981 -59.3104 0.637718 3927.03 89.3545 2.32022e+07 1.41187e+06 -0.00162666 0.00253201 -0.00566103 0.00261566 0.0146296 0.000473616 0.000454059 3.54294e-05 0.106405 0.001803 8.39678 2.27987 84.0518 12.0529 1109.79 57.8572 1202.24 63.976 1202.24 63.976 0.572195 0.00894406 
200 0.28 948000000 550.057 13.3981 -59.3104 0.637718 3927.03 89.3545 2.32022e+07 1.41187e+06 -0.00162666 0.00253074 -0.00566103 0.00261566 0.0146296 0.000473616 0.000454059 3.53687e-05 0.106405 0.001803 8.39678 2.27906 84.0518 12.0529 1109.79 57.8572 1202.24 63.976 1202.24 63.976 0.572195 0.00894406 
200 0.28 948800000 550.057 13.3981 -59.3104 0.637718 3927.03 89.3545 2.32022e+07 1.41187e+06 -0.00162666 0.00253074 -0.00566103 0.00261566 0.0146296 0.000473616 0.000454059 3.53687e-05 0.106405 0.001803 8.39678 2.27906 84.0518 12.0529 1109.79 57.8572 1202.24 63.976 1202.24 63.976 0.572195 0.00894406 
200 0.28 949600000 550.057 13.3981 -59.3104 0.629533 3927.03 88.3092 2.32022e+07 1.39742e+06 -0.00162666 0.00252704 -0.00566103 0.00258745 0.0146296 0.000470403 0.000454059 3.53136e-05 0.106405 0.00180234 8.39678 2.27513 84.0518 12.0529 1109.79 57.7924 1202.24 63.8659 1202.24 63.8659 0.572195 0.00894406 
200 0.28 950400000 550.057 13.3981 -59.3104 0.629533 3927.03 88.3092 2.32022e+07 1.39742e+06 -0.00162666 0.00252704 -0.00566103 0.00258745 0.0146296 0.000470403 0.000454059 3.53136e-05 0.106405 0.00180234 8.39678 2.27513 84.0518 12.0529 1109.79 57.7924 1202.24 63.8659 1202.24 63.8659 0.572195 0.00894406 
200 0.28 951200000 550.057 13.3981 -59.3104 0.629533 3927.03 88.3092 2.32022e+07 1.39742e+06 -0.00162666 0.00252344 -0.00566103 0.00258745 0.0146296 0.000470403 0.000454059 3.52614e-05 0.106405 0.00180234 8.39678 2.27513 84.0518 12.0529 1109.79 57.7924 1202.24 63.8659 1202.24 63.8659 0.572195 0.00894406 
200 0.28 952000000 550.057 13.3981 -59.3104 0.629533 3927.03 88.3092 2.32022e+07 1.39742e+06 -0.00162666 0.00252344 -0.00566103 0.00258745 0.0146296 0.000470403 0.000454059 3.52614e-05 0.106405 0.00180234 8.39678 2.27513 84.0518 12.0529 1109.79 57.7924 1202.24 63.8659 1202.24 63.8659 0.572195 0.00894406 
200 0.28 952800000 550.057 13.3981 -59.3104 0.629533 3927.03 88.3092 2.32022e+07 1.39742e+06 -0.00162666 0.00252457 -0.00566103 0.00258745 0.0146296 0.000470403 0.000454059 3.52016e-05 0.106405 0.00180234 8.39678 2.27513 84.0518 12.0529 1109.79 57.7025 1202.24 63.7595 1202.24 63.7595 0.572195 0.00894406 
200 0.28 953600000 550.057 13.3981 -59.3104 0.629533 3927.03 88.3092 2.32022e+07 1.39742e+06 -0.00162666 0.00252457 -0.00566103 0.00258745 0.0146296 0.000470403 0.000454059 3.52016e-05 0.106405 0.00180234 8.39678 2.27513 84.0518 12.0529 1109.79 57.7025 1202.24 63.7595 1202.24 63.7595 0.572195 0.00894406 
200 0.28 954400000 550.057 13.3981 -59.3104 0.629533 3927.03 88.3092 2.32022e+07 1.39742e+06 -0.00162666 0.00252027 -0.00566103 0.00258745 0.0146296 0.000470403 0.000454059 3.51437e-05 0.106405 0.00180234 8.39678 2.27513 84.0518 12.0529 1109.79 57.7025 1202.24 63.7595 1202.24 63.7595 0.572195 0.00894406 
200 0.28 955200000 550.057 13.3981 -59.3104 0.629533 3927.03 88.3092 2.32022e+07 1.39742e+06 -0.00162666 0.00252027 -0.00566103 0.00258745 0.0146296 0.000470403 0.000454059 3.51437e-05 0.106405 0.00180234 8.39678 2.27513 84.0518 12.0529 1109.79 57.7025 1202.24 63.7595 1202.24 63.7595 0.572195 0.00894406 
200 0.28 956000000 550.057 13.3981 -59.3104 0.629533 3927.03 88.3092 2.32022e+07 1.39742e+06 -0.00162666 0.0025163 -0.00566103 0.00258745 0.0146296 0.000467236 0.000454059 3.50885e-05 0.106405 0.00180234 8.39678 2.27513 84.0518 12.0529 1109.79 57.5997 1202.24 63.6171 1202.24 63.6171 0.572195 0.00894406 
200 0.28 956800000 550.057 13.3981 -59.3104 0.629533 3927.03 88.3092 2.32022e+07 1.39742e+06 -0.00162666 0.0025163 -0.00566103 0.00258745 0.0146296 0.000467236 0.000454059 3.50885e-05 0.106405 0.00180234 8.39678 2.27513 84.0518 12.0529 1109.79 57.5997 1202.24 63.6171 1202.24 63.6171 0.572195 0.00894406 
200 0.28 957600000 550.057 13.3981 -59.3104 0.629533 3927.03 88.3092 2.32022e+07 1.39742e+06 -0.00162666 0.00251382 -0.00566103 0.00258745 0.0146296 0.000467236 0.000454059 3.50341e-05 0.106405 0.00180234 8.39678 2.27513 84.0518 12.0529 1109.79 57.5997 1202.24 63.6171 1202.24 63.6171 0.572195 0.00894406 
200 0.28 958400000 550.057 13.3981 -59.3104 0.629533 3927.03 88.3092 2.32022e+07 1.39742e+06 -0.00162666 0.00251382 -0.00566103 0.00258745 0.0146296 0.000467236 0.000454059 3.50341e-05 0.106405 0.00180234 8.39678 2.27513 84.0518 12.0529 1109.79 57.5997 1202.24 63.6171 1202.24 63.6171 0.572195 0.00894406 
200 0.28 959200000 550.057 13.3981 -59.3104 0.629533 3927.03 88.3092 2.32022e+07 1.39742e+06 -0.00162666 0.00250957 -0.00566103 0.00258745 0.0146296 0.000467236 0.000454059 3.4981e-05 0.106405 0.00180234 8.39678 2.27513 84.0518 12.0529 1109.79 57.4069 1202.24 63.4021 1202.24 63.4021 0.572195 0.00894406 
200 0.28 960000000 550.057 13.3981 -59.3104 0.629533 3927.03 88.3092 2.32022e+07 1.39742e+06 -0.00162666 0.00250957 -0.00566103 0.00258745 0.0146296 0.000467236 0.000454059 3.4981e-05 0.106405 0.00180234 8.39678 2.27513 84.0518 12.0529 1109.79 57.4069 1202.24 63.4021 1202.24 63.4021 0.572195 0.00894406 
200 0.28 960800000 550.057 13.3981 -59.3104 0.629533 3927.03 88.3092 2.32022e+07 1.39742e+06 -0.00162666 0.00250536 -0.00566103 0.00258745 0.0146296 0.000467236 0.000454059 3.49226e-05 0.106405 0.00180234 8.39678 2.27513 84.0518 12.0529 1109.79 57.4069 1202.24 63.4021 1202.24 63.4021 0.572195 0.00894406 
200 0.28 961600000 550.057 13.3981 -59.3104 0.629533 3927.03 88.3092 2.32022e+07 1.39742e+06 -0.00162666 0.00250536 -0.00566103 0.00258745 0.0146296 0.000467236 0.000454059 3.49226e-05 0.106405 0.00180234 8.39678 2.27513 84.0518 12.0529 1109.79 57.4069 1202.24 63.4021 1202.24 63.4021 0.572195 0.00894406 
200 0.28 962400000 550.057 13.3981 -59.3104 0.621038 3927.03 87.1358 2.32022e+07 1.37969e+06 -0.00162666 0.00250118 -0.00566103 0.00255576 0.0146296 0.000465686 0.000454059 3.48695e-05 0.106405 0.00180234 8.39678 2.27513 84.0518 12.0529 1109.79 57.2286 1202.24 63.2225 1202.24 63.2225 0.572195 0.00894406 
200 0.28 963200000 550.057 13.3981 -59.3104 0.621038 3927.03 87.1358 2.32022e+07 1.37969e+06 -0.00162666 0.00250118 -0.00566103 0.00255576 0.0146296 0.000465686 0.000454059 3.48695e-05 0.106405 0.00180234 8.39678 2.27513 84.0518 12.0529 1109.79 57.2286 1202.24 63.2225 1202.24 63.2225 0.572195 0.00894406 
200 0.28 964000000 550.057 13.3981 -59.3104 0.621038 3927.03 87.1358 2.32022e+07 1.37969e+06 -0.00162666 0.00249873 -0.00566103 0.00255576 0.0146296 0.000465686 0.000454059 3.50874e-05 0.106405 0.00180234 8.39678 2.27513 84.0518 12.0529 1109.79 57.2286 1202.24 63.2225 1202.24 63.2225 0.572195 0.00894406 
200 0.28 964800000 550.057 13.3981 -59.3104 0.621038 3927.03 87.1358 2.32022e+07 1.37969e+06 -0.00162666 0.00249873 -0.00566103 0.00255576 0.0146296 0.000465686 0.000454059 3.50874e-05 0.106405 0.00180234 8.39678 2.27513 84.0518 12.0529 1109.79 57.2286 1202.24 63.2225 1202.24 63.2225 0.572195 0.00894406 
200 0.28 965600000 550.057 13.3981 -59.3104 0.621038 3927.03 87.1358 2.32022e+07 1.37969e+06 -0.00162666 0.00249819 -0.00566103 0.00255576 0.0146296 0.000465686 0.000454059 3.50318e-05 0.106405 0.00180234 8.39678 2.27513 84.0518 12.0529 1109.79 57.0426 1202.24 63.0131 1202.24 63.0131 0.572195 0.00894406 
200 0.28 966400000 550.057 13.3981 -59.3104 0.621038 3927.03 87.1358 2.32022e+07 1.37969e+06 -0.00162666 0.00249819 -0.00566103 0.00255576 0.0146296 0.000465686 0.000454059 3.50318e-05 0.106405 0.00180234 8.39678 2.27513 84.0518 12.0529 1109.79 57.0426 1202.24 63.0131 1202.24 63.0131 0.572195 0.00894406 
200 0.28 967200000 550.057 13.3981 -59.3104 0.621038 3927.03 87.1358 2.32022e+07 1.37969e+06 -0.00162666 0.00250342 -0.00566103 0.00255576 0.0146296 0.000465686 0.000454059 3.49732e-05 0.106405 0.00180234 8.39678 2.27513 84.0518 12.0529 1109.79 57.0426 1202.24 63.0131 1202.24 63.0131 0.572195 0.00894406 
200 0.28 968000000 550.057 13.3981 -59.3104 0.621038 3927.03 87.1358 2.32022e+07 1.37969e+06 -0.00162666 0.00250342 -0.00566103 0.00255576 0.0146296 0.000465686 0.000454059 3.49732e-05 0.106405 0.00180234 8.39678 2.27513 84.0518 12.0529 1109.79 57.0426 1202.24 63.0131 1202.24 63.0131 0.572195 0.00894406 
200 0.28 968800000 550.057 13.3981 -59.3104 0.621038 3927.03 87.1358 2.32022e+07 1.37969e+06 -0.00162666 0.00250149 -0.00566103 0.00255576 0.0146296 0.000472432 0.000454059 3.4917e-05 0.106405 0.00180234 8.39678 2.27513 84.0518 12.0529 1109.79 57.0426 1202.24 62.9645 1202.24 62.9645 0.572195 0.00894406 
200 0.28 969600000 550.057 13.3981 -59.3104 0.621038 3927.03 87.1358 2.32022e+07 1.37969e+06 -0.00162666 0.00250149 -0.00566103 0.00255576 0.0146296 0.000472432 0.000454059 3.4917e-05 0.106405 0.00180234 8.39678 2.27513 84.0518 12.0529 1109.79 57.0426 1202.24 62.9645 1202.24 62.9645 0.572195 0.00894406 
200 0.28 970400000 550.057 13.3981 -59.3104 0.621038 3927.03 87.1358 2.32022e+07 1.37969e+06 -0.00162666 0.00250347 -0.00566103 0.00255576 0.0146296 0.000472432 0.000454059 3.48847e-05 0.106405 0.00180234 8.39678 2.27513 84.0518 12.0529 1109.79 57.0426 1202.24 62.9645 1202.24 62.9645 0.572195 0.00894406 
200 0.28 971200000 550.057 13.3981 -59.3104 0.621038 3927.03 87.1358 2.32022e+07 1.37969e+06 -0.00162666 0.00250347 -0.00566103 0.00255576 0.0146296 0.000472432 0.000454059 3.48847e-05 0.106405 0.00180234 8.39678 2.27513 84.0518 12.0529 1109.79 57.0426 1202.24 62.9645 1202.24 62.9645 0.572195 0.00894406 
200 0.28 972000000 550.057 13.3981 -59.3104 0.621038 3927.03 87.1358 2.32022e+07 1.37969e+06 -0.00162666 0.00249963 -0.00566103 0.00255576 0.0146296 0.000472432 0.000454059 3.48847e-05 0.106405 0.00180234 8.39678 2.27513 84.0518 12.0529 1109.79 57.0426 1202.24 62.9645 1202.24 62.9645 0.572195 0.00894406 
200 0.28 972800000 550.057 13.3981 -59.3104 0.621038 3927.03 87.1358 2.32022e+07 1.37969e+06 -0.00162666 0.00249963 -0.00566103 0.00255576 0.0146296 0.000472432 0.000454059 3.48847e-05 0.106405 0.00180234 8.39678 2.27513 84.0518 12.0529 1109.79 57.0426 1202.24 62.9645 1202.24 62.9645 0.572195 0.00894406 
200 0.28 973600000 550.057 13.3981 -59.3104 0.621038 3927.03 87.1358 2.32022e+07 1.37969e+06 -0.00162666 0.00249546 -0.00566103 0.00255576 0.0146296 0.000472432 0.000454059 3.48847e-05 0.106405 0.00180234 8.39678 2.27513 84.0518 12.0529 1109.79 57.0426 1202.24 62.9645 1202.24 62.9645 0.572195 0.00894406 
200 0.28 974400000 550.057 13.3981 -59.3104 0.621038 3927.03 87.1358 2.32022e+07 1.37969e+06 -0.00162666 0.00249546 -0.00566103 0.00255576 0.0146296 0.000472432 0.000454059 3.48847e-05 0.106405 0.00180234 8.39678 2.27513 84.0518 12.0529 1109.79 57.0426 1202.24 62.9645 1202.24 62.9645 0.572195 0.00894406 
200 0.28 975200000 550.057 13.3981 -59.3104 0.613055 3927.03 86.0185 2.32022e+07 1.36129e+06 -0.00162666 0.00249157 -0.00566103 0.00258435 0.0146296 0.000471678 0.000454059 3.47324e-05 0.106405 0.00180234 8.39678 2.27513 84.0518 12.0529 1109.79 57.1396 1202.24 62.9645 1202.24 62.9645 0.572195 0.00894406 
200 0.28 976000000 550.057 13.3981 -59.3104 0.613055 3927.03 86.0185 2.32022e+07 1.36129e+06 -0.00162666 0.00249157 -0.00566103 0.00258435 0.0146296 0.000471678 0.000454059 3.47324e-05 0.106405 0.00180234 8.39678 2.27513 84.0518 12.0529 1109.79 57.1396 1202.24 62.9645 1202.24 62.9645 0.572195 0.00894406 
200 0.28 976800000 550.057 13.3981 -59.3104 0.613055 3927.03 86.0185 2.32022e+07 1.36129e+06 -0.00162666 0.00248796 -0.00566103 0.00258435 0.0146296 0.000471678 0.000454059 3.47324e-05 0.106405 0.00180234 8.39678 2.27513 84.0518 12.0529 1109.79 57.1396 1202.24 62.9645 1202.24 62.9645 0.572195 0.00894406 
200 0.28 977600000 550.057 13.3981 -59.3104 0.613055 3927.03 86.0185 2.32022e+07 1.36129e+06 -0.00162666 0.00248796 -0.00566103 0.00258435 0.0146296 0.000471678 0.000454059 3.47324e-05 0.106405 0.00180234 8.39678 2.27513 84.0518 12.0529 1109.79 57.1396 1202.24 62.9645 1202.24 62.9645 0.572195 0.00894406 
200 0.28 978400000 550.057 13.3981 -59.3104 0.613055 3927.03 86.0185 2.32022e+07 1.36129e+06 -0.00162666 0.00248627 -0.00566103 0.00258435 0.0146296 0.000471678 0.000454059 3.47324e-05 0.106405 0.00180234 8.39678 2.27513 84.0518 12.0529 1109.79 57.0426 1202.24 62.9645 1202.24 62.9645 0.572195 0.00894406 
200 0.28 979200000 550.057 13.3981 -59.3104 0.613055 3927.03 86.0185 2.32022e+07 1.36129e+06 -0.00162666 0.00248627 -0.00566103 0.00258435 0.0146296 0.000471678 0.000454059 3.47324e-05 0.106405 0.00180234 8.39678 2.27513 84.0518 12.0529 1109.79 57.0426 1202.24 62.9645 1202.24 62.9645 0.572195 0.00894406 
200 0.28 980000000 550.057 13.3981 -59.3104 0.613055 3927.03 86.0185 2.32022e+07 1.36129e+06 -0.00162666 0.00248398 -0.00566103 0.00258435 0.0146296 0.000471678 0.000454059 3.47324e-05 0.106405 0.00180234 8.39678 2.27513 84.0518 12.0529 1109.79 57.0426 1202.24 62.9645 1202.24 62.9645 0.572195 0.00894406 
200 0.28 980800000 550.057 13.3981 -59.3104 0.613055 3927.03 86.0185 2.32022e+07 1.36129e+06 -0.00162666 0.00248398 -0.00566103 0.00258435 0.0146296 0.000471678 0.000454059 3.47324e-05 0.106405 0.00180234 8.39678 2.27513 84.0518 12.0529 1109.79 57.0426 1202.24 62.9645 1202.24 62.9645 0.572195 0.00894406 
200 0.28 981600000 550.057 13.3981 -59.3104 0.613055 3927.03 86.0185 2.32022e+07 1.36129e+06 -0.00162666 0.0024812 -0.00566103 0.00258435 0.0146296 0.000469233 0.000454059 3.45233e-05 0.106405 0.00180234 8.39678 2.27513 84.0518 12.0529 1109.79 57.0426 1202.24 62.9645 1202.24 62.9645 0.572195 0.00894406 
200 0.28 982400000 550.057 13.3981 -59.3104 0.613055 3927.03 86.0185 2.32022e+07 1.36129e+06 -0.00162666 0.0024812 -0.00566103 0.00258435 0.0146296 0.000469233 0.000454059 3.45233e-05 0.106405 0.00180234 8.39678 2.27513 84.0518 12.0529 1109.79 57.0426 1202.24 62.9645 1202.24 62.9645 0.572195 0.00894406 
200 0.28 983200000 550.057 13.3981 -59.3104 0.613055 3927.03 86.0185 2.32022e+07 1.36129e+06 -0.00162666 0.00247744 -0.00566103 0.00258435 0.0146296 0.000469233 0.000454059 3.45139e-05 0.106405 0.00180234 8.39678 2.27513 84.0518 12.0529 1109.79 57.0426 1202.24 62.9645 1202.24 62.9645 0.572195 0.00894406 
200 0.28 984000000 550.057 13.3981 -59.3104 0.613055 3927.03 86.0185 2.32022e+07 1.36129e+06 -0.00162666 0.00247744 -0.00566103 0.00258435 0.0146296 0.000469233 0.000454059 3.45139e-05 0.106405 0.00180234 8.39678 2.27513 84.0518 12.0529 1109.79 57.0426 1202.24 62.9645 1202.24 62.9645 0.572195 0.00894406 
200 0.28 984800000 550.057 13.3981 -59.3104 0.613055 3927.03 86.0185 2.32022e+07 1.36129e+06 -0.00162666 0.00247585 -0.00566103 0.00258435 0.0146296 0.000469233 0.000454059 3.45139e-05 0.106405 0.00180234 8.39678 2.27513 84.0518 12.0529 1109.79 57.4174 1202.24 63.1148 1202.24 63.1148 0.572195 0.00894406 
200 0.28 985600000 550.057 13.3981 -59.3104 0.613055 3927.03 86.0185 2.32022e+07 1.36129e+06 -0.00162666 0.00247585 -0.00566103 0.00258435 0.0146296 0.000469233 0.000454059 3.45139e-05 0.106405 0.00180234 8.39678 2.27513 84.0518 12.0529 1109.79 57.4174 1202.24 63.1148 1202.24 63.1148 0.572195 0.00894406 
200 0.28 986400000 550.057 13.3981 -59.3104 0.613055 3927.03 86.0185 2.32022e+07 1.36129e+06 -0.00162666 0.00247391 -0.00566103 0.00258435 0.0146296 0.000469233 0.000454059 3.45139e-05 0.106405 0.00180234 8.39678 2.27513 84.0518 12.0529 1109.79 57.4174 1202.24 63.1148 1202.24 63.1148 0.572195 0.00894406 
200 0.28 987200000 550.057 13.3981 -59.3104 0.613055 3927.03 86.0185 2.32022e+07 1.36129e+06 -0.00162666 0.00247391 -0.00566103 0.00258435 0.0146296 0.000469233 0.000454059 3.45139e-05 0.106405 0.00180234 8.39678 2.27513 84.0518 12.0529 1109.79 57.4174 1202.24 63.1148 1202.24 63.1148 0.572195 0.00894406 
200 0.28 988000000 550.875 13.3981 -59.2808 0.605263 3922.2 84.9721 2.30616e+07 1.34561e+06 -0.00133558 0.00246985 -0.00544702 0.00255047 0.0146231 0.000466362 0.000451003 3.43075e-05 0.106428 0.00180234 8.44688 2.18515 85.0482 11.4596 1133.15 58.6291 1226.64 64.2072 1226.64 64.2072 0.576315 0.00937443 
200 0.28 988800000 550.875 13.3981 -59.2808 0.605263 3922.2 84.9721 2.30616e+07 1.34561e+06 -0.00133558 0.00246985 -0.00544702 0.00255047 0.0146231 0.000466362 0.000451003 3.43075e-05 0.106428 0.00180234 8.44688 2.18515 85.0482 11.4596 1133.15 58.6291 1226.64 64.2072 1226.64 64.2072 0.576315 0.00937443 
200 0.28 989600000 550.875 13.3981 -59.2808 0.605263 3922.2 84.9721 2.30616e+07 1.34561e+06 -0.00133558 0.00246689 -0.00544702 0.00255047 0.0146231 0.000466362 0.000451003 3.43075e-05 0.106428 0.00180234 8.44688 2.18213 85.0482 11.4596 1133.15 58.6291 1226.64 64.2072 1226.64 64.2072 0.576315 0.00937443 
200 0.28 990400000 550.875 13.3981 -59.2808 0.605263 3922.2 84.9721 2.30616e+07 1.34561e+06 -0.00133558 0.00246689 -0.00544702 0.00255047 0.0146231 0.000466362 0.000451003 3.43075e-05 0.106428 0.00180234 8.44688 2.18213 85.0482 11.4596 1133.15 58.6291 1226.64 64.2072 1226.64 64.2072 0.576315 0.00937443 
200 0.28 991200000 550.875 13.3981 -59.2808 0.605263 3922.2 84.9721 2.30616e+07 1.34561e+06 -0.00133558 0.0024629 -0.00544702 0.00255047 0.0146231 0.000466362 0.000451003 3.43075e-05 0.106428 0.00180234 8.44688 2.17799 85.0482 11.4596 1133.15 58.6291 1226.64 64.2072 1226.64 64.2072 0.576315 0.00937443 
200 0.28 992000000 550.875 13.3981 -59.2808 0.605263 3922.2 84.9721 2.30616e+07 1.34561e+06 -0.00133558 0.0024629 -0.00544702 0.00255047 0.0146231 0.000466362 0.000451003 3.43075e-05 0.106428 0.00180234 8.44688 2.17799 85.0482 11.4596 1133.15 58.6291 1226.64 64.2072 1226.64 64.2072 0.576315 0.00937443 
200 0.28 992800000 550.875 13.3981 -59.2808 0.605263 3922.2 84.9721 2.30616e+07 1.34561e+06 -0.00133558 0.00245888 -0.00544702 0.00255047 0.0146231 0.000466362 0.000451003 3.43075e-05 0.106428 0.00180234 8.44688 2.17779 85.0482 11.4596 1133.15 58.6291 1226.64 64.2072 1226.64 64.2072 0.576315 0.00937443 
200 0.28 993600000 550.875 13.3981 -59.2808 0.605263 3922.2 84.9721 2.30616e+07 1.34561e+06 -0.00133558 0.00245888 -0.00544702 0.00255047 0.0146231 0.000466362 0.000451003 3.43075e-05 0.106428 0.00180234 8.44688 2.17779 85.0482 11.4596 1133.15 58.6291 1226.64 64.2072 1226.64 64.2072 0.576315 0.00937443 
200 0.28 994400000 550.875 13.3981 -59.2808 0.605263 3922.2 84.9721 2.30616e+07 1.34561e+06 -0.00133558 0.00245502 -0.00544702 0.00255047 0.0146231 0.000463343 0.000451003 3.41014e-05 0.106428 0.00180234 8.44688 2.17779 85.0482 11.4596 1133.15 58.6291 1226.64 64.2072 1226.64 64.2072 0.576315 0.00937443 
200 0.28 995200000 550.875 13.3981 -59.2808 0.605263 3922.2 84.9721 2.30616e+07 1.34561e+06 -0.00133558 0.00245502 -0.00544702 0.00255047 0.0146231 0.000463343 0.000451003 3.41014e-05 0.106428 0.00180234 8.44688 2.17779 85.0482 11.4596 1133.15 58.6291 1226.64 64.2072 1226.64 64.2072 0.576315 0.00937443 
200 0.28 996000000 550.875 13.3981 -59.2808 0.605263 3922.2 84.9721 2.30616e+07 1.34561e+06 -0.00133558 0.00245114 -0.00544702 0.00255047 0.0146231 0.000463343 0.000451003 3.41014e-05 0.106428 0.00180234 8.44688 2.17779 85.0482 11.4596 1133.15 58.6291 1226.64 64.2072 1226.64 64.2072 0.576315 0.00937443 
200 0.28 996800000 550.875 13.3981 -59.2808 0.605263 3922.2 84.9721 2.30616e+07 1.34561e+06 -0.00133558 0.00245114 -0.00544702 0.00255047 0.0146231 0.000463343 0.000451003 3.41014e-05 0.106428 0.00180234 8.44688 2.17779 85.0482 11.4596 1133.15 58.6291 1226.64 64.2072 1226.64 64.2072 0.576315 0.00937443 
200 0.28 997600000 550.875 13.3981 -59.2808 0.605263 3922.2 84.9721 2.30616e+07 1.34561e+06 -0.00133558 0.00245104 -0.00544702 0.00255047 0.0146231 0.000463343 0.000451003 3.41014e-05 0.106428 0.00180234 8.44688 2.17779 85.0482 11.4596 1133.15 58.6291 1226.64 64.2072 1226.64 64.2072 0.576315 0.00937443 
200 0.28 998400000 550.875 13.3981 -59.2808 0.605263 3922.2 84.9721 2.30616e+07 1.34561e+06 -0.00133558 0.00245104 -0.00544702 0.00255047 0.0146231 0.000463343 0.000451003 3.41014e-05 0.106428 0.00180234 8.44688 2.17779 85.0482 11.4596 1133.15 58.6291 1226.64 64.2072 1226.64 64.2072 0.576315 0.00937443 
200 0.28 999200000 550.875 13.3981 -59.2808 0.605263 3922.2 84.9721 2.30616e+07 1.34561e+06 -0.00133558 0.0024487 -0.00544702 0.00255047 0.0146231 0.000463343 0.000451003 3.41014e-05 0.106428 0.00180234 8.44688 2.17779 85.0482 11.4596 1133.15 58.6291 1226.64 64.2072 1226.64 64.2072 0.576315 0.00937443 
200 0.28 1000000000 550.875 13.3981 -59.2808 0.605263 3922.2 84.9721 2.30616e+07 1.34561e+06 -0.00133558 0.0024487 -0.00544702 0.00255047 0.0146231 0.000463343 0.000451003 3.41014e-05 0.106428 0.00180234 8.44688 2.17779 85.0482 11.4596 1133.15 58.6291 1226.64 64.2072 1226.64 64.2072 0.576315 0.00937443 
200 0.28 1000800000 550.875 13.3981 -59.2808 0.611491 3922.2 85.1849 2.30616e+07 1.33684e+06 -0.00133558 0.00244736 -0.00544702 0.00252528 0.0146231 0.000461288 0.000451003 3.3937e-05 0.106428 0.00180234 8.44688 2.17779 85.0482 11.4596 1133.15 58.6291 1226.64 64.2072 1226.64 64.2072 0.576315 0.00937443 
200 0.28 1001600000 550.875 13.3981 -59.2808 0.611491 3922.2 85.1849 2.30616e+07 1.33684e+06 -0.00133558 0.00244736 -0.00544702 0.00252528 0.0146231 0.000461288 0.000451003 3.3937e-05 0.106428 0.00180234 8.44688 2.17779 85.0482 11.4596 1133.15 58.6291 1226.64 64.2072 1226.64 64.2072 0.576315 0.00937443 
200 0.28 1002400000 550.875 13.3981 -59.2808 0.611491 3922.2 85.1849 2.30616e+07 1.33684e+06 -0.00133558 0.00245176 -0.00544702 0.00252528 0.0146231 0.000461288 0.000451003 3.3937e-05 0.106428 0.00180234 8.44688 2.17779 85.0482 11.4596 1133.15 58.6291 1226.64 64.2072 1226.64 64.2072 0.576315 0.00937443 
200 0.28 1003200000 550.875 13.3981 -59.2808 0.611491 3922.2 85.1849 2.30616e+07 1.33684e+06 -0.00133558 0.00245176 -0.00544702 0.00252528 0.0146231 0.000461288 0.000451003 3.3937e-05 0.106428 0.00180234 8.44688 2.17779 85.0482 11.4596 1133.15 58.6291 1226.64 64.2072 1226.64 64.2072 0.576315 0.00937443 
200 0.28 1004000000 550.875 13.3981 -59.2808 0.611491 3922.2 85.1849 2.30616e+07 1.33684e+06 -0.00133558 0.00244993 -0.00544702 0.00252528 0.0146231 0.000461288 0.000451003 3.3937e-05 0.106428 0.00180234 8.44688 2.17779 85.0482 11.4596 1133.15 58.6291 1226.64 64.2072 1226.64 64.2072 0.576315 0.00937443 
200 0.28 1004800000 550.875 13.3981 -59.2808 0.611491 3922.2 85.1849 2.30616e+07 1.33684e+06 -0.00133558 0.00244993 -0.00544702 0.00252528 0.0146231 0.000461288 0.000451003 3.3937e-05 0.106428 0.00180234 8.44688 2.17779 85.0482 11.4596 1133.15 58.6291 1226.64 64.2072 1226.64 64.2072 0.576315 0.00937443 
200 0.28 1005600000 550.875 13.3981 -59.2808 0.611491 3922.2 85.1849 2.30616e+07 1.33684e+06 -0.00133558 0.00246377 -0.00544702 0.00252528 0.0146231 0.000461288 0.000451003 3.3937e-05 0.106428 0.00180234 8.44688 2.17779 85.0482 11.4596 1133.15 58.6291 1226.64 64.2072 1226.64 64.2072 0.576315 0.00937443 
200 0.28 1006400000 550.875 13.3981 -59.2808 0.611491 3922.2 85.1849 2.30616e+07 1.33684e+06 -0.00133558 0.00246377 -0.00544702 0.00252528 0.0146231 0.000461288 0.000451003 3.3937e-05 0.106428 0.00180234 8.44688 2.17779 85.0482 11.4596 1133.15 58.6291 1226.64 64.2072 1226.64 64.2072 0.576315 0.00937443 
200 0.28 1007200000 550.875 13.3981 -59.2808 0.611491 3922.2 85.1849 2.30616e+07 1.33684e+06 -0.00133558 0.00246049 -0.00544702 0.00252528 0.0146231 0.000460782 0.000451003 3.37587e-05 0.106428 0.00180234 8.44688 2.17779 85.0482 11.4596 1133.15 58.6291 1226.64 64.2072 1226.64 64.2072 0.576315 0.00937443 
200 0.28 1008000000 550.875 13.3981 -59.2808 0.611491 3922.2 85.1849 2.30616e+07 1.33684e+06 -0.00133558 0.00246049 -0.00544702 0.00252528 0.0146231 0.000460782 0.000451003 3.37587e-05 0.106428 0.00180234 8.44688 2.17779 85.0482 11.4596 1133.15 58.6291 1226.64 64.2072 1226.64 64.2072 0.576315 0.00937443 
200 0.28 1008800000 550.875 13.3981 -59.2808 0.611491 3922.2 85.1849 2.30616e+07 1.33684e+06 -0.00133558 0.00245708 -0.00544702 0.00252528 0.0146231 0.000460782 0.000451003 3.37587e-05 0.106428 0.00180234 8.44688 2.17779 85.0482 11.4596 1133.15 58.6291 1226.64 64.2072 1226.64 64.2072 0.576315 0.00937443 
200 0.28 1009600000 550.875 13.3981 -59.2808 0.611491 3922.2 85.1849 2.30616e+07 1.33684e+06 -0.00133558 0.00245708 -0.00544702 0.00252528 0.0146231 0.000460782 0.000451003 3.37587e-05 0.106428 0.00180234 8.44688 2.17779 85.0482 11.4596 1133.15 58.6291 1226.64 64.2072 1226.64 64.2072 0.576315 0.00937443 
200 0.28 1010400000 550.875 13.3981 -59.2808 0.611491 3922.2 85.1849 2.30616e+07 1.33684e+06 -0.00133558 0.00245335 -0.00544702 0.00252528 0.0146231 0.000460782 0.000451003 3.37587e-05 0.106428 0.00180234 8.44688 2.17779 85.0482 11.4596 1133.15 58.6291 1226.64 64.2072 1226.64 64.2072 0.576315 0.00937443 
200 0.28 1011200000 550.875 13.3981 -59.2808 0.611491 3922.2 85.1849 2.30616e+07 1.33684e+06 -0.00133558 0.00245335 -0.00544702 0.00252528 0.0146231 0.000460782 0.000451003 3.37587e-05 0.106428 0.00180234 8.44688 2.17779 85.0482 11.4596 1133.15 58.6291 1226.64 64.2072 1226.64 64.2072 0.576315 0.00937443 
200 0.28 1012000000 550.875 13.3981 -59.2808 0.611491 3922.2 85.1849 2.30616e+07 1.33684e+06 -0.00133558 0.00245346 -0.00544702 0.00252528 0.0146231 0.000460782 0.000451003 3.37587e-05 0.106428 0.00180234 8.44688 2.17779 85.0482 11.4596 1133.15 58.6291 1226.64 64.2072 1226.64 64.2072 0.576315 0.00937443 
200 0.28 1012800000 550.875 13.3981 -59.2808 0.611491 3922.2 85.1849 2.30616e+07 1.33684e+06 -0.00133558 0.00245346 -0.00544702 0.00252528 0.0146231 0.000460782 0.000451003 3.37587e-05 0.106428 0.00180234 8.44688 2.17779 85.0482 11.4596 1133.15 58.6291 1226.64 64.2072 1226.64 64.2072 0.576315 0.00937443 
200 0.28 1013600000 550.875 13.3981 -59.2808 0.611241 3922.2 84.8388 2.30616e+07 1.32447e+06 -0.00133558 0.00245063 -0.00544702 0.00250586 0.0146231 0.000459295 0.000451003 3.36062e-05 0.106428 0.00180234 8.44688 2.17779 85.0482 11.4596 1133.15 58.6291 1226.64 64.2072 1226.64 64.2072 0.576315 0.00937443 
200 0.28 1014400000 550.875 13.3981 -59.2808 0.611241 3922.2 84.8388 2.30616e+07 1.32447e+06 -0.00133558 0.00245063 -0.00544702 0.00250586 0.0146231 0.000459295 0.000451003 3.36062e-05 0.106428 0.00180234 8.44688 2.17779 85.0482 11.4596 1133.15 58.6291 1226.64 64.2072 1226.64 64.2072 0.576315 0.00937443 
200 0.28 1015200000 550.875 13.3981 -59.2808 0.611241 3922.2 84.8388 2.30616e+07 1.32447e+06 -0.00133558 0.00244842 -0.00544702 0.00250586 0.0146231 0.000459295 0.000451003 3.36062e-05 0.106428 0.00180234 8.44688 2.17779 85.0482 11.4596 1133.15 58.6291 1226.64 64.2072 1226.64 64.2072 0.576315 0.00937443 
200 0.28 1016000000 550.875 13.3981 -59.2808 0.611241 3922.2 84.8388 2.30616e+07 1.32447e+06 -0.00133558 0.00244842 -0.00544702 0.00250586 0.0146231 0.000459295 0.000451003 3.36062e-05 0.106428 0.00180234 8.44688 2.17779 85.0482 11.4596 1133.15 58.6291 1226.64 64.2072 1226.64 64.2072 0.576315 0.00937443 
200 0.28 1016800000 550.875 13.3981 -59.2808 0.611241 3922.2 84.8388 2.30616e+07 1.32447e+06 -0.00133558 0.00245077 -0.00544702 0.00250586 0.0146231 0.000459295 0.000451003 3.36062e-05 0.106428 0.00180234 8.44688 2.17779 85.0482 11.4596 1133.15 58.6291 1226.64 64.2072 1226.64 64.2072 0.576315 0.00937443 
200 0.28 1017600000 550.875 13.3981 -59.2808 0.611241 3922.2 84.8388 2.30616e+07 1.32447e+06 -0.00133558 0.00245077 -0.00544702 0.00250586 0.0146231 0.000459295 0.000451003 3.36062e-05 0.106428 0.00180234 8.44688 2.17779 85.0482 11.4596 1133.15 58.6291 1226.64 64.2072 1226.64 64.2072 0.576315 0.00937443 
200 0.28 1018400000 550.875 13.3981 -59.2808 0.611241 3922.2 84.8388 2.30616e+07 1.32447e+06 -0.00133558 0.00244762 -0.00544702 0.00250586 0.0146231 0.000459295 0.000451003 3.36062e-05 0.106428 0.00180234 8.44688 2.17779 85.0482 11.4596 1133.15 58.6291 1226.64 64.2072 1226.64 64.2072 0.576315 0.00937443 
200 0.28 1019200000 550.875 13.3981 -59.2808 0.611241 3922.2 84.8388 2.30616e+07 1.32447e+06 -0.00133558 0.00244762 -0.00544702 0.00250586 0.0146231 0.000459295 0.000451003 3.36062e-05 0.106428 0.00180234 8.44688 2.17779 85.0482 11.4596 1133.15 58.6291 1226.64 64.2072 1226.64 64.2072 0.576315 0.00937443 
200 0.28 1020000000 550.875 13.3981 -59.2808 0.611241 3922.2 84.8388 2.30616e+07 1.32447e+06 -0.00133558 0.00244538 -0.00544702 0.00250586 0.0146231 0.000460135 0.000451003 3.36566e-05 0.106428 0.00180234 8.44688 2.17779 85.0482 11.4596 1133.15 58.6291 1226.64 64.2072 1226.64 64.2072 0.576315 0.00937443 
200 0.28 1020800000 550.875 13.3981 -59.2808 0.611241 3922.2 84.8388 2.30616e+07 1.32447e+06 -0.00133558 0.00244538 -0.00544702 0.00250586 0.0146231 0.000460135 0.000451003 3.36566e-05 0.106428 0.00180234 8.44688 2.17779 85.0482 11.4596 1133.15 58.6291 1226.64 64.2072 1226.64 64.2072 0.576315 0.00937443 
200 0.28 1021600000 550.875 13.3981 -59.2808 0.611241 3922.2 84.8388 2.30616e+07 1.32447e+06 -0.00133558 0.00244188 -0.00544702 0.00250586 0.0146231 0.000460135 0.000451003 3.36566e-05 0.106428 0.00180234 8.44688 2.17779 85.0482 11.4596 1133.15 58.6291 1226.64 64.2072 1226.64 64.2072 0.576315 0.00937443 
200 0.28 1022400000 550.875 13.3981 -59.2808 0.611241 3922.2 84.8388 2.30616e+07 1.32447e+06 -0.00133558 0.00244188 -0.00544702 0.00250586 0.0146231 0.000460135 0.000451003 3.36566e-05 0.106428 0.00180234 8.44688 2.17779 85.0482 11.4596 1133.15 58.6291 1226.64 64.2072 1226.64 64.2072 0.576315 0.00937443 
200 0.28 1023200000 550.875 13.3981 -59.2808 0.611241 3922.2 84.8388 2.30616e+07 1.32447e+06 -0.00133558 0.00244222 -0.00544702 0.00250586 0.0146231 0.000460135 0.000451003 3.36566e-05 0.106428 0.00180234 8.44688 2.17779 85.0482 11.4596 1133.15 58.6291 1226.64 64.2072 1226.64 64.2072 0.576315 0.00937443 
200 0.28 1024000000 550.875 13.3981 -59.2808 0.611241 3922.2 84.8388 2.30616e+07 1.32447e+06 -0.00133558 0.00244222 -0.00544702 0.00250586 0.0146231 0.000460135 0.000451003 3.36566e-05 0.106428 0.00180234 8.44688 2.17779 85.0482 11.4596 1133.15 58.6291 1226.64 64.2072 1226.64 64.2072 0.576315 0.00937443 
200 0.28 1024800000 550.875 13.3981 -59.2808 0.611241 3922.2 84.8388 2.30616e+07 1.32447e+06 -0.00133558 0.00243884 -0.00544702 0.00250586 0.0146231 0.000460135 0.000451003 3.36566e-05 0.106428 0.00180234 8.44688 2.17779 85.0482 11.4596 1133.15 58.6291 1226.64 64.2072 1226.64 64.2072 0.576315 0.00937443 
200 0.28 1025600000 550.875 13.3981 -59.2808 0.611241 3922.2 84.8388 2.30616e+07 1.32447e+06 -0.00133558 0.00243884 -0.00544702 0.00250586 0.0146231 0.000460135 0.000451003 3.36566e-05 0.106428 0.00180234 8.44688 2.17779 85.0482 11.4596 1133.15 58.6291 1226.64 64.2072 1226.64 64.2072 0.576315 0.00937443 
200 0.28 1026400000 550.875 13.3981 -59.2808 0.610104 3922.2 84.7631 2.30616e+07 1.31542e+06 -0.00133558 0.00243499 -0.00544702 0.00248019 0.0146231 0.000457341 0.000451003 3.34611e-05 0.106428 0.00180234 8.44688 2.17779 85.0482 11.4596 1133.15 58.6291 1226.64 64.2072 1226.64 64.2072 0.576315 0.00937443 
200 0.28 1027200000 550.875 13.3981 -59.2808 0.610104 3922.2 84.7631 2.30616e+07 1.31542e+06 -0.00133558 0.00243499 -0.00544702 0.00248019 0.0146231 0.000457341 0.000451003 3.34611e-05 0.106428 0.00180234 8.44688 2.17779 85.0482 11.4596 1133.15 58.6291 1226.64 64.2072 1226.64 64.2072 0.576315 0.00937443 
200 0.28 1028000000 550.875 13.3981 -59.2808 0.610104 3922.2 84.7631 2.30616e+07 1.31542e+06 -0.00133558 0.00243119 -0.00544702 0.00248019 0.0146231 0.000457341 0.000451003 3.34611e-05 0.106428 0.00180234 8.44688 2.17779 85.0482 11.4596 1133.15 58.6291 1226.64 64.2072 1226.64 64.2072 0.576315 0.00937443 
200 0.28 1028800000 550.875 13.3981 -59.2808 0.610104 3922.2 84.7631 2.30616e+07 1.31542e+06 -0.00133558 0.00243119 -0.00544702 0.00248019 0.0146231 0.000457341 0.000451003 3.34611e-05 0.106428 0.00180234 8.44688 2.17779 85.0482 11.4596 1133.15 58.6291 1226.64 64.2072 1226.64 64.2072 0.576315 0.00937443 
200 0.28 1029600000 550.875 13.3981 -59.2808 0.610104 3922.2 84.7631 2.30616e+07 1.31542e+06 -0.00133558 0.00242834 -0.00544702 0.00248019 0.0146231 0.000457341 0.000451003 3.34611e-05 0.106428 0.00180234 8.44688 2.17779 85.0482 11.4596 1133.15 58.6291 1226.64 64.2072 1226.64 64.2072 0.576315 0.00937443 
200 0.28 1030400000 550.875 13.3981 -59.2808 0.610104 3922.2 84.7631 2.30616e+07 1.31542e+06 -0.00133558 0.00242834 -0.00544702 0.00248019 0.0146231 0.000457341 0.000451003 3.34611e-05 0.106428 0.00180234 8.44688 2.17779 85.0482 11.4596 1133.15 58.6291 1226.64 64.2072 1226.64 64.2072 0.576315 0.00937443 
200 0.28 1031200000 550.875 13.3981 -59.2808 0.610104 3922.2 84.7631 2.30616e+07 1.31542e+06 -0.00133558 0.00242453 -0.00544702 0.00248019 0.0146231 0.000457341 0.000451003 3.34611e-05 0.106428 0.00180234 8.44688 2.17779 85.0482 11.4596 1133.15 58.6291 1226.64 64.2072 1226.64 64.2072 0.576315 0.00937443 
200 0.28 1032000000 550.875 13.3981 -59.2808 0.610104 3922.2 84.7631 2.30616e+07 1.31542e+06 -0.00133558 0.00242453 -0.00544702 0.00248019 0.0146231 0.000457341 0.000451003 3.34611e-05 0.106428 0.00180234 8.44688 2.17779 85.0482 11.4596 1133.15 58.6291 1226.64 64.2072 1226.64 64.2072 0.576315 0.00937443 
200 0.28 1032800000 550.875 13.3981 -59.2808 0.610104 3922.2 84.7631 2.30616e+07 1.31542e+06 -0.00133558 0.00242091 -0.00544702 0.00248019 0.0146231 0.000456766 0.000451003 3.33289e-05 0.106428 0.00180234 8.44688 2.17779 85.0482 11.4596 1133.15 58.6291 1226.64 64.2072 1226.64 64.2072 0.576315 0.00937443 
200 0.28 1033600000 550.875 13.3981 -59.2808 0.610104 3922.2 84.7631 2.30616e+07 1.31542e+06 -0.00133558 0.00242091 -0.00544702 0.00248019 0.0146231 0.000456766 0.000451003 3.33289e-05 0.106428 0.00180234 8.44688 2.17779 85.0482 11.4596 1133.15 58.6291 1226.64 64.2072 1226.64 64.2072 0.576315 0.00937443 
200 0.28 1034400000 550.875 13.3981 -59.2808 0.610104 3922.2 84.7631 2.30616e+07 1.31542e+06 -0.00133558 0.00241782 -0.00544702 0.00248019 0.0146231 0.000456766 0.000451003 3.33289e-05 0.106428 0.00180234 8.44688 2.17779 85.0482 11.4596 1133.15 58.6291 1226.64 64.2072 1226.64 64.2072 0.576315 0.00937443 
200 0.28 1035200000 550.875 13.3981 -59.2808 0.610104 3922.2 84.7631 2.30616e+07 1.31542e+06 -0.00133558 0.00241782 -0.00544702 0.00248019 0.0146231 0.000456766 0.000451003 3.33289e-05 0.106428 0.00180234 8.44688 2.17779 85.0482 11.4596 1133.15 58.6291 1226.64 64.2072 1226.64 64.2072 0.576315 0.00937443 
200 0.28 1036000000 550.875 13.3981 -59.2808 0.610104 3922.2 84.7631 2.30616e+07 1.31542e+06 -0.00133558 0.0024184 -0.00544702 0.00248019 0.0146231 0.000456766 0.000451003 3.33289e-05 0.106428 0.00180234 8.44688 2.17779 85.0482 11.4596 1133.15 58.6291 1226.64 64.2072 1226.64 64.2072 0.576315 0.00937443 
200 0.28 1036800000 550.875 13.3981 -59.2808 0.610104 3922.2 84.7631 2.30616e+07 1.31542e+06 -0.00133558 0.0024184 -0.00544702 0.00248019 0.0146231 0.000456766 0.000451003 3.33289e-05 0.106428 0.00180234 8.44688 2.17779 85.0482 11.4596 1133.15 58.6291 1226.64 64.2072 1226.64 64.2072 0.576315 0.00937443 
200 0.28 1037600000 550.875 13.3981 -59.2808 0.610104 3922.2 84.7631 2.30616e+07 1.31542e+06 -0.00133558 0.00241508 -0.00544702 0.00248019 0.0146231 0.000456766 0.000451003 3.33289e-05 0.106428 0.00180234 8.44688 2.17779 85.0482 11.4596 1133.15 58.6291 1226.64 64.2072 1226.64 64.2072 0.576315 0.00937443 
200 0.28 1038400000 550.875 13.3981 -59.2808 0.610104 3922.2 84.7631 2.30616e+07 1.31542e+06 -0.00133558 0.00241508 -0.00544702 0.00248019 0.0146231 0.000456766 0.000451003 3.33289e-05 0.106428 0.00180234 8.44688 2.17779 85.0482 11.4596 1133.15 58.6291 1226.64 64.2072 1226.64 64.2072 0.576315 0.00937443 
200 0.28 1039200000 552.128 13.7971 -59.0793 0.605776 3899.26 84.2548 2.28034e+07 1.30589e+06 -0.000777299 0.0024125 -0.00600826 0.00248819 0.0146614 0.000530576 0.000450377 3.31824e-05 0.106646 0.00217778 8.30337 2.07609 85.798 10.9112 1128.12 56.4643 1222.22 62.0726 1222.22 62.0726 0.576584 0.00890956 
200 0.28 1040000000 552.128 13.7971 -59.0793 0.605776 3899.26 84.2548 2.28034e+07 1.30589e+06 -0.000777299 0.0024125 -0.00600826 0.00248819 0.0146614 0.000530576 0.000450377 3.31824e-05 0.106646 0.00217778 8.30337 2.07609 85.798 10.9112 1128.12 56.4643 1222.22 62.0726 1222.22 62.0726 0.576584 0.00890956 
200 0.28 1040800000 552.128 13.7971 -59.0793 0.605776 3899.26 84.2548 2.28034e+07 1.30589e+06 -0.000777299 0.00240978 -0.00600826 0.00248819 0.0146614 0.000530576 0.000450377 3.31824e-05 0.106646 0.00217778 8.30337 2.07341 85.798 10.9112 1128.12 56.4643 1222.22 62.0726 1222.22 62.0726 0.576584 0.00890956 
200 0.28 1041600000 552.128 13.7971 -59.0793 0.605776 3899.26 84.2548 2.28034e+07 1.30589e+06 -0.000777299 0.00240978 -0.00600826 0.00248819 0.0146614 0.000530576 0.000450377 3.31824e-05 0.106646 0.00217778 8.30337 2.07341 85.798 10.9112 1128.12 56.4643 1222.22 62.0726 1222.22 62.0726 0.576584 0.00890956 
200 0.28 1042400000 552.128 13.7971 -59.0793 0.605776 3899.26 84.2548 2.28034e+07 1.30589e+06 -0.000777299 0.00240603 -0.00600826 0.00248819 0.0146614 0.000530576 0.000450377 3.31824e-05 0.106646 0.00217778 8.30337 2.06964 85.798 10.9112 1128.12 56.3641 1222.22 61.956 1222.22 61.956 0.576584 0.00890956 
200 0.28 1043200000 552.128 13.7971 -59.0793 0.605776 3899.26 84.2548 2.28034e+07 1.30589e+06 -0.000777299 0.00240603 -0.00600826 0.00248819 0.0146614 0.000530576 0.000450377 3.31824e-05 0.106646 0.00217778 8.30337 2.06964 85.798 10.9112 1128.12 56.3641 1222.22 61.956 1222.22 61.956 0.576584 0.00890956 
200 0.28 1044000000 552.128 13.7971 -59.0793 0.605776 3899.26 84.2548 2.28034e+07 1.30589e+06 -0.000777299 0.00240294 -0.00600826 0.00248819 0.0146614 0.000530576 0.000450377 3.31824e-05 0.106646 0.00217778 8.30337 2.06947 85.798 10.9112 1128.12 56.3641 1222.22 61.956 1222.22 61.956 0.576584 0.00890956 
200 0.28 1044800000 552.128 13.7971 -59.0793 0.605776 3899.26 84.2548 2.28034e+07 1.30589e+06 -0.000777299 0.00240294 -0.00600826 0.00248819 0.0146614 0.000530576 0.000450377 3.31824e-05 0.106646 0.00217778 8.30337 2.06947 85.798 10.9112 1128.12 56.3641 1222.22 61.956 1222.22 61.956 0.576584 0.00890956 
200 0.28 1045600000 552.128 13.7971 -59.0793 0.605776 3899.26 84.2548 2.28034e+07 1.30589e+06 -0.000777299 0.00240305 -0.00600826 0.00248819 0.0146614 0.000530576 0.000450377 3.30066e-05 0.106646 0.00217778 8.30337 2.06321 85.798 10.9112 1128.12 56.1247 1222.22 61.6991 1222.22 61.6991 0.576584 0.00890956 
200 0.28 1046400000 552.128 13.7971 -59.0793 0.605776 3899.26 84.2548 2.28034e+07 1.30589e+06 -0.000777299 0.00240305 -0.00600826 0.00248819 0.0146614 0.000530576 0.000450377 3.30066e-05 0.106646 0.00217778 8.30337 2.06321 85.798 10.9112 1128.12 56.1247 1222.22 61.6991 1222.22 61.6991 0.576584 0.00890956 
200 0.28 1047200000 552.128 13.7971 -59.0793 0.605776 3899.26 84.2548 2.28034e+07 1.30589e+06 -0.000777299 0.00240059 -0.00600826 0.00248819 0.0146614 0.000530576 0.000450377 3.30066e-05 0.106646 0.00217778 8.30337 2.06056 85.798 10.9112 1128.12 56.1247 1222.22 61.6991 1222.22 61.6991 0.576584 0.00890956 
200 0.28 1048000000 552.128 13.7971 -59.0793 0.605776 3899.26 84.2548 2.28034e+07 1.30589e+06 -0.000777299 0.00240059 -0.00600826 0.00248819 0.0146614 0.000530576 0.000450377 3.30066e-05 0.106646 0.00217778 8.30337 2.06056 85.798 10.9112 1128.12 56.1247 1222.22 61.6991 1222.22 61.6991 0.576584 0.00890956 
200 0.28 1048800000 552.128 13.7971 -59.0793 0.605776 3899.26 84.2548 2.28034e+07 1.30589e+06 -0.000777299 0.00239722 -0.00600826 0.00248819 0.0146614 0.000530576 0.000450377 3.30066e-05 0.106646 0.00217778 8.30337 2.05685 85.798 10.9112 1128.12 56.049 1222.22 61.6107 1222.22 61.6107 0.576584 0.00890956 
200 0.28 1049600000 552.128 13.7971 -59.0793 0.605776 3899.26 84.2548 2.28034e+07 1.30589e+06 -0.000777299 0.00239722 -0.00600826 0.00248819 0.0146614 0.000530576 0.000450377 3.30066e-05 0.106646 0.00217778 8.30337 2.05685 85.798 10.9112 1128.12 56.049 1222.22 61.6107 1222.22 61.6107 0.576584 0.00890956 
200 0.28 1050400000 552.128 13.7971 -59.0793 0.605776 3899.26 84.2548 2.28034e+07 1.30589e+06 -0.000777299 0.00239354 -0.00600826 0.00248819 0.0146614 0.000530576 0.000450377 3.30066e-05 0.106646 0.00217778 8.30337 2.05667 85.798 10.9112 1128.12 56.049 1222.22 61.6107 1222.22 61.6107 0.576584 0.00890956 
200 0.28 1051200000 552.128 13.7971 -59.0793 0.605776 3899.26 84.2548 2.28034e+07 1.30589e+06 -0.000777299 0.00239354 -0.00600826 0.00248819 0.0146614 0.000530576 0.000450377 3.30066e-05 0.106646 0.00217778 8.30337 2.05667 85.798 10.9112 1128.12 56.049 1222.22 61.6107 1222.22 61.6107 0.576584 0.00890956 
200 0.28 1052000000 552.128 13.7971 -59.0793 0.599746 3899.26 83.392 2.28034e+07 1.29051e+06 -0.000777299 0.00239036 -0.00600826 0.00251964 0.0146614 0.000530576 0.000450377 3.28107e-05 0.106646 0.00217778 8.30337 2.05291 85.798 10.9112 1128.12 55.9938 1222.22 61.536 1222.22 61.536 0.576584 0.00890956 
200 0.28 1052800000 552.128 13.7971 -59.0793 0.599746 3899.26 83.392 2.28034e+07 1.29051e+06 -0.000777299 0.00239036 -0.00600826 0.00251964 0.0146614 0.000530576 0.000450377 3.28107e-05 0.106646 0.00217778 8.30337 2.05291 85.798 10.9112 1128.12 55.9938 1222.22 61.536 1222.22 61.536 0.576584 0.00890956 
200 0.28 1053600000 552.128 13.7971 -59.0793 0.599746 3899.26 83.392 2.28034e+07 1.29051e+06 -0.000777299 0.00238747 -0.00600826 0.00251964 0.0146614 0.000530576 0.000450377 3.28107e-05 0.106646 0.00217778 8.30337 2.05291 85.798 10.9112 1128.12 55.9938 1222.22 61.536 1222.22 61.536 0.576584 0.00890956 
200 0.28 1054400000 552.128 13.7971 -59.0793 0.599746 3899.26 83.392 2.28034e+07 1.29051e+06 -0.000777299 0.00238747 -0.00600826 0.00251964 0.0146614 0.000530576 0.000450377 3.28107e-05 0.106646 0.00217778 8.30337 2.05291 85.798 10.9112 1128.12 55.9938 1222.22 61.536 1222.22 61.536 0.576584 0.00890956 
200 0.28 1055200000 552.128 13.7971 -59.0793 0.599746 3899.26 83.392 2.28034e+07 1.29051e+06 -0.000777299 0.00239019 -0.00600826 0.00251964 0.0146614 0.000530576 0.000450377 3.28107e-05 0.106646 0.00217778 8.30337 2.05291 85.798 10.9112 1128.12 55.9938 1222.22 61.536 1222.22 61.536 0.576584 0.00890956 
200 0.28 1056000000 552.128 13.7971 -59.0793 0.599746 3899.26 83.392 2.28034e+07 1.29051e+06 -0.000777299 0.00239019 -0.00600826 0.00251964 0.0146614 0.000530576 0.000450377 3.28107e-05 0.106646 0.00217778 8.30337 2.05291 85.798 10.9112 1128.12 55.9938 1222.22 61.536 1222.22 61.536 0.576584 0.00890956 
200 0.28 1056800000 552.128 13.7971 -59.0793 0.599746 3899.26 83.392 2.28034e+07 1.29051e+06 -0.000777299 0.00238701 -0.00600826 0.00251964 0.0146614 0.000530576 0.000450377 3.28107e-05 0.106646 0.00217778 8.30337 2.05291 85.798 10.9112 1128.12 55.9938 1222.22 61.536 1222.22 61.536 0.576584 0.00890956 
200 0.28 1057600000 552.128 13.7971 -59.0793 0.599746 3899.26 83.392 2.28034e+07 1.29051e+06 -0.000777299 0.00238701 -0.00600826 0.00251964 0.0146614 0.000530576 0.000450377 3.28107e-05 0.106646 0.00217778 8.30337 2.05291 85.798 10.9112 1128.12 55.9938 1222.22 61.536 1222.22 61.536 0.576584 0.00890956 
200 0.28 1058400000 552.128 13.7971 -59.0793 0.599746 3899.26 83.392 2.28034e+07 1.29051e+06 -0.000777299 0.00239102 -0.00600826 0.00251964 0.0146614 0.000530576 0.000450377 3.27754e-05 0.106646 0.00217778 8.30337 2.05291 85.798 10.9112 1128.12 55.9128 1222.22 61.1958 1222.22 61.1958 0.576584 0.00890956 
200 0.28 1059200000 552.128 13.7971 -59.0793 0.599746 3899.26 83.392 2.28034e+07 1.29051e+06 -0.000777299 0.00239102 -0.00600826 0.00251964 0.0146614 0.000530576 0.000450377 3.27754e-05 0.106646 0.00217778 8.30337 2.05291 85.798 10.9112 1128.12 55.9128 1222.22 61.1958 1222.22 61.1958 0.576584 0.00890956 
200 0.28 1060000000 552.128 13.7971 -59.0793 0.599746 3899.26 83.392 2.28034e+07 1.29051e+06 -0.000777299 0.0023887 -0.00600826 0.00251964 0.0146614 0.000530576 0.000450377 3.27754e-05 0.106646 0.00217778 8.30337 2.05291 85.798 10.9112 1128.12 55.9128 1222.22 61.1958 1222.22 61.1958 0.576584 0.00890956 
200 0.28 1060800000 552.128 13.7971 -59.0793 0.599746 3899.26 83.392 2.28034e+07 1.29051e+06 -0.000777299 0.0023887 -0.00600826 0.00251964 0.0146614 0.000530576 0.000450377 3.27754e-05 0.106646 0.00217778 8.30337 2.05291 85.798 10.9112 1128.12 55.9128 1222.22 61.1958 1222.22 61.1958 0.576584 0.00890956 
200 0.28 1061600000 552.128 13.7971 -59.0793 0.599746 3899.26 83.392 2.28034e+07 1.29051e+06 -0.000777299 0.00238944 -0.00600826 0.00251964 0.0146614 0.000530576 0.000450377 3.27754e-05 0.106646 0.00217778 8.30337 2.05291 85.798 10.9112 1128.12 55.9128 1222.22 61.1958 1222.22 61.1958 0.576584 0.00890956 
200 0.28 1062400000 552.128 13.7971 -59.0793 0.599746 3899.26 83.392 2.28034e+07 1.29051e+06 -0.000777299 0.00238944 -0.00600826 0.00251964 0.0146614 0.000530576 0.000450377 3.27754e-05 0.106646 0.00217778 8.30337 2.05291 85.798 10.9112 1128.12 55.9128 1222.22 61.1958 1222.22 61.1958 0.576584 0.00890956 
200 0.28 1063200000 552.128 13.7971 -59.0793 0.599746 3899.26 83.392 2.28034e+07 1.29051e+06 -0.000777299 0.00239297 -0.00600826 0.00251964 0.0146614 0.000530576 0.000450377 3.27754e-05 0.106646 0.00217778 8.30337 2.05291 85.798 10.9112 1128.12 55.9128 1222.22 61.1958 1222.22 61.1958 0.576584 0.00890956 
200 0.28 1064000000 552.128 13.7971 -59.0793 0.599746 3899.26 83.392 2.28034e+07 1.29051e+06 -0.000777299 0.00239297 -0.00600826 0.00251964 0.0146614 0.000530576 0.000450377 3.27754e-05 0.106646 0.00217778 8.30337 2.05291 85.798 10.9112 1128.12 55.9128 1222.22 61.1958 1222.22 61.1958 0.576584 0.00890956 
200 0.28 1064800000 552.128 13.7971 -59.0793 0.600745 3899.26 83.9755 2.28034e+07 1.32467e+06 -0.000777299 0.00239239 -0.00600826 0.00251343 0.0146614 0.000530576 0.000450377 3.26013e-05 0.106646 0.00217778 8.30337 2.05291 85.798 10.9112 1128.12 55.9128 1222.22 61.1488 1222.22 61.1488 0.576584 0.00890956 
200 0.28 1065600000 552.128 13.7971 -59.0793 0.600745 3899.26 83.9755 2.28034e+07 1.32467e+06 -0.000777299 0.00239239 -0.00600826 0.00251343 0.0146614 0.000530576 0.000450377 3.26013e-05 0.106646 0.00217778 8.30337 2.05291 85.798 10.9112 1128.12 55.9128 1222.22 61.1488 1222.22 61.1488 0.576584 0.00890956 
200 0.28 1066400000 552.128 13.7971 -59.0793 0.600745 3899.26 83.9755 2.28034e+07 1.32467e+06 -0.000777299 0.0023899 -0.00600826 0.00251343 0.0146614 0.000530576 0.000450377 3.26013e-05 0.106646 0.00217778 8.30337 2.05291 85.798 10.9112 1128.12 55.9128 1222.22 61.1488 1222.22 61.1488 0.576584 0.00890956 
200 0.28 1067200000 552.128 13.7971 -59.0793 0.600745 3899.26 83.9755 2.28034e+07 1.32467e+06 -0.000777299 0.0023899 -0.00600826 0.00251343 0.0146614 0.000530576 0.000450377 3.26013e-05 0.106646 0.00217778 8.30337 2.05291 85.798 10.9112 1128.12 55.9128 1222.22 61.1488 1222.22 61.1488 0.576584 0.00890956 
200 0.28 1068000000 552.128 13.7971 -59.0793 0.600745 3899.26 83.9755 2.28034e+07 1.32467e+06 -0.000777299 0.00238691 -0.00600826 0.00251343 0.0146614 0.000530576 0.000450377 3.26013e-05 0.106646 0.00217778 8.30337 2.05291 85.798 10.9112 1128.12 55.9128 1222.22 61.1488 1222.22 61.1488 0.576584 0.00890956 
200 0.28 1068800000 552.128 13.7971 -59.0793 0.600745 3899.26 83.9755 2.28034e+07 1.32467e+06 -0.000777299 0.00238691 -0.00600826 0.00251343 0.0146614 0.000530576 0.000450377 3.26013e-05 0.106646 0.00217778 8.30337 2.05291 85.798 10.9112 1128.12 55.9128 1222.22 61.1488 1222.22 61.1488 0.576584 0.00890956 
200 0.28 1069600000 552.128 13.7971 -59.0793 0.600745 3899.26 83.9755 2.28034e+07 1.32467e+06 -0.000777299 0.00238858 -0.00600826 0.00251343 0.0146614 0.000530576 0.000450377 3.26013e-05 0.106646 0.00217778 8.30337 2.05291 85.798 10.9112 1128.12 55.9128 1222.22 61.1488 1222.22 61.1488 0.576584 0.00890956 
200 0.28 1070400000 552.128 13.7971 -59.0793 0.600745 3899.26 83.9755 2.28034e+07 1.32467e+06 -0.000777299 0.00238858 -0.00600826 0.00251343 0.0146614 0.000530576 0.000450377 3.26013e-05 0.106646 0.00217778 8.30337 2.05291 85.798 10.9112 1128.12 55.9128 1222.22 61.1488 1222.22 61.1488 0.576584 0.00890956 
200 0.28 1071200000 552.128 13.7971 -59.0793 0.600745 3899.26 83.9755 2.28034e+07 1.32467e+06 -0.000777299 0.00238675 -0.00600826 0.00251343 0.0146614 0.000530576 0.000450377 3.24079e-05 0.106646 0.00217778 8.30337 2.05291 85.798 10.9112 1128.12 55.9128 1222.22 61.1488 1222.22 61.1488 0.576584 0.00890956 
200 0.28 1072000000 552.128 13.7971 -59.0793 0.600745 3899.26 83.9755 2.28034e+07 1.32467e+06 -0.000777299 0.00238675 -0.00600826 0.00251343 0.0146614 0.000530576 0.000450377 3.24079e-05 0.106646 0.00217778 8.30337 2.05291 85.798 10.9112 1128.12 55.9128 1222.22 61.1488 1222.22 61.1488 0.576584 0.00890956 
200 0.28 1072800000 552.128 13.7971 -59.0793 0.600745 3899.26 83.9755 2.28034e+07 1.32467e+06 -0.000777299 0.0023832 -0.00600826 0.00251343 0.0146614 0.000530576 0.000450377 3.25942e-05 0.106646 0.00217778 8.30337 2.05291 85.798 10.9112 1128.12 55.9128 1222.22 61.1488 1222.22 61.1488 0.576584 0.00890956 
200 0.28 1073600000 552.128 13.7971 -59.0793 0.600745 3899.26 83.9755 2.28034e+07 1.32467e+06 -0.000777299 0.0023832 -0.00600826 0.00251343 0.0146614 0.000530576 0.000450377 3.25942e-05 0.106646 0.00217778 8.30337 2.05291 85.798 10.9112 1128.12 55.9128 1222.22 61.1488 1222.22 61.1488 0.576584 0.00890956 
200 0.28 1074400000 552.128 13.7971 -59.0793 0.600745 3899.26 83.9755 2.28034e+07 1.32467e+06 -0.000777299 0.00237961 -0.00600826 0.00251343 0.0146614 0.000530576 0.000450377 3.25519e-05 0.106646 0.00217778 8.30337 2.05291 85.798 10.9112 1128.12 55.9128 1222.22 61.1488 1222.22 61.1488 0.576584 0.00890956 
200 0.28 1075200000 552.128 13.7971 -59.0793 0.600745 3899.26 83.9755 2.28034e+07 1.32467e+06 -0.000777299 0.00237961 -0.00600826 0.00251343 0.0146614 0.000530576 0.000450377 3.25519e-05 0.106646 0.00217778 8.30337 2.05291 85.798 10.9112 1128.12 55.9128 1222.22 61.1488 1222.22 61.1488 0.576584 0.00890956 
200 0.28 1076000000 552.128 13.7971 -59.0793 0.600745 3899.26 83.9755 2.28034e+07 1.32467e+06 -0.000777299 0.00237753 -0.00600826 0.00251343 0.0146614 0.000530576 0.000450377 3.25034e-05 0.106646 0.00217778 8.30337 2.05291 85.798 10.9112 1128.12 55.9128 1222.22 61.1488 1222.22 61.1488 0.576584 0.00890956 
200 0.28 1076800000 552.128 13.7971 -59.0793 0.600745 3899.26 83.9755 2.28034e+07 1.32467e+06 -0.000777299 0.00237753 -0.00600826 0.00251343 0.0146614 0.000530576 0.000450377 3.25034e-05 0.106646 0.00217778 8.30337 2.05291 85.798 10.9112 1128.12 55.9128 1222.22 61.1488 1222.22 61.1488 0.576584 0.00890956 
200 0.28 1077600000 552.128 13.7971 -59.0793 0.595661 3899.26 83.0685 2.28034e+07 1.30961e+06 -0.000777299 0.00237395 -0.00600826 0.00251086 0.0146614 0.000530576 0.000450377 3.24613e-05 0.106646 0.00217778 8.30337 2.05291 85.798 10.9112 1128.12 55.9128 1222.22 61.1488 1222.22 61.1488 0.576584 0.00890956 
200 0.28 1078400000 552.128 13.7971 -59.0793 0.595661 3899.26 83.0685 2.28034e+07 1.30961e+06 -0.000777299 0.00237395 -0.00600826 0.00251086 0.0146614 0.000530576 0.000450377 3.24613e-05 0.106646 0.00217778 8.30337 2.05291 85.798 10.9112 1128.12 55.9128 1222.22 61.1488 1222.22 61.1488 0.576584 0.00890956 
200 0.28 1079200000 552.128 13.7971 -59.0793 0.595661 3899.26 83.0685 2.28034e+07 1.30961e+06 -0.000777299 0.00237192 -0.00600826 0.00251086 0.0146614 0.000530576 0.000450377 3.24564e-05 0.106646 0.00217778 8.30337 2.05291 85.798 10.9112 1128.12 55.9128 1222.22 61.1488 1222.22 61.1488 0.576584 0.00890956 
200 0.28 1080000000 552.128 13.7971 -59.0793 0.595661 3899.26 83.0685 2.28034e+07 1.30961e+06 -0.000777299 0.00237192 -0.00600826 0.00251086 0.0146614 0.000530576 0.000450377 3.24564e-05 0.106646 0.00217778 8.30337 2.05291 85.798 10.9112 1128.12 55.9128 1222.22 61.1488 1222.22 61.1488 0.576584 0.00890956 
200 0.28 1080800000 552.128 13.7971 -59.0793 0.595661 3899.26 83.0685 2.28034e+07 1.30961e+06 -0.000777299 0.00236842 -0.00600826 0.00251086 0.0146614 0.000530576 0.000450377 3.24564e-05 0.106646 0.00217778 8.30337 2.05291 85.798 10.9112 1128.12 55.9128 1222.22 61.1488 1222.22 61.1488 0.576584 0.00890956 
200 0.28 1081600000 552.128 13.7971 -59.0793 0.595661 3899.26 83.0685 2.28034e+07 1.30961e+06 -0.000777299 0.00236842 -0.00600826 0.00251086 0.0146614 0.000530576 0.000450377 3.24564e-05 0.106646 0.00217778 8.30337 2.05291 85.798 10.9112 1128.12 55.9128 1222.22 61.1488 1222.22 61.1488 0.576584 0.00890956 
200 0.28 1082400000 552.128 13.7971 -59.0793 0.595661 3899.26 83.0685 2.28034e+07 1.30961e+06 -0.000777299 0.00236504 -0.00600826 0.00251086 0.0146614 0.000530576 0.000450377 3.24564e-05 0.106646 0.00217778 8.30337 2.05291 85.798 10.9112 1128.12 55.9128 1222.22 61.1488 1222.22 61.1488 0.576584 0.00890956 
200 0.28 1083200000 552.128 13.7971 -59.0793 0.595661 3899.26 83.0685 2.28034e+07 1.30961e+06 -0.000777299 0.00236504 -0.00600826 0.00251086 0.0146614 0.000530576 0.000450377 3.24564e-05 0.106646 0.00217778 8.30337 2.05291 85.798 10.9112 1128.12 55.9128 1222.22 61.1488 1222.22 61.1488 0.576584 0.00890956 
200 0.28 1084000000 552.128 13.7971 -59.0793 0.595661 3899.26 83.0685 2.28034e+07 1.30961e+06 -0.000777299 0.00236183 -0.00600826 0.00251086 0.0146614 0.000530576 0.000450377 3.23065e-05 0.106646 0.00217778 8.30337 2.05291 85.798 10.9112 1128.12 55.9128 1222.22 61.1488 1222.22 61.1488 0.576584 0.00890956 
200 0.28 1084800000 552.128 13.7971 -59.0793 0.595661 3899.26 83.0685 2.28034e+07 1.30961e+06 -0.000777299 0.00236183 -0.00600826 0.00251086 0.0146614 0.000530576 0.000450377 3.23065e-05 0.106646 0.00217778 8.30337 2.05291 85.798 10.9112 1128.12 55.9128 1222.22 61.1488 1222.22 61.1488 0.576584 0.00890956 
200 0.28 1085600000 552.128 13.7971 -59.0793 0.595661 3899.26 83.0685 2.28034e+07 1.30961e+06 -0.000777299 0.00236165 -0.00600826 0.00251086 0.0146614 0.000530576 0.000450377 3.2263e-05 0.106646 0.00217778 8.30337 2.05291 85.798 10.9112 1128.12 55.9128 1222.22 61.1488 1222.22 61.1488 0.576584 0.00890956 
200 0.28 1086400000 552.128 13.7971 -59.0793 0.595661 3899.26 83.0685 2.28034e+07 1.30961e+06 -0.000777299 0.00236165 -0.00600826 0.00251086 0.0146614 0.000530576 0.000450377 3.2263e-05 0.106646 0.00217778 8.30337 2.05291 85.798 10.9112 1128.12 55.9128 1222.22 61.1488 1222.22 61.1488 0.576584 0.00890956 
200 0.28 1087200000 552.128 13.7971 -59.0793 0.595661 3899.26 83.0685 2.28034e+07 1.30961e+06 -0.000777299 0.00235816 -0.00600826 0.00251086 0.0146614 0.000530576 0.000450377 3.2263e-05 0.106646 0.00217778 8.30337 2.05291 85.798 10.9112 1128.12 55.9128 1222.22 61.1488 1222.22 61.1488 0.576584 0.00890956 
200 0.28 1088000000 552.128 13.7971 -59.0793 0.595661 3899.26 83.0685 2.28034e+07 1.30961e+06 -0.000777299 0.00235816 -0.00600826 0.00251086 0.0146614 0.000530576 0.000450377 3.2263e-05 0.106646 0.00217778 8.30337 2.05291 85.798 10.9112 1128.12 55.9128 1222.22 61.1488 1222.22 61.1488 0.576584 0.00890956 
200 0.28 1088800000 552.128 13.7971 -59.0793 0.595661 3899.26 83.0685 2.28034e+07 1.30961e+06 -0.000777299 0.00235493 -0.00600826 0.00251086 0.0146614 0.000530576 0.000450377 3.2263e-05 0.106646 0.00217778 8.30337 2.05291 85.798 10.9112 1128.12 55.9128 1222.22 61.1488 1222.22 61.1488 0.576584 0.00890956 
200 0.28 1089600000 552.128 13.7971 -59.0793 0.595661 3899.26 83.0685 2.28034e+07 1.30961e+06 -0.000777299 0.00235493 -0.00600826 0.00251086 0.0146614 0.000530576 0.000450377 3.2263e-05 0.106646 0.00217778 8.30337 2.05291 85.798 10.9112 1128.12 55.9128 1222.22 61.1488 1222.22 61.1488 0.576584 0.00890956 
200 0.28 1090400000 552.128 13.7971 -59.0793 0.591729 3899.26 82.4735 2.28034e+07 1.29619e+06 -0.000777299 0.0023618 -0.00600826 0.00248185 0.0146614 0.000530576 0.000450377 3.23871e-05 0.106646 0.00217778 8.30337 1.97745 85.798 10.4567 1128.12 55.3797 1222.22 60.5309 1222.22 60.5309 0.576584 0.00889669 
200 0.28 1091200000 552.128 13.7971 -59.0793 0.591729 3899.26 82.4735 2.28034e+07 1.29619e+06 -0.000777299 0.0023618 -0.00600826 0.00248185 0.0146614 0.000530576 0.000450377 3.23871e-05 0.106646 0.00217778 8.30337 1.97745 85.798 10.4567 1128.12 55.3797 1222.22 60.5309 1222.22 60.5309 0.576584 0.00889669 
200 0.28 1092000000 552.128 13.7971 -59.0793 0.591729 3899.26 82.4735 2.28034e+07 1.29619e+06 -0.000777299 0.0023592 -0.00600826 0.00248185 0.0146614 0.000530576 0.000450377 3.23581e-05 0.106646 0.00217778 8.30337 1.97501 85.798 10.4567 1128.12 55.3797 1222.22 60.5309 1222.22 60.5309 0.576584 0.00889669 
200 0.28 1092800000 552.128 13.7971 -59.0793 0.591729 3899.26 82.4735 2.28034e+07 1.29619e+06 -0.000777299 0.0023592 -0.00600826 0.00248185 0.0146614 0.000530576 0.000450377 3.23581e-05 0.106646 0.00217778 8.30337 1.97501 85.798 10.4567 1128.12 55.3797 1222.22 60.5309 1222.22 60.5309 0.576584 0.00889669 
200 0.28 1093600000 552.128 13.7971 -59.0793 0.591729 3899.26 82.4735 2.28034e+07 1.29619e+06 -0.000777299 0.0023647 -0.00600826 0.00248185 0.0146614 0.000530576 0.000450377 3.23335e-05 0.106646 0.00217778 8.30337 1.97158 85.798 10.4567 1128.12 55.3797 1222.22 60.5309 1222.22 60.5309 0.576584 0.00889669 
200 0.28 1094400000 552.128 13.7971 -59.0793 0.591729 3899.26 82.4735 2.28034e+07 1.29619e+06 -0.000777299 0.0023647 -0.00600826 0.00248185 0.0146614 0.000530576 0.000450377 3.23335e-05 0.106646 0.00217778 8.30337 1.97158 85.798 10.4567 1128.12 55.3797 1222.22 60.5309 1222.22 60.5309 0.576584 0.00889669 
200 0.28 1095200000 552.128 13.7971 -59.0793 0.591729 3899.26 82.4735 2.28034e+07 1.29619e+06 -0.000777299 0.00236367 -0.00600826 0.00248185 0.0146614 0.000530576 0.000450377 3.23337e-05 0.106646 0.00217778 8.30337 1.97153 85.798 10.4567 1128.12 55.3797 1222.22 60.5309 1222.22 60.5309 0.576584 0.00889669 
200 0.28 1096000000 552.128 13.7971 -59.0793 0.591729 3899.26 82.4735 2.28034e+07 1.29619e+06 -0.000777299 0.00236367 -0.00600826 0.00248185 0.0146614 0.000530576 0.000450377 3.23337e-05 0.106646 0.00217778 8.30337 1.97153 85.798 10.4567 1128.12 55.3797 1222.22 60.5309 1222.22 60.5309 0.576584 0.00889669 
200 0.28 1096800000 552.128 13.7971 -59.0793 0.591729 3899.26 82.4735 2.28034e+07 1.29619e+06 -0.000777299 0.00236177 -0.00600826 0.00248185 0.0146614 0.000530576 0.000450377 3.22898e-05 0.106646 0.00217778 8.30337 1.96575 85.798 10.4567 1128.12 55.3797 1222.22 60.5309 1222.22 60.5309 0.576584 0.00889669 
200 0.28 1097600000 552.128 13.7971 -59.0793 0.591729 3899.26 82.4735 2.28034e+07 1.29619e+06 -0.000777299 0.00236177 -0.00600826 0.00248185 0.0146614 0.000530576 0.000450377 3.22898e-05 0.106646 0.00217778 8.30337 1.96575 85.798 10.4567 1128.12 55.3797 1222.22 60.5309 1222.22 60.5309 0.576584 0.00889669 
200 0.28 1098400000 552.128 13.7971 -59.0793 0.591729 3899.26 82.4735 2.28034e+07 1.29619e+06 -0.000777299 0.00235874 -0.00600826 0.00248185 0.0146614 0.000530576 0.000450377 3.24272e-05 0.106646 0.00217778 8.30337 1.96333 85.798 10.4567 1128.12 55.3797 1222.22 60.5309 1222.22 60.5309 0.576584 0.00889669 
200 0.28 1099200000 552.128 13.7971 -59.0793 0.591729 3899.26 82.4735 2.28034e+07 1.29619e+06 -0.000777299 0.00235874 -0.00600826 0.00248185 0.0146614 0.000530576 0.000450377 3.24272e-05 0.106646 0.00217778 8.30337 1.96333 85.798 10.4567 1128.12 55.3797 1222.22 60.5309 1222.22 60.5309 0.576584 0.00889669 
200 0.28 1100000000 552.128 13.7971 -59.0793 0.591729 3899.26 82.4735 2.28034e+07 1.29619e+06 -0.000777299 0.00235677 -0.00600826 0.00248185 0.0146614 0.000530576 0.000450377 3.23799e-05 0.106646 0.00217778 8.30337 1.96201 85.798 10.4567 1128.12 55.3797 1222.22 60.5309 1222.22 60.5309 0.576584 0.00889669 
200 0.28 1100800000 552.128 13.7971 -59.0793 0.591729 3899.26 82.4735 2.28034e+07 1.29619e+06 -0.000777299 0.00235677 -0.00600826 0.00248185 0.0146614 0.000530576 0.000450377 3.23799e-05 0.106646 0.00217778 8.30337 1.96201 85.798 10.4567 1128.12 55.3797 1222.22 60.5309 1222.22 60.5309 0.576584 0.00889669 
200 0.28 1101600000 552.128 13.7971 -59.0793 0.591729 3899.26 82.4735 2.28034e+07 1.29619e+06 -0.000777299 0.00235333 -0.00600826 0.00248185 0.0146614 0.000530576 0.000450377 3.23357e-05 0.106646 0.00217778 8.30337 1.96201 85.798 10.4567 1128.12 55.3797 1222.22 60.5309 1222.22 60.5309 0.576584 0.00889669 
200 0.28 1102400000 552.128 13.7971 -59.0793 0.591729 3899.26 82.4735 2.28034e+07 1.29619e+06 -0.000777299 0.00235333 -0.00600826 0.00248185 0.0146614 0.000530576 0.000450377 3.23357e-05 0.106646 0.00217778 8.30337 1.96201 85.798 10.4567 1128.12 55.3797 1222.22 60.5309 1222.22 60.5309 0.576584 0.00889669 
200 0.28 1103200000 552.128 13.7971 -59.0793 0.59667 3899.26 82.9314 2.28034e+07 1.28967e+06 -0.000777299 0.00235317 -0.00600826 0.00248076 0.0146614 0.000530576 0.000450377 3.22911e-05 0.106646 0.00217778 8.30337 1.96201 85.798 10.4567 1128.12 55.3797 1222.22 60.5309 1222.22 60.5309 0.576584 0.00889669 
200 0.28 1104000000 552.128 13.7971 -59.0793 0.59667 3899.26 82.9314 2.28034e+07 1.28967e+06 -0.000777299 0.00235317 -0.00600826 0.00248076 0.0146614 0.000530576 0.000450377 3.22911e-05 0.106646 0.00217778 8.30337 1.96201 85.798 10.4567 1128.12 55.3797 1222.22 60.5309 1222.22 60.5309 0.576584 0.00889669 
200 0.28 1104800000 552.128 13.7971 -59.0793 0.59667 3899.26 82.9314 2.28034e+07 1.28967e+06 -0.000777299 0.00235312 -0.00600826 0.00248076 0.0146614 0.000530576 0.000450377 3.22453e-05 0.106646 0.00217778 8.30337 1.96201 85.798 10.4567 1128.12 55.3797 1222.22 60.5309 1222.22 60.5309 0.576584 0.00889669 
200 0.28 1105600000 552.128 13.7971 -59.0793 0.59667 3899.26 82.9314 2.28034e+07 1.28967e+06 -0.000777299 0.00235312 -0.00600826 0.00248076 0.0146614 0.000530576 0.000450377 3.22453e-05 0.106646 0.00217778 8.30337 1.96201 85.798 10.4567 1128.12 55.3797 1222.22 60.5309 1222.22 60.5309 0.576584 0.00889669 
200 0.28 1106400000 552.128 13.7971 -59.0793 0.59667 3899.26 82.9314 2.28034e+07 1.28967e+06 -0.000777299 0.00235281 -0.00600826 0.00248076 0.0146614 0.000530576 0.000450377 3.21986e-05 0.106646 0.00217778 8.30337 1.96201 85.798 10.4567 1128.12 55.3797 1222.22 60.5309 1222.22 60.5309 0.576584 0.00889669 
200 0.28 1107200000 552.128 13.7971 -59.0793 0.59667 3899.26 82.9314 2.28034e+07 1.28967e+06 -0.000777299 0.00235281 -0.00600826 0.00248076 0.0146614 0.000530576 0.000450377 3.21986e-05 0.106646 0.00217778 8.30337 1.96201 85.798 10.4567 1128.12 55.3797 1222.22 60.5309 1222.22 60.5309 0.576584 0.00889669 
200 0.28 1108000000 552.128 13.7971 -59.0793 0.59667 3899.26 82.9314 2.28034e+07 1.28967e+06 -0.000777299 0.00234943 -0.00600826 0.00248076 0.0146614 0.000530576 0.000450377 3.21553e-05 0.106646 0.00217778 8.30337 1.96201 85.798 10.4567 1128.12 55.3797 1222.22 60.5309 1222.22 60.5309 0.576584 0.00889669 
200 0.28 1108800000 552.128 13.7971 -59.0793 0.59667 3899.26 82.9314 2.28034e+07 1.28967e+06 -0.000777299 0.00234943 -0.00600826 0.00248076 0.0146614 0.000530576 0.000450377 3.21553e-05 0.106646 0.00217778 8.30337 1.96201 85.798 10.4567 1128.12 55.3797 1222.22 60.5309 1222.22 60.5309 0.576584 0.00889669 
200 0.28 1109600000 552.128 13.7971 -59.0793 0.59667 3899.26 82.9314 2.28034e+07 1.28967e+06 -0.000777299 0.00234614 -0.00600826 0.00248076 0.0146614 0.000530576 0.000450377 3.21151e-05 0.106646 0.00217778 8.30337 1.96201 85.798 10.4567 1128.12 55.3797 1222.22 60.5309 1222.22 60.5309 0.576584 0.00889669 
200 0.28 1110400000 552.128 13.7971 -59.0793 0.59667 3899.26 82.9314 2.28034e+07 1.28967e+06 -0.000777299 0.00234614 -0.00600826 0.00248076 0.0146614 0.000530576 0.000450377 3.21151e-05 0.106646 0.00217778 8.30337 1.96201 85.798 10.4567 1128.12 55.3797 1222.22 60.5309 1222.22 60.5309 0.576584 0.00889669 
200 0.28 1111200000 552.128 13.7971 -59.0793 0.59667 3899.26 82.9314 2.28034e+07 1.28967e+06 -0.000777299 0.00234273 -0.00600826 0.00248076 0.0146614 0.000530576 0.000450377 3.2075e-05 0.106646 0.00217778 8.30337 1.96201 85.798 10.4567 1128.12 55.3797 1222.22 60.5309 1222.22 60.5309 0.576584 0.00889669 
200 0.28 1112000000 552.128 13.7971 -59.0793 0.59667 3899.26 82.9314 2.28034e+07 1.28967e+06 -0.000777299 0.00234273 -0.00600826 0.00248076 0.0146614 0.000530576 0.000450377 3.2075e-05 0.106646 0.00217778 8.30337 1.96201 85.798 10.4567 1128.12 55.3797 1222.22 60.5309 1222.22 60.5309 0.576584 0.00889669 
200 0.28 1112800000 552.128 13.7971 -59.0793 0.59667 3899.26 82.9314 2.28034e+07 1.28967e+06 -0.000777299 0.00233949 -0.00600826 0.00248076 0.0146614 0.000530576 0.000450377 3.20296e-05 0.106646 0.00217778 8.30337 1.96201 85.798 10.4567 1128.12 55.3797 1222.22 60.5309 1222.22 60.5309 0.576584 0.00889669 
200 0.28 1113600000 552.128 13.7971 -59.0793 0.59667 3899.26 82.9314 2.28034e+07 1.28967e+06 -0.000777299 0.00233949 -0.00600826 0.00248076 0.0146614 0.000530576 0.000450377 3.20296e-05 0.106646 0.00217778 8.30337 1.96201 85.798 10.4567 1128.12 55.3797 1222.22 60.5309 1222.22 60.5309 0.576584 0.00889669 
200 0.28 1114400000 552.128 13.7971 -59.0793 0.59667 3899.26 82.9314 2.28034e+07 1.28967e+06 -0.000777299 0.00233679 -0.00600826 0.00248076 0.0146614 0.000530576 0.000450377 3.19887e-05 0.106646 0.00217778 8.30337 1.96201 85.798 10.4567 1128.12 55.3797 1222.22 60.5309 1222.22 60.5309 0.576584 0.00889669 
200 0.28 1115200000 552.128 13.7971 -59.0793 0.59667 3899.26 82.9314 2.28034e+07 1.28967e+06 -0.000777299 0.00233679 -0.00600826 0.00248076 0.0146614 0.000530576 0.000450377 3.19887e-05 0.106646 0.00217778 8.30337 1.96201 85.798 10.4567 1128.12 55.3797 1222.22 60.5309 1222.22 60.5309 0.576584 0.00889669 
200 0.28 1116000000 552.128 13.7971 -59.0793 0.589744 3899.26 81.968 2.28034e+07 1.27468e+06 -0.000777299 0.00233391 -0.00600826 0.00246808 0.0146614 0.000530576 0.000450377 3.19443e-05 0.106646 0.00217778 8.30337 1.96201 85.798 10.4567 1128.12 55.3797 1222.22 60.5309 1222.22 60.5309 0.576584 0.00889669 
200 0.28 1116800000 552.128 13.7971 -59.0793 0.589744 3899.26 81.968 2.28034e+07 1.27468e+06 -0.000777299 0.00233391 -0.00600826 0.00246808 0.0146614 0.000530576 0.000450377 3.19443e-05 0.106646 0.00217778 8.30337 1.96201 85.798 10.4567 1128.12 55.3797 1222.22 60.5309 1222.22 60.5309 0.576584 0.00889669 
200 0.28 1117600000 552.128 13.7971 -59.0793 0.589744 3899.26 81.968 2.28034e+07 1.27468e+06 -0.000777299 0.00233089 -0.00600826 0.00246808 0.0146614 0.000530576 0.000450377 3.19049e-05 0.106646 0.00217778 8.30337 1.96201 85.798 10.4567 1128.12 55.3797 1222.22 60.5309 1222.22 60.5309 0.576584 0.00889669 
200 0.28 1118400000 552.128 13.7971 -59.0793 0.589744 3899.26 81.968 2.28034e+07 1.27468e+06 -0.000777299 0.00233089 -0.00600826 0.00246808 0.0146614 0.000530576 0.000450377 3.19049e-05 0.106646 0.00217778 8.30337 1.96201 85.798 10.4567 1128.12 55.3797 1222.22 60.5309 1222.22 60.5309 0.576584 0.00889669 
200 0.28 1119200000 552.128 13.7971 -59.0793 0.589744 3899.26 81.968 2.28034e+07 1.27468e+06 -0.000777299 0.00232808 -0.00600826 0.00246808 0.0146614 0.000530576 0.000450377 3.18648e-05 0.106646 0.00217778 8.30337 1.96201 85.798 10.4567 1128.12 55.3797 1222.22 60.5309 1222.22 60.5309 0.576584 0.00889669 
200 0.28 1120000000 552.128 13.7971 -59.0793 0.589744 3899.26 81.968 2.28034e+07 1.27468e+06 -0.000777299 0.00232808 -0.00600826 0.00246808 0.0146614 0.000530576 0.000450377 3.18648e-05 0.106646 0.00217778 8.30337 1.96201 85.798 10.4567 1128.12 55.3797 1222.22 60.5309 1222.22 60.5309 0.576584 0.00889669 
200 0.28 1120800000 552.128 13.7971 -59.0793 0.589744 3899.26 81.968 2.28034e+07 1.27468e+06 -0.000777299 0.00232476 -0.00600826 0.00246808 0.0146614 0.000530576 0.000450377 3.18373e-05 0.106646 0.00217778 8.30337 1.96201 85.798 10.4567 1128.12 55.3797 1222.22 60.5309 1222.22 60.5309 0.576584 0.00889669 
200 0.28 1121600000 552.128 13.7971 -59.0793 0.589744 3899.26 81.968 2.28034e+07 1.27468e+06 -0.000777299 0.00232476 -0.00600826 0.00246808 0.0146614 0.000530576 0.000450377 3.18373e-05 0.106646 0.00217778 8.30337 1.96201 85.798 10.4567 1128.12 55.3797 1222.22 60.5309 1222.22 60.5309 0.576584 0.00889669 
200 0.28 1122400000 552.128 13.7971 -59.0793 0.589744 3899.26 81.968 2.28034e+07 1.27468e+06 -0.000777299 0.00233007 -0.00600826 0.00246808 0.0146614 0.000530576 0.000450377 3.23402e-05 0.106646 0.00217778 8.30337 1.96201 85.798 10.4567 1128.12 55.3797 1222.22 60.5309 1222.22 60.5309 0.576584 0.00889669 
200 0.28 1123200000 552.128 13.7971 -59.0793 0.589744 3899.26 81.968 2.28034e+07 1.27468e+06 -0.000777299 0.00233007 -0.00600826 0.00246808 0.0146614 0.000530576 0.000450377 3.23402e-05 0.106646 0.00217778 8.30337 1.96201 85.798 10.4567 1128.12 55.3797 1222.22 60.5309 1222.22 60.5309 0.576584 0.00889669 
200 0.28 1124000000 552.128 13.7971 -59.0793 0.589744 3899.26 81.968 2.28034e+07 1.27468e+06 -0.000777299 0.00232708 -0.00600826 0.00246808 0.0146614 0.000530576 0.000450377 3.22937e-05 0.106646 0.00217778 8.30337 1.96201 85.798 10.4567 1128.12 55.3797 1222.22 60.5309 1222.22 60.5309 0.576584 0.00889669 
200 0.28 1124800000 552.128 13.7971 -59.0793 0.589744 3899.26 81.968 2.28034e+07 1.27468e+06 -0.000777299 0.00232708 -0.00600826 0.00246808 0.0146614 0.000530576 0.000450377 3.22937e-05 0.106646 0.00217778 8.30337 1.96201 85.798 10.4567 1128.12 55.3797 1222.22 60.5309 1222.22 60.5309 0.576584 0.00889669 
200 0.28 1125600000 552.128 13.7971 -59.0793 0.589744 3899.26 81.968 2.28034e+07 1.27468e+06 -0.000777299 0.00232378 -0.00600826 0.00246808 0.0146614 0.000530576 0.000450377 3.22695e-05 0.106646 0.00217778 8.30337 1.96201 85.798 10.4567 1128.12 55.3797 1222.22 60.5309 1222.22 60.5309 0.576584 0.00889669 
200 0.28 1126400000 552.128 13.7971 -59.0793 0.589744 3899.26 81.968 2.28034e+07 1.27468e+06 -0.000777299 0.00232378 -0.00600826 0.00246808 0.0146614 0.000530576 0.000450377 3.22695e-05 0.106646 0.00217778 8.30337 1.96201 85.798 10.4567 1128.12 55.3797 1222.22 60.5309 1222.22 60.5309 0.576584 0.00889669 
200 0.28 1127200000 552.128 13.7971 -59.0793 0.589744 3899.26 81.968 2.28034e+07 1.27468e+06 -0.000777299 0.00232394 -0.00600826 0.00246808 0.0146614 0.000530576 0.000450377 3.22258e-05 0.106646 0.00217778 8.30337 1.96201 85.798 10.4567 1128.12 55.3797 1222.22 60.5309 1222.22 60.5309 0.576584 0.00889669 
200 0.28 1128000000 552.128 13.7971 -59.0793 0.589744 3899.26 81.968 2.28034e+07 1.27468e+06 -0.000777299 0.00232394 -0.00600826 0.00246808 0.0146614 0.000530576 0.000450377 3.22258e-05 0.106646 0.00217778 8.30337 1.96201 85.798 10.4567 1128.12 55.3797 1222.22 60.5309 1222.22 60.5309 0.576584 0.00889669 
200 0.28 1128800000 552.128 13.7971 -59.0793 0.585289 3899.26 81.2225 2.28034e+07 1.2637e+06 -0.000777299 0.0023206 -0.00600826 0.0024547 0.0146614 0.000530576 0.000450377 3.21854e-05 0.106646 0.00217778 8.30337 1.96201 85.798 10.4567 1128.12 55.3797 1222.22 60.5309 1222.22 60.5309 0.576584 0.00889669 
200 0.28 1129600000 552.128 13.7971 -59.0793 0.585289 3899.26 81.2225 2.28034e+07 1.2637e+06 -0.000777299 0.0023206 -0.00600826 0.0024547 0.0146614 0.000530576 0.000450377 3.21854e-05 0.106646 0.00217778 8.30337 1.96201 85.798 10.4567 1128.12 55.3797 1222.22 60.5309 1222.22 60.5309 0.576584 0.00889669 
200 0.28 1130400000 552.128 13.7971 -59.0793 0.585289 3899.26 81.2225 2.28034e+07 1.2637e+06 -0.000777299 0.00231729 -0.00600826 0.0024547 0.0146614 0.000530576 0.000450377 3.21437e-05 0.106646 0.00217778 8.30337 1.96201 85.798 10.4567 1128.12 55.3797 1222.22 60.5309 1222.22 60.5309 0.576584 0.00889669 
200 0.28 1131200000 552.128 13.7971 -59.0793 0.585289 3899.26 81.2225 2.28034e+07 1.2637e+06 -0.000777299 0.00231729 -0.00600826 0.0024547 0.0146614 0.000530576 0.000450377 3.21437e-05 0.106646 0.00217778 8.30337 1.96201 85.798 10.4567 1128.12 55.3797 1222.22 60.5309 1222.22 60.5309 0.576584 0.00889669 
200 0.28 1132000000 552.128 13.7971 -59.0793 0.585289 3899.26 81.2225 2.28034e+07 1.2637e+06 -0.000777299 0.00231397 -0.00600826 0.0024547 0.0146614 0.000530576 0.000450377 3.21032e-05 0.106646 0.00217778 8.30337 1.96201 85.798 10.4567 1128.12 55.3797 1222.22 60.5309 1222.22 60.5309 0.576584 0.00889669 
200 0.28 1132800000 552.128 13.7971 -59.0793 0.585289 3899.26 81.2225 2.28034e+07 1.2637e+06 -0.000777299 0.00231397 -0.00600826 0.0024547 0.0146614 0.000530576 0.000450377 3.21032e-05 0.106646 0.00217778 8.30337 1.96201 85.798 10.4567 1128.12 55.3797 1222.22 60.5309 1222.22 60.5309 0.576584 0.00889669 
200 0.28 1133600000 552.128 13.7971 -59.0793 0.585289 3899.26 81.2225 2.28034e+07 1.2637e+06 -0.000777299 0.00231484 -0.00600826 0.0024547 0.0146614 0.000530576 0.000450377 3.2061e-05 0.106646 0.00217778 8.30337 1.96201 85.798 10.4567 1128.12 55.3797 1222.22 60.5309 1222.22 60.5309 0.576584 0.00889669 
200 0.28 1134400000 552.128 13.7971 -59.0793 0.585289 3899.26 81.2225 2.28034e+07 1.2637e+06 -0.000777299 0.00231484 -0.00600826 0.0024547 0.0146614 0.000530576 0.000450377 3.2061e-05 0.106646 0.00217778 8.30337 1.96201 85.798 10.4567 1128.12 55.3797 1222.22 60.5309 1222.22 60.5309 0.576584 0.00889669 
200 0.28 1135200000 552.128 13.7971 -59.0793 0.585289 3899.26 81.2225 2.28034e+07 1.2637e+06 -0.000777299 0.00231197 -0.00600826 0.0024547 0.0146614 0.000530576 0.000450377 3.20196e-05 0.106646 0.00217778 8.30337 1.96201 85.798 10.4567 1128.12 55.3797 1222.22 60.5309 1222.22 60.5309 0.576584 0.00889669 
200 0.28 1136000000 552.128 13.7971 -59.0793 0.585289 3899.26 81.2225 2.28034e+07 1.2637e+06 -0.000777299 0.00231197 -0.00600826 0.0024547 0.0146614 0.000530576 0.000450377 3.20196e-05 0.106646 0.00217778 8.30337 1.96201 85.798 10.4567 1128.12 55.3797 1222.22 60.5309 1222.22 60.5309 0.576584 0.00889669 
200 0.28 1136800000 552.128 13.7971 -59.0793 0.585289 3899.26 81.2225 2.28034e+07 1.2637e+06 -0.000777299 0.00230939 -0.00600826 0.0024547 0.0146614 0.000530576 0.000450377 3.19789e-05 0.106646 0.00217778 8.30337 1.96201 85.798 10.4567 1128.12 55.3797 1222.22 60.5309 1222.22 60.5309 0.576584 0.00889669 
200 0.28 1137600000 552.128 13.7971 -59.0793 0.585289 3899.26 81.2225 2.28034e+07 1.2637e+06 -0.000777299 0.00230939 -0.00600826 0.0024547 0.0146614 0.000530576 0.000450377 3.19789e-05 0.106646 0.00217778 8.30337 1.96201 85.798 10.4567 1128.12 55.3797 1222.22 60.5309 1222.22 60.5309 0.576584 0.00889669 
200 0.28 1138400000 552.128 13.7971 -59.0793 0.585289 3899.26 81.2225 2.28034e+07 1.2637e+06 -0.000777299 0.00230657 -0.00600826 0.0024547 0.0146614 0.000530576 0.000450377 3.19371e-05 0.106646 0.00217778 8.30337 1.96201 85.798 10.4567 1128.12 55.3797 1222.22 60.5309 1222.22 60.5309 0.576584 0.00889669 
200 0.28 1139200000 552.128 13.7971 -59.0793 0.585289 3899.26 81.2225 2.28034e+07 1.2637e+06 -0.000777299 0.00230657 -0.00600826 0.0024547 0.0146614 0.000530576 0.000450377 3.19371e-05 0.106646 0.00217778 8.30337 1.96201 85.798 10.4567 1128.12 55.3797 1222.22 60.5309 1222.22 60.5309 0.576584 0.00889669 
200 0.28 1140000000 552.128 13.7971 -59.0793 0.585289 3899.26 81.2225 2.28034e+07 1.2637e+06 -0.000777299 0.00230332 -0.00600826 0.0024547 0.0146614 0.000530576 0.000450377 3.18934e-05 0.106646 0.00217778 8.30337 1.96201 85.798 10.4567 1128.12 55.3797 1222.22 60.5309 1222.22 60.5309 0.576584 0.00889669 
200 0.28 1140800000 552.128 13.7971 -59.0793 0.585289 3899.26 81.2225 2.28034e+07 1.2637e+06 -0.000777299 0.00230332 -0.00600826 0.0024547 0.0146614 0.000530576 0.000450377 3.18934e-05 0.106646 0.00217778 8.30337 1.96201 85.798 10.4567 1128.12 55.3797 1222.22 60.5309 1222.22 60.5309 0.576584 0.00889669 
200 0.28 1141600000 545.213 13.7971 -59.1979 0.586652 3922 81.2402 2.32896e+07 1.25436e+06 0.000181975 0.00230116 -0.00393663 0.00241745 0.0148583 0.000530576 0.000463567 3.18516e-05 0.107372 0.00217778 8.09271 1.8877 83.4479 10.0451 1108.07 53.0421 1199.61 58.047 1199.61 58.047 0.573803 0.00851141 
200 0.28 1142400000 545.213 13.7971 -59.1979 0.586652 3922 81.2402 2.32896e+07 1.25436e+06 0.000181975 0.00230116 -0.00393663 0.00241745 0.0148583 0.000530576 0.000463567 3.18516e-05 0.107372 0.00217778 8.09271 1.8877 83.4479 10.0451 1108.07 53.0421 1199.61 58.047 1199.61 58.047 0.573803 0.00851141 
200 0.28 1143200000 545.213 13.7971 -59.1979 0.586652 3922 81.2402 2.32896e+07 1.25436e+06 0.000181975 0.0023003 -0.00393663 0.00241745 0.0148583 0.000530576 0.000463567 3.18064e-05 0.107372 0.00217778 8.09271 1.88541 83.4479 10.0451 1108.07 53.0421 1199.61 58.047 1199.61 58.047 0.573803 0.00851141 
200 0.28 1144000000 545.213 13.7971 -59.1979 0.586652 3922 81.2402 2.32896e+07 1.25436e+06 0.000181975 0.0023003 -0.00393663 0.00241745 0.0148583 0.000530576 0.000463567 3.18064e-05 0.107372 0.00217778 8.09271 1.88541 83.4479 10.0451 1108.07 53.0421 1199.61 58.047 1199.61 58.047 0.573803 0.00851141 
200 0.28 1144800000 545.213 13.7971 -59.1979 0.586652 3922 81.2402 2.32896e+07 1.25436e+06 0.000181975 0.00229708 -0.00393663 0.00241745 0.0148583 0.000530576 0.000463567 3.17669e-05 0.107372 0.00217778 8.09271 1.88235 83.4479 10.0451 1108.07 53.0421 1199.61 58.047 1199.61 58.047 0.573803 0.00851141 
200 0.28 1145600000 545.213 13.7971 -59.1979 0.586652 3922 81.2402 2.32896e+07 1.25436e+06 0.000181975 0.00229708 -0.00393663 0.00241745 0.0148583 0.000530576 0.000463567 3.17669e-05 0.107372 0.00217778 8.09271 1.88235 83.4479 10.0451 1108.07 53.0421 1199.61 58.047 1199.61 58.047 0.573803 0.00851141 
200 0.28 1146400000 545.213 13.7971 -59.1979 0.586652 3922 81.2402 2.32896e+07 1.25436e+06 0.000181975 0.00229405 -0.00393663 0.00241745 0.0148583 0.000530576 0.000463567 3.17222e-05 0.107372 0.00217778 8.09271 1.88224 83.4479 10.0451 1108.07 53.0421 1199.61 58.047 1199.61 58.047 0.573803 0.00851141 
200 0.28 1147200000 545.213 13.7971 -59.1979 0.586652 3922 81.2402 2.32896e+07 1.25436e+06 0.000181975 0.00229405 -0.00393663 0.00241745 0.0148583 0.000530576 0.000463567 3.17222e-05 0.107372 0.00217778 8.09271 1.88224 83.4479 10.0451 1108.07 53.0421 1199.61 58.047 1199.61 58.047 0.573803 0.00851141 
200 0.28 1148000000 545.213 13.7971 -59.1979 0.586652 3922 81.2402 2.32896e+07 1.25436e+06 0.000181975 0.00229892 -0.00393663 0.00241745 0.0148583 0.000530576 0.000463567 3.16774e-05 0.107372 0.00217778 8.09271 1.87704 83.4479 10.0451 1108.07 53.0421 1199.61 58.047 1199.61 58.047 0.573803 0.00851141 
200 0.28 1148800000 545.213 13.7971 -59.1979 0.586652 3922 81.2402 2.32896e+07 1.25436e+06 0.000181975 0.00229892 -0.00393663 0.00241745 0.0148583 0.000530576 0.000463567 3.16774e-05 0.107372 0.00217778 8.09271 1.87704 83.4479 10.0451 1108.07 53.0421 1199.61 58.047 1199.61 58.047 0.573803 0.00851141 
200 0.28 1149600000 545.213 13.7971 -59.1979 0.586652 3922 81.2402 2.32896e+07 1.25436e+06 0.000181975 0.00229925 -0.00393663 0.00241745 0.0148583 0.000530576 0.000463567 3.16411e-05 0.107372 0.00217778 8.09271 1.87477 83.4479 10.0451 1108.07 53.0421 1199.61 58.047 1199.61 58.047 0.573803 0.00851141 
200 0.28 1150400000 545.213 13.7971 -59.1979 0.586652 3922 81.2402 2.32896e+07 1.25436e+06 0.000181975 0.00229925 -0.00393663 0.00241745 0.0148583 0.000530576 0.000463567 3.16411e-05 0.107372 0.00217778 8.09271 1.87477 83.4479 10.0451 1108.07 53.0421 1199.61 58.047 1199.61 58.047 0.573803 0.00851141 
200 0.28 1151200000 545.213 13.7971 -59.1979 0.586652 3922 81.2402 2.32896e+07 1.25436e+06 0.000181975 0.00229669 -0.00393663 0.00241745 0.0148583 0.000530576 0.000463567 3.16014e-05 0.107372 0.00217778 8.09271 1.87196 83.4479 10.0451 1108.07 53.0421 1199.61 58.047 1199.61 58.047 0.573803 0.00851141 
200 0.28 1152000000 545.213 13.7971 -59.1979 0.586652 3922 81.2402 2.32896e+07 1.25436e+06 0.000181975 0.00229669 -0.00393663 0.00241745 0.0148583 0.000530576 0.000463567 3.16014e-05 0.107372 0.00217778 8.09271 1.87196 83.4479 10.0451 1108.07 53.0421 1199.61 58.047 1199.61 58.047 0.573803 0.00851141 
200 0.28 1152800000 545.213 13.7971 -59.1979 0.586652 3922 81.2402 2.32896e+07 1.25436e+06 0.000181975 0.00229478 -0.00393663 0.00241745 0.0148583 0.000530576 0.000463567 3.15625e-05 0.107372 0.00217778 8.09271 1.87196 83.4479 10.0451 1108.07 53.0421 1199.61 58.047 1199.61 58.047 0.573803 0.00851141 
200 0.28 1153600000 545.213 13.7971 -59.1979 0.586652 3922 81.2402 2.32896e+07 1.25436e+06 0.000181975 0.00229478 -0.00393663 0.00241745 0.0148583 0.000530576 0.000463567 3.15625e-05 0.107372 0.00217778 8.09271 1.87196 83.4479 10.0451 1108.07 53.0421 1199.61 58.047 1199.61 58.047 0.573803 0.00851141 
200 0.28 1154400000 545.213 13.7971 -59.1979 0.584456 3922 80.8132 2.32896e+07 1.24244e+06 0.000181975 0.00229398 -0.00393663 0.00240654 0.0148583 0.000530576 0.000463567 3.15182e-05 0.107372 0.00217778 8.09271 1.87196 83.4479 10.0451 1108.07 53.0421 1199.61 58.047 1199.61 58.047 0.573803 0.00851141 
200 0.28 1155200000 545.213 13.7971 -59.1979 0.584456 3922 80.8132 2.32896e+07 1.24244e+06 0.000181975 0.00229398 -0.00393663 0.00240654 0.0148583 0.000530576 0.000463567 3.15182e-05 0.107372 0.00217778 8.09271 1.87196 83.4479 10.0451 1108.07 53.0421 1199.61 58.047 1199.61 58.047 0.573803 0.00851141 
200 0.28 1156000000 545.213 13.7971 -59.1979 0.584456 3922 80.8132 2.32896e+07 1.24244e+06 0.000181975 0.00229085 -0.00393663 0.00240654 0.0148583 0.000530576 0.000463567 3.14804e-05 0.107372 0.00217778 8.09271 1.87196 83.4479 10.0451 1108.07 53.0421 1199.61 58.047 1199.61 58.047 0.573803 0.00851141 
200 0.28 1156800000 545.213 13.7971 -59.1979 0.584456 3922 80.8132 2.32896e+07 1.24244e+06 0.000181975 0.00229085 -0.00393663 0.00240654 0.0148583 0.000530576 0.000463567 3.14804e-05 0.107372 0.00217778 8.09271 1.87196 83.4479 10.0451 1108.07 53.0421 1199.61 58.047 1199.61 58.047 0.573803 0.00851141 
200 0.28 1157600000 545.213 13.7971 -59.1979 0.584456 3922 80.8132 2.32896e+07 1.24244e+06 0.000181975 0.00229367 -0.00393663 0.00240654 0.0148583 0.000530576 0.000463567 3.14367e-05 0.107372 0.00217778 8.09271 1.87196 83.4479 10.0451 1108.07 53.0421 1199.61 58.047 1199.61 58.047 0.573803 0.00851141 
200 0.28 1158400000 545.213 13.7971 -59.1979 0.584456 3922 80.8132 2.32896e+07 1.24244e+06 0.000181975 0.00229367 -0.00393663 0.00240654 0.0148583 0.000530576 0.000463567 3.14367e-05 0.107372 0.00217778 8.09271 1.87196 83.4479 10.0451 1108.07 53.0421 1199.61 58.047 1199.61 58.047 0.573803 0.00851141 
200 0.28 1159200000 545.213 13.7971 -59.1979 0.584456 3922 80.8132 2.32896e+07 1.24244e+06 0.000181975 0.00229989 -0.00393663 0.00240654 0.0148583 0.000530576 0.000463567 3.14363e-05 0.107372 0.00217778 8.09271 1.87196 83.4479 10.0451 1108.07 53.0421 1199.61 58.047 1199.61 58.047 0.573803 0.00851141 
200 0.28 1160000000 545.213 13.7971 -59.1979 0.584456 3922 80.8132 2.32896e+07 1.24244e+06 0.000181975 0.00229989 -0.00393663 0.00240654 0.0148583 0.000530576 0.000463567 3.14363e-05 0.107372 0.00217778 8.09271 1.87196 83.4479 10.0451 1108.07 53.0421 1199.61 58.047 1199.61 58.047 0.573803 0.00851141 
200 0.28 1160800000 545.213 13.7971 -59.1979 0.584456 3922 80.8132 2.32896e+07 1.24244e+06 0.000181975 0.00230037 -0.00393663 0.00240654 0.0148583 0.000530576 0.000463567 3.13938e-05 0.107372 0.00217778 8.09271 1.87196 83.4479 10.0451 1108.07 53.0421 1199.61 58.047 1199.61 58.047 0.573803 0.00851141 
200 0.28 1161600000 545.213 13.7971 -59.1979 0.584456 3922 80.8132 2.32896e+07 1.24244e+06 0.000181975 0.00230037 -0.00393663 0.00240654 0.0148583 0.000530576 0.000463567 3.13938e-05 0.107372 0.00217778 8.09271 1.87196 83.4479 10.0451 1108.07 53.0421 1199.61 58.047 1199.61 58.047 0.573803 0.00851141 
200 0.28 1162400000 545.213 13.7971 -59.1979 0.584456 3922 80.8132 2.32896e+07 1.24244e+06 0.000181975 0.00229853 -0.00393663 0.00240654 0.0148583 0.000530576 0.000463567 3.14165e-05 0.107372 0.00217778 8.09271 1.87196 83.4479 10.0451 1108.07 53.0421 1199.61 58.047 1199.61 58.047 0.573803 0.00851141 
200 0.28 1163200000 545.213 13.7971 -59.1979 0.584456 3922 80.8132 2.32896e+07 1.24244e+06 0.000181975 0.00229853 -0.00393663 0.00240654 0.0148583 0.000530576 0.000463567 3.14165e-05 0.107372 0.00217778 8.09271 1.87196 83.4479 10.0451 1108.07 53.0421 1199.61 58.047 1199.61 58.047 0.573803 0.00851141 
200 0.28 1164000000 545.213 13.7971 -59.1979 0.584456 3922 80.8132 2.32896e+07 1.24244e+06 0.000181975 0.00229704 -0.00393663 0.00240654 0.0148583 0.000530576 0.000463567 3.13761e-05 0.107372 0.00217778 8.09271 1.87196 83.4479 10.0451 1108.07 53.0421 1199.61 58.047 1199.61 58.047 0.573803 0.00851141 
200 0.28 1164800000 545.213 13.7971 -59.1979 0.584456 3922 80.8132 2.32896e+07 1.24244e+06 0.000181975 0.00229704 -0.00393663 0.00240654 0.0148583 0.000530576 0.000463567 3.13761e-05 0.107372 0.00217778 8.09271 1.87196 83.4479 10.0451 1108.07 53.0421 1199.61 58.047 1199.61 58.047 0.573803 0.00851141 
200 0.28 1165600000 545.213 13.7971 -59.1979 0.584456 3922 80.8132 2.32896e+07 1.24244e+06 0.000181975 0.00229439 -0.00393663 0.00240654 0.0148583 0.000530576 0.000463567 3.13324e-05 0.107372 0.00217778 8.09271 1.87196 83.4479 10.0451 1108.07 53.0421 1199.61 58.047 1199.61 58.047 0.573803 0.00851141 
200 0.28 1166400000 545.213 13.7971 -59.1979 0.584456 3922 80.8132 2.32896e+07 1.24244e+06 0.000181975 0.00229439 -0.00393663 0.00240654 0.0148583 0.000530576 0.000463567 3.13324e-05 0.107372 0.00217778 8.09271 1.87196 83.4479 10.0451 1108.07 53.0421 1199.61 58.047 1199.61 58.047 0.573803 0.00851141 
200 0.28 1167200000 545.213 13.7971 -59.1979 0.588321 3922 80.786 2.32896e+07 1.23313e+06 0.000181975 0.00229441 -0.00393663 0.00237997 0.0148583 0.000530576 0.000463567 3.1289e-05 0.107372 0.00217778 8.09271 1.87196 83.4479 10.0451 1108.07 53.0421 1199.61 58.047 1199.61 58.047 0.573803 0.00851141 
200 0.28 1168000000 545.213 13.7971 -59.1979 0.588321 3922 80.786 2.32896e+07 1.23313e+06 0.000181975 0.00229441 -0.00393663 0.00237997 0.0148583 0.000530576 0.000463567 3.1289e-05 0.107372 0.00217778 8.09271 1.87196 83.4479 10.0451 1108.07 53.0421 1199.61 58.047 1199.61 58.047 0.573803 0.00851141 
200 0.28 1168800000 545.213 13.7971 -59.1979 0.588321 3922 80.786 2.32896e+07 1.23313e+06 0.000181975 0.00229144 -0.00393663 0.00237997 0.0148583 0.000530576 0.000463567 3.12485e-05 0.107372 0.00217778 8.09271 1.87196 83.4479 10.0451 1108.07 53.0421 1199.61 58.047 1199.61 58.047 0.573803 0.00851141 
200 0.28 1169600000 545.213 13.7971 -59.1979 0.588321 3922 80.786 2.32896e+07 1.23313e+06 0.000181975 0.00229144 -0.00393663 0.00237997 0.0148583 0.000530576 0.000463567 3.12485e-05 0.107372 0.00217778 8.09271 1.87196 83.4479 10.0451 1108.07 53.0421 1199.61 58.047 1199.61 58.047 0.573803 0.00851141 
200 0.28 1170400000 545.213 13.7971 -59.1979 0.588321 3922 80.786 2.32896e+07 1.23313e+06 0.000181975 0.00228866 -0.00393663 0.00237997 0.0148583 0.000530576 0.000463567 3.12058e-05 0.107372 0.00217778 8.09271 1.87196 83.4479 10.0451 1108.07 53.0421 1199.61 58.047 1199.61 58.047 0.573803 0.00851141 
200 0.28 1171200000 545.213 13.7971 -59.1979 0.588321 3922 80.786 2.32896e+07 1.23313e+06 0.000181975 0.00228866 -0.00393663 0.00237997 0.0148583 0.000530576 0.000463567 3.12058e-05 0.107372 0.00217778 8.09271 1.87196 83.4479 10.0451 1108.07 53.0421 1199.61 58.047 1199.61 58.047 0.573803 0.00851141 
200 0.28 1172000000 545.213 13.7971 -59.1979 0.588321 3922 80.786 2.32896e+07 1.23313e+06 0.000181975 0.00228941 -0.00393663 0.00237997 0.0148583 0.000530576 0.000463567 3.11645e-05 0.107372 0.00217778 8.09271 1.87196 83.4479 10.0451 1108.07 53.0421 1199.61 58.047 1199.61 58.047 0.573803 0.00851141 
200 0.28 1172800000 545.213 13.7971 -59.1979 0.588321 3922 80.786 2.32896e+07 1.23313e+06 0.000181975 0.00228941 -0.00393663 0.00237997 0.0148583 0.000530576 0.000463567 3.11645e-05 0.107372 0.00217778 8.09271 1.87196 83.4479 10.0451 1108.07 53.0421 1199.61 58.047 1199.61 58.047 0.573803 0.00851141 
200 0.28 1173600000 545.213 13.7971 -59.1979 0.588321 3922 80.786 2.32896e+07 1.23313e+06 0.000181975 0.00229068 -0.00393663 0.00237997 0.0148583 0.000530576 0.000463567 3.11216e-05 0.107372 0.00217778 8.09271 1.87196 83.4479 10.0451 1108.07 53.0421 1199.61 58.047 1199.61 58.047 0.573803 0.00851141 
200 0.28 1174400000 545.213 13.7971 -59.1979 0.588321 3922 80.786 2.32896e+07 1.23313e+06 0.000181975 0.00229068 -0.00393663 0.00237997 0.0148583 0.000530576 0.000463567 3.11216e-05 0.107372 0.00217778 8.09271 1.87196 83.4479 10.0451 1108.07 53.0421 1199.61 58.047 1199.61 58.047 0.573803 0.00851141 
200 0.28 1175200000 545.213 13.7971 -59.1979 0.588321 3922 80.786 2.32896e+07 1.23313e+06 0.000181975 0.00228868 -0.00393663 0.00237997 0.0148583 0.000530576 0.000463567 3.10802e-05 0.107372 0.00217778 8.09271 1.87196 83.4479 10.0451 1108.07 53.0421 1199.61 58.047 1199.61 58.047 0.573803 0.00851141 
200 0.28 1176000000 545.213 13.7971 -59.1979 0.588321 3922 80.786 2.32896e+07 1.23313e+06 0.000181975 0.00228868 -0.00393663 0.00237997 0.0148583 0.000530576 0.000463567 3.10802e-05 0.107372 0.00217778 8.09271 1.87196 83.4479 10.0451 1108.07 53.0421 1199.61 58.047 1199.61 58.047 0.573803 0.00851141 
200 0.28 1176800000 545.213 13.7971 -59.1979 0.588321 3922 80.786 2.32896e+07 1.23313e+06 0.000181975 0.0022857 -0.00393663 0.00237997 0.0148583 0.000530576 0.000463567 3.10395e-05 0.107372 0.00217778 8.09271 1.87196 83.4479 10.0451 1108.07 53.0421 1199.61 58.047 1199.61 58.047 0.573803 0.00851141 
200 0.28 1177600000 545.213 13.7971 -59.1979 0.588321 3922 80.786 2.32896e+07 1.23313e+06 0.000181975 0.0022857 -0.00393663 0.00237997 0.0148583 0.000530576 0.000463567 3.10395e-05 0.107372 0.00217778 8.09271 1.87196 83.4479 10.0451 1108.07 53.0421 1199.61 58.047 1199.61 58.047 0.573803 0.00851141 
200 0.28 1178400000 545.213 13.7971 -59.1979 0.588321 3922 80.786 2.32896e+07 1.23313e+06 0.000181975 0.00228774 -0.00393663 0.00237997 0.0148583 0.000530576 0.000463567 3.09981e-05 0.107372 0.00217778 8.09271 1.87196 83.4479 10.0451 1108.07 53.0421 1199.61 58.047 1199.61 58.047 0.573803 0.00851141 
200 0.28 1179200000 545.213 13.7971 -59.1979 0.588321 3922 80.786 2.32896e+07 1.23313e+06 0.000181975 0.00228774 -0.00393663 0.00237997 0.0148583 0.000530576 0.000463567 3.09981e-05 0.107372 0.00217778 8.09271 1.87196 83.4479 10.0451 1108.07 53.0421 1199.61 58.047 1199.61 58.047 0.573803 0.00851141 
200 0.28 1180000000 545.213 13.7971 -59.1979 0.588321 3922 80.4391 2.32896e+07 1.2241e+06 0.000181975 0.00228459 -0.00393663 0.00237997 0.0148583 0.000530576 0.000463567 3.09596e-05 0.107372 0.00217778 8.09271 1.87196 83.4479 10.0451 1108.07 53.0421 1199.61 58.047 1199.61 58.047 0.573803 0.00851141 
200 0.28 1180800000 545.213 13.7971 -59.1979 0.588321 3922 80.4391 2.32896e+07 1.2241e+06 0.000181975 0.00228459 -0.00393663 0.00237997 0.0148583 0.000530576 0.000463567 3.09596e-05 0.107372 0.00217778 8.09271 1.87196 83.4479 10.0451 1108.07 53.0421 1199.61 58.047 1199.61 58.047 0.573803 0.00851141 
200 0.28 1181600000 545.213 13.7971 -59.1979 0.588321 3922 80.4391 2.32896e+07 1.2241e+06 0.000181975 0.00228254 -0.00393663 0.00237997 0.0148583 0.000530576 0.000463567 3.09178e-05 0.107372 0.00217778 8.09271 1.87196 83.4479 10.0451 1108.07 53.0421 1199.61 58.047 1199.61 58.047 0.573803 0.00851141 
200 0.28 1182400000 545.213 13.7971 -59.1979 0.588321 3922 80.4391 2.32896e+07 1.2241e+06 0.000181975 0.00228254 -0.00393663 0.00237997 0.0148583 0.000530576 0.000463567 3.09178e-05 0.107372 0.00217778 8.09271 1.87196 83.4479 10.0451 1108.07 53.0421 1199.61 58.047 1199.61 58.047 0.573803 0.00851141 
200 0.28 1183200000 545.213 13.7971 -59.1979 0.588321 3922 80.4391 2.32896e+07 1.2241e+06 0.000181975 0.00228716 -0.00393663 0.00237997 0.0148583 0.000530576 0.000463567 3.10364e-05 0.107372 0.00217778 8.09271 1.87196 83.4479 10.0451 1108.07 53.0421 1199.61 58.047 1199.61 58.047 0.573803 0.00851141 
200 0.28 1184000000 545.213 13.7971 -59.1979 0.588321 3922 80.4391 2.32896e+07 1.2241e+06 0.000181975 0.00228716 -0.00393663 0.00237997 0.0148583 0.000530576 0.000463567 3.10364e-05 0.107372 0.00217778 8.09271 1.87196 83.4479 10.0451 1108.07 53.0421 1199.61 58.047 1199.61 58.047 0.573803 0.00851141 
200 0.28 1184800000 545.213 13.7971 -59.1979 0.588321 3922 80.4391 2.32896e+07 1.2241e+06 0.000181975 0.00228496 -0.00393663 0.00237997 0.0148583 0.000530576 0.000463567 3.09998e-05 0.107372 0.00217778 8.09271 1.87196 83.4479 10.0451 1108.07 53.0421 1199.61 58.047 1199.61 58.047 0.573803 0.00851141 
200 0.28 1185600000 545.213 13.7971 -59.1979 0.588321 3922 80.4391 2.32896e+07 1.2241e+06 0.000181975 0.00228496 -0.00393663 0.00237997 0.0148583 0.000530576 0.000463567 3.09998e-05 0.107372 0.00217778 8.09271 1.87196 83.4479 10.0451 1108.07 53.0421 1199.61 58.047 1199.61 58.047 0.573803 0.00851141 
200 0.28 1186400000 545.213 13.7971 -59.1979 0.588321 3922 80.4391 2.32896e+07 1.2241e+06 0.000181975 0.00228239 -0.00393663 0.00237997 0.0148583 0.000530576 0.000463567 3.09579e-05 0.107372 0.00217778 8.09271 1.87196 83.4479 10.0451 1108.07 53.0421 1199.61 58.047 1199.61 58.047 0.573803 0.00851141 
200 0.28 1187200000 545.213 13.7971 -59.1979 0.588321 3922 80.4391 2.32896e+07 1.2241e+06 0.000181975 0.00228239 -0.00393663 0.00237997 0.0148583 0.000530576 0.000463567 3.09579e-05 0.107372 0.00217778 8.09271 1.87196 83.4479 10.0451 1108.07 53.0421 1199.61 58.047 1199.61 58.047 0.573803 0.00851141 
200 0.28 1188000000 545.213 13.7971 -59.1979 0.588321 3922 80.4391 2.32896e+07 1.2241e+06 0.000181975 0.00227943 -0.00393663 0.00237997 0.0148583 0.000530576 0.000463567 3.09208e-05 0.107372 0.00217778 8.09271 1.87196 83.4479 10.0451 1108.07 53.0421 1199.61 58.047 1199.61 58.047 0.573803 0.00851141 
200 0.28 1188800000 545.213 13.7971 -59.1979 0.588321 3922 80.4391 2.32896e+07 1.2241e+06 0.000181975 0.00227943 -0.00393663 0.00237997 0.0148583 0.000530576 0.000463567 3.09208e-05 0.107372 0.00217778 8.09271 1.87196 83.4479 10.0451 1108.07 53.0421 1199.61 58.047 1199.61 58.047 0.573803 0.00851141 
200 0.28 1189600000 545.213 13.7971 -59.1979 0.588321 3922 80.4391 2.32896e+07 1.2241e+06 0.000181975 0.00227642 -0.00393663 0.00237997 0.0148583 0.000530576 0.000463567 3.08828e-05 0.107372 0.00217778 8.09271 1.87196 83.4479 10.0451 1108.07 53.0421 1199.61 58.047 1199.61 58.047 0.573803 0.00851141 
200 0.28 1190400000 545.213 13.7971 -59.1979 0.588321 3922 80.4391 2.32896e+07 1.2241e+06 0.000181975 0.00227642 -0.00393663 0.00237997 0.0148583 0.000530576 0.000463567 3.08828e-05 0.107372 0.00217778 8.09271 1.87196 83.4479 10.0451 1108.07 53.0421 1199.61 58.047 1199.61 58.047 0.573803 0.00851141 
200 0.28 1191200000 545.213 13.7971 -59.1979 0.588321 3922 80.4391 2.32896e+07 1.2241e+06 0.000181975 0.0022769 -0.00393663 0.00237997 0.0148583 0.000530576 0.000463567 3.08417e-05 0.107372 0.00217778 8.09271 1.87196 83.4479 10.0451 1108.07 53.0421 1199.61 58.047 1199.61 58.047 0.573803 0.00851141 
200 0.28 1192000000 545.213 13.7971 -59.1979 0.588321 3922 80.4391 2.32896e+07 1.2241e+06 0.000181975 0.0022769 -0.00393663 0.00237997 0.0148583 0.000530576 0.000463567 3.08417e-05 0.107372 0.00217778 8.09271 1.87196 83.4479 10.0451 1108.07 53.0421 1199.61 58.047 1199.61 58.047 0.573803 0.00851141 
200 0.28 1192800000 545.213 13.7971 -59.1979 0.579536 3922 79.5649 2.32896e+07 1.21082e+06 0.000181975 0.00227383 -0.00393663 0.00233412 0.0148583 0.000530576 0.000463567 3.08055e-05 0.107372 0.00217778 8.09271 1.81813 83.4479 9.80089 1108.07 52.7104 1199.61 57.8722 1199.61 57.8722 0.573803 0.00860494 
200 0.28 1193600000 545.213 13.7971 -59.1979 0.579536 3922 79.5649 2.32896e+07 1.21082e+06 0.000181975 0.00227383 -0.00393663 0.00233412 0.0148583 0.000530576 0.000463567 3.08055e-05 0.107372 0.00217778 8.09271 1.81813 83.4479 9.80089 1108.07 52.7104 1199.61 57.8722 1199.61 57.8722 0.573803 0.00860494 
200 0.28 1194400000 545.213 13.7971 -59.1979 0.579536 3922 79.5649 2.32896e+07 1.21082e+06 0.000181975 0.00227104 -0.00393663 0.00233412 0.0148583 0.000530576 0.000463567 3.07675e-05 0.107372 0.00217778 8.09271 1.81813 83.4479 9.80089 1108.07 52.7104 1199.61 57.8722 1199.61 57.8722 0.573803 0.00860494 
200 0.28 1195200000 545.213 13.7971 -59.1979 0.579536 3922 79.5649 2.32896e+07 1.21082e+06 0.000181975 0.00227104 -0.00393663 0.00233412 0.0148583 0.000530576 0.000463567 3.07675e-05 0.107372 0.00217778 8.09271 1.81813 83.4479 9.80089 1108.07 52.7104 1199.61 57.8722 1199.61 57.8722 0.573803 0.00860494 
200 0.28 1196000000 545.213 13.7971 -59.1979 0.579536 3922 79.5649 2.32896e+07 1.21082e+06 0.000181975 0.00226816 -0.00393663 0.00233412 0.0148583 0.000530576 0.000463567 3.07317e-05 0.107372 0.00217778 8.09271 1.81813 83.4479 9.80089 1108.07 52.7104 1199.61 57.8722 1199.61 57.8722 0.573803 0.00860494 
200 0.28 1196800000 545.213 13.7971 -59.1979 0.579536 3922 79.5649 2.32896e+07 1.21082e+06 0.000181975 0.00226816 -0.00393663 0.00233412 0.0148583 0.000530576 0.000463567 3.07317e-05 0.107372 0.00217778 8.09271 1.81813 83.4479 9.80089 1108.07 52.7104 1199.61 57.8722 1199.61 57.8722 0.573803 0.00860494 
200 0.28 1197600000 545.213 13.7971 -59.1979 0.579536 3922 79.5649 2.32896e+07 1.21082e+06 0.000181975 0.00226719 -0.00393663 0.00233412 0.0148583 0.000530576 0.000463567 3.06942e-05 0.107372 0.00217778 8.09271 1.81813 83.4479 9.80089 1108.07 52.7104 1199.61 57.8722 1199.61 57.8722 0.573803 0.00860494 
200 0.28 1198400000 545.213 13.7971 -59.1979 0.579536 3922 79.5649 2.32896e+07 1.21082e+06 0.000181975 0.00226719 -0.00393663 0.00233412 0.0148583 0.000530576 0.000463567 3.06942e-05 0.107372 0.00217778 8.09271 1.81813 83.4479 9.80089 1108.07 52.7104 1199.61 57.8722 1199.61 57.8722 0.573803 0.00860494 
200 0.28 1199200000 545.213 13.7971 -59.1979 0.579536 3922 79.5649 2.32896e+07 1.21082e+06 0.000181975 0.00226453 -0.00393663 0.00233412 0.0148583 0.000530576 0.000463567 3.06557e-05 0.107372 0.00217778 8.09271 1.81813 83.4479 9.80089 1108.07 52.7104 1199.61 57.8722 1199.61 57.8722 0.573803 0.00860494 
200 0.28 1200000000 545.213 13.7971 -59.1979 0.579536 3922 79.5649 2.32896e+07 1.21082e+06 0.000181975 0.00226453 -0.00393663 0.00233412 0.0148583 0.000530576 0.000463567 3.06557e-05 0.107372 0.00217778 8.09271 1.81813 83.4479 9.80089 1108.07 52.7104 1199.61 57.8722 1199.61 57.8722 0.573803 0.00860494 
200 0.28 1200800000 545.213 13.7971 -59.1979 0.579536 3922 79.5649 2.32896e+07 1.21082e+06 0.000181975 0.00226443 -0.00393663 0.00233412 0.0148583 0.000530576 0.000463567 3.0615e-05 0.107372 0.00217778 8.09271 1.81813 83.4479 9.80089 1108.07 52.7104 1199.61 57.8722 1199.61 57.8722 0.573803 0.00860494 
200 0.28 1201600000 545.213 13.7971 -59.1979 0.579536 3922 79.5649 2.32896e+07 1.21082e+06 0.000181975 0.00226443 -0.00393663 0.00233412 0.0148583 0.000530576 0.000463567 3.0615e-05 0.107372 0.00217778 8.09271 1.81813 83.4479 9.80089 1108.07 52.7104 1199.61 57.8722 1199.61 57.8722 0.573803 0.00860494 
200 0.28 1202400000 545.213 13.7971 -59.1979 0.579536 3922 79.5649 2.32896e+07 1.21082e+06 0.000181975 0.00226168 -0.00393663 0.00233412 0.0148583 0.000530576 0.000463567 3.05759e-05 0.107372 0.00217778 8.09271 1.81813 83.4479 9.80089 1108.07 52.7104 1199.61 57.8722 1199.61 57.8722 0.573803 0.00860494 
200 0.28 1203200000 545.213 13.7971 -59.1979 0.579536 3922 79.5649 2.32896e+07 1.21082e+06 0.000181975 0.00226168 -0.00393663 0.00233412 0.0148583 0.000530576 0.000463567 3.05759e-05 0.107372 0.00217778 8.09271 1.81813 83.4479 9.80089 1108.07 52.7104 1199.61 57.8722 1199.61 57.8722 0.573803 0.00860494 
200 0.28 1204000000 545.213 13.7971 -59.1979 0.579536 3922 79.5649 2.32896e+07 1.21082e+06 0.000181975 0.00225883 -0.00393663 0.00233412 0.0148583 0.000530576 0.000463567 3.08064e-05 0.107372 0.00217778 8.09271 1.81813 83.4479 9.80089 1108.07 52.7104 1199.61 57.8722 1199.61 57.8722 0.573803 0.00860494 
200 0.28 1204800000 545.213 13.7971 -59.1979 0.579536 3922 79.5649 2.32896e+07 1.21082e+06 0.000181975 0.00225883 -0.00393663 0.00233412 0.0148583 0.000530576 0.000463567 3.08064e-05 0.107372 0.00217778 8.09271 1.81813 83.4479 9.80089 1108.07 52.7104 1199.61 57.8722 1199.61 57.8722 0.573803 0.00860494 
200 0.28 1205600000 545.213 13.7971 -59.1979 0.579536 3922 78.9134 2.32896e+07 1.20056e+06 0.000181975 0.00225623 -0.00393663 0.00232721 0.0148583 0.000530576 0.000463567 3.07709e-05 0.107372 0.00217778 8.09271 1.81813 83.4479 9.80089 1108.07 52.7104 1199.61 57.8722 1199.61 57.8722 0.573803 0.00860494 
200 0.28 1206400000 545.213 13.7971 -59.1979 0.579536 3922 78.9134 2.32896e+07 1.20056e+06 0.000181975 0.00225623 -0.00393663 0.00232721 0.0148583 0.000530576 0.000463567 3.07709e-05 0.107372 0.00217778 8.09271 1.81813 83.4479 9.80089 1108.07 52.7104 1199.61 57.8722 1199.61 57.8722 0.573803 0.00860494 
200 0.28 1207200000 545.213 13.7971 -59.1979 0.579536 3922 78.9134 2.32896e+07 1.20056e+06 0.000181975 0.00225334 -0.00393663 0.00232721 0.0148583 0.000530576 0.000463567 3.07358e-05 0.107372 0.00217778 8.09271 1.81813 83.4479 9.80089 1108.07 52.7104 1199.61 57.8722 1199.61 57.8722 0.573803 0.00860494 
200 0.28 1208000000 545.213 13.7971 -59.1979 0.579536 3922 78.9134 2.32896e+07 1.20056e+06 0.000181975 0.00225334 -0.00393663 0.00232721 0.0148583 0.000530576 0.000463567 3.07358e-05 0.107372 0.00217778 8.09271 1.81813 83.4479 9.80089 1108.07 52.7104 1199.61 57.8722 1199.61 57.8722 0.573803 0.00860494 
200 0.28 1208800000 545.213 13.7971 -59.1979 0.579536 3922 78.9134 2.32896e+07 1.20056e+06 0.000181975 0.00225066 -0.00393663 0.00232721 0.0148583 0.000530576 0.000463567 3.06981e-05 0.107372 0.00217778 8.09271 1.81813 83.4479 9.80089 1108.07 52.7104 1199.61 57.8722 1199.61 57.8722 0.573803 0.00860494 
200 0.28 1209600000 545.213 13.7971 -59.1979 0.579536 3922 78.9134 2.32896e+07 1.20056e+06 0.000181975 0.00225066 -0.00393663 0.00232721 0.0148583 0.000530576 0.000463567 3.06981e-05 0.107372 0.00217778 8.09271 1.81813 83.4479 9.80089 1108.07 52.7104 1199.61 57.8722 1199.61 57.8722 0.573803 0.00860494 
200 0.28 1210400000 545.213 13.7971 -59.1979 0.579536 3922 78.9134 2.32896e+07 1.20056e+06 0.000181975 0.0022483 -0.00393663 0.00232721 0.0148583 0.000530576 0.000463567 3.06628e-05 0.107372 0.00217778 8.09271 1.81813 83.4479 9.80089 1108.07 52.7104 1199.61 57.8722 1199.61 57.8722 0.573803 0.00860494 
200 0.28 1211200000 545.213 13.7971 -59.1979 0.579536 3922 78.9134 2.32896e+07 1.20056e+06 0.000181975 0.0022483 -0.00393663 0.00232721 0.0148583 0.000530576 0.000463567 3.06628e-05 0.107372 0.00217778 8.09271 1.81813 83.4479 9.80089 1108.07 52.7104 1199.61 57.8722 1199.61 57.8722 0.573803 0.00860494 
200 0.28 1212000000 545.213 13.7971 -59.1979 0.579536 3922 78.9134 2.32896e+07 1.20056e+06 0.000181975 0.00224608 -0.00393663 0.00232721 0.0148583 0.000530576 0.000463567 3.0622e-05 0.107372 0.00217778 8.09271 1.81813 83.4479 9.80089 1108.07 52.7104 1199.61 57.8722 1199.61 57.8722 0.573803 0.00860494 
200 0.28 1212800000 545.213 13.7971 -59.1979 0.579536 3922 78.9134 2.32896e+07 1.20056e+06 0.000181975 0.00224608 -0.00393663 0.00232721 0.0148583 0.000530576 0.000463567 3.0622e-05 0.107372 0.00217778 8.09271 1.81813 83.4479 9.80089 1108.07 52.7104 1199.61 57.8722 1199.61 57.8722 0.573803 0.00860494 
200 0.28 1213600000 545.213 13.7971 -59.1979 0.579536 3922 78.9134 2.32896e+07 1.20056e+06 0.000181975 0.00224358 -0.00393663 0.00232721 0.0148583 0.000530576 0.000463567 3.05824e-05 0.107372 0.00217778 8.09271 1.81813 83.4479 9.80089 1108.07 52.7104 1199.61 57.8722 1199.61 57.8722 0.573803 0.00860494 
200 0.28 1214400000 545.213 13.7971 -59.1979 0.579536 3922 78.9134 2.32896e+07 1.20056e+06 0.000181975 0.00224358 -0.00393663 0.00232721 0.0148583 0.000530576 0.000463567 3.05824e-05 0.107372 0.00217778 8.09271 1.81813 83.4479 9.80089 1108.07 52.7104 1199.61 57.8722 1199.61 57.8722 0.573803 0.00860494 
200 0.28 1215200000 545.213 13.7971 -59.1979 0.579536 3922 78.9134 2.32896e+07 1.20056e+06 0.000181975 0.00224148 -0.00393663 0.00232721 0.0148583 0.000530576 0.000463567 3.05474e-05 0.107372 0.00217778 8.09271 1.81813 83.4479 9.80089 1108.07 52.7104 1199.61 57.8722 1199.61 57.8722 0.573803 0.00860494 
200 0.28 1216000000 545.213 13.7971 -59.1979 0.579536 3922 78.9134 2.32896e+07 1.20056e+06 0.000181975 0.00224148 -0.00393663 0.00232721 0.0148583 0.000530576 0.000463567 3.05474e-05 0.107372 0.00217778 8.09271 1.81813 83.4479 9.80089 1108.07 52.7104 1199.61 57.8722 1199.61 57.8722 0.573803 0.00860494 
200 0.28 1216800000 545.213 13.7971 -59.1979 0.579536 3922 78.9134 2.32896e+07 1.20056e+06 0.000181975 0.00223974 -0.00393663 0.00232721 0.0148583 0.000530576 0.000463567 3.05089e-05 0.107372 0.00217778 8.09271 1.81813 83.4479 9.80089 1108.07 52.7104 1199.61 57.8722 1199.61 57.8722 0.573803 0.00860494 
200 0.28 1217600000 545.213 13.7971 -59.1979 0.579536 3922 78.9134 2.32896e+07 1.20056e+06 0.000181975 0.00223974 -0.00393663 0.00232721 0.0148583 0.000530576 0.000463567 3.05089e-05 0.107372 0.00217778 8.09271 1.81813 83.4479 9.80089 1108.07 52.7104 1199.61 57.8722 1199.61 57.8722 0.573803 0.00860494 
200 0.28 1218400000 545.213 13.7971 -59.1979 0.58229 3922 78.7921 2.32896e+07 1.19179e+06 0.000181975 0.00223727 -0.00393663 0.00230272 0.0148583 0.000530576 0.000463567 3.04742e-05 0.107372 0.00217778 8.09271 1.81813 83.4479 9.80089 1108.07 52.7104 1199.61 57.8722 1199.61 57.8722 0.573803 0.00860494 
200 0.28 1219200000 545.213 13.7971 -59.1979 0.58229 3922 78.7921 2.32896e+07 1.19179e+06 0.000181975 0.00223727 -0.00393663 0.00230272 0.0148583 0.000530576 0.000463567 3.04742e-05 0.107372 0.00217778 8.09271 1.81813 83.4479 9.80089 1108.07 52.7104 1199.61 57.8722 1199.61 57.8722 0.573803 0.00860494 
200 0.28 1220000000 545.213 13.7971 -59.1979 0.58229 3922 78.7921 2.32896e+07 1.19179e+06 0.000181975 0.00223719 -0.00393663 0.00230272 0.0148583 0.000530576 0.000463567 3.04349e-05 0.107372 0.00217778 8.09271 1.81813 83.4479 9.80089 1108.07 52.7104 1199.61 57.8722 1199.61 57.8722 0.573803 0.00860494 
200 0.28 1220800000 545.213 13.7971 -59.1979 0.58229 3922 78.7921 2.32896e+07 1.19179e+06 0.000181975 0.00223719 -0.00393663 0.00230272 0.0148583 0.000530576 0.000463567 3.04349e-05 0.107372 0.00217778 8.09271 1.81813 83.4479 9.80089 1108.07 52.7104 1199.61 57.8722 1199.61 57.8722 0.573803 0.00860494 
200 0.28 1221600000 545.213 13.7971 -59.1979 0.58229 3922 78.7921 2.32896e+07 1.19179e+06 0.000181975 0.00223428 -0.00393663 0.00230272 0.0148583 0.000530576 0.000463567 3.03992e-05 0.107372 0.00217778 8.09271 1.81813 83.4479 9.80089 1108.07 52.7104 1199.61 57.8722 1199.61 57.8722 0.573803 0.00860494 
200 0.28 1222400000 545.213 13.7971 -59.1979 0.58229 3922 78.7921 2.32896e+07 1.19179e+06 0.000181975 0.00223428 -0.00393663 0.00230272 0.0148583 0.000530576 0.000463567 3.03992e-05 0.107372 0.00217778 8.09271 1.81813 83.4479 9.80089 1108.07 52.7104 1199.61 57.8722 1199.61 57.8722 0.573803 0.00860494 
200 0.28 1223200000 545.213 13.7971 -59.1979 0.58229 3922 78.7921 2.32896e+07 1.19179e+06 0.000181975 0.00223139 -0.00393663 0.00230272 0.0148583 0.000530576 0.000463567 3.03651e-05 0.107372 0.00217778 8.09271 1.81813 83.4479 9.80089 1108.07 52.7104 1199.61 57.8722 1199.61 57.8722 0.573803 0.00860494 
200 0.28 1224000000 545.213 13.7971 -59.1979 0.58229 3922 78.7921 2.32896e+07 1.19179e+06 0.000181975 0.00223139 -0.00393663 0.00230272 0.0148583 0.000530576 0.000463567 3.03651e-05 0.107372 0.00217778 8.09271 1.81813 83.4479 9.80089 1108.07 52.7104 1199.61 57.8722 1199.61 57.8722 0.573803 0.00860494 
200 0.28 1224800000 545.213 13.7971 -59.1979 0.58229 3922 78.7921 2.32896e+07 1.19179e+06 0.000181975 0.00222846 -0.00393663 0.00230272 0.0148583 0.000530576 0.000463567 3.03253e-05 0.107372 0.00217778 8.09271 1.81813 83.4479 9.80089 1108.07 52.7104 1199.61 57.8722 1199.61 57.8722 0.573803 0.00860494 
200 0.28 1225600000 545.213 13.7971 -59.1979 0.58229 3922 78.7921 2.32896e+07 1.19179e+06 0.000181975 0.00222846 -0.00393663 0.00230272 0.0148583 0.000530576 0.000463567 3.03253e-05 0.107372 0.00217778 8.09271 1.81813 83.4479 9.80089 1108.07 52.7104 1199.61 57.8722 1199.61 57.8722 0.573803 0.00860494 
200 0.28 1226400000 545.213 13.7971 -59.1979 0.58229 3922 78.7921 2.32896e+07 1.19179e+06 0.000181975 0.00222595 -0.00393663 0.00230272 0.0148583 0.000530576 0.000463567 3.02898e-05 0.107372 0.00217778 8.09271 1.81813 83.4479 9.80089 1108.07 52.7104 1199.61 57.8722 1199.61 57.8722 0.573803 0.00860494 
200 0.28 1227200000 545.213 13.7971 -59.1979 0.58229 3922 78.7921 2.32896e+07 1.19179e+06 0.000181975 0.00222595 -0.00393663 0.00230272 0.0148583 0.000530576 0.000463567 3.02898e-05 0.107372 0.00217778 8.09271 1.81813 83.4479 9.80089 1108.07 52.7104 1199.61 57.8722 1199.61 57.8722 0.573803 0.00860494 
200 0.28 1228000000 545.213 13.7971 -59.1979 0.58229 3922 78.7921 2.32896e+07 1.19179e+06 0.000181975 0.00222479 -0.00393663 0.00230272 0.0148583 0.000530576 0.000463567 3.02507e-05 0.107372 0.00217778 8.09271 1.81813 83.4479 9.80089 1108.07 52.7104 1199.61 57.8722 1199.61 57.8722 0.573803 0.00860494 
200 0.28 1228800000 545.213 13.7971 -59.1979 0.58229 3922 78.7921 2.32896e+07 1.19179e+06 0.000181975 0.00222479 -0.00393663 0.00230272 0.0148583 0.000530576 0.000463567 3.02507e-05 0.107372 0.00217778 8.09271 1.81813 83.4479 9.80089 1108.07 52.7104 1199.61 57.8722 1199.61 57.8722 0.573803 0.00860494 
200 0.28 1229600000 545.213 13.7971 -59.1979 0.58229 3922 78.7921 2.32896e+07 1.19179e+06 0.000181975 0.00222222 -0.00393663 0.00230272 0.0148583 0.000530576 0.000463567 3.0211e-05 0.107372 0.00217778 8.09271 1.81813 83.4479 9.80089 1108.07 52.7104 1199.61 57.8722 1199.61 57.8722 0.573803 0.00860494 
200 0.28 1230400000 545.213 13.7971 -59.1979 0.58229 3922 78.7921 2.32896e+07 1.19179e+06 0.000181975 0.00222222 -0.00393663 0.00230272 0.0148583 0.000530576 0.000463567 3.0211e-05 0.107372 0.00217778 8.09271 1.81813 83.4479 9.80089 1108.07 52.7104 1199.61 57.8722 1199.61 57.8722 0.573803 0.00860494 
200 0.28 1231200000 545.213 13.7971 -59.1979 0.58229 3922 78.0312 2.32896e+07 1.18222e+06 0.000181975 0.00221956 -0.00393663 0.0023035 0.0148583 0.000530576 0.000463567 3.01748e-05 0.107372 0.00217778 8.09271 1.81813 83.4479 9.80089 1108.07 52.7104 1199.61 57.8722 1199.61 57.8722 0.573803 0.00860494 
200 0.28 1232000000 545.213 13.7971 -59.1979 0.58229 3922 78.0312 2.32896e+07 1.18222e+06 0.000181975 0.00221956 -0.00393663 0.0023035 0.0148583 0.000530576 0.000463567 3.01748e-05 0.107372 0.00217778 8.09271 1.81813 83.4479 9.80089 1108.07 52.7104 1199.61 57.8722 1199.61 57.8722 0.573803 0.00860494 
200 0.28 1232800000 545.213 13.7971 -59.1979 0.58229 3922 78.0312 2.32896e+07 1.18222e+06 0.000181975 0.00221745 -0.00393663 0.0023035 0.0148583 0.000530576 0.000463567 3.01407e-05 0.107372 0.00217778 8.09271 1.81813 83.4479 9.80089 1108.07 52.7104 1199.61 57.8722 1199.61 57.8722 0.573803 0.00860494 
200 0.28 1233600000 545.213 13.7971 -59.1979 0.58229 3922 78.0312 2.32896e+07 1.18222e+06 0.000181975 0.00221745 -0.00393663 0.0023035 0.0148583 0.000530576 0.000463567 3.01407e-05 0.107372 0.00217778 8.09271 1.81813 83.4479 9.80089 1108.07 52.7104 1199.61 57.8722 1199.61 57.8722 0.573803 0.00860494 
200 0.28 1234400000 545.213 13.7971 -59.1979 0.58229 3922 78.0312 2.32896e+07 1.18222e+06 0.000181975 0.00221576 -0.00393663 0.0023035 0.0148583 0.000530576 0.000463567 3.0104e-05 0.107372 0.00217778 8.09271 1.81813 83.4479 9.80089 1108.07 52.7104 1199.61 57.8722 1199.61 57.8722 0.573803 0.00860494 
200 0.28 1235200000 545.213 13.7971 -59.1979 0.58229 3922 78.0312 2.32896e+07 1.18222e+06 0.000181975 0.00221576 -0.00393663 0.0023035 0.0148583 0.000530576 0.000463567 3.0104e-05 0.107372 0.00217778 8.09271 1.81813 83.4479 9.80089 1108.07 52.7104 1199.61 57.8722 1199.61 57.8722 0.573803 0.00860494 
200 0.28 1236000000 545.213 13.7971 -59.1979 0.58229 3922 78.0312 2.32896e+07 1.18222e+06 0.000181975 0.00221308 -0.00393663 0.0023035 0.0148583 0.000530576 0.000463567 3.00699e-05 0.107372 0.00217778 8.09271 1.81813 83.4479 9.80089 1108.07 52.7104 1199.61 57.8722 1199.61 57.8722 0.573803 0.00860494 
200 0.28 1236800000 545.213 13.7971 -59.1979 0.58229 3922 78.0312 2.32896e+07 1.18222e+06 0.000181975 0.00221308 -0.00393663 0.0023035 0.0148583 0.000530576 0.000463567 3.00699e-05 0.107372 0.00217778 8.09271 1.81813 83.4479 9.80089 1108.07 52.7104 1199.61 57.8722 1199.61 57.8722 0.573803 0.00860494 
200 0.28 1237600000 545.213 13.7971 -59.1979 0.58229 3922 78.0312 2.32896e+07 1.18222e+06 0.000181975 0.00221097 -0.00393663 0.0023035 0.0148583 0.000530576 0.000463567 3.00307e-05 0.107372 0.00217778 8.09271 1.81813 83.4479 9.80089 1108.07 52.7104 1199.61 57.8722 1199.61 57.8722 0.573803 0.00860494 
200 0.28 1238400000 545.213 13.7971 -59.1979 0.58229 3922 78.0312 2.32896e+07 1.18222e+06 0.000181975 0.00221097 -0.00393663 0.0023035 0.0148583 0.000530576 0.000463567 3.00307e-05 0.107372 0.00217778 8.09271 1.81813 83.4479 9.80089 1108.07 52.7104 1199.61 57.8722 1199.61 57.8722 0.573803 0.00860494 
200 0.28 1239200000 545.213 13.7971 -59.1979 0.58229 3922 78.0312 2.32896e+07 1.18222e+06 0.000181975 0.00220848 -0.00393663 0.0023035 0.0148583 0.000530576 0.000463567 2.99962e-05 0.107372 0.00217778 8.09271 1.81813 83.4479 9.80089 1108.07 52.7104 1199.61 57.8722 1199.61 57.8722 0.573803 0.00860494 
200 0.28 1240000000 545.213 13.7971 -59.1979 0.58229 3922 78.0312 2.32896e+07 1.18222e+06 0.000181975 0.00220848 -0.00393663 0.0023035 0.0148583 0.000530576 0.000463567 2.99962e-05 0.107372 0.00217778 8.09271 1.81813 83.4479 9.80089 1108.07 52.7104 1199.61 57.8722 1199.61 57.8722 0.573803 0.00860494 
200 0.28 1240800000 545.213 13.7971 -59.1979 0.58229 3922 78.0312 2.32896e+07 1.18222e+06 0.000181975 0.00220561 -0.00393663 0.0023035 0.0148583 0.000530576 0.000463567 2.99946e-05 0.107372 0.00217778 8.09271 1.81813 83.4479 9.80089 1108.07 52.7104 1199.61 57.8722 1199.61 57.8722 0.573803 0.00860494 
200 0.28 1241600000 545.213 13.7971 -59.1979 0.58229 3922 78.0312 2.32896e+07 1.18222e+06 0.000181975 0.00220561 -0.00393663 0.0023035 0.0148583 0.000530576 0.000463567 2.99946e-05 0.107372 0.00217778 8.09271 1.81813 83.4479 9.80089 1108.07 52.7104 1199.61 57.8722 1199.61 57.8722 0.573803 0.00860494 
200 0.28 1242400000 545.213 13.7971 -59.1979 0.58229 3922 78.0312 2.32896e+07 1.18222e+06 0.000181975 0.00220273 -0.00393663 0.0023035 0.0148583 0.000530576 0.000463567 2.99591e-05 0.107372 0.00217778 8.09271 1.81813 83.4479 9.80089 1108.07 52.7104 1199.61 57.8722 1199.61 57.8722 0.573803 0.00860494 
200 0.28 1243200000 545.213 13.7971 -59.1979 0.58229 3922 78.0312 2.32896e+07 1.18222e+06 0.000181975 0.00220273 -0.00393663 0.0023035 0.0148583 0.000530576 0.000463567 2.99591e-05 0.107372 0.00217778 8.09271 1.81813 83.4479 9.80089 1108.07 52.7104 1199.61 57.8722 1199.61 57.8722 0.573803 0.00860494 
200 0.28 1244000000 540.577 15.6009 -59.1782 0.570524 3915.14 77.2332 2.30695e+07 1.17011e+06 -0.000130162 0.00220125 -0.00416775 0.00228222 0.0147585 0.000450952 0.000458424 2.99267e-05 0.10694 0.00183443 8.30381 1.77411 80.7439 9.41948 1094.18 50.519 1183.22 55.4616 1183.22 55.4616 0.568533 0.00929115 
200 0.28 1244800000 540.577 15.6009 -59.1782 0.570524 3915.14 77.2332 2.30695e+07 1.17011e+06 -0.000130162 0.00220125 -0.00416775 0.00228222 0.0147585 0.000450952 0.000458424 2.99267e-05 0.10694 0.00183443 8.30381 1.77411 80.7439 9.41948 1094.18 50.519 1183.22 55.4616 1183.22 55.4616 0.568533 0.00929115 
200 0.28 1245600000 540.577 15.6009 -59.1782 0.570524 3915.14 77.2332 2.30695e+07 1.17011e+06 -0.000130162 0.00219894 -0.00416775 0.00228222 0.0147585 0.000450952 0.000458424 2.98935e-05 0.10694 0.00183443 8.30381 1.77218 80.7439 9.41948 1094.18 50.519 1183.22 55.4616 1183.22 55.4616 0.568533 0.00929115 
200 0.28 1246400000 540.577 15.6009 -59.1782 0.570524 3915.14 77.2332 2.30695e+07 1.17011e+06 -0.000130162 0.00219894 -0.00416775 0.00228222 0.0147585 0.000450952 0.000458424 2.98935e-05 0.10694 0.00183443 8.30381 1.77218 80.7439 9.41948 1094.18 50.519 1183.22 55.4616 1183.22 55.4616 0.568533 0.00929115 
200 0.28 1247200000 540.577 15.6009 -59.1782 0.570524 3915.14 77.2332 2.30695e+07 1.17011e+06 -0.000130162 0.00220016 -0.00416775 0.00228222 0.0147585 0.000450952 0.000458424 2.98547e-05 0.10694 0.00183443 8.30381 1.7695 80.7439 9.41948 1094.18 50.519 1183.22 55.4616 1183.22 55.4616 0.568533 0.00929115 
200 0.28 1248000000 540.577 15.6009 -59.1782 0.570524 3915.14 77.2332 2.30695e+07 1.17011e+06 -0.000130162 0.00220016 -0.00416775 0.00228222 0.0147585 0.000450952 0.000458424 2.98547e-05 0.10694 0.00183443 8.30381 1.7695 80.7439 9.41948 1094.18 50.519 1183.22 55.4616 1183.22 55.4616 0.568533 0.00929115 
200 0.28 1248800000 540.577 15.6009 -59.1782 0.570524 3915.14 77.2332 2.30695e+07 1.17011e+06 -0.000130162 0.00220027 -0.00416775 0.00228222 0.0147585 0.000450952 0.000458424 2.99104e-05 0.10694 0.00183443 8.30381 1.76944 80.7439 9.41948 1094.18 50.519 1183.22 55.4616 1183.22 55.4616 0.568533 0.00929115 
200 0.28 1249600000 540.577 15.6009 -59.1782 0.570524 3915.14 77.2332 2.30695e+07 1.17011e+06 -0.000130162 0.00220027 -0.00416775 0.00228222 0.0147585 0.000450952 0.000458424 2.99104e-05 0.10694 0.00183443 8.30381 1.76944 80.7439 9.41948 1094.18 50.519 1183.22 55.4616 1183.22 55.4616 0.568533 0.00929115 
200 0.28 1250400000 540.577 15.6009 -59.1782 0.570524 3915.14 77.2332 2.30695e+07 1.17011e+06 -0.000130162 0.00219744 -0.00416775 0.00228222 0.0147585 0.000450952 0.000458424 2.98776e-05 0.10694 0.00183443 8.30381 1.76494 80.7439 9.41948 1094.18 50.519 1183.22 55.4616 1183.22 55.4616 0.568533 0.00929115 
200 0.28 1251200000 540.577 15.6009 -59.1782 0.570524 3915.14 77.2332 2.30695e+07 1.17011e+06 -0.000130162 0.00219744 -0.00416775 0.00228222 0.0147585 0.000450952 0.000458424 2.98776e-05 0.10694 0.00183443 8.30381 1.76494 80.7439 9.41948 1094.18 50.519 1183.22 55.4616 1183.22 55.4616 0.568533 0.00929115 
200 0.28 1252000000 540.577 15.6009 -59.1782 0.570524 3915.14 77.2332 2.30695e+07 1.17011e+06 -0.000130162 0.00219557 -0.00416775 0.00228222 0.0147585 0.000450952 0.000458424 2.98428e-05 0.10694 0.00183443 8.30381 1.76303 80.7439 9.41948 1094.18 50.519 1183.22 55.4616 1183.22 55.4616 0.568533 0.00929115 
200 0.28 1252800000 540.577 15.6009 -59.1782 0.570524 3915.14 77.2332 2.30695e+07 1.17011e+06 -0.000130162 0.00219557 -0.00416775 0.00228222 0.0147585 0.000450952 0.000458424 2.98428e-05 0.10694 0.00183443 8.30381 1.76303 80.7439 9.41948 1094.18 50.519 1183.22 55.4616 1183.22 55.4616 0.568533 0.00929115 
200 0.28 1253600000 540.577 15.6009 -59.1782 0.570524 3915.14 77.2332 2.30695e+07 1.17011e+06 -0.000130162 0.00219403 -0.00416775 0.00228222 0.0147585 0.000450952 0.000458424 2.98068e-05 0.10694 0.00183443 8.30381 1.76038 80.7439 9.41948 1094.18 50.519 1183.22 55.4616 1183.22 55.4616 0.568533 0.00929115 
200 0.28 1254400000 540.577 15.6009 -59.1782 0.570524 3915.14 77.2332 2.30695e+07 1.17011e+06 -0.000130162 0.00219403 -0.00416775 0.00228222 0.0147585 0.000450952 0.000458424 2.98068e-05 0.10694 0.00183443 8.30381 1.76038 80.7439 9.41948 1094.18 50.519 1183.22 55.4616 1183.22 55.4616 0.568533 0.00929115 
200 0.28 1255200000 540.577 15.6009 -59.1782 0.570524 3915.14 77.2332 2.30695e+07 1.17011e+06 -0.000130162 0.0021912 -0.00416775 0.00228222 0.0147585 0.000450952 0.000458424 2.97742e-05 0.10694 0.00183443 8.30381 1.7603 80.7439 9.41948 1094.18 50.519 1183.22 55.4616 1183.22 55.4616 0.568533 0.00929115 
200 0.28 1256000000 540.577 15.6009 -59.1782 0.570524 3915.14 77.2332 2.30695e+07 1.17011e+06 -0.000130162 0.0021912 -0.00416775 0.00228222 0.0147585 0.000450952 0.000458424 2.97742e-05 0.10694 0.00183443 8.30381 1.7603 80.7439 9.41948 1094.18 50.519 1183.22 55.4616 1183.22 55.4616 0.568533 0.00929115 
200 0.28 1256800000 540.577 15.6009 -59.1782 0.570524 3915.14 76.5387 2.30695e+07 1.16164e+06 -0.000130162 0.00218871 -0.00416775 0.00228661 0.0147585 0.000450952 0.000458424 2.97393e-05 0.10694 0.00183443 8.30381 1.75585 80.7439 9.41948 1094.18 50.519 1183.22 55.4616 1183.22 55.4616 0.568533 0.00929115 
200 0.28 1257600000 540.577 15.6009 -59.1782 0.570524 3915.14 76.5387 2.30695e+07 1.16164e+06 -0.000130162 0.00218871 -0.00416775 0.00228661 0.0147585 0.000450952 0.000458424 2.97393e-05 0.10694 0.00183443 8.30381 1.75585 80.7439 9.41948 1094.18 50.519 1183.22 55.4616 1183.22 55.4616 0.568533 0.00929115 
200 0.28 1258400000 540.577 15.6009 -59.1782 0.570524 3915.14 76.5387 2.30695e+07 1.16164e+06 -0.000130162 0.00218595 -0.00416775 0.00228661 0.0147585 0.000450952 0.000458424 2.97055e-05 0.10694 0.00183443 8.30381 1.75397 80.7439 9.41948 1094.18 50.519 1183.22 55.4616 1183.22 55.4616 0.568533 0.00929115 
200 0.28 1259200000 540.577 15.6009 -59.1782 0.570524 3915.14 76.5387 2.30695e+07 1.16164e+06 -0.000130162 0.00218595 -0.00416775 0.00228661 0.0147585 0.000450952 0.000458424 2.97055e-05 0.10694 0.00183443 8.30381 1.75397 80.7439 9.41948 1094.18 50.519 1183.22 55.4616 1183.22 55.4616 0.568533 0.00929115 
200 0.28 1260000000 540.577 15.6009 -59.1782 0.570524 3915.14 76.5387 2.30695e+07 1.16164e+06 -0.000130162 0.00218319 -0.00416775 0.00228661 0.0147585 0.000450952 0.000458424 2.96713e-05 0.10694 0.00183443 8.30381 1.75136 80.7439 9.41948 1094.18 50.519 1183.22 55.4616 1183.22 55.4616 0.568533 0.00929115 
200 0.28 1260800000 540.577 15.6009 -59.1782 0.570524 3915.14 76.5387 2.30695e+07 1.16164e+06 -0.000130162 0.00218319 -0.00416775 0.00228661 0.0147585 0.000450952 0.000458424 2.96713e-05 0.10694 0.00183443 8.30381 1.75136 80.7439 9.41948 1094.18 50.519 1183.22 55.4616 1183.22 55.4616 0.568533 0.00929115 
200 0.28 1261600000 540.577 15.6009 -59.1782 0.570524 3915.14 76.5387 2.30695e+07 1.16164e+06 -0.000130162 0.00218091 -0.00416775 0.00228661 0.0147585 0.000450952 0.000458424 2.96332e-05 0.10694 0.00183443 8.30381 1.75128 80.7439 9.41948 1094.18 50.519 1183.22 55.4616 1183.22 55.4616 0.568533 0.00929115 
200 0.28 1262400000 540.577 15.6009 -59.1782 0.570524 3915.14 76.5387 2.30695e+07 1.16164e+06 -0.000130162 0.00218091 -0.00416775 0.00228661 0.0147585 0.000450952 0.000458424 2.96332e-05 0.10694 0.00183443 8.30381 1.75128 80.7439 9.41948 1094.18 50.519 1183.22 55.4616 1183.22 55.4616 0.568533 0.00929115 
200 0.28 1263200000 540.577 15.6009 -59.1782 0.570524 3915.14 76.5387 2.30695e+07 1.16164e+06 -0.000130162 0.00217853 -0.00416775 0.00228661 0.0147585 0.000450952 0.000458424 2.95976e-05 0.10694 0.00183443 8.30381 1.74925 80.7439 9.41948 1094.18 50.519 1183.22 55.4616 1183.22 55.4616 0.568533 0.00929115 
200 0.28 1264000000 540.577 15.6009 -59.1782 0.570524 3915.14 76.5387 2.30695e+07 1.16164e+06 -0.000130162 0.00217853 -0.00416775 0.00228661 0.0147585 0.000450952 0.000458424 2.95976e-05 0.10694 0.00183443 8.30381 1.74925 80.7439 9.41948 1094.18 50.519 1183.22 55.4616 1183.22 55.4616 0.568533 0.00929115 
200 0.28 1264800000 540.577 15.6009 -59.1782 0.570524 3915.14 76.5387 2.30695e+07 1.16164e+06 -0.000130162 0.00217577 -0.00416775 0.00228661 0.0147585 0.000450952 0.000458424 2.95648e-05 0.10694 0.00183443 8.30381 1.74925 80.7439 9.41948 1094.18 50.519 1183.22 55.4616 1183.22 55.4616 0.568533 0.00929115 
200 0.28 1265600000 540.577 15.6009 -59.1782 0.570524 3915.14 76.5387 2.30695e+07 1.16164e+06 -0.000130162 0.00217577 -0.00416775 0.00228661 0.0147585 0.000450952 0.000458424 2.95648e-05 0.10694 0.00183443 8.30381 1.74925 80.7439 9.41948 1094.18 50.519 1183.22 55.4616 1183.22 55.4616 0.568533 0.00929115 
200 0.28 1266400000 540.577 15.6009 -59.1782 0.570524 3915.14 76.5387 2.30695e+07 1.16164e+06 -0.000130162 0.00217326 -0.00416775 0.00228661 0.0147585 0.000450952 0.000458424 2.95272e-05 0.10694 0.00183443 8.30381 1.74925 80.7439 9.41948 1094.18 50.519 1183.22 55.4616 1183.22 55.4616 0.568533 0.00929115 
200 0.28 1267200000 540.577 15.6009 -59.1782 0.570524 3915.14 76.5387 2.30695e+07 1.16164e+06 -0.000130162 0.00217326 -0.00416775 0.00228661 0.0147585 0.000450952 0.000458424 2.95272e-05 0.10694 0.00183443 8.30381 1.74925 80.7439 9.41948 1094.18 50.519 1183.22 55.4616 1183.22 55.4616 0.568533 0.00929115 
200 0.28 1268000000 540.577 15.6009 -59.1782 0.570524 3915.14 76.5387 2.30695e+07 1.16164e+06 -0.000130162 0.00217079 -0.00416775 0.00228661 0.0147585 0.000450952 0.000458424 2.94928e-05 0.10694 0.00183443 8.30381 1.74925 80.7439 9.41948 1094.18 50.519 1183.22 55.4616 1183.22 55.4616 0.568533 0.00929115 
200 0.28 1268800000 540.577 15.6009 -59.1782 0.570524 3915.14 76.5387 2.30695e+07 1.16164e+06 -0.000130162 0.00217079 -0.00416775 0.00228661 0.0147585 0.000450952 0.000458424 2.94928e-05 0.10694 0.00183443 8.30381 1.74925 80.7439 9.41948 1094.18 50.519 1183.22 55.4616 1183.22 55.4616 0.568533 0.00929115 
200 0.28 1269600000 540.577 15.6009 -59.1782 0.566852 3915.14 76.8784 2.30695e+07 1.15757e+06 -0.000130162 0.00216849 -0.00416775 0.00226692 0.0147585 0.000450952 0.000458424 2.94601e-05 0.10694 0.00183443 8.30381 1.74485 80.7439 9.41948 1094.18 50.519 1183.22 55.4616 1183.22 55.4616 0.568533 0.00929115 
200 0.28 1270400000 540.577 15.6009 -59.1782 0.566852 3915.14 76.8784 2.30695e+07 1.15757e+06 -0.000130162 0.00216849 -0.00416775 0.00226692 0.0147585 0.000450952 0.000458424 2.94601e-05 0.10694 0.00183443 8.30381 1.74485 80.7439 9.41948 1094.18 50.519 1183.22 55.4616 1183.22 55.4616 0.568533 0.00929115 
200 0.28 1271200000 540.577 15.6009 -59.1782 0.566852 3915.14 76.8784 2.30695e+07 1.15757e+06 -0.000130162 0.00216784 -0.00416775 0.00226692 0.0147585 0.000450952 0.000458424 2.94243e-05 0.10694 0.00183443 8.30381 1.74485 80.7439 9.41948 1094.18 50.519 1183.22 55.4616 1183.22 55.4616 0.568533 0.00929115 
200 0.28 1272000000 540.577 15.6009 -59.1782 0.566852 3915.14 76.8784 2.30695e+07 1.15757e+06 -0.000130162 0.00216784 -0.00416775 0.00226692 0.0147585 0.000450952 0.000458424 2.94243e-05 0.10694 0.00183443 8.30381 1.74485 80.7439 9.41948 1094.18 50.519 1183.22 55.4616 1183.22 55.4616 0.568533 0.00929115 
200 0.28 1272800000 540.577 15.6009 -59.1782 0.566852 3915.14 76.8784 2.30695e+07 1.15757e+06 -0.000130162 0.00216518 -0.00416775 0.00226692 0.0147585 0.000450952 0.000458424 2.93924e-05 0.10694 0.00183443 8.30381 1.74485 80.7439 9.41948 1094.18 50.519 1183.22 55.4616 1183.22 55.4616 0.568533 0.00929115 
200 0.28 1273600000 540.577 15.6009 -59.1782 0.566852 3915.14 76.8784 2.30695e+07 1.15757e+06 -0.000130162 0.00216518 -0.00416775 0.00226692 0.0147585 0.000450952 0.000458424 2.93924e-05 0.10694 0.00183443 8.30381 1.74485 80.7439 9.41948 1094.18 50.519 1183.22 55.4616 1183.22 55.4616 0.568533 0.00929115 
200 0.28 1274400000 540.577 15.6009 -59.1782 0.566852 3915.14 76.8784 2.30695e+07 1.15757e+06 -0.000130162 0.00216495 -0.00416775 0.00226692 0.0147585 0.000450952 0.000458424 2.93564e-05 0.10694 0.00183443 8.30381 1.74485 80.7439 9.41948 1094.18 50.519 1183.22 55.4616 1183.22 55.4616 0.568533 0.00929115 
200 0.28 1275200000 540.577 15.6009 -59.1782 0.566852 3915.14 76.8784 2.30695e+07 1.15757e+06 -0.000130162 0.00216495 -0.00416775 0.00226692 0.0147585 0.000450952 0.000458424 2.93564e-05 0.10694 0.00183443 8.30381 1.74485 80.7439 9.41948 1094.18 50.519 1183.22 55.4616 1183.22 55.4616 0.568533 0.00929115 
200 0.28 1276000000 540.577 15.6009 -59.1782 0.566852 3915.14 76.8784 2.30695e+07 1.15757e+06 -0.000130162 0.00216246 -0.00416775 0.00226692 0.0147585 0.000450952 0.000458424 2.93211e-05 0.10694 0.00183443 8.30381 1.74485 80.7439 9.41948 1094.18 50.519 1183.22 55.4616 1183.22 55.4616 0.568533 0.00929115 
200 0.28 1276800000 540.577 15.6009 -59.1782 0.566852 3915.14 76.8784 2.30695e+07 1.15757e+06 -0.000130162 0.00216246 -0.00416775 0.00226692 0.0147585 0.000450952 0.000458424 2.93211e-05 0.10694 0.00183443 8.30381 1.74485 80.7439 9.41948 1094.18 50.519 1183.22 55.4616 1183.22 55.4616 0.568533 0.00929115 
200 0.28 1277600000 540.577 15.6009 -59.1782 0.566852 3915.14 76.8784 2.30695e+07 1.15757e+06 -0.000130162 0.00215973 -0.00416775 0.00226692 0.0147585 0.000450952 0.000458424 2.92839e-05 0.10694 0.00183443 8.30381 1.74485 80.7439 9.41948 1094.18 50.519 1183.22 55.4616 1183.22 55.4616 0.568533 0.00929115 
200 0.28 1278400000 540.577 15.6009 -59.1782 0.566852 3915.14 76.8784 2.30695e+07 1.15757e+06 -0.000130162 0.00215973 -0.00416775 0.00226692 0.0147585 0.000450952 0.000458424 2.92839e-05 0.10694 0.00183443 8.30381 1.74485 80.7439 9.41948 1094.18 50.519 1183.22 55.4616 1183.22 55.4616 0.568533 0.00929115 
200 0.28 1279200000 540.577 15.6009 -59.1782 0.566852 3915.14 76.8784 2.30695e+07 1.15757e+06 -0.000130162 0.00215704 -0.00416775 0.00226692 0.0147585 0.000450952 0.000458424 2.92512e-05 0.10694 0.00183443 8.30381 1.74485 80.7439 9.41948 1094.18 50.519 1183.22 55.4616 1183.22 55.4616 0.568533 0.00929115 
200 0.28 1280000000 540.577 15.6009 -59.1782 0.566852 3915.14 76.8784 2.30695e+07 1.15757e+06 -0.000130162 0.00215704 -0.00416775 0.00226692 0.0147585 0.000450952 0.000458424 2.92512e-05 0.10694 0.00183443 8.30381 1.74485 80.7439 9.41948 1094.18 50.519 1183.22 55.4616 1183.22 55.4616 0.568533 0.00929115 
200 0.28 1280800000 540.577 15.6009 -59.1782 0.566852 3915.14 76.8784 2.30695e+07 1.15757e+06 -0.000130162 0.00215547 -0.00416775 0.00226692 0.0147585 0.000450952 0.000458424 2.92193e-05 0.10694 0.00183443 8.30381 1.74485 80.7439 9.41948 1094.18 50.519 1183.22 55.4616 1183.22 55.4616 0.568533 0.00929115 
200 0.28 1281600000 540.577 15.6009 -59.1782 0.566852 3915.14 76.8784 2.30695e+07 1.15757e+06 -0.000130162 0.00215547 -0.00416775 0.00226692 0.0147585 0.000450952 0.000458424 2.92193e-05 0.10694 0.00183443 8.30381 1.74485 80.7439 9.41948 1094.18 50.519 1183.22 55.4616 1183.22 55.4616 0.568533 0.00929115 
200 0.28 1282400000 540.577 15.6009 -59.1782 0.566852 3915.14 76.9543 2.30695e+07 1.15235e+06 -0.000130162 0.00215595 -0.00416775 0.00224412 0.0147585 0.000450952 0.000458424 2.91827e-05 0.10694 0.00183443 8.30381 1.74485 80.7439 9.41948 1094.18 50.519 1183.22 55.4616 1183.22 55.4616 0.568533 0.00929115 
200 0.28 1283200000 540.577 15.6009 -59.1782 0.566852 3915.14 76.9543 2.30695e+07 1.15235e+06 -0.000130162 0.00215595 -0.00416775 0.00224412 0.0147585 0.000450952 0.000458424 2.91827e-05 0.10694 0.00183443 8.30381 1.74485 80.7439 9.41948 1094.18 50.519 1183.22 55.4616 1183.22 55.4616 0.568533 0.00929115 
200 0.28 1284000000 540.577 15.6009 -59.1782 0.566852 3915.14 76.9543 2.30695e+07 1.15235e+06 -0.000130162 0.00215403 -0.00416775 0.00224412 0.0147585 0.000450952 0.000458424 2.91504e-05 0.10694 0.00183443 8.30381 1.74485 80.7439 9.41948 1094.18 50.519 1183.22 55.4616 1183.22 55.4616 0.568533 0.00929115 
200 0.28 1284800000 540.577 15.6009 -59.1782 0.566852 3915.14 76.9543 2.30695e+07 1.15235e+06 -0.000130162 0.00215403 -0.00416775 0.00224412 0.0147585 0.000450952 0.000458424 2.91504e-05 0.10694 0.00183443 8.30381 1.74485 80.7439 9.41948 1094.18 50.519 1183.22 55.4616 1183.22 55.4616 0.568533 0.00929115 
200 0.28 1285600000 540.577 15.6009 -59.1782 0.566852 3915.14 76.9543 2.30695e+07 1.15235e+06 -0.000130162 0.00215192 -0.00416775 0.00224412 0.0147585 0.000450952 0.000458424 2.91141e-05 0.10694 0.00183443 8.30381 1.74485 80.7439 9.41948 1094.18 50.519 1183.22 55.4616 1183.22 55.4616 0.568533 0.00929115 
200 0.28 1286400000 540.577 15.6009 -59.1782 0.566852 3915.14 76.9543 2.30695e+07 1.15235e+06 -0.000130162 0.00215192 -0.00416775 0.00224412 0.0147585 0.000450952 0.000458424 2.91141e-05 0.10694 0.00183443 8.30381 1.74485 80.7439 9.41948 1094.18 50.519 1183.22 55.4616 1183.22 55.4616 0.568533 0.00929115 
200 0.28 1287200000 540.577 15.6009 -59.1782 0.566852 3915.14 76.9543 2.30695e+07 1.15235e+06 -0.000130162 0.00214934 -0.00416775 0.00224412 0.0147585 0.000450952 0.000458424 2.90783e-05 0.10694 0.00183443 8.30381 1.74485 80.7439 9.41948 1094.18 50.519 1183.22 55.4616 1183.22 55.4616 0.568533 0.00929115 
200 0.28 1288000000 540.577 15.6009 -59.1782 0.566852 3915.14 76.9543 2.30695e+07 1.15235e+06 -0.000130162 0.00214934 -0.00416775 0.00224412 0.0147585 0.000450952 0.000458424 2.90783e-05 0.10694 0.00183443 8.30381 1.74485 80.7439 9.41948 1094.18 50.519 1183.22 55.4616 1183.22 55.4616 0.568533 0.00929115 
200 0.28 1288800000 540.577 15.6009 -59.1782 0.566852 3915.14 76.9543 2.30695e+07 1.15235e+06 -0.000130162 0.00214687 -0.00416775 0.00224412 0.0147585 0.000450952 0.000458424 2.90461e-05 0.10694 0.00183443 8.30381 1.74485 80.7439 9.41948 1094.18 50.519 1183.22 55.4616 1183.22 55.4616 0.568533 0.00929115 
200 0.28 1289600000 540.577 15.6009 -59.1782 0.566852 3915.14 76.9543 2.30695e+07 1.15235e+06 -0.000130162 0.00214687 -0.00416775 0.00224412 0.0147585 0.000450952 0.000458424 2.90461e-05 0.10694 0.00183443 8.30381 1.74485 80.7439 9.41948 1094.18 50.519 1183.22 55.4616 1183.22 55.4616 0.568533 0.00929115 
200 0.28 1290400000 540.577 15.6009 -59.1782 0.566852 3915.14 76.9543 2.30695e+07 1.15235e+06 -0.000130162 0.00214419 -0.00416775 0.00224412 0.0147585 0.000450952 0.000458424 2.90114e-05 0.10694 0.00183443 8.30381 1.74485 80.7439 9.41948 1094.18 50.519 1183.22 55.4616 1183.22 55.4616 0.568533 0.00929115 
200 0.28 1291200000 540.577 15.6009 -59.1782 0.566852 3915.14 76.9543 2.30695e+07 1.15235e+06 -0.000130162 0.00214419 -0.00416775 0.00224412 0.0147585 0.000450952 0.000458424 2.90114e-05 0.10694 0.00183443 8.30381 1.74485 80.7439 9.41948 1094.18 50.519 1183.22 55.4616 1183.22 55.4616 0.568533 0.00929115 
200 0.28 1292000000 540.577 15.6009 -59.1782 0.566852 3915.14 76.9543 2.30695e+07 1.15235e+06 -0.000130162 0.00214192 -0.00416775 0.00224412 0.0147585 0.000450952 0.000458424 2.89787e-05 0.10694 0.00183443 8.30381 1.74485 80.7439 9.42051 1094.18 50.519 1183.22 55.4616 1183.22 55.4616 0.568533 0.00929115 
200 0.28 1292800000 540.577 15.6009 -59.1782 0.566852 3915.14 76.9543 2.30695e+07 1.15235e+06 -0.000130162 0.00214192 -0.00416775 0.00224412 0.0147585 0.000450952 0.000458424 2.89787e-05 0.10694 0.00183443 8.30381 1.74485 80.7439 9.42051 1094.18 50.519 1183.22 55.4616 1183.22 55.4616 0.568533 0.00929115 
200 0.28 1293600000 540.577 15.6009 -59.1782 0.566852 3915.14 76.9543 2.30695e+07 1.15235e+06 -0.000130162 0.00214008 -0.00416775 0.00224412 0.0147585 0.000450952 0.000458424 2.89466e-05 0.10694 0.00183443 8.30381 1.74485 80.7439 9.41948 1094.18 50.519 1183.22 55.4616 1183.22 55.4616 0.568533 0.00929115 
200 0.28 1294400000 540.577 15.6009 -59.1782 0.566852 3915.14 76.9543 2.30695e+07 1.15235e+06 -0.000130162 0.00214008 -0.00416775 0.00224412 0.0147585 0.000450952 0.000458424 2.89466e-05 0.10694 0.00183443 8.30381 1.74485 80.7439 9.41948 1094.18 50.519 1183.22 55.4616 1183.22 55.4616 0.568533 0.00929115 
200 0.28 1295200000 540.577 15.6009 -59.1782 0.561227 3915.14 76.6793 2.30695e+07 1.14439e+06 -0.000130162 0.00214901 -0.00416775 0.00222237 0.0147585 0.000450952 0.000458424 2.92103e-05 0.10694 0.00183443 8.30381 1.7033 80.7439 9.85539 1094.18 50.1363 1183.22 55.7498 1183.22 55.7498 0.568533 0.00929115 
200 0.28 1296000000 540.577 15.6009 -59.1782 0.561227 3915.14 76.6793 2.30695e+07 1.14439e+06 -0.000130162 0.00214901 -0.00416775 0.00222237 0.0147585 0.000450952 0.000458424 2.92103e-05 0.10694 0.00183443 8.30381 1.7033 80.7439 9.85539 1094.18 50.1363 1183.22 55.7498 1183.22 55.7498 0.568533 0.00929115 
200 0.28 1296800000 540.577 15.6009 -59.1782 0.561227 3915.14 76.6793 2.30695e+07 1.14439e+06 -0.000130162 0.00214939 -0.00416775 0.00222237 0.0147585 0.000450952 0.000458424 2.91742e-05 0.10694 0.00183443 8.30381 1.70156 80.7439 9.85539 1094.18 50.1363 1183.22 55.7498 1183.22 55.7498 0.568533 0.00929115 
200 0.28 1297600000 540.577 15.6009 -59.1782 0.561227 3915.14 76.6793 2.30695e+07 1.14439e+06 -0.000130162 0.00214939 -0.00416775 0.00222237 0.0147585 0.000450952 0.000458424 2.91742e-05 0.10694 0.00183443 8.30381 1.70156 80.7439 9.85539 1094.18 50.1363 1183.22 55.7498 1183.22 55.7498 0.568533 0.00929115 
200 0.28 1298400000 540.577 15.6009 -59.1782 0.561227 3915.14 76.6793 2.30695e+07 1.14439e+06 -0.000130162 0.00214684 -0.00416775 0.00222237 0.0147585 0.000450952 0.000458424 2.91384e-05 0.10694 0.00183443 8.30381 1.69908 80.7439 9.85539 1094.18 50.1363 1183.22 55.7498 1183.22 55.7498 0.568533 0.00929115 
200 0.28 1299200000 540.577 15.6009 -59.1782 0.561227 3915.14 76.6793 2.30695e+07 1.14439e+06 -0.000130162 0.00214684 -0.00416775 0.00222237 0.0147585 0.000450952 0.000458424 2.91384e-05 0.10694 0.00183443 8.30381 1.69908 80.7439 9.85539 1094.18 50.1363 1183.22 55.7498 1183.22 55.7498 0.568533 0.00929115 
200 0.28 1300000000 540.577 15.6009 -59.1782 0.561227 3915.14 76.6793 2.30695e+07 1.14439e+06 -0.000130162 0.00214602 -0.00416775 0.00222237 0.0147585 0.000450952 0.000458424 2.91023e-05 0.10694 0.00183443 8.30381 1.69908 80.7439 9.85539 1094.18 50.1363 1183.22 55.7498 1183.22 55.7498 0.568533 0.00929115 
200 0.28 1300800000 540.577 15.6009 -59.1782 0.561227 3915.14 76.6793 2.30695e+07 1.14439e+06 -0.000130162 0.00214602 -0.00416775 0.00222237 0.0147585 0.000450952 0.000458424 2.91023e-05 0.10694 0.00183443 8.30381 1.69908 80.7439 9.85539 1094.18 50.1363 1183.22 55.7498 1183.22 55.7498 0.568533 0.00929115 
200 0.28 1301600000 540.577 15.6009 -59.1782 0.561227 3915.14 76.6793 2.30695e+07 1.14439e+06 -0.000130162 0.00214432 -0.00416775 0.00222237 0.0147585 0.000450952 0.000458424 2.90713e-05 0.10694 0.00183443 8.30381 1.69485 80.7439 9.85539 1094.18 50.1363 1183.22 55.7498 1183.22 55.7498 0.568533 0.00929115 
200 0.28 1302400000 540.577 15.6009 -59.1782 0.561227 3915.14 76.6793 2.30695e+07 1.14439e+06 -0.000130162 0.00214432 -0.00416775 0.00222237 0.0147585 0.000450952 0.000458424 2.90713e-05 0.10694 0.00183443 8.30381 1.69485 80.7439 9.85539 1094.18 50.1363 1183.22 55.7498 1183.22 55.7498 0.568533 0.00929115 
200 0.28 1303200000 540.577 15.6009 -59.1782 0.561227 3915.14 76.6793 2.30695e+07 1.14439e+06 -0.000130162 0.00214167 -0.00416775 0.00222237 0.0147585 0.000450952 0.000458424 2.904e-05 0.10694 0.00183443 8.30381 1.69313 80.7439 9.85539 1094.18 50.1363 1183.22 55.7498 1183.22 55.7498 0.568533 0.00929115 
200 0.28 1304000000 540.577 15.6009 -59.1782 0.561227 3915.14 76.6793 2.30695e+07 1.14439e+06 -0.000130162 0.00214167 -0.00416775 0.00222237 0.0147585 0.000450952 0.000458424 2.904e-05 0.10694 0.00183443 8.30381 1.69313 80.7439 9.85539 1094.18 50.1363 1183.22 55.7498 1183.22 55.7498 0.568533 0.00929115 
200 0.28 1304800000 540.577 15.6009 -59.1782 0.561227 3915.14 76.6793 2.30695e+07 1.14439e+06 -0.000130162 0.00213926 -0.00416775 0.00222237 0.0147585 0.000450952 0.000458424 2.9006e-05 0.10694 0.00183443 8.30381 1.6907 80.7439 9.85539 1094.18 50.1363 1183.22 55.7498 1183.22 55.7498 0.568533 0.00929115 
200 0.28 1305600000 540.577 15.6009 -59.1782 0.561227 3915.14 76.6793 2.30695e+07 1.14439e+06 -0.000130162 0.00213926 -0.00416775 0.00222237 0.0147585 0.000450952 0.000458424 2.9006e-05 0.10694 0.00183443 8.30381 1.6907 80.7439 9.85539 1094.18 50.1363 1183.22 55.7498 1183.22 55.7498 0.568533 0.00929115 
200 0.28 1306400000 540.577 15.6009 -59.1782 0.561227 3915.14 76.6793 2.30695e+07 1.14439e+06 -0.000130162 0.00213796 -0.00416775 0.00222237 0.0147585 0.000450952 0.000458424 2.89736e-05 0.10694 0.00183443 8.30381 1.6907 80.7439 9.85539 1094.18 50.1363 1183.22 55.7498 1183.22 55.7498 0.568533 0.00929115 
200 0.28 1307200000 540.577 15.6009 -59.1782 0.561227 3915.14 76.6793 2.30695e+07 1.14439e+06 -0.000130162 0.00213796 -0.00416775 0.00222237 0.0147585 0.000450952 0.000458424 2.89736e-05 0.10694 0.00183443 8.30381 1.6907 80.7439 9.85539 1094.18 50.1363 1183.22 55.7498 1183.22 55.7498 0.568533 0.00929115 
200 0.28 1308000000 540.577 15.6009 -59.1782 0.555733 3915.14 75.9375 2.30695e+07 1.13339e+06 -0.000130162 0.00213539 -0.00416775 0.00220421 0.0147585 0.000450952 0.000458424 2.8943e-05 0.10694 0.00183443 8.30381 1.68648 80.7439 9.85539 1094.18 50.1363 1183.22 55.7498 1183.22 55.7498 0.568533 0.00929115 
200 0.28 1308800000 540.577 15.6009 -59.1782 0.555733 3915.14 75.9375 2.30695e+07 1.13339e+06 -0.000130162 0.00213539 -0.00416775 0.00220421 0.0147585 0.000450952 0.000458424 2.8943e-05 0.10694 0.00183443 8.30381 1.68648 80.7439 9.85539 1094.18 50.1363 1183.22 55.7498 1183.22 55.7498 0.568533 0.00929115 
200 0.28 1309600000 540.577 15.6009 -59.1782 0.555733 3915.14 75.9375 2.30695e+07 1.13339e+06 -0.000130162 0.00213293 -0.00416775 0.00220421 0.0147585 0.000450952 0.000458424 2.89101e-05 0.10694 0.00183443 8.30381 1.68478 80.7439 9.85539 1094.18 50.1363 1183.22 55.7498 1183.22 55.7498 0.568533 0.00929115 
200 0.28 1310400000 540.577 15.6009 -59.1782 0.555733 3915.14 75.9375 2.30695e+07 1.13339e+06 -0.000130162 0.00213293 -0.00416775 0.00220421 0.0147585 0.000450952 0.000458424 2.89101e-05 0.10694 0.00183443 8.30381 1.68478 80.7439 9.85539 1094.18 50.1363 1183.22 55.7498 1183.22 55.7498 0.568533 0.00929115 
200 0.28 1311200000 540.577 15.6009 -59.1782 0.555733 3915.14 75.9375 2.30695e+07 1.13339e+06 -0.000130162 0.00213048 -0.00416775 0.00220421 0.0147585 0.000450952 0.000458424 2.8876e-05 0.10694 0.00183443 8.30381 1.68239 80.7439 9.85539 1094.18 50.1363 1183.22 55.7498 1183.22 55.7498 0.568533 0.00929115 
200 0.28 1312000000 540.577 15.6009 -59.1782 0.555733 3915.14 75.9375 2.30695e+07 1.13339e+06 -0.000130162 0.00213048 -0.00416775 0.00220421 0.0147585 0.000450952 0.000458424 2.8876e-05 0.10694 0.00183443 8.30381 1.68239 80.7439 9.85539 1094.18 50.1363 1183.22 55.7498 1183.22 55.7498 0.568533 0.00929115 
200 0.28 1312800000 540.577 15.6009 -59.1782 0.555733 3915.14 75.9375 2.30695e+07 1.13339e+06 -0.000130162 0.00212791 -0.00416775 0.00220421 0.0147585 0.000450952 0.000458424 2.88475e-05 0.10694 0.00183443 8.30381 1.68239 80.7439 9.85539 1094.18 50.1363 1183.22 55.7498 1183.22 55.7498 0.568533 0.00929115 
200 0.28 1313600000 540.577 15.6009 -59.1782 0.555733 3915.14 75.9375 2.30695e+07 1.13339e+06 -0.000130162 0.00212791 -0.00416775 0.00220421 0.0147585 0.000450952 0.000458424 2.88475e-05 0.10694 0.00183443 8.30381 1.68239 80.7439 9.85539 1094.18 50.1363 1183.22 55.7498 1183.22 55.7498 0.568533 0.00929115 
200 0.28 1314400000 540.577 15.6009 -59.1782 0.555733 3915.14 75.9375 2.30695e+07 1.13339e+06 -0.000130162 0.00212529 -0.00416775 0.00220421 0.0147585 0.000450952 0.000458424 2.8814e-05 0.10694 0.00183443 8.30381 1.68079 80.7439 9.85539 1094.18 50.1363 1183.22 55.7498 1183.22 55.7498 0.568533 0.00929115 
200 0.28 1315200000 540.577 15.6009 -59.1782 0.555733 3915.14 75.9375 2.30695e+07 1.13339e+06 -0.000130162 0.00212529 -0.00416775 0.00220421 0.0147585 0.000450952 0.000458424 2.8814e-05 0.10694 0.00183443 8.30381 1.68079 80.7439 9.85539 1094.18 50.1363 1183.22 55.7498 1183.22 55.7498 0.568533 0.00929115 
200 0.28 1316000000 540.577 15.6009 -59.1782 0.555733 3915.14 75.9375 2.30695e+07 1.13339e+06 -0.000130162 0.00212277 -0.00416775 0.00220421 0.0147585 0.000450952 0.000458424 2.87793e-05 0.10694 0.00183443 8.30381 1.68079 80.7439 9.85539 1094.18 50.1363 1183.22 55.7498 1183.22 55.7498 0.568533 0.00929115 
200 0.28 1316800000 540.577 15.6009 -59.1782 0.555733 3915.14 75.9375 2.30695e+07 1.13339e+06 -0.000130162 0.00212277 -0.00416775 0.00220421 0.0147585 0.000450952 0.000458424 2.87793e-05 0.10694 0.00183443 8.30381 1.68079 80.7439 9.85539 1094.18 50.1363 1183.22 55.7498 1183.22 55.7498 0.568533 0.00929115 
200 0.28 1317600000 540.577 15.6009 -59.1782 0.555733 3915.14 75.9375 2.30695e+07 1.13339e+06 -0.000130162 0.00212017 -0.00416775 0.00220421 0.0147585 0.000450952 0.000458424 2.87479e-05 0.10694 0.00183443 8.30381 1.68079 80.7439 9.85539 1094.18 50.1363 1183.22 55.7498 1183.22 55.7498 0.568533 0.00929115 
200 0.28 1318400000 540.577 15.6009 -59.1782 0.555733 3915.14 75.9375 2.30695e+07 1.13339e+06 -0.000130162 0.00212017 -0.00416775 0.00220421 0.0147585 0.000450952 0.000458424 2.87479e-05 0.10694 0.00183443 8.30381 1.68079 80.7439 9.85539 1094.18 50.1363 1183.22 55.7498 1183.22 55.7498 0.568533 0.00929115 
200 0.28 1319200000 540.577 15.6009 -59.1782 0.555733 3915.14 75.9375 2.30695e+07 1.13339e+06 -0.000130162 0.00211812 -0.00416775 0.00220421 0.0147585 0.000450952 0.000458424 2.87128e-05 0.10694 0.00183443 8.30381 1.68079 80.7439 9.85539 1094.18 50.1363 1183.22 55.7498 1183.22 55.7498 0.568533 0.00929115 
200 0.28 1320000000 540.577 15.6009 -59.1782 0.555733 3915.14 75.9375 2.30695e+07 1.13339e+06 -0.000130162 0.00211812 -0.00416775 0.00220421 0.0147585 0.000450952 0.000458424 2.87128e-05 0.10694 0.00183443 8.30381 1.68079 80.7439 9.85539 1094.18 50.1363 1183.22 55.7498 1183.22 55.7498 0.568533 0.00929115 
200 0.28 1320800000 540.577 15.6009 -59.1782 0.555328 3915.14 75.6902 2.30695e+07 1.12565e+06 -0.000130162 0.00211566 -0.00416775 0.0022038 0.0147585 0.000450952 0.000458424 2.86823e-05 0.10694 0.00183443 8.30381 1.67808 80.7439 9.85539 1094.18 50.1363 1183.22 55.7498 1183.22 55.7498 0.568533 0.00929115 
200 0.28 1321600000 540.577 15.6009 -59.1782 0.555328 3915.14 75.6902 2.30695e+07 1.12565e+06 -0.000130162 0.00211566 -0.00416775 0.0022038 0.0147585 0.000450952 0.000458424 2.86823e-05 0.10694 0.00183443 8.30381 1.67808 80.7439 9.85539 1094.18 50.1363 1183.22 55.7498 1183.22 55.7498 0.568533 0.00929115 
200 0.28 1322400000 540.577 15.6009 -59.1782 0.555328 3915.14 75.6902 2.30695e+07 1.12565e+06 -0.000130162 0.00211369 -0.00416775 0.0022038 0.0147585 0.000450952 0.000458424 2.86489e-05 0.10694 0.00183443 8.30381 1.67808 80.7439 9.85539 1094.18 50.1363 1183.22 55.7498 1183.22 55.7498 0.568533 0.00929115 
200 0.28 1323200000 540.577 15.6009 -59.1782 0.555328 3915.14 75.6902 2.30695e+07 1.12565e+06 -0.000130162 0.00211369 -0.00416775 0.0022038 0.0147585 0.000450952 0.000458424 2.86489e-05 0.10694 0.00183443 8.30381 1.67808 80.7439 9.85539 1094.18 50.1363 1183.22 55.7498 1183.22 55.7498 0.568533 0.00929115 
200 0.28 1324000000 540.577 15.6009 -59.1782 0.555328 3915.14 75.6902 2.30695e+07 1.12565e+06 -0.000130162 0.00211117 -0.00416775 0.0022038 0.0147585 0.000450952 0.000458424 2.8614e-05 0.10694 0.00183443 8.30381 1.67808 80.7439 9.85539 1094.18 50.1363 1183.22 55.7498 1183.22 55.7498 0.568533 0.00929115 
200 0.28 1324800000 540.577 15.6009 -59.1782 0.555328 3915.14 75.6902 2.30695e+07 1.12565e+06 -0.000130162 0.00211117 -0.00416775 0.0022038 0.0147585 0.000450952 0.000458424 2.8614e-05 0.10694 0.00183443 8.30381 1.67808 80.7439 9.85539 1094.18 50.1363 1183.22 55.7498 1183.22 55.7498 0.568533 0.00929115 
200 0.28 1325600000 540.577 15.6009 -59.1782 0.555328 3915.14 75.6902 2.30695e+07 1.12565e+06 -0.000130162 0.00210883 -0.00416775 0.0022038 0.0147585 0.000450952 0.000458424 2.85792e-05 0.10694 0.00183443 8.30381 1.67808 80.7439 9.85539 1094.18 50.1363 1183.22 55.7498 1183.22 55.7498 0.568533 0.00929115 
200 0.28 1326400000 540.577 15.6009 -59.1782 0.555328 3915.14 75.6902 2.30695e+07 1.12565e+06 -0.000130162 0.00210883 -0.00416775 0.0022038 0.0147585 0.000450952 0.000458424 2.85792e-05 0.10694 0.00183443 8.30381 1.67808 80.7439 9.85539 1094.18 50.1363 1183.22 55.7498 1183.22 55.7498 0.568533 0.00929115 
200 0.28 1327200000 540.577 15.6009 -59.1782 0.555328 3915.14 75.6902 2.30695e+07 1.12565e+06 -0.000130162 0.00210805 -0.00416775 0.0022038 0.0147585 0.000450952 0.000458424 2.85444e-05 0.10694 0.00183443 8.30381 1.67808 80.7439 9.85539 1094.18 50.1363 1183.22 55.7498 1183.22 55.7498 0.568533 0.00929115 
200 0.28 1328000000 540.577 15.6009 -59.1782 0.555328 3915.14 75.6902 2.30695e+07 1.12565e+06 -0.000130162 0.00210805 -0.00416775 0.0022038 0.0147585 0.000450952 0.000458424 2.85444e-05 0.10694 0.00183443 8.30381 1.67808 80.7439 9.85539 1094.18 50.1363 1183.22 55.7498 1183.22 55.7498 0.568533 0.00929115 
200 0.28 1328800000 540.577 15.6009 -59.1782 0.555328 3915.14 75.6902 2.30695e+07 1.12565e+06 -0.000130162 0.0021055 -0.00416775 0.0022038 0.0147585 0.000450952 0.000458424 2.85098e-05 0.10694 0.00183443 8.30381 1.67808 80.7439 9.85539 1094.18 50.1363 1183.22 55.7498 1183.22 55.7498 0.568533 0.00929115 
200 0.28 1329600000 540.577 15.6009 -59.1782 0.555328 3915.14 75.6902 2.30695e+07 1.12565e+06 -0.000130162 0.0021055 -0.00416775 0.0022038 0.0147585 0.000450952 0.000458424 2.85098e-05 0.10694 0.00183443 8.30381 1.67808 80.7439 9.85539 1094.18 50.1363 1183.22 55.7498 1183.22 55.7498 0.568533 0.00929115 
200 0.28 1330400000 540.577 15.6009 -59.1782 0.555328 3915.14 75.6902 2.30695e+07 1.12565e+06 -0.000130162 0.00210321 -0.00416775 0.0022038 0.0147585 0.000450952 0.000458424 2.84761e-05 0.10694 0.00183443 8.30381 1.67808 80.7439 9.85539 1094.18 50.1363 1183.22 55.7498 1183.22 55.7498 0.568533 0.00929115 
200 0.28 1331200000 540.577 15.6009 -59.1782 0.555328 3915.14 75.6902 2.30695e+07 1.12565e+06 -0.000130162 0.00210321 -0.00416775 0.0022038 0.0147585 0.000450952 0.000458424 2.84761e-05 0.10694 0.00183443 8.30381 1.67808 80.7439 9.85539 1094.18 50.1363 1183.22 55.7498 1183.22 55.7498 0.568533 0.00929115 
200 0.28 1332000000 540.577 15.6009 -59.1782 0.555328 3915.14 75.6902 2.30695e+07 1.12565e+06 -0.000130162 0.00210075 -0.00416775 0.0022038 0.0147585 0.000450952 0.000458424 2.84445e-05 0.10694 0.00183443 8.30381 1.67808 80.7439 9.85539 1094.18 50.1363 1183.22 55.7498 1183.22 55.7498 0.568533 0.00929115 
200 0.28 1332800000 540.577 15.6009 -59.1782 0.555328 3915.14 75.6902 2.30695e+07 1.12565e+06 -0.000130162 0.00210075 -0.00416775 0.0022038 0.0147585 0.000450952 0.000458424 2.84445e-05 0.10694 0.00183443 8.30381 1.67808 80.7439 9.85539 1094.18 50.1363 1183.22 55.7498 1183.22 55.7498 0.568533 0.00929115 
200 0.28 1333600000 540.577 15.6009 -59.1782 0.550997 3915.14 75.0989 2.30695e+07 1.11563e+06 -0.000130162 0.00210589 -0.00416775 0.00219705 0.0147585 0.000450952 0.000458424 2.85958e-05 0.10694 0.00183443 8.30381 1.67808 80.7439 9.85539 1094.18 50.1363 1183.22 55.7498 1183.22 55.7498 0.568533 0.00929115 
200 0.28 1334400000 540.577 15.6009 -59.1782 0.550997 3915.14 75.0989 2.30695e+07 1.11563e+06 -0.000130162 0.00210589 -0.00416775 0.00219705 0.0147585 0.000450952 0.000458424 2.85958e-05 0.10694 0.00183443 8.30381 1.67808 80.7439 9.85539 1094.18 50.1363 1183.22 55.7498 1183.22 55.7498 0.568533 0.00929115 
200 0.28 1335200000 540.577 15.6009 -59.1782 0.550997 3915.14 75.0989 2.30695e+07 1.11563e+06 -0.000130162 0.00210361 -0.00416775 0.00219705 0.0147585 0.000450952 0.000458424 2.85643e-05 0.10694 0.00183443 8.30381 1.67808 80.7439 9.85539 1094.18 50.1363 1183.22 55.7498 1183.22 55.7498 0.568533 0.00929115 
200 0.28 1336000000 540.577 15.6009 -59.1782 0.550997 3915.14 75.0989 2.30695e+07 1.11563e+06 -0.000130162 0.00210361 -0.00416775 0.00219705 0.0147585 0.000450952 0.000458424 2.85643e-05 0.10694 0.00183443 8.30381 1.67808 80.7439 9.85539 1094.18 50.1363 1183.22 55.7498 1183.22 55.7498 0.568533 0.00929115 
200 0.28 1336800000 540.577 15.6009 -59.1782 0.550997 3915.14 75.0989 2.30695e+07 1.11563e+06 -0.000130162 0.00210111 -0.00416775 0.00219705 0.0147585 0.000450952 0.000458424 2.85323e-05 0.10694 0.00183443 8.30381 1.67808 80.7439 9.85539 1094.18 50.1363 1183.22 55.7498 1183.22 55.7498 0.568533 0.00929115 
200 0.28 1337600000 540.577 15.6009 -59.1782 0.550997 3915.14 75.0989 2.30695e+07 1.11563e+06 -0.000130162 0.00210111 -0.00416775 0.00219705 0.0147585 0.000450952 0.000458424 2.85323e-05 0.10694 0.00183443 8.30381 1.67808 80.7439 9.85539 1094.18 50.1363 1183.22 55.7498 1183.22 55.7498 0.568533 0.00929115 
200 0.28 1338400000 540.577 15.6009 -59.1782 0.550997 3915.14 75.0989 2.30695e+07 1.11563e+06 -0.000130162 0.00209908 -0.00416775 0.00219705 0.0147585 0.000450952 0.000458424 2.85027e-05 0.10694 0.00183443 8.30381 1.67808 80.7439 9.85539 1094.18 50.1363 1183.22 55.7498 1183.22 55.7498 0.568533 0.00929115 
200 0.28 1339200000 540.577 15.6009 -59.1782 0.550997 3915.14 75.0989 2.30695e+07 1.11563e+06 -0.000130162 0.00209908 -0.00416775 0.00219705 0.0147585 0.000450952 0.000458424 2.85027e-05 0.10694 0.00183443 8.30381 1.67808 80.7439 9.85539 1094.18 50.1363 1183.22 55.7498 1183.22 55.7498 0.568533 0.00929115 
200 0.28 1340000000 540.577 15.6009 -59.1782 0.550997 3915.14 75.0989 2.30695e+07 1.11563e+06 -0.000130162 0.00209783 -0.00416775 0.00219705 0.0147585 0.000450952 0.000458424 2.84996e-05 0.10694 0.00183443 8.30381 1.67808 80.7439 9.85539 1094.18 50.1363 1183.22 55.7498 1183.22 55.7498 0.568533 0.00929115 
200 0.28 1340800000 540.577 15.6009 -59.1782 0.550997 3915.14 75.0989 2.30695e+07 1.11563e+06 -0.000130162 0.00209783 -0.00416775 0.00219705 0.0147585 0.000450952 0.000458424 2.84996e-05 0.10694 0.00183443 8.30381 1.67808 80.7439 9.85539 1094.18 50.1363 1183.22 55.7498 1183.22 55.7498 0.568533 0.00929115 
200 0.28 1341600000 540.577 15.6009 -59.1782 0.550997 3915.14 75.0989 2.30695e+07 1.11563e+06 -0.000130162 0.00209647 -0.00416775 0.00219705 0.0147585 0.000450952 0.000458424 2.84664e-05 0.10694 0.00183443 8.30381 1.67808 80.7439 9.85539 1094.18 50.1363 1183.22 55.7498 1183.22 55.7498 0.568533 0.00929115 
200 0.28 1342400000 540.577 15.6009 -59.1782 0.550997 3915.14 75.0989 2.30695e+07 1.11563e+06 -0.000130162 0.00209647 -0.00416775 0.00219705 0.0147585 0.000450952 0.000458424 2.84664e-05 0.10694 0.00183443 8.30381 1.67808 80.7439 9.85539 1094.18 50.1363 1183.22 55.7498 1183.22 55.7498 0.568533 0.00929115 
200 0.28 1343200000 540.577 15.6009 -59.1782 0.550997 3915.14 75.0989 2.30695e+07 1.11563e+06 -0.000130162 0.00209397 -0.00416775 0.00219705 0.0147585 0.000450952 0.000458424 2.84321e-05 0.10694 0.00183443 8.30381 1.67808 80.7439 9.85539 1094.18 50.1363 1183.22 55.7498 1183.22 55.7498 0.568533 0.00929115 
200 0.28 1344000000 540.577 15.6009 -59.1782 0.550997 3915.14 75.0989 2.30695e+07 1.11563e+06 -0.000130162 0.00209397 -0.00416775 0.00219705 0.0147585 0.000450952 0.000458424 2.84321e-05 0.10694 0.00183443 8.30381 1.67808 80.7439 9.85539 1094.18 50.1363 1183.22 55.7498 1183.22 55.7498 0.568533 0.00929115 
200 0.28 1344800000 540.577 15.6009 -59.1782 0.550997 3915.14 75.0989 2.30695e+07 1.11563e+06 -0.000130162 0.00209217 -0.00416775 0.00219705 0.0147585 0.000450952 0.000458424 2.84018e-05 0.10694 0.00183443 8.30381 1.67808 80.7439 9.85539 1094.18 50.1363 1183.22 55.7498 1183.22 55.7498 0.568533 0.00929115 
200 0.28 1345600000 540.577 15.6009 -59.1782 0.550997 3915.14 75.0989 2.30695e+07 1.11563e+06 -0.000130162 0.00209217 -0.00416775 0.00219705 0.0147585 0.000450952 0.000458424 2.84018e-05 0.10694 0.00183443 8.30381 1.67808 80.7439 9.85539 1094.18 50.1363 1183.22 55.7498 1183.22 55.7498 0.568533 0.00929115 
200 0.28 1346400000 539.067 15.6009 -58.9444 0.550625 3887.8 75.0055 2.28205e+07 1.1098e+06 -0.000544169 0.00209026 -0.00414513 0.0021679 0.0146859 0.000450952 0.000454419 2.83715e-05 0.106639 0.00183443 8.11854 1.63796 84.8139 9.47659 1117.94 49.3561 1210.88 54.6381 1210.88 54.6381 0.568854 0.00858199 
200 0.28 1347200000 539.067 15.6009 -58.9444 0.550625 3887.8 75.0055 2.28205e+07 1.1098e+06 -0.000544169 0.00209026 -0.00414513 0.0021679 0.0146859 0.000450952 0.000454419 2.83715e-05 0.106639 0.00183443 8.11854 1.63796 84.8139 9.47659 1117.94 49.3561 1210.88 54.6381 1210.88 54.6381 0.568854 0.00858199 
200 0.28 1348000000 539.067 15.6009 -58.9444 0.550625 3887.8 75.0055 2.28205e+07 1.1098e+06 -0.000544169 0.0020879 -0.00414513 0.0021679 0.0146859 0.000450952 0.000454419 2.83391e-05 0.106639 0.00183443 8.11854 1.63634 84.8139 9.47659 1117.94 49.3561 1210.88 54.6381 1210.88 54.6381 0.568854 0.00858199 
200 0.28 1348800000 539.067 15.6009 -58.9444 0.550625 3887.8 75.0055 2.28205e+07 1.1098e+06 -0.000544169 0.0020879 -0.00414513 0.0021679 0.0146859 0.000450952 0.000454419 2.83391e-05 0.106639 0.00183443 8.11854 1.63634 84.8139 9.47659 1117.94 49.3561 1210.88 54.6381 1210.88 54.6381 0.568854 0.00858199 
200 0.28 1349600000 539.067 15.6009 -58.9444 0.550625 3887.8 75.0055 2.28205e+07 1.1098e+06 -0.000544169 0.00208591 -0.00414513 0.0021679 0.0146859 0.000450952 0.000454419 2.83057e-05 0.106639 0.00183443 8.11854 1.63412 84.8139 9.47659 1117.94 49.3561 1210.88 54.6381 1210.88 54.6381 0.568854 0.00858199 
200 0.28 1350400000 539.067 15.6009 -58.9444 0.550625 3887.8 75.0055 2.28205e+07 1.1098e+06 -0.000544169 0.00208591 -0.00414513 0.0021679 0.0146859 0.000450952 0.000454419 2.83057e-05 0.106639 0.00183443 8.11854 1.63412 84.8139 9.47659 1117.94 49.3561 1210.88 54.6381 1210.88 54.6381 0.568854 0.00858199 
200 0.28 1351200000 539.067 15.6009 -58.9444 0.550625 3887.8 75.0055 2.28205e+07 1.1098e+06 -0.000544169 0.00208341 -0.00414513 0.0021679 0.0146859 0.000450952 0.000454419 2.82728e-05 0.106639 0.00183443 8.11854 1.63412 84.8139 9.47659 1117.94 49.3561 1210.88 54.6381 1210.88 54.6381 0.568854 0.00858199 
200 0.28 1352000000 539.067 15.6009 -58.9444 0.550625 3887.8 75.0055 2.28205e+07 1.1098e+06 -0.000544169 0.00208341 -0.00414513 0.0021679 0.0146859 0.000450952 0.000454419 2.82728e-05 0.106639 0.00183443 8.11854 1.63412 84.8139 9.47659 1117.94 49.3561 1210.88 54.6381 1210.88 54.6381 0.568854 0.00858199 
200 0.28 1352800000 539.067 15.6009 -58.9444 0.550625 3887.8 75.0055 2.28205e+07 1.1098e+06 -0.000544169 0.00208484 -0.00414513 0.0021679 0.0146859 0.000450952 0.000454419 2.82412e-05 0.106639 0.00183443 8.11854 1.63014 84.8139 9.55419 1117.94 49.3561 1210.88 54.6381 1210.88 54.6381 0.568854 0.00858199 
200 0.28 1353600000 539.067 15.6009 -58.9444 0.550625 3887.8 75.0055 2.28205e+07 1.1098e+06 -0.000544169 0.00208484 -0.00414513 0.0021679 0.0146859 0.000450952 0.000454419 2.82412e-05 0.106639 0.00183443 8.11854 1.63014 84.8139 9.55419 1117.94 49.3561 1210.88 54.6381 1210.88 54.6381 0.568854 0.00858199 
200 0.28 1354400000 539.067 15.6009 -58.9444 0.550625 3887.8 75.0055 2.28205e+07 1.1098e+06 -0.000544169 0.00208347 -0.00414513 0.0021679 0.0146859 0.000450952 0.000454419 2.82113e-05 0.106639 0.00183443 8.11854 1.62853 84.8139 9.54319 1117.94 49.3561 1210.88 54.6381 1210.88 54.6381 0.568854 0.00858199 
200 0.28 1355200000 539.067 15.6009 -58.9444 0.550625 3887.8 75.0055 2.28205e+07 1.1098e+06 -0.000544169 0.00208347 -0.00414513 0.0021679 0.0146859 0.000450952 0.000454419 2.82113e-05 0.106639 0.00183443 8.11854 1.62853 84.8139 9.54319 1117.94 49.3561 1210.88 54.6381 1210.88 54.6381 0.568854 0.00858199 
200 0.28 1356000000 539.067 15.6009 -58.9444 0.550625 3887.8 75.0055 2.28205e+07 1.1098e+06 -0.000544169 0.00208212 -0.00414513 0.0021679 0.0146859 0.000450952 0.000454419 2.81821e-05 0.106639 0.00183443 8.11854 1.6263 84.8139 9.53221 1117.94 49.3561 1210.88 54.6381 1210.88 54.6381 0.568854 0.00858199 
200 0.28 1356800000 539.067 15.6009 -58.9444 0.550625 3887.8 75.0055 2.28205e+07 1.1098e+06 -0.000544169 0.00208212 -0.00414513 0.0021679 0.0146859 0.000450952 0.000454419 2.81821e-05 0.106639 0.00183443 8.11854 1.6263 84.8139 9.53221 1117.94 49.3561 1210.88 54.6381 1210.88 54.6381 0.568854 0.00858199 
200 0.28 1357600000 539.067 15.6009 -58.9444 0.550625 3887.8 75.0055 2.28205e+07 1.1098e+06 -0.000544169 0.00208011 -0.00414513 0.0021679 0.0146859 0.000450952 0.000454419 2.81487e-05 0.106639 0.00183443 8.11854 1.6263 84.8139 9.52116 1117.94 49.3561 1210.88 54.6381 1210.88 54.6381 0.568854 0.00858199 
200 0.28 1358400000 539.067 15.6009 -58.9444 0.550625 3887.8 75.0055 2.28205e+07 1.1098e+06 -0.000544169 0.00208011 -0.00414513 0.0021679 0.0146859 0.000450952 0.000454419 2.81487e-05 0.106639 0.00183443 8.11854 1.6263 84.8139 9.52116 1117.94 49.3561 1210.88 54.6381 1210.88 54.6381 0.568854 0.00858199 
200 0.28 1359200000 539.067 15.6009 -58.9444 0.545558 3887.8 74.2912 2.28205e+07 1.09984e+06 -0.000544169 0.00207766 -0.00414513 0.00216358 0.0146859 0.000450952 0.000454419 2.81166e-05 0.106639 0.00183443 8.11854 1.62245 84.8139 9.91509 1117.94 49.3561 1210.88 54.6381 1210.88 54.6381 0.568854 0.00858199 
200 0.28 1360000000 539.067 15.6009 -58.9444 0.545558 3887.8 74.2912 2.28205e+07 1.09984e+06 -0.000544169 0.00207766 -0.00414513 0.00216358 0.0146859 0.000450952 0.000454419 2.81166e-05 0.106639 0.00183443 8.11854 1.62245 84.8139 9.91509 1117.94 49.3561 1210.88 54.6381 1210.88 54.6381 0.568854 0.00858199 
200 0.28 1360800000 539.067 15.6009 -58.9444 0.545558 3887.8 74.2912 2.28205e+07 1.09984e+06 -0.000544169 0.0020753 -0.00414513 0.00216358 0.0146859 0.000450952 0.000454419 2.80845e-05 0.106639 0.00183443 8.11854 1.6208 84.8139 9.91509 1117.94 49.3561 1210.88 54.6381 1210.88 54.6381 0.568854 0.00858199 
200 0.28 1361600000 539.067 15.6009 -58.9444 0.545558 3887.8 74.2912 2.28205e+07 1.09984e+06 -0.000544169 0.0020753 -0.00414513 0.00216358 0.0146859 0.000450952 0.000454419 2.80845e-05 0.106639 0.00183443 8.11854 1.6208 84.8139 9.91509 1117.94 49.3561 1210.88 54.6381 1210.88 54.6381 0.568854 0.00858199 
200 0.28 1362400000 539.067 15.6009 -58.9444 0.545558 3887.8 74.2912 2.28205e+07 1.09984e+06 -0.000544169 0.00207305 -0.00414513 0.00216358 0.0146859 0.000450952 0.000454419 2.80542e-05 0.106639 0.00183443 8.11854 1.61861 84.8139 9.91509 1117.94 49.3561 1210.88 54.6381 1210.88 54.6381 0.568854 0.00858199 
200 0.28 1363200000 539.067 15.6009 -58.9444 0.545558 3887.8 74.2912 2.28205e+07 1.09984e+06 -0.000544169 0.00207305 -0.00414513 0.00216358 0.0146859 0.000450952 0.000454419 2.80542e-05 0.106639 0.00183443 8.11854 1.61861 84.8139 9.91509 1117.94 49.3561 1210.88 54.6381 1210.88 54.6381 0.568854 0.00858199 
200 0.28 1364000000 539.067 15.6009 -58.9444 0.545558 3887.8 74.2912 2.28205e+07 1.09984e+06 -0.000544169 0.00207224 -0.00414513 0.00216358 0.0146859 0.000450952 0.000454419 2.8021e-05 0.106639 0.00183443 8.11854 1.61856 84.8139 9.91509 1117.94 49.3561 1210.88 54.6381 1210.88 54.6381 0.568854 0.00858199 
200 0.28 1364800000 539.067 15.6009 -58.9444 0.545558 3887.8 74.2912 2.28205e+07 1.09984e+06 -0.000544169 0.00207224 -0.00414513 0.00216358 0.0146859 0.000450952 0.000454419 2.8021e-05 0.106639 0.00183443 8.11854 1.61856 84.8139 9.91509 1117.94 49.3561 1210.88 54.6381 1210.88 54.6381 0.568854 0.00858199 
200 0.28 1365600000 539.067 15.6009 -58.9444 0.545558 3887.8 74.2912 2.28205e+07 1.09984e+06 -0.000544169 0.00207032 -0.00414513 0.00216358 0.0146859 0.000450952 0.000454419 2.7992e-05 0.106639 0.00183443 8.11854 1.61722 84.8139 9.91509 1117.94 49.3561 1210.88 54.6381 1210.88 54.6381 0.568854 0.00858199 
200 0.28 1366400000 539.067 15.6009 -58.9444 0.545558 3887.8 74.2912 2.28205e+07 1.09984e+06 -0.000544169 0.00207032 -0.00414513 0.00216358 0.0146859 0.000450952 0.000454419 2.7992e-05 0.106639 0.00183443 8.11854 1.61722 84.8139 9.91509 1117.94 49.3561 1210.88 54.6381 1210.88 54.6381 0.568854 0.00858199 
200 0.28 1367200000 539.067 15.6009 -58.9444 0.545558 3887.8 74.2912 2.28205e+07 1.09984e+06 -0.000544169 0.00206796 -0.00414513 0.00216358 0.0146859 0.000450952 0.000454419 2.79638e-05 0.106639 0.00183443 8.11854 1.61722 84.8139 9.91509 1117.94 49.3561 1210.88 54.6381 1210.88 54.6381 0.568854 0.00858199 
200 0.28 1368000000 539.067 15.6009 -58.9444 0.545558 3887.8 74.2912 2.28205e+07 1.09984e+06 -0.000544169 0.00206796 -0.00414513 0.00216358 0.0146859 0.000450952 0.000454419 2.79638e-05 0.106639 0.00183443 8.11854 1.61722 84.8139 9.91509 1117.94 49.3561 1210.88 54.6381 1210.88 54.6381 0.568854 0.00858199 
200 0.28 1368800000 539.067 15.6009 -58.9444 0.545558 3887.8 74.2912 2.28205e+07 1.09984e+06 -0.000544169 0.00206636 -0.00414513 0.00216358 0.0146859 0.000450952 0.000454419 2.79339e-05 0.106639 0.00183443 8.11854 1.61722 84.8139 9.91509 1117.94 49.3561 1210.88 54.6381 1210.88 54.6381 0.568854 0.00858199 
200 0.28 1369600000 539.067 15.6009 -58.9444 0.545558 3887.8 74.2912 2.28205e+07 1.09984e+06 -0.000544169 0.00206636 -0.00414513 0.00216358 0.0146859 0.000450952 0.000454419 2.79339e-05 0.106639 0.00183443 8.11854 1.61722 84.8139 9.91509 1117.94 49.3561 1210.88 54.6381 1210.88 54.6381 0.568854 0.00858199 
200 0.28 1370400000 539.067 15.6009 -58.9444 0.545558 3887.8 74.2912 2.28205e+07 1.09984e+06 -0.000544169 0.00206412 -0.00414513 0.00216358 0.0146859 0.000450952 0.000454419 2.79009e-05 0.106639 0.00183443 8.11854 1.61722 84.8139 9.91509 1117.94 49.3561 1210.88 54.6381 1210.88 54.6381 0.568854 0.00858199 
200 0.28 1371200000 539.067 15.6009 -58.9444 0.545558 3887.8 74.2912 2.28205e+07 1.09984e+06 -0.000544169 0.00206412 -0.00414513 0.00216358 0.0146859 0.000450952 0.000454419 2.79009e-05 0.106639 0.00183443 8.11854 1.61722 84.8139 9.91509 1117.94 49.3561 1210.88 54.6381 1210.88 54.6381 0.568854 0.00858199 
200 0.28 1372000000 539.067 15.6009 -58.9444 0.540994 3887.8 73.6171 2.28205e+07 1.08982e+06 -0.000544169 0.00206183 -0.00414513 0.00212919 0.0146859 0.000450952 0.000454419 2.78725e-05 0.106639 0.00183443 8.11854 1.61557 84.8139 9.84675 1117.94 49.3561 1210.88 54.6381 1210.88 54.6381 0.568854 0.00858199 
200 0.28 1372800000 539.067 15.6009 -58.9444 0.540994 3887.8 73.6171 2.28205e+07 1.08982e+06 -0.000544169 0.00206183 -0.00414513 0.00212919 0.0146859 0.000450952 0.000454419 2.78725e-05 0.106639 0.00183443 8.11854 1.61557 84.8139 9.84675 1117.94 49.3561 1210.88 54.6381 1210.88 54.6381 0.568854 0.00858199 
200 0.28 1373600000 539.067 15.6009 -58.9444 0.540994 3887.8 73.6171 2.28205e+07 1.08982e+06 -0.000544169 0.00205977 -0.00414513 0.00212919 0.0146859 0.000450952 0.000454419 2.78397e-05 0.106639 0.00183443 8.11854 1.61557 84.8139 9.84675 1117.94 49.3561 1210.88 54.6381 1210.88 54.6381 0.568854 0.00858199 
200 0.28 1374400000 539.067 15.6009 -58.9444 0.540994 3887.8 73.6171 2.28205e+07 1.08982e+06 -0.000544169 0.00205977 -0.00414513 0.00212919 0.0146859 0.000450952 0.000454419 2.78397e-05 0.106639 0.00183443 8.11854 1.61557 84.8139 9.84675 1117.94 49.3561 1210.88 54.6381 1210.88 54.6381 0.568854 0.00858199 
200 0.28 1375200000 539.067 15.6009 -58.9444 0.540994 3887.8 73.6171 2.28205e+07 1.08982e+06 -0.000544169 0.00205791 -0.00414513 0.00212919 0.0146859 0.000450952 0.000454419 2.78094e-05 0.106639 0.00183443 8.11854 1.61557 84.8139 9.84675 1117.94 49.3561 1210.88 54.6381 1210.88 54.6381 0.568854 0.00858199 
200 0.28 1376000000 539.067 15.6009 -58.9444 0.540994 3887.8 73.6171 2.28205e+07 1.08982e+06 -0.000544169 0.00205791 -0.00414513 0.00212919 0.0146859 0.000450952 0.000454419 2.78094e-05 0.106639 0.00183443 8.11854 1.61557 84.8139 9.84675 1117.94 49.3561 1210.88 54.6381 1210.88 54.6381 0.568854 0.00858199 
200 0.28 1376800000 539.067 15.6009 -58.9444 0.540994 3887.8 73.6171 2.28205e+07 1.08982e+06 -0.000544169 0.00205553 -0.00414513 0.00212919 0.0146859 0.000450952 0.000454419 2.77797e-05 0.106639 0.00183443 8.11854 1.61557 84.8139 9.84675 1117.94 49.3561 1210.88 54.6381 1210.88 54.6381 0.568854 0.00858199 
200 0.28 1377600000 539.067 15.6009 -58.9444 0.540994 3887.8 73.6171 2.28205e+07 1.08982e+06 -0.000544169 0.00205553 -0.00414513 0.00212919 0.0146859 0.000450952 0.000454419 2.77797e-05 0.106639 0.00183443 8.11854 1.61557 84.8139 9.84675 1117.94 49.3561 1210.88 54.6381 1210.88 54.6381 0.568854 0.00858199 
200 0.28 1378400000 539.067 15.6009 -58.9444 0.540994 3887.8 73.6171 2.28205e+07 1.08982e+06 -0.000544169 0.00205356 -0.00414513 0.00212919 0.0146859 0.000450952 0.000454419 2.77511e-05 0.106639 0.00183443 8.11854 1.61557 84.8139 9.84675 1117.94 49.3561 1210.88 54.6381 1210.88 54.6381 0.568854 0.00858199 
200 0.28 1379200000 539.067 15.6009 -58.9444 0.540994 3887.8 73.6171 2.28205e+07 1.08982e+06 -0.000544169 0.00205356 -0.00414513 0.00212919 0.0146859 0.000450952 0.000454419 2.77511e-05 0.106639 0.00183443 8.11854 1.61557 84.8139 9.84675 1117.94 49.3561 1210.88 54.6381 1210.88 54.6381 0.568854 0.00858199 
200 0.28 1380000000 539.067 15.6009 -58.9444 0.540994 3887.8 73.6171 2.28205e+07 1.08982e+06 -0.000544169 0.00205729 -0.00414513 0.00212919 0.0146859 0.000450952 0.000454419 2.77196e-05 0.106639 0.00183443 8.11854 1.61557 84.8139 9.84675 1117.94 49.3561 1210.88 54.6381 1210.88 54.6381 0.568854 0.00858199 
200 0.28 1380800000 539.067 15.6009 -58.9444 0.540994 3887.8 73.6171 2.28205e+07 1.08982e+06 -0.000544169 0.00205729 -0.00414513 0.00212919 0.0146859 0.000450952 0.000454419 2.77196e-05 0.106639 0.00183443 8.11854 1.61557 84.8139 9.84675 1117.94 49.3561 1210.88 54.6381 1210.88 54.6381 0.568854 0.00858199 
200 0.28 1381600000 539.067 15.6009 -58.9444 0.540994 3887.8 73.6171 2.28205e+07 1.08982e+06 -0.000544169 0.00205509 -0.00414513 0.00212919 0.0146859 0.000450952 0.000454419 2.76907e-05 0.106639 0.00183443 8.11854 1.61557 84.8139 9.84675 1117.94 49.3561 1210.88 54.6381 1210.88 54.6381 0.568854 0.00858199 
200 0.28 1382400000 539.067 15.6009 -58.9444 0.540994 3887.8 73.6171 2.28205e+07 1.08982e+06 -0.000544169 0.00205509 -0.00414513 0.00212919 0.0146859 0.000450952 0.000454419 2.76907e-05 0.106639 0.00183443 8.11854 1.61557 84.8139 9.84675 1117.94 49.3561 1210.88 54.6381 1210.88 54.6381 0.568854 0.00858199 
200 0.28 1383200000 539.067 15.6009 -58.9444 0.540994 3887.8 73.6171 2.28205e+07 1.08982e+06 -0.000544169 0.00205389 -0.00414513 0.00212919 0.0146859 0.000450952 0.000454419 2.76593e-05 0.106639 0.00183443 8.11854 1.61557 84.8139 9.84675 1117.94 49.3561 1210.88 54.6381 1210.88 54.6381 0.568854 0.00858199 
200 0.28 1384000000 539.067 15.6009 -58.9444 0.540994 3887.8 73.6171 2.28205e+07 1.08982e+06 -0.000544169 0.00205389 -0.00414513 0.00212919 0.0146859 0.000450952 0.000454419 2.76593e-05 0.106639 0.00183443 8.11854 1.61557 84.8139 9.84675 1117.94 49.3561 1210.88 54.6381 1210.88 54.6381 0.568854 0.00858199 
200 0.28 1384800000 539.067 15.6009 -58.9444 0.537881 3887.8 73.2728 2.28205e+07 1.08395e+06 -0.000544169 0.00205297 -0.00414513 0.00212476 0.0146859 0.000450952 0.000454419 2.76289e-05 0.106639 0.00183443 8.11854 1.61557 84.8139 9.77667 1117.94 49.3561 1210.88 54.6381 1210.88 54.6381 0.568854 0.00858199 
200 0.28 1385600000 539.067 15.6009 -58.9444 0.537881 3887.8 73.2728 2.28205e+07 1.08395e+06 -0.000544169 0.00205297 -0.00414513 0.00212476 0.0146859 0.000450952 0.000454419 2.76289e-05 0.106639 0.00183443 8.11854 1.61557 84.8139 9.77667 1117.94 49.3561 1210.88 54.6381 1210.88 54.6381 0.568854 0.00858199 
200 0.28 1386400000 539.067 15.6009 -58.9444 0.537881 3887.8 73.2728 2.28205e+07 1.08395e+06 -0.000544169 0.00205058 -0.00414513 0.00212476 0.0146859 0.000450952 0.000454419 2.75966e-05 0.106639 0.00183443 8.11854 1.61557 84.8139 9.77667 1117.94 49.3561 1210.88 54.6381 1210.88 54.6381 0.568854 0.00858199 
200 0.28 1387200000 539.067 15.6009 -58.9444 0.537881 3887.8 73.2728 2.28205e+07 1.08395e+06 -0.000544169 0.00205058 -0.00414513 0.00212476 0.0146859 0.000450952 0.000454419 2.75966e-05 0.106639 0.00183443 8.11854 1.61557 84.8139 9.77667 1117.94 49.3561 1210.88 54.6381 1210.88 54.6381 0.568854 0.00858199 
200 0.28 1388000000 539.067 15.6009 -58.9444 0.537881 3887.8 73.2728 2.28205e+07 1.08395e+06 -0.000544169 0.00205089 -0.00414513 0.00212476 0.0146859 0.000450952 0.000454419 2.75658e-05 0.106639 0.00183443 8.11854 1.61557 84.8139 9.77667 1117.94 49.3561 1210.88 54.6381 1210.88 54.6381 0.568854 0.00858199 
200 0.28 1388800000 539.067 15.6009 -58.9444 0.537881 3887.8 73.2728 2.28205e+07 1.08395e+06 -0.000544169 0.00205089 -0.00414513 0.00212476 0.0146859 0.000450952 0.000454419 2.75658e-05 0.106639 0.00183443 8.11854 1.61557 84.8139 9.77667 1117.94 49.3561 1210.88 54.6381 1210.88 54.6381 0.568854 0.00858199 
200 0.28 1389600000 539.067 15.6009 -58.9444 0.537881 3887.8 73.2728 2.28205e+07 1.08395e+06 -0.000544169 0.00204927 -0.00414513 0.00212476 0.0146859 0.000450952 0.000454419 2.75369e-05 0.106639 0.00183443 8.11854 1.61557 84.8139 9.77667 1117.94 49.3561 1210.88 54.6381 1210.88 54.6381 0.568854 0.00858199 
200 0.28 1390400000 539.067 15.6009 -58.9444 0.537881 3887.8 73.2728 2.28205e+07 1.08395e+06 -0.000544169 0.00204927 -0.00414513 0.00212476 0.0146859 0.000450952 0.000454419 2.75369e-05 0.106639 0.00183443 8.11854 1.61557 84.8139 9.77667 1117.94 49.3561 1210.88 54.6381 1210.88 54.6381 0.568854 0.00858199 
200 0.28 1391200000 539.067 15.6009 -58.9444 0.537881 3887.8 73.2728 2.28205e+07 1.08395e+06 -0.000544169 0.00204718 -0.00414513 0.00212476 0.0146859 0.000450952 0.000454419 2.75049e-05 0.106639 0.00183443 8.11854 1.61557 84.8139 9.77667 1117.94 49.3561 1210.88 54.6381 1210.88 54.6381 0.568854 0.00858199 
200 0.28 1392000000 539.067 15.6009 -58.9444 0.537881 3887.8 73.2728 2.28205e+07 1.08395e+06 -0.000544169 0.00204718 -0.00414513 0.00212476 0.0146859 0.000450952 0.000454419 2.75049e-05 0.106639 0.00183443 8.11854 1.61557 84.8139 9.77667 1117.94 49.3561 1210.88 54.6381 1210.88 54.6381 0.568854 0.00858199 
200 0.28 1392800000 539.067 15.6009 -58.9444 0.537881 3887.8 73.2728 2.28205e+07 1.08395e+06 -0.000544169 0.00204559 -0.00414513 0.00212476 0.0146859 0.000450952 0.000454419 2.74772e-05 0.106639 0.00183443 8.11854 1.61557 84.8139 9.77667 1117.94 49.3561 1210.88 54.6381 1210.88 54.6381 0.568854 0.00858199 
200 0.28 1393600000 539.067 15.6009 -58.9444 0.537881 3887.8 73.2728 2.28205e+07 1.08395e+06 -0.000544169 0.00204559 -0.00414513 0.00212476 0.0146859 0.000450952 0.000454419 2.74772e-05 0.106639 0.00183443 8.11854 1.61557 84.8139 9.77667 1117.94 49.3561 1210.88 54.6381 1210.88 54.6381 0.568854 0.00858199 
200 0.28 1394400000 539.067 15.6009 -58.9444 0.537881 3887.8 73.2728 2.28205e+07 1.08395e+06 -0.000544169 0.00204345 -0.00414513 0.00212476 0.0146859 0.000450952 0.000454419 2.7447e-05 0.106639 0.00183443 8.11854 1.61557 84.8139 9.77667 1117.94 49.3561 1210.88 54.6381 1210.88 54.6381 0.568854 0.00858199 
200 0.28 1395200000 539.067 15.6009 -58.9444 0.537881 3887.8 73.2728 2.28205e+07 1.08395e+06 -0.000544169 0.00204345 -0.00414513 0.00212476 0.0146859 0.000450952 0.000454419 2.7447e-05 0.106639 0.00183443 8.11854 1.61557 84.8139 9.77667 1117.94 49.3561 1210.88 54.6381 1210.88 54.6381 0.568854 0.00858199 
200 0.28 1396000000 539.067 15.6009 -58.9444 0.537881 3887.8 73.2728 2.28205e+07 1.08395e+06 -0.000544169 0.00204111 -0.00414513 0.00212476 0.0146859 0.000450952 0.000454419 2.74319e-05 0.106639 0.00183443 8.11854 1.61557 84.8139 9.77667 1117.94 49.3561 1210.88 54.6381 1210.88 54.6381 0.568854 0.00858199 
200 0.28 1396800000 539.067 15.6009 -58.9444 0.537881 3887.8 73.2728 2.28205e+07 1.08395e+06 -0.000544169 0.00204111 -0.00414513 0.00212476 0.0146859 0.000450952 0.000454419 2.74319e-05 0.106639 0.00183443 8.11854 1.61557 84.8139 9.77667 1117.94 49.3561 1210.88 54.6381 1210.88 54.6381 0.568854 0.00858199 
200 0.28 1397600000 539.067 15.6009 -58.9444 0.533336 3887.8 72.6741 2.28205e+07 1.07451e+06 -0.000544169 0.00203884 -0.00414513 0.00212576 0.0146859 0.000450952 0.000454419 2.7405e-05 0.106639 0.00183443 8.11854 1.57753 84.8139 10.1653 1117.94 48.0082 1210.88 53.793 1210.88 53.793 0.568854 0.00858199 
200 0.28 1398400000 539.067 15.6009 -58.9444 0.533336 3887.8 72.6741 2.28205e+07 1.07451e+06 -0.000544169 0.00203884 -0.00414513 0.00212576 0.0146859 0.000450952 0.000454419 2.7405e-05 0.106639 0.00183443 8.11854 1.57753 84.8139 10.1653 1117.94 48.0082 1210.88 53.793 1210.88 53.793 0.568854 0.00858199 
200 0.28 1399200000 539.067 15.6009 -58.9444 0.533336 3887.8 72.6741 2.28205e+07 1.07451e+06 -0.000544169 0.00203707 -0.00414513 0.00212576 0.0146859 0.000450952 0.000454419 2.73753e-05 0.106639 0.00183443 8.11854 1.57598 84.8139 10.1653 1117.94 48.0082 1210.88 53.793 1210.88 53.793 0.568854 0.00858199 
200 0.28 1400000000 539.067 15.6009 -58.9444 0.533336 3887.8 72.6741 2.28205e+07 1.07451e+06 -0.000544169 0.00203707 -0.00414513 0.00212576 0.0146859 0.000450952 0.000454419 2.73753e-05 0.106639 0.00183443 8.11854 1.57598 84.8139 10.1653 1117.94 48.0082 1210.88 53.793 1210.88 53.793 0.568854 0.00858199 
200 0.28 1400800000 539.067 15.6009 -58.9444 0.533336 3887.8 72.6741 2.28205e+07 1.07451e+06 -0.000544169 0.00203585 -0.00414513 0.00212576 0.0146859 0.000450952 0.000454419 2.73593e-05 0.106639 0.00183443 8.11854 1.5739 84.8139 10.1653 1117.94 48.0082 1210.88 53.793 1210.88 53.793 0.568854 0.00858199 
200 0.28 1401600000 539.067 15.6009 -58.9444 0.533336 3887.8 72.6741 2.28205e+07 1.07451e+06 -0.000544169 0.00203585 -0.00414513 0.00212576 0.0146859 0.000450952 0.000454419 2.73593e-05 0.106639 0.00183443 8.11854 1.5739 84.8139 10.1653 1117.94 48.0082 1210.88 53.793 1210.88 53.793 0.568854 0.00858199 
200 0.28 1402400000 539.067 15.6009 -58.9444 0.533336 3887.8 72.6741 2.28205e+07 1.07451e+06 -0.000544169 0.00203419 -0.00414513 0.00212576 0.0146859 0.000450952 0.000454419 2.7331e-05 0.106639 0.00183443 8.11854 1.57381 84.8139 10.1653 1117.94 48.0082 1210.88 53.793 1210.88 53.793 0.568854 0.00858199 
200 0.28 1403200000 539.067 15.6009 -58.9444 0.533336 3887.8 72.6741 2.28205e+07 1.07451e+06 -0.000544169 0.00203419 -0.00414513 0.00212576 0.0146859 0.000450952 0.000454419 2.7331e-05 0.106639 0.00183443 8.11854 1.57381 84.8139 10.1653 1117.94 48.0082 1210.88 53.793 1210.88 53.793 0.568854 0.00858199 
200 0.28 1404000000 539.067 15.6009 -58.9444 0.533336 3887.8 72.6741 2.28205e+07 1.07451e+06 -0.000544169 0.00203238 -0.00414513 0.00212576 0.0146859 0.000450952 0.000454419 2.73003e-05 0.106639 0.00183443 8.11854 1.57028 84.8139 10.1653 1117.94 48.0082 1210.88 53.793 1210.88 53.793 0.568854 0.00858199 
200 0.28 1404800000 539.067 15.6009 -58.9444 0.533336 3887.8 72.6741 2.28205e+07 1.07451e+06 -0.000544169 0.00203238 -0.00414513 0.00212576 0.0146859 0.000450952 0.000454419 2.73003e-05 0.106639 0.00183443 8.11854 1.57028 84.8139 10.1653 1117.94 48.0082 1210.88 53.793 1210.88 53.793 0.568854 0.00858199 
200 0.28 1405600000 539.067 15.6009 -58.9444 0.533336 3887.8 72.6741 2.28205e+07 1.07451e+06 -0.000544169 0.00203004 -0.00414513 0.00212576 0.0146859 0.000450952 0.000454419 2.72693e-05 0.106639 0.00183443 8.11854 1.56875 84.8139 10.1653 1117.94 48.0082 1210.88 53.793 1210.88 53.793 0.568854 0.00858199 
200 0.28 1406400000 539.067 15.6009 -58.9444 0.533336 3887.8 72.6741 2.28205e+07 1.07451e+06 -0.000544169 0.00203004 -0.00414513 0.00212576 0.0146859 0.000450952 0.000454419 2.72693e-05 0.106639 0.00183443 8.11854 1.56875 84.8139 10.1653 1117.94 48.0082 1210.88 53.793 1210.88 53.793 0.568854 0.00858199 
200 0.28 1407200000 539.067 15.6009 -58.9444 0.533336 3887.8 72.6741 2.28205e+07 1.07451e+06 -0.000544169 0.00202772 -0.00414513 0.00212576 0.0146859 0.000450952 0.000454419 2.7242e-05 0.106639 0.00183443 8.11854 1.56667 84.8139 10.1653 1117.94 48.0082 1210.88 53.793 1210.88 53.793 0.568854 0.00858199 
200 0.28 1408000000 539.067 15.6009 -58.9444 0.533336 3887.8 72.6741 2.28205e+07 1.07451e+06 -0.000544169 0.00202772 -0.00414513 0.00212576 0.0146859 0.000450952 0.000454419 2.7242e-05 0.106639 0.00183443 8.11854 1.56667 84.8139 10.1653 1117.94 48.0082 1210.88 53.793 1210.88 53.793 0.568854 0.00858199 
200 0.28 1408800000 539.067 15.6009 -58.9444 0.533336 3887.8 72.6741 2.28205e+07 1.07451e+06 -0.000544169 0.00202546 -0.00414513 0.00212576 0.0146859 0.000450952 0.000454419 2.7214e-05 0.106639 0.00183443 8.11854 1.56661 84.8139 10.1653 1117.94 48.0082 1210.88 53.793 1210.88 53.793 0.568854 0.00858199 
200 0.28 1409600000 539.067 15.6009 -58.9444 0.533336 3887.8 72.6741 2.28205e+07 1.07451e+06 -0.000544169 0.00202546 -0.00414513 0.00212576 0.0146859 0.000450952 0.000454419 2.7214e-05 0.106639 0.00183443 8.11854 1.56661 84.8139 10.1653 1117.94 48.0082 1210.88 53.793 1210.88 53.793 0.568854 0.00858199 
200 0.28 1410400000 539.067 15.6009 -58.9444 0.528856 3887.8 72.1297 2.28205e+07 1.06731e+06 -0.000544169 0.00202434 -0.00414513 0.00212576 0.0146859 0.000450952 0.000454419 2.71859e-05 0.106639 0.00183443 8.11854 1.56309 84.8139 10.1653 1117.94 48.0082 1210.88 53.793 1210.88 53.793 0.568854 0.00858199 
200 0.28 1411200000 539.067 15.6009 -58.9444 0.528856 3887.8 72.1297 2.28205e+07 1.06731e+06 -0.000544169 0.00202434 -0.00414513 0.00212576 0.0146859 0.000450952 0.000454419 2.71859e-05 0.106639 0.00183443 8.11854 1.56309 84.8139 10.1653 1117.94 48.0082 1210.88 53.793 1210.88 53.793 0.568854 0.00858199 
200 0.28 1412000000 539.067 15.6009 -58.9444 0.528856 3887.8 72.1297 2.28205e+07 1.06731e+06 -0.000544169 0.00202203 -0.00414513 0.00212576 0.0146859 0.000450952 0.000454419 2.71587e-05 0.106639 0.00183443 8.11854 1.56157 84.8139 10.1653 1117.94 48.0082 1210.88 53.793 1210.88 53.793 0.568854 0.00858199 
200 0.28 1412800000 539.067 15.6009 -58.9444 0.528856 3887.8 72.1297 2.28205e+07 1.06731e+06 -0.000544169 0.00202203 -0.00414513 0.00212576 0.0146859 0.000450952 0.000454419 2.71587e-05 0.106639 0.00183443 8.11854 1.56157 84.8139 10.1653 1117.94 48.0082 1210.88 53.793 1210.88 53.793 0.568854 0.00858199 
200 0.28 1413600000 539.067 15.6009 -58.9444 0.528856 3887.8 72.1297 2.28205e+07 1.06731e+06 -0.000544169 0.00202339 -0.00414513 0.00212576 0.0146859 0.000450952 0.000454419 2.71331e-05 0.106639 0.00183443 8.11854 1.55953 84.8139 10.1653 1117.94 48.0082 1210.88 53.793 1210.88 53.793 0.568854 0.00858199 
200 0.28 1414400000 539.067 15.6009 -58.9444 0.528856 3887.8 72.1297 2.28205e+07 1.06731e+06 -0.000544169 0.00202339 -0.00414513 0.00212576 0.0146859 0.000450952 0.000454419 2.71331e-05 0.106639 0.00183443 8.11854 1.55953 84.8139 10.1653 1117.94 48.0082 1210.88 53.793 1210.88 53.793 0.568854 0.00858199 
200 0.28 1415200000 539.067 15.6009 -58.9444 0.528856 3887.8 72.1297 2.28205e+07 1.06731e+06 -0.000544169 0.00202168 -0.00414513 0.00212576 0.0146859 0.000450952 0.000454419 2.71054e-05 0.106639 0.00183443 8.11854 1.55946 84.8139 10.1653 1117.94 48.0082 1210.88 53.793 1210.88 53.793 0.568854 0.00858199 
200 0.28 1416000000 539.067 15.6009 -58.9444 0.528856 3887.8 72.1297 2.28205e+07 1.06731e+06 -0.000544169 0.00202168 -0.00414513 0.00212576 0.0146859 0.000450952 0.000454419 2.71054e-05 0.106639 0.00183443 8.11854 1.55946 84.8139 10.1653 1117.94 48.0082 1210.88 53.793 1210.88 53.793 0.568854 0.00858199 
200 0.28 1416800000 539.067 15.6009 -58.9444 0.528856 3887.8 72.1297 2.28205e+07 1.06731e+06 -0.000544169 0.00201976 -0.00414513 0.00212576 0.0146859 0.000450952 0.000454419 2.70786e-05 0.106639 0.00183443 8.11854 1.55778 84.8139 10.1653 1117.94 48.0082 1210.88 53.793 1210.88 53.793 0.568854 0.00858199 
200 0.28 1417600000 539.067 15.6009 -58.9444 0.528856 3887.8 72.1297 2.28205e+07 1.06731e+06 -0.000544169 0.00201976 -0.00414513 0.00212576 0.0146859 0.000450952 0.000454419 2.70786e-05 0.106639 0.00183443 8.11854 1.55778 84.8139 10.1653 1117.94 48.0082 1210.88 53.793 1210.88 53.793 0.568854 0.00858199 
200 0.28 1418400000 539.067 15.6009 -58.9444 0.528856 3887.8 72.1297 2.28205e+07 1.06731e+06 -0.000544169 0.00201755 -0.00414513 0.00212576 0.0146859 0.000450952 0.000454419 2.70754e-05 0.106639 0.00183443 8.11854 1.55778 84.8139 10.1653 1117.94 48.0082 1210.88 53.793 1210.88 53.793 0.568854 0.00858199 
200 0.28 1419200000 539.067 15.6009 -58.9444 0.528856 3887.8 72.1297 2.28205e+07 1.06731e+06 -0.000544169 0.00201755 -0.00414513 0.00212576 0.0146859 0.000450952 0.000454419 2.70754e-05 0.106639 0.00183443 8.11854 1.55778 84.8139 10.1653 1117.94 48.0082 1210.88 53.793 1210.88 53.793 0.568854 0.00858199 
200 0.28 1420000000 539.067 15.6009 -58.9444 0.528856 3887.8 72.1297 2.28205e+07 1.06731e+06 -0.000544169 0.00201539 -0.00414513 0.00212576 0.0146859 0.000450952 0.000454419 2.70503e-05 0.106639 0.00183443 8.11854 1.55778 84.8139 10.1653 1117.94 48.0082 1210.88 53.793 1210.88 53.793 0.568854 0.00858199 
200 0.28 1420800000 539.067 15.6009 -58.9444 0.528856 3887.8 72.1297 2.28205e+07 1.06731e+06 -0.000544169 0.00201539 -0.00414513 0.00212576 0.0146859 0.000450952 0.000454419 2.70503e-05 0.106639 0.00183443 8.11854 1.55778 84.8139 10.1653 1117.94 48.0082 1210.88 53.793 1210.88 53.793 0.568854 0.00858199 
200 0.28 1421600000 539.067 15.6009 -58.9444 0.528856 3887.8 72.1297 2.28205e+07 1.06731e+06 -0.000544169 0.00201389 -0.00414513 0.00212576 0.0146859 0.000450952 0.000454419 2.7024e-05 0.106639 0.00183443 8.11854 1.55778 84.8139 10.1653 1117.94 48.0082 1210.88 53.793 1210.88 53.793 0.568854 0.00858199 
200 0.28 1422400000 539.067 15.6009 -58.9444 0.528856 3887.8 72.1297 2.28205e+07 1.06731e+06 -0.000544169 0.00201389 -0.00414513 0.00212576 0.0146859 0.000450952 0.000454419 2.7024e-05 0.106639 0.00183443 8.11854 1.55778 84.8139 10.1653 1117.94 48.0082 1210.88 53.793 1210.88 53.793 0.568854 0.00858199 
200 0.28 1423200000 539.067 15.6009 -58.9444 0.524289 3887.8 71.5497 2.28205e+07 1.05891e+06 -0.000544169 0.00201176 -0.00414513 0.00213823 0.0146859 0.000450952 0.000454419 2.69962e-05 0.106639 0.00183443 8.11854 1.55663 84.8139 10.1653 1117.94 48.0082 1210.88 53.793 1210.88 53.793 0.568854 0.00858199 
200 0.28 1424000000 539.067 15.6009 -58.9444 0.524289 3887.8 71.5497 2.28205e+07 1.05891e+06 -0.000544169 0.00201176 -0.00414513 0.00213823 0.0146859 0.000450952 0.000454419 2.69962e-05 0.106639 0.00183443 8.11854 1.55663 84.8139 10.1653 1117.94 48.0082 1210.88 53.793 1210.88 53.793 0.568854 0.00858199 
200 0.28 1424800000 539.067 15.6009 -58.9444 0.524289 3887.8 71.5497 2.28205e+07 1.05891e+06 -0.000544169 0.0020099 -0.00414513 0.00213823 0.0146859 0.000450952 0.000454419 2.69666e-05 0.106639 0.00183443 8.11854 1.55663 84.8139 10.1653 1117.94 48.0082 1210.88 53.793 1210.88 53.793 0.568854 0.00858199 
200 0.28 1425600000 539.067 15.6009 -58.9444 0.524289 3887.8 71.5497 2.28205e+07 1.05891e+06 -0.000544169 0.0020099 -0.00414513 0.00213823 0.0146859 0.000450952 0.000454419 2.69666e-05 0.106639 0.00183443 8.11854 1.55663 84.8139 10.1653 1117.94 48.0082 1210.88 53.793 1210.88 53.793 0.568854 0.00858199 
200 0.28 1426400000 539.067 15.6009 -58.9444 0.524289 3887.8 71.5497 2.28205e+07 1.05891e+06 -0.000544169 0.00201141 -0.00414513 0.00213823 0.0146859 0.000450952 0.000454419 2.69364e-05 0.106639 0.00183443 8.11854 1.55663 84.8139 10.1653 1117.94 48.0082 1210.88 53.793 1210.88 53.793 0.568854 0.00858199 
200 0.28 1427200000 539.067 15.6009 -58.9444 0.524289 3887.8 71.5497 2.28205e+07 1.05891e+06 -0.000544169 0.00201141 -0.00414513 0.00213823 0.0146859 0.000450952 0.000454419 2.69364e-05 0.106639 0.00183443 8.11854 1.55663 84.8139 10.1653 1117.94 48.0082 1210.88 53.793 1210.88 53.793 0.568854 0.00858199 
200 0.28 1428000000 539.067 15.6009 -58.9444 0.524289 3887.8 71.5497 2.28205e+07 1.05891e+06 -0.000544169 0.00201001 -0.00414513 0.00213823 0.0146859 0.000450952 0.000454419 2.69102e-05 0.106639 0.00183443 8.11854 1.55663 84.8139 10.1653 1117.94 48.0082 1210.88 53.793 1210.88 53.793 0.568854 0.00858199 
200 0.28 1428800000 539.067 15.6009 -58.9444 0.524289 3887.8 71.5497 2.28205e+07 1.05891e+06 -0.000544169 0.00201001 -0.00414513 0.00213823 0.0146859 0.000450952 0.000454419 2.69102e-05 0.106639 0.00183443 8.11854 1.55663 84.8139 10.1653 1117.94 48.0082 1210.88 53.793 1210.88 53.793 0.568854 0.00858199 
200 0.28 1429600000 539.067 15.6009 -58.9444 0.524289 3887.8 71.5497 2.28205e+07 1.05891e+06 -0.000544169 0.00200793 -0.00414513 0.00213823 0.0146859 0.000450952 0.000454419 2.68842e-05 0.106639 0.00183443 8.11854 1.55663 84.8139 10.1653 1117.94 48.0082 1210.88 53.793 1210.88 53.793 0.568854 0.00858199 
200 0.28 1430400000 539.067 15.6009 -58.9444 0.524289 3887.8 71.5497 2.28205e+07 1.05891e+06 -0.000544169 0.00200793 -0.00414513 0.00213823 0.0146859 0.000450952 0.000454419 2.68842e-05 0.106639 0.00183443 8.11854 1.55663 84.8139 10.1653 1117.94 48.0082 1210.88 53.793 1210.88 53.793 0.568854 0.00858199 
200 0.28 1431200000 539.067 15.6009 -58.9444 0.524289 3887.8 71.5497 2.28205e+07 1.05891e+06 -0.000544169 0.0020062 -0.00414513 0.00213823 0.0146859 0.000450952 0.000454419 2.68572e-05 0.106639 0.00183443 8.11854 1.55663 84.8139 10.1653 1117.94 48.0082 1210.88 53.793 1210.88 53.793 0.568854 0.00858199 
200 0.28 1432000000 539.067 15.6009 -58.9444 0.524289 3887.8 71.5497 2.28205e+07 1.05891e+06 -0.000544169 0.0020062 -0.00414513 0.00213823 0.0146859 0.000450952 0.000454419 2.68572e-05 0.106639 0.00183443 8.11854 1.55663 84.8139 10.1653 1117.94 48.0082 1210.88 53.793 1210.88 53.793 0.568854 0.00858199 
200 0.28 1432800000 539.067 15.6009 -58.9444 0.524289 3887.8 71.5497 2.28205e+07 1.05891e+06 -0.000544169 0.00200414 -0.00414513 0.00213823 0.0146859 0.000450952 0.000454419 2.68306e-05 0.106639 0.00183443 8.11854 1.55663 84.8139 10.1653 1117.94 48.0082 1210.88 53.793 1210.88 53.793 0.568854 0.00858199 
200 0.28 1433600000 539.067 15.6009 -58.9444 0.524289 3887.8 71.5497 2.28205e+07 1.05891e+06 -0.000544169 0.00200414 -0.00414513 0.00213823 0.0146859 0.000450952 0.000454419 2.68306e-05 0.106639 0.00183443 8.11854 1.55663 84.8139 10.1653 1117.94 48.0082 1210.88 53.793 1210.88 53.793 0.568854 0.00858199 
200 0.28 1434400000 539.067 15.6009 -58.9444 0.524289 3887.8 71.5497 2.28205e+07 1.05891e+06 -0.000544169 0.00200188 -0.00414513 0.00213823 0.0146859 0.000450952 0.000454419 2.68035e-05 0.106639 0.00183443 8.11854 1.55663 84.8139 10.1653 1117.94 48.0082 1210.88 53.793 1210.88 53.793 0.568854 0.00858199 
200 0.28 1435200000 539.067 15.6009 -58.9444 0.524289 3887.8 71.5497 2.28205e+07 1.05891e+06 -0.000544169 0.00200188 -0.00414513 0.00213823 0.0146859 0.000450952 0.000454419 2.68035e-05 0.106639 0.00183443 8.11854 1.55663 84.8139 10.1653 1117.94 48.0082 1210.88 53.793 1210.88 53.793 0.568854 0.00858199 
200 0.28 1436000000 539.067 15.6009 -58.9444 0.519799 3887.8 70.9508 2.28205e+07 1.0499e+06 -0.000544169 0.00199991 -0.00414513 0.00211981 0.0146859 0.000450952 0.000454419 2.67748e-05 0.106639 0.00183443 8.11854 1.55663 84.8139 10.1653 1117.94 48.0082 1210.88 53.793 1210.88 53.793 0.568854 0.00858199 
200 0.28 1436800000 539.067 15.6009 -58.9444 0.519799 3887.8 70.9508 2.28205e+07 1.0499e+06 -0.000544169 0.00199991 -0.00414513 0.00211981 0.0146859 0.000450952 0.000454419 2.67748e-05 0.106639 0.00183443 8.11854 1.55663 84.8139 10.1653 1117.94 48.0082 1210.88 53.793 1210.88 53.793 0.568854 0.00858199 
200 0.28 1437600000 539.067 15.6009 -58.9444 0.519799 3887.8 70.9508 2.28205e+07 1.0499e+06 -0.000544169 0.00199912 -0.00414513 0.00211981 0.0146859 0.000450952 0.000454419 2.67478e-05 0.106639 0.00183443 8.11854 1.55663 84.8139 10.1653 1117.94 48.0082 1210.88 53.793 1210.88 53.793 0.568854 0.00858199 
200 0.28 1438400000 539.067 15.6009 -58.9444 0.519799 3887.8 70.9508 2.28205e+07 1.0499e+06 -0.000544169 0.00199912 -0.00414513 0.00211981 0.0146859 0.000450952 0.000454419 2.67478e-05 0.106639 0.00183443 8.11854 1.55663 84.8139 10.1653 1117.94 48.0082 1210.88 53.793 1210.88 53.793 0.568854 0.00858199 
200 0.28 1439200000 539.067 15.6009 -58.9444 0.519799 3887.8 70.9508 2.28205e+07 1.0499e+06 -0.000544169 0.00199689 -0.00414513 0.00211981 0.0146859 0.000450952 0.000454419 2.67258e-05 0.106639 0.00183443 8.11854 1.55663 84.8139 10.1653 1117.94 48.0082 1210.88 53.793 1210.88 53.793 0.568854 0.00858199 
200 0.28 1440000000 539.067 15.6009 -58.9444 0.519799 3887.8 70.9508 2.28205e+07 1.0499e+06 -0.000544169 0.00199689 -0.00414513 0.00211981 0.0146859 0.000450952 0.000454419 2.67258e-05 0.106639 0.00183443 8.11854 1.55663 84.8139 10.1653 1117.94 48.0082 1210.88 53.793 1210.88 53.793 0.568854 0.00858199 
200 0.28 1440800000 539.067 15.6009 -58.9444 0.519799 3887.8 70.9508 2.28205e+07 1.0499e+06 -0.000544169 0.00199474 -0.00414513 0.00211981 0.0146859 0.000450952 0.000454419 2.6698e-05 0.106639 0.00183443 8.11854 1.55663 84.8139 10.1653 1117.94 48.0082 1210.88 53.793 1210.88 53.793 0.568854 0.00858199 
200 0.28 1441600000 539.067 15.6009 -58.9444 0.519799 3887.8 70.9508 2.28205e+07 1.0499e+06 -0.000544169 0.00199474 -0.00414513 0.00211981 0.0146859 0.000450952 0.000454419 2.6698e-05 0.106639 0.00183443 8.11854 1.55663 84.8139 10.1653 1117.94 48.0082 1210.88 53.793 1210.88 53.793 0.568854 0.00858199 
200 0.28 1442400000 539.067 15.6009 -58.9444 0.519799 3887.8 70.9508 2.28205e+07 1.0499e+06 -0.000544169 0.00199547 -0.00414513 0.00211981 0.0146859 0.000450952 0.000454419 2.66709e-05 0.106639 0.00183443 8.11854 1.55663 84.8139 10.1653 1117.94 48.0082 1210.88 53.793 1210.88 53.793 0.568854 0.00858199 
200 0.28 1443200000 539.067 15.6009 -58.9444 0.519799 3887.8 70.9508 2.28205e+07 1.0499e+06 -0.000544169 0.00199547 -0.00414513 0.00211981 0.0146859 0.000450952 0.000454419 2.66709e-05 0.106639 0.00183443 8.11854 1.55663 84.8139 10.1653 1117.94 48.0082 1210.88 53.793 1210.88 53.793 0.568854 0.00858199 
200 0.28 1444000000 539.067 15.6009 -58.9444 0.519799 3887.8 70.9508 2.28205e+07 1.0499e+06 -0.000544169 0.00199329 -0.00414513 0.00211981 0.0146859 0.000450952 0.000454419 2.6644e-05 0.106639 0.00183443 8.11854 1.55663 84.8139 10.1653 1117.94 48.0082 1210.88 53.793 1210.88 53.793 0.568854 0.00858199 
200 0.28 1444800000 539.067 15.6009 -58.9444 0.519799 3887.8 70.9508 2.28205e+07 1.0499e+06 -0.000544169 0.00199329 -0.00414513 0.00211981 0.0146859 0.000450952 0.000454419 2.6644e-05 0.106639 0.00183443 8.11854 1.55663 84.8139 10.1653 1117.94 48.0082 1210.88 53.793 1210.88 53.793 0.568854 0.00858199 
200 0.28 1445600000 539.067 15.6009 -58.9444 0.519799 3887.8 70.9508 2.28205e+07 1.0499e+06 -0.000544169 0.00199111 -0.00414513 0.00211981 0.0146859 0.000450952 0.000454419 2.66155e-05 0.106639 0.00183443 8.11854 1.55663 84.8139 10.1653 1117.94 48.0082 1210.88 53.793 1210.88 53.793 0.568854 0.00858199 
200 0.28 1446400000 539.067 15.6009 -58.9444 0.519799 3887.8 70.9508 2.28205e+07 1.0499e+06 -0.000544169 0.00199111 -0.00414513 0.00211981 0.0146859 0.000450952 0.000454419 2.66155e-05 0.106639 0.00183443 8.11854 1.55663 84.8139 10.1653 1117.94 48.0082 1210.88 53.793 1210.88 53.793 0.568854 0.00858199 
200 0.28 1447200000 539.067 15.6009 -58.9444 0.519799 3887.8 70.9508 2.28205e+07 1.0499e+06 -0.000544169 0.0019889 -0.00414513 0.00211981 0.0146859 0.000450952 0.000454419 2.65879e-05 0.106639 0.00183443 8.11854 1.55663 84.8139 10.1653 1117.94 48.0082 1210.88 53.793 1210.88 53.793 0.568854 0.00858199 
200 0.28 1448000000 539.067 15.6009 -58.9444 0.519799 3887.8 70.9508 2.28205e+07 1.0499e+06 -0.000544169 0.0019889 -0.00414513 0.00211981 0.0146859 0.000450952 0.000454419 2.65879e-05 0.106639 0.00183443 8.11854 1.55663 84.8139 10.1653 1117.94 48.0082 1210.88 53.793 1210.88 53.793 0.568854 0.00858199 
200 0.28 1448800000 538.916 13.4603 -58.9211 0.51516 3883.56 70.3178 2.26749e+07 1.04095e+06 -0.00134403 0.00198673 -0.00481691 0.00210317 0.0145655 0.000425845 0.000444359 2.65629e-05 0.10625 0.00169709 8.00429 1.52147 91.4016 12.4608 1127.67 46.8283 1227.08 58.5567 1227.08 58.5567 0.568631 0.00797189 
200 0.28 1449600000 538.916 13.4603 -58.9211 0.51516 3883.56 70.3178 2.26749e+07 1.04095e+06 -0.00134403 0.00198673 -0.00481691 0.00210317 0.0145655 0.000425845 0.000444359 2.65629e-05 0.10625 0.00169709 8.00429 1.52147 91.4016 12.4608 1127.67 46.8283 1227.08 58.5567 1227.08 58.5567 0.568631 0.00797189 
200 0.28 1450400000 538.916 13.4603 -58.9211 0.51516 3883.56 70.3178 2.26749e+07 1.04095e+06 -0.00134403 0.00198501 -0.00481691 0.00210317 0.0145655 0.000425845 0.000444359 2.65333e-05 0.10625 0.00169709 8.00429 1.52 91.4016 12.4608 1127.67 46.8283 1227.08 58.5567 1227.08 58.5567 0.568631 0.00797189 
200 0.28 1451200000 538.916 13.4603 -58.9211 0.51516 3883.56 70.3178 2.26749e+07 1.04095e+06 -0.00134403 0.00198501 -0.00481691 0.00210317 0.0145655 0.000425845 0.000444359 2.65333e-05 0.10625 0.00169709 8.00429 1.52 91.4016 12.4608 1127.67 46.8283 1227.08 58.5567 1227.08 58.5567 0.568631 0.00797189 
200 0.28 1452000000 538.916 13.4603 -58.9211 0.51516 3883.56 70.3178 2.26749e+07 1.04095e+06 -0.00134403 0.00198329 -0.00481691 0.00210317 0.0145655 0.000425845 0.000444359 2.65082e-05 0.10625 0.00169709 8.00429 1.51809 91.4016 12.4608 1127.67 46.8283 1227.08 58.5567 1227.08 58.5567 0.568631 0.00797189 
200 0.28 1452800000 538.916 13.4603 -58.9211 0.51516 3883.56 70.3178 2.26749e+07 1.04095e+06 -0.00134403 0.00198329 -0.00481691 0.00210317 0.0145655 0.000425845 0.000444359 2.65082e-05 0.10625 0.00169709 8.00429 1.51809 91.4016 12.4608 1127.67 46.8283 1227.08 58.5567 1227.08 58.5567 0.568631 0.00797189 
200 0.28 1453600000 538.916 13.4603 -58.9211 0.51516 3883.56 70.3178 2.26749e+07 1.04095e+06 -0.00134403 0.00198272 -0.00481691 0.00210317 0.0145655 0.000425845 0.000444359 2.64791e-05 0.10625 0.00169709 8.00429 1.51797 91.4016 12.4608 1127.67 46.8283 1227.08 58.5567 1227.08 58.5567 0.568631 0.00797189 
200 0.28 1454400000 538.916 13.4603 -58.9211 0.51516 3883.56 70.3178 2.26749e+07 1.04095e+06 -0.00134403 0.00198272 -0.00481691 0.00210317 0.0145655 0.000425845 0.000444359 2.64791e-05 0.10625 0.00169709 8.00429 1.51797 91.4016 12.4608 1127.67 46.8283 1227.08 58.5567 1227.08 58.5567 0.568631 0.00797189 
200 0.28 1455200000 538.916 13.4603 -58.9211 0.51516 3883.56 70.3178 2.26749e+07 1.04095e+06 -0.00134403 0.00198104 -0.00481691 0.00210317 0.0145655 0.000425845 0.000444359 2.6452e-05 0.10625 0.00169709 8.00429 1.51472 91.4016 12.4608 1127.67 46.8283 1227.08 58.5567 1227.08 58.5567 0.568631 0.00797189 
200 0.28 1456000000 538.916 13.4603 -58.9211 0.51516 3883.56 70.3178 2.26749e+07 1.04095e+06 -0.00134403 0.00198104 -0.00481691 0.00210317 0.0145655 0.000425845 0.000444359 2.6452e-05 0.10625 0.00169709 8.00429 1.51472 91.4016 12.4608 1127.67 46.8283 1227.08 58.5567 1227.08 58.5567 0.568631 0.00797189 
200 0.28 1456800000 538.916 13.4603 -58.9211 0.51516 3883.56 70.3178 2.26749e+07 1.04095e+06 -0.00134403 0.00197891 -0.00481691 0.00210317 0.0145655 0.000425845 0.000444359 2.64264e-05 0.10625 0.00169709 8.00429 1.51326 91.4016 12.4608 1127.67 46.8283 1227.08 58.5567 1227.08 58.5567 0.568631 0.00797189 
200 0.28 1457600000 538.916 13.4603 -58.9211 0.51516 3883.56 70.3178 2.26749e+07 1.04095e+06 -0.00134403 0.00197891 -0.00481691 0.00210317 0.0145655 0.000425845 0.000444359 2.64264e-05 0.10625 0.00169709 8.00429 1.51326 91.4016 12.4608 1127.67 46.8283 1227.08 58.5567 1227.08 58.5567 0.568631 0.00797189 
200 0.28 1458400000 538.916 13.4603 -58.9211 0.51516 3883.56 70.3178 2.26749e+07 1.04095e+06 -0.00134403 0.00197707 -0.00481691 0.00210317 0.0145655 0.000425845 0.000444359 2.63974e-05 0.10625 0.00169709 8.00429 1.51137 91.4016 12.4608 1127.67 46.8283 1227.08 58.5567 1227.08 58.5567 0.568631 0.00797189 
200 0.28 1459200000 538.916 13.4603 -58.9211 0.51516 3883.56 70.3178 2.26749e+07 1.04095e+06 -0.00134403 0.00197707 -0.00481691 0.00210317 0.0145655 0.000425845 0.000444359 2.63974e-05 0.10625 0.00169709 8.00429 1.51137 91.4016 12.4608 1127.67 46.8283 1227.08 58.5567 1227.08 58.5567 0.568631 0.00797189 
200 0.28 1460000000 538.916 13.4603 -58.9211 0.51516 3883.56 70.3178 2.26749e+07 1.04095e+06 -0.00134403 0.00197589 -0.00481691 0.00210317 0.0145655 0.000425845 0.000444359 2.63683e-05 0.10625 0.00169709 8.00429 1.51126 91.4016 12.4608 1127.67 46.8283 1227.08 58.5567 1227.08 58.5567 0.568631 0.00797189 
200 0.28 1460800000 538.916 13.4603 -58.9211 0.51516 3883.56 70.3178 2.26749e+07 1.04095e+06 -0.00134403 0.00197589 -0.00481691 0.00210317 0.0145655 0.000425845 0.000444359 2.63683e-05 0.10625 0.00169709 8.00429 1.51126 91.4016 12.4608 1127.67 46.8283 1227.08 58.5567 1227.08 58.5567 0.568631 0.00797189 
200 0.28 1461600000 538.916 13.4603 -58.9211 0.511245 3883.56 69.8267 2.26749e+07 1.03398e+06 -0.00134403 0.00197549 -0.00481691 0.00211206 0.0145655 0.000425845 0.000444359 2.63418e-05 0.10625 0.00169709 8.00429 1.50804 91.4016 12.4608 1127.67 46.8283 1227.08 58.5567 1227.08 58.5567 0.568631 0.00797189 
200 0.28 1462400000 538.916 13.4603 -58.9211 0.511245 3883.56 69.8267 2.26749e+07 1.03398e+06 -0.00134403 0.00197549 -0.00481691 0.00211206 0.0145655 0.000425845 0.000444359 2.63418e-05 0.10625 0.00169709 8.00429 1.50804 91.4016 12.4608 1127.67 46.8283 1227.08 58.5567 1227.08 58.5567 0.568631 0.00797189 
200 0.28 1463200000 538.916 13.4603 -58.9211 0.511245 3883.56 69.8267 2.26749e+07 1.03398e+06 -0.00134403 0.00197335 -0.00481691 0.00211206 0.0145655 0.000425845 0.000444359 2.63172e-05 0.10625 0.00169709 8.00429 1.50659 91.4016 12.4608 1127.67 46.8283 1227.08 58.5567 1227.08 58.5567 0.568631 0.00797189 
200 0.28 1464000000 538.916 13.4603 -58.9211 0.511245 3883.56 69.8267 2.26749e+07 1.03398e+06 -0.00134403 0.00197335 -0.00481691 0.00211206 0.0145655 0.000425845 0.000444359 2.63172e-05 0.10625 0.00169709 8.00429 1.50659 91.4016 12.4608 1127.67 46.8283 1227.08 58.5567 1227.08 58.5567 0.568631 0.00797189 
200 0.28 1464800000 538.916 13.4603 -58.9211 0.511245 3883.56 69.8267 2.26749e+07 1.03398e+06 -0.00134403 0.00197118 -0.00481691 0.00211206 0.0145655 0.000425845 0.000444359 2.62886e-05 0.10625 0.00169709 8.00429 1.50472 91.4016 12.4608 1127.67 46.8283 1227.08 58.5567 1227.08 58.5567 0.568631 0.00797189 
200 0.28 1465600000 538.916 13.4603 -58.9211 0.511245 3883.56 69.8267 2.26749e+07 1.03398e+06 -0.00134403 0.00197118 -0.00481691 0.00211206 0.0145655 0.000425845 0.000444359 2.62886e-05 0.10625 0.00169709 8.00429 1.50472 91.4016 12.4608 1127.67 46.8283 1227.08 58.5567 1227.08 58.5567 0.568631 0.00797189 
200 0.28 1466400000 538.916 13.4603 -58.9211 0.511245 3883.56 69.8267 2.26749e+07 1.03398e+06 -0.00134403 0.00197433 -0.00481691 0.00211206 0.0145655 0.000425845 0.000444359 2.62627e-05 0.10625 0.00169709 8.00429 1.50457 91.4016 12.4608 1127.67 46.8283 1227.08 58.5567 1227.08 58.5567 0.568631 0.00797189 
200 0.28 1467200000 538.916 13.4603 -58.9211 0.511245 3883.56 69.8267 2.26749e+07 1.03398e+06 -0.00134403 0.00197433 -0.00481691 0.00211206 0.0145655 0.000425845 0.000444359 2.62627e-05 0.10625 0.00169709 8.00429 1.50457 91.4016 12.4608 1127.67 46.8283 1227.08 58.5567 1227.08 58.5567 0.568631 0.00797189 
200 0.28 1468000000 538.916 13.4603 -58.9211 0.511245 3883.56 69.8267 2.26749e+07 1.03398e+06 -0.00134403 0.00197252 -0.00481691 0.00211206 0.0145655 0.000425845 0.000444359 2.62381e-05 0.10625 0.00169709 8.00429 1.50283 91.4016 12.4608 1127.67 46.8283 1227.08 58.5567 1227.08 58.5567 0.568631 0.00797189 
200 0.28 1468800000 538.916 13.4603 -58.9211 0.511245 3883.56 69.8267 2.26749e+07 1.03398e+06 -0.00134403 0.00197252 -0.00481691 0.00211206 0.0145655 0.000425845 0.000444359 2.62381e-05 0.10625 0.00169709 8.00429 1.50283 91.4016 12.4608 1127.67 46.8283 1227.08 58.5567 1227.08 58.5567 0.568631 0.00797189 
200 0.28 1469600000 538.916 13.4603 -58.9211 0.511245 3883.56 69.8267 2.26749e+07 1.03398e+06 -0.00134403 0.00197038 -0.00481691 0.00211206 0.0145655 0.000425845 0.000444359 2.62116e-05 0.10625 0.00169709 8.00429 1.50283 91.4016 12.4608 1127.67 46.8283 1227.08 58.5567 1227.08 58.5567 0.568631 0.00797189 
200 0.28 1470400000 538.916 13.4603 -58.9211 0.511245 3883.56 69.8267 2.26749e+07 1.03398e+06 -0.00134403 0.00197038 -0.00481691 0.00211206 0.0145655 0.000425845 0.000444359 2.62116e-05 0.10625 0.00169709 8.00429 1.50283 91.4016 12.4608 1127.67 46.8283 1227.08 58.5567 1227.08 58.5567 0.568631 0.00797189 
200 0.28 1471200000 538.916 13.4603 -58.9211 0.511245 3883.56 69.8267 2.26749e+07 1.03398e+06 -0.00134403 0.00197415 -0.00481691 0.00211206 0.0145655 0.000425845 0.000444359 2.62157e-05 0.10625 0.00169709 8.00429 1.50283 91.4016 12.4608 1127.67 46.8283 1227.08 58.5567 1227.08 58.5567 0.568631 0.00797189 
200 0.28 1472000000 538.916 13.4603 -58.9211 0.511245 3883.56 69.8267 2.26749e+07 1.03398e+06 -0.00134403 0.00197415 -0.00481691 0.00211206 0.0145655 0.000425845 0.000444359 2.62157e-05 0.10625 0.00169709 8.00429 1.50283 91.4016 12.4608 1127.67 46.8283 1227.08 58.5567 1227.08 58.5567 0.568631 0.00797189 
200 0.28 1472800000 538.916 13.4603 -58.9211 0.511245 3883.56 69.8267 2.26749e+07 1.03398e+06 -0.00134403 0.00197215 -0.00481691 0.00211206 0.0145655 0.000425845 0.000444359 2.61889e-05 0.10625 0.00169709 8.00429 1.50283 91.4016 12.4608 1127.67 46.8283 1227.08 58.5567 1227.08 58.5567 0.568631 0.00797189 
200 0.28 1473600000 538.916 13.4603 -58.9211 0.511245 3883.56 69.8267 2.26749e+07 1.03398e+06 -0.00134403 0.00197215 -0.00481691 0.00211206 0.0145655 0.000425845 0.000444359 2.61889e-05 0.10625 0.00169709 8.00429 1.50283 91.4016 12.4608 1127.67 46.8283 1227.08 58.5567 1227.08 58.5567 0.568631 0.00797189 
200 0.28 1474400000 538.916 13.4603 -58.9211 0.508525 3883.56 69.5096 2.26749e+07 1.02873e+06 -0.00134403 0.00197059 -0.00481691 0.00210268 0.0145655 0.000425845 0.000444359 2.61615e-05 0.10625 0.00169709 8.00429 1.5022 91.4016 12.4608 1127.67 46.8283 1227.08 58.5567 1227.08 58.5567 0.568631 0.00797189 
200 0.28 1475200000 538.916 13.4603 -58.9211 0.508525 3883.56 69.5096 2.26749e+07 1.02873e+06 -0.00134403 0.00197059 -0.00481691 0.00210268 0.0145655 0.000425845 0.000444359 2.61615e-05 0.10625 0.00169709 8.00429 1.5022 91.4016 12.4608 1127.67 46.8283 1227.08 58.5567 1227.08 58.5567 0.568631 0.00797189 
200 0.28 1476000000 538.916 13.4603 -58.9211 0.508525 3883.56 69.5096 2.26749e+07 1.02873e+06 -0.00134403 0.00196948 -0.00481691 0.00210268 0.0145655 0.000425845 0.000444359 2.6134e-05 0.10625 0.00169709 8.00429 1.5022 91.4016 12.4608 1127.67 46.8283 1227.08 58.5567 1227.08 58.5567 0.568631 0.00797189 
200 0.28 1476800000 538.916 13.4603 -58.9211 0.508525 3883.56 69.5096 2.26749e+07 1.02873e+06 -0.00134403 0.00196948 -0.00481691 0.00210268 0.0145655 0.000425845 0.000444359 2.6134e-05 0.10625 0.00169709 8.00429 1.5022 91.4016 12.4608 1127.67 46.8283 1227.08 58.5567 1227.08 58.5567 0.568631 0.00797189 
200 0.28 1477600000 538.916 13.4603 -58.9211 0.508525 3883.56 69.5096 2.26749e+07 1.02873e+06 -0.00134403 0.00196733 -0.00481691 0.00210268 0.0145655 0.000425845 0.000444359 2.61087e-05 0.10625 0.00169709 8.00429 1.5022 91.4016 12.4608 1127.67 46.8283 1227.08 58.5567 1227.08 58.5567 0.568631 0.00797189 
200 0.28 1478400000 538.916 13.4603 -58.9211 0.508525 3883.56 69.5096 2.26749e+07 1.02873e+06 -0.00134403 0.00196733 -0.00481691 0.00210268 0.0145655 0.000425845 0.000444359 2.61087e-05 0.10625 0.00169709 8.00429 1.5022 91.4016 12.4608 1127.67 46.8283 1227.08 58.5567 1227.08 58.5567 0.568631 0.00797189 
200 0.28 1479200000 538.916 13.4603 -58.9211 0.508525 3883.56 69.5096 2.26749e+07 1.02873e+06 -0.00134403 0.00197161 -0.00481691 0.00210268 0.0145655 0.000425845 0.000444359 2.60832e-05 0.10625 0.00169709 8.00429 1.5022 91.4016 12.4608 1127.67 46.8283 1227.08 58.5567 1227.08 58.5567 0.568631 0.00797189 
200 0.28 1480000000 538.916 13.4603 -58.9211 0.508525 3883.56 69.5096 2.26749e+07 1.02873e+06 -0.00134403 0.00197161 -0.00481691 0.00210268 0.0145655 0.000425845 0.000444359 2.60832e-05 0.10625 0.00169709 8.00429 1.5022 91.4016 12.4608 1127.67 46.8283 1227.08 58.5567 1227.08 58.5567 0.568631 0.00797189 
200 0.28 1480800000 538.916 13.4603 -58.9211 0.508525 3883.56 69.5096 2.26749e+07 1.02873e+06 -0.00134403 0.00197052 -0.00481691 0.00210268 0.0145655 0.000425845 0.000444359 2.60577e-05 0.10625 0.00169709 8.00429 1.5022 91.4016 12.4608 1127.67 46.8283 1227.08 58.5567 1227.08 58.5567 0.568631 0.00797189 
200 0.28 1481600000 538.916 13.4603 -58.9211 0.508525 3883.56 69.5096 2.26749e+07 1.02873e+06 -0.00134403 0.00197052 -0.00481691 0.00210268 0.0145655 0.000425845 0.000444359 2.60577e-05 0.10625 0.00169709 8.00429 1.5022 91.4016 12.4608 1127.67 46.8283 1227.08 58.5567 1227.08 58.5567 0.568631 0.00797189 
200 0.28 1482400000 538.916 13.4603 -58.9211 0.508525 3883.56 69.5096 2.26749e+07 1.02873e+06 -0.00134403 0.00196893 -0.00481691 0.00210268 0.0145655 0.000425845 0.000444359 2.60307e-05 0.10625 0.00169709 8.00429 1.5022 91.4016 12.4608 1127.67 46.8283 1227.08 58.5567 1227.08 58.5567 0.568631 0.00797189 
200 0.28 1483200000 538.916 13.4603 -58.9211 0.508525 3883.56 69.5096 2.26749e+07 1.02873e+06 -0.00134403 0.00196893 -0.00481691 0.00210268 0.0145655 0.000425845 0.000444359 2.60307e-05 0.10625 0.00169709 8.00429 1.5022 91.4016 12.4608 1127.67 46.8283 1227.08 58.5567 1227.08 58.5567 0.568631 0.00797189 
200 0.28 1484000000 538.916 13.4603 -58.9211 0.508525 3883.56 69.5096 2.26749e+07 1.02873e+06 -0.00134403 0.0019697 -0.00481691 0.00210268 0.0145655 0.000425845 0.000444359 2.60028e-05 0.10625 0.00169709 8.00429 1.5022 91.4016 12.4608 1127.67 46.8283 1227.08 58.5567 1227.08 58.5567 0.568631 0.00797189 
200 0.28 1484800000 538.916 13.4603 -58.9211 0.508525 3883.56 69.5096 2.26749e+07 1.02873e+06 -0.00134403 0.0019697 -0.00481691 0.00210268 0.0145655 0.000425845 0.000444359 2.60028e-05 0.10625 0.00169709 8.00429 1.5022 91.4016 12.4608 1127.67 46.8283 1227.08 58.5567 1227.08 58.5567 0.568631 0.00797189 
200 0.28 1485600000 538.916 13.4603 -58.9211 0.508525 3883.56 69.5096 2.26749e+07 1.02873e+06 -0.00134403 0.00196758 -0.00481691 0.00210268 0.0145655 0.000425845 0.000444359 2.59787e-05 0.10625 0.00169709 8.00429 1.5022 91.4016 12.4608 1127.67 46.8283 1227.08 58.5567 1227.08 58.5567 0.568631 0.00797189 
200 0.28 1486400000 538.916 13.4603 -58.9211 0.508525 3883.56 69.5096 2.26749e+07 1.02873e+06 -0.00134403 0.00196758 -0.00481691 0.00210268 0.0145655 0.000425845 0.000444359 2.59787e-05 0.10625 0.00169709 8.00429 1.5022 91.4016 12.4608 1127.67 46.8283 1227.08 58.5567 1227.08 58.5567 0.568631 0.00797189 
200 0.28 1487200000 538.916 13.4603 -58.9211 0.504518 3883.56 68.9576 2.26749e+07 1.01987e+06 -0.00134403 0.00196545 -0.00481691 0.00210268 0.0145655 0.000425845 0.000444359 2.59524e-05 0.10625 0.00169709 8.00429 1.5022 91.4016 12.4608 1127.67 46.8283 1227.08 58.5567 1227.08 58.5567 0.568631 0.00797189 
200 0.28 1488000000 538.916 13.4603 -58.9211 0.504518 3883.56 68.9576 2.26749e+07 1.01987e+06 -0.00134403 0.00196545 -0.00481691 0.00210268 0.0145655 0.000425845 0.000444359 2.59524e-05 0.10625 0.00169709 8.00429 1.5022 91.4016 12.4608 1127.67 46.8283 1227.08 58.5567 1227.08 58.5567 0.568631 0.00797189 
200 0.28 1488800000 538.916 13.4603 -58.9211 0.504518 3883.56 68.9576 2.26749e+07 1.01987e+06 -0.00134403 0.00196409 -0.00481691 0.00210268 0.0145655 0.000425845 0.000444359 2.59275e-05 0.10625 0.00169709 8.00429 1.5022 91.4016 12.4608 1127.67 46.8283 1227.08 58.5567 1227.08 58.5567 0.568631 0.00797189 
200 0.28 1489600000 538.916 13.4603 -58.9211 0.504518 3883.56 68.9576 2.26749e+07 1.01987e+06 -0.00134403 0.00196409 -0.00481691 0.00210268 0.0145655 0.000425845 0.000444359 2.59275e-05 0.10625 0.00169709 8.00429 1.5022 91.4016 12.4608 1127.67 46.8283 1227.08 58.5567 1227.08 58.5567 0.568631 0.00797189 
200 0.28 1490400000 538.916 13.4603 -58.9211 0.504518 3883.56 68.9576 2.26749e+07 1.01987e+06 -0.00134403 0.00196233 -0.00481691 0.00210268 0.0145655 0.000425845 0.000444359 2.59024e-05 0.10625 0.00169709 8.00429 1.5022 91.4016 12.4608 1127.67 46.8283 1227.08 58.5567 1227.08 58.5567 0.568631 0.00797189 
200 0.28 1491200000 538.916 13.4603 -58.9211 0.504518 3883.56 68.9576 2.26749e+07 1.01987e+06 -0.00134403 0.00196233 -0.00481691 0.00210268 0.0145655 0.000425845 0.000444359 2.59024e-05 0.10625 0.00169709 8.00429 1.5022 91.4016 12.4608 1127.67 46.8283 1227.08 58.5567 1227.08 58.5567 0.568631 0.00797189 
200 0.28 1492000000 538.916 13.4603 -58.9211 0.504518 3883.56 68.9576 2.26749e+07 1.01987e+06 -0.00134403 0.00196065 -0.00481691 0.00210268 0.0145655 0.000425845 0.000444359 2.58782e-05 0.10625 0.00169709 8.00429 1.5022 91.4016 12.4608 1127.67 46.8283 1227.08 58.5567 1227.08 58.5567 0.568631 0.00797189 
200 0.28 1492800000 538.916 13.4603 -58.9211 0.504518 3883.56 68.9576 2.26749e+07 1.01987e+06 -0.00134403 0.00196065 -0.00481691 0.00210268 0.0145655 0.000425845 0.000444359 2.58782e-05 0.10625 0.00169709 8.00429 1.5022 91.4016 12.4608 1127.67 46.8283 1227.08 58.5567 1227.08 58.5567 0.568631 0.00797189 
200 0.28 1493600000 538.916 13.4603 -58.9211 0.504518 3883.56 68.9576 2.26749e+07 1.01987e+06 -0.00134403 0.00195858 -0.00481691 0.00210268 0.0145655 0.000425845 0.000444359 2.58531e-05 0.10625 0.00169709 8.00429 1.5022 91.4016 12.4608 1127.67 46.8283 1227.08 58.5567 1227.08 58.5567 0.568631 0.00797189 
200 0.28 1494400000 538.916 13.4603 -58.9211 0.504518 3883.56 68.9576 2.26749e+07 1.01987e+06 -0.00134403 0.00195858 -0.00481691 0.00210268 0.0145655 0.000425845 0.000444359 2.58531e-05 0.10625 0.00169709 8.00429 1.5022 91.4016 12.4608 1127.67 46.8283 1227.08 58.5567 1227.08 58.5567 0.568631 0.00797189 
200 0.28 1495200000 538.916 13.4603 -58.9211 0.504518 3883.56 68.9576 2.26749e+07 1.01987e+06 -0.00134403 0.00195675 -0.00481691 0.00210268 0.0145655 0.000425845 0.000444359 2.58281e-05 0.10625 0.00169709 8.00429 1.5022 91.4016 12.4608 1127.67 46.8283 1227.08 58.5567 1227.08 58.5567 0.568631 0.00797189 
200 0.28 1496000000 538.916 13.4603 -58.9211 0.504518 3883.56 68.9576 2.26749e+07 1.01987e+06 -0.00134403 0.00195675 -0.00481691 0.00210268 0.0145655 0.000425845 0.000444359 2.58281e-05 0.10625 0.00169709 8.00429 1.5022 91.4016 12.4608 1127.67 46.8283 1227.08 58.5567 1227.08 58.5567 0.568631 0.00797189 
200 0.28 1496800000 538.916 13.4603 -58.9211 0.504518 3883.56 68.9576 2.26749e+07 1.01987e+06 -0.00134403 0.00195587 -0.00481691 0.00210268 0.0145655 0.000425845 0.000444359 2.58028e-05 0.10625 0.00169709 8.00429 1.5022 91.4016 12.4608 1127.67 46.8283 1227.08 58.5567 1227.08 58.5567 0.568631 0.00797189 
200 0.28 1497600000 538.916 13.4603 -58.9211 0.504518 3883.56 68.9576 2.26749e+07 1.01987e+06 -0.00134403 0.00195587 -0.00481691 0.00210268 0.0145655 0.000425845 0.000444359 2.58028e-05 0.10625 0.00169709 8.00429 1.5022 91.4016 12.4608 1127.67 46.8283 1227.08 58.5567 1227.08 58.5567 0.568631 0.00797189 
200 0.28 1498400000 538.916 13.4603 -58.9211 0.504518 3883.56 68.9576 2.26749e+07 1.01987e+06 -0.00134403 0.00195464 -0.00481691 0.00210268 0.0145655 0.000425845 0.000444359 2.5775e-05 0.10625 0.00169709 8.00429 1.5022 91.4016 12.4608 1127.67 46.8283 1227.08 58.5567 1227.08 58.5567 0.568631 0.00797189 
200 0.28 1499200000 538.916 13.4603 -58.9211 0.504518 3883.56 68.9576 2.26749e+07 1.01987e+06 -0.00134403 0.00195464 -0.00481691 0.00210268 0.0145655 0.000425845 0.000444359 2.5775e-05 0.10625 0.00169709 8.00429 1.5022 91.4016 12.4608 1127.67 46.8283 1227.08 58.5567 1227.08 58.5567 0.568631 0.00797189 
200 0.28 1500000000 538.916 13.4603 -58.9211 0.500185 3883.56 68.3658 2.26749e+07 1.01108e+06 -0.00134403 0.00195264 -0.00481691 0.00209155 0.0145655 0.000425845 0.000444359 2.575e-05 0.10625 0.00169709 8.00429 1.46911 91.4016 12.4608 1127.67 46.9844 1227.08 58.5567 1227.08 58.5567 0.568631 0.00797189 
200 0.28 1500800000 538.916 13.4603 -58.9211 0.500185 3883.56 68.3658 2.26749e+07 1.01108e+06 -0.00134403 0.00195264 -0.00481691 0.00209155 0.0145655 0.000425845 0.000444359 2.575e-05 0.10625 0.00169709 8.00429 1.46911 91.4016 12.4608 1127.67 46.9844 1227.08 58.5567 1227.08 58.5567 0.568631 0.00797189 
200 0.28 1501600000 538.916 13.4603 -58.9211 0.500185 3883.56 68.3658 2.26749e+07 1.01108e+06 -0.00134403 0.00195171 -0.00481691 0.00209155 0.0145655 0.000425845 0.000444359 2.57235e-05 0.10625 0.00169709 8.00429 1.46774 91.4016 12.4608 1127.67 46.9844 1227.08 58.5567 1227.08 58.5567 0.568631 0.00797189 
200 0.28 1502400000 538.916 13.4603 -58.9211 0.500185 3883.56 68.3658 2.26749e+07 1.01108e+06 -0.00134403 0.00195171 -0.00481691 0.00209155 0.0145655 0.000425845 0.000444359 2.57235e-05 0.10625 0.00169709 8.00429 1.46774 91.4016 12.4608 1127.67 46.9844 1227.08 58.5567 1227.08 58.5567 0.568631 0.00797189 
200 0.28 1503200000 538.916 13.4603 -58.9211 0.500185 3883.56 68.3658 2.26749e+07 1.01108e+06 -0.00134403 0.00195032 -0.00481691 0.00209155 0.0145655 0.000425845 0.000444359 2.56982e-05 0.10625 0.00169709 8.00429 1.46596 91.4016 12.4608 1127.67 46.9844 1227.08 58.5567 1227.08 58.5567 0.568631 0.00797189 
200 0.28 1504000000 538.916 13.4603 -58.9211 0.500185 3883.56 68.3658 2.26749e+07 1.01108e+06 -0.00134403 0.00195032 -0.00481691 0.00209155 0.0145655 0.000425845 0.000444359 2.56982e-05 0.10625 0.00169709 8.00429 1.46596 91.4016 12.4608 1127.67 46.9844 1227.08 58.5567 1227.08 58.5567 0.568631 0.00797189 
200 0.28 1504800000 538.916 13.4603 -58.9211 0.500185 3883.56 68.3658 2.26749e+07 1.01108e+06 -0.00134403 0.00194901 -0.00481691 0.00209155 0.0145655 0.000425845 0.000444359 2.56741e-05 0.10625 0.00169709 8.00429 1.46588 91.4016 12.4608 1127.67 46.9844 1227.08 58.5567 1227.08 58.5567 0.568631 0.00797189 
200 0.28 1505600000 538.916 13.4603 -58.9211 0.500185 3883.56 68.3658 2.26749e+07 1.01108e+06 -0.00134403 0.00194901 -0.00481691 0.00209155 0.0145655 0.000425845 0.000444359 2.56741e-05 0.10625 0.00169709 8.00429 1.46588 91.4016 12.4608 1127.67 46.9844 1227.08 58.5567 1227.08 58.5567 0.568631 0.00797189 
200 0.28 1506400000 538.916 13.4603 -58.9211 0.500185 3883.56 68.3658 2.26749e+07 1.01108e+06 -0.00134403 0.00194692 -0.00481691 0.00209155 0.0145655 0.000425845 0.000444359 2.56507e-05 0.10625 0.00169709 8.00429 1.46283 91.4016 12.4608 1127.67 46.9844 1227.08 58.5567 1227.08 58.5567 0.568631 0.00797189 
200 0.28 1507200000 538.916 13.4603 -58.9211 0.500185 3883.56 68.3658 2.26749e+07 1.01108e+06 -0.00134403 0.00194692 -0.00481691 0.00209155 0.0145655 0.000425845 0.000444359 2.56507e-05 0.10625 0.00169709 8.00429 1.46283 91.4016 12.4608 1127.67 46.9844 1227.08 58.5567 1227.08 58.5567 0.568631 0.00797189 
200 0.28 1508000000 538.916 13.4603 -58.9211 0.500185 3883.56 68.3658 2.26749e+07 1.01108e+06 -0.00134403 0.00194503 -0.00481691 0.00209155 0.0145655 0.000425845 0.000444359 2.56253e-05 0.10625 0.00169709 8.00429 1.46147 91.4016 12.4608 1127.67 46.9844 1227.08 58.5567 1227.08 58.5567 0.568631 0.00797189 
200 0.28 1508800000 538.916 13.4603 -58.9211 0.500185 3883.56 68.3658 2.26749e+07 1.01108e+06 -0.00134403 0.00194503 -0.00481691 0.00209155 0.0145655 0.000425845 0.000444359 2.56253e-05 0.10625 0.00169709 8.00429 1.46147 91.4016 12.4608 1127.67 46.9844 1227.08 58.5567 1227.08 58.5567 0.568631 0.00797189 
200 0.28 1509600000 538.916 13.4603 -58.9211 0.500185 3883.56 68.3658 2.26749e+07 1.01108e+06 -0.00134403 0.00194564 -0.00481691 0.00209155 0.0145655 0.000425845 0.000444359 2.55979e-05 0.10625 0.00169709 8.00429 1.45971 91.4016 12.4608 1127.67 46.9844 1227.08 58.5567 1227.08 58.5567 0.568631 0.00797189 
200 0.28 1510400000 538.916 13.4603 -58.9211 0.500185 3883.56 68.3658 2.26749e+07 1.01108e+06 -0.00134403 0.00194564 -0.00481691 0.00209155 0.0145655 0.000425845 0.000444359 2.55979e-05 0.10625 0.00169709 8.00429 1.45971 91.4016 12.4608 1127.67 46.9844 1227.08 58.5567 1227.08 58.5567 0.568631 0.00797189 
200 0.28 1511200000 538.916 13.4603 -58.9211 0.500185 3883.56 68.3658 2.26749e+07 1.01108e+06 -0.00134403 0.00194356 -0.00481691 0.00209155 0.0145655 0.000425845 0.000444359 2.55748e-05 0.10625 0.00169709 8.00429 1.45965 91.4016 12.4608 1127.67 46.9844 1227.08 58.5567 1227.08 58.5567 0.568631 0.00797189 
200 0.28 1512000000 538.916 13.4603 -58.9211 0.500185 3883.56 68.3658 2.26749e+07 1.01108e+06 -0.00134403 0.00194356 -0.00481691 0.00209155 0.0145655 0.000425845 0.000444359 2.55748e-05 0.10625 0.00169709 8.00429 1.45965 91.4016 12.4608 1127.67 46.9844 1227.08 58.5567 1227.08 58.5567 0.568631 0.00797189 
200 0.28 1512800000 538.916 13.4603 -58.9211 0.498021 3883.56 68.1258 2.26749e+07 1.0066e+06 -0.00134403 0.00194155 -0.00481691 0.00209155 0.0145655 0.000425845 0.000444359 2.5548e-05 0.10625 0.00169709 8.00429 1.45659 91.4016 12.4608 1127.67 46.9844 1227.08 58.5567 1227.08 58.5567 0.568631 0.00797189 
200 0.28 1513600000 538.916 13.4603 -58.9211 0.498021 3883.56 68.1258 2.26749e+07 1.0066e+06 -0.00134403 0.00194155 -0.00481691 0.00209155 0.0145655 0.000425845 0.000444359 2.5548e-05 0.10625 0.00169709 8.00429 1.45659 91.4016 12.4608 1127.67 46.9844 1227.08 58.5567 1227.08 58.5567 0.568631 0.00797189 
200 0.28 1514400000 538.916 13.4603 -58.9211 0.498021 3883.56 68.1258 2.26749e+07 1.0066e+06 -0.00134403 0.00194035 -0.00481691 0.00209155 0.0145655 0.000425845 0.000444359 2.55238e-05 0.10625 0.00169709 8.00429 1.45524 91.4016 12.4608 1127.67 46.9844 1227.08 58.5567 1227.08 58.5567 0.568631 0.00797189 
200 0.28 1515200000 538.916 13.4603 -58.9211 0.498021 3883.56 68.1258 2.26749e+07 1.0066e+06 -0.00134403 0.00194035 -0.00481691 0.00209155 0.0145655 0.000425845 0.000444359 2.55238e-05 0.10625 0.00169709 8.00429 1.45524 91.4016 12.4608 1127.67 46.9844 1227.08 58.5567 1227.08 58.5567 0.568631 0.00797189 
200 0.28 1516000000 538.916 13.4603 -58.9211 0.498021 3883.56 68.1258 2.26749e+07 1.0066e+06 -0.00134403 0.00193847 -0.00481691 0.00209155 0.0145655 0.000425845 0.000444359 2.54995e-05 0.10625 0.00169709 8.00429 1.4535 91.4016 12.4608 1127.67 46.9844 1227.08 58.5567 1227.08 58.5567 0.568631 0.00797189 
200 0.28 1516800000 538.916 13.4603 -58.9211 0.498021 3883.56 68.1258 2.26749e+07 1.0066e+06 -0.00134403 0.00193847 -0.00481691 0.00209155 0.0145655 0.000425845 0.000444359 2.54995e-05 0.10625 0.00169709 8.00429 1.4535 91.4016 12.4608 1127.67 46.9844 1227.08 58.5567 1227.08 58.5567 0.568631 0.00797189 
200 0.28 1517600000 538.916 13.4603 -58.9211 0.498021 3883.56 68.1258 2.26749e+07 1.0066e+06 -0.00134403 0.0019366 -0.00481691 0.00209155 0.0145655 0.000425845 0.000444359 2.5476e-05 0.10625 0.00169709 8.00429 1.45342 91.4016 12.4608 1127.67 46.9844 1227.08 58.5567 1227.08 58.5567 0.568631 0.00797189 
200 0.28 1518400000 538.916 13.4603 -58.9211 0.498021 3883.56 68.1258 2.26749e+07 1.0066e+06 -0.00134403 0.0019366 -0.00481691 0.00209155 0.0145655 0.000425845 0.000444359 2.5476e-05 0.10625 0.00169709 8.00429 1.45342 91.4016 12.4608 1127.67 46.9844 1227.08 58.5567 1227.08 58.5567 0.568631 0.00797189 
200 0.28 1519200000 538.916 13.4603 -58.9211 0.498021 3883.56 68.1258 2.26749e+07 1.0066e+06 -0.00134403 0.00193495 -0.00481691 0.00209155 0.0145655 0.000425845 0.000444359 2.54504e-05 0.10625 0.00169709 8.00429 1.45202 91.4016 12.4608 1127.67 46.9844 1227.08 58.5567 1227.08 58.5567 0.568631 0.00797189 
200 0.28 1520000000 538.916 13.4603 -58.9211 0.498021 3883.56 68.1258 2.26749e+07 1.0066e+06 -0.00134403 0.00193495 -0.00481691 0.00209155 0.0145655 0.000425845 0.000444359 2.54504e-05 0.10625 0.00169709 8.00429 1.45202 91.4016 12.4608 1127.67 46.9844 1227.08 58.5567 1227.08 58.5567 0.568631 0.00797189 
200 0.28 1520800000 538.916 13.4603 -58.9211 0.498021 3883.56 68.1258 2.26749e+07 1.0066e+06 -0.00134403 0.00193487 -0.00481691 0.00209155 0.0145655 0.000425845 0.000444359 2.54271e-05 0.10625 0.00169709 8.00429 1.45202 91.4016 12.4608 1127.67 46.9844 1227.08 58.5567 1227.08 58.5567 0.568631 0.00797189 
200 0.28 1521600000 538.916 13.4603 -58.9211 0.498021 3883.56 68.1258 2.26749e+07 1.0066e+06 -0.00134403 0.00193487 -0.00481691 0.00209155 0.0145655 0.000425845 0.000444359 2.54271e-05 0.10625 0.00169709 8.00429 1.45202 91.4016 12.4608 1127.67 46.9844 1227.08 58.5567 1227.08 58.5567 0.568631 0.00797189 
200 0.28 1522400000 538.916 13.4603 -58.9211 0.498021 3883.56 68.1258 2.26749e+07 1.0066e+06 -0.00134403 0.00193487 -0.00481691 0.00209155 0.0145655 0.000425845 0.000444359 2.54018e-05 0.10625 0.00169709 8.00429 1.45202 91.4016 12.4608 1127.67 46.9844 1227.08 58.5567 1227.08 58.5567 0.568631 0.00797189 
200 0.28 1523200000 538.916 13.4603 -58.9211 0.498021 3883.56 68.1258 2.26749e+07 1.0066e+06 -0.00134403 0.00193487 -0.00481691 0.00209155 0.0145655 0.000425845 0.000444359 2.54018e-05 0.10625 0.00169709 8.00429 1.45202 91.4016 12.4608 1127.67 46.9844 1227.08 58.5567 1227.08 58.5567 0.568631 0.00797189 
200 0.28 1524000000 538.916 13.4603 -58.9211 0.498021 3883.56 68.1258 2.26749e+07 1.0066e+06 -0.00134403 0.00193487 -0.00481691 0.00209155 0.0145655 0.000425845 0.000444359 2.53789e-05 0.10625 0.00169709 8.00429 1.45202 91.4016 12.4608 1127.67 46.9844 1227.08 58.5567 1227.08 58.5567 0.568631 0.00797189 
200 0.28 1524800000 538.916 13.4603 -58.9211 0.498021 3883.56 68.1258 2.26749e+07 1.0066e+06 -0.00134403 0.00193487 -0.00481691 0.00209155 0.0145655 0.000425845 0.000444359 2.53789e-05 0.10625 0.00169709 8.00429 1.45202 91.4016 12.4608 1127.67 46.9844 1227.08 58.5567 1227.08 58.5567 0.568631 0.00797189 
200 0.28 1525600000 538.916 13.4603 -58.9211 0.495557 3883.56 67.8575 2.26749e+07 1.00147e+06 -0.00134403 0.00193487 -0.00481691 0.00205647 0.0145655 0.000425845 0.000444359 2.53536e-05 0.10625 0.00169709 8.00429 1.45202 91.4016 12.4608 1127.67 46.9844 1227.08 58.5567 1227.08 58.5567 0.568631 0.00797189 
200 0.28 1526400000 538.916 13.4603 -58.9211 0.495557 3883.56 67.8575 2.26749e+07 1.00147e+06 -0.00134403 0.00193487 -0.00481691 0.00205647 0.0145655 0.000425845 0.000444359 2.53536e-05 0.10625 0.00169709 8.00429 1.45202 91.4016 12.4608 1127.67 46.9844 1227.08 58.5567 1227.08 58.5567 0.568631 0.00797189 
200 0.28 1527200000 538.916 13.4603 -58.9211 0.495557 3883.56 67.8575 2.26749e+07 1.00147e+06 -0.00134403 0.00193487 -0.00481691 0.00205647 0.0145655 0.000425845 0.000444359 2.533e-05 0.10625 0.00169709 8.00429 1.45202 91.4016 12.4608 1127.67 46.9844 1227.08 58.5567 1227.08 58.5567 0.568631 0.00797189 
200 0.28 1528000000 538.916 13.4603 -58.9211 0.495557 3883.56 67.8575 2.26749e+07 1.00147e+06 -0.00134403 0.00193487 -0.00481691 0.00205647 0.0145655 0.000425845 0.000444359 2.533e-05 0.10625 0.00169709 8.00429 1.45202 91.4016 12.4608 1127.67 46.9844 1227.08 58.5567 1227.08 58.5567 0.568631 0.00797189 
200 0.28 1528800000 538.916 13.4603 -58.9211 0.495557 3883.56 67.8575 2.26749e+07 1.00147e+06 -0.00134403 0.00193487 -0.00481691 0.00205647 0.0145655 0.000425845 0.000444359 2.53052e-05 0.10625 0.00169709 8.00429 1.45202 91.4016 12.4608 1127.67 46.9844 1227.08 58.5567 1227.08 58.5567 0.568631 0.00797189 
200 0.28 1529600000 538.916 13.4603 -58.9211 0.495557 3883.56 67.8575 2.26749e+07 1.00147e+06 -0.00134403 0.00193487 -0.00481691 0.00205647 0.0145655 0.000425845 0.000444359 2.53052e-05 0.10625 0.00169709 8.00429 1.45202 91.4016 12.4608 1127.67 46.9844 1227.08 58.5567 1227.08 58.5567 0.568631 0.00797189 
200 0.28 1530400000 538.916 13.4603 -58.9211 0.495557 3883.56 67.8575 2.26749e+07 1.00147e+06 -0.00134403 0.00193487 -0.00481691 0.00205647 0.0145655 0.000425845 0.000444359 2.52788e-05 0.10625 0.00169709 8.00429 1.45202 91.4016 12.4608 1127.67 46.9844 1227.08 58.5567 1227.08 58.5567 0.568631 0.00797189 
200 0.28 1531200000 538.916 13.4603 -58.9211 0.495557 3883.56 67.8575 2.26749e+07 1.00147e+06 -0.00134403 0.00193487 -0.00481691 0.00205647 0.0145655 0.000425845 0.000444359 2.52788e-05 0.10625 0.00169709 8.00429 1.45202 91.4016 12.4608 1127.67 46.9844 1227.08 58.5567 1227.08 58.5567 0.568631 0.00797189 
200 0.28 1532000000 538.916 13.4603 -58.9211 0.495557 3883.56 67.8575 2.26749e+07 1.00147e+06 -0.00134403 0.00193487 -0.00481691 0.00205647 0.0145655 0.000425845 0.000444359 2.52534e-05 0.10625 0.00169709 8.00429 1.45202 91.4016 12.4608 1127.67 46.9844 1227.08 58.5567 1227.08 58.5567 0.568631 0.00797189 
200 0.28 1532800000 538.916 13.4603 -58.9211 0.495557 3883.56 67.8575 2.26749e+07 1.00147e+06 -0.00134403 0.00193487 -0.00481691 0.00205647 0.0145655 0.000425845 0.000444359 2.52534e-05 0.10625 0.00169709 8.00429 1.45202 91.4016 12.4608 1127.67 46.9844 1227.08 58.5567 1227.08 58.5567 0.568631 0.00797189 
200 0.28 1533600000 538.916 13.4603 -58.9211 0.495557 3883.56 67.8575 2.26749e+07 1.00147e+06 -0.00134403 0.00193487 -0.00481691 0.00205647 0.0145655 0.000425845 0.000444359 2.52268e-05 0.10625 0.00169709 8.00429 1.45202 91.4016 12.4608 1127.67 46.9844 1227.08 58.5567 1227.08 58.5567 0.568631 0.00797189 
200 0.28 1534400000 538.916 13.4603 -58.9211 0.495557 3883.56 67.8575 2.26749e+07 1.00147e+06 -0.00134403 0.00193487 -0.00481691 0.00205647 0.0145655 0.000425845 0.000444359 2.52268e-05 0.10625 0.00169709 8.00429 1.45202 91.4016 12.4608 1127.67 46.9844 1227.08 58.5567 1227.08 58.5567 0.568631 0.00797189 
200 0.28 1535200000 538.916 13.4603 -58.9211 0.495557 3883.56 67.8575 2.26749e+07 1.00147e+06 -0.00134403 0.00193487 -0.00481691 0.00205647 0.0145655 0.000425845 0.000444359 2.52027e-05 0.10625 0.00169709 8.00429 1.45202 91.4016 12.4608 1127.67 46.9844 1227.08 58.5567 1227.08 58.5567 0.568631 0.00797189 
200 0.28 1536000000 538.916 13.4603 -58.9211 0.495557 3883.56 67.8575 2.26749e+07 1.00147e+06 -0.00134403 0.00193487 -0.00481691 0.00205647 0.0145655 0.000425845 0.000444359 2.52027e-05 0.10625 0.00169709 8.00429 1.45202 91.4016 12.4608 1127.67 46.9844 1227.08 58.5567 1227.08 58.5567 0.568631 0.00797189 
200 0.28 1536800000 538.916 13.4603 -58.9211 0.495557 3883.56 67.8575 2.26749e+07 1.00147e+06 -0.00134403 0.00193487 -0.00481691 0.00205647 0.0145655 0.000425845 0.000444359 2.51783e-05 0.10625 0.00169709 8.00429 1.45202 91.4016 12.4608 1127.67 46.9844 1227.08 58.5567 1227.08 58.5567 0.568631 0.00797189 
200 0.28 1537600000 538.916 13.4603 -58.9211 0.495557 3883.56 67.8575 2.26749e+07 1.00147e+06 -0.00134403 0.00193487 -0.00481691 0.00205647 0.0145655 0.000425845 0.000444359 2.51783e-05 0.10625 0.00169709 8.00429 1.45202 91.4016 12.4608 1127.67 46.9844 1227.08 58.5567 1227.08 58.5567 0.568631 0.00797189 
200 0.28 1538400000 538.916 13.4603 -58.9211 0.491395 3883.56 67.2879 2.26749e+07 993057 -0.00134403 0.00193487 -0.00481691 0.00205647 0.0145655 0.000425845 0.000444359 2.5155e-05 0.10625 0.00169709 8.00429 1.45202 91.4016 12.4608 1127.67 46.9844 1227.08 58.5567 1227.08 58.5567 0.568631 0.00797189 
200 0.28 1539200000 538.916 13.4603 -58.9211 0.491395 3883.56 67.2879 2.26749e+07 993057 -0.00134403 0.00193487 -0.00481691 0.00205647 0.0145655 0.000425845 0.000444359 2.5155e-05 0.10625 0.00169709 8.00429 1.45202 91.4016 12.4608 1127.67 46.9844 1227.08 58.5567 1227.08 58.5567 0.568631 0.00797189 
200 0.28 1540000000 538.916 13.4603 -58.9211 0.491395 3883.56 67.2879 2.26749e+07 993057 -0.00134403 0.00193487 -0.00481691 0.00205647 0.0145655 0.000425845 0.000444359 2.51287e-05 0.10625 0.00169709 8.00429 1.45202 91.4016 12.4608 1127.67 46.9844 1227.08 58.5567 1227.08 58.5567 0.568631 0.00797189 
200 0.28 1540800000 538.916 13.4603 -58.9211 0.491395 3883.56 67.2879 2.26749e+07 993057 -0.00134403 0.00193487 -0.00481691 0.00205647 0.0145655 0.000425845 0.000444359 2.51287e-05 0.10625 0.00169709 8.00429 1.45202 91.4016 12.4608 1127.67 46.9844 1227.08 58.5567 1227.08 58.5567 0.568631 0.00797189 
200 0.28 1541600000 538.916 13.4603 -58.9211 0.491395 3883.56 67.2879 2.26749e+07 993057 -0.00134403 0.00193487 -0.00481691 0.00205647 0.0145655 0.000425845 0.000444359 2.51024e-05 0.10625 0.00169709 8.00429 1.45202 91.4016 12.4608 1127.67 46.9844 1227.08 58.5567 1227.08 58.5567 0.568631 0.00797189 
200 0.28 1542400000 538.916 13.4603 -58.9211 0.491395 3883.56 67.2879 2.26749e+07 993057 -0.00134403 0.00193487 -0.00481691 0.00205647 0.0145655 0.000425845 0.000444359 2.51024e-05 0.10625 0.00169709 8.00429 1.45202 91.4016 12.4608 1127.67 46.9844 1227.08 58.5567 1227.08 58.5567 0.568631 0.00797189 
200 0.28 1543200000 538.916 13.4603 -58.9211 0.491395 3883.56 67.2879 2.26749e+07 993057 -0.00134403 0.00193487 -0.00481691 0.00205647 0.0145655 0.000425845 0.000444359 2.50837e-05 0.10625 0.00169709 8.00429 1.45202 91.4016 12.4608 1127.67 46.9844 1227.08 58.5567 1227.08 58.5567 0.568631 0.00797189 
200 0.28 1544000000 538.916 13.4603 -58.9211 0.491395 3883.56 67.2879 2.26749e+07 993057 -0.00134403 0.00193487 -0.00481691 0.00205647 0.0145655 0.000425845 0.000444359 2.50837e-05 0.10625 0.00169709 8.00429 1.45202 91.4016 12.4608 1127.67 46.9844 1227.08 58.5567 1227.08 58.5567 0.568631 0.00797189 
200 0.28 1544800000 538.916 13.4603 -58.9211 0.491395 3883.56 67.2879 2.26749e+07 993057 -0.00134403 0.00193487 -0.00481691 0.00205647 0.0145655 0.000425845 0.000444359 2.50575e-05 0.10625 0.00169709 8.00429 1.45202 91.4016 12.4608 1127.67 46.9844 1227.08 58.5567 1227.08 58.5567 0.568631 0.00797189 
200 0.28 1545600000 538.916 13.4603 -58.9211 0.491395 3883.56 67.2879 2.26749e+07 993057 -0.00134403 0.00193487 -0.00481691 0.00205647 0.0145655 0.000425845 0.000444359 2.50575e-05 0.10625 0.00169709 8.00429 1.45202 91.4016 12.4608 1127.67 46.9844 1227.08 58.5567 1227.08 58.5567 0.568631 0.00797189 
200 0.28 1546400000 538.916 13.4603 -58.9211 0.491395 3883.56 67.2879 2.26749e+07 993057 -0.00134403 0.00193487 -0.00481691 0.00205647 0.0145655 0.000425845 0.000444359 2.51191e-05 0.10625 0.00169709 8.00429 1.45202 91.4016 12.4608 1127.67 46.9844 1227.08 58.5567 1227.08 58.5567 0.568631 0.00797189 
200 0.28 1547200000 538.916 13.4603 -58.9211 0.491395 3883.56 67.2879 2.26749e+07 993057 -0.00134403 0.00193487 -0.00481691 0.00205647 0.0145655 0.000425845 0.000444359 2.51191e-05 0.10625 0.00169709 8.00429 1.45202 91.4016 12.4608 1127.67 46.9844 1227.08 58.5567 1227.08 58.5567 0.568631 0.00797189 
200 0.28 1548000000 538.916 13.4603 -58.9211 0.491395 3883.56 67.2879 2.26749e+07 993057 -0.00134403 0.00193487 -0.00481691 0.00205647 0.0145655 0.000425845 0.000444359 2.5096e-05 0.10625 0.00169709 8.00429 1.45202 91.4016 12.4608 1127.67 46.9844 1227.08 58.5567 1227.08 58.5567 0.568631 0.00797189 
200 0.28 1548800000 538.916 13.4603 -58.9211 0.491395 3883.56 67.2879 2.26749e+07 993057 -0.00134403 0.00193487 -0.00481691 0.00205647 0.0145655 0.000425845 0.000444359 2.5096e-05 0.10625 0.00169709 8.00429 1.45202 91.4016 12.4608 1127.67 46.9844 1227.08 58.5567 1227.08 58.5567 0.568631 0.00797189 
200 0.28 1549600000 538.916 13.4603 -58.9211 0.491395 3883.56 67.2879 2.26749e+07 993057 -0.00134403 0.00193487 -0.00481691 0.00205647 0.0145655 0.000425845 0.000444359 2.50723e-05 0.10625 0.00169709 8.00429 1.45202 91.4016 12.4608 1127.67 46.9844 1227.08 58.5567 1227.08 58.5567 0.568631 0.00797189 
200 0.28 1550400000 538.916 13.4603 -58.9211 0.491395 3883.56 67.2879 2.26749e+07 993057 -0.00134403 0.00193487 -0.00481691 0.00205647 0.0145655 0.000425845 0.000444359 2.50723e-05 0.10625 0.00169709 8.00429 1.45202 91.4016 12.4608 1127.67 46.9844 1227.08 58.5567 1227.08 58.5567 0.568631 0.00797189 
200 0.28 1551200000 537.286 13.4603 -58.7758 0.487316 3861.77 66.729 2.23555e+07 984783 -0.00137106 0.00196854 -0.00489359 0.00202407 0.014418 0.000425845 0.000433934 2.50489e-05 0.105804 0.00169709 7.85642 1.42028 87.3157 12.4608 1110.49 46.8283 1205.67 58.5567 1205.67 58.5567 0.565442 0.00805306 
200 0.28 1552000000 537.286 13.4603 -58.7758 0.487316 3861.77 66.729 2.23555e+07 984783 -0.00137106 0.00196854 -0.00489359 0.00202407 0.014418 0.000425845 0.000433934 2.50489e-05 0.105804 0.00169709 7.85642 1.42028 87.3157 12.4608 1110.49 46.8283 1205.67 58.5567 1205.67 58.5567 0.565442 0.00805306 
200 0.28 1552800000 537.286 13.4603 -58.7758 0.487316 3861.77 66.729 2.23555e+07 984783 -0.00137106 0.00196854 -0.00489359 0.00202407 0.014418 0.000425845 0.000433934 2.50265e-05 0.105804 0.00169709 7.85642 1.41901 87.3157 12.4608 1110.49 46.8283 1205.67 58.5567 1205.67 58.5567 0.565442 0.00805306 
200 0.28 1553600000 537.286 13.4603 -58.7758 0.487316 3861.77 66.729 2.23555e+07 984783 -0.00137106 0.00196854 -0.00489359 0.00202407 0.014418 0.000425845 0.000433934 2.50265e-05 0.105804 0.00169709 7.85642 1.41901 87.3157 12.4608 1110.49 46.8283 1205.67 58.5567 1205.67 58.5567 0.565442 0.00805306 
200 0.28 1554400000 537.286 13.4603 -58.7758 0.487316 3861.77 66.729 2.23555e+07 984783 -0.00137106 0.00196854 -0.00489359 0.00202407 0.014418 0.000425845 0.000433934 2.50028e-05 0.105804 0.00169709 7.85642 1.41734 87.3157 12.4608 1110.49 46.8283 1205.67 58.5567 1205.67 58.5567 0.565442 0.00805306 
200 0.28 1555200000 537.286 13.4603 -58.7758 0.487316 3861.77 66.729 2.23555e+07 984783 -0.00137106 0.00196854 -0.00489359 0.00202407 0.014418 0.000425845 0.000433934 2.50028e-05 0.105804 0.00169709 7.85642 1.41734 87.3157 12.4608 1110.49 46.8283 1205.67 58.5567 1205.67 58.5567 0.565442 0.00805306 
200 0.28 1556000000 537.286 13.4603 -58.7758 0.487316 3861.77 66.729 2.23555e+07 984783 -0.00137106 0.00196854 -0.00489359 0.00202407 0.014418 0.000425845 0.000433934 2.4977e-05 0.105804 0.00169709 7.85642 1.41734 87.3157 12.4608 1110.49 46.8283 1205.67 58.5567 1205.67 58.5567 0.565442 0.00805306 
200 0.28 1556800000 537.286 13.4603 -58.7758 0.487316 3861.77 66.729 2.23555e+07 984783 -0.00137106 0.00196854 -0.00489359 0.00202407 0.014418 0.000425845 0.000433934 2.4977e-05 0.105804 0.00169709 7.85642 1.41734 87.3157 12.4608 1110.49 46.8283 1205.67 58.5567 1205.67 58.5567 0.565442 0.00805306 
200 0.28 1557600000 537.286 13.4603 -58.7758 0.487316 3861.77 66.729 2.23555e+07 984783 -0.00137106 0.00196854 -0.00489359 0.00202407 0.014418 0.000425845 0.000433934 2.49535e-05 0.105804 0.00169709 7.85642 1.4144 87.3157 12.4608 1110.49 46.8283 1205.67 58.5567 1205.67 58.5567 0.565442 0.00805306 
200 0.28 1558400000 537.286 13.4603 -58.7758 0.487316 3861.77 66.729 2.23555e+07 984783 -0.00137106 0.00196854 -0.00489359 0.00202407 0.014418 0.000425845 0.000433934 2.49535e-05 0.105804 0.00169709 7.85642 1.4144 87.3157 12.4608 1110.49 46.8283 1205.67 58.5567 1205.67 58.5567 0.565442 0.00805306 
200 0.28 1559200000 537.286 13.4603 -58.7758 0.487316 3861.77 66.729 2.23555e+07 984783 -0.00137106 0.00196854 -0.00489359 0.00202407 0.014418 0.000425845 0.000433934 2.49316e-05 0.105804 0.00169709 7.85642 1.41314 87.3157 12.4608 1110.49 46.8283 1205.67 58.5567 1205.67 58.5567 0.565442 0.00805306 
200 0.28 1560000000 537.286 13.4603 -58.7758 0.487316 3861.77 66.729 2.23555e+07 984783 -0.00137106 0.00196854 -0.00489359 0.00202407 0.014418 0.000425845 0.000433934 2.49316e-05 0.105804 0.00169709 7.85642 1.41314 87.3157 12.4608 1110.49 46.8283 1205.67 58.5567 1205.67 58.5567 0.565442 0.00805306 
200 0.28 1560800000 537.286 13.4603 -58.7758 0.487316 3861.77 66.729 2.23555e+07 984783 -0.00137106 0.00196854 -0.00489359 0.00202407 0.014418 0.000425845 0.000433934 2.49078e-05 0.105804 0.00169709 7.85642 1.41148 87.3157 12.4608 1110.49 46.8283 1205.67 58.5567 1205.67 58.5567 0.565442 0.00805306 
200 0.28 1561600000 537.286 13.4603 -58.7758 0.487316 3861.77 66.729 2.23555e+07 984783 -0.00137106 0.00196854 -0.00489359 0.00202407 0.014418 0.000425845 0.000433934 2.49078e-05 0.105804 0.00169709 7.85642 1.41148 87.3157 12.4608 1110.49 46.8283 1205.67 58.5567 1205.67 58.5567 0.565442 0.00805306 
200 0.28 1562400000 537.286 13.4603 -58.7758 0.487316 3861.77 66.729 2.23555e+07 984783 -0.00137106 0.00196854 -0.00489359 0.00202407 0.014418 0.000425845 0.000433934 2.48846e-05 0.105804 0.00169709 7.85642 1.41148 87.3157 12.4608 1110.49 46.8283 1205.67 58.5567 1205.67 58.5567 0.565442 0.00805306 
200 0.28 1563200000 537.286 13.4603 -58.7758 0.487316 3861.77 66.729 2.23555e+07 984783 -0.00137106 0.00196854 -0.00489359 0.00202407 0.014418 0.000425845 0.000433934 2.48846e-05 0.105804 0.00169709 7.85642 1.41148 87.3157 12.4608 1110.49 46.8283 1205.67 58.5567 1205.67 58.5567 0.565442 0.00805306 
200 0.28 1564000000 537.286 13.4603 -58.7758 0.48332 3861.77 66.2263 2.23555e+07 978457 -0.00137106 0.00196854 -0.00489359 0.00202407 0.014418 0.000425845 0.000433934 2.48616e-05 0.105804 0.00169709 7.85642 1.40857 87.3157 12.4608 1110.49 46.8283 1205.67 58.5567 1205.67 58.5567 0.565442 0.00805306 
200 0.28 1564800000 537.286 13.4603 -58.7758 0.48332 3861.77 66.2263 2.23555e+07 978457 -0.00137106 0.00196854 -0.00489359 0.00202407 0.014418 0.000425845 0.000433934 2.48616e-05 0.105804 0.00169709 7.85642 1.40857 87.3157 12.4608 1110.49 46.8283 1205.67 58.5567 1205.67 58.5567 0.565442 0.00805306 
200 0.28 1565600000 537.286 13.4603 -58.7758 0.48332 3861.77 66.2263 2.23555e+07 978457 -0.00137106 0.00196854 -0.00489359 0.00202407 0.014418 0.000425845 0.000433934 2.4838e-05 0.105804 0.00169709 7.85642 1.40732 87.3157 12.4608 1110.49 46.8283 1205.67 58.5567 1205.67 58.5567 0.565442 0.00805306 
200 0.28 1566400000 537.286 13.4603 -58.7758 0.48332 3861.77 66.2263 2.23555e+07 978457 -0.00137106 0.00196854 -0.00489359 0.00202407 0.014418 0.000425845 0.000433934 2.4838e-05 0.105804 0.00169709 7.85642 1.40732 87.3157 12.4608 1110.49 46.8283 1205.67 58.5567 1205.67 58.5567 0.565442 0.00805306 
200 0.28 1567200000 537.286 13.4603 -58.7758 0.48332 3861.77 66.2263 2.23555e+07 978457 -0.00137106 0.00196854 -0.00489359 0.00202407 0.014418 0.000425845 0.000433934 2.48157e-05 0.105804 0.00169709 7.85642 1.40572 87.3157 12.4608 1110.49 46.8283 1205.67 58.5567 1205.67 58.5567 0.565442 0.00805306 
200 0.28 1568000000 537.286 13.4603 -58.7758 0.48332 3861.77 66.2263 2.23555e+07 978457 -0.00137106 0.00196854 -0.00489359 0.00202407 0.014418 0.000425845 0.000433934 2.48157e-05 0.105804 0.00169709 7.85642 1.40572 87.3157 12.4608 1110.49 46.8283 1205.67 58.5567 1205.67 58.5567 0.565442 0.00805306 
200 0.28 1568800000 537.286 13.4603 -58.7758 0.48332 3861.77 66.2263 2.23555e+07 978457 -0.00137106 0.00196854 -0.00489359 0.00202407 0.014418 0.000425845 0.000433934 2.48086e-05 0.105804 0.00169709 7.85642 1.40572 87.3157 12.4608 1110.49 46.8283 1205.67 58.5567 1205.67 58.5567 0.565442 0.00805306 
200 0.28 1569600000 537.286 13.4603 -58.7758 0.48332 3861.77 66.2263 2.23555e+07 978457 -0.00137106 0.00196854 -0.00489359 0.00202407 0.014418 0.000425845 0.000433934 2.48086e-05 0.105804 0.00169709 7.85642 1.40572 87.3157 12.4608 1110.49 46.8283 1205.67 58.5567 1205.67 58.5567 0.565442 0.00805306 
200 0.28 1570400000 537.286 13.4603 -58.7758 0.48332 3861.77 66.2263 2.23555e+07 978457 -0.00137106 0.00196854 -0.00489359 0.00202407 0.014418 0.000425845 0.000433934 2.50986e-05 0.105804 0.00169709 7.85642 1.40572 87.3157 12.4608 1110.49 46.8283 1205.67 58.5567 1205.67 58.5567 0.565442 0.00805306 
200 0.28 1571200000 537.286 13.4603 -58.7758 0.48332 3861.77 66.2263 2.23555e+07 978457 -0.00137106 0.00196854 -0.00489359 0.00202407 0.014418 0.000425845 0.000433934 2.50986e-05 0.105804 0.00169709 7.85642 1.40572 87.3157 12.4608 1110.49 46.8283 1205.67 58.5567 1205.67 58.5567 0.565442 0.00805306 
200 0.28 1572000000 537.286 13.4603 -58.7758 0.48332 3861.77 66.2263 2.23555e+07 978457 -0.00137106 0.00196854 -0.00489359 0.00202407 0.014418 0.000425845 0.000433934 2.50728e-05 0.105804 0.00169709 7.85642 1.40572 87.3157 12.4608 1110.49 46.8283 1205.67 58.5567 1205.67 58.5567 0.565442 0.00805306 
200 0.28 1572800000 537.286 13.4603 -58.7758 0.48332 3861.77 66.2263 2.23555e+07 978457 -0.00137106 0.00196854 -0.00489359 0.00202407 0.014418 0.000425845 0.000433934 2.50728e-05 0.105804 0.00169709 7.85642 1.40572 87.3157 12.4608 1110.49 46.8283 1205.67 58.5567 1205.67 58.5567 0.565442 0.00805306 
200 0.28 1573600000 537.286 13.4603 -58.7758 0.48332 3861.77 66.2263 2.23555e+07 978457 -0.00137106 0.00196854 -0.00489359 0.00202407 0.014418 0.000425845 0.000433934 2.50486e-05 0.105804 0.00169709 7.85642 1.40572 87.3157 12.4608 1110.49 46.8283 1205.67 58.5567 1205.67 58.5567 0.565442 0.00805306 
200 0.28 1574400000 537.286 13.4603 -58.7758 0.48332 3861.77 66.2263 2.23555e+07 978457 -0.00137106 0.00196854 -0.00489359 0.00202407 0.014418 0.000425845 0.000433934 2.50486e-05 0.105804 0.00169709 7.85642 1.40572 87.3157 12.4608 1110.49 46.8283 1205.67 58.5567 1205.67 58.5567 0.565442 0.00805306 
200 0.28 1575200000 537.286 13.4603 -58.7758 0.48332 3861.77 66.2263 2.23555e+07 978457 -0.00137106 0.00196854 -0.00489359 0.00202407 0.014418 0.000425845 0.000433934 2.50267e-05 0.105804 0.00169709 7.85642 1.40572 87.3157 12.4608 1110.49 46.8283 1205.67 58.5567 1205.67 58.5567 0.565442 0.00805306 
200 0.28 1576000000 537.286 13.4603 -58.7758 0.48332 3861.77 66.2263 2.23555e+07 978457 -0.00137106 0.00196854 -0.00489359 0.00202407 0.014418 0.000425845 0.000433934 2.50267e-05 0.105804 0.00169709 7.85642 1.40572 87.3157 12.4608 1110.49 46.8283 1205.67 58.5567 1205.67 58.5567 0.565442 0.00805306 
200 0.28 1576800000 537.286 13.4603 -58.7758 0.479929 3861.77 65.7757 2.23555e+07 971122 -0.00137106 0.00196854 -0.00489359 0.00199143 0.014418 0.000425845 0.000433934 2.50045e-05 0.105804 0.00169709 7.85642 1.40572 87.3157 12.4608 1110.49 46.8283 1205.67 58.5567 1205.67 58.5567 0.565442 0.00805306 
200 0.28 1577600000 537.286 13.4603 -58.7758 0.479929 3861.77 65.7757 2.23555e+07 971122 -0.00137106 0.00196854 -0.00489359 0.00199143 0.014418 0.000425845 0.000433934 2.50045e-05 0.105804 0.00169709 7.85642 1.40572 87.3157 12.4608 1110.49 46.8283 1205.67 58.5567 1205.67 58.5567 0.565442 0.00805306 
200 0.28 1578400000 537.286 13.4603 -58.7758 0.479929 3861.77 65.7757 2.23555e+07 971122 -0.00137106 0.00196854 -0.00489359 0.00199143 0.014418 0.000425845 0.000433934 2.49829e-05 0.105804 0.00169709 7.85642 1.40572 87.3157 12.4608 1110.49 46.8283 1205.67 58.5567 1205.67 58.5567 0.565442 0.00805306 
200 0.28 1579200000 537.286 13.4603 -58.7758 0.479929 3861.77 65.7757 2.23555e+07 971122 -0.00137106 0.00196854 -0.00489359 0.00199143 0.014418 0.000425845 0.000433934 2.49829e-05 0.105804 0.00169709 7.85642 1.40572 87.3157 12.4608 1110.49 46.8283 1205.67 58.5567 1205.67 58.5567 0.565442 0.00805306 
200 0.28 1580000000 537.286 13.4603 -58.7758 0.479929 3861.77 65.7757 2.23555e+07 971122 -0.00137106 0.00196854 -0.00489359 0.00199143 0.014418 0.000425845 0.000433934 2.49576e-05 0.105804 0.00169709 7.85642 1.40572 87.3157 12.4608 1110.49 46.8283 1205.67 58.5567 1205.67 58.5567 0.565442 0.00805306 
200 0.28 1580800000 537.286 13.4603 -58.7758 0.479929 3861.77 65.7757 2.23555e+07 971122 -0.00137106 0.00196854 -0.00489359 0.00199143 0.014418 0.000425845 0.000433934 2.49576e-05 0.105804 0.00169709 7.85642 1.40572 87.3157 12.4608 1110.49 46.8283 1205.67 58.5567 1205.67 58.5567 0.565442 0.00805306 
200 0.28 1581600000 537.286 13.4603 -58.7758 0.479929 3861.77 65.7757 2.23555e+07 971122 -0.00137106 0.00196854 -0.00489359 0.00199143 0.014418 0.000425845 0.000433934 2.49359e-05 0.105804 0.00169709 7.85642 1.40572 87.3157 12.4608 1110.49 46.8283 1205.67 58.5567 1205.67 58.5567 0.565442 0.00805306 
200 0.28 1582400000 537.286 13.4603 -58.7758 0.479929 3861.77 65.7757 2.23555e+07 971122 -0.00137106 0.00196854 -0.00489359 0.00199143 0.014418 0.000425845 0.000433934 2.49359e-05 0.105804 0.00169709 7.85642 1.40572 87.3157 12.4608 1110.49 46.8283 1205.67 58.5567 1205.67 58.5567 0.565442 0.00805306 
200 0.28 1583200000 537.286 13.4603 -58.7758 0.479929 3861.77 65.7757 2.23555e+07 971122 -0.00137106 0.00196854 -0.00489359 0.00199143 0.014418 0.000425845 0.000433934 2.49112e-05 0.105804 0.00169709 7.85642 1.40572 87.3157 12.4608 1110.49 46.8283 1205.67 58.5567 1205.67 58.5567 0.565442 0.00805306 
200 0.28 1584000000 537.286 13.4603 -58.7758 0.479929 3861.77 65.7757 2.23555e+07 971122 -0.00137106 0.00196854 -0.00489359 0.00199143 0.014418 0.000425845 0.000433934 2.49112e-05 0.105804 0.00169709 7.85642 1.40572 87.3157 12.4608 1110.49 46.8283 1205.67 58.5567 1205.67 58.5567 0.565442 0.00805306 
200 0.28 1584800000 537.286 13.4603 -58.7758 0.479929 3861.77 65.7757 2.23555e+07 971122 -0.00137106 0.00196854 -0.00489359 0.00199143 0.014418 0.000425845 0.000433934 2.48895e-05 0.105804 0.00169709 7.85642 1.40572 87.3157 12.4608 1110.49 46.8283 1205.67 58.5567 1205.67 58.5567 0.565442 0.00805306 
200 0.28 1585600000 537.286 13.4603 -58.7758 0.479929 3861.77 65.7757 2.23555e+07 971122 -0.00137106 0.00196854 -0.00489359 0.00199143 0.014418 0.000425845 0.000433934 2.48895e-05 0.105804 0.00169709 7.85642 1.40572 87.3157 12.4608 1110.49 46.8283 1205.67 58.5567 1205.67 58.5567 0.565442 0.00805306 
200 0.28 1586400000 537.286 13.4603 -58.7758 0.479929 3861.77 65.7757 2.23555e+07 971122 -0.00137106 0.00196854 -0.00489359 0.00199143 0.014418 0.000425845 0.000433934 2.487e-05 0.105804 0.00169709 7.85642 1.40572 87.3157 12.4608 1110.49 46.8283 1205.67 58.5567 1205.67 58.5567 0.565442 0.00805306 
200 0.28 1587200000 537.286 13.4603 -58.7758 0.479929 3861.77 65.7757 2.23555e+07 971122 -0.00137106 0.00196854 -0.00489359 0.00199143 0.014418 0.000425845 0.000433934 2.487e-05 0.105804 0.00169709 7.85642 1.40572 87.3157 12.4608 1110.49 46.8283 1205.67 58.5567 1205.67 58.5567 0.565442 0.00805306 
200 0.28 1588000000 537.286 13.4603 -58.7758 0.479929 3861.77 65.7757 2.23555e+07 971122 -0.00137106 0.00196854 -0.00489359 0.00199143 0.014418 0.000425845 0.000433934 2.48476e-05 0.105804 0.00169709 7.85642 1.40572 87.3157 12.4608 1110.49 46.8283 1205.67 58.5567 1205.67 58.5567 0.565442 0.00805306 
200 0.28 1588800000 537.286 13.4603 -58.7758 0.479929 3861.77 65.7757 2.23555e+07 971122 -0.00137106 0.00196854 -0.00489359 0.00199143 0.014418 0.000425845 0.000433934 2.48476e-05 0.105804 0.00169709 7.85642 1.40572 87.3157 12.4608 1110.49 46.8283 1205.67 58.5567 1205.67 58.5567 0.565442 0.00805306 
200 0.28 1589600000 537.286 13.4603 -58.7758 0.478007 3861.77 65.5115 2.23555e+07 966107 -0.00137106 0.00196854 -0.00489359 0.00199143 0.014418 0.000425845 0.000433934 2.48231e-05 0.105804 0.00169709 7.85642 1.40572 87.3157 12.4608 1110.49 46.8283 1205.67 58.5567 1205.67 58.5567 0.565442 0.00805306 
200 0.28 1590400000 537.286 13.4603 -58.7758 0.478007 3861.77 65.5115 2.23555e+07 966107 -0.00137106 0.00196854 -0.00489359 0.00199143 0.014418 0.000425845 0.000433934 2.48231e-05 0.105804 0.00169709 7.85642 1.40572 87.3157 12.4608 1110.49 46.8283 1205.67 58.5567 1205.67 58.5567 0.565442 0.00805306 
200 0.28 1591200000 537.286 13.4603 -58.7758 0.478007 3861.77 65.5115 2.23555e+07 966107 -0.00137106 0.00196854 -0.00489359 0.00199143 0.014418 0.000425845 0.000433934 2.4805e-05 0.105804 0.00169709 7.85642 1.40572 87.3157 12.4608 1110.49 46.8283 1205.67 58.5567 1205.67 58.5567 0.565442 0.00805306 
200 0.28 1592000000 537.286 13.4603 -58.7758 0.478007 3861.77 65.5115 2.23555e+07 966107 -0.00137106 0.00196854 -0.00489359 0.00199143 0.014418 0.000425845 0.000433934 2.4805e-05 0.105804 0.00169709 7.85642 1.40572 87.3157 12.4608 1110.49 46.8283 1205.67 58.5567 1205.67 58.5567 0.565442 0.00805306 
200 0.28 1592800000 537.286 13.4603 -58.7758 0.478007 3861.77 65.5115 2.23555e+07 966107 -0.00137106 0.00196854 -0.00489359 0.00199143 0.014418 0.000425845 0.000433934 2.4805e-05 0.105804 0.00169709 7.85642 1.40572 87.3157 12.4608 1110.49 46.8283 1205.67 58.5567 1205.67 58.5567 0.565442 0.00805306 
200 0.28 1593600000 537.286 13.4603 -58.7758 0.478007 3861.77 65.5115 2.23555e+07 966107 -0.00137106 0.00196854 -0.00489359 0.00199143 0.014418 0.000425845 0.000433934 2.4805e-05 0.105804 0.00169709 7.85642 1.40572 87.3157 12.4608 1110.49 46.8283 1205.67 58.5567 1205.67 58.5567 0.565442 0.00805306 
200 0.28 1594400000 537.286 13.4603 -58.7758 0.478007 3861.77 65.5115 2.23555e+07 966107 -0.00137106 0.00196854 -0.00489359 0.00199143 0.014418 0.000425845 0.000433934 2.4805e-05 0.105804 0.00169709 7.85642 1.40572 87.3157 12.4608 1110.49 46.8283 1205.67 58.5567 1205.67 58.5567 0.565442 0.00805306 
200 0.28 1595200000 537.286 13.4603 -58.7758 0.478007 3861.77 65.5115 2.23555e+07 966107 -0.00137106 0.00196854 -0.00489359 0.00199143 0.014418 0.000425845 0.000433934 2.4805e-05 0.105804 0.00169709 7.85642 1.40572 87.3157 12.4608 1110.49 46.8283 1205.67 58.5567 1205.67 58.5567 0.565442 0.00805306 
200 0.28 1596000000 537.286 13.4603 -58.7758 0.478007 3861.77 65.5115 2.23555e+07 966107 -0.00137106 0.00196854 -0.00489359 0.00199143 0.014418 0.000425845 0.000433934 2.4805e-05 0.105804 0.00169709 7.85642 1.40572 87.3157 12.4608 1110.49 46.8283 1205.67 58.5567 1205.67 58.5567 0.565442 0.00805306 
200 0.28 1596800000 537.286 13.4603 -58.7758 0.478007 3861.77 65.5115 2.23555e+07 966107 -0.00137106 0.00196854 -0.00489359 0.00199143 0.014418 0.000425845 0.000433934 2.4805e-05 0.105804 0.00169709 7.85642 1.40572 87.3157 12.4608 1110.49 46.8283 1205.67 58.5567 1205.67 58.5567 0.565442 0.00805306 
200 0.28 1597600000 537.286 13.4603 -58.7758 0.478007 3861.77 65.5115 2.23555e+07 966107 -0.00137106 0.00196854 -0.00489359 0.00199143 0.014418 0.000425845 0.000433934 2.4805e-05 0.105804 0.00169709 7.85642 1.40572 87.3157 12.4608 1110.49 46.8283 1205.67 58.5567 1205.67 58.5567 0.565442 0.00805306 
200 0.28 1598400000 537.286 13.4603 -58.7758 0.478007 3861.77 65.5115 2.23555e+07 966107 -0.00137106 0.00196854 -0.00489359 0.00199143 0.014418 0.000425845 0.000433934 2.4805e-05 0.105804 0.00169709 7.85642 1.40572 87.3157 12.4608 1110.49 46.8283 1205.67 58.5567 1205.67 58.5567 0.565442 0.00805306 
200 0.28 1599200000 537.286 13.4603 -58.7758 0.478007 3861.77 65.5115 2.23555e+07 966107 -0.00137106 0.00196854 -0.00489359 0.00199143 0.014418 0.000425845 0.000433934 2.4805e-05 0.105804 0.00169709 7.85642 1.40572 87.3157 12.4608 1110.49 46.8283 1205.67 58.5567 1205.67 58.5567 0.565442 0.00805306 
200 0.28 1600000000 537.286 13.4603 -58.7758 0.478007 3861.77 65.5115 2.23555e+07 966107 -0.00137106 0.00196854 -0.00489359 0.00199143 0.014418 0.000425845 0.000433934 2.4805e-05 0.105804 0.00169709 7.85642 1.40572 87.3157 12.4608 1110.49 46.8283 1205.67 58.5567 1205.67 58.5567 0.565442 0.00805306 
200 0.28 1600800000 537.286 13.4603 -58.7758 0.478007 3861.77 65.5115 2.23555e+07 966107 -0.00137106 0.00196854 -0.00489359 0.00199143 0.014418 0.000425845 0.000433934 2.4805e-05 0.105804 0.00169709 7.85642 1.40572 87.3157 12.4608 1110.49 46.8283 1205.67 58.5567 1205.67 58.5567 0.565442 0.00805306 
200 0.28 1601600000 537.286 13.4603 -58.7758 0.478007 3861.77 65.5115 2.23555e+07 966107 -0.00137106 0.00196854 -0.00489359 0.00199143 0.014418 0.000425845 0.000433934 2.4805e-05 0.105804 0.00169709 7.85642 1.40572 87.3157 12.4608 1110.49 46.8283 1205.67 58.5567 1205.67 58.5567 0.565442 0.00805306 
200 0.28 1602400000 537.286 13.4603 -58.7758 0.475427 3861.77 65.0646 2.23555e+07 958365 -0.00137106 0.00192918 -0.00489359 0.00195986 0.014418 0.000425845 0.000433934 2.4805e-05 0.105804 0.00169709 7.85642 1.37476 87.3157 12.4608 1110.49 46.8283 1205.67 58.5567 1205.67 58.5567 0.565442 0.00805306 
200 0.28 1603200000 537.286 13.4603 -58.7758 0.475427 3861.77 65.0646 2.23555e+07 958365 -0.00137106 0.00192918 -0.00489359 0.00195986 0.014418 0.000425845 0.000433934 2.4805e-05 0.105804 0.00169709 7.85642 1.37476 87.3157 12.4608 1110.49 46.8283 1205.67 58.5567 1205.67 58.5567 0.565442 0.00805306 
200 0.28 1604000000 537.286 13.4603 -58.7758 0.475427 3861.77 65.0646 2.23555e+07 958365 -0.00137106 0.00192918 -0.00489359 0.00195986 0.014418 0.000425845 0.000433934 2.4805e-05 0.105804 0.00169709 7.85642 1.37356 87.3157 12.4608 1110.49 46.8283 1205.67 58.5567 1205.67 58.5567 0.565442 0.00805306 
200 0.28 1604800000 537.286 13.4603 -58.7758 0.475427 3861.77 65.0646 2.23555e+07 958365 -0.00137106 0.00192918 -0.00489359 0.00195986 0.014418 0.000425845 0.000433934 2.4805e-05 0.105804 0.00169709 7.85642 1.37356 87.3157 12.4608 1110.49 46.8283 1205.67 58.5567 1205.67 58.5567 0.565442 0.00805306 
200 0.28 1605600000 537.286 13.4603 -58.7758 0.475427 3861.77 65.0646 2.23555e+07 958365 -0.00137106 0.00192918 -0.00489359 0.00195986 0.014418 0.000425845 0.000433934 2.4805e-05 0.105804 0.00169709 7.85642 1.372 87.3157 12.4608 1110.49 46.8283 1205.67 58.5567 1205.67 58.5567 0.565442 0.00805306 
200 0.28 1606400000 537.286 13.4603 -58.7758 0.475427 3861.77 65.0646 2.23555e+07 958365 -0.00137106 0.00192918 -0.00489359 0.00195986 0.014418 0.000425845 0.000433934 2.4805e-05 0.105804 0.00169709 7.85642 1.372 87.3157 12.4608 1110.49 46.8283 1205.67 58.5567 1205.67 58.5567 0.565442 0.00805306 
200 0.28 1607200000 537.286 13.4603 -58.7758 0.475427 3861.77 65.0646 2.23555e+07 958365 -0.00137106 0.00192918 -0.00489359 0.00195986 0.014418 0.000425845 0.000433934 2.4805e-05 0.105804 0.00169709 7.85642 1.372 87.3157 12.4608 1110.49 46.8283 1205.67 58.5567 1205.67 58.5567 0.565442 0.00805306 
200 0.28 1608000000 537.286 13.4603 -58.7758 0.475427 3861.77 65.0646 2.23555e+07 958365 -0.00137106 0.00192918 -0.00489359 0.00195986 0.014418 0.000425845 0.000433934 2.4805e-05 0.105804 0.00169709 7.85642 1.372 87.3157 12.4608 1110.49 46.8283 1205.67 58.5567 1205.67 58.5567 0.565442 0.00805306 
200 0.28 1608800000 537.286 13.4603 -58.7758 0.475427 3861.77 65.0646 2.23555e+07 958365 -0.00137106 0.00192918 -0.00489359 0.00195986 0.014418 0.000425845 0.000433934 2.4805e-05 0.105804 0.00169709 7.85642 1.36965 87.3157 12.4608 1110.49 46.8283 1205.67 58.5567 1205.67 58.5567 0.565442 0.00805306 
200 0.28 1609600000 537.286 13.4603 -58.7758 0.475427 3861.77 65.0646 2.23555e+07 958365 -0.00137106 0.00192918 -0.00489359 0.00195986 0.014418 0.000425845 0.000433934 2.4805e-05 0.105804 0.00169709 7.85642 1.36965 87.3157 12.4608 1110.49 46.8283 1205.67 58.5567 1205.67 58.5567 0.565442 0.00805306 
200 0.28 1610400000 537.286 13.4603 -58.7758 0.475427 3861.77 65.0646 2.23555e+07 958365 -0.00137106 0.00192918 -0.00489359 0.00195986 0.014418 0.000425845 0.000433934 2.4805e-05 0.105804 0.00169709 7.85642 1.36844 87.3157 12.4608 1110.49 46.8283 1205.67 58.5567 1205.67 58.5567 0.565442 0.00805306 
200 0.28 1611200000 537.286 13.4603 -58.7758 0.475427 3861.77 65.0646 2.23555e+07 958365 -0.00137106 0.00192918 -0.00489359 0.00195986 0.014418 0.000425845 0.000433934 2.4805e-05 0.105804 0.00169709 7.85642 1.36844 87.3157 12.4608 1110.49 46.8283 1205.67 58.5567 1205.67 58.5567 0.565442 0.00805306 
200 0.28 1612000000 537.286 13.4603 -58.7758 0.475427 3861.77 65.0646 2.23555e+07 958365 -0.00137106 0.00192918 -0.00489359 0.00195986 0.014418 0.000425845 0.000433934 2.4805e-05 0.105804 0.00169709 7.85642 1.36691 87.3157 12.4608 1110.49 46.8283 1205.67 58.5567 1205.67 58.5567 0.565442 0.00805306 
200 0.28 1612800000 537.286 13.4603 -58.7758 0.475427 3861.77 65.0646 2.23555e+07 958365 -0.00137106 0.00192918 -0.00489359 0.00195986 0.014418 0.000425845 0.000433934 2.4805e-05 0.105804 0.00169709 7.85642 1.36691 87.3157 12.4608 1110.49 46.8283 1205.67 58.5567 1205.67 58.5567 0.565442 0.00805306 
