L J MC_steps R2 R2_std E E_std E2 E2_std E4 E4_std Sin1 Sin1_std Cos1 Cos1_std Mag2 Mag2_std Mag4 Mag4_std Mag1 Mag1_std eig1 eig1_std eig2 eig2_std eig3 eig3_std R_g_2_trace R_g_2_trace_std R_g_2_direct R_g_2_direct_std asphericity asphericity_std
400 0.277 32000000 731 0 -118.498 0 14041.9 0 1.97174e+08 0 -0.0157352 0 -0.0050772 0 0.000273374 0 7.47334e-08 0 0.016534 0 10.5091 0 15.1219 0 214.458 0 240.089 0 240.089 0 0.705652 0 
400 0.277 33600000 436 208.597 -106.865 8.22567 11555.5 1758.08 1.39712e+08 4.06312e+07 -0.0111988 0.00320768 0.00219738 0.0051439 0.00020374 4.92385e-05 4.6359e-08 2.00637e-08 0.0140572 0.00175136 9.39978 0.784379 22.8038 5.43193 127.761 61.304 159.964 56.6565 159.964 56.6565 0.418659 0.202934 
400 0.277 35200000 627.667 209.355 -108.212 5.59298 11803.8 1189.45 1.43574e+08 2.72703e+07 0.0264374 0.0308042 0.018049 0.0133894 0.00440923 0.00343393 5.48169e-05 4.472e-05 0.0471136 0.0270157 10.4207 0.984038 27.1669 5.07985 111.767 42.9051 149.354 38.7517 149.354 38.7517 0.350229 0.146373 
400 0.277 36800000 815 225.775 -107.02 4.32 11527.9 923.524 1.36304e+08 2.13997e+07 0.0162583 0.0247279 0.018492 0.0100494 0.00345612 0.00270449 4.12017e-05 3.55522e-05 0.0414424 0.0208485 10.4588 0.738766 31.0742 5.09565 113.63 32.2193 155.164 29.496 155.164 29.496 0.341076 0.110065 
400 0.277 38400000 821 180.7 -103.603 4.61331 10840.1 961.442 1.22129e+08 2.13036e+07 0.0154234 0.0197964 0.0275259 0.0113984 0.00360466 0.00216766 3.64874e-05 2.87527e-05 0.0461136 0.0171941 12.1256 1.60371 34.2141 4.95025 113.772 25.7757 160.111 24.0082 160.111 24.0082 0.317588 0.0905238 
400 0.277 40000000 810.333 150.898 -107.606 5.30378 11747.8 1152.65 1.45983e+08 2.80952e+07 -0.000562938 0.0220254 0.0271761 0.00950401 0.00419153 0.00188416 3.88693e-05 2.4059e-05 0.0524972 0.0154681 11.1029 1.63024 32.1171 4.54772 110.975 21.6309 154.195 20.7229 154.195 20.7229 0.340891 0.0783784 
400 0.277 41600000 1242.71 420.684 -109.578 4.89891 12175.2 1064.29 1.56166e+08 2.58613e+07 0.0134411 0.0229022 0.0277505 0.00816363 0.00508885 0.00181614 4.8985e-05 2.2649e-05 0.0596171 0.0148066 11.0895 1.39741 1131.43 1017.77 3149.43 2813.12 4291.95 3830.86 4291.95 3830.86 0.35138 0.0678797 
400 0.277 43200000 1398.75 395.98 -104.035 6.72724 11185.3 1313.28 1.38909e+08 2.77962e+07 0.00977478 0.0203308 0.0248695 0.00763463 0.00448707 0.00168588 4.28713e-05 2.06265e-05 0.0542363 0.0138992 17.95 6.53287 1254.16 897.921 3211.66 2462.17 4483.76 3356.8 4483.76 3356.8 0.343119 0.0598954 
400 0.277 44800000 1261.22 375.105 -106.58 6.44335 11733 1276.47 1.52328e+08 2.77585e+07 0.0127771 0.0182922 0.0255078 0.00681297 0.00424308 0.00151611 3.86911e-05 1.87535e-05 0.0535285 0.0123728 17.5063 5.82205 2033.65 1084.96 4602.53 2551.38 6653.68 3617.81 6653.68 3617.81 0.340718 0.0532884 
400 0.277 46400000 1173.8 467.088 -108.016 5.95686 12022.3 1181.16 1.58488e+08 2.5657e+07 0.00703052 0.0173421 0.0211608 0.00738949 0.00405075 0.00137665 3.53601e-05 1.71714e-05 0.0529921 0.0111472 16.9934 5.26238 1834.03 994.661 4153.77 2335.37 6004.79 3313.71 6004.79 3313.71 0.338256 0.0480164 
400 0.277 48000000 1257 467.088 -108.593 5.44321 12118.4 1077.68 1.59631e+08 2.33501e+07 0.0125779 0.0166292 0.0189006 0.0072731 0.00410474 0.00125255 3.41067e-05 1.5656e-05 0.0543702 0.0102186 16.0444 4.8688 1672.66 992.89 5210.58 2350.05 6899.28 3293.71 6899.28 3293.71 0.397291 0.0712297 
400 0.277 49600000 1180.67 389.29 -104.906 6.11203 11453.6 1175.17 1.47758e+08 2.42358e+07 0.0120359 0.0152522 0.0192211 0.00647426 0.00380887 0.0011826 3.12901e-05 1.46025e-05 0.0518013 0.0096846 15.4878 4.49477 1535.12 871.239 4782.03 2192.94 6332.64 2920.79 6332.64 2920.79 0.388144 0.0658786 
400 0.277 51200000 1156.08 389.29 -112.567 9.27362 13789.3 2492.48 2.70907e+08 1.20414e+08 0.0128131 0.0140988 0.0231836 0.00708585 0.00393845 0.00109871 3.12046e-05 1.34795e-05 0.053518 0.0090905 15.0981 4.26104 1421.38 871.239 4481.43 2044.75 5917.9 2761.02 5917.9 2761.02 0.419827 0.0680043 
400 0.277 52800000 1173.57 333.742 -110.935 8.75363 13379.3 2347.92 2.56184e+08 1.12709e+08 0.0132651 0.013099 0.0256041 0.00801342 0.00391595 0.00102046 2.99135e-05 1.25784e-05 0.0539949 0.00845368 15.1005 3.86832 1325.08 771.679 5589.81 2178.48 6930 2712.15 6930 2712.15 0.460328 0.079035 
400 0.277 54400000 1234.6 333.742 -110.065 8.21313 13126.2 2204.99 2.45227e+08 1.05727e+08 0.014127 0.012254 0.0302134 0.00801342 0.00429905 0.00102181 3.41434e-05 1.24307e-05 0.0569484 0.0083902 16.5602 3.8761 1249.79 771.679 6303.67 2147.03 7570.01 2605.76 7570.01 2605.76 0.493526 0.079035 
400 0.277 56000000 1235.12 297.646 -108.837 7.79111 12816.7 2088.78 2.34077e+08 9.97051e+07 0.00856989 0.0126858 0.0310473 0.00866537 0.0044985 0.000977221 3.55158e-05 1.17293e-05 0.0587982 0.00806715 142.275 121.777 1733.71 803.79 7335.66 2315.22 9211.64 3012.88 9211.64 3012.88 0.481015 0.0725946 
400 0.277 57600000 1173.94 297.646 -107.756 7.40744 12544.1 1983.62 2.24247e+08 9.43235e+07 0.00643518 0.0121178 0.0285618 0.00866537 0.00428646 0.00094246 3.34737e-05 1.12157e-05 0.0570983 0.00776966 136.119 119.004 1634.03 775.901 8091.64 2315.22 9861.78 3012.88 9861.78 3012.88 0.510877 0.0742125 
400 0.277 59200000 1148.78 276.816 -107.411 7.00393 12420.2 1877.29 2.17697e+08 8.93103e+07 0.00223145 0.0121519 0.0198089 0.0130995 0.00523898 0.00128419 5.71316e-05 2.53142e-05 0.0620593 0.00878011 129.863 108.563 1546.25 725.328 8474.59 2321.27 10150.7 2820.66 10150.7 2820.66 0.537196 0.0829471 
400 0.277 60800000 1123 276.816 -106.703 6.67099 12231.1 1787.98 2.10342e+08 8.49122e+07 0.00822912 0.0129079 0.0216774 0.0130995 0.00583475 0.00134774 6.85558e-05 2.64343e-05 0.0655656 0.00899092 123.637 106.427 1465.77 711.975 8032.63 2321.27 9622.03 2820.66 9622.03 2820.66 0.527564 0.0829471 
400 0.277 62400000 1106.3 252.373 -112.082 8.22471 13915.3 2362.13 3.05228e+08 1.22721e+08 0.00934758 0.0123108 0.0151684 0.0167258 0.00617847 0.00163754 7.3204e-05 3.43118e-05 0.0679241 0.0102295 117.899 98.0362 1393.61 660.776 7636.7 2235.26 9148.21 2710.9 9148.21 2710.9 0.524327 0.0782795 
400 0.277 64000000 1106.3 252.373 -112.082 7.87125 13915.3 2260.73 3.05228e+08 1.17333e+08 0.00934758 0.0118905 0.0151684 0.0167258 0.00617847 0.00163754 7.3204e-05 3.43118e-05 0.0679241 0.0102295 117.899 96.4543 1393.61 656.935 7636.7 2235.26 9148.21 2710.9 9148.21 2710.9 0.524327 0.0782795 
400 0.277 65600000 1106.73 231.032 -111.605 7.51983 13699.8 2158.01 2.90138e+08 1.12086e+08 0.00892647 0.0113533 0.0185966 0.0167258 0.00595467 0.00163754 6.78165e-05 3.43118e-05 0.067285 0.0102295 108.239 90.5389 1268.77 608.961 6953.35 2135.95 8330.36 2584.88 8330.36 2584.88 0.509922 0.0782795 
400 0.277 67200000 1106.73 231.032 -111.605 7.20356 13699.8 2064.54 2.90138e+08 1.07263e+08 0.00892647 0.0108615 0.0185966 0.0167258 0.00595467 0.00163754 6.78165e-05 3.43118e-05 0.067285 0.0102295 108.239 90.5389 1268.77 608.961 6953.35 2135.95 8330.36 2584.88 8330.36 2584.88 0.509922 0.0782795 
400 0.277 68800000 1042.5 219.116 -112.228 6.90683 13740 1978.51 2.82736e+08 1.0287e+08 0.00329316 0.0118746 0.0115966 0.0143145 0.00654291 0.00140459 8.08673e-05 2.94365e-05 0.0707501 0.00890638 100.162 82.0973 1166.15 566.794 6380.35 2117.45 7646.67 2500.93 7646.67 2500.93 0.48567 0.0741665 
400 0.277 70400000 1042.5 219.116 -112.228 6.63452 13740 1901.75 2.82736e+08 9.8941e+07 0.00329316 0.0115557 0.0115966 0.0143145 0.00654291 0.00140459 8.08673e-05 2.94365e-05 0.0707501 0.00890638 100.162 81.1899 1166.15 566.794 6380.35 2117.45 7646.67 2500.93 7646.67 2500.93 0.48567 0.0741665 
400 0.277 72000000 985.923 209.438 -111.41 6.40498 13478.8 1835.68 2.69291e+08 9.54014e+07 0.00259679 0.0111771 0.0132567 0.0143145 0.00639827 0.00140459 7.72141e-05 2.94365e-05 0.0701243 0.00890638 93.0082 77.1669 1077.86 530.027 5893.6 2117.45 7064.47 2500.93 7064.47 2500.93 0.469615 0.0741665 
400 0.277 73600000 985.923 209.438 -111.41 6.53115 13478.8 1856.36 2.69291e+08 9.42239e+07 0.00259679 0.0107787 0.0132567 0.0143145 0.00639827 0.00140459 7.72141e-05 2.94365e-05 0.0701243 0.00890638 93.0082 77.1669 1077.86 530.027 5893.6 2117.45 7064.47 2500.93 7064.47 2500.93 0.469615 0.0741665 
400 0.277 75200000 951.5 197.287 -114.042 6.31289 14121.4 1791.2 2.8925e+08 9.08689e+07 0.00627479 0.0108268 0.0136109 0.0124105 0.00634533 0.00121775 7.58223e-05 2.566e-05 0.0696785 0.00769824 86.9334 70.6352 1003.39 497.373 5484.13 1995.63 6574.45 2362.34 6574.45 2362.34 0.469713 0.0652653 
400 0.277 76800000 951.5 197.287 -114.042 6.52701 14121.4 1777.24 2.8925e+08 8.82657e+07 0.00627479 0.010563 0.0136109 0.0124105 0.00634533 0.00121775 7.58223e-05 2.566e-05 0.0696785 0.00769824 86.9334 70.1282 1003.39 497.373 5484.13 1995.63 6574.45 2362.34 6574.45 2362.34 0.469713 0.0652653 
400 0.277 78400000 927.067 191.892 -111.176 6.32782 13561.3 1723.78 2.73052e+08 8.55529e+07 0.0101451 0.0104639 0.0125351 0.0124105 0.00634665 0.00121775 7.37185e-05 2.566e-05 0.0702887 0.00769824 81.657 67.2674 939.282 468.327 5125.37 1995.63 6146.31 2362.34 6146.31 2362.34 0.458031 0.0652653 
400 0.277 80000000 927.067 191.892 -111.176 6.26956 13561.3 1698.17 2.73052e+08 8.32779e+07 0.0101451 0.0103344 0.0125351 0.0124105 0.00634665 0.00121775 7.37185e-05 2.566e-05 0.0702887 0.00769824 81.657 67.2674 939.282 468.327 5125.37 1995.63 6146.31 2362.34 6146.31 2362.34 0.458031 0.0652653 
400 0.277 81600000 968.312 178.562 -114.115 6.26768 14279.3 1690.4 2.95337e+08 8.17093e+07 0.0118261 0.0100911 0.0139 0.0108625 0.00686195 0.00117 8.31228e-05 2.3468e-05 0.0733945 0.00757994 77.1863 61.9738 881.83 442.567 4815.12 1854.93 5774.14 2198.44 5774.14 2198.44 0.4631 0.0574412 
400 0.277 83200000 968.312 178.562 -114.115 6.21368 14279.3 1647.09 2.95337e+08 7.9288e+07 0.0118261 0.00982429 0.0139 0.0108625 0.00686195 0.00117 8.31228e-05 2.3468e-05 0.0733945 0.00757994 77.1863 61.7 881.83 442.567 4815.12 1854.93 5774.14 2198.44 5774.14 2198.44 0.4631 0.0574412 
400 0.277 84800000 968.235 168.641 -114.933 5.93908 14408.8 1596.73 2.94299e+08 7.69801e+07 0.00948931 0.00965317 0.0190848 0.0108625 0.00717164 0.00117 8.91829e-05 2.3468e-05 0.0753187 0.00757994 73.2022 59.561 831.171 419.423 4539.25 1854.93 5443.62 2198.44 5443.62 2198.44 0.465275 0.0574412 
400 0.277 86400000 968.235 168.641 -114.933 5.90176 14408.8 1555.29 2.94299e+08 7.48273e+07 0.00948931 0.0099029 0.0190848 0.0108625 0.00717164 0.00117 8.91829e-05 2.3468e-05 0.0753187 0.00757994 73.2022 59.561 831.171 419.423 4539.25 1854.93 5443.62 2198.44 5443.62 2198.44 0.465275 0.0574412 
400 0.277 88000000 1091.56 198.886 -114.325 5.65541 14221.7 1518.45 2.85261e+08 7.30184e+07 0.00748094 0.00970284 0.0173431 0.0101867 0.00724396 0.0011006 8.8747e-05 2.15239e-05 0.0761597 0.00722451 69.5069 55.2068 793.268 397.831 4662.34 1655.1 5525.11 1968.22 5525.11 1968.22 0.490465 0.0572073 
400 0.277 89600000 1091.56 198.886 -114.325 5.60507 14221.7 1480.1 2.85261e+08 7.10529e+07 0.00748094 0.00952111 0.0173431 0.0101867 0.00724396 0.0011006 8.8747e-05 2.15239e-05 0.0761597 0.00722451 69.5069 55.083 793.268 397.831 4662.34 1655.1 5525.11 1968.22 5525.11 1968.22 0.490465 0.0572073 
400 0.277 91200000 1074.53 189.663 -116.114 5.58813 14659.1 1491.78 2.99454e+08 7.08063e+07 0.0111021 0.00956063 0.0192987 0.0101867 0.00742011 0.0011006 9.28239e-05 2.15239e-05 0.0771739 0.00722451 66.6085 53.4359 753.499 378.875 4970.75 1655.1 5790.86 1968.22 5790.86 1968.22 0.502889 0.0572073 
400 0.277 92800000 1074.53 189.663 -116.114 5.58813 14659.1 1465.4 2.99454e+08 6.92578e+07 0.0111021 0.00940214 0.0192987 0.0101867 0.00742011 0.0011006 9.28239e-05 2.15239e-05 0.0771739 0.00722451 66.6085 53.4359 753.499 378.875 4970.75 1655.1 5790.86 1968.22 5790.86 1968.22 0.502889 0.0572073 
400 0.277 94400000 1083.9 179.921 -115.252 5.37483 14421 1428.76 2.8962e+08 6.7624e+07 0.0100444 0.0091168 0.0180142 0.0104852 0.00710819 0.00104904 8.82551e-05 2.28356e-05 0.0750262 0.00659038 63.8936 49.7584 717.089 395.247 4727 1661.87 5507.98 2028.73 5507.98 2028.73 0.49765 0.0522104 
400 0.277 96000000 1083.9 179.921 -115.252 5.37483 14421 1411.33 2.8962e+08 6.60421e+07 0.0100444 0.00899133 0.0180142 0.0104852 0.00710819 0.00104904 8.82551e-05 2.28356e-05 0.0750262 0.00659038 63.8936 49.7175 717.089 395.247 4727 1661.87 5507.98 2028.73 5507.98 2028.73 0.49765 0.0522104 
400 0.277 97600000 1083.9 173.255 -115.252 5.16569 14421 1377.7 2.8962e+08 6.47071e+07 0.0100444 0.00877698 0.0180142 0.0104852 0.00710819 0.00104904 8.82551e-05 2.28356e-05 0.0750262 0.00659038 63.8936 48.3862 717.089 395.247 4727 1661.87 5507.98 2028.73 5507.98 2028.73 0.49765 0.0522104 
400 0.277 99200000 1083.9 173.255 -115.252 5.13667 14421 1366.29 2.8962e+08 6.36358e+07 0.0100444 0.00872711 0.0180142 0.0104852 0.00710819 0.00104904 8.82551e-05 2.28356e-05 0.0750262 0.00659038 63.8936 48.3862 717.089 395.247 4727 1661.87 5507.98 2028.73 5507.98 2028.73 0.49765 0.0522104 
400 0.277 100800000 1051.64 165.485 -115.211 5.11499 14424.7 1351.77 2.88473e+08 6.2478e+07 0.00829039 0.00864076 0.016539 0.0104852 0.00700015 0.00104904 8.37127e-05 2.28356e-05 0.0751228 0.00643699 59.3741 45.3533 655.53 395.247 4309.96 1661.87 5024.86 2028.73 5024.86 2028.73 0.484493 0.0522104 
400 0.277 102400000 1051.64 165.485 -115.211 5.00884 14424.7 1322.38 2.88473e+08 6.10916e+07 0.00829039 0.00847365 0.016539 0.0104852 0.00700015 0.00104904 8.37127e-05 2.28356e-05 0.0751228 0.00643699 59.3741 45.3533 655.53 395.247 4309.96 1661.87 5024.86 2028.73 5024.86 2028.73 0.484493 0.0522104 
400 0.277 104000000 1051.64 158.419 -115.211 4.90467 14424.7 1295.62 2.88473e+08 5.98676e+07 0.00829039 0.00829186 0.016539 0.0104852 0.00700015 0.00104904 8.37127e-05 2.28356e-05 0.0751228 0.00643699 59.3741 45.3533 655.53 395.247 4309.96 1661.87 5024.86 2028.73 5024.86 2028.73 0.484493 0.0522104 
400 0.277 105600000 1051.64 158.419 -115.211 4.80494 14424.7 1269.97 2.88473e+08 5.86925e+07 0.00829039 0.00823344 0.016539 0.0104852 0.00700015 0.00104904 8.37127e-05 2.28356e-05 0.0751228 0.00643699 59.3741 45.3533 655.53 395.247 4309.96 1661.87 5024.86 2028.73 5024.86 2028.73 0.484493 0.0522104 
400 0.277 107200000 1062.58 152.782 -114.852 4.70926 14255.4 1245.33 2.77658e+08 5.75628e+07 0.0115073 0.00817329 0.0138308 0.00953576 0.00680922 0.000915813 7.89404e-05 2.0843e-05 0.074437 0.00553173 56.0264 41.5895 603.575 345.289 3966.56 1549.13 4626.16 1872.48 4626.16 1872.48 0.480712 0.0461745 
400 0.277 108800000 1062.58 152.782 -114.852 4.61448 14255.4 1220.8 2.77658e+08 5.64535e+07 0.0115073 0.00808316 0.0138308 0.00953576 0.00680922 0.000915813 7.89404e-05 2.0843e-05 0.074437 0.00553173 56.0264 41.5895 603.575 345.289 3966.56 1549.13 4626.16 1872.48 4626.16 1872.48 0.480712 0.0461745 
400 0.277 110400000 1062.58 147.076 -114.852 4.52369 14255.4 1197.29 2.77658e+08 5.53885e+07 0.0115073 0.00790821 0.0138308 0.00953576 0.00680922 0.000915813 7.89404e-05 2.0843e-05 0.074437 0.00553173 56.0264 40.6414 603.575 345.289 3966.56 1549.13 4626.16 1872.48 4626.16 1872.48 0.480712 0.0461745 
400 0.277 112000000 1062.58 147.076 -114.852 4.43499 14255.4 1173.98 2.77658e+08 5.43365e+07 0.0115073 0.00777925 0.0138308 0.00953576 0.00680922 0.000915813 7.89404e-05 2.0843e-05 0.074437 0.00553173 56.0264 40.6414 603.575 345.289 3966.56 1549.13 4626.16 1872.48 4626.16 1872.48 0.480712 0.0461745 
400 0.277 113600000 1035.88 142.24 -114.416 4.35459 14077.1 1153.19 2.67315e+08 5.33724e+07 0.0116037 0.00773715 0.0130441 0.00953576 0.00662047 0.000915813 7.46777e-05 2.0843e-05 0.0736443 0.00539105 52.6235 38.4707 559.595 345.289 3681.43 1549.13 4293.65 1872.48 4293.65 1872.48 0.483237 0.0461745 
400 0.277 115200000 1035.88 142.24 -114.416 4.39618 14077.1 1164.6 2.67315e+08 5.3418e+07 0.0116037 0.00765715 0.0130441 0.00953576 0.00662047 0.000915813 7.46777e-05 2.50432e-05 0.0736443 0.00539105 52.6235 38.4707 559.595 345.289 3681.43 1549.13 4293.65 1872.48 4293.65 1872.48 0.483237 0.0461745 
400 0.277 116800000 1035.88 137.461 -114.416 4.37395 14077.1 1153.68 2.67315e+08 5.26195e+07 0.0116037 0.00753453 0.0130441 0.00953576 0.00662047 0.000915813 7.46777e-05 2.46175e-05 0.0736443 0.00539105 52.6235 38.4707 559.595 345.289 3681.43 1549.13 4293.65 1872.48 4293.65 1872.48 0.483237 0.0461745 
400 0.277 118400000 1035.88 137.461 -114.416 4.41995 14077.1 1149.86 2.67315e+08 5.18798e+07 0.0116037 0.00742738 0.0130441 0.00953576 0.00662047 0.000915813 7.46777e-05 2.41882e-05 0.0736443 0.00539105 52.6235 38.4707 559.595 345.289 3681.43 1549.13 4293.65 1872.48 4293.65 1872.48 0.483237 0.0461745 
400 0.277 120000000 1057.46 136.547 -112.937 4.40337 13840.6 1140.06 2.64348e+08 5.11328e+07 0.0135592 0.00733921 0.0153899 0.00846265 0.00700784 0.000864897 9.10004e-05 2.37985e-05 0.0753505 0.00506802 50.2137 35.7516 522.331 305.37 3701.63 1350.29 4274.18 1637.73 4274.18 1637.73 0.488013 0.0401513 
400 0.277 121600000 1057.46 136.547 -112.937 4.36128 13840.6 1126.85 2.64348e+08 5.03271e+07 0.0135592 0.00734244 0.0153899 0.00846265 0.00700784 0.000850098 9.10004e-05 2.33834e-05 0.0753505 0.00506802 50.2137 35.7516 522.331 305.37 3701.63 1350.29 4274.18 1637.73 4274.18 1637.73 0.488013 0.0401513 
400 0.277 123200000 1057.46 132.504 -112.937 4.28878 13840.6 1107.56 2.64348e+08 4.94649e+07 0.0135592 0.0074861 0.0153899 0.00830458 0.00700784 0.00084134 9.10004e-05 2.29962e-05 0.0753505 0.00506802 50.2137 35.0446 522.331 305.37 3701.63 1350.29 4274.18 1637.73 4274.18 1637.73 0.488013 0.0401513 
400 0.277 124800000 1057.46 132.504 -112.937 4.23459 13840.6 1093.23 2.64348e+08 4.87434e+07 0.0135592 0.0074861 0.0153899 0.00830458 0.00700784 0.00084134 9.10004e-05 2.26383e-05 0.0753505 0.00506802 50.2137 35.0446 522.331 305.37 3701.63 1350.29 4274.18 1637.73 4274.18 1637.73 0.488013 0.0401513 
400 0.277 126400000 1075.57 128.167 -113.557 4.17523 13941.2 1076.54 2.63894e+08 4.79351e+07 0.00909055 0.00738334 0.0149971 0.00829998 0.00698103 0.000808955 8.79992e-05 2.22686e-05 0.0757059 0.0047426 47.5656 33.4171 489.767 305.37 3759.86 1350.29 4297.2 1637.73 4297.2 1637.73 0.50101 0.0401513 
400 0.277 128000000 1075.57 128.167 -113.557 4.10807 13941.2 1059.64 2.63894e+08 4.71979e+07 0.00909055 0.00738334 0.0149971 0.00829998 0.00698103 0.000806232 8.79992e-05 2.19701e-05 0.0757059 0.0047426 47.5656 33.4171 489.767 305.37 3759.86 1350.29 4297.2 1637.73 4297.2 1637.73 0.50101 0.0401513 
400 0.277 129600000 1075.57 124.074 -113.557 4.05738 13941.2 1046.36 2.63894e+08 4.65385e+07 0.00909055 0.00730781 0.0149971 0.00829998 0.00698103 0.000806232 8.79992e-05 2.16623e-05 0.0757059 0.0047426 47.5656 33.4111 489.767 305.37 3759.86 1350.29 4297.2 1637.73 4297.2 1637.73 0.50101 0.0401513 
400 0.277 131200000 1075.57 124.074 -113.557 3.99963 13941.2 1031.79 2.63894e+08 4.58732e+07 0.00909055 0.00730781 0.0149971 0.00829998 0.00698103 0.000806232 8.79992e-05 2.13596e-05 0.0757059 0.0047426 47.5656 33.4111 489.767 305.37 3759.86 1350.29 4297.2 1637.73 4297.2 1637.73 0.50101 0.0401513 
400 0.277 132800000 1066.34 120.825 -112.584 3.94686 13672.1 1018.3 2.53291e+08 4.52374e+07 0.00988601 0.00696275 0.018092 0.00790266 0.00704743 0.000786281 8.92335e-05 2.11472e-05 0.0759429 0.00447232 45.3416 31.3656 460.409 273.405 3533.38 1191.94 4039.13 1449.78 4039.13 1449.78 0.501549 0.0373442 
400 0.277 134400000 1066.34 120.825 -112.584 4.01352 13672.1 1040.08 2.53291e+08 4.60171e+07 0.00988601 0.0071695 0.018092 0.00790266 0.00704743 0.000865382 8.92335e-05 2.5454e-05 0.0759429 0.00468095 45.3416 31.3656 460.409 273.405 3533.38 1191.94 4039.13 1449.78 4039.13 1449.78 0.501549 0.0373442 
400 0.277 136000000 1066.34 117.341 -112.584 3.97995 13672.1 1028.1 2.53291e+08 4.53604e+07 0.00988601 0.00727116 0.018092 0.00777975 0.00704743 0.000853754 8.92335e-05 2.51026e-05 0.0759429 0.00461455 45.3416 30.833 460.409 273.405 3533.38 1191.94 4039.13 1449.78 4039.13 1449.78 0.501549 0.0373442 
400 0.277 137600000 1066.34 117.341 -112.584 3.97995 13672.1 1014.33 2.53291e+08 4.46945e+07 0.00988601 0.00727116 0.018092 0.00777975 0.00704743 0.000841018 8.92335e-05 2.47369e-05 0.0759429 0.00454802 45.3416 30.833 460.409 273.405 3533.38 1191.94 4039.13 1449.78 4039.13 1449.78 0.501549 0.0373442 
400 0.277 139200000 1069.94 114.328 -113.934 3.86356 13994.1 998.948 2.63693e+08 4.40902e+07 0.00700971 0.00706325 0.016717 0.00768976 0.00748028 0.000833518 0.000103198 2.44023e-05 0.0780566 0.00466506 44.0182 29.5878 455.47 273.405 3718.45 1191.94 4217.94 1449.78 4217.94 1449.78 0.511835 0.0373442 
400 0.277 140800000 1069.94 114.328 -113.934 3.86356 13994.1 985.514 2.63693e+08 4.34764e+07 0.00700971 0.00706325 0.016717 0.00768976 0.00748028 0.000826986 0.000103198 2.40938e-05 0.0780566 0.00466506 44.0182 29.5878 455.47 273.405 3718.45 1191.94 4217.94 1449.78 4217.94 1449.78 0.511835 0.0373442 
400 0.277 142400000 1069.94 112.62 -113.934 3.75359 13994.1 970.591 2.63693e+08 4.28638e+07 0.00700971 0.00706325 0.016717 0.00768976 0.00748028 0.000820392 0.000103198 2.37927e-05 0.0780566 0.00466506 44.0182 29.5878 455.47 273.405 3718.45 1191.94 4217.94 1449.78 4217.94 1449.78 0.511835 0.0373442 
400 0.277 144000000 1069.94 112.62 -113.934 3.75359 13994.1 957.48 2.63693e+08 4.22632e+07 0.00700971 0.00706325 0.016717 0.00768976 0.00748028 0.000812762 0.000103198 2.34608e-05 0.0780566 0.00466506 44.0182 29.5878 455.47 273.405 3718.45 1191.94 4217.94 1449.78 4217.94 1449.78 0.511835 0.0373442 
400 0.277 145600000 1065.42 110.41 -114.499 3.68362 14079.2 947.614 2.62877e+08 4.17257e+07 0.00799678 0.00673947 0.0141135 0.00779692 0.00722451 0.00080685 9.8514e-05 2.31746e-05 0.0763111 0.00472117 42.2404 27.9216 433.095 244.387 3641.65 1064.41 4116.99 1290.78 4116.99 1290.78 0.515785 0.0358057 
400 0.277 147200000 1065.42 110.41 -114.499 3.68362 14079.2 936.154 2.62877e+08 4.11711e+07 0.00799678 0.00673947 0.0141135 0.00779692 0.00722451 0.00080685 9.8514e-05 2.28963e-05 0.0763111 0.00472117 42.2404 27.9216 433.095 244.387 3641.65 1064.41 4116.99 1290.78 4116.99 1290.78 0.515785 0.0358057 
400 0.277 148800000 1065.42 107.659 -114.499 3.59463 14079.2 924.895 2.62877e+08 4.06917e+07 0.00799678 0.00673947 0.0141135 0.00779692 0.00722451 0.00080685 9.8514e-05 2.26038e-05 0.0763111 0.00472117 42.2404 27.4882 433.095 244.387 3641.65 1064.41 4116.99 1290.78 4116.99 1290.78 0.515785 0.0358057 
400 0.277 150400000 1065.42 107.659 -114.499 3.59463 14079.2 914.611 2.62877e+08 4.01568e+07 0.00799678 0.00673947 0.0141135 0.00779692 0.00722451 0.00080685 9.8514e-05 2.23219e-05 0.0763111 0.00472117 42.2404 27.4882 433.095 244.387 3641.65 1064.41 4116.99 1290.78 4116.99 1290.78 0.515785 0.0358057 
400 0.277 152000000 1048.92 105.229 -114.363 3.50287 14003.7 900.581 2.57742e+08 3.96334e+07 0.00621873 0.00661515 0.0138458 0.00779692 0.00701554 0.000790982 9.41465e-05 2.20605e-05 0.0750197 0.00464595 40.4941 26.4795 411.875 244.387 3574.99 1064.41 4027.36 1290.78 4027.36 1290.78 0.519763 0.0358057 
400 0.277 153600000 1048.92 105.229 -114.363 3.50287 14003.7 890.581 2.57742e+08 3.91411e+07 0.00621873 0.00661515 0.0138458 0.00779692 0.00701554 0.000790982 9.41465e-05 2.18078e-05 0.0750197 0.00464595 40.4941 26.4795 411.875 244.387 3574.99 1064.41 4027.36 1290.78 4027.36 1290.78 0.519763 0.0358057 
400 0.277 155200000 1048.92 102.61 -114.363 3.43565 14003.7 881.708 2.57742e+08 3.87245e+07 0.00621873 0.00661515 0.0138458 0.00779692 0.00701554 0.000790982 9.41465e-05 2.16557e-05 0.0750197 0.00464595 40.4941 26.4623 411.875 244.387 3574.99 1064.41 4027.36 1290.78 4027.36 1290.78 0.519763 0.0358057 
400 0.277 156800000 1048.92 102.61 -114.363 3.44847 14003.7 891.029 2.57742e+08 3.89413e+07 0.00621873 0.00661515 0.0138458 0.00779692 0.00701554 0.000790982 9.41465e-05 2.14646e-05 0.0750197 0.00464595 40.4941 26.4623 411.875 244.387 3574.99 1064.41 4027.36 1290.78 4027.36 1290.78 0.519763 0.0358057 
400 0.277 158400000 1059.85 101.14 -114.489 3.41048 14038.3 881.408 2.59225e+08 3.85076e+07 0.00714032 0.00637612 0.0122801 0.00769818 0.00713868 0.000760958 9.634e-05 2.12128e-05 0.0755245 0.004441 39.0899 25.1743 395.327 299.774 3678.35 958.602 4112.77 1196.39 4112.77 1196.39 0.517342 0.0322589 
400 0.277 160000000 1059.85 101.14 -114.489 3.38966 14038.3 870.931 2.59225e+08 3.80322e+07 0.00714032 0.00635175 0.0122801 0.00769818 0.00713868 0.000760958 9.634e-05 2.09688e-05 0.0755245 0.004441 39.0899 25.1743 395.327 299.774 3678.35 958.602 4112.77 1196.39 4112.77 1196.39 0.517342 0.0322589 
400 0.277 161600000 1059.85 99.3128 -114.489 3.34752 14038.3 863.517 2.59225e+08 3.76116e+07 0.00714032 0.00634826 0.0122801 0.00769818 0.00713868 0.000760958 9.634e-05 2.07265e-05 0.0755245 0.004441 39.0899 24.8298 395.327 299.774 3678.35 958.602 4112.77 1196.39 4112.77 1196.39 0.517342 0.0322589 
400 0.277 163200000 1059.85 99.3128 -114.489 3.34266 14038.3 853.904 2.59225e+08 3.71955e+07 0.00714032 0.00634826 0.0122801 0.00769818 0.00713868 0.000760958 9.634e-05 2.04834e-05 0.0755245 0.004441 39.0899 24.8298 395.327 299.774 3678.35 958.602 4112.77 1196.39 4112.77 1196.39 0.517342 0.0322589 
400 0.277 164800000 1059.85 99.1744 -114.489 3.27223 14038.3 844.599 2.59225e+08 3.67905e+07 0.00714032 0.00613642 0.0122801 0.00769818 0.00713868 0.000727406 9.634e-05 2.02707e-05 0.0755245 0.00430505 39.0899 24.0029 395.327 299.774 3678.35 958.602 4112.77 1196.39 4112.77 1196.39 0.517342 0.0326052 
400 0.277 166400000 1059.85 99.1744 -114.489 3.2719 14038.3 834.669 2.59225e+08 3.63664e+07 0.00714032 0.00609083 0.0122801 0.00769818 0.00713868 0.000727406 9.634e-05 2.00494e-05 0.0755245 0.00430505 39.0899 24.0029 395.327 299.774 3678.35 958.602 4112.77 1196.39 4112.77 1196.39 0.517342 0.0326052 
400 0.277 168000000 1059.85 97.0453 -114.489 3.2529 14038.3 838.82 2.59225e+08 3.6374e+07 0.00714032 0.0060601 0.0122801 0.00769818 0.00713868 0.000727406 9.634e-05 1.98366e-05 0.0755245 0.00430505 39.0899 24.0029 395.327 299.774 3678.35 958.602 4112.77 1196.39 4112.77 1196.39 0.517342 0.0326052 
400 0.277 169600000 1059.85 97.0453 -114.489 3.2529 14038.3 833.355 2.59225e+08 3.60395e+07 0.00714032 0.0060601 0.0122801 0.00769818 0.00713868 0.000727406 9.634e-05 1.96291e-05 0.0755245 0.00430505 39.0899 24.0029 395.327 299.774 3678.35 958.602 4112.77 1196.39 4112.77 1196.39 0.517342 0.0326052 
400 0.277 171200000 1060.91 96.2738 -115 3.19811 14123.5 823.911 2.59209e+08 3.56404e+07 0.00656716 0.00593071 0.00950122 0.00769818 0.00690618 0.000713596 9.04413e-05 1.9433e-05 0.0743813 0.00430505 36.6873 23.0748 362.781 299.774 3865.41 889.521 4264.88 1196.39 4264.88 1196.39 0.525871 0.0317864 
400 0.277 172800000 1060.91 96.2738 -115 3.19811 14123.5 818.909 2.59209e+08 3.53216e+07 0.00656716 0.00588672 0.00950122 0.00769818 0.00690618 0.000713596 9.04413e-05 1.92395e-05 0.0743813 0.00430505 36.6873 23.0748 362.781 299.774 3865.41 889.521 4264.88 1196.39 4264.88 1196.39 0.525871 0.0317864 
400 0.277 174400000 1060.91 94.3365 -115 3.15496 14123.5 811.323 2.59209e+08 3.49421e+07 0.00656716 0.0059751 0.00950122 0.00769818 0.00690618 0.000713596 9.04413e-05 1.98302e-05 0.0743813 0.00430505 36.6873 23.0748 362.781 299.774 3865.41 889.521 4264.88 1196.39 4264.88 1196.39 0.525871 0.0317864 
400 0.277 176000000 1060.91 94.3365 -115 3.12995 14123.5 804.065 2.59209e+08 3.46081e+07 0.00656716 0.00594025 0.00950122 0.00769818 0.00690618 0.000713596 9.04413e-05 1.96286e-05 0.0743813 0.00430505 36.6873 23.0748 362.781 299.774 3865.41 889.521 4264.88 1196.39 4264.88 1196.39 0.525871 0.0317864 
400 0.277 177600000 1060.91 92.3372 -115 3.10354 14123.5 797.829 2.59209e+08 3.42926e+07 0.00656716 0.00587569 0.00950122 0.00769818 0.00690618 0.000699937 9.04413e-05 1.9442e-05 0.0743813 0.00430505 36.6873 23.0748 362.781 299.774 3865.41 889.521 4264.88 1196.39 4264.88 1196.39 0.525871 0.0305538 
400 0.277 179200000 1060.91 92.3372 -115 3.09567 14123.5 791.445 2.59209e+08 3.39798e+07 0.00656716 0.00586417 0.00950122 0.00769818 0.00690618 0.000693856 9.04413e-05 1.92334e-05 0.0743813 0.00430505 36.6873 23.0748 362.781 299.774 3865.41 889.521 4264.88 1196.39 4264.88 1196.39 0.525871 0.0305538 
400 0.277 180800000 1060.91 92.8841 -115 3.05916 14123.5 784.523 2.59209e+08 3.36634e+07 0.00656716 0.00581047 0.00950122 0.00769818 0.00690618 0.000693856 9.04413e-05 1.90528e-05 0.0743813 0.00430505 36.6873 23.0748 362.781 299.774 3865.41 889.521 4264.88 1196.39 4264.88 1196.39 0.525871 0.0305538 
400 0.277 182400000 1060.91 92.8841 -115 3.05916 14123.5 777.629 2.59209e+08 3.33206e+07 0.00656716 0.00589915 0.00950122 0.00769818 0.00690618 0.000694554 9.04413e-05 1.91242e-05 0.0743813 0.00430505 36.6873 23.0748 362.781 299.774 3865.41 889.521 4264.88 1196.39 4264.88 1196.39 0.525871 0.0305538 
400 0.277 184000000 1065.94 91.9292 -114.485 3.03764 13976.8 772.194 2.52595e+08 3.30115e+07 0.00950115 0.00584762 0.00659831 0.00824963 0.00700429 0.000689482 9.46971e-05 1.89492e-05 0.0744398 0.00390379 34.9585 21.0219 337.083 255.407 3708.32 829.15 4080.36 997.431 4080.36 997.431 0.519701 0.0306506 
400 0.277 185600000 1065.94 91.9292 -114.485 3.03764 13976.8 771.719 2.52595e+08 3.27639e+07 0.00950115 0.00580586 0.00659831 0.00824963 0.00700429 0.000685876 9.46971e-05 1.87789e-05 0.0744398 0.00388844 34.9585 21.0219 337.083 255.407 3708.32 829.15 4080.36 997.431 4080.36 997.431 0.519701 0.0306506 
400 0.277 187200000 1065.94 91.0314 -114.485 3.00914 13976.8 764.07 2.52595e+08 3.24296e+07 0.00950115 0.00576483 0.00659831 0.00824963 0.00700429 0.000679901 9.46971e-05 1.86069e-05 0.0744398 0.00385244 34.9585 20.7785 337.083 255.407 3708.32 829.15 4080.36 997.431 4080.36 997.431 0.519701 0.0306506 
400 0.277 188800000 1065.94 91.0314 -114.485 3.02852 13976.8 772.075 2.52595e+08 3.26806e+07 0.00950115 0.00578197 0.00659831 0.00824963 0.00700429 0.000674535 9.46971e-05 1.84228e-05 0.0744398 0.00382756 34.9585 20.7785 337.083 255.407 3708.32 829.15 4080.36 997.431 4080.36 997.431 0.519701 0.0306506 
400 0.277 190400000 1065.94 89.5874 -114.485 3.03192 13976.8 764.709 2.52595e+08 3.2354e+07 0.00950115 0.00585711 0.00659831 0.00824963 0.00700429 0.000680451 9.46971e-05 1.85032e-05 0.0744398 0.00386391 34.9585 20.1878 337.083 255.407 3708.32 829.15 4080.36 997.431 4080.36 997.431 0.519701 0.0294678 
400 0.277 192000000 1065.94 89.5874 -114.485 3.03192 13976.8 762.667 2.52595e+08 3.21164e+07 0.00950115 0.00580228 0.00659831 0.00824963 0.00700429 0.000684748 9.46971e-05 1.85375e-05 0.0744398 0.00386391 34.9585 20.1878 337.083 255.407 3708.32 829.15 4080.36 997.431 4080.36 997.431 0.519701 0.0294678 
400 0.277 193600000 1065.94 88.2136 -114.485 3.00726 13976.8 754.378 2.52595e+08 3.18016e+07 0.00950115 0.00575123 0.00659831 0.00824963 0.00700429 0.000680227 9.46971e-05 1.83807e-05 0.0744398 0.00386391 34.9585 20.1803 337.083 255.407 3708.32 829.15 4080.36 997.431 4080.36 997.431 0.519701 0.0294678 
400 0.277 195200000 1065.94 88.2136 -114.485 3.00726 13976.8 754.378 2.52595e+08 3.15341e+07 0.00950115 0.00569891 0.00659831 0.00824963 0.00700429 0.000675959 9.46971e-05 1.82269e-05 0.0744398 0.00386391 34.9585 20.1803 337.083 255.407 3708.32 829.15 4080.36 997.431 4080.36 997.431 0.519701 0.0294678 
400 0.277 196800000 1046.46 86.7229 -114.832 2.97238 14072.3 745.919 2.55393e+08 3.12782e+07 0.00729233 0.00565292 0.00222453 0.00824963 0.00719445 0.000670136 9.84646e-05 1.80689e-05 0.0755324 0.00378421 33.8369 19.5954 315.137 255.407 3841.04 775.919 4190.02 997.431 4190.02 997.431 0.516736 0.0283647 
400 0.277 198400000 1046.46 86.7229 -114.832 2.97238 14072.3 745.919 2.55393e+08 3.11267e+07 0.00729233 0.00560393 0.00222453 0.00824963 0.00719445 0.000663775 9.84646e-05 1.79043e-05 0.0755324 0.00374858 33.8369 19.5954 315.137 255.407 3841.04 775.919 4190.02 997.431 4190.02 997.431 0.516736 0.0283647 
400 0.277 200000000 1046.46 85.1918 -114.832 2.91761 14072.3 737.533 2.55393e+08 3.08948e+07 0.00729233 0.00561692 0.00222453 0.00824963 0.00719445 0.000658304 9.84646e-05 1.7736e-05 0.0755324 0.00372217 33.8369 19.5954 315.137 255.407 3841.04 775.919 4190.02 997.431 4190.02 997.431 0.516736 0.0283647 
400 0.277 201600000 1046.46 85.1918 -114.832 2.91761 14072.3 732.348 2.55393e+08 3.06476e+07 0.00729233 0.00556781 0.00222453 0.00824963 0.00719445 0.000655186 9.84646e-05 1.75938e-05 0.0755324 0.00372221 33.8369 19.5954 315.137 255.407 3841.04 775.919 4190.02 997.431 4190.02 997.431 0.516736 0.0283647 
400 0.277 203200000 1046.46 83.8935 -114.832 2.92481 14072.3 748.039 2.55393e+08 3.14672e+07 0.00729233 0.00570169 0.00222453 0.00824963 0.00719445 0.000650223 9.84646e-05 1.7433e-05 0.0755324 0.00372168 33.8369 19.5954 315.137 255.407 3841.04 775.919 4190.02 997.431 4190.02 997.431 0.516736 0.0273567 
400 0.277 204800000 1046.46 83.8935 -114.832 2.90065 14072.3 741.213 2.55393e+08 3.11877e+07 0.00729233 0.00570169 0.00222453 0.00824963 0.00719445 0.000655207 9.84646e-05 1.75079e-05 0.0755324 0.00372168 33.8369 19.5954 315.137 255.407 3841.04 775.919 4190.02 997.431 4190.02 997.431 0.516736 0.0273567 
400 0.277 206400000 1046.46 82.5584 -114.832 2.8719 14072.3 734.475 2.55393e+08 3.09085e+07 0.00729233 0.00570169 0.00222453 0.00824963 0.00719445 0.000650546 9.84646e-05 1.7369e-05 0.0755324 0.00372168 33.8369 19.5954 315.137 255.407 3841.04 775.919 4190.02 997.431 4190.02 997.431 0.516736 0.0273567 
400 0.277 208000000 1046.46 82.5584 -114.832 2.84825 14072.3 727.955 2.55393e+08 3.06419e+07 0.00729233 0.00570169 0.00222453 0.00824963 0.00719445 0.000644949 9.84646e-05 1.72129e-05 0.0755324 0.00372168 33.8369 19.5954 315.137 255.407 3841.04 775.919 4190.02 997.431 4190.02 997.431 0.516736 0.0273567 
400 0.277 209600000 1043.54 81.8416 -115.665 2.83164 14276.5 723.663 2.6247e+08 3.04026e+07 0.00639586 0.00566338 0.00226102 0.00813174 0.00724039 0.000641361 9.84937e-05 1.70812e-05 0.0758554 0.00364293 32.3827 18.0433 294.785 222.396 3633.82 747.655 3960.99 884.733 3960.99 884.733 0.515427 0.0264527 
400 0.277 211200000 1043.54 81.8416 -115.665 2.82721 14276.5 721.025 2.6247e+08 3.02e+07 0.00639586 0.00566338 0.00226102 0.00813174 0.00724039 0.000637521 9.84937e-05 1.69509e-05 0.0758554 0.00362309 32.3827 18.0433 294.785 222.396 3633.82 747.655 3960.99 884.733 3960.99 884.733 0.515427 0.0265354 
400 0.277 212800000 1043.54 80.5047 -115.665 2.81811 14276.5 716.968 2.6247e+08 2.99868e+07 0.00639586 0.00566338 0.00226102 0.00813174 0.00724039 0.000634939 9.84937e-05 1.68238e-05 0.0758554 0.00363533 32.3827 17.8537 294.785 222.396 3633.82 747.655 3960.99 884.733 3960.99 884.733 0.515427 0.0263807 
400 0.277 214400000 1043.54 80.5047 -115.665 2.81811 14276.5 710.742 2.6247e+08 2.97289e+07 0.00639586 0.00566338 0.00226102 0.00813174 0.00724039 0.000631603 9.84937e-05 1.66981e-05 0.0758554 0.00362229 32.3827 17.8537 294.785 222.396 3633.82 747.655 3960.99 884.733 3960.99 884.733 0.515427 0.0263807 
400 0.277 216000000 1043.54 79.1902 -115.665 2.80395 14276.5 711.745 2.6247e+08 2.96822e+07 0.00639586 0.00554215 0.00226102 0.00813174 0.00724039 0.000629696 9.84937e-05 1.65885e-05 0.0758554 0.00361386 32.3827 17.4291 294.785 222.396 3633.82 747.655 3960.99 884.733 3960.99 884.733 0.515427 0.0258704 
400 0.277 217600000 1043.54 79.1902 -115.665 2.80395 14276.5 705.703 2.6247e+08 2.94371e+07 0.00639586 0.00554215 0.00226102 0.00813174 0.00724039 0.000624404 9.84937e-05 1.64483e-05 0.0758554 0.00358574 32.3827 17.4291 294.785 222.396 3633.82 747.655 3960.99 884.733 3960.99 884.733 0.515427 0.0258704 
400 0.277 219200000 1043.54 77.8831 -115.665 2.75708 14276.5 699.755 2.6247e+08 2.91891e+07 0.00639586 0.00554215 0.00226102 0.00813174 0.00724039 0.000619402 9.84937e-05 1.63091e-05 0.0758554 0.0035601 32.3827 17.3829 294.785 222.396 3633.82 747.655 3960.99 884.733 3960.99 884.733 0.515427 0.0258704 
400 0.277 220800000 1043.54 77.8831 -115.665 2.75708 14276.5 697.468 2.6247e+08 2.9022e+07 0.00639586 0.00554215 0.00226102 0.00813174 0.00724039 0.00061438 9.84937e-05 1.61726e-05 0.0758554 0.00353389 32.3827 17.3829 294.785 222.396 3633.82 747.655 3960.99 884.733 3960.99 884.733 0.515427 0.0258704 
400 0.277 222400000 1038.47 76.6548 -116.152 2.76939 14385.2 694.714 2.6485e+08 2.88425e+07 0.00442759 0.00606303 0.00226161 0.00813174 0.00716428 0.000609746 9.59418e-05 1.6051e-05 0.07543 0.00350548 31.2875 16.9645 278.785 222.396 3703.5 701.051 4013.58 862.054 4013.58 862.054 0.519299 0.0254153 
400 0.277 224000000 1038.47 76.6548 -116.152 2.76939 14385.2 692.125 2.6485e+08 2.86045e+07 0.00442759 0.00606303 0.00226161 0.00813174 0.00716428 0.000610154 9.59418e-05 1.59988e-05 0.07543 0.003506 31.2875 16.9645 278.785 222.396 3703.5 701.051 4013.58 862.054 4013.58 862.054 0.519299 0.0253206 
400 0.277 225600000 1038.47 75.4121 -116.152 2.72632 14385.2 683.64 2.6485e+08 2.83776e+07 0.00442759 0.00606303 0.00226161 0.00813174 0.00716428 0.000607668 9.59418e-05 1.58876e-05 0.07543 0.00350506 31.2875 16.9645 278.785 222.396 3703.5 701.051 4013.58 862.054 4013.58 862.054 0.519299 0.0251131 
400 0.277 227200000 1038.47 75.4121 -116.152 2.74992 14385.2 709.053 2.6485e+08 3.01523e+07 0.00442759 0.00606303 0.00226161 0.00813174 0.00716428 0.000678726 9.59418e-05 2.25651e-05 0.07543 0.00365273 31.2875 16.9645 278.785 222.396 3703.5 701.051 4013.58 862.054 4013.58 862.054 0.519299 0.0250185 
400 0.277 228800000 1038.47 74.1989 -116.152 2.79198 14385.2 706.224 2.6485e+08 2.99092e+07 0.00442759 0.00609247 0.00226161 0.00813174 0.00716428 0.000673338 9.59418e-05 2.23848e-05 0.07543 0.00362598 31.2875 16.9645 278.785 222.396 3703.5 701.051 4013.58 862.054 4013.58 862.054 0.519299 0.0250135 
400 0.277 230400000 1038.47 74.1989 -116.152 2.79198 14385.2 706.224 2.6485e+08 2.9672e+07 0.00442759 0.00609247 0.00226161 0.00813174 0.00716428 0.000668019 9.59418e-05 2.22133e-05 0.07543 0.00359704 31.2875 16.9645 278.785 222.396 3703.5 701.051 4013.58 862.054 4013.58 862.054 0.519299 0.0250777 
400 0.277 232000000 1038.47 73.2461 -116.152 2.7538 14385.2 695.704 2.6485e+08 2.94383e+07 0.00442759 0.00609247 0.00226161 0.00813174 0.00716428 0.000663877 9.59418e-05 2.20528e-05 0.07543 0.00357455 31.2875 16.9645 278.785 222.396 3703.5 701.051 4013.58 862.054 4013.58 862.054 0.519299 0.0249409 
400 0.277 233600000 1038.47 73.2461 -116.152 2.7538 14385.2 695.704 2.6485e+08 2.92323e+07 0.00442759 0.00609247 0.00226161 0.00813174 0.00716428 0.000658942 9.59418e-05 2.18897e-05 0.07543 0.00354672 31.2875 16.9645 278.785 222.396 3703.5 701.051 4013.58 862.054 4013.58 862.054 0.519299 0.025014 
400 0.277 235200000 1062.17 74.4533 -116.87 2.73445 14565.9 690.511 2.72268e+08 2.90566e+07 0.00289102 0.00590349 0.00415139 0.00733171 0.00740625 0.000654993 0.000109767 2.17341e-05 0.0762569 0.00352572 30.1354 15.8069 264.051 196.708 3884.17 680.117 4178.36 791.846 4178.36 791.846 0.523184 0.0249284 
400 0.277 236800000 1062.17 74.4533 -116.87 2.73445 14565.9 690.511 2.72268e+08 2.88506e+07 0.00289102 0.00590349 0.00415139 0.00733171 0.00740625 0.000650179 0.000109767 2.15755e-05 0.0762569 0.00349865 30.1354 15.8069 264.051 196.708 3884.17 680.117 4178.36 791.846 4178.36 791.846 0.523184 0.024745 
400 0.277 238400000 1062.17 73.5385 -116.87 2.69562 14565.9 680.257 2.72268e+08 2.86467e+07 0.00289102 0.00590349 0.00415139 0.00733171 0.00740625 0.000645718 0.000109767 2.14216e-05 0.0762569 0.00347326 30.1354 15.66 264.051 196.708 3884.17 680.117 4178.36 791.846 4178.36 791.846 0.523184 0.0245933 
400 0.277 240000000 1062.17 73.5385 -116.87 2.69562 14565.9 680.257 2.72268e+08 2.84308e+07 0.00289102 0.00590349 0.00415139 0.00733171 0.00740625 0.000658703 0.000109767 2.18144e-05 0.0762569 0.00351329 30.1354 15.66 264.051 196.708 3884.17 680.117 4178.36 791.846 4178.36 791.846 0.523184 0.0245776 
400 0.277 241600000 1062.17 72.8652 -116.87 2.65503 14565.9 670.147 2.72268e+08 2.82524e+07 0.00289102 0.00574253 0.00415139 0.00733171 0.00740625 0.00065563 0.000109767 2.16658e-05 0.0762569 0.00350483 30.1354 15.333 264.051 196.708 3884.17 680.117 4178.36 791.846 4178.36 791.846 0.523184 0.0246509 
400 0.277 243200000 1062.17 72.8652 -116.87 2.65503 14565.9 670.147 2.72268e+08 2.80748e+07 0.00289102 0.00574253 0.00415139 0.00733171 0.00740625 0.000668986 0.000109767 2.2103e-05 0.0762569 0.00354536 30.1354 15.333 264.051 196.708 3884.17 680.117 4178.36 791.846 4178.36 791.846 0.523184 0.0244658 
400 0.277 244800000 1062.17 71.7793 -116.87 2.62723 14565.9 663.535 2.72268e+08 2.78879e+07 0.00289102 0.00574253 0.00415139 0.00733171 0.00740625 0.000665299 0.000109767 2.19422e-05 0.0762569 0.00353015 30.1354 15.2831 264.051 196.708 3884.17 680.117 4178.36 791.846 4178.36 791.846 0.523184 0.0245053 
400 0.277 246400000 1062.17 71.7793 -116.87 2.62723 14565.9 663.535 2.72268e+08 2.79235e+07 0.00289102 0.00574253 0.00415139 0.00733171 0.00740625 0.000660997 0.000109767 2.17931e-05 0.0762569 0.00350599 30.1354 15.2831 264.051 196.708 3884.17 680.117 4178.36 791.846 4178.36 791.846 0.523184 0.0244091 
400 0.277 248000000 1071.82 74.6528 -116.9 2.59507 14557.3 658.73 2.70929e+08 2.77569e+07 0.000577947 0.00586484 0.00499151 0.00733171 0.00771848 0.000661653 0.000119114 2.17128e-05 0.0777408 0.00350929 29.167 14.992 250.315 196.708 3833.84 641.97 4113.32 781.222 4113.32 781.222 0.525193 0.0243356 
400 0.277 249600000 1071.82 74.6528 -116.9 2.59507 14557.3 655.865 2.70929e+08 2.75886e+07 0.000577947 0.00586484 0.00499151 0.00733171 0.00771848 0.000657841 0.000119114 2.15697e-05 0.0777408 0.00348876 29.167 14.992 250.315 196.708 3833.84 641.97 4113.32 781.222 4113.32 781.222 0.525193 0.0242091 
400 0.277 251200000 1071.82 73.579 -116.9 2.55756 14557.3 651.663 2.70929e+08 2.74062e+07 0.000577947 0.00586484 0.00499151 0.00733171 0.00771848 0.000653108 0.000119114 2.14158e-05 0.0777408 0.00346522 29.167 14.992 250.315 196.708 3833.84 641.97 4113.32 781.222 4113.32 781.222 0.525193 0.0241187 
400 0.277 252800000 1071.82 73.579 -116.9 2.55756 14557.3 651.72 2.70929e+08 2.73452e+07 0.000577947 0.00586484 0.00499151 0.00733171 0.00771848 0.000650211 0.000119114 2.12783e-05 0.0777408 0.00345673 29.167 14.992 250.315 196.708 3833.84 641.97 4113.32 781.222 4113.32 781.222 0.525193 0.0241779 
400 0.277 254400000 1071.82 72.7967 -116.9 2.53225 14557.3 647.425 2.70929e+08 2.71678e+07 0.000577947 0.00587783 0.00499151 0.00733171 0.00771848 0.000645788 0.000119114 2.11359e-05 0.0777408 0.00343221 29.167 14.992 250.315 196.708 3833.84 641.97 4113.32 781.222 4113.32 781.222 0.525193 0.0242105 
400 0.277 256000000 1071.82 72.7967 -116.9 2.53225 14557.3 646.796 2.70929e+08 2.70339e+07 0.000577947 0.00587783 0.00499151 0.00733171 0.00771848 0.000641332 0.000119114 2.09941e-05 0.0777408 0.00340787 29.167 14.992 250.315 196.708 3833.84 641.97 4113.32 781.222 4113.32 781.222 0.525193 0.0240416 
400 0.277 257600000 1071.82 71.7836 -116.9 2.52887 14557.3 642.485 2.70929e+08 2.6858e+07 0.000577947 0.00587783 0.00499151 0.00733171 0.00771848 0.000638768 0.000119114 2.0862e-05 0.0777408 0.00340579 29.167 14.992 250.315 196.708 3833.84 641.97 4113.32 781.222 4113.32 781.222 0.525193 0.0239287 
400 0.277 259200000 1071.82 71.7836 -116.9 2.52887 14557.3 638.001 2.70929e+08 2.6675e+07 0.000577947 0.00587783 0.00499151 0.00733171 0.00771848 0.000637494 0.000119114 2.07187e-05 0.0777408 0.00338339 29.167 14.992 250.315 196.708 3833.84 641.97 4113.32 781.222 4113.32 781.222 0.525193 0.0238388 
400 0.277 260800000 1062.81 70.8474 -116.728 2.49391 14506.5 633.759 2.68277e+08 2.65023e+07 -0.00118366 0.0057302 0.00571665 0.00668207 0.0075146 0.00063193 0.000113973 2.05901e-05 0.0765766 0.00338565 28.2746 14.0646 238.407 176.515 3847.35 606.447 4114.03 706.381 4114.03 706.381 0.52874 0.0237964 
400 0.277 262400000 1062.81 70.8474 -116.728 2.49391 14506.5 630.704 2.68277e+08 2.63535e+07 -0.00118366 0.0057302 0.00571665 0.00668207 0.0075146 0.000628926 0.000113973 2.0449e-05 0.0765766 0.00336507 28.2746 14.0646 238.407 176.515 3847.35 606.447 4114.03 706.381 4114.03 706.381 0.52874 0.023669 
400 0.277 264000000 1062.81 70.0687 -116.728 2.46031 14506.5 628.534 2.68277e+08 2.62162e+07 -0.00118366 0.0057302 0.00571665 0.00668207 0.0075146 0.000628926 0.000113973 2.03208e-05 0.0765766 0.00336192 28.2746 13.9479 238.407 176.515 3847.35 606.447 4114.03 706.381 4114.03 706.381 0.52874 0.023567 
400 0.277 265600000 1062.81 70.0687 -116.728 2.46031 14506.5 624.332 2.68277e+08 2.60381e+07 -0.00118366 0.0057302 0.00571665 0.00668207 0.0075146 0.000628926 0.000113973 2.02818e-05 0.0765766 0.00336192 28.2746 13.9479 238.407 176.515 3847.35 606.447 4114.03 706.381 4114.03 706.381 0.52874 0.0236163 
400 0.277 267200000 1062.81 69.1294 -116.728 2.4274 14506.5 620.216 2.68277e+08 2.58715e+07 -0.00118366 0.0057302 0.00571665 0.00668207 0.0075146 0.000616046 0.000113973 2.005e-05 0.0765766 0.00330534 28.2746 13.6869 238.407 176.515 3847.35 606.447 4114.03 706.381 4114.03 706.381 0.52874 0.0234609 
400 0.277 268800000 1062.81 69.1294 -116.728 2.4274 14506.5 616.057 2.68277e+08 2.57016e+07 -0.00118366 0.0057302 0.00571665 0.00668207 0.0075146 0.000612637 0.000113973 1.99165e-05 0.0765766 0.00329038 28.2746 13.6869 238.407 176.515 3847.35 606.447 4114.03 706.381 4114.03 706.381 0.52874 0.0234872 
400 0.277 270400000 1062.81 68.2124 -116.728 2.39808 14506.5 612.941 2.68277e+08 2.55587e+07 -0.00118366 0.0057302 0.00571665 0.00668207 0.0075146 0.000615786 0.000113973 1.99267e-05 0.0765766 0.00330165 28.2746 13.6415 238.407 176.515 3847.35 606.447 4114.03 706.381 4114.03 706.381 0.52874 0.0234562 
400 0.277 272000000 1062.81 68.2124 -116.728 2.39808 14506.5 608.898 2.68277e+08 2.53906e+07 -0.00118366 0.0057302 0.00571665 0.00668207 0.0075146 0.000613523 0.000113973 1.98093e-05 0.0765766 0.0032999 28.2746 13.6415 238.407 176.515 3847.35 606.447 4114.03 706.381 4114.03 706.381 0.52874 0.0234991 
400 0.277 273600000 1053.79 67.5474 -116.575 2.36982 14442.8 606.24 2.6446e+08 2.52564e+07 -0.000349058 0.0057302 0.00702677 0.00668207 0.00755449 0.000611175 0.000113848 1.96932e-05 0.076837 0.0032953 27.7273 13.4412 229.098 176.515 3919.69 586.002 4176.52 697.063 4176.52 697.063 0.529395 0.0233981 
400 0.277 275200000 1053.79 67.5474 -116.575 2.36982 14442.8 602.317 2.6446e+08 2.50975e+07 -0.000349058 0.0057302 0.00702677 0.00668207 0.00755449 0.000608908 0.000113848 1.95784e-05 0.076837 0.00329266 27.7273 13.4412 229.098 176.515 3919.69 586.002 4176.52 697.063 4176.52 697.063 0.529395 0.0233147 
400 0.277 276800000 1053.79 66.6702 -116.575 2.35937 14442.8 604.133 2.6446e+08 2.51266e+07 -0.000349058 0.0057302 0.00702677 0.00668207 0.00755449 0.000604958 0.000113848 1.94555e-05 0.076837 0.00327169 27.7273 13.4412 229.098 176.515 3919.69 580.448 4176.52 697.063 4176.52 697.063 0.529395 0.0231654 
400 0.277 278400000 1053.79 66.6702 -116.575 2.35914 14442.8 602.549 2.6446e+08 2.50072e+07 -0.000349058 0.0057302 0.00702677 0.00668207 0.00755449 0.000601768 0.000113848 1.93415e-05 0.076837 0.00325371 27.7273 13.4412 229.098 176.515 3919.69 580.448 4176.52 697.063 4176.52 697.063 0.529395 0.0231995 
400 0.277 280000000 1053.79 65.8306 -116.575 2.34219 14442.8 598.766 2.6446e+08 2.48469e+07 -0.000349058 0.0057302 0.00702677 0.00668207 0.00755449 0.000598669 0.000113848 1.92291e-05 0.076837 0.00323644 27.7273 13.4412 229.098 176.515 3919.69 596.197 4176.52 697.063 4176.52 697.063 0.529395 0.0232371 
400 0.277 281600000 1053.79 65.8306 -116.575 2.33562 14442.8 596.366 2.6446e+08 2.47131e+07 -0.000349058 0.0057302 0.00702677 0.00668207 0.00755449 0.000596501 0.000113848 1.91196e-05 0.076837 0.00323438 27.7273 13.4412 229.098 176.515 3919.69 596.197 4176.52 697.063 4176.52 697.063 0.529395 0.0231847 
400 0.277 283200000 1053.79 67.8826 -116.575 2.31953 14442.8 592.738 2.6446e+08 2.45669e+07 -0.000349058 0.0057302 0.00702677 0.00668207 0.00755449 0.000597737 0.000113848 1.90778e-05 0.076837 0.00323938 27.7273 13.4412 229.098 176.515 3919.69 590.568 4176.52 697.063 4176.52 697.063 0.529395 0.0230708 
400 0.277 284800000 1053.79 67.8826 -116.575 2.31186 14442.8 590.472 2.6446e+08 2.44386e+07 -0.000349058 0.0057302 0.00702677 0.00668207 0.00755449 0.000594004 0.000113848 1.89628e-05 0.076837 0.00321915 27.7273 13.4412 229.098 176.515 3919.69 590.568 4176.52 697.063 4176.52 697.063 0.529395 0.0230241 
400 0.277 286400000 1068.84 67.1054 -117.162 2.30258 14574.2 587.471 2.67627e+08 2.42935e+07 -0.00129268 0.00594242 0.00635413 0.00631401 0.00748045 0.000590328 0.000111715 1.88459e-05 0.0764295 0.00320058 26.875 12.669 220.316 159.788 3939.8 585.184 4186.99 638.444 4186.99 638.444 0.529101 0.0229036 
400 0.277 288000000 1068.84 67.1054 -117.162 2.30258 14574.2 583.879 2.67627e+08 2.41428e+07 -0.00129268 0.00594242 0.00635413 0.00631401 0.00748045 0.000587684 0.000111715 1.87408e-05 0.0764295 0.00318727 26.875 12.669 220.316 159.788 3939.8 585.184 4186.99 638.444 4186.99 638.444 0.529101 0.0229293 
400 0.277 289600000 1068.84 66.2995 -117.162 2.27662 14574.2 581.101 2.67627e+08 2.40183e+07 -0.00129268 0.00594242 0.00635413 0.00631401 0.00748045 0.000584317 0.000111715 1.86333e-05 0.0764295 0.00316801 26.875 12.5723 220.316 159.788 3939.8 578.009 4186.99 638.444 4186.99 638.444 0.529101 0.0227898 
400 0.277 291200000 1068.84 66.2995 -117.162 2.27507 14574.2 578.01 2.67627e+08 2.38889e+07 -0.00129268 0.00594242 0.00635413 0.00631401 0.00748045 0.000581118 0.000111715 1.85281e-05 0.0764295 0.00314961 26.875 12.5723 220.316 159.788 3939.8 578.009 4186.99 638.444 4186.99 638.444 0.529101 0.022694 
400 0.277 292800000 1068.84 65.4912 -117.162 2.25244 14574.2 574.802 2.67627e+08 2.3745e+07 -0.00129268 0.00594242 0.00635413 0.00631401 0.00748045 0.000579061 0.000111715 1.84271e-05 0.0764295 0.00314626 26.875 12.3621 220.316 159.788 3939.8 572.876 4186.99 638.444 4186.99 638.444 0.529101 0.0226759 
400 0.277 294400000 1068.84 65.4912 -117.162 2.25476 14574.2 574.046 2.67627e+08 2.36447e+07 -0.00129268 0.00594242 0.00635413 0.00631401 0.00748045 0.000576596 0.000111715 1.83268e-05 0.0764295 0.00313452 26.875 12.3621 220.316 159.788 3939.8 572.876 4186.99 638.444 4186.99 638.444 0.529101 0.0227115 
400 0.277 296000000 1068.84 67.0875 -117.162 2.24203 14574.2 570.677 2.67627e+08 2.35023e+07 -0.00129268 0.00594242 0.00635413 0.00631401 0.00748045 0.000574551 0.000111715 1.82236e-05 0.0764295 0.00311585 26.875 12.3159 220.316 159.788 3939.8 570.339 4186.99 638.444 4186.99 638.444 0.529101 0.0226172 
400 0.277 297600000 1068.84 67.0875 -117.162 2.23176 14574.2 567.814 2.67627e+08 2.33671e+07 -0.00129268 0.00594242 0.00635413 0.00631401 0.00748045 0.000574551 0.000111715 1.81886e-05 0.0764295 0.00311433 26.875 12.3159 220.316 159.788 3939.8 570.339 4186.99 638.444 4186.99 638.444 0.529101 0.022485 
400 0.277 299200000 1068.84 66.3387 -117.162 2.21848 14574.2 564.444 2.67627e+08 2.32317e+07 -0.00129268 0.00594242 0.00635413 0.00631401 0.00748045 0.000569478 0.000111715 1.80385e-05 0.0764295 0.00309814 26.875 12.1698 220.316 159.788 3939.8 565.381 4186.99 631.164 4186.99 631.164 0.529101 0.0224006 
400 0.277 300800000 1068.84 66.3387 -117.162 2.20676 14574.2 561.113 2.67627e+08 2.30978e+07 -0.00129268 0.00594242 0.00635413 0.00631401 0.00748045 0.000567591 0.000111715 1.79408e-05 0.0764295 0.00309061 26.875 12.1698 220.316 159.788 3939.8 565.381 4186.99 631.164 4186.99 631.164 0.529101 0.0222782 
400 0.277 302400000 1068.84 66.9694 -117.162 2.20129 14574.2 559.578 2.67627e+08 2.29968e+07 -0.00129268 0.00594242 0.00635413 0.00631401 0.00748045 0.000564481 0.000111715 1.78426e-05 0.0764295 0.00307277 26.875 12.1698 220.316 159.788 3939.8 560.389 4186.99 631.164 4186.99 631.164 0.529101 0.0222011 
400 0.277 304000000 1068.84 66.9694 -117.162 2.18902 14574.2 556.334 2.67627e+08 2.28671e+07 -0.00129268 0.00594242 0.00635413 0.00631401 0.00748045 0.000562384 0.000111715 1.77569e-05 0.0764295 0.00306506 26.875 12.1698 220.316 159.788 3939.8 560.389 4186.99 631.164 4186.99 631.164 0.529101 0.0221516 
400 0.277 305600000 1068.84 66.204 -117.162 2.1798 14574.2 554.079 2.67627e+08 2.27595e+07 -0.00129268 0.00594242 0.00635413 0.00631401 0.00748045 0.00055943 0.000111715 1.76542e-05 0.0764295 0.00304799 26.875 12.1698 220.316 159.788 3939.8 557.344 4186.99 631.164 4186.99 631.164 0.529101 0.0221806 
400 0.277 307200000 1068.84 66.204 -117.162 2.16872 14574.2 551.336 2.67627e+08 2.26445e+07 -0.00129268 0.00594242 0.00635413 0.00631401 0.00748045 0.000556281 0.000111715 1.75576e-05 0.0764295 0.00303038 26.875 12.1698 220.316 159.788 3939.8 557.344 4186.99 631.164 4186.99 631.164 0.529101 0.02223 
400 0.277 308800000 1068.84 65.7938 -117.162 2.15849 14574.2 548.53 2.67627e+08 2.25169e+07 -0.00129268 0.00594242 0.00635413 0.00631401 0.00748045 0.000553124 0.000111715 1.74578e-05 0.0764295 0.00301442 26.875 12.1698 220.316 159.788 3939.8 552.684 4186.99 631.164 4186.99 631.164 0.529101 0.0221189 
400 0.277 310400000 1068.84 65.7938 -117.162 2.15121 14574.2 546.531 2.67627e+08 2.24151e+07 -0.00129268 0.00594242 0.00635413 0.00631401 0.00748045 0.000550843 0.000111715 1.73784e-05 0.0764295 0.0030047 26.875 12.1698 220.316 159.788 3939.8 552.684 4186.99 631.164 4186.99 631.164 0.529101 0.0219959 
400 0.277 312000000 1097.95 65.1684 -116.501 2.14012 14378.5 543.792 2.58788e+08 2.23022e+07 -0.00266087 0.00594242 0.00511817 0.00631401 0.00737966 0.000547717 0.000107258 1.72656e-05 0.0762128 0.00298793 25.5071 11.5269 203.546 148.149 3857.84 548.037 4086.9 591.168 4086.9 591.168 0.529742 0.0218731 
400 0.277 313600000 1097.95 65.1684 -116.501 2.14057 14378.5 542.93 2.58788e+08 2.22128e+07 -0.00266087 0.00594242 0.00511817 0.00631401 0.00737966 0.000544689 0.000107258 1.7173e-05 0.0762128 0.00297105 25.5071 11.5269 203.546 148.149 3857.84 548.037 4086.9 591.168 4086.9 591.168 0.529742 0.0218615 
400 0.277 315200000 1097.95 64.7117 -116.501 2.1372 14378.5 540.866 2.58788e+08 2.21124e+07 -0.00266087 0.00594242 0.00511817 0.00631401 0.00737966 0.000542952 0.000107258 1.70869e-05 0.0762128 0.00296843 25.5071 11.4481 203.546 148.149 3857.84 543.492 4086.9 586.178 4086.9 586.178 0.529742 0.0217529 
400 0.277 316800000 1097.95 64.7117 -116.501 2.1372 14378.5 538.312 2.58788e+08 2.20049e+07 -0.00266087 0.00594242 0.00511817 0.00631401 0.00737966 0.000539933 0.000107258 1.69955e-05 0.0762128 0.00295285 25.5071 11.4481 203.546 148.149 3857.84 543.492 4086.9 586.178 4086.9 586.178 0.529742 0.0216341 
400 0.277 318400000 1097.95 64.0576 -116.501 2.11575 14378.5 535.384 2.58788e+08 2.18886e+07 -0.00266087 0.00594242 0.00511817 0.00631401 0.00737966 0.000537026 0.000107258 1.68991e-05 0.0762128 0.00293845 25.5071 11.2726 203.546 148.149 3857.84 540.257 4086.9 585.594 4086.9 585.594 0.529742 0.0216571 
400 0.277 320000000 1097.95 64.0576 -116.501 2.11575 14378.5 532.426 2.58788e+08 2.17697e+07 -0.00266087 0.00594242 0.00511817 0.00631401 0.00737966 0.000534879 0.000107258 1.68151e-05 0.0762128 0.00292741 25.5071 11.2726 203.546 148.149 3857.84 540.257 4086.9 585.594 4086.9 585.594 0.529742 0.02154 
400 0.277 321600000 1097.95 64.1379 -116.501 2.10101 14378.5 531.371 2.58788e+08 2.16827e+07 -0.00266087 0.00594242 0.00511817 0.00631401 0.00737966 0.000532194 0.000107258 1.67295e-05 0.0762128 0.00291187 25.5071 11.2548 203.546 148.149 3857.84 538.229 4086.9 585.594 4086.9 585.594 0.529742 0.0215599 
400 0.277 323200000 1097.95 64.1379 -116.501 2.10101 14378.5 528.534 2.58788e+08 2.15702e+07 -0.00266087 0.00594242 0.00511817 0.00631401 0.00737966 0.000529357 0.000107258 1.66726e-05 0.0762128 0.00289596 25.5071 11.2548 203.546 148.149 3857.84 538.229 4086.9 585.594 4086.9 585.594 0.529742 0.0214772 
400 0.277 324800000 1097.95 63.5485 -116.501 2.08324 14378.5 527.061 2.58788e+08 2.14804e+07 -0.00266087 0.00594242 0.00511817 0.00631401 0.00737966 0.000529333 0.000107258 1.65873e-05 0.0762128 0.00289622 25.5071 11.2548 203.546 148.149 3857.84 534.01 4086.9 581.668 4086.9 581.668 0.529742 0.0213628 
400 0.277 326400000 1097.95 63.5485 -116.501 2.09964 14378.5 527.956 2.58788e+08 2.14059e+07 -0.00266087 0.00594242 0.00511817 0.00631401 0.00737966 0.000527363 0.000107258 1.6507e-05 0.0762128 0.00288689 25.5071 11.2548 203.546 148.149 3857.84 534.01 4086.9 581.668 4086.9 581.668 0.529742 0.0213707 
400 0.277 328000000 1097.95 63.1293 -116.501 2.16627 14378.5 529.78 2.58788e+08 2.13306e+07 -0.00266087 0.00594242 0.00511817 0.00631401 0.00737966 0.000524534 0.000107258 1.64199e-05 0.0762128 0.00287213 25.5071 11.2548 203.546 148.149 3857.84 529.863 4086.9 581.668 4086.9 581.668 0.529742 0.0213558 
400 0.277 329600000 1097.95 63.1293 -116.501 2.16627 14378.5 529.78 2.58788e+08 2.12388e+07 -0.00266087 0.00594242 0.00511817 0.00631401 0.00737966 0.000521753 0.000107258 1.63357e-05 0.0762128 0.00285685 25.5071 11.2548 203.546 148.149 3857.84 529.863 4086.9 581.668 4086.9 581.668 0.529742 0.0212511 
400 0.277 331200000 1097.95 62.6305 -116.501 2.14349 14378.5 525.099 2.58788e+08 2.11526e+07 -0.00266087 0.00594242 0.00511817 0.00631401 0.00737966 0.000520147 0.000107258 1.62581e-05 0.0762128 0.00285343 25.5071 11.2548 203.546 148.149 3857.84 524.253 4086.9 581.668 4086.9 581.668 0.529742 0.0212541 
400 0.277 332800000 1097.95 62.6305 -116.501 2.14349 14378.5 524.189 2.58788e+08 2.10514e+07 -0.00266087 0.00594242 0.00511817 0.00631401 0.00737966 0.000517609 0.000107258 1.61782e-05 0.0762128 0.00283873 25.5071 11.2548 203.546 148.149 3857.84 524.253 4086.9 581.668 4086.9 581.668 0.529742 0.0211461 
400 0.277 334400000 1097.95 62.7443 -116.501 2.12097 14378.5 519.935 2.58788e+08 2.09408e+07 -0.00266087 0.00594242 0.00511817 0.00631401 0.00737966 0.000519021 0.000107258 1.61627e-05 0.0762128 0.00284412 25.5071 11.2548 203.546 148.149 3857.84 520.147 4086.9 581.668 4086.9 581.668 0.529742 0.0210451 
400 0.277 336000000 1097.95 62.7443 -116.501 2.12097 14378.5 518.689 2.58788e+08 2.08516e+07 -0.00266087 0.00594242 0.00511817 0.00631401 0.00737966 0.000520619 0.000107258 1.61546e-05 0.0762128 0.00285002 25.5071 11.2548 203.546 148.149 3857.84 520.147 4086.9 581.668 4086.9 581.668 0.529742 0.0210543 
400 0.277 337600000 1103.74 62.0919 -115.746 2.13254 14224.9 521.639 2.54067e+08 2.08465e+07 -0.00193198 0.00498629 0.00627696 0.00526948 0.0074073 0.000518011 0.000106388 1.60707e-05 0.0765624 0.00283717 24.5641 10.5715 190.47 134.545 3806.56 514.735 4021.6 553.695 4021.6 553.695 0.52961 0.0209877 
400 0.277 339200000 1103.74 62.0919 -115.746 2.13254 14224.9 521.639 2.54067e+08 2.07554e+07 -0.00193198 0.00498629 0.00627696 0.00526948 0.0074073 0.000515581 0.000106388 1.59939e-05 0.0765624 0.00282305 24.5641 10.5715 190.47 134.545 3806.56 514.735 4021.6 553.695 4021.6 553.695 0.52961 0.0209069 
400 0.277 340800000 1103.74 61.7194 -115.746 2.11178 14224.9 516.791 2.54067e+08 2.06499e+07 -0.00193198 0.00498629 0.00627696 0.00526948 0.0074073 0.000516055 0.000106388 1.59568e-05 0.0765624 0.00282498 24.5641 10.5042 190.47 134.545 3806.56 510.821 4021.6 549.411 4021.6 549.411 0.52961 0.0208874 
400 0.277 342400000 1103.74 61.7194 -115.746 2.11178 14224.9 516.791 2.54067e+08 2.05812e+07 -0.00193198 0.00498629 0.00627696 0.00526948 0.0074073 0.000513553 0.000106388 1.59187e-05 0.0765624 0.00281117 24.5641 10.5042 190.47 134.545 3806.56 510.821 4021.6 549.411 4021.6 549.411 0.52961 0.0208587 
400 0.277 344000000 1103.74 61.4427 -115.746 2.09822 14224.9 513.057 2.54067e+08 2.04784e+07 -0.00193198 0.00498629 0.00627696 0.00526948 0.0074073 0.000512004 0.000106388 1.58049e-05 0.0765624 0.00281014 24.5641 10.3566 190.47 134.545 3806.56 506.994 4021.6 545.365 4021.6 545.365 0.52961 0.020876 
400 0.277 345600000 1103.74 61.4427 -115.746 2.09822 14224.9 513.057 2.54067e+08 2.04113e+07 -0.00193198 0.00498629 0.00627696 0.00526948 0.0074073 0.000510744 0.000106388 1.57339e-05 0.0765624 0.00281572 24.5641 10.3566 190.47 134.545 3806.56 506.994 4021.6 545.365 4021.6 545.365 0.52961 0.0207707 
400 0.277 347200000 1103.74 60.9504 -115.746 2.08529 14224.9 508.919 2.54067e+08 2.03135e+07 -0.00193198 0.00498629 0.00627696 0.00526948 0.0074073 0.000508743 0.000106388 1.56559e-05 0.0765624 0.00280677 24.5641 10.3182 190.47 134.545 3806.56 503.109 4021.6 545.365 4021.6 545.365 0.52961 0.0207888 
400 0.277 348800000 1103.74 60.9504 -115.746 2.08529 14224.9 508.919 2.54067e+08 2.02149e+07 -0.00193198 0.00498629 0.00627696 0.00526948 0.0074073 0.000507112 0.000106388 1.55938e-05 0.0765624 0.00280004 24.5641 10.3182 190.47 134.545 3806.56 503.109 4021.6 545.365 4021.6 545.365 0.52961 0.0207928 
400 0.277 350400000 1103.74 61.4794 -115.746 2.08457 14224.9 504.453 2.54067e+08 2.01282e+07 -0.00193198 0.00498629 0.00627696 0.00526948 0.0074073 0.000505786 0.000106388 1.5517e-05 0.0765624 0.0028006 24.5641 10.2515 190.47 134.545 3806.56 510.668 4021.6 550.849 4021.6 550.849 0.52961 0.0207004 
400 0.277 352000000 1103.74 61.4794 -115.746 2.08457 14224.9 504.453 2.54067e+08 2.00521e+07 -0.00193198 0.00498629 0.00627696 0.00526948 0.0074073 0.000504055 0.000106388 1.54482e-05 0.0765624 0.00279211 24.5641 10.2515 190.47 134.545 3806.56 510.668 4021.6 550.849 4021.6 550.849 0.52961 0.0207196 
400 0.277 353600000 1103.74 60.878 -115.746 2.08457 14224.9 503.338 2.54067e+08 1.99621e+07 -0.00193198 0.00498629 0.00627696 0.00526948 0.0074073 0.00050156 0.000106388 1.53737e-05 0.0765624 0.00277872 24.5641 10.2515 190.47 134.545 3806.56 508.477 4021.6 547.916 4021.6 547.916 0.52961 0.0206896 
400 0.277 355200000 1103.74 60.878 -115.746 2.08457 14224.9 510.163 2.54067e+08 2.05337e+07 -0.00193198 0.00498629 0.00627696 0.00526948 0.0074073 0.000565648 0.000106388 2.36709e-05 0.0765624 0.00289152 24.5641 10.2515 190.47 134.545 3806.56 508.477 4021.6 547.916 4021.6 547.916 0.52961 0.0206334 
400 0.277 356800000 1103.74 60.307 -115.746 2.08457 14224.9 507.669 2.54067e+08 2.04339e+07 -0.00193198 0.00498629 0.00627696 0.00526948 0.0074073 0.000562877 0.000106388 2.35567e-05 0.0765624 0.00287793 24.5641 10.2515 190.47 134.545 3806.56 504.865 4021.6 543.942 4021.6 543.942 0.52961 0.0205385 
400 0.277 358400000 1103.74 60.307 -115.746 2.08457 14224.9 506.808 2.54067e+08 2.0335e+07 -0.00193198 0.00498629 0.00627696 0.00526948 0.0074073 0.000560234 0.000106388 2.34462e-05 0.0765624 0.00286394 24.5641 10.2515 190.47 134.545 3806.56 504.865 4021.6 543.942 4021.6 543.942 0.52961 0.0204868 
400 0.277 360000000 1103.74 59.7656 -115.746 2.08457 14224.9 503.338 2.54067e+08 2.02406e+07 -0.00193198 0.00498629 0.00627696 0.00526948 0.0074073 0.000558652 0.000106388 2.33398e-05 0.0765624 0.00286594 24.5641 10.2515 190.47 134.545 3806.56 501.226 4021.6 539.948 4021.6 539.948 0.52961 0.0203981 
400 0.277 361600000 1103.74 59.7656 -115.746 2.08457 14224.9 503.338 2.54067e+08 2.02094e+07 -0.00193198 0.00498629 0.00627696 0.00526948 0.0074073 0.000556311 0.000106388 2.32331e-05 0.0765624 0.00285344 24.5641 10.2515 190.47 134.545 3806.56 501.226 4021.6 539.948 4021.6 539.948 0.52961 0.0203828 
400 0.277 363200000 1090.42 59.7759 -116.003 2.08457 14298.7 503.338 2.56959e+08 2.01429e+07 -0.000497467 0.00498629 0.00676232 0.00526215 0.00750044 0.000553723 0.000120031 2.31254e-05 0.0763092 0.00283975 24.0271 9.76231 197.237 126.428 3824.44 497.719 4045.71 536.075 4045.71 536.075 0.52392 0.0203578 
400 0.277 364800000 1090.42 59.7759 -116.003 2.08457 14298.7 503.338 2.56959e+08 2.00489e+07 -0.000497467 0.00498629 0.00676232 0.00526215 0.00750044 0.000552321 0.000120031 2.30211e-05 0.0763092 0.00283516 24.0271 9.76231 197.237 126.428 3824.44 497.719 4045.71 536.075 4045.71 536.075 0.52392 0.0203435 
400 0.277 366400000 1090.42 59.2067 -116.003 2.08457 14298.7 503.338 2.56959e+08 1.9973e+07 -0.000497467 0.00498629 0.00676232 0.00526215 0.00750044 0.000550127 0.000120031 2.29177e-05 0.0763092 0.00282366 24.0271 9.70101 197.237 126.428 3824.44 494.218 4045.71 532.234 4045.71 532.234 0.52392 0.0202716 
400 0.277 368000000 1090.42 59.2067 -116.003 2.08457 14298.7 503.338 2.56959e+08 1.98945e+07 -0.000497467 0.00498629 0.00676232 0.00526215 0.00750044 0.00054755 0.000120031 2.28122e-05 0.0763092 0.00281031 24.0271 9.70101 197.237 126.428 3824.44 494.218 4045.71 532.234 4045.71 532.234 0.52392 0.0201764 
400 0.277 369600000 1090.42 59.0416 -116.003 2.08457 14298.7 503.338 2.56959e+08 2.01402e+07 -0.000497467 0.00498629 0.00676232 0.00526215 0.00750044 0.00054497 0.000120031 2.27069e-05 0.0763092 0.00279731 24.0271 9.61335 197.237 126.428 3824.44 490.719 4045.71 528.394 4045.71 528.394 0.52392 0.0200862 
400 0.277 371200000 1090.42 59.0416 -116.003 2.08457 14298.7 503.338 2.56959e+08 2.00562e+07 -0.000497467 0.00498629 0.00676232 0.00526215 0.00750044 0.000544278 0.000120031 2.2615e-05 0.0763092 0.00279581 24.0271 9.61335 197.237 126.428 3824.44 490.719 4045.71 528.394 4045.71 528.394 0.52392 0.0199945 
400 0.277 372800000 1090.42 58.496 -116.003 2.08457 14298.7 503.338 2.56959e+08 1.99676e+07 -0.000497467 0.00498629 0.00676232 0.00526215 0.00750044 0.000542279 0.000120031 2.25157e-05 0.0763092 0.00278588 24.0271 9.61335 197.237 126.428 3824.44 487.295 4045.71 524.642 4045.71 524.642 0.52392 0.0199455 
400 0.277 374400000 1090.42 58.496 -116.003 2.08457 14298.7 503.338 2.56959e+08 1.9884e+07 -0.000497467 0.00498629 0.00676232 0.00526215 0.00750044 0.000540167 0.000120031 2.24113e-05 0.0763092 0.0027772 24.0271 9.61335 197.237 126.428 3824.44 487.295 4045.71 524.642 4045.71 524.642 0.52392 0.0198548 
400 0.277 376000000 1090.42 58.2594 -116.003 2.08457 14298.7 503.338 2.56959e+08 1.98119e+07 -0.000497467 0.00498629 0.00676232 0.00526215 0.00750044 0.000538249 0.000120031 2.23139e-05 0.0763092 0.00276797 24.0271 9.61335 197.237 126.428 3824.44 483.747 4045.71 520.774 4045.71 520.774 0.52392 0.0198039 
400 0.277 377600000 1090.42 58.2594 -116.003 2.08457 14298.7 503.338 2.56959e+08 1.98119e+07 -0.000497467 0.00498629 0.00676232 0.00526215 0.00750044 0.000536399 0.000120031 2.22124e-05 0.0763092 0.0027608 24.0271 9.61335 197.237 126.428 3824.44 483.747 4045.71 520.774 4045.71 520.774 0.52392 0.0198311 
400 0.277 379200000 1090.42 57.8627 -116.003 2.08457 14298.7 503.338 2.56959e+08 1.98119e+07 -0.000497467 0.00498629 0.00676232 0.00526215 0.00750044 0.000534673 0.000120031 2.21171e-05 0.0763092 0.00275392 24.0271 9.61335 197.237 126.428 3824.44 480.815 4045.71 517.277 4045.71 517.277 0.52392 0.0197528 
400 0.277 380800000 1090.42 57.8627 -116.003 2.08457 14298.7 503.338 2.56959e+08 1.98119e+07 -0.000497467 0.00498629 0.00676232 0.00526215 0.00750044 0.000532267 0.000120031 2.20169e-05 0.0763092 0.00274252 24.0271 9.61335 197.237 126.428 3824.44 480.815 4045.71 517.277 4045.71 517.277 0.52392 0.0196627 
400 0.277 382400000 1090.42 58.0706 -116.003 2.08457 14298.7 503.338 2.56959e+08 1.98119e+07 -0.000497467 0.00498629 0.00676232 0.00526215 0.00750044 0.000530408 0.000120031 2.19229e-05 0.0763092 0.0027335 24.0271 9.61335 197.237 126.428 3824.44 477.506 4045.71 513.67 4045.71 513.67 0.52392 0.019623 
400 0.277 384000000 1090.42 58.0706 -116.003 2.08457 14298.7 503.338 2.56959e+08 1.98119e+07 -0.000497467 0.00498629 0.00676232 0.00526215 0.00750044 0.000528806 0.000120031 2.18301e-05 0.0763092 0.00272831 24.0271 9.61335 197.237 126.428 3824.44 477.506 4045.71 513.67 4045.71 513.67 0.52392 0.019536 
400 0.277 385600000 1090.42 57.5693 -116.003 2.08457 14298.7 503.338 2.56959e+08 1.98119e+07 -0.000497467 0.00498629 0.00676232 0.00526215 0.00750044 0.000526425 0.000120031 2.17337e-05 0.0763092 0.00271632 24.0271 9.61335 197.237 126.428 3824.44 474.246 4045.71 513.133 4045.71 513.133 0.52392 0.0194588 
400 0.277 387200000 1090.42 57.5693 -116.003 2.08457 14298.7 503.338 2.56959e+08 1.98119e+07 -0.000497467 0.00498629 0.00676232 0.00526215 0.00750044 0.000524476 0.000120031 2.16418e-05 0.0763092 0.00270612 24.0271 9.61335 197.237 126.428 3824.44 474.246 4045.71 513.133 4045.71 513.133 0.52392 0.0194033 
400 0.277 388800000 1096.93 57.0875 -116.139 1.91132 14306.5 478.8 2.56028e+08 1.91893e+07 -8.32157e-06 0.00463018 0.00604265 0.0045901 0.00742981 0.000522684 0.000116398 2.1551e-05 0.0761567 0.00269752 23.1186 9.07069 185.19 116.064 3633.95 471.065 3842.26 506.633 3842.26 506.633 0.525144 0.0193265 
400 0.277 390400000 1096.93 57.0875 -116.139 1.90499 14306.5 476.725 2.56028e+08 1.9104e+07 -8.32157e-06 0.00463018 0.00604265 0.0045901 0.00742981 0.000521194 0.000116398 2.14583e-05 0.0761567 0.00269213 23.1186 9.07069 185.19 116.064 3633.95 471.065 3842.26 506.633 3842.26 506.633 0.525144 0.0192411 
400 0.277 392000000 1096.93 56.6415 -116.139 1.89498 14306.5 474.67 2.56028e+08 1.90241e+07 -8.32157e-06 0.00463018 0.00604265 0.0045901 0.00742981 0.000519044 0.000116398 2.13675e-05 0.0761567 0.00268049 23.1186 9.01933 185.19 116.064 3633.95 467.907 3842.26 503.182 3842.26 503.182 0.525144 0.0191821 
400 0.277 393600000 1096.93 56.6415 -116.139 1.88834 14306.5 472.661 2.56028e+08 1.89404e+07 -8.32157e-06 0.00463018 0.00604265 0.0045901 0.00742981 0.000516783 0.000116398 2.12761e-05 0.0761567 0.00266872 23.1186 9.01933 185.19 116.064 3633.95 467.907 3842.26 503.182 3842.26 503.182 0.525144 0.0191133 
400 0.277 395200000 1096.93 56.2694 -116.139 1.88247 14306.5 471.297 2.56028e+08 1.88692e+07 -8.32157e-06 0.00463018 0.00604265 0.0045901 0.00742981 0.000515229 0.000116398 2.1185e-05 0.0761567 0.0026629 23.1186 8.91251 185.19 116.064 3633.95 464.786 3842.26 500.641 3842.26 500.641 0.525144 0.0190367 
400 0.277 396800000 1096.93 56.2694 -116.139 1.87895 14306.5 469.391 2.56028e+08 1.87875e+07 -8.32157e-06 0.00463018 0.00604265 0.0045901 0.00742981 0.000513171 0.000116398 2.10968e-05 0.0761567 0.00265173 23.1186 8.91251 185.19 116.064 3633.95 464.786 3842.26 500.641 3842.26 500.641 0.525144 0.019005 
400 0.277 398400000 1096.93 55.8234 -116.139 1.86865 14306.5 467.598 2.56028e+08 1.87078e+07 -8.32157e-06 0.00463018 0.00604265 0.0045901 0.00742981 0.000518674 0.000116398 2.12049e-05 0.0761567 0.00266952 23.1186 8.87416 185.19 116.064 3633.95 461.659 3842.26 500.641 3842.26 500.641 0.525144 0.0189232 
400 0.277 400000000 1096.93 55.8234 -116.139 1.86766 14306.5 466.486 2.56028e+08 1.86465e+07 -8.32157e-06 0.00463018 0.00604265 0.0045901 0.00742981 0.000516654 0.000116398 2.11178e-05 0.0761567 0.0026586 23.1186 8.87416 185.19 116.064 3633.95 461.659 3842.26 500.641 3842.26 500.641 0.525144 0.0188834 
400 0.277 401600000 1096.93 55.3679 -116.139 1.86934 14306.5 468.054 2.56028e+08 1.8698e+07 -8.32157e-06 0.00463018 0.00604265 0.0045901 0.00742981 0.000514466 0.000116398 2.10274e-05 0.0761567 0.00264829 23.1186 8.84352 185.19 116.064 3633.95 458.602 3842.26 500.641 3842.26 500.641 0.525144 0.0188024 
400 0.277 403200000 1096.93 55.3679 -116.139 1.86146 14306.5 466.124 2.56028e+08 1.86231e+07 -8.32157e-06 0.00463018 0.00604265 0.0045901 0.00742981 0.000512258 0.000116398 2.09389e-05 0.0761567 0.00263723 23.1186 8.84352 185.19 116.064 3633.95 458.602 3842.26 500.641 3842.26 500.641 0.525144 0.0187421 
400 0.277 404800000 1096.93 57.1008 -116.139 1.85571 14306.5 464.683 2.56028e+08 1.85586e+07 -8.32157e-06 0.00463018 0.00604265 0.0045901 0.00742981 0.000510206 0.000116398 2.08533e-05 0.0761567 0.00262617 23.1186 8.84352 185.19 116.064 3633.95 454.937 3842.26 500.641 3842.26 500.641 0.525144 0.0187646 
400 0.277 406400000 1096.93 57.1008 -116.139 1.84782 14306.5 462.727 2.56028e+08 1.84827e+07 -8.32157e-06 0.00463018 0.00604265 0.0045901 0.00742981 0.000508834 0.000116398 2.07705e-05 0.0761567 0.00262306 23.1186 8.84352 185.19 116.064 3633.95 454.937 3842.26 500.641 3842.26 500.641 0.525144 0.0187745 
400 0.277 408000000 1096.93 56.8026 -116.139 1.83999 14306.5 460.777 2.56028e+08 1.84068e+07 -8.32157e-06 0.00463018 0.00604265 0.0045901 0.00742981 0.000507015 0.000116398 2.06875e-05 0.0761567 0.00261343 23.1186 8.84352 185.19 116.064 3633.95 456.124 3842.26 500.641 3842.26 500.641 0.525144 0.0187936 
400 0.277 409600000 1096.93 56.8026 -116.139 1.83983 14306.5 460.215 2.56028e+08 1.83529e+07 -8.32157e-06 0.00463018 0.00604265 0.0045901 0.00742981 0.000504876 0.000116398 2.06016e-05 0.0761567 0.00260281 23.1186 8.84352 185.19 116.064 3633.95 456.124 3842.26 500.641 3842.26 500.641 0.525144 0.0187147 
400 0.277 411200000 1096.93 56.4265 -116.139 1.83246 14306.5 458.428 2.56028e+08 1.82829e+07 -8.32157e-06 0.00463018 0.00604265 0.0045901 0.00742981 0.000505249 0.000116398 2.05443e-05 0.0761567 0.00260521 23.1186 8.84352 185.19 116.064 3633.95 453.601 3842.26 500.641 3842.26 500.641 0.525144 0.0187363 
400 0.277 412800000 1096.93 56.4265 -116.139 1.83505 14306.5 459.313 2.56028e+08 1.83008e+07 -8.32157e-06 0.00463018 0.00604265 0.0045901 0.00742981 0.000503586 0.000116398 2.04591e-05 0.0761567 0.00259854 23.1186 8.84352 185.19 116.064 3633.95 453.601 3842.26 500.641 3842.26 500.641 0.525144 0.0186771 
400 0.277 414400000 1112.48 56.1036 -116.319 1.83095 14334.7 458.182 2.55868e+08 1.82424e+07 0.00123117 0.00463018 0.00630921 0.00451563 0.00752513 0.000502009 0.000117111 2.03793e-05 0.0769015 0.00259108 22.4238 8.46992 175.353 108.743 3603.14 450.748 3800.91 487.494 3800.91 487.494 0.530171 0.0186006 
400 0.277 416000000 1112.48 56.1036 -116.319 1.83179 14334.7 458.491 2.55868e+08 1.82343e+07 0.00123117 0.00463018 0.00630921 0.00451563 0.00752513 0.000501913 0.000117111 2.03148e-05 0.0769015 0.00259163 22.4238 8.46992 175.353 108.743 3603.14 450.748 3800.91 487.494 3800.91 487.494 0.530171 0.0185236 
400 0.277 417600000 1112.48 55.66 -116.319 1.82888 14334.7 457.66 2.55868e+08 1.81824e+07 0.00123117 0.00463018 0.00630921 0.00451563 0.00752513 0.000504132 0.000117111 2.03098e-05 0.0769015 0.00259994 22.4238 8.42491 175.353 108.743 3603.14 447.944 3800.91 487.494 3800.91 487.494 0.530171 0.01848 
400 0.277 419200000 1112.48 55.66 -116.319 1.83022 14334.7 457.31 2.55868e+08 1.81322e+07 0.00123117 0.00463018 0.00630921 0.00451563 0.00752513 0.000502284 0.000117111 2.02307e-05 0.0769015 0.00258992 22.4238 8.42491 175.353 108.743 3603.14 447.944 3800.91 487.494 3800.91 487.494 0.530171 0.0184129 
400 0.277 420800000 1112.48 55.5604 -116.319 1.82333 14334.7 455.516 2.55868e+08 1.80632e+07 0.00123117 0.00463018 0.00630921 0.00451563 0.00752513 0.000501035 0.000117111 2.01514e-05 0.0769015 0.0025854 22.4238 8.34797 175.353 108.743 3603.14 445.118 3800.91 487.494 3800.91 487.494 0.530171 0.0184073 
400 0.277 422400000 1112.48 55.5604 -116.319 1.82333 14334.7 454.183 2.55868e+08 1.80037e+07 0.00123117 0.00463018 0.00630921 0.00451563 0.00752513 0.000499382 0.000117111 2.00743e-05 0.0769015 0.00257897 22.4238 8.34797 175.353 108.743 3603.14 445.118 3800.91 487.494 3800.91 487.494 0.530171 0.0183382 
400 0.277 424000000 1112.48 55.1147 -116.319 1.82333 14334.7 452.418 2.55868e+08 1.79358e+07 0.00123117 0.00463018 0.00630921 0.00451563 0.00752513 0.000497588 0.000117111 1.99928e-05 0.0769015 0.00257897 22.4238 8.34797 175.353 108.743 3603.14 442.369 3800.91 487.494 3800.91 487.494 0.530171 0.0182636 
400 0.277 425600000 1112.48 55.1147 -116.319 1.82333 14334.7 450.84 2.55868e+08 1.78726e+07 0.00123117 0.00463018 0.00630921 0.00451563 0.00752513 0.000495746 0.000117111 1.99159e-05 0.0769015 0.00257897 22.4238 8.34797 175.353 108.743 3603.14 442.369 3800.91 487.494 3800.91 487.494 0.530171 0.0182166 
400 0.277 427200000 1112.48 54.6951 -116.319 1.82333 14334.7 449.085 2.55868e+08 1.78005e+07 0.00123117 0.00463018 0.00630921 0.00451563 0.00752513 0.000493974 0.000117111 1.984e-05 0.0769015 0.0025495 22.4238 8.34797 175.353 108.743 3603.14 439.636 3800.91 485.476 3800.91 485.476 0.530171 0.0181474 
400 0.277 428800000 1112.48 54.6951 -116.319 1.82333 14334.7 447.315 2.55868e+08 1.77325e+07 0.00123117 0.00463018 0.00630921 0.00451563 0.00752513 0.000492044 0.000117111 1.97607e-05 0.0769015 0.00254048 22.4238 8.34797 175.353 108.743 3603.14 439.636 3800.91 485.476 3800.91 485.476 0.530171 0.0181257 
400 0.277 430400000 1112.48 56.0891 -116.319 1.82333 14334.7 445.548 2.55868e+08 1.76617e+07 0.00123117 0.00463018 0.00630921 0.00451563 0.00752513 0.000490762 0.000117111 1.96872e-05 0.0769015 0.00253887 22.4238 8.34797 175.353 108.743 3603.14 436.806 3800.91 485.476 3800.91 485.476 0.530171 0.0180532 
400 0.277 432000000 1112.48 56.0891 -116.319 1.82333 14334.7 444.073 2.55868e+08 1.76015e+07 0.00123117 0.00463018 0.00630921 0.00451563 0.00752513 0.000488818 0.000117111 1.96109e-05 0.0769015 0.00253887 22.4238 8.34797 175.353 108.743 3603.14 436.806 3800.91 485.476 3800.91 485.476 0.530171 0.0180014 
400 0.277 433600000 1112.48 55.9897 -116.319 1.82333 14334.7 442.456 2.55868e+08 1.75385e+07 0.00123117 0.00463018 0.00630921 0.00451563 0.00752513 0.000486886 0.000117111 1.9534e-05 0.0769015 0.00251693 22.4238 8.34797 175.353 108.743 3603.14 434.067 3800.91 485.476 3800.91 485.476 0.530171 0.0179301 
400 0.277 435200000 1112.48 55.9897 -116.319 1.82333 14334.7 440.788 2.55868e+08 1.74742e+07 0.00123117 0.00463018 0.00630921 0.00451563 0.00752513 0.000485545 0.000117111 1.94621e-05 0.0769015 0.00251143 22.4238 8.34797 175.353 108.743 3603.14 434.067 3800.91 485.476 3800.91 485.476 0.530171 0.0179 
400 0.277 436800000 1112.48 55.5557 -116.319 1.82333 14334.7 440.135 2.55868e+08 1.74302e+07 0.00123117 0.00463018 0.00630921 0.00451563 0.00752513 0.00048393 0.000117111 1.93857e-05 0.0769015 0.00250464 22.4238 8.34797 175.353 108.743 3603.14 432.069 3800.91 485.476 3800.91 485.476 0.530171 0.0178318 
400 0.277 438400000 1112.48 55.5557 -116.319 1.82333 14334.7 439.759 2.55868e+08 1.73965e+07 0.00123117 0.00463018 0.00630921 0.00451563 0.00752513 0.000482586 0.000117111 1.93114e-05 0.0769015 0.00249943 22.4238 8.34797 175.353 108.743 3603.14 432.069 3800.91 485.476 3800.91 485.476 0.530171 0.0177688 
400 0.277 440000000 1137.16 55.1298 -116.362 1.75619 14329.8 438.76 2.54625e+08 1.73448e+07 0.00194225 0.00444331 0.00551891 0.0040957 0.00758558 0.000481507 0.000116894 1.92413e-05 0.0773734 0.00249917 21.6137 7.94547 166.322 102.321 3390.32 429.154 3578.25 489.672 3578.25 489.672 0.528025 0.017701 
400 0.277 441600000 1137.16 55.1298 -116.362 1.75218 14329.8 437.639 2.54625e+08 1.72874e+07 0.00194225 0.00444331 0.00551891 0.0040957 0.00758558 0.000479771 0.000116894 1.91665e-05 0.0773734 0.00249139 21.6137 7.94547 166.322 102.321 3390.32 429.154 3578.25 489.672 3578.25 489.672 0.528025 0.0176325 
400 0.277 443200000 1137.16 54.7434 -116.362 1.74978 14329.8 436.957 2.54625e+08 1.72435e+07 0.00194225 0.00444331 0.00551891 0.0040957 0.00758558 0.000479175 0.000116894 1.9102e-05 0.0773734 0.00248966 21.6137 7.90817 166.322 102.321 3390.32 429.154 3578.25 489.672 3578.25 489.672 0.528025 0.0176548 
400 0.277 444800000 1137.16 54.7434 -116.362 1.74307 14329.8 435.31 2.54625e+08 1.71805e+07 0.00194225 0.00444331 0.00551891 0.0040957 0.00758558 0.00047748 0.000116894 1.9032e-05 0.0773734 0.00248039 21.6137 7.90817 166.322 102.321 3390.32 429.154 3578.25 489.672 3578.25 489.672 0.528025 0.0175881 
400 0.277 446400000 1137.16 54.6119 -116.362 1.73648 14329.8 433.702 2.54625e+08 1.71189e+07 0.00194225 0.00444331 0.00551891 0.0040957 0.00758558 0.000475797 0.000116894 1.89624e-05 0.0773734 0.0024712 21.6137 7.82346 166.322 102.321 3390.32 429.154 3578.25 489.672 3578.25 489.672 0.528025 0.0176103 
400 0.277 448000000 1137.16 54.6119 -116.362 1.73029 14329.8 432.093 2.54625e+08 1.70533e+07 0.00194225 0.00444331 0.00551891 0.0040957 0.00758558 0.00047403 0.000116894 1.88925e-05 0.0773734 0.00246174 21.6137 7.82346 166.322 102.321 3390.32 429.154 3578.25 489.672 3578.25 489.672 0.528025 0.017554 
400 0.277 449600000 1137.16 54.5059 -116.362 1.73294 14329.8 433.018 2.54625e+08 1.70784e+07 0.00194225 0.00444331 0.00551891 0.0040957 0.00758558 0.000472404 0.000116894 1.88242e-05 0.0773734 0.00245286 21.6137 7.80316 166.322 102.321 3390.32 429.154 3578.25 489.672 3578.25 489.672 0.528025 0.0174875 
400 0.277 451200000 1137.16 54.5059 -116.362 1.72843 14329.8 431.391 2.54625e+08 1.70162e+07 0.00194225 0.00444331 0.00551891 0.0040957 0.00758558 0.000470627 0.000116894 1.87548e-05 0.0773734 0.00244355 21.6137 7.80316 166.322 102.321 3390.32 429.154 3578.25 489.672 3578.25 489.672 0.528025 0.0175107 
400 0.277 452800000 1137.16 54.1183 -116.362 1.73252 14329.8 433.591 2.54625e+08 1.71137e+07 0.00194225 0.00444331 0.00551891 0.0040957 0.00758558 0.000469217 0.000116894 1.86882e-05 0.0773734 0.00243631 21.6137 7.80316 166.322 102.321 3390.32 421.175 3578.25 489.672 3578.25 489.672 0.528025 0.0174527 
400 0.277 454400000 1137.16 54.1183 -116.362 1.73176 14329.8 433.402 2.54625e+08 1.70893e+07 0.00194225 0.00444331 0.00551891 0.0040957 0.00758558 0.000467513 0.000116894 1.86179e-05 0.0773734 0.00242839 21.6137 7.80316 166.322 102.321 3390.32 421.175 3578.25 489.672 3578.25 489.672 0.528025 0.0174746 
400 0.277 456000000 1137.16 53.8413 -116.362 1.72667 14329.8 432.151 2.54625e+08 1.70365e+07 0.00194225 0.00444331 0.00551891 0.0040957 0.00758558 0.00046615 0.000116894 1.85487e-05 0.0773734 0.00242284 21.6137 7.80316 166.322 102.321 3390.32 419.429 3578.25 489.672 3578.25 489.672 0.528025 0.01743 
400 0.277 457600000 1137.16 53.8413 -116.362 1.72023 14329.8 430.533 2.54625e+08 1.69739e+07 0.00194225 0.00444331 0.00551891 0.0040957 0.00758558 0.000464458 0.000116894 1.84818e-05 0.0773734 0.00241378 21.6137 7.80316 166.322 102.321 3390.32 419.429 3578.25 489.672 3578.25 489.672 0.528025 0.0174215 
400 0.277 459200000 1137.16 53.5381 -116.362 1.72607 14329.8 430.759 2.54625e+08 1.69352e+07 0.00194225 0.00444331 0.00551891 0.0040957 0.00758558 0.000463565 0.000116894 1.84179e-05 0.0773734 0.00241804 21.6137 7.80316 166.322 102.321 3390.32 417.11 3578.25 489.672 3578.25 489.672 0.528025 0.0173621 
400 0.277 460800000 1137.16 53.5381 -116.362 1.7207 14329.8 429.457 2.54625e+08 1.68821e+07 0.00194225 0.00444331 0.00551891 0.0040957 0.00758558 0.000462163 0.000116894 1.83498e-05 0.0773734 0.00241217 21.6137 7.80316 166.322 102.321 3390.32 417.11 3578.25 489.672 3578.25 489.672 0.528025 0.0172997 
400 0.277 462400000 1137.16 53.2637 -116.362 1.71852 14329.8 428.845 2.54625e+08 1.68426e+07 0.00194225 0.00444331 0.00551891 0.0040957 0.00758558 0.000460808 0.000116894 1.82825e-05 0.0773734 0.00240656 21.6137 7.80316 166.322 102.321 3390.32 417.11 3578.25 489.672 3578.25 489.672 0.528025 0.0172453 
400 0.277 464000000 1137.16 53.2637 -116.362 1.7314 14329.8 433.833 2.54625e+08 1.71475e+07 0.00194225 0.00444331 0.00551891 0.0040957 0.00758558 0.000460079 0.000116894 1.82215e-05 0.0773734 0.0024041 21.6137 7.80316 166.322 102.321 3390.32 417.11 3578.25 489.672 3578.25 489.672 0.528025 0.0171825 
400 0.277 465600000 1128.75 53.0018 -117.073 1.72782 14518 432.867 2.61739e+08 1.70995e+07 0.00152721 0.00444331 0.00353901 0.00430682 0.00761022 0.000458527 0.000115103 1.81578e-05 0.0777771 0.00239557 21.2876 7.48207 178.301 97.0004 3525.6 428.794 3725.19 482.411 3725.19 482.411 0.531735 0.0171506 
400 0.277 467200000 1128.75 53.0018 -117.073 1.72156 14518 431.33 2.61739e+08 1.70408e+07 0.00152721 0.00444331 0.00353901 0.00430682 0.00761022 0.000456947 0.000115103 1.80943e-05 0.0777771 0.00238694 21.2876 7.48207 178.301 97.0004 3525.6 428.794 3725.19 482.411 3725.19 482.411 0.531735 0.0171582 
400 0.277 468800000 1128.75 52.6416 -117.073 1.7171 14518 430.209 2.61739e+08 1.6991e+07 0.00152721 0.00444331 0.00353901 0.00430682 0.00761022 0.000455281 0.000115103 1.80296e-05 0.0777771 0.0023784 21.2876 7.44643 178.301 97.0004 3525.6 430.956 3725.19 482.411 3725.19 482.411 0.531735 0.0171765 
400 0.277 470400000 1128.75 52.6416 -117.073 1.71259 14518 429.081 2.61739e+08 1.69414e+07 0.00152721 0.00444331 0.00353901 0.00430682 0.00761022 0.000454166 0.000115103 1.79687e-05 0.0777771 0.00237401 21.2876 7.44643 178.301 97.0004 3525.6 430.956 3725.19 482.411 3725.19 482.411 0.531735 0.0171538 
400 0.277 472000000 1128.75 52.3228 -117.073 1.72674 14518 434.619 2.61739e+08 1.72961e+07 0.00152721 0.00444331 0.00353901 0.00430682 0.00761022 0.00046945 0.000115103 1.88835e-05 0.0777771 0.00241 21.2876 7.4389 178.301 97.0004 3525.6 432.016 3725.19 482.411 3725.19 482.411 0.531735 0.017103 
400 0.277 473600000 1128.75 52.3228 -117.073 1.72188 14518 433.291 2.61739e+08 1.72362e+07 0.00152721 0.00444331 0.00353901 0.00430682 0.00761022 0.000468464 0.000115103 1.88203e-05 0.0777771 0.00240932 21.2876 7.4389 178.301 97.0004 3525.6 432.016 3725.19 482.411 3725.19 482.411 0.531735 0.0170446 
400 0.277 475200000 1128.75 52.1529 -117.073 1.72769 14518 433.5 2.61739e+08 1.71977e+07 0.00152721 0.00444331 0.00353901 0.00430682 0.00761022 0.000467051 0.000115103 1.87567e-05 0.0777771 0.00240184 21.2876 7.4389 178.301 97.0004 3525.6 429.652 3725.19 482.411 3725.19 482.411 0.531735 0.0169836 
400 0.277 476800000 1128.75 52.1529 -117.073 1.7218 14518 431.975 2.61739e+08 1.71361e+07 0.00152721 0.00444331 0.00353901 0.00430682 0.00761022 0.000465845 0.000115103 1.8694e-05 0.0777771 0.00239653 21.2876 7.4389 178.301 97.0004 3525.6 429.652 3725.19 482.411 3725.19 482.411 0.531735 0.0169251 
400 0.277 478400000 1128.75 52.1242 -117.073 1.71579 14518 430.438 2.61739e+08 1.70753e+07 0.00152721 0.00444331 0.00353901 0.00430682 0.00761022 0.000464977 0.000115103 1.86321e-05 0.0777771 0.00240758 21.2876 7.4389 178.301 97.0004 3525.6 427.266 3725.19 482.411 3725.19 482.411 0.531735 0.0168755 
400 0.277 480000000 1128.75 52.1242 -117.073 1.71036 14518 428.999 2.61739e+08 1.70149e+07 0.00152721 0.00444331 0.00353901 0.00430682 0.00761022 0.000463374 0.000115103 1.8566e-05 0.0777771 0.00240758 21.2876 7.4389 178.301 97.0004 3525.6 427.266 3725.19 482.411 3725.19 482.411 0.531735 0.0168215 
400 0.277 481600000 1128.75 52.6275 -117.073 1.70493 14518 427.565 2.61739e+08 1.69548e+07 0.00152721 0.00444331 0.00353901 0.00430682 0.00761022 0.000461892 0.000115103 1.85002e-05 0.0777771 0.00240758 21.2876 7.4389 178.301 97.0004 3525.6 425.122 3725.19 482.411 3725.19 482.411 0.531735 0.0168021 
400 0.277 483200000 1128.75 52.6275 -117.073 1.69891 14518 426.064 2.61739e+08 1.68969e+07 0.00152721 0.00444331 0.00353901 0.00430682 0.00761022 0.00046678 0.000115103 1.86298e-05 0.0777771 0.00240758 21.2876 7.4389 178.301 97.0004 3525.6 425.122 3725.19 482.411 3725.19 482.411 0.531735 0.0167429 
400 0.277 484800000 1128.75 52.2613 -117.073 1.69505 14518 425.067 2.61739e+08 1.68503e+07 0.00152721 0.00444331 0.00353901 0.00430682 0.00761022 0.000465567 0.000115103 1.85687e-05 0.0777771 0.00240484 21.2876 7.4389 178.301 97.0004 3525.6 422.554 3725.19 482.411 3725.19 482.411 0.531735 0.0166844 
400 0.277 486400000 1128.75 52.2613 -117.073 1.68961 14518 423.75 2.61739e+08 1.67984e+07 0.00152721 0.00444331 0.00353901 0.00430682 0.00761022 0.000464687 0.000115103 1.85084e-05 0.0777771 0.00240484 21.2876 7.4389 178.301 97.0004 3525.6 422.554 3725.19 482.411 3725.19 482.411 0.531735 0.0166277 
400 0.277 488000000 1128.75 52.4769 -117.073 1.68867 14518 423.218 2.61739e+08 1.67574e+07 0.00152721 0.00444331 0.00353901 0.00430682 0.00761022 0.000463627 0.000115103 1.84484e-05 0.0777771 0.00240484 21.2876 7.4389 178.301 97.0004 3525.6 421.756 3725.19 482.411 3725.19 482.411 0.531735 0.0165789 
400 0.277 489600000 1128.75 52.4769 -117.073 1.68924 14518 422.887 2.61739e+08 1.67182e+07 0.00152721 0.00444331 0.00353901 0.00430682 0.00761022 0.000462725 0.000115103 1.83888e-05 0.0777771 0.00240484 21.2876 7.4389 178.301 97.0004 3525.6 421.756 3725.19 482.411 3725.19 482.411 0.531735 0.0165213 
400 0.277 491200000 1146.11 52.1254 -116.817 1.68386 14462.7 421.478 2.60331e+08 1.66602e+07 0.00101884 0.00404442 0.00291301 0.00430826 0.0075914 0.000461697 0.000119021 1.83296e-05 0.0770635 0.00248932 21.0445 7.0751 205.869 95.4487 3509.44 418.515 3736.35 466.811 3736.35 466.811 0.534346 0.0164892 
400 0.277 492800000 1146.11 52.1254 -116.817 1.67931 14462.7 420.359 2.60331e+08 1.66128e+07 0.00101884 0.00404442 0.00291301 0.00430826 0.0075914 0.00046045 0.000119021 1.82703e-05 0.0770635 0.00248932 21.0445 7.0751 205.869 95.4487 3509.44 418.515 3736.35 466.811 3736.35 466.811 0.534346 0.0164534 
400 0.277 494400000 1146.11 51.7711 -116.817 1.67779 14462.7 419.751 2.60331e+08 1.65719e+07 0.00101884 0.00404442 0.00291301 0.00430826 0.0075914 0.000458914 0.000119021 1.82098e-05 0.0770635 0.00248932 21.0445 7.04115 205.869 95.4487 3509.44 418.515 3736.35 466.811 3736.35 466.811 0.534346 0.0164063 
400 0.277 496000000 1146.11 51.7711 -116.817 1.72019 14462.7 440.835 2.60331e+08 1.90416e+07 0.00101884 0.00404442 0.00291301 0.00430826 0.0075914 0.000461836 0.000119021 1.82538e-05 0.0770635 0.00248932 21.0445 7.04115 205.869 95.4487 3509.44 418.515 3736.35 466.811 3736.35 466.811 0.534346 0.0163529 
400 0.277 497600000 1146.11 52.041 -116.817 1.71692 14462.7 439.869 2.60331e+08 1.89853e+07 0.00101884 0.00404442 0.00291301 0.00430826 0.0075914 0.00046046 0.000119021 1.8195e-05 0.0770635 0.00245853 21.0445 6.97906 205.869 95.4487 3509.44 415.27 3736.35 466.811 3736.35 466.811 0.534346 0.0162981 
400 0.277 499200000 1146.11 52.041 -116.817 1.71667 14462.7 439.379 2.60331e+08 1.89375e+07 0.00101884 0.00404442 0.00291301 0.00430826 0.0075914 0.000459231 0.000119021 1.8137e-05 0.0770635 0.00245853 21.0445 6.97906 205.869 95.4487 3509.44 415.27 3736.35 466.811 3736.35 466.811 0.534346 0.0162428 
400 0.277 500800000 1146.11 51.7562 -116.817 1.71095 14462.7 437.888 2.60331e+08 1.88736e+07 0.00101884 0.00404442 0.00291301 0.00430826 0.0075914 0.000457903 0.000119021 1.80791e-05 0.0770635 0.00245853 21.0445 6.94659 205.869 95.4487 3509.44 415.27 3736.35 466.811 3736.35 466.811 0.534346 0.0162221 
400 0.277 502400000 1146.11 51.7562 -116.817 1.70761 14462.7 436.951 2.60331e+08 1.88221e+07 0.00101884 0.00404442 0.00291301 0.00430826 0.0075914 0.000456468 0.000119021 1.80179e-05 0.0770635 0.00245853 21.0445 6.94659 205.869 95.4487 3509.44 415.27 3736.35 466.811 3736.35 466.811 0.534346 0.0161679 
400 0.277 504000000 1146.11 51.4115 -116.817 1.70313 14462.7 435.81 2.60331e+08 1.87681e+07 0.00101884 0.00404442 0.00291301 0.00430826 0.0075914 0.000455525 0.000119021 1.79614e-05 0.0770635 0.00243773 21.0445 6.94659 205.869 95.4487 3509.44 412.062 3736.35 463.816 3736.35 463.816 0.534346 0.0161212 
400 0.277 505600000 1146.11 51.4115 -116.817 1.69753 14462.7 434.411 2.60331e+08 1.87091e+07 0.00101884 0.00404442 0.00291301 0.00430826 0.0075914 0.000454235 0.000119021 1.79047e-05 0.0770635 0.00243773 21.0445 6.94659 205.869 95.4487 3509.44 412.062 3736.35 463.816 3736.35 463.816 0.534346 0.0160696 
400 0.277 507200000 1146.11 51.1905 -116.817 1.69694 14462.7 433.887 2.60331e+08 1.86622e+07 0.00101884 0.00404442 0.00291301 0.00430826 0.0075914 0.000452741 0.000119021 1.78468e-05 0.0770635 0.00243773 21.0445 6.94659 205.869 95.4487 3509.44 412.062 3736.35 463.816 3736.35 463.816 0.534346 0.0160306 
400 0.277 508800000 1146.11 51.1905 -116.817 1.69198 14462.7 432.537 2.60331e+08 1.86001e+07 0.00101884 0.00404442 0.00291301 0.00430826 0.0075914 0.000451295 0.000119021 1.77897e-05 0.0770635 0.00243773 21.0445 6.94659 205.869 95.4487 3509.44 412.062 3736.35 463.816 3736.35 463.816 0.534346 0.0159796 
400 0.277 510400000 1146.11 50.8516 -116.817 1.68636 14462.7 431.121 2.60331e+08 1.85408e+07 0.00101884 0.00404442 0.00291301 0.00430826 0.0075914 0.000450535 0.000119021 1.77346e-05 0.0770635 0.00240629 21.0445 6.94659 205.869 95.4487 3509.44 411.299 3736.35 463.816 3736.35 463.816 0.534346 0.0159266 
400 0.277 512000000 1146.11 50.8516 -116.817 1.6835 14462.7 430.27 2.60331e+08 1.84894e+07 0.00101884 0.00404442 0.00291301 0.00430826 0.0075914 0.000449057 0.000119021 1.76776e-05 0.0770635 0.00240629 21.0445 6.94659 205.869 95.4487 3509.44 411.299 3736.35 463.816 3736.35 463.816 0.534346 0.0159335 
400 0.277 513600000 1146.11 50.7089 -116.817 1.68032 14462.7 429.377 2.60331e+08 1.84402e+07 0.00101884 0.00404442 0.00291301 0.00430826 0.0075914 0.000447577 0.000119021 1.76198e-05 0.0770635 0.00240629 21.0445 6.94659 205.869 95.4487 3509.44 411.299 3736.35 463.816 3736.35 463.816 0.534346 0.0159073 
400 0.277 515200000 1146.11 50.7089 -116.817 1.67528 14462.7 428.125 2.60331e+08 1.83858e+07 0.00101884 0.00404442 0.00291301 0.00430826 0.0075914 0.000447006 0.000119021 1.75681e-05 0.0770635 0.00240629 21.0445 6.94659 205.869 95.4487 3509.44 411.299 3736.35 463.816 3736.35 463.816 0.534346 0.0158581 
400 0.277 516800000 1156.12 50.3764 -116.774 1.67112 14485.2 426.955 2.65238e+08 1.83276e+07 -0.000410188 0.00404442 0.00172986 0.00430826 0.00758045 0.000445826 0.000117887 1.75141e-05 0.0771552 0.00237862 20.5881 6.70525 196.72 93.5675 3336.09 408.742 3553.4 467.032 3553.4 467.032 0.531413 0.0158203 
400 0.277 518400000 1156.12 50.3764 -116.774 1.66602 14485.2 425.596 2.65238e+08 1.82675e+07 -0.000410188 0.00404442 0.00172986 0.00430826 0.00758045 0.000444679 0.000117887 1.74605e-05 0.0771552 0.00237862 20.5881 6.70525 196.72 93.5675 3336.09 408.742 3553.4 467.032 3553.4 467.032 0.531413 0.0157784 
400 0.277 520000000 1156.12 50.1882 -116.774 1.6611 14485.2 424.374 2.65238e+08 1.82142e+07 -0.000410188 0.00404442 0.00172986 0.00430826 0.00758045 0.000443893 0.000117887 1.74077e-05 0.0771552 0.00237862 20.5881 6.67496 196.72 93.5675 3336.09 408.742 3553.4 467.032 3553.4 467.032 0.531413 0.0157696 
400 0.277 521600000 1156.12 50.1882 -116.774 1.65726 14485.2 423.282 2.65238e+08 1.81583e+07 -0.000410188 0.00404442 0.00172986 0.00430826 0.00758045 0.000444405 0.000117887 1.73779e-05 0.0771552 0.00237862 20.5881 6.67496 196.72 93.5675 3336.09 408.742 3553.4 467.032 3553.4 467.032 0.531413 0.0157217 
400 0.277 523200000 1156.12 49.9054 -116.774 1.65236 14485.2 422.066 2.65238e+08 1.81055e+07 -0.000410188 0.00404442 0.00172986 0.00430826 0.00758045 0.000443633 0.000117887 1.73257e-05 0.0771552 0.00236906 20.5881 6.63409 196.72 93.5675 3336.09 408.742 3553.4 467.032 3553.4 467.032 0.531413 0.0156706 
400 0.277 524800000 1156.12 49.9054 -116.774 1.64734 14485.2 420.734 2.65238e+08 1.80469e+07 -0.000410188 0.00404442 0.00172986 0.00430826 0.00758045 0.000442365 0.000117887 1.72729e-05 0.0771552 0.00236906 20.5881 6.63409 196.72 93.5675 3336.09 408.742 3553.4 467.032 3553.4 467.032 0.531413 0.0156199 
400 0.277 526400000 1156.12 49.6254 -116.774 1.64208 14485.2 419.416 2.65238e+08 1.79917e+07 -0.000410188 0.00404442 0.00172986 0.00430826 0.00758045 0.000441346 0.000117887 1.72211e-05 0.0771552 0.00236906 20.5881 6.63409 196.72 93.5675 3336.09 408.742 3553.4 467.032 3553.4 467.032 0.531413 0.0155823 
400 0.277 528000000 1156.12 49.6254 -116.774 1.63778 14485.2 418.226 2.65238e+08 1.7935e+07 -0.000410188 0.00404442 0.00172986 0.00430826 0.00758045 0.000439956 0.000117887 1.71661e-05 0.0771552 0.00236906 20.5881 6.63409 196.72 93.5675 3336.09 408.742 3553.4 467.032 3553.4 467.032 0.531413 0.0155342 
400 0.277 529600000 1156.12 49.5922 -116.774 1.63254 14485.2 416.909 2.65238e+08 1.788e+07 -0.000410188 0.00404442 0.00172986 0.00430826 0.00758045 0.000439067 0.000117887 1.71151e-05 0.0771552 0.00235276 20.5881 6.63409 196.72 93.5675 3336.09 406.416 3553.4 467.032 3553.4 467.032 0.531413 0.0154909 
400 0.277 531200000 1156.12 49.5922 -116.774 1.6276 14485.2 415.682 2.65238e+08 1.78277e+07 -0.000410188 0.00404442 0.00172986 0.00430826 0.00758045 0.00043799 0.000117887 1.70641e-05 0.0771552 0.00235276 20.5881 6.63409 196.72 93.5675 3336.09 406.416 3553.4 467.032 3553.4 467.032 0.531413 0.0155064 
400 0.277 532800000 1156.12 49.9518 -116.774 1.62912 14485.2 415.463 2.65238e+08 1.77872e+07 -0.000410188 0.00404442 0.00172986 0.00430826 0.00758045 0.000437054 0.000117887 1.70137e-05 0.0771552 0.00235276 20.5881 6.63409 196.72 93.5675 3336.09 406.416 3553.4 467.032 3553.4 467.032 0.531413 0.0154604 
400 0.277 534400000 1156.12 49.9518 -116.774 1.62676 14485.2 414.759 2.65238e+08 1.77423e+07 -0.000410188 0.00404442 0.00172986 0.00430826 0.00758045 0.000438307 0.000117887 1.70061e-05 0.0771552 0.00235276 20.5881 6.63409 196.72 93.5675 3336.09 406.416 3553.4 467.032 3553.4 467.032 0.531413 0.0154379 
400 0.277 536000000 1156.12 49.849 -116.774 1.62344 14485.2 413.804 2.65238e+08 1.76912e+07 -0.000410188 0.00404442 0.00172986 0.00430826 0.00758045 0.000437057 0.000117887 1.69523e-05 0.0771552 0.00232497 20.5881 6.63409 196.72 93.5675 3336.09 406.416 3553.4 467.032 3553.4 467.032 0.531413 0.0153912 
400 0.277 537600000 1156.12 49.849 -116.774 1.62841 14485.2 415.529 2.65238e+08 1.77574e+07 -0.000410188 0.00404442 0.00172986 0.00430826 0.00758045 0.000441345 0.000117887 1.70754e-05 0.0771552 0.00232497 20.5881 6.63409 196.72 93.5675 3336.09 406.416 3553.4 467.032 3553.4 467.032 0.531413 0.0154009 
400 0.277 539200000 1156.12 49.714 -116.774 1.62432 14485.2 414.497 2.65238e+08 1.77097e+07 -0.000410188 0.00404442 0.00172986 0.00430826 0.00758045 0.000439963 0.000117887 1.70232e-05 0.0771552 0.00232497 20.5881 6.63409 196.72 93.5675 3336.09 406.416 3553.4 467.032 3553.4 467.032 0.531413 0.0153562 
400 0.277 540800000 1156.12 49.714 -116.774 1.62086 14485.2 413.512 2.65238e+08 1.76583e+07 -0.000410188 0.00404442 0.00172986 0.00430826 0.00758045 0.000438882 0.000117887 1.69736e-05 0.0771552 0.00232497 20.5881 6.63409 196.72 93.5675 3336.09 406.416 3553.4 467.032 3553.4 467.032 0.531413 0.0153489 
400 0.277 542400000 1159.18 49.4926 -117.093 1.61611 14546.6 412.253 2.65989e+08 1.76031e+07 -0.000270195 0.00454067 0.00123969 0.00561755 0.00756696 0.00043782 0.000118598 1.69243e-05 0.0768201 0.0023005 20.1018 6.37241 188.352 86.7038 3202.27 430.39 3410.73 485.434 3410.73 485.434 0.528491 0.0153402 
400 0.277 544000000 1159.18 49.4926 -117.093 1.61175 14546.6 411.067 2.65989e+08 1.75487e+07 -0.000270195 0.00454067 0.00123969 0.00561755 0.00756696 0.0004365 0.000118598 1.68717e-05 0.0768201 0.0023005 20.1018 6.37241 188.352 86.7038 3202.27 430.39 3410.73 485.434 3410.73 485.434 0.528491 0.015348 
400 0.277 545600000 1159.18 49.2906 -117.093 1.60675 14546.6 409.805 2.65989e+08 1.74962e+07 -0.000270195 0.00454067 0.00123969 0.00561755 0.00756696 0.000435149 0.000118598 1.68207e-05 0.0768201 0.0023005 20.1018 6.34575 188.352 86.7038 3202.27 430.39 3410.73 485.434 3410.73 485.434 0.528491 0.0153675 
400 0.277 547200000 1159.18 49.2906 -117.093 1.60182 14546.6 408.57 2.65989e+08 1.74448e+07 -0.000270195 0.00454067 0.00123969 0.00561755 0.00756696 0.000434353 0.000118598 1.67726e-05 0.0768201 0.0023005 20.1018 6.34575 188.352 86.7038 3202.27 430.39 3410.73 485.434 3410.73 485.434 0.528491 0.0153637 
400 0.277 548800000 1159.18 49.0173 -117.093 1.59982 14546.6 407.915 2.65989e+08 1.74032e+07 -0.000270195 0.00454067 0.00123969 0.00561755 0.00756696 0.000433477 0.000118598 1.67248e-05 0.0768201 0.00228269 20.1018 6.29411 188.352 86.7038 3202.27 430.39 3410.73 485.434 3410.73 485.434 0.528491 0.015329 
400 0.277 550400000 1159.18 49.0173 -117.093 1.59501 14546.6 406.665 2.65989e+08 1.735e+07 -0.000270195 0.00454067 0.00123969 0.00561755 0.00756696 0.000432261 0.000118598 1.66733e-05 0.0768201 0.00228269 20.1018 6.29411 188.352 86.7038 3202.27 430.39 3410.73 485.434 3410.73 485.434 0.528491 0.0152822 
400 0.277 552000000 1159.18 48.7181 -117.093 1.59084 14546.6 405.627 2.65989e+08 1.73037e+07 -0.000270195 0.00454067 0.00123969 0.00561755 0.00756696 0.000433141 0.000118598 1.66582e-05 0.0768201 0.00228269 20.1018 6.28406 188.352 86.7038 3202.27 430.39 3410.73 485.434 3410.73 485.434 0.528491 0.0153012 
400 0.277 553600000 1159.18 48.7181 -117.093 1.58849 14546.6 404.93 2.65989e+08 1.72608e+07 -0.000270195 0.00454067 0.00123969 0.00561755 0.00756696 0.000431899 0.000118598 1.66073e-05 0.0768201 0.00228269 20.1018 6.28406 188.352 86.7038 3202.27 430.39 3410.73 485.434 3410.73 485.434 0.528491 0.0153165 
400 0.277 555200000 1159.18 48.4291 -117.093 1.58411 14546.6 403.846 2.65989e+08 1.72139e+07 -0.000270195 0.00454067 0.00123969 0.00561755 0.00756696 0.000431213 0.000118598 1.65603e-05 0.0768201 0.00231324 20.1018 6.28406 188.352 86.7038 3202.27 430.39 3410.73 485.434 3410.73 485.434 0.528491 0.0152864 
400 0.277 556800000 1159.18 48.4291 -117.093 1.58045 14546.6 402.916 2.65989e+08 1.71698e+07 -0.000270195 0.00454067 0.00123969 0.00561755 0.00756696 0.000430947 0.000118598 1.65197e-05 0.0768201 0.00231324 20.1018 6.28406 188.352 86.7038 3202.27 430.39 3410.73 485.434 3410.73 485.434 0.528491 0.0152414 
400 0.277 558400000 1159.18 48.1548 -117.093 1.57568 14546.6 401.696 2.65989e+08 1.71189e+07 -0.000270195 0.00454067 0.00123969 0.00561755 0.00756696 0.000429713 0.000118598 1.64721e-05 0.0768201 0.00231324 20.1018 6.28406 188.352 86.7038 3202.27 430.39 3410.73 485.434 3410.73 485.434 0.528491 0.0152678 
400 0.277 560000000 1159.18 48.1548 -117.093 1.57201 14546.6 400.766 2.65989e+08 1.70751e+07 -0.000270195 0.00454067 0.00123969 0.00561755 0.00756696 0.000428649 0.000118598 1.64257e-05 0.0768201 0.00231324 20.1018 6.28406 188.352 86.7038 3202.27 430.39 3410.73 485.434 3410.73 485.434 0.528491 0.015283 
400 0.277 561600000 1159.18 47.9083 -117.093 1.56821 14546.6 399.809 2.65989e+08 1.70312e+07 -0.000270195 0.00454067 0.00123969 0.00561755 0.00756696 0.000427675 0.000118598 1.63798e-05 0.0768201 0.00228541 20.1018 6.28406 188.352 86.7038 3202.27 430.39 3410.73 485.434 3410.73 485.434 0.528491 0.0152372 
400 0.277 563200000 1159.18 47.9083 -117.093 1.56524 14546.6 399.008 2.65989e+08 1.69896e+07 -0.000270195 0.00454067 0.00123969 0.00561755 0.00756696 0.000426639 0.000118598 1.63341e-05 0.0768201 0.00228541 20.1018 6.28406 188.352 86.7038 3202.27 430.39 3410.73 485.434 3410.73 485.434 0.528491 0.0151944 
400 0.277 564800000 1159.18 47.9106 -117.093 1.56116 14546.6 397.995 2.65989e+08 1.69449e+07 -0.000270195 0.00454067 0.00123969 0.00561755 0.00756696 0.000425421 0.000118598 1.62852e-05 0.0768201 0.00228541 20.1018 6.28406 188.352 86.7038 3202.27 430.39 3410.73 485.434 3410.73 485.434 0.528491 0.0151632 
400 0.277 566400000 1159.18 47.9106 -117.093 1.55733 14546.6 397.032 2.65989e+08 1.69012e+07 -0.000270195 0.00454067 0.00123969 0.00561755 0.00756696 0.000424472 0.000118598 1.62374e-05 0.0768201 0.00228541 20.1018 6.28406 188.352 86.7038 3202.27 430.39 3410.73 485.434 3410.73 485.434 0.528491 0.0151425 
400 0.277 568000000 1159.18 47.6858 -117.093 1.55287 14546.6 395.926 2.65989e+08 1.68548e+07 -0.000270195 0.00454067 0.00123969 0.00561755 0.00756696 0.000423261 0.000118598 1.61892e-05 0.0768201 0.00226466 20.1018 6.07037 188.352 85.8348 3202.27 430.39 3410.73 485.434 3410.73 485.434 0.528491 0.0151103 
400 0.277 569600000 1159.18 47.6858 -117.093 1.5488 14546.6 394.915 2.65989e+08 1.68105e+07 -0.000270195 0.00454067 0.00123969 0.00561755 0.00756696 0.000422324 0.000118598 1.61447e-05 0.0768201 0.00226466 20.1018 6.07037 188.352 85.8348 3202.27 430.39 3410.73 485.434 3410.73 485.434 0.528491 0.0150684 
400 0.277 571200000 1159.18 47.4909 -117.093 1.54855 14546.6 394.824 2.65989e+08 1.6789e+07 -0.000270195 0.00454067 0.00123969 0.00561755 0.00756696 0.000421075 0.000118598 1.60981e-05 0.0768201 0.00226466 20.1018 6.04623 188.352 85.8348 3202.27 430.39 3410.73 485.434 3410.73 485.434 0.528491 0.0150248 
400 0.277 572800000 1159.18 47.4909 -117.093 1.54694 14546.6 394.252 2.65989e+08 1.6751e+07 -0.000270195 0.00454067 0.00123969 0.00561755 0.00756696 0.000419947 0.000118598 1.60533e-05 0.0768201 0.00226466 20.1018 6.04623 188.352 85.8348 3202.27 430.39 3410.73 485.434 3410.73 485.434 0.528491 0.0150074 
400 0.277 574400000 1159.18 47.2122 -117.093 1.54475 14546.6 393.592 2.65989e+08 1.67122e+07 -0.000270195 0.00454067 0.00123969 0.00561755 0.00756696 0.000418801 0.000118598 1.60085e-05 0.0768201 0.00224175 20.1018 6.03729 188.352 85.8348 3202.27 430.39 3410.73 485.434 3410.73 485.434 0.528491 0.0149644 
400 0.277 576000000 1159.18 47.5664 -117.093 1.54331 14546.6 392.788 2.65989e+08 1.66684e+07 -0.000270195 0.00454067 0.00123969 0.00561755 0.00756696 0.000417587 0.000118598 1.59631e-05 0.0768201 0.00224175 20.1018 6.03729 188.352 85.8348 3202.27 430.39 3410.73 485.434 3410.73 485.434 0.528491 0.0149205 
400 0.277 577600000 1159.18 48.242 -117.093 1.54331 14546.6 391.64 2.65989e+08 1.66207e+07 -0.000270195 0.00454067 0.00123969 0.00561755 0.00756696 0.000416749 0.000118598 1.592e-05 0.0768201 0.00224175 20.1018 6.03729 188.352 85.8348 3202.27 430.39 3410.73 485.434 3410.73 485.434 0.528491 0.0148812 
400 0.277 579200000 1159.18 48.242 -117.093 1.54331 14546.6 392.165 2.65989e+08 1.6626e+07 -0.000270195 0.00454067 0.00123969 0.00561755 0.00756696 0.000418456 0.000118598 1.59362e-05 0.0768201 0.00224175 20.1018 6.03729 188.352 85.8348 3202.27 430.39 3410.73 485.434 3410.73 485.434 0.528491 0.0148418 
400 0.277 580800000 1159.18 47.9957 -117.093 1.5475 14546.6 393.802 2.65989e+08 1.66917e+07 -0.000270195 0.00454067 0.00123969 0.00561755 0.00756696 0.00041733 0.000118598 1.58923e-05 0.0768201 0.00221792 20.1018 6.03729 188.352 85.8348 3202.27 430.39 3410.73 485.434 3410.73 485.434 0.528491 0.0148329 
400 0.277 582400000 1159.18 47.9957 -117.093 1.5475 14546.6 393.24 2.65989e+08 1.66547e+07 -0.000270195 0.00454067 0.00123969 0.00561755 0.00756696 0.000416499 0.000118598 1.58498e-05 0.0768201 0.00221792 20.1018 6.03729 188.352 85.8348 3202.27 430.39 3410.73 485.434 3410.73 485.434 0.528491 0.0148185 
400 0.277 584000000 1159.18 47.7854 -117.093 1.54331 14546.6 392.107 2.65989e+08 1.66078e+07 -0.000270195 0.00454067 0.00123969 0.00561755 0.00756696 0.000415469 0.000118598 1.58069e-05 0.0768201 0.00221792 20.1018 6.03729 188.352 85.8348 3202.27 430.39 3410.73 485.434 3410.73 485.434 0.528491 0.0147758 
400 0.277 585600000 1159.18 47.7854 -117.093 1.54331 14546.6 391.156 2.65989e+08 1.6566e+07 -0.000270195 0.00454067 0.00123969 0.00561755 0.00756696 0.000414768 0.000118598 1.57649e-05 0.0768201 0.00221792 20.1018 6.03729 188.352 85.8348 3202.27 430.39 3410.73 485.434 3410.73 485.434 0.528491 0.0147669 
400 0.277 587200000 1159.18 47.5159 -117.093 1.54331 14546.6 390.43 2.65989e+08 1.65249e+07 -0.000270195 0.00454067 0.00123969 0.00561755 0.00756696 0.000413644 0.000118598 1.57197e-05 0.0768201 0.00220693 20.1018 6.03729 188.352 85.8348 3202.27 430.39 3410.73 485.434 3410.73 485.434 0.528491 0.0147855 
400 0.277 588800000 1159.18 47.5159 -117.093 1.54331 14546.6 389.333 2.65989e+08 1.64776e+07 -0.000270195 0.00454067 0.00123969 0.00561755 0.00756696 0.000412571 0.000118598 1.56772e-05 0.0768201 0.00220693 20.1018 6.03729 188.352 85.8348 3202.27 430.39 3410.73 485.434 3410.73 485.434 0.528491 0.0147701 
400 0.277 590400000 1159.18 47.3022 -117.093 1.54331 14546.6 388.755 2.65989e+08 1.64413e+07 -0.000270195 0.00454067 0.00123969 0.00561755 0.00756696 0.00041187 0.000118598 1.56359e-05 0.0768201 0.00220693 20.1018 6.03729 188.352 85.8348 3202.27 430.39 3410.73 485.434 3410.73 485.434 0.528491 0.014752 
400 0.277 592000000 1159.18 47.3022 -117.093 1.54331 14546.6 387.651 2.65989e+08 1.63948e+07 -0.000270195 0.00454067 0.00123969 0.00561755 0.00756696 0.000411214 0.000118598 1.55949e-05 0.0768201 0.00220693 20.1018 6.03729 188.352 85.8348 3202.27 430.39 3410.73 485.434 3410.73 485.434 0.528491 0.0147469 
400 0.277 593600000 1182.1 47.2951 -116.816 1.54331 14457 386.765 2.61658e+08 1.63548e+07 0.000149591 0.00454067 0.00236456 0.00561755 0.00751077 0.000410052 0.000115598 1.55519e-05 0.0766525 0.00220791 19.4063 5.79603 202.174 81.6621 3238.86 392.816 3460.44 443.842 3460.44 443.842 0.524614 0.0147246 
400 0.277 595200000 1182.1 47.2951 -116.816 1.54331 14457 386.56 2.61658e+08 1.6322e+07 0.000149591 0.00454067 0.00236456 0.00561755 0.00751077 0.000408892 0.000115598 1.55085e-05 0.0766525 0.00220791 19.4063 5.79603 202.174 81.6621 3238.86 392.816 3460.44 443.842 3460.44 443.842 0.524614 0.014687 
400 0.277 596800000 1182.1 47.0764 -116.816 1.54331 14457 385.49 2.61658e+08 1.6278e+07 0.000149591 0.00454067 0.00236456 0.00561755 0.00751077 0.000407752 0.000115598 1.54651e-05 0.0766525 0.00220791 19.4063 5.77433 202.174 81.6621 3238.86 392.816 3460.44 443.842 3460.44 443.842 0.524614 0.0146459 
400 0.277 598400000 1182.1 47.0764 -116.816 1.54331 14457 384.637 2.61658e+08 1.62389e+07 0.000149591 0.00454067 0.00236456 0.00561755 0.00751077 0.000407022 0.000115598 1.54249e-05 0.0766525 0.00220791 19.4063 5.77433 202.174 81.6621 3238.86 392.816 3460.44 443.842 3460.44 443.842 0.524614 0.0146179 
400 0.277 600000000 1182.1 47.7257 -116.816 1.54331 14457 383.83 2.61658e+08 1.62007e+07 0.000149591 0.00454067 0.00236456 0.00561755 0.00751077 0.000405901 0.000115598 1.53818e-05 0.0766525 0.00218311 19.4063 5.73226 202.174 81.6621 3238.86 392.816 3460.44 443.842 3460.44 443.842 0.524614 0.0145903 
400 0.277 601600000 1182.1 47.7257 -116.816 1.54331 14457 382.788 2.61658e+08 1.61578e+07 0.000149591 0.00454067 0.00236456 0.00561755 0.00751077 0.0004053 0.000115598 1.53421e-05 0.0766525 0.00218311 19.4063 5.73226 202.174 81.6621 3238.86 392.816 3460.44 443.842 3460.44 443.842 0.524614 0.0146064 
400 0.277 603200000 1182.1 47.4728 -116.816 1.54331 14457 382.932 2.61658e+08 1.61275e+07 0.000149591 0.00454067 0.00236456 0.00561755 0.00751077 0.000404404 0.000115598 1.53022e-05 0.0766525 0.00218311 19.4063 5.73226 202.174 81.6621 3238.86 392.816 3460.44 443.842 3460.44 443.842 0.524614 0.0146202 
400 0.277 604800000 1182.1 47.4728 -116.816 1.54331 14457 381.982 2.61658e+08 1.60833e+07 0.000149591 0.00454067 0.00236456 0.00561755 0.00751077 0.000403319 0.000115598 1.52598e-05 0.0766525 0.00218311 19.4063 5.73226 202.174 81.6621 3238.86 392.816 3460.44 443.842 3460.44 443.842 0.524614 0.0145798 
