L J MC_steps R2 R2_std E E_std E2 E2_std E4 E4_std Sin1 Sin1_std Cos1 Cos1_std Mag2 Mag2_std Mag4 Mag4_std Mag1 Mag1_std eig1 eig1_std eig2 eig2_std eig3 eig3_std R_g_2_trace R_g_2_trace_std R_g_2_direct R_g_2_direct_std asphericity asphericity_std
200 0.24 8000000 45 0 -33.7267 0 1137.49 0 1.29389e+06 0 0.0377626 0 0.0350868 0 0.0026571 0 7.06018e-06 0 0.0515471 0 8.97775 0 11.5585 0 25.3018 0 45.8381 0 45.8381 0 0.109944 0 
200 0.24 8400000 407 255.973 -57.0463 16.4894 3798.09 1881.32 2.15042e+07 1.42908e+07 0.0125865 0.0178022 0.0675487 0.022954 0.00640886 0.0026529 5.51493e-05 3.40041e-05 0.0761735 0.0174135 7.5795 0.988713 15.2913 2.63946 58.4204 23.4184 81.2912 25.0692 81.2912 25.0692 0.288098 0.125974 
200 0.24 8800000 317.667 185.583 -50.0232 12.3987 2963.5 1427.38 1.48946e+07 1.09496e+07 0.0187956 0.0129056 0.0363195 0.029738 0.00482509 0.00219093 3.7682e-05 2.67826e-05 0.0643533 0.0150968 6.88448 0.869769 12.5639 2.83817 49.6391 17.18 69.0875 19.4577 69.0875 19.4577 0.303318 0.084897 
200 0.24 9200000 253 150.032 -49.1718 9.32822 2765.93 1084.12 1.23516e+07 8.50233e+06 -0.00441536 0.0223102 0.0452826 0.0236157 0.00629179 0.0020769 5.68407e-05 2.60533e-05 0.0741154 0.0141307 6.03835 0.981065 11.7395 2.24519 48.0855 12.955 65.8633 14.858 65.8633 14.858 0.338103 0.0704397 
200 0.24 9600000 273 121.351 -47.4633 7.61742 2542.9 889.944 1.04263e+07 7.01647e+06 -0.0323044 0.0306724 0.0505015 0.0194607 0.0101916 0.00386357 0.000178503 0.000110797 0.0914112 0.0191601 5.28915 1.032 11.0954 1.88626 53.1126 11.2974 69.4972 12.3228 69.4972 12.3228 0.40156 0.0799804 
200 0.24 10000000 282.333 101.484 -51.8686 7.51445 3029.15 864.313 1.3658e+07 6.54913e+06 -0.0309952 0.0255883 0.0378969 0.0198845 0.0086978 0.0034965 0.000149005 9.61773e-05 0.082019 0.0181231 6.66232 1.52017 14.4743 3.46194 183.91 119.771 205.046 124.164 205.046 124.164 0.476892 0.0957673 
200 0.24 10400000 265 88.4543 -51.1385 6.47633 2908.74 749.18 1.23897e+07 5.73504e+06 -0.0242808 0.0227967 0.0322772 0.0178203 0.00749215 0.00319811 0.000127728 8.47585e-05 0.0725977 0.0178154 6.40316 1.32491 14.7374 2.97736 162.646 104.532 183.786 108.231 183.786 108.231 0.440303 0.0888012 
200 0.24 10800000 279.25 78.537 -53.3419 6.02997 3136.24 689.208 1.3636e+07 5.15181e+06 -0.0263003 0.0200364 0.0302032 0.015713 0.00679078 0.00287423 0.000112204 7.55719e-05 0.0689445 0.0159587 6.88079 1.24241 15.3815 2.67396 145.227 92.9053 167.489 95.9216 167.489 95.9216 0.391309 0.0902099 
200 0.24 11200000 353.222 98.6784 -49.2094 6.6264 2816.75 682.677 1.21285e+07 4.79489e+06 -0.0301475 0.0181757 0.0224929 0.0157455 0.00661932 0.00255998 0.000102797 6.7758e-05 0.069333 0.0141902 6.97019 1.10758 23.6828 8.17951 165.58 84.7825 196.233 89.4666 196.233 89.4666 0.39874 0.080492 
200 0.24 11600000 341.6 89.4924 -51.4455 6.32982 3047.3 652.181 1.35395e+07 4.51824e+06 -0.0207938 0.01861 0.0322743 0.0169388 0.00780657 0.00256455 0.000126712 6.50659e-05 0.0759982 0.0142508 6.8832 1.00023 22.9263 7.39646 271.111 133.535 300.92 139.959 300.92 139.959 0.453581 0.106962 
200 0.24 12000000 353.545 82.1501 -50.4571 5.83103 2919.93 605.202 1.2555e+07 4.21338e+06 -0.0222333 0.0169738 0.0267749 0.0162672 0.00729124 0.00238263 0.000115608 6.00908e-05 0.0732927 0.0132096 7.44951 1.05753 24.1768 6.98127 367.411 146.718 399.037 149.203 399.037 149.203 0.493702 0.106962 
200 0.24 12400000 375.833 78.2693 -50.2688 5.34815 2870.19 556.809 1.19584e+07 3.90427e+06 -0.0275708 0.016377 0.0269735 0.0149128 0.00737489 0.00218554 0.000111708 5.52097e-05 0.0747747 0.0121916 7.36592 0.972705 24.1244 6.26006 754.557 455.137 786.047 457.959 786.047 457.959 0.534414 0.115716 
200 0.24 12800000 358.385 74.168 -48.3349 5.27483 2697.97 539.953 1.10692e+07 3.70382e+06 -0.0307132 0.0154158 0.022772 0.0143453 0.0072265 0.00202245 0.000105397 5.13223e-05 0.0746994 0.0112541 7.21948 0.908838 23.0551 5.91964 699.263 455.137 729.537 457.959 729.537 457.959 0.516431 0.115716 
200 0.24 13200000 387.857 74.4963 -46.699 5.14548 2551.46 520.883 1.03084e+07 3.51652e+06 -0.0272631 0.0146956 0.0227758 0.0133206 0.00676963 0.00192891 9.79175e-05 4.81983e-05 0.071422 0.010917 8.54316 1.52943 58.9311 34.9979 926.008 421.175 993.482 436.998 993.482 436.998 0.52746 0.0993936 
200 0.24 13600000 384.733 69.5954 -44.6615 5.19021 2398.72 508.058 9.62571e+06 3.3477e+06 -0.0287836 0.0137944 0.027907 0.0133845 0.00714872 0.00183719 0.000101733 4.51358e-05 0.0741009 0.0105128 8.74596 1.44086 56.7855 32.7304 886.186 421.175 951.718 436.998 951.718 436.998 0.539795 0.0993936 
200 0.24 14000000 448.375 89.7447 -45.3935 4.91717 2447.43 478.633 9.65534e+06 3.1386e+06 -0.0231556 0.0140334 0.0239982 0.0131063 0.00701147 0.00172748 9.69078e-05 4.2572e-05 0.0738681 0.0098583 8.38754 1.39467 54.92 30.7379 1079.33 402.675 1142.64 418.127 1142.64 418.127 0.567166 0.0945684 
200 0.24 14400000 440.176 84.8393 -46.7771 4.81866 2582.83 469.241 1.04142e+07 3.04434e+06 -0.0247329 0.0132963 0.0215155 0.0125683 0.00676542 0.00164329 9.1678e-05 4.03877e-05 0.0726514 0.00935318 8.15379 1.33208 52.9592 28.9922 1145.02 395.453 1206.13 407.034 1206.13 407.034 0.590582 0.0945684 
200 0.24 14800000 437.667 80.1631 -46.3029 4.57423 2520.59 447.281 9.95444e+06 2.90971e+06 -0.0233739 0.0126269 0.0173273 0.0125484 0.00655079 0.00156595 8.70527e-05 3.84079e-05 0.0716081 0.00889156 8.72551 1.3753 51.236 27.4327 1083.29 367.881 1143.25 381.123 1143.25 381.123 0.55977 0.0843496 
200 0.24 15200000 445.211 76.2981 -48.1457 4.69 2735.93 472.746 1.17316e+07 3.25436e+06 -0.0155492 0.0141809 0.0196216 0.0120959 0.00722758 0.00162321 0.000102299 3.92962e-05 0.0751718 0.0091098 8.5114 1.31948 50.4124 26.0013 1289.75 402.304 1348.68 412.729 1348.68 412.729 0.581689 0.0843496 
200 0.24 15600000 426 74.8626 -47.8171 4.46699 2685.56 451.785 1.12944e+07 3.12087e+06 -0.0151918 0.0134764 0.0172614 0.0117191 0.00690777 0.00157324 9.72189e-05 3.76584e-05 0.0728549 0.00894408 8.34068 1.2645 48.92 24.744 1226.82 397.361 1284.08 411.94 1284.08 411.94 0.560583 0.0759185 
200 0.24 16000000 426 73.5997 -47.8171 4.44586 2685.56 450.371 1.12944e+07 3.10721e+06 -0.0151918 0.0128858 0.0172614 0.0114457 0.00690777 0.00149834 9.72189e-05 3.59454e-05 0.0728549 0.00852916 8.34068 1.20481 48.92 23.6336 1226.82 397.361 1284.08 411.94 1284.08 411.94 0.560583 0.0759185 
200 0.24 16400000 400.818 72.2519 -48.9605 4.44586 2791.06 430.953 1.18759e+07 2.98524e+06 -0.0099006 0.0138276 0.0145932 0.0120768 0.0077261 0.00164211 0.000119016 4.17001e-05 0.0771632 0.00897456 8.36432 1.15011 45.93 22.5876 1117.77 397.361 1172.06 411.94 1172.06 411.94 0.518746 0.0797151 
200 0.24 16800000 400.818 72.2519 -48.9605 4.44586 2791.06 420.913 1.18759e+07 2.89527e+06 -0.0099006 0.0132747 0.0145932 0.0116319 0.0077261 0.00159979 0.000119016 4.0205e-05 0.0771632 0.00887504 8.36432 1.25381 45.93 22.4371 1117.77 397.361 1172.06 411.94 1172.06 411.94 0.518746 0.0797151 
200 0.24 17200000 435 73.2011 -48.6926 4.02007 2758.83 406.928 1.15853e+07 2.78144e+06 -0.00461583 0.0133478 0.0179865 0.0120924 0.00813016 0.00168517 0.000134255 4.33971e-05 0.0782711 0.00913736 8.79084 1.21565 44.4257 20.7403 1245.05 371.478 1298.27 379.39 1298.27 379.39 0.541739 0.076316 
200 0.24 17600000 435 70.7905 -48.6926 3.86353 2758.83 391.962 1.15853e+07 2.6877e+06 -0.00461583 0.0128916 0.0179865 0.0116671 0.00813016 0.00162894 0.000134255 4.19417e-05 0.0782711 0.00881073 8.79084 1.19208 44.4257 19.937 1245.05 359.679 1298.27 367.374 1298.27 367.374 0.541739 0.076316 
200 0.24 18000000 446.846 68.1368 -47.6283 3.81365 2646.6 384.874 1.08558e+07 2.61646e+06 -0.00211919 0.0127208 0.0215106 0.0114494 0.00789831 0.00156672 0.000126203 4.04436e-05 0.0776588 0.0084749 8.44776 1.15001 42.4607 19.1914 1155.06 348.313 1205.97 355.779 1205.97 355.779 0.532453 0.0710082 
200 0.24 18400000 446.846 66.4553 -47.6283 3.79011 2646.6 373.796 1.08558e+07 2.52615e+06 -0.00211919 0.0127208 0.0215106 0.0115685 0.00789831 0.00150883 0.000126203 3.90343e-05 0.0776588 0.00816621 8.44776 1.10765 42.4607 19.1424 1155.06 337.75 1205.97 344.963 1205.97 344.963 0.532453 0.0710082 
200 0.24 18800000 475.643 66.4881 -46.8864 3.80851 2604.47 371.52 1.0648e+07 2.46643e+06 -0.00508925 0.0124931 0.0158388 0.0113447 0.00825058 0.00150033 0.0001311 3.83683e-05 0.0800055 0.00812778 8.25767 1.08843 43.6376 17.9221 1265.16 357.66 1317.05 364.654 1317.05 364.654 0.537176 0.0660931 
200 0.24 19200000 475.643 65.0024 -46.8864 3.69466 2604.47 359.491 1.0648e+07 2.3814e+06 -0.00508925 0.0145346 0.0158388 0.0110623 0.00825058 0.00236766 0.0001311 0.000137372 0.0800055 0.0097755 8.25767 1.05685 43.6376 17.3109 1265.16 346.504 1317.05 353.186 1317.05 353.186 0.537176 0.0660931 
200 0.24 19600000 513.067 69.5446 -46.7353 3.65379 2574.59 351.539 1.03359e+07 2.3236e+06 -0.0128555 0.0140583 0.0164776 0.0107331 0.00982184 0.00231228 0.000256867 0.000133078 0.0834315 0.00976563 8.00795 1.0303 41.9439 16.7755 1255.64 337.092 1305.6 343.659 1305.6 343.659 0.559369 0.0653068 
200 0.24 20000000 513.067 69.5446 -46.7353 3.65853 2574.59 348.791 1.03359e+07 2.27233e+06 -0.0128555 0.0136288 0.0164776 0.010866 0.00982184 0.00223806 0.000256867 0.000128918 0.0834315 0.0094549 8.00795 0.997747 41.9439 16.424 1255.64 343.745 1305.6 349.524 1305.6 349.524 0.559369 0.0653068 
200 0.24 20400000 504.688 65.7009 -44.8977 3.6989 2434.07 343.412 9.69851e+06 2.22166e+06 -0.0140313 0.0132075 0.00804615 0.0116995 0.0102237 0.00221158 0.000261039 0.000125284 0.0859424 0.00941679 7.92479 0.967616 40.2469 15.7701 1324.01 335.533 1372.18 341.202 1372.18 341.202 0.560523 0.0612353 
200 0.24 20800000 504.688 65.7009 -44.8977 3.6989 2434.07 337.374 9.69851e+06 2.17219e+06 -0.0140313 0.0129012 0.00804615 0.0115631 0.0102237 0.00214881 0.000261039 0.00012474 0.0859424 0.00913675 7.92479 0.942021 40.2469 15.2973 1324.01 327.617 1372.18 333.132 1372.18 333.132 0.560523 0.0612353 
200 0.24 21200000 493.294 62.8162 -44.573 3.6989 2394.42 327.798 9.38661e+06 2.1085e+06 -0.0102717 0.0127048 0.00679639 0.011516 0.0101487 0.00208651 0.000251016 0.00012474 0.0863558 0.00889714 7.79561 0.915349 39.7742 14.8476 1359.96 326.427 1407.53 331.618 1407.53 331.618 0.56114 0.0587262 
200 0.24 21600000 493.294 62.8162 -44.573 3.6989 2394.42 357.48 9.38661e+06 2.60672e+06 -0.0102717 0.0126939 0.00679639 0.0111947 0.0101487 0.00204559 0.000251016 0.00012474 0.0863558 0.00875422 7.79561 0.894795 39.7742 14.7168 1359.96 319.244 1407.53 324.371 1407.53 324.371 0.56114 0.0576364 
200 0.24 22000000 501.944 59.9191 -45.7868 3.50349 2538.31 348.163 1.08068e+07 2.54321e+06 -0.00853449 0.0124167 0.00969237 0.0113645 0.0100633 0.00199191 0.000244108 0.000112023 0.0860826 0.00858476 7.58536 0.876535 38.1464 14.0679 1288.79 312.15 1334.52 317.191 1334.52 317.191 0.561759 0.0555138 
200 0.24 22400000 501.944 59.9191 -45.7868 3.51939 2538.31 352.399 1.08068e+07 2.58004e+06 -0.00853449 0.0124167 0.00969237 0.0110625 0.0100633 0.00193808 0.000244108 0.000112023 0.0860826 0.00836245 7.58536 0.866827 38.1464 13.7007 1288.79 305.528 1334.52 310.486 1334.52 310.486 0.561759 0.0544377 
200 0.24 22800000 510.737 58.0664 -46.9943 3.4413 2658.49 343.794 1.15589e+07 2.51217e+06 -0.00974803 0.0124167 0.00748948 0.0109268 0.00994013 0.0018913 0.000234733 0.000112023 0.0861134 0.0081509 7.33248 0.849279 37.0685 13.3483 1226.03 298.865 1270.44 303.724 1270.44 303.724 0.558401 0.0529266 
200 0.24 23200000 510.737 57.4069 -46.9943 3.42504 2658.49 339.922 1.15589e+07 2.46475e+06 -0.00974803 0.0124167 0.00748948 0.0106986 0.00994013 0.00184592 0.000234733 0.000112023 0.0861134 0.00794642 7.33248 0.852928 37.0685 13.2307 1226.03 292.25 1270.44 296.868 1270.44 296.868 0.558401 0.0517756 
200 0.24 23600000 527.4 71.2385 -46.4514 4.0633 2604.86 367.686 1.11799e+07 2.40464e+06 -0.00976664 0.0118485 0.00776338 0.0104605 0.00963365 0.00181035 0.000223901 0.000102627 0.0847904 0.00781703 7.45662 0.869497 38.172 12.7797 1267.16 292.339 1312.79 296.727 1312.79 296.727 0.564022 0.0529943 
200 0.24 24000000 527.4 71.2385 -46.4514 4.0633 2604.86 367.686 1.11799e+07 2.37196e+06 -0.00976664 0.0118485 0.00776338 0.0102563 0.00963365 0.00176962 0.000223901 0.000102627 0.0847904 0.00763345 7.45662 0.869497 38.172 12.7797 1267.16 286.645 1312.79 295.519 1312.79 295.519 0.564022 0.0529943 
200 0.24 24400000 527.4 71.2385 -46.4514 4.0633 2604.86 367.686 1.11799e+07 2.37196e+06 -0.00976664 0.0118485 0.00776338 0.0100749 0.00963365 0.00175466 0.000223901 0.000102627 0.0847904 0.0076111 7.45662 0.869497 38.172 12.7797 1267.16 286.311 1312.79 295.519 1312.79 295.519 0.564022 0.0529943 
200 0.24 24800000 527.4 71.2385 -46.4514 4.0633 2604.86 367.686 1.11799e+07 2.37196e+06 -0.00976664 0.0118485 0.00776338 0.00990639 0.00963365 0.00172062 0.000223901 0.000102627 0.0847904 0.00746481 7.45662 0.869497 38.172 12.7797 1267.16 286.311 1312.79 295.519 1312.79 295.519 0.564022 0.0529943 
200 0.24 25200000 552 71.2385 -46.7546 4.0633 2605.64 367.686 1.09077e+07 2.37196e+06 -0.00567845 0.0118485 0.00599951 0.00969419 0.00946646 0.00169462 0.00021597 9.57734e-05 0.0838054 0.00745152 7.31645 0.869497 36.5362 12.7797 1308.11 286.311 1351.97 295.519 1351.97 295.519 0.584022 0.0529943 
200 0.24 25600000 552 71.2385 -46.7546 4.0633 2605.64 367.686 1.09077e+07 2.37196e+06 -0.00567845 0.0118485 0.00599951 0.00948631 0.00946646 0.00165859 0.00021597 9.57734e-05 0.0838054 0.00728695 7.31645 0.869497 36.5362 12.7797 1308.11 286.311 1351.97 295.519 1351.97 295.519 0.584022 0.0529943 
200 0.24 26000000 552 71.2385 -46.7546 4.0633 2605.64 367.686 1.09077e+07 2.37196e+06 -0.00567845 0.0118485 0.00599951 0.00928247 0.00946646 0.0016391 0.00021597 9.57734e-05 0.0838054 0.00714724 7.31645 0.869497 36.5362 12.7797 1308.11 286.311 1351.97 295.519 1351.97 295.519 0.584022 0.0529943 
200 0.24 26400000 552 71.2385 -46.7546 4.0633 2605.64 367.686 1.09077e+07 2.37196e+06 -0.00567845 0.0118485 0.00599951 0.00930924 0.00946646 0.0016391 0.00021597 9.57734e-05 0.0838054 0.00703414 7.31645 0.869497 36.5362 12.7797 1308.11 286.311 1351.97 295.519 1351.97 295.519 0.584022 0.0529943 
200 0.24 26800000 570.5 71.2198 -46.7036 3.3939 2578.02 307.383 1.05528e+07 2.05788e+06 -0.00287074 0.0117098 0.00708606 0.0091227 0.00947955 0.00155997 0.000206671 8.62639e-05 0.0848653 0.00688812 7.03638 0.81987 34.7987 11.086 1316.22 275.738 1358.05 279.105 1358.05 279.105 0.589364 0.0498542 
200 0.24 27200000 570.5 71.2198 -46.7036 3.3939 2578.02 307.383 1.05528e+07 2.05788e+06 -0.00287074 0.0117098 0.00708606 0.00895397 0.00947955 0.00153203 0.000206671 8.62639e-05 0.0848653 0.00676087 7.03638 0.81987 34.7987 11.086 1316.22 271.327 1358.05 274.654 1358.05 274.654 0.589364 0.0498542 
200 0.24 27600000 570.5 71.2198 -46.7036 3.3939 2578.02 307.383 1.05528e+07 2.05788e+06 -0.00287074 0.0117098 0.00708606 0.00882833 0.00947955 0.00174113 0.000206671 9.76105e-05 0.0848653 0.00724254 7.03638 0.81987 34.7987 11.086 1316.22 267.018 1358.05 270.287 1358.05 270.287 0.589364 0.0498542 
200 0.24 28000000 570.5 71.2198 -46.7036 3.3939 2578.02 307.383 1.05528e+07 2.05788e+06 -0.00287074 0.0117098 0.00708606 0.00913669 0.00947955 0.00171798 0.000206671 9.57429e-05 0.0848653 0.00718015 7.03638 0.81987 34.7987 11.086 1316.22 262.644 1358.05 265.811 1358.05 265.811 0.589364 0.0498542 
200 0.24 28400000 553.577 71.2198 -47.0771 3.3939 2591.27 307.383 1.0403e+07 2.05788e+06 -0.00254491 0.0117098 0.00364668 0.00938191 0.0109995 0.00196084 0.000283691 0.000108704 0.0905513 0.007338 6.84851 0.81987 33.5418 11.086 1263.21 258.677 1303.6 261.805 1303.6 261.805 0.580545 0.0498542 
200 0.24 28800000 553.577 71.2198 -47.0771 3.3939 2591.27 307.383 1.0403e+07 2.05788e+06 -0.00254491 0.0117098 0.00364668 0.00938191 0.0109995 0.00196084 0.000283691 0.000108704 0.0905513 0.00721459 6.84851 0.81987 33.5418 11.086 1263.21 255.679 1303.6 258.706 1303.6 258.706 0.580545 0.0498542 
200 0.24 29200000 553.577 71.2198 -47.0771 3.3939 2591.27 307.383 1.0403e+07 2.05788e+06 -0.00254491 0.0117098 0.00364668 0.00904229 0.0109995 0.00196084 0.000283691 0.000108704 0.0905513 0.00718239 6.84851 0.81987 33.5418 11.086 1263.21 251.996 1303.6 254.997 1303.6 254.997 0.580545 0.0498542 
200 0.24 29600000 553.577 71.2198 -47.0771 3.3939 2591.27 307.383 1.0403e+07 2.05788e+06 -0.00254491 0.0117098 0.00364668 0.00904229 0.0109995 0.00196084 0.000283691 0.000108704 0.0905513 0.00718239 6.84851 0.81987 33.5418 11.086 1263.21 248.301 1303.6 251.234 1303.6 251.234 0.580545 0.0498542 
200 0.24 30000000 555.679 62.5688 -46.1454 2.95461 2497.27 273.872 9.81411e+06 1.89182e+06 0.00114956 0.0107779 0.00464228 0.00889395 0.0109577 0.00182123 0.000273518 0.000101414 0.0910235 0.00712921 7.01426 0.703045 33.7211 9.55452 1323.78 254.56 1364.51 257.59 1364.51 257.59 0.586955 0.0427904 
200 0.24 30400000 555.679 62.5688 -46.1454 2.95461 2497.27 273.872 9.81411e+06 1.89182e+06 0.00114956 0.0107049 0.00464228 0.00902098 0.0109577 0.00182123 0.000273518 0.000101414 0.0910235 0.00712921 7.01426 0.703045 33.7211 9.55452 1323.78 251.11 1364.51 254.103 1364.51 254.103 0.586955 0.0427904 
200 0.24 30800000 555.679 62.5688 -46.1454 2.95461 2497.27 273.872 9.81411e+06 1.89182e+06 0.00114956 0.0107049 0.00464228 0.00904827 0.0109577 0.00182123 0.000273518 0.000101414 0.0910235 0.00712921 7.01426 0.703045 33.7211 9.55452 1323.78 247.626 1364.51 250.597 1364.51 250.597 0.586955 0.0427904 
200 0.24 31200000 555.679 62.5688 -46.1454 2.95461 2497.27 273.872 9.81411e+06 1.89182e+06 0.00114956 0.0107049 0.00464228 0.00892154 0.0109577 0.00182123 0.000273518 0.000101414 0.0910235 0.00712921 7.01426 0.703045 33.7211 9.55452 1323.78 251.706 1364.51 254.487 1364.51 254.487 0.586955 0.0427904 
200 0.24 31600000 554.2 62.5688 -46.1672 2.95461 2480.21 273.872 9.53493e+06 1.89182e+06 0.00123532 0.0107049 0.00049623 0.00926824 0.0114126 0.00180502 0.000282775 9.50749e-05 0.0934604 0.00712921 6.94133 0.703045 32.6846 9.55452 1322.99 248.468 1362.61 251.204 1362.61 251.204 0.580488 0.0427904 
200 0.24 32000000 554.2 62.5688 -46.1672 2.95461 2480.21 273.872 9.53493e+06 1.89182e+06 0.00123532 0.0107069 0.00049623 0.00912403 0.0114126 0.00180502 0.000282775 9.50749e-05 0.0934604 0.00712921 6.94133 0.703045 32.6846 9.55452 1322.99 245.306 1362.61 248.024 1362.61 248.024 0.580488 0.0427904 
200 0.24 32400000 554.2 62.5688 -46.1672 2.95461 2480.21 273.872 9.53493e+06 1.89182e+06 0.00123532 0.0107049 0.00049623 0.00897691 0.0114126 0.00180502 0.000282775 9.50749e-05 0.0934604 0.00712921 6.94133 0.703045 32.6846 9.55452 1322.99 243.669 1362.61 246.332 1362.61 246.332 0.580488 0.0427904 
200 0.24 32800000 554.2 62.5688 -46.1672 2.95461 2480.21 273.872 9.53493e+06 1.89182e+06 0.00123532 0.0107049 0.00049623 0.00883757 0.0114126 0.00180502 0.000282775 9.50749e-05 0.0934604 0.00712921 6.94133 0.703045 32.6846 9.55452 1322.99 246.482 1362.61 249.089 1362.61 249.089 0.580488 0.0427904 
200 0.24 33200000 540.594 56.5369 -46.5987 2.61984 2511.96 240.032 9.61416e+06 1.66587e+06 -0.00435644 0.0106894 0.00101456 0.00870869 0.0117523 0.00174555 0.000309893 9.29196e-05 0.0941047 0.00687172 6.84674 0.634809 72.826 40.667 1478.1 256.914 1557.77 274.902 1557.77 274.902 0.584293 0.040227 
200 0.24 33600000 540.594 56.5369 -46.5987 2.61984 2511.96 240.032 9.61416e+06 1.66587e+06 -0.00435644 0.0106894 0.00101456 0.00859564 0.0117523 0.00174555 0.000309893 9.29196e-05 0.0941047 0.00687172 6.84674 0.634809 72.826 40.5795 1478.1 253.858 1557.77 271.582 1557.77 271.582 0.584293 0.0396271 
200 0.24 34000000 540.594 56.5369 -46.5987 2.61984 2511.96 240.032 9.61416e+06 1.66587e+06 -0.00435644 0.0106894 0.00101456 0.00849334 0.0117523 0.00174555 0.000309893 9.29196e-05 0.0941047 0.00687172 6.84674 0.634809 72.826 39.6305 1478.1 250.835 1557.77 268.283 1557.77 268.283 0.584293 0.039147 
200 0.24 34400000 540.594 56.5369 -46.5987 2.61984 2511.96 240.032 9.61416e+06 1.66587e+06 -0.00435644 0.0106894 0.00101456 0.00854259 0.0117523 0.00174555 0.000309893 9.29196e-05 0.0941047 0.00687172 6.84674 0.634809 72.826 39.6305 1478.1 247.974 1557.77 265.174 1557.77 265.174 0.584293 0.0389902 
200 0.24 34800000 540.618 56.5369 -46.0628 2.61984 2448.99 240.032 9.18468e+06 1.66587e+06 -0.00406329 0.0106894 -0.000975555 0.00842378 0.0113639 0.00174555 0.000294649 8.86954e-05 0.0924027 0.00687172 6.64586 0.634809 69.7469 38.3047 1395.45 245.104 1471.85 262.069 1471.85 262.069 0.57412 0.0384169 
200 0.24 35200000 540.618 56.5369 -46.0628 2.61984 2448.99 240.032 9.18468e+06 1.66587e+06 -0.00406329 0.0106894 -0.000975555 0.00831551 0.0113639 0.00174555 0.000294649 8.86954e-05 0.0924027 0.00687172 6.64586 0.634809 69.7469 38.2516 1395.45 248.293 1471.85 264.488 1471.85 264.488 0.57412 0.038298 
200 0.24 35600000 540.618 56.5369 -46.0628 2.61984 2448.99 240.032 9.18468e+06 1.66587e+06 -0.00406329 0.0106894 -0.000975555 0.00821365 0.0113639 0.00174555 0.000294649 8.86954e-05 0.0924027 0.00687172 6.64586 0.634809 69.7469 37.5224 1395.45 245.561 1471.85 261.537 1471.85 261.537 0.57412 0.0379592 
200 0.24 36000000 540.618 56.5369 -46.0628 2.61984 2448.99 240.032 9.18468e+06 1.66587e+06 -0.00406329 0.0106894 -0.000975555 0.00812501 0.0113639 0.00174555 0.000294649 8.86954e-05 0.0924027 0.00687172 6.64586 0.634809 69.7469 37.5224 1395.45 242.58 1471.85 260.35 1471.85 260.35 0.57412 0.0375243 
200 0.24 36400000 551.722 51.3386 -45.7247 2.47026 2410.82 233.701 8.92224e+06 1.6181e+06 -0.00661412 0.00973716 -0.00246939 0.00801431 0.0109761 0.00171551 0.000279631 8.50297e-05 0.0908079 0.00685355 6.52645 0.639994 68.5667 36.1873 1437 239.963 1512.1 255.431 1512.1 255.431 0.580757 0.0372077 
200 0.24 36800000 551.722 51.3386 -45.7247 2.47026 2410.82 233.701 8.92224e+06 1.6181e+06 -0.00661412 0.00973716 -0.00246939 0.00793055 0.0109761 0.00171551 0.000279631 8.50297e-05 0.0908079 0.00685355 6.52645 0.639994 68.5667 36.1453 1437 237.329 1512.1 252.595 1512.1 252.595 0.580757 0.036703 
200 0.24 37200000 551.722 51.3386 -45.7247 2.47026 2410.82 233.701 8.92224e+06 1.6181e+06 -0.00661412 0.00973716 -0.00246939 0.00782959 0.0109761 0.00171551 0.000279631 8.50297e-05 0.0908079 0.00685355 6.52645 0.639994 68.5667 35.3585 1437 234.7 1512.1 249.682 1512.1 249.682 0.580757 0.0365857 
200 0.24 37600000 551.722 51.3386 -45.7247 2.47026 2410.82 233.701 8.92224e+06 1.6181e+06 -0.00661412 0.00973716 -0.00246939 0.00794869 0.0109761 0.00171551 0.000279631 8.50297e-05 0.0908079 0.00685355 6.52645 0.639994 68.5667 35.3585 1437 236.971 1512.1 251.737 1512.1 251.737 0.580757 0.0363366 
200 0.24 38000000 584.921 51.3386 -45.2719 2.47026 2368.43 233.701 8.65868e+06 1.6181e+06 -0.00565199 0.00973716 -0.000259947 0.0078441 0.0107127 0.00171551 0.000270334 8.3587e-05 0.0890877 0.00685355 6.44147 0.639994 67.9517 34.3382 1467.81 234.589 1542.2 249.18 1542.2 249.18 0.590502 0.03586 
200 0.24 38400000 584.921 51.3386 -45.2719 2.47026 2368.43 233.701 8.65868e+06 1.6181e+06 -0.00565199 0.00973716 -0.000259947 0.00775863 0.0107127 0.00171551 0.000270334 8.3587e-05 0.0890877 0.00685355 6.44147 0.639994 67.9517 34.2762 1467.81 234.988 1542.2 249.122 1542.2 249.122 0.590502 0.0357369 
200 0.24 38800000 584.921 51.3386 -45.2719 2.47026 2368.43 233.701 8.65868e+06 1.6181e+06 -0.00565199 0.00973716 -0.000259947 0.00781202 0.0107127 0.00171551 0.000270334 8.3587e-05 0.0890877 0.00685355 6.44147 0.639994 67.9517 33.5941 1467.81 232.326 1542.2 246.248 1542.2 246.248 0.590502 0.0355452 
200 0.24 39200000 584.921 51.3386 -45.2719 2.47026 2368.43 233.701 8.65868e+06 1.6181e+06 -0.00565199 0.00973716 -0.000259947 0.00779166 0.0107127 0.00171551 0.000270334 8.3587e-05 0.0890877 0.00685355 6.44147 0.639994 67.9517 33.5941 1467.81 230.148 1542.2 243.891 1542.2 243.891 0.590502 0.0356327 
200 0.24 39600000 578.7 53.7045 -45.4128 2.24284 2400.7 210.55 8.96427e+06 1.45684e+06 -0.00488108 0.00891634 0.000939934 0.00777574 0.0111708 0.0019257 0.000280625 9.30813e-05 0.0914818 0.00764336 6.53879 0.576114 66.1955 32.633 1542.73 230.817 1615.46 244.115 1615.46 244.115 0.59844 0.0355093 
200 0.24 40000000 578.7 53.7045 -45.4128 2.24284 2400.7 210.55 8.96427e+06 1.45684e+06 -0.00488108 0.00891634 0.000939934 0.00768101 0.0111708 0.0019257 0.000280625 9.30813e-05 0.0914818 0.00764336 6.53879 0.576114 66.1955 32.5854 1542.73 228.713 1615.46 241.847 1615.46 241.847 0.59844 0.0354134 
200 0.24 40400000 578.7 53.7045 -45.4128 2.24284 2400.7 210.55 8.96427e+06 1.45684e+06 -0.00488108 0.00891634 0.000939934 0.00758745 0.0111708 0.0019257 0.000280625 9.30813e-05 0.0914818 0.00764336 6.53879 0.576114 66.1955 31.8738 1542.73 226.604 1615.46 239.59 1615.46 239.59 0.59844 0.0349901 
200 0.24 40800000 578.7 53.7045 -45.4128 2.24284 2400.7 210.55 8.96427e+06 1.45684e+06 -0.00488108 0.00891634 0.000939934 0.00753494 0.0111708 0.0019257 0.000280625 9.30813e-05 0.0914818 0.00764336 6.53879 0.576114 66.1955 31.8738 1542.73 224.471 1615.46 237.318 1615.46 237.318 0.59844 0.0346403 
200 0.24 41200000 578.7 53.7045 -45.4128 2.24284 2400.7 210.55 8.96427e+06 1.45684e+06 -0.00488108 0.00891634 0.000939934 0.00758687 0.0111708 0.0019257 0.000280625 9.30813e-05 0.0914818 0.00764336 6.53879 0.576114 66.1955 31.0996 1542.73 222.473 1615.46 235.169 1615.46 235.169 0.59844 0.0346355 
200 0.24 41600000 578.7 53.7045 -45.4128 2.24284 2400.7 210.55 8.96427e+06 1.45684e+06 -0.00488108 0.00891634 0.000939934 0.00756262 0.0111708 0.0019257 0.000280625 9.30813e-05 0.0914818 0.00764336 6.53879 0.576114 66.1955 31.0741 1542.73 220.425 1615.46 233.451 1615.46 233.451 0.59844 0.0345196 
200 0.24 42000000 578.7 53.7045 -45.4128 2.24284 2400.7 210.55 8.96427e+06 1.45684e+06 -0.00488108 0.00891634 0.000939934 0.00751227 0.0111708 0.0019257 0.000280625 9.30813e-05 0.0914818 0.00764336 6.53879 0.576114 66.1955 30.4383 1542.73 218.447 1615.46 233.451 1615.46 233.451 0.59844 0.0345196 
200 0.24 42400000 578.7 53.7045 -45.4128 2.24284 2400.7 210.55 8.96427e+06 1.45684e+06 -0.00488108 0.00891634 0.000939934 0.00747138 0.0111708 0.0019257 0.000280625 9.30813e-05 0.0914818 0.00764336 6.53879 0.576114 66.1955 30.4383 1542.73 216.618 1615.46 233.451 1615.46 233.451 0.59844 0.0345196 
200 0.24 42800000 577.432 53.7045 -45.2607 2.04409 2379.4 192.483 8.89831e+06 1.35888e+06 -0.00663042 0.00844885 0.00175477 0.0074264 0.0111821 0.0019257 0.00027044 9.30813e-05 0.092263 0.00764336 6.44722 0.547431 62.1935 29.7014 1443.16 216.582 1511.8 234.115 1511.8 234.115 0.594641 0.0334183 
200 0.24 43200000 577.432 53.7045 -45.2607 2.04409 2379.4 192.483 8.89831e+06 1.34602e+06 -0.00663042 0.00836481 0.00175477 0.00735514 0.0111821 0.0019257 0.00027044 9.30813e-05 0.092263 0.00764336 6.44722 0.547431 62.1935 29.6861 1443.16 216.582 1511.8 234.115 1511.8 234.115 0.594641 0.0332364 
200 0.24 43600000 577.432 53.7045 -45.2607 2.04409 2379.4 192.483 8.89831e+06 1.33253e+06 -0.00663042 0.00827559 0.00175477 0.00727379 0.0111821 0.0019257 0.00027044 9.30813e-05 0.092263 0.00764336 6.44722 0.547431 62.1935 29.1027 1443.16 216.582 1511.8 234.115 1511.8 234.115 0.594641 0.0328683 
200 0.24 44000000 577.432 53.7045 -45.2607 2.04409 2379.4 192.483 8.89831e+06 1.32589e+06 -0.00663042 0.00827559 0.00175477 0.00720142 0.0111821 0.0019257 0.00027044 9.30813e-05 0.092263 0.00764336 6.44722 0.547431 62.1935 29.1027 1443.16 216.582 1511.8 234.115 1511.8 234.115 0.594641 0.0328648 
200 0.24 44400000 577.432 53.7045 -45.2607 2.04409 2379.4 192.483 8.89831e+06 1.32589e+06 -0.00663042 0.00827559 0.00175477 0.00718915 0.0111821 0.0019257 0.00027044 9.30813e-05 0.092263 0.00764336 6.44722 0.547431 62.1935 28.4231 1443.16 216.582 1511.8 234.115 1511.8 234.115 0.594641 0.0327446 
200 0.24 44800000 577.432 53.7045 -45.2607 2.04409 2379.4 192.483 8.89831e+06 1.32589e+06 -0.00663042 0.00827559 0.00175477 0.00714276 0.0111821 0.0019257 0.00027044 9.30813e-05 0.092263 0.00764336 6.44722 0.547431 62.1935 28.4186 1443.16 216.582 1511.8 234.115 1511.8 234.115 0.594641 0.0327067 
200 0.24 45200000 577.432 53.7045 -45.2607 2.04409 2379.4 192.483 8.89831e+06 1.32589e+06 -0.00663042 0.00827559 0.00175477 0.00706679 0.0111821 0.0019257 0.00027044 9.30813e-05 0.092263 0.00764336 6.44722 0.547431 62.1935 27.882 1443.16 216.582 1511.8 234.115 1511.8 234.115 0.594641 0.0326079 
200 0.24 45600000 577.432 53.7045 -45.2607 2.04409 2379.4 192.483 8.89831e+06 1.32589e+06 -0.00663042 0.00827559 0.00175477 0.00699544 0.0111821 0.0019257 0.00027044 9.30813e-05 0.092263 0.00764336 6.44722 0.547431 62.1935 27.882 1443.16 216.582 1511.8 234.115 1511.8 234.115 0.594641 0.0324785 
200 0.24 46000000 582 47.3307 -44.2667 2.1016 2285 198.242 8.3349e+06 1.32973e+06 -0.00323197 0.00825432 -0.000159122 0.00693013 0.0107512 0.00164982 0.000252916 8.1588e-05 0.0902933 0.00646121 6.34945 0.49564 58.8196 27.2618 1397.63 203.263 1462.8 219.675 1462.8 219.675 0.581624 0.0323992 
200 0.24 46400000 582 47.3307 -44.2667 2.1016 2285 198.242 8.3349e+06 1.32973e+06 -0.00323197 0.00825432 -0.000159122 0.00691662 0.0107512 0.00164982 0.000252916 8.1588e-05 0.0902933 0.00646121 6.34945 0.49564 58.8196 27.2618 1397.63 203.263 1462.8 219.675 1462.8 219.675 0.581624 0.0321111 
200 0.24 46800000 582 47.3307 -44.2667 2.1016 2285 198.242 8.3349e+06 1.32973e+06 -0.00323197 0.00825432 -0.000159122 0.00684649 0.0107512 0.00164982 0.000252916 8.1588e-05 0.0902933 0.00646121 6.34945 0.49564 58.8196 26.7758 1397.63 203.263 1462.8 219.675 1462.8 219.675 0.581624 0.032027 
200 0.24 47200000 582 47.3307 -44.2667 2.1016 2285 198.242 8.3349e+06 1.32973e+06 -0.00323197 0.00825432 -0.000159122 0.00680353 0.0107512 0.00164982 0.000252916 8.1588e-05 0.0902933 0.00646121 6.34945 0.49564 58.8196 26.7758 1397.63 203.263 1462.8 219.675 1462.8 219.675 0.581624 0.0319215 
200 0.24 47600000 582 46.066 -44.2667 2.1016 2285 198.242 8.3349e+06 1.32973e+06 -0.00323197 0.00825432 -0.000159122 0.00688209 0.0107512 0.00164982 0.000252916 8.1588e-05 0.0902933 0.00646121 6.34945 0.49564 58.8196 26.1962 1397.63 203.263 1462.8 219.675 1462.8 219.675 0.581624 0.0316676 
200 0.24 48000000 582 46.066 -44.2667 2.1016 2285 198.242 8.3349e+06 1.32973e+06 -0.00323197 0.00825432 -0.000159122 0.0068169 0.0107512 0.00164982 0.000252916 8.1588e-05 0.0902933 0.00646121 6.34945 0.49564 58.8196 36.8215 1397.63 203.263 1462.8 219.675 1462.8 219.675 0.581624 0.0315254 
200 0.24 48400000 582 46.066 -44.2667 2.1016 2285 198.242 8.3349e+06 1.32973e+06 -0.00323197 0.00825432 -0.000159122 0.00675167 0.0107512 0.00164982 0.000252916 8.1588e-05 0.0902933 0.00646121 6.34945 0.49564 58.8196 36.4657 1397.63 203.263 1462.8 219.675 1462.8 219.675 0.581624 0.0315254 
200 0.24 48800000 582 46.066 -44.2667 2.1016 2285 198.242 8.3349e+06 1.32973e+06 -0.00323197 0.00825432 -0.000159122 0.00682601 0.0107512 0.00164982 0.000252916 8.1588e-05 0.0902933 0.00646121 6.34945 0.49564 58.8196 36.1349 1397.63 203.263 1462.8 219.675 1462.8 219.675 0.581624 0.0315254 
200 0.24 49200000 583.462 44.855 -44.3129 1.94045 2278.86 183.088 8.18463e+06 1.2359e+06 -0.00515958 0.00784122 -0.00314317 0.00681773 0.0109896 0.00164982 0.000255688 8.1588e-05 0.0918327 0.00646121 6.28253 0.487838 81.5373 35.7768 1390.54 193.132 1478.36 208.703 1478.36 208.703 0.582393 0.0308169 
200 0.24 49600000 583.462 44.855 -44.3129 1.94045 2278.86 183.088 8.18463e+06 1.2359e+06 -0.00515958 0.00784122 -0.00314317 0.00675854 0.0109896 0.00164982 0.000255688 8.1588e-05 0.0918327 0.00646121 6.28253 0.487838 81.5373 35.465 1390.54 191.719 1478.36 207.151 1478.36 207.151 0.582393 0.0306766 
200 0.24 50000000 583.462 44.855 -44.3129 1.94045 2278.86 183.088 8.18463e+06 1.2359e+06 -0.00515958 0.00784122 -0.00314317 0.00669489 0.0109896 0.00164982 0.000255688 8.1588e-05 0.0918327 0.00646121 6.28253 0.487838 81.5373 35.1089 1390.54 190.15 1478.36 205.429 1478.36 205.429 0.582393 0.0303885 
200 0.24 50400000 583.462 44.855 -44.3129 1.94045 2278.86 183.088 8.18463e+06 1.2359e+06 -0.00515958 0.00784122 -0.00314317 0.00663922 0.0109896 0.00164982 0.000255688 8.1588e-05 0.0918327 0.00646121 6.28253 0.487838 81.5373 34.8084 1390.54 188.408 1478.36 203.547 1478.36 203.547 0.582393 0.0302083 
200 0.24 50800000 583.462 44.855 -44.3129 1.94045 2278.86 183.088 8.18463e+06 1.2359e+06 -0.00515958 0.00784122 -0.00314317 0.00659856 0.0109896 0.00164982 0.000255688 8.1588e-05 0.0918327 0.00646121 6.28253 0.487838 81.5373 34.4629 1390.54 187.751 1478.36 203.327 1478.36 203.327 0.582393 0.0299753 
200 0.24 51200000 583.462 44.855 -44.3129 1.94045 2278.86 183.088 8.18463e+06 1.2359e+06 -0.00515958 0.00784122 -0.00314317 0.00655187 0.0109896 0.00164982 0.000255688 8.1588e-05 0.0918327 0.00646121 6.28253 0.487838 81.5373 34.1717 1390.54 188.364 1478.36 203.327 1478.36 203.327 0.582393 0.0299225 
200 0.24 51600000 583.462 44.855 -44.3129 1.94045 2278.86 183.088 8.18463e+06 1.2359e+06 -0.00515958 0.00784122 -0.00314317 0.00656282 0.0109896 0.00164982 0.000255688 8.1588e-05 0.0918327 0.00646121 6.28253 0.487838 81.5373 33.8447 1390.54 187.751 1478.36 203.327 1478.36 203.327 0.582393 0.0298602 
200 0.24 52000000 583.462 44.855 -44.3129 1.94045 2278.86 183.088 8.18463e+06 1.2359e+06 -0.00515958 0.00784122 -0.00314317 0.00652948 0.0109896 0.00164982 0.000255688 8.1588e-05 0.0918327 0.00646121 6.28253 0.487838 81.5373 33.5672 1390.54 187.91 1478.36 203.327 1478.36 203.327 0.582393 0.0298009 
200 0.24 52400000 582.411 42.1317 -44.2506 1.80284 2269.9 170.229 8.04055e+06 1.15599e+06 -0.0043851 0.00731928 -0.00482494 0.00658357 0.0108949 0.00142038 0.000247052 7.01429e-05 0.0918881 0.00573162 6.31989 0.430517 78.1911 33.2431 1422.46 187.007 1506.97 200.879 1506.97 200.879 0.587342 0.0297119 
200 0.24 52800000 582.411 42.1317 -44.2506 1.80284 2269.9 170.229 8.04055e+06 1.15599e+06 -0.0043851 0.00731928 -0.00482494 0.0065255 0.0108949 0.00142038 0.000247052 7.01429e-05 0.0918881 0.00573162 6.31989 0.430517 78.1911 32.9729 1422.46 185.551 1506.97 199.304 1506.97 199.304 0.587342 0.0294971 
200 0.24 53200000 582.411 42.1317 -44.2506 1.80284 2269.9 170.229 8.04055e+06 1.15599e+06 -0.0043851 0.00731928 -0.00482494 0.00646844 0.0108949 0.00142038 0.000247052 7.01429e-05 0.0918881 0.00573162 6.31989 0.430517 78.1911 32.6662 1422.46 184.32 1506.97 197.957 1506.97 197.957 0.587342 0.0294593 
200 0.24 53600000 582.411 42.1317 -44.2506 1.80284 2269.9 170.229 8.04055e+06 1.15599e+06 -0.0043851 0.00731928 -0.00482494 0.00643919 0.0108949 0.00142038 0.000247052 7.01429e-05 0.0918881 0.00573162 6.31989 0.430517 78.1911 32.4071 1422.46 183.082 1506.97 196.609 1506.97 196.609 0.587342 0.0292302 
200 0.24 54000000 582.411 40.9406 -44.2506 1.80284 2269.9 170.229 8.04055e+06 1.15599e+06 -0.0043851 0.00731928 -0.00482494 0.00647605 0.0108949 0.00142038 0.000247052 7.01429e-05 0.0918881 0.00573162 6.31989 0.430517 78.1911 32.1099 1422.46 182.861 1506.97 196.139 1506.97 196.139 0.587342 0.0291658 
200 0.24 54400000 582.411 40.9406 -44.2506 1.80284 2269.9 170.229 8.04055e+06 1.15599e+06 -0.0043851 0.00731928 -0.00482494 0.00643224 0.0108949 0.00142038 0.000247052 7.01429e-05 0.0918881 0.00573162 6.31989 0.430517 78.1911 31.8618 1422.46 181.609 1506.97 194.778 1506.97 194.778 0.587342 0.028917 
200 0.24 54800000 582.411 40.9406 -44.2506 1.80284 2269.9 170.229 8.04055e+06 1.15599e+06 -0.0043851 0.00731928 -0.00482494 0.00638532 0.0108949 0.00142038 0.000247052 7.01429e-05 0.0918881 0.00573162 6.31989 0.430517 78.1911 31.5738 1422.46 180.438 1506.97 193.504 1506.97 193.504 0.587342 0.028773 
200 0.24 55200000 582.411 40.9406 -44.2506 1.80284 2269.9 170.229 8.04055e+06 1.15599e+06 -0.0043851 0.00731928 -0.00482494 0.00633296 0.0108949 0.00142038 0.000247052 7.01429e-05 0.0918881 0.00573162 6.31989 0.430517 78.1911 31.3382 1422.46 179.043 1506.97 191.985 1506.97 191.985 0.587342 0.0286707 
200 0.24 55600000 582.733 40.0101 -44.3886 1.68793 2264.45 158.967 7.84895e+06 1.09469e+06 -0.00515217 0.0070915 -0.00413399 0.0063252 0.0108793 0.00142038 0.000246146 7.01429e-05 0.0918572 0.00573162 6.37268 0.419042 74.5996 31.0523 1385.42 177.912 1466.39 190.751 1466.39 190.751 0.584479 0.028655 
200 0.24 56000000 582.733 39.8833 -44.3886 1.68793 2264.45 158.967 7.84895e+06 1.09469e+06 -0.00515217 0.00703531 -0.00413399 0.00628115 0.0108793 0.00142038 0.000246146 7.01429e-05 0.0918572 0.00573162 6.37268 0.419042 74.5996 30.8242 1385.42 176.788 1466.39 189.527 1466.39 189.527 0.584479 0.0285209 
200 0.24 56400000 582.733 39.8833 -44.3886 1.68793 2264.45 158.967 7.84895e+06 1.09469e+06 -0.00515217 0.0069777 -0.00413399 0.00625417 0.0108793 0.00142038 0.000246146 7.01429e-05 0.0918572 0.00573162 6.37268 0.419042 74.5996 30.5495 1385.42 175.678 1466.39 188.315 1466.39 188.315 0.584479 0.0284626 
200 0.24 56800000 582.733 39.8833 -44.3886 1.68793 2264.45 158.967 7.84895e+06 1.09469e+06 -0.00515217 0.00692157 -0.00413399 0.00655164 0.0108793 0.00142038 0.000246146 7.01429e-05 0.0918572 0.00573162 6.37268 0.419042 74.5996 30.3315 1385.42 174.567 1466.39 187.108 1466.39 187.108 0.584479 0.028251 
200 0.24 57200000 582.733 40.0613 -44.3886 1.68793 2264.45 158.967 7.84895e+06 1.09469e+06 -0.00515217 0.0068714 -0.00413399 0.00652936 0.0108793 0.00142038 0.000246146 7.01429e-05 0.0918572 0.00573162 6.37268 0.419042 74.5996 30.063 1385.42 173.483 1466.39 185.927 1466.39 185.927 0.584479 0.0282287 
200 0.24 57600000 582.733 40.0613 -44.3886 1.68793 2264.45 158.967 7.84895e+06 1.09469e+06 -0.00515217 0.0068714 -0.00413399 0.00649132 0.0108793 0.00142038 0.000246146 7.01429e-05 0.0918572 0.00573162 6.37268 0.419042 74.5996 29.8548 1385.42 174.307 1466.39 186.443 1466.39 186.443 0.584479 0.0281921 
200 0.24 58000000 582.733 40.0613 -44.3886 1.68793 2264.45 158.967 7.84895e+06 1.09469e+06 -0.00515217 0.0068714 -0.00413399 0.00644109 0.0108793 0.00142038 0.000246146 7.01429e-05 0.0918572 0.00573162 6.37268 0.419042 74.5996 29.5939 1385.42 173.222 1466.39 185.272 1466.39 185.272 0.584479 0.0279829 
200 0.24 58400000 582.733 40.0613 -44.3886 1.68793 2264.45 158.967 7.84895e+06 1.09469e+06 -0.00515217 0.0068714 -0.00413399 0.00651101 0.0108793 0.00142038 0.000246146 7.01429e-05 0.0918572 0.00573162 6.37268 0.419042 74.5996 29.3971 1385.42 172.169 1466.39 184.131 1466.39 184.131 0.584479 0.027831 
200 0.24 58800000 567.234 39.0713 -44.9197 1.6639 2315.17 156.915 8.14986e+06 1.06683e+06 -0.00504262 0.00678396 -0.00304913 0.00646605 0.0112772 0.00129325 0.000275193 6.67818e-05 0.0931575 0.00515382 6.28342 0.389436 70.901 29.1393 1339.37 171.114 1416.55 182.992 1416.55 182.992 0.576751 0.0276138 
200 0.24 59200000 567.234 39.0713 -44.9197 1.6639 2315.17 156.915 8.14986e+06 1.06683e+06 -0.00504262 0.00673153 -0.00304913 0.00641596 0.0112772 0.00129325 0.000275193 6.67818e-05 0.0931575 0.00515382 6.28342 0.389436 70.901 28.9535 1339.37 169.871 1416.55 181.642 1416.55 181.642 0.576751 0.0273999 
200 0.24 59600000 567.234 39.0713 -44.9197 1.6639 2315.17 156.915 8.14986e+06 1.06683e+06 -0.00504262 0.0066801 -0.00304913 0.006454 0.0112772 0.00129325 0.000275193 6.67818e-05 0.0931575 0.00515382 6.28342 0.389436 70.901 28.6968 1339.37 168.84 1416.55 180.528 1416.55 180.528 0.576751 0.027191 
200 0.24 60000000 567.234 39.0713 -44.9197 1.6639 2315.17 156.915 8.14986e+06 1.06683e+06 -0.00504262 0.0066305 -0.00304913 0.00641009 0.0112772 0.00129325 0.000275193 6.67818e-05 0.0931575 0.00515382 6.28342 0.389436 70.901 28.5084 1339.37 167.84 1416.55 179.445 1416.55 179.445 0.576751 0.0271494 
200 0.24 60400000 567.234 37.8948 -44.9197 1.6639 2315.17 156.915 8.14986e+06 1.06683e+06 -0.00504262 0.00667582 -0.00304913 0.00639309 0.0112772 0.00129325 0.000275193 6.67818e-05 0.0931575 0.00515382 6.28342 0.389436 70.901 28.2682 1339.37 166.842 1416.55 178.362 1416.55 178.362 0.576751 0.0270511 
200 0.24 60800000 567.234 37.8948 -44.9197 1.6639 2315.17 156.915 8.14986e+06 1.06683e+06 -0.00504262 0.00669684 -0.00304913 0.00634897 0.0112772 0.00129325 0.000275193 6.67818e-05 0.0931575 0.00515382 6.28342 0.389436 70.901 28.0888 1339.37 165.652 1416.55 177.635 1416.55 177.635 0.576751 0.026937 
200 0.24 61200000 567.234 37.8948 -44.9197 1.6639 2315.17 156.915 8.14986e+06 1.06683e+06 -0.00504262 0.0066534 -0.00304913 0.00630275 0.0112772 0.00129325 0.000275193 6.67818e-05 0.0931575 0.00515382 6.28342 0.389436 70.901 27.8465 1339.37 164.649 1416.55 177.635 1416.55 177.635 0.576751 0.026752 
200 0.24 61600000 567.234 37.8948 -44.9197 1.6639 2315.17 156.915 8.14986e+06 1.06683e+06 -0.00504262 0.00669974 -0.00304913 0.00628205 0.0112772 0.00129325 0.000275193 6.67818e-05 0.0931575 0.00515382 6.28342 0.389436 70.901 27.6696 1339.37 164.649 1416.55 177.635 1416.55 177.635 0.576751 0.0268121 
200 0.24 62000000 567.397 36.7916 -44.8117 1.56952 2303.1 148.148 8.0746e+06 1.00673e+06 -0.00526263 0.00671025 -0.00381295 0.00624169 0.0114644 0.00129325 0.000278927 6.67818e-05 0.0938299 0.00515382 6.43387 0.394522 69.3132 27.4407 1286.39 163.263 1362.14 175.321 1362.14 175.321 0.570447 0.026615 
200 0.24 62400000 567.397 36.7916 -44.8117 1.56952 2303.1 148.148 8.0746e+06 1.00673e+06 -0.00526263 0.00666154 -0.00381295 0.00621085 0.0114644 0.00129325 0.000278927 6.67818e-05 0.0938299 0.00515382 6.43387 0.394522 69.3132 27.2697 1286.39 163.263 1362.14 175.321 1362.14 175.321 0.570447 0.0264344 
200 0.24 62800000 567.397 36.7916 -44.8117 1.56952 2303.1 148.148 8.0746e+06 1.00673e+06 -0.00526263 0.00673425 -0.00381295 0.00617768 0.0114644 0.00129325 0.000278927 6.67818e-05 0.0938299 0.00515382 6.43387 0.394522 69.3132 27.0479 1286.39 163.263 1362.14 175.321 1362.14 175.321 0.570447 0.0263357 
200 0.24 63200000 567.397 36.7916 -44.8117 1.56952 2303.1 148.148 8.0746e+06 1.00673e+06 -0.00526263 0.00668615 -0.00381295 0.00620275 0.0114644 0.00129325 0.000278927 6.67818e-05 0.0938299 0.00515382 6.43387 0.394522 69.3132 26.8841 1286.39 163.263 1362.14 175.321 1362.14 175.321 0.570447 0.026151 
200 0.24 63600000 567.397 36.5154 -44.8117 1.56952 2303.1 148.148 8.0746e+06 1.00673e+06 -0.00526263 0.0066507 -0.00381295 0.00616363 0.0114644 0.00129325 0.000278927 6.67818e-05 0.0938299 0.00515382 6.43387 0.394522 69.3132 26.6681 1286.39 163.263 1362.14 175.321 1362.14 175.321 0.570447 0.0259921 
200 0.24 64000000 567.397 36.5154 -44.8117 1.56952 2303.1 148.148 8.0746e+06 1.01516e+06 -0.00526263 0.00661845 -0.00381295 0.00618119 0.0114644 0.00129325 0.000278927 6.67818e-05 0.0938299 0.00515382 6.43387 0.394522 69.3132 26.5133 1286.39 163.263 1362.14 175.321 1362.14 175.321 0.570447 0.0258237 
200 0.24 64400000 567.397 36.5154 -44.8117 1.56952 2303.1 148.148 8.0746e+06 1.00818e+06 -0.00526263 0.0065785 -0.00381295 0.00614335 0.0114644 0.00129325 0.000278927 6.67818e-05 0.0938299 0.00515382 6.43387 0.394522 69.3132 26.2977 1286.39 163.263 1362.14 175.321 1362.14 175.321 0.570447 0.0256505 
200 0.24 64800000 567.397 36.5154 -44.8117 1.56952 2303.1 148.148 8.0746e+06 1.00673e+06 -0.00526263 0.0065346 -0.00381295 0.00616679 0.0114644 0.00129325 0.000278927 6.67818e-05 0.0938299 0.00515382 6.43387 0.394522 69.3132 26.1502 1286.39 163.263 1362.14 175.321 1362.14 175.321 0.570447 0.0254772 
200 0.24 65200000 565.139 35.0656 -45.0894 1.50669 2334.07 143.117 8.33572e+06 996009 -0.00663357 0.00649235 -0.00503754 0.00613105 0.011552 0.00117839 0.000279464 5.9498e-05 0.0943884 0.00472588 6.25431 0.411441 66.3371 25.9368 1219.04 179.324 1291.63 192.91 1291.63 192.91 0.565623 0.0254161 
200 0.24 65600000 565.139 35.0656 -45.0894 1.50669 2334.07 143.117 8.33572e+06 990139 -0.00663357 0.00646282 -0.00503754 0.00609016 0.011552 0.00117839 0.000279464 5.9498e-05 0.0943884 0.00472588 6.25431 0.411441 66.3371 25.7955 1219.04 179.324 1291.63 192.91 1291.63 192.91 0.565623 0.0253749 
200 0.24 66000000 565.139 35.0656 -45.0894 1.50669 2334.07 143.117 8.33572e+06 989428 -0.00663357 0.00645281 -0.00503754 0.00605953 0.011552 0.00117839 0.000279464 5.9498e-05 0.0943884 0.00472588 6.25431 0.411441 66.3371 25.5829 1219.04 179.324 1291.63 192.91 1291.63 192.91 0.565623 0.025349 
200 0.24 66400000 565.139 35.0656 -45.0894 1.50669 2334.07 143.117 8.33572e+06 984078 -0.00663357 0.00640932 -0.00503754 0.00602276 0.011552 0.00117839 0.000279464 5.9498e-05 0.0943884 0.00472588 6.25431 0.411441 66.3371 25.445 1219.04 179.324 1291.63 192.91 1291.63 192.91 0.565623 0.0253185 
200 0.24 66800000 565.139 34.1222 -45.0894 1.50669 2334.07 143.117 8.33572e+06 984078 -0.00663357 0.00637551 -0.00503754 0.00604998 0.011552 0.00117839 0.000279464 5.9498e-05 0.0943884 0.00472588 6.25431 0.411441 66.3371 25.2388 1219.04 179.324 1291.63 192.91 1291.63 192.91 0.565623 0.0252507 
200 0.24 67200000 565.139 34.1222 -45.0894 1.50669 2334.07 143.117 8.33572e+06 984078 -0.00663357 0.00633311 -0.00503754 0.00612532 0.011552 0.00117839 0.000279464 5.9498e-05 0.0943884 0.00472588 6.25431 0.411441 66.3371 25.1043 1219.04 179.324 1291.63 192.91 1291.63 192.91 0.565623 0.0252175 
200 0.24 67600000 565.139 34.1222 -45.0894 1.50669 2334.07 143.117 8.33572e+06 984078 -0.00663357 0.00629214 -0.00503754 0.00610244 0.011552 0.00117839 0.000279464 5.9498e-05 0.0943884 0.00472588 6.25431 0.411441 66.3371 24.9068 1219.04 179.324 1291.63 192.91 1291.63 192.91 0.565623 0.0250784 
200 0.24 68000000 565.139 34.1222 -45.0894 1.50669 2334.07 143.117 8.33572e+06 984078 -0.00663357 0.0062769 -0.00503754 0.00613162 0.011552 0.00117839 0.000279464 5.9498e-05 0.0943884 0.00472588 6.25431 0.411441 66.3371 24.7782 1219.04 179.324 1291.63 192.91 1291.63 192.91 0.565623 0.0250494 
200 0.24 68400000 563.632 33.2862 -45.4629 1.47294 2362.5 138.38 8.41891e+06 954992 -0.0048174 0.00623578 -0.00800556 0.0061131 0.011678 0.00117839 0.000281932 5.9498e-05 0.0950682 0.00472588 6.23787 0.390114 64.4758 24.5812 1271.35 179.324 1342.07 192.91 1342.07 192.91 0.576148 0.0249417 
200 0.24 68800000 563.632 33.2862 -45.4629 1.47294 2362.5 138.38 8.41891e+06 949903 -0.0048174 0.00619691 -0.00800556 0.00611499 0.011678 0.00117839 0.000281932 5.9498e-05 0.0950682 0.00472588 6.23787 0.390114 64.4758 24.4557 1271.35 179.324 1342.07 192.91 1342.07 192.91 0.576148 0.0248047 
200 0.24 69200000 563.632 33.2862 -45.4629 1.47294 2362.5 138.38 8.41891e+06 943737 -0.0048174 0.00625075 -0.00800556 0.00608032 0.011678 0.00117839 0.000281932 5.9498e-05 0.0950682 0.00472588 6.23787 0.390114 64.4758 24.2669 1271.35 179.324 1342.07 192.91 1342.07 192.91 0.576148 0.0246685 
200 0.24 69600000 563.632 33.2862 -45.4629 1.47294 2362.5 138.38 8.41891e+06 938021 -0.0048174 0.00622596 -0.00800556 0.00608207 0.011678 0.00117839 0.000281932 5.9498e-05 0.0950682 0.00472588 6.23787 0.390114 64.4758 24.1924 1271.35 179.324 1342.07 192.91 1342.07 192.91 0.576148 0.0246604 
200 0.24 70000000 563.632 33.337 -45.4629 1.47294 2362.5 138.38 8.41891e+06 935795 -0.0048174 0.00619807 -0.00800556 0.00604534 0.011678 0.00117839 0.000281932 5.9498e-05 0.0950682 0.00472588 6.23787 0.390114 64.4758 24.0387 1271.35 179.324 1342.07 192.91 1342.07 192.91 0.576148 0.0246604 
200 0.24 70400000 563.632 33.1246 -45.4629 1.47294 2362.5 138.38 8.41891e+06 935795 -0.0048174 0.00619273 -0.00800556 0.00607176 0.011678 0.00117839 0.000281932 5.9498e-05 0.0950682 0.00472588 6.23787 0.390114 64.4758 23.9013 1271.35 179.324 1342.07 192.91 1342.07 192.91 0.576148 0.0246604 
200 0.24 70800000 563.632 32.9263 -45.4629 1.47294 2362.5 138.38 8.41891e+06 935795 -0.0048174 0.00612638 -0.00800556 0.00603648 0.011678 0.00117839 0.000281932 5.9498e-05 0.0950682 0.00472588 6.23787 0.390114 64.4758 23.7371 1271.35 179.324 1342.07 192.91 1342.07 192.91 0.576148 0.0246604 
200 0.24 71200000 563.632 32.7595 -45.4629 1.47294 2362.5 138.38 8.41891e+06 935795 -0.0048174 0.00611788 -0.00800556 0.00601637 0.011678 0.00117839 0.000281932 5.9498e-05 0.0950682 0.00472588 6.23787 0.390114 64.4758 23.6008 1271.35 179.324 1342.07 192.91 1342.07 192.91 0.576148 0.0246604 
200 0.24 71600000 566.138 32.6029 -45.0126 1.46649 2319.49 137.984 8.14511e+06 928196 -0.00368879 0.00611257 -0.00596721 0.00600683 0.0118005 0.00108644 0.000282473 5.36243e-05 0.0957576 0.00444721 6.31987 0.394311 66.6309 23.5012 1310.44 183.209 1383.39 194.219 1383.39 194.219 0.578753 0.0240897 
200 0.24 72000000 566.138 32.5195 -45.0126 1.46649 2319.49 137.984 8.14511e+06 928196 -0.00368879 0.00611147 -0.00596721 0.00598124 0.0118005 0.00108644 0.000282473 5.36243e-05 0.0957576 0.00444721 6.31987 0.394311 66.6309 23.3566 1310.44 183.209 1383.39 194.219 1383.39 194.219 0.578753 0.0240625 
200 0.24 72400000 566.138 32.3543 -45.0126 1.46649 2319.49 137.984 8.14511e+06 928196 -0.00368879 0.00606491 -0.00596721 0.0059444 0.0118005 0.00108644 0.000282473 5.36243e-05 0.0957576 0.00444721 6.31987 0.394311 66.6309 23.2135 1310.44 183.209 1383.39 194.219 1383.39 194.219 0.578753 0.0240505 
200 0.24 72800000 566.138 32.1985 -45.0126 1.46649 2319.49 137.984 8.14511e+06 928196 -0.00368879 0.00606491 -0.00596721 0.00592719 0.0118005 0.00108644 0.000282473 5.36243e-05 0.0957576 0.00444721 6.31987 0.394311 66.6309 23.0736 1310.44 183.209 1383.39 194.219 1383.39 194.219 0.578753 0.02403 
200 0.24 73200000 566.138 32.003 -45.0126 1.46649 2319.49 137.984 8.14511e+06 928196 -0.00368879 0.00604034 -0.00596721 0.00589516 0.0118005 0.00108644 0.000282473 5.36243e-05 0.0957576 0.00444721 6.31987 0.394311 66.6309 22.9333 1310.44 183.209 1383.39 194.219 1383.39 194.219 0.578753 0.0240011 
200 0.24 73600000 566.138 31.8464 -45.0126 1.46649 2319.49 137.984 8.14511e+06 928196 -0.00368879 0.00604034 -0.00596721 0.00587602 0.0118005 0.00108644 0.000282473 5.36243e-05 0.0957576 0.00444721 6.31987 0.394311 66.6309 22.7957 1310.44 183.209 1383.39 194.219 1383.39 194.219 0.578753 0.0238736 
200 0.24 74000000 566.138 31.9128 -45.0126 1.46649 2319.49 137.984 8.14511e+06 928196 -0.00368879 0.00602732 -0.00596721 0.00584987 0.0118005 0.00108644 0.000282473 5.36243e-05 0.0957576 0.00444721 6.31987 0.394311 66.6309 22.6609 1310.44 183.209 1383.39 194.219 1383.39 194.219 0.578753 0.0237378 
200 0.24 74400000 566.138 31.8283 -45.0126 1.46649 2319.49 137.984 8.14511e+06 928196 -0.00368879 0.00602732 -0.00596721 0.00589778 0.0118005 0.00108644 0.000282473 5.36243e-05 0.0957576 0.00444721 6.31987 0.394311 66.6309 22.5276 1310.44 183.209 1383.39 194.219 1383.39 194.219 0.578753 0.0236945 
200 0.24 74800000 566.138 31.6389 -45.0126 1.41012 2319.49 133.529 8.14511e+06 897403 -0.00368879 0.00600489 -0.00596721 0.00586269 0.0118005 0.00108644 0.000282473 5.36243e-05 0.0957576 0.00444721 6.31987 0.394311 66.6309 22.3949 1310.44 183.209 1383.39 194.219 1383.39 194.219 0.578753 0.0236706 
200 0.24 75200000 566.138 31.452 -45.0126 1.41012 2319.49 133.529 8.14511e+06 897403 -0.00368879 0.00600489 -0.00596721 0.00584879 0.0118005 0.00108644 0.000282473 5.36243e-05 0.0957576 0.00444721 6.31987 0.394311 66.6309 22.2647 1310.44 183.209 1383.39 194.219 1383.39 194.219 0.578753 0.0235561 
200 0.24 75600000 566.138 31.4212 -45.0126 1.41012 2319.49 133.529 8.14511e+06 897403 -0.00368879 0.00595721 -0.00596721 0.00581445 0.0118005 0.00108644 0.000282473 5.36243e-05 0.0957576 0.00444721 6.31987 0.394311 66.6309 22.1357 1310.44 183.209 1383.39 194.219 1383.39 194.219 0.578753 0.0235204 
200 0.24 76000000 566.138 31.2424 -45.0126 1.41012 2319.49 133.529 8.14511e+06 897403 -0.00368879 0.00595721 -0.00596721 0.00578213 0.0118005 0.00108644 0.000282473 5.36243e-05 0.0957576 0.00444721 6.31987 0.394311 66.6309 22.0081 1310.44 183.209 1383.39 194.219 1383.39 194.219 0.578753 0.0234224 
200 0.24 76400000 566.138 31.1907 -45.0126 1.41012 2319.49 133.529 8.14511e+06 897403 -0.00368879 0.00598849 -0.00596721 0.00574963 0.0118005 0.00108644 0.000282473 5.36243e-05 0.0957576 0.00444721 6.31987 0.394311 66.6309 21.882 1310.44 183.209 1383.39 194.219 1383.39 194.219 0.578753 0.0233556 
200 0.24 76800000 566.138 31.0105 -45.0126 1.41012 2319.49 133.529 8.14511e+06 897403 -0.00368879 0.00598849 -0.00596721 0.00572866 0.0118005 0.00108644 0.000282473 5.36243e-05 0.0957576 0.00444721 6.31987 0.394311 66.6309 21.7593 1310.44 183.209 1383.39 194.219 1383.39 194.219 0.578753 0.0232477 
200 0.24 77200000 566.138 31.009 -45.0126 1.41012 2319.49 133.529 8.14511e+06 897403 -0.00368879 0.00591972 -0.00596721 0.0056966 0.0118005 0.00108644 0.000282473 5.36243e-05 0.0957576 0.00444721 6.31987 0.394311 66.6309 21.6342 1310.44 183.209 1383.39 194.219 1383.39 194.219 0.578753 0.0232374 
200 0.24 77600000 566.138 31.5883 -45.0126 1.41012 2319.49 133.529 8.14511e+06 897403 -0.00368879 0.00591972 -0.00596721 0.00566623 0.0118005 0.00108644 0.000282473 5.36243e-05 0.0957576 0.00444721 6.31987 0.394311 66.6309 21.5166 1310.44 183.209 1383.39 194.219 1383.39 194.219 0.578753 0.0231097 
200 0.24 78000000 558.17 31.4098 -45.4065 1.35941 2352.88 127.771 8.27044e+06 857982 -0.00418534 0.00589436 -0.00646747 0.00565002 0.0116917 0.000993102 0.000271423 4.9875e-05 0.0959549 0.00426176 6.30966 0.394311 62.4262 21.3898 1321 166.858 1389.73 176.667 1389.73 176.667 0.579525 0.023086 
200 0.24 78400000 558.17 31.3311 -45.4065 1.35941 2352.88 127.771 8.27044e+06 857219 -0.00418534 0.00589436 -0.00646747 0.00563467 0.0116917 0.000993102 0.000271423 4.9875e-05 0.0959549 0.00426176 6.30966 0.394311 62.4262 21.2745 1321 166.858 1389.73 176.667 1389.73 176.667 0.579525 0.0230174 
200 0.24 78800000 558.17 31.1584 -45.4065 1.35941 2352.88 127.771 8.27044e+06 857219 -0.00418534 0.00584956 -0.00646747 0.00560392 0.0116917 0.000993102 0.000271423 4.9875e-05 0.0959549 0.00426176 6.30966 0.394311 62.4262 21.1535 1321 166.858 1389.73 176.667 1389.73 176.667 0.579525 0.0228893 
200 0.24 79200000 558.17 31.1109 -45.4065 1.35941 2352.88 127.771 8.27044e+06 857219 -0.00418534 0.00584956 -0.00646747 0.00557272 0.0116917 0.000993102 0.000271423 4.9875e-05 0.0959549 0.00426176 6.30966 0.394311 62.4262 21.0435 1321 166.858 1389.73 176.667 1389.73 176.667 0.579525 0.0228922 
200 0.24 79600000 558.17 31.0418 -45.4065 1.35941 2352.88 127.771 8.27044e+06 857219 -0.00418534 0.00579392 -0.00646747 0.00556371 0.0116917 0.000993102 0.000271423 4.9875e-05 0.0959549 0.00426176 6.30966 0.394311 62.4262 20.9213 1321 166.858 1389.73 176.667 1389.73 176.667 0.579525 0.0227729 
200 0.24 80000000 558.17 30.9314 -45.4065 1.35941 2352.88 127.771 8.27044e+06 857219 -0.00418534 0.00579392 -0.00646747 0.00553474 0.0116917 0.000993102 0.000271423 4.9875e-05 0.0959549 0.00426176 6.30966 0.394311 62.4262 20.8154 1321 166.858 1389.73 176.667 1389.73 176.667 0.579525 0.0227018 
200 0.24 80400000 558.17 30.7978 -45.4065 1.35941 2352.88 127.771 8.27044e+06 857219 -0.00418534 0.00582892 -0.00646747 0.00554549 0.0116917 0.000993102 0.000271423 4.9875e-05 0.0959549 0.00426176 6.30966 0.394311 62.4262 20.6946 1321 166.858 1389.73 176.667 1389.73 176.667 0.579525 0.0226199 
200 0.24 80800000 558.17 30.6302 -45.4065 1.35941 2352.88 127.771 8.27044e+06 857219 -0.00418534 0.00582892 -0.00646747 0.00551653 0.0116917 0.000993102 0.000271423 4.9875e-05 0.0959549 0.00426176 6.30966 0.394311 62.4262 20.5931 1321 166.858 1389.73 176.667 1389.73 176.667 0.579525 0.022593 
200 0.24 81200000 558.17 30.4971 -45.4065 1.32225 2352.88 122.425 8.27044e+06 824760 -0.00418534 0.00583497 -0.00646747 0.00548699 0.0116917 0.000993102 0.000271423 4.9875e-05 0.0959549 0.00426176 6.30966 0.394311 62.4262 20.4704 1321 166.858 1389.73 176.667 1389.73 176.667 0.579525 0.022575 
200 0.24 81600000 558.17 30.3436 -45.4065 1.32225 2352.88 122.425 8.27044e+06 821405 -0.00418534 0.00580914 -0.00646747 0.00545741 0.0116917 0.000993102 0.000271423 4.9875e-05 0.0959549 0.00426176 6.30966 0.394311 62.4262 20.3706 1321 166.858 1389.73 176.667 1389.73 176.667 0.579525 0.0225503 
200 0.24 82000000 558.17 30.2072 -45.4065 1.32225 2352.88 122.425 8.27044e+06 820439 -0.00418534 0.00577953 -0.00646747 0.0054514 0.0116917 0.000993102 0.000271423 4.9875e-05 0.0959549 0.00426176 6.30966 0.394311 62.4262 20.2533 1321 166.858 1389.73 176.667 1389.73 176.667 0.579525 0.022553 
200 0.24 82400000 558.17 30.0708 -45.4065 1.32225 2352.88 122.425 8.27044e+06 820439 -0.00418534 0.00576001 -0.00646747 0.00545078 0.0116917 0.000993102 0.000271423 4.9875e-05 0.0959549 0.00426176 6.30966 0.394311 62.4262 20.1576 1321 166.858 1389.73 176.667 1389.73 176.667 0.579525 0.0224328 
200 0.24 82800000 558.17 30.1795 -45.4065 1.32225 2352.88 122.425 8.27044e+06 820439 -0.00418534 0.00577266 -0.00646747 0.00543814 0.0116917 0.000993102 0.000271423 4.9875e-05 0.0959549 0.00426176 6.30966 0.394311 62.4262 20.0404 1321 166.858 1389.73 176.667 1389.73 176.667 0.579525 0.0223169 
200 0.24 83200000 558.17 30.0749 -45.4065 1.32225 2352.88 122.425 8.27044e+06 820439 -0.00418534 0.00574526 -0.00646747 0.00542179 0.0116917 0.000993102 0.000271423 4.9875e-05 0.0959549 0.00426176 6.30966 0.394311 62.4262 19.9433 1321 166.858 1389.73 176.667 1389.73 176.667 0.579525 0.0223047 
200 0.24 83600000 558.17 29.9166 -45.4065 1.32225 2352.88 122.425 8.27044e+06 820439 -0.00418534 0.0057214 -0.00646747 0.005401 0.0116917 0.000993102 0.000271423 4.9875e-05 0.0959549 0.00426176 6.30966 0.394311 62.4262 19.8318 1321 166.858 1389.73 176.667 1389.73 176.667 0.579525 0.0222924 
200 0.24 84000000 558.17 29.8263 -45.4065 1.32225 2352.88 122.425 8.27044e+06 820439 -0.00418534 0.00569565 -0.00646747 0.00540116 0.0116917 0.000993102 0.000271423 4.9875e-05 0.0959549 0.00426176 6.30966 0.394311 62.4262 19.7381 1321 166.858 1389.73 176.667 1389.73 176.667 0.579525 0.0222558 
200 0.24 84400000 552.5 29.68 -45.1818 1.30255 2326.03 121.996 8.04288e+06 809931 -0.00392915 0.00569683 -0.00349768 0.0053932 0.0118434 0.00092186 0.000272211 4.57249e-05 0.0969624 0.00383339 6.30009 0.329088 59.253 19.6268 1305.63 153.659 1371.18 162.916 1371.18 162.916 0.576607 0.0221653 
200 0.24 84800000 552.5 29.6353 -45.1818 1.30255 2326.03 121.996 8.04288e+06 809931 -0.00392915 0.00566784 -0.00349768 0.00539163 0.0118434 0.00092186 0.000272211 4.57249e-05 0.0969624 0.00383339 6.30009 0.329088 59.253 19.5354 1305.63 153.659 1371.18 162.916 1371.18 162.916 0.576607 0.0221197 
200 0.24 85200000 552.5 29.7832 -45.1818 1.30255 2326.03 121.996 8.04288e+06 809931 -0.00392915 0.00565001 -0.00349768 0.00539163 0.0118434 0.00092186 0.000272211 4.57249e-05 0.0969624 0.00383339 6.30009 0.329088 59.253 19.4276 1305.63 153.659 1371.18 162.916 1371.18 162.916 0.576607 0.0220073 
200 0.24 85600000 552.5 29.6419 -45.1818 1.30255 2326.03 121.996 8.04288e+06 809931 -0.00392915 0.00564239 -0.00349768 0.00539163 0.0118434 0.00092186 0.000272211 4.57249e-05 0.0969624 0.00383339 6.30009 0.329088 59.253 19.3401 1305.63 153.659 1371.18 162.916 1371.18 162.916 0.576607 0.0218956 
200 0.24 86000000 552.5 29.5046 -45.1818 1.30255 2326.03 121.996 8.04288e+06 809931 -0.00392915 0.00561482 -0.00349768 0.00539163 0.0118434 0.00092186 0.000272211 4.57249e-05 0.0969624 0.00383339 6.30009 0.329088 59.253 19.2294 1305.63 153.659 1371.18 162.916 1371.18 162.916 0.576607 0.021798 
200 0.24 86400000 552.5 29.3897 -45.1818 1.30255 2326.03 121.996 8.04288e+06 809931 -0.00392915 0.00559286 -0.00349768 0.00539163 0.0118434 0.00092186 0.000272211 4.57249e-05 0.0969624 0.00383339 6.30009 0.329088 59.253 19.1428 1305.63 153.659 1371.18 162.916 1371.18 162.916 0.576607 0.0217056 
200 0.24 86800000 552.5 29.2514 -45.1818 1.30255 2326.03 121.996 8.04288e+06 809931 -0.00392915 0.00556575 -0.00349768 0.00539163 0.0118434 0.00092186 0.000272211 4.57249e-05 0.0969624 0.00383339 6.30009 0.329088 59.253 19.0383 1305.63 153.659 1371.18 162.916 1371.18 162.916 0.576607 0.0216083 
200 0.24 87200000 552.5 29.203 -45.1818 1.30255 2326.03 121.996 8.04288e+06 809931 -0.00392915 0.0055632 -0.00349768 0.00539163 0.0118434 0.00092186 0.000272211 4.57249e-05 0.0969624 0.00383339 6.30009 0.329088 59.253 18.9556 1305.63 153.659 1371.18 162.916 1371.18 162.916 0.576607 0.0215911 
200 0.24 87600000 552.5 29.1253 -45.1818 1.26208 2326.03 118.126 8.04288e+06 784044 -0.00392915 0.00554294 -0.00349768 0.00523836 0.0118434 0.00092186 0.000272211 4.57249e-05 0.0969624 0.00383339 6.30009 0.329088 59.253 18.85 1305.63 153.659 1371.18 162.916 1371.18 162.916 0.576607 0.0215769 
200 0.24 88000000 552.5 28.9853 -45.1818 1.26208 2326.03 118.126 8.04288e+06 783496 -0.00392915 0.00551536 -0.00349768 0.00523836 0.0118434 0.00092186 0.000272211 4.57249e-05 0.0969624 0.00383339 6.30009 0.329088 59.253 18.7702 1305.63 153.659 1371.18 162.916 1371.18 162.916 0.576607 0.0214927 
200 0.24 88400000 552.5 28.9182 -45.1818 1.26208 2326.03 118.126 8.04288e+06 783496 -0.00392915 0.00549907 -0.00349768 0.00523836 0.0118434 0.00092186 0.000272211 4.57249e-05 0.0969624 0.00383339 6.30009 0.329088 59.253 18.6657 1305.63 153.659 1371.18 162.916 1371.18 162.916 0.576607 0.0213867 
200 0.24 88800000 552.5 28.7898 -45.1818 1.26208 2326.03 118.126 8.04288e+06 783496 -0.00392915 0.00548615 -0.00349768 0.00523836 0.0118434 0.00092186 0.000272211 4.57249e-05 0.0969624 0.00383339 6.30009 0.329088 59.253 18.5886 1305.63 153.659 1371.18 162.916 1371.18 162.916 0.576607 0.0213385 
200 0.24 89200000 552.5 28.6678 -45.1818 1.26208 2326.03 118.126 8.04288e+06 783496 -0.00392915 0.00546824 -0.00349768 0.00523836 0.0118434 0.00092186 0.000272211 4.57249e-05 0.0969624 0.00383339 6.30009 0.329088 59.253 18.4837 1305.63 153.659 1371.18 162.916 1371.18 162.916 0.576607 0.0213098 
200 0.24 89600000 552.5 28.543 -45.1818 1.26208 2326.03 118.126 8.04288e+06 783496 -0.00392915 0.0054743 -0.00349768 0.00523836 0.0118434 0.00092186 0.000272211 4.57249e-05 0.0969624 0.00383339 6.30009 0.329088 59.253 18.4065 1305.63 153.659 1371.18 162.916 1371.18 162.916 0.576607 0.0213014 
200 0.24 90000000 552.5 28.4223 -45.1818 1.26208 2326.03 118.126 8.04288e+06 783496 -0.00392915 0.00546392 -0.00349768 0.00523836 0.0118434 0.00092186 0.000272211 4.57249e-05 0.0969624 0.00383339 6.30009 0.329088 59.253 18.3067 1305.63 153.659 1371.18 162.916 1371.18 162.916 0.576607 0.0212254 
200 0.24 90400000 552.5 28.2908 -45.1818 1.26208 2326.03 118.126 8.04288e+06 783496 -0.00392915 0.0054409 -0.00349768 0.00523836 0.0118434 0.00092186 0.000272211 4.57249e-05 0.0969624 0.00383339 6.30009 0.329088 59.253 18.2328 1305.63 153.659 1371.18 162.916 1371.18 162.916 0.576607 0.0211239 
200 0.24 90800000 546.981 28.2162 -45.0482 1.25058 2309.71 117.85 7.93663e+06 779649 -0.00346576 0.0054177 -0.00399925 0.00510207 0.0115476 0.000897166 0.000260448 4.36944e-05 0.0957177 0.00373514 6.19443 0.329088 56.6894 18.1323 1270.77 145.74 1333.65 154.646 1333.65 154.646 0.576732 0.0210645 
200 0.24 91200000 546.981 28.1167 -45.0482 1.25058 2309.71 117.85 7.93663e+06 779649 -0.00346576 0.00540076 -0.00399925 0.00507962 0.0115476 0.000897166 0.000260448 4.36944e-05 0.0957177 0.00373514 6.19443 0.329088 56.6894 18.0599 1270.77 145.74 1333.65 154.646 1333.65 154.646 0.576732 0.0210232 
200 0.24 91600000 546.981 27.9895 -45.0482 1.25058 2309.71 117.85 7.93663e+06 779649 -0.00346576 0.00539236 -0.00399925 0.00505811 0.0115476 0.000897166 0.000260448 4.36944e-05 0.0957177 0.00373514 6.19443 0.329088 56.6894 17.962 1270.77 145.74 1333.65 154.646 1333.65 154.646 0.576732 0.0209257 
200 0.24 92000000 546.981 27.9071 -45.0482 1.25058 2309.71 117.85 7.93663e+06 779649 -0.00346576 0.00536752 -0.00399925 0.00504672 0.0115476 0.000897166 0.000260448 4.36944e-05 0.0957177 0.00373514 6.19443 0.329088 56.6894 17.8926 1270.77 145.74 1333.65 154.646 1333.65 154.646 0.576732 0.0208266 
200 0.24 92400000 546.981 28.0335 -45.0482 1.25058 2309.71 117.85 7.93663e+06 779649 -0.00346576 0.00534537 -0.00399925 0.00504672 0.0115476 0.000897166 0.000260448 4.36944e-05 0.0957177 0.00373514 6.19443 0.329088 56.6894 17.7943 1270.77 145.74 1333.65 154.646 1333.65 154.646 0.576732 0.020729 
200 0.24 92800000 546.981 27.9584 -45.0482 1.25058 2309.71 117.85 7.93663e+06 779649 -0.00346576 0.00532412 -0.00399925 0.00504672 0.0115476 0.000897166 0.000260448 4.36944e-05 0.0957177 0.00373514 6.19443 0.329088 56.6894 17.7271 1270.77 145.74 1333.65 154.646 1333.65 154.646 0.576732 0.0206879 
200 0.24 93200000 546.981 27.8431 -45.0482 1.25058 2309.71 117.85 7.93663e+06 779649 -0.00346576 0.005338 -0.00399925 0.00504672 0.0115476 0.000897166 0.000260448 4.36944e-05 0.0957177 0.00373514 6.19443 0.329088 56.6894 17.63 1270.77 145.74 1333.65 154.646 1333.65 154.646 0.576732 0.0206188 
200 0.24 93600000 546.981 27.7178 -45.0482 1.25058 2309.71 117.85 7.93663e+06 779649 -0.00346576 0.00534028 -0.00399925 0.00504672 0.0115476 0.000897166 0.000260448 4.36944e-05 0.0957177 0.00373514 6.19443 0.329088 56.6894 17.5656 1270.77 145.74 1333.65 154.646 1333.65 154.646 0.576732 0.0205267 
200 0.24 94000000 546.981 27.5896 -45.0482 1.23474 2309.71 116.666 7.93663e+06 771252 -0.00346576 0.00532072 -0.00399925 0.00500146 0.0115476 0.000897166 0.000260448 4.36944e-05 0.0957177 0.00373514 6.19443 0.329088 56.6894 17.4696 1270.77 145.74 1333.65 154.646 1333.65 154.646 0.576732 0.0204341 
200 0.24 94400000 546.981 27.5228 -45.0482 1.23474 2309.71 116.666 7.93663e+06 771252 -0.00346576 0.00530815 -0.00399925 0.00499916 0.0115476 0.000897166 0.000260448 4.36944e-05 0.0957177 0.00373514 6.19443 0.329088 56.6894 18.7767 1270.77 145.74 1333.65 154.646 1333.65 154.646 0.576732 0.0203407 
200 0.24 94800000 546.981 27.4208 -45.0482 1.23474 2309.71 116.666 7.93663e+06 771252 -0.00346576 0.00531614 -0.00399925 0.00498722 0.0115476 0.000897166 0.000260448 4.36944e-05 0.0957177 0.00373514 6.19443 0.329088 56.6894 18.6906 1270.77 145.74 1333.65 154.646 1333.65 154.646 0.576732 0.0203268 
200 0.24 95200000 546.981 27.8713 -45.0482 1.23474 2309.71 116.666 7.93663e+06 771252 -0.00346576 0.00531394 -0.00399925 0.00497292 0.0115476 0.000897166 0.000260448 4.36944e-05 0.0957177 0.00373514 6.19443 0.329088 56.6894 18.6235 1270.77 145.74 1333.65 154.646 1333.65 154.646 0.576732 0.0202557 
200 0.24 95600000 546.981 27.8676 -45.0482 1.23474 2309.71 116.666 7.93663e+06 771252 -0.00346576 0.0052898 -0.00399925 0.00495036 0.0115476 0.000897166 0.000260448 4.36944e-05 0.0957177 0.00373514 6.19443 0.329088 56.6894 18.5233 1270.77 145.74 1333.65 154.646 1333.65 154.646 0.576732 0.0202136 
200 0.24 96000000 546.981 27.8676 -45.0482 1.23474 2309.71 116.666 7.93663e+06 771252 -0.00346576 0.00528212 -0.00399925 0.00492804 0.0115476 0.000897166 0.000260448 4.36944e-05 0.0957177 0.00373514 6.19443 0.329088 56.6894 21.2758 1270.77 145.74 1333.65 154.646 1333.65 154.646 0.576732 0.0201597 
200 0.24 96400000 546.981 27.8676 -45.0482 1.23474 2309.71 116.666 7.93663e+06 771252 -0.00346576 0.00525929 -0.00399925 0.00494577 0.0115476 0.000897166 0.000260448 4.36944e-05 0.0957177 0.00373514 6.19443 0.329088 56.6894 21.1811 1270.77 145.74 1333.65 154.646 1333.65 154.646 0.576732 0.0200771 
200 0.24 96800000 546.981 27.8676 -45.0482 1.23474 2309.71 116.666 7.93663e+06 771252 -0.00346576 0.00523748 -0.00399925 0.00492652 0.0115476 0.000897166 0.000260448 4.36944e-05 0.0957177 0.00373514 6.19443 0.329088 56.6894 21.1748 1270.77 145.74 1333.65 154.646 1333.65 154.646 0.576732 0.0199871 
200 0.24 97200000 554.652 27.5472 -45.4236 1.1945 2343.38 112.659 8.12034e+06 743717 -0.00590467 0.00522475 -0.00232087 0.00490501 0.0115442 0.000833089 0.000258182 4.06321e-05 0.0957384 0.0034684 6.31592 0.342227 73.7883 24.3405 1271.74 135.333 1351.85 146.723 1351.85 146.723 0.574373 0.0199022 
200 0.24 97600000 554.652 27.5472 -45.4236 1.1945 2343.38 112.659 8.12034e+06 743717 -0.00590467 0.00520246 -0.00232087 0.00489034 0.0115442 0.000833089 0.000258182 4.06321e-05 0.0957384 0.0034684 6.31592 0.342227 73.7883 24.3405 1271.74 135.333 1351.85 146.723 1351.85 146.723 0.574373 0.0198615 
200 0.24 98000000 554.652 27.5472 -45.4236 1.1945 2343.38 112.659 8.12034e+06 743717 -0.00590467 0.00518494 -0.00232087 0.00487446 0.0115442 0.000833089 0.000258182 4.06321e-05 0.0957384 0.0034684 6.31592 0.342227 73.7883 24.3405 1271.74 135.333 1351.85 146.723 1351.85 146.723 0.574373 0.0197802 
200 0.24 98400000 554.652 27.5472 -45.4236 1.1945 2343.38 112.659 8.12034e+06 743717 -0.00590467 0.00516298 -0.00232087 0.00485413 0.0115442 0.000833089 0.000258182 4.06321e-05 0.0957384 0.0034684 6.31592 0.342227 73.7883 24.3405 1271.74 135.333 1351.85 146.723 1351.85 146.723 0.574373 0.019696 
200 0.24 98800000 554.652 27.1896 -45.4236 1.1945 2343.38 112.659 8.12034e+06 743717 -0.00590467 0.00514409 -0.00232087 0.00485232 0.0115442 0.000833089 0.000258182 4.06321e-05 0.0957384 0.0034684 6.31592 0.342227 73.7883 24.3405 1271.74 135.333 1351.85 146.723 1351.85 146.723 0.574373 0.0196902 
200 0.24 99200000 554.652 27.1896 -45.4236 1.1945 2343.38 112.659 8.12034e+06 743717 -0.00590467 0.005122 -0.00232087 0.00485232 0.0115442 0.000833089 0.000258182 4.06321e-05 0.0957384 0.0034684 6.31592 0.342227 73.7883 24.3405 1271.74 135.333 1351.85 146.723 1351.85 146.723 0.574373 0.0196721 
200 0.24 99600000 554.652 27.1896 -45.4236 1.1945 2343.38 112.659 8.12034e+06 743717 -0.00590467 0.00510884 -0.00232087 0.00485232 0.0115442 0.000833089 0.000258182 4.06321e-05 0.0957384 0.0034684 6.31592 0.342227 73.7883 24.3405 1271.74 135.333 1351.85 146.723 1351.85 146.723 0.574373 0.01966 
200 0.24 100000000 554.652 27.1896 -45.4236 1.1945 2343.38 112.659 8.12034e+06 743717 -0.00590467 0.00509069 -0.00232087 0.00485232 0.0115442 0.000833089 0.000258182 4.06321e-05 0.0957384 0.0034684 6.31592 0.342227 73.7883 24.3405 1271.74 135.333 1351.85 146.723 1351.85 146.723 0.574373 0.0195947 
200 0.24 100400000 554.652 26.7334 -45.4236 1.20734 2343.38 113.792 8.12034e+06 742209 -0.00590467 0.00506969 -0.00232087 0.00481413 0.0115442 0.000833089 0.000258182 4.06321e-05 0.0957384 0.0034684 6.31592 0.331735 73.7883 23.555 1271.74 135.333 1351.85 144.666 1351.85 144.666 0.574373 0.0195258 
200 0.24 100800000 554.652 26.7334 -45.4236 1.20734 2343.38 113.792 8.12034e+06 742209 -0.00590467 0.00504983 -0.00232087 0.00481413 0.0115442 0.000833089 0.000258182 4.06321e-05 0.0957384 0.0034684 6.31592 0.331735 73.7883 23.555 1271.74 135.333 1351.85 144.666 1351.85 144.666 0.574373 0.0195075 
200 0.24 101200000 554.652 26.8855 -45.4236 1.20734 2343.38 113.792 8.12034e+06 742209 -0.00590467 0.00503021 -0.00232087 0.00481413 0.0115442 0.000833089 0.000258182 4.06321e-05 0.0957384 0.0034684 6.31592 0.331735 73.7883 23.555 1271.74 135.333 1351.85 144.666 1351.85 144.666 0.574373 0.0194459 
200 0.24 101600000 554.652 26.8138 -45.4236 1.20734 2343.38 113.792 8.12034e+06 742209 -0.00590467 0.00500881 -0.00232087 0.00481413 0.0115442 0.000833089 0.000258182 4.06321e-05 0.0957384 0.0034684 6.31592 0.331735 73.7883 23.555 1271.74 135.333 1351.85 144.666 1351.85 144.666 0.574373 0.0194036 
200 0.24 102000000 554.652 27.0838 -45.4236 1.20734 2343.38 113.792 8.12034e+06 742209 -0.00590467 0.00498859 -0.00232087 0.00481413 0.0115442 0.000833089 0.000258182 4.06321e-05 0.0957384 0.0034684 6.31592 0.331735 73.7883 23.555 1271.74 135.333 1351.85 144.666 1351.85 144.666 0.574373 0.0193785 
200 0.24 102400000 554.652 27.0838 -45.4236 1.20734 2343.38 113.792 8.12034e+06 742209 -0.00590467 0.00497125 -0.00232087 0.00481413 0.0115442 0.000833089 0.000258182 4.06321e-05 0.0957384 0.0034684 6.31592 0.331735 73.7883 23.555 1271.74 135.333 1351.85 144.666 1351.85 144.666 0.574373 0.0192983 
200 0.24 102800000 554.652 27.0838 -45.4236 1.20734 2343.38 113.792 8.12034e+06 742209 -0.00590467 0.00495141 -0.00232087 0.00481413 0.0115442 0.000833089 0.000258182 4.06321e-05 0.0957384 0.0034684 6.31592 0.331735 73.7883 23.555 1271.74 135.333 1351.85 144.666 1351.85 144.666 0.574373 0.0192753 
200 0.24 103200000 554.652 27.0838 -45.4236 1.20734 2343.38 113.792 8.12034e+06 742209 -0.00590467 0.00493072 -0.00232087 0.00481413 0.0115442 0.000833089 0.000258182 4.06321e-05 0.0957384 0.0034684 6.31592 0.331735 73.7883 23.555 1271.74 135.333 1351.85 144.666 1351.85 144.666 0.574373 0.0191952 
200 0.24 103600000 558.592 26.6459 -45.1359 1.16947 2311.81 110.025 7.89678e+06 718180 -0.00617375 0.0049157 -0.00272534 0.00489124 0.0112687 0.000821844 0.000249925 3.87531e-05 0.0942261 0.0035516 6.31253 0.32235 70.8681 22.8057 1305.6 130.478 1382.78 138.654 1382.78 138.654 0.582549 0.0191907 
200 0.24 104000000 558.592 26.6459 -45.1359 1.16947 2311.81 110.025 7.89678e+06 718180 -0.00617375 0.00489649 -0.00272534 0.00489124 0.0112687 0.000821844 0.000249925 3.87531e-05 0.0942261 0.0035516 6.31253 0.32235 70.8681 22.8057 1305.6 130.478 1382.78 138.654 1382.78 138.654 0.582549 0.0191806 
200 0.24 104400000 558.592 26.6459 -45.1359 1.16947 2311.81 110.025 7.89678e+06 718180 -0.00617375 0.00489071 -0.00272534 0.00489124 0.0112687 0.000821844 0.000249925 3.87531e-05 0.0942261 0.0035516 6.31253 0.32235 70.8681 22.8057 1305.6 130.478 1382.78 138.654 1382.78 138.654 0.582549 0.0191436 
200 0.24 104800000 558.592 26.6459 -45.1359 1.16947 2311.81 110.025 7.89678e+06 718180 -0.00617375 0.00487238 -0.00272534 0.00489124 0.0112687 0.000821844 0.000249925 3.87531e-05 0.0942261 0.0035516 6.31253 0.32235 70.8681 22.8057 1305.6 130.478 1382.78 138.654 1382.78 138.654 0.582549 0.0191255 
200 0.24 105200000 558.592 26.2747 -45.1359 1.16947 2311.81 110.025 7.89678e+06 718180 -0.00617375 0.00486495 -0.00272534 0.00489124 0.0112687 0.000821844 0.000249925 3.87531e-05 0.0942261 0.0035516 6.31253 0.32235 70.8681 22.8057 1305.6 130.478 1382.78 138.654 1382.78 138.654 0.582549 0.019119 
200 0.24 105600000 558.592 26.2747 -45.1359 1.16947 2311.81 110.025 7.89678e+06 718180 -0.00617375 0.00484721 -0.00272534 0.00489124 0.0112687 0.000821844 0.000249925 3.87531e-05 0.0942261 0.0035516 6.31253 0.32235 70.8681 22.8057 1305.6 130.478 1382.78 138.654 1382.78 138.654 0.582549 0.0190907 
200 0.24 106000000 558.592 26.3677 -45.1359 1.16947 2311.81 110.025 7.89678e+06 718180 -0.00617375 0.00483309 -0.00272534 0.00489124 0.0112687 0.000821844 0.000249925 3.87531e-05 0.0942261 0.0035516 6.31253 0.32235 70.8681 22.8057 1305.6 130.478 1382.78 138.654 1382.78 138.654 0.582549 0.0190189 
200 0.24 106400000 558.592 26.2747 -45.1359 1.16947 2311.81 110.025 7.89678e+06 718180 -0.00617375 0.00481368 -0.00272534 0.00489124 0.0112687 0.000821844 0.000249925 3.87531e-05 0.0942261 0.0035516 6.31253 0.32235 70.8681 22.8057 1305.6 130.478 1382.78 138.654 1382.78 138.654 0.582549 0.0190247 
200 0.24 106800000 558.592 26.1577 -45.1359 1.13235 2311.81 106.482 7.89678e+06 695440 -0.00617375 0.00480595 -0.00272534 0.00491943 0.0112687 0.000821844 0.000249925 3.87531e-05 0.0942261 0.0035516 6.31253 0.313342 70.8681 22.1244 1305.6 130.478 1382.78 138.29 1382.78 138.29 0.582549 0.0189486 
200 0.24 107200000 558.592 26.111 -45.1359 1.13235 2311.81 106.482 7.89678e+06 695440 -0.00617375 0.00478783 -0.00272534 0.00491943 0.0112687 0.000821844 0.000249925 3.87531e-05 0.0942261 0.0035516 6.31253 0.313342 70.8681 22.1244 1305.6 130.478 1382.78 138.29 1382.78 138.29 0.582549 0.0189359 
200 0.24 107600000 558.592 26.111 -45.1359 1.13235 2311.81 106.482 7.89678e+06 695440 -0.00617375 0.00477451 -0.00272534 0.00491943 0.0112687 0.000821844 0.000249925 3.87531e-05 0.0942261 0.0035516 6.31253 0.313342 70.8681 22.1244 1305.6 130.478 1382.78 138.29 1382.78 138.29 0.582549 0.018889 
200 0.24 108000000 558.592 26.111 -45.1359 1.13235 2311.81 106.482 7.89678e+06 695440 -0.00617375 0.00475609 -0.00272534 0.00491943 0.0112687 0.000821844 0.000249925 3.87531e-05 0.0942261 0.0035516 6.31253 0.313342 70.8681 22.1244 1305.6 130.478 1382.78 138.29 1382.78 138.29 0.582549 0.0188817 
200 0.24 108400000 558.592 25.8841 -45.1359 1.13235 2311.81 106.482 7.89678e+06 695440 -0.00617375 0.00473722 -0.00272534 0.00491943 0.0112687 0.000821844 0.000249925 3.87531e-05 0.0942261 0.0035516 6.31253 0.313342 70.8681 22.1244 1305.6 130.478 1382.78 138.29 1382.78 138.29 0.582549 0.0189063 
200 0.24 108800000 558.592 25.86 -45.1359 1.13235 2311.81 106.482 7.89678e+06 695440 -0.00617375 0.00472106 -0.00272534 0.00491943 0.0112687 0.000821844 0.000249925 3.87531e-05 0.0942261 0.0035516 6.31253 0.313342 70.8681 22.1244 1305.6 130.478 1382.78 138.29 1382.78 138.29 0.582549 0.0188555 
200 0.24 109200000 558.592 25.9124 -45.1359 1.13235 2311.81 106.482 7.89678e+06 695440 -0.00617375 0.00470557 -0.00272534 0.00491943 0.0112687 0.000821844 0.000249925 3.87531e-05 0.0942261 0.0035516 6.31253 0.313342 70.8681 22.1244 1305.6 130.478 1382.78 138.29 1382.78 138.29 0.582549 0.0188379 
200 0.24 109600000 558.592 25.8693 -45.1359 1.13235 2311.81 106.482 7.89678e+06 695440 -0.00617375 0.00469106 -0.00272534 0.00491943 0.0112687 0.000821844 0.000249925 3.87531e-05 0.0942261 0.0035516 6.31253 0.313342 70.8681 22.1244 1305.6 130.478 1382.78 138.29 1382.78 138.29 0.582549 0.0187937 
200 0.24 110000000 557.5 25.8511 -44.7726 1.14279 2283.78 106.499 7.77306e+06 689378 -0.00551603 0.00467287 -0.00503131 0.00485543 0.011148 0.0007793 0.000243784 3.68145e-05 0.0937973 0.00347209 6.29688 0.306853 67.779 21.4847 1336.78 125.994 1410.86 132.466 1410.86 132.466 0.589153 0.0187367 
200 0.24 110400000 557.5 25.7912 -44.7726 1.14279 2283.78 106.499 7.77306e+06 689378 -0.00551603 0.00465504 -0.00503131 0.00485543 0.011148 0.0007793 0.000243784 3.68145e-05 0.0937973 0.00347209 6.29688 0.306853 67.779 21.4847 1336.78 125.994 1410.86 132.466 1410.86 132.466 0.589153 0.0186969 
200 0.24 110800000 557.5 25.6922 -44.7726 1.14279 2283.78 106.499 7.77306e+06 689378 -0.00551603 0.00464711 -0.00503131 0.00485543 0.011148 0.0007793 0.000243784 3.68145e-05 0.0937973 0.00347209 6.29688 0.306853 67.779 21.4847 1336.78 125.994 1410.86 132.466 1410.86 132.466 0.589153 0.0186249 
200 0.24 111200000 557.5 25.5936 -44.7726 1.14279 2283.78 106.499 7.77306e+06 689378 -0.00551603 0.00463011 -0.00503131 0.00485543 0.011148 0.0007793 0.000243784 3.68145e-05 0.0937973 0.00347209 6.29688 0.306853 67.779 21.4847 1336.78 125.994 1410.86 132.466 1410.86 132.466 0.589153 0.0186155 
200 0.24 111600000 557.5 25.4963 -44.7726 1.14279 2283.78 106.499 7.77306e+06 689378 -0.00551603 0.00461234 -0.00503131 0.00485543 0.011148 0.0007793 0.000243784 3.68145e-05 0.0937973 0.00347209 6.29688 0.306853 67.779 21.4847 1336.78 125.994 1410.86 132.466 1410.86 132.466 0.589153 0.0185448 
200 0.24 112000000 557.5 25.423 -44.7726 1.14279 2283.78 106.499 7.77306e+06 689378 -0.00551603 0.00463538 -0.00503131 0.00485543 0.011148 0.0007793 0.000243784 3.68145e-05 0.0937973 0.00347209 6.29688 0.306853 67.779 21.4847 1336.78 125.994 1410.86 132.466 1410.86 132.466 0.589153 0.0184746 
200 0.24 112400000 557.5 25.339 -44.7726 1.14279 2283.78 106.499 7.77306e+06 689378 -0.00551603 0.00462266 -0.00503131 0.00485543 0.011148 0.0007793 0.000243784 3.68145e-05 0.0937973 0.00347209 6.29688 0.306853 67.779 21.4847 1336.78 125.994 1410.86 132.466 1410.86 132.466 0.589153 0.01841 
200 0.24 112800000 557.5 25.297 -44.7726 1.14279 2283.78 106.499 7.77306e+06 689378 -0.00551603 0.00460765 -0.00503131 0.00485543 0.011148 0.0007793 0.000243784 3.68145e-05 0.0937973 0.00347209 6.29688 0.306853 67.779 21.4847 1336.78 125.994 1410.86 132.466 1410.86 132.466 0.589153 0.0183882 
200 0.24 113200000 557.5 25.2294 -44.7726 1.18118 2283.78 110.841 7.77306e+06 712984 -0.00551603 0.00463631 -0.00503131 0.00471361 0.011148 0.0007793 0.000243784 3.68145e-05 0.0937973 0.00347209 6.29688 0.298406 67.779 21.0367 1336.78 125.994 1410.86 132.466 1410.86 132.466 0.589153 0.018377 
200 0.24 113600000 557.5 25.2086 -44.7726 1.18118 2283.78 110.841 7.77306e+06 712984 -0.00551603 0.00462005 -0.00503131 0.00471361 0.011148 0.0007793 0.000243784 3.68145e-05 0.0937973 0.00347209 6.29688 0.298406 67.779 21.0367 1336.78 125.994 1410.86 132.466 1410.86 132.466 0.589153 0.01831 
200 0.24 114000000 557.5 25.2078 -44.7726 1.18118 2283.78 110.841 7.77306e+06 712984 -0.00551603 0.00461545 -0.00503131 0.00471361 0.011148 0.0007793 0.000243784 3.68145e-05 0.0937973 0.00347209 6.29688 0.298406 67.779 21.0367 1336.78 125.994 1410.86 132.466 1410.86 132.466 0.589153 0.0183263 
200 0.24 114400000 557.5 25.2078 -44.7726 1.18118 2283.78 110.841 7.77306e+06 712984 -0.00551603 0.00460217 -0.00503131 0.00471361 0.011148 0.0007793 0.000243784 3.68145e-05 0.0937973 0.00347209 6.29688 0.298406 67.779 21.0367 1336.78 125.994 1410.86 132.466 1410.86 132.466 0.589153 0.0183059 
200 0.24 114800000 557.5 25.2245 -44.7726 1.18118 2283.78 110.841 7.77306e+06 712984 -0.00551603 0.00458756 -0.00503131 0.00471361 0.011148 0.0007793 0.000243784 3.68145e-05 0.0937973 0.00347209 6.29688 0.298406 67.779 21.0367 1336.78 125.994 1410.86 132.466 1410.86 132.466 0.589153 0.0182404 
200 0.24 115200000 557.5 25.1589 -44.7726 1.18118 2283.78 110.841 7.77306e+06 712984 -0.00551603 0.00457052 -0.00503131 0.00471361 0.011148 0.0007793 0.000243784 3.68145e-05 0.0937973 0.00347209 6.29688 0.298406 67.779 21.0367 1336.78 125.994 1410.86 132.466 1410.86 132.466 0.589153 0.0181768 
200 0.24 115600000 557.5 25.0652 -44.7726 1.18118 2283.78 110.841 7.77306e+06 712984 -0.00551603 0.00455815 -0.00503131 0.00471361 0.011148 0.0007793 0.000243784 3.68145e-05 0.0937973 0.00347209 6.29688 0.298406 67.779 21.0367 1336.78 125.994 1410.86 132.466 1410.86 132.466 0.589153 0.0181207 
200 0.24 116000000 557.5 25.0265 -44.7726 1.18118 2283.78 110.841 7.77306e+06 712984 -0.00551603 0.00454703 -0.00503131 0.00471361 0.011148 0.0007793 0.000243784 3.68145e-05 0.0937973 0.00347209 6.29688 0.298406 67.779 21.0367 1336.78 125.994 1410.86 132.466 1410.86 132.466 0.589153 0.0180579 
200 0.24 116400000 552.074 24.8833 -45.0536 1.15405 2314.76 108.022 8.00195e+06 692382 -0.00636409 0.00453307 -0.00435012 0.00459678 0.0113501 0.000759223 0.00025162 3.54731e-05 0.094726 0.00347209 6.36662 0.293287 73.6761 20.6219 1363.24 121.329 1443.28 128.581 1443.28 128.581 0.590526 0.0180457 
200 0.24 116800000 552.074 24.843 -45.0536 1.15405 2314.76 108.022 8.00195e+06 692382 -0.00636409 0.00454257 -0.00435012 0.00459678 0.0113501 0.000759223 0.00025162 3.54731e-05 0.094726 0.00347209 6.36662 0.293287 73.6761 20.6219 1363.24 121.329 1443.28 128.581 1443.28 128.581 0.590526 0.0180366 
200 0.24 117200000 552.074 24.7269 -45.0536 1.15405 2314.76 108.022 8.00195e+06 692382 -0.00636409 0.00453431 -0.00435012 0.00459678 0.0113501 0.000759223 0.00025162 3.54731e-05 0.094726 0.00347209 6.36662 0.293287 73.6761 20.6219 1363.24 121.329 1443.28 128.581 1443.28 128.581 0.590526 0.0179751 
200 0.24 117600000 552.074 24.6776 -45.0536 1.15405 2314.76 108.022 8.00195e+06 692382 -0.00636409 0.0045218 -0.00435012 0.00459678 0.0113501 0.000759223 0.00025162 3.54731e-05 0.094726 0.00347209 6.36662 0.293287 73.6761 20.6219 1363.24 121.329 1443.28 128.581 1443.28 128.581 0.590526 0.0179375 
200 0.24 118000000 552.074 24.5767 -45.0536 1.15405 2314.76 108.022 8.00195e+06 692382 -0.00636409 0.00450571 -0.00435012 0.00459678 0.0113501 0.000759223 0.00025162 3.54731e-05 0.094726 0.00347209 6.36662 0.293287 73.6761 20.6219 1363.24 121.329 1443.28 128.581 1443.28 128.581 0.590526 0.0178742 
200 0.24 118400000 552.074 24.5466 -45.0536 1.15405 2314.76 108.022 8.00195e+06 692382 -0.00636409 0.00449238 -0.00435012 0.00459678 0.0113501 0.000759223 0.00025162 3.54731e-05 0.094726 0.00347209 6.36662 0.293287 73.6761 20.6219 1363.24 121.329 1443.28 128.581 1443.28 128.581 0.590526 0.017865 
200 0.24 118800000 552.074 24.6034 -45.0536 1.15405 2314.76 108.022 8.00195e+06 692382 -0.00636409 0.0044768 -0.00435012 0.00459678 0.0113501 0.000759223 0.00025162 3.54731e-05 0.094726 0.00347209 6.36662 0.293287 73.6761 20.6219 1363.24 121.329 1443.28 128.581 1443.28 128.581 0.590526 0.0178586 
200 0.24 119200000 552.074 24.6034 -45.0536 1.15405 2314.76 108.022 8.00195e+06 692382 -0.00636409 0.00446252 -0.00435012 0.00459678 0.0113501 0.000759223 0.00025162 3.54731e-05 0.094726 0.00347209 6.36662 0.293287 73.6761 20.6219 1363.24 121.329 1443.28 128.581 1443.28 128.581 0.590526 0.0178192 
200 0.24 119600000 552.074 24.6402 -45.0536 1.13423 2314.76 105.742 8.00195e+06 673648 -0.00636409 0.0044475 -0.00435012 0.00451319 0.0113501 0.000759223 0.00025162 3.54731e-05 0.094726 0.00347209 6.36662 0.284945 73.6761 20.0975 1363.24 121.329 1443.28 128.581 1443.28 128.581 0.590526 0.0178376 
200 0.24 120000000 552.074 24.6402 -45.0536 1.13423 2314.76 105.742 8.00195e+06 673648 -0.00636409 0.00443708 -0.00435012 0.00450614 0.0113501 0.000759223 0.00025162 3.54731e-05 0.094726 0.00347209 6.36662 0.284945 73.6761 20.0975 1363.24 121.329 1443.28 128.581 1443.28 128.581 0.590526 0.0178299 
200 0.24 120400000 552.074 24.6402 -45.0536 1.13423 2314.76 105.742 8.00195e+06 673648 -0.00636409 0.00442406 -0.00435012 0.00449016 0.0113501 0.000759223 0.00025162 3.54731e-05 0.094726 0.00347209 6.36662 0.284945 73.6761 20.0975 1363.24 121.329 1443.28 128.581 1443.28 128.581 0.590526 0.0177705 
200 0.24 120800000 552.074 24.6402 -45.0536 1.13423 2314.76 105.742 8.00195e+06 673648 -0.00636409 0.00440971 -0.00435012 0.00447678 0.0113501 0.000759223 0.00025162 3.54731e-05 0.094726 0.00347209 6.36662 0.284945 73.6761 20.0975 1363.24 121.329 1443.28 128.581 1443.28 128.581 0.590526 0.017709 
200 0.24 121200000 552.074 24.3598 -45.0536 1.13423 2314.76 105.742 8.00195e+06 673648 -0.00636409 0.00439426 -0.00435012 0.00446631 0.0113501 0.000759223 0.00025162 3.54731e-05 0.094726 0.00347209 6.36662 0.284945 73.6761 20.0975 1363.24 121.329 1443.28 128.581 1443.28 128.581 0.590526 0.0176545 
200 0.24 121600000 552.074 24.3598 -45.0536 1.13423 2314.76 105.742 8.00195e+06 673648 -0.00636409 0.00439144 -0.00435012 0.00446576 0.0113501 0.000759223 0.00025162 3.54731e-05 0.094726 0.00347209 6.36662 0.284945 73.6761 20.0975 1363.24 121.329 1443.28 128.581 1443.28 128.581 0.590526 0.0176284 
200 0.24 122000000 552.074 24.3598 -45.0536 1.13423 2314.76 105.742 8.00195e+06 673648 -0.00636409 0.00437677 -0.00435012 0.00446576 0.0113501 0.000759223 0.00025162 3.54731e-05 0.094726 0.00347209 6.36662 0.284945 73.6761 20.0975 1363.24 121.329 1443.28 128.581 1443.28 128.581 0.590526 0.0176201 
200 0.24 122400000 552.074 24.3598 -45.0536 1.13423 2314.76 105.742 8.00195e+06 673648 -0.00636409 0.00436156 -0.00435012 0.00446576 0.0113501 0.000759223 0.00025162 3.54731e-05 0.094726 0.00347209 6.36662 0.284945 73.6761 20.0975 1363.24 121.329 1443.28 128.581 1443.28 128.581 0.590526 0.0175619 
200 0.24 122800000 544.069 24.1053 -44.8381 1.10345 2301.84 102.806 8.01106e+06 656590 -0.00690082 0.00434673 -0.00404612 0.00441964 0.011131 0.000747983 0.000244074 3.42957e-05 0.0935846 0.00329398 6.31792 0.280405 70.5162 19.5969 1341.73 116.48 1418.56 123.791 1418.56 123.791 0.589612 0.0175154 
200 0.24 123200000 544.069 24.1053 -44.8381 1.10345 2301.84 102.806 8.01106e+06 656590 -0.00690082 0.00433169 -0.00404612 0.00441063 0.011131 0.000747983 0.000244074 3.42957e-05 0.0935846 0.00329398 6.31792 0.280405 70.5162 19.5969 1341.73 116.48 1418.56 123.791 1418.56 123.791 0.589612 0.017472 
200 0.24 123600000 544.069 24.1053 -44.8381 1.10345 2301.84 102.806 8.01106e+06 656590 -0.00690082 0.00432369 -0.00404612 0.00440722 0.011131 0.000747983 0.000244074 3.42957e-05 0.0935846 0.00329398 6.31792 0.280405 70.5162 19.5969 1341.73 116.48 1418.56 123.791 1418.56 123.791 0.589612 0.017472 
200 0.24 124000000 544.069 24.1053 -44.8381 1.10345 2301.84 102.806 8.01106e+06 656590 -0.00690082 0.00431164 -0.00404612 0.00439458 0.011131 0.000747983 0.000244074 3.42957e-05 0.0935846 0.00329398 6.31792 0.280405 70.5162 19.5969 1341.73 116.48 1418.56 123.791 1418.56 123.791 0.589612 0.0174658 
200 0.24 124400000 544.069 23.8454 -44.8381 1.10345 2301.84 102.806 8.01106e+06 656590 -0.00690082 0.00429939 -0.00404612 0.00438669 0.011131 0.000747983 0.000244074 3.42957e-05 0.0935846 0.00329398 6.31792 0.280405 70.5162 19.5969 1341.73 116.48 1418.56 123.791 1418.56 123.791 0.589612 0.017463 
200 0.24 124800000 544.069 23.8454 -44.8381 1.10345 2301.84 102.806 8.01106e+06 656590 -0.00690082 0.00428517 -0.00404612 0.00437998 0.011131 0.000747983 0.000244074 3.42957e-05 0.0935846 0.00329398 6.31792 0.280405 70.5162 19.5969 1341.73 116.48 1418.56 123.791 1418.56 123.791 0.589612 0.0174521 
200 0.24 125200000 544.069 23.8454 -44.8381 1.10345 2301.84 102.806 8.01106e+06 656590 -0.00690082 0.00427134 -0.00404612 0.00436557 0.011131 0.000747983 0.000244074 3.42957e-05 0.0935846 0.00329398 6.31792 0.280405 70.5162 19.5969 1341.73 116.48 1418.56 123.791 1418.56 123.791 0.589612 0.0174464 
200 0.24 125600000 544.069 23.8454 -44.8381 1.10345 2301.84 102.806 8.01106e+06 656590 -0.00690082 0.00426245 -0.00404612 0.00435519 0.011131 0.000747983 0.000244074 3.42957e-05 0.0935846 0.00329398 6.31792 0.280405 70.5162 19.5969 1341.73 116.48 1418.56 123.791 1418.56 123.791 0.589612 0.0174208 
200 0.24 126000000 544.069 24.1393 -44.8381 1.07363 2301.84 100.045 8.01106e+06 640066 -0.00690082 0.0042509 -0.00404612 0.00434748 0.011131 0.000747983 0.000244074 3.42957e-05 0.0935846 0.00329398 6.31792 0.274863 70.5162 19.1228 1341.73 116.48 1418.56 123.791 1418.56 123.791 0.589612 0.0173709 
200 0.24 126400000 544.069 24.1393 -44.8381 1.07363 2301.84 100.045 8.01106e+06 640066 -0.00690082 0.00423683 -0.00404612 0.00433287 0.011131 0.000747983 0.000244074 3.42957e-05 0.0935846 0.00329398 6.31792 0.274863 70.5162 19.1228 1341.73 116.48 1418.56 123.791 1418.56 123.791 0.589612 0.017353 
200 0.24 126800000 544.069 24.1393 -44.8381 1.07363 2301.84 100.045 8.01106e+06 640066 -0.00690082 0.00422292 -0.00404612 0.00432048 0.011131 0.000747983 0.000244074 3.42957e-05 0.0935846 0.00329398 6.31792 0.274863 70.5162 19.1228 1341.73 116.48 1418.56 123.791 1418.56 123.791 0.589612 0.0173401 
200 0.24 127200000 544.069 24.1393 -44.8381 1.07363 2301.84 100.045 8.01106e+06 640066 -0.00690082 0.00421065 -0.00404612 0.00431617 0.011131 0.000747983 0.000244074 3.42957e-05 0.0935846 0.00329398 6.31792 0.274863 70.5162 19.1228 1341.73 116.48 1418.56 123.791 1418.56 123.791 0.589612 0.0172991 
200 0.24 127600000 544.069 23.8312 -44.8381 1.07363 2301.84 100.045 8.01106e+06 640066 -0.00690082 0.00421134 -0.00404612 0.00430858 0.011131 0.000747983 0.000244074 3.42957e-05 0.0935846 0.00329398 6.31792 0.274863 70.5162 19.1228 1341.73 116.48 1418.56 123.791 1418.56 123.791 0.589612 0.0172888 
200 0.24 128000000 544.069 23.8312 -44.8381 1.07363 2301.84 100.045 8.01106e+06 640066 -0.00690082 0.00419836 -0.00404612 0.00430742 0.011131 0.000747983 0.000244074 3.42957e-05 0.0935846 0.00329398 6.31792 0.274863 70.5162 19.1228 1341.73 116.48 1418.56 123.791 1418.56 123.791 0.589612 0.0172772 
200 0.24 128400000 544.069 23.8312 -44.8381 1.07363 2301.84 100.045 8.01106e+06 640066 -0.00690082 0.00418629 -0.00404612 0.00429467 0.011131 0.000747983 0.000244074 3.42957e-05 0.0935846 0.00329398 6.31792 0.274863 70.5162 19.1228 1341.73 116.48 1418.56 123.791 1418.56 123.791 0.589612 0.0172624 
200 0.24 128800000 544.069 23.8312 -44.8381 1.07363 2301.84 100.045 8.01106e+06 640066 -0.00690082 0.00417667 -0.00404612 0.00428059 0.011131 0.000747983 0.000244074 3.42957e-05 0.0935846 0.00329398 6.31792 0.274863 70.5162 19.1228 1341.73 116.48 1418.56 123.791 1418.56 123.791 0.589612 0.0172149 
200 0.24 129200000 538.52 23.6554 -44.8347 1.04539 2295.54 97.5079 7.91876e+06 625350 -0.00667011 0.00417126 -0.00451594 0.00427139 0.0109007 0.00074323 0.00023464 3.37633e-05 0.0926933 0.00323896 6.29543 0.267865 67.8578 18.656 1352.53 110.956 1426.68 117.542 1426.68 117.542 0.589973 0.0171809 
200 0.24 129600000 538.52 23.6554 -44.8347 1.04539 2295.54 97.5079 7.91876e+06 625350 -0.00667011 0.00415973 -0.00451594 0.00425848 0.0109007 0.00074323 0.00023464 3.37633e-05 0.0926933 0.00323896 6.29543 0.267865 67.8578 18.656 1352.53 110.849 1426.68 117.542 1426.68 117.542 0.589973 0.0171292 
200 0.24 130000000 538.52 23.6554 -44.8347 1.04539 2295.54 97.5079 7.91876e+06 625350 -0.00667011 0.00414705 -0.00451594 0.00425328 0.0109007 0.00074323 0.00023464 3.37633e-05 0.0926933 0.00323896 6.29543 0.267865 67.8578 18.656 1352.53 110.849 1426.68 117.542 1426.68 117.542 0.589973 0.0170818 
200 0.24 130400000 538.52 23.6554 -44.8347 1.04539 2295.54 97.5079 7.91876e+06 625350 -0.00667011 0.00413719 -0.00451594 0.00423998 0.0109007 0.00074323 0.00023464 3.37633e-05 0.0926933 0.00323896 6.29543 0.267865 67.8578 18.656 1352.53 110.849 1426.68 117.542 1426.68 117.542 0.589973 0.0170434 
200 0.24 130800000 538.52 23.4911 -44.8347 1.04539 2295.54 97.5079 7.91876e+06 625350 -0.00667011 0.00413009 -0.00451594 0.00422749 0.0109007 0.00074323 0.00023464 3.37633e-05 0.0926933 0.00323896 6.29543 0.267865 67.8578 18.656 1352.53 110.849 1426.68 117.542 1426.68 117.542 0.589973 0.0169952 
200 0.24 131200000 538.52 23.4911 -44.8347 1.04539 2295.54 97.5079 7.91876e+06 625350 -0.00667011 0.00413108 -0.00451594 0.00421602 0.0109007 0.00074323 0.00023464 3.37633e-05 0.0926933 0.00323896 6.29543 0.267865 67.8578 18.656 1352.53 110.849 1426.68 117.542 1426.68 117.542 0.589973 0.0169486 
200 0.24 131600000 538.52 23.4911 -44.8347 1.04539 2295.54 97.5079 7.91876e+06 625350 -0.00667011 0.00412099 -0.00451594 0.00420678 0.0109007 0.00074323 0.00023464 3.37633e-05 0.0926933 0.00323896 6.29543 0.267865 67.8578 18.656 1352.53 110.849 1426.68 117.542 1426.68 117.542 0.589973 0.016943 
200 0.24 132000000 538.52 23.4911 -44.8347 1.04539 2295.54 97.5079 7.91876e+06 625350 -0.00667011 0.00411076 -0.00451594 0.00419327 0.0109007 0.00074323 0.00023464 3.37633e-05 0.0926933 0.00323896 6.29543 0.267865 67.8578 18.656 1352.53 110.849 1426.68 117.542 1426.68 117.542 0.589973 0.0168946 
200 0.24 132400000 538.52 23.1908 -44.8347 1.02039 2295.54 95.6165 7.91876e+06 617178 -0.00667011 0.00411569 -0.00451594 0.00418267 0.0109007 0.00074323 0.00023464 3.37633e-05 0.0926933 0.00323896 6.29543 0.261036 67.8578 18.212 1352.53 110.849 1426.68 117.542 1426.68 117.542 0.589973 0.0168406 
200 0.24 132800000 538.52 23.1908 -44.8347 1.02039 2295.54 95.6165 7.91876e+06 617178 -0.00667011 0.00410265 -0.00451594 0.00417485 0.0109007 0.00074323 0.00023464 3.37633e-05 0.0926933 0.00323896 6.29543 0.261036 67.8578 18.212 1352.53 110.849 1426.68 117.542 1426.68 117.542 0.589973 0.0168091 
200 0.24 133200000 538.52 23.1908 -44.8347 1.02039 2295.54 95.6165 7.91876e+06 617178 -0.00667011 0.00409424 -0.00451594 0.00418415 0.0109007 0.00074323 0.00023464 3.37633e-05 0.0926933 0.00323896 6.29543 0.261036 67.8578 18.212 1352.53 110.849 1426.68 117.542 1426.68 117.542 0.589973 0.0168021 
200 0.24 133600000 538.52 23.1908 -44.8347 1.02039 2295.54 95.6165 7.91876e+06 617178 -0.00667011 0.00408576 -0.00451594 0.00418453 0.0109007 0.00074323 0.00023464 3.37633e-05 0.0926933 0.00323896 6.29543 0.261036 67.8578 18.212 1352.53 110.849 1426.68 117.542 1426.68 117.542 0.589973 0.0168071 
200 0.24 134000000 538.52 22.8974 -44.8347 1.02039 2295.54 95.6165 7.91876e+06 617178 -0.00667011 0.00409021 -0.00451594 0.00417313 0.0109007 0.00074323 0.00023464 3.37633e-05 0.0926933 0.00323896 6.29543 0.261036 67.8578 18.212 1352.53 110.849 1426.68 117.542 1426.68 117.542 0.589973 0.0167561 
200 0.24 134400000 538.52 22.9175 -44.8347 1.02039 2295.54 95.6165 7.91876e+06 617178 -0.00667011 0.00408203 -0.00451594 0.00417181 0.0109007 0.00074323 0.00023464 3.37633e-05 0.0926933 0.00323896 6.29543 0.261036 67.8578 18.212 1352.53 110.849 1426.68 117.542 1426.68 117.542 0.589973 0.016746 
200 0.24 134800000 538.52 23.4157 -44.8347 1.02039 2295.54 95.6165 7.91876e+06 617178 -0.00667011 0.00407281 -0.00451594 0.00417637 0.0109007 0.00074323 0.00023464 3.37633e-05 0.0926933 0.00323896 6.29543 0.261036 67.8578 18.212 1352.53 110.849 1426.68 117.542 1426.68 117.542 0.589973 0.0167054 
200 0.24 135200000 538.52 23.4157 -44.8347 1.02039 2295.54 95.6165 7.91876e+06 617178 -0.00667011 0.00408199 -0.00451594 0.00416768 0.0109007 0.00074323 0.00023464 3.37633e-05 0.0926933 0.00323896 6.29543 0.261036 67.8578 18.212 1352.53 110.849 1426.68 117.542 1426.68 117.542 0.589973 0.0166654 
200 0.24 135600000 549.288 23.9794 -44.8694 0.999398 2290.93 93.4337 7.81449e+06 601767 -0.00622806 0.00409372 -0.00441565 0.00415801 0.0109535 0.000707941 0.000233538 3.20931e-05 0.0931416 0.00310789 6.35385 0.262006 65.6116 17.7907 1329.18 107.738 1401.14 114.407 1401.14 114.407 0.592267 0.0166135 
200 0.24 136000000 549.288 23.9794 -44.8694 0.999398 2290.93 93.4337 7.81449e+06 601767 -0.00622806 0.00408142 -0.00441565 0.00414743 0.0109535 0.000707941 0.000233538 3.20931e-05 0.0931416 0.00310789 6.35385 0.262006 65.6116 17.7907 1329.18 107.738 1401.14 114.407 1401.14 114.407 0.592267 0.0165682 
200 0.24 136400000 549.288 23.9794 -44.8694 0.999398 2290.93 93.4337 7.81449e+06 601767 -0.00622806 0.00406989 -0.00441565 0.00414333 0.0109535 0.000707941 0.000233538 3.20931e-05 0.0931416 0.00310789 6.35385 0.262006 65.6116 17.7907 1329.18 107.738 1401.14 114.407 1401.14 114.407 0.592267 0.0165172 
200 0.24 136800000 549.288 23.9794 -44.8694 0.999398 2290.93 93.4337 7.81449e+06 601767 -0.00622806 0.00406126 -0.00441565 0.0041305 0.0109535 0.000707941 0.000233538 3.20931e-05 0.0931416 0.00310789 6.35385 0.262006 65.6116 17.7907 1329.18 107.738 1401.14 114.407 1401.14 114.407 0.592267 0.0164899 
200 0.24 137200000 549.288 23.808 -44.8694 0.999398 2290.93 93.4337 7.81449e+06 601767 -0.00622806 0.00404923 -0.00441565 0.00416119 0.0109535 0.000707941 0.000233538 3.20931e-05 0.0931416 0.00310789 6.35385 0.262006 65.6116 17.7907 1329.18 107.738 1401.14 114.407 1401.14 114.407 0.592267 0.0164671 
200 0.24 137600000 549.288 23.808 -44.8694 0.999398 2290.93 93.4337 7.81449e+06 601767 -0.00622806 0.0040378 -0.00441565 0.00415213 0.0109535 0.000707941 0.000233538 3.20931e-05 0.0931416 0.00310789 6.35385 0.262006 65.6116 17.7907 1329.18 107.738 1401.14 114.407 1401.14 114.407 0.592267 0.0164683 
200 0.24 138000000 549.288 23.808 -44.8694 0.999398 2290.93 93.4337 7.81449e+06 601767 -0.00622806 0.00402999 -0.00441565 0.00414143 0.0109535 0.000707941 0.000233538 3.20931e-05 0.0931416 0.00310789 6.35385 0.262006 65.6116 17.7907 1329.18 107.738 1401.14 114.407 1401.14 114.407 0.592267 0.0164182 
200 0.24 138400000 549.288 23.808 -44.8694 0.999398 2290.93 93.4337 7.81449e+06 601767 -0.00622806 0.00401854 -0.00441565 0.00413321 0.0109535 0.000707941 0.000233538 3.20931e-05 0.0931416 0.00310789 6.35385 0.262006 65.6116 17.7907 1329.18 107.738 1401.14 114.407 1401.14 114.407 0.592267 0.0163872 
200 0.24 138800000 549.288 23.5214 -44.8694 0.975589 2290.93 91.2167 7.81449e+06 588452 -0.00622806 0.00400835 -0.00441565 0.00412074 0.0109535 0.000707941 0.000233538 3.20931e-05 0.0931416 0.00310789 6.35385 0.255897 65.6116 17.381 1329.18 107.738 1401.14 114.407 1401.14 114.407 0.592267 0.0163533 
200 0.24 139200000 549.288 23.5214 -44.8694 0.975589 2290.93 91.2167 7.81449e+06 588452 -0.00622806 0.00399664 -0.00441565 0.0041117 0.0109535 0.000707941 0.000233538 3.20931e-05 0.0931416 0.00310789 6.35385 0.255897 65.6116 17.381 1329.18 107.738 1401.14 114.407 1401.14 114.407 0.592267 0.0163398 
200 0.24 139600000 549.288 23.5214 -44.8694 0.975589 2290.93 91.2167 7.81449e+06 588452 -0.00622806 0.00399484 -0.00441565 0.00409735 0.0109535 0.000707941 0.000233538 3.20931e-05 0.0931416 0.00310789 6.35385 0.255897 65.6116 17.381 1329.18 107.738 1401.14 114.407 1401.14 114.407 0.592267 0.016303 
200 0.24 140000000 549.288 23.5214 -44.8694 0.975589 2290.93 91.2167 7.81449e+06 588452 -0.00622806 0.00398922 -0.00441565 0.00408768 0.0109535 0.000707941 0.000233538 3.20931e-05 0.0931416 0.00310789 6.35385 0.255897 65.6116 17.381 1329.18 107.738 1401.14 114.407 1401.14 114.407 0.592267 0.0162538 
200 0.24 140400000 549.288 23.2971 -44.8694 0.975589 2290.93 91.2167 7.81449e+06 588452 -0.00622806 0.00399517 -0.00441565 0.00408514 0.0109535 0.000707941 0.000233538 3.20931e-05 0.0931416 0.00310789 6.35385 0.255897 65.6116 17.381 1329.18 107.738 1401.14 114.407 1401.14 114.407 0.592267 0.0162147 
200 0.24 140800000 549.288 23.2971 -44.8694 0.975589 2290.93 91.2167 7.81449e+06 588452 -0.00622806 0.00398914 -0.00441565 0.00407977 0.0109535 0.000707941 0.000233538 3.20931e-05 0.0931416 0.00310789 6.35385 0.255897 65.6116 17.381 1329.18 107.738 1401.14 114.407 1401.14 114.407 0.592267 0.0161757 
200 0.24 141200000 549.288 23.2971 -44.8694 0.975589 2290.93 91.2167 7.81449e+06 588452 -0.00622806 0.00397772 -0.00441565 0.00406293 0.0109535 0.000707941 0.000233538 3.20931e-05 0.0931416 0.00310789 6.35385 0.255897 65.6116 17.381 1329.18 107.738 1401.14 114.407 1401.14 114.407 0.592267 0.0161277 
200 0.24 141600000 549.288 23.2971 -44.8694 0.975589 2290.93 91.2167 7.81449e+06 588452 -0.00622806 0.00396624 -0.00441565 0.00405543 0.0109535 0.000707941 0.000233538 3.20931e-05 0.0931416 0.00310789 6.35385 0.255897 65.6116 17.381 1329.18 107.738 1401.14 114.407 1401.14 114.407 0.592267 0.0160839 
200 0.24 142000000 549.288 23.0242 -44.8694 0.953854 2290.93 89.4718 7.81449e+06 579578 -0.00622806 0.00395519 -0.00441565 0.00404432 0.0109535 0.000692347 0.000233538 3.08157e-05 0.0931416 0.003077 6.35385 0.25119 65.6116 16.9797 1329.18 113.741 1401.14 120.131 1401.14 120.131 0.592267 0.0160407 
200 0.24 142400000 549.288 23.0242 -44.8694 0.953854 2290.93 89.4718 7.81449e+06 579578 -0.00622806 0.00394409 -0.00441565 0.00403457 0.0109535 0.000692347 0.000233538 3.08157e-05 0.0931416 0.003077 6.35385 0.25119 65.6116 16.9797 1329.18 113.741 1401.14 120.131 1401.14 120.131 0.592267 0.0159941 
200 0.24 142800000 549.288 23.0242 -44.8694 0.953854 2290.93 89.4718 7.81449e+06 579578 -0.00622806 0.00393252 -0.00441565 0.00402585 0.0109535 0.000692347 0.000233538 3.08157e-05 0.0931416 0.003077 6.35385 0.25119 65.6116 16.9797 1329.18 113.741 1401.14 120.131 1401.14 120.131 0.592267 0.0159475 
200 0.24 143200000 549.288 23.0242 -44.8694 0.953854 2290.93 89.4718 7.81449e+06 579578 -0.00622806 0.00392813 -0.00441565 0.00401429 0.0109535 0.000692347 0.000233538 3.08157e-05 0.0931416 0.003077 6.35385 0.25119 65.6116 16.9797 1329.18 113.741 1401.14 120.131 1401.14 120.131 0.592267 0.0159416 
200 0.24 143600000 549.288 22.8158 -44.8694 0.953854 2290.93 89.4718 7.81449e+06 579578 -0.00622806 0.00391748 -0.00441565 0.00400249 0.0109535 0.000692347 0.000233538 3.08157e-05 0.0931416 0.003077 6.35385 0.25119 65.6116 16.9797 1329.18 113.741 1401.14 120.131 1401.14 120.131 0.592267 0.0159338 
200 0.24 144000000 549.288 22.8158 -44.8694 0.953854 2290.93 89.4718 7.81449e+06 579578 -0.00622806 0.0039107 -0.00441565 0.00399094 0.0109535 0.000692347 0.000233538 3.08157e-05 0.0931416 0.003077 6.35385 0.25119 65.6116 16.9797 1329.18 113.741 1401.14 120.131 1401.14 120.131 0.592267 0.0159155 
200 0.24 144400000 549.288 23.9131 -44.8694 0.953854 2290.93 89.4718 7.81449e+06 579578 -0.00622806 0.0039025 -0.00441565 0.00398467 0.0109535 0.000692347 0.000233538 3.08157e-05 0.0931416 0.003077 6.35385 0.25119 65.6116 16.9797 1329.18 113.741 1401.14 120.131 1401.14 120.131 0.592267 0.0159107 
200 0.24 144800000 549.288 23.9131 -44.8694 0.953854 2290.93 89.4718 7.81449e+06 579578 -0.00622806 0.00390287 -0.00441565 0.00397726 0.0109535 0.000692347 0.000233538 3.08157e-05 0.0931416 0.003077 6.35385 0.25119 65.6116 16.9797 1329.18 113.741 1401.14 120.131 1401.14 120.131 0.592267 0.0158694 
200 0.24 145200000 549.288 23.8552 -44.8694 0.941303 2290.93 88.2787 7.81449e+06 571962 -0.00622806 0.00389733 -0.00441565 0.00396573 0.0109535 0.000692347 0.000233538 3.08157e-05 0.0931416 0.003077 6.35385 0.24861 65.6116 16.6009 1329.18 113.741 1401.14 120.131 1401.14 120.131 0.592267 0.0158235 
200 0.24 145600000 549.288 23.8552 -44.8694 0.941303 2290.93 88.2787 7.81449e+06 575962 -0.00622806 0.00388664 -0.00441565 0.00398654 0.0109535 0.000692347 0.000233538 3.08157e-05 0.0931416 0.003077 6.35385 0.24861 65.6116 16.6009 1329.18 113.741 1401.14 120.131 1401.14 120.131 0.592267 0.0157782 
200 0.24 146000000 549.288 23.8552 -44.8694 0.941303 2290.93 88.2787 7.81449e+06 574584 -0.00622806 0.00388885 -0.00441565 0.00397504 0.0109535 0.000692347 0.000233538 3.08157e-05 0.0931416 0.003077 6.35385 0.24861 65.6116 16.6009 1329.18 113.741 1401.14 120.131 1401.14 120.131 0.592267 0.0157347 
200 0.24 146400000 549.288 23.8552 -44.8694 0.941303 2290.93 88.2787 7.81449e+06 572936 -0.00622806 0.00388006 -0.00441565 0.00398356 0.0109535 0.000692347 0.000233538 3.08157e-05 0.0931416 0.003077 6.35385 0.24861 65.6116 16.6009 1329.18 113.741 1401.14 120.131 1401.14 120.131 0.592267 0.0157059 
200 0.24 146800000 549.288 23.7531 -44.8694 0.941303 2290.93 88.2787 7.81449e+06 571962 -0.00622806 0.00387842 -0.00441565 0.00397227 0.0109535 0.000692347 0.000233538 3.08157e-05 0.0931416 0.003077 6.35385 0.24861 65.6116 16.6009 1329.18 113.741 1401.14 120.131 1401.14 120.131 0.592267 0.0156865 
200 0.24 147200000 549.288 23.7531 -44.8694 0.941303 2290.93 88.2787 7.81449e+06 571962 -0.00622806 0.00386742 -0.00441565 0.00396403 0.0109535 0.000692347 0.000233538 3.08157e-05 0.0931416 0.003077 6.35385 0.24861 65.6116 16.6009 1329.18 113.741 1401.14 120.131 1401.14 120.131 0.592267 0.015645 
200 0.24 147600000 549.288 23.7531 -44.8694 0.941303 2290.93 88.2787 7.81449e+06 571962 -0.00622806 0.00386255 -0.00441565 0.00395316 0.0109535 0.000692347 0.000233538 3.08157e-05 0.0931416 0.003077 6.35385 0.24861 65.6116 16.6009 1329.18 113.741 1401.14 120.131 1401.14 120.131 0.592267 0.0156051 
200 0.24 148000000 549.288 23.7531 -44.8694 0.941303 2290.93 88.2787 7.81449e+06 571962 -0.00622806 0.00386259 -0.00441565 0.0039422 0.0109535 0.000692347 0.000233538 3.08157e-05 0.0931416 0.003077 6.35385 0.24861 65.6116 16.6009 1329.18 113.741 1401.14 120.131 1401.14 120.131 0.592267 0.0155887 
200 0.24 148400000 549.614 23.5888 -45.1377 0.945301 2312.28 88.7235 7.90058e+06 571801 -0.0048801 0.00385163 -0.00418323 0.0039351 0.010714 0.000665288 0.000225361 2.9694e-05 0.0920898 0.00294942 6.33862 0.243322 63.9923 16.2388 1276.51 108.596 1346.84 114.696 1346.84 114.696 0.588498 0.0155512 
200 0.24 148800000 549.614 23.5888 -45.1377 0.945301 2312.28 88.7235 7.90058e+06 571801 -0.0048801 0.00384557 -0.00418323 0.00395235 0.010714 0.000665288 0.000225361 2.9694e-05 0.0920898 0.00294942 6.33862 0.243322 63.9923 16.2388 1276.51 108.596 1346.84 114.696 1346.84 114.696 0.588498 0.0155402 
200 0.24 149200000 549.614 23.5888 -45.1377 0.945301 2312.28 88.7235 7.90058e+06 571801 -0.0048801 0.00384217 -0.00418323 0.00394464 0.010714 0.000665288 0.000225361 2.9694e-05 0.0920898 0.00294942 6.33862 0.243322 63.9923 16.2388 1276.51 108.596 1346.84 114.696 1346.84 114.696 0.588498 0.0154965 
200 0.24 149600000 549.614 23.5888 -45.1377 0.945301 2312.28 88.7235 7.90058e+06 571801 -0.0048801 0.00383178 -0.00418323 0.00393659 0.010714 0.000665288 0.000225361 2.9694e-05 0.0920898 0.00294942 6.33862 0.243322 63.9923 16.2388 1276.51 108.596 1346.84 114.696 1346.84 114.696 0.588498 0.015454 
200 0.24 150000000 549.614 23.3325 -45.1377 0.945301 2312.28 88.7235 7.90058e+06 571801 -0.0048801 0.00382171 -0.00418323 0.00393313 0.010714 0.000665288 0.000225361 2.9694e-05 0.0920898 0.00294942 6.33862 0.243322 63.9923 16.2388 1276.51 108.596 1346.84 114.696 1346.84 114.696 0.588498 0.0154183 
200 0.24 150400000 549.614 23.3325 -45.1377 0.945301 2312.28 88.7235 7.90058e+06 571801 -0.0048801 0.00381103 -0.00418323 0.00394922 0.010714 0.000665288 0.000225361 2.9694e-05 0.0920898 0.00294942 6.33862 0.243322 63.9923 16.2388 1276.51 108.596 1346.84 114.696 1346.84 114.696 0.588498 0.0154145 
200 0.24 150800000 549.614 23.3325 -45.1377 0.945301 2312.28 88.7235 7.90058e+06 571801 -0.0048801 0.0038004 -0.00418323 0.0039382 0.010714 0.000665288 0.000225361 2.9694e-05 0.0920898 0.00294942 6.33862 0.243322 63.9923 16.2388 1276.51 108.596 1346.84 114.696 1346.84 114.696 0.588498 0.0153733 
200 0.24 151200000 549.614 23.3325 -45.1377 0.945301 2312.28 88.7235 7.90058e+06 571801 -0.0048801 0.00379875 -0.00418323 0.00392724 0.010714 0.000665288 0.000225361 2.9694e-05 0.0920898 0.00294942 6.33862 0.243322 63.9923 16.2388 1276.51 108.596 1346.84 114.696 1346.84 114.696 0.588498 0.0153326 
200 0.24 151600000 549.614 23.0732 -45.1377 0.939853 2312.28 87.7555 7.90058e+06 561020 -0.0048801 0.00379493 -0.00418323 0.00392848 0.010714 0.000665288 0.000225361 2.9694e-05 0.0920898 0.00294942 6.33862 0.240109 63.9923 15.9188 1276.51 108.596 1346.84 114.696 1346.84 114.696 0.588498 0.015291 
200 0.24 152000000 549.614 23.0732 -45.1377 0.939853 2312.28 87.7555 7.90058e+06 561020 -0.0048801 0.00378446 -0.00418323 0.00392278 0.010714 0.000665288 0.000225361 2.9694e-05 0.0920898 0.00294942 6.33862 0.240109 63.9923 15.9188 1276.51 108.596 1346.84 114.696 1346.84 114.696 0.588498 0.0152768 
200 0.24 152400000 549.614 23.0732 -45.1377 0.939853 2312.28 87.7555 7.90058e+06 561020 -0.0048801 0.00379297 -0.00418323 0.00391705 0.010714 0.000665288 0.000225361 2.9694e-05 0.0920898 0.00294942 6.33862 0.240109 63.9923 15.9188 1276.51 108.596 1346.84 114.696 1346.84 114.696 0.588498 0.0152756 
200 0.24 152800000 549.614 23.0732 -45.1377 0.939853 2312.28 87.7555 7.90058e+06 561020 -0.0048801 0.00378563 -0.00418323 0.00393106 0.010714 0.000665288 0.000225361 2.9694e-05 0.0920898 0.00294942 6.33862 0.240109 63.9923 15.9188 1276.51 108.596 1346.84 114.696 1346.84 114.696 0.588498 0.0152704 
200 0.24 153200000 549.614 23.4248 -45.1377 0.939853 2312.28 87.7555 7.90058e+06 561020 -0.0048801 0.00377843 -0.00418323 0.00393114 0.010714 0.000665288 0.000225361 2.9694e-05 0.0920898 0.00294942 6.33862 0.240109 63.9923 15.9188 1276.51 108.596 1346.84 114.696 1346.84 114.696 0.588498 0.0152289 
200 0.24 153600000 549.614 23.4248 -45.1377 0.939853 2312.28 87.7555 7.90058e+06 561020 -0.0048801 0.00376893 -0.00418323 0.00397627 0.010714 0.000665288 0.000225361 2.9694e-05 0.0920898 0.00294942 6.33862 0.240109 63.9923 15.9188 1276.51 108.596 1346.84 114.696 1346.84 114.696 0.588498 0.0152142 
200 0.24 154000000 549.614 23.4248 -45.1377 0.939853 2312.28 87.7555 7.90058e+06 561020 -0.0048801 0.00375942 -0.00418323 0.00397808 0.010714 0.000665288 0.000225361 2.9694e-05 0.0920898 0.00294942 6.33862 0.240109 63.9923 15.9188 1276.51 108.596 1346.84 114.696 1346.84 114.696 0.588498 0.0152114 
200 0.24 154400000 549.614 23.4248 -45.1377 0.939853 2312.28 87.7555 7.90058e+06 561020 -0.0048801 0.00375266 -0.00418323 0.00396996 0.010714 0.000665288 0.000225361 2.9694e-05 0.0920898 0.00294942 6.33862 0.240109 63.9923 15.9188 1276.51 108.596 1346.84 114.696 1346.84 114.696 0.588498 0.0151702 
200 0.24 154800000 549.614 23.3429 -45.1377 0.919587 2312.28 85.8564 7.90058e+06 554589 -0.0048801 0.00374465 -0.00418323 0.00395926 0.010714 0.0006811 0.000225361 3.0391e-05 0.0920898 0.00298291 6.33862 0.234934 63.9923 16.6554 1276.51 104.437 1346.84 110.286 1346.84 110.286 0.588498 0.0151292 
200 0.24 155200000 549.614 23.3429 -45.1377 0.919587 2312.28 85.8564 7.90058e+06 553233 -0.0048801 0.00373847 -0.00418323 0.00395354 0.010714 0.0006811 0.000225361 3.0391e-05 0.0920898 0.00298291 6.33862 0.234934 63.9923 16.6554 1276.51 104.437 1346.84 110.286 1346.84 110.286 0.588498 0.0151279 
200 0.24 155600000 549.614 23.3429 -45.1377 0.919587 2312.28 85.8564 7.90058e+06 552132 -0.0048801 0.00372873 -0.00418323 0.00394371 0.010714 0.0006811 0.000225361 3.0391e-05 0.0920898 0.00298291 6.33862 0.234934 63.9923 16.6554 1276.51 104.437 1346.84 110.286 1346.84 110.286 0.588498 0.0150999 
200 0.24 156000000 549.614 23.3429 -45.1377 0.919587 2312.28 85.8564 7.90058e+06 550850 -0.0048801 0.00372297 -0.00418323 0.0039333 0.010714 0.0006811 0.000225361 3.0391e-05 0.0920898 0.00298291 6.33862 0.234934 63.9923 16.6554 1276.51 104.437 1346.84 110.286 1346.84 110.286 0.588498 0.0151102 
200 0.24 156400000 549.614 23.3053 -45.1377 0.919587 2312.28 85.8564 7.90058e+06 549471 -0.0048801 0.00371423 -0.00418323 0.00392628 0.010714 0.0006811 0.000225361 3.0391e-05 0.0920898 0.00298291 6.33862 0.234934 63.9923 16.6554 1276.51 104.437 1346.84 110.286 1346.84 110.286 0.588498 0.0150847 
200 0.24 156800000 549.614 23.3053 -45.1377 0.919587 2312.28 85.8564 7.90058e+06 548841 -0.0048801 0.00370704 -0.00418323 0.00392072 0.010714 0.0006811 0.000225361 3.0391e-05 0.0920898 0.00298291 6.33862 0.234934 63.9923 16.6554 1276.51 104.437 1346.84 110.286 1346.84 110.286 0.588498 0.0150726 
200 0.24 157200000 549.614 23.3053 -45.1377 0.919587 2312.28 85.8564 7.90058e+06 548841 -0.0048801 0.00370057 -0.00418323 0.00391101 0.010714 0.0006811 0.000225361 3.0391e-05 0.0920898 0.00298291 6.33862 0.234934 63.9923 16.6554 1276.51 104.437 1346.84 110.286 1346.84 110.286 0.588498 0.0150324 
200 0.24 157600000 549.614 23.3053 -45.1377 0.919587 2312.28 85.8564 7.90058e+06 548841 -0.0048801 0.00369709 -0.00418323 0.00390793 0.010714 0.0006811 0.000225361 3.0391e-05 0.0920898 0.00298291 6.33862 0.234934 63.9923 16.6554 1276.51 104.437 1346.84 110.286 1346.84 110.286 0.588498 0.0149942 
200 0.24 158000000 549.614 23.018 -45.1377 0.901354 2312.28 84.1875 7.90058e+06 545853 -0.0048801 0.00369193 -0.00418323 0.00389848 0.010714 0.0006811 0.000225361 3.0391e-05 0.0920898 0.00298291 6.33862 0.232728 63.9923 16.3342 1276.51 104.437 1346.84 111.183 1346.84 111.183 0.588498 0.0153709 
200 0.24 158400000 549.614 23.018 -45.1377 0.901354 2312.28 84.1875 7.90058e+06 544875 -0.0048801 0.00368534 -0.00418323 0.003896 0.010714 0.0006811 0.000225361 3.0391e-05 0.0920898 0.00298291 6.33862 0.232728 63.9923 16.3342 1276.51 104.437 1346.84 111.183 1346.84 111.183 0.588498 0.0153709 
200 0.24 158800000 549.614 23.018 -45.1377 0.901354 2312.28 84.1875 7.90058e+06 543770 -0.0048801 0.00368068 -0.00418323 0.00388593 0.010714 0.0006811 0.000225361 3.0391e-05 0.0920898 0.00298291 6.33862 0.232728 63.9923 16.3342 1276.51 104.437 1346.84 111.183 1346.84 111.183 0.588498 0.0153709 
200 0.24 159200000 549.614 23.018 -45.1377 0.901354 2312.28 84.1875 7.90058e+06 542575 -0.0048801 0.00367546 -0.00418323 0.00387915 0.010714 0.0006811 0.000225361 3.0391e-05 0.0920898 0.00298291 6.33862 0.232728 63.9923 16.3342 1276.51 104.437 1346.84 111.183 1346.84 111.183 0.588498 0.0153709 
200 0.24 159600000 549.614 23.018 -45.1377 0.901354 2312.28 84.1875 7.90058e+06 541227 -0.0048801 0.00366734 -0.00418323 0.00386991 0.010714 0.0006811 0.000225361 3.0391e-05 0.0920898 0.00298291 6.33862 0.232728 63.9923 16.3342 1276.51 104.437 1346.84 111.183 1346.84 111.183 0.588498 0.0153709 
200 0.24 160000000 549.614 23.018 -45.1377 0.901354 2312.28 84.1875 7.90058e+06 540158 -0.0048801 0.00366745 -0.00418323 0.00386645 0.010714 0.0006811 0.000225361 3.0391e-05 0.0920898 0.00298291 6.33862 0.232728 63.9923 16.3342 1276.51 104.437 1346.84 111.183 1346.84 111.183 0.588498 0.0153709 
200 0.24 160400000 549.614 23.018 -45.1377 0.901354 2312.28 84.1875 7.90058e+06 538747 -0.0048801 0.00366564 -0.00418323 0.00386128 0.010714 0.0006811 0.000225361 3.0391e-05 0.0920898 0.00298291 6.33862 0.232728 63.9923 16.3342 1276.51 104.437 1346.84 111.183 1346.84 111.183 0.588498 0.0153709 
200 0.24 160800000 549.614 23.018 -45.1377 0.901354 2312.28 84.1875 7.90058e+06 537635 -0.0048801 0.003697 -0.00418323 0.00386001 0.010714 0.0006811 0.000225361 3.0391e-05 0.0920898 0.00298291 6.33862 0.232728 63.9923 16.3342 1276.51 104.437 1346.84 111.183 1346.84 111.183 0.588498 0.0153709 
200 0.24 161200000 553.969 22.5385 -45.4049 0.884779 2334.74 82.5877 7.99006e+06 537953 -0.00532637 0.00369304 -0.00290054 0.00384822 0.0109606 0.000652723 0.000237331 2.91385e-05 0.0931935 0.00286014 6.29243 0.228593 66.7756 16.0236 1228.48 106.423 1301.55 112.013 1301.55 112.013 0.580378 0.0153411 
200 0.24 161600000 553.969 22.5385 -45.4049 0.884779 2334.74 82.5877 7.99006e+06 536642 -0.00532637 0.00372359 -0.00290054 0.00384781 0.0109606 0.000652723 0.000237331 2.91385e-05 0.0931935 0.00286014 6.29243 0.228593 66.7756 16.0236 1228.48 106.423 1301.55 112.013 1301.55 112.013 0.580378 0.0153411 
200 0.24 162000000 553.969 22.5385 -45.4049 0.884779 2334.74 82.5877 7.99006e+06 535282 -0.00532637 0.00371607 -0.00290054 0.00383834 0.0109606 0.000652723 0.000237331 2.91385e-05 0.0931935 0.00286014 6.29243 0.228593 66.7756 16.0236 1228.48 106.423 1301.55 112.013 1301.55 112.013 0.580378 0.0153411 
200 0.24 162400000 553.969 22.5385 -45.4049 0.884779 2334.74 82.5877 7.99006e+06 534080 -0.00532637 0.00370675 -0.00290054 0.00383489 0.0109606 0.000652723 0.000237331 2.91385e-05 0.0931935 0.00286014 6.29243 0.228593 66.7756 16.0236 1228.48 106.423 1301.55 112.013 1301.55 112.013 0.580378 0.0153411 
200 0.24 162800000 553.969 22.5385 -45.4049 0.884779 2334.74 82.5877 7.99006e+06 532906 -0.00532637 0.00370892 -0.00290054 0.00382721 0.0109606 0.000652723 0.000237331 2.91385e-05 0.0931935 0.00286014 6.29243 0.228593 66.7756 16.0236 1228.48 106.423 1301.55 112.013 1301.55 112.013 0.580378 0.0153411 
200 0.24 163200000 553.969 22.5385 -45.4049 0.884779 2334.74 82.5877 7.99006e+06 531540 -0.00532637 0.00370042 -0.00290054 0.0038365 0.0109606 0.000652723 0.000237331 2.91385e-05 0.0931935 0.00286014 6.29243 0.228593 66.7756 16.0236 1228.48 106.423 1301.55 112.013 1301.55 112.013 0.580378 0.0153411 
200 0.24 163600000 553.969 22.5385 -45.4049 0.884779 2334.74 82.5877 7.99006e+06 530180 -0.00532637 0.00370956 -0.00290054 0.00382675 0.0109606 0.000652723 0.000237331 2.91385e-05 0.0931935 0.00286014 6.29243 0.228593 66.7756 16.0236 1228.48 106.423 1301.55 112.013 1301.55 112.013 0.580378 0.0153411 
200 0.24 164000000 553.969 22.5385 -45.4049 0.884779 2334.74 82.5877 7.99006e+06 529029 -0.00532637 0.00370027 -0.00290054 0.0038194 0.0109606 0.000652723 0.000237331 2.91385e-05 0.0931935 0.00286014 6.29243 0.228593 66.7756 16.0236 1228.48 106.423 1301.55 112.013 1301.55 112.013 0.580378 0.0153411 
200 0.24 164400000 553.969 22.2813 -45.4049 0.868107 2334.74 81.2991 7.99006e+06 528038 -0.00532637 0.00369538 -0.00290054 0.00381647 0.0109606 0.000652723 0.000237331 2.91385e-05 0.0931935 0.00286014 6.29243 0.229225 66.7756 15.8667 1228.48 106.423 1301.55 112.013 1301.55 112.013 0.580378 0.0153367 
200 0.24 164800000 553.969 22.2813 -45.4049 0.868107 2334.74 81.2991 7.99006e+06 527042 -0.00532637 0.0036865 -0.00290054 0.00380923 0.0109606 0.000652723 0.000237331 2.91385e-05 0.0931935 0.00286014 6.29243 0.229225 66.7756 15.8667 1228.48 106.423 1301.55 112.013 1301.55 112.013 0.580378 0.0153367 
200 0.24 165200000 553.969 22.2813 -45.4049 0.868107 2334.74 81.2991 7.99006e+06 525948 -0.00532637 0.00368086 -0.00290054 0.00379964 0.0109606 0.000652723 0.000237331 2.91385e-05 0.0931935 0.00286014 6.29243 0.229225 66.7756 15.8667 1228.48 106.423 1301.55 112.013 1301.55 112.013 0.580378 0.0153367 
200 0.24 165600000 553.969 22.2813 -45.4049 0.868107 2334.74 81.2991 7.99006e+06 524826 -0.00532637 0.00367373 -0.00290054 0.00379493 0.0109606 0.000652723 0.000237331 2.91385e-05 0.0931935 0.00286014 6.29243 0.229225 66.7756 15.8667 1228.48 106.423 1301.55 112.013 1301.55 112.013 0.580378 0.0153367 
200 0.24 166000000 553.969 22.2813 -45.4049 0.868107 2334.74 81.2991 7.99006e+06 523504 -0.00532637 0.00366445 -0.00290054 0.00378808 0.0109606 0.000652723 0.000237331 2.91385e-05 0.0931935 0.00286014 6.29243 0.229225 66.7756 15.8667 1228.48 106.423 1301.55 112.013 1301.55 112.013 0.580378 0.0153367 
200 0.24 166400000 553.969 22.2813 -45.4049 0.868107 2334.74 81.2991 7.99006e+06 522343 -0.00532637 0.00366239 -0.00290054 0.00377861 0.0109606 0.000652723 0.000237331 2.91385e-05 0.0931935 0.00286014 6.29243 0.229225 66.7756 15.8667 1228.48 106.423 1301.55 112.013 1301.55 112.013 0.580378 0.0153367 
200 0.24 166800000 553.969 22.2813 -45.4049 0.868107 2334.74 81.2991 7.99006e+06 521128 -0.00532637 0.00365435 -0.00290054 0.00377098 0.0109606 0.000652723 0.000237331 2.91385e-05 0.0931935 0.00286014 6.29243 0.229225 66.7756 15.8667 1228.48 106.423 1301.55 112.013 1301.55 112.013 0.580378 0.0153367 
200 0.24 167200000 553.969 22.2813 -45.4049 0.868107 2334.74 81.2991 7.99006e+06 540257 -0.00532637 0.00366547 -0.00290054 0.00376284 0.0109606 0.000652723 0.000237331 2.91385e-05 0.0931935 0.00286014 6.29243 0.229225 66.7756 15.8667 1228.48 106.423 1301.55 112.013 1301.55 112.013 0.580378 0.0153367 
200 0.24 167600000 553.969 22.4574 -45.4049 0.854642 2334.74 81.8654 7.99006e+06 542432 -0.00532637 0.00365632 -0.00290054 0.00378783 0.0109606 0.000648581 0.000237331 2.92821e-05 0.0931935 0.00282934 6.29243 0.226483 66.7756 15.5769 1228.48 102.291 1301.55 108.564 1301.55 108.564 0.580378 0.0147638 
200 0.24 168000000 553.969 22.4574 -45.4049 0.854642 2334.74 81.8654 7.99006e+06 542432 -0.00532637 0.00364835 -0.00290054 0.00377853 0.0109606 0.000648581 0.000237331 2.92821e-05 0.0931935 0.00282934 6.29243 0.226483 66.7756 15.5769 1228.48 102.291 1301.55 108.564 1301.55 108.564 0.580378 0.0147638 
200 0.24 168400000 553.969 22.4574 -45.4049 0.854642 2334.74 81.6273 7.99006e+06 540663 -0.00532637 0.0036423 -0.00290054 0.00377002 0.0109606 0.000648581 0.000237331 2.92821e-05 0.0931935 0.00282934 6.29243 0.226483 66.7756 15.5769 1228.48 102.291 1301.55 108.564 1301.55 108.564 0.580378 0.0147638 
200 0.24 168800000 553.969 22.4574 -45.4049 0.854642 2334.74 81.6273 7.99006e+06 540663 -0.00532637 0.00363337 -0.00290054 0.0037697 0.0109606 0.000648581 0.000237331 2.92821e-05 0.0931935 0.00282934 6.29243 0.226483 66.7756 15.5769 1228.48 102.291 1301.55 108.564 1301.55 108.564 0.580378 0.0147638 
200 0.24 169200000 553.969 22.4574 -45.4049 0.854642 2334.74 81.2547 7.99006e+06 538435 -0.00532637 0.00362439 -0.00290054 0.0037613 0.0109606 0.000648581 0.000237331 2.92821e-05 0.0931935 0.00282934 6.29243 0.226483 66.7756 15.5769 1228.48 102.291 1301.55 108.564 1301.55 108.564 0.580378 0.0147638 
200 0.24 169600000 553.969 22.4574 -45.4049 0.854642 2334.74 81.2547 7.99006e+06 538435 -0.00532637 0.00361666 -0.00290054 0.00376839 0.0109606 0.000648581 0.000237331 2.92821e-05 0.0931935 0.00282934 6.29243 0.226483 66.7756 15.5769 1228.48 102.291 1301.55 108.564 1301.55 108.564 0.580378 0.0147638 
200 0.24 170000000 553.969 22.4574 -45.4049 0.854642 2334.74 80.9266 7.99006e+06 536208 -0.00532637 0.00360797 -0.00290054 0.00377491 0.0109606 0.000648581 0.000237331 2.92821e-05 0.0931935 0.00282934 6.29243 0.226483 66.7756 15.5769 1228.48 102.291 1301.55 108.564 1301.55 108.564 0.580378 0.0147638 
200 0.24 170400000 553.969 22.4574 -45.4049 0.854642 2334.74 80.9266 7.99006e+06 536208 -0.00532637 0.00359948 -0.00290054 0.00377491 0.0109606 0.000648581 0.000237331 2.92821e-05 0.0931935 0.00282934 6.29243 0.226483 66.7756 15.5769 1228.48 102.291 1301.55 108.564 1301.55 108.564 0.580378 0.0147638 
200 0.24 170800000 553.969 22.1113 -45.4049 0.838076 2334.74 80.5328 7.99006e+06 533802 -0.00532637 0.00359066 -0.00290054 0.00377546 0.0109606 0.000648581 0.000237331 2.92821e-05 0.0931935 0.00282934 6.29243 0.222588 66.7756 15.2798 1228.48 102.291 1301.55 107.725 1301.55 107.725 0.580378 0.0147233 
200 0.24 171200000 553.969 22.1113 -45.4049 0.838076 2334.74 80.5328 7.99006e+06 533802 -0.00532637 0.00358224 -0.00290054 0.00377546 0.0109606 0.000648581 0.000237331 2.92821e-05 0.0931935 0.00282934 6.29243 0.222588 66.7756 15.2798 1228.48 102.291 1301.55 107.725 1301.55 107.725 0.580378 0.0147233 
200 0.24 171600000 553.969 22.1113 -45.4049 0.838076 2334.74 80.8123 7.99006e+06 534712 -0.00532637 0.00358876 -0.00290054 0.00376962 0.0109606 0.000648581 0.000237331 2.92821e-05 0.0931935 0.00282934 6.29243 0.222588 66.7756 15.2798 1228.48 102.291 1301.55 107.725 1301.55 107.725 0.580378 0.0147233 
200 0.24 172000000 553.969 22.1113 -45.4049 0.838076 2334.74 80.8123 7.99006e+06 534712 -0.00532637 0.00358289 -0.00290054 0.00376962 0.0109606 0.000648581 0.000237331 2.92821e-05 0.0931935 0.00282934 6.29243 0.222588 66.7756 15.2798 1228.48 102.291 1301.55 107.725 1301.55 107.725 0.580378 0.0147233 
200 0.24 172400000 553.969 22.1113 -45.4049 0.838076 2334.74 80.4912 7.99006e+06 532464 -0.00532637 0.00357917 -0.00290054 0.0037587 0.0109606 0.000648581 0.000237331 2.92821e-05 0.0931935 0.00282934 6.29243 0.222588 66.7756 15.2798 1228.48 102.291 1301.55 107.725 1301.55 107.725 0.580378 0.0147233 
200 0.24 172800000 553.969 22.1113 -45.4049 0.838076 2334.74 80.4912 7.99006e+06 532464 -0.00532637 0.00357698 -0.00290054 0.0037587 0.0109606 0.000648581 0.000237331 2.92821e-05 0.0931935 0.00282934 6.29243 0.222588 66.7756 15.2798 1228.48 102.291 1301.55 107.725 1301.55 107.725 0.580378 0.0147233 
200 0.24 173200000 553.969 22.1113 -45.4049 0.838076 2334.74 80.3288 7.99006e+06 530481 -0.00532637 0.00358578 -0.00290054 0.0037406 0.0109606 0.000648581 0.000237331 2.92821e-05 0.0931935 0.00282934 6.29243 0.222588 66.7756 15.2798 1228.48 102.291 1301.55 107.725 1301.55 107.725 0.580378 0.0147233 
200 0.24 173600000 553.969 22.1113 -45.4049 0.838076 2334.74 80.3288 7.99006e+06 530481 -0.00532637 0.00357897 -0.00290054 0.0037406 0.0109606 0.000648581 0.000237331 2.92821e-05 0.0931935 0.00282934 6.29243 0.222588 66.7756 16.8489 1228.48 102.291 1301.55 107.725 1301.55 107.725 0.580378 0.0147233 
200 0.24 174000000 558.817 21.7186 -45.6013 0.841436 2348.74 80.0295 8.05369e+06 528011 -0.00413597 0.00358814 -0.00178785 0.00373817 0.0111625 0.00062438 0.00024478 2.81887e-05 0.0941634 0.00273367 6.3176 0.218576 76.2056 17.2041 1231.7 100.318 1314.23 104.835 1314.23 104.835 0.578455 0.0144028 
200 0.24 174400000 558.817 21.7186 -45.6013 0.841436 2348.74 80.0295 8.05369e+06 528011 -0.00413597 0.00358022 -0.00178785 0.00373817 0.0111625 0.00062438 0.00024478 2.81887e-05 0.0941634 0.00273367 6.3176 0.218576 76.2056 17.2041 1231.7 100.318 1314.23 104.835 1314.23 104.835 0.578455 0.0144028 
200 0.24 174800000 558.817 21.7186 -45.6013 0.841436 2348.74 79.7382 8.05369e+06 525592 -0.00413597 0.00357883 -0.00178785 0.00372065 0.0111625 0.00062438 0.00024478 2.81887e-05 0.0941634 0.00273367 6.3176 0.218576 76.2056 17.2041 1231.7 100.318 1314.23 104.835 1314.23 104.835 0.578455 0.0144028 
200 0.24 175200000 558.817 21.7186 -45.6013 0.841436 2348.74 79.7382 8.05369e+06 525592 -0.00413597 0.00357133 -0.00178785 0.00372065 0.0111625 0.00062438 0.00024478 2.81887e-05 0.0941634 0.00273367 6.3176 0.218576 76.2056 17.2041 1231.7 100.318 1314.23 104.835 1314.23 104.835 0.578455 0.0144028 
200 0.24 175600000 558.817 21.6921 -45.6013 0.841436 2348.74 79.5098 8.05369e+06 523775 -0.00413597 0.00356441 -0.00178785 0.0037092 0.0111625 0.00062438 0.00024478 2.81887e-05 0.0941634 0.00273367 6.3176 0.218576 76.2056 17.2041 1231.7 100.318 1314.23 104.835 1314.23 104.835 0.578455 0.0144028 
200 0.24 176000000 558.817 21.6921 -45.6013 0.841436 2348.74 79.5098 8.05369e+06 523775 -0.00413597 0.00355934 -0.00178785 0.0037092 0.0111625 0.00062438 0.00024478 2.81887e-05 0.0941634 0.00273367 6.3176 0.218576 76.2056 17.2041 1231.7 100.318 1314.23 104.835 1314.23 104.835 0.578455 0.0144028 
200 0.24 176400000 558.817 21.6921 -45.6013 0.841436 2348.74 79.1427 8.05369e+06 521294 -0.00413597 0.00355143 -0.00178785 0.00369188 0.0111625 0.00062438 0.00024478 2.81887e-05 0.0941634 0.00273367 6.3176 0.218576 76.2056 17.2041 1231.7 100.318 1314.23 104.835 1314.23 104.835 0.578455 0.0144028 
200 0.24 176800000 558.817 21.6921 -45.6013 0.841436 2348.74 79.1427 8.05369e+06 521294 -0.00413597 0.00355018 -0.00178785 0.00369188 0.0111625 0.00062438 0.00024478 2.81887e-05 0.0941634 0.00273367 6.3176 0.218576 76.2056 17.2041 1231.7 100.318 1314.23 104.835 1314.23 104.835 0.578455 0.0144028 
200 0.24 177200000 558.817 21.3374 -45.6013 0.83016 2348.74 79.0597 8.05369e+06 519774 -0.00413597 0.00354273 -0.00178785 0.00368073 0.0111625 0.00062438 0.00024478 2.81887e-05 0.0941634 0.00273367 6.3176 0.217065 76.2056 16.9164 1231.7 100.318 1314.23 105.383 1314.23 105.383 0.578455 0.0144512 
200 0.24 177600000 558.817 21.3374 -45.6013 0.83016 2348.74 79.0597 8.05369e+06 519774 -0.00413597 0.00354349 -0.00178785 0.00368073 0.0111625 0.00062438 0.00024478 2.81887e-05 0.0941634 0.00273367 6.3176 0.217065 76.2056 16.9164 1231.7 100.318 1314.23 105.383 1314.23 105.383 0.578455 0.0144512 
200 0.24 178000000 558.817 21.3374 -45.6013 0.83016 2348.74 78.7057 8.05369e+06 517363 -0.00413597 0.00353606 -0.00178785 0.00366795 0.0111625 0.00062438 0.00024478 2.81887e-05 0.0941634 0.00273367 6.3176 0.217065 76.2056 16.9164 1231.7 100.318 1314.23 105.383 1314.23 105.383 0.578455 0.0144512 
200 0.24 178400000 558.817 21.3374 -45.6013 0.83016 2348.74 78.7057 8.05369e+06 517363 -0.00413597 0.003544 -0.00178785 0.00366795 0.0111625 0.00062438 0.00024478 2.81887e-05 0.0941634 0.00273367 6.3176 0.217065 76.2056 16.9164 1231.7 100.318 1314.23 105.383 1314.23 105.383 0.578455 0.0144512 
200 0.24 178800000 558.817 21.3257 -45.6013 0.83016 2348.74 78.3417 8.05369e+06 514960 -0.00413597 0.00353656 -0.00178785 0.00365781 0.0111625 0.00062438 0.00024478 2.81887e-05 0.0941634 0.00273367 6.3176 0.217065 76.2056 16.9164 1231.7 100.318 1314.23 105.383 1314.23 105.383 0.578455 0.0144512 
200 0.24 179200000 558.817 21.3257 -45.6013 0.83016 2348.74 78.3417 8.05369e+06 514960 -0.00413597 0.0035286 -0.00178785 0.00365781 0.0111625 0.00062438 0.00024478 2.81887e-05 0.0941634 0.00273367 6.3176 0.217065 76.2056 16.9164 1231.7 100.318 1314.23 105.383 1314.23 105.383 0.578455 0.0144512 
200 0.24 179600000 558.817 21.3257 -45.6013 0.83016 2348.74 78.0175 8.05369e+06 512987 -0.00413597 0.00352499 -0.00178785 0.00367935 0.0111625 0.00062438 0.00024478 2.81887e-05 0.0941634 0.00273367 6.3176 0.217065 76.2056 16.9164 1231.7 100.318 1314.23 105.383 1314.23 105.383 0.578455 0.0144512 
200 0.24 180000000 558.817 21.3257 -45.6013 0.83016 2348.74 78.0175 8.05369e+06 512987 -0.00413597 0.00351845 -0.00178785 0.00367935 0.0111625 0.00062438 0.00024478 2.81887e-05 0.0941634 0.00273367 6.3176 0.217065 76.2056 16.9164 1231.7 100.318 1314.23 105.383 1314.23 105.383 0.578455 0.0144512 
200 0.24 180400000 558.817 21.0884 -45.6013 0.816093 2348.74 77.8934 8.05369e+06 511540 -0.00413597 0.00351048 -0.00178785 0.0036806 0.0111625 0.000603203 0.00024478 2.7305e-05 0.0941634 0.00268869 6.3176 0.214901 76.2056 16.6238 1231.7 100.318 1314.23 103.497 1314.23 103.497 0.578455 0.0143951 
200 0.24 180800000 558.817 21.0884 -45.6013 0.816093 2348.74 77.8934 8.05369e+06 511540 -0.00413597 0.00350609 -0.00178785 0.0036806 0.0111625 0.000603203 0.00024478 2.7305e-05 0.0941634 0.00268869 6.3176 0.214901 76.2056 16.6238 1231.7 100.318 1314.23 103.497 1314.23 103.497 0.578455 0.0143951 
200 0.24 181200000 558.817 21.0884 -45.6013 0.816093 2348.74 77.8846 8.05369e+06 511547 -0.00413597 0.00351059 -0.00178785 0.00366534 0.0111625 0.000603203 0.00024478 2.7305e-05 0.0941634 0.00268869 6.3176 0.214901 76.2056 16.6238 1231.7 100.318 1314.23 103.497 1314.23 103.497 0.578455 0.0143951 
200 0.24 181600000 558.817 21.0884 -45.6013 0.816093 2348.74 77.8846 8.05369e+06 511547 -0.00413597 0.00350962 -0.00178785 0.00366534 0.0111625 0.000603203 0.00024478 2.7305e-05 0.0941634 0.00268869 6.3176 0.214901 76.2056 16.6238 1231.7 100.318 1314.23 103.497 1314.23 103.497 0.578455 0.0143951 
200 0.24 182000000 558.817 21.0064 -45.6013 0.816093 2348.74 77.6832 8.05369e+06 510077 -0.00413597 0.00350265 -0.00178785 0.00364853 0.0111625 0.000603203 0.00024478 2.7305e-05 0.0941634 0.00268869 6.3176 0.214901 76.2056 18.3018 1231.7 100.318 1314.23 103.497 1314.23 103.497 0.578455 0.0143951 
200 0.24 182400000 558.817 21.0064 -45.6013 0.816093 2348.74 77.6832 8.05369e+06 510077 -0.00413597 0.00349466 -0.00178785 0.00364853 0.0111625 0.000603203 0.00024478 2.7305e-05 0.0941634 0.00268869 6.3176 0.214901 76.2056 18.26 1231.7 100.318 1314.23 103.497 1314.23 103.497 0.578455 0.0143951 
200 0.24 182800000 558.817 21.0064 -45.6013 0.816093 2348.74 77.3382 8.05369e+06 507978 -0.00413597 0.00348828 -0.00178785 0.00363366 0.0111625 0.000603203 0.00024478 2.7305e-05 0.0941634 0.00268869 6.3176 0.214901 76.2056 18.2191 1231.7 100.318 1314.23 103.497 1314.23 103.497 0.578455 0.0143951 
200 0.24 183200000 558.817 21.0064 -45.6013 0.816093 2348.74 77.3382 8.05369e+06 507978 -0.00413597 0.00348421 -0.00178785 0.0036333 0.0111625 0.000603203 0.00024478 2.7305e-05 0.0941634 0.00268869 6.3176 0.214901 76.2056 18.1783 1231.7 100.318 1314.23 103.497 1314.23 103.497 0.578455 0.0143951 
200 0.24 183600000 558.817 20.7969 -45.6013 0.808601 2348.74 77.0156 8.05369e+06 506079 -0.00413597 0.00348827 -0.00178785 0.00362042 0.0111625 0.000603203 0.00024478 2.7305e-05 0.0941634 0.00268869 6.3176 0.21148 76.2056 18.1375 1231.7 100.318 1314.23 103.332 1314.23 103.332 0.578455 0.0141976 
200 0.24 184000000 558.817 20.7969 -45.6013 0.808601 2348.74 77.0156 8.05369e+06 506079 -0.00413597 0.00348226 -0.00178785 0.00361683 0.0111625 0.000603203 0.00024478 2.7305e-05 0.0941634 0.00268869 6.3176 0.21148 76.2056 18.1028 1231.7 100.318 1314.23 103.332 1314.23 103.332 0.578455 0.0141976 
200 0.24 184400000 558.817 20.7969 -45.6013 0.808601 2348.74 76.8325 8.05369e+06 504645 -0.00413597 0.00348402 -0.00178785 0.00360946 0.0111625 0.000603203 0.00024478 2.7305e-05 0.0941634 0.00268869 6.3176 0.21148 76.2056 18.1028 1231.7 100.318 1314.23 103.332 1314.23 103.332 0.578455 0.0141976 
200 0.24 184800000 558.817 20.7969 -45.6013 0.808601 2348.74 76.8325 8.05369e+06 504645 -0.00413597 0.00347686 -0.00178785 0.00362184 0.0111625 0.000603203 0.00024478 2.7305e-05 0.0941634 0.00268869 6.3176 0.21148 76.2056 18.1028 1231.7 100.318 1314.23 103.332 1314.23 103.332 0.578455 0.0141976 
200 0.24 185200000 558.817 20.6694 -45.6013 0.808601 2348.74 76.5991 8.05369e+06 503074 -0.00413597 0.00348144 -0.00178785 0.00361459 0.0111625 0.000603203 0.00024478 2.7305e-05 0.0941634 0.00268869 6.3176 0.21148 76.2056 18.1028 1231.7 100.318 1314.23 103.332 1314.23 103.332 0.578455 0.0141976 
200 0.24 185600000 558.817 20.6694 -45.6013 0.808601 2348.74 76.5991 8.05369e+06 503074 -0.00413597 0.0034784 -0.00178785 0.00360658 0.0111625 0.000603203 0.00024478 2.7305e-05 0.0941634 0.00268869 6.3176 0.21148 76.2056 18.1028 1231.7 100.318 1314.23 103.332 1314.23 103.332 0.578455 0.0141976 
200 0.24 186000000 558.817 20.6694 -45.6013 0.808601 2348.74 76.2725 8.05369e+06 500876 -0.00413597 0.0034729 -0.00178785 0.00360044 0.0111625 0.000603203 0.00024478 2.7305e-05 0.0941634 0.00268869 6.3176 0.21148 76.2056 18.1028 1231.7 100.318 1314.23 103.332 1314.23 103.332 0.578455 0.0141976 
200 0.24 186400000 558.817 20.6694 -45.6013 0.808601 2348.74 76.2725 8.05369e+06 500876 -0.00413597 0.00346813 -0.00178785 0.00359243 0.0111625 0.000603203 0.00024478 2.7305e-05 0.0941634 0.00268869 6.3176 0.21148 76.2056 18.1028 1231.7 100.318 1314.23 103.332 1314.23 103.332 0.578455 0.0141976 
200 0.24 186800000 559.321 20.6467 -45.7316 0.794435 2354.85 76.0353 8.03307e+06 498966 -0.00426378 0.00346097 -0.00145616 0.0035845 0.0111428 0.000582389 0.000242437 2.6338e-05 0.0941999 0.00254485 6.25495 0.208219 80.9843 17.8184 1212.79 94.5031 1300.03 100.785 1300.03 100.785 0.577732 0.0139956 
200 0.24 187200000 559.321 20.6467 -45.7316 0.794435 2354.85 76.0353 8.03307e+06 498966 -0.00426378 0.00345627 -0.00145616 0.00357655 0.0111428 0.000582389 0.000242437 2.6338e-05 0.0941999 0.00254485 6.25495 0.208219 80.9843 17.8167 1212.79 94.5031 1300.03 100.785 1300.03 100.785 0.577732 0.0139956 
200 0.24 187600000 559.321 20.6467 -45.7316 0.794435 2354.85 75.7188 8.03307e+06 496749 -0.00426378 0.00344895 -0.00145616 0.00357442 0.0111428 0.000582389 0.000242437 2.6338e-05 0.0941999 0.00254485 6.25495 0.208219 80.9843 17.8167 1212.79 94.5031 1300.03 100.785 1300.03 100.785 0.577732 0.0139956 
200 0.24 188000000 559.321 20.6467 -45.7316 0.794435 2354.85 75.7188 8.03307e+06 522127 -0.00426378 0.00346302 -0.00145616 0.00357122 0.0111428 0.000582389 0.000242437 2.6338e-05 0.0941999 0.00254485 6.25495 0.208219 80.9843 17.8167 1212.79 94.5031 1300.03 100.785 1300.03 100.785 0.577732 0.0139956 
200 0.24 188400000 559.321 20.5032 -45.7316 0.794435 2354.85 76.6649 8.03307e+06 521070 -0.00426378 0.0034592 -0.00145616 0.00356335 0.0111428 0.000582389 0.000242437 2.6338e-05 0.0941999 0.00254485 6.25495 0.208219 80.9843 17.8167 1212.79 94.5031 1300.03 100.785 1300.03 100.785 0.577732 0.0139956 
200 0.24 188800000 559.321 20.5032 -45.7316 0.794435 2354.85 76.6649 8.03307e+06 520189 -0.00426378 0.00345295 -0.00145616 0.00355842 0.0111428 0.000582389 0.000242437 2.6338e-05 0.0941999 0.00254485 6.25495 0.208219 80.9843 17.8167 1212.79 94.5031 1300.03 100.785 1300.03 100.785 0.577732 0.0139956 
200 0.24 189200000 559.321 20.5032 -45.7316 0.794435 2354.85 76.6028 8.03307e+06 519282 -0.00426378 0.00345065 -0.00145616 0.00355081 0.0111428 0.000582389 0.000242437 2.6338e-05 0.0941999 0.00254485 6.25495 0.208219 80.9843 17.8167 1212.79 94.5031 1300.03 100.785 1300.03 100.785 0.577732 0.0139956 
200 0.24 189600000 559.321 20.5032 -45.7316 0.794435 2354.85 76.6028 8.03307e+06 518142 -0.00426378 0.00344336 -0.00145616 0.0035566 0.0111428 0.000582389 0.000242437 2.6338e-05 0.0941999 0.00254485 6.25495 0.208219 80.9843 17.8167 1212.79 94.5031 1300.03 100.785 1300.03 100.785 0.577732 0.0139956 
200 0.24 190000000 559.321 20.3237 -45.7316 0.788112 2354.85 76.351 8.03307e+06 517115 -0.00426378 0.00343773 -0.00145616 0.00355762 0.0111428 0.000582389 0.000242437 2.6338e-05 0.0941999 0.00254485 6.25495 0.210351 80.9843 17.5255 1212.79 94.5031 1300.03 100.415 1300.03 100.415 0.577732 0.0137854 
200 0.24 190400000 559.321 20.3237 -45.7316 0.788112 2354.85 76.351 8.03307e+06 516224 -0.00426378 0.00343253 -0.00145616 0.00355168 0.0111428 0.000582389 0.000242437 2.6338e-05 0.0941999 0.00254485 6.25495 0.210351 80.9843 17.5042 1212.79 94.5031 1300.03 100.415 1300.03 100.415 0.577732 0.0137854 
200 0.24 190800000 559.321 20.3237 -45.7316 0.788118 2354.85 76.3146 8.03307e+06 515371 -0.00426378 0.00343038 -0.00145616 0.00354417 0.0111428 0.000582389 0.000242437 2.6338e-05 0.0941999 0.00254485 6.25495 0.210351 80.9843 17.5042 1212.79 94.5031 1300.03 100.415 1300.03 100.415 0.577732 0.0137854 
200 0.24 191200000 559.321 20.3237 -45.7316 0.788118 2354.85 76.3146 8.03307e+06 514385 -0.00426378 0.00342527 -0.00145616 0.00353645 0.0111428 0.000582389 0.000242437 2.6338e-05 0.0941999 0.00254485 6.25495 0.210351 80.9843 17.5042 1212.79 94.5031 1300.03 100.415 1300.03 100.415 0.577732 0.0137854 
200 0.24 191600000 559.321 20.2981 -45.7316 0.788112 2354.85 76.0277 8.03307e+06 513363 -0.00426378 0.00343035 -0.00145616 0.00352918 0.0111428 0.000582389 0.000242437 2.6338e-05 0.0941999 0.00254485 6.25495 0.210351 80.9843 17.5042 1212.79 94.5031 1300.03 100.415 1300.03 100.415 0.577732 0.0137854 
200 0.24 192000000 559.321 20.2981 -45.7316 0.788112 2354.85 76.0277 8.03307e+06 512355 -0.00426378 0.00342415 -0.00145616 0.00352506 0.0111428 0.000582389 0.000242437 2.6338e-05 0.0941999 0.00254485 6.25495 0.210351 80.9843 17.5042 1212.79 94.5031 1300.03 100.415 1300.03 100.415 0.577732 0.0137854 
200 0.24 192400000 559.321 20.2981 -45.7316 0.788112 2354.85 76.3 8.03307e+06 520622 -0.00426378 0.00342214 -0.00145616 0.0035217 0.0111428 0.000582389 0.000242437 2.6338e-05 0.0941999 0.00254485 6.25495 0.210351 80.9843 17.5042 1212.79 94.5031 1300.03 100.415 1300.03 100.415 0.577732 0.0137854 
200 0.24 192800000 559.321 20.2981 -45.7316 0.788112 2354.85 76.3 8.03307e+06 519626 -0.00426378 0.00341475 -0.00145616 0.00351411 0.0111428 0.000582389 0.000242437 2.6338e-05 0.0941999 0.00254485 6.25495 0.210351 80.9843 17.5042 1212.79 94.5031 1300.03 100.415 1300.03 100.415 0.577732 0.0137854 
200 0.24 193200000 559.321 20.1314 -45.7316 0.78281 2354.85 76.071 8.03307e+06 518705 -0.00426378 0.00340804 -0.00145616 0.00350973 0.0111428 0.000562453 0.000242437 2.54702e-05 0.0941999 0.00249689 6.25495 0.206982 80.9843 17.2422 1212.79 95.2705 1300.03 100.797 1300.03 100.797 0.577732 0.0140312 
200 0.24 193600000 559.321 20.1314 -45.7316 0.78281 2354.85 76.071 8.03307e+06 517883 -0.00426378 0.00340248 -0.00145616 0.00350753 0.0111428 0.000562453 0.000242437 2.54702e-05 0.0941999 0.00249689 6.25495 0.206982 80.9843 17.2059 1212.79 95.2705 1300.03 100.797 1300.03 100.797 0.577732 0.0140312 
200 0.24 194000000 559.321 20.1314 -45.7316 0.780815 2354.85 75.8123 8.03307e+06 516775 -0.00426378 0.00339546 -0.00145616 0.00350169 0.0111428 0.000562453 0.000242437 2.54702e-05 0.0941999 0.00249689 6.25495 0.206982 80.9843 17.2028 1212.79 95.2705 1300.03 100.797 1300.03 100.797 0.577732 0.0140312 
200 0.24 194400000 559.321 20.1314 -45.7316 0.780815 2354.85 75.8123 8.03307e+06 515670 -0.00426378 0.00339363 -0.00145616 0.00349421 0.0111428 0.000562453 0.000242437 2.54702e-05 0.0941999 0.00249689 6.25495 0.206982 80.9843 17.2028 1212.79 95.2705 1300.03 100.797 1300.03 100.797 0.577732 0.0140312 
200 0.24 194800000 559.321 19.9596 -45.7316 0.777517 2354.85 75.4886 8.03307e+06 514698 -0.00426378 0.00338933 -0.00145616 0.0034881 0.0111428 0.000562453 0.000242437 2.54702e-05 0.0941999 0.00249689 6.25495 0.206982 80.9843 17.2028 1212.79 95.2705 1300.03 100.797 1300.03 100.797 0.577732 0.0140312 
200 0.24 195200000 559.321 19.9596 -45.7316 0.777517 2354.85 75.4886 8.03307e+06 513847 -0.00426378 0.00338217 -0.00145616 0.00348617 0.0111428 0.000562453 0.000242437 2.54702e-05 0.0941999 0.00249689 6.25495 0.206982 80.9843 17.2028 1212.79 95.2705 1300.03 100.797 1300.03 100.797 0.577732 0.0140312 
200 0.24 195600000 559.321 19.9596 -45.7316 0.775855 2354.85 75.2693 8.03307e+06 515463 -0.00426378 0.00338494 -0.00145616 0.00347888 0.0111428 0.000562453 0.000242437 2.54702e-05 0.0941999 0.00249689 6.25495 0.206982 80.9843 17.2028 1212.79 95.2705 1300.03 100.797 1300.03 100.797 0.577732 0.0140312 
200 0.24 196000000 559.321 19.9596 -45.7316 0.775855 2354.85 75.2693 8.03307e+06 514583 -0.00426378 0.00337873 -0.00145616 0.00347295 0.0111428 0.000562453 0.000242437 2.54702e-05 0.0941999 0.00249689 6.25495 0.206982 80.9843 17.2028 1212.79 95.2705 1300.03 100.797 1300.03 100.797 0.577732 0.0140312 
200 0.24 196400000 559.321 19.7942 -45.7316 0.77396 2354.85 75.1844 8.03307e+06 513736 -0.00426378 0.00337174 -0.00145616 0.00346824 0.0111428 0.000562453 0.000242437 2.54702e-05 0.0941999 0.00249689 6.25495 0.204088 80.9843 16.9545 1212.79 95.2705 1300.03 100.797 1300.03 100.797 0.577732 0.0140483 
200 0.24 196800000 559.321 19.7942 -45.7316 0.77396 2354.85 75.1844 8.03307e+06 512734 -0.00426378 0.00336706 -0.00145616 0.00346286 0.0111428 0.000562453 0.000242437 2.54702e-05 0.0941999 0.00249689 6.25495 0.204088 80.9843 16.9475 1212.79 95.2705 1300.03 100.797 1300.03 100.797 0.577732 0.0140483 
200 0.24 197200000 559.321 19.7942 -45.7316 0.770802 2354.85 74.9013 8.03307e+06 511771 -0.00426378 0.00336005 -0.00145616 0.00345627 0.0111428 0.000562453 0.000242437 2.54702e-05 0.0941999 0.00249689 6.25495 0.204088 80.9843 16.9475 1212.79 95.2705 1300.03 100.797 1300.03 100.797 0.577732 0.0140483 
200 0.24 197600000 559.321 19.7942 -45.7316 0.770802 2354.85 74.9013 8.03307e+06 510959 -0.00426378 0.00335355 -0.00145616 0.00344922 0.0111428 0.000562453 0.000242437 2.54702e-05 0.0941999 0.00249689 6.25495 0.204088 80.9843 16.9475 1212.79 95.2705 1300.03 100.797 1300.03 100.797 0.577732 0.0140483 
200 0.24 198000000 559.321 19.6314 -45.7316 0.770135 2354.85 74.8048 8.03307e+06 510044 -0.00426378 0.00335462 -0.00145616 0.00344591 0.0111428 0.000562453 0.000242437 2.54702e-05 0.0941999 0.00249689 6.25495 0.204088 80.9843 16.9475 1212.79 95.2705 1300.03 100.797 1300.03 100.797 0.577732 0.0140483 
200 0.24 198400000 559.321 19.6314 -45.7316 0.770135 2354.85 74.8048 8.03307e+06 509227 -0.00426378 0.00334759 -0.00145616 0.00343869 0.0111428 0.000562453 0.000242437 2.54702e-05 0.0941999 0.00249689 6.25495 0.204088 80.9843 16.9475 1212.79 95.2705 1300.03 100.797 1300.03 100.797 0.577732 0.0140483 
200 0.24 198800000 559.321 19.6314 -45.7316 0.769031 2354.85 74.6866 8.03307e+06 508316 -0.00426378 0.00334072 -0.00145616 0.0034315 0.0111428 0.000562453 0.000242437 2.54702e-05 0.0941999 0.00249689 6.25495 0.204088 80.9843 16.9475 1212.79 95.2705 1300.03 100.797 1300.03 100.797 0.577732 0.0140483 
200 0.24 199200000 559.321 19.6314 -45.7316 0.769031 2354.85 74.6866 8.03307e+06 507535 -0.00426378 0.00333502 -0.00145616 0.00342798 0.0111428 0.000562453 0.000242437 2.54702e-05 0.0941999 0.00249689 6.25495 0.204088 80.9843 16.9475 1212.79 95.2705 1300.03 100.797 1300.03 100.797 0.577732 0.0140483 
200 0.24 199600000 560.225 19.4804 -45.442 0.803068 2336.77 74.8522 8.0433e+06 506730 -0.0043806 0.00333011 -0.00079647 0.00342236 0.0109649 0.000567354 0.000234983 2.53166e-05 0.0934586 0.00249305 6.30898 0.201845 78.8606 16.702 1235.65 92.227 1320.82 99.0468 1320.82 99.0468 0.5835 0.0139048 
200 0.24 200000000 560.225 19.4804 -45.442 0.803068 2336.77 74.8522 8.0433e+06 505757 -0.0043806 0.00332368 -0.00079647 0.00341614 0.0109649 0.000567354 0.000234983 2.53166e-05 0.0934586 0.00249305 6.30898 0.201845 78.8606 16.702 1235.65 92.227 1320.82 99.0468 1320.82 99.0468 0.5835 0.0139048 
200 0.24 200400000 560.225 19.4804 -45.442 0.803068 2336.77 74.8544 8.0433e+06 508183 -0.0043806 0.00331792 -0.00079647 0.00340914 0.0109649 0.000567354 0.000234983 2.53166e-05 0.0934586 0.00249305 6.30898 0.201845 78.8606 16.702 1235.65 92.227 1320.82 99.0468 1320.82 99.0468 0.5835 0.0139048 
200 0.24 200800000 560.225 19.4804 -45.442 0.803068 2336.77 74.8544 8.0433e+06 507244 -0.0043806 0.00331267 -0.00079647 0.00340237 0.0109649 0.000567354 0.000234983 2.53166e-05 0.0934586 0.00249305 6.30898 0.201845 78.8606 16.702 1235.65 92.227 1320.82 99.0468 1320.82 99.0468 0.5835 0.0139048 
200 0.24 201200000 560.225 19.3211 -45.442 0.803068 2336.77 74.601 8.0433e+06 506328 -0.0043806 0.00331013 -0.00079647 0.00340106 0.0109649 0.000567354 0.000234983 2.53166e-05 0.0934586 0.00249305 6.30898 0.201845 78.8606 16.702 1235.65 92.227 1320.82 99.0468 1320.82 99.0468 0.5835 0.0139048 
200 0.24 201600000 560.225 19.3211 -45.442 0.803068 2336.77 74.601 8.0433e+06 505424 -0.0043806 0.00331121 -0.00079647 0.00339557 0.0109649 0.000567354 0.000234983 2.53166e-05 0.0934586 0.00249305 6.30898 0.201845 78.8606 16.702 1235.65 92.227 1320.82 99.0468 1320.82 99.0468 0.5835 0.0139048 
200 0.24 202000000 560.225 19.3211 -45.442 0.803068 2336.77 75.0447 8.0433e+06 519877 -0.0043806 0.00330486 -0.00079647 0.00340951 0.0109649 0.000567354 0.000234983 2.53166e-05 0.0934586 0.00249305 6.30898 0.201845 78.8606 16.702 1235.65 92.227 1320.82 99.0468 1320.82 99.0468 0.5835 0.0139048 
200 0.24 202400000 560.225 19.3211 -45.442 0.803068 2336.77 75.0447 8.0433e+06 518853 -0.0043806 0.00330013 -0.00079647 0.00341357 0.0109649 0.000567354 0.000234983 2.53166e-05 0.0934586 0.00249305 6.30898 0.201845 78.8606 18.0081 1235.65 92.227 1320.82 99.0468 1320.82 99.0468 0.5835 0.0139048 
200 0.24 202800000 560.225 19.4247 -45.442 0.799686 2336.77 74.7431 8.0433e+06 517857 -0.0043806 0.00329479 -0.00079647 0.00340664 0.0109649 0.000567354 0.000234983 2.53166e-05 0.0934586 0.00249305 6.30898 0.199046 78.8606 17.9719 1235.65 92.227 1320.82 98.1499 1320.82 98.1499 0.5835 0.013683 
200 0.24 203200000 560.225 19.4247 -45.442 0.799686 2336.77 75.3851 8.0433e+06 558600 -0.0043806 0.00330141 -0.00079647 0.00339969 0.0109649 0.000567354 0.000234983 2.53166e-05 0.0934586 0.00249305 6.30898 0.199046 78.8606 18.0174 1235.65 92.227 1320.82 98.1499 1320.82 98.1499 0.5835 0.013683 
200 0.24 203600000 560.225 19.4247 -45.442 0.799686 2336.77 76.5893 8.0433e+06 557461 -0.0043806 0.00330565 -0.00079647 0.00339305 0.0109649 0.000567354 0.000234983 2.53166e-05 0.0934586 0.00249305 6.30898 0.199046 78.8606 17.9809 1235.65 92.227 1320.82 98.1499 1320.82 98.1499 0.5835 0.013683 
200 0.24 204000000 560.225 19.4247 -45.442 0.799686 2336.77 76.5893 8.0433e+06 556932 -0.0043806 0.00329935 -0.00079647 0.00338644 0.0109649 0.000567354 0.000234983 2.53166e-05 0.0934586 0.00249305 6.30898 0.199046 78.8606 17.9449 1235.65 92.227 1320.82 98.1499 1320.82 98.1499 0.5835 0.013683 
200 0.24 204400000 560.225 19.3583 -45.442 0.799686 2336.77 76.2826 8.0433e+06 556044 -0.0043806 0.00329296 -0.00079647 0.00338028 0.0109649 0.000567354 0.000234983 2.53166e-05 0.0934586 0.00249305 6.30898 0.199046 78.8606 17.9089 1235.65 92.227 1320.82 98.1499 1320.82 98.1499 0.5835 0.013683 
200 0.24 204800000 560.225 19.3583 -45.442 0.799686 2336.77 76.2826 8.0433e+06 555170 -0.0043806 0.00328857 -0.00079647 0.00337379 0.0109649 0.000567354 0.000234983 2.53166e-05 0.0934586 0.00249305 6.30898 0.199046 78.8606 17.8731 1235.65 92.227 1320.82 98.1499 1320.82 98.1499 0.5835 0.013683 
200 0.24 205200000 560.225 19.3583 -45.442 0.799686 2336.77 76.0954 8.0433e+06 554083 -0.0043806 0.00328255 -0.00079647 0.00337257 0.0109649 0.000567354 0.000234983 2.53166e-05 0.0934586 0.00249305 6.30898 0.199046 78.8606 17.8375 1235.65 92.227 1320.82 98.1499 1320.82 98.1499 0.5835 0.013683 
200 0.24 205600000 560.225 19.3583 -45.442 0.799686 2336.77 76.0954 8.0433e+06 553097 -0.0043806 0.00327735 -0.00079647 0.00337078 0.0109649 0.000567354 0.000234983 2.53166e-05 0.0934586 0.00249305 6.30898 0.199046 78.8606 17.8019 1235.65 92.227 1320.82 98.1499 1320.82 98.1499 0.5835 0.013683 
200 0.24 206000000 560.225 19.3219 -45.442 0.790145 2336.77 75.813 8.0433e+06 552023 -0.0043806 0.00327293 -0.00079647 0.00336543 0.0109649 0.000549358 0.000234983 2.45332e-05 0.0934586 0.00243796 6.30898 0.199832 78.8606 17.7664 1235.65 91.6702 1320.82 98.6351 1320.82 98.6351 0.5835 0.0135046 
200 0.24 206400000 560.225 19.3219 -45.442 0.790145 2336.77 75.813 8.0433e+06 551038 -0.0043806 0.00326639 -0.00079647 0.00336137 0.0109649 0.000549358 0.000234983 2.45332e-05 0.0934586 0.00243796 6.30898 0.199832 78.8606 17.7311 1235.65 91.6702 1320.82 98.6351 1320.82 98.6351 0.5835 0.0135046 
200 0.24 206800000 560.225 19.3219 -45.442 0.790145 2336.77 75.5676 8.0433e+06 550046 -0.0043806 0.00326321 -0.00079647 0.00335484 0.0109649 0.000549358 0.000234983 2.45332e-05 0.0934586 0.00243796 6.30898 0.199832 78.8606 17.6961 1235.65 91.6702 1320.82 98.6351 1320.82 98.6351 0.5835 0.0135046 
200 0.24 207200000 560.225 19.3219 -45.442 0.790145 2336.77 75.5676 8.0433e+06 549196 -0.0043806 0.00325721 -0.00079647 0.0033482 0.0109649 0.000549358 0.000234983 2.45332e-05 0.0934586 0.00243796 6.30898 0.199832 78.8606 17.6613 1235.65 91.6702 1320.82 98.6351 1320.82 98.6351 0.5835 0.0135046 
200 0.24 207600000 560.225 19.2715 -45.442 0.790145 2336.77 75.4685 8.0433e+06 548186 -0.0043806 0.00326266 -0.00079647 0.0033415 0.0109649 0.000549358 0.000234983 2.45332e-05 0.0934586 0.00243796 6.30898 0.199832 78.8606 17.6262 1235.65 91.6702 1320.82 98.6351 1320.82 98.6351 0.5835 0.0135046 
200 0.24 208000000 560.225 19.2715 -45.442 0.790145 2336.77 75.4685 8.0433e+06 547097 -0.0043806 0.00326671 -0.00079647 0.00333506 0.0109649 0.000549358 0.000234983 2.45332e-05 0.0934586 0.00243796 6.30898 0.199832 78.8606 17.5915 1235.65 91.6702 1320.82 98.6351 1320.82 98.6351 0.5835 0.0135046 
200 0.24 208400000 560.225 19.2715 -45.442 0.790145 2336.77 75.2996 8.0433e+06 546105 -0.0043806 0.00326451 -0.00079647 0.00332849 0.0109649 0.000549358 0.000234983 2.45332e-05 0.0934586 0.00243796 6.30898 0.199832 78.8606 17.557 1235.65 91.6702 1320.82 98.6351 1320.82 98.6351 0.5835 0.0135046 
200 0.24 208800000 560.225 19.2715 -45.442 0.790145 2336.77 75.2996 8.0433e+06 545087 -0.0043806 0.00326252 -0.00079647 0.00332531 0.0109649 0.000549358 0.000234983 2.45332e-05 0.0934586 0.00243796 6.30898 0.199832 78.8606 17.5227 1235.65 91.6702 1320.82 98.6351 1320.82 98.6351 0.5835 0.0135046 
200 0.24 209200000 560.225 19.1558 -45.442 0.786703 2336.77 74.9432 8.0433e+06 544190 -0.0043806 0.00325681 -0.00079647 0.00331879 0.0109649 0.000549358 0.000234983 2.45332e-05 0.0934586 0.00243796 6.30898 0.196663 78.8606 17.4881 1235.65 91.6702 1320.82 98.6351 1320.82 98.6351 0.5835 0.0132913 
200 0.24 209600000 560.225 19.1558 -45.442 0.786703 2336.77 74.9432 8.0433e+06 543155 -0.0043806 0.00326295 -0.00079647 0.00331269 0.0109649 0.000549358 0.000234983 2.45332e-05 0.0934586 0.00243796 6.30898 0.196663 78.8606 17.454 1235.65 91.6702 1320.82 98.6351 1320.82 98.6351 0.5835 0.0132913 
200 0.24 210000000 560.225 19.1558 -45.442 0.786703 2336.77 74.8 8.0433e+06 542095 -0.0043806 0.00325651 -0.00079647 0.00330957 0.0109649 0.000549358 0.000234983 2.45332e-05 0.0934586 0.00243796 6.30898 0.196663 78.8606 17.7082 1235.65 91.6702 1320.82 98.6351 1320.82 98.6351 0.5835 0.0132913 
200 0.24 210400000 560.225 19.1558 -45.442 0.786703 2336.77 74.8 8.0433e+06 541026 -0.0043806 0.00325102 -0.00079647 0.00332286 0.0109649 0.000549358 0.000234983 2.45332e-05 0.0934586 0.00243796 6.30898 0.196663 78.8606 20.365 1235.65 91.6702 1320.82 98.6351 1320.82 98.6351 0.5835 0.0132913 
200 0.24 210800000 560.225 19.1558 -45.442 0.786703 2336.77 74.3981 8.0433e+06 540001 -0.0043806 0.00324479 -0.00079647 0.0033165 0.0109649 0.000549358 0.000234983 2.45332e-05 0.0934586 0.00243796 6.30898 0.207628 78.8606 21.289 1235.65 91.6702 1320.82 98.6351 1320.82 98.6351 0.5835 0.0132913 
200 0.24 211200000 560.225 19.1558 -45.442 0.786703 2336.77 74.3981 8.0433e+06 539043 -0.0043806 0.00324299 -0.00079647 0.00331099 0.0109649 0.000549358 0.000234983 2.45332e-05 0.0934586 0.00243796 6.30898 0.207628 78.8606 21.289 1235.65 91.6702 1320.82 98.6351 1320.82 98.6351 0.5835 0.0132913 
200 0.24 211600000 560.225 19.1558 -45.442 0.786703 2336.77 74.2845 8.0433e+06 538188 -0.0043806 0.00323978 -0.00079647 0.00330503 0.0109649 0.000549358 0.000234983 2.45332e-05 0.0934586 0.00243796 6.30898 0.207628 78.8606 21.289 1235.65 91.6702 1320.82 98.6351 1320.82 98.6351 0.5835 0.0132913 
200 0.24 212000000 560.225 19.1558 -45.442 0.786703 2336.77 74.2845 8.0433e+06 537232 -0.0043806 0.00323351 -0.00079647 0.00329977 0.0109649 0.000549358 0.000234983 2.45332e-05 0.0934586 0.00243796 6.30898 0.207628 78.8606 21.289 1235.65 91.6702 1320.82 98.6351 1320.82 98.6351 0.5835 0.0132913 
200 0.24 212400000 551.324 18.9823 -45.527 0.774435 2347.99 73.9574 8.21963e+06 536240 -0.00307137 0.00323286 -0.000439761 0.00329333 0.0109139 0.000533145 0.000231929 2.38294e-05 0.0932674 0.00234113 6.41986 0.211655 97.5332 22.0631 1270.42 93.4282 1374.37 103.092 1374.37 103.092 0.58364 0.0131366 
200 0.24 212800000 551.324 18.9823 -45.527 0.774435 2347.99 73.9574 8.21963e+06 535328 -0.00307137 0.00322745 -0.000439761 0.0032907 0.0109139 0.000533145 0.000231929 2.38294e-05 0.0932674 0.00234113 6.41986 0.211655 97.5332 22.0631 1270.42 93.4282 1374.37 103.092 1374.37 103.092 0.58364 0.0131366 
200 0.24 213200000 551.324 18.9823 -45.527 0.774435 2347.99 73.9461 8.21963e+06 534509 -0.00307137 0.00322131 -0.000439761 0.00328432 0.0109139 0.000533145 0.000231929 2.38294e-05 0.0932674 0.00234113 6.41986 0.211655 97.5332 22.0631 1270.42 93.4282 1374.37 103.092 1374.37 103.092 0.58364 0.0131366 
200 0.24 213600000 551.324 18.9823 -45.527 0.774435 2347.99 73.9461 8.21963e+06 536276 -0.00307137 0.00322004 -0.000439761 0.00327795 0.0109139 0.000533145 0.000231929 2.38294e-05 0.0932674 0.00234113 6.41986 0.211655 97.5332 22.0631 1270.42 93.4282 1374.37 103.092 1374.37 103.092 0.58364 0.0131366 
200 0.24 214000000 551.324 18.9316 -45.527 0.774435 2347.99 73.6609 8.21963e+06 535461 -0.00307137 0.00321401 -0.000439761 0.00327427 0.0109139 0.000533145 0.000231929 2.38294e-05 0.0932674 0.00234113 6.41986 0.211655 97.5332 22.0631 1270.42 93.4282 1374.37 103.092 1374.37 103.092 0.58364 0.0131366 
200 0.24 214400000 551.324 18.9316 -45.527 0.774435 2347.99 73.6609 8.21963e+06 534478 -0.00307137 0.00321168 -0.000439761 0.00327089 0.0109139 0.000533145 0.000231929 2.38294e-05 0.0932674 0.00234113 6.41986 0.211655 97.5332 22.0631 1270.42 93.4282 1374.37 103.092 1374.37 103.092 0.58364 0.0131366 
200 0.24 214800000 551.324 18.9316 -45.527 0.774435 2347.99 73.4103 8.21963e+06 533569 -0.00307137 0.003206 -0.000439761 0.00326736 0.0109139 0.000533145 0.000231929 2.38294e-05 0.0932674 0.00234113 6.41986 0.211655 97.5332 22.0631 1270.42 93.4282 1374.37 103.092 1374.37 103.092 0.58364 0.0131366 
200 0.24 215200000 551.324 18.9316 -45.527 0.774435 2347.99 73.4103 8.21963e+06 532702 -0.00307137 0.00320257 -0.000439761 0.00326109 0.0109139 0.000533145 0.000231929 2.38294e-05 0.0932674 0.00234113 6.41986 0.211655 97.5332 22.0631 1270.42 93.4282 1374.37 103.092 1374.37 103.092 0.58364 0.0131366 
200 0.24 215600000 551.324 18.7884 -45.527 0.762538 2347.99 73.1404 8.21963e+06 531986 -0.00307137 0.00320042 -0.000439761 0.00325845 0.0109139 0.000533145 0.000231929 2.38294e-05 0.0932674 0.00234113 6.41986 0.209023 97.5332 22.0631 1270.42 93.4282 1374.37 103.092 1374.37 103.092 0.58364 0.0129543 
200 0.24 216000000 551.324 18.7884 -45.527 0.762538 2347.99 73.1404 8.21963e+06 531155 -0.00307137 0.00319586 -0.000439761 0.00325625 0.0109139 0.000533145 0.000231929 2.38294e-05 0.0932674 0.00234113 6.41986 0.209023 97.5332 22.0631 1270.42 93.4282 1374.37 103.092 1374.37 103.092 0.58364 0.0129543 
200 0.24 216400000 551.324 18.7884 -45.527 0.762538 2347.99 72.9817 8.21963e+06 530251 -0.00307137 0.00319334 -0.000439761 0.00325359 0.0109139 0.000533145 0.000231929 2.38294e-05 0.0932674 0.00234113 6.41986 0.209023 97.5332 22.0631 1270.42 93.4282 1374.37 103.092 1374.37 103.092 0.58364 0.0129543 
200 0.24 216800000 551.324 18.7884 -45.527 0.762538 2347.99 72.9817 8.21963e+06 529274 -0.00307137 0.00320357 -0.000439761 0.00324803 0.0109139 0.000533145 0.000231929 2.38294e-05 0.0932674 0.00234113 6.41986 0.209023 97.5332 22.0631 1270.42 93.4282 1374.37 103.092 1374.37 103.092 0.58364 0.0129543 
200 0.24 217200000 551.324 18.7125 -45.527 0.762538 2347.99 72.7098 8.21963e+06 528330 -0.00307137 0.00319808 -0.000439761 0.00324453 0.0109139 0.000533145 0.000231929 2.38294e-05 0.0932674 0.00234113 6.41986 0.209023 97.5332 22.0631 1270.42 93.4282 1374.37 103.092 1374.37 103.092 0.58364 0.0129543 
200 0.24 217600000 551.324 18.7125 -45.527 0.762538 2347.99 72.7098 8.21963e+06 527502 -0.00307137 0.003192 -0.000439761 0.00323855 0.0109139 0.000533145 0.000231929 2.38294e-05 0.0932674 0.00234113 6.41986 0.209023 97.5332 22.0631 1270.42 93.4282 1374.37 103.092 1374.37 103.092 0.58364 0.0129543 
200 0.24 218000000 551.324 18.7125 -45.527 0.762538 2347.99 72.5834 8.21963e+06 526652 -0.00307137 0.00319517 -0.000439761 0.00323963 0.0109139 0.000533145 0.000231929 2.38294e-05 0.0932674 0.00234113 6.41986 0.209023 97.5332 22.0631 1270.42 93.4282 1374.37 103.092 1374.37 103.092 0.58364 0.0129543 
200 0.24 218400000 551.324 18.7125 -45.527 0.762538 2347.99 72.5834 8.21963e+06 525653 -0.00307137 0.0031895 -0.000439761 0.00323677 0.0109139 0.000533145 0.000231929 2.38294e-05 0.0932674 0.00234113 6.41986 0.209023 97.5332 22.0631 1270.42 93.4282 1374.37 103.092 1374.37 103.092 0.58364 0.0129543 
200 0.24 218800000 551.324 18.5086 -45.527 0.75526 2347.99 72.3099 8.21963e+06 524756 -0.00307137 0.00318489 -0.000439761 0.00323284 0.0109139 0.00051787 0.000231929 2.31878e-05 0.0932674 0.00229308 6.41986 0.20622 97.5332 22.0631 1270.42 93.4282 1374.37 103.092 1374.37 103.092 0.58364 0.0129503 
200 0.24 219200000 551.324 18.5086 -45.527 0.75526 2347.99 72.3099 8.21963e+06 523913 -0.00307137 0.00317919 -0.000439761 0.00322874 0.0109139 0.00051787 0.000231929 2.31878e-05 0.0932674 0.00229308 6.41986 0.20622 97.5332 22.0631 1270.42 93.4282 1374.37 103.092 1374.37 103.092 0.58364 0.0129503 
200 0.24 219600000 551.324 18.5086 -45.527 0.75526 2347.99 72.1772 8.21963e+06 523070 -0.00307137 0.00317384 -0.000439761 0.00322548 0.0109139 0.00051787 0.000231929 2.31878e-05 0.0932674 0.00229308 6.41986 0.20622 97.5332 22.0631 1270.42 93.4282 1374.37 103.092 1374.37 103.092 0.58364 0.0129503 
200 0.24 220000000 551.324 18.5086 -45.527 0.75526 2347.99 72.1772 8.21963e+06 522100 -0.00307137 0.0031876 -0.000439761 0.00322003 0.0109139 0.00051787 0.000231929 2.31878e-05 0.0932674 0.00229308 6.41986 0.20622 97.5332 22.0631 1270.42 93.4282 1374.37 103.092 1374.37 103.092 0.58364 0.0129503 
200 0.24 220400000 551.324 18.4387 -45.527 0.75526 2347.99 71.883 8.21963e+06 521214 -0.00307137 0.00318746 -0.000439761 0.00321407 0.0109139 0.00051787 0.000231929 2.31878e-05 0.0932674 0.00229308 6.41986 0.20622 97.5332 22.0631 1270.42 93.4282 1374.37 103.092 1374.37 103.092 0.58364 0.0129503 
200 0.24 220800000 551.324 18.4387 -45.527 0.75526 2347.99 71.883 8.21963e+06 520445 -0.00307137 0.00318466 -0.000439761 0.00320858 0.0109139 0.00051787 0.000231929 2.31878e-05 0.0932674 0.00229308 6.41986 0.20622 97.5332 22.0631 1270.42 93.4282 1374.37 103.092 1374.37 103.092 0.58364 0.0129503 
200 0.24 221200000 551.324 18.4387 -45.527 0.75526 2347.99 71.8242 8.21963e+06 519620 -0.00307137 0.0031787 -0.000439761 0.00320263 0.0109139 0.00051787 0.000231929 2.31878e-05 0.0932674 0.00229308 6.41986 0.20622 97.5332 22.0631 1270.42 93.4282 1374.37 103.092 1374.37 103.092 0.58364 0.0129503 
200 0.24 221600000 551.324 18.4387 -45.527 0.75526 2347.99 71.8242 8.21963e+06 518824 -0.00307137 0.00317596 -0.000439761 0.00319708 0.0109139 0.00051787 0.000231929 2.31878e-05 0.0932674 0.00229308 6.41986 0.20622 97.5332 22.0631 1270.42 93.4282 1374.37 103.092 1374.37 103.092 0.58364 0.0129503 
200 0.24 222000000 551.324 18.3143 -45.527 0.751769 2347.99 71.6397 8.21963e+06 517875 -0.00307137 0.00317391 -0.000439761 0.00321908 0.0109139 0.00051787 0.000231929 2.31878e-05 0.0932674 0.00229308 6.41986 0.203375 97.5332 22.0631 1270.42 93.4282 1374.37 103.092 1374.37 103.092 0.58364 0.0129333 
200 0.24 222400000 551.324 18.3143 -45.527 0.751769 2347.99 71.6397 8.21963e+06 517000 -0.00307137 0.00316947 -0.000439761 0.00321576 0.0109139 0.00051787 0.000231929 2.31878e-05 0.0932674 0.00229308 6.41986 0.203375 97.5332 22.0631 1270.42 93.4282 1374.37 103.092 1374.37 103.092 0.58364 0.0129333 
200 0.24 222800000 551.324 18.3143 -45.527 0.751769 2347.99 71.6397 8.21963e+06 516051 -0.00307137 0.00316371 -0.000439761 0.00321237 0.0109139 0.00051787 0.000231929 2.31878e-05 0.0932674 0.00229308 6.41986 0.203375 97.5332 22.0631 1270.42 93.4282 1374.37 103.092 1374.37 103.092 0.58364 0.0129333 
200 0.24 223200000 551.324 18.3143 -45.527 0.751769 2347.99 71.6397 8.21963e+06 515119 -0.00307137 0.00316137 -0.000439761 0.00320759 0.0109139 0.00051787 0.000231929 2.31878e-05 0.0932674 0.00229308 6.41986 0.203375 97.5332 22.0631 1270.42 93.4282 1374.37 103.092 1374.37 103.092 0.58364 0.0129333 
200 0.24 223600000 551.324 18.1996 -45.527 0.751769 2347.99 71.2776 8.21963e+06 514189 -0.00307137 0.00315552 -0.000439761 0.0032052 0.0109139 0.00051787 0.000231929 2.31878e-05 0.0932674 0.00229308 6.41986 0.203375 97.5332 22.0631 1270.42 93.4282 1374.37 103.092 1374.37 103.092 0.58364 0.0129333 
200 0.24 224000000 551.324 18.1996 -45.527 0.751769 2347.99 71.2776 8.21963e+06 513394 -0.00307137 0.00315452 -0.000439761 0.00319935 0.0109139 0.00051787 0.000231929 2.31878e-05 0.0932674 0.00229308 6.41986 0.203375 97.5332 22.0631 1270.42 93.4282 1374.37 103.092 1374.37 103.092 0.58364 0.0129333 
200 0.24 224400000 551.324 18.1996 -45.527 0.751769 2347.99 71.2776 8.21963e+06 512636 -0.00307137 0.00315132 -0.000439761 0.00319345 0.0109139 0.00051787 0.000231929 2.31878e-05 0.0932674 0.00229308 6.41986 0.203375 97.5332 22.0631 1270.42 93.4282 1374.37 103.092 1374.37 103.092 0.58364 0.0129333 
200 0.24 224800000 551.324 18.1996 -45.527 0.751769 2347.99 71.2776 8.21963e+06 514321 -0.00307137 0.00314554 -0.000439761 0.00319325 0.0109139 0.00051787 0.000231929 2.31878e-05 0.0932674 0.00229308 6.41986 0.203375 97.5332 22.0631 1270.42 93.4282 1374.37 103.092 1374.37 103.092 0.58364 0.0129333 
200 0.24 225200000 550.945 18.1053 -45.3285 0.740847 2325.82 70.8699 8.07577e+06 513548 -0.00318496 0.00313983 0.000235854 0.00319005 0.0109092 0.000503291 0.000233279 2.2741e-05 0.0932687 0.00220604 6.35542 0.202043 93.1836 21.1897 1252.94 93.4282 1352.48 103.092 1352.48 103.092 0.585799 0.01283 
200 0.24 225600000 550.945 18.1053 -45.3285 0.740847 2325.82 70.8699 8.07577e+06 513118 -0.00318496 0.00314171 0.000235854 0.00318423 0.0109092 0.000503291 0.000233279 2.2741e-05 0.0932687 0.00220604 6.35542 0.202043 93.1836 21.1897 1252.94 93.4282 1352.48 103.092 1352.48 103.092 0.585799 0.01283 
200 0.24 226000000 550.945 18.1053 -45.3285 0.740847 2325.82 70.6763 8.07577e+06 512258 -0.00318496 0.00314105 0.000235854 0.00318164 0.0109092 0.000503291 0.000233279 2.2741e-05 0.0932687 0.00220604 6.35542 0.202043 93.1836 21.1897 1252.94 93.4282 1352.48 103.092 1352.48 103.092 0.585799 0.01283 
200 0.24 226400000 550.945 18.1053 -45.3285 0.740847 2325.82 70.6763 8.07577e+06 511360 -0.00318496 0.00314304 0.000235854 0.00317665 0.0109092 0.000503291 0.000233279 2.2741e-05 0.0932687 0.00220604 6.35542 0.202043 93.1836 21.1897 1252.94 93.4282 1352.48 103.092 1352.48 103.092 0.585799 0.01283 
200 0.24 226800000 550.945 18.0481 -45.3285 0.740847 2325.82 70.5389 8.07577e+06 510637 -0.00318496 0.00313737 0.000235854 0.00317122 0.0109092 0.000503291 0.000233279 2.2741e-05 0.0932687 0.00220604 6.35542 0.202043 93.1836 21.1897 1252.94 93.4282 1352.48 103.092 1352.48 103.092 0.585799 0.01283 
200 0.24 227200000 550.945 18.0481 -45.3285 0.740847 2325.82 70.5389 8.07577e+06 509892 -0.00318496 0.00313166 0.000235854 0.00317329 0.0109092 0.000503291 0.000233279 2.2741e-05 0.0932687 0.00220604 6.35542 0.202043 93.1836 21.1897 1252.94 93.4282 1352.48 103.092 1352.48 103.092 0.585799 0.01283 
200 0.24 227600000 550.945 18.0481 -45.3285 0.740847 2325.82 70.5206 8.07577e+06 509147 -0.00318496 0.00312894 0.000235854 0.00316801 0.0109092 0.000503291 0.000233279 2.2741e-05 0.0932687 0.00220604 6.35542 0.202043 93.1836 21.1897 1252.94 93.4282 1352.48 103.092 1352.48 103.092 0.585799 0.01283 
200 0.24 228000000 550.945 18.0481 -45.3285 0.740847 2325.82 70.5206 8.07577e+06 508302 -0.00318496 0.00312544 0.000235854 0.00316573 0.0109092 0.000503291 0.000233279 2.2741e-05 0.0932687 0.00220604 6.35542 0.202043 93.1836 21.1897 1252.94 93.4282 1352.48 103.092 1352.48 103.092 0.585799 0.01283 
200 0.24 228400000 550.945 17.8616 -45.3285 0.735961 2325.82 70.2874 8.07577e+06 507445 -0.00318496 0.00311978 0.000235854 0.0031566 0.0109092 0.000503291 0.000233279 2.2741e-05 0.0932687 0.00220604 6.35542 0.199777 93.1836 21.1897 1252.94 93.4282 1352.48 103.092 1352.48 103.092 0.585799 0.0127563 
200 0.24 228800000 550.945 17.8616 -45.3285 0.735961 2325.82 70.2874 8.07577e+06 506690 -0.00318496 0.0031142 0.000235854 0.0031543 0.0109092 0.000503291 0.000233279 2.2741e-05 0.0932687 0.00220604 6.35542 0.199777 93.1836 21.1897 1252.94 93.4282 1352.48 103.092 1352.48 103.092 0.585799 0.0127563 
200 0.24 229200000 550.945 17.8616 -45.3285 0.735961 2325.82 70.0408 8.07577e+06 506091 -0.00318496 0.00311354 0.000235854 0.00315636 0.0109092 0.000503291 0.000233279 2.2741e-05 0.0932687 0.00220604 6.35542 0.199777 93.1836 21.1897 1252.94 93.4282 1352.48 103.092 1352.48 103.092 0.585799 0.0127563 
200 0.24 229600000 550.945 17.8616 -45.3285 0.735961 2325.82 70.0408 8.07577e+06 505384 -0.00318496 0.00311461 0.000235854 0.00315636 0.0109092 0.000503291 0.000233279 2.2741e-05 0.0932687 0.00220604 6.35542 0.199777 93.1836 21.1897 1252.94 93.4282 1352.48 103.092 1352.48 103.092 0.585799 0.0127563 
200 0.24 230000000 550.945 17.8035 -45.3285 0.735961 2325.82 69.8078 8.07577e+06 504536 -0.00318496 0.00311323 0.000235854 0.00314805 0.0109092 0.000503291 0.000233279 2.2741e-05 0.0932687 0.00220604 6.35542 0.199777 93.1836 21.1897 1252.94 93.4282 1352.48 103.092 1352.48 103.092 0.585799 0.0127563 
200 0.24 230400000 550.945 17.8035 -45.3285 0.735961 2325.82 69.8078 8.07577e+06 503764 -0.00318496 0.00310828 0.000235854 0.00314805 0.0109092 0.000503291 0.000233279 2.2741e-05 0.0932687 0.00220604 6.35542 0.199777 93.1836 21.1897 1252.94 93.4282 1352.48 103.092 1352.48 103.092 0.585799 0.0127563 
200 0.24 230800000 550.945 17.8035 -45.3285 0.735961 2325.82 69.7676 8.07577e+06 502977 -0.00318496 0.00310527 0.000235854 0.00314676 0.0109092 0.000503291 0.000233279 2.2741e-05 0.0932687 0.00220604 6.35542 0.199777 93.1836 21.1897 1252.94 93.4282 1352.48 103.092 1352.48 103.092 0.585799 0.0127563 
200 0.24 231200000 550.945 17.8035 -45.3285 0.735961 2325.82 69.7676 8.07577e+06 502194 -0.00318496 0.00310552 0.000235854 0.00314676 0.0109092 0.000503291 0.000233279 2.2741e-05 0.0932687 0.00220604 6.35542 0.199777 93.1836 21.1897 1252.94 93.4282 1352.48 103.092 1352.48 103.092 0.585799 0.0127563 
200 0.24 231600000 550.945 17.6372 -45.3285 0.728817 2325.82 69.4455 8.07577e+06 501368 -0.00318496 0.00310104 0.000235854 0.00313554 0.0109092 0.00048907 0.000233279 2.21719e-05 0.0932687 0.00219654 6.35542 0.200137 93.1836 21.1897 1252.94 93.4282 1352.48 103.092 1352.48 103.092 0.585799 0.0125823 
200 0.24 232000000 550.945 17.6372 -45.3285 0.728817 2325.82 69.4455 8.07577e+06 500529 -0.00318496 0.00309558 0.000235854 0.00313554 0.0109092 0.00048907 0.000233279 2.21719e-05 0.0932687 0.00219654 6.35542 0.200137 93.1836 21.1897 1252.94 93.4282 1352.48 103.092 1352.48 103.092 0.585799 0.0125823 
200 0.24 232400000 550.945 17.6372 -45.3285 0.728817 2325.82 69.6475 8.07577e+06 505354 -0.00318496 0.00310488 0.000235854 0.00319998 0.0109092 0.00048907 0.000233279 3.00461e-05 0.0932687 0.00219654 6.35542 0.200137 93.1836 21.1897 1252.94 93.4282 1352.48 103.092 1352.48 103.092 0.585799 0.0125823 
200 0.24 232800000 550.945 17.6372 -45.3285 0.728817 2325.82 69.6475 8.07577e+06 504511 -0.00318496 0.00310116 0.000235854 0.00319998 0.0109092 0.00048907 0.000233279 2.99958e-05 0.0932687 0.00219654 6.35542 0.200137 93.1836 21.1897 1252.94 93.4282 1352.48 103.092 1352.48 103.092 0.585799 0.0125823 
200 0.24 233200000 550.945 17.6428 -45.3285 0.728817 2325.82 69.709 8.07577e+06 504198 -0.00318496 0.00309605 0.000235854 0.00319949 0.0109092 0.00048907 0.000233279 2.99427e-05 0.0932687 0.00219654 6.35542 0.200137 93.1836 21.1897 1252.94 93.4282 1352.48 103.092 1352.48 103.092 0.585799 0.0125823 
200 0.24 233600000 550.945 17.6428 -45.3285 0.728817 2325.82 69.709 8.07577e+06 503352 -0.00318496 0.00309172 0.000235854 0.00319949 0.0109092 0.00048907 0.000233279 2.98929e-05 0.0932687 0.00219654 6.35542 0.200137 93.1836 21.1897 1252.94 93.4282 1352.48 103.092 1352.48 103.092 0.585799 0.0125823 
200 0.24 234000000 550.945 17.6428 -45.3285 0.728817 2325.82 69.709 8.07577e+06 502581 -0.00318496 0.00308634 0.000235854 0.00318874 0.0109092 0.00048907 0.000233279 2.98433e-05 0.0932687 0.00219654 6.35542 0.200137 93.1836 21.1897 1252.94 93.4282 1352.48 103.092 1352.48 103.092 0.585799 0.0125823 
200 0.24 234400000 550.945 17.6428 -45.3285 0.728817 2325.82 69.709 8.07577e+06 501881 -0.00318496 0.0030834 0.000235854 0.00318874 0.0109092 0.00048907 0.000233279 2.97933e-05 0.0932687 0.00219654 6.35542 0.200137 93.1836 21.1897 1252.94 93.4282 1352.48 103.092 1352.48 103.092 0.585799 0.0125823 
200 0.24 234800000 550.945 17.5258 -45.3285 0.719002 2325.82 69.6612 8.07577e+06 501161 -0.00318496 0.00308293 0.000235854 0.00318269 0.0109092 0.00048907 0.000233279 2.9741e-05 0.0932687 0.00219654 6.35542 0.197318 93.1836 21.1897 1252.94 93.4282 1352.48 103.092 1352.48 103.092 0.585799 0.0124363 
200 0.24 235200000 550.945 17.5258 -45.3285 0.719002 2325.82 69.6612 8.07577e+06 500548 -0.00318496 0.00307752 0.000235854 0.00318269 0.0109092 0.00048907 0.000233279 2.9691e-05 0.0932687 0.00219654 6.35542 0.197318 93.1836 21.1897 1252.94 93.4282 1352.48 103.092 1352.48 103.092 0.585799 0.0124363 
200 0.24 235600000 550.945 17.5258 -45.3285 0.719002 2325.82 69.6612 8.07577e+06 499867 -0.00318496 0.00307313 0.000235854 0.00317796 0.0109092 0.00048907 0.000233279 2.96419e-05 0.0932687 0.00219654 6.35542 0.197318 93.1836 21.1897 1252.94 93.4282 1352.48 103.092 1352.48 103.092 0.585799 0.0124363 
200 0.24 236000000 550.945 17.5258 -45.3285 0.719002 2325.82 69.6612 8.07577e+06 499088 -0.00318496 0.0030736 0.000235854 0.00317796 0.0109092 0.00048907 0.000233279 2.95903e-05 0.0932687 0.00219654 6.35542 0.197318 93.1836 21.1897 1252.94 93.4282 1352.48 103.092 1352.48 103.092 0.585799 0.0124363 
200 0.24 236400000 550.945 17.502 -45.3285 0.719002 2325.82 69.2613 8.07577e+06 498332 -0.00318496 0.00306853 0.000235854 0.00316859 0.0109092 0.00048907 0.000233279 2.95418e-05 0.0932687 0.00219654 6.35542 0.197318 93.1836 21.1897 1252.94 93.4282 1352.48 103.092 1352.48 103.092 0.585799 0.0124363 
200 0.24 236800000 550.945 17.502 -45.3285 0.719002 2325.82 69.2613 8.07577e+06 502873 -0.00318496 0.00306404 0.000235854 0.00316859 0.0109092 0.00048907 0.000233279 2.94908e-05 0.0932687 0.00219654 6.35542 0.197318 93.1836 21.1897 1252.94 93.4282 1352.48 103.092 1352.48 103.092 0.585799 0.0124363 
200 0.24 237200000 550.945 17.502 -45.3285 0.719002 2325.82 69.2613 8.07577e+06 502130 -0.00318496 0.00306023 0.000235854 0.00318655 0.0109092 0.00048907 0.000233279 2.94446e-05 0.0932687 0.00219654 6.35542 0.197318 93.1836 21.1897 1252.94 93.4282 1352.48 103.092 1352.48 103.092 0.585799 0.0124363 
200 0.24 237600000 550.945 17.502 -45.3285 0.719002 2325.82 69.2613 8.07577e+06 501302 -0.00318496 0.00305692 0.000235854 0.00318655 0.0109092 0.00048907 0.000233279 2.93955e-05 0.0932687 0.00219654 6.35542 0.197318 93.1836 21.1897 1252.94 93.4282 1352.48 103.092 1352.48 103.092 0.585799 0.0124363 
200 0.24 238000000 555.299 17.6651 -45.1703 0.709297 2315.42 68.9533 8.05878e+06 500622 -0.00204614 0.00305186 -0.000217281 0.00318575 0.011029 0.000493075 0.000250144 2.93456e-05 0.0935674 0.00210595 6.30213 0.204712 88.9993 20.4214 1223.49 94.0998 1318.79 105.564 1318.79 105.564 0.58344 0.0122825 
200 0.24 238400000 555.299 17.6651 -45.1703 0.709297 2315.42 68.9533 8.05878e+06 499880 -0.00204614 0.00304701 -0.000217281 0.00318575 0.011029 0.000493075 0.000250144 2.92979e-05 0.0935674 0.00210595 6.30213 0.204712 88.9993 20.4214 1223.49 94.0998 1318.79 105.564 1318.79 105.564 0.58344 0.0122825 
200 0.24 238800000 555.299 17.6651 -45.1703 0.709297 2315.42 68.9533 8.05878e+06 499084 -0.00204614 0.00304191 -0.000217281 0.00318773 0.011029 0.000493075 0.000250144 2.93234e-05 0.0935674 0.00210595 6.30213 0.204712 88.9993 20.4214 1223.49 94.0998 1318.79 105.564 1318.79 105.564 0.58344 0.0122825 
200 0.24 239200000 555.299 17.6651 -45.1703 0.709297 2315.42 68.9533 8.05878e+06 498264 -0.00204614 0.00303728 -0.000217281 0.00318773 0.011029 0.000493075 0.000250144 2.92756e-05 0.0935674 0.00210595 6.30213 0.204712 88.9993 20.4214 1223.49 94.0998 1318.79 105.564 1318.79 105.564 0.58344 0.0122825 
200 0.24 239600000 555.299 17.5504 -45.1703 0.709297 2315.42 68.6963 8.05878e+06 497557 -0.00204614 0.00303331 -0.000217281 0.0031781 0.011029 0.000493075 0.000250144 2.92254e-05 0.0935674 0.00210595 6.30213 0.204712 88.9993 20.4214 1223.49 94.0998 1318.79 105.564 1318.79 105.564 0.58344 0.0122825 
200 0.24 240000000 555.299 17.5504 -45.1703 0.709297 2315.42 68.6963 8.05878e+06 496806 -0.00204614 0.00302816 -0.000217281 0.0031781 0.011029 0.000493075 0.000250144 2.91783e-05 0.0935674 0.00210595 6.30213 0.204712 88.9993 20.4214 1223.49 94.0998 1318.79 105.564 1318.79 105.564 0.58344 0.0122825 
200 0.24 240400000 555.299 17.5504 -45.1703 0.709297 2315.42 68.6963 8.05878e+06 495962 -0.00204614 0.00302361 -0.000217281 0.00316995 0.011029 0.000493075 0.000250144 2.91309e-05 0.0935674 0.00210595 6.30213 0.204712 88.9993 20.4214 1223.49 94.0998 1318.79 105.564 1318.79 105.564 0.58344 0.0122825 
200 0.24 240800000 555.299 17.5504 -45.1703 0.709297 2315.42 68.6963 8.05878e+06 495241 -0.00204614 0.00301885 -0.000217281 0.00316995 0.011029 0.000493075 0.000250144 2.90832e-05 0.0935674 0.00210595 6.30213 0.204712 88.9993 20.4214 1223.49 94.0998 1318.79 105.564 1318.79 105.564 0.58344 0.0122825 
200 0.24 241200000 555.299 17.4363 -45.1703 0.702111 2315.42 68.2826 8.05878e+06 494402 -0.00204614 0.00301582 -0.000217281 0.0031591 0.011029 0.000493075 0.000250144 2.90349e-05 0.0935674 0.00210595 6.30213 0.204712 88.9993 20.4214 1223.49 94.0998 1318.79 105.564 1318.79 105.564 0.58344 0.0121559 
200 0.24 241600000 555.299 17.4363 -45.1703 0.702111 2315.42 68.2826 8.05878e+06 493714 -0.00204614 0.003013 -0.000217281 0.0031591 0.011029 0.000493075 0.000250144 2.8986e-05 0.0935674 0.00210595 6.30213 0.204712 88.9993 20.4214 1223.49 94.0998 1318.79 105.564 1318.79 105.564 0.58344 0.0121559 
200 0.24 242000000 555.299 17.4363 -45.1703 0.702111 2315.42 68.2826 8.05878e+06 493044 -0.00204614 0.00300829 -0.000217281 0.00315484 0.011029 0.000493075 0.000250144 2.89396e-05 0.0935674 0.00210595 6.30213 0.204712 88.9993 20.4214 1223.49 94.0998 1318.79 105.564 1318.79 105.564 0.58344 0.0121559 
200 0.24 242400000 555.299 17.4363 -45.1703 0.702111 2315.42 68.2826 8.05878e+06 492205 -0.00204614 0.00300822 -0.000217281 0.00315484 0.011029 0.000493075 0.000250144 2.88909e-05 0.0935674 0.00210595 6.30213 0.204712 88.9993 20.4214 1223.49 94.0998 1318.79 105.564 1318.79 105.564 0.58344 0.0121559 
200 0.24 242800000 555.299 17.3925 -45.1703 0.702111 2315.42 68.0826 8.05878e+06 491480 -0.00204614 0.00300446 -0.000217281 0.00314425 0.011029 0.000493075 0.000250144 2.88418e-05 0.0935674 0.00210595 6.30213 0.204712 88.9993 20.4214 1223.49 94.0998 1318.79 105.564 1318.79 105.564 0.58344 0.0121559 
200 0.24 243200000 555.299 17.3925 -45.1703 0.702111 2315.42 68.0826 8.05878e+06 491511 -0.00204614 0.00300237 -0.000217281 0.00314425 0.011029 0.000493075 0.000250144 2.87929e-05 0.0935674 0.00210595 6.30213 0.204712 88.9993 20.4214 1223.49 94.0998 1318.79 105.564 1318.79 105.564 0.58344 0.0121559 
200 0.24 243600000 555.299 17.3925 -45.1703 0.702111 2315.42 68.0826 8.05878e+06 490849 -0.00204614 0.00299884 -0.000217281 0.00313936 0.011029 0.000493075 0.000250144 2.87469e-05 0.0935674 0.00210595 6.30213 0.204712 88.9993 20.4214 1223.49 94.0998 1318.79 105.564 1318.79 105.564 0.58344 0.0121559 
200 0.24 244000000 555.299 17.3925 -45.1703 0.702111 2315.42 68.0826 8.05878e+06 490026 -0.00204614 0.00299792 -0.000217281 0.00313936 0.011029 0.000493075 0.000250144 2.86983e-05 0.0935674 0.00210595 6.30213 0.204712 88.9993 20.4214 1223.49 94.0998 1318.79 105.564 1318.79 105.564 0.58344 0.0121559 
200 0.24 244400000 555.299 17.282 -45.1703 0.695121 2315.42 67.745 8.05878e+06 489250 -0.00204614 0.00299507 -0.000217281 0.00313088 0.011029 0.000479941 0.000250144 2.86523e-05 0.0935674 0.00205886 6.30213 0.204712 88.9993 20.4214 1223.49 94.0998 1318.79 105.564 1318.79 105.564 0.58344 0.0124257 
200 0.24 244800000 555.299 17.282 -45.1703 0.695121 2315.42 67.745 8.05878e+06 488604 -0.00204614 0.00299011 -0.000217281 0.00313088 0.011029 0.000479941 0.000250144 2.86069e-05 0.0935674 0.00205886 6.30213 0.204712 88.9993 20.4214 1223.49 94.0998 1318.79 105.564 1318.79 105.564 0.58344 0.0124257 
200 0.24 245200000 555.299 17.282 -45.1703 0.695121 2315.42 67.745 8.05878e+06 487959 -0.00204614 0.00298509 -0.000217281 0.00312082 0.011029 0.000479941 0.000250144 2.85609e-05 0.0935674 0.00205886 6.30213 0.204712 88.9993 20.4214 1223.49 94.0998 1318.79 105.564 1318.79 105.564 0.58344 0.0124257 
200 0.24 245600000 555.299 17.282 -45.1703 0.695121 2315.42 67.745 8.05878e+06 487211 -0.00204614 0.00298132 -0.000217281 0.00312082 0.011029 0.000479941 0.000250144 2.8514e-05 0.0935674 0.00205886 6.30213 0.204712 88.9993 20.4214 1223.49 94.0998 1318.79 105.564 1318.79 105.564 0.58344 0.0124257 
200 0.24 246000000 555.299 17.1679 -45.1703 0.701667 2315.42 68.0577 8.05878e+06 486555 -0.00204614 0.00297709 -0.000217281 0.00312256 0.011029 0.000479941 0.000250144 2.8469e-05 0.0935674 0.00205886 6.30213 0.204712 88.9993 20.4214 1223.49 94.0998 1318.79 105.564 1318.79 105.564 0.58344 0.0124257 
200 0.24 246400000 555.299 17.1679 -45.1703 0.701667 2315.42 68.0577 8.05878e+06 485766 -0.00204614 0.00297471 -0.000217281 0.00312256 0.011029 0.000479941 0.000250144 2.84227e-05 0.0935674 0.00205886 6.30213 0.204712 88.9993 20.4214 1223.49 94.0998 1318.79 105.564 1318.79 105.564 0.58344 0.0124257 
200 0.24 246800000 555.299 17.1679 -45.1703 0.701667 2315.42 68.0577 8.05878e+06 485121 -0.00204614 0.00296977 -0.000217281 0.0031135 0.011029 0.000479941 0.000250144 2.83782e-05 0.0935674 0.00205886 6.30213 0.204712 88.9993 20.4214 1223.49 94.0998 1318.79 105.564 1318.79 105.564 0.58344 0.0124257 
200 0.24 247200000 555.299 17.1679 -45.1703 0.701667 2315.42 68.0577 8.05878e+06 484485 -0.00204614 0.00296481 -0.000217281 0.0031135 0.011029 0.000479941 0.000250144 2.83338e-05 0.0935674 0.00205886 6.30213 0.204712 88.9993 20.4214 1223.49 94.0998 1318.79 105.564 1318.79 105.564 0.58344 0.0124257 
200 0.24 247600000 555.299 17.123 -45.1703 0.710748 2315.42 67.8876 8.05878e+06 483696 -0.00204614 0.00295993 -0.000217281 0.00310659 0.011029 0.000479941 0.000250144 2.82873e-05 0.0935674 0.00205886 6.30213 0.204712 88.9993 20.4214 1223.49 94.0998 1318.79 105.564 1318.79 105.564 0.58344 0.0122954 
200 0.24 248000000 555.299 17.123 -45.1703 0.710748 2315.42 67.8876 8.05878e+06 482904 -0.00204614 0.00295851 -0.000217281 0.00310659 0.011029 0.000479941 0.000250144 2.82412e-05 0.0935674 0.00205886 6.30213 0.204712 88.9993 20.4214 1223.49 94.0998 1318.79 105.564 1318.79 105.564 0.58344 0.0122954 
200 0.24 248400000 555.299 17.123 -45.1703 0.710748 2315.42 67.8876 8.05878e+06 482292 -0.00204614 0.0029536 -0.000217281 0.00309984 0.011029 0.000479941 0.000250144 2.81973e-05 0.0935674 0.00205886 6.30213 0.204712 88.9993 20.4214 1223.49 94.0998 1318.79 105.564 1318.79 105.564 0.58344 0.0122954 
200 0.24 248800000 555.299 17.123 -45.1703 0.710748 2315.42 67.8876 8.05878e+06 482100 -0.00204614 0.00294891 -0.000217281 0.00309984 0.011029 0.000479941 0.000250144 2.81535e-05 0.0935674 0.00205886 6.30213 0.204712 88.9993 20.4214 1223.49 94.0998 1318.79 105.564 1318.79 105.564 0.58344 0.0122954 
200 0.24 249200000 555.299 17.0187 -45.1703 0.710748 2315.42 67.7279 8.05878e+06 481366 -0.00204614 0.00295369 -0.000217281 0.00308963 0.011029 0.000479941 0.000250144 2.81082e-05 0.0935674 0.00205886 6.30213 0.204712 88.9993 20.4214 1223.49 94.0998 1318.79 105.564 1318.79 105.564 0.58344 0.0122954 
200 0.24 249600000 555.299 17.0187 -45.1703 0.710748 2315.42 67.7279 8.05878e+06 480591 -0.00204614 0.00294889 -0.000217281 0.00308963 0.011029 0.000479941 0.000250144 2.80618e-05 0.0935674 0.00205886 6.30213 0.204712 88.9993 20.4214 1223.49 94.0998 1318.79 105.564 1318.79 105.564 0.58344 0.0122954 
200 0.24 250000000 555.299 17.0187 -45.1703 0.710748 2315.42 67.7279 8.05878e+06 487033 -0.00204614 0.00294858 -0.000217281 0.00308246 0.011029 0.000479941 0.000250144 2.80162e-05 0.0935674 0.00205886 6.30213 0.204712 88.9993 20.4214 1223.49 94.0998 1318.79 105.564 1318.79 105.564 0.58344 0.0122954 
200 0.24 250400000 555.299 17.0187 -45.1703 0.710748 2315.42 67.7279 8.05878e+06 486259 -0.00204614 0.00294965 -0.000217281 0.00308246 0.011029 0.000479941 0.000250144 2.79706e-05 0.0935674 0.00205886 6.30213 0.204712 88.9993 20.4214 1223.49 94.0998 1318.79 105.564 1318.79 105.564 0.58344 0.0122954 
200 0.24 250800000 552.905 16.935 -45.0284 0.714082 2302.78 67.7233 7.99446e+06 485622 -0.00238151 0.0029507 0.00103725 0.00307486 0.0109757 0.000468936 0.000246115 2.79248e-05 0.0933093 0.00200724 6.27847 0.204712 85.8977 19.5807 1212.38 94.0998 1304.56 105.564 1304.56 105.564 0.580392 0.0121346 
200 0.24 251200000 552.905 16.935 -45.0284 0.714082 2302.78 67.7233 7.99446e+06 484978 -0.00238151 0.00294648 0.00103725 0.00307486 0.0109757 0.000468936 0.000246115 2.78812e-05 0.0933093 0.00200724 6.27847 0.204712 85.8977 19.5807 1212.38 94.0998 1304.56 105.564 1304.56 105.564 0.580392 0.0121346 
200 0.24 251600000 552.905 16.935 -45.0284 0.714082 2302.78 67.7233 7.99446e+06 484220 -0.00238151 0.00294169 0.00103725 0.00306526 0.0109757 0.000468936 0.000246115 2.78383e-05 0.0933093 0.00200724 6.27847 0.204712 85.8977 19.5807 1212.38 94.0998 1304.56 105.564 1304.56 105.564 0.580392 0.0121346 
200 0.24 252000000 552.905 16.935 -45.0284 0.714082 2302.78 67.7233 7.99446e+06 483555 -0.00238151 0.00293783 0.00103725 0.00306526 0.0109757 0.000468936 0.000246115 2.77951e-05 0.0933093 0.00200724 6.27847 0.204712 85.8977 19.5807 1212.38 94.0998 1304.56 105.564 1304.56 105.564 0.580392 0.0121346 
200 0.24 252400000 552.905 16.8356 -45.0284 0.714082 2302.78 67.6952 7.99446e+06 483641 -0.00238151 0.00293466 0.00103725 0.00306359 0.0109757 0.000468936 0.000246115 2.77502e-05 0.0933093 0.00200724 6.27847 0.204712 85.8977 19.5807 1212.38 94.0998 1304.56 105.564 1304.56 105.564 0.580392 0.0121346 
200 0.24 252800000 552.905 16.8356 -45.0284 0.714082 2302.78 67.6952 7.99446e+06 483024 -0.00238151 0.00293413 0.00103725 0.00306359 0.0109757 0.000468936 0.000246115 2.7706e-05 0.0933093 0.00200724 6.27847 0.204712 85.8977 19.5807 1212.38 94.0998 1304.56 105.564 1304.56 105.564 0.580392 0.0121346 
200 0.24 253200000 552.905 16.8356 -45.0284 0.714082 2302.78 67.6952 7.99446e+06 482402 -0.00238151 0.00293986 0.00103725 0.00305404 0.0109757 0.000468936 0.000246115 2.76648e-05 0.0933093 0.00200724 6.27847 0.204712 85.8977 19.5807 1212.38 94.0998 1304.56 105.564 1304.56 105.564 0.580392 0.0121346 
200 0.24 253600000 552.905 16.8356 -45.0284 0.714082 2302.78 67.6952 7.99446e+06 481790 -0.00238151 0.00293889 0.00103725 0.00305404 0.0109757 0.000468936 0.000246115 2.76208e-05 0.0933093 0.00200724 6.27847 0.204712 85.8977 19.5807 1212.38 94.0998 1304.56 105.564 1304.56 105.564 0.580392 0.0121346 
200 0.24 254000000 552.905 16.7265 -45.0284 0.70562 2302.78 66.8462 7.99446e+06 481379 -0.00238151 0.00293534 0.00103725 0.00305365 0.0109757 0.000468936 0.000246115 2.76256e-05 0.0933093 0.00200724 6.27847 0.204712 85.8977 19.5807 1212.38 94.0998 1304.56 105.564 1304.56 105.564 0.580392 0.0119984 
200 0.24 254400000 552.905 16.7265 -45.0284 0.70562 2302.78 66.8462 7.99446e+06 480732 -0.00238151 0.0029307 0.00103725 0.00305365 0.0109757 0.000468936 0.000246115 2.75835e-05 0.0933093 0.00200724 6.27847 0.204712 85.8977 19.5807 1212.38 94.0998 1304.56 105.564 1304.56 105.564 0.580392 0.0119984 
200 0.24 254800000 552.905 16.7265 -45.0284 0.70562 2302.78 66.8462 7.99446e+06 480105 -0.00238151 0.00292599 0.00103725 0.00304395 0.0109757 0.000468936 0.000246115 2.75418e-05 0.0933093 0.00200724 6.27847 0.204712 85.8977 19.5807 1212.38 94.0998 1304.56 105.564 1304.56 105.564 0.580392 0.0119984 
200 0.24 255200000 552.905 16.7265 -45.0284 0.70562 2302.78 66.8462 7.99446e+06 479334 -0.00238151 0.00292201 0.00103725 0.00304395 0.0109757 0.000468936 0.000246115 2.74991e-05 0.0933093 0.00200724 6.27847 0.204712 85.8977 19.5807 1212.38 94.0998 1304.56 105.564 1304.56 105.564 0.580392 0.0119984 
200 0.24 255600000 552.905 16.7517 -45.0284 0.70562 2302.78 66.821 7.99446e+06 478666 -0.00238151 0.00291774 0.00103725 0.00303454 0.0109757 0.000468936 0.000246115 2.74554e-05 0.0933093 0.00200724 6.27847 0.204712 85.8977 19.5807 1212.38 94.0998 1304.56 105.564 1304.56 105.564 0.580392 0.0119984 
200 0.24 256000000 552.905 16.7517 -45.0284 0.70562 2302.78 66.821 7.99446e+06 477965 -0.00238151 0.00291708 0.00103725 0.00303454 0.0109757 0.000468936 0.000246115 2.74116e-05 0.0933093 0.00200724 6.27847 0.204712 85.8977 19.5807 1212.38 94.0998 1304.56 105.564 1304.56 105.564 0.580392 0.0119984 
200 0.24 256400000 552.905 16.7517 -45.0284 0.70562 2302.78 66.821 7.99446e+06 477287 -0.00238151 0.00291332 0.00103725 0.00302529 0.0109757 0.000468936 0.000246115 2.73702e-05 0.0933093 0.00200724 6.27847 0.204712 85.8977 19.5807 1212.38 94.0998 1304.56 105.564 1304.56 105.564 0.580392 0.0119984 
200 0.24 256800000 552.905 16.7517 -45.0284 0.70562 2302.78 66.821 7.99446e+06 476677 -0.00238151 0.00290911 0.00103725 0.00302529 0.0109757 0.000468936 0.000246115 2.7329e-05 0.0933093 0.00200724 6.27847 0.204712 85.8977 19.5807 1212.38 94.0998 1304.56 105.564 1304.56 105.564 0.580392 0.0119984 
200 0.24 257200000 552.905 16.6685 -45.0284 0.696574 2302.78 65.998 7.99446e+06 475942 -0.00238151 0.00290479 0.00103725 0.00301835 0.0109757 0.000459444 0.000246115 2.72876e-05 0.0933093 0.00197286 6.27847 0.204712 85.8977 19.5807 1212.38 94.0998 1304.56 105.564 1304.56 105.564 0.580392 0.0118562 
200 0.24 257600000 552.905 16.6685 -45.0284 0.696574 2302.78 65.998 7.99446e+06 475306 -0.00238151 0.00290053 0.00103725 0.00301835 0.0109757 0.000459444 0.000246115 2.72467e-05 0.0933093 0.00197286 6.27847 0.204712 85.8977 19.5807 1212.38 94.0998 1304.56 105.564 1304.56 105.564 0.580392 0.0118562 
200 0.24 258000000 552.905 16.6685 -45.0284 0.696574 2302.78 65.998 7.99446e+06 474552 -0.00238151 0.00289693 0.00103725 0.00300871 0.0109757 0.000459444 0.000246115 2.72058e-05 0.0933093 0.00197286 6.27847 0.204712 85.8977 19.5807 1212.38 94.0998 1304.56 105.564 1304.56 105.564 0.580392 0.0118562 
200 0.24 258400000 552.905 16.6685 -45.0284 0.696574 2302.78 65.998 7.99446e+06 474068 -0.00238151 0.00289391 0.00103725 0.00300871 0.0109757 0.000459444 0.000246115 2.71646e-05 0.0933093 0.00197286 6.27847 0.204712 85.8977 19.5807 1212.38 94.0998 1304.56 105.564 1304.56 105.564 0.580392 0.0118562 
200 0.24 258800000 552.905 16.6475 -45.0284 0.696574 2302.78 65.969 7.99446e+06 473318 -0.00238151 0.00288968 0.00103725 0.00299936 0.0109757 0.000459444 0.000246115 2.71238e-05 0.0933093 0.00197286 6.27847 0.204712 85.8977 19.5807 1212.38 94.0998 1304.56 105.564 1304.56 105.564 0.580392 0.0118562 
200 0.24 259200000 552.905 16.6475 -45.0284 0.696574 2302.78 65.969 7.99446e+06 472568 -0.00238151 0.00288804 0.00103725 0.00299936 0.0109757 0.000459444 0.000246115 2.70822e-05 0.0933093 0.00197286 6.27847 0.204712 85.8977 19.5807 1212.38 94.0998 1304.56 105.564 1304.56 105.564 0.580392 0.0118562 
200 0.24 259600000 552.905 16.6475 -45.0284 0.696574 2302.78 65.969 7.99446e+06 471819 -0.00238151 0.00288984 0.00103725 0.00299158 0.0109757 0.000459444 0.000246115 2.70417e-05 0.0933093 0.00197286 6.27847 0.204712 85.8977 19.5807 1212.38 94.0998 1304.56 105.564 1304.56 105.564 0.580392 0.0118562 
200 0.24 260000000 552.905 16.6475 -45.0284 0.696574 2302.78 65.969 7.99446e+06 471227 -0.00238151 0.00288878 0.00103725 0.00299158 0.0109757 0.000459444 0.000246115 2.69995e-05 0.0933093 0.00197286 6.27847 0.204712 85.8977 19.5807 1212.38 94.0998 1304.56 105.564 1304.56 105.564 0.580392 0.0118562 
200 0.24 260400000 552.905 16.5445 -45.0284 0.687935 2302.78 65.2294 7.99446e+06 470553 -0.00238151 0.00288475 0.00103725 0.00298674 0.0109757 0.000459444 0.000246115 2.69591e-05 0.0933093 0.00197286 6.27847 0.204712 85.8977 19.5807 1212.38 94.0998 1304.56 105.564 1304.56 105.564 0.580392 0.0120821 
200 0.24 260800000 552.905 16.5445 -45.0284 0.687935 2302.78 65.2294 7.99446e+06 469828 -0.00238151 0.00288424 0.00103725 0.00298674 0.0109757 0.000459444 0.000246115 2.69167e-05 0.0933093 0.00197286 6.27847 0.204712 85.8977 19.5807 1212.38 94.0998 1304.56 105.564 1304.56 105.564 0.580392 0.0120821 
200 0.24 261200000 552.905 16.5445 -45.0284 0.687935 2302.78 65.2294 7.99446e+06 469182 -0.00238151 0.00288574 0.00103725 0.00297863 0.0109757 0.000459444 0.000246115 2.68744e-05 0.0933093 0.00197286 6.27847 0.204712 85.8977 19.5807 1212.38 94.0998 1304.56 105.564 1304.56 105.564 0.580392 0.0120821 
200 0.24 261600000 552.905 16.5445 -45.0284 0.687935 2302.78 65.2294 7.99446e+06 468515 -0.00238151 0.00288134 0.00103725 0.00297863 0.0109757 0.000459444 0.000246115 2.68348e-05 0.0933093 0.00197286 6.27847 0.204712 85.8977 19.5807 1212.38 94.0998 1304.56 105.564 1304.56 105.564 0.580392 0.0120821 
200 0.24 262000000 552.905 16.4589 -45.0284 0.687935 2302.78 65.1341 7.99446e+06 467910 -0.00238151 0.00287704 0.00103725 0.00297081 0.0109757 0.000459444 0.000246115 2.67942e-05 0.0933093 0.00197286 6.27847 0.204712 85.8977 19.5807 1212.38 94.0998 1304.56 105.564 1304.56 105.564 0.580392 0.0120821 
200 0.24 262400000 552.905 16.4589 -45.0284 0.687935 2302.78 65.1341 7.99446e+06 467221 -0.00238151 0.00287606 0.00103725 0.00297081 0.0109757 0.000459444 0.000246115 2.67531e-05 0.0933093 0.00197286 6.27847 0.204712 85.8977 19.5807 1212.38 94.0998 1304.56 105.564 1304.56 105.564 0.580392 0.0120821 
200 0.24 262800000 552.905 16.4589 -45.0284 0.687935 2302.78 65.1341 7.99446e+06 466653 -0.00238151 0.00287162 0.00103725 0.00296156 0.0109757 0.000459444 0.000246115 2.67139e-05 0.0933093 0.00197286 6.27847 0.204712 85.8977 19.5807 1212.38 94.0998 1304.56 105.564 1304.56 105.564 0.580392 0.0120821 
200 0.24 263200000 552.905 16.4589 -45.0284 0.687935 2302.78 65.1341 7.99446e+06 466013 -0.00238151 0.00287327 0.00103725 0.00296156 0.0109757 0.000459444 0.000246115 2.66721e-05 0.0933093 0.00197286 6.27847 0.204712 85.8977 19.5807 1212.38 94.0998 1304.56 105.564 1304.56 105.564 0.580392 0.0120821 
200 0.24 263600000 552.722 16.3562 -44.9122 0.686307 2291.42 65.0245 7.89945e+06 465292 -0.00302717 0.0028707 0.000658657 0.0029542 0.0108481 0.000454666 0.000240166 2.66321e-05 0.0928 0.00194087 6.24539 0.191944 82.8549 25.0494 1204.1 86.664 1293.2 103.376 1293.2 103.376 0.578016 0.0119593 
200 0.24 264000000 552.722 16.3562 -44.9122 0.686307 2291.42 65.0245 7.89945e+06 464572 -0.00302717 0.0028663 0.000658657 0.0029542 0.0108481 0.000454666 0.000240166 2.65932e-05 0.0928 0.00194087 6.24539 0.191944 82.8549 25.0494 1204.1 86.664 1293.2 103.376 1293.2 103.376 0.578016 0.0119593 
200 0.24 264400000 552.722 16.3562 -44.9122 0.686307 2291.42 65.0245 7.89945e+06 463988 -0.00302717 0.00286348 0.000658657 0.00294939 0.0108481 0.000454666 0.000240166 2.65525e-05 0.0928 0.00194087 6.24539 0.191944 82.8549 25.0494 1204.1 86.664 1293.2 103.376 1293.2 103.376 0.578016 0.0119593 
200 0.24 264800000 552.722 16.3562 -44.9122 0.686307 2291.42 65.0245 7.89945e+06 463323 -0.00302717 0.00285936 0.000658657 0.00294939 0.0108481 0.000454666 0.000240166 2.6513e-05 0.0928 0.00194087 6.24539 0.191944 82.8549 25.0494 1204.1 86.664 1293.2 103.376 1293.2 103.376 0.578016 0.0119593 
200 0.24 265200000 552.722 16.2546 -44.9122 0.686307 2291.42 65.0245 7.89945e+06 462668 -0.00302717 0.00285508 0.000658657 0.00295061 0.0108481 0.000454666 0.000240166 2.64754e-05 0.0928 0.00194087 6.24539 0.191944 82.8549 25.0494 1204.1 86.664 1293.2 103.376 1293.2 103.376 0.578016 0.0119593 
200 0.24 265600000 552.722 16.2546 -44.9122 0.686307 2291.42 65.0245 7.89945e+06 462195 -0.00302717 0.00285074 0.000658657 0.00294666 0.0108481 0.000454666 0.000240166 2.64369e-05 0.0928 0.00194087 6.24539 0.191944 82.8549 25.0494 1204.1 86.664 1293.2 103.376 1293.2 103.376 0.578016 0.0119593 
200 0.24 266000000 552.722 16.2546 -44.9122 0.686307 2291.42 65.0245 7.89945e+06 461548 -0.00302717 0.00284671 0.000658657 0.0029442 0.0108481 0.000454666 0.000240166 2.63978e-05 0.0928 0.00194087 6.24539 0.191944 82.8549 25.0494 1204.1 86.664 1293.2 103.376 1293.2 103.376 0.578016 0.0119593 
200 0.24 266400000 552.722 16.2546 -44.9122 0.686307 2291.42 65.0245 7.89945e+06 460987 -0.00302717 0.00284271 0.000658657 0.00293967 0.0108481 0.000454666 0.000240166 2.63596e-05 0.0928 0.00194087 6.24539 0.191944 82.8549 25.0494 1204.1 86.664 1293.2 103.376 1293.2 103.376 0.578016 0.0119593 
200 0.24 266800000 552.722 16.1657 -44.9122 0.679739 2291.42 64.463 7.89945e+06 460395 -0.00302717 0.00283833 0.000658657 0.00293786 0.0108481 0.000454666 0.000240166 2.63206e-05 0.0928 0.00194087 6.24539 0.191944 82.8549 25.0494 1204.1 86.664 1293.2 103.376 1293.2 103.376 0.578016 0.0118125 
200 0.24 267200000 552.722 16.1657 -44.9122 0.679739 2291.42 64.463 7.89945e+06 459736 -0.00302717 0.00283663 0.000658657 0.00293351 0.0108481 0.000454666 0.000240166 2.62816e-05 0.0928 0.00194087 6.24539 0.191944 82.8549 25.0494 1204.1 86.664 1293.2 103.376 1293.2 103.376 0.578016 0.0118125 
200 0.24 267600000 552.722 16.1657 -44.9122 0.679739 2291.42 64.463 7.89945e+06 459152 -0.00302717 0.00283227 0.000658657 0.00293239 0.0108481 0.000454666 0.000240166 2.62423e-05 0.0928 0.00194087 6.24539 0.191944 82.8549 25.0494 1204.1 86.664 1293.2 103.376 1293.2 103.376 0.578016 0.0118125 
200 0.24 268000000 552.722 16.1657 -44.9122 0.679739 2291.42 64.463 7.89945e+06 458487 -0.00302717 0.00282802 0.000658657 0.00292796 0.0108481 0.000454666 0.000240166 2.62046e-05 0.0928 0.00194087 6.24539 0.191944 82.8549 25.0494 1204.1 86.664 1293.2 103.376 1293.2 103.376 0.578016 0.0118125 
200 0.24 268400000 552.722 16.0862 -44.9122 0.679739 2291.42 64.463 7.89945e+06 457809 -0.00302717 0.00282517 0.000658657 0.00292548 0.0108481 0.000454666 0.000240166 2.61657e-05 0.0928 0.00194087 6.24539 0.191944 82.8549 25.0494 1204.1 86.664 1293.2 103.376 1293.2 103.376 0.578016 0.0118125 
200 0.24 268800000 552.722 16.0862 -44.9122 0.679739 2291.42 64.463 7.89945e+06 457109 -0.00302717 0.00282171 0.000658657 0.00292283 0.0108481 0.000454666 0.000240166 2.61272e-05 0.0928 0.00194087 6.24539 0.191944 82.8549 25.0494 1204.1 86.664 1293.2 103.376 1293.2 103.376 0.578016 0.0118125 
200 0.24 269200000 552.722 16.0862 -44.9122 0.679739 2291.42 64.463 7.89945e+06 456465 -0.00302717 0.00281866 0.000658657 0.00292125 0.0108481 0.000454666 0.000240166 2.60882e-05 0.0928 0.00194087 6.24539 0.191944 82.8549 25.0494 1204.1 86.664 1293.2 103.376 1293.2 103.376 0.578016 0.0118125 
200 0.24 269600000 552.722 16.0862 -44.9122 0.679739 2291.42 64.463 7.89945e+06 455806 -0.00302717 0.00281629 0.000658657 0.00292066 0.0108481 0.000454666 0.000240166 2.60795e-05 0.0928 0.00194087 6.24539 0.191944 82.8549 25.0494 1204.1 86.664 1293.2 103.376 1293.2 103.376 0.578016 0.0118125 
200 0.24 270000000 552.722 16.133 -44.9122 0.678547 2291.42 64.1709 7.89945e+06 456174 -0.00302717 0.00281217 0.000658657 0.00291567 0.0108481 0.00044914 0.000240166 2.60118e-05 0.0928 0.00193311 6.24539 0.191944 82.8549 25.0494 1204.1 86.664 1293.2 103.376 1293.2 103.376 0.578016 0.011805 
200 0.24 270400000 552.722 16.133 -44.9122 0.678547 2291.42 64.1709 7.89945e+06 455497 -0.00302717 0.00281041 0.000658657 0.00291806 0.0108481 0.00044914 0.000240166 2.59766e-05 0.0928 0.00193311 6.24539 0.191944 82.8549 25.0494 1204.1 86.664 1293.2 103.376 1293.2 103.376 0.578016 0.011805 
200 0.24 270800000 552.722 16.133 -44.9122 0.678547 2291.42 64.1709 7.89945e+06 454927 -0.00302717 0.00280621 0.000658657 0.00291364 0.0108481 0.00044914 0.000240166 2.59396e-05 0.0928 0.00193311 6.24539 0.191944 82.8549 25.0494 1204.1 86.664 1293.2 103.376 1293.2 103.376 0.578016 0.011805 
200 0.24 271200000 552.722 16.133 -44.9122 0.678547 2291.42 64.1709 7.89945e+06 454269 -0.00302717 0.00280539 0.000658657 0.0029119 0.0108481 0.00044914 0.000240166 2.59013e-05 0.0928 0.00193311 6.24539 0.191944 82.8549 25.0494 1204.1 86.664 1293.2 103.376 1293.2 103.376 0.578016 0.011805 
200 0.24 271600000 552.722 16.0382 -44.9122 0.678547 2291.42 64.1709 7.89945e+06 453611 -0.00302717 0.00280277 0.000658657 0.00290534 0.0108481 0.00044914 0.000240166 2.58639e-05 0.0928 0.00193311 6.24539 0.191944 82.8549 25.0494 1204.1 86.664 1293.2 103.376 1293.2 103.376 0.578016 0.011805 
200 0.24 272000000 552.722 16.0382 -44.9122 0.678547 2291.42 64.1709 7.89945e+06 452966 -0.00302717 0.0027999 0.000658657 0.00290317 0.0108481 0.00044914 0.000240166 2.58269e-05 0.0928 0.00193311 6.24539 0.191944 82.8549 25.0494 1204.1 86.664 1293.2 103.376 1293.2 103.376 0.578016 0.011805 
200 0.24 272400000 552.722 16.0382 -44.9122 0.678547 2291.42 64.1709 7.89945e+06 454178 -0.00302717 0.00279814 0.000658657 0.00290418 0.0108481 0.00044914 0.000240166 2.57948e-05 0.0928 0.00193311 6.24539 0.191944 82.8549 25.0494 1204.1 86.664 1293.2 103.376 1293.2 103.376 0.578016 0.011805 
200 0.24 272800000 552.722 16.0382 -44.9122 0.678547 2291.42 64.1709 7.89945e+06 454979 -0.00302717 0.00279957 0.000658657 0.00289983 0.0108481 0.00044914 0.000240166 2.57561e-05 0.0928 0.00193311 6.24539 0.191944 82.8549 25.0494 1204.1 86.664 1293.2 103.376 1293.2 103.376 0.578016 0.011805 
200 0.24 273200000 552.722 16.0433 -44.9122 0.67556 2291.42 63.8846 7.89945e+06 454394 -0.00302717 0.00279663 0.000658657 0.00290056 0.0108481 0.00044914 0.000240166 2.57173e-05 0.0928 0.00193311 6.24539 0.191944 82.8549 25.0494 1204.1 86.664 1293.2 103.376 1293.2 103.376 0.578016 0.011676 
200 0.24 273600000 552.722 16.0433 -44.9122 0.67556 2291.42 63.8846 7.89945e+06 453866 -0.00302717 0.00279243 0.000658657 0.00289713 0.0108481 0.00044914 0.000240166 2.5681e-05 0.0928 0.00193311 6.24539 0.191944 82.8549 25.0494 1204.1 86.664 1293.2 103.376 1293.2 103.376 0.578016 0.011676 
200 0.24 274000000 552.722 16.0433 -44.9122 0.67556 2291.42 63.8846 7.89945e+06 453322 -0.00302717 0.00278839 0.000658657 0.00289366 0.0108481 0.00044914 0.000240166 2.56646e-05 0.0928 0.00193311 6.24539 0.191944 82.8549 25.0494 1204.1 86.664 1293.2 103.376 1293.2 103.376 0.578016 0.011676 
200 0.24 274400000 552.722 16.0433 -44.9122 0.67556 2291.42 63.8846 7.89945e+06 452732 -0.00302717 0.00278438 0.000658657 0.00289052 0.0108481 0.00044914 0.000240166 2.56646e-05 0.0928 0.00193311 6.24539 0.191944 82.8549 25.0494 1204.1 86.664 1293.2 103.376 1293.2 103.376 0.578016 0.011676 
200 0.24 274800000 552.722 15.9479 -44.9122 0.67556 2291.42 63.8846 7.89945e+06 452088 -0.00302717 0.0027855 0.000658657 0.00289608 0.0108481 0.00044914 0.000240166 2.56646e-05 0.0928 0.00193311 6.24539 0.191944 82.8549 25.0494 1204.1 86.664 1293.2 103.376 1293.2 103.376 0.578016 0.011676 
200 0.24 275200000 552.722 15.9479 -44.9122 0.67556 2291.42 63.8846 7.89945e+06 451414 -0.00302717 0.00278855 0.000658657 0.00289608 0.0108481 0.00044914 0.000240166 2.56646e-05 0.0928 0.00193311 6.24539 0.191944 82.8549 25.0494 1204.1 86.664 1293.2 103.376 1293.2 103.376 0.578016 0.011676 
200 0.24 275600000 552.722 15.9479 -44.9122 0.67556 2291.42 63.8846 7.89945e+06 450820 -0.00302717 0.00278471 0.000658657 0.002889 0.0108481 0.00044914 0.000240166 2.56646e-05 0.0928 0.00193311 6.24539 0.191944 82.8549 25.0494 1204.1 86.664 1293.2 103.376 1293.2 103.376 0.578016 0.011676 
200 0.24 276000000 552.722 15.9479 -44.9122 0.67556 2291.42 63.8846 7.89945e+06 450149 -0.00302717 0.00278383 0.000658657 0.002889 0.0108481 0.00044914 0.000240166 2.56646e-05 0.0928 0.00193311 6.24539 0.191944 82.8549 25.0494 1204.1 86.664 1293.2 103.376 1293.2 103.376 0.578016 0.011676 
200 0.24 276400000 552.722 15.867 -44.9122 0.669439 2291.42 63.3516 7.89945e+06 449515 -0.00302717 0.00278631 0.000658657 0.00288048 0.0108481 0.00043931 0.000240166 2.55034e-05 0.0928 0.00191906 6.24539 0.191944 82.8549 25.0494 1204.1 86.664 1293.2 103.376 1293.2 103.376 0.578016 0.011542 
200 0.24 276800000 552.722 15.867 -44.9122 0.669439 2291.42 63.3516 7.89945e+06 448858 -0.00302717 0.0027864 0.000658657 0.00288222 0.0108481 0.00043931 0.000240166 2.54797e-05 0.0928 0.00191906 6.24539 0.191944 82.8549 25.0494 1204.1 86.664 1293.2 103.376 1293.2 103.376 0.578016 0.011542 
200 0.24 277200000 552.722 15.867 -44.9122 0.669439 2291.42 63.3516 7.89945e+06 448599 -0.00302717 0.00278286 0.000658657 0.00287894 0.0108481 0.00043931 0.000240166 2.54441e-05 0.0928 0.00191906 6.24539 0.191944 82.8549 25.0494 1204.1 86.664 1293.2 103.376 1293.2 103.376 0.578016 0.011542 
200 0.24 277600000 552.722 15.867 -44.9122 0.669439 2291.42 63.3516 7.89945e+06 448044 -0.00302717 0.00278491 0.000658657 0.00287589 0.0108481 0.00043931 0.000240166 2.54074e-05 0.0928 0.00191906 6.24539 0.191944 82.8549 25.0494 1204.1 86.664 1293.2 103.376 1293.2 103.376 0.578016 0.011542 
200 0.24 278000000 552.722 15.7765 -44.9122 0.669439 2291.42 63.3516 7.89945e+06 447453 -0.00302717 0.00278082 0.000658657 0.00287197 0.0108481 0.00043931 0.000240166 2.53722e-05 0.0928 0.00191906 6.24539 0.191944 82.8549 25.0494 1204.1 86.664 1293.2 103.376 1293.2 103.376 0.578016 0.011542 
200 0.24 278400000 552.722 15.7765 -44.9122 0.669439 2291.42 63.3516 7.89945e+06 446908 -0.00302717 0.00277681 0.000658657 0.00286968 0.0108481 0.00043931 0.000240166 2.53366e-05 0.0928 0.00191906 6.24539 0.191944 82.8549 25.0494 1204.1 86.664 1293.2 103.376 1293.2 103.376 0.578016 0.011542 
200 0.24 278800000 552.722 15.7765 -44.9122 0.669439 2291.42 63.3516 7.89945e+06 446275 -0.00302717 0.00277302 0.000658657 0.00286745 0.0108481 0.00043931 0.000240166 2.5301e-05 0.0928 0.00191906 6.24539 0.191944 82.8549 25.0494 1204.1 86.664 1293.2 103.376 1293.2 103.376 0.578016 0.011542 
200 0.24 279200000 552.722 15.7765 -44.9122 0.669439 2291.42 63.3516 7.89945e+06 446145 -0.00302717 0.00277918 0.000658657 0.00286387 0.0108481 0.00043931 0.000240166 2.52801e-05 0.0928 0.00191906 6.24539 0.191944 82.8549 25.0494 1204.1 86.664 1293.2 103.376 1293.2 103.376 0.578016 0.011542 
200 0.24 279600000 552.722 15.7147 -44.9122 0.668829 2291.42 63.1673 7.89945e+06 445601 -0.00302717 0.00277563 0.000658657 0.00285993 0.0108481 0.00043931 0.000240166 2.52452e-05 0.0928 0.00191906 6.24539 0.191944 82.8549 25.0494 1204.1 86.664 1293.2 103.376 1293.2 103.376 0.578016 0.0114403 
200 0.24 280000000 552.722 15.7147 -44.9122 0.668829 2291.42 63.1673 7.89945e+06 444982 -0.00302717 0.00277167 0.000658657 0.00286561 0.0108481 0.00043931 0.000240166 2.52171e-05 0.0928 0.00191906 6.24539 0.191944 82.8549 25.0494 1204.1 86.664 1293.2 103.376 1293.2 103.376 0.578016 0.0114403 
200 0.24 280400000 552.722 15.7147 -44.9122 0.668829 2291.42 63.1673 7.89945e+06 444909 -0.00302717 0.00276955 0.000658657 0.00286158 0.0108481 0.00043931 0.000240166 2.51821e-05 0.0928 0.00191906 6.24539 0.191944 82.8549 25.0494 1204.1 86.664 1293.2 103.376 1293.2 103.376 0.578016 0.0114403 
200 0.24 280800000 552.722 15.7147 -44.9122 0.668829 2291.42 63.1673 7.89945e+06 444335 -0.00302717 0.00276925 0.000658657 0.00285755 0.0108481 0.00043931 0.000240166 2.51458e-05 0.0928 0.00191906 6.24539 0.191944 82.8549 25.0494 1204.1 86.664 1293.2 103.376 1293.2 103.376 0.578016 0.0114403 
200 0.24 281200000 552.722 15.6232 -44.9122 0.668829 2291.42 63.1673 7.89945e+06 443753 -0.00302717 0.00276534 0.000658657 0.00285387 0.0108481 0.00043931 0.000240166 2.51114e-05 0.0928 0.00191906 6.24539 0.191944 82.8549 25.0494 1204.1 86.664 1293.2 103.376 1293.2 103.376 0.578016 0.0114403 
200 0.24 281600000 552.722 15.6232 -44.9122 0.668829 2291.42 63.1673 7.89945e+06 443221 -0.00302717 0.00276214 0.000658657 0.00285227 0.0108481 0.00043931 0.000240166 2.50757e-05 0.0928 0.00191906 6.24539 0.191944 82.8549 25.0494 1204.1 86.664 1293.2 103.376 1293.2 103.376 0.578016 0.0114403 
200 0.24 282000000 552.722 15.6232 -44.9122 0.668829 2291.42 63.1673 7.89945e+06 442586 -0.00302717 0.00276042 0.000658657 0.00285488 0.0108481 0.00043931 0.000240166 2.50597e-05 0.0928 0.00191906 6.24539 0.191944 82.8549 25.0494 1204.1 86.664 1293.2 103.376 1293.2 103.376 0.578016 0.0114403 
200 0.24 282400000 552.722 15.6232 -44.9122 0.668829 2291.42 63.1673 7.89945e+06 449170 -0.00302717 0.00275774 0.000658657 0.0028508 0.0108481 0.00043931 0.000240166 2.50597e-05 0.0928 0.00191906 6.24539 0.191944 82.8549 25.0494 1204.1 86.664 1293.2 103.376 1293.2 103.376 0.578016 0.0114403 
200 0.24 282800000 552.722 15.6336 -44.9122 0.664525 2291.42 62.8265 7.89945e+06 448557 -0.00302717 0.00275532 0.000658657 0.00284857 0.0108481 0.000429508 0.000240166 2.49735e-05 0.0928 0.00191906 6.24539 0.191944 82.8549 25.0494 1204.1 86.664 1293.2 103.376 1293.2 103.376 0.578016 0.0113086 
200 0.24 283200000 552.722 15.6336 -44.9122 0.664525 2291.42 62.8265 7.89945e+06 448021 -0.00302717 0.00275156 0.000658657 0.00284468 0.0108481 0.000429508 0.000240166 2.49396e-05 0.0928 0.00191906 6.24539 0.191944 82.8549 25.0494 1204.1 86.664 1293.2 103.376 1293.2 103.376 0.578016 0.0113086 
200 0.24 283600000 552.722 15.6336 -44.9122 0.664525 2291.42 62.8265 7.89945e+06 447409 -0.00302717 0.00274909 0.000658657 0.0028406 0.0108481 0.000429508 0.000240166 2.49056e-05 0.0928 0.00191906 6.24539 0.191944 82.8549 25.0494 1204.1 86.664 1293.2 103.376 1293.2 103.376 0.578016 0.0113086 
200 0.24 284000000 552.722 15.6336 -44.9122 0.664525 2291.42 62.8265 7.89945e+06 448411 -0.00302717 0.00275603 0.000658657 0.00283649 0.0108481 0.000429508 0.000240166 2.48805e-05 0.0928 0.00191906 6.24539 0.191944 82.8549 25.0494 1204.1 86.664 1293.2 103.376 1293.2 103.376 0.578016 0.0113086 
200 0.24 284400000 552.722 15.5522 -44.9122 0.664525 2291.42 62.8265 7.89945e+06 447890 -0.00302717 0.0027526 0.000658657 0.00283503 0.0108481 0.000429508 0.000240166 2.48455e-05 0.0928 0.00191906 6.24539 0.191944 82.8549 25.0494 1204.1 86.664 1293.2 103.376 1293.2 103.376 0.578016 0.0113086 
200 0.24 284800000 552.722 15.5522 -44.9122 0.664525 2291.42 62.8265 7.89945e+06 447245 -0.00302717 0.00275593 0.000658657 0.00283549 0.0108481 0.000429508 0.000240166 2.48305e-05 0.0928 0.00191906 6.24539 0.191944 82.8549 25.0494 1204.1 86.664 1293.2 103.376 1293.2 103.376 0.578016 0.0113086 
200 0.24 285200000 552.722 15.5522 -44.9122 0.664525 2291.42 62.8265 7.89945e+06 446676 -0.00302717 0.00275444 0.000658657 0.00283454 0.0108481 0.000429508 0.000240166 2.47947e-05 0.0928 0.00191906 6.24539 0.191944 82.8549 25.0494 1204.1 86.664 1293.2 103.376 1293.2 103.376 0.578016 0.0113086 
200 0.24 285600000 552.722 15.5522 -44.9122 0.664525 2291.42 62.8265 7.89945e+06 446848 -0.00302717 0.00275503 0.000658657 0.00283607 0.0108481 0.000429508 0.000240166 2.47686e-05 0.0928 0.00191906 6.24539 0.191944 82.8549 25.0494 1204.1 86.664 1293.2 103.376 1293.2 103.376 0.578016 0.0113086 
200 0.24 286000000 552.722 15.4686 -44.9122 0.6625 2291.42 62.7029 7.89945e+06 446356 -0.00302717 0.00275128 0.000658657 0.00283202 0.0108481 0.000429508 0.000240166 2.47354e-05 0.0928 0.00191906 6.24539 0.191944 82.8549 25.0494 1204.1 86.664 1293.2 103.376 1293.2 103.376 0.578016 0.0111825 
200 0.24 286400000 552.722 15.4686 -44.9122 0.6625 2291.42 62.7029 7.89945e+06 445824 -0.00302717 0.00274805 0.000658657 0.00282795 0.0108481 0.000429508 0.000240166 2.47021e-05 0.0928 0.00191906 6.24539 0.191944 82.8549 25.0494 1204.1 86.664 1293.2 103.376 1293.2 103.376 0.578016 0.0111825 
200 0.24 286800000 552.722 15.4686 -44.9122 0.6625 2291.42 62.7029 7.89945e+06 445194 -0.00302717 0.00274418 0.000658657 0.00283015 0.0108481 0.000429508 0.000240166 2.46669e-05 0.0928 0.00191906 6.24539 0.191944 82.8549 25.0494 1204.1 86.664 1293.2 103.376 1293.2 103.376 0.578016 0.0111825 
200 0.24 287200000 552.722 15.4686 -44.9122 0.6625 2291.42 62.7029 7.89945e+06 444736 -0.00302717 0.00274804 0.000658657 0.00282622 0.0108481 0.000429508 0.000240166 2.46345e-05 0.0928 0.00191906 6.24539 0.191944 82.8549 25.0494 1204.1 86.664 1293.2 103.376 1293.2 103.376 0.578016 0.0111825 
200 0.24 287600000 552.722 15.3814 -44.9122 0.6625 2291.42 62.7029 7.89945e+06 444131 -0.00302717 0.00274559 0.000658657 0.00282647 0.0108481 0.000429508 0.000240166 2.45993e-05 0.0928 0.00191906 6.24539 0.191944 82.8549 25.0494 1204.1 86.664 1293.2 103.376 1293.2 103.376 0.578016 0.0111825 
200 0.24 288000000 552.722 15.3814 -44.9122 0.6625 2291.42 62.7029 7.89945e+06 443523 -0.00302717 0.00274208 0.000658657 0.00282447 0.0108481 0.000429508 0.000240166 2.45657e-05 0.0928 0.00191906 6.24539 0.191944 82.8549 25.0494 1204.1 86.664 1293.2 103.376 1293.2 103.376 0.578016 0.0111825 
200 0.24 288400000 552.722 15.3814 -44.9122 0.6625 2291.42 62.7029 7.89945e+06 442891 -0.00302717 0.00273971 0.000658657 0.0028207 0.0108481 0.000429508 0.000240166 2.45325e-05 0.0928 0.00191906 6.24539 0.191944 82.8549 25.0494 1204.1 86.664 1293.2 103.376 1293.2 103.376 0.578016 0.0111825 
200 0.24 288800000 552.722 15.3814 -44.9122 0.6625 2291.42 62.7029 7.89945e+06 442397 -0.00302717 0.00273592 0.000658657 0.00281707 0.0108481 0.000429508 0.000240166 2.44999e-05 0.0928 0.00191906 6.24539 0.191944 82.8549 25.0494 1204.1 86.664 1293.2 103.376 1293.2 103.376 0.578016 0.0111825 
200 0.24 289200000 562.602 15.3607 -45.244 0.654976 2318.7 62.0173 8.01795e+06 441811 -0.00383407 0.00273789 -0.000452115 0.00281388 0.0108663 0.000421862 0.000237758 2.44653e-05 0.0929153 0.00179783 6.15936 0.192809 79.7666 25.0494 1185.72 84.7238 1271.64 103.376 1271.64 103.376 0.579996 0.0110842 
200 0.24 289600000 562.602 15.3607 -45.244 0.654976 2318.7 62.0173 8.01795e+06 441245 -0.00383407 0.00273826 -0.000452115 0.00281038 0.0108663 0.000421862 0.000237758 2.44309e-05 0.0929153 0.00179783 6.15936 0.192809 79.7666 25.0494 1185.72 84.7238 1271.64 103.376 1271.64 103.376 0.579996 0.0110842 
200 0.24 290000000 562.602 15.3607 -45.244 0.654976 2318.7 62.0173 8.01795e+06 440718 -0.00383407 0.00273585 -0.000452115 0.00281136 0.0108663 0.000421862 0.000237758 2.43967e-05 0.0929153 0.00179783 6.15936 0.192809 79.7666 25.0494 1185.72 84.7238 1271.64 103.376 1271.64 103.376 0.579996 0.0110842 
200 0.24 290400000 562.602 15.3607 -45.244 0.654976 2318.7 62.0173 8.01795e+06 440224 -0.00383407 0.00273487 -0.000452115 0.0028077 0.0108663 0.000421862 0.000237758 2.43634e-05 0.0929153 0.00179783 6.15936 0.192809 79.7666 25.0494 1185.72 84.7238 1271.64 103.376 1271.64 103.376 0.579996 0.0110842 
200 0.24 290800000 562.602 15.5945 -45.244 0.654976 2318.7 62.0173 8.01795e+06 439746 -0.00383407 0.00273139 -0.000452115 0.00280409 0.0108663 0.000421862 0.000237758 2.43312e-05 0.0929153 0.00179783 6.15936 0.192809 79.7666 25.0494 1185.72 84.7238 1271.64 103.376 1271.64 103.376 0.579996 0.0110842 
200 0.24 291200000 562.602 15.5945 -45.244 0.654976 2318.7 62.0173 8.01795e+06 439133 -0.00383407 0.00273048 -0.000452115 0.00280021 0.0108663 0.000421862 0.000237758 2.42978e-05 0.0929153 0.00179783 6.15936 0.192809 79.7666 25.0494 1185.72 84.7238 1271.64 103.376 1271.64 103.376 0.579996 0.0110842 
200 0.24 291600000 562.602 15.5945 -45.244 0.654976 2318.7 62.0173 8.01795e+06 438517 -0.00383407 0.00272957 -0.000452115 0.00279641 0.0108663 0.000421862 0.000237758 2.42649e-05 0.0929153 0.00179783 6.15936 0.192809 79.7666 25.0494 1185.72 84.7238 1271.64 103.376 1271.64 103.376 0.579996 0.0110842 
200 0.24 292000000 562.602 15.5945 -45.244 0.654976 2318.7 62.0173 8.01795e+06 438040 -0.00383407 0.00272577 -0.000452115 0.00280108 0.0108663 0.000421862 0.000237758 2.42364e-05 0.0929153 0.00179783 6.15936 0.192809 79.7666 25.0494 1185.72 84.7238 1271.64 103.376 1271.64 103.376 0.579996 0.0110842 
200 0.24 292400000 562.602 15.6127 -45.244 0.652497 2318.7 61.715 8.01795e+06 437549 -0.00383407 0.00272524 -0.000452115 0.00280362 0.0108663 0.000421862 0.000237758 2.42148e-05 0.0929153 0.00179783 6.15936 0.192809 79.7666 25.0494 1185.72 84.7238 1271.64 103.376 1271.64 103.376 0.579996 0.0109805 
200 0.24 292800000 562.602 15.6127 -45.244 0.652497 2318.7 61.715 8.01795e+06 436949 -0.00383407 0.00272144 -0.000452115 0.00280549 0.0108663 0.000421862 0.000237758 2.41809e-05 0.0929153 0.00179783 6.15936 0.192809 79.7666 25.0494 1185.72 84.7238 1271.64 103.376 1271.64 103.376 0.579996 0.0109805 
200 0.24 293200000 562.602 15.6127 -45.244 0.652497 2318.7 61.715 8.01795e+06 436368 -0.00383407 0.00272062 -0.000452115 0.00280668 0.0108663 0.000421862 0.000237758 2.41513e-05 0.0929153 0.00179783 6.15936 0.192809 79.7666 25.0494 1185.72 84.7238 1271.64 103.376 1271.64 103.376 0.579996 0.0109805 
200 0.24 293600000 562.602 15.6127 -45.244 0.652497 2318.7 61.715 8.01795e+06 435825 -0.00383407 0.00272038 -0.000452115 0.00280333 0.0108663 0.000421862 0.000237758 2.41178e-05 0.0929153 0.00179783 6.15936 0.192809 79.7666 25.0494 1185.72 84.7238 1271.64 103.376 1271.64 103.376 0.579996 0.0109805 
200 0.24 294000000 562.602 15.6127 -45.244 0.652497 2318.7 61.715 8.01795e+06 435263 -0.00383407 0.00272491 -0.000452115 0.00280379 0.0108663 0.000421862 0.000237758 2.41367e-05 0.0929153 0.00179783 6.15936 0.192809 79.7666 25.0494 1185.72 84.7238 1271.64 103.376 1271.64 103.376 0.579996 0.0109805 
200 0.24 294400000 562.602 15.6127 -45.244 0.652497 2318.7 61.715 8.01795e+06 435067 -0.00383407 0.00272146 -0.000452115 0.00280414 0.0108663 0.000421862 0.000237758 2.41033e-05 0.0929153 0.00179783 6.15936 0.192809 79.7666 25.0494 1185.72 84.7238 1271.64 103.376 1271.64 103.376 0.579996 0.0109805 
200 0.24 294800000 562.602 15.6127 -45.244 0.652497 2318.7 61.715 8.01795e+06 434478 -0.00383407 0.00271813 -0.000452115 0.00280145 0.0108663 0.000421862 0.000237758 2.40715e-05 0.0929153 0.00179783 6.15936 0.192809 79.7666 25.0494 1185.72 84.7238 1271.64 103.376 1271.64 103.376 0.579996 0.0109805 
200 0.24 295200000 562.602 15.6127 -45.244 0.652497 2318.7 61.715 8.01795e+06 433880 -0.00383407 0.0027146 -0.000452115 0.00279913 0.0108663 0.000421862 0.000237758 2.40398e-05 0.0929153 0.00179783 6.15936 0.192809 79.7666 25.0494 1185.72 84.7238 1271.64 103.376 1271.64 103.376 0.579996 0.0109805 
200 0.24 295600000 562.602 15.4507 -45.244 0.660038 2318.7 62.6295 8.01795e+06 443511 -0.00383407 0.00272596 -0.000452115 0.00279918 0.0108663 0.000435715 0.000237758 2.42551e-05 0.0929153 0.001877 6.15936 0.192809 79.7666 25.0494 1185.72 84.7238 1271.64 103.376 1271.64 103.376 0.579996 0.0108838 
200 0.24 296000000 562.602 15.4507 -45.244 0.660038 2318.7 62.6295 8.01795e+06 443006 -0.00383407 0.00273387 -0.000452115 0.00279548 0.0108663 0.000435715 0.000237758 2.42468e-05 0.0929153 0.001877 6.15936 0.192809 79.7666 25.0494 1185.72 84.7238 1271.64 103.376 1271.64 103.376 0.579996 0.0108838 
200 0.24 296400000 562.602 15.4507 -45.244 0.660038 2318.7 62.6295 8.01795e+06 442490 -0.00383407 0.00273043 -0.000452115 0.00279172 0.0108663 0.000435715 0.000237758 2.42155e-05 0.0929153 0.001877 6.15936 0.192809 79.7666 25.0494 1185.72 84.7238 1271.64 103.376 1271.64 103.376 0.579996 0.0108838 
200 0.24 296800000 562.602 15.4507 -45.244 0.660038 2318.7 62.6295 8.01795e+06 441881 -0.00383407 0.00272703 -0.000452115 0.00278814 0.0108663 0.000435715 0.000237758 2.41843e-05 0.0929153 0.001877 6.15936 0.192809 79.7666 25.0494 1185.72 84.7238 1271.64 103.376 1271.64 103.376 0.579996 0.0108838 
200 0.24 297200000 562.602 15.4507 -45.244 0.660038 2318.7 62.6295 8.01795e+06 441367 -0.00383407 0.00272335 -0.000452115 0.00278436 0.0108663 0.000435715 0.000237758 2.41532e-05 0.0929153 0.001877 6.15936 0.192809 79.7666 25.0494 1185.72 84.7238 1271.64 103.376 1271.64 103.376 0.579996 0.0108838 
200 0.24 297600000 562.602 15.4507 -45.244 0.660038 2318.7 62.6295 8.01795e+06 440891 -0.00383407 0.00272015 -0.000452115 0.00278054 0.0108663 0.000435715 0.000237758 2.41222e-05 0.0929153 0.001877 6.15936 0.192809 79.7666 25.0494 1185.72 84.7238 1271.64 103.376 1271.64 103.376 0.579996 0.0108838 
200 0.24 298000000 562.602 15.4507 -45.244 0.660038 2318.7 62.6295 8.01795e+06 440375 -0.00383407 0.00271751 -0.000452115 0.00277688 0.0108663 0.000435715 0.000237758 2.40911e-05 0.0929153 0.001877 6.15936 0.192809 79.7666 25.0494 1185.72 84.7238 1271.64 103.376 1271.64 103.376 0.579996 0.0108838 
200 0.24 298400000 562.602 15.4507 -45.244 0.660038 2318.7 62.6295 8.01795e+06 439798 -0.00383407 0.00271629 -0.000452115 0.00277414 0.0108663 0.000435715 0.000237758 2.40585e-05 0.0929153 0.001877 6.15936 0.192809 79.7666 25.0494 1185.72 84.7238 1271.64 103.376 1271.64 103.376 0.579996 0.0108838 
200 0.24 298800000 562.602 15.4404 -45.244 0.656566 2318.7 62.3646 8.01795e+06 439307 -0.00383407 0.00271264 -0.000452115 0.00277245 0.0108663 0.000435715 0.000237758 2.40271e-05 0.0929153 0.001877 6.15936 0.192809 79.7666 25.0494 1185.72 84.7238 1271.64 103.376 1271.64 103.376 0.579996 0.0107679 
200 0.24 299200000 562.602 15.4404 -45.244 0.656566 2318.7 62.3646 8.01795e+06 438745 -0.00383407 0.00270935 -0.000452115 0.00276865 0.0108663 0.000435715 0.000237758 2.39964e-05 0.0929153 0.001877 6.15936 0.192809 79.7666 25.0494 1185.72 84.7238 1271.64 103.376 1271.64 103.376 0.579996 0.0107679 
200 0.24 299600000 562.602 15.4404 -45.244 0.656566 2318.7 62.3646 8.01795e+06 438275 -0.00383407 0.00270571 -0.000452115 0.00276556 0.0108663 0.000435715 0.000237758 2.39657e-05 0.0929153 0.001877 6.15936 0.192809 79.7666 25.0494 1185.72 84.7238 1271.64 103.376 1271.64 103.376 0.579996 0.0107679 
200 0.24 300000000 562.602 15.4404 -45.244 0.656566 2318.7 62.3646 8.01795e+06 437681 -0.00383407 0.00270506 -0.000452115 0.00276362 0.0108663 0.000435715 0.000237758 2.3933e-05 0.0929153 0.001877 6.15936 0.192809 79.7666 25.0494 1185.72 84.7238 1271.64 103.376 1271.64 103.376 0.579996 0.0107679 
200 0.24 300400000 562.602 15.4404 -45.244 0.656566 2318.7 62.3646 8.01795e+06 437180 -0.00383407 0.00270525 -0.000452115 0.00276054 0.0108663 0.000435715 0.000237758 2.39169e-05 0.0929153 0.001877 6.15936 0.192809 79.7666 25.0494 1185.72 84.7238 1271.64 103.376 1271.64 103.376 0.579996 0.0107679 
200 0.24 300800000 562.602 15.4404 -45.244 0.656566 2318.7 62.3646 8.01795e+06 436695 -0.00383407 0.00270235 -0.000452115 0.00275945 0.0108663 0.000435715 0.000237758 2.39169e-05 0.0929153 0.001877 6.15936 0.192809 79.7666 25.0494 1185.72 84.7238 1271.64 103.376 1271.64 103.376 0.579996 0.0107679 
200 0.24 301200000 562.602 15.4404 -45.244 0.656566 2318.7 62.3646 8.01795e+06 436108 -0.00383407 0.00270159 -0.000452115 0.00275835 0.0108663 0.000435715 0.000237758 2.39169e-05 0.0929153 0.001877 6.15936 0.192809 79.7666 25.0494 1185.72 84.7238 1271.64 103.376 1271.64 103.376 0.579996 0.0107679 
200 0.24 301600000 562.602 15.4404 -45.244 0.656566 2318.7 62.3646 8.01795e+06 435519 -0.00383407 0.00269848 -0.000452115 0.0027546 0.0108663 0.000435715 0.000237758 2.39169e-05 0.0929153 0.001877 6.15936 0.192809 79.7666 25.0494 1185.72 84.7238 1271.64 103.376 1271.64 103.376 0.579996 0.0107679 
200 0.24 302000000 562.602 16.0849 -45.244 0.649514 2318.7 61.7068 8.01795e+06 435390 -0.00383407 0.00269492 -0.000452115 0.00275151 0.0108663 0.000433263 0.000237758 2.37757e-05 0.0929153 0.00188297 6.15936 0.192809 79.7666 25.0494 1185.72 84.7238 1271.64 103.376 1271.64 103.376 0.579996 0.0107263 
200 0.24 302400000 562.602 16.0849 -45.244 0.649514 2318.7 61.7068 8.01795e+06 434925 -0.00383407 0.00269167 -0.000452115 0.00274804 0.0108663 0.000433263 0.000237758 2.37455e-05 0.0929153 0.00188297 6.15936 0.192809 79.7666 25.0494 1185.72 84.7238 1271.64 103.376 1271.64 103.376 0.579996 0.0107263 
200 0.24 302800000 562.602 16.0849 -45.244 0.649514 2318.7 61.7068 8.01795e+06 434359 -0.00383407 0.00269082 -0.000452115 0.0027468 0.0108663 0.000433263 0.000237758 2.37134e-05 0.0929153 0.00188297 6.15936 0.192809 79.7666 25.0494 1185.72 84.7238 1271.64 103.376 1271.64 103.376 0.579996 0.0107263 
200 0.24 303200000 562.602 16.0849 -45.244 0.649514 2318.7 61.7068 8.01795e+06 433889 -0.00383407 0.00268731 -0.000452115 0.00274637 0.0108663 0.000433263 0.000237758 2.3682e-05 0.0929153 0.00188297 6.15936 0.192809 79.7666 25.0494 1185.72 84.7238 1271.64 103.376 1271.64 103.376 0.579996 0.0107263 
200 0.24 303600000 562.602 16.0849 -45.244 0.649514 2318.7 61.7068 8.01795e+06 433434 -0.00383407 0.00268561 -0.000452115 0.00274266 0.0108663 0.000433263 0.000237758 2.36518e-05 0.0929153 0.00188297 6.15936 0.192809 79.7666 25.0494 1185.72 84.7238 1271.64 103.376 1271.64 103.376 0.579996 0.0107263 
200 0.24 304000000 562.602 16.0849 -45.244 0.649514 2318.7 61.7068 8.01795e+06 432859 -0.00383407 0.00268536 -0.000452115 0.00274601 0.0108663 0.000433263 0.000237758 2.36382e-05 0.0929153 0.00188297 6.15936 0.192809 79.7666 25.0494 1185.72 84.7238 1271.64 103.376 1271.64 103.376 0.579996 0.0107263 
200 0.24 304400000 562.602 16.0849 -45.244 0.649514 2318.7 61.7068 8.01795e+06 432381 -0.00383407 0.00268176 -0.000452115 0.00274289 0.0108663 0.000433263 0.000237758 2.36085e-05 0.0929153 0.00188297 6.15936 0.192809 79.7666 25.0494 1185.72 84.7238 1271.64 103.376 1271.64 103.376 0.579996 0.0107263 
200 0.24 304800000 562.602 16.0849 -45.244 0.649514 2318.7 61.7068 8.01795e+06 431799 -0.00383407 0.00267837 -0.000452115 0.00273921 0.0108663 0.000433263 0.000237758 2.35789e-05 0.0929153 0.00188297 6.15936 0.192809 79.7666 25.0494 1185.72 84.7238 1271.64 103.376 1271.64 103.376 0.579996 0.0107263 
200 0.24 305200000 562.602 16.0849 -45.244 0.648828 2318.7 61.0452 8.01795e+06 431281 -0.00383407 0.00267483 -0.000452115 0.00273583 0.0108663 0.000433263 0.000237758 2.35494e-05 0.0929153 0.00188297 6.15936 0.192809 79.7666 25.0494 1185.72 84.7238 1271.64 103.376 1271.64 103.376 0.579996 0.0106208 
200 0.24 305600000 562.602 16.0849 -45.244 0.648828 2318.7 61.0452 8.01795e+06 430723 -0.00383407 0.00267694 -0.000452115 0.00273343 0.0108663 0.000433263 0.000237758 2.35389e-05 0.0929153 0.00188297 6.15936 0.192809 79.7666 25.0494 1185.72 84.7238 1271.64 103.376 1271.64 103.376 0.579996 0.0106208 
200 0.24 306000000 562.602 16.0849 -45.244 0.648828 2318.7 61.0452 8.01795e+06 430184 -0.00383407 0.00267423 -0.000452115 0.00273111 0.0108663 0.000433263 0.000237758 2.35389e-05 0.0929153 0.00188297 6.15936 0.192809 79.7666 25.0494 1185.72 84.7238 1271.64 103.376 1271.64 103.376 0.579996 0.0106208 
200 0.24 306400000 562.602 16.0849 -45.244 0.648828 2318.7 61.0452 8.01795e+06 429670 -0.00383407 0.00267069 -0.000452115 0.00273025 0.0108663 0.000433263 0.000237758 2.35389e-05 0.0929153 0.00188297 6.15936 0.192809 79.7666 25.0494 1185.72 84.7238 1271.64 103.376 1271.64 103.376 0.579996 0.0106208 
200 0.24 306800000 562.602 16.0849 -45.244 0.648828 2318.7 61.0452 8.01795e+06 429171 -0.00383407 0.00266745 -0.000452115 0.00272876 0.0108663 0.000433263 0.000237758 2.35389e-05 0.0929153 0.00188297 6.15936 0.192809 79.7666 25.0494 1185.72 84.7238 1271.64 103.376 1271.64 103.376 0.579996 0.0106208 
200 0.24 307200000 562.602 16.0849 -45.244 0.648828 2318.7 61.0452 8.01795e+06 428717 -0.00383407 0.00266392 -0.000452115 0.00272537 0.0108663 0.000433263 0.000237758 2.35389e-05 0.0929153 0.00188297 6.15936 0.192809 79.7666 25.0494 1185.72 84.7238 1271.64 103.376 1271.64 103.376 0.579996 0.0106208 
200 0.24 307600000 562.602 16.0849 -45.244 0.648828 2318.7 61.0452 8.01795e+06 428254 -0.00383407 0.00266102 -0.000452115 0.00272448 0.0108663 0.000433263 0.000237758 2.35389e-05 0.0929153 0.00188297 6.15936 0.192809 79.7666 25.0494 1185.72 84.7238 1271.64 103.376 1271.64 103.376 0.579996 0.0106208 
200 0.24 308000000 562.602 16.0849 -45.244 0.648828 2318.7 61.0452 8.01795e+06 427785 -0.00383407 0.00265792 -0.000452115 0.00272122 0.0108663 0.000433263 0.000237758 2.35389e-05 0.0929153 0.00188297 6.15936 0.192809 79.7666 25.0494 1185.72 84.7238 1271.64 103.376 1271.64 103.376 0.579996 0.0106208 
200 0.24 308400000 562.602 16.0849 -45.244 0.648828 2318.7 60.4584 8.01795e+06 427945 -0.00383407 0.00265449 -0.000452115 0.00271762 0.0108663 0.000429223 0.000237758 2.33106e-05 0.0929153 0.00187588 6.15936 0.192809 79.7666 25.0494 1185.72 84.7238 1271.64 103.376 1271.64 103.376 0.579996 0.0105166 
200 0.24 308800000 562.602 16.0849 -45.244 0.648828 2318.7 60.4584 8.01795e+06 427448 -0.00383407 0.00265155 -0.000452115 0.00271402 0.0108663 0.000429223 0.000237758 2.32817e-05 0.0929153 0.00187588 6.15936 0.192809 79.7666 25.0494 1185.72 84.7238 1271.64 103.376 1271.64 103.376 0.579996 0.0105166 
200 0.24 309200000 562.602 16.0849 -45.244 0.648828 2318.7 60.4584 8.01795e+06 427004 -0.00383407 0.00264838 -0.000452115 0.00271042 0.0108663 0.000429223 0.000237758 2.3253e-05 0.0929153 0.00187588 6.15936 0.192809 79.7666 25.0494 1185.72 84.7238 1271.64 103.376 1271.64 103.376 0.579996 0.0105166 
200 0.24 309600000 562.602 16.0849 -45.244 0.648828 2318.7 60.4584 8.01795e+06 426457 -0.00383407 0.00265289 -0.000452115 0.00270754 0.0108663 0.000429223 0.000237758 2.32321e-05 0.0929153 0.00187588 6.15936 0.192809 79.7666 25.0494 1185.72 84.7238 1271.64 103.376 1271.64 103.376 0.579996 0.0105166 
200 0.24 310000000 562.602 16.0849 -45.244 0.648828 2318.7 60.4584 8.01795e+06 427027 -0.00383407 0.00264956 -0.000452115 0.00270625 0.0108663 0.000429223 0.000237758 2.32025e-05 0.0929153 0.00187588 6.15936 0.192809 79.7666 25.0494 1185.72 84.7238 1271.64 103.376 1271.64 103.376 0.579996 0.0105166 
200 0.24 310400000 562.602 16.0849 -45.244 0.648828 2318.7 60.4584 8.01795e+06 426469 -0.00383407 0.00265501 -0.000452115 0.00270784 0.0108663 0.000429223 0.000237758 2.32599e-05 0.0929153 0.00187588 6.15936 0.192809 79.7666 25.0494 1185.72 84.7238 1271.64 103.376 1271.64 103.376 0.579996 0.0105166 
200 0.24 310800000 562.602 16.0849 -45.244 0.648828 2318.7 60.4584 8.01795e+06 426031 -0.00383407 0.00265215 -0.000452115 0.00270548 0.0108663 0.000429223 0.000237758 2.32308e-05 0.0929153 0.00187588 6.15936 0.192809 79.7666 25.0494 1185.72 84.7238 1271.64 103.376 1271.64 103.376 0.579996 0.0105166 
200 0.24 311200000 562.602 16.0849 -45.244 0.648828 2318.7 60.4584 8.01795e+06 425525 -0.00383407 0.002649 -0.000452115 0.00270208 0.0108663 0.000429223 0.000237758 2.32023e-05 0.0929153 0.00187588 6.15936 0.192809 79.7666 25.0494 1185.72 84.7238 1271.64 103.376 1271.64 103.376 0.579996 0.0105166 
200 0.24 311600000 562.602 16.0849 -45.244 0.648828 2318.7 60.0457 8.01795e+06 425095 -0.00383407 0.00264675 -0.000452115 0.00269856 0.0108663 0.000429223 0.000237758 2.31736e-05 0.0929153 0.00187588 6.15936 0.192809 79.7666 25.0494 1185.72 84.7238 1271.64 103.376 1271.64 103.376 0.579996 0.0104122 
200 0.24 312000000 562.602 16.0849 -45.244 0.648828 2318.7 60.0457 8.01795e+06 424632 -0.00383407 0.00264368 -0.000452115 0.00269506 0.0108663 0.000429223 0.000237758 2.31635e-05 0.0929153 0.00187588 6.15936 0.192809 79.7666 25.0494 1185.72 84.7238 1271.64 103.376 1271.64 103.376 0.579996 0.0104122 
200 0.24 312400000 562.602 16.0849 -45.244 0.648828 2318.7 60.0457 8.01795e+06 424144 -0.00383407 0.00264539 -0.000452115 0.00269309 0.0108663 0.000429223 0.000237758 2.31635e-05 0.0929153 0.00187588 6.15936 0.192809 79.7666 25.0494 1185.72 84.7238 1271.64 103.376 1271.64 103.376 0.579996 0.0104122 
200 0.24 312800000 562.602 16.0849 -45.244 0.648828 2318.7 60.0457 8.01795e+06 423701 -0.00383407 0.00264251 -0.000452115 0.00269131 0.0108663 0.000429223 0.000237758 2.31635e-05 0.0929153 0.00187588 6.15936 0.192809 79.7666 25.0494 1185.72 84.7238 1271.64 103.376 1271.64 103.376 0.579996 0.0104122 
200 0.24 313200000 562.602 16.0849 -45.244 0.648828 2318.7 60.0457 8.01795e+06 423155 -0.00383407 0.00263948 -0.000452115 0.00268929 0.0108663 0.000429223 0.000237758 2.31635e-05 0.0929153 0.00187588 6.15936 0.192809 79.7666 25.0494 1185.72 84.7238 1271.64 103.376 1271.64 103.376 0.579996 0.0104122 
200 0.24 313600000 562.602 16.0849 -45.244 0.648828 2318.7 60.0457 8.01795e+06 422637 -0.00383407 0.00263791 -0.000452115 0.00268578 0.0108663 0.000429223 0.000237758 2.31635e-05 0.0929153 0.00187588 6.15936 0.192809 79.7666 25.0494 1185.72 84.7238 1271.64 103.376 1271.64 103.376 0.579996 0.0104122 
200 0.24 314000000 562.602 16.0849 -45.244 0.648828 2318.7 60.0457 8.01795e+06 422193 -0.00383407 0.00263547 -0.000452115 0.0026823 0.0108663 0.000429223 0.000237758 2.31635e-05 0.0929153 0.00187588 6.15936 0.192809 79.7666 25.0494 1185.72 84.7238 1271.64 103.376 1271.64 103.376 0.579996 0.0104122 
200 0.24 314400000 562.602 16.0849 -45.244 0.648828 2318.7 60.0457 8.01795e+06 421699 -0.00383407 0.00263204 -0.000452115 0.00267881 0.0108663 0.000429223 0.000237758 2.31635e-05 0.0929153 0.00187588 6.15936 0.192809 79.7666 25.0494 1185.72 84.7238 1271.64 103.376 1271.64 103.376 0.579996 0.0104122 
200 0.24 314800000 571.56 17.5067 -45.1159 0.631361 2306.88 59.9676 7.94608e+06 421169 -0.00347991 0.00262862 -0.000162236 0.00267561 0.0108168 0.000422718 0.000237019 2.29466e-05 0.0924878 0.00186345 6.17894 0.177732 77.8473 21.3692 1170.43 77.0018 1254.46 93.1228 1254.46 93.1228 0.581574 0.0103149 
200 0.24 315200000 571.56 17.5067 -45.1159 0.631361 2306.88 59.9676 7.94608e+06 420668 -0.00347991 0.00263325 -0.000162236 0.00267221 0.0108168 0.000422718 0.000237019 2.29212e-05 0.0924878 0.00186345 6.17894 0.177732 77.8473 21.3692 1170.43 77.0018 1254.46 93.1228 1254.46 93.1228 0.581574 0.0103149 
200 0.24 315600000 571.56 17.5067 -45.1159 0.631361 2306.88 59.9676 7.94608e+06 420128 -0.00347991 0.00263119 -0.000162236 0.00267012 0.0108168 0.000422718 0.000237019 2.28923e-05 0.0924878 0.00186345 6.17894 0.177732 77.8473 21.3692 1170.43 77.0018 1254.46 93.1228 1254.46 93.1228 0.581574 0.0103149 
200 0.24 316000000 571.56 17.5067 -45.1159 0.631361 2306.88 59.9676 7.94608e+06 419583 -0.00347991 0.00263275 -0.000162236 0.00266829 0.0108168 0.000422718 0.000237019 2.28636e-05 0.0924878 0.00186345 6.17894 0.177732 77.8473 21.3692 1170.43 77.0018 1254.46 93.1228 1254.46 93.1228 0.581574 0.0103149 
200 0.24 316400000 571.56 17.5067 -45.1159 0.631361 2306.88 59.9676 7.94608e+06 419160 -0.00347991 0.00263127 -0.000162236 0.00266535 0.0108168 0.000422718 0.000237019 2.28352e-05 0.0924878 0.00186345 6.17894 0.177732 77.8473 21.3692 1170.43 77.0018 1254.46 93.1228 1254.46 93.1228 0.581574 0.0103149 
200 0.24 316800000 571.56 17.5067 -45.1159 0.631361 2306.88 59.9676 7.94608e+06 418669 -0.00347991 0.00262817 -0.000162236 0.00266288 0.0108168 0.000422718 0.000237019 2.28074e-05 0.0924878 0.00186345 6.17894 0.177732 77.8473 21.3692 1170.43 77.0018 1254.46 93.1228 1254.46 93.1228 0.581574 0.0103149 
200 0.24 317200000 571.56 17.5067 -45.1159 0.631361 2306.88 59.9676 7.94608e+06 418155 -0.00347991 0.00262513 -0.000162236 0.00266146 0.0108168 0.000422718 0.000237019 2.27792e-05 0.0924878 0.00186345 6.17894 0.177732 77.8473 21.3692 1170.43 77.0018 1254.46 93.1228 1254.46 93.1228 0.581574 0.0103149 
200 0.24 317600000 571.56 17.5067 -45.1159 0.631361 2306.88 59.9676 7.94608e+06 417618 -0.00347991 0.00262231 -0.000162236 0.00265809 0.0108168 0.000422718 0.000237019 2.27517e-05 0.0924878 0.00186345 6.17894 0.177732 77.8473 21.3692 1170.43 77.0018 1254.46 93.1228 1254.46 93.1228 0.581574 0.0103149 
200 0.24 318000000 571.56 17.5067 -45.1159 0.626733 2306.88 59.5946 7.94608e+06 417199 -0.00347991 0.0026201 -0.000162236 0.00265467 0.0108168 0.000422718 0.000237019 2.27242e-05 0.0924878 0.00186345 6.17894 0.177732 77.8473 21.3692 1170.43 77.0018 1254.46 93.1228 1254.46 93.1228 0.581574 0.0102605 
200 0.24 318400000 571.56 17.5067 -45.1159 0.626733 2306.88 59.5946 7.94608e+06 416786 -0.00347991 0.00261675 -0.000162236 0.00265167 0.0108168 0.000422718 0.000237019 2.26969e-05 0.0924878 0.00186345 6.17894 0.177732 77.8473 21.3692 1170.43 77.0018 1254.46 93.1228 1254.46 93.1228 0.581574 0.0102605 
200 0.24 318800000 571.56 17.5067 -45.1159 0.626733 2306.88 59.5946 7.94608e+06 416273 -0.00347991 0.00261611 -0.000162236 0.00264868 0.0108168 0.000422718 0.000237019 2.26922e-05 0.0924878 0.00186345 6.17894 0.177732 77.8473 21.3692 1170.43 77.0018 1254.46 93.1228 1254.46 93.1228 0.581574 0.0102605 
200 0.24 319200000 571.56 17.5067 -45.1159 0.626733 2306.88 59.5946 7.94608e+06 415782 -0.00347991 0.00261294 -0.000162236 0.00264536 0.0108168 0.000422718 0.000237019 2.26922e-05 0.0924878 0.00186345 6.17894 0.177732 77.8473 21.3692 1170.43 77.0018 1254.46 93.1228 1254.46 93.1228 0.581574 0.0102605 
200 0.24 319600000 571.56 17.5067 -45.1159 0.626733 2306.88 59.5946 7.94608e+06 415325 -0.00347991 0.0026133 -0.000162236 0.00264197 0.0108168 0.000422718 0.000237019 2.26922e-05 0.0924878 0.00186345 6.17894 0.177732 77.8473 21.3692 1170.43 77.0018 1254.46 93.1228 1254.46 93.1228 0.581574 0.0102605 
200 0.24 320000000 571.56 17.5067 -45.1159 0.626733 2306.88 59.5946 7.94608e+06 414888 -0.00347991 0.00261105 -0.000162236 0.0026395 0.0108168 0.000422718 0.000237019 2.26922e-05 0.0924878 0.00186345 6.17894 0.177732 77.8473 21.3692 1170.43 77.0018 1254.46 93.1228 1254.46 93.1228 0.581574 0.0102605 
200 0.24 320400000 571.56 17.5067 -45.1159 0.626733 2306.88 59.5946 7.94608e+06 414459 -0.00347991 0.00260948 -0.000162236 0.00263616 0.0108168 0.000422718 0.000237019 2.26922e-05 0.0924878 0.00186345 6.17894 0.177732 77.8473 21.3692 1170.43 77.0018 1254.46 93.1228 1254.46 93.1228 0.581574 0.0102605 
200 0.24 320800000 571.56 17.5067 -45.1159 0.626733 2306.88 59.5946 7.94608e+06 413959 -0.00347991 0.00260624 -0.000162236 0.0026328 0.0108168 0.000422718 0.000237019 2.26922e-05 0.0924878 0.00186345 6.17894 0.177732 77.8473 21.3692 1170.43 77.0018 1254.46 93.1228 1254.46 93.1228 0.581574 0.0102605 
200 0.24 321200000 571.56 17.5067 -45.1159 0.622433 2306.88 59.1136 7.94608e+06 413480 -0.00347991 0.002603 -0.000162236 0.00263004 0.0108168 0.000419885 0.000237019 2.25039e-05 0.0924878 0.00185144 6.17894 0.177732 77.8473 21.3692 1170.43 77.0018 1254.46 93.1228 1254.46 93.1228 0.581574 0.0101592 
200 0.24 321600000 571.56 17.5067 -45.1159 0.622433 2306.88 59.1136 7.94608e+06 412960 -0.00347991 0.00259979 -0.000162236 0.00262694 0.0108168 0.000419885 0.000237019 2.24771e-05 0.0924878 0.00185144 6.17894 0.177732 77.8473 21.3692 1170.43 77.0018 1254.46 93.1228 1254.46 93.1228 0.581574 0.0101592 
200 0.24 322000000 571.56 17.5067 -45.1159 0.622433 2306.88 59.1136 7.94608e+06 412437 -0.00347991 0.00259775 -0.000162236 0.00262406 0.0108168 0.000419885 0.000237019 2.24499e-05 0.0924878 0.00185144 6.17894 0.177732 77.8473 21.3692 1170.43 77.0018 1254.46 93.1228 1254.46 93.1228 0.581574 0.0101592 
200 0.24 322400000 571.56 17.5067 -45.1159 0.622433 2306.88 59.1136 7.94608e+06 411913 -0.00347991 0.002595 -0.000162236 0.00262138 0.0108168 0.000419885 0.000237019 2.24232e-05 0.0924878 0.00185144 6.17894 0.177732 77.8473 21.3692 1170.43 77.0018 1254.46 93.1228 1254.46 93.1228 0.581574 0.0101592 
200 0.24 322800000 571.56 17.5067 -45.1159 0.622433 2306.88 59.1136 7.94608e+06 411399 -0.00347991 0.00259191 -0.000162236 0.00262315 0.0108168 0.000419885 0.000237019 2.24079e-05 0.0924878 0.00185144 6.17894 0.177732 77.8473 21.3692 1170.43 77.0018 1254.46 93.1228 1254.46 93.1228 0.581574 0.0101592 
200 0.24 323200000 571.56 17.5067 -45.1159 0.622433 2306.88 59.1136 7.94608e+06 410978 -0.00347991 0.0025896 -0.000162236 0.00261984 0.0108168 0.000419885 0.000237019 2.24079e-05 0.0924878 0.00185144 6.17894 0.177732 77.8473 21.3692 1170.43 77.0018 1254.46 93.1228 1254.46 93.1228 0.581574 0.0101592 
200 0.24 323600000 571.56 17.5067 -45.1159 0.622433 2306.88 59.1136 7.94608e+06 410554 -0.00347991 0.00259077 -0.000162236 0.00261725 0.0108168 0.000419885 0.000237019 2.24079e-05 0.0924878 0.00185144 6.17894 0.177732 77.8473 21.3692 1170.43 77.0018 1254.46 93.1228 1254.46 93.1228 0.581574 0.0101592 
200 0.24 324000000 571.56 17.5067 -45.1159 0.622433 2306.88 59.1136 7.94608e+06 410462 -0.00347991 0.00259037 -0.000162236 0.00261402 0.0108168 0.000419885 0.000237019 2.24079e-05 0.0924878 0.00185144 6.17894 0.177732 77.8473 21.3692 1170.43 77.0018 1254.46 93.1228 1254.46 93.1228 0.581574 0.0101592 
200 0.24 324400000 571.56 17.5067 -45.1159 0.617108 2306.88 58.5527 7.94608e+06 409961 -0.00347991 0.00258865 -0.000162236 0.00261463 0.0108168 0.000419885 0.000237019 2.24079e-05 0.0924878 0.00185144 6.17894 0.177732 77.8473 21.3692 1170.43 77.0018 1254.46 93.1228 1254.46 93.1228 0.581574 0.0100852 
200 0.24 324800000 571.56 17.5067 -45.1159 0.617108 2306.88 58.5527 7.94608e+06 409551 -0.00347991 0.00258766 -0.000162236 0.00261219 0.0108168 0.000419885 0.000237019 2.24079e-05 0.0924878 0.00185144 6.17894 0.177732 77.8473 21.3692 1170.43 77.0018 1254.46 93.1228 1254.46 93.1228 0.581574 0.0100852 
200 0.24 325200000 571.56 17.5067 -45.1159 0.617108 2306.88 58.5527 7.94608e+06 409270 -0.00347991 0.00258462 -0.000162236 0.00260925 0.0108168 0.000419885 0.000237019 2.24079e-05 0.0924878 0.00185144 6.17894 0.177732 77.8473 21.3692 1170.43 77.0018 1254.46 93.1228 1254.46 93.1228 0.581574 0.0100852 
200 0.24 325600000 571.56 17.5067 -45.1159 0.617108 2306.88 58.5527 7.94608e+06 408825 -0.00347991 0.00258504 -0.000162236 0.00260771 0.0108168 0.000419885 0.000237019 2.24079e-05 0.0924878 0.00185144 6.17894 0.177732 77.8473 21.3692 1170.43 77.0018 1254.46 93.1228 1254.46 93.1228 0.581574 0.0100852 
200 0.24 326000000 571.56 17.5067 -45.1159 0.617108 2306.88 58.5527 7.94608e+06 408331 -0.00347991 0.00258381 -0.000162236 0.00260467 0.0108168 0.000419885 0.000237019 2.24079e-05 0.0924878 0.00185144 6.17894 0.177732 77.8473 21.3692 1170.43 77.0018 1254.46 93.1228 1254.46 93.1228 0.581574 0.0100852 
200 0.24 326400000 571.56 17.5067 -45.1159 0.617108 2306.88 58.5527 7.94608e+06 408440 -0.00347991 0.00258585 -0.000162236 0.00260522 0.0108168 0.000419885 0.000237019 2.24079e-05 0.0924878 0.00185144 6.17894 0.177732 77.8473 21.3692 1170.43 77.0018 1254.46 93.1228 1254.46 93.1228 0.581574 0.0100852 
200 0.24 326800000 571.56 17.5067 -45.1159 0.617108 2306.88 58.5527 7.94608e+06 408019 -0.00347991 0.00258469 -0.000162236 0.00260226 0.0108168 0.000419885 0.000237019 2.24079e-05 0.0924878 0.00185144 6.17894 0.177732 77.8473 21.3692 1170.43 77.0018 1254.46 93.1228 1254.46 93.1228 0.581574 0.0100852 
200 0.24 327200000 571.56 17.5067 -45.1159 0.617108 2306.88 58.5527 7.94608e+06 407510 -0.00347991 0.00258146 -0.000162236 0.0026082 0.0108168 0.000419885 0.000237019 2.24079e-05 0.0924878 0.00185144 6.17894 0.177732 77.8473 21.3692 1170.43 77.0018 1254.46 93.1228 1254.46 93.1228 0.581574 0.0100852 
200 0.24 327600000 571.56 17.5067 -45.1159 0.611722 2306.88 58.0725 7.94608e+06 407115 -0.00347991 0.00258358 -0.000162236 0.00260508 0.0108168 0.000412824 0.000237019 2.20971e-05 0.0924878 0.00182842 6.17894 0.177732 77.8473 21.3692 1170.43 77.0018 1254.46 93.1228 1254.46 93.1228 0.581574 0.0100259 
200 0.24 328000000 571.56 17.5067 -45.1159 0.611722 2306.88 58.0725 7.94608e+06 406652 -0.00347991 0.00259722 -0.000162236 0.00260219 0.0108168 0.000412824 0.000237019 2.23586e-05 0.0924878 0.00182842 6.17894 0.177732 77.8473 21.3692 1170.43 77.0018 1254.46 93.1228 1254.46 93.1228 0.581574 0.0100245 
200 0.24 328400000 571.56 17.5067 -45.1159 0.611722 2306.88 58.0725 7.94608e+06 406262 -0.00347991 0.00259453 -0.000162236 0.00260007 0.0108168 0.000412824 0.000237019 2.23322e-05 0.0924878 0.00182842 6.17894 0.177732 77.8473 21.3692 1170.43 77.0018 1254.46 93.1228 1254.46 93.1228 0.581574 0.0100129 
200 0.24 328800000 571.56 17.5067 -45.1159 0.611722 2306.88 58.0725 7.94608e+06 407295 -0.00347991 0.0025937 -0.000162236 0.00259695 0.0108168 0.000412824 0.000237019 2.23052e-05 0.0924878 0.00182842 6.17894 0.177732 77.8473 21.3692 1170.43 77.0018 1254.46 93.1228 1254.46 93.1228 0.581574 0.0100057 
200 0.24 329200000 571.56 17.5067 -45.1159 0.611722 2306.88 58.0725 7.94608e+06 406791 -0.00347991 0.00259057 -0.000162236 0.00259454 0.0108168 0.000412824 0.000237019 2.22793e-05 0.0924878 0.00182842 6.17894 0.177732 77.8473 21.3692 1170.43 77.0018 1254.46 93.1228 1254.46 93.1228 0.581574 0.0100057 
200 0.24 329600000 571.56 17.5067 -45.1159 0.611722 2306.88 58.0725 7.94608e+06 406334 -0.00347991 0.00259231 -0.000162236 0.00259703 0.0108168 0.000412824 0.000237019 2.22858e-05 0.0924878 0.00182842 6.17894 0.177732 77.8473 21.3692 1170.43 77.0018 1254.46 93.1228 1254.46 93.1228 0.581574 0.0100057 
200 0.24 330000000 571.56 17.5067 -45.1159 0.611722 2306.88 58.0725 7.94608e+06 405858 -0.00347991 0.00258974 -0.000162236 0.00259593 0.0108168 0.000412824 0.000237019 2.2259e-05 0.0924878 0.00182842 6.17894 0.177732 77.8473 21.3692 1170.43 77.0018 1254.46 93.1228 1254.46 93.1228 0.581574 0.0100057 
200 0.24 330400000 571.56 17.5067 -45.1159 0.611722 2306.88 58.0725 7.94608e+06 405423 -0.00347991 0.00258657 -0.000162236 0.0025933 0.0108168 0.000412824 0.000237019 2.22332e-05 0.0924878 0.00182842 6.17894 0.177732 77.8473 21.3692 1170.43 77.0018 1254.46 93.1228 1254.46 93.1228 0.581574 0.0100057 
200 0.24 330800000 571.56 17.5067 -45.1159 0.607259 2306.88 57.5061 7.94608e+06 404984 -0.00347991 0.00258959 -0.000162236 0.00259323 0.0108168 0.000412824 0.000237019 2.22236e-05 0.0924878 0.00182842 6.17894 0.177732 77.8473 21.3692 1170.43 77.0018 1254.46 93.1228 1254.46 93.1228 0.581574 0.00997889 
200 0.24 331200000 571.56 17.5067 -45.1159 0.607259 2306.88 57.5061 7.94608e+06 404484 -0.00347991 0.00258671 -0.000162236 0.00259172 0.0108168 0.000412824 0.000237019 2.21974e-05 0.0924878 0.00182842 6.17894 0.177732 77.8473 21.3692 1170.43 77.0018 1254.46 93.1228 1254.46 93.1228 0.581574 0.00996811 
200 0.24 331600000 571.56 17.5067 -45.1159 0.607259 2306.88 57.5061 7.94608e+06 404004 -0.00347991 0.00258353 -0.000162236 0.00258853 0.0108168 0.000412824 0.000237019 2.21719e-05 0.0924878 0.00182842 6.17894 0.177732 77.8473 21.3692 1170.43 77.0018 1254.46 93.1228 1254.46 93.1228 0.581574 0.0099575 
200 0.24 332000000 571.56 17.5067 -45.1159 0.607259 2306.88 57.5061 7.94608e+06 403568 -0.00347991 0.00258069 -0.000162236 0.00258785 0.0108168 0.000412824 0.000237019 2.21453e-05 0.0924878 0.00182842 6.17894 0.177732 77.8473 21.3692 1170.43 77.0018 1254.46 93.1228 1254.46 93.1228 0.581574 0.00994687 
200 0.24 332400000 571.56 17.5067 -45.1159 0.607259 2306.88 57.5061 7.94608e+06 403089 -0.00347991 0.00257752 -0.000162236 0.00258828 0.0108168 0.000412824 0.000237019 2.21182e-05 0.0924878 0.00182842 6.17894 0.177732 77.8473 21.3692 1170.43 77.0018 1254.46 93.1228 1254.46 93.1228 0.581574 0.00993941 
200 0.24 332800000 571.56 17.5067 -45.1159 0.607259 2306.88 57.5061 7.94608e+06 403189 -0.00347991 0.00257672 -0.000162236 0.00258514 0.0108168 0.000412824 0.000237019 2.20919e-05 0.0924878 0.00182842 6.17894 0.177732 77.8473 21.3692 1170.43 77.0018 1254.46 93.1228 1254.46 93.1228 0.581574 0.00993796 
200 0.24 333200000 571.56 17.5067 -45.1159 0.607259 2306.88 57.5061 7.94608e+06 403099 -0.00347991 0.00257376 -0.000162236 0.00258196 0.0108168 0.000412824 0.000237019 2.20667e-05 0.0924878 0.00182842 6.17894 0.177732 77.8473 21.3692 1170.43 77.0018 1254.46 93.1228 1254.46 93.1228 0.581574 0.00994206 
200 0.24 333600000 571.56 17.5067 -45.1159 0.607259 2306.88 57.5061 7.94608e+06 402638 -0.00347991 0.00257345 -0.000162236 0.00257881 0.0108168 0.000412824 0.000237019 2.20402e-05 0.0924878 0.00182842 6.17894 0.177732 77.8473 21.3692 1170.43 77.0018 1254.46 93.1228 1254.46 93.1228 0.581574 0.00994193 
200 0.24 334000000 571.56 17.5067 -45.1159 0.607259 2306.88 57.1423 7.94608e+06 402182 -0.00347991 0.002575 -0.000162236 0.00257655 0.0108168 0.000408449 0.000237019 2.20136e-05 0.0924878 0.00180087 6.17894 0.177732 77.8473 21.3692 1170.43 77.0018 1254.46 93.1228 1254.46 93.1228 0.581574 0.00994486 
200 0.24 334400000 571.56 17.5067 -45.1159 0.607259 2306.88 57.1423 7.94608e+06 401783 -0.00347991 0.00257911 -0.000162236 0.00257529 0.0108168 0.000408449 0.000237019 2.20034e-05 0.0924878 0.00180087 6.17894 0.177732 77.8473 21.3692 1170.43 77.0018 1254.46 93.1228 1254.46 93.1228 0.581574 0.00994934 
200 0.24 334800000 571.56 17.5067 -45.1159 0.607259 2306.88 57.1423 7.94608e+06 401293 -0.00347991 0.00257598 -0.000162236 0.0025746 0.0108168 0.000408449 0.000237019 2.19774e-05 0.0924878 0.00180087 6.17894 0.177732 77.8473 21.3692 1170.43 77.0018 1254.46 93.1228 1254.46 93.1228 0.581574 0.00994245 
200 0.24 335200000 571.56 17.5067 -45.1159 0.607259 2306.88 57.1423 7.94608e+06 401143 -0.00347991 0.00257398 -0.000162236 0.00257338 0.0108168 0.000408449 0.000237019 2.19511e-05 0.0924878 0.00180087 6.17894 0.177732 77.8473 21.3692 1170.43 77.0018 1254.46 93.1228 1254.46 93.1228 0.581574 0.00993031 
200 0.24 335600000 571.56 17.5067 -45.1159 0.607259 2306.88 57.1423 7.94608e+06 400766 -0.00347991 0.002572 -0.000162236 0.00257024 0.0108168 0.000408449 0.000237019 2.19259e-05 0.0924878 0.00180087 6.17894 0.177732 77.8473 21.3692 1170.43 77.0018 1254.46 93.1228 1254.46 93.1228 0.581574 0.00991824 
200 0.24 336000000 571.56 17.5067 -45.1159 0.607259 2306.88 57.1423 7.94608e+06 400314 -0.00347991 0.00256888 -0.000162236 0.00256945 0.0108168 0.000408449 0.000237019 2.19002e-05 0.0924878 0.00180087 6.17894 0.177732 77.8473 21.3692 1170.43 77.0018 1254.46 93.1228 1254.46 93.1228 0.581574 0.00991163 
200 0.24 336400000 571.56 17.5067 -45.1159 0.607259 2306.88 57.1423 7.94608e+06 399929 -0.00347991 0.00256618 -0.000162236 0.00256635 0.0108168 0.000408449 0.000237019 2.18755e-05 0.0924878 0.00180087 6.17894 0.177732 77.8473 21.3692 1170.43 77.0018 1254.46 93.1228 1254.46 93.1228 0.581574 0.00991005 
200 0.24 336800000 571.56 17.5067 -45.1159 0.607259 2306.88 57.1423 7.94608e+06 401066 -0.00347991 0.0025636 -0.000162236 0.00256503 0.0108168 0.000408449 0.000237019 2.18499e-05 0.0924878 0.00180087 6.17894 0.177732 77.8473 21.3692 1170.43 77.0018 1254.46 93.1228 1254.46 93.1228 0.581574 0.00989805 
200 0.24 337200000 571.56 17.5067 -45.1159 0.607259 2306.88 56.6347 7.94608e+06 400656 -0.00347991 0.00256061 -0.000162236 0.00256236 0.0108168 0.000408449 0.000237019 2.18252e-05 0.0924878 0.00180087 6.17894 0.177732 77.8473 21.3692 1170.43 77.0018 1254.46 93.1228 1254.46 93.1228 0.581574 0.00989436 
200 0.24 337600000 571.56 17.5067 -45.1159 0.607259 2306.88 56.6347 7.94608e+06 400188 -0.00347991 0.00256149 -0.000162236 0.00255928 0.0108168 0.000408449 0.000237019 2.17989e-05 0.0924878 0.00180087 6.17894 0.177732 77.8473 21.3692 1170.43 77.0018 1254.46 93.1228 1254.46 93.1228 0.581574 0.00989705 
200 0.24 338000000 571.56 17.5067 -45.1159 0.607259 2306.88 56.6347 7.94608e+06 399751 -0.00347991 0.00256027 -0.000162236 0.00255689 0.0108168 0.000408449 0.000237019 2.17734e-05 0.0924878 0.00180087 6.17894 0.177732 77.8473 21.3692 1170.43 77.0018 1254.46 93.1228 1254.46 93.1228 0.581574 0.00988666 
200 0.24 338400000 571.56 17.5067 -45.1159 0.607259 2306.88 56.6347 7.94608e+06 399835 -0.00347991 0.0025581 -0.000162236 0.00255917 0.0108168 0.000408449 0.000237019 2.17559e-05 0.0924878 0.00180087 6.17894 0.177732 77.8473 21.3692 1170.43 77.0018 1254.46 93.1228 1254.46 93.1228 0.581574 0.00987481 
200 0.24 338800000 571.56 17.5067 -45.1159 0.607259 2306.88 56.6347 7.94608e+06 399377 -0.00347991 0.00255954 -0.000162236 0.0025562 0.0108168 0.000408449 0.000237019 2.17559e-05 0.0924878 0.00180087 6.17894 0.177732 77.8473 21.3692 1170.43 77.0018 1254.46 93.1228 1254.46 93.1228 0.581574 0.0098638 
200 0.24 339200000 571.56 17.5067 -45.1159 0.607259 2306.88 56.6347 7.94608e+06 398923 -0.00347991 0.00255687 -0.000162236 0.00255313 0.0108168 0.000408449 0.000237019 2.17559e-05 0.0924878 0.00180087 6.17894 0.177732 77.8473 21.3692 1170.43 77.0018 1254.46 93.1228 1254.46 93.1228 0.581574 0.00985234 
200 0.24 339600000 571.56 17.5067 -45.1159 0.607259 2306.88 56.6347 7.94608e+06 398484 -0.00347991 0.00256075 -0.000162236 0.00255349 0.0108168 0.000408449 0.000237019 2.17559e-05 0.0924878 0.00180087 6.17894 0.177732 77.8473 21.3692 1170.43 77.0018 1254.46 93.1228 1254.46 93.1228 0.581574 0.00985329 
200 0.24 340000000 571.56 17.5067 -45.1159 0.607259 2306.88 56.6347 7.94608e+06 398363 -0.00347991 0.00255791 -0.000162236 0.0025531 0.0108168 0.000408449 0.000237019 2.17559e-05 0.0924878 0.00180087 6.17894 0.177732 77.8473 21.3692 1170.43 77.0018 1254.46 93.1228 1254.46 93.1228 0.581574 0.00984292 
200 0.24 340400000 569.512 17.5067 -45.2012 0.594204 2313.16 56.2238 7.9378e+06 397898 -0.00236718 0.00255518 0.000429928 0.00255345 0.0108626 0.000401485 0.000237362 2.16576e-05 0.0927574 0.00177515 6.17306 0.164158 77.5204 21.3692 1151.71 77.0018 1235.4 93.1228 1235.4 93.1228 0.580363 0.00983711 
200 0.24 340800000 569.512 17.5067 -45.2012 0.594204 2313.16 56.2238 7.9378e+06 397494 -0.00236718 0.00255394 0.000429928 0.002551 0.0108626 0.000401485 0.000237362 2.16324e-05 0.0927574 0.00177515 6.17306 0.164158 77.5204 21.3692 1151.71 77.0018 1235.4 93.1228 1235.4 93.1228 0.580363 0.00982586 
200 0.24 341200000 569.512 17.5067 -45.2012 0.594204 2313.16 56.2238 7.9378e+06 397104 -0.00236718 0.00255244 0.000429928 0.00254798 0.0108626 0.000401485 0.000237362 2.16078e-05 0.0927574 0.00177515 6.17306 0.164158 77.5204 21.3692 1151.71 77.0018 1235.4 93.1228 1235.4 93.1228 0.580363 0.0098252 
200 0.24 341600000 569.512 17.5067 -45.2012 0.594204 2313.16 56.2238 7.9378e+06 396628 -0.00236718 0.00255158 0.000429928 0.0025453 0.0108626 0.000401485 0.000237362 2.15828e-05 0.0927574 0.00177515 6.17306 0.164158 77.5204 21.3692 1151.71 77.0018 1235.4 93.1228 1235.4 93.1228 0.580363 0.0098261 
200 0.24 342000000 569.512 17.5067 -45.2012 0.594204 2313.16 56.2238 7.9378e+06 396249 -0.00236718 0.00254871 0.000429928 0.00254235 0.0108626 0.000401485 0.000237362 2.15588e-05 0.0927574 0.00177515 6.17306 0.164158 77.5204 21.3692 1151.71 77.0018 1235.4 93.1228 1235.4 93.1228 0.580363 0.00982415 
200 0.24 342400000 569.512 17.5067 -45.2012 0.594204 2313.16 56.2238 7.9378e+06 395805 -0.00236718 0.0025515 0.000429928 0.0025398 0.0108626 0.000401485 0.000237362 2.15351e-05 0.0927574 0.00177515 6.17306 0.164158 77.5204 21.3692 1151.71 77.0018 1235.4 93.1228 1235.4 93.1228 0.580363 0.00982415 
200 0.24 342800000 569.512 17.5067 -45.2012 0.594204 2313.16 56.2238 7.9378e+06 395431 -0.00236718 0.0025485 0.000429928 0.00253682 0.0108626 0.000401485 0.000237362 2.15112e-05 0.0927574 0.00177515 6.17306 0.164158 77.5204 21.3692 1151.71 77.0018 1235.4 93.1228 1235.4 93.1228 0.580363 0.00982415 
200 0.24 343200000 569.512 17.5067 -45.2012 0.594204 2313.16 56.2238 7.9378e+06 395007 -0.00236718 0.00254547 0.000429928 0.00253392 0.0108626 0.000401485 0.000237362 2.14874e-05 0.0927574 0.00177515 6.17306 0.164158 77.5204 21.3692 1151.71 77.0018 1235.4 93.1228 1235.4 93.1228 0.580363 0.00982415 
200 0.24 343600000 569.512 17.5067 -45.2012 0.591233 2313.16 56.0567 7.9378e+06 394538 -0.00236718 0.00254244 0.000429928 0.00253116 0.0108626 0.000401485 0.000237362 2.14637e-05 0.0927574 0.00177515 6.17306 0.164158 77.5204 21.3692 1151.71 77.0018 1235.4 93.1228 1235.4 93.1228 0.580363 0.00979472 
200 0.24 344000000 569.512 17.5067 -45.2012 0.591233 2313.16 56.0567 7.9378e+06 394123 -0.00236718 0.00253968 0.000429928 0.0025286 0.0108626 0.000401485 0.000237362 2.14399e-05 0.0927574 0.00177515 6.17306 0.164158 77.5204 21.3692 1151.71 77.0018 1235.4 93.1228 1235.4 93.1228 0.580363 0.00979248 
200 0.24 344400000 569.512 17.5067 -45.2012 0.591233 2313.16 56.0567 7.9378e+06 393686 -0.00236718 0.00253679 0.000429928 0.00252671 0.0108626 0.000401485 0.000237362 2.14159e-05 0.0927574 0.00177515 6.17306 0.164158 77.5204 21.3692 1151.71 77.0018 1235.4 93.1228 1235.4 93.1228 0.580363 0.00980129 
200 0.24 344800000 569.512 17.5067 -45.2012 0.591233 2313.16 56.0567 7.9378e+06 393328 -0.00236718 0.00253585 0.000429928 0.00252387 0.0108626 0.000401485 0.000237362 2.13915e-05 0.0927574 0.00177515 6.17306 0.164158 77.5204 21.3692 1151.71 77.0018 1235.4 93.1228 1235.4 93.1228 0.580363 0.00979636 
200 0.24 345200000 569.512 17.5067 -45.2012 0.591233 2313.16 56.0567 7.9378e+06 392967 -0.00236718 0.00253297 0.000429928 0.0025213 0.0108626 0.000401485 0.000237362 2.1368e-05 0.0927574 0.00177515 6.17306 0.164158 77.5204 21.3692 1151.71 77.0018 1235.4 93.1228 1235.4 93.1228 0.580363 0.0097859 
200 0.24 345600000 569.512 17.5067 -45.2012 0.591233 2313.16 56.0567 7.9378e+06 392579 -0.00236718 0.00253227 0.000429928 0.00251888 0.0108626 0.000401485 0.000237362 2.13431e-05 0.0927574 0.00177515 6.17306 0.164158 77.5204 21.3692 1151.71 77.0018 1235.4 93.1228 1235.4 93.1228 0.580363 0.00977793 
200 0.24 346000000 569.512 17.5067 -45.2012 0.591233 2313.16 56.0567 7.9378e+06 392212 -0.00236718 0.00252928 0.000429928 0.00251639 0.0108626 0.000401485 0.000237362 2.13377e-05 0.0927574 0.00177515 6.17306 0.164158 77.5204 21.3692 1151.71 77.0018 1235.4 93.1228 1235.4 93.1228 0.580363 0.00976939 
200 0.24 346400000 569.512 17.5067 -45.2012 0.591233 2313.16 56.0567 7.9378e+06 391828 -0.00236718 0.0025263 0.000429928 0.00251343 0.0108626 0.000401485 0.000237362 2.13377e-05 0.0927574 0.00177515 6.17306 0.164158 77.5204 21.3692 1151.71 77.0018 1235.4 93.1228 1235.4 93.1228 0.580363 0.00975841 
200 0.24 346800000 569.512 17.5067 -45.2012 0.593489 2313.16 56.1347 7.9378e+06 391585 -0.00236718 0.0025237 0.000429928 0.0025116 0.0108626 0.00040771 0.000237362 2.12725e-05 0.0927574 0.00183042 6.17306 0.164158 77.5204 21.3692 1151.71 77.0018 1235.4 93.1228 1235.4 93.1228 0.580363 0.00988249 
200 0.24 347200000 569.512 17.5067 -45.2012 0.593489 2313.16 56.1347 7.9378e+06 391161 -0.00236718 0.00252073 0.000429928 0.00251064 0.0108626 0.00040771 0.000237362 2.12485e-05 0.0927574 0.00183042 6.17306 0.164158 77.5204 21.3692 1151.71 77.0018 1235.4 93.1228 1235.4 93.1228 0.580363 0.00988249 
200 0.24 347600000 569.512 17.5067 -45.2012 0.593489 2313.16 56.1347 7.9378e+06 390802 -0.00236718 0.00251922 0.000429928 0.0025085 0.0108626 0.00040771 0.000237362 2.12243e-05 0.0927574 0.00183042 6.17306 0.164158 77.5204 21.3692 1151.71 77.0018 1235.4 93.1228 1235.4 93.1228 0.580363 0.00988249 
200 0.24 348000000 569.512 17.5067 -45.2012 0.593489 2313.16 56.1347 7.9378e+06 394797 -0.00236718 0.00251843 0.000429928 0.00250567 0.0108626 0.00040771 0.000237362 2.12036e-05 0.0927574 0.00183042 6.17306 0.164158 77.5204 21.3692 1151.71 77.0018 1235.4 93.1228 1235.4 93.1228 0.580363 0.00988249 
200 0.24 348400000 569.512 17.5067 -45.2012 0.593489 2313.16 56.1347 7.9378e+06 394442 -0.00236718 0.00251574 0.000429928 0.00250384 0.0108626 0.00040771 0.000237362 2.12036e-05 0.0927574 0.00183042 6.17306 0.164158 77.5204 21.3692 1151.71 77.0018 1235.4 93.1228 1235.4 93.1228 0.580363 0.00988249 
200 0.24 348800000 569.512 17.5067 -45.2012 0.593489 2313.16 56.1347 7.9378e+06 394049 -0.00236718 0.00251562 0.000429928 0.0025009 0.0108626 0.00040771 0.000237362 2.12036e-05 0.0927574 0.00183042 6.17306 0.164158 77.5204 21.3692 1151.71 77.0018 1235.4 93.1228 1235.4 93.1228 0.580363 0.00988249 
200 0.24 349200000 569.512 17.5067 -45.2012 0.593489 2313.16 56.1347 7.9378e+06 393589 -0.00236718 0.00251309 0.000429928 0.00249836 0.0108626 0.00040771 0.000237362 2.12036e-05 0.0927574 0.00183042 6.17306 0.164158 77.5204 21.3692 1151.71 77.0018 1235.4 93.1228 1235.4 93.1228 0.580363 0.00988249 
200 0.24 349600000 569.512 17.5067 -45.2012 0.593489 2313.16 56.1347 7.9378e+06 393166 -0.00236718 0.00251066 0.000429928 0.00249545 0.0108626 0.00040771 0.000237362 2.12036e-05 0.0927574 0.00183042 6.17306 0.164158 77.5204 21.3692 1151.71 77.0018 1235.4 93.1228 1235.4 93.1228 0.580363 0.00988249 
200 0.24 350000000 569.512 17.5067 -45.2012 0.589292 2313.16 55.6103 7.9378e+06 392808 -0.00236718 0.00250793 0.000429928 0.00249263 0.0108626 0.00040771 0.000237362 2.12036e-05 0.0927574 0.00183042 6.17306 0.164158 77.5204 21.3692 1151.71 77.0018 1235.4 93.1228 1235.4 93.1228 0.580363 0.00990015 
200 0.24 350400000 569.512 17.5067 -45.2012 0.589292 2313.16 55.6103 7.9378e+06 392427 -0.00236718 0.00250771 0.000429928 0.00248972 0.0108626 0.00040771 0.000237362 2.12036e-05 0.0927574 0.00183042 6.17306 0.164158 77.5204 21.3692 1151.71 77.0018 1235.4 93.1228 1235.4 93.1228 0.580363 0.00990015 
200 0.24 350800000 569.512 17.5067 -45.2012 0.589292 2313.16 55.6103 7.9378e+06 391984 -0.00236718 0.00250618 0.000429928 0.00248895 0.0108626 0.00040771 0.000237362 2.12036e-05 0.0927574 0.00183042 6.17306 0.164158 77.5204 21.3692 1151.71 77.0018 1235.4 93.1228 1235.4 93.1228 0.580363 0.00990015 
200 0.24 351200000 569.512 17.5067 -45.2012 0.589292 2313.16 55.6103 7.9378e+06 391542 -0.00236718 0.00250942 0.000429928 0.00248623 0.0108626 0.00040771 0.000237362 2.12036e-05 0.0927574 0.00183042 6.17306 0.164158 77.5204 21.3692 1151.71 77.0018 1235.4 93.1228 1235.4 93.1228 0.580363 0.00990015 
200 0.24 351600000 569.512 17.5067 -45.2012 0.589292 2313.16 55.6103 7.9378e+06 391186 -0.00236718 0.00250756 0.000429928 0.00248532 0.0108626 0.00040771 0.000237362 2.12036e-05 0.0927574 0.00183042 6.17306 0.164158 77.5204 21.3692 1151.71 77.0018 1235.4 93.1228 1235.4 93.1228 0.580363 0.00990015 
200 0.24 352000000 569.512 17.5067 -45.2012 0.589292 2313.16 55.6103 7.9378e+06 390734 -0.00236718 0.00250975 0.000429928 0.00248319 0.0108626 0.00040771 0.000237362 2.12036e-05 0.0927574 0.00183042 6.17306 0.164158 77.5204 21.3692 1151.71 77.0018 1235.4 93.1228 1235.4 93.1228 0.580363 0.00990015 
200 0.24 352400000 569.512 17.5067 -45.2012 0.589292 2313.16 55.6103 7.9378e+06 390714 -0.00236718 0.00250838 0.000429928 0.00248046 0.0108626 0.00040771 0.000237362 2.12036e-05 0.0927574 0.00183042 6.17306 0.164158 77.5204 21.3692 1151.71 77.0018 1235.4 93.1228 1235.4 93.1228 0.580363 0.00990015 
200 0.24 352800000 569.512 17.5067 -45.2012 0.589292 2313.16 55.6103 7.9378e+06 398415 -0.00236718 0.00251282 0.000429928 0.00247825 0.0108626 0.00040771 0.000237362 2.12036e-05 0.0927574 0.00183042 6.17306 0.164158 77.5204 21.3692 1151.71 77.0018 1235.4 93.1228 1235.4 93.1228 0.580363 0.00990015 
200 0.24 353200000 569.512 17.5067 -45.2012 0.58759 2313.16 55.6294 7.9378e+06 397954 -0.00236718 0.00250991 0.000429928 0.00247573 0.0108626 0.000400303 0.000237362 2.09135e-05 0.0927574 0.00179653 6.17306 0.164158 77.5204 21.3692 1151.71 77.0018 1235.4 93.1228 1235.4 93.1228 0.580363 0.00980878 
200 0.24 353600000 569.512 17.5067 -45.2012 0.58759 2313.16 55.6294 7.9378e+06 397499 -0.00236718 0.00250769 0.000429928 0.00247404 0.0108626 0.000400303 0.000237362 2.08905e-05 0.0927574 0.00179653 6.17306 0.164158 77.5204 21.3692 1151.71 77.0018 1235.4 93.1228 1235.4 93.1228 0.580363 0.00980878 
200 0.24 354000000 569.512 17.5067 -45.2012 0.58759 2313.16 55.6294 7.9378e+06 397098 -0.00236718 0.00250493 0.000429928 0.00247365 0.0108626 0.000400303 0.000237362 2.08669e-05 0.0927574 0.00179653 6.17306 0.164158 77.5204 21.3692 1151.71 77.0018 1235.4 93.1228 1235.4 93.1228 0.580363 0.00980878 
200 0.24 354400000 569.512 17.5067 -45.2012 0.58759 2313.16 55.6294 7.9378e+06 396706 -0.00236718 0.00250215 0.000429928 0.00247106 0.0108626 0.000400303 0.000237362 2.08482e-05 0.0927574 0.00179653 6.17306 0.164158 77.5204 21.3692 1151.71 77.0018 1235.4 93.1228 1235.4 93.1228 0.580363 0.00980878 
200 0.24 354800000 569.512 17.5067 -45.2012 0.58759 2313.16 55.6294 7.9378e+06 396312 -0.00236718 0.00249929 0.000429928 0.00247106 0.0108626 0.000400303 0.000237362 2.08482e-05 0.0927574 0.00179653 6.17306 0.164158 77.5204 21.3692 1151.71 77.0018 1235.4 93.1228 1235.4 93.1228 0.580363 0.00980878 
200 0.24 355200000 569.512 17.5067 -45.2012 0.58759 2313.16 55.6294 7.9378e+06 395951 -0.00236718 0.00249644 0.000429928 0.00246828 0.0108626 0.000400303 0.000237362 2.08482e-05 0.0927574 0.00179653 6.17306 0.164158 77.5204 21.3692 1151.71 77.0018 1235.4 93.1228 1235.4 93.1228 0.580363 0.00980878 
200 0.24 355600000 569.512 17.5067 -45.2012 0.58759 2313.16 55.6294 7.9378e+06 395524 -0.00236718 0.00249359 0.000429928 0.00246991 0.0108626 0.000400303 0.000237362 2.08482e-05 0.0927574 0.00179653 6.17306 0.164158 77.5204 21.3692 1151.71 77.0018 1235.4 93.1228 1235.4 93.1228 0.580363 0.00980878 
200 0.24 356000000 569.512 17.5067 -45.2012 0.58759 2313.16 55.6294 7.9378e+06 395144 -0.00236718 0.00249076 0.000429928 0.00246898 0.0108626 0.000400303 0.000237362 2.08482e-05 0.0927574 0.00179653 6.17306 0.164158 77.5204 21.3692 1151.71 77.0018 1235.4 93.1228 1235.4 93.1228 0.580363 0.00980878 
200 0.24 356400000 569.512 17.5067 -45.2012 0.583308 2313.16 55.2887 7.9378e+06 394911 -0.00236718 0.00248793 0.000429928 0.00246637 0.0108626 0.000400303 0.000237362 2.08429e-05 0.0927574 0.00179653 6.17306 0.164158 77.5204 21.3692 1151.71 77.0018 1235.4 93.1228 1235.4 93.1228 0.580363 0.009731 
200 0.24 356800000 569.512 17.5067 -45.2012 0.583308 2313.16 55.2887 7.9378e+06 394492 -0.00236718 0.00248558 0.000429928 0.00246856 0.0108626 0.000400303 0.000237362 2.08429e-05 0.0927574 0.00179653 6.17306 0.164158 77.5204 21.3692 1151.71 77.0018 1235.4 93.1228 1235.4 93.1228 0.580363 0.009731 
200 0.24 357200000 569.512 17.5067 -45.2012 0.583308 2313.16 55.2887 7.9378e+06 394041 -0.00236718 0.00248276 0.000429928 0.00246656 0.0108626 0.000400303 0.000237362 2.08429e-05 0.0927574 0.00179653 6.17306 0.164158 77.5204 21.3692 1151.71 77.0018 1235.4 93.1228 1235.4 93.1228 0.580363 0.009731 
200 0.24 357600000 569.512 17.5067 -45.2012 0.583308 2313.16 55.2887 7.9378e+06 393591 -0.00236718 0.00248002 0.000429928 0.00246384 0.0108626 0.000400303 0.000237362 2.08429e-05 0.0927574 0.00179653 6.17306 0.164158 77.5204 21.3692 1151.71 77.0018 1235.4 93.1228 1235.4 93.1228 0.580363 0.009731 
200 0.24 358000000 569.512 17.5067 -45.2012 0.583308 2313.16 55.2887 7.9378e+06 393188 -0.00236718 0.0024772 0.000429928 0.00246407 0.0108626 0.000400303 0.000237362 2.08429e-05 0.0927574 0.00179653 6.17306 0.164158 77.5204 21.3692 1151.71 77.0018 1235.4 93.1228 1235.4 93.1228 0.580363 0.009731 
200 0.24 358400000 569.512 17.5067 -45.2012 0.583308 2313.16 55.2887 7.9378e+06 392805 -0.00236718 0.00247469 0.000429928 0.0024622 0.0108626 0.000400303 0.000237362 2.08429e-05 0.0927574 0.00179653 6.17306 0.164158 77.5204 21.3692 1151.71 77.0018 1235.4 93.1228 1235.4 93.1228 0.580363 0.009731 
200 0.24 358800000 569.512 17.5067 -45.2012 0.583308 2313.16 55.2887 7.9378e+06 392439 -0.00236718 0.00247922 0.000429928 0.00245942 0.0108626 0.000400303 0.000237362 2.08429e-05 0.0927574 0.00179653 6.17306 0.164158 77.5204 21.3692 1151.71 77.0018 1235.4 93.1228 1235.4 93.1228 0.580363 0.009731 
200 0.24 359200000 569.512 17.5067 -45.2012 0.583308 2313.16 55.2887 7.9378e+06 392014 -0.00236718 0.00247711 0.000429928 0.00246363 0.0108626 0.000400303 0.000237362 2.08429e-05 0.0927574 0.00179653 6.17306 0.164158 77.5204 21.3692 1151.71 77.0018 1235.4 93.1228 1235.4 93.1228 0.580363 0.009731 
200 0.24 359600000 569.512 17.5067 -45.2012 0.578062 2313.16 54.8341 7.9378e+06 391645 -0.00236718 0.00247436 0.000429928 0.00246083 0.0108626 0.00039353 0.000237362 2.05737e-05 0.0927574 0.00176959 6.17306 0.164158 77.5204 21.3692 1151.71 77.0018 1235.4 93.1228 1235.4 93.1228 0.580363 0.00965217 
200 0.24 360000000 569.512 17.5067 -45.2012 0.578062 2313.16 54.8341 7.9378e+06 391223 -0.00236718 0.00247168 0.000429928 0.00247031 0.0108626 0.00039353 0.000237362 2.0682e-05 0.0927574 0.00176959 6.17306 0.164158 77.5204 21.3692 1151.71 77.0018 1235.4 93.1228 1235.4 93.1228 0.580363 0.00965217 
200 0.24 360400000 569.512 17.5067 -45.2012 0.578062 2313.16 54.8341 7.9378e+06 390824 -0.00236718 0.00247069 0.000429928 0.00246781 0.0108626 0.00039353 0.000237362 2.06596e-05 0.0927574 0.00176959 6.17306 0.164158 77.5204 21.3692 1151.71 77.0018 1235.4 93.1228 1235.4 93.1228 0.580363 0.00965217 
200 0.24 360800000 569.512 17.5067 -45.2012 0.578062 2313.16 54.8341 7.9378e+06 390409 -0.00236718 0.0024681 0.000429928 0.00246507 0.0108626 0.00039353 0.000237362 2.06378e-05 0.0927574 0.00176959 6.17306 0.164158 77.5204 21.3692 1151.71 77.0018 1235.4 93.1228 1235.4 93.1228 0.580363 0.00965217 
200 0.24 361200000 569.512 17.5067 -45.2012 0.578062 2313.16 54.8341 7.9378e+06 389969 -0.00236718 0.00246979 0.000429928 0.0024623 0.0108626 0.00039353 0.000237362 2.06146e-05 0.0927574 0.00176959 6.17306 0.164158 77.5204 21.3692 1151.71 77.0018 1235.4 93.1228 1235.4 93.1228 0.580363 0.00965217 
200 0.24 361600000 569.512 17.5067 -45.2012 0.578062 2313.16 54.8341 7.9378e+06 389566 -0.00236718 0.00246824 0.000429928 0.00246381 0.0108626 0.00039353 0.000237362 2.05928e-05 0.0927574 0.00176959 6.17306 0.164158 77.5204 21.3692 1151.71 77.0018 1235.4 93.1228 1235.4 93.1228 0.580363 0.00965217 
200 0.24 362000000 569.512 17.5067 -45.2012 0.578062 2313.16 54.8341 7.9378e+06 389128 -0.00236718 0.00246692 0.000429928 0.00246348 0.0108626 0.00039353 0.000237362 2.05696e-05 0.0927574 0.00176959 6.17306 0.164158 77.5204 21.3692 1151.71 77.0018 1235.4 93.1228 1235.4 93.1228 0.580363 0.00965217 
200 0.24 362400000 569.512 17.5067 -45.2012 0.578062 2313.16 54.8341 7.9378e+06 388715 -0.00236718 0.00246451 0.000429928 0.00246071 0.0108626 0.00039353 0.000237362 2.0548e-05 0.0927574 0.00176959 6.17306 0.164158 77.5204 21.3692 1151.71 77.0018 1235.4 93.1228 1235.4 93.1228 0.580363 0.00965217 
200 0.24 362800000 569.512 17.5067 -45.2012 0.574036 2313.16 54.3599 7.9378e+06 388307 -0.00236718 0.00246239 0.000429928 0.00245805 0.0108626 0.00039353 0.000237362 2.05264e-05 0.0927574 0.00176959 6.17306 0.164158 77.5204 21.3692 1151.71 77.0018 1235.4 93.1228 1235.4 93.1228 0.580363 0.00959969 
200 0.24 363200000 569.512 17.5067 -45.2012 0.574036 2313.16 54.3599 7.9378e+06 387960 -0.00236718 0.00246253 0.000429928 0.00245534 0.0108626 0.00039353 0.000237362 2.05037e-05 0.0927574 0.00176959 6.17306 0.164158 77.5204 21.3692 1151.71 77.0018 1235.4 93.1228 1235.4 93.1228 0.580363 0.00959969 
200 0.24 363600000 569.512 17.5067 -45.2012 0.574036 2313.16 54.3599 7.9378e+06 387623 -0.00236718 0.00245995 0.000429928 0.00245261 0.0108626 0.00039353 0.000237362 2.04837e-05 0.0927574 0.00176959 6.17306 0.164158 77.5204 21.3692 1151.71 77.0018 1235.4 93.1228 1235.4 93.1228 0.580363 0.00959969 
200 0.24 364000000 569.512 17.5067 -45.2012 0.574036 2313.16 54.5151 7.9378e+06 398836 -0.00236718 0.00245774 0.000429928 0.0024624 0.0108626 0.00039353 0.000237362 2.06216e-05 0.0927574 0.00176959 6.17306 0.164158 77.5204 21.3692 1151.71 77.0018 1235.4 93.1228 1235.4 93.1228 0.580363 0.00959969 
200 0.24 364400000 569.512 17.5067 -45.2012 0.574036 2313.16 54.4564 7.9378e+06 398389 -0.00236718 0.00245771 0.000429928 0.00246015 0.0108626 0.00039353 0.000237362 2.05986e-05 0.0927574 0.00176959 6.17306 0.164158 77.5204 21.3692 1151.71 77.0018 1235.4 93.1228 1235.4 93.1228 0.580363 0.00959969 
200 0.24 364800000 569.512 17.5067 -45.2012 0.574036 2313.16 54.4244 7.9378e+06 398030 -0.00236718 0.0024574 0.000429928 0.00245765 0.0108626 0.00039353 0.000237362 2.05761e-05 0.0927574 0.00176959 6.17306 0.164158 77.5204 21.3692 1151.71 77.0018 1235.4 93.1228 1235.4 93.1228 0.580363 0.00959969 
200 0.24 365200000 569.512 17.5067 -45.2012 0.574036 2313.16 54.4027 7.9378e+06 397679 -0.00236718 0.00245572 0.000429928 0.00245492 0.0108626 0.00039353 0.000237362 2.05545e-05 0.0927574 0.00176959 6.17306 0.164158 77.5204 21.3692 1151.71 77.0018 1235.4 93.1228 1235.4 93.1228 0.580363 0.00959969 
200 0.24 365600000 569.512 17.5067 -45.2012 0.574036 2313.16 54.3599 7.9378e+06 397263 -0.00236718 0.00245524 0.000429928 0.00245292 0.0108626 0.00039353 0.000237362 2.05319e-05 0.0927574 0.00176959 6.17306 0.164158 77.5204 21.3692 1151.71 77.0018 1235.4 93.1228 1235.4 93.1228 0.580363 0.00959969 
200 0.24 366000000 569.212 15.1624 -45.0282 0.570239 2301.14 54.3274 7.93977e+06 396907 -0.00204302 0.00245296 0.000934403 0.00245457 0.0107946 0.000392527 0.000235265 2.05094e-05 0.0923199 0.00175814 6.1685 0.152496 79.399 18.3727 1168.1 68.6107 1253.67 79.8229 1253.67 79.8229 0.580201 0.00978331 
200 0.24 366400000 569.212 15.1624 -45.0282 0.570239 2301.14 54.2683 7.93977e+06 396466 -0.00204302 0.00245651 0.000934403 0.00245207 0.0107946 0.000392527 0.000235265 2.04912e-05 0.0923199 0.00175814 6.1685 0.152496 79.399 18.3727 1168.1 68.6107 1253.67 79.8229 1253.67 79.8229 0.580201 0.00978331 
200 0.24 366800000 569.212 15.1624 -45.0282 0.570239 2301.14 54.208 7.93977e+06 396032 -0.00204302 0.00245378 0.000934403 0.00244938 0.0107946 0.000392527 0.000235265 2.047e-05 0.0923199 0.00175814 6.1685 0.152496 79.399 18.3727 1168.1 68.6107 1253.67 79.8229 1253.67 79.8229 0.580201 0.00978331 
200 0.24 367200000 569.212 15.1624 -45.0282 0.570239 2301.14 54.1549 7.93977e+06 395599 -0.00204302 0.00245144 0.000934403 0.0024475 0.0107946 0.000392527 0.000235265 2.04486e-05 0.0923199 0.00175814 6.1685 0.152496 79.399 18.3727 1168.1 68.6107 1253.67 79.8229 1253.67 79.8229 0.580201 0.00978331 
200 0.24 367600000 569.212 15.1624 -45.0282 0.570239 2301.14 54.1289 7.93977e+06 395254 -0.00204302 0.00244934 0.000934403 0.00244479 0.0107946 0.000392527 0.000235265 2.04275e-05 0.0923199 0.00175814 6.1685 0.152496 79.399 18.3727 1168.1 68.6107 1253.67 79.8229 1253.67 79.8229 0.580201 0.00978331 
200 0.24 368000000 569.212 15.1624 -45.0282 0.570239 2301.14 54.0838 7.93977e+06 394883 -0.00204302 0.00244668 0.000934403 0.0024426 0.0107946 0.000392527 0.000235265 2.04064e-05 0.0923199 0.00175814 6.1685 0.152496 79.399 18.3727 1168.1 68.6107 1253.67 79.8229 1253.67 79.8229 0.580201 0.00978331 
200 0.24 368400000 569.212 15.1624 -45.0282 0.570239 2301.14 54.033 7.93977e+06 394454 -0.00204302 0.00244403 0.000934403 0.0024415 0.0107946 0.000392527 0.000235265 2.03935e-05 0.0923199 0.00175814 6.1685 0.152496 79.399 18.3727 1168.1 68.6107 1253.67 79.8229 1253.67 79.8229 0.580201 0.00978331 
200 0.24 368800000 569.212 15.1624 -45.0282 0.570239 2301.14 54.2002 7.93977e+06 396255 -0.00204302 0.00244142 0.000934403 0.00243888 0.0107946 0.000392527 0.000235265 2.03935e-05 0.0923199 0.00175814 6.1685 0.152496 79.399 18.3727 1168.1 68.6107 1253.67 79.8229 1253.67 79.8229 0.580201 0.00978331 
200 0.24 369200000 569.212 15.1624 -45.0282 0.566669 2301.14 54.1464 7.93977e+06 395819 -0.00204302 0.00243889 0.000934403 0.00244013 0.0107946 0.000392527 0.000235265 2.03935e-05 0.0923199 0.00175814 6.1685 0.152496 79.399 18.3727 1168.1 68.6107 1253.67 79.8229 1253.67 79.8229 0.580201 0.00969738 
200 0.24 369600000 569.212 15.1624 -45.0282 0.566669 2301.14 54.094 7.93977e+06 395387 -0.00204302 0.00244603 0.000934403 0.00243761 0.0107946 0.000392527 0.000235265 2.03935e-05 0.0923199 0.00175814 6.1685 0.152496 79.399 18.3727 1168.1 68.6107 1253.67 79.8229 1253.67 79.8229 0.580201 0.00969738 
200 0.24 370000000 569.212 15.1624 -45.0282 0.566669 2301.14 54.0365 7.93977e+06 394951 -0.00204302 0.00244367 0.000934403 0.00243697 0.0107946 0.000392527 0.000235265 2.03935e-05 0.0923199 0.00175814 6.1685 0.152496 79.399 18.3727 1168.1 68.6107 1253.67 79.8229 1253.67 79.8229 0.580201 0.00969738 
200 0.24 370400000 569.212 15.1624 -45.0282 0.566669 2301.14 53.9773 7.93977e+06 394533 -0.00204302 0.00244365 0.000934403 0.00243457 0.0107946 0.000392527 0.000235265 2.03935e-05 0.0923199 0.00175814 6.1685 0.152496 79.399 18.3727 1168.1 68.6107 1253.67 79.8229 1253.67 79.8229 0.580201 0.00969738 
200 0.24 370800000 569.212 15.1624 -45.0282 0.566669 2301.14 53.9207 7.93977e+06 394133 -0.00204302 0.00244174 0.000934403 0.0024325 0.0107946 0.000392527 0.000235265 2.03935e-05 0.0923199 0.00175814 6.1685 0.152496 79.399 18.3727 1168.1 68.6107 1253.67 79.8229 1253.67 79.8229 0.580201 0.00969738 
200 0.24 371200000 569.212 15.1624 -45.0282 0.566669 2301.14 53.8947 7.93977e+06 393804 -0.00204302 0.00244597 0.000934403 0.00243486 0.0107946 0.000392527 0.000235265 2.04336e-05 0.0923199 0.00175814 6.1685 0.152496 79.399 18.3727 1168.1 68.6107 1253.67 79.8229 1253.67 79.8229 0.580201 0.00969738 
200 0.24 371600000 569.212 15.1624 -45.0282 0.566669 2301.14 53.8564 7.93977e+06 393448 -0.00204302 0.0024472 0.000934403 0.00243249 0.0107946 0.000392527 0.000235265 2.04113e-05 0.0923199 0.00175814 6.1685 0.152496 79.399 18.3727 1168.1 68.6107 1253.67 79.8229 1253.67 79.8229 0.580201 0.00969738 
200 0.24 372000000 569.212 15.1624 -45.0282 0.566669 2301.14 53.8286 7.93977e+06 393112 -0.00204302 0.00244452 0.000934403 0.00243144 0.0107946 0.000392527 0.000235265 2.03935e-05 0.0923199 0.00175814 6.1685 0.152496 79.399 18.3727 1168.1 68.6107 1253.67 79.8229 1253.67 79.8229 0.580201 0.00969738 
200 0.24 372400000 569.212 15.1624 -45.0282 0.567378 2301.14 53.951 7.93977e+06 394269 -0.00204302 0.00244206 0.000934403 0.00242947 0.0107946 0.000387081 0.000235265 2.03691e-05 0.0923199 0.00172933 6.1685 0.152496 79.399 18.3727 1168.1 68.6107 1253.67 79.8229 1253.67 79.8229 0.580201 0.00961925 
200 0.24 372800000 569.212 15.1624 -45.0282 0.567378 2301.14 54.1882 7.93977e+06 397323 -0.00204302 0.00245343 0.000934403 0.00242921 0.0107946 0.000387081 0.000235265 2.08324e-05 0.0923199 0.00172933 6.1685 0.152496 79.399 18.3727 1168.1 68.6107 1253.67 79.8229 1253.67 79.8229 0.580201 0.00961925 
200 0.24 373200000 569.212 15.1624 -45.0282 0.567378 2301.14 54.1298 7.93977e+06 396911 -0.00204302 0.00245082 0.000934403 0.00242657 0.0107946 0.000387081 0.000235265 2.08113e-05 0.0923199 0.00172933 6.1685 0.152496 79.399 18.3727 1168.1 68.6107 1253.67 79.8229 1253.67 79.8229 0.580201 0.00961925 
200 0.24 373600000 569.212 15.1624 -45.0282 0.567378 2301.14 54.0935 7.93977e+06 396557 -0.00204302 0.00245117 0.000934403 0.00242396 0.0107946 0.000387081 0.000235265 2.07887e-05 0.0923199 0.00172933 6.1685 0.152496 79.399 18.3727 1168.1 68.6107 1253.67 79.8229 1253.67 79.8229 0.580201 0.00961925 
200 0.24 374000000 569.212 15.1624 -45.0282 0.567378 2301.14 54.7918 7.93977e+06 403764 -0.00204302 0.00245213 0.000934403 0.00242143 0.0107946 0.000387081 0.000235265 2.0766e-05 0.0923199 0.00172933 6.1685 0.152496 79.399 18.3727 1168.1 68.6107 1253.67 79.8229 1253.67 79.8229 0.580201 0.00961925 
200 0.24 374400000 569.212 15.1624 -45.0282 0.567378 2301.14 54.7918 7.93977e+06 403682 -0.00204302 0.00244953 0.000934403 0.00241897 0.0107946 0.000387081 0.000235265 2.07451e-05 0.0923199 0.00172933 6.1685 0.152496 79.399 18.3727 1168.1 68.6107 1253.67 79.8229 1253.67 79.8229 0.580201 0.00961925 
200 0.24 374800000 569.212 15.1624 -45.0282 0.567378 2301.14 54.7918 7.93977e+06 403259 -0.00204302 0.00244693 0.000934403 0.0024191 0.0107946 0.000387081 0.000235265 2.07228e-05 0.0923199 0.00172933 6.1685 0.152496 79.399 18.3727 1168.1 68.6107 1253.67 79.8229 1253.67 79.8229 0.580201 0.00961925 
200 0.24 375200000 569.212 15.1624 -45.0282 0.567378 2301.14 54.7918 7.93977e+06 402848 -0.00204302 0.00244439 0.000934403 0.0024166 0.0107946 0.000387081 0.000235265 2.07019e-05 0.0923199 0.00172933 6.1685 0.152496 79.399 18.3727 1168.1 68.6107 1253.67 79.8229 1253.67 79.8229 0.580201 0.00961925 
200 0.24 375600000 569.212 15.1624 -45.0282 0.571508 2301.14 54.5687 7.93977e+06 402462 -0.00204302 0.00244352 0.000934403 0.00241829 0.0107946 0.000387081 0.000235265 2.06834e-05 0.0923199 0.00172933 6.1685 0.152496 79.399 18.3727 1168.1 68.6107 1253.67 79.8229 1253.67 79.8229 0.580201 0.00972993 
200 0.24 376000000 569.212 15.1624 -45.0282 0.571508 2301.14 54.5687 7.93977e+06 402676 -0.00204302 0.00244179 0.000934403 0.00241925 0.0107946 0.000387081 0.000235265 2.06613e-05 0.0923199 0.00172933 6.1685 0.152496 79.399 18.3727 1168.1 68.6107 1253.67 79.8229 1253.67 79.8229 0.580201 0.00972993 
200 0.24 376400000 569.212 15.1624 -45.0282 0.571508 2301.14 54.5687 7.93977e+06 402322 -0.00204302 0.00244018 0.000934403 0.00241715 0.0107946 0.000387081 0.000235265 2.064e-05 0.0923199 0.00172933 6.1685 0.152496 79.399 18.3727 1168.1 68.6107 1253.67 79.8229 1253.67 79.8229 0.580201 0.00972993 
200 0.24 376800000 569.212 15.1624 -45.0282 0.571508 2301.14 54.5687 7.93977e+06 401967 -0.00204302 0.00243757 0.000934403 0.00241498 0.0107946 0.000387081 0.000235265 2.06192e-05 0.0923199 0.00172933 6.1685 0.152496 79.399 18.3727 1168.1 68.6107 1253.67 79.8229 1253.67 79.8229 0.580201 0.00972993 
200 0.24 377200000 569.212 15.1624 -45.0282 0.571508 2301.14 54.4983 7.93977e+06 401544 -0.00204302 0.00243859 0.000934403 0.00241486 0.0107946 0.000387081 0.000235265 2.06008e-05 0.0923199 0.00172933 6.1685 0.152496 79.399 18.3727 1168.1 68.6107 1253.67 79.8229 1253.67 79.8229 0.580201 0.00972993 
200 0.24 377600000 569.212 15.1624 -45.0282 0.571508 2301.14 54.4983 7.93977e+06 401169 -0.00204302 0.00243781 0.000934403 0.0024124 0.0107946 0.000387081 0.000235265 2.05794e-05 0.0923199 0.00172933 6.1685 0.152496 79.399 18.3727 1168.1 68.6107 1253.67 79.8229 1253.67 79.8229 0.580201 0.00972993 
200 0.24 378000000 569.212 15.1624 -45.0282 0.571508 2301.14 54.4983 7.93977e+06 401332 -0.00204302 0.00243539 0.000934403 0.00241078 0.0107946 0.000387081 0.000235265 2.05585e-05 0.0923199 0.00172933 6.1685 0.152496 79.399 18.3727 1168.1 68.6107 1253.67 79.8229 1253.67 79.8229 0.580201 0.00972993 
200 0.24 378400000 569.212 15.1624 -45.0282 0.571508 2301.14 54.4983 7.93977e+06 401095 -0.00204302 0.00243724 0.000934403 0.00241273 0.0107946 0.000387081 0.000235265 2.05738e-05 0.0923199 0.00172933 6.1685 0.152496 79.399 18.3727 1168.1 68.6107 1253.67 79.8229 1253.67 79.8229 0.580201 0.00972993 
200 0.24 378800000 569.212 15.1624 -45.0282 0.568751 2301.14 54.2722 7.93977e+06 400692 -0.00204302 0.00243462 0.000934403 0.00241036 0.0107946 0.000386481 0.000235265 2.05532e-05 0.0923199 0.00170971 6.1685 0.152496 79.399 18.3727 1168.1 68.6107 1253.67 79.8229 1253.67 79.8229 0.580201 0.00970121 
200 0.24 379200000 569.212 15.1624 -45.0282 0.568751 2301.14 54.2722 7.93977e+06 400261 -0.00204302 0.00243242 0.000934403 0.00240829 0.0107946 0.000386481 0.000235265 2.05326e-05 0.0923199 0.00170971 6.1685 0.152496 79.399 18.3727 1168.1 68.6107 1253.67 79.8229 1253.67 79.8229 0.580201 0.00970121 
200 0.24 379600000 569.212 15.1624 -45.0282 0.568751 2301.14 54.2722 7.93977e+06 399926 -0.00204302 0.00243058 0.000934403 0.00240575 0.0107946 0.000386481 0.000235265 2.0512e-05 0.0923199 0.00170971 6.1685 0.152496 79.399 18.3727 1168.1 68.6107 1253.67 79.8229 1253.67 79.8229 0.580201 0.00970121 
200 0.24 380000000 569.212 15.1624 -45.0282 0.568751 2301.14 54.2722 7.93977e+06 399562 -0.00204302 0.00242857 0.000934403 0.00240321 0.0107946 0.000386481 0.000235265 2.04915e-05 0.0923199 0.00170971 6.1685 0.152496 79.399 18.3727 1168.1 68.6107 1253.67 79.8229 1253.67 79.8229 0.580201 0.00970121 
200 0.24 380400000 569.212 15.1624 -45.0282 0.568751 2301.14 54.2722 7.93977e+06 399184 -0.00204302 0.00242615 0.000934403 0.00240301 0.0107946 0.000386481 0.000235265 2.047e-05 0.0923199 0.00170971 6.1685 0.152496 79.399 18.3727 1168.1 68.6107 1253.67 79.8229 1253.67 79.8229 0.580201 0.00970121 
200 0.24 380800000 569.212 15.1624 -45.0282 0.568751 2301.14 54.2722 7.93977e+06 398767 -0.00204302 0.00242375 0.000934403 0.00240414 0.0107946 0.000386481 0.000235265 2.04481e-05 0.0923199 0.00170971 6.1685 0.152496 79.399 18.3727 1168.1 68.6107 1253.67 79.8229 1253.67 79.8229 0.580201 0.00970121 
200 0.24 381200000 569.212 15.1624 -45.0282 0.568751 2301.14 54.2722 7.93977e+06 398354 -0.00204302 0.00242123 0.000934403 0.00240559 0.0107946 0.000386481 0.000235265 2.04262e-05 0.0923199 0.00170971 6.1685 0.152496 79.399 18.3727 1168.1 68.6107 1253.67 79.8229 1253.67 79.8229 0.580201 0.00970121 
200 0.24 381600000 569.212 15.1624 -45.0282 0.568751 2301.14 54.2722 7.93977e+06 397948 -0.00204302 0.00241899 0.000934403 0.00240661 0.0107946 0.000386481 0.000235265 2.04044e-05 0.0923199 0.00170971 6.1685 0.152496 79.399 18.3727 1168.1 68.6107 1253.67 79.8229 1253.67 79.8229 0.580201 0.00970121 
200 0.24 382000000 569.212 15.1624 -45.0282 0.565754 2301.14 53.9427 7.93977e+06 397606 -0.00204302 0.00241868 0.000934403 0.00240601 0.0107946 0.000386481 0.000235265 2.03828e-05 0.0923199 0.00170971 6.1685 0.152496 79.399 18.3727 1168.1 68.6107 1253.67 79.8229 1253.67 79.8229 0.580201 0.00961892 
200 0.24 382400000 569.212 15.1624 -45.0282 0.565754 2301.14 53.9427 7.93977e+06 397183 -0.00204302 0.0024176 0.000934403 0.00240353 0.0107946 0.000386481 0.000235265 2.03621e-05 0.0923199 0.00170971 6.1685 0.152496 79.399 18.3727 1168.1 68.6107 1253.67 79.8229 1253.67 79.8229 0.580201 0.00961892 
200 0.24 382800000 569.212 15.1624 -45.0282 0.565754 2301.14 53.9427 7.93977e+06 397169 -0.00204302 0.0024151 0.000934403 0.00240146 0.0107946 0.000386481 0.000235265 2.0342e-05 0.0923199 0.00170971 6.1685 0.152496 79.399 18.3727 1168.1 68.6107 1253.67 79.8229 1253.67 79.8229 0.580201 0.00961892 
200 0.24 383200000 569.212 15.1624 -45.0282 0.565754 2301.14 53.9427 7.93977e+06 397169 -0.00204302 0.00241258 0.000934403 0.0023989 0.0107946 0.000386481 0.000235265 2.03219e-05 0.0923199 0.00170971 6.1685 0.152496 79.399 18.3727 1168.1 68.6107 1253.67 79.8229 1253.67 79.8229 0.580201 0.00961892 
200 0.24 383600000 569.212 15.1624 -45.0282 0.565754 2301.14 53.9427 7.93977e+06 397169 -0.00204302 0.00241078 0.000934403 0.00239777 0.0107946 0.000386481 0.000235265 2.03009e-05 0.0923199 0.00170971 6.1685 0.152496 79.399 18.3727 1168.1 68.6107 1253.67 79.8229 1253.67 79.8229 0.580201 0.00961892 
200 0.24 384000000 569.212 15.1624 -45.0282 0.565754 2301.14 53.9427 7.93977e+06 397169 -0.00204302 0.00240847 0.000934403 0.00239604 0.0107946 0.000386481 0.000235265 2.02973e-05 0.0923199 0.00170971 6.1685 0.152496 79.399 18.3727 1168.1 68.6107 1253.67 79.8229 1253.67 79.8229 0.580201 0.00961892 
200 0.24 384400000 569.212 15.1624 -45.0282 0.565754 2301.14 53.9427 7.93977e+06 397169 -0.00204302 0.00240655 0.000934403 0.00239351 0.0107946 0.000386481 0.000235265 2.02973e-05 0.0923199 0.00170971 6.1685 0.152496 79.399 18.3727 1168.1 68.6107 1253.67 79.8229 1253.67 79.8229 0.580201 0.00961892 
200 0.24 384800000 569.212 15.1624 -45.0282 0.565754 2301.14 53.9427 7.93977e+06 397169 -0.00204302 0.0024046 0.000934403 0.00239188 0.0107946 0.000386481 0.000235265 2.02973e-05 0.0923199 0.00170971 6.1685 0.152496 79.399 18.3727 1168.1 68.6107 1253.67 79.8229 1253.67 79.8229 0.580201 0.00961892 
200 0.24 385200000 569.212 15.1624 -45.0282 0.565754 2301.14 53.6084 7.93977e+06 395047 -0.00204302 0.00240241 0.000934403 0.00239025 0.0107946 0.000383118 0.000235265 2.022e-05 0.0923199 0.00168906 6.1685 0.152496 79.399 18.3727 1168.1 68.6107 1253.67 79.8229 1253.67 79.8229 0.580201 0.00957524 
200 0.24 385600000 569.212 15.1624 -45.0282 0.565754 2301.14 53.6084 7.93977e+06 394712 -0.00204302 0.00240593 0.000934403 0.00238882 0.0107946 0.000383118 0.000235265 2.02144e-05 0.0923199 0.00168906 6.1685 0.152496 79.399 18.3727 1168.1 68.6107 1253.67 79.8229 1253.67 79.8229 0.580201 0.00957524 
200 0.24 386000000 569.212 15.1624 -45.0282 0.565754 2301.14 53.6084 7.93977e+06 394388 -0.00204302 0.00240346 0.000934403 0.00238745 0.0107946 0.000383118 0.000235265 2.01946e-05 0.0923199 0.00168906 6.1685 0.152496 79.399 18.3727 1168.1 68.6107 1253.67 79.8229 1253.67 79.8229 0.580201 0.00957524 
200 0.24 386400000 569.212 15.1624 -45.0282 0.565754 2301.14 53.6084 7.93977e+06 393987 -0.00204302 0.00240365 0.000934403 0.00238745 0.0107946 0.000383118 0.000235265 2.01733e-05 0.0923199 0.00168906 6.1685 0.152496 79.399 18.3727 1168.1 68.6107 1253.67 79.8229 1253.67 79.8229 0.580201 0.00957524 
200 0.24 386800000 569.212 15.1624 -45.0282 0.565754 2301.14 53.4856 7.93977e+06 393612 -0.00204302 0.00240117 0.000934403 0.00238772 0.0107946 0.000383118 0.000235265 2.01557e-05 0.0923199 0.00168906 6.1685 0.152496 79.399 18.3727 1168.1 68.6107 1253.67 79.8229 1253.67 79.8229 0.580201 0.00957524 
200 0.24 387200000 569.212 15.1624 -45.0282 0.565754 2301.14 53.4856 7.93977e+06 393268 -0.00204302 0.00239915 0.000934403 0.00238745 0.0107946 0.000383118 0.000235265 2.01354e-05 0.0923199 0.00168906 6.1685 0.152496 79.399 18.3727 1168.1 68.6107 1253.67 79.8229 1253.67 79.8229 0.580201 0.00957524 
200 0.24 387600000 569.212 15.1624 -45.0282 0.565754 2301.14 53.4856 7.93977e+06 392909 -0.00204302 0.00239762 0.000934403 0.00238745 0.0107946 0.000383118 0.000235265 2.01149e-05 0.0923199 0.00168906 6.1685 0.152496 79.399 18.3727 1168.1 68.6107 1253.67 79.8229 1253.67 79.8229 0.580201 0.00957524 
200 0.24 388000000 569.212 15.1624 -45.0282 0.565754 2301.14 53.4856 7.93977e+06 392541 -0.00204302 0.00239585 0.000934403 0.00238745 0.0107946 0.000383118 0.000235265 2.01009e-05 0.0923199 0.00168906 6.1685 0.152496 79.399 18.3727 1168.1 68.6107 1253.67 79.8229 1253.67 79.8229 0.580201 0.00957524 
200 0.24 388400000 569.212 15.1624 -45.0282 0.565754 2301.14 53.3472 7.93977e+06 392366 -0.00204302 0.00239395 0.000934403 0.00238386 0.0107946 0.000383118 0.000235265 2.01009e-05 0.0923199 0.00168906 6.1685 0.152496 79.399 18.3727 1168.1 68.6107 1253.67 79.8229 1253.67 79.8229 0.580201 0.00950725 
200 0.24 388800000 569.212 15.1624 -45.0282 0.565754 2301.14 53.4514 7.93977e+06 393314 -0.00204302 0.00239681 0.000934403 0.00238197 0.0107946 0.000383118 0.000235265 2.01009e-05 0.0923199 0.00168906 6.1685 0.152496 79.399 18.3727 1168.1 68.6107 1253.67 79.8229 1253.67 79.8229 0.580201 0.00950725 
200 0.24 389200000 569.212 15.1624 -45.0282 0.565754 2301.14 53.4403 7.93977e+06 393084 -0.00204302 0.00239496 0.000934403 0.00238576 0.0107946 0.000383118 0.000235265 2.01009e-05 0.0923199 0.00168906 6.1685 0.152496 79.399 18.3727 1168.1 68.6107 1253.67 79.8229 1253.67 79.8229 0.580201 0.00950725 
200 0.24 389600000 569.212 15.1624 -45.0282 0.565754 2301.14 53.397 7.93977e+06 392691 -0.00204302 0.00239246 0.000934403 0.00238337 0.0107946 0.000383118 0.000235265 2.01009e-05 0.0923199 0.00168906 6.1685 0.152496 79.399 18.3727 1168.1 68.6107 1253.67 79.8229 1253.67 79.8229 0.580201 0.00950725 
200 0.24 390000000 569.212 15.1624 -45.0282 0.565754 2301.14 53.4899 7.93977e+06 392314 -0.00204302 0.0023989 0.000934403 0.00238524 0.0107946 0.000383118 0.000235265 2.03071e-05 0.0923199 0.00168906 6.1685 0.152496 79.399 18.3727 1168.1 68.6107 1253.67 79.8229 1253.67 79.8229 0.580201 0.00950725 
200 0.24 390400000 569.212 15.1624 -45.0282 0.565754 2301.14 53.4899 7.93977e+06 391991 -0.00204302 0.00239639 0.000934403 0.00238455 0.0107946 0.000383118 0.000235265 2.02868e-05 0.0923199 0.00168906 6.1685 0.152496 79.399 18.3727 1168.1 68.6107 1253.67 79.8229 1253.67 79.8229 0.580201 0.00950725 
200 0.24 390800000 569.212 15.1624 -45.0282 0.565754 2301.14 53.4899 7.93977e+06 392040 -0.00204302 0.00239401 0.000934403 0.0023821 0.0107946 0.000383118 0.000235265 2.02672e-05 0.0923199 0.00168906 6.1685 0.152496 79.399 18.3727 1168.1 68.6107 1253.67 79.8229 1253.67 79.8229 0.580201 0.00950725 
200 0.24 391200000 569.212 15.1624 -45.0282 0.565754 2301.14 53.4899 7.93977e+06 391823 -0.00204302 0.00239157 0.000934403 0.00238187 0.0107946 0.000383118 0.000235265 2.02476e-05 0.0923199 0.00168906 6.1685 0.152496 79.399 18.3727 1168.1 68.6107 1253.67 79.8229 1253.67 79.8229 0.580201 0.00950725 
200 0.24 391600000 568.404 15.1624 -45.3117 0.583305 2332.08 53.3209 8.15998e+06 391280 -0.00333355 0.00239138 0.000709802 0.00238397 0.0109281 0.000385139 0.000243484 2.02268e-05 0.092693 0.00168227 6.15266 0.143332 78.2346 18.3727 1153.35 66.0368 1237.74 79.8229 1237.74 79.8229 0.574769 0.00944215 
200 0.24 392000000 568.404 15.1624 -45.3117 0.583305 2332.08 53.3209 8.15998e+06 390931 -0.00333355 0.00239057 0.000709802 0.00238397 0.0109281 0.000385139 0.000243484 2.02063e-05 0.092693 0.00168227 6.15266 0.143332 78.2346 18.3727 1153.35 66.0368 1237.74 79.8229 1237.74 79.8229 0.574769 0.00944215 
200 0.24 392400000 568.404 15.1624 -45.3117 0.583305 2332.08 53.3209 8.15998e+06 390566 -0.00333355 0.00238812 0.000709802 0.00238397 0.0109281 0.000385139 0.000243484 2.01856e-05 0.092693 0.00168227 6.15266 0.143332 78.2346 18.3727 1153.35 66.0368 1237.74 79.8229 1237.74 79.8229 0.574769 0.00944215 
200 0.24 392800000 568.404 15.1624 -45.3117 0.583305 2332.08 53.3209 8.15998e+06 390171 -0.00333355 0.00238714 0.000709802 0.00238397 0.0109281 0.000385139 0.000243484 2.01687e-05 0.092693 0.00168227 6.15266 0.143332 78.2346 18.3727 1153.35 66.0368 1237.74 79.8229 1237.74 79.8229 0.574769 0.00944215 
200 0.24 393200000 568.404 15.1624 -45.3117 0.583305 2332.08 53.3209 8.15998e+06 389830 -0.00333355 0.00238714 0.000709802 0.00238397 0.0109281 0.000385139 0.000243484 2.01687e-05 0.092693 0.00168227 6.15266 0.143332 78.2346 18.3727 1153.35 66.0368 1237.74 79.8229 1237.74 79.8229 0.574769 0.00944215 
200 0.24 393600000 568.404 15.1624 -45.3117 0.583305 2332.08 53.3209 8.15998e+06 390556 -0.00333355 0.00238714 0.000709802 0.00238397 0.0109281 0.000385139 0.000243484 2.01687e-05 0.092693 0.00168227 6.15266 0.143332 78.2346 18.3727 1153.35 66.0368 1237.74 79.8229 1237.74 79.8229 0.574769 0.00944215 
200 0.24 394000000 568.404 15.1624 -45.3117 0.583305 2332.08 53.3209 8.15998e+06 390199 -0.00333355 0.00238714 0.000709802 0.00238397 0.0109281 0.000385139 0.000243484 2.01687e-05 0.092693 0.00168227 6.15266 0.143332 78.2346 18.3727 1153.35 66.0368 1237.74 79.8229 1237.74 79.8229 0.574769 0.00944215 
200 0.24 394400000 568.404 15.1624 -45.3117 0.583305 2332.08 53.3209 8.15998e+06 389847 -0.00333355 0.00238714 0.000709802 0.00238397 0.0109281 0.000385139 0.000243484 2.01687e-05 0.092693 0.00168227 6.15266 0.143332 78.2346 18.3727 1153.35 66.0368 1237.74 79.8229 1237.74 79.8229 0.574769 0.00944215 
200 0.24 394800000 568.404 15.1624 -45.3117 0.583305 2332.08 53.3209 8.15998e+06 389522 -0.00333355 0.00238714 0.000709802 0.00236681 0.0109281 0.000385139 0.000243484 2.01687e-05 0.092693 0.00168227 6.15266 0.143149 78.2346 18.3727 1153.35 66.0368 1237.74 79.8229 1237.74 79.8229 0.574769 0.0093883 
200 0.24 395200000 568.404 15.1624 -45.3117 0.583305 2332.08 53.3209 8.15998e+06 389197 -0.00333355 0.00238714 0.000709802 0.00236451 0.0109281 0.000385139 0.000243484 2.01687e-05 0.092693 0.00168227 6.15266 0.143149 78.2346 18.3727 1153.35 66.0368 1237.74 79.8229 1237.74 79.8229 0.574769 0.0093883 
200 0.24 395600000 568.404 15.1624 -45.3117 0.583305 2332.08 53.3209 8.15998e+06 389697 -0.00333355 0.00238714 0.000709802 0.00236451 0.0109281 0.000385139 0.000243484 2.01687e-05 0.092693 0.00168227 6.15266 0.143149 78.2346 18.3727 1153.35 66.0368 1237.74 79.8229 1237.74 79.8229 0.574769 0.0093883 
200 0.24 396000000 568.404 15.1624 -45.3117 0.583305 2332.08 53.3209 8.15998e+06 389303 -0.00333355 0.00238714 0.000709802 0.00236451 0.0109281 0.000385139 0.000243484 2.01687e-05 0.092693 0.00168227 6.15266 0.143149 78.2346 18.3727 1153.35 66.0368 1237.74 79.8229 1237.74 79.8229 0.574769 0.0093883 
200 0.24 396400000 568.404 15.1624 -45.3117 0.583305 2332.08 53.3209 8.15998e+06 389086 -0.00333355 0.00238714 0.000709802 0.00236451 0.0109281 0.000385139 0.000243484 2.01687e-05 0.092693 0.00168227 6.15266 0.143149 78.2346 18.3727 1153.35 66.0368 1237.74 79.8229 1237.74 79.8229 0.574769 0.0093883 
200 0.24 396800000 568.404 15.1624 -45.3117 0.583305 2332.08 53.3209 8.15998e+06 389090 -0.00333355 0.00238714 0.000709802 0.00236451 0.0109281 0.000385139 0.000243484 2.01687e-05 0.092693 0.00168227 6.15266 0.143149 78.2346 18.3727 1153.35 66.0368 1237.74 79.8229 1237.74 79.8229 0.574769 0.0093883 
200 0.24 397200000 568.404 15.1624 -45.3117 0.583305 2332.08 53.3209 8.15998e+06 388775 -0.00333355 0.00238714 0.000709802 0.00236451 0.0109281 0.000385139 0.000243484 2.01687e-05 0.092693 0.00168227 6.15266 0.143149 78.2346 18.3727 1153.35 66.0368 1237.74 79.8229 1237.74 79.8229 0.574769 0.0093883 
200 0.24 397600000 568.404 15.1624 -45.3117 0.583305 2332.08 53.3209 8.15998e+06 388387 -0.00333355 0.00238714 0.000709802 0.00236451 0.0109281 0.000385139 0.000243484 2.01687e-05 0.092693 0.00168227 6.15266 0.143149 78.2346 18.3727 1153.35 66.0368 1237.74 79.8229 1237.74 79.8229 0.574769 0.0093883 
200 0.24 398000000 568.404 15.1624 -45.3117 0.583305 2332.08 53.3209 8.15998e+06 388013 -0.00333355 0.00237494 0.000709802 0.00235691 0.0109281 0.000379215 0.000243484 1.99335e-05 0.092693 0.00165484 6.15266 0.143149 78.2346 18.3727 1153.35 66.0368 1237.74 79.8229 1237.74 79.8229 0.574769 0.00934583 
200 0.24 398400000 568.404 15.1624 -45.3117 0.583305 2332.08 53.3209 8.15998e+06 387625 -0.00333355 0.00237283 0.000709802 0.00235691 0.0109281 0.000379215 0.000243484 1.99157e-05 0.092693 0.00165484 6.15266 0.143149 78.2346 18.3727 1153.35 66.0368 1237.74 79.8229 1237.74 79.8229 0.574769 0.00934583 
200 0.24 398800000 568.404 15.1624 -45.3117 0.583305 2332.08 53.3209 8.15998e+06 387259 -0.00333355 0.00237048 0.000709802 0.00235691 0.0109281 0.000379215 0.000243484 1.98969e-05 0.092693 0.00165484 6.15266 0.143149 78.2346 18.3727 1153.35 66.0368 1237.74 79.8229 1237.74 79.8229 0.574769 0.00934583 
200 0.24 399200000 568.404 15.1624 -45.3117 0.583305 2332.08 53.3209 8.15998e+06 386885 -0.00333355 0.00236825 0.000709802 0.00235691 0.0109281 0.000379215 0.000243484 1.98781e-05 0.092693 0.00165484 6.15266 0.143149 78.2346 18.3727 1153.35 66.0368 1237.74 79.8229 1237.74 79.8229 0.574769 0.00934583 
200 0.24 399600000 568.404 15.1624 -45.3117 0.583305 2332.08 53.3209 8.15998e+06 386536 -0.00333355 0.00236759 0.000709802 0.00235691 0.0109281 0.000379215 0.000243484 1.98775e-05 0.092693 0.00165484 6.15266 0.143149 78.2346 18.3727 1153.35 66.0368 1237.74 79.8229 1237.74 79.8229 0.574769 0.00934583 
200 0.24 400000000 568.404 15.1624 -45.3117 0.583305 2332.08 53.3209 8.15998e+06 386223 -0.00333355 0.00236899 0.000709802 0.00235691 0.0109281 0.000379215 0.000243484 1.98775e-05 0.092693 0.00165484 6.15266 0.143149 78.2346 18.3727 1153.35 66.0368 1237.74 79.8229 1237.74 79.8229 0.574769 0.00934583 
200 0.24 400400000 568.404 15.1624 -45.3117 0.583305 2332.08 53.3209 8.15998e+06 385893 -0.00333355 0.0023666 0.000709802 0.00235691 0.0109281 0.000379215 0.000243484 1.98775e-05 0.092693 0.00165484 6.15266 0.143149 78.2346 18.3727 1153.35 66.0368 1237.74 79.8229 1237.74 79.8229 0.574769 0.00934583 
200 0.24 400800000 568.404 15.1624 -45.3117 0.583305 2332.08 53.3209 8.15998e+06 385539 -0.00333355 0.00236563 0.000709802 0.00235691 0.0109281 0.000379215 0.000243484 1.98775e-05 0.092693 0.00165484 6.15266 0.143149 78.2346 18.3727 1153.35 66.0368 1237.74 79.8229 1237.74 79.8229 0.574769 0.00934583 
200 0.24 401200000 568.404 15.1624 -45.3117 0.583305 2332.08 53.3209 8.15998e+06 385172 -0.00333355 0.00236361 0.000709802 0.00237683 0.0109281 0.000379215 0.000243484 1.98775e-05 0.092693 0.00165484 6.15266 0.143149 78.2346 18.3727 1153.35 66.0368 1237.74 79.8229 1237.74 79.8229 0.574769 0.00927038 
200 0.24 401600000 568.404 15.1624 -45.3117 0.583305 2332.08 53.3209 8.15998e+06 384790 -0.00333355 0.00236129 0.000709802 0.00237683 0.0109281 0.000379215 0.000243484 1.98775e-05 0.092693 0.00165484 6.15266 0.143149 78.2346 18.3727 1153.35 66.0368 1237.74 79.8229 1237.74 79.8229 0.574769 0.00927038 
200 0.24 402000000 568.404 15.1624 -45.3117 0.583305 2332.08 53.3209 8.15998e+06 384456 -0.00333355 0.00235995 0.000709802 0.00237683 0.0109281 0.000379215 0.000243484 1.98775e-05 0.092693 0.00165484 6.15266 0.143149 78.2346 18.3727 1153.35 66.0368 1237.74 79.8229 1237.74 79.8229 0.574769 0.00927038 
200 0.24 402400000 568.404 15.1624 -45.3117 0.583305 2332.08 53.3209 8.15998e+06 384096 -0.00333355 0.00236405 0.000709802 0.00237683 0.0109281 0.000379215 0.000243484 1.98775e-05 0.092693 0.00165484 6.15266 0.143149 78.2346 18.3727 1153.35 66.0368 1237.74 79.8229 1237.74 79.8229 0.574769 0.00927038 
200 0.24 402800000 568.404 15.1624 -45.3117 0.583305 2332.08 53.3209 8.15998e+06 383729 -0.00333355 0.00236172 0.000709802 0.00237683 0.0109281 0.000379215 0.000243484 1.98775e-05 0.092693 0.00165484 6.15266 0.143149 78.2346 18.3727 1153.35 66.0368 1237.74 79.8229 1237.74 79.8229 0.574769 0.00927038 
200 0.24 403200000 568.404 15.1624 -45.3117 0.583305 2332.08 53.3209 8.15998e+06 383347 -0.00333355 0.00236015 0.000709802 0.00237683 0.0109281 0.000379215 0.000243484 1.98775e-05 0.092693 0.00165484 6.15266 0.143149 78.2346 18.3727 1153.35 66.0368 1237.74 79.8229 1237.74 79.8229 0.574769 0.00927038 
200 0.24 403600000 568.404 15.1624 -45.3117 0.583305 2332.08 53.3209 8.15998e+06 383010 -0.00333355 0.00236007 0.000709802 0.00237683 0.0109281 0.000379215 0.000243484 1.98775e-05 0.092693 0.00165484 6.15266 0.143149 78.2346 18.3727 1153.35 66.0368 1237.74 79.8229 1237.74 79.8229 0.574769 0.00927038 
200 0.24 404000000 568.404 15.1624 -45.3117 0.583305 2332.08 53.3209 8.15998e+06 382707 -0.00333355 0.0023589 0.000709802 0.00237683 0.0109281 0.000379215 0.000243484 1.98775e-05 0.092693 0.00165484 6.15266 0.143149 78.2346 18.3727 1153.35 66.0368 1237.74 79.8229 1237.74 79.8229 0.574769 0.00927038 
200 0.24 404400000 568.404 15.1624 -45.3117 0.583305 2332.08 53.3209 8.15998e+06 382380 -0.00333355 0.00235683 0.000709802 0.00237859 0.0109281 0.00037355 0.000243484 1.96661e-05 0.092693 0.00162852 6.15266 0.143149 78.2346 18.3727 1153.35 66.0368 1237.74 79.8229 1237.74 79.8229 0.574769 0.00922191 
200 0.24 404800000 568.404 15.1624 -45.3117 0.583305 2332.08 53.3209 8.15998e+06 382380 -0.00333355 0.00235451 0.000709802 0.00237859 0.0109281 0.00037355 0.000243484 1.96477e-05 0.092693 0.00162852 6.15266 0.143149 78.2346 18.3727 1153.35 66.0368 1237.74 79.8229 1237.74 79.8229 0.574769 0.00922191 
200 0.24 405200000 568.404 15.1624 -45.3117 0.583305 2332.08 53.3209 8.15998e+06 382380 -0.00333355 0.00235299 0.000709802 0.00237859 0.0109281 0.00037355 0.000243484 1.96286e-05 0.092693 0.00162852 6.15266 0.143149 78.2346 18.3727 1153.35 66.0368 1237.74 79.8229 1237.74 79.8229 0.574769 0.00922191 
200 0.24 405600000 568.404 15.1624 -45.3117 0.583305 2332.08 53.3209 8.15998e+06 382380 -0.00333355 0.00235102 0.000709802 0.00237859 0.0109281 0.00037355 0.000243484 1.96102e-05 0.092693 0.00162852 6.15266 0.143149 78.2346 18.3727 1153.35 66.0368 1237.74 79.8229 1237.74 79.8229 0.574769 0.00922191 
200 0.24 406000000 568.404 15.1624 -45.3117 0.583305 2332.08 53.3209 8.15998e+06 382380 -0.00333355 0.0023517 0.000709802 0.00237859 0.0109281 0.00037355 0.000243484 1.95908e-05 0.092693 0.00162852 6.15266 0.143149 78.2346 18.3727 1153.35 66.0368 1237.74 79.8229 1237.74 79.8229 0.574769 0.00922191 
200 0.24 406400000 568.404 15.1624 -45.3117 0.583305 2332.08 53.3209 8.15998e+06 382380 -0.00333355 0.00235272 0.000709802 0.00237859 0.0109281 0.00037355 0.000243484 1.95904e-05 0.092693 0.00162852 6.15266 0.143149 78.2346 18.3727 1153.35 66.0368 1237.74 79.8229 1237.74 79.8229 0.574769 0.00922191 
200 0.24 406800000 568.404 15.1624 -45.3117 0.583305 2332.08 53.3209 8.15998e+06 382380 -0.00333355 0.00235037 0.000709802 0.00237859 0.0109281 0.00037355 0.000243484 1.95708e-05 0.092693 0.00162852 6.15266 0.143149 78.2346 18.3727 1153.35 66.0368 1237.74 79.8229 1237.74 79.8229 0.574769 0.00922191 
200 0.24 407200000 568.404 15.1624 -45.3117 0.583305 2332.08 53.3209 8.15998e+06 382380 -0.00333355 0.00234864 0.000709802 0.00237859 0.0109281 0.00037355 0.000243484 1.95642e-05 0.092693 0.00162852 6.15266 0.143149 78.2346 18.3727 1153.35 66.0368 1237.74 79.8229 1237.74 79.8229 0.574769 0.00922191 
200 0.24 407600000 568.404 15.1624 -45.3117 0.583305 2332.08 53.3209 8.15998e+06 382380 -0.00333355 0.00233482 0.000709802 0.00236528 0.0109281 0.00037355 0.000243484 1.95642e-05 0.092693 0.00162852 6.15266 0.143149 78.2346 18.3727 1153.35 66.0368 1237.74 79.8229 1237.74 79.8229 0.574769 0.00916781 
200 0.24 408000000 568.404 15.1624 -45.3117 0.583305 2332.08 53.3209 8.15998e+06 382380 -0.00333355 0.00233482 0.000709802 0.00236528 0.0109281 0.00037355 0.000243484 1.95642e-05 0.092693 0.00162852 6.15266 0.143149 78.2346 18.3727 1153.35 66.0368 1237.74 79.8229 1237.74 79.8229 0.574769 0.00916781 
200 0.24 408400000 568.404 15.1624 -45.3117 0.583305 2332.08 53.3209 8.15998e+06 382380 -0.00333355 0.00233482 0.000709802 0.00236528 0.0109281 0.00037355 0.000243484 1.95642e-05 0.092693 0.00162852 6.15266 0.143149 78.2346 18.3727 1153.35 66.0368 1237.74 79.8229 1237.74 79.8229 0.574769 0.00916781 
200 0.24 408800000 568.404 15.1624 -45.3117 0.583305 2332.08 53.3209 8.15998e+06 382380 -0.00333355 0.00233482 0.000709802 0.00236528 0.0109281 0.00037355 0.000243484 1.95642e-05 0.092693 0.00162852 6.15266 0.143149 78.2346 18.3727 1153.35 66.0368 1237.74 79.8229 1237.74 79.8229 0.574769 0.00916781 
200 0.24 409200000 568.404 15.1624 -45.3117 0.583305 2332.08 53.3209 8.15998e+06 382380 -0.00333355 0.00233482 0.000709802 0.00236528 0.0109281 0.00037355 0.000243484 1.95642e-05 0.092693 0.00162852 6.15266 0.143149 78.2346 18.3727 1153.35 66.0368 1237.74 79.8229 1237.74 79.8229 0.574769 0.00916781 
200 0.24 409600000 568.404 15.1624 -45.3117 0.583305 2332.08 53.3209 8.15998e+06 382380 -0.00333355 0.00233482 0.000709802 0.00236528 0.0109281 0.00037355 0.000243484 1.95642e-05 0.092693 0.00162852 6.15266 0.143149 78.2346 18.3727 1153.35 66.0368 1237.74 79.8229 1237.74 79.8229 0.574769 0.00916781 
200 0.24 410000000 568.404 15.1624 -45.3117 0.583305 2332.08 53.3209 8.15998e+06 382380 -0.00333355 0.00233482 0.000709802 0.00236528 0.0109281 0.00037355 0.000243484 1.95642e-05 0.092693 0.00162852 6.15266 0.143149 78.2346 18.3727 1153.35 66.0368 1237.74 79.8229 1237.74 79.8229 0.574769 0.00916781 
200 0.24 410400000 568.404 15.1624 -45.3117 0.583305 2332.08 53.3209 8.15998e+06 382380 -0.00333355 0.00233482 0.000709802 0.00236528 0.0109281 0.00037355 0.000243484 1.95642e-05 0.092693 0.00162852 6.15266 0.143149 78.2346 18.3727 1153.35 66.0368 1237.74 79.8229 1237.74 79.8229 0.574769 0.00916781 
200 0.24 410800000 568.404 15.1624 -45.3117 0.583305 2332.08 53.3209 8.15998e+06 387244 -0.00333355 0.00230424 0.000709802 0.00236135 0.0109281 0.000385931 0.000243484 1.97361e-05 0.092693 0.00169041 6.15266 0.143149 78.2346 18.3727 1153.35 66.0368 1237.74 79.8229 1237.74 79.8229 0.574769 0.00911472 
200 0.24 411200000 568.404 15.1624 -45.3117 0.583305 2332.08 53.3209 8.15998e+06 387244 -0.00333355 0.00230424 0.000709802 0.00236135 0.0109281 0.000385931 0.000243484 1.97361e-05 0.092693 0.00169041 6.15266 0.143149 78.2346 18.3727 1153.35 66.0368 1237.74 79.8229 1237.74 79.8229 0.574769 0.00911472 
200 0.24 411600000 568.404 15.1624 -45.3117 0.583305 2332.08 53.3209 8.15998e+06 387244 -0.00333355 0.00230424 0.000709802 0.00236135 0.0109281 0.000385931 0.000243484 1.97361e-05 0.092693 0.00169041 6.15266 0.143149 78.2346 18.3727 1153.35 66.0368 1237.74 79.8229 1237.74 79.8229 0.574769 0.00911472 
200 0.24 412000000 568.404 15.1624 -45.3117 0.583305 2332.08 53.3209 8.15998e+06 387244 -0.00333355 0.00230424 0.000709802 0.00236135 0.0109281 0.000385931 0.000243484 1.97361e-05 0.092693 0.00169041 6.15266 0.143149 78.2346 18.3727 1153.35 66.0368 1237.74 79.8229 1237.74 79.8229 0.574769 0.00911472 
200 0.24 412400000 568.404 15.1624 -45.3117 0.583305 2332.08 53.3209 8.15998e+06 387244 -0.00333355 0.00230424 0.000709802 0.00236135 0.0109281 0.000385931 0.000243484 1.97361e-05 0.092693 0.00169041 6.15266 0.143149 78.2346 18.3727 1153.35 66.0368 1237.74 79.8229 1237.74 79.8229 0.574769 0.00911472 
200 0.24 412800000 568.404 15.1624 -45.3117 0.583305 2332.08 53.3209 8.15998e+06 387244 -0.00333355 0.00230424 0.000709802 0.00236135 0.0109281 0.000385931 0.000243484 1.97361e-05 0.092693 0.00169041 6.15266 0.143149 78.2346 18.3727 1153.35 66.0368 1237.74 79.8229 1237.74 79.8229 0.574769 0.00911472 
200 0.24 413200000 568.404 15.1624 -45.3117 0.583305 2332.08 53.3209 8.15998e+06 387244 -0.00333355 0.00230424 0.000709802 0.00236135 0.0109281 0.000385931 0.000243484 1.97361e-05 0.092693 0.00169041 6.15266 0.143149 78.2346 18.3727 1153.35 66.0368 1237.74 79.8229 1237.74 79.8229 0.574769 0.00911472 
200 0.24 413600000 568.404 15.1624 -45.3117 0.583305 2332.08 53.3209 8.15998e+06 387244 -0.00333355 0.00230424 0.000709802 0.00236135 0.0109281 0.000385931 0.000243484 1.97361e-05 0.092693 0.00169041 6.15266 0.143149 78.2346 18.3727 1153.35 66.0368 1237.74 79.8229 1237.74 79.8229 0.574769 0.00911472 
200 0.24 414000000 568.404 15.1624 -45.3117 0.583305 2332.08 53.3209 8.15998e+06 387244 -0.00333355 0.00230424 0.000709802 0.00235265 0.0109281 0.000385931 0.000243484 1.97361e-05 0.092693 0.00169041 6.15266 0.143149 78.2346 18.3727 1153.35 66.0368 1237.74 79.8229 1237.74 79.8229 0.574769 0.0090742 
200 0.24 414400000 568.404 15.1624 -45.3117 0.583305 2332.08 53.3209 8.15998e+06 387244 -0.00333355 0.00230424 0.000709802 0.00235265 0.0109281 0.000385931 0.000243484 1.97361e-05 0.092693 0.00169041 6.15266 0.143149 78.2346 18.3727 1153.35 66.0368 1237.74 79.8229 1237.74 79.8229 0.574769 0.0090742 
200 0.24 414800000 568.404 15.1624 -45.3117 0.583305 2332.08 53.3209 8.15998e+06 387244 -0.00333355 0.00230424 0.000709802 0.00235265 0.0109281 0.000385931 0.000243484 1.97361e-05 0.092693 0.00169041 6.15266 0.143149 78.2346 18.3727 1153.35 66.0368 1237.74 79.8229 1237.74 79.8229 0.574769 0.0090742 
200 0.24 415200000 568.404 15.1624 -45.3117 0.583305 2332.08 53.3209 8.15998e+06 387244 -0.00333355 0.00230424 0.000709802 0.00235265 0.0109281 0.000385931 0.000243484 1.97361e-05 0.092693 0.00169041 6.15266 0.143149 78.2346 18.3727 1153.35 66.0368 1237.74 79.8229 1237.74 79.8229 0.574769 0.0090742 
200 0.24 415600000 568.404 15.1624 -45.3117 0.583305 2332.08 53.3209 8.15998e+06 387244 -0.00333355 0.00230424 0.000709802 0.00235265 0.0109281 0.000385931 0.000243484 1.97361e-05 0.092693 0.00169041 6.15266 0.143149 78.2346 18.3727 1153.35 66.0368 1237.74 79.8229 1237.74 79.8229 0.574769 0.0090742 
200 0.24 416000000 568.404 15.1624 -45.3117 0.583305 2332.08 53.3209 8.15998e+06 387244 -0.00333355 0.00230424 0.000709802 0.00235265 0.0109281 0.000385931 0.000243484 1.97361e-05 0.092693 0.00169041 6.15266 0.143149 78.2346 18.3727 1153.35 66.0368 1237.74 79.8229 1237.74 79.8229 0.574769 0.0090742 
200 0.24 416400000 568.404 15.1624 -45.3117 0.583305 2332.08 53.3209 8.15998e+06 387244 -0.00333355 0.00230424 0.000709802 0.00235265 0.0109281 0.000385931 0.000243484 1.97361e-05 0.092693 0.00169041 6.15266 0.143149 78.2346 18.3727 1153.35 66.0368 1237.74 79.8229 1237.74 79.8229 0.574769 0.0090742 
200 0.24 416800000 568.404 15.1624 -45.3117 0.583305 2332.08 53.3209 8.15998e+06 387244 -0.00333355 0.00230424 0.000709802 0.00235265 0.0109281 0.000385931 0.000243484 1.97361e-05 0.092693 0.00169041 6.15266 0.143149 78.2346 18.3727 1153.35 66.0368 1237.74 79.8229 1237.74 79.8229 0.574769 0.0090742 
200 0.24 417200000 568.307 13.2941 -45.3691 0.549662 2335.77 51.8996 8.17893e+06 381516 -0.00273746 0.00226829 0.00114394 0.00233428 0.0110591 0.000380071 0.00024783 1.94399e-05 0.0932696 0.00166413 6.16666 0.137789 74.6188 16.6864 1159.36 62.2841 1240.15 70.981 1240.15 70.981 0.576378 0.00904804 
200 0.24 417600000 568.307 13.2941 -45.3691 0.549662 2335.77 51.8996 8.17893e+06 381516 -0.00273746 0.00226829 0.00114394 0.00233428 0.0110591 0.000380071 0.00024783 1.94399e-05 0.0932696 0.00166413 6.16666 0.137789 74.6188 16.6864 1159.36 62.2841 1240.15 70.981 1240.15 70.981 0.576378 0.00904804 
200 0.24 418000000 568.307 13.2941 -45.3691 0.549662 2335.77 51.8996 8.17893e+06 381516 -0.00273746 0.00226829 0.00114394 0.00233428 0.0110591 0.000380071 0.00024783 1.94399e-05 0.0932696 0.00166413 6.16666 0.137789 74.6188 16.6864 1159.36 62.2841 1240.15 70.981 1240.15 70.981 0.576378 0.00904804 
200 0.24 418400000 568.307 13.2941 -45.3691 0.549662 2335.77 51.8996 8.17893e+06 381516 -0.00273746 0.00226829 0.00114394 0.00233428 0.0110591 0.000380071 0.00024783 1.94399e-05 0.0932696 0.00166413 6.16666 0.137789 74.6188 16.6864 1159.36 62.2841 1240.15 70.981 1240.15 70.981 0.576378 0.00904804 
200 0.24 418800000 568.307 13.2941 -45.3691 0.549662 2335.77 51.8996 8.17893e+06 381516 -0.00273746 0.00226829 0.00114394 0.00233428 0.0110591 0.000380071 0.00024783 1.94399e-05 0.0932696 0.00166413 6.16666 0.137789 74.6188 16.6864 1159.36 62.2841 1240.15 70.981 1240.15 70.981 0.576378 0.00904804 
200 0.24 419200000 568.307 13.2941 -45.3691 0.549662 2335.77 51.8996 8.17893e+06 381516 -0.00273746 0.00226829 0.00114394 0.00233428 0.0110591 0.000380071 0.00024783 1.94399e-05 0.0932696 0.00166413 6.16666 0.137789 74.6188 16.6864 1159.36 62.2841 1240.15 70.981 1240.15 70.981 0.576378 0.00904804 
200 0.24 419600000 568.307 13.2941 -45.3691 0.549662 2335.77 51.8996 8.17893e+06 381516 -0.00273746 0.00226829 0.00114394 0.00233428 0.0110591 0.000380071 0.00024783 1.94399e-05 0.0932696 0.00166413 6.16666 0.137789 74.6188 16.6864 1159.36 62.2841 1240.15 70.981 1240.15 70.981 0.576378 0.00904804 
200 0.24 420000000 568.307 13.2941 -45.3691 0.549662 2335.77 51.8996 8.17893e+06 381516 -0.00273746 0.00226829 0.00114394 0.00233428 0.0110591 0.000380071 0.00024783 1.94399e-05 0.0932696 0.00166413 6.16666 0.137789 74.6188 16.6864 1159.36 62.2841 1240.15 70.981 1240.15 70.981 0.576378 0.00904804 
200 0.24 420400000 568.307 13.2941 -45.3691 0.549662 2335.77 51.7465 8.17893e+06 381516 -0.00273746 0.00226829 0.00114394 0.00231806 0.0110591 0.000380071 0.00024783 1.94399e-05 0.0932696 0.00166413 6.16666 0.13718 74.6188 16.6864 1159.36 61.957 1240.15 70.981 1240.15 70.981 0.576378 0.00898927 
200 0.24 420800000 568.307 13.2941 -45.3691 0.549662 2335.77 51.7465 8.17893e+06 381516 -0.00273746 0.00226829 0.00114394 0.00231806 0.0110591 0.000380071 0.00024783 1.94399e-05 0.0932696 0.00166413 6.16666 0.13718 74.6188 16.6864 1159.36 61.957 1240.15 70.981 1240.15 70.981 0.576378 0.00898927 
200 0.24 421200000 568.307 13.2941 -45.3691 0.549662 2335.77 51.7465 8.17893e+06 381516 -0.00273746 0.00226829 0.00114394 0.00231806 0.0110591 0.000380071 0.00024783 1.94399e-05 0.0932696 0.00166413 6.16666 0.13718 74.6188 16.6864 1159.36 61.957 1240.15 70.981 1240.15 70.981 0.576378 0.00898927 
200 0.24 421600000 568.307 13.2941 -45.3691 0.549662 2335.77 51.7465 8.17893e+06 381516 -0.00273746 0.00226829 0.00114394 0.00231806 0.0110591 0.000380071 0.00024783 1.94399e-05 0.0932696 0.00166413 6.16666 0.13718 74.6188 16.6864 1159.36 61.957 1240.15 70.981 1240.15 70.981 0.576378 0.00898927 
200 0.24 422000000 568.307 13.2941 -45.3691 0.549662 2335.77 51.7465 8.17893e+06 381516 -0.00273746 0.00226829 0.00114394 0.00231806 0.0110591 0.000380071 0.00024783 1.94399e-05 0.0932696 0.00166413 6.16666 0.13718 74.6188 16.6864 1159.36 61.957 1240.15 70.981 1240.15 70.981 0.576378 0.00898927 
200 0.24 422400000 568.307 13.2941 -45.3691 0.549662 2335.77 51.7465 8.17893e+06 381516 -0.00273746 0.00226829 0.00114394 0.00231806 0.0110591 0.000380071 0.00024783 1.94399e-05 0.0932696 0.00166413 6.16666 0.13718 74.6188 16.6864 1159.36 61.957 1240.15 70.981 1240.15 70.981 0.576378 0.00898927 
200 0.24 422800000 568.307 13.2941 -45.3691 0.549662 2335.77 51.7465 8.17893e+06 381516 -0.00273746 0.00226829 0.00114394 0.00231806 0.0110591 0.000380071 0.00024783 1.94399e-05 0.0932696 0.00166413 6.16666 0.13718 74.6188 16.6864 1159.36 61.957 1240.15 70.981 1240.15 70.981 0.576378 0.00898927 
200 0.24 423200000 568.307 13.2941 -45.3691 0.549662 2335.77 51.7465 8.17893e+06 381516 -0.00273746 0.00226829 0.00114394 0.00231806 0.0110591 0.000380071 0.00024783 1.94399e-05 0.0932696 0.00166413 6.16666 0.13718 74.6188 16.6864 1159.36 61.957 1240.15 70.981 1240.15 70.981 0.576378 0.00898927 
200 0.24 423600000 568.307 13.2941 -45.3691 0.549662 2335.77 51.372 8.17893e+06 381237 -0.00273746 0.00225013 0.00114394 0.00232782 0.0110591 0.000374225 0.00024783 1.9141e-05 0.0932696 0.00164067 6.16666 0.139744 74.6188 16.6864 1159.36 61.9075 1240.15 70.981 1240.15 70.981 0.576378 0.0089613 
200 0.24 424000000 568.307 13.2941 -45.3691 0.549662 2335.77 51.372 8.17893e+06 381237 -0.00273746 0.00225013 0.00114394 0.00232782 0.0110591 0.000374225 0.00024783 1.9141e-05 0.0932696 0.00164067 6.16666 0.139744 74.6188 16.6864 1159.36 61.9075 1240.15 70.981 1240.15 70.981 0.576378 0.0089613 
200 0.24 424400000 568.307 13.2941 -45.3691 0.549662 2335.77 51.372 8.17893e+06 381237 -0.00273746 0.00224582 0.00114394 0.00232782 0.0110591 0.000374225 0.00024783 1.9141e-05 0.0932696 0.00164067 6.16666 0.139744 74.6188 16.6864 1159.36 61.9075 1240.15 70.981 1240.15 70.981 0.576378 0.0089613 
200 0.24 424800000 568.307 13.2941 -45.3691 0.549662 2335.77 51.372 8.17893e+06 381237 -0.00273746 0.00224582 0.00114394 0.00232782 0.0110591 0.000374225 0.00024783 1.9141e-05 0.0932696 0.00164067 6.16666 0.139744 74.6188 16.6864 1159.36 61.9075 1240.15 70.981 1240.15 70.981 0.576378 0.0089613 
200 0.24 425200000 568.307 13.2941 -45.3691 0.549662 2335.77 51.372 8.17893e+06 381237 -0.00273746 0.0022441 0.00114394 0.00232782 0.0110591 0.000374225 0.00024783 1.9141e-05 0.0932696 0.00164067 6.16666 0.139744 74.6188 16.6864 1159.36 61.9075 1240.15 70.981 1240.15 70.981 0.576378 0.0089613 
200 0.24 425600000 568.307 13.2941 -45.3691 0.549662 2335.77 51.372 8.17893e+06 381237 -0.00273746 0.0022441 0.00114394 0.00232782 0.0110591 0.000374225 0.00024783 1.9141e-05 0.0932696 0.00164067 6.16666 0.139744 74.6188 16.6864 1159.36 61.9075 1240.15 70.981 1240.15 70.981 0.576378 0.0089613 
200 0.24 426000000 568.307 13.2941 -45.3691 0.549662 2335.77 51.372 8.17893e+06 381237 -0.00273746 0.00224933 0.00114394 0.00232782 0.0110591 0.000374225 0.00024783 1.9141e-05 0.0932696 0.00164067 6.16666 0.139744 74.6188 16.6864 1159.36 61.9075 1240.15 70.981 1240.15 70.981 0.576378 0.0089613 
200 0.24 426400000 568.307 13.2941 -45.3691 0.549662 2335.77 51.372 8.17893e+06 381237 -0.00273746 0.00224933 0.00114394 0.00232782 0.0110591 0.000374225 0.00024783 1.9141e-05 0.0932696 0.00164067 6.16666 0.139744 74.6188 16.6864 1159.36 61.9075 1240.15 70.981 1240.15 70.981 0.576378 0.0089613 
200 0.24 426800000 568.307 13.2941 -45.3691 0.549662 2335.77 51.1775 8.17893e+06 381237 -0.00273746 0.00225748 0.00114394 0.00231005 0.0110591 0.000374225 0.00024783 1.9141e-05 0.0932696 0.00164067 6.16666 0.139061 74.6188 16.6864 1159.36 61.7788 1240.15 70.981 1240.15 70.981 0.576378 0.0089069 
200 0.24 427200000 568.307 13.2941 -45.3691 0.549662 2335.77 51.1775 8.17893e+06 381237 -0.00273746 0.00225748 0.00114394 0.00231005 0.0110591 0.000374225 0.00024783 1.9141e-05 0.0932696 0.00164067 6.16666 0.139061 74.6188 16.6864 1159.36 61.7788 1240.15 70.981 1240.15 70.981 0.576378 0.0089069 
200 0.24 427600000 568.307 13.2941 -45.3691 0.549662 2335.77 51.1775 8.17893e+06 381237 -0.00273746 0.00225748 0.00114394 0.00231005 0.0110591 0.000374225 0.00024783 1.9141e-05 0.0932696 0.00164067 6.16666 0.139061 74.6188 16.6864 1159.36 61.7788 1240.15 70.981 1240.15 70.981 0.576378 0.0089069 
200 0.24 428000000 568.307 13.2941 -45.3691 0.549662 2335.77 51.1775 8.17893e+06 381237 -0.00273746 0.00225748 0.00114394 0.00231005 0.0110591 0.000374225 0.00024783 1.9141e-05 0.0932696 0.00164067 6.16666 0.139061 74.6188 16.6864 1159.36 61.7788 1240.15 70.981 1240.15 70.981 0.576378 0.0089069 
200 0.24 428400000 568.307 13.2941 -45.3691 0.549662 2335.77 51.1775 8.17893e+06 381237 -0.00273746 0.00225748 0.00114394 0.00231005 0.0110591 0.000374225 0.00024783 1.9141e-05 0.0932696 0.00164067 6.16666 0.139061 74.6188 16.6864 1159.36 61.7788 1240.15 70.981 1240.15 70.981 0.576378 0.0089069 
200 0.24 428800000 568.307 13.2941 -45.3691 0.549662 2335.77 51.1775 8.17893e+06 381237 -0.00273746 0.00225748 0.00114394 0.00231005 0.0110591 0.000374225 0.00024783 1.9141e-05 0.0932696 0.00164067 6.16666 0.139061 74.6188 16.6864 1159.36 61.7788 1240.15 70.981 1240.15 70.981 0.576378 0.0089069 
200 0.24 429200000 568.307 13.2941 -45.3691 0.549662 2335.77 51.1775 8.17893e+06 381237 -0.00273746 0.00225748 0.00114394 0.00231005 0.0110591 0.000374225 0.00024783 1.9141e-05 0.0932696 0.00164067 6.16666 0.139061 74.6188 16.6864 1159.36 61.7788 1240.15 70.981 1240.15 70.981 0.576378 0.0089069 
200 0.24 429600000 568.307 13.2941 -45.3691 0.549662 2335.77 51.1775 8.17893e+06 381237 -0.00273746 0.00225748 0.00114394 0.00231005 0.0110591 0.000374225 0.00024783 1.9141e-05 0.0932696 0.00164067 6.16666 0.139061 74.6188 16.6864 1159.36 61.7788 1240.15 70.981 1240.15 70.981 0.576378 0.0089069 
200 0.24 430000000 568.307 13.2941 -45.3691 0.549662 2335.77 50.9533 8.17893e+06 378997 -0.00273746 0.00229075 0.00114394 0.00229302 0.0110591 0.000368656 0.00024783 1.88607e-05 0.0932696 0.00161673 6.16666 0.138362 74.6188 16.6864 1159.36 61.7788 1240.15 70.981 1240.15 70.981 0.576378 0.00889748 
200 0.24 430400000 568.307 13.2941 -45.3691 0.549662 2335.77 50.9533 8.17893e+06 378997 -0.00273746 0.00229075 0.00114394 0.00229302 0.0110591 0.000368656 0.00024783 1.88607e-05 0.0932696 0.00161673 6.16666 0.138362 74.6188 16.6864 1159.36 61.7788 1240.15 70.981 1240.15 70.981 0.576378 0.00889748 
200 0.24 430800000 568.307 13.2941 -45.3691 0.549662 2335.77 50.9533 8.17893e+06 378997 -0.00273746 0.00229075 0.00114394 0.00229302 0.0110591 0.000368656 0.00024783 1.88607e-05 0.0932696 0.00161673 6.16666 0.138362 74.6188 16.6864 1159.36 61.7788 1240.15 70.981 1240.15 70.981 0.576378 0.00889748 
200 0.24 431200000 568.307 13.2941 -45.3691 0.549662 2335.77 50.9533 8.17893e+06 378997 -0.00273746 0.00229075 0.00114394 0.00229302 0.0110591 0.000368656 0.00024783 1.88607e-05 0.0932696 0.00161673 6.16666 0.138362 74.6188 16.6864 1159.36 61.7788 1240.15 70.981 1240.15 70.981 0.576378 0.00889748 
200 0.24 431600000 568.307 13.2941 -45.3691 0.549662 2335.77 50.9533 8.17893e+06 378997 -0.00273746 0.00229075 0.00114394 0.00229302 0.0110591 0.000368656 0.00024783 1.88607e-05 0.0932696 0.00161673 6.16666 0.138362 74.6188 16.6864 1159.36 61.7788 1240.15 70.981 1240.15 70.981 0.576378 0.00889748 
200 0.24 432000000 568.307 13.2941 -45.3691 0.549662 2335.77 50.9533 8.17893e+06 378997 -0.00273746 0.00229075 0.00114394 0.00229302 0.0110591 0.000368656 0.00024783 1.88607e-05 0.0932696 0.00161673 6.16666 0.138362 74.6188 16.6864 1159.36 61.7788 1240.15 70.981 1240.15 70.981 0.576378 0.00889748 
200 0.24 432400000 568.307 13.2941 -45.3691 0.549662 2335.77 50.9533 8.17893e+06 378997 -0.00273746 0.00229075 0.00114394 0.00229302 0.0110591 0.000368656 0.00024783 1.88607e-05 0.0932696 0.00161673 6.16666 0.138362 74.6188 16.6864 1159.36 61.7788 1240.15 70.981 1240.15 70.981 0.576378 0.00889748 
200 0.24 432800000 568.307 13.2941 -45.3691 0.549662 2335.77 50.9533 8.17893e+06 378997 -0.00273746 0.00229075 0.00114394 0.00229302 0.0110591 0.000368656 0.00024783 1.88607e-05 0.0932696 0.00161673 6.16666 0.138362 74.6188 16.6864 1159.36 61.7788 1240.15 70.981 1240.15 70.981 0.576378 0.00889748 
200 0.24 433200000 568.307 13.2941 -45.3691 0.549662 2335.77 50.805 8.17893e+06 378997 -0.00273746 0.00229075 0.00114394 0.00229304 0.0110591 0.000368656 0.00024783 1.88607e-05 0.0932696 0.00161673 6.16666 0.137502 74.6188 16.6864 1159.36 61.7788 1240.15 70.981 1240.15 70.981 0.576378 0.00887728 
200 0.24 433600000 568.307 13.2941 -45.3691 0.549662 2335.77 50.805 8.17893e+06 378997 -0.00273746 0.00229075 0.00114394 0.00229304 0.0110591 0.000368656 0.00024783 1.88607e-05 0.0932696 0.00161673 6.16666 0.137502 74.6188 16.6864 1159.36 61.7788 1240.15 70.981 1240.15 70.981 0.576378 0.00887728 
200 0.24 434000000 568.307 13.2941 -45.3691 0.549662 2335.77 50.805 8.17893e+06 378997 -0.00273746 0.00229075 0.00114394 0.00229304 0.0110591 0.000368656 0.00024783 1.88607e-05 0.0932696 0.00161673 6.16666 0.137502 74.6188 16.6864 1159.36 61.7788 1240.15 70.981 1240.15 70.981 0.576378 0.00887728 
200 0.24 434400000 568.307 13.2941 -45.3691 0.549662 2335.77 50.805 8.17893e+06 378997 -0.00273746 0.00229075 0.00114394 0.00229304 0.0110591 0.000368656 0.00024783 1.88607e-05 0.0932696 0.00161673 6.16666 0.137502 74.6188 16.6864 1159.36 61.7788 1240.15 70.981 1240.15 70.981 0.576378 0.00887728 
200 0.24 434800000 568.307 13.2941 -45.3691 0.549662 2335.77 50.805 8.17893e+06 378997 -0.00273746 0.00229075 0.00114394 0.00229304 0.0110591 0.000368656 0.00024783 1.88607e-05 0.0932696 0.00161673 6.16666 0.137502 74.6188 16.6864 1159.36 61.7788 1240.15 70.981 1240.15 70.981 0.576378 0.00887728 
200 0.24 435200000 568.307 13.2941 -45.3691 0.549662 2335.77 50.805 8.17893e+06 378997 -0.00273746 0.00229075 0.00114394 0.00229304 0.0110591 0.000368656 0.00024783 1.88607e-05 0.0932696 0.00161673 6.16666 0.137502 74.6188 16.6864 1159.36 61.7788 1240.15 70.981 1240.15 70.981 0.576378 0.00887728 
200 0.24 435600000 568.307 13.2941 -45.3691 0.549662 2335.77 50.805 8.17893e+06 378997 -0.00273746 0.00229075 0.00114394 0.00229304 0.0110591 0.000368656 0.00024783 1.88607e-05 0.0932696 0.00161673 6.16666 0.137502 74.6188 16.6864 1159.36 61.7788 1240.15 70.981 1240.15 70.981 0.576378 0.00887728 
200 0.24 436000000 568.307 13.2941 -45.3691 0.549662 2335.77 50.805 8.17893e+06 378997 -0.00273746 0.00229075 0.00114394 0.00229304 0.0110591 0.000368656 0.00024783 1.88607e-05 0.0932696 0.00161673 6.16666 0.137502 74.6188 16.6864 1159.36 61.7788 1240.15 70.981 1240.15 70.981 0.576378 0.00887728 
200 0.24 436400000 568.307 13.2941 -45.3691 0.549662 2335.77 50.6932 8.17893e+06 373463 -0.00273746 0.00228308 0.00114394 0.00227653 0.0110591 0.000363204 0.00024783 1.8595e-05 0.0932696 0.00159429 6.16666 0.13667 74.6188 16.6864 1159.36 61.7788 1240.15 70.981 1240.15 70.981 0.576378 0.00882354 
200 0.24 436800000 568.307 13.2941 -45.3691 0.549662 2335.77 50.6932 8.17893e+06 373463 -0.00273746 0.00228308 0.00114394 0.00227653 0.0110591 0.000363204 0.00024783 1.8595e-05 0.0932696 0.00159429 6.16666 0.13667 74.6188 16.6864 1159.36 61.7788 1240.15 70.981 1240.15 70.981 0.576378 0.00882354 
200 0.24 437200000 568.307 13.2941 -45.3691 0.549662 2335.77 50.6932 8.17893e+06 373463 -0.00273746 0.00228308 0.00114394 0.00227653 0.0110591 0.000363204 0.00024783 1.8595e-05 0.0932696 0.00159429 6.16666 0.13667 74.6188 16.6864 1159.36 61.7788 1240.15 70.981 1240.15 70.981 0.576378 0.00882354 
200 0.24 437600000 568.307 13.2941 -45.3691 0.549662 2335.77 50.6932 8.17893e+06 373463 -0.00273746 0.00228308 0.00114394 0.00227653 0.0110591 0.000363204 0.00024783 1.8595e-05 0.0932696 0.00159429 6.16666 0.13667 74.6188 16.6864 1159.36 61.7788 1240.15 70.981 1240.15 70.981 0.576378 0.00882354 
200 0.24 438000000 568.307 13.2941 -45.3691 0.549662 2335.77 50.6932 8.17893e+06 373463 -0.00273746 0.00228308 0.00114394 0.00227653 0.0110591 0.000363204 0.00024783 1.8595e-05 0.0932696 0.00159429 6.16666 0.13667 74.6188 16.6864 1159.36 61.7788 1240.15 70.981 1240.15 70.981 0.576378 0.00882354 
200 0.24 438400000 568.307 13.2941 -45.3691 0.549662 2335.77 50.6932 8.17893e+06 373463 -0.00273746 0.00228308 0.00114394 0.00227653 0.0110591 0.000363204 0.00024783 1.8595e-05 0.0932696 0.00159429 6.16666 0.13667 74.6188 16.6864 1159.36 61.7788 1240.15 70.981 1240.15 70.981 0.576378 0.00882354 
200 0.24 438800000 568.307 13.2941 -45.3691 0.549662 2335.77 50.6932 8.17893e+06 373463 -0.00273746 0.00228308 0.00114394 0.00227653 0.0110591 0.000363204 0.00024783 1.8595e-05 0.0932696 0.00159429 6.16666 0.13667 74.6188 16.6864 1159.36 61.7788 1240.15 70.981 1240.15 70.981 0.576378 0.00882354 
200 0.24 439200000 568.307 13.2941 -45.3691 0.549662 2335.77 50.6932 8.17893e+06 373463 -0.00273746 0.00228308 0.00114394 0.00227653 0.0110591 0.000363204 0.00024783 1.8595e-05 0.0932696 0.00159429 6.16666 0.13667 74.6188 16.6864 1159.36 61.7788 1240.15 70.981 1240.15 70.981 0.576378 0.00882354 
200 0.24 439600000 568.307 13.2941 -45.3691 0.549662 2335.77 50.3191 8.17893e+06 373463 -0.00273746 0.00228308 0.00114394 0.00226004 0.0110591 0.000363204 0.00024783 1.8595e-05 0.0932696 0.00159429 6.16666 0.135843 74.6188 16.6864 1159.36 61.7788 1240.15 70.981 1240.15 70.981 0.576378 0.00875929 
200 0.24 440000000 568.307 13.2941 -45.3691 0.549662 2335.77 50.3191 8.17893e+06 373463 -0.00273746 0.00228308 0.00114394 0.00226004 0.0110591 0.000363204 0.00024783 1.8595e-05 0.0932696 0.00159429 6.16666 0.135843 74.6188 16.6864 1159.36 61.7788 1240.15 70.981 1240.15 70.981 0.576378 0.00875929 
200 0.24 440400000 568.307 13.2941 -45.3691 0.549662 2335.77 50.3191 8.17893e+06 373463 -0.00273746 0.00228308 0.00114394 0.00226004 0.0110591 0.000363204 0.00024783 1.8595e-05 0.0932696 0.00159429 6.16666 0.135843 74.6188 16.6864 1159.36 61.7788 1240.15 70.981 1240.15 70.981 0.576378 0.00875929 
200 0.24 440800000 568.307 13.2941 -45.3691 0.549662 2335.77 50.3191 8.17893e+06 373463 -0.00273746 0.00228308 0.00114394 0.00226004 0.0110591 0.000363204 0.00024783 1.8595e-05 0.0932696 0.00159429 6.16666 0.135843 74.6188 16.6864 1159.36 61.7788 1240.15 70.981 1240.15 70.981 0.576378 0.00875929 
200 0.24 441200000 568.307 13.2941 -45.3691 0.549662 2335.77 50.3191 8.17893e+06 373463 -0.00273746 0.00228308 0.00114394 0.00226004 0.0110591 0.000363204 0.00024783 1.8595e-05 0.0932696 0.00159429 6.16666 0.135843 74.6188 16.6864 1159.36 61.7788 1240.15 70.981 1240.15 70.981 0.576378 0.00875929 
200 0.24 441600000 568.307 13.2941 -45.3691 0.549662 2335.77 50.3191 8.17893e+06 373463 -0.00273746 0.00228308 0.00114394 0.00226004 0.0110591 0.000363204 0.00024783 1.8595e-05 0.0932696 0.00159429 6.16666 0.135843 74.6188 16.6864 1159.36 61.7788 1240.15 70.981 1240.15 70.981 0.576378 0.00875929 
200 0.24 442000000 568.307 13.2941 -45.3691 0.549662 2335.77 50.3191 8.17893e+06 373463 -0.00273746 0.00228308 0.00114394 0.00226004 0.0110591 0.000363204 0.00024783 1.8595e-05 0.0932696 0.00159429 6.16666 0.135843 74.6188 16.6864 1159.36 61.7788 1240.15 70.981 1240.15 70.981 0.576378 0.00875929 
200 0.24 442400000 568.307 13.2941 -45.3691 0.549662 2335.77 50.3191 8.17893e+06 373463 -0.00273746 0.00228308 0.00114394 0.00226004 0.0110591 0.000363204 0.00024783 1.8595e-05 0.0932696 0.00159429 6.16666 0.135843 74.6188 16.6864 1159.36 61.7788 1240.15 70.981 1240.15 70.981 0.576378 0.00875929 
200 0.24 442800000 568.426 13.2941 -45.3587 0.53406 2333.39 49.9619 8.15707e+06 368855 -0.00229254 0.00224984 0.000920122 0.0022457 0.0110017 0.000361793 0.000244376 1.84462e-05 0.0929355 0.00159332 6.1781 0.134855 73.1476 16.6864 1142.8 60.3247 1222.12 70.981 1222.12 70.981 0.573014 0.0087699 
200 0.24 443200000 568.426 13.2941 -45.3587 0.53406 2333.39 49.9619 8.15707e+06 368855 -0.00229254 0.00224984 0.000920122 0.0022457 0.0110017 0.000361793 0.000244376 1.84462e-05 0.0929355 0.00159332 6.1781 0.134855 73.1476 16.6864 1142.8 60.3247 1222.12 70.981 1222.12 70.981 0.573014 0.0087699 
200 0.24 443600000 568.426 13.2941 -45.3587 0.53406 2333.39 49.9619 8.15707e+06 368855 -0.00229254 0.00224984 0.000920122 0.0022457 0.0110017 0.000361793 0.000244376 1.84462e-05 0.0929355 0.00159332 6.1781 0.134855 73.1476 16.6864 1142.8 60.3247 1222.12 70.981 1222.12 70.981 0.573014 0.0087699 
200 0.24 444000000 568.426 13.2941 -45.3587 0.53406 2333.39 49.9619 8.15707e+06 368855 -0.00229254 0.00224984 0.000920122 0.0022457 0.0110017 0.000361793 0.000244376 1.84462e-05 0.0929355 0.00159332 6.1781 0.134855 73.1476 16.6864 1142.8 60.3247 1222.12 70.981 1222.12 70.981 0.573014 0.0087699 
200 0.24 444400000 568.426 13.2941 -45.3587 0.53406 2333.39 49.9619 8.15707e+06 368855 -0.00229254 0.00224984 0.000920122 0.0022457 0.0110017 0.000361793 0.000244376 1.84462e-05 0.0929355 0.00159332 6.1781 0.134855 73.1476 16.6864 1142.8 60.3247 1222.12 70.981 1222.12 70.981 0.573014 0.0087699 
200 0.24 444800000 568.426 13.2941 -45.3587 0.53406 2333.39 49.9619 8.15707e+06 368855 -0.00229254 0.00224984 0.000920122 0.0022457 0.0110017 0.000361793 0.000244376 1.84462e-05 0.0929355 0.00159332 6.1781 0.134855 73.1476 16.6864 1142.8 60.3247 1222.12 70.981 1222.12 70.981 0.573014 0.0087699 
200 0.24 445200000 568.426 13.2941 -45.3587 0.53406 2333.39 49.9619 8.15707e+06 368855 -0.00229254 0.00224984 0.000920122 0.0022457 0.0110017 0.000361793 0.000244376 1.84462e-05 0.0929355 0.00159332 6.1781 0.134855 73.1476 16.6864 1142.8 60.3247 1222.12 70.981 1222.12 70.981 0.573014 0.0087699 
200 0.24 445600000 568.426 13.2941 -45.3587 0.53406 2333.39 49.9619 8.15707e+06 368855 -0.00229254 0.00224984 0.000920122 0.0022457 0.0110017 0.000361793 0.000244376 1.84462e-05 0.0929355 0.00159332 6.1781 0.134855 73.1476 16.6864 1142.8 60.3247 1222.12 70.981 1222.12 70.981 0.573014 0.0087699 
200 0.24 446000000 568.426 13.2941 -45.3587 0.53406 2333.39 49.9016 8.15707e+06 368855 -0.00229254 0.00224984 0.000920122 0.00224646 0.0110017 0.000361793 0.000244376 1.84462e-05 0.0929355 0.00159332 6.1781 0.13402 73.1476 16.6864 1142.8 60.3247 1222.12 70.981 1222.12 70.981 0.573014 0.0087699 
200 0.24 446400000 568.426 13.2941 -45.3587 0.53406 2333.39 49.9016 8.15707e+06 368855 -0.00229254 0.00224984 0.000920122 0.00224646 0.0110017 0.000361793 0.000244376 1.84462e-05 0.0929355 0.00159332 6.1781 0.13402 73.1476 16.6864 1142.8 60.3247 1222.12 70.981 1222.12 70.981 0.573014 0.0087699 
200 0.24 446800000 568.426 13.2941 -45.3587 0.53406 2333.39 49.9016 8.15707e+06 368855 -0.00229254 0.00224984 0.000920122 0.00224646 0.0110017 0.000361793 0.000244376 1.84462e-05 0.0929355 0.00159332 6.1781 0.13402 73.1476 16.6864 1142.8 60.3247 1222.12 70.981 1222.12 70.981 0.573014 0.0087699 
200 0.24 447200000 568.426 13.2941 -45.3587 0.53406 2333.39 49.9016 8.15707e+06 368855 -0.00229254 0.00224984 0.000920122 0.00224646 0.0110017 0.000361793 0.000244376 1.84462e-05 0.0929355 0.00159332 6.1781 0.13402 73.1476 16.6864 1142.8 60.3247 1222.12 70.981 1222.12 70.981 0.573014 0.0087699 
200 0.24 447600000 568.426 13.2941 -45.3587 0.53406 2333.39 49.9016 8.15707e+06 368855 -0.00229254 0.00224984 0.000920122 0.00224646 0.0110017 0.000361793 0.000244376 1.84462e-05 0.0929355 0.00159332 6.1781 0.13402 73.1476 16.6864 1142.8 60.3247 1222.12 70.981 1222.12 70.981 0.573014 0.0087699 
200 0.24 448000000 568.426 13.2941 -45.3587 0.53406 2333.39 49.9016 8.15707e+06 368855 -0.00229254 0.00224984 0.000920122 0.00224646 0.0110017 0.000361793 0.000244376 1.84462e-05 0.0929355 0.00159332 6.1781 0.13402 73.1476 16.6864 1142.8 60.3247 1222.12 70.981 1222.12 70.981 0.573014 0.0087699 
200 0.24 448400000 568.426 13.2941 -45.3587 0.53406 2333.39 49.9016 8.15707e+06 368855 -0.00229254 0.00224984 0.000920122 0.00224646 0.0110017 0.000361793 0.000244376 1.84462e-05 0.0929355 0.00159332 6.1781 0.13402 73.1476 16.6864 1142.8 60.3247 1222.12 70.981 1222.12 70.981 0.573014 0.0087699 
200 0.24 448800000 568.426 13.2941 -45.3587 0.53406 2333.39 49.9016 8.15707e+06 368855 -0.00229254 0.00224984 0.000920122 0.00224646 0.0110017 0.000361793 0.000244376 1.84462e-05 0.0929355 0.00159332 6.1781 0.13402 73.1476 16.6864 1142.8 60.3247 1222.12 70.981 1222.12 70.981 0.573014 0.0087699 
200 0.24 449200000 568.426 13.2941 -45.3587 0.53406 2333.39 49.9016 8.15707e+06 365212 -0.00229254 0.00225183 0.000920122 0.00226055 0.0110017 0.000357113 0.000244376 1.81944e-05 0.0929355 0.00157301 6.1781 0.133384 73.1476 16.6864 1142.8 60.3247 1222.12 70.981 1222.12 70.981 0.573014 0.0087699 
200 0.24 449600000 568.426 13.2941 -45.3587 0.53406 2333.39 49.9016 8.15707e+06 365212 -0.00229254 0.00225183 0.000920122 0.00226055 0.0110017 0.000357113 0.000244376 1.81944e-05 0.0929355 0.00157301 6.1781 0.133384 73.1476 16.6864 1142.8 60.3247 1222.12 70.981 1222.12 70.981 0.573014 0.0087699 
200 0.24 450000000 568.426 13.2941 -45.3587 0.53406 2333.39 49.9016 8.15707e+06 365212 -0.00229254 0.00225183 0.000920122 0.00226055 0.0110017 0.000357113 0.000244376 1.81944e-05 0.0929355 0.00157301 6.1781 0.133384 73.1476 16.6864 1142.8 60.3247 1222.12 70.981 1222.12 70.981 0.573014 0.0087699 
200 0.24 450400000 568.426 13.2941 -45.3587 0.53406 2333.39 49.9016 8.15707e+06 365212 -0.00229254 0.00225183 0.000920122 0.00226055 0.0110017 0.000357113 0.000244376 1.81944e-05 0.0929355 0.00157301 6.1781 0.133384 73.1476 16.6864 1142.8 60.3247 1222.12 70.981 1222.12 70.981 0.573014 0.0087699 
200 0.24 450800000 568.426 13.2941 -45.3587 0.53406 2333.39 49.9016 8.15707e+06 365212 -0.00229254 0.00225183 0.000920122 0.00226055 0.0110017 0.000357113 0.000244376 1.81944e-05 0.0929355 0.00157301 6.1781 0.133384 73.1476 16.6864 1142.8 60.3247 1222.12 70.981 1222.12 70.981 0.573014 0.0087699 
200 0.24 451200000 568.426 13.2941 -45.3587 0.53406 2333.39 49.9016 8.15707e+06 365212 -0.00229254 0.00225183 0.000920122 0.00226055 0.0110017 0.000357113 0.000244376 1.81944e-05 0.0929355 0.00157301 6.1781 0.133384 73.1476 16.6864 1142.8 60.3247 1222.12 70.981 1222.12 70.981 0.573014 0.0087699 
200 0.24 451600000 568.426 13.2941 -45.3587 0.53406 2333.39 49.9016 8.15707e+06 365212 -0.00229254 0.00225183 0.000920122 0.00226055 0.0110017 0.000357113 0.000244376 1.81944e-05 0.0929355 0.00157301 6.1781 0.133384 73.1476 16.6864 1142.8 60.3247 1222.12 70.981 1222.12 70.981 0.573014 0.0087699 
200 0.24 452000000 568.426 13.2941 -45.3587 0.53406 2333.39 49.9016 8.15707e+06 365212 -0.00229254 0.00225183 0.000920122 0.00226055 0.0110017 0.000357113 0.000244376 1.81944e-05 0.0929355 0.00157301 6.1781 0.133384 73.1476 16.6864 1142.8 60.3247 1222.12 70.981 1222.12 70.981 0.573014 0.0087699 
200 0.24 452400000 568.426 13.2941 -45.3587 0.53406 2333.39 49.9016 8.15707e+06 365212 -0.00229254 0.00226011 0.000920122 0.00224478 0.0110017 0.000357113 0.000244376 1.81944e-05 0.0929355 0.00157301 6.1781 0.1326 73.1476 16.6864 1142.8 60.3247 1222.12 70.981 1222.12 70.981 0.573014 0.0087699 
200 0.24 452800000 568.426 13.2941 -45.3587 0.53406 2333.39 49.9016 8.15707e+06 365212 -0.00229254 0.00226011 0.000920122 0.00224478 0.0110017 0.000357113 0.000244376 1.81944e-05 0.0929355 0.00157301 6.1781 0.1326 73.1476 16.6864 1142.8 60.3247 1222.12 70.981 1222.12 70.981 0.573014 0.0087699 
200 0.24 453200000 568.426 13.2941 -45.3587 0.53406 2333.39 49.9016 8.15707e+06 365212 -0.00229254 0.00226011 0.000920122 0.00224478 0.0110017 0.000357113 0.000244376 1.81944e-05 0.0929355 0.00157301 6.1781 0.1326 73.1476 16.6864 1142.8 60.3247 1222.12 70.981 1222.12 70.981 0.573014 0.0087699 
200 0.24 453600000 568.426 13.2941 -45.3587 0.53406 2333.39 49.9016 8.15707e+06 365212 -0.00229254 0.00226011 0.000920122 0.00224478 0.0110017 0.000357113 0.000244376 1.81944e-05 0.0929355 0.00157301 6.1781 0.1326 73.1476 16.6864 1142.8 60.3247 1222.12 70.981 1222.12 70.981 0.573014 0.0087699 
200 0.24 454000000 568.426 13.2941 -45.3587 0.53406 2333.39 49.9016 8.15707e+06 365212 -0.00229254 0.00226011 0.000920122 0.00224478 0.0110017 0.000357113 0.000244376 1.81944e-05 0.0929355 0.00157301 6.1781 0.1326 73.1476 16.6864 1142.8 60.3247 1222.12 70.981 1222.12 70.981 0.573014 0.0087699 
200 0.24 454400000 568.426 13.2941 -45.3587 0.53406 2333.39 49.9016 8.15707e+06 365212 -0.00229254 0.00226011 0.000920122 0.00224478 0.0110017 0.000357113 0.000244376 1.81944e-05 0.0929355 0.00157301 6.1781 0.1326 73.1476 16.6864 1142.8 60.3247 1222.12 70.981 1222.12 70.981 0.573014 0.0087699 
200 0.24 454800000 568.426 13.2941 -45.3587 0.53406 2333.39 49.9016 8.15707e+06 365212 -0.00229254 0.00226011 0.000920122 0.00224478 0.0110017 0.000357113 0.000244376 1.81944e-05 0.0929355 0.00157301 6.1781 0.1326 73.1476 16.6864 1142.8 60.3247 1222.12 70.981 1222.12 70.981 0.573014 0.0087699 
200 0.24 455200000 568.426 13.2941 -45.3587 0.53406 2333.39 49.9016 8.15707e+06 365212 -0.00229254 0.00226011 0.000920122 0.00224478 0.0110017 0.000357113 0.000244376 1.81944e-05 0.0929355 0.00157301 6.1781 0.1326 73.1476 16.6864 1142.8 60.3247 1222.12 70.981 1222.12 70.981 0.573014 0.0087699 
200 0.24 455600000 568.426 13.2941 -45.3587 0.53406 2333.39 49.9016 8.15707e+06 362155 -0.00229254 0.00224699 0.000920122 0.00223317 0.0110017 0.00035225 0.000244376 1.79412e-05 0.0929355 0.00155352 6.1781 0.13172 73.1476 16.6864 1142.8 60.3247 1222.12 70.981 1222.12 70.981 0.573014 0.0087699 
200 0.24 456000000 568.426 13.2941 -45.3587 0.53406 2333.39 49.9016 8.15707e+06 362155 -0.00229254 0.00224699 0.000920122 0.00223317 0.0110017 0.00035225 0.000244376 1.79412e-05 0.0929355 0.00155352 6.1781 0.13172 73.1476 16.6864 1142.8 60.3247 1222.12 70.981 1222.12 70.981 0.573014 0.0087699 
200 0.24 456400000 568.426 13.2941 -45.3587 0.53406 2333.39 49.9016 8.15707e+06 362155 -0.00229254 0.00224699 0.000920122 0.00223317 0.0110017 0.00035225 0.000244376 1.79412e-05 0.0929355 0.00155352 6.1781 0.13172 73.1476 16.6864 1142.8 60.3247 1222.12 70.981 1222.12 70.981 0.573014 0.0087699 
200 0.24 456800000 568.426 13.2941 -45.3587 0.53406 2333.39 49.9016 8.15707e+06 362155 -0.00229254 0.00224699 0.000920122 0.00223317 0.0110017 0.00035225 0.000244376 1.79412e-05 0.0929355 0.00155352 6.1781 0.13172 73.1476 16.6864 1142.8 60.3247 1222.12 70.981 1222.12 70.981 0.573014 0.0087699 
200 0.24 457200000 568.426 13.2941 -45.3587 0.53406 2333.39 49.9016 8.15707e+06 362155 -0.00229254 0.00224699 0.000920122 0.00223317 0.0110017 0.00035225 0.000244376 1.79412e-05 0.0929355 0.00155352 6.1781 0.13172 73.1476 16.6864 1142.8 60.3247 1222.12 70.981 1222.12 70.981 0.573014 0.0087699 
200 0.24 457600000 568.426 13.2941 -45.3587 0.53406 2333.39 49.9016 8.15707e+06 362155 -0.00229254 0.00224699 0.000920122 0.00223317 0.0110017 0.00035225 0.000244376 1.79412e-05 0.0929355 0.00155352 6.1781 0.13172 73.1476 16.6864 1142.8 60.3247 1222.12 70.981 1222.12 70.981 0.573014 0.0087699 
200 0.24 458000000 568.426 13.2941 -45.3587 0.53406 2333.39 49.9016 8.15707e+06 362155 -0.00229254 0.00224699 0.000920122 0.00223317 0.0110017 0.00035225 0.000244376 1.79412e-05 0.0929355 0.00155352 6.1781 0.13172 73.1476 16.6864 1142.8 60.3247 1222.12 70.981 1222.12 70.981 0.573014 0.0087699 
200 0.24 458400000 568.426 13.2941 -45.3587 0.53406 2333.39 49.9016 8.15707e+06 362155 -0.00229254 0.00224699 0.000920122 0.00223317 0.0110017 0.00035225 0.000244376 1.79412e-05 0.0929355 0.00155352 6.1781 0.13172 73.1476 16.6864 1142.8 60.3247 1222.12 70.981 1222.12 70.981 0.573014 0.0087699 
200 0.24 458800000 568.426 13.2941 -45.3587 0.53406 2333.39 49.9016 8.15707e+06 362155 -0.00229254 0.00225777 0.000920122 0.00222596 0.0110017 0.00035225 0.000244376 1.79412e-05 0.0929355 0.00155352 6.1781 0.130786 73.1476 16.6864 1142.8 60.3247 1222.12 70.981 1222.12 70.981 0.573014 0.0087699 
200 0.24 459200000 568.426 13.2941 -45.3587 0.53406 2333.39 49.9016 8.15707e+06 362155 -0.00229254 0.00225777 0.000920122 0.00222596 0.0110017 0.00035225 0.000244376 1.79412e-05 0.0929355 0.00155352 6.1781 0.130786 73.1476 16.6864 1142.8 60.3247 1222.12 70.981 1222.12 70.981 0.573014 0.0087699 
200 0.24 459600000 568.426 13.2941 -45.3587 0.53406 2333.39 49.9016 8.15707e+06 362155 -0.00229254 0.00225777 0.000920122 0.00222596 0.0110017 0.00035225 0.000244376 1.79412e-05 0.0929355 0.00155352 6.1781 0.130786 73.1476 16.6864 1142.8 60.3247 1222.12 70.981 1222.12 70.981 0.573014 0.0087699 
200 0.24 460000000 568.426 13.2941 -45.3587 0.53406 2333.39 49.9016 8.15707e+06 362155 -0.00229254 0.00225777 0.000920122 0.00222596 0.0110017 0.00035225 0.000244376 1.79412e-05 0.0929355 0.00155352 6.1781 0.130786 73.1476 16.6864 1142.8 60.3247 1222.12 70.981 1222.12 70.981 0.573014 0.0087699 
200 0.24 460400000 568.426 13.2941 -45.3587 0.53406 2333.39 49.9016 8.15707e+06 362155 -0.00229254 0.00225777 0.000920122 0.00222596 0.0110017 0.00035225 0.000244376 1.79412e-05 0.0929355 0.00155352 6.1781 0.130786 73.1476 16.6864 1142.8 60.3247 1222.12 70.981 1222.12 70.981 0.573014 0.0087699 
200 0.24 460800000 568.426 13.2941 -45.3587 0.53406 2333.39 49.9016 8.15707e+06 362155 -0.00229254 0.00225777 0.000920122 0.00222596 0.0110017 0.00035225 0.000244376 1.79412e-05 0.0929355 0.00155352 6.1781 0.130786 73.1476 16.6864 1142.8 60.3247 1222.12 70.981 1222.12 70.981 0.573014 0.0087699 
200 0.24 461200000 568.426 13.2941 -45.3587 0.53406 2333.39 49.9016 8.15707e+06 362155 -0.00229254 0.00225777 0.000920122 0.00222596 0.0110017 0.00035225 0.000244376 1.79412e-05 0.0929355 0.00155352 6.1781 0.130786 73.1476 16.6864 1142.8 60.3247 1222.12 70.981 1222.12 70.981 0.573014 0.0087699 
200 0.24 461600000 568.426 13.2941 -45.3587 0.53406 2333.39 49.9016 8.15707e+06 362155 -0.00229254 0.00225777 0.000920122 0.00222596 0.0110017 0.00035225 0.000244376 1.79412e-05 0.0929355 0.00155352 6.1781 0.130786 73.1476 16.6864 1142.8 60.3247 1222.12 70.981 1222.12 70.981 0.573014 0.0087699 
200 0.24 462000000 568.426 13.2941 -45.3587 0.53406 2333.39 49.9016 8.15707e+06 357292 -0.00229254 0.0022476 0.000920122 0.00221522 0.0110017 0.000347423 0.000244376 1.76978e-05 0.0929355 0.00153333 6.1781 0.129909 73.1476 16.6864 1142.8 60.3247 1222.12 70.981 1222.12 70.981 0.573014 0.0087699 
200 0.24 462400000 568.426 13.2941 -45.3587 0.53406 2333.39 49.9016 8.15707e+06 357292 -0.00229254 0.0022476 0.000920122 0.00221522 0.0110017 0.000347423 0.000244376 1.76978e-05 0.0929355 0.00153333 6.1781 0.129909 73.1476 16.6864 1142.8 60.3247 1222.12 70.981 1222.12 70.981 0.573014 0.0087699 
200 0.24 462800000 568.426 13.2941 -45.3587 0.53406 2333.39 49.9016 8.15707e+06 357292 -0.00229254 0.0022476 0.000920122 0.00221522 0.0110017 0.000347423 0.000244376 1.76978e-05 0.0929355 0.00153333 6.1781 0.129909 73.1476 16.6864 1142.8 60.3247 1222.12 70.981 1222.12 70.981 0.573014 0.0087699 
200 0.24 463200000 568.426 13.2941 -45.3587 0.53406 2333.39 49.9016 8.15707e+06 357292 -0.00229254 0.0022476 0.000920122 0.00221522 0.0110017 0.000347423 0.000244376 1.76978e-05 0.0929355 0.00153333 6.1781 0.129909 73.1476 16.6864 1142.8 60.3247 1222.12 70.981 1222.12 70.981 0.573014 0.0087699 
200 0.24 463600000 568.426 13.2941 -45.3587 0.53406 2333.39 49.9016 8.15707e+06 357292 -0.00229254 0.0022476 0.000920122 0.00221522 0.0110017 0.000347423 0.000244376 1.76978e-05 0.0929355 0.00153333 6.1781 0.129909 73.1476 16.6864 1142.8 60.3247 1222.12 70.981 1222.12 70.981 0.573014 0.0087699 
200 0.24 464000000 568.426 13.2941 -45.3587 0.53406 2333.39 49.9016 8.15707e+06 357292 -0.00229254 0.0022476 0.000920122 0.00221522 0.0110017 0.000347423 0.000244376 1.76978e-05 0.0929355 0.00153333 6.1781 0.129909 73.1476 16.6864 1142.8 60.3247 1222.12 70.981 1222.12 70.981 0.573014 0.0087699 
200 0.24 464400000 568.426 13.2941 -45.3587 0.53406 2333.39 49.9016 8.15707e+06 357292 -0.00229254 0.0022476 0.000920122 0.00221522 0.0110017 0.000347423 0.000244376 1.76978e-05 0.0929355 0.00153333 6.1781 0.129909 73.1476 16.6864 1142.8 60.3247 1222.12 70.981 1222.12 70.981 0.573014 0.0087699 
200 0.24 464800000 568.426 13.2941 -45.3587 0.53406 2333.39 49.9016 8.15707e+06 357292 -0.00229254 0.0022476 0.000920122 0.00221522 0.0110017 0.000347423 0.000244376 1.76978e-05 0.0929355 0.00153333 6.1781 0.129909 73.1476 16.6864 1142.8 60.3247 1222.12 70.981 1222.12 70.981 0.573014 0.0087699 
200 0.24 465200000 568.426 13.2941 -45.3587 0.53406 2333.39 49.9016 8.15707e+06 357292 -0.00229254 0.00223397 0.000920122 0.00220071 0.0110017 0.000347423 0.000244376 1.76978e-05 0.0929355 0.00153333 6.1781 0.129057 73.1476 16.6864 1142.8 60.3247 1222.12 70.981 1222.12 70.981 0.573014 0.0087699 
200 0.24 465600000 568.426 13.2941 -45.3587 0.53406 2333.39 49.9016 8.15707e+06 357292 -0.00229254 0.00223397 0.000920122 0.00220071 0.0110017 0.000347423 0.000244376 1.76978e-05 0.0929355 0.00153333 6.1781 0.129057 73.1476 16.6864 1142.8 60.3247 1222.12 70.981 1222.12 70.981 0.573014 0.0087699 
200 0.24 466000000 568.426 13.2941 -45.3587 0.53406 2333.39 49.9016 8.15707e+06 357292 -0.00229254 0.00223397 0.000920122 0.00220071 0.0110017 0.000347423 0.000244376 1.76978e-05 0.0929355 0.00153333 6.1781 0.129057 73.1476 16.6864 1142.8 60.3247 1222.12 70.981 1222.12 70.981 0.573014 0.0087699 
200 0.24 466400000 568.426 13.2941 -45.3587 0.53406 2333.39 49.9016 8.15707e+06 357292 -0.00229254 0.00223397 0.000920122 0.00220071 0.0110017 0.000347423 0.000244376 1.76978e-05 0.0929355 0.00153333 6.1781 0.129057 73.1476 16.6864 1142.8 60.3247 1222.12 70.981 1222.12 70.981 0.573014 0.0087699 
200 0.24 466800000 568.426 13.2941 -45.3587 0.53406 2333.39 49.9016 8.15707e+06 357292 -0.00229254 0.00223397 0.000920122 0.00220071 0.0110017 0.000347423 0.000244376 1.76978e-05 0.0929355 0.00153333 6.1781 0.129057 73.1476 16.6864 1142.8 60.3247 1222.12 70.981 1222.12 70.981 0.573014 0.0087699 
200 0.24 467200000 568.426 13.2941 -45.3587 0.53406 2333.39 49.9016 8.15707e+06 357292 -0.00229254 0.00223397 0.000920122 0.00220071 0.0110017 0.000347423 0.000244376 1.76978e-05 0.0929355 0.00153333 6.1781 0.129057 73.1476 16.6864 1142.8 60.3247 1222.12 70.981 1222.12 70.981 0.573014 0.0087699 
200 0.24 467600000 568.426 13.2941 -45.3587 0.53406 2333.39 49.9016 8.15707e+06 357292 -0.00229254 0.00223397 0.000920122 0.00220071 0.0110017 0.000347423 0.000244376 1.76978e-05 0.0929355 0.00153333 6.1781 0.129057 73.1476 16.6864 1142.8 60.3247 1222.12 70.981 1222.12 70.981 0.573014 0.0087699 
200 0.24 468000000 568.426 13.2941 -45.3587 0.53406 2333.39 49.9016 8.15707e+06 357292 -0.00229254 0.00223397 0.000920122 0.00220071 0.0110017 0.000347423 0.000244376 1.76978e-05 0.0929355 0.00153333 6.1781 0.129057 73.1476 16.6864 1142.8 60.3247 1222.12 70.981 1222.12 70.981 0.573014 0.0087699 
200 0.24 468400000 569.536 12.0464 -45.2943 0.500323 2326.24 48.4045 8.09917e+06 354615 -0.00169344 0.00221911 0.000470441 0.00218716 0.011052 0.000343623 0.000244074 1.7452e-05 0.0932542 0.00152504 6.15619 0.128206 70.3338 15.3727 1135.4 57.777 1211.89 68.487 1211.89 68.487 0.57403 0.00845441 
200 0.24 468800000 569.536 12.0464 -45.2943 0.500323 2326.24 48.4045 8.09917e+06 354615 -0.00169344 0.00221911 0.000470441 0.00218716 0.011052 0.000343623 0.000244074 1.7452e-05 0.0932542 0.00152504 6.15619 0.128206 70.3338 15.3727 1135.4 57.777 1211.89 68.487 1211.89 68.487 0.57403 0.00845441 
200 0.24 469200000 569.536 12.0464 -45.2943 0.500323 2326.24 48.4045 8.09917e+06 354615 -0.00169344 0.00221911 0.000470441 0.00218716 0.011052 0.000343623 0.000244074 1.7452e-05 0.0932542 0.00152504 6.15619 0.128206 70.3338 15.3727 1135.4 57.777 1211.89 68.487 1211.89 68.487 0.57403 0.00845441 
200 0.24 469600000 569.536 12.0464 -45.2943 0.500323 2326.24 48.4045 8.09917e+06 354615 -0.00169344 0.00221911 0.000470441 0.00218716 0.011052 0.000343623 0.000244074 1.7452e-05 0.0932542 0.00152504 6.15619 0.128206 70.3338 15.3727 1135.4 57.777 1211.89 68.487 1211.89 68.487 0.57403 0.00845441 
200 0.24 470000000 569.536 12.0092 -45.2943 0.500323 2326.24 48.4045 8.09917e+06 354615 -0.00169344 0.00221911 0.000470441 0.00218716 0.011052 0.000343623 0.000244074 1.7452e-05 0.0932542 0.00152504 6.15619 0.128206 70.3338 15.3727 1135.4 57.777 1211.89 68.487 1211.89 68.487 0.57403 0.00845441 
200 0.24 470400000 569.536 12.0092 -45.2943 0.500323 2326.24 48.4045 8.09917e+06 354615 -0.00169344 0.00221911 0.000470441 0.00218716 0.011052 0.000343623 0.000244074 1.7452e-05 0.0932542 0.00152504 6.15619 0.128206 70.3338 15.3727 1135.4 57.777 1211.89 68.487 1211.89 68.487 0.57403 0.00845441 
200 0.24 470800000 569.536 12.0092 -45.2943 0.500323 2326.24 48.4045 8.09917e+06 354615 -0.00169344 0.00221911 0.000470441 0.00218716 0.011052 0.000343623 0.000244074 1.7452e-05 0.0932542 0.00152504 6.15619 0.128206 70.3338 15.3727 1135.4 57.777 1211.89 68.487 1211.89 68.487 0.57403 0.00845441 
200 0.24 471200000 569.536 12.0092 -45.2943 0.500323 2326.24 48.4045 8.09917e+06 354615 -0.00169344 0.00221911 0.000470441 0.00218716 0.011052 0.000343623 0.000244074 1.7452e-05 0.0932542 0.00152504 6.15619 0.128206 70.3338 15.3727 1135.4 57.777 1211.89 68.487 1211.89 68.487 0.57403 0.00845441 
200 0.24 471600000 569.536 11.969 -45.2943 0.496978 2326.24 48.1196 8.09917e+06 354615 -0.00169344 0.00220392 0.000470441 0.0021721 0.011052 0.000343623 0.000244074 1.7452e-05 0.0932542 0.00152504 6.15619 0.127501 70.3338 15.3727 1135.4 57.6155 1211.89 68.487 1211.89 68.487 0.57403 0.00841752 
200 0.24 472000000 569.536 11.969 -45.2943 0.496978 2326.24 48.1196 8.09917e+06 354615 -0.00169344 0.00220392 0.000470441 0.0021721 0.011052 0.000343623 0.000244074 1.7452e-05 0.0932542 0.00152504 6.15619 0.127501 70.3338 15.3727 1135.4 57.6155 1211.89 68.487 1211.89 68.487 0.57403 0.00841752 
200 0.24 472400000 569.536 11.969 -45.2943 0.496978 2326.24 48.1196 8.09917e+06 354615 -0.00169344 0.00220392 0.000470441 0.0021721 0.011052 0.000343623 0.000244074 1.7452e-05 0.0932542 0.00152504 6.15619 0.127501 70.3338 15.3727 1135.4 57.6155 1211.89 68.487 1211.89 68.487 0.57403 0.00841752 
200 0.24 472800000 569.536 11.969 -45.2943 0.496978 2326.24 48.1196 8.09917e+06 354615 -0.00169344 0.00220392 0.000470441 0.0021721 0.011052 0.000343623 0.000244074 1.7452e-05 0.0932542 0.00152504 6.15619 0.127501 70.3338 15.3727 1135.4 57.6155 1211.89 68.487 1211.89 68.487 0.57403 0.00841752 
200 0.24 473200000 569.536 11.9624 -45.2943 0.496978 2326.24 48.1196 8.09917e+06 354615 -0.00169344 0.00220392 0.000470441 0.0021721 0.011052 0.000343623 0.000244074 1.7452e-05 0.0932542 0.00152504 6.15619 0.127501 70.3338 15.3727 1135.4 57.6155 1211.89 68.487 1211.89 68.487 0.57403 0.00841752 
200 0.24 473600000 569.536 11.9624 -45.2943 0.496978 2326.24 48.1196 8.09917e+06 354615 -0.00169344 0.00220392 0.000470441 0.0021721 0.011052 0.000343623 0.000244074 1.7452e-05 0.0932542 0.00152504 6.15619 0.127501 70.3338 15.3727 1135.4 57.6155 1211.89 68.487 1211.89 68.487 0.57403 0.00841752 
200 0.24 474000000 569.536 11.9624 -45.2943 0.496978 2326.24 48.1196 8.09917e+06 354615 -0.00169344 0.00220392 0.000470441 0.0021721 0.011052 0.000343623 0.000244074 1.7452e-05 0.0932542 0.00152504 6.15619 0.127501 70.3338 15.3727 1135.4 57.6155 1211.89 68.487 1211.89 68.487 0.57403 0.00841752 
200 0.24 474400000 569.536 11.9624 -45.2943 0.496978 2326.24 48.1196 8.09917e+06 354615 -0.00169344 0.00220392 0.000470441 0.0021721 0.011052 0.000343623 0.000244074 1.7452e-05 0.0932542 0.00152504 6.15619 0.127501 70.3338 15.3727 1135.4 57.6155 1211.89 68.487 1211.89 68.487 0.57403 0.00841752 
200 0.24 474800000 569.536 11.925 -45.2943 0.493836 2326.24 47.8482 8.09917e+06 349783 -0.00169344 0.00218882 0.000470441 0.00216808 0.011052 0.000340025 0.000244074 1.72373e-05 0.0932542 0.00151376 6.15619 0.126961 70.3338 15.3727 1135.4 57.4246 1211.89 68.487 1211.89 68.487 0.57403 0.00836667 
200 0.24 475200000 569.536 11.925 -45.2943 0.493836 2326.24 47.8482 8.09917e+06 349783 -0.00169344 0.00218882 0.000470441 0.00216808 0.011052 0.000340025 0.000244074 1.72373e-05 0.0932542 0.00151376 6.15619 0.126961 70.3338 15.3727 1135.4 57.4246 1211.89 68.487 1211.89 68.487 0.57403 0.00836667 
200 0.24 475600000 569.536 11.925 -45.2943 0.493836 2326.24 47.8482 8.09917e+06 349783 -0.00169344 0.00218882 0.000470441 0.00216808 0.011052 0.000340025 0.000244074 1.72373e-05 0.0932542 0.00151376 6.15619 0.126961 70.3338 15.3727 1135.4 57.4246 1211.89 68.487 1211.89 68.487 0.57403 0.00836667 
200 0.24 476000000 569.536 11.925 -45.2943 0.493836 2326.24 47.8482 8.09917e+06 349783 -0.00169344 0.00218882 0.000470441 0.00216808 0.011052 0.000340025 0.000244074 1.72373e-05 0.0932542 0.00151376 6.15619 0.126961 70.3338 15.3727 1135.4 57.4246 1211.89 68.487 1211.89 68.487 0.57403 0.00836667 
200 0.24 476400000 569.536 11.9503 -45.2943 0.493836 2326.24 47.8761 8.09917e+06 366316 -0.00169344 0.00218882 0.000470441 0.00216808 0.011052 0.000340025 0.000244074 1.72373e-05 0.0932542 0.00151376 6.15619 0.126961 70.3338 15.3727 1135.4 57.4246 1211.89 68.487 1211.89 68.487 0.57403 0.00836667 
200 0.24 476800000 569.536 11.9503 -45.2943 0.493836 2326.24 47.8761 8.09917e+06 366316 -0.00169344 0.00218882 0.000470441 0.00216808 0.011052 0.000340025 0.000244074 1.72373e-05 0.0932542 0.00151376 6.15619 0.126961 70.3338 15.3727 1135.4 57.4246 1211.89 68.487 1211.89 68.487 0.57403 0.00836667 
200 0.24 477200000 569.536 11.9503 -45.2943 0.493836 2326.24 47.8761 8.09917e+06 366316 -0.00169344 0.00218882 0.000470441 0.00216808 0.011052 0.000340025 0.000244074 1.72373e-05 0.0932542 0.00151376 6.15619 0.126961 70.3338 15.3727 1135.4 57.4246 1211.89 68.487 1211.89 68.487 0.57403 0.00836667 
200 0.24 477600000 569.536 11.9503 -45.2943 0.493836 2326.24 47.8761 8.09917e+06 366316 -0.00169344 0.00218882 0.000470441 0.00216808 0.011052 0.000340025 0.000244074 1.72373e-05 0.0932542 0.00151376 6.15619 0.126961 70.3338 15.3727 1135.4 57.4246 1211.89 68.487 1211.89 68.487 0.57403 0.00836667 
200 0.24 478000000 569.536 11.9474 -45.2943 0.493313 2326.24 48.1576 8.09917e+06 365367 -0.00169344 0.00217409 0.000470441 0.00215706 0.011052 0.000340025 0.000244074 1.72373e-05 0.0932542 0.00151376 6.15619 0.126117 70.3338 15.3727 1135.4 57.4246 1211.89 68.487 1211.89 68.487 0.57403 0.00834144 
200 0.24 478400000 569.536 11.9474 -45.2943 0.493313 2326.24 48.1576 8.09917e+06 365367 -0.00169344 0.00217409 0.000470441 0.00215706 0.011052 0.000340025 0.000244074 1.72373e-05 0.0932542 0.00151376 6.15619 0.126117 70.3338 15.3727 1135.4 57.4246 1211.89 68.487 1211.89 68.487 0.57403 0.00834144 
200 0.24 478800000 569.536 11.9474 -45.2943 0.493313 2326.24 48.1576 8.09917e+06 365367 -0.00169344 0.00217409 0.000470441 0.00215706 0.011052 0.000340025 0.000244074 1.72373e-05 0.0932542 0.00151376 6.15619 0.126117 70.3338 15.3727 1135.4 57.4246 1211.89 68.487 1211.89 68.487 0.57403 0.00834144 
200 0.24 479200000 569.536 11.9474 -45.2943 0.493313 2326.24 48.1576 8.09917e+06 365367 -0.00169344 0.00217409 0.000470441 0.00215706 0.011052 0.000340025 0.000244074 1.72373e-05 0.0932542 0.00151376 6.15619 0.126117 70.3338 15.3727 1135.4 57.4246 1211.89 68.487 1211.89 68.487 0.57403 0.00834144 
200 0.24 479600000 569.536 11.9089 -45.2943 0.493313 2326.24 48.1576 8.09917e+06 365600 -0.00169344 0.00217409 0.000470441 0.00215706 0.011052 0.000340025 0.000244074 1.72373e-05 0.0932542 0.00151376 6.15619 0.126117 70.3338 15.3727 1135.4 57.4246 1211.89 68.487 1211.89 68.487 0.57403 0.00834144 
200 0.24 480000000 569.536 11.9089 -45.2943 0.493313 2326.24 48.1576 8.09917e+06 365600 -0.00169344 0.00217409 0.000470441 0.00215706 0.011052 0.000340025 0.000244074 1.72373e-05 0.0932542 0.00151376 6.15619 0.126117 70.3338 15.3727 1135.4 57.4246 1211.89 68.487 1211.89 68.487 0.57403 0.00834144 
200 0.24 480400000 569.536 11.9089 -45.2943 0.493313 2326.24 48.1576 8.09917e+06 365600 -0.00169344 0.00217409 0.000470441 0.00215706 0.011052 0.000340025 0.000244074 1.72373e-05 0.0932542 0.00151376 6.15619 0.126117 70.3338 15.3727 1135.4 57.4246 1211.89 68.487 1211.89 68.487 0.57403 0.00834144 
200 0.24 480800000 569.536 11.9089 -45.2943 0.493313 2326.24 48.1576 8.09917e+06 365600 -0.00169344 0.00217409 0.000470441 0.00215706 0.011052 0.000340025 0.000244074 1.72373e-05 0.0932542 0.00151376 6.15619 0.126117 70.3338 15.3727 1135.4 57.4246 1211.89 68.487 1211.89 68.487 0.57403 0.00834144 
200 0.24 481200000 569.536 11.8947 -45.2943 0.492672 2326.24 47.8844 8.09917e+06 367587 -0.00169344 0.00216015 0.000470441 0.00215307 0.011052 0.000335454 0.000244074 1.70051e-05 0.0932542 0.00149341 6.15619 0.125265 70.3338 15.3727 1135.4 57.4246 1211.89 68.487 1211.89 68.487 0.57403 0.00834144 
200 0.24 481600000 569.536 11.8947 -45.2943 0.492672 2326.24 47.8844 8.09917e+06 367587 -0.00169344 0.00216015 0.000470441 0.00215307 0.011052 0.000335454 0.000244074 1.70051e-05 0.0932542 0.00149341 6.15619 0.125265 70.3338 15.3727 1135.4 57.4246 1211.89 68.487 1211.89 68.487 0.57403 0.00834144 
200 0.24 482000000 569.536 11.8947 -45.2943 0.492672 2326.24 47.8844 8.09917e+06 367587 -0.00169344 0.00216015 0.000470441 0.00215307 0.011052 0.000335454 0.000244074 1.70051e-05 0.0932542 0.00149341 6.15619 0.125265 70.3338 15.3727 1135.4 57.4246 1211.89 68.487 1211.89 68.487 0.57403 0.00834144 
200 0.24 482400000 569.536 11.8947 -45.2943 0.492672 2326.24 47.8844 8.09917e+06 367587 -0.00169344 0.00216015 0.000470441 0.00215307 0.011052 0.000335454 0.000244074 1.70051e-05 0.0932542 0.00149341 6.15619 0.125265 70.3338 15.3727 1135.4 57.4246 1211.89 68.487 1211.89 68.487 0.57403 0.00834144 
200 0.24 482800000 569.536 11.8947 -45.2943 0.492672 2326.24 47.8569 8.09917e+06 367587 -0.00169344 0.00216015 0.000470441 0.00215307 0.011052 0.000335454 0.000244074 1.70051e-05 0.0932542 0.00149341 6.15619 0.125265 70.3338 15.3727 1135.4 57.4246 1211.89 68.487 1211.89 68.487 0.57403 0.00834144 
200 0.24 483200000 569.536 11.8947 -45.2943 0.492672 2326.24 47.8569 8.09917e+06 367587 -0.00169344 0.00216015 0.000470441 0.00215307 0.011052 0.000335454 0.000244074 1.70051e-05 0.0932542 0.00149341 6.15619 0.125265 70.3338 15.3727 1135.4 57.4246 1211.89 68.487 1211.89 68.487 0.57403 0.00834144 
200 0.24 483600000 569.536 11.8947 -45.2943 0.492672 2326.24 47.8569 8.09917e+06 367587 -0.00169344 0.00216015 0.000470441 0.00215307 0.011052 0.000335454 0.000244074 1.70051e-05 0.0932542 0.00149341 6.15619 0.125265 70.3338 15.3727 1135.4 57.4246 1211.89 68.487 1211.89 68.487 0.57403 0.00834144 
200 0.24 484000000 569.536 11.8947 -45.2943 0.492672 2326.24 47.8569 8.09917e+06 367587 -0.00169344 0.00216015 0.000470441 0.00215307 0.011052 0.000335454 0.000244074 1.70051e-05 0.0932542 0.00149341 6.15619 0.125265 70.3338 15.3727 1135.4 57.4246 1211.89 68.487 1211.89 68.487 0.57403 0.00834144 
200 0.24 484400000 569.536 11.8947 -45.2943 0.492672 2326.24 47.6684 8.09917e+06 367587 -0.00169344 0.00215663 0.000470441 0.00213896 0.011052 0.000335454 0.000244074 1.70051e-05 0.0932542 0.00149341 6.15619 0.124479 70.3338 15.3727 1135.4 57.4246 1211.89 68.487 1211.89 68.487 0.57403 0.00834144 
200 0.24 484800000 569.536 11.8947 -45.2943 0.492672 2326.24 47.6684 8.09917e+06 367587 -0.00169344 0.00215663 0.000470441 0.00213896 0.011052 0.000335454 0.000244074 1.70051e-05 0.0932542 0.00149341 6.15619 0.124479 70.3338 15.3727 1135.4 57.4246 1211.89 68.487 1211.89 68.487 0.57403 0.00834144 
200 0.24 485200000 569.536 11.8947 -45.2943 0.492672 2326.24 47.6684 8.09917e+06 367587 -0.00169344 0.00215663 0.000470441 0.00213896 0.011052 0.000335454 0.000244074 1.70051e-05 0.0932542 0.00149341 6.15619 0.124479 70.3338 15.3727 1135.4 57.4246 1211.89 68.487 1211.89 68.487 0.57403 0.00834144 
200 0.24 485600000 569.536 11.8947 -45.2943 0.492672 2326.24 47.6684 8.09917e+06 367587 -0.00169344 0.00215663 0.000470441 0.00213896 0.011052 0.000335454 0.000244074 1.70051e-05 0.0932542 0.00149341 6.15619 0.124479 70.3338 15.3727 1135.4 57.4246 1211.89 68.487 1211.89 68.487 0.57403 0.00834144 
200 0.24 486000000 569.536 11.8947 -45.2943 0.492672 2326.24 47.702 8.09917e+06 367587 -0.00169344 0.00215663 0.000470441 0.00213896 0.011052 0.000335454 0.000244074 1.70051e-05 0.0932542 0.00149341 6.15619 0.124479 70.3338 15.3727 1135.4 57.4246 1211.89 68.487 1211.89 68.487 0.57403 0.00834144 
200 0.24 486400000 569.536 11.8947 -45.2943 0.492672 2326.24 47.702 8.09917e+06 367587 -0.00169344 0.00215663 0.000470441 0.00213896 0.011052 0.000335454 0.000244074 1.70051e-05 0.0932542 0.00149341 6.15619 0.124479 70.3338 15.3727 1135.4 57.4246 1211.89 68.487 1211.89 68.487 0.57403 0.00834144 
200 0.24 486800000 569.536 11.8947 -45.2943 0.492672 2326.24 47.702 8.09917e+06 367587 -0.00169344 0.00215663 0.000470441 0.00213896 0.011052 0.000335454 0.000244074 1.70051e-05 0.0932542 0.00149341 6.15619 0.124479 70.3338 15.3727 1135.4 57.4246 1211.89 68.487 1211.89 68.487 0.57403 0.00834144 
200 0.24 487200000 569.536 11.8947 -45.2943 0.492672 2326.24 47.702 8.09917e+06 367587 -0.00169344 0.00215663 0.000470441 0.00213896 0.011052 0.000335454 0.000244074 1.70051e-05 0.0932542 0.00149341 6.15619 0.124479 70.3338 15.3727 1135.4 57.4246 1211.89 68.487 1211.89 68.487 0.57403 0.00834144 
200 0.24 487600000 569.536 11.8737 -45.2943 0.492672 2326.24 47.6952 8.09917e+06 367201 -0.00169344 0.00214386 0.000470441 0.00212889 0.011052 0.000331823 0.000244074 1.68521e-05 0.0932542 0.00147403 6.15619 0.123658 70.3338 15.3727 1135.4 57.4246 1211.89 68.487 1211.89 68.487 0.57403 0.00834144 
200 0.24 488000000 569.536 11.8737 -45.2943 0.492672 2326.24 47.6952 8.09917e+06 367201 -0.00169344 0.00214386 0.000470441 0.00212889 0.011052 0.000331823 0.000244074 1.68521e-05 0.0932542 0.00147403 6.15619 0.123658 70.3338 15.3727 1135.4 57.4246 1211.89 68.487 1211.89 68.487 0.57403 0.00834144 
200 0.24 488400000 569.536 11.8737 -45.2943 0.492672 2326.24 47.6952 8.09917e+06 367201 -0.00169344 0.00214386 0.000470441 0.00212889 0.011052 0.000331823 0.000244074 1.68521e-05 0.0932542 0.00147403 6.15619 0.123658 70.3338 15.3727 1135.4 57.4246 1211.89 68.487 1211.89 68.487 0.57403 0.00834144 
200 0.24 488800000 569.536 11.8737 -45.2943 0.492672 2326.24 47.6952 8.09917e+06 367201 -0.00169344 0.00214386 0.000470441 0.00212889 0.011052 0.000331823 0.000244074 1.68521e-05 0.0932542 0.00147403 6.15619 0.123658 70.3338 15.3727 1135.4 57.4246 1211.89 68.487 1211.89 68.487 0.57403 0.00834144 
200 0.24 489200000 569.536 11.8737 -45.2943 0.492672 2326.24 47.6952 8.09917e+06 367201 -0.00169344 0.00214386 0.000470441 0.00212889 0.011052 0.000331823 0.000244074 1.68521e-05 0.0932542 0.00147403 6.15619 0.123658 70.3338 15.3727 1135.4 57.4246 1211.89 68.487 1211.89 68.487 0.57403 0.00834144 
200 0.24 489600000 569.536 11.8737 -45.2943 0.492672 2326.24 47.6952 8.09917e+06 367201 -0.00169344 0.00214386 0.000470441 0.00212889 0.011052 0.000331823 0.000244074 1.68521e-05 0.0932542 0.00147403 6.15619 0.123658 70.3338 15.3727 1135.4 57.4246 1211.89 68.487 1211.89 68.487 0.57403 0.00834144 
200 0.24 490000000 569.536 11.8737 -45.2943 0.492672 2326.24 47.6952 8.09917e+06 367201 -0.00169344 0.00214386 0.000470441 0.00212889 0.011052 0.000331823 0.000244074 1.68521e-05 0.0932542 0.00147403 6.15619 0.123658 70.3338 15.3727 1135.4 57.4246 1211.89 68.487 1211.89 68.487 0.57403 0.00834144 
200 0.24 490400000 569.536 11.8737 -45.2943 0.492672 2326.24 47.6952 8.09917e+06 367201 -0.00169344 0.00214386 0.000470441 0.00212889 0.011052 0.000331823 0.000244074 1.68521e-05 0.0932542 0.00147403 6.15619 0.123658 70.3338 15.3727 1135.4 57.4246 1211.89 68.487 1211.89 68.487 0.57403 0.00834144 
200 0.24 490800000 569.536 11.8737 -45.2943 0.492672 2326.24 47.5175 8.09917e+06 367201 -0.00169344 0.00215098 0.000470441 0.00212582 0.011052 0.000331823 0.000244074 1.68521e-05 0.0932542 0.00147403 6.15619 0.122932 70.3338 15.3727 1135.4 57.4246 1211.89 68.487 1211.89 68.487 0.57403 0.00834144 
200 0.24 491200000 569.536 11.8737 -45.2943 0.492672 2326.24 47.5175 8.09917e+06 367201 -0.00169344 0.00215098 0.000470441 0.00212582 0.011052 0.000331823 0.000244074 1.68521e-05 0.0932542 0.00147403 6.15619 0.122932 70.3338 15.3727 1135.4 57.4246 1211.89 68.487 1211.89 68.487 0.57403 0.00834144 
200 0.24 491600000 569.536 11.8737 -45.2943 0.492672 2326.24 47.5175 8.09917e+06 367201 -0.00169344 0.00215098 0.000470441 0.00212582 0.011052 0.000331823 0.000244074 1.68521e-05 0.0932542 0.00147403 6.15619 0.122932 70.3338 15.3727 1135.4 57.4246 1211.89 68.487 1211.89 68.487 0.57403 0.00834144 
200 0.24 492000000 569.536 11.8737 -45.2943 0.492672 2326.24 47.5175 8.09917e+06 367201 -0.00169344 0.00215098 0.000470441 0.00212582 0.011052 0.000331823 0.000244074 1.68521e-05 0.0932542 0.00147403 6.15619 0.122932 70.3338 15.3727 1135.4 57.4246 1211.89 68.487 1211.89 68.487 0.57403 0.00834144 
200 0.24 492400000 569.536 11.8737 -45.2943 0.492672 2326.24 47.5175 8.09917e+06 367201 -0.00169344 0.00215098 0.000470441 0.00212582 0.011052 0.000331823 0.000244074 1.68521e-05 0.0932542 0.00147403 6.15619 0.122932 70.3338 15.3727 1135.4 57.4246 1211.89 68.487 1211.89 68.487 0.57403 0.00834144 
200 0.24 492800000 569.536 11.8737 -45.2943 0.492672 2326.24 47.5175 8.09917e+06 367201 -0.00169344 0.00215098 0.000470441 0.00212582 0.011052 0.000331823 0.000244074 1.68521e-05 0.0932542 0.00147403 6.15619 0.122932 70.3338 15.3727 1135.4 57.4246 1211.89 68.487 1211.89 68.487 0.57403 0.00834144 
200 0.24 493200000 569.536 11.8737 -45.2943 0.492672 2326.24 47.5175 8.09917e+06 367201 -0.00169344 0.00215098 0.000470441 0.00212582 0.011052 0.000331823 0.000244074 1.68521e-05 0.0932542 0.00147403 6.15619 0.122932 70.3338 15.3727 1135.4 57.4246 1211.89 68.487 1211.89 68.487 0.57403 0.00834144 
200 0.24 493600000 569.536 11.8737 -45.2943 0.492672 2326.24 47.5175 8.09917e+06 367201 -0.00169344 0.00215098 0.000470441 0.00212582 0.011052 0.000331823 0.000244074 1.68521e-05 0.0932542 0.00147403 6.15619 0.122932 70.3338 15.3727 1135.4 57.4246 1211.89 68.487 1211.89 68.487 0.57403 0.00834144 
200 0.24 494000000 567.834 11.8737 -45.1927 0.485932 2318.76 47.4434 8.10793e+06 366733 -0.00160108 0.00213699 0.00107745 0.00211322 0.0109774 0.000328566 0.000240419 1.66806e-05 0.092954 0.00145851 6.15704 0.12259 76.0445 15.3727 1132.7 56.5782 1214.9 68.487 1214.9 68.487 0.573586 0.00816378 
200 0.24 494400000 567.834 11.8737 -45.1927 0.485932 2318.76 47.4434 8.10793e+06 366733 -0.00160108 0.00213699 0.00107745 0.00211322 0.0109774 0.000328566 0.000240419 1.66806e-05 0.092954 0.00145851 6.15704 0.12259 76.0445 15.3727 1132.7 56.5782 1214.9 68.487 1214.9 68.487 0.573586 0.00816378 
200 0.24 494800000 567.834 11.8737 -45.1927 0.485932 2318.76 47.4434 8.10793e+06 366733 -0.00160108 0.00213699 0.00107745 0.00211322 0.0109774 0.000328566 0.000240419 1.66806e-05 0.092954 0.00145851 6.15704 0.12259 76.0445 15.3727 1132.7 56.5782 1214.9 68.487 1214.9 68.487 0.573586 0.00816378 
200 0.24 495200000 567.834 11.8737 -45.1927 0.485932 2318.76 47.4434 8.10793e+06 366733 -0.00160108 0.00213699 0.00107745 0.00211322 0.0109774 0.000328566 0.000240419 1.66806e-05 0.092954 0.00145851 6.15704 0.12259 76.0445 15.3727 1132.7 56.5782 1214.9 68.487 1214.9 68.487 0.573586 0.00816378 
200 0.24 495600000 567.834 11.8737 -45.1927 0.485932 2318.76 47.4434 8.10793e+06 366733 -0.00160108 0.00213699 0.00107745 0.00211322 0.0109774 0.000328566 0.000240419 1.66806e-05 0.092954 0.00145851 6.15704 0.12259 76.0445 15.3727 1132.7 56.5782 1214.9 68.487 1214.9 68.487 0.573586 0.00816378 
200 0.24 496000000 567.834 11.8737 -45.1927 0.485932 2318.76 47.4434 8.10793e+06 366733 -0.00160108 0.00213699 0.00107745 0.00211322 0.0109774 0.000328566 0.000240419 1.66806e-05 0.092954 0.00145851 6.15704 0.12259 76.0445 15.3727 1132.7 56.5782 1214.9 68.487 1214.9 68.487 0.573586 0.00816378 
200 0.24 496400000 567.834 11.8737 -45.1927 0.485932 2318.76 47.4434 8.10793e+06 366733 -0.00160108 0.00213699 0.00107745 0.00211322 0.0109774 0.000328566 0.000240419 1.66806e-05 0.092954 0.00145851 6.15704 0.12259 76.0445 15.3727 1132.7 56.5782 1214.9 68.487 1214.9 68.487 0.573586 0.00816378 
200 0.24 496800000 567.834 11.8737 -45.1927 0.485932 2318.76 47.4434 8.10793e+06 366733 -0.00160108 0.00213699 0.00107745 0.00211322 0.0109774 0.000328566 0.000240419 1.66806e-05 0.092954 0.00145851 6.15704 0.12259 76.0445 15.3727 1132.7 56.5782 1214.9 68.487 1214.9 68.487 0.573586 0.00816378 
200 0.24 497200000 567.834 11.8737 -45.1927 0.482757 2318.76 47.1433 8.10793e+06 366733 -0.00160108 0.00212405 0.00107745 0.00209979 0.0109774 0.000328566 0.000240419 1.66806e-05 0.092954 0.00145851 6.15704 0.122386 76.0445 15.3727 1132.7 56.5782 1214.9 68.487 1214.9 68.487 0.573586 0.00812192 
200 0.24 497600000 567.834 11.8737 -45.1927 0.482757 2318.76 47.1433 8.10793e+06 366733 -0.00160108 0.00212405 0.00107745 0.00209979 0.0109774 0.000328566 0.000240419 1.66806e-05 0.092954 0.00145851 6.15704 0.122386 76.0445 15.3727 1132.7 56.5782 1214.9 68.487 1214.9 68.487 0.573586 0.00812192 
200 0.24 498000000 567.834 11.8737 -45.1927 0.482757 2318.76 47.1433 8.10793e+06 366733 -0.00160108 0.00212405 0.00107745 0.00209979 0.0109774 0.000328566 0.000240419 1.66806e-05 0.092954 0.00145851 6.15704 0.122386 76.0445 15.3727 1132.7 56.5782 1214.9 68.487 1214.9 68.487 0.573586 0.00812192 
200 0.24 498400000 567.834 11.8737 -45.1927 0.482757 2318.76 47.1433 8.10793e+06 366733 -0.00160108 0.00212405 0.00107745 0.00209979 0.0109774 0.000328566 0.000240419 1.66806e-05 0.092954 0.00145851 6.15704 0.122386 76.0445 15.3727 1132.7 56.5782 1214.9 68.487 1214.9 68.487 0.573586 0.00812192 
200 0.24 498800000 567.834 11.8737 -45.1927 0.482757 2318.76 47.1433 8.10793e+06 366733 -0.00160108 0.00212405 0.00107745 0.00209979 0.0109774 0.000328566 0.000240419 1.66806e-05 0.092954 0.00145851 6.15704 0.122386 76.0445 15.3727 1132.7 56.5782 1214.9 68.487 1214.9 68.487 0.573586 0.00812192 
200 0.24 499200000 567.834 11.8737 -45.1927 0.482757 2318.76 47.1433 8.10793e+06 366733 -0.00160108 0.00212405 0.00107745 0.00209979 0.0109774 0.000328566 0.000240419 1.66806e-05 0.092954 0.00145851 6.15704 0.122386 76.0445 15.3727 1132.7 56.5782 1214.9 68.487 1214.9 68.487 0.573586 0.00812192 
200 0.24 499600000 567.834 11.8737 -45.1927 0.482757 2318.76 47.1433 8.10793e+06 366733 -0.00160108 0.00212405 0.00107745 0.00209979 0.0109774 0.000328566 0.000240419 1.66806e-05 0.092954 0.00145851 6.15704 0.122386 76.0445 15.3727 1132.7 56.5782 1214.9 68.487 1214.9 68.487 0.573586 0.00812192 
200 0.24 500000000 567.834 11.8737 -45.1927 0.482757 2318.76 47.1433 8.10793e+06 366733 -0.00160108 0.00212405 0.00107745 0.00209979 0.0109774 0.000328566 0.000240419 1.66806e-05 0.092954 0.00145851 6.15704 0.122386 76.0445 15.3727 1132.7 56.5782 1214.9 68.487 1214.9 68.487 0.573586 0.00812192 
200 0.24 500400000 567.834 11.8737 -45.1927 0.480562 2318.76 46.8914 8.10793e+06 361975 -0.00160108 0.00212262 0.00107745 0.00208643 0.0109774 0.000325476 0.000240419 1.6488e-05 0.092954 0.00144593 6.15704 0.121747 76.0445 15.3727 1132.7 56.5782 1214.9 68.487 1214.9 68.487 0.573586 0.00806982 
200 0.24 500800000 567.834 11.8737 -45.1927 0.480562 2318.76 46.8914 8.10793e+06 361975 -0.00160108 0.00212262 0.00107745 0.00208643 0.0109774 0.000325476 0.000240419 1.6488e-05 0.092954 0.00144593 6.15704 0.121747 76.0445 15.3727 1132.7 56.5782 1214.9 68.487 1214.9 68.487 0.573586 0.00806982 
200 0.24 501200000 567.834 11.8737 -45.1927 0.480562 2318.76 46.8914 8.10793e+06 361975 -0.00160108 0.00212262 0.00107745 0.00208643 0.0109774 0.000325476 0.000240419 1.6488e-05 0.092954 0.00144593 6.15704 0.121747 76.0445 15.3727 1132.7 56.5782 1214.9 68.487 1214.9 68.487 0.573586 0.00806982 
200 0.24 501600000 567.834 11.8737 -45.1927 0.480562 2318.76 46.8914 8.10793e+06 361975 -0.00160108 0.00212262 0.00107745 0.00208643 0.0109774 0.000325476 0.000240419 1.6488e-05 0.092954 0.00144593 6.15704 0.121747 76.0445 15.3727 1132.7 56.5782 1214.9 68.487 1214.9 68.487 0.573586 0.00806982 
200 0.24 502000000 567.834 11.8737 -45.1927 0.480562 2318.76 46.8914 8.10793e+06 361975 -0.00160108 0.00212262 0.00107745 0.00208643 0.0109774 0.000325476 0.000240419 1.6488e-05 0.092954 0.00144593 6.15704 0.121747 76.0445 15.3727 1132.7 56.5782 1214.9 68.487 1214.9 68.487 0.573586 0.00806982 
200 0.24 502400000 567.834 11.8737 -45.1927 0.480562 2318.76 46.8914 8.10793e+06 361975 -0.00160108 0.00212262 0.00107745 0.00208643 0.0109774 0.000325476 0.000240419 1.6488e-05 0.092954 0.00144593 6.15704 0.121747 76.0445 15.3727 1132.7 56.5782 1214.9 68.487 1214.9 68.487 0.573586 0.00806982 
200 0.24 502800000 567.834 11.8737 -45.1927 0.480562 2318.76 46.8914 8.10793e+06 361975 -0.00160108 0.00212262 0.00107745 0.00208643 0.0109774 0.000325476 0.000240419 1.6488e-05 0.092954 0.00144593 6.15704 0.121747 76.0445 15.3727 1132.7 56.5782 1214.9 68.487 1214.9 68.487 0.573586 0.00806982 
200 0.24 503200000 567.834 11.8737 -45.1927 0.480562 2318.76 46.8914 8.10793e+06 361975 -0.00160108 0.00212262 0.00107745 0.00208643 0.0109774 0.000325476 0.000240419 1.6488e-05 0.092954 0.00144593 6.15704 0.121747 76.0445 15.3727 1132.7 56.5782 1214.9 68.487 1214.9 68.487 0.573586 0.00806982 
200 0.24 503600000 567.834 11.8737 -45.1927 0.480562 2318.76 46.7232 8.10793e+06 361975 -0.00160108 0.0021103 0.00107745 0.00208938 0.0109774 0.000325476 0.000240419 1.6488e-05 0.092954 0.00144593 6.15704 0.121096 76.0445 15.3727 1132.7 56.5782 1214.9 68.487 1214.9 68.487 0.573586 0.00801969 
200 0.24 504000000 567.834 11.8737 -45.1927 0.480562 2318.76 46.7232 8.10793e+06 361975 -0.00160108 0.0021103 0.00107745 0.00208938 0.0109774 0.000325476 0.000240419 1.6488e-05 0.092954 0.00144593 6.15704 0.121096 76.0445 15.3727 1132.7 56.5782 1214.9 68.487 1214.9 68.487 0.573586 0.00801969 
200 0.24 504400000 567.834 11.8737 -45.1927 0.480562 2318.76 46.7232 8.10793e+06 361975 -0.00160108 0.0021103 0.00107745 0.00208938 0.0109774 0.000325476 0.000240419 1.6488e-05 0.092954 0.00144593 6.15704 0.121096 76.0445 15.3727 1132.7 56.5782 1214.9 68.487 1214.9 68.487 0.573586 0.00801969 
200 0.24 504800000 567.834 11.8737 -45.1927 0.480562 2318.76 46.7232 8.10793e+06 361975 -0.00160108 0.0021103 0.00107745 0.00208938 0.0109774 0.000325476 0.000240419 1.6488e-05 0.092954 0.00144593 6.15704 0.121096 76.0445 15.3727 1132.7 56.5782 1214.9 68.487 1214.9 68.487 0.573586 0.00801969 
200 0.24 505200000 567.834 11.8737 -45.1927 0.480562 2318.76 46.7232 8.10793e+06 361975 -0.00160108 0.0021103 0.00107745 0.00208938 0.0109774 0.000325476 0.000240419 1.6488e-05 0.092954 0.00144593 6.15704 0.121096 76.0445 15.3727 1132.7 56.5782 1214.9 68.487 1214.9 68.487 0.573586 0.00801969 
200 0.24 505600000 567.834 11.8737 -45.1927 0.480562 2318.76 46.7232 8.10793e+06 361975 -0.00160108 0.0021103 0.00107745 0.00208938 0.0109774 0.000325476 0.000240419 1.6488e-05 0.092954 0.00144593 6.15704 0.121096 76.0445 15.3727 1132.7 56.5782 1214.9 68.487 1214.9 68.487 0.573586 0.00801969 
200 0.24 506000000 567.834 11.8737 -45.1927 0.480562 2318.76 46.7232 8.10793e+06 361975 -0.00160108 0.0021103 0.00107745 0.00208938 0.0109774 0.000325476 0.000240419 1.6488e-05 0.092954 0.00144593 6.15704 0.121096 76.0445 15.3727 1132.7 56.5782 1214.9 68.487 1214.9 68.487 0.573586 0.00801969 
200 0.24 506400000 567.834 11.8737 -45.1927 0.480562 2318.76 46.7232 8.10793e+06 361975 -0.00160108 0.0021103 0.00107745 0.00208938 0.0109774 0.000325476 0.000240419 1.6488e-05 0.092954 0.00144593 6.15704 0.121096 76.0445 15.3727 1132.7 56.5782 1214.9 68.487 1214.9 68.487 0.573586 0.00801969 
200 0.24 506800000 567.834 11.8737 -45.1927 0.479926 2318.76 46.4966 8.10793e+06 360754 -0.00160108 0.00210769 0.00107745 0.00207925 0.0109774 0.000321445 0.000240419 1.63095e-05 0.092954 0.00142749 6.15704 0.12046 76.0445 15.3727 1132.7 56.5782 1214.9 68.487 1214.9 68.487 0.573586 0.00797307 
200 0.24 507200000 567.834 11.8737 -45.1927 0.479926 2318.76 46.4966 8.10793e+06 360754 -0.00160108 0.00210769 0.00107745 0.00207925 0.0109774 0.000321445 0.000240419 1.63095e-05 0.092954 0.00142749 6.15704 0.12046 76.0445 15.3727 1132.7 56.5782 1214.9 68.487 1214.9 68.487 0.573586 0.00797307 
200 0.24 507600000 567.834 11.8737 -45.1927 0.479926 2318.76 46.4966 8.10793e+06 360754 -0.00160108 0.00210769 0.00107745 0.00207925 0.0109774 0.000321445 0.000240419 1.63095e-05 0.092954 0.00142749 6.15704 0.12046 76.0445 15.3727 1132.7 56.5782 1214.9 68.487 1214.9 68.487 0.573586 0.00797307 
200 0.24 508000000 567.834 11.8737 -45.1927 0.479926 2318.76 46.4966 8.10793e+06 360754 -0.00160108 0.00210769 0.00107745 0.00207925 0.0109774 0.000321445 0.000240419 1.63095e-05 0.092954 0.00142749 6.15704 0.12046 76.0445 15.3727 1132.7 56.5782 1214.9 68.487 1214.9 68.487 0.573586 0.00797307 
200 0.24 508400000 567.834 11.8737 -45.1927 0.479926 2318.76 46.4966 8.10793e+06 360754 -0.00160108 0.00210769 0.00107745 0.00207925 0.0109774 0.000321445 0.000240419 1.63095e-05 0.092954 0.00142749 6.15704 0.12046 76.0445 15.3727 1132.7 56.5782 1214.9 68.487 1214.9 68.487 0.573586 0.00797307 
200 0.24 508800000 567.834 11.8737 -45.1927 0.479926 2318.76 46.4966 8.10793e+06 360754 -0.00160108 0.00210769 0.00107745 0.00207925 0.0109774 0.000321445 0.000240419 1.63095e-05 0.092954 0.00142749 6.15704 0.12046 76.0445 15.3727 1132.7 56.5782 1214.9 68.487 1214.9 68.487 0.573586 0.00797307 
200 0.24 509200000 567.834 11.8737 -45.1927 0.479926 2318.76 46.4966 8.10793e+06 360754 -0.00160108 0.00210769 0.00107745 0.00207925 0.0109774 0.000321445 0.000240419 1.63095e-05 0.092954 0.00142749 6.15704 0.12046 76.0445 15.3727 1132.7 56.5782 1214.9 68.487 1214.9 68.487 0.573586 0.00797307 
200 0.24 509600000 567.834 11.8737 -45.1927 0.479926 2318.76 46.4966 8.10793e+06 360754 -0.00160108 0.00210769 0.00107745 0.00207925 0.0109774 0.000321445 0.000240419 1.63095e-05 0.092954 0.00142749 6.15704 0.12046 76.0445 15.3727 1132.7 56.5782 1214.9 68.487 1214.9 68.487 0.573586 0.00797307 
200 0.24 510000000 567.834 11.8737 -45.1927 0.479926 2318.76 46.3919 8.10793e+06 360754 -0.00160108 0.00210757 0.00107745 0.00207142 0.0109774 0.000321445 0.000240419 1.63095e-05 0.092954 0.00142749 6.15704 0.119779 76.0445 15.3727 1132.7 56.5782 1214.9 68.487 1214.9 68.487 0.573586 0.00793518 
200 0.24 510400000 567.834 11.8737 -45.1927 0.479926 2318.76 46.3919 8.10793e+06 360754 -0.00160108 0.00210757 0.00107745 0.00207142 0.0109774 0.000321445 0.000240419 1.63095e-05 0.092954 0.00142749 6.15704 0.119779 76.0445 15.3727 1132.7 56.5782 1214.9 68.487 1214.9 68.487 0.573586 0.00793518 
200 0.24 510800000 567.834 11.8737 -45.1927 0.479926 2318.76 46.3919 8.10793e+06 360754 -0.00160108 0.00210757 0.00107745 0.00207142 0.0109774 0.000321445 0.000240419 1.63095e-05 0.092954 0.00142749 6.15704 0.119779 76.0445 15.3727 1132.7 56.5782 1214.9 68.487 1214.9 68.487 0.573586 0.00793701 
200 0.24 511200000 567.834 11.8737 -45.1927 0.479926 2318.76 46.3919 8.10793e+06 360754 -0.00160108 0.00210757 0.00107745 0.00207142 0.0109774 0.000321445 0.000240419 1.63095e-05 0.092954 0.00142749 6.15704 0.119779 76.0445 15.3727 1132.7 56.5782 1214.9 68.487 1214.9 68.487 0.573586 0.00793701 
200 0.24 511600000 567.834 11.8737 -45.1927 0.479926 2318.76 46.3919 8.10793e+06 360754 -0.00160108 0.00210757 0.00107745 0.00207142 0.0109774 0.000321445 0.000240419 1.63095e-05 0.092954 0.00142749 6.15704 0.119779 76.0445 15.3727 1132.7 56.5782 1214.9 68.487 1214.9 68.487 0.573586 0.00792572 
200 0.24 512000000 567.834 11.8737 -45.1927 0.479926 2318.76 46.3919 8.10793e+06 360754 -0.00160108 0.00210757 0.00107745 0.00207142 0.0109774 0.000321445 0.000240419 1.63095e-05 0.092954 0.00142749 6.15704 0.119779 76.0445 15.3727 1132.7 56.5782 1214.9 68.487 1214.9 68.487 0.573586 0.00792572 
200 0.24 512400000 567.834 11.8737 -45.1927 0.479926 2318.76 46.3919 8.10793e+06 360754 -0.00160108 0.00210757 0.00107745 0.00207142 0.0109774 0.000321445 0.000240419 1.63095e-05 0.092954 0.00142749 6.15704 0.119779 76.0445 15.3727 1132.7 56.5782 1214.9 68.487 1214.9 68.487 0.573586 0.00792234 
200 0.24 512800000 567.834 11.8737 -45.1927 0.479926 2318.76 46.3919 8.10793e+06 360754 -0.00160108 0.00210757 0.00107745 0.00207142 0.0109774 0.000321445 0.000240419 1.63095e-05 0.092954 0.00142749 6.15704 0.119779 76.0445 15.3727 1132.7 56.5782 1214.9 68.487 1214.9 68.487 0.573586 0.00792234 
200 0.24 513200000 567.834 11.8737 -45.1927 0.479926 2318.76 47.487 8.10793e+06 370576 -0.00160108 0.00209686 0.00107745 0.0020596 0.0109774 0.000318318 0.000240419 1.61401e-05 0.092954 0.00141681 6.15704 0.119099 76.0445 15.3727 1132.7 56.5782 1214.9 68.487 1214.9 68.487 0.573586 0.00792521 
200 0.24 513600000 567.834 11.8737 -45.1927 0.479926 2318.76 47.487 8.10793e+06 370576 -0.00160108 0.00209686 0.00107745 0.0020596 0.0109774 0.000318318 0.000240419 1.61401e-05 0.092954 0.00141681 6.15704 0.119099 76.0445 15.3727 1132.7 56.5782 1214.9 68.487 1214.9 68.487 0.573586 0.00792521 
200 0.24 514000000 567.834 11.8737 -45.1927 0.479926 2318.76 47.487 8.10793e+06 370576 -0.00160108 0.00209686 0.00107745 0.0020596 0.0109774 0.000318318 0.000240419 1.61401e-05 0.092954 0.00141681 6.15704 0.119099 76.0445 15.3727 1132.7 56.5782 1214.9 68.487 1214.9 68.487 0.573586 0.00792343 
200 0.24 514400000 567.834 11.8737 -45.1927 0.479926 2318.76 47.487 8.10793e+06 370576 -0.00160108 0.00209686 0.00107745 0.0020596 0.0109774 0.000318318 0.000240419 1.61401e-05 0.092954 0.00141681 6.15704 0.119099 76.0445 15.3727 1132.7 56.5782 1214.9 68.487 1214.9 68.487 0.573586 0.00792343 
200 0.24 514800000 567.834 11.8737 -45.1927 0.479926 2318.76 47.487 8.10793e+06 370576 -0.00160108 0.00209686 0.00107745 0.0020596 0.0109774 0.000318318 0.000240419 1.61401e-05 0.092954 0.00141681 6.15704 0.119099 76.0445 15.3727 1132.7 56.5782 1214.9 68.487 1214.9 68.487 0.573586 0.00791427 
200 0.24 515200000 567.834 11.8737 -45.1927 0.479926 2318.76 47.487 8.10793e+06 370576 -0.00160108 0.00209686 0.00107745 0.0020596 0.0109774 0.000318318 0.000240419 1.61401e-05 0.092954 0.00141681 6.15704 0.119099 76.0445 15.3727 1132.7 56.5782 1214.9 68.487 1214.9 68.487 0.573586 0.00791427 
200 0.24 515600000 567.834 11.8737 -45.1927 0.479926 2318.76 47.487 8.10793e+06 370576 -0.00160108 0.00209686 0.00107745 0.0020596 0.0109774 0.000318318 0.000240419 1.61401e-05 0.092954 0.00141681 6.15704 0.119099 76.0445 15.3727 1132.7 56.5782 1214.9 68.487 1214.9 68.487 0.573586 0.00791427 
200 0.24 516000000 567.834 11.8737 -45.1927 0.479926 2318.76 47.487 8.10793e+06 370576 -0.00160108 0.00209686 0.00107745 0.0020596 0.0109774 0.000318318 0.000240419 1.61401e-05 0.092954 0.00141681 6.15704 0.119099 76.0445 15.3727 1132.7 56.5782 1214.9 68.487 1214.9 68.487 0.573586 0.00791427 
200 0.24 516400000 567.834 11.8737 -45.1927 0.479926 2318.76 47.487 8.10793e+06 370576 -0.00160108 0.00208398 0.00107745 0.00204776 0.0109774 0.000318318 0.000240419 1.61401e-05 0.092954 0.00141681 6.15704 0.118399 76.0445 15.3727 1132.7 56.5782 1214.9 68.487 1214.9 68.487 0.573586 0.00791427 
200 0.24 516800000 567.834 11.8737 -45.1927 0.479926 2318.76 47.487 8.10793e+06 370576 -0.00160108 0.00208398 0.00107745 0.00204776 0.0109774 0.000318318 0.000240419 1.61401e-05 0.092954 0.00141681 6.15704 0.118399 76.0445 15.3727 1132.7 56.5782 1214.9 68.487 1214.9 68.487 0.573586 0.00791427 
200 0.24 517200000 567.834 11.8737 -45.1927 0.479926 2318.76 47.487 8.10793e+06 370576 -0.00160108 0.00208398 0.00107745 0.00204776 0.0109774 0.000318318 0.000240419 1.61401e-05 0.092954 0.00141681 6.15704 0.118399 76.0445 15.3727 1132.7 56.5782 1214.9 68.487 1214.9 68.487 0.573586 0.00791427 
200 0.24 517600000 567.834 11.8737 -45.1927 0.479926 2318.76 47.487 8.10793e+06 370576 -0.00160108 0.00208398 0.00107745 0.00204776 0.0109774 0.000318318 0.000240419 1.61401e-05 0.092954 0.00141681 6.15704 0.118399 76.0445 15.3727 1132.7 56.5782 1214.9 68.487 1214.9 68.487 0.573586 0.00791427 
200 0.24 518000000 567.834 11.8737 -45.1927 0.479926 2318.76 47.487 8.10793e+06 370576 -0.00160108 0.00208398 0.00107745 0.00204776 0.0109774 0.000318318 0.000240419 1.61401e-05 0.092954 0.00141681 6.15704 0.118399 76.0445 15.3727 1132.7 56.5782 1214.9 68.487 1214.9 68.487 0.573586 0.00791427 
200 0.24 518400000 567.834 11.8737 -45.1927 0.479926 2318.76 47.487 8.10793e+06 370576 -0.00160108 0.00208398 0.00107745 0.00204776 0.0109774 0.000318318 0.000240419 1.61401e-05 0.092954 0.00141681 6.15704 0.118399 76.0445 15.3727 1132.7 56.5782 1214.9 68.487 1214.9 68.487 0.573586 0.00791427 
200 0.24 518800000 567.834 11.8737 -45.1927 0.479926 2318.76 47.487 8.10793e+06 370576 -0.00160108 0.00208398 0.00107745 0.00204776 0.0109774 0.000318318 0.000240419 1.61401e-05 0.092954 0.00141681 6.15704 0.118399 76.0445 15.3727 1132.7 56.5782 1214.9 68.487 1214.9 68.487 0.573586 0.00791427 
200 0.24 519200000 567.834 11.8737 -45.1927 0.479926 2318.76 47.487 8.10793e+06 370576 -0.00160108 0.00208398 0.00107745 0.00204776 0.0109774 0.000318318 0.000240419 1.61401e-05 0.092954 0.00141681 6.15704 0.118399 76.0445 15.3727 1132.7 56.5782 1214.9 68.487 1214.9 68.487 0.573586 0.00791427 
200 0.24 519600000 570.203 11.2831 -45.3566 0.494942 2334.15 47.5329 8.20048e+06 368242 -0.00168165 0.00207096 0.000629298 0.00205629 0.0109963 0.000324456 0.000242404 1.67013e-05 0.0928967 0.00141953 6.13512 0.126526 73.131 14.0876 1122.71 62.3307 1201.98 69.4361 1201.98 69.4361 0.5752 0.00788359 
200 0.24 520000000 570.203 11.2831 -45.3566 0.494942 2334.15 47.5329 8.20048e+06 368242 -0.00168165 0.00207096 0.000629298 0.00205629 0.0109963 0.000324456 0.000242404 1.67013e-05 0.0928967 0.00141953 6.13512 0.126526 73.131 14.0876 1122.71 62.3307 1201.98 69.4361 1201.98 69.4361 0.5752 0.00788359 
200 0.24 520400000 570.203 11.2831 -45.3566 0.494942 2334.15 47.5329 8.20048e+06 368242 -0.00168165 0.00207096 0.000629298 0.00205629 0.0109963 0.000324456 0.000242404 1.67013e-05 0.0928967 0.00141953 6.13512 0.126526 73.131 14.0876 1122.71 62.3307 1201.98 69.4361 1201.98 69.4361 0.5752 0.00787188 
200 0.24 520800000 570.203 11.2831 -45.3566 0.494942 2334.15 47.5329 8.20048e+06 368242 -0.00168165 0.00207096 0.000629298 0.00205629 0.0109963 0.000324456 0.000242404 1.67013e-05 0.0928967 0.00141953 6.13512 0.126526 73.131 14.0876 1122.71 62.3307 1201.98 69.4361 1201.98 69.4361 0.5752 0.00787188 
200 0.24 521200000 570.203 11.2723 -45.3566 0.494942 2334.15 47.5329 8.20048e+06 368242 -0.00168165 0.00207096 0.000629298 0.00205629 0.0109963 0.000324456 0.000242404 1.67013e-05 0.0928967 0.00141953 6.13512 0.126526 73.131 14.0876 1122.71 62.3307 1201.98 69.4361 1201.98 69.4361 0.5752 0.00786353 
200 0.24 521600000 570.203 11.2723 -45.3566 0.494942 2334.15 47.5329 8.20048e+06 368242 -0.00168165 0.00207096 0.000629298 0.00205629 0.0109963 0.000324456 0.000242404 1.67013e-05 0.0928967 0.00141953 6.13512 0.126526 73.131 14.0876 1122.71 62.3307 1201.98 69.4361 1201.98 69.4361 0.5752 0.00786353 
200 0.24 522000000 570.203 11.2723 -45.3566 0.494942 2334.15 47.5329 8.20048e+06 368242 -0.00168165 0.00207096 0.000629298 0.00205629 0.0109963 0.000324456 0.000242404 1.67013e-05 0.0928967 0.00141953 6.13512 0.126526 73.131 14.0876 1122.71 62.3307 1201.98 69.4361 1201.98 69.4361 0.5752 0.00785134 
200 0.24 522400000 570.203 11.2723 -45.3566 0.494942 2334.15 47.5329 8.20048e+06 368242 -0.00168165 0.00207096 0.000629298 0.00205629 0.0109963 0.000324456 0.000242404 1.67013e-05 0.0928967 0.00141953 6.13512 0.126526 73.131 14.0876 1122.71 62.3307 1201.98 69.4361 1201.98 69.4361 0.5752 0.00785134 
200 0.24 522800000 570.203 11.2634 -45.3566 0.494942 2334.15 47.5329 8.20048e+06 368242 -0.00168165 0.00205813 0.000629298 0.00206008 0.0109963 0.000324456 0.000242404 1.67013e-05 0.0928967 0.00141953 6.13512 0.126526 73.131 14.0876 1122.71 62.3307 1201.98 69.4361 1201.98 69.4361 0.5752 0.00784014 
200 0.24 523200000 570.203 11.2634 -45.3566 0.494942 2334.15 47.5329 8.20048e+06 368242 -0.00168165 0.00205813 0.000629298 0.00206008 0.0109963 0.000324456 0.000242404 1.67013e-05 0.0928967 0.00141953 6.13512 0.126526 73.131 14.0876 1122.71 62.3307 1201.98 69.4361 1201.98 69.4361 0.5752 0.00784014 
200 0.24 523600000 570.203 11.2634 -45.3566 0.494942 2334.15 47.5329 8.20048e+06 368242 -0.00168165 0.00205813 0.000629298 0.00206008 0.0109963 0.000324456 0.000242404 1.67013e-05 0.0928967 0.00141953 6.13512 0.126526 73.131 14.0876 1122.71 62.3307 1201.98 69.4361 1201.98 69.4361 0.5752 0.00783632 
200 0.24 524000000 570.203 11.2634 -45.3566 0.494942 2334.15 47.5329 8.20048e+06 368242 -0.00168165 0.00205813 0.000629298 0.00206008 0.0109963 0.000324456 0.000242404 1.67013e-05 0.0928967 0.00141953 6.13512 0.126526 73.131 14.0876 1122.71 62.3307 1201.98 69.4361 1201.98 69.4361 0.5752 0.00783632 
200 0.24 524400000 570.203 11.2634 -45.3566 0.494942 2334.15 47.5329 8.20048e+06 368242 -0.00168165 0.00205813 0.000629298 0.00206008 0.0109963 0.000324456 0.000242404 1.67013e-05 0.0928967 0.00141953 6.13512 0.126526 73.131 14.0876 1122.71 62.3307 1201.98 69.4361 1201.98 69.4361 0.5752 0.00783339 
200 0.24 524800000 570.203 11.2634 -45.3566 0.494942 2334.15 47.5329 8.20048e+06 368242 -0.00168165 0.00205813 0.000629298 0.00206008 0.0109963 0.000324456 0.000242404 1.67013e-05 0.0928967 0.00141953 6.13512 0.126526 73.131 14.0876 1122.71 62.3307 1201.98 69.4361 1201.98 69.4361 0.5752 0.00783339 
200 0.24 525200000 570.203 11.2634 -45.3566 0.494942 2334.15 47.5329 8.20048e+06 368242 -0.00168165 0.00205813 0.000629298 0.00206008 0.0109963 0.000324456 0.000242404 1.67013e-05 0.0928967 0.00141953 6.13512 0.126526 73.131 14.0876 1122.71 62.3307 1201.98 69.4361 1201.98 69.4361 0.5752 0.0078417 
200 0.24 525600000 570.203 11.2634 -45.3566 0.494942 2334.15 47.5329 8.20048e+06 368242 -0.00168165 0.00205813 0.000629298 0.00206008 0.0109963 0.000324456 0.000242404 1.67013e-05 0.0928967 0.00141953 6.13512 0.126526 73.131 14.0876 1122.71 62.3307 1201.98 69.4361 1201.98 69.4361 0.5752 0.0078417 
200 0.24 526000000 570.203 11.1931 -45.3566 0.494942 2334.15 47.5848 8.20048e+06 376137 -0.00168165 0.00205806 0.000629298 0.00205381 0.0109963 0.000320714 0.000242404 1.65804e-05 0.0928967 0.00140228 6.13512 0.126526 73.131 14.0876 1122.71 62.3307 1201.98 69.4361 1201.98 69.4361 0.5752 0.00782984 
200 0.24 526400000 570.203 11.1931 -45.3566 0.494942 2334.15 47.5848 8.20048e+06 376137 -0.00168165 0.00205806 0.000629298 0.00205381 0.0109963 0.000320714 0.000242404 1.65804e-05 0.0928967 0.00140228 6.13512 0.126526 73.131 14.0876 1122.71 62.3307 1201.98 69.4361 1201.98 69.4361 0.5752 0.00782984 
200 0.24 526800000 570.203 11.1931 -45.3566 0.494942 2334.15 47.5848 8.20048e+06 376137 -0.00168165 0.00205806 0.000629298 0.00205381 0.0109963 0.000320714 0.000242404 1.65804e-05 0.0928967 0.00140228 6.13512 0.126526 73.131 14.0876 1122.71 62.3307 1201.98 69.4361 1201.98 69.4361 0.5752 0.00782859 
200 0.24 527200000 570.203 11.1931 -45.3566 0.494942 2334.15 47.5848 8.20048e+06 376137 -0.00168165 0.00205806 0.000629298 0.00205381 0.0109963 0.000320714 0.000242404 1.65804e-05 0.0928967 0.00140228 6.13512 0.126526 73.131 14.0876 1122.71 62.3307 1201.98 69.4361 1201.98 69.4361 0.5752 0.00782859 
200 0.24 527600000 570.203 11.1943 -45.3566 0.494942 2334.15 47.5848 8.20048e+06 376137 -0.00168165 0.00205806 0.000629298 0.00205381 0.0109963 0.000320714 0.000242404 1.65804e-05 0.0928967 0.00140228 6.13512 0.126526 73.131 14.0876 1122.71 62.3307 1201.98 69.4361 1201.98 69.4361 0.5752 0.00781743 
200 0.24 528000000 570.203 11.1943 -45.3566 0.494942 2334.15 47.5848 8.20048e+06 376137 -0.00168165 0.00205806 0.000629298 0.00205381 0.0109963 0.000320714 0.000242404 1.65804e-05 0.0928967 0.00140228 6.13512 0.126526 73.131 14.0876 1122.71 62.3307 1201.98 69.4361 1201.98 69.4361 0.5752 0.00781743 
200 0.24 528400000 570.203 11.1943 -45.3566 0.494942 2334.15 47.5848 8.20048e+06 376137 -0.00168165 0.00205806 0.000629298 0.00205381 0.0109963 0.000320714 0.000242404 1.65804e-05 0.0928967 0.00140228 6.13512 0.126526 73.131 14.0876 1122.71 62.3307 1201.98 69.4361 1201.98 69.4361 0.5752 0.00782233 
200 0.24 528800000 570.203 11.1943 -45.3566 0.494942 2334.15 47.5848 8.20048e+06 376137 -0.00168165 0.00205806 0.000629298 0.00205381 0.0109963 0.000320714 0.000242404 1.65804e-05 0.0928967 0.00140228 6.13512 0.126526 73.131 14.0876 1122.71 62.3307 1201.98 69.4361 1201.98 69.4361 0.5752 0.00782233 
200 0.24 529200000 570.203 11.173 -45.3566 0.494942 2334.15 47.5848 8.20048e+06 376137 -0.00168165 0.00207195 0.000629298 0.00204318 0.0109963 0.000320714 0.000242404 1.65804e-05 0.0928967 0.00140228 6.13512 0.126526 73.131 14.0876 1122.71 62.3307 1201.98 69.4361 1201.98 69.4361 0.5752 0.00781323 
200 0.24 529600000 570.203 11.173 -45.3566 0.494942 2334.15 47.5848 8.20048e+06 376137 -0.00168165 0.00207195 0.000629298 0.00204318 0.0109963 0.000320714 0.000242404 1.65804e-05 0.0928967 0.00140228 6.13512 0.126526 73.131 14.0876 1122.71 62.3307 1201.98 69.4361 1201.98 69.4361 0.5752 0.00781323 
200 0.24 530000000 570.203 11.173 -45.3566 0.494942 2334.15 47.5848 8.20048e+06 376137 -0.00168165 0.00207195 0.000629298 0.00204318 0.0109963 0.000320714 0.000242404 1.65804e-05 0.0928967 0.00140228 6.13512 0.126526 73.131 14.0876 1122.71 62.3307 1201.98 69.4361 1201.98 69.4361 0.5752 0.00780185 
200 0.24 530400000 570.203 11.173 -45.3566 0.494942 2334.15 47.5848 8.20048e+06 376137 -0.00168165 0.00207195 0.000629298 0.00204318 0.0109963 0.000320714 0.000242404 1.65804e-05 0.0928967 0.00140228 6.13512 0.126526 73.131 14.0876 1122.71 62.3307 1201.98 69.4361 1201.98 69.4361 0.5752 0.00780185 
200 0.24 530800000 570.203 11.142 -45.3566 0.494942 2334.15 47.5848 8.20048e+06 376137 -0.00168165 0.00207195 0.000629298 0.00204318 0.0109963 0.000320714 0.000242404 1.65804e-05 0.0928967 0.00140228 6.13512 0.126526 73.131 14.0876 1122.71 62.3307 1201.98 69.4361 1201.98 69.4361 0.5752 0.00779233 
200 0.24 531200000 570.203 11.142 -45.3566 0.494942 2334.15 47.5848 8.20048e+06 376137 -0.00168165 0.00207195 0.000629298 0.00204318 0.0109963 0.000320714 0.000242404 1.65804e-05 0.0928967 0.00140228 6.13512 0.126526 73.131 14.0876 1122.71 62.3307 1201.98 69.4361 1201.98 69.4361 0.5752 0.00779233 
200 0.24 531600000 570.203 11.142 -45.3566 0.494942 2334.15 47.5848 8.20048e+06 376137 -0.00168165 0.00207195 0.000629298 0.00204318 0.0109963 0.000320714 0.000242404 1.65804e-05 0.0928967 0.00140228 6.13512 0.126526 73.131 14.0876 1122.71 62.3307 1201.98 69.4361 1201.98 69.4361 0.5752 0.00778272 
200 0.24 532000000 570.203 11.142 -45.3566 0.494942 2334.15 47.5848 8.20048e+06 376137 -0.00168165 0.00207195 0.000629298 0.00204318 0.0109963 0.000320714 0.000242404 1.65804e-05 0.0928967 0.00140228 6.13512 0.126526 73.131 14.0876 1122.71 62.3307 1201.98 69.4361 1201.98 69.4361 0.5752 0.00778272 
200 0.24 532400000 570.203 11.1116 -45.3566 0.489042 2334.15 47.642 8.20048e+06 372771 -0.00168165 0.00216035 0.000629298 0.00203156 0.0109963 0.000320268 0.000242404 1.65198e-05 0.0928967 0.00139785 6.13512 0.126526 73.131 14.0876 1122.71 62.3307 1201.98 69.4361 1201.98 69.4361 0.5752 0.00777096 
200 0.24 532800000 570.203 11.1116 -45.3566 0.489042 2334.15 47.642 8.20048e+06 372771 -0.00168165 0.00216035 0.000629298 0.00203156 0.0109963 0.000320268 0.000242404 1.65198e-05 0.0928967 0.00139785 6.13512 0.126526 73.131 14.0876 1122.71 62.3307 1201.98 69.4361 1201.98 69.4361 0.5752 0.00777096 
200 0.24 533200000 570.203 11.1116 -45.3566 0.489042 2334.15 47.642 8.20048e+06 372771 -0.00168165 0.00216035 0.000629298 0.00203156 0.0109963 0.000320268 0.000242404 1.65198e-05 0.0928967 0.00139785 6.13512 0.126526 73.131 14.0876 1122.71 62.3307 1201.98 69.4361 1201.98 69.4361 0.5752 0.00777901 
200 0.24 533600000 570.203 11.1116 -45.3566 0.489042 2334.15 47.642 8.20048e+06 372771 -0.00168165 0.00216035 0.000629298 0.00203156 0.0109963 0.000320268 0.000242404 1.65198e-05 0.0928967 0.00139785 6.13512 0.126526 73.131 14.0876 1122.71 62.3307 1201.98 69.4361 1201.98 69.4361 0.5752 0.00777901 
200 0.24 534000000 570.203 11.0808 -45.3566 0.489042 2334.15 47.642 8.20048e+06 372771 -0.00168165 0.00216035 0.000629298 0.00203156 0.0109963 0.000320268 0.000242404 1.65198e-05 0.0928967 0.00139785 6.13512 0.126526 73.131 14.0876 1122.71 62.3307 1201.98 69.4361 1201.98 69.4361 0.5752 0.00778724 
200 0.24 534400000 570.203 11.0808 -45.3566 0.489042 2334.15 47.642 8.20048e+06 372771 -0.00168165 0.00216035 0.000629298 0.00203156 0.0109963 0.000320268 0.000242404 1.65198e-05 0.0928967 0.00139785 6.13512 0.126526 73.131 14.0876 1122.71 62.3307 1201.98 69.4361 1201.98 69.4361 0.5752 0.00778724 
200 0.24 534800000 570.203 11.0808 -45.3566 0.489042 2334.15 47.642 8.20048e+06 372771 -0.00168165 0.00216035 0.000629298 0.00203156 0.0109963 0.000320268 0.000242404 1.65198e-05 0.0928967 0.00139785 6.13512 0.126526 73.131 14.0876 1122.71 62.3307 1201.98 69.4361 1201.98 69.4361 0.5752 0.00777919 
200 0.24 535200000 570.203 11.0808 -45.3566 0.489042 2334.15 47.642 8.20048e+06 372771 -0.00168165 0.00216035 0.000629298 0.00203156 0.0109963 0.000320268 0.000242404 1.65198e-05 0.0928967 0.00139785 6.13512 0.126526 73.131 14.0876 1122.71 62.3307 1201.98 69.4361 1201.98 69.4361 0.5752 0.00777919 
200 0.24 535600000 570.203 11.0941 -45.3566 0.489042 2334.15 48.6167 8.20048e+06 372771 -0.00168165 0.00216035 0.000629298 0.00201965 0.0109963 0.000320268 0.000242404 1.65198e-05 0.0928967 0.00139785 6.13512 0.126526 73.131 14.0876 1122.71 62.3307 1201.98 69.4361 1201.98 69.4361 0.5752 0.00776753 
200 0.24 536000000 570.203 11.0941 -45.3566 0.489042 2334.15 48.6167 8.20048e+06 372771 -0.00168165 0.00216035 0.000629298 0.00201965 0.0109963 0.000320268 0.000242404 1.65198e-05 0.0928967 0.00139785 6.13512 0.126526 73.131 14.0876 1122.71 62.3307 1201.98 69.4361 1201.98 69.4361 0.5752 0.00776753 
200 0.24 536400000 570.203 11.0941 -45.3566 0.489042 2334.15 48.6167 8.20048e+06 372771 -0.00168165 0.00216035 0.000629298 0.00201965 0.0109963 0.000320268 0.000242404 1.65198e-05 0.0928967 0.00139785 6.13512 0.126526 73.131 14.0876 1122.71 62.3307 1201.98 69.4361 1201.98 69.4361 0.5752 0.00775777 
200 0.24 536800000 570.203 11.0941 -45.3566 0.489042 2334.15 48.6167 8.20048e+06 372771 -0.00168165 0.00216035 0.000629298 0.00201965 0.0109963 0.000320268 0.000242404 1.65198e-05 0.0928967 0.00139785 6.13512 0.126526 73.131 14.0876 1122.71 62.3307 1201.98 69.4361 1201.98 69.4361 0.5752 0.00775777 
200 0.24 537200000 570.203 11.0808 -45.3566 0.489042 2334.15 48.6167 8.20048e+06 372771 -0.00168165 0.00216035 0.000629298 0.00201965 0.0109963 0.000320268 0.000242404 1.65198e-05 0.0928967 0.00139785 6.13512 0.126526 73.131 14.0876 1122.71 62.3307 1201.98 69.4361 1201.98 69.4361 0.5752 0.00774646 
200 0.24 537600000 570.203 11.0808 -45.3566 0.489042 2334.15 48.6167 8.20048e+06 372771 -0.00168165 0.00216035 0.000629298 0.00201965 0.0109963 0.000320268 0.000242404 1.65198e-05 0.0928967 0.00139785 6.13512 0.126526 73.131 14.0876 1122.71 62.3307 1201.98 69.4361 1201.98 69.4361 0.5752 0.00774646 
200 0.24 538000000 570.203 11.0808 -45.3566 0.489042 2334.15 48.6167 8.20048e+06 372771 -0.00168165 0.00216035 0.000629298 0.00201965 0.0109963 0.000320268 0.000242404 1.65198e-05 0.0928967 0.00139785 6.13512 0.126526 73.131 14.0876 1122.71 62.3307 1201.98 69.4361 1201.98 69.4361 0.5752 0.00773951 
200 0.24 538400000 570.203 11.0808 -45.3566 0.489042 2334.15 48.6167 8.20048e+06 372771 -0.00168165 0.00216035 0.000629298 0.00201965 0.0109963 0.000320268 0.000242404 1.65198e-05 0.0928967 0.00139785 6.13512 0.126526 73.131 14.0876 1122.71 62.3307 1201.98 69.4361 1201.98 69.4361 0.5752 0.00773951 
200 0.24 538800000 570.203 11.1175 -45.3566 0.489042 2334.15 48.4474 8.20048e+06 375590 -0.00168165 0.00216035 0.000629298 0.0020076 0.0109963 0.000316735 0.000242404 1.63208e-05 0.0928967 0.00138763 6.13512 0.126526 73.131 14.0876 1122.71 62.3307 1201.98 69.4361 1201.98 69.4361 0.5752 0.00772883 
200 0.24 539200000 570.203 11.1175 -45.3566 0.489042 2334.15 48.4474 8.20048e+06 375590 -0.00168165 0.00216035 0.000629298 0.0020076 0.0109963 0.000316735 0.000242404 1.63208e-05 0.0928967 0.00138763 6.13512 0.126526 73.131 14.0876 1122.71 62.3307 1201.98 69.4361 1201.98 69.4361 0.5752 0.00772883 
200 0.24 539600000 570.203 11.1175 -45.3566 0.489042 2334.15 48.4474 8.20048e+06 375590 -0.00168165 0.00216035 0.000629298 0.0020076 0.0109963 0.000316735 0.000242404 1.63208e-05 0.0928967 0.00138763 6.13512 0.126526 73.131 14.0876 1122.71 62.3307 1201.98 69.4361 1201.98 69.4361 0.5752 0.00771767 
200 0.24 540000000 570.203 11.1175 -45.3566 0.489042 2334.15 48.4474 8.20048e+06 375590 -0.00168165 0.00216035 0.000629298 0.0020076 0.0109963 0.000316735 0.000242404 1.63208e-05 0.0928967 0.00138763 6.13512 0.126526 73.131 14.0876 1122.71 62.3307 1201.98 69.4361 1201.98 69.4361 0.5752 0.00771767 
200 0.24 540400000 570.203 11.1175 -45.3566 0.489042 2334.15 48.4474 8.20048e+06 375590 -0.00168165 0.00216035 0.000629298 0.0020076 0.0109963 0.000316735 0.000242404 1.63208e-05 0.0928967 0.00138763 6.13512 0.126526 73.131 14.0876 1122.71 62.3307 1201.98 69.4361 1201.98 69.4361 0.5752 0.00770656 
200 0.24 540800000 570.203 11.1175 -45.3566 0.489042 2334.15 48.4474 8.20048e+06 375590 -0.00168165 0.00216035 0.000629298 0.0020076 0.0109963 0.000316735 0.000242404 1.63208e-05 0.0928967 0.00138763 6.13512 0.126526 73.131 14.0876 1122.71 62.3307 1201.98 69.4361 1201.98 69.4361 0.5752 0.00770656 
200 0.24 541200000 570.203 11.1175 -45.3566 0.489042 2334.15 48.4474 8.20048e+06 375590 -0.00168165 0.00216035 0.000629298 0.0020076 0.0109963 0.000316735 0.000242404 1.63208e-05 0.0928967 0.00138763 6.13512 0.126526 73.131 14.0876 1122.71 62.3307 1201.98 69.4361 1201.98 69.4361 0.5752 0.00769731 
200 0.24 541600000 570.203 11.1175 -45.3566 0.489042 2334.15 48.4474 8.20048e+06 375590 -0.00168165 0.00216035 0.000629298 0.0020076 0.0109963 0.000316735 0.000242404 1.63208e-05 0.0928967 0.00138763 6.13512 0.126526 73.131 14.0876 1122.71 62.3307 1201.98 69.4361 1201.98 69.4361 0.5752 0.00769731 
200 0.24 542000000 570.203 11.1175 -45.3566 0.489042 2334.15 48.1694 8.20048e+06 375590 -0.00168165 0.00216035 0.000629298 0.00199587 0.0109963 0.000316735 0.000242404 1.63208e-05 0.0928967 0.00138763 6.13512 0.126526 73.131 14.0876 1122.71 62.3307 1201.98 69.4361 1201.98 69.4361 0.5752 0.00771052 
200 0.24 542400000 570.203 11.1175 -45.3566 0.489042 2334.15 48.1694 8.20048e+06 375590 -0.00168165 0.00216035 0.000629298 0.00199587 0.0109963 0.000316735 0.000242404 1.63208e-05 0.0928967 0.00138763 6.13512 0.126526 73.131 14.0876 1122.71 62.3307 1201.98 69.4361 1201.98 69.4361 0.5752 0.00771052 
200 0.24 542800000 570.203 11.1175 -45.3566 0.489042 2334.15 48.1694 8.20048e+06 375590 -0.00168165 0.00216035 0.000629298 0.00199587 0.0109963 0.000316735 0.000242404 1.63208e-05 0.0928967 0.00138763 6.13512 0.126526 73.131 14.0876 1122.71 62.3307 1201.98 69.4361 1201.98 69.4361 0.5752 0.00769944 
200 0.24 543200000 570.203 11.1175 -45.3566 0.489042 2334.15 48.1694 8.20048e+06 375590 -0.00168165 0.00216035 0.000629298 0.00199587 0.0109963 0.000316735 0.000242404 1.63208e-05 0.0928967 0.00138763 6.13512 0.126526 73.131 14.0876 1122.71 62.3307 1201.98 69.4361 1201.98 69.4361 0.5752 0.00769944 
200 0.24 543600000 570.203 11.1175 -45.3566 0.489042 2334.15 48.1694 8.20048e+06 375590 -0.00168165 0.00216035 0.000629298 0.00199587 0.0109963 0.000316735 0.000242404 1.63208e-05 0.0928967 0.00138763 6.13512 0.126526 73.131 14.0876 1122.71 62.3307 1201.98 69.4361 1201.98 69.4361 0.5752 0.00769615 
200 0.24 544000000 570.203 11.1175 -45.3566 0.489042 2334.15 48.1694 8.20048e+06 375590 -0.00168165 0.00216035 0.000629298 0.00199587 0.0109963 0.000316735 0.000242404 1.63208e-05 0.0928967 0.00138763 6.13512 0.126526 73.131 14.0876 1122.71 62.3307 1201.98 69.4361 1201.98 69.4361 0.5752 0.00769615 
200 0.24 544400000 570.203 11.1175 -45.3566 0.489042 2334.15 48.1694 8.20048e+06 375590 -0.00168165 0.00216035 0.000629298 0.00199587 0.0109963 0.000316735 0.000242404 1.63208e-05 0.0928967 0.00138763 6.13512 0.126526 73.131 14.0876 1122.71 62.3307 1201.98 69.4361 1201.98 69.4361 0.5752 0.00768469 
200 0.24 544800000 570.203 11.1175 -45.3566 0.489042 2334.15 48.1694 8.20048e+06 375590 -0.00168165 0.00216035 0.000629298 0.00199587 0.0109963 0.000316735 0.000242404 1.63208e-05 0.0928967 0.00138763 6.13512 0.126526 73.131 14.0876 1122.71 62.3307 1201.98 69.4361 1201.98 69.4361 0.5752 0.00768469 
200 0.24 545200000 570.203 10.9902 -45.3566 0.479986 2334.15 47.9373 8.20048e+06 371155 -0.00168165 0.0021094 0.000629298 0.00200057 0.0109963 0.000313419 0.000242404 1.61457e-05 0.0928967 0.0013728 6.13512 0.126526 73.131 14.0876 1122.71 62.3307 1201.98 69.4361 1201.98 69.4361 0.5752 0.00774777 
200 0.24 545600000 570.203 10.9902 -45.3566 0.479986 2334.15 47.9373 8.20048e+06 371155 -0.00168165 0.0021094 0.000629298 0.00200057 0.0109963 0.000313419 0.000242404 1.61457e-05 0.0928967 0.0013728 6.13512 0.126526 73.131 14.0876 1122.71 62.3307 1201.98 69.4361 1201.98 69.4361 0.5752 0.00774777 
200 0.24 546000000 570.203 10.9902 -45.3566 0.479986 2334.15 47.9373 8.20048e+06 371155 -0.00168165 0.0021094 0.000629298 0.00200057 0.0109963 0.000313419 0.000242404 1.68958e-05 0.0928967 0.0013728 6.13512 0.126526 73.131 14.0876 1122.71 62.3307 1201.98 69.4361 1201.98 69.4361 0.5752 0.00774777 
200 0.24 546400000 570.203 10.9902 -45.3566 0.479986 2334.15 47.9373 8.20048e+06 371155 -0.00168165 0.0021094 0.000629298 0.00200057 0.0109963 0.000313419 0.000242404 1.68958e-05 0.0928967 0.0013728 6.13512 0.126526 73.131 14.0876 1122.71 62.3307 1201.98 69.4361 1201.98 69.4361 0.5752 0.00774777 
200 0.24 546800000 570.203 10.9902 -45.3566 0.479986 2334.15 47.9373 8.20048e+06 371155 -0.00168165 0.0021094 0.000629298 0.00200057 0.0109963 0.000313419 0.000242404 1.68708e-05 0.0928967 0.0013728 6.13512 0.126526 73.131 14.0876 1122.71 62.3307 1201.98 69.4361 1201.98 69.4361 0.5752 0.00774777 
200 0.24 547200000 570.203 10.9902 -45.3566 0.479986 2334.15 47.9373 8.20048e+06 371155 -0.00168165 0.0021094 0.000629298 0.00200057 0.0109963 0.000313419 0.000242404 1.68708e-05 0.0928967 0.0013728 6.13512 0.126526 73.131 14.0876 1122.71 62.3307 1201.98 69.4361 1201.98 69.4361 0.5752 0.00774777 
200 0.24 547600000 570.203 10.9902 -45.3566 0.479986 2334.15 47.9373 8.20048e+06 371155 -0.00168165 0.0021094 0.000629298 0.00200057 0.0109963 0.000313419 0.000242404 1.68561e-05 0.0928967 0.0013728 6.13512 0.126526 73.131 14.0876 1122.71 62.3307 1201.98 69.4361 1201.98 69.4361 0.5752 0.00774777 
200 0.24 548000000 570.203 10.9902 -45.3566 0.479986 2334.15 47.9373 8.20048e+06 371155 -0.00168165 0.0021094 0.000629298 0.00200057 0.0109963 0.000313419 0.000242404 1.68561e-05 0.0928967 0.0013728 6.13512 0.126526 73.131 14.0876 1122.71 62.3307 1201.98 69.4361 1201.98 69.4361 0.5752 0.00774777 
200 0.24 548400000 570.203 10.9902 -45.3566 0.479986 2334.15 48.0492 8.20048e+06 371155 -0.00168165 0.0021094 0.000629298 0.00199234 0.0109963 0.000313419 0.000242404 1.6939e-05 0.0928967 0.0013728 6.13512 0.126526 73.131 14.0876 1122.71 62.3307 1201.98 69.4361 1201.98 69.4361 0.5752 0.00774777 
200 0.24 548800000 570.203 10.9902 -45.3566 0.479986 2334.15 48.0492 8.20048e+06 371155 -0.00168165 0.0021094 0.000629298 0.00199234 0.0109963 0.000313419 0.000242404 1.6939e-05 0.0928967 0.0013728 6.13512 0.126526 73.131 14.0876 1122.71 62.3307 1201.98 69.4361 1201.98 69.4361 0.5752 0.00774777 
200 0.24 549200000 570.203 10.9902 -45.3566 0.479986 2334.15 48.0492 8.20048e+06 371155 -0.00168165 0.0021094 0.000629298 0.00199234 0.0109963 0.000313419 0.000242404 1.6939e-05 0.0928967 0.0013728 6.13512 0.126526 73.131 14.0876 1122.71 62.3307 1201.98 69.4361 1201.98 69.4361 0.5752 0.00774777 
200 0.24 549600000 570.203 10.9902 -45.3566 0.479986 2334.15 48.0492 8.20048e+06 371155 -0.00168165 0.0021094 0.000629298 0.00199234 0.0109963 0.000313419 0.000242404 1.6939e-05 0.0928967 0.0013728 6.13512 0.126526 73.131 14.0876 1122.71 62.3307 1201.98 69.4361 1201.98 69.4361 0.5752 0.00774777 
200 0.24 550000000 570.203 10.9902 -45.3566 0.479986 2334.15 48.0492 8.20048e+06 371155 -0.00168165 0.0021094 0.000629298 0.00199234 0.0109963 0.000313419 0.000242404 1.6939e-05 0.0928967 0.0013728 6.13512 0.126526 73.131 14.0876 1122.71 62.3307 1201.98 69.4361 1201.98 69.4361 0.5752 0.00774777 
200 0.24 550400000 570.203 10.9902 -45.3566 0.479986 2334.15 48.0492 8.20048e+06 371155 -0.00168165 0.0021094 0.000629298 0.00199234 0.0109963 0.000313419 0.000242404 1.6939e-05 0.0928967 0.0013728 6.13512 0.126526 73.131 14.0876 1122.71 62.3307 1201.98 69.4361 1201.98 69.4361 0.5752 0.00774777 
200 0.24 550800000 570.203 10.9902 -45.3566 0.479986 2334.15 48.0492 8.20048e+06 371155 -0.00168165 0.0021094 0.000629298 0.00199234 0.0109963 0.000313419 0.000242404 1.6939e-05 0.0928967 0.0013728 6.13512 0.126526 73.131 14.0876 1122.71 62.3307 1201.98 69.4361 1201.98 69.4361 0.5752 0.00774777 
200 0.24 551200000 570.203 10.9902 -45.3566 0.479986 2334.15 48.0492 8.20048e+06 371155 -0.00168165 0.0021094 0.000629298 0.00199234 0.0109963 0.000313419 0.000242404 1.6939e-05 0.0928967 0.0013728 6.13512 0.126526 73.131 14.0876 1122.71 62.3307 1201.98 69.4361 1201.98 69.4361 0.5752 0.00774777 
200 0.24 551600000 570.203 10.9143 -45.3566 0.479986 2334.15 47.7915 8.20048e+06 367295 -0.00168165 0.00211558 0.000629298 0.00198802 0.0109963 0.000315193 0.000242404 1.69762e-05 0.0928967 0.00136892 6.13512 0.126526 73.131 14.0876 1122.71 62.3307 1201.98 69.4361 1201.98 69.4361 0.5752 0.00774777 
200 0.24 552000000 570.203 10.9143 -45.3566 0.479986 2334.15 47.7915 8.20048e+06 367295 -0.00168165 0.00211558 0.000629298 0.00198802 0.0109963 0.000315193 0.000242404 1.69762e-05 0.0928967 0.00136892 6.13512 0.126526 73.131 14.0876 1122.71 62.3307 1201.98 69.4361 1201.98 69.4361 0.5752 0.00774777 
200 0.24 552400000 570.203 10.9143 -45.3566 0.479986 2334.15 47.7915 8.20048e+06 367295 -0.00168165 0.00211558 0.000629298 0.00198802 0.0109963 0.000315193 0.000242404 1.69762e-05 0.0928967 0.00136892 6.13512 0.126526 73.131 14.0876 1122.71 62.3307 1201.98 69.4361 1201.98 69.4361 0.5752 0.00774777 
200 0.24 552800000 570.203 10.9143 -45.3566 0.479986 2334.15 47.7915 8.20048e+06 367295 -0.00168165 0.00211558 0.000629298 0.00198802 0.0109963 0.000315193 0.000242404 1.69762e-05 0.0928967 0.00136892 6.13512 0.126526 73.131 14.0876 1122.71 62.3307 1201.98 69.4361 1201.98 69.4361 0.5752 0.00774777 
200 0.24 553200000 570.203 10.9143 -45.3566 0.479986 2334.15 47.7915 8.20048e+06 367295 -0.00168165 0.00211558 0.000629298 0.00198802 0.0109963 0.000315193 0.000242404 1.69762e-05 0.0928967 0.00136892 6.13512 0.126526 73.131 14.0876 1122.71 62.3307 1201.98 69.4361 1201.98 69.4361 0.5752 0.00774777 
200 0.24 553600000 570.203 10.9143 -45.3566 0.479986 2334.15 47.7915 8.20048e+06 367295 -0.00168165 0.00211558 0.000629298 0.00198802 0.0109963 0.000315193 0.000242404 1.69762e-05 0.0928967 0.00136892 6.13512 0.126526 73.131 14.0876 1122.71 62.3307 1201.98 69.4361 1201.98 69.4361 0.5752 0.00774777 
200 0.24 554000000 570.203 10.9143 -45.3566 0.479986 2334.15 47.7915 8.20048e+06 367295 -0.00168165 0.00211558 0.000629298 0.00198802 0.0109963 0.000315193 0.000242404 1.69762e-05 0.0928967 0.00136892 6.13512 0.126526 73.131 14.0876 1122.71 62.3307 1201.98 69.4361 1201.98 69.4361 0.5752 0.00774777 
200 0.24 554400000 570.203 10.9143 -45.3566 0.479986 2334.15 47.7915 8.20048e+06 367295 -0.00168165 0.00211558 0.000629298 0.00198802 0.0109963 0.000315193 0.000242404 1.69762e-05 0.0928967 0.00136892 6.13512 0.126526 73.131 14.0876 1122.71 62.3307 1201.98 69.4361 1201.98 69.4361 0.5752 0.00774777 
200 0.24 554800000 570.203 10.9143 -45.3566 0.479986 2334.15 47.5188 8.20048e+06 367295 -0.00168165 0.00211558 0.000629298 0.0019778 0.0109963 0.000315193 0.000242404 1.69762e-05 0.0928967 0.00136892 6.13512 0.126526 73.131 14.0876 1122.71 62.3307 1201.98 69.4361 1201.98 69.4361 0.5752 0.00774777 
200 0.24 555200000 570.203 10.9143 -45.3566 0.479986 2334.15 47.5188 8.20048e+06 367295 -0.00168165 0.00211558 0.000629298 0.0019778 0.0109963 0.000315193 0.000242404 1.69762e-05 0.0928967 0.00136892 6.13512 0.126526 73.131 14.0876 1122.71 62.3307 1201.98 69.4361 1201.98 69.4361 0.5752 0.00774777 
200 0.24 555600000 570.203 10.9143 -45.3566 0.479986 2334.15 47.5188 8.20048e+06 367295 -0.00168165 0.00211558 0.000629298 0.0019778 0.0109963 0.000315193 0.000242404 1.69762e-05 0.0928967 0.00136892 6.13512 0.126526 73.131 14.0876 1122.71 62.3307 1201.98 69.4361 1201.98 69.4361 0.5752 0.00774777 
200 0.24 556000000 570.203 10.9143 -45.3566 0.479986 2334.15 47.5188 8.20048e+06 367295 -0.00168165 0.00211558 0.000629298 0.0019778 0.0109963 0.000315193 0.000242404 1.69762e-05 0.0928967 0.00136892 6.13512 0.126526 73.131 14.0876 1122.71 62.3307 1201.98 69.4361 1201.98 69.4361 0.5752 0.00774777 
200 0.24 556400000 570.203 10.9143 -45.3566 0.479986 2334.15 47.5188 8.20048e+06 367295 -0.00168165 0.00211558 0.000629298 0.0019778 0.0109963 0.000315193 0.000242404 1.69762e-05 0.0928967 0.00136892 6.13512 0.126526 73.131 14.0876 1122.71 62.3307 1201.98 69.4361 1201.98 69.4361 0.5752 0.00774777 
200 0.24 556800000 570.203 10.9143 -45.3566 0.479986 2334.15 47.5188 8.20048e+06 367295 -0.00168165 0.00211558 0.000629298 0.0019778 0.0109963 0.000315193 0.000242404 1.69762e-05 0.0928967 0.00136892 6.13512 0.126526 73.131 14.0876 1122.71 62.3307 1201.98 69.4361 1201.98 69.4361 0.5752 0.00774777 
200 0.24 557200000 570.203 10.9143 -45.3566 0.479986 2334.15 47.5188 8.20048e+06 367295 -0.00168165 0.00211558 0.000629298 0.0019778 0.0109963 0.000315193 0.000242404 1.69762e-05 0.0928967 0.00136892 6.13512 0.126526 73.131 14.0876 1122.71 62.3307 1201.98 69.4361 1201.98 69.4361 0.5752 0.00774777 
200 0.24 557600000 570.203 10.9143 -45.3566 0.479986 2334.15 47.5188 8.20048e+06 367295 -0.00168165 0.00211558 0.000629298 0.0019778 0.0109963 0.000315193 0.000242404 1.69762e-05 0.0928967 0.00136892 6.13512 0.126526 73.131 14.0876 1122.71 62.3307 1201.98 69.4361 1201.98 69.4361 0.5752 0.00774777 
200 0.24 558000000 570.203 10.9118 -45.3566 0.474633 2334.15 47.3888 8.20048e+06 363775 -0.00168165 0.00215101 0.000629298 0.00197363 0.0109963 0.000317408 0.000242404 1.69284e-05 0.0928967 0.0013809 6.13512 0.126526 73.131 14.0876 1122.71 62.3307 1201.98 69.4361 1201.98 69.4361 0.5752 0.00774777 
200 0.24 558400000 570.203 10.9118 -45.3566 0.474633 2334.15 47.3888 8.20048e+06 363775 -0.00168165 0.00215101 0.000629298 0.00197363 0.0109963 0.000317408 0.000242404 1.69284e-05 0.0928967 0.0013809 6.13512 0.126526 73.131 14.0876 1122.71 62.3307 1201.98 69.4361 1201.98 69.4361 0.5752 0.00774777 
200 0.24 558800000 570.203 10.9118 -45.3566 0.474633 2334.15 47.3888 8.20048e+06 363775 -0.00168165 0.00215101 0.000629298 0.00197363 0.0109963 0.000317408 0.000242404 1.69284e-05 0.0928967 0.0013809 6.13512 0.126526 73.131 14.0876 1122.71 62.3307 1201.98 69.4361 1201.98 69.4361 0.5752 0.00774777 
200 0.24 559200000 570.203 10.9118 -45.3566 0.474633 2334.15 47.3888 8.20048e+06 363775 -0.00168165 0.00215101 0.000629298 0.00197363 0.0109963 0.000317408 0.000242404 1.69284e-05 0.0928967 0.0013809 6.13512 0.126526 73.131 14.0876 1122.71 62.3307 1201.98 69.4361 1201.98 69.4361 0.5752 0.00774777 
200 0.24 559600000 570.203 10.9118 -45.3566 0.474633 2334.15 47.3888 8.20048e+06 363775 -0.00168165 0.00215101 0.000629298 0.00197363 0.0109963 0.000317408 0.000242404 1.69284e-05 0.0928967 0.0013809 6.13512 0.126526 73.131 14.0876 1122.71 62.3307 1201.98 69.4361 1201.98 69.4361 0.5752 0.00774777 
200 0.24 560000000 570.203 10.9118 -45.3566 0.474633 2334.15 47.3888 8.20048e+06 363775 -0.00168165 0.00215101 0.000629298 0.00197363 0.0109963 0.000317408 0.000242404 1.69284e-05 0.0928967 0.0013809 6.13512 0.126526 73.131 14.0876 1122.71 62.3307 1201.98 69.4361 1201.98 69.4361 0.5752 0.00774777 
200 0.24 560400000 570.203 10.9118 -45.3566 0.474633 2334.15 47.3888 8.20048e+06 363775 -0.00168165 0.00215101 0.000629298 0.00197363 0.0109963 0.000317408 0.000242404 1.69284e-05 0.0928967 0.0013809 6.13512 0.126526 73.131 14.0876 1122.71 62.3307 1201.98 69.4361 1201.98 69.4361 0.5752 0.00774777 
200 0.24 560800000 570.203 10.9118 -45.3566 0.474633 2334.15 47.3888 8.20048e+06 363775 -0.00168165 0.00215101 0.000629298 0.00197363 0.0109963 0.000317408 0.000242404 1.69284e-05 0.0928967 0.0013809 6.13512 0.126526 73.131 14.0876 1122.71 62.3307 1201.98 69.4361 1201.98 69.4361 0.5752 0.00774777 
200 0.24 561200000 570.203 10.9118 -45.3566 0.474633 2334.15 47.171 8.20048e+06 363775 -0.00168165 0.00215101 0.000629298 0.00196253 0.0109963 0.000317408 0.000242404 1.69284e-05 0.0928967 0.0013809 6.13512 0.126526 73.131 14.0876 1122.71 62.3307 1201.98 69.4361 1201.98 69.4361 0.5752 0.00774777 
200 0.24 561600000 570.203 10.9118 -45.3566 0.474633 2334.15 47.171 8.20048e+06 363775 -0.00168165 0.00215101 0.000629298 0.00196253 0.0109963 0.000317408 0.000242404 1.69284e-05 0.0928967 0.0013809 6.13512 0.126526 73.131 14.0876 1122.71 62.3307 1201.98 69.4361 1201.98 69.4361 0.5752 0.00774777 
200 0.24 562000000 570.203 10.9118 -45.3566 0.474633 2334.15 47.171 8.20048e+06 363775 -0.00168165 0.00215101 0.000629298 0.00196253 0.0109963 0.000317408 0.000242404 1.69284e-05 0.0928967 0.0013809 6.13512 0.126526 73.131 14.0876 1122.71 62.3307 1201.98 69.4361 1201.98 69.4361 0.5752 0.00774777 
200 0.24 562400000 570.203 10.9118 -45.3566 0.474633 2334.15 47.171 8.20048e+06 363775 -0.00168165 0.00215101 0.000629298 0.00196253 0.0109963 0.000317408 0.000242404 1.69284e-05 0.0928967 0.0013809 6.13512 0.126526 73.131 14.0876 1122.71 62.3307 1201.98 69.4361 1201.98 69.4361 0.5752 0.00774777 
200 0.24 562800000 570.203 10.9118 -45.3566 0.474633 2334.15 47.171 8.20048e+06 363775 -0.00168165 0.00215101 0.000629298 0.00196253 0.0109963 0.000317408 0.000242404 1.69284e-05 0.0928967 0.0013809 6.13512 0.126526 73.131 14.0876 1122.71 62.3307 1201.98 69.4361 1201.98 69.4361 0.5752 0.00774777 
200 0.24 563200000 570.203 10.9118 -45.3566 0.474633 2334.15 47.171 8.20048e+06 363775 -0.00168165 0.00215101 0.000629298 0.00196253 0.0109963 0.000317408 0.000242404 1.69284e-05 0.0928967 0.0013809 6.13512 0.126526 73.131 14.0876 1122.71 62.3307 1201.98 69.4361 1201.98 69.4361 0.5752 0.00774777 
200 0.24 563600000 570.203 10.9118 -45.3566 0.474633 2334.15 47.171 8.20048e+06 363775 -0.00168165 0.00215101 0.000629298 0.00196253 0.0109963 0.000317408 0.000242404 1.69284e-05 0.0928967 0.0013809 6.13512 0.126526 73.131 14.0876 1122.71 62.3307 1201.98 69.4361 1201.98 69.4361 0.5752 0.00774777 
200 0.24 564000000 570.203 10.9118 -45.3566 0.474633 2334.15 47.171 8.20048e+06 363775 -0.00168165 0.00215101 0.000629298 0.00196253 0.0109963 0.000317408 0.000242404 1.69284e-05 0.0928967 0.0013809 6.13512 0.126526 73.131 14.0876 1122.71 62.3307 1201.98 69.4361 1201.98 69.4361 0.5752 0.00774777 
200 0.24 564400000 570.203 10.8081 -45.3566 0.474633 2334.15 46.9046 8.20048e+06 361759 -0.00168165 0.00215101 0.000629298 0.00195185 0.0109963 0.000317586 0.000242404 1.68568e-05 0.0928967 0.00137702 6.13512 0.126526 73.131 14.0876 1122.71 62.3307 1201.98 69.4361 1201.98 69.4361 0.5752 0.00774777 
200 0.24 564800000 570.203 10.8081 -45.3566 0.474633 2334.15 46.9046 8.20048e+06 361759 -0.00168165 0.00215101 0.000629298 0.00195185 0.0109963 0.000317586 0.000242404 1.68568e-05 0.0928967 0.00137702 6.13512 0.126526 73.131 14.0876 1122.71 62.3307 1201.98 69.4361 1201.98 69.4361 0.5752 0.00774777 
200 0.24 565200000 570.203 10.8081 -45.3566 0.474633 2334.15 46.9046 8.20048e+06 361759 -0.00168165 0.00215101 0.000629298 0.00195185 0.0109963 0.000317586 0.000242404 1.68568e-05 0.0928967 0.00137702 6.13512 0.126526 73.131 14.0876 1122.71 62.3307 1201.98 69.4361 1201.98 69.4361 0.5752 0.00774777 
200 0.24 565600000 570.203 10.8081 -45.3566 0.474633 2334.15 46.9046 8.20048e+06 361759 -0.00168165 0.00215101 0.000629298 0.00195185 0.0109963 0.000317586 0.000242404 1.68568e-05 0.0928967 0.00137702 6.13512 0.126526 73.131 14.0876 1122.71 62.3307 1201.98 69.4361 1201.98 69.4361 0.5752 0.00774777 
200 0.24 566000000 570.203 10.8081 -45.3566 0.474633 2334.15 46.9046 8.20048e+06 361759 -0.00168165 0.00215101 0.000629298 0.00195185 0.0109963 0.000317586 0.000242404 1.68568e-05 0.0928967 0.00137702 6.13512 0.126526 73.131 14.0876 1122.71 62.3307 1201.98 69.4361 1201.98 69.4361 0.5752 0.00774777 
200 0.24 566400000 570.203 10.8081 -45.3566 0.474633 2334.15 46.9046 8.20048e+06 361759 -0.00168165 0.00215101 0.000629298 0.00195185 0.0109963 0.000317586 0.000242404 1.68568e-05 0.0928967 0.00137702 6.13512 0.126526 73.131 14.0876 1122.71 62.3307 1201.98 69.4361 1201.98 69.4361 0.5752 0.00774777 
200 0.24 566800000 570.203 10.8081 -45.3566 0.474633 2334.15 46.9046 8.20048e+06 361759 -0.00168165 0.00215101 0.000629298 0.00195185 0.0109963 0.000317586 0.000242404 1.68568e-05 0.0928967 0.00137702 6.13512 0.126526 73.131 14.0876 1122.71 62.3307 1201.98 69.4361 1201.98 69.4361 0.5752 0.00774777 
200 0.24 567200000 570.203 10.8081 -45.3566 0.474633 2334.15 46.9046 8.20048e+06 361759 -0.00168165 0.00215101 0.000629298 0.00195185 0.0109963 0.000317586 0.000242404 1.68568e-05 0.0928967 0.00137702 6.13512 0.126526 73.131 14.0876 1122.71 62.3307 1201.98 69.4361 1201.98 69.4361 0.5752 0.00774777 
200 0.24 567600000 570.203 10.8081 -45.3566 0.474633 2334.15 46.6395 8.20048e+06 361759 -0.00168165 0.00215101 0.000629298 0.00194321 0.0109963 0.000317586 0.000242404 1.68568e-05 0.0928967 0.00137702 6.13512 0.126526 73.131 14.0876 1122.71 62.3307 1201.98 69.4361 1201.98 69.4361 0.5752 0.00774777 
200 0.24 568000000 570.203 10.8081 -45.3566 0.474633 2334.15 46.6395 8.20048e+06 361759 -0.00168165 0.00215101 0.000629298 0.00194321 0.0109963 0.000317586 0.000242404 1.68568e-05 0.0928967 0.00137702 6.13512 0.126526 73.131 14.0876 1122.71 62.3307 1201.98 69.4361 1201.98 69.4361 0.5752 0.00774777 
200 0.24 568400000 570.203 10.8081 -45.3566 0.474633 2334.15 46.6395 8.20048e+06 361759 -0.00168165 0.00215101 0.000629298 0.00194179 0.0109963 0.000317586 0.000242404 1.68568e-05 0.0928967 0.00137702 6.13512 0.126526 73.131 14.0876 1122.71 62.3307 1201.98 69.4361 1201.98 69.4361 0.5752 0.00774777 
200 0.24 568800000 570.203 10.8081 -45.3566 0.474633 2334.15 46.6395 8.20048e+06 361759 -0.00168165 0.00215101 0.000629298 0.00194179 0.0109963 0.000317586 0.000242404 1.68568e-05 0.0928967 0.00137702 6.13512 0.126526 73.131 14.0876 1122.71 62.3307 1201.98 69.4361 1201.98 69.4361 0.5752 0.00774777 
200 0.24 569200000 570.203 10.8081 -45.3566 0.474633 2334.15 46.6395 8.20048e+06 361759 -0.00168165 0.00215101 0.000629298 0.00194179 0.0109963 0.000317586 0.000242404 1.68568e-05 0.0928967 0.00137702 6.13512 0.126526 73.131 14.0876 1122.71 62.3307 1201.98 69.4361 1201.98 69.4361 0.5752 0.00774777 
200 0.24 569600000 570.203 10.8081 -45.3566 0.474633 2334.15 46.6395 8.20048e+06 361759 -0.00168165 0.00215101 0.000629298 0.00194179 0.0109963 0.000317586 0.000242404 1.68568e-05 0.0928967 0.00137702 6.13512 0.126526 73.131 14.0876 1122.71 62.3307 1201.98 69.4361 1201.98 69.4361 0.5752 0.00774777 
200 0.24 570000000 570.203 10.8081 -45.3566 0.474633 2334.15 46.6395 8.20048e+06 361759 -0.00168165 0.00215101 0.000629298 0.00194179 0.0109963 0.000317586 0.000242404 1.68568e-05 0.0928967 0.00137702 6.13512 0.126526 73.131 14.0876 1122.71 62.3307 1201.98 69.4361 1201.98 69.4361 0.5752 0.00774777 
200 0.24 570400000 570.203 10.8081 -45.3566 0.474633 2334.15 46.6395 8.20048e+06 361759 -0.00168165 0.00215101 0.000629298 0.00194179 0.0109963 0.000317586 0.000242404 1.68568e-05 0.0928967 0.00137702 6.13512 0.126526 73.131 14.0876 1122.71 62.3307 1201.98 69.4361 1201.98 69.4361 0.5752 0.00774777 
200 0.24 570800000 568.889 10.7128 -45.4631 0.461761 2352.01 46.4709 8.40115e+06 358958 -0.00119093 0.00212001 0.000509041 0.00193761 0.0109521 0.00031469 0.000245788 1.67122e-05 0.0925744 0.00136261 6.12035 0.126526 73.6285 13.0616 1108.12 62.3307 1187.87 69.4361 1187.87 69.4361 0.5713 0.00752614 
200 0.24 571200000 568.889 10.7128 -45.4631 0.461761 2352.01 46.4709 8.40115e+06 358958 -0.00119093 0.00212001 0.000509041 0.00193761 0.0109521 0.00031469 0.000245788 1.67122e-05 0.0925744 0.00136261 6.12035 0.126526 73.6285 13.0616 1108.12 62.3307 1187.87 69.4361 1187.87 69.4361 0.5713 0.00752614 
200 0.24 571600000 568.889 10.7072 -45.4631 0.461761 2352.01 46.4709 8.40115e+06 358958 -0.00119093 0.00212001 0.000509041 0.00193892 0.0109521 0.00031469 0.000245788 1.67122e-05 0.0925744 0.00136261 6.12035 0.126526 73.6285 13.0616 1108.12 62.3307 1187.87 69.4361 1187.87 69.4361 0.5713 0.00752047 
200 0.24 572000000 568.889 10.7072 -45.4631 0.461761 2352.01 46.4709 8.40115e+06 358958 -0.00119093 0.00212001 0.000509041 0.00193892 0.0109521 0.00031469 0.000245788 1.67122e-05 0.0925744 0.00136261 6.12035 0.126526 73.6285 13.0616 1108.12 62.3307 1187.87 69.4361 1187.87 69.4361 0.5713 0.00752047 
200 0.24 572400000 568.889 10.7072 -45.4631 0.461761 2352.01 46.4709 8.40115e+06 358958 -0.00119093 0.00212001 0.000509041 0.00193903 0.0109521 0.00031469 0.000245788 1.67122e-05 0.0925744 0.00136261 6.12035 0.126526 73.6285 13.0616 1108.12 62.3307 1187.87 69.4361 1187.87 69.4361 0.5713 0.00750988 
200 0.24 572800000 568.889 10.7072 -45.4631 0.461761 2352.01 46.4709 8.40115e+06 358958 -0.00119093 0.00212001 0.000509041 0.00193903 0.0109521 0.00031469 0.000245788 1.67122e-05 0.0925744 0.00136261 6.12035 0.126526 73.6285 13.0616 1108.12 62.3307 1187.87 69.4361 1187.87 69.4361 0.5713 0.00750988 
200 0.24 573200000 568.889 10.7072 -45.4631 0.461761 2352.01 46.4709 8.40115e+06 358958 -0.00119093 0.00212001 0.000509041 0.00193735 0.0109521 0.00031469 0.000245788 1.67122e-05 0.0925744 0.00136261 6.12035 0.126526 73.6285 13.0616 1108.12 62.3307 1187.87 69.4361 1187.87 69.4361 0.5713 0.00750155 
200 0.24 573600000 568.889 10.7072 -45.4631 0.461761 2352.01 46.4709 8.40115e+06 358958 -0.00119093 0.00212001 0.000509041 0.00193735 0.0109521 0.00031469 0.000245788 1.67122e-05 0.0925744 0.00136261 6.12035 0.126526 73.6285 13.0616 1108.12 62.3307 1187.87 69.4361 1187.87 69.4361 0.5713 0.00750155 
200 0.24 574000000 568.889 10.7072 -45.4631 0.460926 2352.01 46.3997 8.40115e+06 358958 -0.00119093 0.00212001 0.000509041 0.00195341 0.0109521 0.00031469 0.000245788 1.67122e-05 0.0925744 0.00136261 6.12035 0.126526 73.6285 13.0616 1108.12 62.3307 1187.87 69.4361 1187.87 69.4361 0.5713 0.00750155 
200 0.24 574400000 568.889 10.7072 -45.4631 0.460926 2352.01 46.3997 8.40115e+06 358958 -0.00119093 0.00212001 0.000509041 0.00195341 0.0109521 0.00031469 0.000245788 1.67122e-05 0.0925744 0.00136261 6.12035 0.126526 73.6285 13.0616 1108.12 62.3307 1187.87 69.4361 1187.87 69.4361 0.5713 0.00750155 
200 0.24 574800000 568.889 10.7072 -45.4631 0.460926 2352.01 46.3997 8.40115e+06 358958 -0.00119093 0.00212001 0.000509041 0.00195341 0.0109521 0.00031469 0.000245788 1.67122e-05 0.0925744 0.00136261 6.12035 0.126526 73.6285 13.0616 1108.12 62.3307 1187.87 69.4361 1187.87 69.4361 0.5713 0.00750155 
200 0.24 575200000 568.889 10.7072 -45.4631 0.460926 2352.01 46.3997 8.40115e+06 358958 -0.00119093 0.00212001 0.000509041 0.00195341 0.0109521 0.00031469 0.000245788 1.67122e-05 0.0925744 0.00136261 6.12035 0.126526 73.6285 13.0616 1108.12 62.3307 1187.87 69.4361 1187.87 69.4361 0.5713 0.00750155 
200 0.24 575600000 568.889 10.7072 -45.4631 0.460926 2352.01 46.3997 8.40115e+06 358958 -0.00119093 0.00212001 0.000509041 0.00195341 0.0109521 0.00031469 0.000245788 1.67122e-05 0.0925744 0.00136261 6.12035 0.126526 73.6285 13.0616 1108.12 62.3307 1187.87 69.4361 1187.87 69.4361 0.5713 0.00750155 
200 0.24 576000000 568.889 10.7072 -45.4631 0.460926 2352.01 46.3997 8.40115e+06 358958 -0.00119093 0.00212001 0.000509041 0.00195341 0.0109521 0.00031469 0.000245788 1.67122e-05 0.0925744 0.00136261 6.12035 0.126526 73.6285 13.0616 1108.12 62.3307 1187.87 69.4361 1187.87 69.4361 0.5713 0.00750155 
200 0.24 576400000 568.889 10.7072 -45.4631 0.460926 2352.01 46.3997 8.40115e+06 358958 -0.00119093 0.00212001 0.000509041 0.00195341 0.0109521 0.00031469 0.000245788 1.67122e-05 0.0925744 0.00136261 6.12035 0.126526 73.6285 13.0616 1108.12 62.3307 1187.87 69.4361 1187.87 69.4361 0.5713 0.00750155 
200 0.24 576800000 568.889 10.7072 -45.4631 0.460926 2352.01 46.3997 8.40115e+06 358958 -0.00119093 0.00212001 0.000509041 0.00195341 0.0109521 0.00031469 0.000245788 1.67122e-05 0.0925744 0.00136261 6.12035 0.126526 73.6285 13.0616 1108.12 62.3307 1187.87 69.4361 1187.87 69.4361 0.5713 0.00750155 
200 0.24 577200000 568.889 10.6296 -45.4631 0.460926 2352.01 46.1579 8.40115e+06 357876 -0.00119093 0.00212001 0.000509041 0.00194475 0.0109521 0.000311483 0.000245788 1.65316e-05 0.0925744 0.00134982 6.12035 0.126526 73.6285 13.0616 1108.12 62.3307 1187.87 69.4361 1187.87 69.4361 0.5713 0.00750155 
200 0.24 577600000 568.889 10.6296 -45.4631 0.460926 2352.01 46.1579 8.40115e+06 357876 -0.00119093 0.00212001 0.000509041 0.00194475 0.0109521 0.000311483 0.000245788 1.65316e-05 0.0925744 0.00134982 6.12035 0.126526 73.6285 13.0616 1108.12 62.3307 1187.87 69.4361 1187.87 69.4361 0.5713 0.00750155 
200 0.24 578000000 568.889 10.624 -45.4631 0.460926 2352.01 46.1579 8.40115e+06 357876 -0.00119093 0.00212001 0.000509041 0.00194475 0.0109521 0.000311483 0.000245788 1.65316e-05 0.0925744 0.00134982 6.12035 0.126526 73.6285 13.0616 1108.12 62.3307 1187.87 69.4361 1187.87 69.4361 0.5713 0.00750155 
200 0.24 578400000 568.889 10.624 -45.4631 0.460926 2352.01 46.1579 8.40115e+06 357876 -0.00119093 0.00212001 0.000509041 0.00194475 0.0109521 0.000311483 0.000245788 1.65316e-05 0.0925744 0.00134982 6.12035 0.126526 73.6285 13.0616 1108.12 62.3307 1187.87 69.4361 1187.87 69.4361 0.5713 0.00750155 
200 0.24 578800000 568.889 10.6108 -45.4631 0.460926 2352.01 46.1579 8.40115e+06 357876 -0.00119093 0.00212001 0.000509041 0.00194475 0.0109521 0.000311483 0.000245788 1.65316e-05 0.0925744 0.00134982 6.12035 0.126526 73.6285 13.0616 1108.12 62.3307 1187.87 69.4361 1187.87 69.4361 0.5713 0.00750155 
200 0.24 579200000 568.889 10.6108 -45.4631 0.460926 2352.01 46.1579 8.40115e+06 357876 -0.00119093 0.00212001 0.000509041 0.00194475 0.0109521 0.000311483 0.000245788 1.65316e-05 0.0925744 0.00134982 6.12035 0.126526 73.6285 13.0616 1108.12 62.3307 1187.87 69.4361 1187.87 69.4361 0.5713 0.00750155 
200 0.24 579600000 568.889 10.5972 -45.4631 0.460926 2352.01 46.1579 8.40115e+06 357876 -0.00119093 0.00212001 0.000509041 0.00194475 0.0109521 0.000311483 0.000245788 1.65316e-05 0.0925744 0.00134982 6.12035 0.126526 73.6285 13.0616 1108.12 62.3307 1187.87 69.4361 1187.87 69.4361 0.5713 0.00750155 
200 0.24 580000000 568.889 10.5972 -45.4631 0.460926 2352.01 46.1579 8.40115e+06 357876 -0.00119093 0.00212001 0.000509041 0.00194475 0.0109521 0.000311483 0.000245788 1.65316e-05 0.0925744 0.00134982 6.12035 0.126526 73.6285 13.0616 1108.12 62.3307 1187.87 69.4361 1187.87 69.4361 0.5713 0.00750155 
200 0.24 580400000 568.889 10.5884 -45.4631 0.460926 2352.01 45.9625 8.40115e+06 357876 -0.00119093 0.00212001 0.000509041 0.00193399 0.0109521 0.000311483 0.000245788 1.65316e-05 0.0925744 0.00134982 6.12035 0.126526 73.6285 13.0616 1108.12 62.3307 1187.87 69.4361 1187.87 69.4361 0.5713 0.00750155 
200 0.24 580800000 568.889 10.5884 -45.4631 0.460926 2352.01 45.9625 8.40115e+06 357876 -0.00119093 0.00212001 0.000509041 0.00193399 0.0109521 0.000311483 0.000245788 1.65316e-05 0.0925744 0.00134982 6.12035 0.126526 73.6285 13.0616 1108.12 62.3307 1187.87 69.4361 1187.87 69.4361 0.5713 0.00750155 
200 0.24 581200000 568.889 10.5884 -45.4631 0.460926 2352.01 45.9625 8.40115e+06 357876 -0.00119093 0.00212001 0.000509041 0.00193399 0.0109521 0.000311483 0.000245788 1.65316e-05 0.0925744 0.00134982 6.12035 0.126526 73.6285 13.0616 1108.12 62.3307 1187.87 69.4361 1187.87 69.4361 0.5713 0.00750155 
200 0.24 581600000 568.889 10.5884 -45.4631 0.460926 2352.01 45.9625 8.40115e+06 357876 -0.00119093 0.00212001 0.000509041 0.00193399 0.0109521 0.000311483 0.000245788 1.65316e-05 0.0925744 0.00134982 6.12035 0.126526 73.6285 13.0616 1108.12 62.3307 1187.87 69.4361 1187.87 69.4361 0.5713 0.00750155 
200 0.24 582000000 568.889 10.5884 -45.4631 0.460926 2352.01 45.9625 8.40115e+06 357876 -0.00119093 0.00212001 0.000509041 0.00193399 0.0109521 0.000311483 0.000245788 1.65316e-05 0.0925744 0.00134982 6.12035 0.126526 73.6285 13.0616 1108.12 62.3307 1187.87 69.4361 1187.87 69.4361 0.5713 0.00750155 
200 0.24 582400000 568.889 10.5884 -45.4631 0.460926 2352.01 45.9625 8.40115e+06 357876 -0.00119093 0.00212001 0.000509041 0.00193399 0.0109521 0.000311483 0.000245788 1.65316e-05 0.0925744 0.00134982 6.12035 0.126526 73.6285 13.0616 1108.12 62.3307 1187.87 69.4361 1187.87 69.4361 0.5713 0.00750155 
200 0.24 582800000 568.889 10.5884 -45.4631 0.460926 2352.01 45.9625 8.40115e+06 357876 -0.00119093 0.00212001 0.000509041 0.00193399 0.0109521 0.000311483 0.000245788 1.65316e-05 0.0925744 0.00134982 6.12035 0.126526 73.6285 13.0616 1108.12 62.3307 1187.87 69.4361 1187.87 69.4361 0.5713 0.00750155 
200 0.24 583200000 568.889 10.5884 -45.4631 0.460926 2352.01 45.9625 8.40115e+06 357876 -0.00119093 0.00212001 0.000509041 0.00193399 0.0109521 0.000311483 0.000245788 1.65316e-05 0.0925744 0.00134982 6.12035 0.126526 73.6285 13.0616 1108.12 62.3307 1187.87 69.4361 1187.87 69.4361 0.5713 0.00750155 
200 0.24 583600000 568.889 10.5367 -45.4631 0.454707 2352.01 45.7647 8.40115e+06 354055 -0.00119093 0.00207313 0.000509041 0.00192325 0.0109521 0.000309925 0.000245788 1.63565e-05 0.0925744 0.00135045 6.12035 0.126526 73.6285 13.0616 1108.12 62.3307 1187.87 69.4361 1187.87 69.4361 0.5713 0.00750155 
200 0.24 584000000 568.889 10.5367 -45.4631 0.454707 2352.01 45.7647 8.40115e+06 354055 -0.00119093 0.00207313 0.000509041 0.00192325 0.0109521 0.000309925 0.000245788 1.63565e-05 0.0925744 0.00135045 6.12035 0.126526 73.6285 13.0616 1108.12 62.3307 1187.87 69.4361 1187.87 69.4361 0.5713 0.00750155 
200 0.24 584400000 568.889 10.5254 -45.4631 0.454707 2352.01 45.7647 8.40115e+06 354055 -0.00119093 0.00207313 0.000509041 0.00192325 0.0109521 0.000309925 0.000245788 1.63565e-05 0.0925744 0.00135045 6.12035 0.126526 73.6285 13.0616 1108.12 62.3307 1187.87 69.4361 1187.87 69.4361 0.5713 0.00750155 
200 0.24 584800000 568.889 10.5254 -45.4631 0.454707 2352.01 45.7647 8.40115e+06 354055 -0.00119093 0.00207313 0.000509041 0.00192325 0.0109521 0.000309925 0.000245788 1.63565e-05 0.0925744 0.00135045 6.12035 0.126526 73.6285 13.0616 1108.12 62.3307 1187.87 69.4361 1187.87 69.4361 0.5713 0.00750155 
200 0.24 585200000 568.889 10.5116 -45.4631 0.454707 2352.01 45.7647 8.40115e+06 354055 -0.00119093 0.00207313 0.000509041 0.00192325 0.0109521 0.000309925 0.000245788 1.63565e-05 0.0925744 0.00135045 6.12035 0.126526 73.6285 13.0616 1108.12 62.3307 1187.87 69.4361 1187.87 69.4361 0.5713 0.00750155 
200 0.24 585600000 568.889 10.5116 -45.4631 0.454707 2352.01 45.7647 8.40115e+06 354055 -0.00119093 0.00207313 0.000509041 0.00192325 0.0109521 0.000309925 0.000245788 1.63565e-05 0.0925744 0.00135045 6.12035 0.126526 73.6285 13.0616 1108.12 62.3307 1187.87 69.4361 1187.87 69.4361 0.5713 0.00750155 
200 0.24 586000000 568.889 10.5023 -45.4631 0.454707 2352.01 45.7647 8.40115e+06 354055 -0.00119093 0.00207313 0.000509041 0.00192325 0.0109521 0.000309925 0.000245788 1.63565e-05 0.0925744 0.00135045 6.12035 0.126526 73.6285 13.0616 1108.12 62.3307 1187.87 69.4361 1187.87 69.4361 0.5713 0.00750155 
200 0.24 586400000 568.889 10.5023 -45.4631 0.454707 2352.01 45.7647 8.40115e+06 354055 -0.00119093 0.00207313 0.000509041 0.00192325 0.0109521 0.000309925 0.000245788 1.63565e-05 0.0925744 0.00135045 6.12035 0.126526 73.6285 13.0616 1108.12 62.3307 1187.87 69.4361 1187.87 69.4361 0.5713 0.00750155 
200 0.24 586800000 568.889 10.4924 -45.4631 0.454707 2352.01 45.776 8.40115e+06 354055 -0.00119093 0.00207313 0.000509041 0.00191957 0.0109521 0.000309925 0.000245788 1.63565e-05 0.0925744 0.00135045 6.12035 0.126526 73.6285 13.0616 1108.12 62.3307 1187.87 69.4361 1187.87 69.4361 0.5713 0.00750155 
200 0.24 587200000 568.889 10.4924 -45.4631 0.454707 2352.01 45.776 8.40115e+06 354055 -0.00119093 0.00207313 0.000509041 0.00191957 0.0109521 0.000309925 0.000245788 1.63565e-05 0.0925744 0.00135045 6.12035 0.126526 73.6285 13.0616 1108.12 62.3307 1187.87 69.4361 1187.87 69.4361 0.5713 0.00750155 
200 0.24 587600000 568.889 10.4807 -45.4631 0.454707 2352.01 45.776 8.40115e+06 354055 -0.00119093 0.00207313 0.000509041 0.00191957 0.0109521 0.000309925 0.000245788 1.63565e-05 0.0925744 0.00135045 6.12035 0.126526 73.6285 13.0616 1108.12 62.3307 1187.87 69.4361 1187.87 69.4361 0.5713 0.00750155 
200 0.24 588000000 568.889 10.4807 -45.4631 0.454707 2352.01 45.776 8.40115e+06 354055 -0.00119093 0.00207313 0.000509041 0.00191957 0.0109521 0.000309925 0.000245788 1.63565e-05 0.0925744 0.00135045 6.12035 0.126526 73.6285 13.0616 1108.12 62.3307 1187.87 69.4361 1187.87 69.4361 0.5713 0.00750155 
200 0.24 588400000 568.889 10.4728 -45.4631 0.454707 2352.01 45.776 8.40115e+06 354055 -0.00119093 0.00207313 0.000509041 0.00191957 0.0109521 0.000309925 0.000245788 1.63565e-05 0.0925744 0.00135045 6.12035 0.126526 73.6285 13.0616 1108.12 62.3307 1187.87 69.4361 1187.87 69.4361 0.5713 0.00750155 
200 0.24 588800000 568.889 10.4728 -45.4631 0.454707 2352.01 45.776 8.40115e+06 354055 -0.00119093 0.00207313 0.000509041 0.00191957 0.0109521 0.000309925 0.000245788 1.63565e-05 0.0925744 0.00135045 6.12035 0.126526 73.6285 13.0616 1108.12 62.3307 1187.87 69.4361 1187.87 69.4361 0.5713 0.00750155 
200 0.24 589200000 568.889 10.4728 -45.4631 0.454707 2352.01 45.776 8.40115e+06 354055 -0.00119093 0.00207313 0.000509041 0.00191957 0.0109521 0.000309925 0.000245788 1.63565e-05 0.0925744 0.00135045 6.12035 0.126526 73.6285 13.0616 1108.12 62.3307 1187.87 69.4361 1187.87 69.4361 0.5713 0.00750155 
200 0.24 589600000 568.889 10.4728 -45.4631 0.454707 2352.01 45.776 8.40115e+06 354055 -0.00119093 0.00207313 0.000509041 0.00191957 0.0109521 0.000309925 0.000245788 1.63565e-05 0.0925744 0.00135045 6.12035 0.126526 73.6285 13.0616 1108.12 62.3307 1187.87 69.4361 1187.87 69.4361 0.5713 0.00750155 
200 0.24 590000000 568.889 10.4687 -45.4631 0.454707 2352.01 45.5327 8.40115e+06 353608 -0.00119093 0.00207313 0.000509041 0.00191551 0.0109521 0.000306548 0.000245788 1.61893e-05 0.0925744 0.00133566 6.12035 0.126526 73.6285 13.0616 1108.12 62.3307 1187.87 69.4361 1187.87 69.4361 0.5713 0.00750155 
200 0.24 590400000 568.889 10.4687 -45.4631 0.454707 2352.01 45.5327 8.40115e+06 353608 -0.00119093 0.00207313 0.000509041 0.00191551 0.0109521 0.000306548 0.000245788 1.61893e-05 0.0925744 0.00133566 6.12035 0.126526 73.6285 13.0616 1108.12 62.3307 1187.87 69.4361 1187.87 69.4361 0.5713 0.00750155 
200 0.24 590800000 568.889 10.4544 -45.4631 0.454707 2352.01 45.5327 8.40115e+06 353608 -0.00119093 0.00207313 0.000509041 0.00191551 0.0109521 0.000306548 0.000245788 1.61893e-05 0.0925744 0.00133566 6.12035 0.126526 73.6285 13.0616 1108.12 62.3307 1187.87 69.4361 1187.87 69.4361 0.5713 0.00750155 
200 0.24 591200000 568.889 10.4544 -45.4631 0.454707 2352.01 45.5327 8.40115e+06 353608 -0.00119093 0.00207313 0.000509041 0.00191551 0.0109521 0.000306548 0.000245788 1.61893e-05 0.0925744 0.00133566 6.12035 0.126526 73.6285 13.0616 1108.12 62.3307 1187.87 69.4361 1187.87 69.4361 0.5713 0.00750155 
200 0.24 591600000 568.889 10.4539 -45.4631 0.454707 2352.01 45.5327 8.40115e+06 353608 -0.00119093 0.00207313 0.000509041 0.00191551 0.0109521 0.000306548 0.000245788 1.61893e-05 0.0925744 0.00133566 6.12035 0.126526 73.6285 13.0616 1108.12 62.3307 1187.87 69.4361 1187.87 69.4361 0.5713 0.00750155 
200 0.24 592000000 568.889 10.4539 -45.4631 0.454707 2352.01 45.5327 8.40115e+06 353608 -0.00119093 0.00207313 0.000509041 0.00191551 0.0109521 0.000306548 0.000245788 1.61893e-05 0.0925744 0.00133566 6.12035 0.126526 73.6285 13.0616 1108.12 62.3307 1187.87 69.4361 1187.87 69.4361 0.5713 0.00750155 
200 0.24 592400000 568.889 10.4544 -45.4631 0.454707 2352.01 45.5327 8.40115e+06 353608 -0.00119093 0.00207313 0.000509041 0.00191551 0.0109521 0.000306548 0.000245788 1.61893e-05 0.0925744 0.00133566 6.12035 0.126526 73.6285 13.0616 1108.12 62.3307 1187.87 69.4361 1187.87 69.4361 0.5713 0.00750155 
200 0.24 592800000 568.889 10.4544 -45.4631 0.454707 2352.01 45.5327 8.40115e+06 353608 -0.00119093 0.00207313 0.000509041 0.00191551 0.0109521 0.000306548 0.000245788 1.61893e-05 0.0925744 0.00133566 6.12035 0.126526 73.6285 13.0616 1108.12 62.3307 1187.87 69.4361 1187.87 69.4361 0.5713 0.00750155 
200 0.24 593200000 568.889 10.4539 -45.4631 0.454707 2352.01 45.5563 8.40115e+06 353608 -0.00119093 0.00207313 0.000509041 0.00191405 0.0109521 0.000306548 0.000245788 1.61893e-05 0.0925744 0.00133566 6.12035 0.126526 73.6285 13.0616 1108.12 62.3307 1187.87 69.4361 1187.87 69.4361 0.5713 0.00750155 
200 0.24 593600000 568.889 10.4539 -45.4631 0.454707 2352.01 45.5563 8.40115e+06 353608 -0.00119093 0.00207313 0.000509041 0.00191405 0.0109521 0.000306548 0.000245788 1.61893e-05 0.0925744 0.00133566 6.12035 0.126526 73.6285 13.0616 1108.12 62.3307 1187.87 69.4361 1187.87 69.4361 0.5713 0.00750155 
200 0.24 594000000 568.889 10.4539 -45.4631 0.454707 2352.01 45.5563 8.40115e+06 353608 -0.00119093 0.00207313 0.000509041 0.00191405 0.0109521 0.000306548 0.000245788 1.61893e-05 0.0925744 0.00133566 6.12035 0.126526 73.6285 13.0616 1108.12 62.3307 1187.87 69.4361 1187.87 69.4361 0.5713 0.00750155 
200 0.24 594400000 568.889 10.4539 -45.4631 0.454707 2352.01 45.5563 8.40115e+06 353608 -0.00119093 0.00207313 0.000509041 0.00191405 0.0109521 0.000306548 0.000245788 1.61893e-05 0.0925744 0.00133566 6.12035 0.126526 73.6285 13.0616 1108.12 62.3307 1187.87 69.4361 1187.87 69.4361 0.5713 0.00750155 
200 0.24 594800000 568.889 10.4539 -45.4631 0.454707 2352.01 45.5563 8.40115e+06 353608 -0.00119093 0.00207313 0.000509041 0.00191405 0.0109521 0.000306548 0.000245788 1.61893e-05 0.0925744 0.00133566 6.12035 0.126526 73.6285 13.0616 1108.12 62.3307 1187.87 69.4361 1187.87 69.4361 0.5713 0.00750155 
200 0.24 595200000 568.889 10.4539 -45.4631 0.454707 2352.01 45.5563 8.40115e+06 353608 -0.00119093 0.00207313 0.000509041 0.00191405 0.0109521 0.000306548 0.000245788 1.61893e-05 0.0925744 0.00133566 6.12035 0.126526 73.6285 13.0616 1108.12 62.3307 1187.87 69.4361 1187.87 69.4361 0.5713 0.00750155 
200 0.24 595600000 568.889 10.4539 -45.4631 0.454707 2352.01 45.5563 8.40115e+06 353608 -0.00119093 0.00207313 0.000509041 0.00191405 0.0109521 0.000306548 0.000245788 1.61893e-05 0.0925744 0.00133566 6.12035 0.126526 73.6285 13.0616 1108.12 62.3307 1187.87 69.4361 1187.87 69.4361 0.5713 0.00750155 
200 0.24 596000000 568.889 10.4539 -45.4631 0.454707 2352.01 45.5563 8.40115e+06 353608 -0.00119093 0.00207313 0.000509041 0.00191405 0.0109521 0.000306548 0.000245788 1.61893e-05 0.0925744 0.00133566 6.12035 0.126526 73.6285 13.0616 1108.12 62.3307 1187.87 69.4361 1187.87 69.4361 0.5713 0.00750155 
200 0.24 596400000 568.889 10.4539 -45.4631 0.458266 2352.01 45.3297 8.40115e+06 351721 -0.00119093 0.00203754 0.000509041 0.00190373 0.0109521 0.000303226 0.000245788 1.60332e-05 0.0925744 0.00132245 6.12035 0.126526 73.6285 13.0616 1108.12 62.3307 1187.87 69.4361 1187.87 69.4361 0.5713 0.0075663 
200 0.24 596800000 568.889 10.4539 -45.4631 0.458266 2352.01 45.3297 8.40115e+06 351721 -0.00119093 0.00203754 0.000509041 0.00190373 0.0109521 0.000303226 0.000245788 1.60332e-05 0.0925744 0.00132245 6.12035 0.126526 73.6285 13.0616 1108.12 62.3307 1187.87 69.4361 1187.87 69.4361 0.5713 0.0075663 
200 0.24 597200000 568.889 10.4539 -45.4631 0.458266 2352.01 45.3297 8.40115e+06 351721 -0.00119093 0.00203754 0.000509041 0.00190373 0.0109521 0.000303226 0.000245788 1.60332e-05 0.0925744 0.00132245 6.12035 0.126526 73.6285 13.0616 1108.12 62.3307 1187.87 69.4361 1187.87 69.4361 0.5713 0.0075663 
200 0.24 597600000 568.889 10.4539 -45.4631 0.458266 2352.01 45.3297 8.40115e+06 351721 -0.00119093 0.00203754 0.000509041 0.00190373 0.0109521 0.000303226 0.000245788 1.60332e-05 0.0925744 0.00132245 6.12035 0.126526 73.6285 13.0616 1108.12 62.3307 1187.87 69.4361 1187.87 69.4361 0.5713 0.0075663 
200 0.24 598000000 568.889 10.4539 -45.4631 0.458266 2352.01 45.3297 8.40115e+06 351721 -0.00119093 0.00203754 0.000509041 0.00190373 0.0109521 0.000303226 0.000245788 1.60332e-05 0.0925744 0.00132245 6.12035 0.126526 73.6285 13.0616 1108.12 62.3307 1187.87 69.4361 1187.87 69.4361 0.5713 0.0075663 
200 0.24 598400000 568.889 10.4539 -45.4631 0.458266 2352.01 45.3297 8.40115e+06 351721 -0.00119093 0.00203754 0.000509041 0.00190373 0.0109521 0.000303226 0.000245788 1.60332e-05 0.0925744 0.00132245 6.12035 0.126526 73.6285 13.0616 1108.12 62.3307 1187.87 69.4361 1187.87 69.4361 0.5713 0.0075663 
200 0.24 598800000 568.889 10.4539 -45.4631 0.458266 2352.01 45.3297 8.40115e+06 351721 -0.00119093 0.00203754 0.000509041 0.00190373 0.0109521 0.000303226 0.000245788 1.60332e-05 0.0925744 0.00132245 6.12035 0.126526 73.6285 13.0616 1108.12 62.3307 1187.87 69.4361 1187.87 69.4361 0.5713 0.0075663 
200 0.24 599200000 568.889 10.4539 -45.4631 0.458266 2352.01 45.3297 8.40115e+06 351721 -0.00119093 0.00203754 0.000509041 0.00190373 0.0109521 0.000303226 0.000245788 1.60332e-05 0.0925744 0.00132245 6.12035 0.126526 73.6285 13.0616 1108.12 62.3307 1187.87 69.4361 1187.87 69.4361 0.5713 0.0075663 
200 0.24 599600000 568.889 10.4539 -45.4631 0.458266 2352.01 45.2926 8.40115e+06 351721 -0.00119093 0.00203754 0.000509041 0.00189896 0.0109521 0.000303226 0.000245788 1.60332e-05 0.0925744 0.00132245 6.12035 0.126526 73.6285 13.0616 1108.12 62.3307 1187.87 69.4361 1187.87 69.4361 0.5713 0.0075663 
200 0.24 600000000 568.889 10.4539 -45.4631 0.458266 2352.01 45.2926 8.40115e+06 351721 -0.00119093 0.00203754 0.000509041 0.00189896 0.0109521 0.000303226 0.000245788 1.60332e-05 0.0925744 0.00132245 6.12035 0.126526 73.6285 13.0616 1108.12 62.3307 1187.87 69.4361 1187.87 69.4361 0.5713 0.0075663 
200 0.24 600400000 568.889 10.4539 -45.4631 0.458266 2352.01 45.2926 8.40115e+06 351721 -0.00119093 0.00203754 0.000509041 0.00189896 0.0109521 0.000303226 0.000245788 1.60332e-05 0.0925744 0.00132245 6.12035 0.126526 73.6285 13.0616 1108.12 62.3307 1187.87 69.4361 1187.87 69.4361 0.5713 0.0075663 
200 0.24 600800000 568.889 10.4539 -45.4631 0.458266 2352.01 45.2926 8.40115e+06 351721 -0.00119093 0.00203754 0.000509041 0.00189896 0.0109521 0.000303226 0.000245788 1.60332e-05 0.0925744 0.00132245 6.12035 0.126526 73.6285 13.0616 1108.12 62.3307 1187.87 69.4361 1187.87 69.4361 0.5713 0.0075663 
200 0.24 601200000 568.889 10.4539 -45.4631 0.458266 2352.01 45.2926 8.40115e+06 351721 -0.00119093 0.00203754 0.000509041 0.00189896 0.0109521 0.000303226 0.000245788 1.60332e-05 0.0925744 0.00132245 6.12035 0.126526 73.6285 13.0616 1108.12 62.3307 1187.87 69.4361 1187.87 69.4361 0.5713 0.0075663 
200 0.24 601600000 568.889 10.4539 -45.4631 0.458266 2352.01 45.2926 8.40115e+06 351721 -0.00119093 0.00203754 0.000509041 0.00189896 0.0109521 0.000303226 0.000245788 1.60332e-05 0.0925744 0.00132245 6.12035 0.126526 73.6285 13.0616 1108.12 62.3307 1187.87 69.4361 1187.87 69.4361 0.5713 0.0075663 
200 0.24 602000000 568.889 10.4539 -45.4631 0.458266 2352.01 45.2926 8.40115e+06 351721 -0.00119093 0.00203754 0.000509041 0.00189896 0.0109521 0.000303226 0.000245788 1.60332e-05 0.0925744 0.00132245 6.12035 0.126526 73.6285 13.0616 1108.12 62.3307 1187.87 69.4361 1187.87 69.4361 0.5713 0.0075663 
200 0.24 602400000 568.889 10.4539 -45.4631 0.458266 2352.01 45.2926 8.40115e+06 351721 -0.00119093 0.00203754 0.000509041 0.00189896 0.0109521 0.000303226 0.000245788 1.60332e-05 0.0925744 0.00132245 6.12035 0.126526 73.6285 13.0616 1108.12 62.3307 1187.87 69.4361 1187.87 69.4361 0.5713 0.0075663 
200 0.24 602800000 568.889 10.4539 -45.4631 0.458266 2352.01 45.069 8.40115e+06 348763 -0.00119093 0.00203754 0.000509041 0.001891 0.0109521 0.000299985 0.000245788 1.58618e-05 0.0925744 0.0013092 6.12035 0.126526 73.6285 13.0616 1108.12 62.3307 1187.87 69.4361 1187.87 69.4361 0.5713 0.0075663 
200 0.24 603200000 568.889 10.4539 -45.4631 0.458266 2352.01 45.069 8.40115e+06 348763 -0.00119093 0.00203754 0.000509041 0.001891 0.0109521 0.000299985 0.000245788 1.58618e-05 0.0925744 0.0013092 6.12035 0.126526 73.6285 13.0616 1108.12 62.3307 1187.87 69.4361 1187.87 69.4361 0.5713 0.0075663 
200 0.24 603600000 568.889 10.4539 -45.4631 0.458266 2352.01 45.069 8.40115e+06 348763 -0.00119093 0.00203754 0.000509041 0.001891 0.0109521 0.000299985 0.000245788 1.58618e-05 0.0925744 0.0013092 6.12035 0.126526 73.6285 13.0616 1108.12 62.3307 1187.87 69.4361 1187.87 69.4361 0.5713 0.0075663 
200 0.24 604000000 568.889 10.4539 -45.4631 0.458266 2352.01 45.069 8.40115e+06 348763 -0.00119093 0.00203754 0.000509041 0.001891 0.0109521 0.000299985 0.000245788 1.58618e-05 0.0925744 0.0013092 6.12035 0.126526 73.6285 13.0616 1108.12 62.3307 1187.87 69.4361 1187.87 69.4361 0.5713 0.0075663 
200 0.24 604400000 568.889 10.4539 -45.4631 0.458266 2352.01 45.069 8.40115e+06 348763 -0.00119093 0.00203754 0.000509041 0.001891 0.0109521 0.000299985 0.000245788 1.58618e-05 0.0925744 0.0013092 6.12035 0.126526 73.6285 13.0616 1108.12 62.3307 1187.87 69.4361 1187.87 69.4361 0.5713 0.0075663 
200 0.24 604800000 568.889 10.4539 -45.4631 0.458266 2352.01 45.069 8.40115e+06 348763 -0.00119093 0.00203754 0.000509041 0.001891 0.0109521 0.000299985 0.000245788 1.58618e-05 0.0925744 0.0013092 6.12035 0.126526 73.6285 13.0616 1108.12 62.3307 1187.87 69.4361 1187.87 69.4361 0.5713 0.0075663 
200 0.24 605200000 568.889 10.4539 -45.4631 0.458266 2352.01 45.069 8.40115e+06 348763 -0.00119093 0.00203754 0.000509041 0.001891 0.0109521 0.000299985 0.000245788 1.58618e-05 0.0925744 0.0013092 6.12035 0.126526 73.6285 13.0616 1108.12 62.3307 1187.87 69.4361 1187.87 69.4361 0.5713 0.0075663 
200 0.24 605600000 568.889 10.4539 -45.4631 0.458266 2352.01 45.069 8.40115e+06 348763 -0.00119093 0.00203754 0.000509041 0.001891 0.0109521 0.000299985 0.000245788 1.58618e-05 0.0925744 0.0013092 6.12035 0.126526 73.6285 13.0616 1108.12 62.3307 1187.87 69.4361 1187.87 69.4361 0.5713 0.0075663 
200 0.24 606000000 568.889 10.4539 -45.4631 0.458266 2352.01 45.1363 8.40115e+06 348763 -0.00119093 0.00203754 0.000509041 0.00188089 0.0109521 0.000299985 0.000245788 1.58618e-05 0.0925744 0.0013092 6.12035 0.126526 73.6285 13.0616 1108.12 62.3307 1187.87 69.4361 1187.87 69.4361 0.5713 0.0075663 
200 0.24 606400000 568.889 10.4539 -45.4631 0.458266 2352.01 45.1363 8.40115e+06 348763 -0.00119093 0.00203754 0.000509041 0.00188089 0.0109521 0.000299985 0.000245788 1.58618e-05 0.0925744 0.0013092 6.12035 0.126526 73.6285 13.0616 1108.12 62.3307 1187.87 69.4361 1187.87 69.4361 0.5713 0.0075663 
200 0.24 606800000 568.889 10.4539 -45.4631 0.458266 2352.01 45.1363 8.40115e+06 348763 -0.00119093 0.00203754 0.000509041 0.00188089 0.0109521 0.000299985 0.000245788 1.58618e-05 0.0925744 0.0013092 6.12035 0.126526 73.6285 13.0616 1108.12 62.3307 1187.87 69.4361 1187.87 69.4361 0.5713 0.0075663 
200 0.24 607200000 568.889 10.4539 -45.4631 0.458266 2352.01 45.1363 8.40115e+06 348763 -0.00119093 0.00203754 0.000509041 0.00188089 0.0109521 0.000299985 0.000245788 1.58618e-05 0.0925744 0.0013092 6.12035 0.126526 73.6285 13.0616 1108.12 62.3307 1187.87 69.4361 1187.87 69.4361 0.5713 0.0075663 
200 0.24 607600000 568.889 10.4539 -45.4631 0.458266 2352.01 45.1363 8.40115e+06 348763 -0.00119093 0.00203754 0.000509041 0.00188089 0.0109521 0.000299985 0.000245788 1.58618e-05 0.0925744 0.0013092 6.12035 0.126526 73.6285 13.0616 1108.12 62.3307 1187.87 69.4361 1187.87 69.4361 0.5713 0.0075663 
200 0.24 608000000 568.889 10.4539 -45.4631 0.458266 2352.01 45.1363 8.40115e+06 348763 -0.00119093 0.00203754 0.000509041 0.00188089 0.0109521 0.000299985 0.000245788 1.58618e-05 0.0925744 0.0013092 6.12035 0.126526 73.6285 13.0616 1108.12 62.3307 1187.87 69.4361 1187.87 69.4361 0.5713 0.0075663 
200 0.24 608400000 568.889 10.4539 -45.4631 0.458266 2352.01 45.1363 8.40115e+06 348763 -0.00119093 0.00203754 0.000509041 0.00188089 0.0109521 0.000299985 0.000245788 1.58618e-05 0.0925744 0.0013092 6.12035 0.126526 73.6285 13.0616 1108.12 62.3307 1187.87 69.4361 1187.87 69.4361 0.5713 0.0075663 
200 0.24 608800000 568.889 10.4539 -45.4631 0.458266 2352.01 45.1363 8.40115e+06 348763 -0.00119093 0.00203754 0.000509041 0.00188089 0.0109521 0.000299985 0.000245788 1.58618e-05 0.0925744 0.0013092 6.12035 0.126526 73.6285 13.0616 1108.12 62.3307 1187.87 69.4361 1187.87 69.4361 0.5713 0.0075663 
200 0.24 609200000 568.889 10.4539 -45.4631 0.458266 2352.01 44.8976 8.40115e+06 346527 -0.00119093 0.00201396 0.000509041 0.00187091 0.0109521 0.000298547 0.000245788 1.57737e-05 0.0925744 0.00129955 6.12035 0.126526 73.6285 13.0616 1108.12 62.3307 1187.87 69.4361 1187.87 69.4361 0.5713 0.0075663 
200 0.24 609600000 568.889 10.4539 -45.4631 0.458266 2352.01 44.8976 8.40115e+06 346527 -0.00119093 0.00201396 0.000509041 0.00187091 0.0109521 0.000298547 0.000245788 1.57737e-05 0.0925744 0.00129955 6.12035 0.126526 73.6285 13.0616 1108.12 62.3307 1187.87 69.4361 1187.87 69.4361 0.5713 0.0075663 
200 0.24 610000000 568.889 10.4539 -45.4631 0.458266 2352.01 44.8976 8.40115e+06 346527 -0.00119093 0.00201396 0.000509041 0.00187091 0.0109521 0.000298547 0.000245788 1.57737e-05 0.0925744 0.00129955 6.12035 0.126526 73.6285 13.0616 1108.12 62.3307 1187.87 69.4361 1187.87 69.4361 0.5713 0.0075663 
200 0.24 610400000 568.889 10.4539 -45.4631 0.458266 2352.01 44.8976 8.40115e+06 346527 -0.00119093 0.00201396 0.000509041 0.00187091 0.0109521 0.000298547 0.000245788 1.57737e-05 0.0925744 0.00129955 6.12035 0.126526 73.6285 13.0616 1108.12 62.3307 1187.87 69.4361 1187.87 69.4361 0.5713 0.0075663 
200 0.24 610800000 568.889 10.4539 -45.4631 0.458266 2352.01 44.8976 8.40115e+06 346527 -0.00119093 0.00201396 0.000509041 0.00187091 0.0109521 0.000298547 0.000245788 1.57737e-05 0.0925744 0.00129955 6.12035 0.126526 73.6285 13.0616 1108.12 62.3307 1187.87 69.4361 1187.87 69.4361 0.5713 0.0075663 
200 0.24 611200000 568.889 10.4539 -45.4631 0.458266 2352.01 44.8976 8.40115e+06 346527 -0.00119093 0.00201396 0.000509041 0.00187091 0.0109521 0.000298547 0.000245788 1.57737e-05 0.0925744 0.00129955 6.12035 0.126526 73.6285 13.0616 1108.12 62.3307 1187.87 69.4361 1187.87 69.4361 0.5713 0.0075663 
200 0.24 611600000 568.889 10.4539 -45.4631 0.458266 2352.01 44.8976 8.40115e+06 346527 -0.00119093 0.00201396 0.000509041 0.00187091 0.0109521 0.000298547 0.000245788 1.57737e-05 0.0925744 0.00129955 6.12035 0.126526 73.6285 13.0616 1108.12 62.3307 1187.87 69.4361 1187.87 69.4361 0.5713 0.0075663 
200 0.24 612000000 568.889 10.4539 -45.4631 0.458266 2352.01 44.8976 8.40115e+06 346527 -0.00119093 0.00201396 0.000509041 0.00187091 0.0109521 0.000298547 0.000245788 1.57737e-05 0.0925744 0.00129955 6.12035 0.126526 73.6285 13.0616 1108.12 62.3307 1187.87 69.4361 1187.87 69.4361 0.5713 0.0075663 
200 0.24 612400000 568.889 10.4539 -45.4631 0.458266 2352.01 45.0088 8.40115e+06 346527 -0.00119093 0.00201396 0.000509041 0.00186103 0.0109521 0.000298547 0.000245788 1.57737e-05 0.0925744 0.00129955 6.12035 0.126526 73.6285 13.0616 1108.12 62.3307 1187.87 69.4361 1187.87 69.4361 0.5713 0.0075663 
200 0.24 612800000 568.889 10.4539 -45.4631 0.458266 2352.01 45.0088 8.40115e+06 346527 -0.00119093 0.00201396 0.000509041 0.00186103 0.0109521 0.000298547 0.000245788 1.57737e-05 0.0925744 0.00129955 6.12035 0.126526 73.6285 13.0616 1108.12 62.3307 1187.87 69.4361 1187.87 69.4361 0.5713 0.0075663 
200 0.24 613200000 568.889 10.4539 -45.4631 0.458266 2352.01 45.0088 8.40115e+06 346527 -0.00119093 0.00201396 0.000509041 0.00186103 0.0109521 0.000298547 0.000245788 1.57737e-05 0.0925744 0.00129955 6.12035 0.126526 73.6285 13.0616 1108.12 62.3307 1187.87 69.4361 1187.87 69.4361 0.5713 0.0075663 
200 0.24 613600000 568.889 10.4539 -45.4631 0.458266 2352.01 45.0088 8.40115e+06 346527 -0.00119093 0.00201396 0.000509041 0.00186103 0.0109521 0.000298547 0.000245788 1.57737e-05 0.0925744 0.00129955 6.12035 0.126526 73.6285 13.0616 1108.12 62.3307 1187.87 69.4361 1187.87 69.4361 0.5713 0.0075663 
200 0.24 614000000 568.889 10.4539 -45.4631 0.458266 2352.01 45.0088 8.40115e+06 346527 -0.00119093 0.00201396 0.000509041 0.00186103 0.0109521 0.000298547 0.000245788 1.57737e-05 0.0925744 0.00129955 6.12035 0.126526 73.6285 13.0616 1108.12 62.3307 1187.87 69.4361 1187.87 69.4361 0.5713 0.0075663 
200 0.24 614400000 568.889 10.4539 -45.4631 0.458266 2352.01 45.0088 8.40115e+06 346527 -0.00119093 0.00201396 0.000509041 0.00186103 0.0109521 0.000298547 0.000245788 1.57737e-05 0.0925744 0.00129955 6.12035 0.126526 73.6285 13.0616 1108.12 62.3307 1187.87 69.4361 1187.87 69.4361 0.5713 0.0075663 
200 0.24 614800000 568.889 10.4539 -45.4631 0.458266 2352.01 45.0088 8.40115e+06 346527 -0.00119093 0.00201396 0.000509041 0.00186103 0.0109521 0.000298547 0.000245788 1.57737e-05 0.0925744 0.00129955 6.12035 0.126526 73.6285 13.0616 1108.12 62.3307 1187.87 69.4361 1187.87 69.4361 0.5713 0.0075663 
200 0.24 615200000 568.889 10.4539 -45.4631 0.458266 2352.01 45.0088 8.40115e+06 346527 -0.00119093 0.00201396 0.000509041 0.00186103 0.0109521 0.000298547 0.000245788 1.57737e-05 0.0925744 0.00129955 6.12035 0.126526 73.6285 13.0616 1108.12 62.3307 1187.87 69.4361 1187.87 69.4361 0.5713 0.0075663 
200 0.24 615600000 568.889 10.4539 -45.4631 0.458266 2352.01 44.7963 8.40115e+06 344703 -0.00119093 0.00201396 0.000509041 0.00187623 0.0109521 0.000295569 0.000245788 1.56195e-05 0.0925744 0.00129172 6.12035 1.02048 73.6285 13.0616 1108.12 62.3307 1187.87 69.4361 1187.87 69.4361 0.5713 0.0075663 
200 0.24 616000000 568.889 10.4539 -45.4631 0.458266 2352.01 44.7963 8.40115e+06 344703 -0.00119093 0.00201396 0.000509041 0.00187623 0.0109521 0.000295569 0.000245788 1.56195e-05 0.0925744 0.00129172 6.12035 1.02048 73.6285 13.0616 1108.12 62.3307 1187.87 69.4361 1187.87 69.4361 0.5713 0.0075663 
200 0.24 616400000 568.889 10.4539 -45.4631 0.458266 2352.01 44.7963 8.40115e+06 344703 -0.00119093 0.00201396 0.000509041 0.00187623 0.0109521 0.000295569 0.000245788 1.56195e-05 0.0925744 0.00129172 6.12035 1.02048 73.6285 13.0616 1108.12 62.3307 1187.87 69.4361 1187.87 69.4361 0.5713 0.0075663 
200 0.24 616800000 568.889 10.4539 -45.4631 0.458266 2352.01 44.7963 8.40115e+06 344703 -0.00119093 0.00201396 0.000509041 0.00187623 0.0109521 0.000295569 0.000245788 1.56195e-05 0.0925744 0.00129172 6.12035 1.02048 73.6285 13.0616 1108.12 62.3307 1187.87 69.4361 1187.87 69.4361 0.5713 0.0075663 
200 0.24 617200000 568.889 10.4539 -45.4631 0.458266 2352.01 44.7963 8.40115e+06 344703 -0.00119093 0.00201396 0.000509041 0.00187623 0.0109521 0.000295569 0.000245788 1.56195e-05 0.0925744 0.00129172 6.12035 1.0178 73.6285 13.0616 1108.12 62.3307 1187.87 69.4361 1187.87 69.4361 0.5713 0.0075663 
200 0.24 617600000 568.889 10.4539 -45.4631 0.458266 2352.01 44.7963 8.40115e+06 344703 -0.00119093 0.00201396 0.000509041 0.00187623 0.0109521 0.000295569 0.000245788 1.56195e-05 0.0925744 0.00129172 6.12035 1.0178 73.6285 13.0616 1108.12 62.3307 1187.87 69.4361 1187.87 69.4361 0.5713 0.0075663 
200 0.24 618000000 568.889 10.4539 -45.4631 0.458266 2352.01 44.7963 8.40115e+06 344703 -0.00119093 0.00201396 0.000509041 0.00187623 0.0109521 0.000295569 0.000245788 1.56195e-05 0.0925744 0.00129172 6.12035 1.0178 73.6285 13.0616 1108.12 62.3307 1187.87 69.4361 1187.87 69.4361 0.5713 0.0075663 
200 0.24 618400000 568.889 10.4539 -45.4631 0.458266 2352.01 44.7963 8.40115e+06 344703 -0.00119093 0.00201396 0.000509041 0.00187623 0.0109521 0.000295569 0.000245788 1.56195e-05 0.0925744 0.00129172 6.12035 1.0178 73.6285 13.0616 1108.12 62.3307 1187.87 69.4361 1187.87 69.4361 0.5713 0.0075663 
200 0.24 618800000 568.889 10.4539 -45.4631 0.458266 2352.01 44.5893 8.40115e+06 343525 -0.00119093 0.00201396 0.000509041 0.00187925 0.0109521 0.000295569 0.000245788 1.56195e-05 0.0925744 0.00129172 6.12035 1.01515 73.6285 13.0616 1108.12 62.3307 1187.87 69.4361 1187.87 69.4361 0.5713 0.0075663 
200 0.24 619200000 568.889 10.4539 -45.4631 0.458266 2352.01 44.5893 8.40115e+06 343525 -0.00119093 0.00201396 0.000509041 0.00187925 0.0109521 0.000295569 0.000245788 1.56195e-05 0.0925744 0.00129172 6.12035 1.01515 73.6285 13.0616 1108.12 62.3307 1187.87 69.4361 1187.87 69.4361 0.5713 0.0075663 
200 0.24 619600000 568.889 10.4539 -45.4631 0.458266 2352.01 44.5893 8.40115e+06 343525 -0.00119093 0.00201396 0.000509041 0.00187925 0.0109521 0.000295569 0.000245788 1.56195e-05 0.0925744 0.00129172 6.12035 1.01515 73.6285 13.0616 1108.12 62.3307 1187.87 69.4361 1187.87 69.4361 0.5713 0.0075663 
200 0.24 620000000 568.889 10.4539 -45.4631 0.458266 2352.01 44.5893 8.40115e+06 343525 -0.00119093 0.00201396 0.000509041 0.00187925 0.0109521 0.000295569 0.000245788 1.56195e-05 0.0925744 0.00129172 6.12035 1.01515 73.6285 13.0616 1108.12 62.3307 1187.87 69.4361 1187.87 69.4361 0.5713 0.0075663 
200 0.24 620400000 568.889 10.4539 -45.4631 0.458266 2352.01 44.5893 8.40115e+06 343525 -0.00119093 0.00201396 0.000509041 0.00187925 0.0109521 0.000295569 0.000245788 1.56195e-05 0.0925744 0.00129172 6.12035 1.0125 73.6285 13.0616 1108.12 62.3307 1187.87 69.4361 1187.87 69.4361 0.5713 0.0075663 
200 0.24 620800000 568.889 10.4539 -45.4631 0.458266 2352.01 44.5893 8.40115e+06 343525 -0.00119093 0.00201396 0.000509041 0.00187925 0.0109521 0.000295569 0.000245788 1.56195e-05 0.0925744 0.00129172 6.12035 1.0125 73.6285 13.0616 1108.12 62.3307 1187.87 69.4361 1187.87 69.4361 0.5713 0.0075663 
200 0.24 621200000 568.889 10.4539 -45.4631 0.458266 2352.01 44.5893 8.40115e+06 343525 -0.00119093 0.00201396 0.000509041 0.00187925 0.0109521 0.000295569 0.000245788 1.56195e-05 0.0925744 0.00129172 6.12035 1.0125 73.6285 13.0616 1108.12 62.3307 1187.87 69.4361 1187.87 69.4361 0.5713 0.0075663 
200 0.24 621600000 568.889 10.4539 -45.4631 0.458266 2352.01 44.5893 8.40115e+06 343525 -0.00119093 0.00201396 0.000509041 0.00187925 0.0109521 0.000295569 0.000245788 1.56195e-05 0.0925744 0.00129172 6.12035 1.0125 73.6285 13.0616 1108.12 62.3307 1187.87 69.4361 1187.87 69.4361 0.5713 0.0075663 
200 0.24 622000000 568.922 10.2288 -45.5138 0.449978 2359.46 44.3643 8.48994e+06 341887 -0.000761403 0.00197212 0.000617198 0.00186954 0.0109205 0.000292931 0.00024347 1.54569e-05 0.0924727 0.00128232 7.13196 1.00986 80.0563 13.2621 1089.27 60.2509 1176.45 62.3782 1176.45 62.3782 0.566136 0.00897954 
200 0.24 622400000 568.922 10.2288 -45.5138 0.449978 2359.46 44.3643 8.48994e+06 341887 -0.000761403 0.00197212 0.000617198 0.00186954 0.0109205 0.000292931 0.00024347 1.54569e-05 0.0924727 0.00128232 7.13196 1.00986 80.0563 13.2621 1089.27 60.2509 1176.45 62.3782 1176.45 62.3782 0.566136 0.00897954 
200 0.24 622800000 568.922 10.2223 -45.5138 0.449978 2359.46 44.3643 8.48994e+06 341887 -0.000761403 0.00197212 0.000617198 0.00186954 0.0109205 0.000292931 0.00024347 1.54569e-05 0.0924727 0.00128232 7.13196 1.00986 80.0563 13.2621 1089.27 60.2509 1176.45 62.3782 1176.45 62.3782 0.566136 0.00897954 
200 0.24 623200000 568.922 10.2223 -45.5138 0.449978 2359.46 44.3643 8.48994e+06 341887 -0.000761403 0.00197212 0.000617198 0.00186954 0.0109205 0.000292931 0.00024347 1.54569e-05 0.0924727 0.00128232 7.13196 1.00986 80.0563 13.2621 1089.27 60.2509 1176.45 62.3782 1176.45 62.3782 0.566136 0.00897954 
200 0.24 623600000 568.922 10.2142 -45.5138 0.449978 2359.46 44.3643 8.48994e+06 341887 -0.000761403 0.00197212 0.000617198 0.00186954 0.0109205 0.000292931 0.00024347 1.54569e-05 0.0924727 0.00128232 7.13196 1.00724 80.0563 13.2621 1089.27 60.2509 1176.45 62.3782 1176.45 62.3782 0.566136 0.00897954 
200 0.24 624000000 568.922 10.2142 -45.5138 0.449978 2359.46 44.3643 8.48994e+06 341887 -0.000761403 0.00197212 0.000617198 0.00186954 0.0109205 0.000292931 0.00024347 1.54569e-05 0.0924727 0.00128232 7.13196 1.00724 80.0563 13.2621 1089.27 60.2509 1176.45 62.3782 1176.45 62.3782 0.566136 0.00897954 
200 0.24 624400000 568.922 10.2021 -45.5138 0.449978 2359.46 44.3643 8.48994e+06 341887 -0.000761403 0.00197212 0.000617198 0.00186954 0.0109205 0.000292931 0.00024347 1.54569e-05 0.0924727 0.00128232 7.13196 1.00724 80.0563 13.2621 1089.27 60.2509 1176.45 62.3782 1176.45 62.3782 0.566136 0.00897954 
200 0.24 624800000 568.922 10.2021 -45.5138 0.449978 2359.46 44.3643 8.48994e+06 341887 -0.000761403 0.00197212 0.000617198 0.00186954 0.0109205 0.000292931 0.00024347 1.54569e-05 0.0924727 0.00128232 7.13196 1.00724 80.0563 13.2621 1089.27 60.2509 1176.45 62.3782 1176.45 62.3782 0.566136 0.00897954 
200 0.24 625200000 568.922 10.1909 -45.5138 0.449978 2359.46 44.4396 8.48994e+06 341444 -0.000761403 0.00197212 0.000617198 0.00186223 0.0109205 0.000292931 0.00024347 1.54569e-05 0.0924727 0.00128232 7.13196 1.00464 80.0563 13.2621 1089.27 60.2509 1176.45 62.3782 1176.45 62.3782 0.566136 0.00897954 
200 0.24 625600000 568.922 10.1909 -45.5138 0.449978 2359.46 44.4396 8.48994e+06 341444 -0.000761403 0.00197212 0.000617198 0.00186223 0.0109205 0.000292931 0.00024347 1.54569e-05 0.0924727 0.00128232 7.13196 1.00464 80.0563 13.2621 1089.27 60.2509 1176.45 62.3782 1176.45 62.3782 0.566136 0.00897954 
200 0.24 626000000 568.922 10.183 -45.5138 0.449978 2359.46 44.4396 8.48994e+06 341444 -0.000761403 0.00197212 0.000617198 0.00186223 0.0109205 0.000292931 0.00024347 1.54569e-05 0.0924727 0.00128232 7.13196 1.00464 80.0563 13.2621 1089.27 60.2509 1176.45 62.3782 1176.45 62.3782 0.566136 0.00897954 
200 0.24 626400000 568.922 10.183 -45.5138 0.449978 2359.46 44.4396 8.48994e+06 341444 -0.000761403 0.00197212 0.000617198 0.00186223 0.0109205 0.000292931 0.00024347 1.54569e-05 0.0924727 0.00128232 7.13196 1.00464 80.0563 13.2621 1089.27 60.2509 1176.45 62.3782 1176.45 62.3782 0.566136 0.00897954 
200 0.24 626800000 568.922 10.183 -45.5138 0.449978 2359.46 44.4396 8.48994e+06 341444 -0.000761403 0.00197212 0.000617198 0.00186223 0.0109205 0.000292931 0.00024347 1.54569e-05 0.0924727 0.00128232 7.13196 1.00282 80.0563 13.2621 1089.27 60.2509 1176.45 62.3782 1176.45 62.3782 0.566136 0.00897954 
200 0.24 627200000 568.922 10.183 -45.5138 0.449978 2359.46 44.4396 8.48994e+06 341444 -0.000761403 0.00197212 0.000617198 0.00186223 0.0109205 0.000292931 0.00024347 1.54569e-05 0.0924727 0.00128232 7.13196 1.00282 80.0563 13.2621 1089.27 60.2509 1176.45 62.3782 1176.45 62.3782 0.566136 0.00897954 
200 0.24 627600000 568.922 10.183 -45.5138 0.449978 2359.46 44.4396 8.48994e+06 341444 -0.000761403 0.00197212 0.000617198 0.00186223 0.0109205 0.000292931 0.00024347 1.54569e-05 0.0924727 0.00128232 7.13196 1.00282 80.0563 13.2621 1089.27 60.2509 1176.45 62.3782 1176.45 62.3782 0.566136 0.00897954 
200 0.24 628000000 568.922 10.183 -45.5138 0.449978 2359.46 44.4396 8.48994e+06 341444 -0.000761403 0.00197212 0.000617198 0.00186223 0.0109205 0.000292931 0.00024347 1.54569e-05 0.0924727 0.00128232 7.13196 1.00282 80.0563 13.2621 1089.27 60.2509 1176.45 62.3782 1176.45 62.3782 0.566136 0.00897954 
200 0.24 628400000 568.922 10.2001 -45.5138 0.449978 2359.46 44.7462 8.48994e+06 341395 -0.000761403 0.00197212 0.000617198 0.00186695 0.0109205 0.000290032 0.00024347 1.5298e-05 0.0924727 0.00127044 7.13196 1.00282 80.0563 13.2621 1089.27 60.2509 1176.45 62.3782 1176.45 62.3782 0.566136 0.00897954 
200 0.24 628800000 568.922 10.2001 -45.5138 0.449978 2359.46 44.7462 8.48994e+06 341395 -0.000761403 0.00197212 0.000617198 0.00186695 0.0109205 0.000290032 0.00024347 1.5298e-05 0.0924727 0.00127044 7.13196 1.00282 80.0563 13.2621 1089.27 60.2509 1176.45 62.3782 1176.45 62.3782 0.566136 0.00897954 
200 0.24 629200000 568.922 10.2001 -45.5138 0.449978 2359.46 44.7462 8.48994e+06 341395 -0.000761403 0.00197212 0.000617198 0.00186695 0.0109205 0.000290032 0.00024347 1.5298e-05 0.0924727 0.00127044 7.13196 1.00282 80.0563 13.2621 1089.27 60.2509 1176.45 62.3782 1176.45 62.3782 0.566136 0.00897954 
200 0.24 629600000 568.922 10.2001 -45.5138 0.449978 2359.46 44.7462 8.48994e+06 341395 -0.000761403 0.00197212 0.000617198 0.00186695 0.0109205 0.000290032 0.00024347 1.5298e-05 0.0924727 0.00127044 7.13196 1.00282 80.0563 13.2621 1089.27 60.2509 1176.45 62.3782 1176.45 62.3782 0.566136 0.00897954 
200 0.24 630000000 568.922 10.2001 -45.5138 0.449978 2359.46 44.7462 8.48994e+06 341395 -0.000761403 0.00197212 0.000617198 0.00186695 0.0109205 0.000290032 0.00024347 1.5298e-05 0.0924727 0.00127044 7.13196 1.00282 80.0563 13.2621 1089.27 60.2509 1176.45 62.3782 1176.45 62.3782 0.566136 0.00897954 
200 0.24 630400000 568.922 10.2001 -45.5138 0.449978 2359.46 44.7462 8.48994e+06 341395 -0.000761403 0.00197212 0.000617198 0.00186695 0.0109205 0.000290032 0.00024347 1.5298e-05 0.0924727 0.00127044 7.13196 1.00282 80.0563 13.2621 1089.27 60.2509 1176.45 62.3782 1176.45 62.3782 0.566136 0.00897954 
200 0.24 630800000 568.922 10.2001 -45.5138 0.449978 2359.46 44.7462 8.48994e+06 341395 -0.000761403 0.00197212 0.000617198 0.00186695 0.0109205 0.000290032 0.00024347 1.5298e-05 0.0924727 0.00127044 7.13196 1.00282 80.0563 13.2621 1089.27 60.2509 1176.45 62.3782 1176.45 62.3782 0.566136 0.00897954 
200 0.24 631200000 568.922 10.2001 -45.5138 0.449978 2359.46 44.7462 8.48994e+06 341395 -0.000761403 0.00197212 0.000617198 0.00186695 0.0109205 0.000290032 0.00024347 1.5298e-05 0.0924727 0.00127044 7.13196 1.00282 80.0563 13.2621 1089.27 60.2509 1176.45 62.3782 1176.45 62.3782 0.566136 0.00897954 
200 0.24 631600000 568.922 10.2001 -45.5138 0.449978 2359.46 44.5187 8.48994e+06 340336 -0.000761403 0.00197212 0.000617198 0.00185918 0.0109205 0.000290032 0.00024347 1.5298e-05 0.0924727 0.00127044 7.13196 1.00282 80.0563 13.2621 1089.27 60.2509 1176.45 62.3782 1176.45 62.3782 0.566136 0.00897954 
200 0.24 632000000 568.922 10.2001 -45.5138 0.449978 2359.46 44.5187 8.48994e+06 340336 -0.000761403 0.00197212 0.000617198 0.00185918 0.0109205 0.000290032 0.00024347 1.5298e-05 0.0924727 0.00127044 7.13196 1.00282 80.0563 13.2621 1089.27 60.2509 1176.45 62.3782 1176.45 62.3782 0.566136 0.00897954 
200 0.24 632400000 568.922 10.2001 -45.5138 0.449978 2359.46 44.5187 8.48994e+06 340336 -0.000761403 0.00197212 0.000617198 0.00185918 0.0109205 0.000290032 0.00024347 1.5298e-05 0.0924727 0.00127044 7.13196 1.00282 80.0563 13.2621 1089.27 60.2509 1176.45 62.3782 1176.45 62.3782 0.566136 0.00897954 
200 0.24 632800000 568.922 10.2001 -45.5138 0.449978 2359.46 44.5187 8.48994e+06 340336 -0.000761403 0.00197212 0.000617198 0.00185918 0.0109205 0.000290032 0.00024347 1.5298e-05 0.0924727 0.00127044 7.13196 1.00282 80.0563 13.2621 1089.27 60.2509 1176.45 62.3782 1176.45 62.3782 0.566136 0.00897954 
200 0.24 633200000 568.922 10.2001 -45.5138 0.449978 2359.46 44.5187 8.48994e+06 340336 -0.000761403 0.00197212 0.000617198 0.00185918 0.0109205 0.000290032 0.00024347 1.5298e-05 0.0924727 0.00127044 7.13196 1.00282 80.0563 13.2621 1089.27 60.2509 1176.45 62.3782 1176.45 62.3782 0.566136 0.00897954 
200 0.24 633600000 568.922 10.2001 -45.5138 0.449978 2359.46 44.5187 8.48994e+06 340336 -0.000761403 0.00197212 0.000617198 0.00185918 0.0109205 0.000290032 0.00024347 1.5298e-05 0.0924727 0.00127044 7.13196 1.00282 80.0563 13.2621 1089.27 60.2509 1176.45 62.3782 1176.45 62.3782 0.566136 0.00897954 
200 0.24 634000000 568.922 10.2001 -45.5138 0.449978 2359.46 44.5187 8.48994e+06 340336 -0.000761403 0.00197212 0.000617198 0.00185918 0.0109205 0.000290032 0.00024347 1.5298e-05 0.0924727 0.00127044 7.13196 1.00282 80.0563 13.2621 1089.27 60.2509 1176.45 62.3782 1176.45 62.3782 0.566136 0.00897954 
200 0.24 634400000 568.922 10.2001 -45.5138 0.449978 2359.46 44.5187 8.48994e+06 340336 -0.000761403 0.00197212 0.000617198 0.00185918 0.0109205 0.000290032 0.00024347 1.5298e-05 0.0924727 0.00127044 7.13196 1.00282 80.0563 13.2621 1089.27 60.2509 1176.45 62.3782 1176.45 62.3782 0.566136 0.00897954 
200 0.24 634800000 568.922 10.1387 -45.5138 0.449978 2359.46 44.2915 8.48994e+06 339124 -0.000761403 0.00193696 0.000617198 0.001854 0.0109205 0.000287073 0.00024347 1.51533e-05 0.0924727 0.0012577 7.13196 1.00282 80.0563 13.2621 1089.27 60.2509 1176.45 62.3782 1176.45 62.3782 0.566136 0.00897954 
200 0.24 635200000 568.922 10.1387 -45.5138 0.449978 2359.46 44.2915 8.48994e+06 339124 -0.000761403 0.00193696 0.000617198 0.001854 0.0109205 0.000287073 0.00024347 1.51533e-05 0.0924727 0.0012577 7.13196 1.00282 80.0563 13.2621 1089.27 60.2509 1176.45 62.3782 1176.45 62.3782 0.566136 0.00897954 
200 0.24 635600000 568.922 10.1387 -45.5138 0.449978 2359.46 44.2915 8.48994e+06 339124 -0.000761403 0.00193696 0.000617198 0.001854 0.0109205 0.000287073 0.00024347 1.51533e-05 0.0924727 0.0012577 7.13196 1.00282 80.0563 13.2621 1089.27 60.2509 1176.45 62.3782 1176.45 62.3782 0.566136 0.00897954 
200 0.24 636000000 568.922 10.1387 -45.5138 0.449978 2359.46 44.2915 8.48994e+06 339124 -0.000761403 0.00193696 0.000617198 0.001854 0.0109205 0.000287073 0.00024347 1.51533e-05 0.0924727 0.0012577 7.13196 1.00282 80.0563 13.2621 1089.27 60.2509 1176.45 62.3782 1176.45 62.3782 0.566136 0.00897954 
200 0.24 636400000 568.922 10.1387 -45.5138 0.449978 2359.46 44.2915 8.48994e+06 339124 -0.000761403 0.00193696 0.000617198 0.001854 0.0109205 0.000287073 0.00024347 1.51533e-05 0.0924727 0.0012577 7.13196 1.00282 80.0563 13.2621 1089.27 60.2509 1176.45 62.3782 1176.45 62.3782 0.566136 0.00897954 
200 0.24 636800000 568.922 10.1387 -45.5138 0.449978 2359.46 44.2915 8.48994e+06 339124 -0.000761403 0.00193696 0.000617198 0.001854 0.0109205 0.000287073 0.00024347 1.51533e-05 0.0924727 0.0012577 7.13196 1.00282 80.0563 13.2621 1089.27 60.2509 1176.45 62.3782 1176.45 62.3782 0.566136 0.00897954 
200 0.24 637200000 568.922 10.1387 -45.5138 0.449978 2359.46 44.2915 8.48994e+06 339124 -0.000761403 0.00193696 0.000617198 0.001854 0.0109205 0.000287073 0.00024347 1.51533e-05 0.0924727 0.0012577 7.13196 1.00282 80.0563 13.2621 1089.27 60.2509 1176.45 62.3782 1176.45 62.3782 0.566136 0.00897954 
200 0.24 637600000 568.922 10.1387 -45.5138 0.449978 2359.46 44.2915 8.48994e+06 339124 -0.000761403 0.00193696 0.000617198 0.001854 0.0109205 0.000287073 0.00024347 1.51533e-05 0.0924727 0.0012577 7.13196 1.00282 80.0563 13.2621 1089.27 60.2509 1176.45 62.3782 1176.45 62.3782 0.566136 0.00897954 
200 0.24 638000000 568.922 10.1387 -45.5138 0.449978 2359.46 44.1125 8.48994e+06 337686 -0.000761403 0.00193696 0.000617198 0.00185159 0.0109205 0.000287073 0.00024347 1.51533e-05 0.0924727 0.0012577 7.13196 1.00282 80.0563 13.2621 1089.27 60.2509 1176.45 62.3782 1176.45 62.3782 0.566136 0.00897954 
200 0.24 638400000 568.922 10.1387 -45.5138 0.449978 2359.46 44.1125 8.48994e+06 337686 -0.000761403 0.00193696 0.000617198 0.00185159 0.0109205 0.000287073 0.00024347 1.51533e-05 0.0924727 0.0012577 7.13196 1.00282 80.0563 13.2621 1089.27 60.2509 1176.45 62.3782 1176.45 62.3782 0.566136 0.00897954 
200 0.24 638800000 568.922 10.1387 -45.5138 0.449978 2359.46 44.1125 8.48994e+06 337686 -0.000761403 0.00193696 0.000617198 0.00185159 0.0109205 0.000287073 0.00024347 1.51533e-05 0.0924727 0.0012577 7.13196 1.00282 80.0563 13.2621 1089.27 60.2509 1176.45 62.3782 1176.45 62.3782 0.566136 0.00897954 
200 0.24 639200000 568.922 10.1387 -45.5138 0.449978 2359.46 44.1125 8.48994e+06 337686 -0.000761403 0.00193696 0.000617198 0.00185159 0.0109205 0.000287073 0.00024347 1.51533e-05 0.0924727 0.0012577 7.13196 1.00282 80.0563 13.2621 1089.27 60.2509 1176.45 62.3782 1176.45 62.3782 0.566136 0.00897954 
200 0.24 639600000 568.922 10.1387 -45.5138 0.449978 2359.46 44.1125 8.48994e+06 337686 -0.000761403 0.00193696 0.000617198 0.00185159 0.0109205 0.000287073 0.00024347 1.51533e-05 0.0924727 0.0012577 7.13196 1.00282 80.0563 13.2621 1089.27 60.2509 1176.45 62.3782 1176.45 62.3782 0.566136 0.00897954 
200 0.24 640000000 568.922 10.1387 -45.5138 0.449978 2359.46 44.1125 8.48994e+06 337686 -0.000761403 0.00193696 0.000617198 0.00185159 0.0109205 0.000287073 0.00024347 1.51533e-05 0.0924727 0.0012577 7.13196 1.00282 80.0563 13.2621 1089.27 60.2509 1176.45 62.3782 1176.45 62.3782 0.566136 0.00897954 
200 0.24 640400000 568.922 10.1387 -45.5138 0.449978 2359.46 44.1125 8.48994e+06 337686 -0.000761403 0.00193696 0.000617198 0.00185159 0.0109205 0.000287073 0.00024347 1.51533e-05 0.0924727 0.0012577 7.13196 1.00282 80.0563 13.2621 1089.27 60.2509 1176.45 62.3782 1176.45 62.3782 0.566136 0.00897954 
200 0.24 640800000 568.922 10.1387 -45.5138 0.449978 2359.46 44.1125 8.48994e+06 337686 -0.000761403 0.00193696 0.000617198 0.00185159 0.0109205 0.000287073 0.00024347 1.51533e-05 0.0924727 0.0012577 7.13196 1.00282 80.0563 13.2621 1089.27 60.2509 1176.45 62.3782 1176.45 62.3782 0.566136 0.00897954 
200 0.24 641200000 568.922 10.0415 -45.5138 0.449978 2359.46 43.9989 8.48994e+06 336801 -0.000761403 0.00193696 0.000617198 0.00184233 0.0109205 0.000284177 0.00024347 1.50011e-05 0.0924727 0.00124506 7.13196 1.00282 80.0563 13.2621 1089.27 60.2509 1176.45 62.3782 1176.45 62.3782 0.566136 0.00897954 
200 0.24 641600000 568.922 10.0415 -45.5138 0.449978 2359.46 43.9989 8.48994e+06 336801 -0.000761403 0.00193696 0.000617198 0.00184233 0.0109205 0.000284177 0.00024347 1.50011e-05 0.0924727 0.00124506 7.13196 1.00282 80.0563 13.2621 1089.27 60.2509 1176.45 62.3782 1176.45 62.3782 0.566136 0.00897954 
200 0.24 642000000 568.922 10.0368 -45.5138 0.449978 2359.46 43.9989 8.48994e+06 336801 -0.000761403 0.00193696 0.000617198 0.00184233 0.0109205 0.000284177 0.00024347 1.50011e-05 0.0924727 0.00124506 7.13196 1.00282 80.0563 13.2621 1089.27 60.2509 1176.45 62.3782 1176.45 62.3782 0.566136 0.00897954 
200 0.24 642400000 568.922 10.0368 -45.5138 0.449978 2359.46 43.9989 8.48994e+06 336801 -0.000761403 0.00193696 0.000617198 0.00184233 0.0109205 0.000284177 0.00024347 1.50011e-05 0.0924727 0.00124506 7.13196 1.00282 80.0563 13.2621 1089.27 60.2509 1176.45 62.3782 1176.45 62.3782 0.566136 0.00897954 
200 0.24 642800000 568.922 10.0368 -45.5138 0.449978 2359.46 43.9989 8.48994e+06 336801 -0.000761403 0.00193696 0.000617198 0.00184233 0.0109205 0.000284177 0.00024347 1.50011e-05 0.0924727 0.00124506 7.13196 1.00282 80.0563 13.2621 1089.27 60.2509 1176.45 62.3782 1176.45 62.3782 0.566136 0.00897954 
200 0.24 643200000 568.922 10.0368 -45.5138 0.449978 2359.46 43.9989 8.48994e+06 336801 -0.000761403 0.00193696 0.000617198 0.00184233 0.0109205 0.000284177 0.00024347 1.50011e-05 0.0924727 0.00124506 7.13196 1.00282 80.0563 13.2621 1089.27 60.2509 1176.45 62.3782 1176.45 62.3782 0.566136 0.00897954 
200 0.24 643600000 568.922 10.0368 -45.5138 0.449978 2359.46 43.9989 8.48994e+06 336801 -0.000761403 0.00193696 0.000617198 0.00184233 0.0109205 0.000284177 0.00024347 1.50011e-05 0.0924727 0.00124506 7.13196 1.00282 80.0563 13.2621 1089.27 60.2509 1176.45 62.3782 1176.45 62.3782 0.566136 0.00897954 
200 0.24 644000000 568.922 10.0368 -45.5138 0.449978 2359.46 43.9989 8.48994e+06 336801 -0.000761403 0.00193696 0.000617198 0.00184233 0.0109205 0.000284177 0.00024347 1.50011e-05 0.0924727 0.00124506 7.13196 1.00282 80.0563 13.2621 1089.27 60.2509 1176.45 62.3782 1176.45 62.3782 0.566136 0.00897954 
200 0.24 644400000 568.922 10.0368 -45.5138 0.449978 2359.46 43.7957 8.48994e+06 335313 -0.000761403 0.00193696 0.000617198 0.0018474 0.0109205 0.000284177 0.00024347 1.50011e-05 0.0924727 0.00124506 7.13196 1.00282 80.0563 13.2621 1089.27 60.2509 1176.45 62.3782 1176.45 62.3782 0.566136 0.00897954 
200 0.24 644800000 568.922 10.0368 -45.5138 0.449978 2359.46 43.7957 8.48994e+06 335313 -0.000761403 0.00193696 0.000617198 0.0018474 0.0109205 0.000284177 0.00024347 1.50011e-05 0.0924727 0.00124506 7.13196 1.00282 80.0563 13.2621 1089.27 60.2509 1176.45 62.3782 1176.45 62.3782 0.566136 0.00897954 
200 0.24 645200000 568.922 10.0368 -45.5138 0.449978 2359.46 43.7957 8.48994e+06 335313 -0.000761403 0.00193696 0.000617198 0.0018474 0.0109205 0.000284177 0.00024347 1.50011e-05 0.0924727 0.00124506 7.13196 1.00282 80.0563 13.2621 1089.27 60.2509 1176.45 62.3782 1176.45 62.3782 0.566136 0.00897954 
200 0.24 645600000 568.922 10.0368 -45.5138 0.449978 2359.46 43.7957 8.48994e+06 335313 -0.000761403 0.00193696 0.000617198 0.0018474 0.0109205 0.000284177 0.00024347 1.50011e-05 0.0924727 0.00124506 7.13196 1.00282 80.0563 13.2621 1089.27 60.2509 1176.45 62.3782 1176.45 62.3782 0.566136 0.00897954 
200 0.24 646000000 568.922 10.0368 -45.5138 0.449978 2359.46 43.7957 8.48994e+06 335313 -0.000761403 0.00193696 0.000617198 0.0018474 0.0109205 0.000284177 0.00024347 1.50011e-05 0.0924727 0.00124506 7.13196 1.00282 80.0563 13.2621 1089.27 60.2509 1176.45 62.3782 1176.45 62.3782 0.566136 0.00897954 
200 0.24 646400000 568.922 10.0368 -45.5138 0.449978 2359.46 43.7957 8.48994e+06 335313 -0.000761403 0.00193696 0.000617198 0.0018474 0.0109205 0.000284177 0.00024347 1.50011e-05 0.0924727 0.00124506 7.13196 1.00282 80.0563 13.2621 1089.27 60.2509 1176.45 62.3782 1176.45 62.3782 0.566136 0.00897954 
200 0.24 646800000 568.922 10.0368 -45.5138 0.449978 2359.46 43.7957 8.48994e+06 335313 -0.000761403 0.00193696 0.000617198 0.0018474 0.0109205 0.000284177 0.00024347 1.50011e-05 0.0924727 0.00124506 7.13196 1.00282 80.0563 13.2621 1089.27 60.2509 1176.45 62.3782 1176.45 62.3782 0.566136 0.00897954 
200 0.24 647200000 568.922 10.0368 -45.5138 0.449978 2359.46 43.7957 8.48994e+06 335313 -0.000761403 0.00193696 0.000617198 0.0018474 0.0109205 0.000284177 0.00024347 1.50011e-05 0.0924727 0.00124506 7.13196 1.00282 80.0563 13.2621 1089.27 60.2509 1176.45 62.3782 1176.45 62.3782 0.566136 0.00897954 
200 0.24 647600000 568.922 9.99102 -45.5138 0.439126 2359.46 44.1216 8.48994e+06 339187 -0.000761403 0.0019026 0.000617198 0.00184602 0.0109205 0.00028867 0.00024347 1.49964e-05 0.0924727 0.00127198 7.13196 0.972171 80.0563 13.2621 1089.27 60.2509 1176.45 62.3782 1176.45 62.3782 0.566136 0.00897954 
200 0.24 648000000 568.922 9.99102 -45.5138 0.439126 2359.46 44.1216 8.48994e+06 339187 -0.000761403 0.0019026 0.000617198 0.00184602 0.0109205 0.00028867 0.00024347 1.49964e-05 0.0924727 0.00127198 7.13196 0.972171 80.0563 13.2621 1089.27 60.2509 1176.45 62.3782 1176.45 62.3782 0.566136 0.00897954 
200 0.24 648400000 568.922 9.99102 -45.5138 0.439126 2359.46 44.1216 8.48994e+06 339187 -0.000761403 0.0019026 0.000617198 0.00184602 0.0109205 0.00028867 0.00024347 1.49964e-05 0.0924727 0.00127198 7.13196 0.972171 80.0563 13.2621 1089.27 60.2509 1176.45 62.3782 1176.45 62.3782 0.566136 0.00897954 
200 0.24 648800000 568.922 9.99102 -45.5138 0.439126 2359.46 44.1216 8.48994e+06 339187 -0.000761403 0.0019026 0.000617198 0.00184602 0.0109205 0.00028867 0.00024347 1.49964e-05 0.0924727 0.00127198 7.13196 0.972171 80.0563 13.2621 1089.27 60.2509 1176.45 62.3782 1176.45 62.3782 0.566136 0.00897954 
200 0.24 649200000 568.922 9.99102 -45.5138 0.439126 2359.46 44.1216 8.48994e+06 338341 -0.000761403 0.0019026 0.000617198 0.00184602 0.0109205 0.00028867 0.00024347 1.49964e-05 0.0924727 0.00127198 7.13196 0.972171 80.0563 13.2621 1089.27 60.2509 1176.45 62.3782 1176.45 62.3782 0.566136 0.00897954 
200 0.24 649600000 568.922 9.99102 -45.5138 0.439126 2359.46 44.1216 8.48994e+06 338341 -0.000761403 0.0019026 0.000617198 0.00184602 0.0109205 0.00028867 0.00024347 1.49964e-05 0.0924727 0.00127198 7.13196 0.972171 80.0563 13.2621 1089.27 60.2509 1176.45 62.3782 1176.45 62.3782 0.566136 0.00897954 
200 0.24 650000000 568.922 9.99102 -45.5138 0.439126 2359.46 44.1216 8.48994e+06 338341 -0.000761403 0.0019026 0.000617198 0.00184602 0.0109205 0.00028867 0.00024347 1.49964e-05 0.0924727 0.00127198 7.13196 0.972171 80.0563 13.2621 1089.27 60.2509 1176.45 62.3782 1176.45 62.3782 0.566136 0.00897954 
200 0.24 650400000 568.922 9.99102 -45.5138 0.439126 2359.46 44.1216 8.48994e+06 338341 -0.000761403 0.0019026 0.000617198 0.00184602 0.0109205 0.00028867 0.00024347 1.49964e-05 0.0924727 0.00127198 7.13196 0.972171 80.0563 13.2621 1089.27 60.2509 1176.45 62.3782 1176.45 62.3782 0.566136 0.00897954 
200 0.24 650800000 568.922 9.99102 -45.5138 0.436943 2359.46 43.904 8.48994e+06 337654 -0.000761403 0.0019026 0.000617198 0.0018406 0.0109205 0.00028867 0.00024347 1.49964e-05 0.0924727 0.00127198 7.13196 0.972171 80.0563 13.2621 1089.27 60.2509 1176.45 62.3782 1176.45 62.3782 0.566136 0.00897954 
200 0.24 651200000 568.922 9.99102 -45.5138 0.436943 2359.46 43.904 8.48994e+06 337654 -0.000761403 0.0019026 0.000617198 0.0018406 0.0109205 0.00028867 0.00024347 1.49964e-05 0.0924727 0.00127198 7.13196 0.972171 80.0563 13.2621 1089.27 60.2509 1176.45 62.3782 1176.45 62.3782 0.566136 0.00897954 
200 0.24 651600000 568.922 9.99102 -45.5138 0.436943 2359.46 43.904 8.48994e+06 337654 -0.000761403 0.0019026 0.000617198 0.0018406 0.0109205 0.00028867 0.00024347 1.49964e-05 0.0924727 0.00127198 7.13196 0.972171 80.0563 13.2621 1089.27 60.2509 1176.45 62.3782 1176.45 62.3782 0.566136 0.00897954 
200 0.24 652000000 568.922 9.99102 -45.5138 0.436943 2359.46 43.904 8.48994e+06 337654 -0.000761403 0.0019026 0.000617198 0.0018406 0.0109205 0.00028867 0.00024347 1.49964e-05 0.0924727 0.00127198 7.13196 0.972171 80.0563 13.2621 1089.27 60.2509 1176.45 62.3782 1176.45 62.3782 0.566136 0.00897954 
200 0.24 652400000 568.922 9.99102 -45.5138 0.436943 2359.46 43.904 8.48994e+06 336958 -0.000761403 0.0019026 0.000617198 0.0018406 0.0109205 0.00028867 0.00024347 1.49964e-05 0.0924727 0.00127198 7.13196 0.972171 80.0563 13.2621 1089.27 60.2509 1176.45 62.3782 1176.45 62.3782 0.566136 0.00897954 
200 0.24 652800000 568.922 9.99102 -45.5138 0.436943 2359.46 43.904 8.48994e+06 336958 -0.000761403 0.0019026 0.000617198 0.0018406 0.0109205 0.00028867 0.00024347 1.49964e-05 0.0924727 0.00127198 7.13196 0.972171 80.0563 13.2621 1089.27 60.2509 1176.45 62.3782 1176.45 62.3782 0.566136 0.00897954 
200 0.24 653200000 568.922 9.99102 -45.5138 0.436943 2359.46 43.904 8.48994e+06 336958 -0.000761403 0.0019026 0.000617198 0.0018406 0.0109205 0.00028867 0.00024347 1.49964e-05 0.0924727 0.00127198 7.13196 0.972171 80.0563 13.2621 1089.27 60.2509 1176.45 62.3782 1176.45 62.3782 0.566136 0.00897954 
200 0.24 653600000 568.922 9.99102 -45.5138 0.436943 2359.46 43.904 8.48994e+06 336958 -0.000761403 0.0019026 0.000617198 0.0018406 0.0109205 0.00028867 0.00024347 1.49964e-05 0.0924727 0.00127198 7.13196 0.972171 80.0563 13.2621 1089.27 60.2509 1176.45 62.3782 1176.45 62.3782 0.566136 0.00897954 
200 0.24 654000000 568.922 9.94227 -45.5138 0.436732 2359.46 43.8632 8.48994e+06 336501 -0.000761403 0.0019026 0.000617198 0.00183821 0.0109205 0.000287417 0.00024347 1.48949e-05 0.0924727 0.00126647 7.13196 0.972171 80.0563 13.2621 1089.27 60.2509 1176.45 62.3782 1176.45 62.3782 0.566136 0.00897954 
200 0.24 654400000 568.922 9.94227 -45.5138 0.436732 2359.46 43.8632 8.48994e+06 336501 -0.000761403 0.0019026 0.000617198 0.00183821 0.0109205 0.000287417 0.00024347 1.48949e-05 0.0924727 0.00126647 7.13196 0.972171 80.0563 13.2621 1089.27 60.2509 1176.45 62.3782 1176.45 62.3782 0.566136 0.00897954 
200 0.24 654800000 568.922 9.94227 -45.5138 0.436732 2359.46 43.8632 8.48994e+06 336501 -0.000761403 0.0019026 0.000617198 0.00183821 0.0109205 0.000287417 0.00024347 1.48949e-05 0.0924727 0.00126647 7.13196 0.972171 80.0563 13.2621 1089.27 60.2509 1176.45 62.3782 1176.45 62.3782 0.566136 0.00897954 
200 0.24 655200000 568.922 9.94227 -45.5138 0.436732 2359.46 43.8632 8.48994e+06 336501 -0.000761403 0.0019026 0.000617198 0.00183821 0.0109205 0.000287417 0.00024347 1.48949e-05 0.0924727 0.00126647 7.13196 0.972171 80.0563 13.2621 1089.27 60.2509 1176.45 62.3782 1176.45 62.3782 0.566136 0.00897954 
200 0.24 655600000 568.922 9.94227 -45.5138 0.436732 2359.46 43.8632 8.48994e+06 335835 -0.000761403 0.0019026 0.000617198 0.00183821 0.0109205 0.000287417 0.00024347 1.48949e-05 0.0924727 0.00126647 7.13196 0.972171 80.0563 13.2621 1089.27 60.2509 1176.45 62.3782 1176.45 62.3782 0.566136 0.00897954 
200 0.24 656000000 568.922 9.94227 -45.5138 0.436732 2359.46 43.8632 8.48994e+06 335835 -0.000761403 0.0019026 0.000617198 0.00183821 0.0109205 0.000287417 0.00024347 1.48949e-05 0.0924727 0.00126647 7.13196 0.972171 80.0563 13.2621 1089.27 60.2509 1176.45 62.3782 1176.45 62.3782 0.566136 0.00897954 
200 0.24 656400000 568.922 9.94227 -45.5138 0.436732 2359.46 43.8632 8.48994e+06 335835 -0.000761403 0.0019026 0.000617198 0.00183821 0.0109205 0.000287417 0.00024347 1.48949e-05 0.0924727 0.00126647 7.13196 0.972171 80.0563 13.2621 1089.27 60.2509 1176.45 62.3782 1176.45 62.3782 0.566136 0.00897954 
200 0.24 656800000 568.922 9.94227 -45.5138 0.436732 2359.46 43.8632 8.48994e+06 335835 -0.000761403 0.0019026 0.000617198 0.00183821 0.0109205 0.000287417 0.00024347 1.48949e-05 0.0924727 0.00126647 7.13196 0.972171 80.0563 13.2621 1089.27 60.2509 1176.45 62.3782 1176.45 62.3782 0.566136 0.00897954 
200 0.24 657200000 568.922 9.94227 -45.5138 0.434581 2359.46 43.6642 8.48994e+06 335093 -0.000761403 0.0019026 0.000617198 0.00183359 0.0109205 0.000287417 0.00024347 1.48949e-05 0.0924727 0.00126647 7.13196 0.972171 80.0563 13.2621 1089.27 60.2509 1176.45 62.3782 1176.45 62.3782 0.566136 0.00897954 
200 0.24 657600000 568.922 9.94227 -45.5138 0.434581 2359.46 43.6642 8.48994e+06 335093 -0.000761403 0.0019026 0.000617198 0.00183359 0.0109205 0.000287417 0.00024347 1.48949e-05 0.0924727 0.00126647 7.13196 0.972171 80.0563 13.2621 1089.27 60.2509 1176.45 62.3782 1176.45 62.3782 0.566136 0.00897954 
200 0.24 658000000 568.922 9.94227 -45.5138 0.434581 2359.46 43.6642 8.48994e+06 335093 -0.000761403 0.0019026 0.000617198 0.00183359 0.0109205 0.000287417 0.00024347 1.48949e-05 0.0924727 0.00126647 7.13196 0.972171 80.0563 13.2621 1089.27 60.2509 1176.45 62.3782 1176.45 62.3782 0.566136 0.00897954 
200 0.24 658400000 568.922 9.94227 -45.5138 0.434581 2359.46 43.6642 8.48994e+06 335093 -0.000761403 0.0019026 0.000617198 0.00183359 0.0109205 0.000287417 0.00024347 1.48949e-05 0.0924727 0.00126647 7.13196 0.972171 80.0563 13.2621 1089.27 60.2509 1176.45 62.3782 1176.45 62.3782 0.566136 0.00897954 
200 0.24 658800000 568.922 9.94227 -45.5138 0.434581 2359.46 43.6642 8.48994e+06 334532 -0.000761403 0.0019026 0.000617198 0.00183359 0.0109205 0.000287417 0.00024347 1.48949e-05 0.0924727 0.00126647 7.13196 0.972171 80.0563 13.2621 1089.27 60.2509 1176.45 62.3782 1176.45 62.3782 0.566136 0.00897954 
200 0.24 659200000 568.922 9.94227 -45.5138 0.434581 2359.46 43.6642 8.48994e+06 334532 -0.000761403 0.0019026 0.000617198 0.00183359 0.0109205 0.000287417 0.00024347 1.48949e-05 0.0924727 0.00126647 7.13196 0.972171 80.0563 13.2621 1089.27 60.2509 1176.45 62.3782 1176.45 62.3782 0.566136 0.00897954 
200 0.24 659600000 568.922 9.94227 -45.5138 0.434581 2359.46 43.6642 8.48994e+06 334532 -0.000761403 0.0019026 0.000617198 0.00183359 0.0109205 0.000287417 0.00024347 1.48949e-05 0.0924727 0.00126647 7.13196 0.972171 80.0563 13.2621 1089.27 60.2509 1176.45 62.3782 1176.45 62.3782 0.566136 0.00897954 
200 0.24 660000000 568.922 9.94227 -45.5138 0.434581 2359.46 43.6642 8.48994e+06 334532 -0.000761403 0.0019026 0.000617198 0.00183359 0.0109205 0.000287417 0.00024347 1.48949e-05 0.0924727 0.00126647 7.13196 0.972171 80.0563 13.2621 1089.27 60.2509 1176.45 62.3782 1176.45 62.3782 0.566136 0.00897954 
200 0.24 660400000 568.922 9.87222 -45.5138 0.432711 2359.46 43.4932 8.48994e+06 334222 -0.000761403 0.0018739 0.000617198 0.00182836 0.0109205 0.000284602 0.00024347 1.4753e-05 0.0924727 0.00125418 7.13196 0.972171 80.0563 13.2621 1089.27 60.2509 1176.45 62.3782 1176.45 62.3782 0.566136 0.00897954 
200 0.24 660800000 568.922 9.87222 -45.5138 0.432711 2359.46 43.4932 8.48994e+06 334222 -0.000761403 0.0018739 0.000617198 0.00182836 0.0109205 0.000284602 0.00024347 1.4753e-05 0.0924727 0.00125418 7.13196 0.972171 80.0563 13.2621 1089.27 60.2509 1176.45 62.3782 1176.45 62.3782 0.566136 0.00897954 
200 0.24 661200000 568.922 9.87222 -45.5138 0.432711 2359.46 43.4932 8.48994e+06 334222 -0.000761403 0.0018739 0.000617198 0.00182836 0.0109205 0.000284602 0.00024347 1.4753e-05 0.0924727 0.00125418 7.13196 0.972171 80.0563 13.2621 1089.27 60.2509 1176.45 62.3782 1176.45 62.3782 0.566136 0.00897954 
200 0.24 661600000 568.922 9.87222 -45.5138 0.432711 2359.46 43.4932 8.48994e+06 334222 -0.000761403 0.0018739 0.000617198 0.00182836 0.0109205 0.000284602 0.00024347 1.4753e-05 0.0924727 0.00125418 7.13196 0.972171 80.0563 13.2621 1089.27 60.2509 1176.45 62.3782 1176.45 62.3782 0.566136 0.00897954 
200 0.24 662000000 568.922 9.87222 -45.5138 0.432711 2359.46 43.4932 8.48994e+06 334222 -0.000761403 0.0018739 0.000617198 0.00182836 0.0109205 0.000284602 0.00024347 1.4753e-05 0.0924727 0.00125418 7.13196 0.972171 80.0563 13.2621 1089.27 60.2509 1176.45 62.3782 1176.45 62.3782 0.566136 0.00897954 
200 0.24 662400000 568.922 9.87222 -45.5138 0.432711 2359.46 43.4932 8.48994e+06 334222 -0.000761403 0.0018739 0.000617198 0.00182836 0.0109205 0.000284602 0.00024347 1.4753e-05 0.0924727 0.00125418 7.13196 0.972171 80.0563 13.2621 1089.27 60.2509 1176.45 62.3782 1176.45 62.3782 0.566136 0.00897954 
200 0.24 662800000 568.922 9.87222 -45.5138 0.432711 2359.46 43.4932 8.48994e+06 334222 -0.000761403 0.0018739 0.000617198 0.00182836 0.0109205 0.000284602 0.00024347 1.4753e-05 0.0924727 0.00125418 7.13196 0.972171 80.0563 13.2621 1089.27 60.2509 1176.45 62.3782 1176.45 62.3782 0.566136 0.00897954 
200 0.24 663200000 568.922 9.87222 -45.5138 0.432711 2359.46 43.4932 8.48994e+06 334222 -0.000761403 0.0018739 0.000617198 0.00182836 0.0109205 0.000284602 0.00024347 1.4753e-05 0.0924727 0.00125418 7.13196 0.972171 80.0563 13.2621 1089.27 60.2509 1176.45 62.3782 1176.45 62.3782 0.566136 0.00897954 
200 0.24 663600000 568.922 9.87222 -45.5138 0.432002 2359.46 43.2972 8.48994e+06 334222 -0.000761403 0.0018739 0.000617198 0.00182201 0.0109205 0.000284602 0.00024347 1.4753e-05 0.0924727 0.00125418 7.13196 0.972171 80.0563 13.2621 1089.27 60.2509 1176.45 62.3782 1176.45 62.3782 0.566136 0.00897954 
200 0.24 664000000 568.922 9.87222 -45.5138 0.432002 2359.46 43.2972 8.48994e+06 334222 -0.000761403 0.0018739 0.000617198 0.00182201 0.0109205 0.000284602 0.00024347 1.4753e-05 0.0924727 0.00125418 7.13196 0.972171 80.0563 13.2621 1089.27 60.2509 1176.45 62.3782 1176.45 62.3782 0.566136 0.00897954 
200 0.24 664400000 568.922 9.87222 -45.5138 0.432002 2359.46 43.2972 8.48994e+06 334222 -0.000761403 0.0018739 0.000617198 0.00182201 0.0109205 0.000284602 0.00024347 1.4753e-05 0.0924727 0.00125418 7.13196 0.972171 80.0563 13.2621 1089.27 60.2509 1176.45 62.3782 1176.45 62.3782 0.566136 0.00897954 
200 0.24 664800000 568.922 9.87222 -45.5138 0.432002 2359.46 43.2972 8.48994e+06 334222 -0.000761403 0.0018739 0.000617198 0.00182201 0.0109205 0.000284602 0.00024347 1.4753e-05 0.0924727 0.00125418 7.13196 0.972171 80.0563 13.2621 1089.27 60.2509 1176.45 62.3782 1176.45 62.3782 0.566136 0.00897954 
200 0.24 665200000 568.922 9.87222 -45.5138 0.432002 2359.46 43.2972 8.48994e+06 334222 -0.000761403 0.0018739 0.000617198 0.00182201 0.0109205 0.000284602 0.00024347 1.4753e-05 0.0924727 0.00125418 7.13196 0.972171 80.0563 13.2621 1089.27 60.2509 1176.45 62.3782 1176.45 62.3782 0.566136 0.00897954 
200 0.24 665600000 568.922 9.87222 -45.5138 0.432002 2359.46 43.2972 8.48994e+06 334222 -0.000761403 0.0018739 0.000617198 0.00182201 0.0109205 0.000284602 0.00024347 1.4753e-05 0.0924727 0.00125418 7.13196 0.972171 80.0563 13.2621 1089.27 60.2509 1176.45 62.3782 1176.45 62.3782 0.566136 0.00897954 
200 0.24 666000000 568.922 9.87222 -45.5138 0.432002 2359.46 43.2972 8.48994e+06 334222 -0.000761403 0.0018739 0.000617198 0.00182201 0.0109205 0.000284602 0.00024347 1.4753e-05 0.0924727 0.00125418 7.13196 0.972171 80.0563 13.2621 1089.27 60.2509 1176.45 62.3782 1176.45 62.3782 0.566136 0.00897954 
200 0.24 666400000 568.922 9.87222 -45.5138 0.432002 2359.46 43.2972 8.48994e+06 334222 -0.000761403 0.0018739 0.000617198 0.00182201 0.0109205 0.000284602 0.00024347 1.4753e-05 0.0924727 0.00125418 7.13196 0.972171 80.0563 13.2621 1089.27 60.2509 1176.45 62.3782 1176.45 62.3782 0.566136 0.00897954 
200 0.24 666800000 568.922 9.7889 -45.5138 0.432002 2359.46 43.1674 8.48994e+06 334222 -0.000761403 0.0018739 0.000617198 0.00181542 0.0109205 0.000281991 0.00024347 1.46112e-05 0.0924727 0.0012432 7.13196 0.972171 80.0563 13.2621 1089.27 60.2509 1176.45 62.3782 1176.45 62.3782 0.566136 0.00897954 
200 0.24 667200000 568.922 9.7889 -45.5138 0.432002 2359.46 43.1674 8.48994e+06 334222 -0.000761403 0.0018739 0.000617198 0.00181542 0.0109205 0.000281991 0.00024347 1.46112e-05 0.0924727 0.0012432 7.13196 0.972171 80.0563 13.2621 1089.27 60.2509 1176.45 62.3782 1176.45 62.3782 0.566136 0.00897954 
200 0.24 667600000 568.922 9.77898 -45.5138 0.432002 2359.46 43.1674 8.48994e+06 334222 -0.000761403 0.0018739 0.000617198 0.00181542 0.0109205 0.000281991 0.00024347 1.46112e-05 0.0924727 0.0012432 7.13196 0.972171 80.0563 13.2621 1089.27 60.2509 1176.45 62.3782 1176.45 62.3782 0.566136 0.00897954 
200 0.24 668000000 568.922 9.77898 -45.5138 0.432002 2359.46 43.1674 8.48994e+06 334222 -0.000761403 0.0018739 0.000617198 0.00181542 0.0109205 0.000281991 0.00024347 1.46112e-05 0.0924727 0.0012432 7.13196 0.972171 80.0563 13.2621 1089.27 60.2509 1176.45 62.3782 1176.45 62.3782 0.566136 0.00897954 
200 0.24 668400000 568.922 9.77898 -45.5138 0.432002 2359.46 43.1674 8.48994e+06 334222 -0.000761403 0.0018739 0.000617198 0.00181542 0.0109205 0.000281991 0.00024347 1.46112e-05 0.0924727 0.0012432 7.13196 0.972171 80.0563 13.2621 1089.27 60.2509 1176.45 62.3782 1176.45 62.3782 0.566136 0.00897954 
200 0.24 668800000 568.922 9.77898 -45.5138 0.432002 2359.46 43.1674 8.48994e+06 334222 -0.000761403 0.0018739 0.000617198 0.00181542 0.0109205 0.000281991 0.00024347 1.46112e-05 0.0924727 0.0012432 7.13196 0.972171 80.0563 13.2621 1089.27 60.2509 1176.45 62.3782 1176.45 62.3782 0.566136 0.00897954 
200 0.24 669200000 568.922 9.77898 -45.5138 0.432002 2359.46 43.1674 8.48994e+06 334222 -0.000761403 0.0018739 0.000617198 0.00181542 0.0109205 0.000281991 0.00024347 1.46112e-05 0.0924727 0.0012432 7.13196 0.972171 80.0563 13.2621 1089.27 60.2509 1176.45 62.3782 1176.45 62.3782 0.566136 0.00897954 
200 0.24 669600000 568.922 9.77898 -45.5138 0.432002 2359.46 43.1674 8.48994e+06 334222 -0.000761403 0.0018739 0.000617198 0.00181542 0.0109205 0.000281991 0.00024347 1.46112e-05 0.0924727 0.0012432 7.13196 0.972171 80.0563 13.2621 1089.27 60.2509 1176.45 62.3782 1176.45 62.3782 0.566136 0.00897954 
200 0.24 670000000 568.922 9.77898 -45.5138 0.432002 2359.46 42.96 8.48994e+06 334222 -0.000761403 0.0018739 0.000617198 0.00180668 0.0109205 0.000281991 0.00024347 1.46112e-05 0.0924727 0.0012432 7.13196 0.972171 80.0563 13.2621 1089.27 60.2509 1176.45 62.3782 1176.45 62.3782 0.566136 0.00897954 
200 0.24 670400000 568.922 9.77898 -45.5138 0.432002 2359.46 42.96 8.48994e+06 334222 -0.000761403 0.0018739 0.000617198 0.00180668 0.0109205 0.000281991 0.00024347 1.46112e-05 0.0924727 0.0012432 7.13196 0.972171 80.0563 13.2621 1089.27 60.2509 1176.45 62.3782 1176.45 62.3782 0.566136 0.00897954 
200 0.24 670800000 568.922 9.77898 -45.5138 0.432002 2359.46 42.96 8.48994e+06 334222 -0.000761403 0.0018739 0.000617198 0.00180668 0.0109205 0.000281991 0.00024347 1.46112e-05 0.0924727 0.0012432 7.13196 0.972171 80.0563 13.2621 1089.27 60.2509 1176.45 62.3782 1176.45 62.3782 0.566136 0.00897954 
200 0.24 671200000 568.922 9.77898 -45.5138 0.432002 2359.46 42.96 8.48994e+06 334222 -0.000761403 0.0018739 0.000617198 0.00180668 0.0109205 0.000281991 0.00024347 1.46112e-05 0.0924727 0.0012432 7.13196 0.972171 80.0563 13.2621 1089.27 60.2509 1176.45 62.3782 1176.45 62.3782 0.566136 0.00897954 
200 0.24 671600000 568.922 9.77898 -45.5138 0.432002 2359.46 42.96 8.48994e+06 334222 -0.000761403 0.0018739 0.000617198 0.00180668 0.0109205 0.000281991 0.00024347 1.46112e-05 0.0924727 0.0012432 7.13196 0.972171 80.0563 13.2621 1089.27 60.2509 1176.45 62.3782 1176.45 62.3782 0.566136 0.00897954 
200 0.24 672000000 568.922 9.77898 -45.5138 0.432002 2359.46 42.96 8.48994e+06 334222 -0.000761403 0.0018739 0.000617198 0.00180668 0.0109205 0.000281991 0.00024347 1.46112e-05 0.0924727 0.0012432 7.13196 0.972171 80.0563 13.2621 1089.27 60.2509 1176.45 62.3782 1176.45 62.3782 0.566136 0.00897954 
200 0.24 672400000 568.922 9.77898 -45.5138 0.432002 2359.46 42.96 8.48994e+06 334222 -0.000761403 0.0018739 0.000617198 0.00180668 0.0109205 0.000281991 0.00024347 1.46112e-05 0.0924727 0.0012432 7.13196 0.972171 80.0563 13.2621 1089.27 60.2509 1176.45 62.3782 1176.45 62.3782 0.566136 0.00897954 
200 0.24 672800000 568.922 9.77898 -45.5138 0.432002 2359.46 42.96 8.48994e+06 334222 -0.000761403 0.0018739 0.000617198 0.00180668 0.0109205 0.000281991 0.00024347 1.46112e-05 0.0924727 0.0012432 7.13196 0.972171 80.0563 13.2621 1089.27 60.2509 1176.45 62.3782 1176.45 62.3782 0.566136 0.00897954 
200 0.24 673200000 572.575 9.81302 -45.5203 0.426485 2359.61 42.876 8.49492e+06 334222 -0.0010162 0.00184833 0.000156458 0.00180239 0.0109835 0.000279503 0.000243747 1.4471e-05 0.0928049 0.00123207 7.09082 0.932413 80.5318 12.5875 1100.07 60.2509 1187.69 62.3782 1187.69 62.3782 0.568917 0.00897954 
200 0.24 673600000 572.575 9.81302 -45.5203 0.426485 2359.61 42.876 8.49492e+06 334222 -0.0010162 0.00184833 0.000156458 0.00180239 0.0109835 0.000279503 0.000243747 1.4471e-05 0.0928049 0.00123207 7.09082 0.932413 80.5318 12.5875 1100.07 60.2509 1187.69 62.3782 1187.69 62.3782 0.568917 0.00897954 
200 0.24 674000000 572.575 9.81302 -45.5203 0.426485 2359.61 42.876 8.49492e+06 334222 -0.0010162 0.00184833 0.000156458 0.00180239 0.0109835 0.000279503 0.000243747 1.4471e-05 0.0928049 0.00123207 7.09082 0.932413 80.5318 12.5875 1100.07 60.2509 1187.69 62.3782 1187.69 62.3782 0.568917 0.00897954 
200 0.24 674400000 572.575 9.81302 -45.5203 0.426485 2359.61 42.876 8.49492e+06 334222 -0.0010162 0.00184833 0.000156458 0.00180239 0.0109835 0.000279503 0.000243747 1.4471e-05 0.0928049 0.00123207 7.09082 0.932413 80.5318 12.5875 1100.07 60.2509 1187.69 62.3782 1187.69 62.3782 0.568917 0.00897954 
200 0.24 674800000 572.575 9.81302 -45.5203 0.426485 2359.61 42.876 8.49492e+06 334222 -0.0010162 0.00184833 0.000156458 0.00180239 0.0109835 0.000279503 0.000243747 1.4471e-05 0.0928049 0.00123207 7.09082 0.930191 80.5318 12.5875 1100.07 60.2509 1187.69 62.3782 1187.69 62.3782 0.568917 0.00897954 
200 0.24 675200000 572.575 9.81302 -45.5203 0.426485 2359.61 42.876 8.49492e+06 334222 -0.0010162 0.00184833 0.000156458 0.00180239 0.0109835 0.000279503 0.000243747 1.4471e-05 0.0928049 0.00123207 7.09082 0.930191 80.5318 12.5875 1100.07 60.2509 1187.69 62.3782 1187.69 62.3782 0.568917 0.00897954 
200 0.24 675600000 572.575 9.81302 -45.5203 0.426485 2359.61 42.876 8.49492e+06 334222 -0.0010162 0.00184833 0.000156458 0.00180239 0.0109835 0.000279503 0.000243747 1.4471e-05 0.0928049 0.00123207 7.09082 0.930191 80.5318 12.5875 1100.07 60.2509 1187.69 62.3782 1187.69 62.3782 0.568917 0.00897954 
200 0.24 676000000 572.575 9.81302 -45.5203 0.426485 2359.61 42.876 8.49492e+06 334222 -0.0010162 0.00184833 0.000156458 0.00180239 0.0109835 0.000279503 0.000243747 1.4471e-05 0.0928049 0.00123207 7.09082 0.930191 80.5318 12.5875 1100.07 60.2509 1187.69 62.3782 1187.69 62.3782 0.568917 0.00897954 
200 0.24 676400000 572.575 9.81302 -45.5203 0.424699 2359.61 42.7307 8.49492e+06 334222 -0.0010162 0.00184833 0.000156458 0.00180375 0.0109835 0.000279503 0.000243747 1.4471e-05 0.0928049 0.00123207 7.09082 0.92797 80.5318 12.5875 1100.07 60.2509 1187.69 62.3782 1187.69 62.3782 0.568917 0.00897954 
200 0.24 676800000 572.575 9.81302 -45.5203 0.424699 2359.61 42.7307 8.49492e+06 334222 -0.0010162 0.00184833 0.000156458 0.00180375 0.0109835 0.000279503 0.000243747 1.4471e-05 0.0928049 0.00123207 7.09082 0.92797 80.5318 12.5875 1100.07 60.2509 1187.69 62.3782 1187.69 62.3782 0.568917 0.00897954 
200 0.24 677200000 572.575 9.81302 -45.5203 0.424699 2359.61 42.7307 8.49492e+06 334222 -0.0010162 0.00184833 0.000156458 0.00180375 0.0109835 0.000279503 0.000243747 1.4471e-05 0.0928049 0.00123207 7.09082 0.92797 80.5318 12.5875 1100.07 60.2509 1187.69 62.3782 1187.69 62.3782 0.568917 0.00897954 
200 0.24 677600000 572.575 9.81302 -45.5203 0.424699 2359.61 42.7307 8.49492e+06 334222 -0.0010162 0.00184833 0.000156458 0.00180375 0.0109835 0.000279503 0.000243747 1.4471e-05 0.0928049 0.00123207 7.09082 0.92797 80.5318 12.5875 1100.07 60.2509 1187.69 62.3782 1187.69 62.3782 0.568917 0.00897954 
200 0.24 678000000 572.575 9.81302 -45.5203 0.424699 2359.61 42.7307 8.49492e+06 334222 -0.0010162 0.00184833 0.000156458 0.00180375 0.0109835 0.000279503 0.000243747 1.4471e-05 0.0928049 0.00123207 7.09082 0.926115 80.5318 12.5875 1100.07 60.2509 1187.69 62.3782 1187.69 62.3782 0.568917 0.00897954 
200 0.24 678400000 572.575 9.81302 -45.5203 0.424699 2359.61 42.7307 8.49492e+06 334222 -0.0010162 0.00184833 0.000156458 0.00180375 0.0109835 0.000279503 0.000243747 1.4471e-05 0.0928049 0.00123207 7.09082 0.926115 80.5318 12.5875 1100.07 60.2509 1187.69 62.3782 1187.69 62.3782 0.568917 0.00897954 
200 0.24 678800000 572.575 9.81302 -45.5203 0.424699 2359.61 42.7307 8.49492e+06 334222 -0.0010162 0.00184833 0.000156458 0.00180375 0.0109835 0.000279503 0.000243747 1.4471e-05 0.0928049 0.00123207 7.09082 0.926115 80.5318 12.5875 1100.07 60.2509 1187.69 62.3782 1187.69 62.3782 0.568917 0.00897954 
200 0.24 679200000 572.575 9.81302 -45.5203 0.424699 2359.61 42.7307 8.49492e+06 334222 -0.0010162 0.00184833 0.000156458 0.00180375 0.0109835 0.000279503 0.000243747 1.4471e-05 0.0928049 0.00123207 7.09082 0.926115 80.5318 12.5875 1100.07 60.2509 1187.69 62.3782 1187.69 62.3782 0.568917 0.00897954 
200 0.24 679600000 572.575 9.73203 -45.5203 0.422728 2359.61 42.5276 8.49492e+06 334222 -0.0010162 0.00184833 0.000156458 0.00179596 0.0109835 0.000280777 0.000243747 1.43969e-05 0.0928049 0.00124086 7.09082 0.926115 80.5318 12.5875 1100.07 60.2509 1187.69 62.3782 1187.69 62.3782 0.568917 0.00897954 
200 0.24 680000000 572.575 9.73203 -45.5203 0.422728 2359.61 42.5276 8.49492e+06 334222 -0.0010162 0.00184833 0.000156458 0.00179596 0.0109835 0.000280777 0.000243747 1.43969e-05 0.0928049 0.00124086 7.09082 0.926115 80.5318 12.5875 1100.07 60.2509 1187.69 62.3782 1187.69 62.3782 0.568917 0.00897954 
200 0.24 680400000 572.575 9.73203 -45.5203 0.422728 2359.61 42.5276 8.49492e+06 334222 -0.0010162 0.00184833 0.000156458 0.00179596 0.0109835 0.000280777 0.000243747 1.43969e-05 0.0928049 0.00124086 7.09082 0.926115 80.5318 12.5875 1100.07 60.2509 1187.69 62.3782 1187.69 62.3782 0.568917 0.00897954 
200 0.24 680800000 572.575 9.73203 -45.5203 0.422728 2359.61 42.5276 8.49492e+06 334222 -0.0010162 0.00184833 0.000156458 0.00179596 0.0109835 0.000280777 0.000243747 1.43969e-05 0.0928049 0.00124086 7.09082 0.926115 80.5318 12.5875 1100.07 60.2509 1187.69 62.3782 1187.69 62.3782 0.568917 0.00897954 
200 0.24 681200000 572.575 9.73203 -45.5203 0.422728 2359.61 42.5276 8.49492e+06 334222 -0.0010162 0.00184833 0.000156458 0.00179596 0.0109835 0.000280777 0.000243747 1.43969e-05 0.0928049 0.00124086 7.09082 0.926115 80.5318 12.5875 1100.07 60.2509 1187.69 62.3782 1187.69 62.3782 0.568917 0.00897954 
200 0.24 681600000 572.575 9.73203 -45.5203 0.422728 2359.61 42.5276 8.49492e+06 334222 -0.0010162 0.00184833 0.000156458 0.00179596 0.0109835 0.000280777 0.000243747 1.43969e-05 0.0928049 0.00124086 7.09082 0.926115 80.5318 12.5875 1100.07 60.2509 1187.69 62.3782 1187.69 62.3782 0.568917 0.00897954 
200 0.24 682000000 572.575 9.73203 -45.5203 0.422728 2359.61 42.5276 8.49492e+06 334222 -0.0010162 0.00184833 0.000156458 0.00179596 0.0109835 0.000280777 0.000243747 1.43969e-05 0.0928049 0.00124086 7.09082 0.926115 80.5318 12.5875 1100.07 60.2509 1187.69 62.3782 1187.69 62.3782 0.568917 0.00897954 
200 0.24 682400000 572.575 9.73203 -45.5203 0.422728 2359.61 42.5276 8.49492e+06 334222 -0.0010162 0.00184833 0.000156458 0.00179596 0.0109835 0.000280777 0.000243747 1.43969e-05 0.0928049 0.00124086 7.09082 0.926115 80.5318 12.5875 1100.07 60.2509 1187.69 62.3782 1187.69 62.3782 0.568917 0.00897954 
200 0.24 682800000 572.575 9.73203 -45.5203 0.420752 2359.61 42.3392 8.49492e+06 334222 -0.0010162 0.00184833 0.000156458 0.00178795 0.0109835 0.000280777 0.000243747 1.43969e-05 0.0928049 0.00124086 7.09082 0.926115 80.5318 12.5875 1100.07 60.2509 1187.69 62.3782 1187.69 62.3782 0.568917 0.00897954 
200 0.24 683200000 572.575 9.73203 -45.5203 0.420752 2359.61 42.3392 8.49492e+06 334222 -0.0010162 0.00184833 0.000156458 0.00178795 0.0109835 0.000280777 0.000243747 1.43969e-05 0.0928049 0.00124086 7.09082 0.926115 80.5318 12.5875 1100.07 60.2509 1187.69 62.3782 1187.69 62.3782 0.568917 0.00897954 
200 0.24 683600000 572.575 9.73203 -45.5203 0.420752 2359.61 42.3392 8.49492e+06 334222 -0.0010162 0.00184833 0.000156458 0.00178795 0.0109835 0.000280777 0.000243747 1.43969e-05 0.0928049 0.00124086 7.09082 0.926115 80.5318 12.5875 1100.07 60.2509 1187.69 62.3782 1187.69 62.3782 0.568917 0.00897954 
200 0.24 684000000 572.575 9.73203 -45.5203 0.420752 2359.61 42.3392 8.49492e+06 334222 -0.0010162 0.00184833 0.000156458 0.00178795 0.0109835 0.000280777 0.000243747 1.43969e-05 0.0928049 0.00124086 7.09082 0.926115 80.5318 12.5875 1100.07 60.2509 1187.69 62.3782 1187.69 62.3782 0.568917 0.00897954 
200 0.24 684400000 572.575 9.73203 -45.5203 0.420752 2359.61 42.3392 8.49492e+06 334222 -0.0010162 0.00184833 0.000156458 0.00178795 0.0109835 0.000280777 0.000243747 1.43969e-05 0.0928049 0.00124086 7.09082 0.926115 80.5318 12.5875 1100.07 60.2509 1187.69 62.3782 1187.69 62.3782 0.568917 0.00897954 
200 0.24 684800000 572.575 9.73203 -45.5203 0.420752 2359.61 42.3392 8.49492e+06 334222 -0.0010162 0.00184833 0.000156458 0.00178795 0.0109835 0.000280777 0.000243747 1.43969e-05 0.0928049 0.00124086 7.09082 0.926115 80.5318 12.5875 1100.07 60.2509 1187.69 62.3782 1187.69 62.3782 0.568917 0.00897954 
200 0.24 685200000 572.575 9.73203 -45.5203 0.420752 2359.61 42.3392 8.49492e+06 334222 -0.0010162 0.00184833 0.000156458 0.00178795 0.0109835 0.000280777 0.000243747 1.43969e-05 0.0928049 0.00124086 7.09082 0.926115 80.5318 12.5875 1100.07 60.2509 1187.69 62.3782 1187.69 62.3782 0.568917 0.00897954 
200 0.24 685600000 572.575 9.73203 -45.5203 0.420752 2359.61 42.3392 8.49492e+06 334222 -0.0010162 0.00184833 0.000156458 0.00178795 0.0109835 0.000280777 0.000243747 1.43969e-05 0.0928049 0.00124086 7.09082 0.926115 80.5318 12.5875 1100.07 60.2509 1187.69 62.3782 1187.69 62.3782 0.568917 0.00897954 
200 0.24 686000000 572.575 9.70386 -45.5203 0.418817 2359.61 42.1505 8.49492e+06 334222 -0.0010162 0.00182435 0.000156458 0.00179735 0.0109835 0.000279046 0.000243747 1.4351e-05 0.0928049 0.0012306 7.09082 0.926115 80.5318 12.5875 1100.07 60.2509 1187.69 62.3782 1187.69 62.3782 0.568917 0.00897954 
200 0.24 686400000 572.575 9.70386 -45.5203 0.418817 2359.61 42.1505 8.49492e+06 334222 -0.0010162 0.00182435 0.000156458 0.00179735 0.0109835 0.000279046 0.000243747 1.4351e-05 0.0928049 0.0012306 7.09082 0.926115 80.5318 12.5875 1100.07 60.2509 1187.69 62.3782 1187.69 62.3782 0.568917 0.00897954 
200 0.24 686800000 572.575 9.70386 -45.5203 0.418817 2359.61 42.1505 8.49492e+06 334222 -0.0010162 0.00182435 0.000156458 0.00179735 0.0109835 0.000279046 0.000243747 1.4351e-05 0.0928049 0.0012306 7.09082 0.926115 80.5318 12.5875 1100.07 60.2509 1187.69 62.3782 1187.69 62.3782 0.568917 0.00897954 
200 0.24 687200000 572.575 9.70386 -45.5203 0.418817 2359.61 42.1505 8.49492e+06 334222 -0.0010162 0.00182435 0.000156458 0.00179735 0.0109835 0.000279046 0.000243747 1.4351e-05 0.0928049 0.0012306 7.09082 0.926115 80.5318 12.5875 1100.07 60.2509 1187.69 62.3782 1187.69 62.3782 0.568917 0.00897954 
200 0.24 687600000 572.575 9.70386 -45.5203 0.418817 2359.61 42.1505 8.49492e+06 334222 -0.0010162 0.00182435 0.000156458 0.00179735 0.0109835 0.000279046 0.000243747 1.4351e-05 0.0928049 0.0012306 7.09082 0.926115 80.5318 12.5875 1100.07 60.2509 1187.69 62.3782 1187.69 62.3782 0.568917 0.00897954 
200 0.24 688000000 572.575 9.70386 -45.5203 0.418817 2359.61 42.1505 8.49492e+06 334222 -0.0010162 0.00182435 0.000156458 0.00179735 0.0109835 0.000279046 0.000243747 1.4351e-05 0.0928049 0.0012306 7.09082 0.926115 80.5318 12.5875 1100.07 60.2509 1187.69 62.3782 1187.69 62.3782 0.568917 0.00897954 
200 0.24 688400000 572.575 9.70386 -45.5203 0.418817 2359.61 42.1505 8.49492e+06 334222 -0.0010162 0.00182435 0.000156458 0.00179735 0.0109835 0.000279046 0.000243747 1.4351e-05 0.0928049 0.0012306 7.09082 0.926115 80.5318 12.5875 1100.07 60.2509 1187.69 62.3782 1187.69 62.3782 0.568917 0.00897954 
200 0.24 688800000 572.575 9.70386 -45.5203 0.418817 2359.61 42.1505 8.49492e+06 334222 -0.0010162 0.00182435 0.000156458 0.00179735 0.0109835 0.000279046 0.000243747 1.4351e-05 0.0928049 0.0012306 7.09082 0.926115 80.5318 12.5875 1100.07 60.2509 1187.69 62.3782 1187.69 62.3782 0.568917 0.00897954 
200 0.24 689200000 572.575 9.70386 -45.5203 0.417295 2359.61 42.0911 8.49492e+06 334222 -0.0010162 0.00182435 0.000156458 0.00179492 0.0109835 0.000279046 0.000243747 1.4351e-05 0.0928049 0.0012306 7.09082 0.926115 80.5318 12.5875 1100.07 60.2509 1187.69 62.3782 1187.69 62.3782 0.568917 0.00897954 
200 0.24 689600000 572.575 9.70386 -45.5203 0.417295 2359.61 42.0911 8.49492e+06 334222 -0.0010162 0.00182435 0.000156458 0.00179492 0.0109835 0.000279046 0.000243747 1.4351e-05 0.0928049 0.0012306 7.09082 0.926115 80.5318 12.5875 1100.07 60.2509 1187.69 62.3782 1187.69 62.3782 0.568917 0.00897954 
200 0.24 690000000 572.575 9.70386 -45.5203 0.417295 2359.61 42.0911 8.49492e+06 334222 -0.0010162 0.00182435 0.000156458 0.00179492 0.0109835 0.000279046 0.000243747 1.4351e-05 0.0928049 0.0012306 7.09082 0.926115 80.5318 12.5875 1100.07 60.2509 1187.69 62.3782 1187.69 62.3782 0.568917 0.00897954 
200 0.24 690400000 572.575 9.70386 -45.5203 0.417295 2359.61 42.0911 8.49492e+06 334222 -0.0010162 0.00182435 0.000156458 0.00179492 0.0109835 0.000279046 0.000243747 1.4351e-05 0.0928049 0.0012306 7.09082 0.926115 80.5318 12.5875 1100.07 60.2509 1187.69 62.3782 1187.69 62.3782 0.568917 0.00897954 
200 0.24 690800000 572.575 9.70386 -45.5203 0.417295 2359.61 42.0911 8.49492e+06 334222 -0.0010162 0.00182435 0.000156458 0.00179492 0.0109835 0.000279046 0.000243747 1.4351e-05 0.0928049 0.0012306 7.09082 0.926115 80.5318 12.5875 1100.07 60.2509 1187.69 62.3782 1187.69 62.3782 0.568917 0.00897954 
200 0.24 691200000 572.575 9.70386 -45.5203 0.417295 2359.61 42.0911 8.49492e+06 334222 -0.0010162 0.00182435 0.000156458 0.00179492 0.0109835 0.000279046 0.000243747 1.4351e-05 0.0928049 0.0012306 7.09082 0.926115 80.5318 12.5875 1100.07 60.2509 1187.69 62.3782 1187.69 62.3782 0.568917 0.00897954 
200 0.24 691600000 572.575 9.70386 -45.5203 0.417295 2359.61 42.0911 8.49492e+06 334222 -0.0010162 0.00182435 0.000156458 0.00179492 0.0109835 0.000279046 0.000243747 1.4351e-05 0.0928049 0.0012306 7.09082 0.926115 80.5318 12.5875 1100.07 60.2509 1187.69 62.3782 1187.69 62.3782 0.568917 0.00897954 
200 0.24 692000000 572.575 9.70386 -45.5203 0.417295 2359.61 42.0911 8.49492e+06 334222 -0.0010162 0.00182435 0.000156458 0.00179492 0.0109835 0.000279046 0.000243747 1.4351e-05 0.0928049 0.0012306 7.09082 0.926115 80.5318 12.5875 1100.07 60.2509 1187.69 62.3782 1187.69 62.3782 0.568917 0.00897954 
200 0.24 692400000 572.575 9.64841 -45.5203 0.415561 2359.61 41.9086 8.49492e+06 334222 -0.0010162 0.00182435 0.000156458 0.00178658 0.0109835 0.000277612 0.000243747 1.42748e-05 0.0928049 0.00122263 7.09082 0.926115 80.5318 12.5875 1100.07 60.2509 1187.69 62.3782 1187.69 62.3782 0.568917 0.00897954 
200 0.24 692800000 572.575 9.64841 -45.5203 0.415561 2359.61 41.9086 8.49492e+06 334222 -0.0010162 0.00182435 0.000156458 0.00178658 0.0109835 0.000277612 0.000243747 1.42748e-05 0.0928049 0.00122263 7.09082 0.926115 80.5318 12.5875 1100.07 60.2509 1187.69 62.3782 1187.69 62.3782 0.568917 0.00897954 
200 0.24 693200000 572.575 9.64841 -45.5203 0.415561 2359.61 41.9086 8.49492e+06 334222 -0.0010162 0.00182435 0.000156458 0.00178658 0.0109835 0.000277612 0.000243747 1.42748e-05 0.0928049 0.00122263 7.09082 0.926115 80.5318 12.5875 1100.07 60.2509 1187.69 62.3782 1187.69 62.3782 0.568917 0.00897954 
200 0.24 693600000 572.575 9.64841 -45.5203 0.415561 2359.61 41.9086 8.49492e+06 334222 -0.0010162 0.00182435 0.000156458 0.00178658 0.0109835 0.000277612 0.000243747 1.42748e-05 0.0928049 0.00122263 7.09082 0.926115 80.5318 12.5875 1100.07 60.2509 1187.69 62.3782 1187.69 62.3782 0.568917 0.00897954 
200 0.24 694000000 572.575 9.64841 -45.5203 0.415561 2359.61 41.9086 8.49492e+06 334222 -0.0010162 0.00182435 0.000156458 0.00178658 0.0109835 0.000277612 0.000243747 1.42748e-05 0.0928049 0.00122263 7.09082 0.926115 80.5318 12.5875 1100.07 60.2509 1187.69 62.3782 1187.69 62.3782 0.568917 0.00897954 
200 0.24 694400000 572.575 9.64841 -45.5203 0.415561 2359.61 41.9086 8.49492e+06 334222 -0.0010162 0.00182435 0.000156458 0.00178658 0.0109835 0.000277612 0.000243747 1.42748e-05 0.0928049 0.00122263 7.09082 0.926115 80.5318 12.5875 1100.07 60.2509 1187.69 62.3782 1187.69 62.3782 0.568917 0.00897954 
200 0.24 694800000 572.575 9.64841 -45.5203 0.415561 2359.61 41.9086 8.49492e+06 334222 -0.0010162 0.00182435 0.000156458 0.00178658 0.0109835 0.000277612 0.000243747 1.42748e-05 0.0928049 0.00122263 7.09082 0.926115 80.5318 12.5875 1100.07 60.2509 1187.69 62.3782 1187.69 62.3782 0.568917 0.00897954 
200 0.24 695200000 572.575 9.64841 -45.5203 0.415561 2359.61 41.9086 8.49492e+06 334222 -0.0010162 0.00182435 0.000156458 0.00178658 0.0109835 0.000277612 0.000243747 1.42748e-05 0.0928049 0.00122263 7.09082 0.926115 80.5318 12.5875 1100.07 60.2509 1187.69 62.3782 1187.69 62.3782 0.568917 0.00897954 
200 0.24 695600000 572.575 9.64841 -45.5203 0.415391 2359.61 41.7153 8.49492e+06 334222 -0.0010162 0.00182435 0.000156458 0.00178048 0.0109835 0.000277612 0.000243747 1.42748e-05 0.0928049 0.00122263 7.09082 0.926115 80.5318 12.5875 1100.07 60.2509 1187.69 62.3782 1187.69 62.3782 0.568917 0.00897954 
200 0.24 696000000 572.575 9.64841 -45.5203 0.415391 2359.61 41.7153 8.49492e+06 334222 -0.0010162 0.00182435 0.000156458 0.00178048 0.0109835 0.000277612 0.000243747 1.42748e-05 0.0928049 0.00122263 7.09082 0.926115 80.5318 12.5875 1100.07 60.2509 1187.69 62.3782 1187.69 62.3782 0.568917 0.00897954 
200 0.24 696400000 572.575 9.64841 -45.5203 0.415391 2359.61 41.7153 8.49492e+06 334222 -0.0010162 0.00182435 0.000156458 0.00178048 0.0109835 0.000277612 0.000243747 1.42748e-05 0.0928049 0.00122263 7.09082 0.926115 80.5318 12.5875 1100.07 60.2509 1187.69 62.3782 1187.69 62.3782 0.568917 0.00897954 
200 0.24 696800000 572.575 9.64841 -45.5203 0.415391 2359.61 41.7153 8.49492e+06 334222 -0.0010162 0.00182435 0.000156458 0.00178048 0.0109835 0.000277612 0.000243747 1.42748e-05 0.0928049 0.00122263 7.09082 0.926115 80.5318 12.5875 1100.07 60.2509 1187.69 62.3782 1187.69 62.3782 0.568917 0.00897954 
200 0.24 697200000 572.575 9.64841 -45.5203 0.415391 2359.61 41.7153 8.49492e+06 334222 -0.0010162 0.00182435 0.000156458 0.00178048 0.0109835 0.000277612 0.000243747 1.42748e-05 0.0928049 0.00122263 7.09082 0.926115 80.5318 12.5875 1100.07 60.2509 1187.69 62.3782 1187.69 62.3782 0.568917 0.00897954 
200 0.24 697600000 572.575 9.64841 -45.5203 0.415391 2359.61 41.7153 8.49492e+06 334222 -0.0010162 0.00182435 0.000156458 0.00178048 0.0109835 0.000277612 0.000243747 1.42748e-05 0.0928049 0.00122263 7.09082 0.926115 80.5318 12.5875 1100.07 60.2509 1187.69 62.3782 1187.69 62.3782 0.568917 0.00897954 
200 0.24 698000000 572.575 9.64841 -45.5203 0.415391 2359.61 41.7153 8.49492e+06 334222 -0.0010162 0.00182435 0.000156458 0.00178048 0.0109835 0.000277612 0.000243747 1.42748e-05 0.0928049 0.00122263 7.09082 0.926115 80.5318 12.5875 1100.07 60.2509 1187.69 62.3782 1187.69 62.3782 0.568917 0.00897954 
200 0.24 698400000 572.575 9.64841 -45.5203 0.415391 2359.61 41.7153 8.49492e+06 334222 -0.0010162 0.00182435 0.000156458 0.00178048 0.0109835 0.000277612 0.000243747 1.42748e-05 0.0928049 0.00122263 7.09082 0.926115 80.5318 12.5875 1100.07 60.2509 1187.69 62.3782 1187.69 62.3782 0.568917 0.00897954 
200 0.24 698800000 572.575 9.58521 -45.5203 0.413826 2359.61 41.6484 8.49492e+06 334222 -0.0010162 0.00179057 0.000156458 0.00177224 0.0109835 0.000275775 0.000243747 1.41816e-05 0.0928049 0.00121552 7.09082 0.916081 80.5318 12.5875 1100.07 60.2509 1187.69 62.3782 1187.69 62.3782 0.568917 0.00897954 
200 0.24 699200000 572.575 9.58521 -45.5203 0.413826 2359.61 41.6484 8.49492e+06 334222 -0.0010162 0.00179057 0.000156458 0.00177224 0.0109835 0.000275775 0.000243747 1.41816e-05 0.0928049 0.00121552 7.09082 0.916081 80.5318 12.5875 1100.07 60.2509 1187.69 62.3782 1187.69 62.3782 0.568917 0.00897954 
200 0.24 699600000 572.575 9.58521 -45.5203 0.413826 2359.61 41.6484 8.49492e+06 334222 -0.0010162 0.00179057 0.000156458 0.00177224 0.0109835 0.000275775 0.000243747 1.41816e-05 0.0928049 0.00121552 7.09082 0.916081 80.5318 12.5875 1100.07 60.2509 1187.69 62.3782 1187.69 62.3782 0.568917 0.00897954 
200 0.24 700000000 572.575 9.58521 -45.5203 0.413826 2359.61 41.6484 8.49492e+06 334222 -0.0010162 0.00179057 0.000156458 0.00177224 0.0109835 0.000275775 0.000243747 1.41816e-05 0.0928049 0.00121552 7.09082 0.916081 80.5318 12.5875 1100.07 60.2509 1187.69 62.3782 1187.69 62.3782 0.568917 0.00897954 
200 0.24 700400000 572.575 9.58521 -45.5203 0.413826 2359.61 41.6484 8.49492e+06 334222 -0.0010162 0.00179057 0.000156458 0.00177224 0.0109835 0.000275775 0.000243747 1.41816e-05 0.0928049 0.00121552 7.09082 0.916081 80.5318 12.5875 1100.07 60.2509 1187.69 62.3782 1187.69 62.3782 0.568917 0.00897954 
200 0.24 700800000 572.575 9.58521 -45.5203 0.413826 2359.61 41.6484 8.49492e+06 334222 -0.0010162 0.00179057 0.000156458 0.00177224 0.0109835 0.000275775 0.000243747 1.41816e-05 0.0928049 0.00121552 7.09082 0.916081 80.5318 12.5875 1100.07 60.2509 1187.69 62.3782 1187.69 62.3782 0.568917 0.00897954 
200 0.24 701200000 572.575 9.58521 -45.5203 0.413826 2359.61 41.6484 8.49492e+06 334222 -0.0010162 0.00179057 0.000156458 0.00177224 0.0109835 0.000275775 0.000243747 1.41816e-05 0.0928049 0.00121552 7.09082 0.916081 80.5318 12.5875 1100.07 60.2509 1187.69 62.3782 1187.69 62.3782 0.568917 0.00897954 
200 0.24 701600000 572.575 9.58521 -45.5203 0.413826 2359.61 41.6484 8.49492e+06 334222 -0.0010162 0.00179057 0.000156458 0.00177224 0.0109835 0.000275775 0.000243747 1.41816e-05 0.0928049 0.00121552 7.09082 0.916081 80.5318 12.5875 1100.07 60.2509 1187.69 62.3782 1187.69 62.3782 0.568917 0.00897954 
200 0.24 702000000 572.575 9.58521 -45.5203 0.412868 2359.61 41.5511 8.49492e+06 334222 -0.0010162 0.00179057 0.000156458 0.00176813 0.0109835 0.000275775 0.000243747 1.41477e-05 0.0928049 0.00121552 7.09082 0.916081 80.5318 12.5875 1100.07 60.2509 1187.69 62.3782 1187.69 62.3782 0.568917 0.00897954 
200 0.24 702400000 572.575 9.58521 -45.5203 0.412868 2359.61 41.5511 8.49492e+06 334222 -0.0010162 0.00179057 0.000156458 0.00176813 0.0109835 0.000275775 0.000243747 1.41477e-05 0.0928049 0.00121552 7.09082 0.916081 80.5318 12.5875 1100.07 60.2509 1187.69 62.3782 1187.69 62.3782 0.568917 0.00897954 
200 0.24 702800000 572.575 9.58521 -45.5203 0.412868 2359.61 41.5511 8.49492e+06 334222 -0.0010162 0.00179057 0.000156458 0.00176813 0.0109835 0.000275775 0.000243747 1.41477e-05 0.0928049 0.00121552 7.09082 0.916081 80.5318 12.5875 1100.07 60.2509 1187.69 62.3782 1187.69 62.3782 0.568917 0.00897954 
200 0.24 703200000 572.575 9.58521 -45.5203 0.412868 2359.61 41.5511 8.49492e+06 334222 -0.0010162 0.00179057 0.000156458 0.00176813 0.0109835 0.000275775 0.000243747 1.41477e-05 0.0928049 0.00121552 7.09082 0.916081 80.5318 12.5875 1100.07 60.2509 1187.69 62.3782 1187.69 62.3782 0.568917 0.00897954 
200 0.24 703600000 572.575 9.58521 -45.5203 0.412868 2359.61 41.5511 8.49492e+06 334222 -0.0010162 0.00179057 0.000156458 0.00176813 0.0109835 0.000275775 0.000243747 1.41477e-05 0.0928049 0.00121552 7.09082 0.916081 80.5318 12.5875 1100.07 60.2509 1187.69 62.3782 1187.69 62.3782 0.568917 0.00897954 
200 0.24 704000000 572.575 9.58521 -45.5203 0.412868 2359.61 41.5511 8.49492e+06 334222 -0.0010162 0.00179057 0.000156458 0.00176813 0.0109835 0.000275775 0.000243747 1.41477e-05 0.0928049 0.00121552 7.09082 0.916081 80.5318 12.5875 1100.07 60.2509 1187.69 62.3782 1187.69 62.3782 0.568917 0.00897954 
200 0.24 704400000 572.575 9.58521 -45.5203 0.412868 2359.61 41.5511 8.49492e+06 334222 -0.0010162 0.00179057 0.000156458 0.00176813 0.0109835 0.000275775 0.000243747 1.41477e-05 0.0928049 0.00121552 7.09082 0.916081 80.5318 12.5875 1100.07 60.2509 1187.69 62.3782 1187.69 62.3782 0.568917 0.00897954 
200 0.24 704800000 572.575 9.58521 -45.5203 0.412868 2359.61 41.5511 8.49492e+06 334222 -0.0010162 0.00179057 0.000156458 0.00176813 0.0109835 0.000275775 0.000243747 1.41477e-05 0.0928049 0.00121552 7.09082 0.916081 80.5318 12.5875 1100.07 60.2509 1187.69 62.3782 1187.69 62.3782 0.568917 0.00897954 
200 0.24 705200000 572.575 9.63972 -45.5203 0.411373 2359.61 41.4088 8.49492e+06 334222 -0.0010162 0.00179057 0.000156458 0.00177217 0.0109835 0.000273587 0.000243747 1.40673e-05 0.0928049 0.00120438 7.09082 0.916081 80.5318 12.5875 1100.07 60.2509 1187.69 62.3782 1187.69 62.3782 0.568917 0.00897954 
200 0.24 705600000 572.575 9.63972 -45.5203 0.411373 2359.61 41.4088 8.49492e+06 334222 -0.0010162 0.00179057 0.000156458 0.00177217 0.0109835 0.000273587 0.000243747 1.40673e-05 0.0928049 0.00120438 7.09082 0.916081 80.5318 12.5875 1100.07 60.2509 1187.69 62.3782 1187.69 62.3782 0.568917 0.00897954 
200 0.24 706000000 572.575 9.63972 -45.5203 0.411373 2359.61 41.4088 8.49492e+06 334222 -0.0010162 0.00179057 0.000156458 0.00177217 0.0109835 0.000273587 0.000243747 1.40673e-05 0.0928049 0.00120438 7.09082 0.916081 80.5318 12.5875 1100.07 60.2509 1187.69 62.3782 1187.69 62.3782 0.568917 0.00897954 
200 0.24 706400000 572.575 9.63972 -45.5203 0.411373 2359.61 41.4088 8.49492e+06 334222 -0.0010162 0.00179057 0.000156458 0.00177217 0.0109835 0.000273587 0.000243747 1.40673e-05 0.0928049 0.00120438 7.09082 0.916081 80.5318 12.5875 1100.07 60.2509 1187.69 62.3782 1187.69 62.3782 0.568917 0.00897954 
200 0.24 706800000 572.575 9.63972 -45.5203 0.411373 2359.61 41.4088 8.49492e+06 334222 -0.0010162 0.00179057 0.000156458 0.00177217 0.0109835 0.000273587 0.000243747 1.40673e-05 0.0928049 0.00120438 7.09082 0.916081 80.5318 12.5875 1100.07 60.2509 1187.69 62.3782 1187.69 62.3782 0.568917 0.00897954 
200 0.24 707200000 572.575 9.63972 -45.5203 0.411373 2359.61 41.4088 8.49492e+06 334222 -0.0010162 0.00179057 0.000156458 0.00177217 0.0109835 0.000273587 0.000243747 1.40673e-05 0.0928049 0.00120438 7.09082 0.916081 80.5318 12.5875 1100.07 60.2509 1187.69 62.3782 1187.69 62.3782 0.568917 0.00897954 
200 0.24 707600000 572.575 9.63972 -45.5203 0.411373 2359.61 41.4088 8.49492e+06 334222 -0.0010162 0.00179057 0.000156458 0.00177217 0.0109835 0.000273587 0.000243747 1.40673e-05 0.0928049 0.00120438 7.09082 0.916081 80.5318 12.5875 1100.07 60.2509 1187.69 62.3782 1187.69 62.3782 0.568917 0.00897954 
200 0.24 708000000 572.575 9.63972 -45.5203 0.411373 2359.61 41.4088 8.49492e+06 334222 -0.0010162 0.00179057 0.000156458 0.00177217 0.0109835 0.000273587 0.000243747 1.40673e-05 0.0928049 0.00120438 7.09082 0.916081 80.5318 12.5875 1100.07 60.2509 1187.69 62.3782 1187.69 62.3782 0.568917 0.00897954 
200 0.24 708400000 572.575 9.63972 -45.5203 0.409627 2359.61 41.2723 8.49492e+06 334222 -0.0010162 0.00179057 0.000156458 0.00177201 0.0109835 0.000273249 0.000243747 1.40245e-05 0.0928049 0.00120438 7.09082 0.916081 80.5318 12.5875 1100.07 60.2509 1187.69 62.3782 1187.69 62.3782 0.568917 0.00897954 
200 0.24 708800000 572.575 9.63972 -45.5203 0.409627 2359.61 41.2723 8.49492e+06 334222 -0.0010162 0.00179057 0.000156458 0.00177201 0.0109835 0.000273249 0.000243747 1.40245e-05 0.0928049 0.00120438 7.09082 0.916081 80.5318 12.5875 1100.07 60.2509 1187.69 62.3782 1187.69 62.3782 0.568917 0.00897954 
200 0.24 709200000 572.575 9.63972 -45.5203 0.409627 2359.61 41.2723 8.49492e+06 334222 -0.0010162 0.00179057 0.000156458 0.00177201 0.0109835 0.000273249 0.000243747 1.40245e-05 0.0928049 0.00120438 7.09082 0.916081 80.5318 12.5875 1100.07 60.2509 1187.69 62.3782 1187.69 62.3782 0.568917 0.00897954 
200 0.24 709600000 572.575 9.63972 -45.5203 0.409627 2359.61 41.2723 8.49492e+06 334222 -0.0010162 0.00179057 0.000156458 0.00177201 0.0109835 0.000273249 0.000243747 1.40245e-05 0.0928049 0.00120438 7.09082 0.916081 80.5318 12.5875 1100.07 60.2509 1187.69 62.3782 1187.69 62.3782 0.568917 0.00897954 
200 0.24 710000000 572.575 9.63972 -45.5203 0.409627 2359.61 41.2723 8.49492e+06 334222 -0.0010162 0.00179057 0.000156458 0.00177201 0.0109835 0.000273249 0.000243747 1.40245e-05 0.0928049 0.00120438 7.09082 0.916081 80.5318 12.5875 1100.07 60.2509 1187.69 62.3782 1187.69 62.3782 0.568917 0.00897954 
200 0.24 710400000 572.575 9.63972 -45.5203 0.409627 2359.61 41.2723 8.49492e+06 334222 -0.0010162 0.00179057 0.000156458 0.00177201 0.0109835 0.000273249 0.000243747 1.40245e-05 0.0928049 0.00120438 7.09082 0.916081 80.5318 12.5875 1100.07 60.2509 1187.69 62.3782 1187.69 62.3782 0.568917 0.00897954 
200 0.24 710800000 572.575 9.63972 -45.5203 0.409627 2359.61 41.2723 8.49492e+06 334222 -0.0010162 0.00179057 0.000156458 0.00177201 0.0109835 0.000273249 0.000243747 1.40245e-05 0.0928049 0.00120438 7.09082 0.916081 80.5318 12.5875 1100.07 60.2509 1187.69 62.3782 1187.69 62.3782 0.568917 0.00897954 
200 0.24 711200000 572.575 9.63972 -45.5203 0.409627 2359.61 41.2723 8.49492e+06 334222 -0.0010162 0.00179057 0.000156458 0.00177201 0.0109835 0.000273249 0.000243747 1.40245e-05 0.0928049 0.00120438 7.09082 0.916081 80.5318 12.5875 1100.07 60.2509 1187.69 62.3782 1187.69 62.3782 0.568917 0.00897954 
200 0.24 711600000 572.575 9.56291 -45.5203 0.407778 2359.61 41.0859 8.49492e+06 334222 -0.0010162 0.00176954 0.000156458 0.00176398 0.0109835 0.000271104 0.000243747 1.39481e-05 0.0928049 0.00119417 7.09082 0.916081 80.5318 12.5875 1100.07 60.2509 1187.69 62.3782 1187.69 62.3782 0.568917 0.00897954 
200 0.24 712000000 572.575 9.56291 -45.5203 0.407778 2359.61 41.0859 8.49492e+06 334222 -0.0010162 0.00176954 0.000156458 0.00176398 0.0109835 0.000271104 0.000243747 1.39481e-05 0.0928049 0.00119417 7.09082 0.916081 80.5318 12.5875 1100.07 60.2509 1187.69 62.3782 1187.69 62.3782 0.568917 0.00897954 
200 0.24 712400000 572.575 9.56291 -45.5203 0.407778 2359.61 41.0859 8.49492e+06 334222 -0.0010162 0.00176954 0.000156458 0.00176398 0.0109835 0.000271104 0.000243747 1.39481e-05 0.0928049 0.00119417 7.09082 0.916081 80.5318 12.5875 1100.07 60.2509 1187.69 62.3782 1187.69 62.3782 0.568917 0.00897954 
200 0.24 712800000 572.575 9.56291 -45.5203 0.407778 2359.61 41.0859 8.49492e+06 334222 -0.0010162 0.00176954 0.000156458 0.00176398 0.0109835 0.000271104 0.000243747 1.39481e-05 0.0928049 0.00119417 7.09082 0.916081 80.5318 12.5875 1100.07 60.2509 1187.69 62.3782 1187.69 62.3782 0.568917 0.00897954 
200 0.24 713200000 572.575 9.56291 -45.5203 0.407778 2359.61 41.0859 8.49492e+06 334222 -0.0010162 0.00176652 0.000156458 0.00176398 0.0109835 0.000271104 0.000243747 1.39481e-05 0.0928049 0.00119417 7.09082 0.916081 80.5318 12.5875 1100.07 60.2509 1187.69 62.3782 1187.69 62.3782 0.568917 0.00897954 
200 0.24 713600000 572.575 9.56291 -45.5203 0.407778 2359.61 41.0859 8.49492e+06 334222 -0.0010162 0.00176652 0.000156458 0.00176398 0.0109835 0.000271104 0.000243747 1.39481e-05 0.0928049 0.00119417 7.09082 0.916081 80.5318 12.5875 1100.07 60.2509 1187.69 62.3782 1187.69 62.3782 0.568917 0.00897954 
200 0.24 714000000 572.575 9.56291 -45.5203 0.407778 2359.61 41.0859 8.49492e+06 334222 -0.0010162 0.00176652 0.000156458 0.00176398 0.0109835 0.000271104 0.000243747 1.39481e-05 0.0928049 0.00119417 7.09082 0.916081 80.5318 12.5875 1100.07 60.2509 1187.69 62.3782 1187.69 62.3782 0.568917 0.00897954 
200 0.24 714400000 572.575 9.56291 -45.5203 0.407778 2359.61 41.0859 8.49492e+06 334222 -0.0010162 0.00176652 0.000156458 0.00176398 0.0109835 0.000271104 0.000243747 1.39481e-05 0.0928049 0.00119417 7.09082 0.916081 80.5318 12.5875 1100.07 60.2509 1187.69 62.3782 1187.69 62.3782 0.568917 0.00897954 
200 0.24 714800000 572.575 9.56291 -45.5203 0.406657 2359.61 40.9887 8.49492e+06 334222 -0.0010162 0.00176285 0.000156458 0.00175763 0.0109835 0.000271266 0.000243747 1.39143e-05 0.0928049 0.00119417 7.09082 0.916081 80.5318 12.5875 1100.07 60.2509 1187.69 62.3782 1187.69 62.3782 0.568917 0.00897954 
200 0.24 715200000 572.575 9.56291 -45.5203 0.406657 2359.61 40.9887 8.49492e+06 334222 -0.0010162 0.00176285 0.000156458 0.00175763 0.0109835 0.000271266 0.000243747 1.39143e-05 0.0928049 0.00119417 7.09082 0.916081 80.5318 12.5875 1100.07 60.2509 1187.69 62.3782 1187.69 62.3782 0.568917 0.00897954 
200 0.24 715600000 572.575 9.56291 -45.5203 0.406657 2359.61 40.9887 8.49492e+06 334222 -0.0010162 0.00176285 0.000156458 0.00175763 0.0109835 0.000271266 0.000243747 1.39143e-05 0.0928049 0.00119417 7.09082 0.916081 80.5318 12.5875 1100.07 60.2509 1187.69 62.3782 1187.69 62.3782 0.568917 0.00897954 
200 0.24 716000000 572.575 9.56291 -45.5203 0.406657 2359.61 40.9887 8.49492e+06 334222 -0.0010162 0.00176285 0.000156458 0.00175763 0.0109835 0.000271266 0.000243747 1.39143e-05 0.0928049 0.00119417 7.09082 0.916081 80.5318 12.5875 1100.07 60.2509 1187.69 62.3782 1187.69 62.3782 0.568917 0.00897954 
200 0.24 716400000 572.575 9.56291 -45.5203 0.406657 2359.61 40.9887 8.49492e+06 334222 -0.0010162 0.00176486 0.000156458 0.00175763 0.0109835 0.000271266 0.000243747 1.39143e-05 0.0928049 0.00119417 7.09082 0.916081 80.5318 12.5875 1100.07 60.2509 1187.69 62.3782 1187.69 62.3782 0.568917 0.00897954 
200 0.24 716800000 572.575 9.56291 -45.5203 0.406657 2359.61 40.9887 8.49492e+06 334222 -0.0010162 0.00176486 0.000156458 0.00175763 0.0109835 0.000271266 0.000243747 1.39143e-05 0.0928049 0.00119417 7.09082 0.916081 80.5318 12.5875 1100.07 60.2509 1187.69 62.3782 1187.69 62.3782 0.568917 0.00897954 
200 0.24 717200000 572.575 9.56291 -45.5203 0.406657 2359.61 40.9887 8.49492e+06 334222 -0.0010162 0.00176486 0.000156458 0.00175763 0.0109835 0.000271266 0.000243747 1.39143e-05 0.0928049 0.00119417 7.09082 0.916081 80.5318 12.5875 1100.07 60.2509 1187.69 62.3782 1187.69 62.3782 0.568917 0.00897954 
200 0.24 717600000 572.575 9.56291 -45.5203 0.406657 2359.61 40.9887 8.49492e+06 334222 -0.0010162 0.00176486 0.000156458 0.00175763 0.0109835 0.000271266 0.000243747 1.39143e-05 0.0928049 0.00119417 7.09082 0.916081 80.5318 12.5875 1100.07 60.2509 1187.69 62.3782 1187.69 62.3782 0.568917 0.00897954 
200 0.24 718000000 572.575 9.47959 -45.5203 0.405189 2359.61 40.8705 8.49492e+06 334222 -0.0010162 0.00176158 0.000156458 0.00174977 0.0109835 0.000270052 0.000243747 1.38577e-05 0.0928049 0.00118889 7.09082 0.916081 80.5318 12.5875 1100.07 60.2509 1187.69 62.3782 1187.69 62.3782 0.568917 0.00897954 
200 0.24 718400000 572.575 9.47959 -45.5203 0.405189 2359.61 40.8705 8.49492e+06 334222 -0.0010162 0.00176158 0.000156458 0.00174977 0.0109835 0.000270052 0.000243747 1.38577e-05 0.0928049 0.00118889 7.09082 0.916081 80.5318 12.5875 1100.07 60.2509 1187.69 62.3782 1187.69 62.3782 0.568917 0.00897954 
200 0.24 718800000 572.575 9.47959 -45.5203 0.405189 2359.61 40.8705 8.49492e+06 334222 -0.0010162 0.00176158 0.000156458 0.00174977 0.0109835 0.000270052 0.000243747 1.38577e-05 0.0928049 0.00118889 7.09082 0.916081 80.5318 12.5875 1100.07 60.2509 1187.69 62.3782 1187.69 62.3782 0.568917 0.00897954 
200 0.24 719200000 572.575 9.47959 -45.5203 0.405189 2359.61 40.8705 8.49492e+06 334222 -0.0010162 0.00176158 0.000156458 0.00174977 0.0109835 0.000270052 0.000243747 1.38577e-05 0.0928049 0.00118889 7.09082 0.916081 80.5318 12.5875 1100.07 60.2509 1187.69 62.3782 1187.69 62.3782 0.568917 0.00897954 
200 0.24 719600000 572.575 9.47959 -45.5203 0.405189 2359.61 40.8705 8.49492e+06 334222 -0.0010162 0.00176064 0.000156458 0.00174977 0.0109835 0.000270052 0.000243747 1.38577e-05 0.0928049 0.00118889 7.09082 0.916081 80.5318 12.5875 1100.07 60.2509 1187.69 62.3782 1187.69 62.3782 0.568917 0.00897954 
200 0.24 720000000 572.575 9.47959 -45.5203 0.405189 2359.61 40.8705 8.49492e+06 334222 -0.0010162 0.00176064 0.000156458 0.00174977 0.0109835 0.000270052 0.000243747 1.38577e-05 0.0928049 0.00118889 7.09082 0.916081 80.5318 12.5875 1100.07 60.2509 1187.69 62.3782 1187.69 62.3782 0.568917 0.00897954 
200 0.24 720400000 572.575 9.47959 -45.5203 0.405189 2359.61 40.8705 8.49492e+06 334222 -0.0010162 0.00176064 0.000156458 0.00174977 0.0109835 0.000270052 0.000243747 1.38577e-05 0.0928049 0.00118889 7.09082 0.916081 80.5318 12.5875 1100.07 60.2509 1187.69 62.3782 1187.69 62.3782 0.568917 0.00897954 
200 0.24 720800000 572.575 9.47959 -45.5203 0.405189 2359.61 40.8705 8.49492e+06 334222 -0.0010162 0.00176064 0.000156458 0.00174977 0.0109835 0.000270052 0.000243747 1.38577e-05 0.0928049 0.00118889 7.09082 0.916081 80.5318 12.5875 1100.07 60.2509 1187.69 62.3782 1187.69 62.3782 0.568917 0.00897954 
200 0.24 721200000 572.575 9.47959 -45.5203 0.403483 2359.61 40.6941 8.49492e+06 334222 -0.0010162 0.00176064 0.000156458 0.00174212 0.0109835 0.000269942 0.000243747 1.38527e-05 0.0928049 0.00118889 7.09082 0.916081 80.5318 12.5875 1100.07 60.2509 1187.69 62.3782 1187.69 62.3782 0.568917 0.00897954 
200 0.24 721600000 572.575 9.47959 -45.5203 0.403483 2359.61 40.6941 8.49492e+06 334222 -0.0010162 0.00176064 0.000156458 0.00174212 0.0109835 0.000269942 0.000243747 1.38527e-05 0.0928049 0.00118889 7.09082 0.916081 80.5318 12.5875 1100.07 60.2509 1187.69 62.3782 1187.69 62.3782 0.568917 0.00897954 
200 0.24 722000000 572.575 9.47959 -45.5203 0.403483 2359.61 40.6941 8.49492e+06 334222 -0.0010162 0.00176064 0.000156458 0.00174212 0.0109835 0.000269942 0.000243747 1.38527e-05 0.0928049 0.00118889 7.09082 0.916081 80.5318 12.5875 1100.07 60.2509 1187.69 62.3782 1187.69 62.3782 0.568917 0.00897954 
200 0.24 722400000 572.575 9.47959 -45.5203 0.403483 2359.61 40.6941 8.49492e+06 334222 -0.0010162 0.00176064 0.000156458 0.00174212 0.0109835 0.000269942 0.000243747 1.38527e-05 0.0928049 0.00118889 7.09082 0.916081 80.5318 12.5875 1100.07 60.2509 1187.69 62.3782 1187.69 62.3782 0.568917 0.00897954 
200 0.24 722800000 572.575 9.47959 -45.5203 0.403483 2359.61 40.6941 8.49492e+06 334222 -0.0010162 0.00176064 0.000156458 0.00174212 0.0109835 0.000269942 0.000243747 1.38527e-05 0.0928049 0.00118889 7.09082 0.916081 80.5318 12.5875 1100.07 60.2509 1187.69 62.3782 1187.69 62.3782 0.568917 0.00897954 
200 0.24 723200000 572.575 9.47959 -45.5203 0.403483 2359.61 40.6941 8.49492e+06 334222 -0.0010162 0.00176064 0.000156458 0.00174212 0.0109835 0.000269942 0.000243747 1.38527e-05 0.0928049 0.00118889 7.09082 0.916081 80.5318 12.5875 1100.07 60.2509 1187.69 62.3782 1187.69 62.3782 0.568917 0.00897954 
200 0.24 723600000 572.575 9.47959 -45.5203 0.403483 2359.61 40.6941 8.49492e+06 334222 -0.0010162 0.00176064 0.000156458 0.00174212 0.0109835 0.000269942 0.000243747 1.38527e-05 0.0928049 0.00118889 7.09082 0.916081 80.5318 12.5875 1100.07 60.2509 1187.69 62.3782 1187.69 62.3782 0.568917 0.00897954 
200 0.24 724000000 572.575 9.47959 -45.5203 0.403483 2359.61 40.6941 8.49492e+06 334222 -0.0010162 0.00176064 0.000156458 0.00174212 0.0109835 0.000269942 0.000243747 1.38527e-05 0.0928049 0.00118889 7.09082 0.916081 80.5318 12.5875 1100.07 60.2509 1187.69 62.3782 1187.69 62.3782 0.568917 0.00897954 
200 0.24 724400000 575.5 9.68775 -45.3716 0.406481 2342.59 40.571 8.36622e+06 315101 -0.00102923 0.00175158 0.00074746 0.00173504 0.0110081 0.000267684 0.000242741 1.37422e-05 0.0930326 0.00117828 7.04208 0.8665 80.2453 11.3787 1098.17 52.2973 1185.46 54.1128 1185.46 54.1128 0.570899 0.0088702 
200 0.24 724800000 575.5 9.68775 -45.3716 0.406481 2342.59 40.571 8.36622e+06 315101 -0.00102923 0.00175158 0.00074746 0.00173504 0.0110081 0.000267684 0.000242741 1.37422e-05 0.0930326 0.00117828 7.04208 0.8665 80.2453 11.3787 1098.17 52.2973 1185.46 54.1128 1185.46 54.1128 0.570899 0.0088702 
200 0.24 725200000 575.5 9.68775 -45.3716 0.406481 2342.59 40.571 8.36622e+06 315101 -0.00102923 0.00175158 0.00074746 0.00173504 0.0110081 0.000267684 0.000242741 1.37422e-05 0.0930326 0.00117828 7.04208 0.8665 80.2453 11.3787 1098.17 52.2973 1185.46 54.1128 1185.46 54.1128 0.570899 0.0088702 
200 0.24 725600000 575.5 9.68775 -45.3716 0.406481 2342.59 40.571 8.36622e+06 315101 -0.00102923 0.00175158 0.00074746 0.00173504 0.0110081 0.000267684 0.000242741 1.37422e-05 0.0930326 0.00117828 7.04208 0.8665 80.2453 11.3787 1098.17 52.2973 1185.46 54.1128 1185.46 54.1128 0.570899 0.0088702 
200 0.24 726000000 575.5 9.68775 -45.3716 0.406481 2342.59 40.571 8.36622e+06 315101 -0.00102923 0.00175158 0.00074746 0.00173504 0.0110081 0.000267684 0.000242741 1.37422e-05 0.0930326 0.00117828 7.04208 0.864572 80.2453 11.3787 1098.17 52.2973 1185.46 54.1128 1185.46 54.1128 0.570899 0.0088702 
200 0.24 726400000 575.5 9.68775 -45.3716 0.406481 2342.59 40.571 8.36622e+06 315101 -0.00102923 0.00175158 0.00074746 0.00173504 0.0110081 0.000267684 0.000242741 1.37422e-05 0.0930326 0.00117828 7.04208 0.864572 80.2453 11.3787 1098.17 52.2973 1185.46 54.1128 1185.46 54.1128 0.570899 0.0088702 
200 0.24 726800000 575.5 9.68775 -45.3716 0.406481 2342.59 40.571 8.36622e+06 315101 -0.00102923 0.00175158 0.00074746 0.00173504 0.0110081 0.000267684 0.000242741 1.37422e-05 0.0930326 0.00117828 7.04208 0.864572 80.2453 11.3787 1098.17 52.2973 1185.46 54.1128 1185.46 54.1128 0.570899 0.0088702 
200 0.24 727200000 575.5 9.68775 -45.3716 0.406481 2342.59 40.571 8.36622e+06 315101 -0.00102923 0.00175158 0.00074746 0.00173504 0.0110081 0.000267684 0.000242741 1.37422e-05 0.0930326 0.00117828 7.04208 0.864572 80.2453 11.3787 1098.17 52.2973 1185.46 54.1128 1185.46 54.1128 0.570899 0.0088702 
200 0.24 727600000 575.5 9.68775 -45.3716 0.406481 2342.59 40.4095 8.36622e+06 315101 -0.00102923 0.00175158 0.00074746 0.00173021 0.0110081 0.000267616 0.000242741 1.37422e-05 0.0930326 0.00117828 7.04208 0.862661 80.2453 11.3787 1098.17 52.2973 1185.46 54.1128 1185.46 54.1128 0.570899 0.0088702 
200 0.24 728000000 575.5 9.68775 -45.3716 0.406481 2342.59 40.4095 8.36622e+06 315101 -0.00102923 0.00175158 0.00074746 0.00173021 0.0110081 0.000267616 0.000242741 1.37422e-05 0.0930326 0.00117828 7.04208 0.862661 80.2453 11.3787 1098.17 52.2973 1185.46 54.1128 1185.46 54.1128 0.570899 0.0088702 
200 0.24 728400000 575.5 9.68775 -45.3716 0.406481 2342.59 40.4095 8.36622e+06 315101 -0.00102923 0.00175158 0.00074746 0.00173021 0.0110081 0.000267616 0.000242741 1.37422e-05 0.0930326 0.00117828 7.04208 0.862661 80.2453 11.3787 1098.17 52.2973 1185.46 54.1128 1185.46 54.1128 0.570899 0.0088702 
200 0.24 728800000 575.5 9.68775 -45.3716 0.406481 2342.59 40.4095 8.36622e+06 315101 -0.00102923 0.00175158 0.00074746 0.00173021 0.0110081 0.000267616 0.000242741 1.37422e-05 0.0930326 0.00117828 7.04208 0.862661 80.2453 11.3787 1098.17 52.2973 1185.46 54.1128 1185.46 54.1128 0.570899 0.0088702 
200 0.24 729200000 575.5 9.68775 -45.3716 0.406481 2342.59 40.4095 8.36622e+06 315101 -0.00102923 0.00175158 0.00074746 0.00173021 0.0110081 0.000267616 0.000242741 1.37422e-05 0.0930326 0.00117828 7.04208 0.861241 80.2453 11.3787 1098.17 52.2973 1185.46 54.1128 1185.46 54.1128 0.570899 0.0088702 
200 0.24 729600000 575.5 9.68775 -45.3716 0.406481 2342.59 40.4095 8.36622e+06 315101 -0.00102923 0.00175158 0.00074746 0.00173021 0.0110081 0.000267616 0.000242741 1.37422e-05 0.0930326 0.00117828 7.04208 0.861241 80.2453 11.3787 1098.17 52.2973 1185.46 54.1128 1185.46 54.1128 0.570899 0.0088702 
200 0.24 730000000 575.5 9.68775 -45.3716 0.406481 2342.59 40.4095 8.36622e+06 315101 -0.00102923 0.00175158 0.00074746 0.00173021 0.0110081 0.000267616 0.000242741 1.37422e-05 0.0930326 0.00117828 7.04208 0.861241 80.2453 11.3787 1098.17 52.2973 1185.46 54.1128 1185.46 54.1128 0.570899 0.0088702 
200 0.24 730400000 575.5 9.68775 -45.3716 0.406481 2342.59 40.4095 8.36622e+06 315101 -0.00102923 0.00175158 0.00074746 0.00173021 0.0110081 0.000267616 0.000242741 1.37422e-05 0.0930326 0.00117828 7.04208 0.861241 80.2453 11.3787 1098.17 52.2973 1185.46 54.1128 1185.46 54.1128 0.570899 0.0088702 
200 0.24 730800000 575.5 9.68775 -45.3716 0.406481 2342.59 40.2525 8.36622e+06 312427 -0.00102923 0.00175158 0.00074746 0.00172307 0.0110081 0.000266366 0.000242741 1.36634e-05 0.0930326 0.00117074 7.04208 0.861241 80.2453 11.3787 1098.17 52.2973 1185.46 54.1128 1185.46 54.1128 0.570899 0.0088702 
200 0.24 731200000 575.5 9.68775 -45.3716 0.406481 2342.59 40.2525 8.36622e+06 312427 -0.00102923 0.00175158 0.00074746 0.00172307 0.0110081 0.000266366 0.000242741 1.36634e-05 0.0930326 0.00117074 7.04208 0.861241 80.2453 11.3787 1098.17 52.2973 1185.46 54.1128 1185.46 54.1128 0.570899 0.0088702 
200 0.24 731600000 575.5 9.68775 -45.3716 0.406481 2342.59 40.2525 8.36622e+06 312427 -0.00102923 0.00175158 0.00074746 0.00172307 0.0110081 0.000266366 0.000242741 1.36634e-05 0.0930326 0.00117074 7.04208 0.861241 80.2453 11.3787 1098.17 52.2973 1185.46 54.1128 1185.46 54.1128 0.570899 0.0088702 
200 0.24 732000000 575.5 9.68775 -45.3716 0.406481 2342.59 40.2525 8.36622e+06 312427 -0.00102923 0.00175158 0.00074746 0.00172307 0.0110081 0.000266366 0.000242741 1.36634e-05 0.0930326 0.00117074 7.04208 0.861241 80.2453 11.3787 1098.17 52.2973 1185.46 54.1128 1185.46 54.1128 0.570899 0.0088702 
200 0.24 732400000 575.5 9.68775 -45.3716 0.406481 2342.59 40.2525 8.36622e+06 312427 -0.00102923 0.00175158 0.00074746 0.00172307 0.0110081 0.000266366 0.000242741 1.36634e-05 0.0930326 0.00117074 7.04208 0.861241 80.2453 11.3787 1098.17 52.2973 1185.46 54.1128 1185.46 54.1128 0.570899 0.0088702 
200 0.24 732800000 575.5 9.68775 -45.3716 0.406481 2342.59 40.2525 8.36622e+06 312427 -0.00102923 0.00175158 0.00074746 0.00172307 0.0110081 0.000266366 0.000242741 1.36634e-05 0.0930326 0.00117074 7.04208 0.861241 80.2453 11.3787 1098.17 52.2973 1185.46 54.1128 1185.46 54.1128 0.570899 0.0088702 
200 0.24 733200000 575.5 9.68775 -45.3716 0.406481 2342.59 40.2525 8.36622e+06 312427 -0.00102923 0.00175158 0.00074746 0.00172307 0.0110081 0.000266366 0.000242741 1.36634e-05 0.0930326 0.00117074 7.04208 0.861241 80.2453 11.3787 1098.17 52.2973 1185.46 54.1128 1185.46 54.1128 0.570899 0.0088702 
200 0.24 733600000 575.5 9.68775 -45.3716 0.406481 2342.59 40.2525 8.36622e+06 312427 -0.00102923 0.00175158 0.00074746 0.00172307 0.0110081 0.000266366 0.000242741 1.36634e-05 0.0930326 0.00117074 7.04208 0.861241 80.2453 11.3787 1098.17 52.2973 1185.46 54.1128 1185.46 54.1128 0.570899 0.0088702 
200 0.24 734000000 575.5 9.68775 -45.3716 0.406481 2342.59 40.1029 8.36622e+06 312427 -0.00102923 0.00175158 0.00074746 0.00172255 0.0110081 0.000266077 0.000242741 1.36634e-05 0.0930326 0.00117074 7.04208 0.861241 80.2453 11.3787 1098.17 52.2973 1185.46 54.1128 1185.46 54.1128 0.570899 0.0088702 
200 0.24 734400000 575.5 9.68775 -45.3716 0.406481 2342.59 40.1029 8.36622e+06 312427 -0.00102923 0.00175158 0.00074746 0.00172255 0.0110081 0.000266077 0.000242741 1.36634e-05 0.0930326 0.00117074 7.04208 0.861241 80.2453 11.3787 1098.17 52.2973 1185.46 54.1128 1185.46 54.1128 0.570899 0.0088702 
200 0.24 734800000 575.5 9.68775 -45.3716 0.406481 2342.59 40.1029 8.36622e+06 312427 -0.00102923 0.00175158 0.00074746 0.00172255 0.0110081 0.000266077 0.000242741 1.36634e-05 0.0930326 0.00117074 7.04208 0.861241 80.2453 11.3787 1098.17 52.2973 1185.46 54.1128 1185.46 54.1128 0.570899 0.0088702 
200 0.24 735200000 575.5 9.68775 -45.3716 0.406481 2342.59 40.1029 8.36622e+06 312427 -0.00102923 0.00175158 0.00074746 0.00172255 0.0110081 0.000266077 0.000242741 1.36634e-05 0.0930326 0.00117074 7.04208 0.861241 80.2453 11.3787 1098.17 52.2973 1185.46 54.1128 1185.46 54.1128 0.570899 0.0088702 
200 0.24 735600000 575.5 9.68775 -45.3716 0.406481 2342.59 40.1029 8.36622e+06 312427 -0.00102923 0.00175158 0.00074746 0.00172255 0.0110081 0.000266077 0.000242741 1.36634e-05 0.0930326 0.00117074 7.04208 0.861241 80.2453 11.3787 1098.17 52.2973 1185.46 54.1128 1185.46 54.1128 0.570899 0.0088702 
200 0.24 736000000 575.5 9.68775 -45.3716 0.406481 2342.59 40.1029 8.36622e+06 312427 -0.00102923 0.00175158 0.00074746 0.00172255 0.0110081 0.000266077 0.000242741 1.36634e-05 0.0930326 0.00117074 7.04208 0.861241 80.2453 11.3787 1098.17 52.2973 1185.46 54.1128 1185.46 54.1128 0.570899 0.0088702 
200 0.24 736400000 575.5 9.68775 -45.3716 0.406481 2342.59 40.1029 8.36622e+06 312427 -0.00102923 0.00175158 0.00074746 0.00172255 0.0110081 0.000266077 0.000242741 1.36634e-05 0.0930326 0.00117074 7.04208 0.861241 80.2453 11.3787 1098.17 52.2973 1185.46 54.1128 1185.46 54.1128 0.570899 0.0088702 
200 0.24 736800000 575.5 9.68775 -45.3716 0.406481 2342.59 40.1029 8.36622e+06 312427 -0.00102923 0.00175158 0.00074746 0.00172255 0.0110081 0.000266077 0.000242741 1.36634e-05 0.0930326 0.00117074 7.04208 0.861241 80.2453 11.3787 1098.17 52.2973 1185.46 54.1128 1185.46 54.1128 0.570899 0.0088702 
200 0.24 737200000 575.5 9.68775 -45.3716 0.406481 2342.59 40.2818 8.36622e+06 310278 -0.00102923 0.00173322 0.00074746 0.00171656 0.0110081 0.000265186 0.000242741 1.35899e-05 0.0930326 0.00116879 7.04208 0.861241 80.2453 11.3787 1098.17 52.2973 1185.46 54.1128 1185.46 54.1128 0.570899 0.0088702 
200 0.24 737600000 575.5 9.68775 -45.3716 0.406481 2342.59 40.2818 8.36622e+06 310278 -0.00102923 0.00173322 0.00074746 0.00171656 0.0110081 0.000265186 0.000242741 1.35899e-05 0.0930326 0.00116879 7.04208 0.861241 80.2453 11.3787 1098.17 52.2973 1185.46 54.1128 1185.46 54.1128 0.570899 0.0088702 
200 0.24 738000000 575.5 9.68775 -45.3716 0.406481 2342.59 40.2818 8.36622e+06 310278 -0.00102923 0.00173322 0.00074746 0.00171656 0.0110081 0.000265186 0.000242741 1.35899e-05 0.0930326 0.00116879 7.04208 0.861241 80.2453 11.3787 1098.17 52.2973 1185.46 54.1128 1185.46 54.1128 0.570899 0.0088702 
200 0.24 738400000 575.5 9.68775 -45.3716 0.406481 2342.59 40.2818 8.36622e+06 310278 -0.00102923 0.00173322 0.00074746 0.00171656 0.0110081 0.000265186 0.000242741 1.35899e-05 0.0930326 0.00116879 7.04208 0.861241 80.2453 11.3787 1098.17 52.2973 1185.46 54.1128 1185.46 54.1128 0.570899 0.0088702 
200 0.24 738800000 575.5 9.68775 -45.3716 0.406481 2342.59 40.2818 8.36622e+06 310278 -0.00102923 0.00173134 0.00074746 0.00171656 0.0110081 0.000265186 0.000242741 1.35899e-05 0.0930326 0.00116879 7.04208 0.861241 80.2453 11.3787 1098.17 52.2973 1185.46 54.1128 1185.46 54.1128 0.570899 0.0088702 
200 0.24 739200000 575.5 9.68775 -45.3716 0.406481 2342.59 40.2818 8.36622e+06 310278 -0.00102923 0.00173134 0.00074746 0.00171656 0.0110081 0.000265186 0.000242741 1.35899e-05 0.0930326 0.00116879 7.04208 0.861241 80.2453 11.3787 1098.17 52.2973 1185.46 54.1128 1185.46 54.1128 0.570899 0.0088702 
200 0.24 739600000 575.5 9.68775 -45.3716 0.406481 2342.59 40.2818 8.36622e+06 310278 -0.00102923 0.00173134 0.00074746 0.00171656 0.0110081 0.000265186 0.000242741 1.35899e-05 0.0930326 0.00116879 7.04208 0.861241 80.2453 11.3787 1098.17 52.2973 1185.46 54.1128 1185.46 54.1128 0.570899 0.0088702 
200 0.24 740000000 575.5 9.68775 -45.3716 0.406481 2342.59 40.2818 8.36622e+06 310278 -0.00102923 0.00173134 0.00074746 0.00171656 0.0110081 0.000265186 0.000242741 1.35899e-05 0.0930326 0.00116879 7.04208 0.861241 80.2453 11.3787 1098.17 52.2973 1185.46 54.1128 1185.46 54.1128 0.570899 0.0088702 
200 0.24 740400000 575.5 9.68775 -45.3716 0.406481 2342.59 40.1671 8.36622e+06 310671 -0.00102923 0.00173054 0.00074746 0.00170907 0.0110081 0.000265186 0.000242741 1.35899e-05 0.0930326 0.00116879 7.04208 0.861241 80.2453 11.3787 1098.17 52.2973 1185.46 54.1128 1185.46 54.1128 0.570899 0.0088702 
200 0.24 740800000 575.5 9.68775 -45.3716 0.406481 2342.59 40.1671 8.36622e+06 310671 -0.00102923 0.00173054 0.00074746 0.00170907 0.0110081 0.000265186 0.000242741 1.35899e-05 0.0930326 0.00116879 7.04208 0.861241 80.2453 11.3787 1098.17 52.2973 1185.46 54.1128 1185.46 54.1128 0.570899 0.0088702 
200 0.24 741200000 575.5 9.68775 -45.3716 0.406481 2342.59 40.1671 8.36622e+06 310671 -0.00102923 0.00173054 0.00074746 0.00170907 0.0110081 0.000265186 0.000242741 1.35899e-05 0.0930326 0.00116879 7.04208 0.861241 80.2453 11.3787 1098.17 52.2973 1185.46 54.1128 1185.46 54.1128 0.570899 0.0088702 
200 0.24 741600000 575.5 9.68775 -45.3716 0.406481 2342.59 40.1671 8.36622e+06 310671 -0.00102923 0.00173054 0.00074746 0.00170907 0.0110081 0.000265186 0.000242741 1.35899e-05 0.0930326 0.00116879 7.04208 0.861241 80.2453 11.3787 1098.17 52.2973 1185.46 54.1128 1185.46 54.1128 0.570899 0.0088702 
200 0.24 742000000 575.5 9.68775 -45.3716 0.406481 2342.59 40.1671 8.36622e+06 311182 -0.00102923 0.00172687 0.00074746 0.00170907 0.0110081 0.000265186 0.000242741 1.35899e-05 0.0930326 0.00116879 7.04208 0.861241 80.2453 11.3787 1098.17 52.2973 1185.46 54.1128 1185.46 54.1128 0.570899 0.0088702 
200 0.24 742400000 575.5 9.68775 -45.3716 0.406481 2342.59 40.1671 8.36622e+06 311182 -0.00102923 0.00172687 0.00074746 0.00170907 0.0110081 0.000265186 0.000242741 1.35899e-05 0.0930326 0.00116879 7.04208 0.861241 80.2453 11.3787 1098.17 52.2973 1185.46 54.1128 1185.46 54.1128 0.570899 0.0088702 
200 0.24 742800000 575.5 9.68775 -45.3716 0.406481 2342.59 40.1671 8.36622e+06 311182 -0.00102923 0.00172687 0.00074746 0.00170907 0.0110081 0.000265186 0.000242741 1.35899e-05 0.0930326 0.00116879 7.04208 0.861241 80.2453 11.3787 1098.17 52.2973 1185.46 54.1128 1185.46 54.1128 0.570899 0.0088702 
200 0.24 743200000 575.5 9.68775 -45.3716 0.406481 2342.59 40.1671 8.36622e+06 311182 -0.00102923 0.00172687 0.00074746 0.00170907 0.0110081 0.000265186 0.000242741 1.35899e-05 0.0930326 0.00116879 7.04208 0.861241 80.2453 11.3787 1098.17 52.2973 1185.46 54.1128 1185.46 54.1128 0.570899 0.0088702 
200 0.24 743600000 575.5 9.68775 -45.3716 0.406481 2342.59 40.0769 8.36622e+06 315162 -0.00102923 0.00172434 0.00074746 0.00170535 0.0110081 0.000262979 0.000242741 1.34717e-05 0.0930326 0.00115912 7.04208 0.861241 80.2453 11.3787 1098.17 52.2973 1185.46 54.1128 1185.46 54.1128 0.570899 0.0088702 
200 0.24 744000000 575.5 9.68775 -45.3716 0.406481 2342.59 40.0769 8.36622e+06 315162 -0.00102923 0.00172434 0.00074746 0.00170535 0.0110081 0.000262979 0.000242741 1.34717e-05 0.0930326 0.00115912 7.04208 0.861241 80.2453 11.3787 1098.17 52.2973 1185.46 54.1128 1185.46 54.1128 0.570899 0.0088702 
200 0.24 744400000 575.5 9.68775 -45.3716 0.406481 2342.59 40.0769 8.36622e+06 315162 -0.00102923 0.00172434 0.00074746 0.00170535 0.0110081 0.000262979 0.000242741 1.34717e-05 0.0930326 0.00115912 7.04208 0.861241 80.2453 11.3787 1098.17 52.2973 1185.46 54.1128 1185.46 54.1128 0.570899 0.0088702 
200 0.24 744800000 575.5 9.68775 -45.3716 0.406481 2342.59 40.0769 8.36622e+06 315162 -0.00102923 0.00172434 0.00074746 0.00170535 0.0110081 0.000262979 0.000242741 1.34717e-05 0.0930326 0.00115912 7.04208 0.861241 80.2453 11.3787 1098.17 52.2973 1185.46 54.1128 1185.46 54.1128 0.570899 0.0088702 
200 0.24 745200000 575.5 9.68775 -45.3716 0.406481 2342.59 40.0769 8.36622e+06 315162 -0.00102923 0.00172086 0.00074746 0.00170535 0.0110081 0.000262979 0.000242741 1.34717e-05 0.0930326 0.00115912 7.04208 0.861241 80.2453 11.3787 1098.17 52.2973 1185.46 54.1128 1185.46 54.1128 0.570899 0.0088702 
200 0.24 745600000 575.5 9.68775 -45.3716 0.406481 2342.59 40.0769 8.36622e+06 315162 -0.00102923 0.00172086 0.00074746 0.00170535 0.0110081 0.000262979 0.000242741 1.34717e-05 0.0930326 0.00115912 7.04208 0.861241 80.2453 11.3787 1098.17 52.2973 1185.46 54.1128 1185.46 54.1128 0.570899 0.0088702 
200 0.24 746000000 575.5 9.68775 -45.3716 0.406481 2342.59 40.0769 8.36622e+06 315162 -0.00102923 0.00172086 0.00074746 0.00170535 0.0110081 0.000262979 0.000242741 1.34717e-05 0.0930326 0.00115912 7.04208 0.861241 80.2453 11.3787 1098.17 52.2973 1185.46 54.1128 1185.46 54.1128 0.570899 0.0088702 
200 0.24 746400000 575.5 9.68775 -45.3716 0.406481 2342.59 40.0769 8.36622e+06 315162 -0.00102923 0.00172086 0.00074746 0.00170535 0.0110081 0.000262979 0.000242741 1.34717e-05 0.0930326 0.00115912 7.04208 0.861241 80.2453 11.3787 1098.17 52.2973 1185.46 54.1128 1185.46 54.1128 0.570899 0.0088702 
200 0.24 746800000 575.5 9.68775 -45.3716 0.406481 2342.59 39.9419 8.36622e+06 315162 -0.00102923 0.00172086 0.00074746 0.00170088 0.0110081 0.000262979 0.000242741 1.34717e-05 0.0930326 0.00115912 7.04208 0.861241 80.2453 11.3787 1098.17 52.2973 1185.46 54.1128 1185.46 54.1128 0.570899 0.0088702 
200 0.24 747200000 575.5 9.68775 -45.3716 0.406481 2342.59 39.9419 8.36622e+06 315162 -0.00102923 0.00172086 0.00074746 0.00170088 0.0110081 0.000262979 0.000242741 1.34717e-05 0.0930326 0.00115912 7.04208 0.861241 80.2453 11.3787 1098.17 52.2973 1185.46 54.1128 1185.46 54.1128 0.570899 0.0088702 
200 0.24 747600000 575.5 9.68775 -45.3716 0.406481 2342.59 39.9419 8.36622e+06 315162 -0.00102923 0.00172086 0.00074746 0.00170088 0.0110081 0.000262979 0.000242741 1.34717e-05 0.0930326 0.00115912 7.04208 0.861241 80.2453 11.3787 1098.17 52.2973 1185.46 54.1128 1185.46 54.1128 0.570899 0.0088702 
200 0.24 748000000 575.5 9.68775 -45.3716 0.406481 2342.59 39.9419 8.36622e+06 315162 -0.00102923 0.00172086 0.00074746 0.00170088 0.0110081 0.000262979 0.000242741 1.34717e-05 0.0930326 0.00115912 7.04208 0.861241 80.2453 11.3787 1098.17 52.2973 1185.46 54.1128 1185.46 54.1128 0.570899 0.0088702 
200 0.24 748400000 575.5 9.68775 -45.3716 0.406481 2342.59 39.9419 8.36622e+06 315162 -0.00102923 0.00172086 0.00074746 0.00170088 0.0110081 0.000262979 0.000242741 1.34717e-05 0.0930326 0.00115912 7.04208 0.861241 80.2453 11.3787 1098.17 52.2973 1185.46 54.1128 1185.46 54.1128 0.570899 0.0088702 
200 0.24 748800000 575.5 9.68775 -45.3716 0.406481 2342.59 39.9419 8.36622e+06 315162 -0.00102923 0.00172086 0.00074746 0.00170088 0.0110081 0.000262979 0.000242741 1.34717e-05 0.0930326 0.00115912 7.04208 0.861241 80.2453 11.3787 1098.17 52.2973 1185.46 54.1128 1185.46 54.1128 0.570899 0.0088702 
200 0.24 749200000 575.5 9.68775 -45.3716 0.406481 2342.59 39.9419 8.36622e+06 315162 -0.00102923 0.00172086 0.00074746 0.00170088 0.0110081 0.000262979 0.000242741 1.34717e-05 0.0930326 0.00115912 7.04208 0.861241 80.2453 11.3787 1098.17 52.2973 1185.46 54.1128 1185.46 54.1128 0.570899 0.0088702 
200 0.24 749600000 575.5 9.68775 -45.3716 0.406481 2342.59 39.9419 8.36622e+06 315162 -0.00102923 0.00172086 0.00074746 0.00170088 0.0110081 0.000262979 0.000242741 1.34717e-05 0.0930326 0.00115912 7.04208 0.861241 80.2453 11.3787 1098.17 52.2973 1185.46 54.1128 1185.46 54.1128 0.570899 0.0088702 
200 0.24 750000000 575.5 9.68775 -45.3716 0.395687 2342.59 39.8782 8.36622e+06 313032 -0.00102923 0.001717 0.00074746 0.00170082 0.0110081 0.00026088 0.000242741 1.3356e-05 0.0930326 0.00114975 7.04208 0.837131 80.2453 11.3787 1098.17 52.2973 1185.46 54.1128 1185.46 54.1128 0.570899 0.0088702 
200 0.24 750400000 575.5 9.68775 -45.3716 0.395687 2342.59 39.8782 8.36622e+06 313032 -0.00102923 0.001717 0.00074746 0.00170082 0.0110081 0.00026088 0.000242741 1.3356e-05 0.0930326 0.00114975 7.04208 0.837131 80.2453 11.3787 1098.17 52.2973 1185.46 54.1128 1185.46 54.1128 0.570899 0.0088702 
200 0.24 750800000 575.5 9.68775 -45.3716 0.395687 2342.59 39.8782 8.36622e+06 313032 -0.00102923 0.001717 0.00074746 0.00170082 0.0110081 0.00026088 0.000242741 1.3356e-05 0.0930326 0.00114975 7.04208 0.837131 80.2453 11.3787 1098.17 52.2973 1185.46 54.1128 1185.46 54.1128 0.570899 0.0088702 
200 0.24 751200000 575.5 9.68775 -45.3716 0.395687 2342.59 39.8782 8.36622e+06 313032 -0.00102923 0.001717 0.00074746 0.00170082 0.0110081 0.00026088 0.000242741 1.3356e-05 0.0930326 0.00114975 7.04208 0.837131 80.2453 11.3787 1098.17 52.2973 1185.46 54.1128 1185.46 54.1128 0.570899 0.0088702 
200 0.24 751600000 575.5 9.68775 -45.3716 0.395687 2342.59 39.8782 8.36622e+06 313032 -0.00102923 0.00171362 0.00074746 0.00170082 0.0110081 0.00026088 0.000242741 1.3356e-05 0.0930326 0.00114975 7.04208 0.835419 80.2453 11.3787 1098.17 52.2973 1185.46 54.1128 1185.46 54.1128 0.570899 0.0088702 
200 0.24 752000000 575.5 9.68775 -45.3716 0.395687 2342.59 39.8782 8.36622e+06 313032 -0.00102923 0.00171362 0.00074746 0.00170082 0.0110081 0.00026088 0.000242741 1.3356e-05 0.0930326 0.00114975 7.04208 0.835419 80.2453 11.3787 1098.17 52.2973 1185.46 54.1128 1185.46 54.1128 0.570899 0.0088702 
200 0.24 752400000 575.5 9.68775 -45.3716 0.395687 2342.59 39.8782 8.36622e+06 313032 -0.00102923 0.00171362 0.00074746 0.00170082 0.0110081 0.00026088 0.000242741 1.3356e-05 0.0930326 0.00114975 7.04208 0.835419 80.2453 11.3787 1098.17 52.2973 1185.46 54.1128 1185.46 54.1128 0.570899 0.0088702 
200 0.24 752800000 575.5 9.68775 -45.3716 0.395687 2342.59 39.8782 8.36622e+06 313032 -0.00102923 0.00171362 0.00074746 0.00170082 0.0110081 0.00026088 0.000242741 1.3356e-05 0.0930326 0.00114975 7.04208 0.835419 80.2453 11.3787 1098.17 52.2973 1185.46 54.1128 1185.46 54.1128 0.570899 0.0088702 
200 0.24 753200000 575.5 9.68775 -45.3716 0.394531 2342.59 39.7365 8.36622e+06 313032 -0.00102923 0.00171418 0.00074746 0.00169864 0.0110081 0.00026088 0.000242741 1.3356e-05 0.0930326 0.00114975 7.04208 0.835419 80.2453 11.3787 1098.17 52.2973 1185.46 54.1128 1185.46 54.1128 0.570899 0.0088702 
200 0.24 753600000 575.5 9.68775 -45.3716 0.394531 2342.59 39.7365 8.36622e+06 313032 -0.00102923 0.00171418 0.00074746 0.00169864 0.0110081 0.00026088 0.000242741 1.3356e-05 0.0930326 0.00114975 7.04208 0.835419 80.2453 11.3787 1098.17 52.2973 1185.46 54.1128 1185.46 54.1128 0.570899 0.0088702 
200 0.24 754000000 575.5 9.68775 -45.3716 0.394531 2342.59 39.7365 8.36622e+06 313032 -0.00102923 0.00171418 0.00074746 0.00169864 0.0110081 0.00026088 0.000242741 1.3356e-05 0.0930326 0.00114975 7.04208 0.835419 80.2453 11.3787 1098.17 52.2973 1185.46 54.1128 1185.46 54.1128 0.570899 0.0088702 
200 0.24 754400000 575.5 9.68775 -45.3716 0.394531 2342.59 39.7365 8.36622e+06 313032 -0.00102923 0.00171418 0.00074746 0.00169864 0.0110081 0.00026088 0.000242741 1.3356e-05 0.0930326 0.00114975 7.04208 0.835419 80.2453 11.3787 1098.17 52.2973 1185.46 54.1128 1185.46 54.1128 0.570899 0.0088702 
200 0.24 754800000 575.5 9.68775 -45.3716 0.394531 2342.59 39.7365 8.36622e+06 313032 -0.00102923 0.00171078 0.00074746 0.00169864 0.0110081 0.00026088 0.000242741 1.3356e-05 0.0930326 0.00114975 7.04208 0.835419 80.2453 11.3787 1098.17 52.2973 1185.46 54.1128 1185.46 54.1128 0.570899 0.0088702 
200 0.24 755200000 575.5 9.68775 -45.3716 0.394531 2342.59 39.7365 8.36622e+06 313032 -0.00102923 0.00171078 0.00074746 0.00169864 0.0110081 0.00026088 0.000242741 1.3356e-05 0.0930326 0.00114975 7.04208 0.835419 80.2453 11.3787 1098.17 52.2973 1185.46 54.1128 1185.46 54.1128 0.570899 0.0088702 
200 0.24 755600000 575.5 9.68775 -45.3716 0.394531 2342.59 39.7365 8.36622e+06 313032 -0.00102923 0.00171078 0.00074746 0.00169864 0.0110081 0.00026088 0.000242741 1.3356e-05 0.0930326 0.00114975 7.04208 0.835419 80.2453 11.3787 1098.17 52.2973 1185.46 54.1128 1185.46 54.1128 0.570899 0.0088702 
200 0.24 756000000 575.5 9.68775 -45.3716 0.394531 2342.59 39.7365 8.36622e+06 313032 -0.00102923 0.00171078 0.00074746 0.00169864 0.0110081 0.00026088 0.000242741 1.3356e-05 0.0930326 0.00114975 7.04208 0.835419 80.2453 11.3787 1098.17 52.2973 1185.46 54.1128 1185.46 54.1128 0.570899 0.0088702 
200 0.24 756400000 575.5 9.68775 -45.3716 0.392847 2342.59 39.5669 8.36622e+06 310464 -0.00102923 0.00170736 0.00074746 0.00170064 0.0110081 0.000259094 0.000242741 1.32543e-05 0.0930326 0.0011406 7.04208 0.835419 80.2453 11.3787 1098.17 52.2973 1185.46 54.1128 1185.46 54.1128 0.570899 0.0088702 
200 0.24 756800000 575.5 9.68775 -45.3716 0.392847 2342.59 39.5669 8.36622e+06 310464 -0.00102923 0.00170736 0.00074746 0.00170064 0.0110081 0.000259094 0.000242741 1.32543e-05 0.0930326 0.0011406 7.04208 0.835419 80.2453 11.3787 1098.17 52.2973 1185.46 54.1128 1185.46 54.1128 0.570899 0.0088702 
200 0.24 757200000 575.5 9.68775 -45.3716 0.392847 2342.59 39.5669 8.36622e+06 310464 -0.00102923 0.00170736 0.00074746 0.00170064 0.0110081 0.000259094 0.000242741 1.32543e-05 0.0930326 0.0011406 7.04208 0.835419 80.2453 11.3787 1098.17 52.2973 1185.46 54.1128 1185.46 54.1128 0.570899 0.0088702 
200 0.24 757600000 575.5 9.68775 -45.3716 0.392847 2342.59 39.5669 8.36622e+06 310464 -0.00102923 0.00170736 0.00074746 0.00170064 0.0110081 0.000259094 0.000242741 1.32543e-05 0.0930326 0.0011406 7.04208 0.835419 80.2453 11.3787 1098.17 52.2973 1185.46 54.1128 1185.46 54.1128 0.570899 0.0088702 
200 0.24 758000000 575.5 9.68775 -45.3716 0.392847 2342.59 39.5669 8.36622e+06 310464 -0.00102923 0.00170373 0.00074746 0.00170064 0.0110081 0.000259094 0.000242741 1.32543e-05 0.0930326 0.0011406 7.04208 0.835419 80.2453 11.3787 1098.17 52.2973 1185.46 54.1128 1185.46 54.1128 0.570899 0.0088702 
200 0.24 758400000 575.5 9.68775 -45.3716 0.392847 2342.59 39.5669 8.36622e+06 310464 -0.00102923 0.00170373 0.00074746 0.00170064 0.0110081 0.000259094 0.000242741 1.32543e-05 0.0930326 0.0011406 7.04208 0.835419 80.2453 11.3787 1098.17 52.2973 1185.46 54.1128 1185.46 54.1128 0.570899 0.0088702 
200 0.24 758800000 575.5 9.68775 -45.3716 0.392847 2342.59 39.5669 8.36622e+06 310464 -0.00102923 0.00170373 0.00074746 0.00170064 0.0110081 0.000259094 0.000242741 1.32543e-05 0.0930326 0.0011406 7.04208 0.835419 80.2453 11.3787 1098.17 52.2973 1185.46 54.1128 1185.46 54.1128 0.570899 0.0088702 
200 0.24 759200000 575.5 9.68775 -45.3716 0.392847 2342.59 39.5669 8.36622e+06 310464 -0.00102923 0.00170373 0.00074746 0.00170064 0.0110081 0.000259094 0.000242741 1.32543e-05 0.0930326 0.0011406 7.04208 0.835419 80.2453 11.3787 1098.17 52.2973 1185.46 54.1128 1185.46 54.1128 0.570899 0.0088702 
200 0.24 759600000 575.5 9.68775 -45.3716 0.392504 2342.59 39.401 8.36622e+06 310464 -0.00102923 0.00170836 0.00074746 0.00169789 0.0110081 0.000258682 0.000242741 1.32425e-05 0.0930326 0.0011406 7.04208 0.835419 80.2453 11.3787 1098.17 52.2973 1185.46 54.1128 1185.46 54.1128 0.570899 0.0088702 
200 0.24 760000000 575.5 9.68775 -45.3716 0.392504 2342.59 39.401 8.36622e+06 310464 -0.00102923 0.00170836 0.00074746 0.00169789 0.0110081 0.000258682 0.000242741 1.32425e-05 0.0930326 0.0011406 7.04208 0.835419 80.2453 11.3787 1098.17 52.2973 1185.46 54.1128 1185.46 54.1128 0.570899 0.0088702 
200 0.24 760400000 575.5 9.68775 -45.3716 0.392504 2342.59 39.401 8.36622e+06 310464 -0.00102923 0.00170836 0.00074746 0.00169789 0.0110081 0.000258682 0.000242741 1.32425e-05 0.0930326 0.0011406 7.04208 0.835419 80.2453 11.3787 1098.17 52.2973 1185.46 54.1128 1185.46 54.1128 0.570899 0.0088702 
200 0.24 760800000 575.5 9.68775 -45.3716 0.392504 2342.59 39.401 8.36622e+06 310464 -0.00102923 0.00170836 0.00074746 0.00169789 0.0110081 0.000258682 0.000242741 1.32425e-05 0.0930326 0.0011406 7.04208 0.835419 80.2453 11.3787 1098.17 52.2973 1185.46 54.1128 1185.46 54.1128 0.570899 0.0088702 
200 0.24 761200000 575.5 9.68775 -45.3716 0.392504 2342.59 39.401 8.36622e+06 310464 -0.00102923 0.00170652 0.00074746 0.00169789 0.0110081 0.000258682 0.000242741 1.32425e-05 0.0930326 0.0011406 7.04208 0.835419 80.2453 11.3787 1098.17 52.2973 1185.46 54.1128 1185.46 54.1128 0.570899 0.0088702 
200 0.24 761600000 575.5 9.68775 -45.3716 0.392504 2342.59 39.401 8.36622e+06 310464 -0.00102923 0.00170652 0.00074746 0.00169789 0.0110081 0.000258682 0.000242741 1.32425e-05 0.0930326 0.0011406 7.04208 0.835419 80.2453 11.3787 1098.17 52.2973 1185.46 54.1128 1185.46 54.1128 0.570899 0.0088702 
200 0.24 762000000 575.5 9.68775 -45.3716 0.392504 2342.59 39.401 8.36622e+06 310464 -0.00102923 0.00170652 0.00074746 0.00169789 0.0110081 0.000258682 0.000242741 1.32425e-05 0.0930326 0.0011406 7.04208 0.835419 80.2453 11.3787 1098.17 52.2973 1185.46 54.1128 1185.46 54.1128 0.570899 0.0088702 
200 0.24 762400000 575.5 9.68775 -45.3716 0.392504 2342.59 39.401 8.36622e+06 310464 -0.00102923 0.00170652 0.00074746 0.00169789 0.0110081 0.000258682 0.000242741 1.32425e-05 0.0930326 0.0011406 7.04208 0.835419 80.2453 11.3787 1098.17 52.2973 1185.46 54.1128 1185.46 54.1128 0.570899 0.0088702 
200 0.24 762800000 575.5 9.68775 -45.3716 0.392504 2342.59 39.2347 8.36622e+06 308526 -0.00102923 0.00170604 0.00074746 0.00169102 0.0110081 0.000258496 0.000242741 1.31577e-05 0.0930326 0.00114006 7.04208 0.835419 80.2453 11.3787 1098.17 52.2973 1185.46 54.1128 1185.46 54.1128 0.570899 0.0088702 
200 0.24 763200000 575.5 9.68775 -45.3716 0.392504 2342.59 39.2347 8.36622e+06 308526 -0.00102923 0.00170604 0.00074746 0.00169102 0.0110081 0.000258496 0.000242741 1.31577e-05 0.0930326 0.00114006 7.04208 0.835419 80.2453 11.3787 1098.17 52.2973 1185.46 54.1128 1185.46 54.1128 0.570899 0.0088702 
200 0.24 763600000 575.5 9.68775 -45.3716 0.392504 2342.59 39.2347 8.36622e+06 308526 -0.00102923 0.00170604 0.00074746 0.00169102 0.0110081 0.000258496 0.000242741 1.31577e-05 0.0930326 0.00114006 7.04208 0.835419 80.2453 11.3787 1098.17 52.2973 1185.46 54.1128 1185.46 54.1128 0.570899 0.0088702 
200 0.24 764000000 575.5 9.68775 -45.3716 0.392504 2342.59 39.2347 8.36622e+06 308526 -0.00102923 0.00170604 0.00074746 0.00169102 0.0110081 0.000258496 0.000242741 1.31577e-05 0.0930326 0.00114006 7.04208 0.835419 80.2453 11.3787 1098.17 52.2973 1185.46 54.1128 1185.46 54.1128 0.570899 0.0088702 
200 0.24 764400000 575.5 9.68775 -45.3716 0.392504 2342.59 39.2347 8.36622e+06 308526 -0.00102923 0.00170589 0.00074746 0.00169102 0.0110081 0.000258496 0.000242741 1.31577e-05 0.0930326 0.00114006 7.04208 0.835419 80.2453 11.3787 1098.17 52.2973 1185.46 54.1128 1185.46 54.1128 0.570899 0.0088702 
200 0.24 764800000 575.5 9.68775 -45.3716 0.392504 2342.59 39.2347 8.36622e+06 308526 -0.00102923 0.00170589 0.00074746 0.00169102 0.0110081 0.000258496 0.000242741 1.31577e-05 0.0930326 0.00114006 7.04208 0.835419 80.2453 11.3787 1098.17 52.2973 1185.46 54.1128 1185.46 54.1128 0.570899 0.0088702 
200 0.24 765200000 575.5 9.68775 -45.3716 0.392504 2342.59 39.2347 8.36622e+06 308526 -0.00102923 0.00170589 0.00074746 0.00169102 0.0110081 0.000258496 0.000242741 1.31577e-05 0.0930326 0.00114006 7.04208 0.835419 80.2453 11.3787 1098.17 52.2973 1185.46 54.1128 1185.46 54.1128 0.570899 0.0088702 
200 0.24 765600000 575.5 9.68775 -45.3716 0.392504 2342.59 39.2347 8.36622e+06 308526 -0.00102923 0.00170589 0.00074746 0.00169102 0.0110081 0.000258496 0.000242741 1.31577e-05 0.0930326 0.00114006 7.04208 0.835419 80.2453 11.3787 1098.17 52.2973 1185.46 54.1128 1185.46 54.1128 0.570899 0.0088702 
200 0.24 766000000 575.5 9.68775 -45.3716 0.392504 2342.59 39.1583 8.36622e+06 308526 -0.00102923 0.00170403 0.00074746 0.00168732 0.0110081 0.000258496 0.000242741 1.31577e-05 0.0930326 0.00114006 7.04208 0.835419 80.2453 11.3787 1098.17 52.2973 1185.46 54.1128 1185.46 54.1128 0.570899 0.0088702 
200 0.24 766400000 575.5 9.68775 -45.3716 0.392504 2342.59 39.1583 8.36622e+06 308526 -0.00102923 0.00170403 0.00074746 0.00168732 0.0110081 0.000258496 0.000242741 1.31577e-05 0.0930326 0.00114006 7.04208 0.835419 80.2453 11.3787 1098.17 52.2973 1185.46 54.1128 1185.46 54.1128 0.570899 0.0088702 
200 0.24 766800000 575.5 9.68775 -45.3716 0.392504 2342.59 39.1583 8.36622e+06 308526 -0.00102923 0.00170403 0.00074746 0.00168732 0.0110081 0.000258496 0.000242741 1.31577e-05 0.0930326 0.00114006 7.04208 0.835419 80.2453 11.3787 1098.17 52.2973 1185.46 54.1128 1185.46 54.1128 0.570899 0.0088702 
200 0.24 767200000 575.5 9.68775 -45.3716 0.392504 2342.59 39.1583 8.36622e+06 308526 -0.00102923 0.00170403 0.00074746 0.00168732 0.0110081 0.000258496 0.000242741 1.31577e-05 0.0930326 0.00114006 7.04208 0.835419 80.2453 11.3787 1098.17 52.2973 1185.46 54.1128 1185.46 54.1128 0.570899 0.0088702 
200 0.24 767600000 575.5 9.68775 -45.3716 0.392504 2342.59 39.1128 8.36622e+06 308526 -0.00102923 0.00170106 0.00074746 0.00168732 0.0110081 0.000258496 0.000242741 1.31577e-05 0.0930326 0.00114006 7.04208 0.835419 80.2453 11.3787 1098.17 52.2973 1185.46 54.1128 1185.46 54.1128 0.570899 0.0088702 
200 0.24 768000000 575.5 9.68775 -45.3716 0.392504 2342.59 39.1128 8.36622e+06 308526 -0.00102923 0.00170106 0.00074746 0.00168732 0.0110081 0.000258496 0.000242741 1.31577e-05 0.0930326 0.00114006 7.04208 0.835419 80.2453 11.3787 1098.17 52.2973 1185.46 54.1128 1185.46 54.1128 0.570899 0.0088702 
200 0.24 768400000 575.5 9.68775 -45.3716 0.392504 2342.59 39.1128 8.36622e+06 308526 -0.00102923 0.00170106 0.00074746 0.00168732 0.0110081 0.000258496 0.000242741 1.31577e-05 0.0930326 0.00114006 7.04208 0.835419 80.2453 11.3787 1098.17 52.2973 1185.46 54.1128 1185.46 54.1128 0.570899 0.0088702 
200 0.24 768800000 575.5 9.68775 -45.3716 0.392504 2342.59 39.1128 8.36622e+06 308526 -0.00102923 0.00170106 0.00074746 0.00168732 0.0110081 0.000258496 0.000242741 1.31577e-05 0.0930326 0.00114006 7.04208 0.835419 80.2453 11.3787 1098.17 52.2973 1185.46 54.1128 1185.46 54.1128 0.570899 0.0088702 
200 0.24 769200000 575.5 9.68775 -45.3716 0.392504 2342.59 39.1052 8.36622e+06 308526 -0.00102923 0.00169921 0.00074746 0.00168024 0.0110081 0.000256726 0.000242741 1.3086e-05 0.0930326 0.00113129 7.04208 0.835419 80.2453 11.3787 1098.17 52.2973 1185.46 54.1128 1185.46 54.1128 0.570899 0.0088702 
200 0.24 769600000 575.5 9.68775 -45.3716 0.392504 2342.59 39.1052 8.36622e+06 308526 -0.00102923 0.00169921 0.00074746 0.00168024 0.0110081 0.000256726 0.000242741 1.3086e-05 0.0930326 0.00113129 7.04208 0.835419 80.2453 11.3787 1098.17 52.2973 1185.46 54.1128 1185.46 54.1128 0.570899 0.0088702 
200 0.24 770000000 575.5 9.68775 -45.3716 0.392504 2342.59 39.1052 8.36622e+06 308526 -0.00102923 0.00169921 0.00074746 0.00168024 0.0110081 0.000256726 0.000242741 1.3086e-05 0.0930326 0.00113129 7.04208 0.835419 80.2453 11.3787 1098.17 52.2973 1185.46 54.1128 1185.46 54.1128 0.570899 0.0088702 
200 0.24 770400000 575.5 9.68775 -45.3716 0.392504 2342.59 39.1052 8.36622e+06 308526 -0.00102923 0.00169921 0.00074746 0.00168024 0.0110081 0.000256726 0.000242741 1.3086e-05 0.0930326 0.00113129 7.04208 0.835419 80.2453 11.3787 1098.17 52.2973 1185.46 54.1128 1185.46 54.1128 0.570899 0.0088702 
200 0.24 770800000 575.5 9.68775 -45.3716 0.392504 2342.59 39.1052 8.36622e+06 308526 -0.00102923 0.00170125 0.00074746 0.00168024 0.0110081 0.000256726 0.000242741 1.3086e-05 0.0930326 0.00113129 7.04208 0.835419 80.2453 11.3787 1098.17 52.2973 1185.46 54.1128 1185.46 54.1128 0.570899 0.0088702 
200 0.24 771200000 575.5 9.68775 -45.3716 0.392504 2342.59 39.1052 8.36622e+06 308526 -0.00102923 0.00170125 0.00074746 0.00168024 0.0110081 0.000256726 0.000242741 1.3086e-05 0.0930326 0.00113129 7.04208 0.835419 80.2453 11.3787 1098.17 52.2973 1185.46 54.1128 1185.46 54.1128 0.570899 0.0088702 
200 0.24 771600000 575.5 9.68775 -45.3716 0.392504 2342.59 39.1052 8.36622e+06 308526 -0.00102923 0.00170125 0.00074746 0.00168024 0.0110081 0.000256726 0.000242741 1.3086e-05 0.0930326 0.00113129 7.04208 0.835419 80.2453 11.3787 1098.17 52.2973 1185.46 54.1128 1185.46 54.1128 0.570899 0.0088702 
200 0.24 772000000 575.5 9.68775 -45.3716 0.392504 2342.59 39.1052 8.36622e+06 308526 -0.00102923 0.00170125 0.00074746 0.00168024 0.0110081 0.000256726 0.000242741 1.3086e-05 0.0930326 0.00113129 7.04208 0.835419 80.2453 11.3787 1098.17 52.2973 1185.46 54.1128 1185.46 54.1128 0.570899 0.0088702 
200 0.24 772400000 575.5 9.68775 -45.3716 0.392504 2342.59 39.2541 8.36622e+06 308526 -0.00102923 0.00170273 0.00074746 0.00167341 0.0110081 0.000256726 0.000242741 1.3086e-05 0.0930326 0.00113129 7.04208 0.835419 80.2453 11.3787 1098.17 52.2973 1185.46 54.1128 1185.46 54.1128 0.570899 0.0088702 
200 0.24 772800000 575.5 9.68775 -45.3716 0.392504 2342.59 39.2541 8.36622e+06 308526 -0.00102923 0.00170273 0.00074746 0.00167341 0.0110081 0.000256726 0.000242741 1.3086e-05 0.0930326 0.00113129 7.04208 0.835419 80.2453 11.3787 1098.17 52.2973 1185.46 54.1128 1185.46 54.1128 0.570899 0.0088702 
200 0.24 773200000 575.5 9.68775 -45.3716 0.392504 2342.59 39.2541 8.36622e+06 308526 -0.00102923 0.00170273 0.00074746 0.00167341 0.0110081 0.000256726 0.000242741 1.3086e-05 0.0930326 0.00113129 7.04208 0.835419 80.2453 11.3787 1098.17 52.2973 1185.46 54.1128 1185.46 54.1128 0.570899 0.0088702 
200 0.24 773600000 575.5 9.68775 -45.3716 0.392504 2342.59 39.2541 8.36622e+06 308526 -0.00102923 0.00170273 0.00074746 0.00167341 0.0110081 0.000256726 0.000242741 1.3086e-05 0.0930326 0.00113129 7.04208 0.835419 80.2453 11.3787 1098.17 52.2973 1185.46 54.1128 1185.46 54.1128 0.570899 0.0088702 
200 0.24 774000000 575.5 9.68775 -45.3716 0.392504 2342.59 39.2541 8.36622e+06 308526 -0.00102923 0.00170613 0.00074746 0.00167341 0.0110081 0.000256726 0.000242741 1.3086e-05 0.0930326 0.00113129 7.04208 0.835419 80.2453 11.3787 1098.17 52.2973 1185.46 54.1128 1185.46 54.1128 0.570899 0.0088702 
200 0.24 774400000 575.5 9.68775 -45.3716 0.392504 2342.59 39.2541 8.36622e+06 308526 -0.00102923 0.00170613 0.00074746 0.00167341 0.0110081 0.000256726 0.000242741 1.3086e-05 0.0930326 0.00113129 7.04208 0.835419 80.2453 11.3787 1098.17 52.2973 1185.46 54.1128 1185.46 54.1128 0.570899 0.0088702 
200 0.24 774800000 575.5 9.68775 -45.3716 0.392504 2342.59 39.2541 8.36622e+06 308526 -0.00102923 0.00170613 0.00074746 0.00167341 0.0110081 0.000256726 0.000242741 1.3086e-05 0.0930326 0.00113129 7.04208 0.835419 80.2453 11.3787 1098.17 52.2973 1185.46 54.1128 1185.46 54.1128 0.570899 0.0088702 
200 0.24 775200000 575.5 9.68775 -45.3716 0.392504 2342.59 39.2541 8.36622e+06 308526 -0.00102923 0.00170613 0.00074746 0.00167341 0.0110081 0.000256726 0.000242741 1.3086e-05 0.0930326 0.00113129 7.04208 0.835419 80.2453 11.3787 1098.17 52.2973 1185.46 54.1128 1185.46 54.1128 0.570899 0.0088702 
200 0.24 775600000 574.839 9.68775 -45.3963 0.388239 2346.29 39.0967 8.40819e+06 308526 -0.000838114 0.00170265 0.000459477 0.00166845 0.0110191 0.000255467 0.00024113 1.29871e-05 0.0931144 0.00112551 7.03322 0.810027 83.0007 10.9487 1105.89 52.2973 1195.92 54.1128 1195.92 54.1128 0.571087 0.0088702 
200 0.24 776000000 574.839 9.68775 -45.3963 0.388239 2346.29 39.0967 8.40819e+06 308526 -0.000838114 0.00170265 0.000459477 0.00166845 0.0110191 0.000255467 0.00024113 1.29871e-05 0.0931144 0.00112551 7.03322 0.810027 83.0007 10.9487 1105.89 52.2973 1195.92 54.1128 1195.92 54.1128 0.571087 0.0088702 
200 0.24 776400000 574.839 9.68775 -45.3963 0.388239 2346.29 39.0967 8.40819e+06 308526 -0.000838114 0.00170265 0.000459477 0.00166845 0.0110191 0.000255467 0.00024113 1.29871e-05 0.0931144 0.00112551 7.03322 0.810027 83.0007 10.9487 1105.89 52.2973 1195.92 54.1128 1195.92 54.1128 0.571087 0.0088702 
200 0.24 776800000 574.839 9.68775 -45.3963 0.388239 2346.29 39.0967 8.40819e+06 308526 -0.000838114 0.00170265 0.000459477 0.00166845 0.0110191 0.000255467 0.00024113 1.29871e-05 0.0931144 0.00112551 7.03322 0.810027 83.0007 10.9487 1105.89 52.2973 1195.92 54.1128 1195.92 54.1128 0.571087 0.0088702 
200 0.24 777200000 574.839 9.68775 -45.3963 0.388239 2346.29 39.0967 8.40819e+06 308526 -0.000838114 0.00169975 0.000459477 0.00166845 0.0110191 0.000255467 0.00024113 1.29871e-05 0.0931144 0.00112551 7.03322 0.808345 83.0007 10.9487 1105.89 52.2973 1195.92 54.1128 1195.92 54.1128 0.571087 0.0088702 
200 0.24 777600000 574.839 9.68775 -45.3963 0.388239 2346.29 39.0967 8.40819e+06 308526 -0.000838114 0.00169975 0.000459477 0.00166845 0.0110191 0.000255467 0.00024113 1.29871e-05 0.0931144 0.00112551 7.03322 0.808345 83.0007 10.9487 1105.89 52.2973 1195.92 54.1128 1195.92 54.1128 0.571087 0.0088702 
200 0.24 778000000 574.839 9.68775 -45.3963 0.388239 2346.29 39.0967 8.40819e+06 308526 -0.000838114 0.00169975 0.000459477 0.00166845 0.0110191 0.000255467 0.00024113 1.29871e-05 0.0931144 0.00112551 7.03322 0.808345 83.0007 10.9487 1105.89 52.2973 1195.92 54.1128 1195.92 54.1128 0.571087 0.0088702 
200 0.24 778400000 574.839 9.68775 -45.3963 0.388239 2346.29 39.0967 8.40819e+06 308526 -0.000838114 0.00169975 0.000459477 0.00166845 0.0110191 0.000255467 0.00024113 1.29871e-05 0.0931144 0.00112551 7.03322 0.808345 83.0007 10.9487 1105.89 52.2973 1195.92 54.1128 1195.92 54.1128 0.571087 0.0088702 
200 0.24 778800000 574.839 9.68775 -45.3963 0.386695 2346.29 38.9348 8.40819e+06 308526 -0.000838114 0.00170225 0.000459477 0.00166242 0.0110191 0.000255467 0.00024113 1.30137e-05 0.0931144 0.00112551 7.03322 0.806678 83.0007 10.9487 1105.89 52.2973 1195.92 54.1128 1195.92 54.1128 0.571087 0.0088702 
200 0.24 779200000 574.839 9.68775 -45.3963 0.386695 2346.29 38.9348 8.40819e+06 308526 -0.000838114 0.00170225 0.000459477 0.00166242 0.0110191 0.000255467 0.00024113 1.30137e-05 0.0931144 0.00112551 7.03322 0.806678 83.0007 10.9487 1105.89 52.2973 1195.92 54.1128 1195.92 54.1128 0.571087 0.0088702 
200 0.24 779600000 574.839 9.68775 -45.3963 0.386695 2346.29 38.9348 8.40819e+06 308526 -0.000838114 0.00170225 0.000459477 0.00166242 0.0110191 0.000255467 0.00024113 1.30137e-05 0.0931144 0.00112551 7.03322 0.806678 83.0007 10.9487 1105.89 52.2973 1195.92 54.1128 1195.92 54.1128 0.571087 0.0088702 
200 0.24 780000000 574.839 9.68775 -45.3963 0.386695 2346.29 38.9348 8.40819e+06 308526 -0.000838114 0.00170225 0.000459477 0.00166242 0.0110191 0.000255467 0.00024113 1.30137e-05 0.0931144 0.00112551 7.03322 0.806678 83.0007 10.9487 1105.89 52.2973 1195.92 54.1128 1195.92 54.1128 0.571087 0.0088702 
200 0.24 780400000 574.839 9.68775 -45.3963 0.386695 2346.29 39.0678 8.40819e+06 314136 -0.000838114 0.0017015 0.000459477 0.00166242 0.0110191 0.000255467 0.00024113 1.30137e-05 0.0931144 0.00112551 7.03322 0.805018 83.0007 10.9487 1105.89 52.2973 1195.92 54.1128 1195.92 54.1128 0.571087 0.0088702 
200 0.24 780800000 574.839 9.68775 -45.3963 0.386695 2346.29 39.0678 8.40819e+06 314136 -0.000838114 0.0017015 0.000459477 0.00166242 0.0110191 0.000255467 0.00024113 1.30137e-05 0.0931144 0.00112551 7.03322 0.805018 83.0007 10.9487 1105.89 52.2973 1195.92 54.1128 1195.92 54.1128 0.571087 0.0088702 
200 0.24 781200000 574.839 9.68775 -45.3963 0.386695 2346.29 39.0678 8.40819e+06 314136 -0.000838114 0.0017015 0.000459477 0.00166242 0.0110191 0.000255467 0.00024113 1.30137e-05 0.0931144 0.00112551 7.03322 0.805018 83.0007 10.9487 1105.89 52.2973 1195.92 54.1128 1195.92 54.1128 0.571087 0.0088702 
200 0.24 781600000 574.839 9.68775 -45.3963 0.386695 2346.29 39.0678 8.40819e+06 314136 -0.000838114 0.0017015 0.000459477 0.00166242 0.0110191 0.000255467 0.00024113 1.30137e-05 0.0931144 0.00112551 7.03322 0.805018 83.0007 10.9487 1105.89 52.2973 1195.92 54.1128 1195.92 54.1128 0.571087 0.0088702 
200 0.24 782000000 574.839 9.68775 -45.3963 0.385817 2346.29 39.0043 8.40819e+06 313595 -0.000838114 0.00169819 0.000459477 0.00165968 0.0110191 0.000254805 0.00024113 1.31236e-05 0.0931144 0.00111887 7.03322 0.803871 83.0007 10.9487 1105.89 52.2973 1195.92 54.1128 1195.92 54.1128 0.571087 0.0088702 
200 0.24 782400000 574.839 9.68775 -45.3963 0.385817 2346.29 39.0043 8.40819e+06 313595 -0.000838114 0.00169819 0.000459477 0.00165968 0.0110191 0.000254805 0.00024113 1.31236e-05 0.0931144 0.00111887 7.03322 0.803871 83.0007 10.9487 1105.89 52.2973 1195.92 54.1128 1195.92 54.1128 0.571087 0.0088702 
200 0.24 782800000 574.839 9.68775 -45.3963 0.385817 2346.29 39.0043 8.40819e+06 313595 -0.000838114 0.00169819 0.000459477 0.00165968 0.0110191 0.000254805 0.00024113 1.31236e-05 0.0931144 0.00111887 7.03322 0.803871 83.0007 10.9487 1105.89 52.2973 1195.92 54.1128 1195.92 54.1128 0.571087 0.0088702 
200 0.24 783200000 574.839 9.68775 -45.3963 0.385817 2346.29 39.0043 8.40819e+06 313595 -0.000838114 0.00169819 0.000459477 0.00165968 0.0110191 0.000254805 0.00024113 1.31236e-05 0.0931144 0.00111887 7.03322 0.803871 83.0007 10.9487 1105.89 52.2973 1195.92 54.1128 1195.92 54.1128 0.571087 0.0088702 
200 0.24 783600000 574.839 9.68775 -45.3963 0.385817 2346.29 39.0043 8.40819e+06 313012 -0.000838114 0.00169484 0.000459477 0.00165968 0.0110191 0.000254805 0.00024113 1.31236e-05 0.0931144 0.00111887 7.03322 0.803871 83.0007 10.9487 1105.89 52.2973 1195.92 54.1128 1195.92 54.1128 0.571087 0.0088702 
200 0.24 784000000 574.839 9.68775 -45.3963 0.385817 2346.29 39.0043 8.40819e+06 313012 -0.000838114 0.00169484 0.000459477 0.00165968 0.0110191 0.000254805 0.00024113 1.31236e-05 0.0931144 0.00111887 7.03322 0.803871 83.0007 10.9487 1105.89 52.2973 1195.92 54.1128 1195.92 54.1128 0.571087 0.0088702 
200 0.24 784400000 574.839 9.68775 -45.3963 0.385817 2346.29 39.0043 8.40819e+06 313012 -0.000838114 0.00169484 0.000459477 0.00165968 0.0110191 0.000254805 0.00024113 1.31236e-05 0.0931144 0.00111887 7.03322 0.803871 83.0007 10.9487 1105.89 52.2973 1195.92 54.1128 1195.92 54.1128 0.571087 0.0088702 
200 0.24 784800000 574.839 9.68775 -45.3963 0.385817 2346.29 39.0043 8.40819e+06 313012 -0.000838114 0.00169484 0.000459477 0.00165968 0.0110191 0.000254805 0.00024113 1.31236e-05 0.0931144 0.00111887 7.03322 0.803871 83.0007 10.9487 1105.89 52.2973 1195.92 54.1128 1195.92 54.1128 0.571087 0.0088702 
200 0.24 785200000 574.839 9.68775 -45.3963 0.384262 2346.29 38.8469 8.40819e+06 312367 -0.000838114 0.00169162 0.000459477 0.00165578 0.0110191 0.000254805 0.00024113 1.31236e-05 0.0931144 0.00111887 7.03322 0.803871 83.0007 10.9487 1105.89 52.2973 1195.92 54.1128 1195.92 54.1128 0.571087 0.0088702 
200 0.24 785600000 574.839 9.68775 -45.3963 0.384262 2346.29 38.8469 8.40819e+06 312367 -0.000838114 0.00169162 0.000459477 0.00165578 0.0110191 0.000254805 0.00024113 1.31236e-05 0.0931144 0.00111887 7.03322 0.803871 83.0007 10.9487 1105.89 52.2973 1195.92 54.1128 1195.92 54.1128 0.571087 0.0088702 
200 0.24 786000000 574.839 9.68775 -45.3963 0.384262 2346.29 38.8469 8.40819e+06 312367 -0.000838114 0.00169162 0.000459477 0.00165578 0.0110191 0.000254805 0.00024113 1.31236e-05 0.0931144 0.00111887 7.03322 0.803871 83.0007 10.9487 1105.89 52.2973 1195.92 54.1128 1195.92 54.1128 0.571087 0.0088702 
200 0.24 786400000 574.839 9.68775 -45.3963 0.384262 2346.29 38.8469 8.40819e+06 312367 -0.000838114 0.00169162 0.000459477 0.00165578 0.0110191 0.000254805 0.00024113 1.31236e-05 0.0931144 0.00111887 7.03322 0.803871 83.0007 10.9487 1105.89 52.2973 1195.92 54.1128 1195.92 54.1128 0.571087 0.0088702 
200 0.24 786800000 574.839 9.68775 -45.3963 0.384262 2346.29 38.8469 8.40819e+06 311892 -0.000838114 0.00168817 0.000459477 0.00165578 0.0110191 0.000254805 0.00024113 1.31236e-05 0.0931144 0.00111887 7.03322 0.803871 83.0007 10.9487 1105.89 52.2973 1195.92 54.1128 1195.92 54.1128 0.571087 0.0088702 
200 0.24 787200000 574.839 9.68775 -45.3963 0.384262 2346.29 38.8469 8.40819e+06 311892 -0.000838114 0.00168817 0.000459477 0.00165578 0.0110191 0.000254805 0.00024113 1.31236e-05 0.0931144 0.00111887 7.03322 0.803871 83.0007 10.9487 1105.89 52.2973 1195.92 54.1128 1195.92 54.1128 0.571087 0.0088702 
200 0.24 787600000 574.839 9.68775 -45.3963 0.384262 2346.29 38.8469 8.40819e+06 311892 -0.000838114 0.00168817 0.000459477 0.00165578 0.0110191 0.000254805 0.00024113 1.31236e-05 0.0931144 0.00111887 7.03322 0.803871 83.0007 10.9487 1105.89 52.2973 1195.92 54.1128 1195.92 54.1128 0.571087 0.0088702 
200 0.24 788000000 574.839 9.68775 -45.3963 0.384262 2346.29 38.8469 8.40819e+06 311892 -0.000838114 0.00168817 0.000459477 0.00165578 0.0110191 0.000254805 0.00024113 1.31236e-05 0.0931144 0.00111887 7.03322 0.803871 83.0007 10.9487 1105.89 52.2973 1195.92 54.1128 1195.92 54.1128 0.571087 0.0088702 
200 0.24 788400000 574.839 9.68775 -45.3963 0.382689 2346.29 38.7188 8.40819e+06 311301 -0.000838114 0.00168744 0.000459477 0.00165877 0.0110191 0.000253413 0.00024113 1.30257e-05 0.0931144 0.00111198 7.03322 0.803871 83.0007 10.9487 1105.89 52.2973 1195.92 54.1128 1195.92 54.1128 0.571087 0.0088702 
200 0.24 788800000 574.839 9.68775 -45.3963 0.382689 2346.29 38.7188 8.40819e+06 311301 -0.000838114 0.00168744 0.000459477 0.00165877 0.0110191 0.000253413 0.00024113 1.30257e-05 0.0931144 0.00111198 7.03322 0.803871 83.0007 10.9487 1105.89 52.2973 1195.92 54.1128 1195.92 54.1128 0.571087 0.0088702 
200 0.24 789200000 574.839 9.68775 -45.3963 0.382689 2346.29 38.7188 8.40819e+06 311301 -0.000838114 0.00168744 0.000459477 0.00165877 0.0110191 0.000253413 0.00024113 1.30257e-05 0.0931144 0.00111198 7.03322 0.803871 83.0007 10.9487 1105.89 52.2973 1195.92 54.1128 1195.92 54.1128 0.571087 0.0088702 
200 0.24 789600000 574.839 9.68775 -45.3963 0.382689 2346.29 38.7188 8.40819e+06 311301 -0.000838114 0.00168744 0.000459477 0.00165877 0.0110191 0.000253413 0.00024113 1.30257e-05 0.0931144 0.00111198 7.03322 0.803871 83.0007 10.9487 1105.89 52.2973 1195.92 54.1128 1195.92 54.1128 0.571087 0.0088702 
200 0.24 790000000 574.839 9.68775 -45.3963 0.382689 2346.29 38.6882 8.40819e+06 310761 -0.000838114 0.00168414 0.000459477 0.00165877 0.0110191 0.000253413 0.00024113 1.30257e-05 0.0931144 0.00111198 7.03322 0.803871 83.0007 10.9487 1105.89 52.2973 1195.92 54.1128 1195.92 54.1128 0.571087 0.0088702 
200 0.24 790400000 574.839 9.68775 -45.3963 0.382689 2346.29 38.6882 8.40819e+06 310761 -0.000838114 0.00168414 0.000459477 0.00165877 0.0110191 0.000253413 0.00024113 1.30257e-05 0.0931144 0.00111198 7.03322 0.803871 83.0007 10.9487 1105.89 52.2973 1195.92 54.1128 1195.92 54.1128 0.571087 0.0088702 
200 0.24 790800000 574.839 9.68775 -45.3963 0.382689 2346.29 38.6882 8.40819e+06 310761 -0.000838114 0.00168414 0.000459477 0.00165877 0.0110191 0.000253413 0.00024113 1.30257e-05 0.0931144 0.00111198 7.03322 0.803871 83.0007 10.9487 1105.89 52.2973 1195.92 54.1128 1195.92 54.1128 0.571087 0.0088702 
200 0.24 791200000 574.839 9.68775 -45.3963 0.382689 2346.29 38.6882 8.40819e+06 310761 -0.000838114 0.00168414 0.000459477 0.00165877 0.0110191 0.000253413 0.00024113 1.30257e-05 0.0931144 0.00111198 7.03322 0.803871 83.0007 10.9487 1105.89 52.2973 1195.92 54.1128 1195.92 54.1128 0.571087 0.0088702 
200 0.24 791600000 574.839 9.68775 -45.3963 0.386474 2346.29 39.1517 8.40819e+06 314312 -0.000838114 0.00168111 0.000459477 0.00165319 0.0110191 0.000253125 0.00024113 1.30257e-05 0.0931144 0.00111198 7.03322 0.803871 83.0007 10.9487 1105.89 52.2973 1195.92 54.1128 1195.92 54.1128 0.571087 0.0088702 
200 0.24 792000000 574.839 9.68775 -45.3963 0.386474 2346.29 39.1517 8.40819e+06 314312 -0.000838114 0.00168111 0.000459477 0.00165319 0.0110191 0.000253125 0.00024113 1.30257e-05 0.0931144 0.00111198 7.03322 0.803871 83.0007 10.9487 1105.89 52.2973 1195.92 54.1128 1195.92 54.1128 0.571087 0.0088702 
200 0.24 792400000 574.839 9.68775 -45.3963 0.386474 2346.29 39.1517 8.40819e+06 314312 -0.000838114 0.00168111 0.000459477 0.00165319 0.0110191 0.000253125 0.00024113 1.30257e-05 0.0931144 0.00111198 7.03322 0.803871 83.0007 10.9487 1105.89 52.2973 1195.92 54.1128 1195.92 54.1128 0.571087 0.0088702 
200 0.24 792800000 574.839 9.68775 -45.3963 0.386474 2346.29 39.1517 8.40819e+06 314312 -0.000838114 0.00168111 0.000459477 0.00165319 0.0110191 0.000253125 0.00024113 1.30257e-05 0.0931144 0.00111198 7.03322 0.803871 83.0007 10.9487 1105.89 52.2973 1195.92 54.1128 1195.92 54.1128 0.571087 0.0088702 
200 0.24 793200000 574.839 9.68775 -45.3963 0.386474 2346.29 39.1517 8.40819e+06 313760 -0.000838114 0.00167796 0.000459477 0.00165319 0.0110191 0.000253125 0.00024113 1.30257e-05 0.0931144 0.00111198 7.03322 0.803871 83.0007 10.9487 1105.89 52.2973 1195.92 54.1128 1195.92 54.1128 0.571087 0.0088702 
200 0.24 793600000 574.839 9.68775 -45.3963 0.386474 2346.29 39.1517 8.40819e+06 313760 -0.000838114 0.00167796 0.000459477 0.00165319 0.0110191 0.000253125 0.00024113 1.30257e-05 0.0931144 0.00111198 7.03322 0.803871 83.0007 10.9487 1105.89 52.2973 1195.92 54.1128 1195.92 54.1128 0.571087 0.0088702 
200 0.24 794000000 574.839 9.68775 -45.3963 0.386474 2346.29 39.1517 8.40819e+06 313760 -0.000838114 0.00167796 0.000459477 0.00165319 0.0110191 0.000253125 0.00024113 1.30257e-05 0.0931144 0.00111198 7.03322 0.803871 83.0007 10.9487 1105.89 52.2973 1195.92 54.1128 1195.92 54.1128 0.571087 0.0088702 
200 0.24 794400000 574.839 9.68775 -45.3963 0.386474 2346.29 39.1517 8.40819e+06 313760 -0.000838114 0.00167796 0.000459477 0.00165319 0.0110191 0.000253125 0.00024113 1.30257e-05 0.0931144 0.00111198 7.03322 0.803871 83.0007 10.9487 1105.89 52.2973 1195.92 54.1128 1195.92 54.1128 0.571087 0.0088702 
200 0.24 794800000 574.839 9.68775 -45.3963 0.385035 2346.29 39.0242 8.40819e+06 313220 -0.000838114 0.00167927 0.000459477 0.00164683 0.0110191 0.00025194 0.00024113 1.2944e-05 0.0931144 0.00110578 7.03322 0.803871 83.0007 10.9487 1105.89 52.2973 1195.92 54.1128 1195.92 54.1128 0.571087 0.0088702 
200 0.24 795200000 574.839 9.68775 -45.3963 0.385035 2346.29 39.0242 8.40819e+06 313220 -0.000838114 0.00167927 0.000459477 0.00164683 0.0110191 0.00025194 0.00024113 1.2944e-05 0.0931144 0.00110578 7.03322 0.803871 83.0007 10.9487 1105.89 52.2973 1195.92 54.1128 1195.92 54.1128 0.571087 0.0088702 
200 0.24 795600000 574.839 9.68775 -45.3963 0.385035 2346.29 39.0242 8.40819e+06 313220 -0.000838114 0.00167927 0.000459477 0.00164683 0.0110191 0.00025194 0.00024113 1.2944e-05 0.0931144 0.00110578 7.03322 0.803871 83.0007 10.9487 1105.89 52.2973 1195.92 54.1128 1195.92 54.1128 0.571087 0.0088702 
200 0.24 796000000 574.839 9.68775 -45.3963 0.385035 2346.29 39.0242 8.40819e+06 313220 -0.000838114 0.00167927 0.000459477 0.00164683 0.0110191 0.00025194 0.00024113 1.2944e-05 0.0931144 0.00110578 7.03322 0.803871 83.0007 10.9487 1105.89 52.2973 1195.92 54.1128 1195.92 54.1128 0.571087 0.0088702 
200 0.24 796400000 574.839 9.68775 -45.3963 0.385035 2346.29 39.0242 8.40819e+06 312802 -0.000838114 0.00167796 0.000459477 0.00164683 0.0110191 0.00025194 0.00024113 1.2944e-05 0.0931144 0.00110578 7.03322 0.803871 83.0007 10.9487 1105.89 52.2973 1195.92 54.1128 1195.92 54.1128 0.571087 0.0088702 
200 0.24 796800000 574.839 9.68775 -45.3963 0.385035 2346.29 39.0242 8.40819e+06 312802 -0.000838114 0.00167796 0.000459477 0.00164683 0.0110191 0.00025194 0.00024113 1.2944e-05 0.0931144 0.00110578 7.03322 0.803871 83.0007 10.9487 1105.89 52.2973 1195.92 54.1128 1195.92 54.1128 0.571087 0.0088702 
200 0.24 797200000 574.839 9.68775 -45.3963 0.385035 2346.29 39.0242 8.40819e+06 312802 -0.000838114 0.00167796 0.000459477 0.00164683 0.0110191 0.00025194 0.00024113 1.2944e-05 0.0931144 0.00110578 7.03322 0.803871 83.0007 10.9487 1105.89 52.2973 1195.92 54.1128 1195.92 54.1128 0.571087 0.0088702 
200 0.24 797600000 574.839 9.68775 -45.3963 0.385035 2346.29 39.0242 8.40819e+06 312802 -0.000838114 0.00167796 0.000459477 0.00164683 0.0110191 0.00025194 0.00024113 1.2944e-05 0.0931144 0.00110578 7.03322 0.803871 83.0007 10.9487 1105.89 52.2973 1195.92 54.1128 1195.92 54.1128 0.571087 0.0088702 
200 0.24 798000000 574.839 9.68775 -45.3963 0.386812 2346.29 39.1036 8.40819e+06 312423 -0.000838114 0.00167796 0.000459477 0.00164073 0.0110191 0.000251241 0.00024113 1.2944e-05 0.0931144 0.00110297 7.03322 0.803871 83.0007 10.9487 1105.89 52.2973 1195.92 54.1128 1195.92 54.1128 0.571087 0.0088702 
200 0.24 798400000 574.839 9.68775 -45.3963 0.386812 2346.29 39.1036 8.40819e+06 312423 -0.000838114 0.00167796 0.000459477 0.00164073 0.0110191 0.000251241 0.00024113 1.2944e-05 0.0931144 0.00110297 7.03322 0.803871 83.0007 10.9487 1105.89 52.2973 1195.92 54.1128 1195.92 54.1128 0.571087 0.0088702 
200 0.24 798800000 574.839 9.68775 -45.3963 0.386812 2346.29 39.1036 8.40819e+06 312423 -0.000838114 0.00167796 0.000459477 0.00164073 0.0110191 0.000251241 0.00024113 1.2944e-05 0.0931144 0.00110297 7.03322 0.803871 83.0007 10.9487 1105.89 52.2973 1195.92 54.1128 1195.92 54.1128 0.571087 0.0088702 
200 0.24 799200000 574.839 9.68775 -45.3963 0.386812 2346.29 39.1036 8.40819e+06 312423 -0.000838114 0.00167796 0.000459477 0.00164073 0.0110191 0.000251241 0.00024113 1.2944e-05 0.0931144 0.00110297 7.03322 0.803871 83.0007 10.9487 1105.89 52.2973 1195.92 54.1128 1195.92 54.1128 0.571087 0.0088702 
200 0.24 799600000 574.839 9.68775 -45.3963 0.386812 2346.29 39.1036 8.40819e+06 311872 -0.000838114 0.00167796 0.000459477 0.00164073 0.0110191 0.000251241 0.00024113 1.2944e-05 0.0931144 0.00110297 7.03322 0.803871 83.0007 10.9487 1105.89 52.2973 1195.92 54.1128 1195.92 54.1128 0.571087 0.0088702 
200 0.24 800000000 574.839 9.68775 -45.3963 0.386812 2346.29 39.1036 8.40819e+06 311872 -0.000838114 0.00167796 0.000459477 0.00164073 0.0110191 0.000251241 0.00024113 1.2944e-05 0.0931144 0.00110297 7.03322 0.803871 83.0007 10.9487 1105.89 52.2973 1195.92 54.1128 1195.92 54.1128 0.571087 0.0088702 
200 0.24 800400000 574.839 9.68775 -45.3963 0.386812 2346.29 39.1036 8.40819e+06 311872 -0.000838114 0.00167796 0.000459477 0.00164073 0.0110191 0.000251241 0.00024113 1.2944e-05 0.0931144 0.00110297 7.03322 0.803871 83.0007 10.9487 1105.89 52.2973 1195.92 54.1128 1195.92 54.1128 0.571087 0.0088702 
200 0.24 800800000 574.839 9.68775 -45.3963 0.386812 2346.29 39.1036 8.40819e+06 311872 -0.000838114 0.00167796 0.000459477 0.00164073 0.0110191 0.000251241 0.00024113 1.2944e-05 0.0931144 0.00110297 7.03322 0.803871 83.0007 10.9487 1105.89 52.2973 1195.92 54.1128 1195.92 54.1128 0.571087 0.0088702 
200 0.24 801200000 574.839 9.68775 -45.3963 0.385307 2346.29 38.951 8.40819e+06 311262 -0.000838114 0.00167154 0.000459477 0.00163412 0.0110191 0.000250267 0.00024113 1.2841e-05 0.0931144 0.00109846 7.03322 0.789609 83.0007 10.9487 1105.89 52.2973 1195.92 54.1128 1195.92 54.1128 0.571087 0.0088702 
200 0.24 801600000 574.839 9.68775 -45.3963 0.385307 2346.29 38.951 8.40819e+06 311262 -0.000838114 0.00167154 0.000459477 0.00163412 0.0110191 0.000250267 0.00024113 1.2841e-05 0.0931144 0.00109846 7.03322 0.789609 83.0007 10.9487 1105.89 52.2973 1195.92 54.1128 1195.92 54.1128 0.571087 0.0088702 
200 0.24 802000000 574.839 9.68775 -45.3963 0.385307 2346.29 38.951 8.40819e+06 311262 -0.000838114 0.00167154 0.000459477 0.00163412 0.0110191 0.000250267 0.00024113 1.2841e-05 0.0931144 0.00109846 7.03322 0.789609 83.0007 10.9487 1105.89 52.2973 1195.92 54.1128 1195.92 54.1128 0.571087 0.0088702 
200 0.24 802400000 574.839 9.68775 -45.3963 0.385307 2346.29 38.951 8.40819e+06 311262 -0.000838114 0.00167154 0.000459477 0.00163412 0.0110191 0.000250267 0.00024113 1.2841e-05 0.0931144 0.00109846 7.03322 0.789609 83.0007 10.9487 1105.89 52.2973 1195.92 54.1128 1195.92 54.1128 0.571087 0.0088702 
200 0.24 802800000 574.839 9.68775 -45.3963 0.385307 2346.29 38.951 8.40819e+06 310652 -0.000838114 0.00166827 0.000459477 0.00163412 0.0110191 0.000250267 0.00024113 1.2841e-05 0.0931144 0.00109846 7.03322 0.789609 83.0007 10.9487 1105.89 52.2973 1195.92 54.1128 1195.92 54.1128 0.571087 0.0088702 
200 0.24 803200000 574.839 9.68775 -45.3963 0.385307 2346.29 38.951 8.40819e+06 310652 -0.000838114 0.00166827 0.000459477 0.00163412 0.0110191 0.000250267 0.00024113 1.2841e-05 0.0931144 0.00109846 7.03322 0.789609 83.0007 10.9487 1105.89 52.2973 1195.92 54.1128 1195.92 54.1128 0.571087 0.0088702 
200 0.24 803600000 574.839 9.68775 -45.3963 0.385307 2346.29 38.951 8.40819e+06 310652 -0.000838114 0.00166827 0.000459477 0.00163412 0.0110191 0.000250267 0.00024113 1.2841e-05 0.0931144 0.00109846 7.03322 0.789609 83.0007 10.9487 1105.89 52.2973 1195.92 54.1128 1195.92 54.1128 0.571087 0.0088702 
200 0.24 804000000 574.839 9.68775 -45.3963 0.385307 2346.29 38.951 8.40819e+06 310652 -0.000838114 0.00166827 0.000459477 0.00163412 0.0110191 0.000250267 0.00024113 1.2841e-05 0.0931144 0.00109846 7.03322 0.789609 83.0007 10.9487 1105.89 52.2973 1195.92 54.1128 1195.92 54.1128 0.571087 0.0088702 
200 0.24 804400000 574.839 9.68775 -45.3963 0.383926 2346.29 38.7969 8.40819e+06 310037 -0.000838114 0.00167061 0.000459477 0.00162759 0.0110191 0.000249372 0.00024113 1.2841e-05 0.0931144 0.00109451 7.03322 0.789609 83.0007 10.9487 1105.89 52.2973 1195.92 54.1128 1195.92 54.1128 0.571087 0.0088702 
200 0.24 804800000 574.839 9.68775 -45.3963 0.383926 2346.29 38.7969 8.40819e+06 310037 -0.000838114 0.00167061 0.000459477 0.00162759 0.0110191 0.000249372 0.00024113 1.2841e-05 0.0931144 0.00109451 7.03322 0.789609 83.0007 10.9487 1105.89 52.2973 1195.92 54.1128 1195.92 54.1128 0.571087 0.0088702 
200 0.24 805200000 574.839 9.68775 -45.3963 0.383926 2346.29 38.7969 8.40819e+06 310037 -0.000838114 0.00167061 0.000459477 0.00162759 0.0110191 0.000249372 0.00024113 1.2841e-05 0.0931144 0.00109451 7.03322 0.789609 83.0007 10.9487 1105.89 52.2973 1195.92 54.1128 1195.92 54.1128 0.571087 0.0088702 
200 0.24 805600000 574.839 9.68775 -45.3963 0.383926 2346.29 38.7969 8.40819e+06 310037 -0.000838114 0.00167061 0.000459477 0.00162759 0.0110191 0.000249372 0.00024113 1.2841e-05 0.0931144 0.00109451 7.03322 0.789609 83.0007 10.9487 1105.89 52.2973 1195.92 54.1128 1195.92 54.1128 0.571087 0.0088702 
200 0.24 806000000 574.839 9.68775 -45.3963 0.383926 2346.29 38.7969 8.40819e+06 309878 -0.000838114 0.00166915 0.000459477 0.00162759 0.0110191 0.000249372 0.00024113 1.2841e-05 0.0931144 0.00109451 7.03322 0.789609 83.0007 10.9487 1105.89 52.2973 1195.92 54.1128 1195.92 54.1128 0.571087 0.0088702 
200 0.24 806400000 574.839 9.68775 -45.3963 0.383926 2346.29 38.7969 8.40819e+06 309878 -0.000838114 0.00166915 0.000459477 0.00162759 0.0110191 0.000249372 0.00024113 1.2841e-05 0.0931144 0.00109451 7.03322 0.789609 83.0007 10.9487 1105.89 52.2973 1195.92 54.1128 1195.92 54.1128 0.571087 0.0088702 
200 0.24 806800000 574.839 9.68775 -45.3963 0.383926 2346.29 38.7969 8.40819e+06 309878 -0.000838114 0.00166915 0.000459477 0.00162759 0.0110191 0.000249372 0.00024113 1.2841e-05 0.0931144 0.00109451 7.03322 0.789609 83.0007 10.9487 1105.89 52.2973 1195.92 54.1128 1195.92 54.1128 0.571087 0.0088702 
200 0.24 807200000 574.839 9.68775 -45.3963 0.383926 2346.29 38.7969 8.40819e+06 309878 -0.000838114 0.00166915 0.000459477 0.00162759 0.0110191 0.000249372 0.00024113 1.2841e-05 0.0931144 0.00109451 7.03322 0.789609 83.0007 10.9487 1105.89 52.2973 1195.92 54.1128 1195.92 54.1128 0.571087 0.0088702 
200 0.24 807600000 574.839 9.68775 -45.3963 0.382692 2346.29 38.6424 8.40819e+06 309446 -0.000838114 0.00166659 0.000459477 0.0016223 0.0110191 0.000249091 0.00024113 1.27813e-05 0.0931144 0.00109358 7.03322 0.789609 83.0007 10.9487 1105.89 52.2973 1195.92 54.1128 1195.92 54.1128 0.571087 0.0088702 
200 0.24 808000000 574.839 9.68775 -45.3963 0.382692 2346.29 38.6424 8.40819e+06 309446 -0.000838114 0.00166659 0.000459477 0.0016223 0.0110191 0.000249091 0.00024113 1.27813e-05 0.0931144 0.00109358 7.03322 0.789609 83.0007 10.9487 1105.89 52.2973 1195.92 54.1128 1195.92 54.1128 0.571087 0.0088702 
200 0.24 808400000 574.839 9.68775 -45.3963 0.382692 2346.29 38.6424 8.40819e+06 309446 -0.000838114 0.00166659 0.000459477 0.0016223 0.0110191 0.000249091 0.00024113 1.27813e-05 0.0931144 0.00109358 7.03322 0.789609 83.0007 10.9487 1105.89 52.2973 1195.92 54.1128 1195.92 54.1128 0.571087 0.0088702 
200 0.24 808800000 574.839 9.68775 -45.3963 0.382692 2346.29 38.6424 8.40819e+06 309446 -0.000838114 0.00166659 0.000459477 0.0016223 0.0110191 0.000249091 0.00024113 1.27813e-05 0.0931144 0.00109358 7.03322 0.789609 83.0007 10.9487 1105.89 52.2973 1195.92 54.1128 1195.92 54.1128 0.571087 0.0088702 
200 0.24 809200000 574.839 9.68775 -45.3963 0.382692 2346.29 38.6424 8.40819e+06 308835 -0.000838114 0.00166639 0.000459477 0.0016223 0.0110191 0.000249091 0.00024113 1.27813e-05 0.0931144 0.00109358 7.03322 0.789609 83.0007 10.9487 1105.89 52.2973 1195.92 54.1128 1195.92 54.1128 0.571087 0.0088702 
200 0.24 809600000 574.839 9.68775 -45.3963 0.382692 2346.29 38.6424 8.40819e+06 308835 -0.000838114 0.00166639 0.000459477 0.0016223 0.0110191 0.000249091 0.00024113 1.27813e-05 0.0931144 0.00109358 7.03322 0.789609 83.0007 10.9487 1105.89 52.2973 1195.92 54.1128 1195.92 54.1128 0.571087 0.0088702 
200 0.24 810000000 574.839 9.68775 -45.3963 0.382692 2346.29 38.6424 8.40819e+06 308835 -0.000838114 0.00166639 0.000459477 0.0016223 0.0110191 0.000249091 0.00024113 1.27813e-05 0.0931144 0.00109358 7.03322 0.789609 83.0007 10.9487 1105.89 52.2973 1195.92 54.1128 1195.92 54.1128 0.571087 0.0088702 
200 0.24 810400000 574.839 9.68775 -45.3963 0.382692 2346.29 38.6424 8.40819e+06 308835 -0.000838114 0.00166639 0.000459477 0.0016223 0.0110191 0.000249091 0.00024113 1.27813e-05 0.0931144 0.00109358 7.03322 0.789609 83.0007 10.9487 1105.89 52.2973 1195.92 54.1128 1195.92 54.1128 0.571087 0.0088702 
200 0.24 810800000 574.839 9.68775 -45.3963 0.381892 2346.29 38.5385 8.40819e+06 308526 -0.000838114 0.00166698 0.000459477 0.00161882 0.0110191 0.000248629 0.00024113 1.27813e-05 0.0931144 0.00109214 7.03322 0.789609 83.0007 10.9487 1105.89 52.2973 1195.92 54.1128 1195.92 54.1128 0.571087 0.0088702 
200 0.24 811200000 574.839 9.68775 -45.3963 0.381892 2346.29 38.5385 8.40819e+06 308526 -0.000838114 0.00166698 0.000459477 0.00161882 0.0110191 0.000248629 0.00024113 1.27813e-05 0.0931144 0.00109214 7.03322 0.789609 83.0007 10.9487 1105.89 52.2973 1195.92 54.1128 1195.92 54.1128 0.571087 0.0088702 
200 0.24 811600000 574.839 9.68775 -45.3963 0.381892 2346.29 38.5385 8.40819e+06 308526 -0.000838114 0.00166698 0.000459477 0.00161882 0.0110191 0.000248629 0.00024113 1.27813e-05 0.0931144 0.00109214 7.03322 0.789609 83.0007 10.9487 1105.89 52.2973 1195.92 54.1128 1195.92 54.1128 0.571087 0.0088702 
200 0.24 812000000 574.839 9.68775 -45.3963 0.381892 2346.29 38.5385 8.40819e+06 308526 -0.000838114 0.00166698 0.000459477 0.00161882 0.0110191 0.000248629 0.00024113 1.27813e-05 0.0931144 0.00109214 7.03322 0.789609 83.0007 10.9487 1105.89 52.2973 1195.92 54.1128 1195.92 54.1128 0.571087 0.0088702 
200 0.24 812400000 574.839 9.68775 -45.3963 0.381892 2346.29 38.5385 8.40819e+06 308526 -0.000838114 0.00166639 0.000459477 0.00161882 0.0110191 0.000248629 0.00024113 1.27813e-05 0.0931144 0.00109214 7.03322 0.789609 83.0007 10.9487 1105.89 52.2973 1195.92 54.1128 1195.92 54.1128 0.571087 0.0088702 
200 0.24 812800000 574.839 9.68775 -45.3963 0.381892 2346.29 38.5385 8.40819e+06 308526 -0.000838114 0.00166639 0.000459477 0.00161882 0.0110191 0.000248629 0.00024113 1.27813e-05 0.0931144 0.00109214 7.03322 0.789609 83.0007 10.9487 1105.89 52.2973 1195.92 54.1128 1195.92 54.1128 0.571087 0.0088702 
200 0.24 813200000 574.839 9.68775 -45.3963 0.381892 2346.29 38.5385 8.40819e+06 308526 -0.000838114 0.00166639 0.000459477 0.00161882 0.0110191 0.000248629 0.00024113 1.27813e-05 0.0931144 0.00109214 7.03322 0.789609 83.0007 10.9487 1105.89 52.2973 1195.92 54.1128 1195.92 54.1128 0.571087 0.0088702 
200 0.24 813600000 574.839 9.68775 -45.3963 0.381892 2346.29 38.5385 8.40819e+06 308526 -0.000838114 0.00166639 0.000459477 0.00161882 0.0110191 0.000248629 0.00024113 1.27813e-05 0.0931144 0.00109214 7.03322 0.789609 83.0007 10.9487 1105.89 52.2973 1195.92 54.1128 1195.92 54.1128 0.571087 0.0088702 
200 0.24 814000000 574.839 9.68775 -45.3963 0.381171 2346.29 38.461 8.40819e+06 308526 -0.000838114 0.00166063 0.000459477 0.00161324 0.0110191 0.000248008 0.00024113 1.27152e-05 0.0931144 0.00109085 7.03322 0.789609 83.0007 10.9487 1105.89 52.2973 1195.92 54.1128 1195.92 54.1128 0.571087 0.0088702 
200 0.24 814400000 574.839 9.68775 -45.3963 0.381171 2346.29 38.461 8.40819e+06 308526 -0.000838114 0.00166063 0.000459477 0.00161324 0.0110191 0.000248008 0.00024113 1.27152e-05 0.0931144 0.00109085 7.03322 0.789609 83.0007 10.9487 1105.89 52.2973 1195.92 54.1128 1195.92 54.1128 0.571087 0.0088702 
200 0.24 814800000 574.839 9.68775 -45.3963 0.381171 2346.29 38.461 8.40819e+06 308526 -0.000838114 0.00166063 0.000459477 0.00161324 0.0110191 0.000248008 0.00024113 1.27152e-05 0.0931144 0.00109085 7.03322 0.789609 83.0007 10.9487 1105.89 52.2973 1195.92 54.1128 1195.92 54.1128 0.571087 0.0088702 
200 0.24 815200000 574.839 9.68775 -45.3963 0.381171 2346.29 38.461 8.40819e+06 308526 -0.000838114 0.00166063 0.000459477 0.00161324 0.0110191 0.000248008 0.00024113 1.27152e-05 0.0931144 0.00109085 7.03322 0.789609 83.0007 10.9487 1105.89 52.2973 1195.92 54.1128 1195.92 54.1128 0.571087 0.0088702 
200 0.24 815600000 574.839 9.68775 -45.3963 0.381171 2346.29 38.461 8.40819e+06 308526 -0.000838114 0.00165789 0.000459477 0.00161324 0.0110191 0.000248008 0.00024113 1.27152e-05 0.0931144 0.00109085 7.03322 0.789609 83.0007 10.9487 1105.89 52.2973 1195.92 54.1128 1195.92 54.1128 0.571087 0.0088702 
200 0.24 816000000 574.839 9.68775 -45.3963 0.381171 2346.29 38.461 8.40819e+06 308526 -0.000838114 0.00165789 0.000459477 0.00161324 0.0110191 0.000248008 0.00024113 1.27152e-05 0.0931144 0.00109085 7.03322 0.789609 83.0007 10.9487 1105.89 52.2973 1195.92 54.1128 1195.92 54.1128 0.571087 0.0088702 
200 0.24 816400000 574.839 9.68775 -45.3963 0.381171 2346.29 38.461 8.40819e+06 308526 -0.000838114 0.00165789 0.000459477 0.00161324 0.0110191 0.000248008 0.00024113 1.27152e-05 0.0931144 0.00109085 7.03322 0.789609 83.0007 10.9487 1105.89 52.2973 1195.92 54.1128 1195.92 54.1128 0.571087 0.0088702 
200 0.24 816800000 574.839 9.68775 -45.3963 0.381171 2346.29 38.461 8.40819e+06 308526 -0.000838114 0.00165789 0.000459477 0.00161324 0.0110191 0.000248008 0.00024113 1.27152e-05 0.0931144 0.00109085 7.03322 0.789609 83.0007 10.9487 1105.89 52.2973 1195.92 54.1128 1195.92 54.1128 0.571087 0.0088702 
200 0.24 817200000 574.839 9.68775 -45.3963 0.379752 2346.29 38.309 8.40819e+06 308526 -0.000838114 0.00165566 0.000459477 0.00160705 0.0110191 0.000247956 0.00024113 1.27152e-05 0.0931144 0.00109085 7.03322 0.789609 83.0007 10.9487 1105.89 52.2973 1195.92 54.1128 1195.92 54.1128 0.571087 0.0088702 
200 0.24 817600000 574.839 9.68775 -45.3963 0.379752 2346.29 38.309 8.40819e+06 308526 -0.000838114 0.00165566 0.000459477 0.00160705 0.0110191 0.000247956 0.00024113 1.27152e-05 0.0931144 0.00109085 7.03322 0.789609 83.0007 10.9487 1105.89 52.2973 1195.92 54.1128 1195.92 54.1128 0.571087 0.0088702 
200 0.24 818000000 574.839 9.68775 -45.3963 0.379752 2346.29 38.309 8.40819e+06 308526 -0.000838114 0.00165566 0.000459477 0.00160705 0.0110191 0.000247956 0.00024113 1.27152e-05 0.0931144 0.00109085 7.03322 0.789609 83.0007 10.9487 1105.89 52.2973 1195.92 54.1128 1195.92 54.1128 0.571087 0.0088702 
200 0.24 818400000 574.839 9.68775 -45.3963 0.379752 2346.29 38.309 8.40819e+06 308526 -0.000838114 0.00165566 0.000459477 0.00160705 0.0110191 0.000247956 0.00024113 1.27152e-05 0.0931144 0.00109085 7.03322 0.789609 83.0007 10.9487 1105.89 52.2973 1195.92 54.1128 1195.92 54.1128 0.571087 0.0088702 
200 0.24 818800000 574.839 9.68775 -45.3963 0.379752 2346.29 38.309 8.40819e+06 308526 -0.000838114 0.00165341 0.000459477 0.00160705 0.0110191 0.000247956 0.00024113 1.27152e-05 0.0931144 0.00109085 7.03322 0.789609 83.0007 10.9487 1105.89 52.2973 1195.92 54.1128 1195.92 54.1128 0.571087 0.0088702 
200 0.24 819200000 574.839 9.68775 -45.3963 0.379752 2346.29 38.309 8.40819e+06 308526 -0.000838114 0.00165341 0.000459477 0.00160705 0.0110191 0.000247956 0.00024113 1.27152e-05 0.0931144 0.00109085 7.03322 0.789609 83.0007 10.9487 1105.89 52.2973 1195.92 54.1128 1195.92 54.1128 0.571087 0.0088702 
200 0.24 819600000 574.839 9.68775 -45.3963 0.379752 2346.29 38.309 8.40819e+06 308526 -0.000838114 0.00165341 0.000459477 0.00160705 0.0110191 0.000247956 0.00024113 1.27152e-05 0.0931144 0.00109085 7.03322 0.789609 83.0007 10.9487 1105.89 52.2973 1195.92 54.1128 1195.92 54.1128 0.571087 0.0088702 
200 0.24 820000000 574.839 9.68775 -45.3963 0.379752 2346.29 38.309 8.40819e+06 308526 -0.000838114 0.00165341 0.000459477 0.00160705 0.0110191 0.000247956 0.00024113 1.27152e-05 0.0931144 0.00109085 7.03322 0.789609 83.0007 10.9487 1105.89 52.2973 1195.92 54.1128 1195.92 54.1128 0.571087 0.0088702 
200 0.24 820400000 574.839 9.68775 -45.3963 0.378456 2346.29 38.1947 8.40819e+06 308526 -0.000838114 0.00165017 0.000459477 0.001602 0.0110191 0.000248914 0.00024113 1.26879e-05 0.0931144 0.00109748 7.03322 0.789609 83.0007 10.9487 1105.89 52.2973 1195.92 54.1128 1195.92 54.1128 0.571087 0.0088702 
200 0.24 820800000 574.839 9.68775 -45.3963 0.378456 2346.29 38.1947 8.40819e+06 308526 -0.000838114 0.00165017 0.000459477 0.001602 0.0110191 0.000248914 0.00024113 1.26879e-05 0.0931144 0.00109748 7.03322 0.789609 83.0007 10.9487 1105.89 52.2973 1195.92 54.1128 1195.92 54.1128 0.571087 0.0088702 
200 0.24 821200000 574.839 9.68775 -45.3963 0.378456 2346.29 38.1947 8.40819e+06 308526 -0.000838114 0.00165017 0.000459477 0.001602 0.0110191 0.000248914 0.00024113 1.26879e-05 0.0931144 0.00109748 7.03322 0.789609 83.0007 10.9487 1105.89 52.2973 1195.92 54.1128 1195.92 54.1128 0.571087 0.0088702 
200 0.24 821600000 574.839 9.68775 -45.3963 0.378456 2346.29 38.1947 8.40819e+06 308526 -0.000838114 0.00165017 0.000459477 0.001602 0.0110191 0.000248914 0.00024113 1.26879e-05 0.0931144 0.00109748 7.03322 0.789609 83.0007 10.9487 1105.89 52.2973 1195.92 54.1128 1195.92 54.1128 0.571087 0.0088702 
200 0.24 822000000 574.839 9.68775 -45.3963 0.378456 2346.29 38.1947 8.40819e+06 308526 -0.000838114 0.00164835 0.000459477 0.001602 0.0110191 0.000248914 0.00024113 1.26879e-05 0.0931144 0.00109748 7.03322 0.789609 83.0007 10.9487 1105.89 52.2973 1195.92 54.1128 1195.92 54.1128 0.571087 0.0088702 
200 0.24 822400000 574.839 9.68775 -45.3963 0.378456 2346.29 38.1947 8.40819e+06 308526 -0.000838114 0.00164835 0.000459477 0.001602 0.0110191 0.000248914 0.00024113 1.26879e-05 0.0931144 0.00109748 7.03322 0.789609 83.0007 10.9487 1105.89 52.2973 1195.92 54.1128 1195.92 54.1128 0.571087 0.0088702 
200 0.24 822800000 574.839 9.68775 -45.3963 0.378456 2346.29 38.1947 8.40819e+06 308526 -0.000838114 0.00164835 0.000459477 0.001602 0.0110191 0.000248914 0.00024113 1.26879e-05 0.0931144 0.00109748 7.03322 0.789609 83.0007 10.9487 1105.89 52.2973 1195.92 54.1128 1195.92 54.1128 0.571087 0.0088702 
200 0.24 823200000 574.839 9.68775 -45.3963 0.378456 2346.29 38.1947 8.40819e+06 308526 -0.000838114 0.00164835 0.000459477 0.001602 0.0110191 0.000248914 0.00024113 1.26879e-05 0.0931144 0.00109748 7.03322 0.789609 83.0007 10.9487 1105.89 52.2973 1195.92 54.1128 1195.92 54.1128 0.571087 0.0088702 
200 0.24 823600000 574.839 9.68775 -45.3963 0.377639 2346.29 38.1171 8.40819e+06 308526 -0.000838114 0.00164893 0.000459477 0.00159574 0.0110191 0.000248914 0.00024113 1.26879e-05 0.0931144 0.00109748 7.03322 0.789609 83.0007 10.9487 1105.89 52.2973 1195.92 54.1128 1195.92 54.1128 0.571087 0.0088702 
200 0.24 824000000 574.839 9.68775 -45.3963 0.377639 2346.29 38.1171 8.40819e+06 308526 -0.000838114 0.00164893 0.000459477 0.00159574 0.0110191 0.000248914 0.00024113 1.26879e-05 0.0931144 0.00109748 7.03322 0.789609 83.0007 10.9487 1105.89 52.2973 1195.92 54.1128 1195.92 54.1128 0.571087 0.0088702 
200 0.24 824400000 574.839 9.68775 -45.3963 0.377639 2346.29 38.1171 8.40819e+06 308526 -0.000838114 0.00164893 0.000459477 0.00159574 0.0110191 0.000248914 0.00024113 1.26879e-05 0.0931144 0.00109748 7.03322 0.789609 83.0007 10.9487 1105.89 52.2973 1195.92 54.1128 1195.92 54.1128 0.571087 0.0088702 
200 0.24 824800000 574.839 9.68775 -45.3963 0.377639 2346.29 38.1171 8.40819e+06 308526 -0.000838114 0.00164893 0.000459477 0.00159574 0.0110191 0.000248914 0.00024113 1.26879e-05 0.0931144 0.00109748 7.03322 0.789609 83.0007 10.9487 1105.89 52.2973 1195.92 54.1128 1195.92 54.1128 0.571087 0.0088702 
200 0.24 825200000 574.839 9.68775 -45.3963 0.377639 2346.29 38.1171 8.40819e+06 308526 -0.000838114 0.0016462 0.000459477 0.00159574 0.0110191 0.000248914 0.00024113 1.26879e-05 0.0931144 0.00109748 7.03322 0.789609 83.0007 10.9487 1105.89 52.2973 1195.92 54.1128 1195.92 54.1128 0.571087 0.0088702 
200 0.24 825600000 574.839 9.68775 -45.3963 0.377639 2346.29 38.1171 8.40819e+06 308526 -0.000838114 0.0016462 0.000459477 0.00159574 0.0110191 0.000248914 0.00024113 1.26879e-05 0.0931144 0.00109748 7.03322 0.789609 83.0007 10.9487 1105.89 52.2973 1195.92 54.1128 1195.92 54.1128 0.571087 0.0088702 
200 0.24 826000000 574.839 9.68775 -45.3963 0.377639 2346.29 38.1171 8.40819e+06 308526 -0.000838114 0.0016462 0.000459477 0.00159574 0.0110191 0.000248914 0.00024113 1.26879e-05 0.0931144 0.00109748 7.03322 0.789609 83.0007 10.9487 1105.89 52.2973 1195.92 54.1128 1195.92 54.1128 0.571087 0.0088702 
200 0.24 826400000 574.839 9.68775 -45.3963 0.377639 2346.29 38.1171 8.40819e+06 308526 -0.000838114 0.0016462 0.000459477 0.00159574 0.0110191 0.000248914 0.00024113 1.26879e-05 0.0931144 0.00109748 7.03322 0.789609 83.0007 10.9487 1105.89 52.2973 1195.92 54.1128 1195.92 54.1128 0.571087 0.0088702 
200 0.24 826800000 574.827 8.82352 -45.3862 0.37642 2347.61 38.0087 8.46362e+06 303654 -0.000203822 0.00164311 0.000718574 0.00159107 0.010962 0.000246995 0.000239883 1.25924e-05 0.0928561 0.00109045 6.95839 0.759652 80.4107 10.5663 1107.21 46.5355 1194.58 48.1119 1194.58 48.1119 0.572868 0.00797705 
200 0.24 827200000 574.827 8.82352 -45.3862 0.37642 2347.61 38.0087 8.46362e+06 303654 -0.000203822 0.00164311 0.000718574 0.00159107 0.010962 0.000246995 0.000239883 1.25924e-05 0.0928561 0.00109045 6.95839 0.759652 80.4107 10.5663 1107.21 46.5355 1194.58 48.1119 1194.58 48.1119 0.572868 0.00797705 
200 0.24 827600000 574.827 8.82352 -45.3862 0.37642 2347.61 38.0087 8.46362e+06 303654 -0.000203822 0.00164311 0.000718574 0.00159107 0.010962 0.000246995 0.000239883 1.25924e-05 0.0928561 0.00109045 6.95839 0.759652 80.4107 10.5663 1107.21 46.5355 1194.58 48.1119 1194.58 48.1119 0.572868 0.00797705 
200 0.24 828000000 574.827 8.82352 -45.3862 0.37642 2347.61 38.0087 8.46362e+06 303654 -0.000203822 0.00164311 0.000718574 0.00159107 0.010962 0.000246995 0.000239883 1.25924e-05 0.0928561 0.00109045 6.95839 0.759652 80.4107 10.5663 1107.21 46.5355 1194.58 48.1119 1194.58 48.1119 0.572868 0.00797705 
200 0.24 828400000 574.827 8.80989 -45.3862 0.37642 2347.61 38.0087 8.46362e+06 303066 -0.000203822 0.00164032 0.000718574 0.00159107 0.010962 0.000246995 0.000239883 1.25924e-05 0.0928561 0.00109045 6.95839 0.758171 80.4107 10.5663 1107.21 46.5355 1194.58 48.1119 1194.58 48.1119 0.572868 0.00797705 
200 0.24 828800000 574.827 8.80989 -45.3862 0.37642 2347.61 38.0087 8.46362e+06 303066 -0.000203822 0.00164032 0.000718574 0.00159107 0.010962 0.000246995 0.000239883 1.25924e-05 0.0928561 0.00109045 6.95839 0.758171 80.4107 10.5663 1107.21 46.5355 1194.58 48.1119 1194.58 48.1119 0.572868 0.00797705 
200 0.24 829200000 574.827 8.80989 -45.3862 0.37642 2347.61 38.0087 8.46362e+06 303066 -0.000203822 0.00164032 0.000718574 0.00159107 0.010962 0.000246995 0.000239883 1.25924e-05 0.0928561 0.00109045 6.95839 0.758171 80.4107 10.5663 1107.21 46.5355 1194.58 48.1119 1194.58 48.1119 0.572868 0.00797705 
200 0.24 829600000 574.827 8.80989 -45.3862 0.37642 2347.61 38.0087 8.46362e+06 303066 -0.000203822 0.00164032 0.000718574 0.00159107 0.010962 0.000246995 0.000239883 1.25924e-05 0.0928561 0.00109045 6.95839 0.758171 80.4107 10.5663 1107.21 46.5355 1194.58 48.1119 1194.58 48.1119 0.572868 0.00797705 
200 0.24 830000000 574.827 8.79587 -45.3862 0.37498 2347.61 37.8611 8.46362e+06 302554 -0.000203822 0.00163855 0.000718574 0.00158903 0.010962 0.000246995 0.000239883 1.25924e-05 0.0928561 0.00109045 6.95839 0.756696 80.4107 10.5663 1107.21 46.5355 1194.58 48.1119 1194.58 48.1119 0.572868 0.00797705 
200 0.24 830400000 574.827 8.79587 -45.3862 0.37498 2347.61 37.8611 8.46362e+06 302554 -0.000203822 0.00163855 0.000718574 0.00158903 0.010962 0.000246995 0.000239883 1.25924e-05 0.0928561 0.00109045 6.95839 0.756696 80.4107 10.5663 1107.21 46.5355 1194.58 48.1119 1194.58 48.1119 0.572868 0.00797705 
200 0.24 830800000 574.827 8.79587 -45.3862 0.37498 2347.61 37.8611 8.46362e+06 302554 -0.000203822 0.00163855 0.000718574 0.00158903 0.010962 0.000246995 0.000239883 1.25924e-05 0.0928561 0.00109045 6.95839 0.756696 80.4107 10.5663 1107.21 46.5355 1194.58 48.1119 1194.58 48.1119 0.572868 0.00797705 
200 0.24 831200000 574.827 8.79587 -45.3862 0.37498 2347.61 37.8611 8.46362e+06 302554 -0.000203822 0.00163855 0.000718574 0.00158903 0.010962 0.000246995 0.000239883 1.25924e-05 0.0928561 0.00109045 6.95839 0.756696 80.4107 10.5663 1107.21 46.5355 1194.58 48.1119 1194.58 48.1119 0.572868 0.00797705 
200 0.24 831600000 574.827 8.79587 -45.3862 0.37498 2347.61 37.8611 8.46362e+06 301987 -0.000203822 0.00163646 0.000718574 0.00158903 0.010962 0.000246995 0.000239883 1.25924e-05 0.0928561 0.00109045 6.95839 0.755724 80.4107 10.5663 1107.21 46.5355 1194.58 48.1119 1194.58 48.1119 0.572868 0.00797705 
200 0.24 832000000 574.827 8.79587 -45.3862 0.37498 2347.61 37.8611 8.46362e+06 301987 -0.000203822 0.00163646 0.000718574 0.00158903 0.010962 0.000246995 0.000239883 1.25924e-05 0.0928561 0.00109045 6.95839 0.755724 80.4107 10.5663 1107.21 46.5355 1194.58 48.1119 1194.58 48.1119 0.572868 0.00797705 
200 0.24 832400000 574.827 8.79587 -45.3862 0.37498 2347.61 37.8611 8.46362e+06 301987 -0.000203822 0.00163646 0.000718574 0.00158903 0.010962 0.000246995 0.000239883 1.25924e-05 0.0928561 0.00109045 6.95839 0.755724 80.4107 10.5663 1107.21 46.5355 1194.58 48.1119 1194.58 48.1119 0.572868 0.00797705 
200 0.24 832800000 574.827 8.79587 -45.3862 0.37498 2347.61 37.8611 8.46362e+06 301987 -0.000203822 0.00163646 0.000718574 0.00158903 0.010962 0.000246995 0.000239883 1.25924e-05 0.0928561 0.00109045 6.95839 0.755724 80.4107 10.5663 1107.21 46.5355 1194.58 48.1119 1194.58 48.1119 0.572868 0.00797705 
200 0.24 833200000 574.827 8.77392 -45.3862 0.373528 2347.61 37.7157 8.46362e+06 301523 -0.000203822 0.0016333 0.000718574 0.00158296 0.010962 0.000245303 0.000239883 1.25182e-05 0.0928561 0.00108239 6.95839 0.755724 80.4107 10.5663 1107.21 46.5355 1194.58 48.1119 1194.58 48.1119 0.572868 0.00797705 
200 0.24 833600000 574.827 8.77392 -45.3862 0.373528 2347.61 37.7157 8.46362e+06 301523 -0.000203822 0.0016333 0.000718574 0.00158296 0.010962 0.000245303 0.000239883 1.25182e-05 0.0928561 0.00108239 6.95839 0.755724 80.4107 10.5663 1107.21 46.5355 1194.58 48.1119 1194.58 48.1119 0.572868 0.00797705 
200 0.24 834000000 574.827 8.77392 -45.3862 0.373528 2347.61 37.7157 8.46362e+06 301523 -0.000203822 0.0016333 0.000718574 0.00158296 0.010962 0.000245303 0.000239883 1.25182e-05 0.0928561 0.00108239 6.95839 0.755724 80.4107 10.5663 1107.21 46.5355 1194.58 48.1119 1194.58 48.1119 0.572868 0.00797705 
200 0.24 834400000 574.827 8.77392 -45.3862 0.373528 2347.61 37.7157 8.46362e+06 301523 -0.000203822 0.0016333 0.000718574 0.00158296 0.010962 0.000245303 0.000239883 1.25182e-05 0.0928561 0.00108239 6.95839 0.755724 80.4107 10.5663 1107.21 46.5355 1194.58 48.1119 1194.58 48.1119 0.572868 0.00797705 
200 0.24 834800000 574.827 8.75996 -45.3862 0.373528 2347.61 37.7157 8.46362e+06 301042 -0.000203822 0.00163092 0.000718574 0.00158296 0.010962 0.000245303 0.000239883 1.25182e-05 0.0928561 0.00108239 6.95839 0.755724 80.4107 10.5663 1107.21 46.5355 1194.58 48.1119 1194.58 48.1119 0.572868 0.00797705 
200 0.24 835200000 574.827 8.75996 -45.3862 0.373528 2347.61 37.7157 8.46362e+06 301042 -0.000203822 0.00163092 0.000718574 0.00158296 0.010962 0.000245303 0.000239883 1.25182e-05 0.0928561 0.00108239 6.95839 0.755724 80.4107 10.5663 1107.21 46.5355 1194.58 48.1119 1194.58 48.1119 0.572868 0.00797705 
200 0.24 835600000 574.827 8.75996 -45.3862 0.373528 2347.61 37.7157 8.46362e+06 301042 -0.000203822 0.00163092 0.000718574 0.00158296 0.010962 0.000245303 0.000239883 1.25182e-05 0.0928561 0.00108239 6.95839 0.755724 80.4107 10.5663 1107.21 46.5355 1194.58 48.1119 1194.58 48.1119 0.572868 0.00797705 
200 0.24 836000000 574.827 8.75996 -45.3862 0.373528 2347.61 37.7157 8.46362e+06 301042 -0.000203822 0.00163092 0.000718574 0.00158296 0.010962 0.000245303 0.000239883 1.25182e-05 0.0928561 0.00108239 6.95839 0.755724 80.4107 10.5663 1107.21 46.5355 1194.58 48.1119 1194.58 48.1119 0.572868 0.00797705 
200 0.24 836400000 574.827 8.74338 -45.3862 0.37232 2347.61 37.5868 8.46362e+06 300463 -0.000203822 0.00163106 0.000718574 0.00157917 0.010962 0.000245303 0.000239883 1.25182e-05 0.0928561 0.00108239 6.95839 0.755724 80.4107 10.5663 1107.21 46.5355 1194.58 48.1119 1194.58 48.1119 0.572868 0.00797705 
200 0.24 836800000 574.827 8.74338 -45.3862 0.37232 2347.61 37.5868 8.46362e+06 300463 -0.000203822 0.00163106 0.000718574 0.00157917 0.010962 0.000245303 0.000239883 1.25182e-05 0.0928561 0.00108239 6.95839 0.755724 80.4107 10.5663 1107.21 46.5355 1194.58 48.1119 1194.58 48.1119 0.572868 0.00797705 
200 0.24 837200000 574.827 8.74338 -45.3862 0.37232 2347.61 37.5868 8.46362e+06 300463 -0.000203822 0.00163106 0.000718574 0.00157917 0.010962 0.000245303 0.000239883 1.25182e-05 0.0928561 0.00108239 6.95839 0.755724 80.4107 10.5663 1107.21 46.5355 1194.58 48.1119 1194.58 48.1119 0.572868 0.00797705 
200 0.24 837600000 574.827 8.74338 -45.3862 0.37232 2347.61 37.5868 8.46362e+06 300463 -0.000203822 0.00163106 0.000718574 0.00157917 0.010962 0.000245303 0.000239883 1.25182e-05 0.0928561 0.00108239 6.95839 0.755724 80.4107 10.5663 1107.21 46.5355 1194.58 48.1119 1194.58 48.1119 0.572868 0.00797705 
200 0.24 838000000 574.827 8.7392 -45.3862 0.37232 2347.61 37.5868 8.46362e+06 300044 -0.000203822 0.0016284 0.000718574 0.00157917 0.010962 0.000245303 0.000239883 1.25182e-05 0.0928561 0.00108239 6.95839 0.755724 80.4107 10.5663 1107.21 46.5355 1194.58 48.1119 1194.58 48.1119 0.572868 0.00797705 
200 0.24 838400000 574.827 8.7392 -45.3862 0.37232 2347.61 37.5868 8.46362e+06 300044 -0.000203822 0.0016284 0.000718574 0.00157917 0.010962 0.000245303 0.000239883 1.25182e-05 0.0928561 0.00108239 6.95839 0.755724 80.4107 10.5663 1107.21 46.5355 1194.58 48.1119 1194.58 48.1119 0.572868 0.00797705 
200 0.24 838800000 574.827 8.7392 -45.3862 0.37232 2347.61 37.5868 8.46362e+06 300044 -0.000203822 0.0016284 0.000718574 0.00157917 0.010962 0.000245303 0.000239883 1.25182e-05 0.0928561 0.00108239 6.95839 0.755724 80.4107 10.5663 1107.21 46.5355 1194.58 48.1119 1194.58 48.1119 0.572868 0.00797705 
200 0.24 839200000 574.827 8.7392 -45.3862 0.37232 2347.61 37.5868 8.46362e+06 300044 -0.000203822 0.0016284 0.000718574 0.00157917 0.010962 0.000245303 0.000239883 1.25182e-05 0.0928561 0.00108239 6.95839 0.755724 80.4107 10.5663 1107.21 46.5355 1194.58 48.1119 1194.58 48.1119 0.572868 0.00797705 
200 0.24 839600000 574.827 8.71462 -45.3862 0.371271 2347.61 37.5035 8.46362e+06 299576 -0.000203822 0.00162606 0.000718574 0.00157326 0.010962 0.000243419 0.000239883 1.24231e-05 0.0928561 0.00107418 6.95839 0.755724 80.4107 10.5663 1107.21 46.5355 1194.58 48.1119 1194.58 48.1119 0.572868 0.00797705 
200 0.24 840000000 574.827 8.71462 -45.3862 0.371271 2347.61 37.5035 8.46362e+06 299576 -0.000203822 0.00162606 0.000718574 0.00157326 0.010962 0.000243419 0.000239883 1.24231e-05 0.0928561 0.00107418 6.95839 0.755724 80.4107 10.5663 1107.21 46.5355 1194.58 48.1119 1194.58 48.1119 0.572868 0.00797705 
200 0.24 840400000 574.827 8.71462 -45.3862 0.371271 2347.61 37.5035 8.46362e+06 299576 -0.000203822 0.00162606 0.000718574 0.00157326 0.010962 0.000243419 0.000239883 1.24231e-05 0.0928561 0.00107418 6.95839 0.755724 80.4107 10.5663 1107.21 46.5355 1194.58 48.1119 1194.58 48.1119 0.572868 0.00797705 
200 0.24 840800000 574.827 8.71462 -45.3862 0.371271 2347.61 37.5035 8.46362e+06 299576 -0.000203822 0.00162606 0.000718574 0.00157326 0.010962 0.000243419 0.000239883 1.24231e-05 0.0928561 0.00107418 6.95839 0.755724 80.4107 10.5663 1107.21 46.5355 1194.58 48.1119 1194.58 48.1119 0.572868 0.00797705 
200 0.24 841200000 574.827 8.70386 -45.3862 0.371271 2347.61 37.5035 8.46362e+06 299010 -0.000203822 0.00163284 0.000718574 0.00157326 0.010962 0.000243419 0.000239883 1.24231e-05 0.0928561 0.00107418 6.95839 0.755724 80.4107 10.5663 1107.21 46.5355 1194.58 48.1119 1194.58 48.1119 0.572868 0.00797705 
200 0.24 841600000 574.827 8.70386 -45.3862 0.371271 2347.61 37.5035 8.46362e+06 299010 -0.000203822 0.00163284 0.000718574 0.00157326 0.010962 0.000243419 0.000239883 1.24231e-05 0.0928561 0.00107418 6.95839 0.755724 80.4107 10.5663 1107.21 46.5355 1194.58 48.1119 1194.58 48.1119 0.572868 0.00797705 
200 0.24 842000000 574.827 8.70386 -45.3862 0.371271 2347.61 37.5035 8.46362e+06 299010 -0.000203822 0.00163284 0.000718574 0.00157326 0.010962 0.000243419 0.000239883 1.24231e-05 0.0928561 0.00107418 6.95839 0.755724 80.4107 10.5663 1107.21 46.5355 1194.58 48.1119 1194.58 48.1119 0.572868 0.00797705 
200 0.24 842400000 574.827 8.70386 -45.3862 0.371271 2347.61 37.5035 8.46362e+06 299010 -0.000203822 0.00163284 0.000718574 0.00157326 0.010962 0.000243419 0.000239883 1.24231e-05 0.0928561 0.00107418 6.95839 0.755724 80.4107 10.5663 1107.21 46.5355 1194.58 48.1119 1194.58 48.1119 0.572868 0.00797705 
200 0.24 842800000 574.827 8.68743 -45.3862 0.370323 2347.61 37.3822 8.46362e+06 298442 -0.000203822 0.00163083 0.000718574 0.0015673 0.010962 0.000243419 0.000239883 1.24231e-05 0.0928561 0.00107418 6.95839 0.755724 80.4107 10.5663 1107.21 46.5355 1194.58 48.1119 1194.58 48.1119 0.572868 0.00797705 
200 0.24 843200000 574.827 8.68743 -45.3862 0.370323 2347.61 37.3822 8.46362e+06 298442 -0.000203822 0.00163083 0.000718574 0.0015673 0.010962 0.000243419 0.000239883 1.24231e-05 0.0928561 0.00107418 6.95839 0.755724 80.4107 10.5663 1107.21 46.5355 1194.58 48.1119 1194.58 48.1119 0.572868 0.00797705 
200 0.24 843600000 574.827 8.68743 -45.3862 0.370323 2347.61 37.3822 8.46362e+06 298442 -0.000203822 0.00163083 0.000718574 0.0015673 0.010962 0.000243419 0.000239883 1.24231e-05 0.0928561 0.00107418 6.95839 0.755724 80.4107 10.5663 1107.21 46.5355 1194.58 48.1119 1194.58 48.1119 0.572868 0.00797705 
200 0.24 844000000 574.827 8.68743 -45.3862 0.370323 2347.61 37.3822 8.46362e+06 298442 -0.000203822 0.00163083 0.000718574 0.0015673 0.010962 0.000243419 0.000239883 1.24231e-05 0.0928561 0.00107418 6.95839 0.755724 80.4107 10.5663 1107.21 46.5355 1194.58 48.1119 1194.58 48.1119 0.572868 0.00797705 
200 0.24 844400000 574.827 8.68171 -45.3862 0.370323 2347.61 37.3822 8.46362e+06 297892 -0.000203822 0.00162773 0.000718574 0.0015673 0.010962 0.000243419 0.000239883 1.24231e-05 0.0928561 0.00107418 6.95839 0.755724 80.4107 10.5663 1107.21 46.5355 1194.58 48.1119 1194.58 48.1119 0.572868 0.00797705 
200 0.24 844800000 574.827 8.68171 -45.3862 0.370323 2347.61 37.3822 8.46362e+06 297892 -0.000203822 0.00162773 0.000718574 0.0015673 0.010962 0.000243419 0.000239883 1.24231e-05 0.0928561 0.00107418 6.95839 0.755724 80.4107 10.5663 1107.21 46.5355 1194.58 48.1119 1194.58 48.1119 0.572868 0.00797705 
200 0.24 845200000 574.827 8.68171 -45.3862 0.370323 2347.61 37.3822 8.46362e+06 297892 -0.000203822 0.00162773 0.000718574 0.0015673 0.010962 0.000243419 0.000239883 1.24231e-05 0.0928561 0.00107418 6.95839 0.755724 80.4107 10.5663 1107.21 46.5355 1194.58 48.1119 1194.58 48.1119 0.572868 0.00797705 
200 0.24 845600000 574.827 8.68171 -45.3862 0.370323 2347.61 37.3822 8.46362e+06 297892 -0.000203822 0.00162773 0.000718574 0.0015673 0.010962 0.000243419 0.000239883 1.24231e-05 0.0928561 0.00107418 6.95839 0.755724 80.4107 10.5663 1107.21 46.5355 1194.58 48.1119 1194.58 48.1119 0.572868 0.00797705 
200 0.24 846000000 574.827 8.65839 -45.3862 0.368909 2347.61 37.2423 8.46362e+06 297368 -0.000203822 0.0016248 0.000718574 0.00156212 0.010962 0.000245666 0.000239883 1.25031e-05 0.0928561 0.00107994 6.95839 0.755724 80.4107 10.5663 1107.21 46.5355 1194.58 48.1119 1194.58 48.1119 0.572868 0.00797705 
200 0.24 846400000 574.827 8.65839 -45.3862 0.368909 2347.61 37.2423 8.46362e+06 297368 -0.000203822 0.0016248 0.000718574 0.00156212 0.010962 0.000245666 0.000239883 1.25031e-05 0.0928561 0.00107994 6.95839 0.755724 80.4107 10.5663 1107.21 46.5355 1194.58 48.1119 1194.58 48.1119 0.572868 0.00797705 
200 0.24 846800000 574.827 8.65839 -45.3862 0.368909 2347.61 37.2423 8.46362e+06 297368 -0.000203822 0.0016248 0.000718574 0.00156212 0.010962 0.000245666 0.000239883 1.25031e-05 0.0928561 0.00107994 6.95839 0.755724 80.4107 10.5663 1107.21 46.5355 1194.58 48.1119 1194.58 48.1119 0.572868 0.00797705 
200 0.24 847200000 574.827 8.65839 -45.3862 0.368909 2347.61 37.2423 8.46362e+06 297368 -0.000203822 0.0016248 0.000718574 0.00156212 0.010962 0.000245666 0.000239883 1.25031e-05 0.0928561 0.00107994 6.95839 0.755724 80.4107 10.5663 1107.21 46.5355 1194.58 48.1119 1194.58 48.1119 0.572868 0.00797705 
200 0.24 847600000 574.827 8.6431 -45.3862 0.368909 2347.61 37.2423 8.46362e+06 296817 -0.000203822 0.0016239 0.000718574 0.00156212 0.010962 0.000245666 0.000239883 1.25031e-05 0.0928561 0.00107994 6.95839 0.755724 80.4107 10.5663 1107.21 46.5355 1194.58 48.1119 1194.58 48.1119 0.572868 0.00797705 
200 0.24 848000000 574.827 8.6431 -45.3862 0.368909 2347.61 37.2423 8.46362e+06 296817 -0.000203822 0.0016239 0.000718574 0.00156212 0.010962 0.000245666 0.000239883 1.25031e-05 0.0928561 0.00107994 6.95839 0.755724 80.4107 10.5663 1107.21 46.5355 1194.58 48.1119 1194.58 48.1119 0.572868 0.00797705 
200 0.24 848400000 574.827 8.6431 -45.3862 0.368909 2347.61 37.2423 8.46362e+06 296817 -0.000203822 0.0016239 0.000718574 0.00156212 0.010962 0.000245666 0.000239883 1.25031e-05 0.0928561 0.00107994 6.95839 0.755724 80.4107 10.5663 1107.21 46.5355 1194.58 48.1119 1194.58 48.1119 0.572868 0.00797705 
200 0.24 848800000 574.827 8.6431 -45.3862 0.368909 2347.61 37.2423 8.46362e+06 296817 -0.000203822 0.0016239 0.000718574 0.00156212 0.010962 0.000245666 0.000239883 1.25031e-05 0.0928561 0.00107994 6.95839 0.755724 80.4107 10.5663 1107.21 46.5355 1194.58 48.1119 1194.58 48.1119 0.572868 0.00797705 
200 0.24 849200000 574.827 8.62706 -45.3862 0.367534 2347.61 37.1069 8.46362e+06 296309 -0.000203822 0.00162093 0.000718574 0.00155861 0.010962 0.000245666 0.000239883 1.25031e-05 0.0928561 0.00107994 6.95839 0.755724 80.4107 10.5663 1107.21 46.5355 1194.58 48.1119 1194.58 48.1119 0.572868 0.00797705 
200 0.24 849600000 574.827 8.62706 -45.3862 0.367534 2347.61 37.1069 8.46362e+06 296309 -0.000203822 0.00162093 0.000718574 0.00155861 0.010962 0.000245666 0.000239883 1.25031e-05 0.0928561 0.00107994 6.95839 0.755724 80.4107 10.5663 1107.21 46.5355 1194.58 48.1119 1194.58 48.1119 0.572868 0.00797705 
200 0.24 850000000 574.827 8.62706 -45.3862 0.367534 2347.61 37.1069 8.46362e+06 296309 -0.000203822 0.00162093 0.000718574 0.00155861 0.010962 0.000245666 0.000239883 1.25031e-05 0.0928561 0.00107994 6.95839 0.755724 80.4107 10.5663 1107.21 46.5355 1194.58 48.1119 1194.58 48.1119 0.572868 0.00797705 
200 0.24 850400000 574.827 8.62706 -45.3862 0.367534 2347.61 37.1069 8.46362e+06 296309 -0.000203822 0.00162093 0.000718574 0.00155861 0.010962 0.000245666 0.000239883 1.25031e-05 0.0928561 0.00107994 6.95839 0.755724 80.4107 10.5663 1107.21 46.5355 1194.58 48.1119 1194.58 48.1119 0.572868 0.00797705 
200 0.24 850800000 574.827 8.62187 -45.3862 0.367534 2347.61 37.1069 8.46362e+06 295747 -0.000203822 0.00161958 0.000718574 0.00155861 0.010962 0.000245666 0.000239883 1.25031e-05 0.0928561 0.00107994 6.95839 0.755724 80.4107 10.5663 1107.21 46.5355 1194.58 48.1119 1194.58 48.1119 0.572868 0.00797705 
200 0.24 851200000 574.827 8.62187 -45.3862 0.367534 2347.61 37.1069 8.46362e+06 295747 -0.000203822 0.00161958 0.000718574 0.00155861 0.010962 0.000245666 0.000239883 1.25031e-05 0.0928561 0.00107994 6.95839 0.755724 80.4107 10.5663 1107.21 46.5355 1194.58 48.1119 1194.58 48.1119 0.572868 0.00797705 
200 0.24 851600000 574.827 8.62187 -45.3862 0.367534 2347.61 37.1069 8.46362e+06 295747 -0.000203822 0.00161958 0.000718574 0.00155861 0.010962 0.000245666 0.000239883 1.25031e-05 0.0928561 0.00107994 6.95839 0.755724 80.4107 10.5663 1107.21 46.5355 1194.58 48.1119 1194.58 48.1119 0.572868 0.00797705 
200 0.24 852000000 574.827 8.62187 -45.3862 0.367534 2347.61 37.1069 8.46362e+06 295747 -0.000203822 0.00161958 0.000718574 0.00155861 0.010962 0.000245666 0.000239883 1.25031e-05 0.0928561 0.00107994 6.95839 0.755724 80.4107 10.5663 1107.21 46.5355 1194.58 48.1119 1194.58 48.1119 0.572868 0.00797705 
200 0.24 852400000 574.827 8.60977 -45.3862 0.366431 2347.61 37.0255 8.46362e+06 296003 -0.000203822 0.00161657 0.000718574 0.00155604 0.010962 0.000243908 0.000239883 1.24098e-05 0.0928561 0.0010736 6.95839 0.736771 80.4107 10.5663 1107.21 46.5355 1194.58 48.1119 1194.58 48.1119 0.572868 0.00797705 
200 0.24 852800000 574.827 8.60977 -45.3862 0.366431 2347.61 37.0255 8.46362e+06 296003 -0.000203822 0.00161657 0.000718574 0.00155604 0.010962 0.000243908 0.000239883 1.24098e-05 0.0928561 0.0010736 6.95839 0.736771 80.4107 10.5663 1107.21 46.5355 1194.58 48.1119 1194.58 48.1119 0.572868 0.00797705 
200 0.24 853200000 574.827 8.60977 -45.3862 0.366431 2347.61 37.0255 8.46362e+06 296003 -0.000203822 0.00161657 0.000718574 0.00155604 0.010962 0.000243908 0.000239883 1.24098e-05 0.0928561 0.0010736 6.95839 0.736771 80.4107 10.5663 1107.21 46.5355 1194.58 48.1119 1194.58 48.1119 0.572868 0.00797705 
200 0.24 853600000 574.827 8.60977 -45.3862 0.366431 2347.61 37.0255 8.46362e+06 296003 -0.000203822 0.00161657 0.000718574 0.00155604 0.010962 0.000243908 0.000239883 1.24098e-05 0.0928561 0.0010736 6.95839 0.736771 80.4107 10.5663 1107.21 46.5355 1194.58 48.1119 1194.58 48.1119 0.572868 0.00797705 
200 0.24 854000000 574.827 8.60641 -45.3862 0.366431 2347.61 37.0255 8.46362e+06 295446 -0.000203822 0.00161413 0.000718574 0.00155604 0.010962 0.000243908 0.000239883 1.24098e-05 0.0928561 0.0010736 6.95839 0.735379 80.4107 10.5663 1107.21 46.5355 1194.58 48.1119 1194.58 48.1119 0.572868 0.00797705 
200 0.24 854400000 574.827 8.60641 -45.3862 0.366431 2347.61 37.0255 8.46362e+06 295446 -0.000203822 0.00161413 0.000718574 0.00155604 0.010962 0.000243908 0.000239883 1.24098e-05 0.0928561 0.0010736 6.95839 0.735379 80.4107 10.5663 1107.21 46.5355 1194.58 48.1119 1194.58 48.1119 0.572868 0.00797705 
200 0.24 854800000 574.827 8.60641 -45.3862 0.366431 2347.61 37.0255 8.46362e+06 295446 -0.000203822 0.00161413 0.000718574 0.00155604 0.010962 0.000243908 0.000239883 1.24098e-05 0.0928561 0.0010736 6.95839 0.735379 80.4107 10.5663 1107.21 46.5355 1194.58 48.1119 1194.58 48.1119 0.572868 0.00797705 
200 0.24 855200000 574.827 8.60641 -45.3862 0.366431 2347.61 37.0255 8.46362e+06 295446 -0.000203822 0.00161413 0.000718574 0.00155604 0.010962 0.000243908 0.000239883 1.24098e-05 0.0928561 0.0010736 6.95839 0.735379 80.4107 10.5663 1107.21 46.5355 1194.58 48.1119 1194.58 48.1119 0.572868 0.00797705 
200 0.24 855600000 574.827 8.59338 -45.3862 0.365533 2347.61 36.9341 8.46362e+06 295040 -0.000203822 0.00161111 0.000718574 0.0015505 0.010962 0.000243908 0.000239883 1.24098e-05 0.0928561 0.0010736 6.95839 0.734617 80.4107 10.5663 1107.21 46.5355 1194.58 48.1119 1194.58 48.1119 0.572868 0.00797705 
200 0.24 856000000 574.827 8.59338 -45.3862 0.365533 2347.61 36.9341 8.46362e+06 295040 -0.000203822 0.00161111 0.000718574 0.0015505 0.010962 0.000243908 0.000239883 1.24098e-05 0.0928561 0.0010736 6.95839 0.734617 80.4107 10.5663 1107.21 46.5355 1194.58 48.1119 1194.58 48.1119 0.572868 0.00797705 
200 0.24 856400000 574.827 8.59338 -45.3862 0.365533 2347.61 36.9341 8.46362e+06 295040 -0.000203822 0.00161111 0.000718574 0.0015505 0.010962 0.000243908 0.000239883 1.24098e-05 0.0928561 0.0010736 6.95839 0.734617 80.4107 10.5663 1107.21 46.5355 1194.58 48.1119 1194.58 48.1119 0.572868 0.00797705 
200 0.24 856800000 574.827 8.59338 -45.3862 0.365533 2347.61 36.9341 8.46362e+06 295040 -0.000203822 0.00161111 0.000718574 0.0015505 0.010962 0.000243908 0.000239883 1.24098e-05 0.0928561 0.0010736 6.95839 0.734617 80.4107 10.5663 1107.21 46.5355 1194.58 48.1119 1194.58 48.1119 0.572868 0.00797705 
200 0.24 857200000 574.827 8.59244 -45.3862 0.365533 2347.61 36.9341 8.46362e+06 294505 -0.000203822 0.00160839 0.000718574 0.0015505 0.010962 0.000243908 0.000239883 1.24098e-05 0.0928561 0.0010736 6.95839 0.734617 80.4107 10.5663 1107.21 46.5355 1194.58 48.1119 1194.58 48.1119 0.572868 0.00797705 
200 0.24 857600000 574.827 8.59244 -45.3862 0.365533 2347.61 36.9341 8.46362e+06 294505 -0.000203822 0.00160839 0.000718574 0.0015505 0.010962 0.000243908 0.000239883 1.24098e-05 0.0928561 0.0010736 6.95839 0.734617 80.4107 10.5663 1107.21 46.5355 1194.58 48.1119 1194.58 48.1119 0.572868 0.00797705 
200 0.24 858000000 574.827 8.59244 -45.3862 0.365533 2347.61 36.9341 8.46362e+06 294505 -0.000203822 0.00160839 0.000718574 0.0015505 0.010962 0.000243908 0.000239883 1.24098e-05 0.0928561 0.0010736 6.95839 0.734617 80.4107 10.5663 1107.21 46.5355 1194.58 48.1119 1194.58 48.1119 0.572868 0.00797705 
200 0.24 858400000 574.827 8.59244 -45.3862 0.365533 2347.61 36.9341 8.46362e+06 294505 -0.000203822 0.00160839 0.000718574 0.0015505 0.010962 0.000243908 0.000239883 1.24098e-05 0.0928561 0.0010736 6.95839 0.734617 80.4107 10.5663 1107.21 46.5355 1194.58 48.1119 1194.58 48.1119 0.572868 0.00797705 
200 0.24 858800000 574.827 8.62331 -45.3862 0.364161 2347.61 36.7978 8.46362e+06 293983 -0.000203822 0.00160735 0.000718574 0.00154569 0.010962 0.000242078 0.000239883 1.23166e-05 0.0928561 0.00106562 6.95839 0.734617 80.4107 10.5663 1107.21 46.5355 1194.58 48.1119 1194.58 48.1119 0.572868 0.00797705 
200 0.24 859200000 574.827 8.62331 -45.3862 0.364161 2347.61 36.7978 8.46362e+06 293983 -0.000203822 0.00160735 0.000718574 0.00154569 0.010962 0.000242078 0.000239883 1.23166e-05 0.0928561 0.00106562 6.95839 0.734617 80.4107 10.5663 1107.21 46.5355 1194.58 48.1119 1194.58 48.1119 0.572868 0.00797705 
200 0.24 859600000 574.827 8.62331 -45.3862 0.364161 2347.61 36.7978 8.46362e+06 293983 -0.000203822 0.00160735 0.000718574 0.00154569 0.010962 0.000242078 0.000239883 1.23166e-05 0.0928561 0.00106562 6.95839 0.734617 80.4107 10.5663 1107.21 46.5355 1194.58 48.1119 1194.58 48.1119 0.572868 0.00797705 
200 0.24 860000000 574.827 8.62331 -45.3862 0.364161 2347.61 36.7978 8.46362e+06 293983 -0.000203822 0.00160735 0.000718574 0.00154569 0.010962 0.000242078 0.000239883 1.23166e-05 0.0928561 0.00106562 6.95839 0.734617 80.4107 10.5663 1107.21 46.5355 1194.58 48.1119 1194.58 48.1119 0.572868 0.00797705 
200 0.24 860400000 574.827 8.62331 -45.3862 0.364161 2347.61 36.7978 8.46362e+06 293471 -0.000203822 0.00160449 0.000718574 0.00154569 0.010962 0.000242078 0.000239883 1.23166e-05 0.0928561 0.00106562 6.95839 0.734617 80.4107 10.5663 1107.21 46.5355 1194.58 48.1119 1194.58 48.1119 0.572868 0.00797705 
200 0.24 860800000 574.827 8.62331 -45.3862 0.364161 2347.61 36.7978 8.46362e+06 293471 -0.000203822 0.00160449 0.000718574 0.00154569 0.010962 0.000242078 0.000239883 1.23166e-05 0.0928561 0.00106562 6.95839 0.734617 80.4107 10.5663 1107.21 46.5355 1194.58 48.1119 1194.58 48.1119 0.572868 0.00797705 
200 0.24 861200000 574.827 8.62331 -45.3862 0.364161 2347.61 36.7978 8.46362e+06 293471 -0.000203822 0.00160449 0.000718574 0.00154569 0.010962 0.000242078 0.000239883 1.23166e-05 0.0928561 0.00106562 6.95839 0.734617 80.4107 10.5663 1107.21 46.5355 1194.58 48.1119 1194.58 48.1119 0.572868 0.00797705 
200 0.24 861600000 574.827 8.62331 -45.3862 0.364161 2347.61 36.7978 8.46362e+06 293471 -0.000203822 0.00160449 0.000718574 0.00154569 0.010962 0.000242078 0.000239883 1.23166e-05 0.0928561 0.00106562 6.95839 0.734617 80.4107 10.5663 1107.21 46.5355 1194.58 48.1119 1194.58 48.1119 0.572868 0.00797705 
200 0.24 862000000 574.827 8.62331 -45.3862 0.362804 2347.61 36.6643 8.46362e+06 292986 -0.000203822 0.00160167 0.000718574 0.00155408 0.010962 0.000242078 0.000239883 1.23166e-05 0.0928561 0.00106562 6.95839 0.734617 80.4107 10.5663 1107.21 46.5355 1194.58 48.1119 1194.58 48.1119 0.572868 0.00797705 
200 0.24 862400000 574.827 8.62331 -45.3862 0.362804 2347.61 36.6643 8.46362e+06 292986 -0.000203822 0.00160167 0.000718574 0.00155408 0.010962 0.000242078 0.000239883 1.23166e-05 0.0928561 0.00106562 6.95839 0.734617 80.4107 10.5663 1107.21 46.5355 1194.58 48.1119 1194.58 48.1119 0.572868 0.00797705 
200 0.24 862800000 574.827 8.62331 -45.3862 0.362804 2347.61 36.6643 8.46362e+06 292986 -0.000203822 0.00160167 0.000718574 0.00155408 0.010962 0.000242078 0.000239883 1.23166e-05 0.0928561 0.00106562 6.95839 0.734617 80.4107 10.5663 1107.21 46.5355 1194.58 48.1119 1194.58 48.1119 0.572868 0.00797705 
200 0.24 863200000 574.827 8.62331 -45.3862 0.362804 2347.61 36.6643 8.46362e+06 292986 -0.000203822 0.00160167 0.000718574 0.00155408 0.010962 0.000242078 0.000239883 1.23166e-05 0.0928561 0.00106562 6.95839 0.734617 80.4107 10.5663 1107.21 46.5355 1194.58 48.1119 1194.58 48.1119 0.572868 0.00797705 
200 0.24 863600000 574.827 8.62331 -45.3862 0.362804 2347.61 36.6643 8.46362e+06 292442 -0.000203822 0.00159906 0.000718574 0.00155408 0.010962 0.000242078 0.000239883 1.23166e-05 0.0928561 0.00106562 6.95839 0.734617 80.4107 10.5663 1107.21 46.5355 1194.58 48.1119 1194.58 48.1119 0.572868 0.00797705 
200 0.24 864000000 574.827 8.62331 -45.3862 0.362804 2347.61 36.6643 8.46362e+06 292442 -0.000203822 0.00159906 0.000718574 0.00155408 0.010962 0.000242078 0.000239883 1.23166e-05 0.0928561 0.00106562 6.95839 0.734617 80.4107 10.5663 1107.21 46.5355 1194.58 48.1119 1194.58 48.1119 0.572868 0.00797705 
200 0.24 864400000 574.827 8.62331 -45.3862 0.362804 2347.61 36.6643 8.46362e+06 292442 -0.000203822 0.00159906 0.000718574 0.00155408 0.010962 0.000242078 0.000239883 1.23166e-05 0.0928561 0.00106562 6.95839 0.734617 80.4107 10.5663 1107.21 46.5355 1194.58 48.1119 1194.58 48.1119 0.572868 0.00797705 
200 0.24 864800000 574.827 8.62331 -45.3862 0.362804 2347.61 36.6643 8.46362e+06 292442 -0.000203822 0.00159906 0.000718574 0.00155408 0.010962 0.000242078 0.000239883 1.23166e-05 0.0928561 0.00106562 6.95839 0.734617 80.4107 10.5663 1107.21 46.5355 1194.58 48.1119 1194.58 48.1119 0.572868 0.00797705 
200 0.24 865200000 574.827 8.56603 -45.3862 0.361472 2347.61 36.5385 8.46362e+06 292049 -0.000203822 0.00159611 0.000718574 0.00154911 0.010962 0.000240456 0.000239883 1.2225e-05 0.0928561 0.00106013 6.95839 0.734617 80.4107 10.5663 1107.21 46.5355 1194.58 48.1119 1194.58 48.1119 0.572868 0.00797705 
200 0.24 865600000 574.827 8.56603 -45.3862 0.361472 2347.61 36.5385 8.46362e+06 292049 -0.000203822 0.00159611 0.000718574 0.00154911 0.010962 0.000240456 0.000239883 1.2225e-05 0.0928561 0.00106013 6.95839 0.734617 80.4107 10.5663 1107.21 46.5355 1194.58 48.1119 1194.58 48.1119 0.572868 0.00797705 
200 0.24 866000000 574.827 8.56603 -45.3862 0.361472 2347.61 36.5385 8.46362e+06 292049 -0.000203822 0.00159611 0.000718574 0.00154911 0.010962 0.000240456 0.000239883 1.2225e-05 0.0928561 0.00106013 6.95839 0.734617 80.4107 10.5663 1107.21 46.5355 1194.58 48.1119 1194.58 48.1119 0.572868 0.00797705 
200 0.24 866400000 574.827 8.56603 -45.3862 0.361472 2347.61 36.5385 8.46362e+06 292049 -0.000203822 0.00159611 0.000718574 0.00154911 0.010962 0.000240456 0.000239883 1.2225e-05 0.0928561 0.00106013 6.95839 0.734617 80.4107 10.5663 1107.21 46.5355 1194.58 48.1119 1194.58 48.1119 0.572868 0.00797705 
200 0.24 866800000 574.827 8.56603 -45.3862 0.361472 2347.61 36.5385 8.46362e+06 291505 -0.000203822 0.00159362 0.000718574 0.00154911 0.010962 0.000240456 0.000239883 1.2225e-05 0.0928561 0.00106013 6.95839 0.734617 80.4107 10.5663 1107.21 46.5355 1194.58 48.1119 1194.58 48.1119 0.572868 0.00797705 
200 0.24 867200000 574.827 8.56603 -45.3862 0.361472 2347.61 36.5385 8.46362e+06 291505 -0.000203822 0.00159362 0.000718574 0.00154911 0.010962 0.000240456 0.000239883 1.2225e-05 0.0928561 0.00106013 6.95839 0.734617 80.4107 10.5663 1107.21 46.5355 1194.58 48.1119 1194.58 48.1119 0.572868 0.00797705 
200 0.24 867600000 574.827 8.56603 -45.3862 0.361472 2347.61 36.5385 8.46362e+06 291505 -0.000203822 0.00159362 0.000718574 0.00154911 0.010962 0.000240456 0.000239883 1.2225e-05 0.0928561 0.00106013 6.95839 0.734617 80.4107 10.5663 1107.21 46.5355 1194.58 48.1119 1194.58 48.1119 0.572868 0.00797705 
200 0.24 868000000 574.827 8.56603 -45.3862 0.361472 2347.61 36.5385 8.46362e+06 291505 -0.000203822 0.00159362 0.000718574 0.00154911 0.010962 0.000240456 0.000239883 1.2225e-05 0.0928561 0.00106013 6.95839 0.734617 80.4107 10.5663 1107.21 46.5355 1194.58 48.1119 1194.58 48.1119 0.572868 0.00797705 
200 0.24 868400000 574.827 8.56603 -45.3862 0.360898 2347.61 36.4558 8.46362e+06 291020 -0.000203822 0.00159185 0.000718574 0.00154429 0.010962 0.000240456 0.000239883 1.2225e-05 0.0928561 0.00106013 6.95839 0.734617 80.4107 10.5663 1107.21 46.5355 1194.58 48.1119 1194.58 48.1119 0.572868 0.00797705 
200 0.24 868800000 574.827 8.56603 -45.3862 0.360898 2347.61 36.4558 8.46362e+06 291020 -0.000203822 0.00159185 0.000718574 0.00154429 0.010962 0.000240456 0.000239883 1.2225e-05 0.0928561 0.00106013 6.95839 0.734617 80.4107 10.5663 1107.21 46.5355 1194.58 48.1119 1194.58 48.1119 0.572868 0.00797705 
200 0.24 869200000 574.827 8.56603 -45.3862 0.360898 2347.61 36.4558 8.46362e+06 291020 -0.000203822 0.00159185 0.000718574 0.00154429 0.010962 0.000240456 0.000239883 1.2225e-05 0.0928561 0.00106013 6.95839 0.734617 80.4107 10.5663 1107.21 46.5355 1194.58 48.1119 1194.58 48.1119 0.572868 0.00797705 
200 0.24 869600000 574.827 8.56603 -45.3862 0.360898 2347.61 36.4558 8.46362e+06 291020 -0.000203822 0.00159185 0.000718574 0.00154429 0.010962 0.000240456 0.000239883 1.2225e-05 0.0928561 0.00106013 6.95839 0.734617 80.4107 10.5663 1107.21 46.5355 1194.58 48.1119 1194.58 48.1119 0.572868 0.00797705 
200 0.24 870000000 574.827 8.56603 -45.3862 0.360898 2347.61 36.4558 8.46362e+06 290499 -0.000203822 0.00159012 0.000718574 0.00154429 0.010962 0.000240456 0.000239883 1.2225e-05 0.0928561 0.00106013 6.95839 0.734617 80.4107 10.5663 1107.21 46.5355 1194.58 48.1119 1194.58 48.1119 0.572868 0.00797705 
200 0.24 870400000 574.827 8.56603 -45.3862 0.360898 2347.61 36.4558 8.46362e+06 290499 -0.000203822 0.00159012 0.000718574 0.00154429 0.010962 0.000240456 0.000239883 1.2225e-05 0.0928561 0.00106013 6.95839 0.734617 80.4107 10.5663 1107.21 46.5355 1194.58 48.1119 1194.58 48.1119 0.572868 0.00797705 
200 0.24 870800000 574.827 8.56603 -45.3862 0.360898 2347.61 36.4558 8.46362e+06 290499 -0.000203822 0.00159012 0.000718574 0.00154429 0.010962 0.000240456 0.000239883 1.2225e-05 0.0928561 0.00106013 6.95839 0.734617 80.4107 10.5663 1107.21 46.5355 1194.58 48.1119 1194.58 48.1119 0.572868 0.00797705 
200 0.24 871200000 574.827 8.56603 -45.3862 0.360898 2347.61 36.4558 8.46362e+06 290499 -0.000203822 0.00159012 0.000718574 0.00154429 0.010962 0.000240456 0.000239883 1.2225e-05 0.0928561 0.00106013 6.95839 0.734617 80.4107 10.5663 1107.21 46.5355 1194.58 48.1119 1194.58 48.1119 0.572868 0.00797705 
200 0.24 871600000 574.827 8.57188 -45.3862 0.359567 2347.61 36.33 8.46362e+06 290073 -0.000203822 0.00158758 0.000718574 0.00154144 0.010962 0.000239334 0.000239883 1.21534e-05 0.0928561 0.00105715 6.95839 0.734617 80.4107 10.5663 1107.21 46.5355 1194.58 48.1119 1194.58 48.1119 0.572868 0.00797705 
200 0.24 872000000 574.827 8.57188 -45.3862 0.359567 2347.61 36.33 8.46362e+06 290073 -0.000203822 0.00158758 0.000718574 0.00154144 0.010962 0.000239334 0.000239883 1.21534e-05 0.0928561 0.00105715 6.95839 0.734617 80.4107 10.5663 1107.21 46.5355 1194.58 48.1119 1194.58 48.1119 0.572868 0.00797705 
200 0.24 872400000 574.827 8.57188 -45.3862 0.359567 2347.61 36.33 8.46362e+06 290073 -0.000203822 0.00158758 0.000718574 0.00154144 0.010962 0.000239334 0.000239883 1.21534e-05 0.0928561 0.00105715 6.95839 0.734617 80.4107 10.5663 1107.21 46.5355 1194.58 48.1119 1194.58 48.1119 0.572868 0.00797705 
200 0.24 872800000 574.827 8.57188 -45.3862 0.359567 2347.61 36.33 8.46362e+06 290073 -0.000203822 0.00158758 0.000718574 0.00154144 0.010962 0.000239334 0.000239883 1.21534e-05 0.0928561 0.00105715 6.95839 0.734617 80.4107 10.5663 1107.21 46.5355 1194.58 48.1119 1194.58 48.1119 0.572868 0.00797705 
200 0.24 873200000 574.827 8.57188 -45.3862 0.359567 2347.61 36.5148 8.46362e+06 295349 -0.000203822 0.00158872 0.000718574 0.00154144 0.010962 0.000239334 0.000239883 1.21534e-05 0.0928561 0.00105715 6.95839 0.734617 80.4107 10.5663 1107.21 46.5355 1194.58 48.1119 1194.58 48.1119 0.572868 0.00797705 
200 0.24 873600000 574.827 8.57188 -45.3862 0.359567 2347.61 36.5148 8.46362e+06 295349 -0.000203822 0.00158872 0.000718574 0.00154144 0.010962 0.000239334 0.000239883 1.21534e-05 0.0928561 0.00105715 6.95839 0.734617 80.4107 10.5663 1107.21 46.5355 1194.58 48.1119 1194.58 48.1119 0.572868 0.00797705 
200 0.24 874000000 574.827 8.57188 -45.3862 0.359567 2347.61 36.5148 8.46362e+06 295349 -0.000203822 0.00158872 0.000718574 0.00154144 0.010962 0.000239334 0.000239883 1.21534e-05 0.0928561 0.00105715 6.95839 0.734617 80.4107 10.5663 1107.21 46.5355 1194.58 48.1119 1194.58 48.1119 0.572868 0.00797705 
200 0.24 874400000 574.827 8.57188 -45.3862 0.359567 2347.61 36.5148 8.46362e+06 295349 -0.000203822 0.00158872 0.000718574 0.00154144 0.010962 0.000239334 0.000239883 1.21534e-05 0.0928561 0.00105715 6.95839 0.734617 80.4107 10.5663 1107.21 46.5355 1194.58 48.1119 1194.58 48.1119 0.572868 0.00797705 
200 0.24 874800000 574.827 8.57188 -45.3862 0.358961 2347.61 36.4948 8.46362e+06 295002 -0.000203822 0.00158675 0.000718574 0.00153707 0.010962 0.000239375 0.000239883 1.21534e-05 0.0928561 0.00105643 6.95839 0.734617 80.4107 10.5663 1107.21 46.5355 1194.58 48.1119 1194.58 48.1119 0.572868 0.00797705 
200 0.24 875200000 574.827 8.57188 -45.3862 0.358961 2347.61 36.4948 8.46362e+06 295002 -0.000203822 0.00158675 0.000718574 0.00153707 0.010962 0.000239375 0.000239883 1.21534e-05 0.0928561 0.00105643 6.95839 0.734617 80.4107 10.5663 1107.21 46.5355 1194.58 48.1119 1194.58 48.1119 0.572868 0.00797705 
200 0.24 875600000 574.827 8.57188 -45.3862 0.358961 2347.61 36.4948 8.46362e+06 295002 -0.000203822 0.00158675 0.000718574 0.00153707 0.010962 0.000239375 0.000239883 1.21534e-05 0.0928561 0.00105643 6.95839 0.734617 80.4107 10.5663 1107.21 46.5355 1194.58 48.1119 1194.58 48.1119 0.572868 0.00797705 
200 0.24 876000000 574.827 8.57188 -45.3862 0.358961 2347.61 36.4948 8.46362e+06 295002 -0.000203822 0.00158675 0.000718574 0.00153707 0.010962 0.000239375 0.000239883 1.21534e-05 0.0928561 0.00105643 6.95839 0.734617 80.4107 10.5663 1107.21 46.5355 1194.58 48.1119 1194.58 48.1119 0.572868 0.00797705 
200 0.24 876400000 574.827 8.57188 -45.3862 0.358961 2347.61 36.4386 8.46362e+06 294540 -0.000203822 0.00158693 0.000718574 0.00153707 0.010962 0.000239375 0.000239883 1.21534e-05 0.0928561 0.00105643 6.95839 0.734617 80.4107 10.5663 1107.21 46.5355 1194.58 48.1119 1194.58 48.1119 0.572868 0.00797705 
200 0.24 876800000 574.827 8.57188 -45.3862 0.358961 2347.61 36.4386 8.46362e+06 294540 -0.000203822 0.00158693 0.000718574 0.00153707 0.010962 0.000239375 0.000239883 1.21534e-05 0.0928561 0.00105643 6.95839 0.734617 80.4107 10.5663 1107.21 46.5355 1194.58 48.1119 1194.58 48.1119 0.572868 0.00797705 
200 0.24 877200000 574.827 8.57188 -45.3862 0.358961 2347.61 36.4386 8.46362e+06 294540 -0.000203822 0.00158693 0.000718574 0.00153707 0.010962 0.000239375 0.000239883 1.21534e-05 0.0928561 0.00105643 6.95839 0.734617 80.4107 10.5663 1107.21 46.5355 1194.58 48.1119 1194.58 48.1119 0.572868 0.00797705 
200 0.24 877600000 574.827 8.57188 -45.3862 0.358961 2347.61 36.4386 8.46362e+06 294540 -0.000203822 0.00158693 0.000718574 0.00153707 0.010962 0.000239375 0.000239883 1.21534e-05 0.0928561 0.00105643 6.95839 0.734617 80.4107 10.5663 1107.21 46.5355 1194.58 48.1119 1194.58 48.1119 0.572868 0.00797705 
200 0.24 878000000 573.86 8.5462 -45.5046 0.357699 2357.68 36.3731 8.49806e+06 293999 3.15281e-05 0.00158914 0.000981567 0.00153503 0.0110429 0.00023865 0.000241882 1.20711e-05 0.0932218 0.00105296 6.91942 0.715662 81.3464 9.9861 1095.59 46.5355 1183.86 48.1119 1183.86 48.1119 0.57166 0.00797705 
200 0.24 878400000 573.86 8.5462 -45.5046 0.357699 2357.68 36.3731 8.49806e+06 293999 3.15281e-05 0.00158914 0.000981567 0.00153503 0.0110429 0.00023865 0.000241882 1.20711e-05 0.0932218 0.00105296 6.91942 0.715662 81.3464 9.9861 1095.59 46.5355 1183.86 48.1119 1183.86 48.1119 0.57166 0.00797705 
200 0.24 878800000 573.86 8.5462 -45.5046 0.357699 2357.68 36.3731 8.49806e+06 293999 3.15281e-05 0.00158914 0.000981567 0.00153503 0.0110429 0.00023865 0.000241882 1.20711e-05 0.0932218 0.00105296 6.91942 0.715662 81.3464 9.9861 1095.59 46.5355 1183.86 48.1119 1183.86 48.1119 0.57166 0.00797705 
200 0.24 879200000 573.86 8.5462 -45.5046 0.357699 2357.68 36.3731 8.49806e+06 293999 3.15281e-05 0.00158914 0.000981567 0.00153503 0.0110429 0.00023865 0.000241882 1.20711e-05 0.0932218 0.00105296 6.91942 0.715662 81.3464 9.9861 1095.59 46.5355 1183.86 48.1119 1183.86 48.1119 0.57166 0.00797705 
200 0.24 879600000 573.86 8.5462 -45.5046 0.357699 2357.68 36.3313 8.49806e+06 293484 3.15281e-05 0.00159095 0.000981567 0.00153503 0.0110429 0.00023865 0.000241882 1.20711e-05 0.0932218 0.00105296 6.91942 0.714367 81.3464 9.9861 1095.59 46.5355 1183.86 48.1119 1183.86 48.1119 0.57166 0.00797705 
200 0.24 880000000 573.86 8.5462 -45.5046 0.357699 2357.68 36.3313 8.49806e+06 293484 3.15281e-05 0.00159095 0.000981567 0.00153503 0.0110429 0.00023865 0.000241882 1.20711e-05 0.0932218 0.00105296 6.91942 0.714367 81.3464 9.9861 1095.59 46.5355 1183.86 48.1119 1183.86 48.1119 0.57166 0.00797705 
200 0.24 880400000 573.86 8.5462 -45.5046 0.357699 2357.68 36.3313 8.49806e+06 293484 3.15281e-05 0.00159095 0.000981567 0.00153503 0.0110429 0.00023865 0.000241882 1.20711e-05 0.0932218 0.00105296 6.91942 0.714367 81.3464 9.9861 1095.59 46.5355 1183.86 48.1119 1183.86 48.1119 0.57166 0.00797705 
200 0.24 880800000 573.86 8.5462 -45.5046 0.357699 2357.68 36.3313 8.49806e+06 293484 3.15281e-05 0.00159095 0.000981567 0.00153503 0.0110429 0.00023865 0.000241882 1.20711e-05 0.0932218 0.00105296 6.91942 0.714367 81.3464 9.9861 1095.59 46.5355 1183.86 48.1119 1183.86 48.1119 0.57166 0.00797705 
200 0.24 881200000 573.86 8.5462 -45.5046 0.357021 2357.68 36.3151 8.49806e+06 293169 3.15281e-05 0.00159092 0.000981567 0.00153202 0.0110429 0.000237851 0.000241882 1.20711e-05 0.0932218 0.00104912 6.91942 0.713062 81.3464 9.9861 1095.59 46.5355 1183.86 48.1119 1183.86 48.1119 0.57166 0.00797705 
200 0.24 881600000 573.86 8.5462 -45.5046 0.357021 2357.68 36.3151 8.49806e+06 293169 3.15281e-05 0.00159092 0.000981567 0.00153202 0.0110429 0.000237851 0.000241882 1.20711e-05 0.0932218 0.00104912 6.91942 0.713062 81.3464 9.9861 1095.59 46.5355 1183.86 48.1119 1183.86 48.1119 0.57166 0.00797705 
200 0.24 882000000 573.86 8.5462 -45.5046 0.357021 2357.68 36.3151 8.49806e+06 293169 3.15281e-05 0.00159092 0.000981567 0.00153202 0.0110429 0.000237851 0.000241882 1.20711e-05 0.0932218 0.00104912 6.91942 0.713062 81.3464 9.9861 1095.59 46.5355 1183.86 48.1119 1183.86 48.1119 0.57166 0.00797705 
200 0.24 882400000 573.86 8.5462 -45.5046 0.357021 2357.68 36.3151 8.49806e+06 293169 3.15281e-05 0.00159092 0.000981567 0.00153202 0.0110429 0.000237851 0.000241882 1.20711e-05 0.0932218 0.00104912 6.91942 0.713062 81.3464 9.9861 1095.59 46.5355 1183.86 48.1119 1183.86 48.1119 0.57166 0.00797705 
200 0.24 882800000 573.86 8.5462 -45.5046 0.357534 2357.68 36.3715 8.49806e+06 293329 3.15281e-05 0.00158982 0.000981567 0.00153202 0.0110429 0.000237851 0.000241882 1.20711e-05 0.0932218 0.00104912 6.91942 0.711776 81.3464 9.9861 1095.59 46.5355 1183.86 48.1119 1183.86 48.1119 0.57166 0.00797705 
200 0.24 883200000 573.86 8.5462 -45.5046 0.357534 2357.68 36.3715 8.49806e+06 293329 3.15281e-05 0.00158982 0.000981567 0.00153202 0.0110429 0.000237851 0.000241882 1.20711e-05 0.0932218 0.00104912 6.91942 0.711776 81.3464 9.9861 1095.59 46.5355 1183.86 48.1119 1183.86 48.1119 0.57166 0.00797705 
200 0.24 883600000 573.86 8.5462 -45.5046 0.357534 2357.68 36.3715 8.49806e+06 293329 3.15281e-05 0.00158982 0.000981567 0.00153202 0.0110429 0.000237851 0.000241882 1.20711e-05 0.0932218 0.00104912 6.91942 0.711776 81.3464 9.9861 1095.59 46.5355 1183.86 48.1119 1183.86 48.1119 0.57166 0.00797705 
200 0.24 884000000 573.86 8.5462 -45.5046 0.357534 2357.68 36.3715 8.49806e+06 293329 3.15281e-05 0.00158982 0.000981567 0.00153202 0.0110429 0.000237851 0.000241882 1.20711e-05 0.0932218 0.00104912 6.91942 0.711776 81.3464 9.9861 1095.59 46.5355 1183.86 48.1119 1183.86 48.1119 0.57166 0.00797705 
200 0.24 884400000 573.86 8.50012 -45.5046 0.356937 2357.68 36.3062 8.49806e+06 292794 3.15281e-05 0.00159248 0.000981567 0.0015382 0.0110429 0.000238919 0.000241882 1.20732e-05 0.0932218 0.00105099 6.91942 0.711776 81.3464 9.9861 1095.59 46.5355 1183.86 48.1119 1183.86 48.1119 0.57166 0.00797705 
200 0.24 884800000 573.86 8.50012 -45.5046 0.356937 2357.68 36.3062 8.49806e+06 292794 3.15281e-05 0.00159248 0.000981567 0.0015382 0.0110429 0.000238919 0.000241882 1.20732e-05 0.0932218 0.00105099 6.91942 0.711776 81.3464 9.9861 1095.59 46.5355 1183.86 48.1119 1183.86 48.1119 0.57166 0.00797705 
200 0.24 885200000 573.86 8.50012 -45.5046 0.356937 2357.68 36.3062 8.49806e+06 292794 3.15281e-05 0.00159248 0.000981567 0.0015382 0.0110429 0.000238919 0.000241882 1.20732e-05 0.0932218 0.00105099 6.91942 0.711776 81.3464 9.9861 1095.59 46.5355 1183.86 48.1119 1183.86 48.1119 0.57166 0.00797705 
200 0.24 885600000 573.86 8.50012 -45.5046 0.356937 2357.68 36.3062 8.49806e+06 292794 3.15281e-05 0.00159248 0.000981567 0.0015382 0.0110429 0.000238919 0.000241882 1.20732e-05 0.0932218 0.00105099 6.91942 0.711776 81.3464 9.9861 1095.59 46.5355 1183.86 48.1119 1183.86 48.1119 0.57166 0.00797705 
200 0.24 886000000 573.86 8.50012 -45.5046 0.356294 2357.68 36.2456 8.49806e+06 292358 3.15281e-05 0.00158959 0.000981567 0.0015382 0.0110429 0.000238919 0.000241882 1.20732e-05 0.0932218 0.00105099 6.91942 0.711776 81.3464 9.9861 1095.59 46.5355 1183.86 48.1119 1183.86 48.1119 0.57166 0.00797705 
200 0.24 886400000 573.86 8.50012 -45.5046 0.356294 2357.68 36.2456 8.49806e+06 292358 3.15281e-05 0.00158959 0.000981567 0.0015382 0.0110429 0.000238919 0.000241882 1.20732e-05 0.0932218 0.00105099 6.91942 0.711776 81.3464 9.9861 1095.59 46.5355 1183.86 48.1119 1183.86 48.1119 0.57166 0.00797705 
200 0.24 886800000 573.86 8.50012 -45.5046 0.356294 2357.68 36.2456 8.49806e+06 292358 3.15281e-05 0.00158959 0.000981567 0.0015382 0.0110429 0.000238919 0.000241882 1.20732e-05 0.0932218 0.00105099 6.91942 0.711776 81.3464 9.9861 1095.59 46.5355 1183.86 48.1119 1183.86 48.1119 0.57166 0.00797705 
200 0.24 887200000 573.86 8.50012 -45.5046 0.356294 2357.68 36.2456 8.49806e+06 292358 3.15281e-05 0.00158959 0.000981567 0.0015382 0.0110429 0.000238919 0.000241882 1.20732e-05 0.0932218 0.00105099 6.91942 0.711776 81.3464 9.9861 1095.59 46.5355 1183.86 48.1119 1183.86 48.1119 0.57166 0.00797705 
200 0.24 887600000 573.86 8.50012 -45.5046 0.356372 2357.68 36.2323 8.49806e+06 292015 3.15281e-05 0.00158889 0.000981567 0.00153276 0.0110429 0.000239107 0.000241882 1.20732e-05 0.0932218 0.00105173 6.91942 0.711776 81.3464 9.9861 1095.59 46.5355 1183.86 48.1119 1183.86 48.1119 0.57166 0.00797705 
200 0.24 888000000 573.86 8.50012 -45.5046 0.356372 2357.68 36.2323 8.49806e+06 292015 3.15281e-05 0.00158889 0.000981567 0.00153276 0.0110429 0.000239107 0.000241882 1.20732e-05 0.0932218 0.00105173 6.91942 0.711776 81.3464 9.9861 1095.59 46.5355 1183.86 48.1119 1183.86 48.1119 0.57166 0.00797705 
200 0.24 888400000 573.86 8.50012 -45.5046 0.356372 2357.68 36.2323 8.49806e+06 292015 3.15281e-05 0.00158889 0.000981567 0.00153276 0.0110429 0.000239107 0.000241882 1.20732e-05 0.0932218 0.00105173 6.91942 0.711776 81.3464 9.9861 1095.59 46.5355 1183.86 48.1119 1183.86 48.1119 0.57166 0.00797705 
200 0.24 888800000 573.86 8.50012 -45.5046 0.356372 2357.68 36.2323 8.49806e+06 292015 3.15281e-05 0.00158889 0.000981567 0.00153276 0.0110429 0.000239107 0.000241882 1.20732e-05 0.0932218 0.00105173 6.91942 0.711776 81.3464 9.9861 1095.59 46.5355 1183.86 48.1119 1183.86 48.1119 0.57166 0.00797705 
200 0.24 889200000 573.86 8.50012 -45.5046 0.356287 2357.68 36.1971 8.49806e+06 291546 3.15281e-05 0.00158609 0.000981567 0.00153276 0.0110429 0.000239107 0.000241882 1.20732e-05 0.0932218 0.00105173 6.91942 0.711776 81.3464 9.9861 1095.59 46.5355 1183.86 48.1119 1183.86 48.1119 0.57166 0.00797705 
200 0.24 889600000 573.86 8.50012 -45.5046 0.356287 2357.68 36.1971 8.49806e+06 291546 3.15281e-05 0.00158609 0.000981567 0.00153276 0.0110429 0.000239107 0.000241882 1.20732e-05 0.0932218 0.00105173 6.91942 0.711776 81.3464 9.9861 1095.59 46.5355 1183.86 48.1119 1183.86 48.1119 0.57166 0.00797705 
200 0.24 890000000 573.86 8.50012 -45.5046 0.356287 2357.68 36.1971 8.49806e+06 291546 3.15281e-05 0.00158609 0.000981567 0.00153276 0.0110429 0.000239107 0.000241882 1.20732e-05 0.0932218 0.00105173 6.91942 0.711776 81.3464 9.9861 1095.59 46.5355 1183.86 48.1119 1183.86 48.1119 0.57166 0.00797705 
200 0.24 890400000 573.86 8.50012 -45.5046 0.356287 2357.68 36.1971 8.49806e+06 291546 3.15281e-05 0.00158609 0.000981567 0.00153276 0.0110429 0.000239107 0.000241882 1.20732e-05 0.0932218 0.00105173 6.91942 0.711776 81.3464 9.9861 1095.59 46.5355 1183.86 48.1119 1183.86 48.1119 0.57166 0.00797705 
200 0.24 890800000 573.86 8.50012 -45.5046 0.356102 2357.68 36.161 8.49806e+06 291051 3.15281e-05 0.00158348 0.000981567 0.00153507 0.0110429 0.000238259 0.000241882 1.20366e-05 0.0932218 0.00104793 6.91942 0.711776 81.3464 9.9861 1095.59 46.5355 1183.86 48.1119 1183.86 48.1119 0.57166 0.00797705 
200 0.24 891200000 573.86 8.50012 -45.5046 0.356102 2357.68 36.161 8.49806e+06 291051 3.15281e-05 0.00158348 0.000981567 0.00153507 0.0110429 0.000238259 0.000241882 1.20366e-05 0.0932218 0.00104793 6.91942 0.711776 81.3464 9.9861 1095.59 46.5355 1183.86 48.1119 1183.86 48.1119 0.57166 0.00797705 
200 0.24 891600000 573.86 8.50012 -45.5046 0.356102 2357.68 36.161 8.49806e+06 291051 3.15281e-05 0.00158348 0.000981567 0.00153507 0.0110429 0.000238259 0.000241882 1.20366e-05 0.0932218 0.00104793 6.91942 0.711776 81.3464 9.9861 1095.59 46.5355 1183.86 48.1119 1183.86 48.1119 0.57166 0.00797705 
200 0.24 892000000 573.86 8.50012 -45.5046 0.356102 2357.68 36.161 8.49806e+06 291051 3.15281e-05 0.00158348 0.000981567 0.00153507 0.0110429 0.000238259 0.000241882 1.20366e-05 0.0932218 0.00104793 6.91942 0.711776 81.3464 9.9861 1095.59 46.5355 1183.86 48.1119 1183.86 48.1119 0.57166 0.00797705 
200 0.24 892400000 573.86 8.50012 -45.5046 0.355825 2357.68 36.1295 8.49806e+06 290686 3.15281e-05 0.0015843 0.000981567 0.00153507 0.0110429 0.000238259 0.000241882 1.20366e-05 0.0932218 0.00104793 6.91942 0.711776 81.3464 9.9861 1095.59 46.5355 1183.86 48.1119 1183.86 48.1119 0.57166 0.00797705 
200 0.24 892800000 573.86 8.50012 -45.5046 0.355825 2357.68 36.1295 8.49806e+06 290686 3.15281e-05 0.0015843 0.000981567 0.00153507 0.0110429 0.000238259 0.000241882 1.20366e-05 0.0932218 0.00104793 6.91942 0.711776 81.3464 9.9861 1095.59 46.5355 1183.86 48.1119 1183.86 48.1119 0.57166 0.00797705 
200 0.24 893200000 573.86 8.50012 -45.5046 0.355825 2357.68 36.1295 8.49806e+06 290686 3.15281e-05 0.0015843 0.000981567 0.00153507 0.0110429 0.000238259 0.000241882 1.20366e-05 0.0932218 0.00104793 6.91942 0.711776 81.3464 9.9861 1095.59 46.5355 1183.86 48.1119 1183.86 48.1119 0.57166 0.00797705 
200 0.24 893600000 573.86 8.50012 -45.5046 0.355825 2357.68 36.1295 8.49806e+06 290686 3.15281e-05 0.0015843 0.000981567 0.00153507 0.0110429 0.000238259 0.000241882 1.20366e-05 0.0932218 0.00104793 6.91942 0.711776 81.3464 9.9861 1095.59 46.5355 1183.86 48.1119 1183.86 48.1119 0.57166 0.00797705 
200 0.24 894000000 573.86 8.50012 -45.5046 0.35562 2357.68 36.1056 8.49806e+06 290349 3.15281e-05 0.0015815 0.000981567 0.00152982 0.0110429 0.00023781 0.000241882 1.20366e-05 0.0932218 0.00104463 6.91942 0.711776 81.3464 9.9861 1095.59 46.5355 1183.86 48.1119 1183.86 48.1119 0.57166 0.00797705 
200 0.24 894400000 573.86 8.50012 -45.5046 0.35562 2357.68 36.1056 8.49806e+06 290349 3.15281e-05 0.0015815 0.000981567 0.00152982 0.0110429 0.00023781 0.000241882 1.20366e-05 0.0932218 0.00104463 6.91942 0.711776 81.3464 9.9861 1095.59 46.5355 1183.86 48.1119 1183.86 48.1119 0.57166 0.00797705 
200 0.24 894800000 573.86 8.50012 -45.5046 0.35562 2357.68 36.1056 8.49806e+06 290349 3.15281e-05 0.0015815 0.000981567 0.00152982 0.0110429 0.00023781 0.000241882 1.20366e-05 0.0932218 0.00104463 6.91942 0.711776 81.3464 9.9861 1095.59 46.5355 1183.86 48.1119 1183.86 48.1119 0.57166 0.00797705 
200 0.24 895200000 573.86 8.50012 -45.5046 0.35562 2357.68 36.1056 8.49806e+06 290349 3.15281e-05 0.0015815 0.000981567 0.00152982 0.0110429 0.00023781 0.000241882 1.20366e-05 0.0932218 0.00104463 6.91942 0.711776 81.3464 9.9861 1095.59 46.5355 1183.86 48.1119 1183.86 48.1119 0.57166 0.00797705 
200 0.24 895600000 573.86 8.50012 -45.5046 0.354979 2357.68 36.0407 8.49806e+06 289832 3.15281e-05 0.00158184 0.000981567 0.00152982 0.0110429 0.00023781 0.000241882 1.20366e-05 0.0932218 0.00104463 6.91942 0.711776 81.3464 9.9861 1095.59 46.5355 1183.86 48.1119 1183.86 48.1119 0.57166 0.00797705 
200 0.24 896000000 573.86 8.50012 -45.5046 0.354979 2357.68 36.0407 8.49806e+06 289832 3.15281e-05 0.00158184 0.000981567 0.00152982 0.0110429 0.00023781 0.000241882 1.20366e-05 0.0932218 0.00104463 6.91942 0.711776 81.3464 9.9861 1095.59 46.5355 1183.86 48.1119 1183.86 48.1119 0.57166 0.00797705 
200 0.24 896400000 573.86 8.50012 -45.5046 0.354979 2357.68 36.0407 8.49806e+06 289832 3.15281e-05 0.00158184 0.000981567 0.00152982 0.0110429 0.00023781 0.000241882 1.20366e-05 0.0932218 0.00104463 6.91942 0.711776 81.3464 9.9861 1095.59 46.5355 1183.86 48.1119 1183.86 48.1119 0.57166 0.00797705 
200 0.24 896800000 573.86 8.50012 -45.5046 0.354979 2357.68 36.0407 8.49806e+06 289832 3.15281e-05 0.00158184 0.000981567 0.00152982 0.0110429 0.00023781 0.000241882 1.20366e-05 0.0932218 0.00104463 6.91942 0.711776 81.3464 9.9861 1095.59 46.5355 1183.86 48.1119 1183.86 48.1119 0.57166 0.00797705 
200 0.24 897200000 573.86 8.50012 -45.5046 0.354526 2357.68 35.9831 8.49806e+06 289311 3.15281e-05 0.00157906 0.000981567 0.00152727 0.0110429 0.000236664 0.000241882 1.19741e-05 0.0932218 0.00104121 6.91942 0.711776 81.3464 9.9861 1095.59 46.5355 1183.86 48.1119 1183.86 48.1119 0.57166 0.00797705 
200 0.24 897600000 573.86 8.50012 -45.5046 0.354526 2357.68 35.9831 8.49806e+06 289311 3.15281e-05 0.00157906 0.000981567 0.00152727 0.0110429 0.000236664 0.000241882 1.19741e-05 0.0932218 0.00104121 6.91942 0.711776 81.3464 9.9861 1095.59 46.5355 1183.86 48.1119 1183.86 48.1119 0.57166 0.00797705 
200 0.24 898000000 573.86 8.50012 -45.5046 0.354526 2357.68 35.9831 8.49806e+06 289311 3.15281e-05 0.00157906 0.000981567 0.00152727 0.0110429 0.000236664 0.000241882 1.19741e-05 0.0932218 0.00104121 6.91942 0.711776 81.3464 9.9861 1095.59 46.5355 1183.86 48.1119 1183.86 48.1119 0.57166 0.00797705 
200 0.24 898400000 573.86 8.50012 -45.5046 0.354526 2357.68 35.9831 8.49806e+06 289311 3.15281e-05 0.00157906 0.000981567 0.00152727 0.0110429 0.000236664 0.000241882 1.19741e-05 0.0932218 0.00104121 6.91942 0.711776 81.3464 9.9861 1095.59 46.5355 1183.86 48.1119 1183.86 48.1119 0.57166 0.00797705 
200 0.24 898800000 573.86 8.50012 -45.5046 0.353953 2357.68 35.919 8.49806e+06 288818 3.15281e-05 0.00157783 0.000981567 0.00152727 0.0110429 0.000236664 0.000241882 1.19741e-05 0.0932218 0.00104121 6.91942 0.711776 81.3464 9.9861 1095.59 46.5355 1183.86 48.1119 1183.86 48.1119 0.57166 0.00797705 
200 0.24 899200000 573.86 8.50012 -45.5046 0.353953 2357.68 35.919 8.49806e+06 288818 3.15281e-05 0.00157783 0.000981567 0.00152727 0.0110429 0.000236664 0.000241882 1.19741e-05 0.0932218 0.00104121 6.91942 0.711776 81.3464 9.9861 1095.59 46.5355 1183.86 48.1119 1183.86 48.1119 0.57166 0.00797705 
200 0.24 899600000 573.86 8.50012 -45.5046 0.353953 2357.68 35.919 8.49806e+06 288818 3.15281e-05 0.00157783 0.000981567 0.00152727 0.0110429 0.000236664 0.000241882 1.19741e-05 0.0932218 0.00104121 6.91942 0.711776 81.3464 9.9861 1095.59 46.5355 1183.86 48.1119 1183.86 48.1119 0.57166 0.00797705 
200 0.24 900000000 573.86 8.50012 -45.5046 0.353953 2357.68 35.919 8.49806e+06 288818 3.15281e-05 0.00157783 0.000981567 0.00152727 0.0110429 0.000236664 0.000241882 1.19741e-05 0.0932218 0.00104121 6.91942 0.711776 81.3464 9.9861 1095.59 46.5355 1183.86 48.1119 1183.86 48.1119 0.57166 0.00797705 
200 0.24 900400000 573.86 8.50012 -45.5046 0.35332 2357.68 35.8571 8.49806e+06 288362 3.15281e-05 0.00157586 0.000981567 0.00152186 0.0110429 0.000236245 0.000241882 1.19741e-05 0.0932218 0.00103772 6.91942 0.711776 81.3464 9.9861 1095.59 46.5355 1183.86 48.1119 1183.86 48.1119 0.57166 0.00797705 
200 0.24 900800000 573.86 8.50012 -45.5046 0.35332 2357.68 35.8571 8.49806e+06 288362 3.15281e-05 0.00157586 0.000981567 0.00152186 0.0110429 0.000236245 0.000241882 1.19741e-05 0.0932218 0.00103772 6.91942 0.711776 81.3464 9.9861 1095.59 46.5355 1183.86 48.1119 1183.86 48.1119 0.57166 0.00797705 
200 0.24 901200000 573.86 8.50012 -45.5046 0.35332 2357.68 35.8571 8.49806e+06 288362 3.15281e-05 0.00157586 0.000981567 0.00152186 0.0110429 0.000236245 0.000241882 1.19741e-05 0.0932218 0.00103772 6.91942 0.711776 81.3464 9.9861 1095.59 46.5355 1183.86 48.1119 1183.86 48.1119 0.57166 0.00797705 
200 0.24 901600000 573.86 8.50012 -45.5046 0.35332 2357.68 35.8571 8.49806e+06 288362 3.15281e-05 0.00157586 0.000981567 0.00152186 0.0110429 0.000236245 0.000241882 1.19741e-05 0.0932218 0.00103772 6.91942 0.711776 81.3464 9.9861 1095.59 46.5355 1183.86 48.1119 1183.86 48.1119 0.57166 0.00797705 
200 0.24 902000000 573.86 8.50012 -45.5046 0.353501 2357.68 35.8632 8.49806e+06 288054 3.15281e-05 0.00157393 0.000981567 0.00152186 0.0110429 0.000236245 0.000241882 1.19741e-05 0.0932218 0.00103772 6.91942 0.711776 81.3464 9.9861 1095.59 46.5355 1183.86 48.1119 1183.86 48.1119 0.57166 0.00797705 
200 0.24 902400000 573.86 8.50012 -45.5046 0.353501 2357.68 35.8632 8.49806e+06 288054 3.15281e-05 0.00157393 0.000981567 0.00152186 0.0110429 0.000236245 0.000241882 1.19741e-05 0.0932218 0.00103772 6.91942 0.711776 81.3464 9.9861 1095.59 46.5355 1183.86 48.1119 1183.86 48.1119 0.57166 0.00797705 
200 0.24 902800000 573.86 8.50012 -45.5046 0.353501 2357.68 35.8632 8.49806e+06 288054 3.15281e-05 0.00157393 0.000981567 0.00152186 0.0110429 0.000236245 0.000241882 1.19741e-05 0.0932218 0.00103772 6.91942 0.711776 81.3464 9.9861 1095.59 46.5355 1183.86 48.1119 1183.86 48.1119 0.57166 0.00797705 
200 0.24 903200000 573.86 8.50012 -45.5046 0.353501 2357.68 35.8632 8.49806e+06 288054 3.15281e-05 0.00157393 0.000981567 0.00152186 0.0110429 0.000236245 0.000241882 1.19741e-05 0.0932218 0.00103772 6.91942 0.711776 81.3464 9.9861 1095.59 46.5355 1183.86 48.1119 1183.86 48.1119 0.57166 0.00797705 
200 0.24 903600000 573.86 8.50012 -45.5046 0.352891 2357.68 35.7993 8.49806e+06 287553 3.15281e-05 0.00157371 0.000981567 0.00152276 0.0110429 0.000235151 0.000241882 1.18928e-05 0.0932218 0.00103438 6.91942 0.69555 81.3464 9.9861 1095.59 46.5355 1183.86 48.1119 1183.86 48.1119 0.57166 0.00797705 
200 0.24 904000000 573.86 8.50012 -45.5046 0.352891 2357.68 35.7993 8.49806e+06 287553 3.15281e-05 0.00157371 0.000981567 0.00152276 0.0110429 0.000235151 0.000241882 1.18928e-05 0.0932218 0.00103438 6.91942 0.69555 81.3464 9.9861 1095.59 46.5355 1183.86 48.1119 1183.86 48.1119 0.57166 0.00797705 
200 0.24 904400000 573.86 8.50012 -45.5046 0.352891 2357.68 35.7993 8.49806e+06 287553 3.15281e-05 0.00157371 0.000981567 0.00152276 0.0110429 0.000235151 0.000241882 1.18928e-05 0.0932218 0.00103438 6.91942 0.69555 81.3464 9.9861 1095.59 46.5355 1183.86 48.1119 1183.86 48.1119 0.57166 0.00797705 
200 0.24 904800000 573.86 8.50012 -45.5046 0.352891 2357.68 35.7993 8.49806e+06 287553 3.15281e-05 0.00157371 0.000981567 0.00152276 0.0110429 0.000235151 0.000241882 1.18928e-05 0.0932218 0.00103438 6.91942 0.69555 81.3464 9.9861 1095.59 46.5355 1183.86 48.1119 1183.86 48.1119 0.57166 0.00797705 
200 0.24 905200000 573.86 8.50012 -45.5046 0.353752 2357.68 35.8914 8.49806e+06 287874 3.15281e-05 0.00157109 0.000981567 0.00152276 0.0110429 0.000235151 0.000241882 1.18928e-05 0.0932218 0.00103438 6.91942 0.69533 81.3464 9.9861 1095.59 46.5355 1183.86 48.1119 1183.86 48.1119 0.57166 0.00797705 
200 0.24 905600000 573.86 8.50012 -45.5046 0.353752 2357.68 35.8914 8.49806e+06 287874 3.15281e-05 0.00157109 0.000981567 0.00152276 0.0110429 0.000235151 0.000241882 1.18928e-05 0.0932218 0.00103438 6.91942 0.69533 81.3464 9.9861 1095.59 46.5355 1183.86 48.1119 1183.86 48.1119 0.57166 0.00797705 
200 0.24 906000000 573.86 8.50012 -45.5046 0.353752 2357.68 35.8914 8.49806e+06 287874 3.15281e-05 0.00157109 0.000981567 0.00152276 0.0110429 0.000235151 0.000241882 1.18928e-05 0.0932218 0.00103438 6.91942 0.69533 81.3464 9.9861 1095.59 46.5355 1183.86 48.1119 1183.86 48.1119 0.57166 0.00797705 
200 0.24 906400000 573.86 8.50012 -45.5046 0.353752 2357.68 35.8914 8.49806e+06 287874 3.15281e-05 0.00157109 0.000981567 0.00152276 0.0110429 0.000235151 0.000241882 1.18928e-05 0.0932218 0.00103438 6.91942 0.69533 81.3464 9.9861 1095.59 46.5355 1183.86 48.1119 1183.86 48.1119 0.57166 0.00797705 
200 0.24 906800000 573.86 8.50012 -45.5046 0.355849 2357.68 36.0583 8.49806e+06 287686 3.15281e-05 0.00156859 0.000981567 0.00151829 0.0110429 0.000234594 0.000241882 1.18928e-05 0.0932218 0.00103104 6.91942 0.69533 81.3464 9.9861 1095.59 46.5355 1183.86 48.1119 1183.86 48.1119 0.57166 0.00797705 
200 0.24 907200000 573.86 8.50012 -45.5046 0.355849 2357.68 36.0583 8.49806e+06 287686 3.15281e-05 0.00156859 0.000981567 0.00151829 0.0110429 0.000234594 0.000241882 1.18928e-05 0.0932218 0.00103104 6.91942 0.69533 81.3464 9.9861 1095.59 46.5355 1183.86 48.1119 1183.86 48.1119 0.57166 0.00797705 
200 0.24 907600000 573.86 8.50012 -45.5046 0.355849 2357.68 36.0583 8.49806e+06 287686 3.15281e-05 0.00156859 0.000981567 0.00151829 0.0110429 0.000234594 0.000241882 1.18928e-05 0.0932218 0.00103104 6.91942 0.69533 81.3464 9.9861 1095.59 46.5355 1183.86 48.1119 1183.86 48.1119 0.57166 0.00797705 
200 0.24 908000000 573.86 8.50012 -45.5046 0.355849 2357.68 36.0583 8.49806e+06 287686 3.15281e-05 0.00156859 0.000981567 0.00151829 0.0110429 0.000234594 0.000241882 1.18928e-05 0.0932218 0.00103104 6.91942 0.69533 81.3464 9.9861 1095.59 46.5355 1183.86 48.1119 1183.86 48.1119 0.57166 0.00797705 
200 0.24 908400000 573.86 8.50012 -45.5046 0.355849 2357.68 36.0583 8.49806e+06 287298 3.15281e-05 0.00156594 0.000981567 0.00151829 0.0110429 0.000234594 0.000241882 1.18928e-05 0.0932218 0.00103104 6.91942 0.69533 81.3464 9.9861 1095.59 46.5355 1183.86 48.1119 1183.86 48.1119 0.57166 0.00797705 
200 0.24 908800000 573.86 8.50012 -45.5046 0.355849 2357.68 36.0583 8.49806e+06 287298 3.15281e-05 0.00156594 0.000981567 0.00151829 0.0110429 0.000234594 0.000241882 1.18928e-05 0.0932218 0.00103104 6.91942 0.69533 81.3464 9.9861 1095.59 46.5355 1183.86 48.1119 1183.86 48.1119 0.57166 0.00797705 
200 0.24 909200000 573.86 8.50012 -45.5046 0.355849 2357.68 36.0583 8.49806e+06 287298 3.15281e-05 0.00156594 0.000981567 0.00151829 0.0110429 0.000234594 0.000241882 1.18928e-05 0.0932218 0.00103104 6.91942 0.69533 81.3464 9.9861 1095.59 46.5355 1183.86 48.1119 1183.86 48.1119 0.57166 0.00797705 
200 0.24 909600000 573.86 8.50012 -45.5046 0.355849 2357.68 36.0583 8.49806e+06 287298 3.15281e-05 0.00156594 0.000981567 0.00151829 0.0110429 0.000234594 0.000241882 1.18928e-05 0.0932218 0.00103104 6.91942 0.69533 81.3464 9.9861 1095.59 46.5355 1183.86 48.1119 1183.86 48.1119 0.57166 0.00797705 
200 0.24 910000000 573.86 8.50012 -45.5046 0.355995 2357.68 36.0665 8.49806e+06 287021 3.15281e-05 0.00156342 0.000981567 0.00151297 0.0110429 0.000233483 0.000241882 1.1811e-05 0.0932218 0.00102739 6.91942 0.69533 81.3464 9.9861 1095.59 46.5355 1183.86 48.1119 1183.86 48.1119 0.57166 0.00797705 
200 0.24 910400000 573.86 8.50012 -45.5046 0.355995 2357.68 36.0665 8.49806e+06 287021 3.15281e-05 0.00156342 0.000981567 0.00151297 0.0110429 0.000233483 0.000241882 1.1811e-05 0.0932218 0.00102739 6.91942 0.69533 81.3464 9.9861 1095.59 46.5355 1183.86 48.1119 1183.86 48.1119 0.57166 0.00797705 
200 0.24 910800000 573.86 8.50012 -45.5046 0.355995 2357.68 36.0665 8.49806e+06 287021 3.15281e-05 0.00156342 0.000981567 0.00151297 0.0110429 0.000233483 0.000241882 1.1811e-05 0.0932218 0.00102739 6.91942 0.69533 81.3464 9.9861 1095.59 46.5355 1183.86 48.1119 1183.86 48.1119 0.57166 0.00797705 
200 0.24 911200000 573.86 8.50012 -45.5046 0.355995 2357.68 36.0665 8.49806e+06 287021 3.15281e-05 0.00156342 0.000981567 0.00151297 0.0110429 0.000233483 0.000241882 1.1811e-05 0.0932218 0.00102739 6.91942 0.69533 81.3464 9.9861 1095.59 46.5355 1183.86 48.1119 1183.86 48.1119 0.57166 0.00797705 
200 0.24 911600000 573.86 8.50012 -45.5046 0.355995 2357.68 36.0665 8.49806e+06 286781 3.15281e-05 0.00156066 0.000981567 0.00151297 0.0110429 0.000233483 0.000241882 1.1811e-05 0.0932218 0.00102739 6.91942 0.69533 81.3464 9.9861 1095.59 46.5355 1183.86 48.1119 1183.86 48.1119 0.57166 0.00797705 
200 0.24 912000000 573.86 8.50012 -45.5046 0.355995 2357.68 36.0665 8.49806e+06 286781 3.15281e-05 0.00156066 0.000981567 0.00151297 0.0110429 0.000233483 0.000241882 1.1811e-05 0.0932218 0.00102739 6.91942 0.69533 81.3464 9.9861 1095.59 46.5355 1183.86 48.1119 1183.86 48.1119 0.57166 0.00797705 
200 0.24 912400000 573.86 8.50012 -45.5046 0.355995 2357.68 36.0665 8.49806e+06 286781 3.15281e-05 0.00156066 0.000981567 0.00151297 0.0110429 0.000233483 0.000241882 1.1811e-05 0.0932218 0.00102739 6.91942 0.69533 81.3464 9.9861 1095.59 46.5355 1183.86 48.1119 1183.86 48.1119 0.57166 0.00797705 
200 0.24 912800000 573.86 8.50012 -45.5046 0.355995 2357.68 36.0665 8.49806e+06 286781 3.15281e-05 0.00156066 0.000981567 0.00151297 0.0110429 0.000233483 0.000241882 1.1811e-05 0.0932218 0.00102739 6.91942 0.69533 81.3464 9.9861 1095.59 46.5355 1183.86 48.1119 1183.86 48.1119 0.57166 0.00797705 
200 0.24 913200000 573.86 8.50012 -45.5046 0.357123 2357.68 36.1676 8.49806e+06 286515 3.15281e-05 0.00155799 0.000981567 0.00152171 0.0110429 0.000233074 0.000241882 1.1811e-05 0.0932218 0.00102538 6.91942 0.69533 81.3464 9.9861 1095.59 46.5355 1183.86 48.1119 1183.86 48.1119 0.57166 0.00797705 
200 0.24 913600000 573.86 8.50012 -45.5046 0.357123 2357.68 36.1676 8.49806e+06 286515 3.15281e-05 0.00155799 0.000981567 0.00152171 0.0110429 0.000233074 0.000241882 1.1811e-05 0.0932218 0.00102538 6.91942 0.69533 81.3464 9.9861 1095.59 46.5355 1183.86 48.1119 1183.86 48.1119 0.57166 0.00797705 
200 0.24 914000000 573.86 8.50012 -45.5046 0.357123 2357.68 36.1676 8.49806e+06 286515 3.15281e-05 0.00155799 0.000981567 0.00152171 0.0110429 0.000233074 0.000241882 1.1811e-05 0.0932218 0.00102538 6.91942 0.69533 81.3464 9.9861 1095.59 46.5355 1183.86 48.1119 1183.86 48.1119 0.57166 0.00797705 
200 0.24 914400000 573.86 8.50012 -45.5046 0.357123 2357.68 36.1676 8.49806e+06 286515 3.15281e-05 0.00155799 0.000981567 0.00152171 0.0110429 0.000233074 0.000241882 1.1811e-05 0.0932218 0.00102538 6.91942 0.69533 81.3464 9.9861 1095.59 46.5355 1183.86 48.1119 1183.86 48.1119 0.57166 0.00797705 
200 0.24 914800000 573.86 8.50012 -45.5046 0.357123 2357.68 36.1676 8.49806e+06 286066 3.15281e-05 0.00155659 0.000981567 0.00152171 0.0110429 0.000233074 0.000241882 1.1811e-05 0.0932218 0.00102538 6.91942 0.69533 81.3464 9.9861 1095.59 46.5355 1183.86 48.1119 1183.86 48.1119 0.57166 0.00797705 
200 0.24 915200000 573.86 8.50012 -45.5046 0.357123 2357.68 36.1676 8.49806e+06 286066 3.15281e-05 0.00155659 0.000981567 0.00152171 0.0110429 0.000233074 0.000241882 1.1811e-05 0.0932218 0.00102538 6.91942 0.69533 81.3464 9.9861 1095.59 46.5355 1183.86 48.1119 1183.86 48.1119 0.57166 0.00797705 
200 0.24 915600000 573.86 8.50012 -45.5046 0.357123 2357.68 36.1676 8.49806e+06 286066 3.15281e-05 0.00155659 0.000981567 0.00152171 0.0110429 0.000233074 0.000241882 1.1811e-05 0.0932218 0.00102538 6.91942 0.69533 81.3464 9.9861 1095.59 46.5355 1183.86 48.1119 1183.86 48.1119 0.57166 0.00797705 
200 0.24 916000000 573.86 8.50012 -45.5046 0.357123 2357.68 36.1676 8.49806e+06 286066 3.15281e-05 0.00155659 0.000981567 0.00152171 0.0110429 0.000233074 0.000241882 1.1811e-05 0.0932218 0.00102538 6.91942 0.69533 81.3464 9.9861 1095.59 46.5355 1183.86 48.1119 1183.86 48.1119 0.57166 0.00797705 
200 0.24 916400000 573.86 8.50012 -45.5046 0.357616 2357.68 36.171 8.49806e+06 285642 3.15281e-05 0.00155767 0.000981567 0.00152316 0.0110429 0.000236866 0.000241882 1.21124e-05 0.0932218 0.00102908 6.91942 0.76972 81.3464 9.9861 1095.59 46.5355 1183.86 48.1119 1183.86 48.1119 0.57166 0.00797705 
200 0.24 916800000 573.86 8.50012 -45.5046 0.357616 2357.68 36.171 8.49806e+06 285642 3.15281e-05 0.00155767 0.000981567 0.00152316 0.0110429 0.000236866 0.000241882 1.21124e-05 0.0932218 0.00102908 6.91942 0.76972 81.3464 9.9861 1095.59 46.5355 1183.86 48.1119 1183.86 48.1119 0.57166 0.00797705 
200 0.24 917200000 573.86 8.50012 -45.5046 0.357616 2357.68 36.171 8.49806e+06 285642 3.15281e-05 0.00155767 0.000981567 0.00152316 0.0110429 0.000236866 0.000241882 1.21124e-05 0.0932218 0.00102908 6.91942 0.76972 81.3464 9.9861 1095.59 46.5355 1183.86 48.1119 1183.86 48.1119 0.57166 0.00797705 
200 0.24 917600000 573.86 8.50012 -45.5046 0.357616 2357.68 36.171 8.49806e+06 285642 3.15281e-05 0.00155767 0.000981567 0.00152316 0.0110429 0.000236866 0.000241882 1.21124e-05 0.0932218 0.00102908 6.91942 0.76972 81.3464 9.9861 1095.59 46.5355 1183.86 48.1119 1183.86 48.1119 0.57166 0.00797705 
200 0.24 918000000 573.86 8.50012 -45.5046 0.357616 2357.68 36.171 8.49806e+06 286436 3.15281e-05 0.00155493 0.000981567 0.00152316 0.0110429 0.000236866 0.000241882 1.21124e-05 0.0932218 0.00102908 6.91942 0.768368 81.3464 9.9861 1095.59 46.5355 1183.86 48.1119 1183.86 48.1119 0.57166 0.00797705 
200 0.24 918400000 573.86 8.50012 -45.5046 0.357616 2357.68 36.171 8.49806e+06 286436 3.15281e-05 0.00155493 0.000981567 0.00152316 0.0110429 0.000236866 0.000241882 1.21124e-05 0.0932218 0.00102908 6.91942 0.768368 81.3464 9.9861 1095.59 46.5355 1183.86 48.1119 1183.86 48.1119 0.57166 0.00797705 
200 0.24 918800000 573.86 8.50012 -45.5046 0.357616 2357.68 36.171 8.49806e+06 286436 3.15281e-05 0.00155493 0.000981567 0.00152316 0.0110429 0.000236866 0.000241882 1.21124e-05 0.0932218 0.00102908 6.91942 0.768368 81.3464 9.9861 1095.59 46.5355 1183.86 48.1119 1183.86 48.1119 0.57166 0.00797705 
200 0.24 919200000 573.86 8.50012 -45.5046 0.357616 2357.68 36.171 8.49806e+06 286436 3.15281e-05 0.00155493 0.000981567 0.00152316 0.0110429 0.000236866 0.000241882 1.21124e-05 0.0932218 0.00102908 6.91942 0.768368 81.3464 9.9861 1095.59 46.5355 1183.86 48.1119 1183.86 48.1119 0.57166 0.00797705 
200 0.24 919600000 573.86 8.50012 -45.5046 0.358228 2357.68 36.2559 8.49806e+06 285938 3.15281e-05 0.00155272 0.000981567 0.00151819 0.0110429 0.000236866 0.000241882 1.21124e-05 0.0932218 0.00102746 6.91942 0.767031 81.3464 9.9861 1095.59 46.5355 1183.86 48.1119 1183.86 48.1119 0.57166 0.00797705 
200 0.24 920000000 573.86 8.50012 -45.5046 0.358228 2357.68 36.2559 8.49806e+06 285938 3.15281e-05 0.00155272 0.000981567 0.00151819 0.0110429 0.000236866 0.000241882 1.21124e-05 0.0932218 0.00102746 6.91942 0.767031 81.3464 9.9861 1095.59 46.5355 1183.86 48.1119 1183.86 48.1119 0.57166 0.00797705 
200 0.24 920400000 573.86 8.50012 -45.5046 0.358228 2357.68 36.2559 8.49806e+06 285938 3.15281e-05 0.00155272 0.000981567 0.00151819 0.0110429 0.000236866 0.000241882 1.21124e-05 0.0932218 0.00102746 6.91942 0.767031 81.3464 9.9861 1095.59 46.5355 1183.86 48.1119 1183.86 48.1119 0.57166 0.00797705 
200 0.24 920800000 573.86 8.50012 -45.5046 0.358228 2357.68 36.2559 8.49806e+06 285938 3.15281e-05 0.00155272 0.000981567 0.00151819 0.0110429 0.000236866 0.000241882 1.21124e-05 0.0932218 0.00102746 6.91942 0.767031 81.3464 9.9861 1095.59 46.5355 1183.86 48.1119 1183.86 48.1119 0.57166 0.00797705 
200 0.24 921200000 573.86 8.50012 -45.5046 0.358228 2357.68 36.2559 8.49806e+06 285654 3.15281e-05 0.00155783 0.000981567 0.00151819 0.0110429 0.000236866 0.000241882 1.21124e-05 0.0932218 0.00102746 6.91942 0.765708 81.3464 9.9861 1095.59 46.5355 1183.86 48.1119 1183.86 48.1119 0.57166 0.00797705 
200 0.24 921600000 573.86 8.50012 -45.5046 0.358228 2357.68 36.2559 8.49806e+06 285654 3.15281e-05 0.00155783 0.000981567 0.00151819 0.0110429 0.000236866 0.000241882 1.21124e-05 0.0932218 0.00102746 6.91942 0.765708 81.3464 9.9861 1095.59 46.5355 1183.86 48.1119 1183.86 48.1119 0.57166 0.00797705 
200 0.24 922000000 573.86 8.50012 -45.5046 0.358228 2357.68 36.2559 8.49806e+06 285654 3.15281e-05 0.00155783 0.000981567 0.00151819 0.0110429 0.000236866 0.000241882 1.21124e-05 0.0932218 0.00102746 6.91942 0.765708 81.3464 9.9861 1095.59 46.5355 1183.86 48.1119 1183.86 48.1119 0.57166 0.00797705 
200 0.24 922400000 573.86 8.50012 -45.5046 0.358228 2357.68 36.2559 8.49806e+06 285654 3.15281e-05 0.00155783 0.000981567 0.00151819 0.0110429 0.000236866 0.000241882 1.21124e-05 0.0932218 0.00102746 6.91942 0.765708 81.3464 9.9861 1095.59 46.5355 1183.86 48.1119 1183.86 48.1119 0.57166 0.00797705 
200 0.24 922800000 573.86 8.50012 -45.5046 0.357201 2357.68 36.1364 8.49806e+06 285375 3.15281e-05 0.00155511 0.000981567 0.00151292 0.0110429 0.000235253 0.000241882 1.20311e-05 0.0932218 0.00102277 6.91942 0.764382 81.3464 9.9861 1095.59 46.5355 1183.86 48.1119 1183.86 48.1119 0.57166 0.00797705 
200 0.24 923200000 573.86 8.50012 -45.5046 0.357201 2357.68 36.1364 8.49806e+06 285375 3.15281e-05 0.00155511 0.000981567 0.00151292 0.0110429 0.000235253 0.000241882 1.20311e-05 0.0932218 0.00102277 6.91942 0.764382 81.3464 9.9861 1095.59 46.5355 1183.86 48.1119 1183.86 48.1119 0.57166 0.00797705 
200 0.24 923600000 573.86 8.50012 -45.5046 0.357201 2357.68 36.1364 8.49806e+06 285375 3.15281e-05 0.00155511 0.000981567 0.00151292 0.0110429 0.000235253 0.000241882 1.20311e-05 0.0932218 0.00102277 6.91942 0.764382 81.3464 9.9861 1095.59 46.5355 1183.86 48.1119 1183.86 48.1119 0.57166 0.00797705 
200 0.24 924000000 573.86 8.50012 -45.5046 0.357201 2357.68 36.1364 8.49806e+06 285375 3.15281e-05 0.00155511 0.000981567 0.00151292 0.0110429 0.000235253 0.000241882 1.20311e-05 0.0932218 0.00102277 6.91942 0.764382 81.3464 9.9861 1095.59 46.5355 1183.86 48.1119 1183.86 48.1119 0.57166 0.00797705 
200 0.24 924400000 573.86 8.50012 -45.5046 0.357201 2357.68 36.1364 8.49806e+06 285039 3.15281e-05 0.00155241 0.000981567 0.00151292 0.0110429 0.000235253 0.000241882 1.20311e-05 0.0932218 0.00102277 6.91942 0.763061 81.3464 9.9861 1095.59 46.5355 1183.86 48.1119 1183.86 48.1119 0.57166 0.00797705 
200 0.24 924800000 573.86 8.50012 -45.5046 0.357201 2357.68 36.1364 8.49806e+06 285039 3.15281e-05 0.00155241 0.000981567 0.00151292 0.0110429 0.000235253 0.000241882 1.20311e-05 0.0932218 0.00102277 6.91942 0.763061 81.3464 9.9861 1095.59 46.5355 1183.86 48.1119 1183.86 48.1119 0.57166 0.00797705 
200 0.24 925200000 573.86 8.50012 -45.5046 0.357201 2357.68 36.1364 8.49806e+06 285039 3.15281e-05 0.00155241 0.000981567 0.00151292 0.0110429 0.000235253 0.000241882 1.20311e-05 0.0932218 0.00102277 6.91942 0.763061 81.3464 9.9861 1095.59 46.5355 1183.86 48.1119 1183.86 48.1119 0.57166 0.00797705 
200 0.24 925600000 573.86 8.50012 -45.5046 0.357201 2357.68 36.1364 8.49806e+06 285039 3.15281e-05 0.00155241 0.000981567 0.00151292 0.0110429 0.000235253 0.000241882 1.20311e-05 0.0932218 0.00102277 6.91942 0.763061 81.3464 9.9861 1095.59 46.5355 1183.86 48.1119 1183.86 48.1119 0.57166 0.00797705 
200 0.24 926000000 573.86 8.50012 -45.5046 0.355963 2357.68 36.0141 8.49806e+06 284921 3.15281e-05 0.00155046 0.000981567 0.00150773 0.0110429 0.000235253 0.000241882 1.20311e-05 0.0932218 0.00102491 6.91942 0.761748 81.3464 9.9861 1095.59 46.5355 1183.86 48.1119 1183.86 48.1119 0.57166 0.00797705 
200 0.24 926400000 573.86 8.50012 -45.5046 0.355963 2357.68 36.0141 8.49806e+06 284921 3.15281e-05 0.00155046 0.000981567 0.00150773 0.0110429 0.000235253 0.000241882 1.20311e-05 0.0932218 0.00102491 6.91942 0.761748 81.3464 9.9861 1095.59 46.5355 1183.86 48.1119 1183.86 48.1119 0.57166 0.00797705 
200 0.24 926800000 573.86 8.50012 -45.5046 0.355963 2357.68 36.0141 8.49806e+06 284921 3.15281e-05 0.00155046 0.000981567 0.00150773 0.0110429 0.000235253 0.000241882 1.20311e-05 0.0932218 0.00102491 6.91942 0.761748 81.3464 9.9861 1095.59 46.5355 1183.86 48.1119 1183.86 48.1119 0.57166 0.00797705 
200 0.24 927200000 573.86 8.50012 -45.5046 0.355963 2357.68 36.0141 8.49806e+06 284921 3.15281e-05 0.00155046 0.000981567 0.00150773 0.0110429 0.000235253 0.000241882 1.20311e-05 0.0932218 0.00102491 6.91942 0.761748 81.3464 9.9861 1095.59 46.5355 1183.86 48.1119 1183.86 48.1119 0.57166 0.00797705 
200 0.24 927600000 573.86 8.50012 -45.5046 0.355963 2357.68 36.0141 8.49806e+06 284921 3.15281e-05 0.00155472 0.000981567 0.00150773 0.0110429 0.000235253 0.000241882 1.20311e-05 0.0932218 0.00102491 6.91942 0.760426 81.3464 9.9861 1095.59 46.5355 1183.86 48.1119 1183.86 48.1119 0.57166 0.00797705 
200 0.24 928000000 573.86 8.50012 -45.5046 0.355963 2357.68 36.0141 8.49806e+06 284921 3.15281e-05 0.00155472 0.000981567 0.00150773 0.0110429 0.000235253 0.000241882 1.20311e-05 0.0932218 0.00102491 6.91942 0.760426 81.3464 9.9861 1095.59 46.5355 1183.86 48.1119 1183.86 48.1119 0.57166 0.00797705 
200 0.24 928400000 573.86 8.50012 -45.5046 0.355963 2357.68 36.0141 8.49806e+06 284921 3.15281e-05 0.00155472 0.000981567 0.00150773 0.0110429 0.000235253 0.000241882 1.20311e-05 0.0932218 0.00102491 6.91942 0.760426 81.3464 9.9861 1095.59 46.5355 1183.86 48.1119 1183.86 48.1119 0.57166 0.00797705 
200 0.24 928800000 573.86 8.50012 -45.5046 0.355963 2357.68 36.0141 8.49806e+06 284921 3.15281e-05 0.00155472 0.000981567 0.00150773 0.0110429 0.000235253 0.000241882 1.20311e-05 0.0932218 0.00102491 6.91942 0.760426 81.3464 9.9861 1095.59 46.5355 1183.86 48.1119 1183.86 48.1119 0.57166 0.00797705 
200 0.24 929200000 572.549 8.19905 -45.5484 0.354765 2359.98 35.9081 8.47704e+06 283739 0.000424425 0.00155929 0.00121327 0.00150317 0.0111149 0.000235684 0.000244289 1.19631e-05 0.0935817 0.00102441 7.22837 0.759115 82.0034 9.4529 1087.31 45.4209 1176.54 46.0232 1176.54 46.0232 0.569712 0.00768959 
200 0.24 929600000 572.549 8.19905 -45.5484 0.354765 2359.98 35.9081 8.47704e+06 283739 0.000424425 0.00155929 0.00121327 0.00150317 0.0111149 0.000235684 0.000244289 1.19631e-05 0.0935817 0.00102441 7.22837 0.759115 82.0034 9.4529 1087.31 45.4209 1176.54 46.0232 1176.54 46.0232 0.569712 0.00768959 
200 0.24 930000000 572.549 8.19905 -45.5484 0.354765 2359.98 35.9081 8.47704e+06 283739 0.000424425 0.00155929 0.00121327 0.00150317 0.0111149 0.000235684 0.000244289 1.19631e-05 0.0935817 0.00102441 7.22837 0.759115 82.0034 9.4529 1087.31 45.4209 1176.54 46.0232 1176.54 46.0232 0.569712 0.00768959 
200 0.24 930400000 572.549 8.19905 -45.5484 0.354765 2359.98 35.9081 8.47704e+06 283739 0.000424425 0.00155929 0.00121327 0.00150317 0.0111149 0.000235684 0.000244289 1.19631e-05 0.0935817 0.00102441 7.22837 0.759115 82.0034 9.4529 1087.31 45.4209 1176.54 46.0232 1176.54 46.0232 0.569712 0.00768959 
200 0.24 930800000 572.549 8.19905 -45.5484 0.354765 2359.98 35.9081 8.47704e+06 283299 0.000424425 0.00155929 0.00121327 0.00150317 0.0111149 0.000235684 0.000244289 1.19631e-05 0.0935817 0.00102441 7.22837 0.757806 82.0034 9.4529 1087.31 45.4209 1176.54 46.0232 1176.54 46.0232 0.569712 0.00768959 
200 0.24 931200000 572.549 8.19905 -45.5484 0.354765 2359.98 35.9081 8.47704e+06 283299 0.000424425 0.00155929 0.00121327 0.00150317 0.0111149 0.000235684 0.000244289 1.19631e-05 0.0935817 0.00102441 7.22837 0.757806 82.0034 9.4529 1087.31 45.4209 1176.54 46.0232 1176.54 46.0232 0.569712 0.00768959 
200 0.24 931600000 572.549 8.19905 -45.5484 0.354765 2359.98 35.9081 8.47704e+06 283299 0.000424425 0.00155929 0.00121327 0.00150317 0.0111149 0.000235684 0.000244289 1.19631e-05 0.0935817 0.00102441 7.22837 0.757806 82.0034 9.4529 1087.31 45.4209 1176.54 46.0232 1176.54 46.0232 0.569712 0.00768959 
200 0.24 932000000 572.549 8.19905 -45.5484 0.354765 2359.98 35.9081 8.47704e+06 283299 0.000424425 0.00155929 0.00121327 0.00150317 0.0111149 0.000235684 0.000244289 1.19631e-05 0.0935817 0.00102441 7.22837 0.757806 82.0034 9.4529 1087.31 45.4209 1176.54 46.0232 1176.54 46.0232 0.569712 0.00768959 
200 0.24 932400000 572.549 8.19905 -45.5484 0.353598 2359.98 35.8084 8.47704e+06 282925 0.000424425 0.00155929 0.00121327 0.00149836 0.0111149 0.000235684 0.000244289 1.19631e-05 0.0935817 0.00102441 7.22837 0.756508 82.0034 9.4529 1087.31 45.4209 1176.54 46.0232 1176.54 46.0232 0.569712 0.00768959 
200 0.24 932800000 572.549 8.19905 -45.5484 0.353598 2359.98 35.8084 8.47704e+06 282925 0.000424425 0.00155929 0.00121327 0.00149836 0.0111149 0.000235684 0.000244289 1.19631e-05 0.0935817 0.00102441 7.22837 0.756508 82.0034 9.4529 1087.31 45.4209 1176.54 46.0232 1176.54 46.0232 0.569712 0.00768959 
200 0.24 933200000 572.549 8.19905 -45.5484 0.353598 2359.98 35.8084 8.47704e+06 282925 0.000424425 0.00155929 0.00121327 0.00149836 0.0111149 0.000235684 0.000244289 1.19631e-05 0.0935817 0.00102441 7.22837 0.756508 82.0034 9.4529 1087.31 45.4209 1176.54 46.0232 1176.54 46.0232 0.569712 0.00768959 
200 0.24 933600000 572.549 8.19905 -45.5484 0.353598 2359.98 35.8084 8.47704e+06 282925 0.000424425 0.00155929 0.00121327 0.00149836 0.0111149 0.000235684 0.000244289 1.19631e-05 0.0935817 0.00102441 7.22837 0.756508 82.0034 9.4529 1087.31 45.4209 1176.54 46.0232 1176.54 46.0232 0.569712 0.00768959 
200 0.24 934000000 572.549 8.19905 -45.5484 0.353598 2359.98 35.8084 8.47704e+06 282478 0.000424425 0.00155929 0.00121327 0.00149836 0.0111149 0.000235684 0.000244289 1.19631e-05 0.0935817 0.00102441 7.22837 0.755217 82.0034 9.4529 1087.31 45.4209 1176.54 46.0232 1176.54 46.0232 0.569712 0.00768959 
200 0.24 934400000 572.549 8.19905 -45.5484 0.353598 2359.98 35.8084 8.47704e+06 282478 0.000424425 0.00155929 0.00121327 0.00149836 0.0111149 0.000235684 0.000244289 1.19631e-05 0.0935817 0.00102441 7.22837 0.755217 82.0034 9.4529 1087.31 45.4209 1176.54 46.0232 1176.54 46.0232 0.569712 0.00768959 
200 0.24 934800000 572.549 8.19905 -45.5484 0.353598 2359.98 35.8084 8.47704e+06 282478 0.000424425 0.00155929 0.00121327 0.00149836 0.0111149 0.000235684 0.000244289 1.19631e-05 0.0935817 0.00102441 7.22837 0.755217 82.0034 9.4529 1087.31 45.4209 1176.54 46.0232 1176.54 46.0232 0.569712 0.00768959 
200 0.24 935200000 572.549 8.19905 -45.5484 0.353598 2359.98 35.8084 8.47704e+06 282478 0.000424425 0.00155929 0.00121327 0.00149836 0.0111149 0.000235684 0.000244289 1.19631e-05 0.0935817 0.00102441 7.22837 0.755217 82.0034 9.4529 1087.31 45.4209 1176.54 46.0232 1176.54 46.0232 0.569712 0.00768959 
200 0.24 935600000 572.549 8.14352 -45.5484 0.352628 2359.98 35.7057 8.47704e+06 282220 0.000424425 0.00155929 0.00121327 0.00149441 0.0111149 0.000234083 0.000244289 1.18825e-05 0.0935817 0.00101737 7.22837 0.753919 82.0034 9.4529 1087.31 45.4209 1176.54 46.0232 1176.54 46.0232 0.569712 0.00768959 
200 0.24 936000000 572.549 8.14352 -45.5484 0.352628 2359.98 35.7057 8.47704e+06 282220 0.000424425 0.00155929 0.00121327 0.00149441 0.0111149 0.000234083 0.000244289 1.18825e-05 0.0935817 0.00101737 7.22837 0.753919 82.0034 9.4529 1087.31 45.4209 1176.54 46.0232 1176.54 46.0232 0.569712 0.00768959 
200 0.24 936400000 572.549 8.14352 -45.5484 0.352628 2359.98 35.7057 8.47704e+06 282220 0.000424425 0.00155929 0.00121327 0.00149441 0.0111149 0.000234083 0.000244289 1.18825e-05 0.0935817 0.00101737 7.22837 0.753919 82.0034 9.4529 1087.31 45.4209 1176.54 46.0232 1176.54 46.0232 0.569712 0.00768959 
200 0.24 936800000 572.549 8.14352 -45.5484 0.352628 2359.98 35.7057 8.47704e+06 282220 0.000424425 0.00155929 0.00121327 0.00149441 0.0111149 0.000234083 0.000244289 1.18825e-05 0.0935817 0.00101737 7.22837 0.753919 82.0034 9.4529 1087.31 45.4209 1176.54 46.0232 1176.54 46.0232 0.569712 0.00768959 
200 0.24 937200000 572.549 8.14352 -45.5484 0.352628 2359.98 35.7057 8.47704e+06 281857 0.000424425 0.00155929 0.00121327 0.00149441 0.0111149 0.000234083 0.000244289 1.18825e-05 0.0935817 0.00101737 7.22837 0.752625 82.0034 9.4529 1087.31 45.4209 1176.54 46.0232 1176.54 46.0232 0.569712 0.00768959 
200 0.24 937600000 572.549 8.14352 -45.5484 0.352628 2359.98 35.7057 8.47704e+06 281857 0.000424425 0.00155929 0.00121327 0.00149441 0.0111149 0.000234083 0.000244289 1.18825e-05 0.0935817 0.00101737 7.22837 0.752625 82.0034 9.4529 1087.31 45.4209 1176.54 46.0232 1176.54 46.0232 0.569712 0.00768959 
200 0.24 938000000 572.549 8.14352 -45.5484 0.352628 2359.98 35.7057 8.47704e+06 281857 0.000424425 0.00155929 0.00121327 0.00149441 0.0111149 0.000234083 0.000244289 1.18825e-05 0.0935817 0.00101737 7.22837 0.752625 82.0034 9.4529 1087.31 45.4209 1176.54 46.0232 1176.54 46.0232 0.569712 0.00768959 
200 0.24 938400000 572.549 8.14352 -45.5484 0.352628 2359.98 35.7057 8.47704e+06 281857 0.000424425 0.00155929 0.00121327 0.00149441 0.0111149 0.000234083 0.000244289 1.18825e-05 0.0935817 0.00101737 7.22837 0.752625 82.0034 9.4529 1087.31 45.4209 1176.54 46.0232 1176.54 46.0232 0.569712 0.00768959 
200 0.24 938800000 572.549 8.14352 -45.5484 0.352248 2359.98 35.6586 8.47704e+06 281474 0.000424425 0.00155929 0.00121327 0.00148929 0.0111149 0.000234083 0.000244289 1.18825e-05 0.0935817 0.00101737 7.22837 0.751332 82.0034 9.4529 1087.31 45.4209 1176.54 46.0232 1176.54 46.0232 0.569712 0.00768959 
200 0.24 939200000 572.549 8.14352 -45.5484 0.352248 2359.98 35.6586 8.47704e+06 281474 0.000424425 0.00155929 0.00121327 0.00148929 0.0111149 0.000234083 0.000244289 1.18825e-05 0.0935817 0.00101737 7.22837 0.751332 82.0034 9.4529 1087.31 45.4209 1176.54 46.0232 1176.54 46.0232 0.569712 0.00768959 
200 0.24 939600000 572.549 8.14352 -45.5484 0.352248 2359.98 35.6586 8.47704e+06 281474 0.000424425 0.00155929 0.00121327 0.00148929 0.0111149 0.000234083 0.000244289 1.18825e-05 0.0935817 0.00101737 7.22837 0.751332 82.0034 9.4529 1087.31 45.4209 1176.54 46.0232 1176.54 46.0232 0.569712 0.00768959 
200 0.24 940000000 572.549 8.14352 -45.5484 0.352248 2359.98 35.6586 8.47704e+06 281474 0.000424425 0.00155929 0.00121327 0.00148929 0.0111149 0.000234083 0.000244289 1.18825e-05 0.0935817 0.00101737 7.22837 0.751332 82.0034 9.4529 1087.31 45.4209 1176.54 46.0232 1176.54 46.0232 0.569712 0.00768959 
200 0.24 940400000 572.549 8.14352 -45.5484 0.352248 2359.98 35.6586 8.47704e+06 281034 0.000424425 0.00155929 0.00121327 0.00148929 0.0111149 0.000234083 0.000244289 1.18825e-05 0.0935817 0.00101737 7.22837 0.750044 82.0034 9.4529 1087.31 45.4209 1176.54 46.0232 1176.54 46.0232 0.569712 0.00768959 
200 0.24 940800000 572.549 8.14352 -45.5484 0.352248 2359.98 35.6586 8.47704e+06 281034 0.000424425 0.00155929 0.00121327 0.00148929 0.0111149 0.000234083 0.000244289 1.18825e-05 0.0935817 0.00101737 7.22837 0.750044 82.0034 9.4529 1087.31 45.4209 1176.54 46.0232 1176.54 46.0232 0.569712 0.00768959 
200 0.24 941200000 572.549 8.14352 -45.5484 0.352248 2359.98 35.6586 8.47704e+06 281034 0.000424425 0.00155929 0.00121327 0.00148929 0.0111149 0.000234083 0.000244289 1.18825e-05 0.0935817 0.00101737 7.22837 0.750044 82.0034 9.4529 1087.31 45.4209 1176.54 46.0232 1176.54 46.0232 0.569712 0.00768959 
200 0.24 941600000 572.549 8.14352 -45.5484 0.352248 2359.98 35.6586 8.47704e+06 281034 0.000424425 0.00155929 0.00121327 0.00148929 0.0111149 0.000234083 0.000244289 1.18825e-05 0.0935817 0.00101737 7.22837 0.750044 82.0034 9.4529 1087.31 45.4209 1176.54 46.0232 1176.54 46.0232 0.569712 0.00768959 
200 0.24 942000000 572.549 8.09874 -45.5484 0.351175 2359.98 35.5365 8.47704e+06 280961 0.000424425 0.00154355 0.00121327 0.00148609 0.0111149 0.000232638 0.000244289 1.18189e-05 0.0935817 0.00101041 7.22837 0.748763 82.0034 9.4529 1087.31 45.4209 1176.54 46.0232 1176.54 46.0232 0.569712 0.00768959 
200 0.24 942400000 572.549 8.09874 -45.5484 0.351175 2359.98 35.5365 8.47704e+06 280961 0.000424425 0.00154355 0.00121327 0.00148609 0.0111149 0.000232638 0.000244289 1.18189e-05 0.0935817 0.00101041 7.22837 0.748763 82.0034 9.4529 1087.31 45.4209 1176.54 46.0232 1176.54 46.0232 0.569712 0.00768959 
200 0.24 942800000 572.549 8.09874 -45.5484 0.351175 2359.98 35.5365 8.47704e+06 280961 0.000424425 0.00154355 0.00121327 0.00148609 0.0111149 0.000232638 0.000244289 1.18189e-05 0.0935817 0.00101041 7.22837 0.748763 82.0034 9.4529 1087.31 45.4209 1176.54 46.0232 1176.54 46.0232 0.569712 0.00768959 
200 0.24 943200000 572.549 8.09874 -45.5484 0.351175 2359.98 35.5365 8.47704e+06 280961 0.000424425 0.00154355 0.00121327 0.00148609 0.0111149 0.000232638 0.000244289 1.18189e-05 0.0935817 0.00101041 7.22837 0.748763 82.0034 9.4529 1087.31 45.4209 1176.54 46.0232 1176.54 46.0232 0.569712 0.00768959 
200 0.24 943600000 572.549 8.10627 -45.5484 0.351175 2359.98 35.5365 8.47704e+06 280492 0.000424425 0.00154188 0.00121327 0.00148609 0.0111149 0.000232638 0.000244289 1.18189e-05 0.0935817 0.00101041 7.22837 0.747484 82.0034 9.4529 1087.31 45.4209 1176.54 46.0232 1176.54 46.0232 0.569712 0.00768959 
200 0.24 944000000 572.549 8.10627 -45.5484 0.351175 2359.98 35.5365 8.47704e+06 280492 0.000424425 0.00154188 0.00121327 0.00148609 0.0111149 0.000232638 0.000244289 1.18189e-05 0.0935817 0.00101041 7.22837 0.747484 82.0034 9.4529 1087.31 45.4209 1176.54 46.0232 1176.54 46.0232 0.569712 0.00768959 
200 0.24 944400000 572.549 8.10627 -45.5484 0.351175 2359.98 35.5365 8.47704e+06 280492 0.000424425 0.00154188 0.00121327 0.00148609 0.0111149 0.000232638 0.000244289 1.18189e-05 0.0935817 0.00101041 7.22837 0.747484 82.0034 9.4529 1087.31 45.4209 1176.54 46.0232 1176.54 46.0232 0.569712 0.00768959 
200 0.24 944800000 572.549 8.10627 -45.5484 0.351175 2359.98 35.5365 8.47704e+06 280492 0.000424425 0.00154188 0.00121327 0.00148609 0.0111149 0.000232638 0.000244289 1.18189e-05 0.0935817 0.00101041 7.22837 0.747484 82.0034 9.4529 1087.31 45.4209 1176.54 46.0232 1176.54 46.0232 0.569712 0.00768959 
200 0.24 945200000 572.549 8.1056 -45.5484 0.350228 2359.98 35.4177 8.47704e+06 280044 0.000424425 0.00153952 0.00121327 0.00149102 0.0111149 0.000232638 0.000244289 1.18189e-05 0.0935817 0.00101041 7.22837 0.746218 82.0034 9.4529 1087.31 45.4209 1176.54 46.0232 1176.54 46.0232 0.569712 0.00768959 
200 0.24 945600000 572.549 8.1056 -45.5484 0.350228 2359.98 35.4177 8.47704e+06 280044 0.000424425 0.00153952 0.00121327 0.00149102 0.0111149 0.000232638 0.000244289 1.18189e-05 0.0935817 0.00101041 7.22837 0.746218 82.0034 9.4529 1087.31 45.4209 1176.54 46.0232 1176.54 46.0232 0.569712 0.00768959 
200 0.24 946000000 572.549 8.1056 -45.5484 0.350228 2359.98 35.4177 8.47704e+06 280044 0.000424425 0.00153952 0.00121327 0.00149102 0.0111149 0.000232638 0.000244289 1.18189e-05 0.0935817 0.00101041 7.22837 0.746218 82.0034 9.4529 1087.31 45.4209 1176.54 46.0232 1176.54 46.0232 0.569712 0.00768959 
200 0.24 946400000 572.549 8.1056 -45.5484 0.350228 2359.98 35.4177 8.47704e+06 280044 0.000424425 0.00153952 0.00121327 0.00149102 0.0111149 0.000232638 0.000244289 1.18189e-05 0.0935817 0.00101041 7.22837 0.746218 82.0034 9.4529 1087.31 45.4209 1176.54 46.0232 1176.54 46.0232 0.569712 0.00768959 
200 0.24 946800000 572.549 8.09188 -45.5484 0.350228 2359.98 35.4177 8.47704e+06 279879 0.000424425 0.00153825 0.00121327 0.00149102 0.0111149 0.000232638 0.000244289 1.18189e-05 0.0935817 0.00101041 7.22837 0.744953 82.0034 9.4529 1087.31 45.4209 1176.54 46.0232 1176.54 46.0232 0.569712 0.00768959 
200 0.24 947200000 572.549 8.09188 -45.5484 0.350228 2359.98 35.4177 8.47704e+06 279879 0.000424425 0.00153825 0.00121327 0.00149102 0.0111149 0.000232638 0.000244289 1.18189e-05 0.0935817 0.00101041 7.22837 0.744953 82.0034 9.4529 1087.31 45.4209 1176.54 46.0232 1176.54 46.0232 0.569712 0.00768959 
200 0.24 947600000 572.549 8.09188 -45.5484 0.350228 2359.98 35.4177 8.47704e+06 279879 0.000424425 0.00153825 0.00121327 0.00149102 0.0111149 0.000232638 0.000244289 1.18189e-05 0.0935817 0.00101041 7.22837 0.744953 82.0034 9.4529 1087.31 45.4209 1176.54 46.0232 1176.54 46.0232 0.569712 0.00768959 
200 0.24 948000000 572.549 8.09188 -45.5484 0.350228 2359.98 35.4177 8.47704e+06 279879 0.000424425 0.00153825 0.00121327 0.00149102 0.0111149 0.000232638 0.000244289 1.18189e-05 0.0935817 0.00101041 7.22837 0.744953 82.0034 9.4529 1087.31 45.4209 1176.54 46.0232 1176.54 46.0232 0.569712 0.00768959 
200 0.24 948400000 572.549 8.12196 -45.5484 0.353032 2359.98 35.55 8.47704e+06 279476 0.000424425 0.00153825 0.00121327 0.0014867 0.0111149 0.000231141 0.000244289 1.17392e-05 0.0935817 0.00101387 7.22837 0.743693 82.0034 9.4529 1087.31 45.4209 1176.54 46.0232 1176.54 46.0232 0.569712 0.00768959 
200 0.24 948800000 572.549 8.12196 -45.5484 0.353032 2359.98 35.55 8.47704e+06 279476 0.000424425 0.00153825 0.00121327 0.0014867 0.0111149 0.000231141 0.000244289 1.17392e-05 0.0935817 0.00101387 7.22837 0.743693 82.0034 9.4529 1087.31 45.4209 1176.54 46.0232 1176.54 46.0232 0.569712 0.00768959 
200 0.24 949200000 572.549 8.12196 -45.5484 0.353032 2359.98 35.55 8.47704e+06 279476 0.000424425 0.00153825 0.00121327 0.0014867 0.0111149 0.000231141 0.000244289 1.17392e-05 0.0935817 0.00101387 7.22837 0.743693 82.0034 9.4529 1087.31 45.4209 1176.54 46.0232 1176.54 46.0232 0.569712 0.00768959 
200 0.24 949600000 572.549 8.12196 -45.5484 0.353032 2359.98 35.55 8.47704e+06 279476 0.000424425 0.00153825 0.00121327 0.0014867 0.0111149 0.000231141 0.000244289 1.17392e-05 0.0935817 0.00101387 7.22837 0.743693 82.0034 9.4529 1087.31 45.4209 1176.54 46.0232 1176.54 46.0232 0.569712 0.00768959 
200 0.24 950000000 572.549 8.12196 -45.5484 0.353032 2359.98 35.55 8.47704e+06 279128 0.000424425 0.00153825 0.00121327 0.0014867 0.0111149 0.000231141 0.000244289 1.17392e-05 0.0935817 0.00101387 7.22837 0.742455 82.0034 9.4529 1087.31 45.4209 1176.54 46.0232 1176.54 46.0232 0.569712 0.00768959 
200 0.24 950400000 572.549 8.12196 -45.5484 0.353032 2359.98 35.55 8.47704e+06 279128 0.000424425 0.00153825 0.00121327 0.0014867 0.0111149 0.000231141 0.000244289 1.17392e-05 0.0935817 0.00101387 7.22837 0.742455 82.0034 9.4529 1087.31 45.4209 1176.54 46.0232 1176.54 46.0232 0.569712 0.00768959 
200 0.24 950800000 572.549 8.12196 -45.5484 0.353032 2359.98 35.55 8.47704e+06 279128 0.000424425 0.00153825 0.00121327 0.0014867 0.0111149 0.000231141 0.000244289 1.17392e-05 0.0935817 0.00101387 7.22837 0.742455 82.0034 9.4529 1087.31 45.4209 1176.54 46.0232 1176.54 46.0232 0.569712 0.00768959 
200 0.24 951200000 572.549 8.12196 -45.5484 0.353032 2359.98 35.55 8.47704e+06 279128 0.000424425 0.00153825 0.00121327 0.0014867 0.0111149 0.000231141 0.000244289 1.17392e-05 0.0935817 0.00101387 7.22837 0.742455 82.0034 9.4529 1087.31 45.4209 1176.54 46.0232 1176.54 46.0232 0.569712 0.00768959 
200 0.24 951600000 572.549 8.12196 -45.5484 0.354456 2359.98 35.7799 8.47704e+06 283016 0.000424425 0.00153825 0.00121327 0.001488 0.0111149 0.000231141 0.000244289 1.17392e-05 0.0935817 0.0010118 7.22837 0.74171 82.0034 9.4529 1087.31 45.4209 1176.54 46.0232 1176.54 46.0232 0.569712 0.00768959 
200 0.24 952000000 572.549 8.12196 -45.5484 0.354456 2359.98 35.7799 8.47704e+06 283016 0.000424425 0.00153825 0.00121327 0.001488 0.0111149 0.000231141 0.000244289 1.17392e-05 0.0935817 0.0010118 7.22837 0.74171 82.0034 9.4529 1087.31 45.4209 1176.54 46.0232 1176.54 46.0232 0.569712 0.00768959 
200 0.24 952400000 572.549 8.12196 -45.5484 0.354456 2359.98 35.7799 8.47704e+06 283016 0.000424425 0.00153825 0.00121327 0.001488 0.0111149 0.000231141 0.000244289 1.17392e-05 0.0935817 0.0010118 7.22837 0.74171 82.0034 9.4529 1087.31 45.4209 1176.54 46.0232 1176.54 46.0232 0.569712 0.00768959 
200 0.24 952800000 572.549 8.12196 -45.5484 0.354456 2359.98 35.7799 8.47704e+06 283016 0.000424425 0.00153825 0.00121327 0.001488 0.0111149 0.000231141 0.000244289 1.17392e-05 0.0935817 0.0010118 7.22837 0.74171 82.0034 9.4529 1087.31 45.4209 1176.54 46.0232 1176.54 46.0232 0.569712 0.00768959 
200 0.24 953200000 572.549 8.12196 -45.5484 0.354456 2359.98 35.7799 8.47704e+06 282553 0.000424425 0.00153825 0.00121327 0.001488 0.0111149 0.000231141 0.000244289 1.17392e-05 0.0935817 0.0010118 7.22837 0.74171 82.0034 9.4529 1087.31 45.4209 1176.54 46.0232 1176.54 46.0232 0.569712 0.00768959 
200 0.24 953600000 572.549 8.12196 -45.5484 0.354456 2359.98 35.7799 8.47704e+06 282553 0.000424425 0.00153825 0.00121327 0.001488 0.0111149 0.000231141 0.000244289 1.17392e-05 0.0935817 0.0010118 7.22837 0.74171 82.0034 9.4529 1087.31 45.4209 1176.54 46.0232 1176.54 46.0232 0.569712 0.00768959 
200 0.24 954000000 572.549 8.12196 -45.5484 0.354456 2359.98 35.7799 8.47704e+06 282553 0.000424425 0.00153825 0.00121327 0.001488 0.0111149 0.000231141 0.000244289 1.17392e-05 0.0935817 0.0010118 7.22837 0.74171 82.0034 9.4529 1087.31 45.4209 1176.54 46.0232 1176.54 46.0232 0.569712 0.00768959 
200 0.24 954400000 572.549 8.12196 -45.5484 0.354456 2359.98 35.7799 8.47704e+06 282553 0.000424425 0.00153825 0.00121327 0.001488 0.0111149 0.000231141 0.000244289 1.17392e-05 0.0935817 0.0010118 7.22837 0.74171 82.0034 9.4529 1087.31 45.4209 1176.54 46.0232 1176.54 46.0232 0.569712 0.00768959 
200 0.24 954800000 572.549 8.15003 -45.5484 0.353267 2359.98 35.6601 8.47704e+06 282090 0.000424425 0.00152862 0.00121327 0.00148297 0.0111149 0.000230278 0.000244289 1.17066e-05 0.0935817 0.00100838 7.22837 0.738775 82.0034 9.4529 1087.31 45.4209 1176.54 46.0232 1176.54 46.0232 0.569712 0.00768959 
200 0.24 955200000 572.549 8.15003 -45.5484 0.353267 2359.98 35.6601 8.47704e+06 282090 0.000424425 0.00152862 0.00121327 0.00148297 0.0111149 0.000230278 0.000244289 1.17066e-05 0.0935817 0.00100838 7.22837 0.738775 82.0034 9.4529 1087.31 45.4209 1176.54 46.0232 1176.54 46.0232 0.569712 0.00768959 
200 0.24 955600000 572.549 8.15003 -45.5484 0.353267 2359.98 35.6601 8.47704e+06 282090 0.000424425 0.00152862 0.00121327 0.00148297 0.0111149 0.000230278 0.000244289 1.17066e-05 0.0935817 0.00100838 7.22837 0.738775 82.0034 9.4529 1087.31 45.4209 1176.54 46.0232 1176.54 46.0232 0.569712 0.00768959 
200 0.24 956000000 572.549 8.15003 -45.5484 0.353267 2359.98 35.6601 8.47704e+06 282090 0.000424425 0.00152862 0.00121327 0.00148297 0.0111149 0.000230278 0.000244289 1.17066e-05 0.0935817 0.00100838 7.22837 0.738775 82.0034 9.4529 1087.31 45.4209 1176.54 46.0232 1176.54 46.0232 0.569712 0.00768959 
200 0.24 956400000 572.549 8.15003 -45.5484 0.353267 2359.98 35.6601 8.47704e+06 282249 0.000424425 0.00152621 0.00121327 0.00148297 0.0111149 0.000230278 0.000244289 1.17066e-05 0.0935817 0.00100838 7.22837 0.73753 82.0034 9.4529 1087.31 45.4209 1176.54 46.0232 1176.54 46.0232 0.569712 0.00768959 
200 0.24 956800000 572.549 8.15003 -45.5484 0.353267 2359.98 35.6601 8.47704e+06 282249 0.000424425 0.00152621 0.00121327 0.00148297 0.0111149 0.000230278 0.000244289 1.17066e-05 0.0935817 0.00100838 7.22837 0.73753 82.0034 9.4529 1087.31 45.4209 1176.54 46.0232 1176.54 46.0232 0.569712 0.00768959 
200 0.24 957200000 572.549 8.15003 -45.5484 0.353267 2359.98 35.6601 8.47704e+06 282249 0.000424425 0.00152621 0.00121327 0.00148297 0.0111149 0.000230278 0.000244289 1.17066e-05 0.0935817 0.00100838 7.22837 0.73753 82.0034 9.4529 1087.31 45.4209 1176.54 46.0232 1176.54 46.0232 0.569712 0.00768959 
200 0.24 957600000 572.549 8.15003 -45.5484 0.353267 2359.98 35.6601 8.47704e+06 282249 0.000424425 0.00152621 0.00121327 0.00148297 0.0111149 0.000230278 0.000244289 1.17066e-05 0.0935817 0.00100838 7.22837 0.73753 82.0034 9.4529 1087.31 45.4209 1176.54 46.0232 1176.54 46.0232 0.569712 0.00768959 
200 0.24 958000000 572.549 8.15003 -45.5484 0.35227 2359.98 35.5403 8.47704e+06 281950 0.000424425 0.00152622 0.00121327 0.00147807 0.0111149 0.000230278 0.000244289 1.17066e-05 0.0935817 0.00100639 7.22837 0.736293 82.0034 9.4529 1087.31 45.4209 1176.54 46.0232 1176.54 46.0232 0.569712 0.00768959 
200 0.24 958400000 572.549 8.15003 -45.5484 0.35227 2359.98 35.5403 8.47704e+06 281950 0.000424425 0.00152622 0.00121327 0.00147807 0.0111149 0.000230278 0.000244289 1.17066e-05 0.0935817 0.00100639 7.22837 0.736293 82.0034 9.4529 1087.31 45.4209 1176.54 46.0232 1176.54 46.0232 0.569712 0.00768959 
200 0.24 958800000 572.549 8.15003 -45.5484 0.35227 2359.98 35.5403 8.47704e+06 281950 0.000424425 0.00152622 0.00121327 0.00147807 0.0111149 0.000230278 0.000244289 1.17066e-05 0.0935817 0.00100639 7.22837 0.736293 82.0034 9.4529 1087.31 45.4209 1176.54 46.0232 1176.54 46.0232 0.569712 0.00768959 
200 0.24 959200000 572.549 8.15003 -45.5484 0.35227 2359.98 35.5403 8.47704e+06 281950 0.000424425 0.00152622 0.00121327 0.00147807 0.0111149 0.000230278 0.000244289 1.17066e-05 0.0935817 0.00100639 7.22837 0.736293 82.0034 9.4529 1087.31 45.4209 1176.54 46.0232 1176.54 46.0232 0.569712 0.00768959 
200 0.24 959600000 572.549 8.15003 -45.5484 0.35227 2359.98 35.5403 8.47704e+06 281525 0.000424425 0.00152463 0.00121327 0.00147807 0.0111149 0.000230278 0.000244289 1.17066e-05 0.0935817 0.00100639 7.22837 0.735067 82.0034 9.4529 1087.31 45.4209 1176.54 46.0232 1176.54 46.0232 0.569712 0.00768959 
200 0.24 960000000 572.549 8.15003 -45.5484 0.35227 2359.98 35.5403 8.47704e+06 281525 0.000424425 0.00152463 0.00121327 0.00147807 0.0111149 0.000230278 0.000244289 1.17066e-05 0.0935817 0.00100639 7.22837 0.735067 82.0034 9.4529 1087.31 45.4209 1176.54 46.0232 1176.54 46.0232 0.569712 0.00768959 
200 0.24 960400000 572.549 8.15003 -45.5484 0.35227 2359.98 35.5403 8.47704e+06 281525 0.000424425 0.00152463 0.00121327 0.00147807 0.0111149 0.000230278 0.000244289 1.17066e-05 0.0935817 0.00100639 7.22837 0.735067 82.0034 9.4529 1087.31 45.4209 1176.54 46.0232 1176.54 46.0232 0.569712 0.00768959 
200 0.24 960800000 572.549 8.15003 -45.5484 0.35227 2359.98 35.5403 8.47704e+06 281525 0.000424425 0.00152463 0.00121327 0.00147807 0.0111149 0.000230278 0.000244289 1.17066e-05 0.0935817 0.00100639 7.22837 0.735067 82.0034 9.4529 1087.31 45.4209 1176.54 46.0232 1176.54 46.0232 0.569712 0.00768959 
200 0.24 961200000 572.549 8.09873 -45.5484 0.351498 2359.98 35.4445 8.47704e+06 281161 0.000424425 0.0015223 0.00121327 0.00147409 0.0111149 0.000228905 0.000244289 1.16335e-05 0.0935817 0.00100501 7.22837 0.733846 82.0034 9.4529 1087.31 45.4209 1176.54 46.0232 1176.54 46.0232 0.569712 0.00768959 
200 0.24 961600000 572.549 8.09873 -45.5484 0.351498 2359.98 35.4445 8.47704e+06 281161 0.000424425 0.0015223 0.00121327 0.00147409 0.0111149 0.000228905 0.000244289 1.16335e-05 0.0935817 0.00100501 7.22837 0.733846 82.0034 9.4529 1087.31 45.4209 1176.54 46.0232 1176.54 46.0232 0.569712 0.00768959 
200 0.24 962000000 572.549 8.09873 -45.5484 0.351498 2359.98 35.4445 8.47704e+06 281161 0.000424425 0.0015223 0.00121327 0.00147409 0.0111149 0.000228905 0.000244289 1.16335e-05 0.0935817 0.00100501 7.22837 0.733846 82.0034 9.4529 1087.31 45.4209 1176.54 46.0232 1176.54 46.0232 0.569712 0.00768959 
200 0.24 962400000 572.549 8.09873 -45.5484 0.351498 2359.98 35.4445 8.47704e+06 281161 0.000424425 0.0015223 0.00121327 0.00147409 0.0111149 0.000228905 0.000244289 1.16335e-05 0.0935817 0.00100501 7.22837 0.733846 82.0034 9.4529 1087.31 45.4209 1176.54 46.0232 1176.54 46.0232 0.569712 0.00768959 
200 0.24 962800000 572.549 8.09873 -45.5484 0.351498 2359.98 35.4558 8.47704e+06 285602 0.000424425 0.00152509 0.00121327 0.00147409 0.0111149 0.000228905 0.000244289 1.16335e-05 0.0935817 0.00100501 7.22837 0.732617 82.0034 9.4529 1087.31 45.4209 1176.54 46.0232 1176.54 46.0232 0.569712 0.00768959 
200 0.24 963200000 572.549 8.09873 -45.5484 0.351498 2359.98 35.4558 8.47704e+06 285602 0.000424425 0.00152509 0.00121327 0.00147409 0.0111149 0.000228905 0.000244289 1.16335e-05 0.0935817 0.00100501 7.22837 0.732617 82.0034 9.4529 1087.31 45.4209 1176.54 46.0232 1176.54 46.0232 0.569712 0.00768959 
200 0.24 963600000 572.549 8.09873 -45.5484 0.351498 2359.98 35.4558 8.47704e+06 285602 0.000424425 0.00152509 0.00121327 0.00147409 0.0111149 0.000228905 0.000244289 1.16335e-05 0.0935817 0.00100501 7.22837 0.732617 82.0034 9.4529 1087.31 45.4209 1176.54 46.0232 1176.54 46.0232 0.569712 0.00768959 
200 0.24 964000000 572.549 8.09873 -45.5484 0.351498 2359.98 35.4558 8.47704e+06 285602 0.000424425 0.00152509 0.00121327 0.00147409 0.0111149 0.000228905 0.000244289 1.16335e-05 0.0935817 0.00100501 7.22837 0.732617 82.0034 9.4529 1087.31 45.4209 1176.54 46.0232 1176.54 46.0232 0.569712 0.00768959 
200 0.24 964400000 572.549 8.09873 -45.5484 0.350341 2359.98 35.436 8.47704e+06 285305 0.000424425 0.00152263 0.00121327 0.00149061 0.0111149 0.000228735 0.000244289 1.16335e-05 0.0935817 0.00100311 7.22837 0.731401 82.0034 9.4529 1087.31 45.4209 1176.54 46.0232 1176.54 46.0232 0.569712 0.00768959 
200 0.24 964800000 572.549 8.09873 -45.5484 0.350341 2359.98 35.436 8.47704e+06 285305 0.000424425 0.00152263 0.00121327 0.00149061 0.0111149 0.000228735 0.000244289 1.16335e-05 0.0935817 0.00100311 7.22837 0.731401 82.0034 9.4529 1087.31 45.4209 1176.54 46.0232 1176.54 46.0232 0.569712 0.00768959 
200 0.24 965200000 572.549 8.09873 -45.5484 0.350341 2359.98 35.436 8.47704e+06 285305 0.000424425 0.00152263 0.00121327 0.00149061 0.0111149 0.000228735 0.000244289 1.16335e-05 0.0935817 0.00100311 7.22837 0.731401 82.0034 9.4529 1087.31 45.4209 1176.54 46.0232 1176.54 46.0232 0.569712 0.00768959 
200 0.24 965600000 572.549 8.09873 -45.5484 0.350341 2359.98 35.436 8.47704e+06 285305 0.000424425 0.00152263 0.00121327 0.00149061 0.0111149 0.000228735 0.000244289 1.16335e-05 0.0935817 0.00100311 7.22837 0.731401 82.0034 9.4529 1087.31 45.4209 1176.54 46.0232 1176.54 46.0232 0.569712 0.00768959 
200 0.24 966000000 572.549 8.09873 -45.5484 0.350341 2359.98 35.3877 8.47704e+06 284863 0.000424425 0.00152259 0.00121327 0.00149061 0.0111149 0.000228735 0.000244289 1.16335e-05 0.0935817 0.00100311 7.22837 0.730181 82.0034 9.4529 1087.31 45.4209 1176.54 46.0232 1176.54 46.0232 0.569712 0.00768959 
200 0.24 966400000 572.549 8.09873 -45.5484 0.350341 2359.98 35.3877 8.47704e+06 284863 0.000424425 0.00152259 0.00121327 0.00149061 0.0111149 0.000228735 0.000244289 1.16335e-05 0.0935817 0.00100311 7.22837 0.730181 82.0034 9.4529 1087.31 45.4209 1176.54 46.0232 1176.54 46.0232 0.569712 0.00768959 
200 0.24 966800000 572.549 8.09873 -45.5484 0.350341 2359.98 35.3877 8.47704e+06 284863 0.000424425 0.00152259 0.00121327 0.00149061 0.0111149 0.000228735 0.000244289 1.16335e-05 0.0935817 0.00100311 7.22837 0.730181 82.0034 9.4529 1087.31 45.4209 1176.54 46.0232 1176.54 46.0232 0.569712 0.00768959 
200 0.24 967200000 572.549 8.09873 -45.5484 0.350341 2359.98 35.3877 8.47704e+06 284863 0.000424425 0.00152259 0.00121327 0.00149061 0.0111149 0.000228735 0.000244289 1.16335e-05 0.0935817 0.00100311 7.22837 0.730181 82.0034 9.4529 1087.31 45.4209 1176.54 46.0232 1176.54 46.0232 0.569712 0.00768959 
200 0.24 967600000 572.549 8.04488 -45.5484 0.349493 2359.98 35.3367 8.47704e+06 284495 0.000424425 0.00152288 0.00121327 0.00148583 0.0111149 0.000227658 0.000244289 1.15696e-05 0.0935817 0.000999771 7.22837 0.72898 82.0034 9.4529 1087.31 45.4209 1176.54 46.0232 1176.54 46.0232 0.569712 0.00768959 
200 0.24 968000000 572.549 8.04488 -45.5484 0.349493 2359.98 35.3367 8.47704e+06 284495 0.000424425 0.00152288 0.00121327 0.00148583 0.0111149 0.000227658 0.000244289 1.15696e-05 0.0935817 0.000999771 7.22837 0.72898 82.0034 9.4529 1087.31 45.4209 1176.54 46.0232 1176.54 46.0232 0.569712 0.00768959 
200 0.24 968400000 572.549 8.04488 -45.5484 0.349493 2359.98 35.3367 8.47704e+06 284495 0.000424425 0.00152288 0.00121327 0.00148583 0.0111149 0.000227658 0.000244289 1.15696e-05 0.0935817 0.000999771 7.22837 0.72898 82.0034 9.4529 1087.31 45.4209 1176.54 46.0232 1176.54 46.0232 0.569712 0.00768959 
200 0.24 968800000 572.549 8.04488 -45.5484 0.349493 2359.98 35.3367 8.47704e+06 284495 0.000424425 0.00152288 0.00121327 0.00148583 0.0111149 0.000227658 0.000244289 1.15696e-05 0.0935817 0.000999771 7.22837 0.72898 82.0034 9.4529 1087.31 45.4209 1176.54 46.0232 1176.54 46.0232 0.569712 0.00768959 
200 0.24 969200000 572.549 8.04488 -45.5484 0.349493 2359.98 35.2847 8.47704e+06 284026 0.000424425 0.00152306 0.00121327 0.00148583 0.0111149 0.000227658 0.000244289 1.15696e-05 0.0935817 0.000999771 7.22837 0.727769 82.0034 9.4529 1087.31 45.4209 1176.54 46.0232 1176.54 46.0232 0.569712 0.00768959 
200 0.24 969600000 572.549 8.04488 -45.5484 0.349493 2359.98 35.2847 8.47704e+06 284026 0.000424425 0.00152306 0.00121327 0.00148583 0.0111149 0.000227658 0.000244289 1.15696e-05 0.0935817 0.000999771 7.22837 0.727769 82.0034 9.4529 1087.31 45.4209 1176.54 46.0232 1176.54 46.0232 0.569712 0.00768959 
200 0.24 970000000 572.549 8.04488 -45.5484 0.349493 2359.98 35.2847 8.47704e+06 284026 0.000424425 0.00152306 0.00121327 0.00148583 0.0111149 0.000227658 0.000244289 1.15696e-05 0.0935817 0.000999771 7.22837 0.727769 82.0034 9.4529 1087.31 45.4209 1176.54 46.0232 1176.54 46.0232 0.569712 0.00768959 
200 0.24 970400000 572.549 8.04488 -45.5484 0.349493 2359.98 35.2847 8.47704e+06 284026 0.000424425 0.00152306 0.00121327 0.00148583 0.0111149 0.000227658 0.000244289 1.15696e-05 0.0935817 0.000999771 7.22837 0.727769 82.0034 9.4529 1087.31 45.4209 1176.54 46.0232 1176.54 46.0232 0.569712 0.00768959 
200 0.24 970800000 572.549 8.04488 -45.5484 0.349719 2359.98 35.2573 8.47704e+06 283583 0.000424425 0.00152062 0.00121327 0.00148284 0.0111149 0.000227481 0.000244289 1.15696e-05 0.0935817 0.000997583 7.22837 0.726567 82.0034 9.4529 1087.31 45.4209 1176.54 46.0232 1176.54 46.0232 0.569712 0.00768959 
200 0.24 971200000 572.549 8.04488 -45.5484 0.349719 2359.98 35.2573 8.47704e+06 283583 0.000424425 0.00152062 0.00121327 0.00148284 0.0111149 0.000227481 0.000244289 1.15696e-05 0.0935817 0.000997583 7.22837 0.726567 82.0034 9.4529 1087.31 45.4209 1176.54 46.0232 1176.54 46.0232 0.569712 0.00768959 
200 0.24 971600000 572.549 8.04488 -45.5484 0.349719 2359.98 35.2573 8.47704e+06 283583 0.000424425 0.00152062 0.00121327 0.00148284 0.0111149 0.000227481 0.000244289 1.15696e-05 0.0935817 0.000997583 7.22837 0.726567 82.0034 9.4529 1087.31 45.4209 1176.54 46.0232 1176.54 46.0232 0.569712 0.00768959 
200 0.24 972000000 572.549 8.04488 -45.5484 0.349719 2359.98 35.2573 8.47704e+06 283583 0.000424425 0.00152062 0.00121327 0.00148284 0.0111149 0.000227481 0.000244289 1.15696e-05 0.0935817 0.000997583 7.22837 0.726567 82.0034 9.4529 1087.31 45.4209 1176.54 46.0232 1176.54 46.0232 0.569712 0.00768959 
200 0.24 972400000 572.549 8.04488 -45.5484 0.349719 2359.98 35.3022 8.47704e+06 283601 0.000424425 0.00151878 0.00121327 0.00148284 0.0111149 0.000227481 0.000244289 1.15696e-05 0.0935817 0.000997583 7.22837 0.73087 82.0034 9.4529 1087.31 45.4209 1176.54 46.0232 1176.54 46.0232 0.569712 0.00768959 
200 0.24 972800000 572.549 8.04488 -45.5484 0.349719 2359.98 35.3022 8.47704e+06 283601 0.000424425 0.00151878 0.00121327 0.00148284 0.0111149 0.000227481 0.000244289 1.15696e-05 0.0935817 0.000997583 7.22837 0.73087 82.0034 9.4529 1087.31 45.4209 1176.54 46.0232 1176.54 46.0232 0.569712 0.00768959 
200 0.24 973200000 572.549 8.04488 -45.5484 0.349719 2359.98 35.3022 8.47704e+06 283601 0.000424425 0.00151878 0.00121327 0.00148284 0.0111149 0.000227481 0.000244289 1.15696e-05 0.0935817 0.000997583 7.22837 0.73087 82.0034 9.4529 1087.31 45.4209 1176.54 46.0232 1176.54 46.0232 0.569712 0.00768959 
200 0.24 973600000 572.549 8.04488 -45.5484 0.349719 2359.98 35.3022 8.47704e+06 283601 0.000424425 0.00151878 0.00121327 0.00148284 0.0111149 0.000227481 0.000244289 1.15696e-05 0.0935817 0.000997583 7.22837 0.73087 82.0034 9.4529 1087.31 45.4209 1176.54 46.0232 1176.54 46.0232 0.569712 0.00768959 
200 0.24 974000000 572.549 8.16551 -45.5484 0.348679 2359.98 35.2863 8.47704e+06 283323 0.000424425 0.00151643 0.00121327 0.00147972 0.0111149 0.00022691 0.000244289 1.15876e-05 0.0935817 0.000995152 7.22837 0.72966 82.0034 9.4529 1087.31 45.4209 1176.54 46.0232 1176.54 46.0232 0.569712 0.00768959 
200 0.24 974400000 572.549 8.16551 -45.5484 0.348679 2359.98 35.2863 8.47704e+06 283323 0.000424425 0.00151643 0.00121327 0.00147972 0.0111149 0.00022691 0.000244289 1.15876e-05 0.0935817 0.000995152 7.22837 0.72966 82.0034 9.4529 1087.31 45.4209 1176.54 46.0232 1176.54 46.0232 0.569712 0.00768959 
200 0.24 974800000 572.549 8.16551 -45.5484 0.348679 2359.98 35.2863 8.47704e+06 283323 0.000424425 0.00151643 0.00121327 0.00147972 0.0111149 0.00022691 0.000244289 1.15876e-05 0.0935817 0.000995152 7.22837 0.72966 82.0034 9.4529 1087.31 45.4209 1176.54 46.0232 1176.54 46.0232 0.569712 0.00768959 
200 0.24 975200000 572.549 8.16551 -45.5484 0.348679 2359.98 35.2863 8.47704e+06 283323 0.000424425 0.00151643 0.00121327 0.00147972 0.0111149 0.00022691 0.000244289 1.15876e-05 0.0935817 0.000995152 7.22837 0.72966 82.0034 9.4529 1087.31 45.4209 1176.54 46.0232 1176.54 46.0232 0.569712 0.00768959 
200 0.24 975600000 572.549 8.16551 -45.5484 0.348679 2359.98 35.2429 8.47704e+06 282968 0.000424425 0.00151496 0.00121327 0.00147972 0.0111149 0.00022691 0.000244289 1.15876e-05 0.0935817 0.000995152 7.22837 0.728469 82.0034 9.4529 1087.31 45.4209 1176.54 46.0232 1176.54 46.0232 0.569712 0.00768959 
200 0.24 976000000 572.549 8.16551 -45.5484 0.348679 2359.98 35.2429 8.47704e+06 282968 0.000424425 0.00151496 0.00121327 0.00147972 0.0111149 0.00022691 0.000244289 1.15876e-05 0.0935817 0.000995152 7.22837 0.728469 82.0034 9.4529 1087.31 45.4209 1176.54 46.0232 1176.54 46.0232 0.569712 0.00768959 
200 0.24 976400000 572.549 8.16551 -45.5484 0.348679 2359.98 35.2429 8.47704e+06 282968 0.000424425 0.00151496 0.00121327 0.00147972 0.0111149 0.00022691 0.000244289 1.15876e-05 0.0935817 0.000995152 7.22837 0.728469 82.0034 9.4529 1087.31 45.4209 1176.54 46.0232 1176.54 46.0232 0.569712 0.00768959 
200 0.24 976800000 572.549 8.16551 -45.5484 0.348679 2359.98 35.2429 8.47704e+06 282968 0.000424425 0.00151496 0.00121327 0.00147972 0.0111149 0.00022691 0.000244289 1.15876e-05 0.0935817 0.000995152 7.22837 0.728469 82.0034 9.4529 1087.31 45.4209 1176.54 46.0232 1176.54 46.0232 0.569712 0.00768959 
200 0.24 977200000 572.549 8.16551 -45.5484 0.347533 2359.98 35.2105 8.47704e+06 283320 0.000424425 0.00151273 0.00121327 0.00147936 0.0111149 0.000226331 0.000244289 1.15876e-05 0.0935817 0.000992111 7.22837 0.727274 82.0034 9.4529 1087.31 45.4209 1176.54 46.0232 1176.54 46.0232 0.569712 0.00768959 
200 0.24 977600000 572.549 8.16551 -45.5484 0.347533 2359.98 35.2105 8.47704e+06 283320 0.000424425 0.00151273 0.00121327 0.00147936 0.0111149 0.000226331 0.000244289 1.15876e-05 0.0935817 0.000992111 7.22837 0.727274 82.0034 9.4529 1087.31 45.4209 1176.54 46.0232 1176.54 46.0232 0.569712 0.00768959 
200 0.24 978000000 572.549 8.16551 -45.5484 0.347533 2359.98 35.2105 8.47704e+06 283320 0.000424425 0.00151273 0.00121327 0.00147936 0.0111149 0.000226331 0.000244289 1.15876e-05 0.0935817 0.000992111 7.22837 0.727274 82.0034 9.4529 1087.31 45.4209 1176.54 46.0232 1176.54 46.0232 0.569712 0.00768959 
200 0.24 978400000 572.549 8.16551 -45.5484 0.347533 2359.98 35.2105 8.47704e+06 283320 0.000424425 0.00151273 0.00121327 0.00147936 0.0111149 0.000226331 0.000244289 1.15876e-05 0.0935817 0.000992111 7.22837 0.727274 82.0034 9.4529 1087.31 45.4209 1176.54 46.0232 1176.54 46.0232 0.569712 0.00768959 
200 0.24 978800000 572.549 8.16551 -45.5484 0.347533 2359.98 35.1762 8.47704e+06 283090 0.000424425 0.00151029 0.00121327 0.00147936 0.0111149 0.000226331 0.000244289 1.15876e-05 0.0935817 0.000992111 7.22837 0.72609 82.0034 9.4529 1087.31 45.4209 1176.54 46.0232 1176.54 46.0232 0.569712 0.00768959 
200 0.24 979200000 572.549 8.16551 -45.5484 0.347533 2359.98 35.1762 8.47704e+06 283090 0.000424425 0.00151029 0.00121327 0.00147936 0.0111149 0.000226331 0.000244289 1.15876e-05 0.0935817 0.000992111 7.22837 0.72609 82.0034 9.4529 1087.31 45.4209 1176.54 46.0232 1176.54 46.0232 0.569712 0.00768959 
200 0.24 979600000 572.549 8.16551 -45.5484 0.347533 2359.98 35.1762 8.47704e+06 283090 0.000424425 0.00151029 0.00121327 0.00147936 0.0111149 0.000226331 0.000244289 1.15876e-05 0.0935817 0.000992111 7.22837 0.72609 82.0034 9.4529 1087.31 45.4209 1176.54 46.0232 1176.54 46.0232 0.569712 0.00768959 
200 0.24 980000000 572.549 8.16551 -45.5484 0.347533 2359.98 35.1762 8.47704e+06 283090 0.000424425 0.00151029 0.00121327 0.00147936 0.0111149 0.000226331 0.000244289 1.15876e-05 0.0935817 0.000992111 7.22837 0.72609 82.0034 9.4529 1087.31 45.4209 1176.54 46.0232 1176.54 46.0232 0.569712 0.00768959 
200 0.24 980400000 571.983 8.12734 -45.4877 0.346933 2359.44 35.1674 8.53674e+06 282817 0.000529866 0.00150975 0.00183713 0.00147633 0.0111316 0.00022549 0.000245504 1.15235e-05 0.0936284 0.00098908 7.24678 0.724897 82.4553 8.96618 1082.16 45.4209 1171.86 46.0232 1171.86 46.0232 0.568068 0.00768959 
200 0.24 980800000 571.983 8.12734 -45.4877 0.346933 2359.44 35.1674 8.53674e+06 282817 0.000529866 0.00150975 0.00183713 0.00147633 0.0111316 0.00022549 0.000245504 1.15235e-05 0.0936284 0.00098908 7.24678 0.724897 82.4553 8.96618 1082.16 45.4209 1171.86 46.0232 1171.86 46.0232 0.568068 0.00768959 
200 0.24 981200000 571.983 8.12734 -45.4877 0.346933 2359.44 35.1674 8.53674e+06 282817 0.000529866 0.00150975 0.00183713 0.00147633 0.0111316 0.00022549 0.000245504 1.15235e-05 0.0936284 0.00098908 7.24678 0.724897 82.4553 8.96618 1082.16 45.4209 1171.86 46.0232 1171.86 46.0232 0.568068 0.00768959 
200 0.24 981600000 571.983 8.12734 -45.4877 0.346933 2359.44 35.1674 8.53674e+06 282817 0.000529866 0.00150975 0.00183713 0.00147633 0.0111316 0.00022549 0.000245504 1.15235e-05 0.0936284 0.00098908 7.24678 0.724897 82.4553 8.96618 1082.16 45.4209 1171.86 46.0232 1171.86 46.0232 0.568068 0.00768959 
200 0.24 982000000 571.983 8.12734 -45.4877 0.34678 2359.44 35.1389 8.53674e+06 282407 0.000529866 0.00150745 0.00183713 0.00147633 0.0111316 0.00022549 0.000245504 1.15235e-05 0.0936284 0.00098908 7.24678 0.723722 82.4553 8.96618 1082.16 45.4209 1171.86 46.0232 1171.86 46.0232 0.568068 0.00768959 
200 0.24 982400000 571.983 8.12734 -45.4877 0.34678 2359.44 35.1389 8.53674e+06 282407 0.000529866 0.00150745 0.00183713 0.00147633 0.0111316 0.00022549 0.000245504 1.15235e-05 0.0936284 0.00098908 7.24678 0.723722 82.4553 8.96618 1082.16 45.4209 1171.86 46.0232 1171.86 46.0232 0.568068 0.00768959 
200 0.24 982800000 571.983 8.12734 -45.4877 0.34678 2359.44 35.1389 8.53674e+06 282407 0.000529866 0.00150745 0.00183713 0.00147633 0.0111316 0.00022549 0.000245504 1.15235e-05 0.0936284 0.00098908 7.24678 0.723722 82.4553 8.96618 1082.16 45.4209 1171.86 46.0232 1171.86 46.0232 0.568068 0.00768959 
200 0.24 983200000 571.983 8.12734 -45.4877 0.34678 2359.44 35.1389 8.53674e+06 282407 0.000529866 0.00150745 0.00183713 0.00147633 0.0111316 0.00022549 0.000245504 1.15235e-05 0.0936284 0.00098908 7.24678 0.723722 82.4553 8.96618 1082.16 45.4209 1171.86 46.0232 1171.86 46.0232 0.568068 0.00768959 
200 0.24 983600000 571.983 8.12734 -45.4877 0.346414 2359.44 35.1043 8.53674e+06 282085 0.000529866 0.0015054 0.00183713 0.00147308 0.0111316 0.000224913 0.000245504 1.15235e-05 0.0936284 0.000985838 7.24678 0.722541 82.4553 8.96618 1082.16 45.4209 1171.86 46.0232 1171.86 46.0232 0.568068 0.00768959 
200 0.24 984000000 571.983 8.12734 -45.4877 0.346414 2359.44 35.1043 8.53674e+06 282085 0.000529866 0.0015054 0.00183713 0.00147308 0.0111316 0.000224913 0.000245504 1.15235e-05 0.0936284 0.000985838 7.24678 0.722541 82.4553 8.96618 1082.16 45.4209 1171.86 46.0232 1171.86 46.0232 0.568068 0.00768959 
200 0.24 984400000 571.983 8.12734 -45.4877 0.346414 2359.44 35.1043 8.53674e+06 282085 0.000529866 0.0015054 0.00183713 0.00147308 0.0111316 0.000224913 0.000245504 1.15235e-05 0.0936284 0.000985838 7.24678 0.722541 82.4553 8.96618 1082.16 45.4209 1171.86 46.0232 1171.86 46.0232 0.568068 0.00768959 
200 0.24 984800000 571.983 8.12734 -45.4877 0.346414 2359.44 35.1043 8.53674e+06 282085 0.000529866 0.0015054 0.00183713 0.00147308 0.0111316 0.000224913 0.000245504 1.15235e-05 0.0936284 0.000985838 7.24678 0.722541 82.4553 8.96618 1082.16 45.4209 1171.86 46.0232 1171.86 46.0232 0.568068 0.00768959 
200 0.24 985200000 571.983 8.12734 -45.4877 0.345943 2359.44 35.0534 8.53674e+06 281635 0.000529866 0.0015041 0.00183713 0.00147308 0.0111316 0.000224913 0.000245504 1.15235e-05 0.0936284 0.000985838 7.24678 0.72136 82.4553 8.96618 1082.16 45.4209 1171.86 46.0232 1171.86 46.0232 0.568068 0.00768959 
200 0.24 985600000 571.983 8.12734 -45.4877 0.345943 2359.44 35.0534 8.53674e+06 281635 0.000529866 0.0015041 0.00183713 0.00147308 0.0111316 0.000224913 0.000245504 1.15235e-05 0.0936284 0.000985838 7.24678 0.72136 82.4553 8.96618 1082.16 45.4209 1171.86 46.0232 1171.86 46.0232 0.568068 0.00768959 
200 0.24 986000000 571.983 8.12734 -45.4877 0.345943 2359.44 35.0534 8.53674e+06 281635 0.000529866 0.0015041 0.00183713 0.00147308 0.0111316 0.000224913 0.000245504 1.15235e-05 0.0936284 0.000985838 7.24678 0.72136 82.4553 8.96618 1082.16 45.4209 1171.86 46.0232 1171.86 46.0232 0.568068 0.00768959 
200 0.24 986400000 571.983 8.12734 -45.4877 0.345943 2359.44 35.0534 8.53674e+06 281635 0.000529866 0.0015041 0.00183713 0.00147308 0.0111316 0.000224913 0.000245504 1.15235e-05 0.0936284 0.000985838 7.24678 0.72136 82.4553 8.96618 1082.16 45.4209 1171.86 46.0232 1171.86 46.0232 0.568068 0.00768959 
200 0.24 986800000 571.983 8.11315 -45.4877 0.345439 2359.44 34.9978 8.53674e+06 281178 0.000529866 0.00150206 0.00183713 0.00147145 0.0111316 0.000224041 0.000245504 1.14483e-05 0.0936284 0.000982732 7.24678 0.720181 82.4553 8.96618 1082.16 45.4209 1171.86 46.0232 1171.86 46.0232 0.568068 0.00768959 
200 0.24 987200000 571.983 8.11315 -45.4877 0.345439 2359.44 34.9978 8.53674e+06 281178 0.000529866 0.00150206 0.00183713 0.00147145 0.0111316 0.000224041 0.000245504 1.14483e-05 0.0936284 0.000982732 7.24678 0.720181 82.4553 8.96618 1082.16 45.4209 1171.86 46.0232 1171.86 46.0232 0.568068 0.00768959 
200 0.24 987600000 571.983 8.11315 -45.4877 0.345439 2359.44 34.9978 8.53674e+06 281178 0.000529866 0.00150206 0.00183713 0.00147145 0.0111316 0.000224041 0.000245504 1.14483e-05 0.0936284 0.000982732 7.24678 0.720181 82.4553 8.96618 1082.16 45.4209 1171.86 46.0232 1171.86 46.0232 0.568068 0.00768959 
200 0.24 988000000 571.983 8.11315 -45.4877 0.345439 2359.44 34.9978 8.53674e+06 281178 0.000529866 0.00150206 0.00183713 0.00147145 0.0111316 0.000224041 0.000245504 1.14483e-05 0.0936284 0.000982732 7.24678 0.720181 82.4553 8.96618 1082.16 45.4209 1171.86 46.0232 1171.86 46.0232 0.568068 0.00768959 
200 0.24 988400000 571.983 8.11315 -45.4877 0.345094 2359.44 34.9686 8.53674e+06 280886 0.000529866 0.0015 0.00183713 0.00147145 0.0111316 0.000224041 0.000245504 1.14483e-05 0.0936284 0.000982732 7.24678 0.719059 82.4553 8.96618 1082.16 45.4209 1171.86 46.0232 1171.86 46.0232 0.568068 0.00768959 
200 0.24 988800000 571.983 8.11315 -45.4877 0.345094 2359.44 34.9686 8.53674e+06 280886 0.000529866 0.0015 0.00183713 0.00147145 0.0111316 0.000224041 0.000245504 1.14483e-05 0.0936284 0.000982732 7.24678 0.719059 82.4553 8.96618 1082.16 45.4209 1171.86 46.0232 1171.86 46.0232 0.568068 0.00768959 
200 0.24 989200000 571.983 8.11315 -45.4877 0.345094 2359.44 34.9686 8.53674e+06 280886 0.000529866 0.0015 0.00183713 0.00147145 0.0111316 0.000224041 0.000245504 1.14483e-05 0.0936284 0.000982732 7.24678 0.719059 82.4553 8.96618 1082.16 45.4209 1171.86 46.0232 1171.86 46.0232 0.568068 0.00768959 
200 0.24 989600000 571.983 8.11315 -45.4877 0.345094 2359.44 34.9686 8.53674e+06 280886 0.000529866 0.0015 0.00183713 0.00147145 0.0111316 0.000224041 0.000245504 1.14483e-05 0.0936284 0.000982732 7.24678 0.719059 82.4553 8.96618 1082.16 45.4209 1171.86 46.0232 1171.86 46.0232 0.568068 0.00768959 
200 0.24 990000000 571.983 8.11315 -45.4877 0.345134 2359.44 34.9711 8.53674e+06 280675 0.000529866 0.00149975 0.00183713 0.00146872 0.0111316 0.000223781 0.000245504 1.14483e-05 0.0936284 0.000980974 7.24678 0.717892 82.4553 8.96618 1082.16 45.4209 1171.86 46.0232 1171.86 46.0232 0.568068 0.00768959 
200 0.24 990400000 571.983 8.11315 -45.4877 0.345134 2359.44 34.9711 8.53674e+06 280675 0.000529866 0.00149975 0.00183713 0.00146872 0.0111316 0.000223781 0.000245504 1.14483e-05 0.0936284 0.000980974 7.24678 0.717892 82.4553 8.96618 1082.16 45.4209 1171.86 46.0232 1171.86 46.0232 0.568068 0.00768959 
200 0.24 990800000 571.983 8.11315 -45.4877 0.345134 2359.44 34.9711 8.53674e+06 280675 0.000529866 0.00149975 0.00183713 0.00146872 0.0111316 0.000223781 0.000245504 1.14483e-05 0.0936284 0.000980974 7.24678 0.717892 82.4553 8.96618 1082.16 45.4209 1171.86 46.0232 1171.86 46.0232 0.568068 0.00768959 
200 0.24 991200000 571.983 8.11315 -45.4877 0.345134 2359.44 34.9711 8.53674e+06 280675 0.000529866 0.00149975 0.00183713 0.00146872 0.0111316 0.000223781 0.000245504 1.14483e-05 0.0936284 0.000980974 7.24678 0.717892 82.4553 8.96618 1082.16 45.4209 1171.86 46.0232 1171.86 46.0232 0.568068 0.00768959 
200 0.24 991600000 571.983 8.11315 -45.4877 0.346519 2359.44 35.0052 8.53674e+06 280483 0.000529866 0.00149735 0.00183713 0.00146872 0.0111316 0.000223781 0.000245504 1.14483e-05 0.0936284 0.000980974 7.24678 0.716725 82.4553 8.96618 1082.16 45.4209 1171.86 46.0232 1171.86 46.0232 0.568068 0.00768959 
200 0.24 992000000 571.983 8.11315 -45.4877 0.346519 2359.44 35.0052 8.53674e+06 280483 0.000529866 0.00149735 0.00183713 0.00146872 0.0111316 0.000223781 0.000245504 1.14483e-05 0.0936284 0.000980974 7.24678 0.716725 82.4553 8.96618 1082.16 45.4209 1171.86 46.0232 1171.86 46.0232 0.568068 0.00768959 
200 0.24 992400000 571.983 8.11315 -45.4877 0.346519 2359.44 35.0052 8.53674e+06 280483 0.000529866 0.00149735 0.00183713 0.00146872 0.0111316 0.000223781 0.000245504 1.14483e-05 0.0936284 0.000980974 7.24678 0.716725 82.4553 8.96618 1082.16 45.4209 1171.86 46.0232 1171.86 46.0232 0.568068 0.00768959 
200 0.24 992800000 571.983 8.11315 -45.4877 0.346519 2359.44 35.0052 8.53674e+06 280483 0.000529866 0.00149735 0.00183713 0.00146872 0.0111316 0.000223781 0.000245504 1.14483e-05 0.0936284 0.000980974 7.24678 0.716725 82.4553 8.96618 1082.16 45.4209 1171.86 46.0232 1171.86 46.0232 0.568068 0.00768959 
200 0.24 993200000 571.983 8.09167 -45.4877 0.346027 2359.44 34.9553 8.53674e+06 280052 0.000529866 0.00149588 0.00183713 0.00146412 0.0111316 0.000224365 0.000245504 1.14418e-05 0.0936284 0.000981435 7.24678 0.715585 82.4553 8.96618 1082.16 45.4209 1171.86 46.0232 1171.86 46.0232 0.568068 0.00768959 
200 0.24 993600000 571.983 8.09167 -45.4877 0.346027 2359.44 34.9553 8.53674e+06 280052 0.000529866 0.00149588 0.00183713 0.00146412 0.0111316 0.000224365 0.000245504 1.14418e-05 0.0936284 0.000981435 7.24678 0.715585 82.4553 8.96618 1082.16 45.4209 1171.86 46.0232 1171.86 46.0232 0.568068 0.00768959 
200 0.24 994000000 571.983 8.09167 -45.4877 0.346027 2359.44 34.9553 8.53674e+06 280052 0.000529866 0.00149588 0.00183713 0.00146412 0.0111316 0.000224365 0.000245504 1.14418e-05 0.0936284 0.000981435 7.24678 0.715585 82.4553 8.96618 1082.16 45.4209 1171.86 46.0232 1171.86 46.0232 0.568068 0.00768959 
200 0.24 994400000 571.983 8.09167 -45.4877 0.346027 2359.44 34.9553 8.53674e+06 280052 0.000529866 0.00149588 0.00183713 0.00146412 0.0111316 0.000224365 0.000245504 1.14418e-05 0.0936284 0.000981435 7.24678 0.715585 82.4553 8.96618 1082.16 45.4209 1171.86 46.0232 1171.86 46.0232 0.568068 0.00768959 
200 0.24 994800000 571.983 8.09167 -45.4877 0.345621 2359.44 34.909 8.53674e+06 279656 0.000529866 0.0014942 0.00183713 0.00146412 0.0111316 0.000224365 0.000245504 1.14418e-05 0.0936284 0.000981435 7.24678 0.714453 82.4553 8.96618 1082.16 45.4209 1171.86 46.0232 1171.86 46.0232 0.568068 0.00768959 
200 0.24 995200000 571.983 8.09167 -45.4877 0.345621 2359.44 34.909 8.53674e+06 279656 0.000529866 0.0014942 0.00183713 0.00146412 0.0111316 0.000224365 0.000245504 1.14418e-05 0.0936284 0.000981435 7.24678 0.714453 82.4553 8.96618 1082.16 45.4209 1171.86 46.0232 1171.86 46.0232 0.568068 0.00768959 
200 0.24 995600000 571.983 8.09167 -45.4877 0.345621 2359.44 34.909 8.53674e+06 279656 0.000529866 0.0014942 0.00183713 0.00146412 0.0111316 0.000224365 0.000245504 1.14418e-05 0.0936284 0.000981435 7.24678 0.714453 82.4553 8.96618 1082.16 45.4209 1171.86 46.0232 1171.86 46.0232 0.568068 0.00768959 
200 0.24 996000000 571.983 8.09167 -45.4877 0.345621 2359.44 34.909 8.53674e+06 279656 0.000529866 0.0014942 0.00183713 0.00146412 0.0111316 0.000224365 0.000245504 1.14418e-05 0.0936284 0.000981435 7.24678 0.714453 82.4553 8.96618 1082.16 45.4209 1171.86 46.0232 1171.86 46.0232 0.568068 0.00768959 
200 0.24 996400000 571.983 8.09167 -45.4877 0.345333 2359.44 34.8651 8.53674e+06 279204 0.000529866 0.00149397 0.00183713 0.00145991 0.0111316 0.000224365 0.000245504 1.14418e-05 0.0936284 0.000980867 7.24678 0.713329 82.4553 8.96618 1082.16 45.4209 1171.86 46.0232 1171.86 46.0232 0.568068 0.00768959 
200 0.24 996800000 571.983 8.09167 -45.4877 0.345333 2359.44 34.8651 8.53674e+06 279204 0.000529866 0.00149397 0.00183713 0.00145991 0.0111316 0.000224365 0.000245504 1.14418e-05 0.0936284 0.000980867 7.24678 0.713329 82.4553 8.96618 1082.16 45.4209 1171.86 46.0232 1171.86 46.0232 0.568068 0.00768959 
200 0.24 997200000 571.983 8.09167 -45.4877 0.345333 2359.44 34.8651 8.53674e+06 279204 0.000529866 0.00149397 0.00183713 0.00145991 0.0111316 0.000224365 0.000245504 1.14418e-05 0.0936284 0.000980867 7.24678 0.713329 82.4553 8.96618 1082.16 45.4209 1171.86 46.0232 1171.86 46.0232 0.568068 0.00768959 
200 0.24 997600000 571.983 8.09167 -45.4877 0.345333 2359.44 34.8651 8.53674e+06 279204 0.000529866 0.00149397 0.00183713 0.00145991 0.0111316 0.000224365 0.000245504 1.14418e-05 0.0936284 0.000980867 7.24678 0.713329 82.4553 8.96618 1082.16 45.4209 1171.86 46.0232 1171.86 46.0232 0.568068 0.00768959 
200 0.24 998000000 571.983 8.09167 -45.4877 0.344834 2359.44 34.8231 8.53674e+06 278888 0.000529866 0.00149183 0.00183713 0.00145991 0.0111316 0.000224365 0.000245504 1.14418e-05 0.0936284 0.000980867 7.24678 0.71218 82.4553 8.96618 1082.16 45.4209 1171.86 46.0232 1171.86 46.0232 0.568068 0.00768959 
200 0.24 998400000 571.983 8.09167 -45.4877 0.344834 2359.44 34.8231 8.53674e+06 278888 0.000529866 0.00149183 0.00183713 0.00145991 0.0111316 0.000224365 0.000245504 1.14418e-05 0.0936284 0.000980867 7.24678 0.71218 82.4553 8.96618 1082.16 45.4209 1171.86 46.0232 1171.86 46.0232 0.568068 0.00768959 
200 0.24 998800000 571.983 8.09167 -45.4877 0.344834 2359.44 34.8231 8.53674e+06 278888 0.000529866 0.00149183 0.00183713 0.00145991 0.0111316 0.000224365 0.000245504 1.14418e-05 0.0936284 0.000980867 7.24678 0.71218 82.4553 8.96618 1082.16 45.4209 1171.86 46.0232 1171.86 46.0232 0.568068 0.00768959 
200 0.24 999200000 571.983 8.09167 -45.4877 0.344834 2359.44 34.8231 8.53674e+06 278888 0.000529866 0.00149183 0.00183713 0.00145991 0.0111316 0.000224365 0.000245504 1.14418e-05 0.0936284 0.000980867 7.24678 0.71218 82.4553 8.96618 1082.16 45.4209 1171.86 46.0232 1171.86 46.0232 0.568068 0.00768959 
200 0.24 999600000 571.983 8.05372 -45.4877 0.344283 2359.44 34.767 8.53674e+06 278438 0.000529866 0.00149729 0.00183713 0.0014599 0.0111316 0.000223428 0.000245504 1.13696e-05 0.0936284 0.00097848 7.24678 0.711049 82.4553 8.96618 1082.16 45.4209 1171.86 46.0232 1171.86 46.0232 0.568068 0.00768959 
200 0.24 1000000000 571.983 8.05372 -45.4877 0.344283 2359.44 34.767 8.53674e+06 278438 0.000529866 0.00149729 0.00183713 0.0014599 0.0111316 0.000223428 0.000245504 1.13696e-05 0.0936284 0.00097848 7.24678 0.711049 82.4553 8.96618 1082.16 45.4209 1171.86 46.0232 1171.86 46.0232 0.568068 0.00768959 
200 0.24 1000400000 571.983 8.05372 -45.4877 0.344283 2359.44 34.767 8.53674e+06 278438 0.000529866 0.00149729 0.00183713 0.0014599 0.0111316 0.000223428 0.000245504 1.13696e-05 0.0936284 0.00097848 7.24678 0.711049 82.4553 8.96618 1082.16 45.4209 1171.86 46.0232 1171.86 46.0232 0.568068 0.00768959 
200 0.24 1000800000 571.983 8.05372 -45.4877 0.344283 2359.44 34.767 8.53674e+06 278438 0.000529866 0.00149729 0.00183713 0.0014599 0.0111316 0.000223428 0.000245504 1.13696e-05 0.0936284 0.00097848 7.24678 0.711049 82.4553 8.96618 1082.16 45.4209 1171.86 46.0232 1171.86 46.0232 0.568068 0.00768959 
200 0.24 1001200000 571.983 8.05372 -45.4877 0.344262 2359.44 34.7497 8.53674e+06 278160 0.000529866 0.00149489 0.00183713 0.0014599 0.0111316 0.000223428 0.000245504 1.13696e-05 0.0936284 0.00097848 7.24678 0.709905 82.4553 8.96618 1082.16 45.4209 1171.86 46.0232 1171.86 46.0232 0.568068 0.00768959 
200 0.24 1001600000 571.983 8.05372 -45.4877 0.344262 2359.44 34.7497 8.53674e+06 278160 0.000529866 0.00149489 0.00183713 0.0014599 0.0111316 0.000223428 0.000245504 1.13696e-05 0.0936284 0.00097848 7.24678 0.709905 82.4553 8.96618 1082.16 45.4209 1171.86 46.0232 1171.86 46.0232 0.568068 0.00768959 
200 0.24 1002000000 571.983 8.05372 -45.4877 0.344262 2359.44 34.7497 8.53674e+06 278160 0.000529866 0.00149489 0.00183713 0.0014599 0.0111316 0.000223428 0.000245504 1.13696e-05 0.0936284 0.00097848 7.24678 0.709905 82.4553 8.96618 1082.16 45.4209 1171.86 46.0232 1171.86 46.0232 0.568068 0.00768959 
200 0.24 1002400000 571.983 8.05372 -45.4877 0.344262 2359.44 34.7497 8.53674e+06 278160 0.000529866 0.00149489 0.00183713 0.0014599 0.0111316 0.000223428 0.000245504 1.13696e-05 0.0936284 0.00097848 7.24678 0.709905 82.4553 8.96618 1082.16 45.4209 1171.86 46.0232 1171.86 46.0232 0.568068 0.00768959 
200 0.24 1002800000 571.983 8.05372 -45.4877 0.343711 2359.44 34.6941 8.53674e+06 277720 0.000529866 0.00149398 0.00183713 0.00145544 0.0111316 0.000223 0.000245504 1.13696e-05 0.0936284 0.000975364 7.24678 0.708765 82.4553 8.96618 1082.16 45.4209 1171.86 46.0232 1171.86 46.0232 0.568068 0.00768959 
200 0.24 1003200000 571.983 8.05372 -45.4877 0.343711 2359.44 34.6941 8.53674e+06 277720 0.000529866 0.00149398 0.00183713 0.00145544 0.0111316 0.000223 0.000245504 1.13696e-05 0.0936284 0.000975364 7.24678 0.708765 82.4553 8.96618 1082.16 45.4209 1171.86 46.0232 1171.86 46.0232 0.568068 0.00768959 
200 0.24 1003600000 571.983 8.05372 -45.4877 0.343711 2359.44 34.6941 8.53674e+06 277720 0.000529866 0.00149398 0.00183713 0.00145544 0.0111316 0.000223 0.000245504 1.13696e-05 0.0936284 0.000975364 7.24678 0.708765 82.4553 8.96618 1082.16 45.4209 1171.86 46.0232 1171.86 46.0232 0.568068 0.00768959 
200 0.24 1004000000 571.983 8.05372 -45.4877 0.343711 2359.44 34.6941 8.53674e+06 277720 0.000529866 0.00149398 0.00183713 0.00145544 0.0111316 0.000223 0.000245504 1.13696e-05 0.0936284 0.000975364 7.24678 0.708765 82.4553 8.96618 1082.16 45.4209 1171.86 46.0232 1171.86 46.0232 0.568068 0.00768959 
200 0.24 1004400000 571.983 8.05372 -45.4877 0.343237 2359.44 34.6388 8.53674e+06 277310 0.000529866 0.00149295 0.00183713 0.00145544 0.0111316 0.000223 0.000245504 1.13696e-05 0.0936284 0.000975364 7.24678 0.707636 82.4553 8.96618 1082.16 45.4209 1171.86 46.0232 1171.86 46.0232 0.568068 0.00768959 
200 0.24 1004800000 571.983 8.05372 -45.4877 0.343237 2359.44 34.6388 8.53674e+06 277310 0.000529866 0.00149295 0.00183713 0.00145544 0.0111316 0.000223 0.000245504 1.13696e-05 0.0936284 0.000975364 7.24678 0.707636 82.4553 8.96618 1082.16 45.4209 1171.86 46.0232 1171.86 46.0232 0.568068 0.00768959 
200 0.24 1005200000 571.983 8.05372 -45.4877 0.343237 2359.44 34.6388 8.53674e+06 277310 0.000529866 0.00149295 0.00183713 0.00145544 0.0111316 0.000223 0.000245504 1.13696e-05 0.0936284 0.000975364 7.24678 0.707636 82.4553 8.96618 1082.16 45.4209 1171.86 46.0232 1171.86 46.0232 0.568068 0.00768959 
200 0.24 1005600000 571.983 8.05372 -45.4877 0.343237 2359.44 34.6388 8.53674e+06 277310 0.000529866 0.00149295 0.00183713 0.00145544 0.0111316 0.000223 0.000245504 1.13696e-05 0.0936284 0.000975364 7.24678 0.707636 82.4553 8.96618 1082.16 45.4209 1171.86 46.0232 1171.86 46.0232 0.568068 0.00768959 
200 0.24 1006000000 571.983 8.00835 -45.4877 0.342813 2359.44 34.6005 8.53674e+06 276985 0.000529866 0.00149147 0.00183713 0.0014508 0.0111316 0.000222103 0.000245504 1.12976e-05 0.0936284 0.000973013 7.24678 0.706513 82.4553 8.96618 1082.16 45.4209 1171.86 46.0232 1171.86 46.0232 0.568068 0.00768959 
200 0.24 1006400000 571.983 8.00835 -45.4877 0.342813 2359.44 34.6005 8.53674e+06 276985 0.000529866 0.00149147 0.00183713 0.0014508 0.0111316 0.000222103 0.000245504 1.12976e-05 0.0936284 0.000973013 7.24678 0.706513 82.4553 8.96618 1082.16 45.4209 1171.86 46.0232 1171.86 46.0232 0.568068 0.00768959 
200 0.24 1006800000 571.983 8.00835 -45.4877 0.342813 2359.44 34.6005 8.53674e+06 276985 0.000529866 0.00149147 0.00183713 0.0014508 0.0111316 0.000222103 0.000245504 1.12976e-05 0.0936284 0.000973013 7.24678 0.706513 82.4553 8.96618 1082.16 45.4209 1171.86 46.0232 1171.86 46.0232 0.568068 0.00768959 
200 0.24 1007200000 571.983 8.00835 -45.4877 0.342813 2359.44 34.6005 8.53674e+06 276985 0.000529866 0.00149147 0.00183713 0.0014508 0.0111316 0.000222103 0.000245504 1.12976e-05 0.0936284 0.000973013 7.24678 0.706513 82.4553 8.96618 1082.16 45.4209 1171.86 46.0232 1171.86 46.0232 0.568068 0.00768959 
200 0.24 1007600000 571.983 8.00835 -45.4877 0.342283 2359.44 34.551 8.53674e+06 276609 0.000529866 0.00148917 0.00183713 0.0014508 0.0111316 0.000222103 0.000245504 1.12976e-05 0.0936284 0.000973013 7.24678 0.705384 82.4553 8.96618 1082.16 45.4209 1171.86 46.0232 1171.86 46.0232 0.568068 0.00768959 
200 0.24 1008000000 571.983 8.00835 -45.4877 0.342283 2359.44 34.551 8.53674e+06 276609 0.000529866 0.00148917 0.00183713 0.0014508 0.0111316 0.000222103 0.000245504 1.12976e-05 0.0936284 0.000973013 7.24678 0.705384 82.4553 8.96618 1082.16 45.4209 1171.86 46.0232 1171.86 46.0232 0.568068 0.00768959 
200 0.24 1008400000 571.983 8.00835 -45.4877 0.342283 2359.44 34.551 8.53674e+06 276609 0.000529866 0.00148917 0.00183713 0.0014508 0.0111316 0.000222103 0.000245504 1.12976e-05 0.0936284 0.000973013 7.24678 0.705384 82.4553 8.96618 1082.16 45.4209 1171.86 46.0232 1171.86 46.0232 0.568068 0.00768959 
200 0.24 1008800000 571.983 8.00835 -45.4877 0.342283 2359.44 34.551 8.53674e+06 276609 0.000529866 0.00148917 0.00183713 0.0014508 0.0111316 0.000222103 0.000245504 1.12976e-05 0.0936284 0.000973013 7.24678 0.705384 82.4553 8.96618 1082.16 45.4209 1171.86 46.0232 1171.86 46.0232 0.568068 0.00768959 
200 0.24 1009200000 571.983 8.00835 -45.4877 0.341776 2359.44 34.4959 8.53674e+06 276196 0.000529866 0.00148731 0.00183713 0.00144952 0.0111316 0.000221707 0.000245504 1.12976e-05 0.0936284 0.000972083 7.24678 0.704259 82.4553 8.96618 1082.16 45.4209 1171.86 46.0232 1171.86 46.0232 0.568068 0.00768959 
200 0.24 1009600000 571.983 8.00835 -45.4877 0.341776 2359.44 34.4959 8.53674e+06 276196 0.000529866 0.00148731 0.00183713 0.00144952 0.0111316 0.000221707 0.000245504 1.12976e-05 0.0936284 0.000972083 7.24678 0.704259 82.4553 8.96618 1082.16 45.4209 1171.86 46.0232 1171.86 46.0232 0.568068 0.00768959 
200 0.24 1010000000 571.983 8.00835 -45.4877 0.341776 2359.44 34.4959 8.53674e+06 276196 0.000529866 0.00148731 0.00183713 0.00144952 0.0111316 0.000221707 0.000245504 1.12976e-05 0.0936284 0.000972083 7.24678 0.704259 82.4553 8.96618 1082.16 45.4209 1171.86 46.0232 1171.86 46.0232 0.568068 0.00768959 
200 0.24 1010400000 571.983 8.00835 -45.4877 0.341776 2359.44 34.4959 8.53674e+06 276196 0.000529866 0.00148731 0.00183713 0.00144952 0.0111316 0.000221707 0.000245504 1.12976e-05 0.0936284 0.000972083 7.24678 0.704259 82.4553 8.96618 1082.16 45.4209 1171.86 46.0232 1171.86 46.0232 0.568068 0.00768959 
200 0.24 1010800000 571.983 8.00835 -45.4877 0.341736 2359.44 34.5139 8.53674e+06 276516 0.000529866 0.00148507 0.00183713 0.00144952 0.0111316 0.000221707 0.000245504 1.12976e-05 0.0936284 0.000972083 7.24678 0.703151 82.4553 8.96618 1082.16 45.4209 1171.86 46.0232 1171.86 46.0232 0.568068 0.00768959 
200 0.24 1011200000 571.983 8.00835 -45.4877 0.341736 2359.44 34.5139 8.53674e+06 276516 0.000529866 0.00148507 0.00183713 0.00144952 0.0111316 0.000221707 0.000245504 1.12976e-05 0.0936284 0.000972083 7.24678 0.703151 82.4553 8.96618 1082.16 45.4209 1171.86 46.0232 1171.86 46.0232 0.568068 0.00768959 
200 0.24 1011600000 571.983 8.00835 -45.4877 0.341736 2359.44 34.5139 8.53674e+06 276516 0.000529866 0.00148507 0.00183713 0.00144952 0.0111316 0.000221707 0.000245504 1.12976e-05 0.0936284 0.000972083 7.24678 0.703151 82.4553 8.96618 1082.16 45.4209 1171.86 46.0232 1171.86 46.0232 0.568068 0.00768959 
200 0.24 1012000000 571.983 8.00835 -45.4877 0.341736 2359.44 34.5139 8.53674e+06 276516 0.000529866 0.00148507 0.00183713 0.00144952 0.0111316 0.000221707 0.000245504 1.12976e-05 0.0936284 0.000972083 7.24678 0.703151 82.4553 8.96618 1082.16 45.4209 1171.86 46.0232 1171.86 46.0232 0.568068 0.00768959 
200 0.24 1012400000 571.983 7.96945 -45.4877 0.341398 2359.44 34.4788 8.53674e+06 276177 0.000529866 0.00148305 0.00183713 0.00144679 0.0111316 0.00022203 0.000245504 1.12459e-05 0.0936284 0.000972929 7.24678 0.702047 82.4553 8.96618 1082.16 45.4209 1171.86 46.0232 1171.86 46.0232 0.568068 0.00768959 
200 0.24 1012800000 571.983 7.96945 -45.4877 0.341398 2359.44 34.4788 8.53674e+06 276177 0.000529866 0.00148305 0.00183713 0.00144679 0.0111316 0.00022203 0.000245504 1.12459e-05 0.0936284 0.000972929 7.24678 0.702047 82.4553 8.96618 1082.16 45.4209 1171.86 46.0232 1171.86 46.0232 0.568068 0.00768959 
200 0.24 1013200000 571.983 7.96945 -45.4877 0.341398 2359.44 34.4788 8.53674e+06 276177 0.000529866 0.00148305 0.00183713 0.00144679 0.0111316 0.00022203 0.000245504 1.12459e-05 0.0936284 0.000972929 7.24678 0.702047 82.4553 8.96618 1082.16 45.4209 1171.86 46.0232 1171.86 46.0232 0.568068 0.00768959 
200 0.24 1013600000 571.983 7.96945 -45.4877 0.341398 2359.44 34.4788 8.53674e+06 276177 0.000529866 0.00148305 0.00183713 0.00144679 0.0111316 0.00022203 0.000245504 1.12459e-05 0.0936284 0.000972929 7.24678 0.702047 82.4553 8.96618 1082.16 45.4209 1171.86 46.0232 1171.86 46.0232 0.568068 0.00768959 
200 0.24 1014000000 571.983 7.96945 -45.4877 0.340945 2359.44 34.4272 8.53674e+06 275739 0.000529866 0.00148142 0.00183713 0.00144679 0.0111316 0.00022203 0.000245504 1.12459e-05 0.0936284 0.000972929 7.24678 0.700938 82.4553 8.96618 1082.16 45.4209 1171.86 46.0232 1171.86 46.0232 0.568068 0.00768959 
200 0.24 1014400000 571.983 7.96945 -45.4877 0.340945 2359.44 34.4272 8.53674e+06 275739 0.000529866 0.00148142 0.00183713 0.00144679 0.0111316 0.00022203 0.000245504 1.12459e-05 0.0936284 0.000972929 7.24678 0.700938 82.4553 8.96618 1082.16 45.4209 1171.86 46.0232 1171.86 46.0232 0.568068 0.00768959 
200 0.24 1014800000 571.983 7.96945 -45.4877 0.340945 2359.44 34.4272 8.53674e+06 275739 0.000529866 0.00148142 0.00183713 0.00144679 0.0111316 0.00022203 0.000245504 1.12459e-05 0.0936284 0.000972929 7.24678 0.700938 82.4553 8.96618 1082.16 45.4209 1171.86 46.0232 1171.86 46.0232 0.568068 0.00768959 
200 0.24 1015200000 571.983 7.96945 -45.4877 0.340945 2359.44 34.4272 8.53674e+06 275739 0.000529866 0.00148142 0.00183713 0.00144679 0.0111316 0.00022203 0.000245504 1.12459e-05 0.0936284 0.000972929 7.24678 0.700938 82.4553 8.96618 1082.16 45.4209 1171.86 46.0232 1171.86 46.0232 0.568068 0.00768959 
200 0.24 1015600000 571.983 7.96945 -45.4877 0.340421 2359.44 34.3726 8.53674e+06 275314 0.000529866 0.00147918 0.00183713 0.00144392 0.0111316 0.00022203 0.000245504 1.12459e-05 0.0936284 0.00097012 7.24678 0.699826 82.4553 8.96618 1082.16 45.4209 1171.86 46.0232 1171.86 46.0232 0.568068 0.00768959 
200 0.24 1016000000 571.983 7.96945 -45.4877 0.340421 2359.44 34.3726 8.53674e+06 275314 0.000529866 0.00147918 0.00183713 0.00144392 0.0111316 0.00022203 0.000245504 1.12459e-05 0.0936284 0.00097012 7.24678 0.699826 82.4553 8.96618 1082.16 45.4209 1171.86 46.0232 1171.86 46.0232 0.568068 0.00768959 
200 0.24 1016400000 571.983 7.96945 -45.4877 0.340421 2359.44 34.3726 8.53674e+06 275314 0.000529866 0.00147918 0.00183713 0.00144392 0.0111316 0.00022203 0.000245504 1.12459e-05 0.0936284 0.00097012 7.24678 0.699826 82.4553 8.96618 1082.16 45.4209 1171.86 46.0232 1171.86 46.0232 0.568068 0.00768959 
200 0.24 1016800000 571.983 7.96945 -45.4877 0.340421 2359.44 34.3726 8.53674e+06 275314 0.000529866 0.00147918 0.00183713 0.00144392 0.0111316 0.00022203 0.000245504 1.12459e-05 0.0936284 0.00097012 7.24678 0.699826 82.4553 8.96618 1082.16 45.4209 1171.86 46.0232 1171.86 46.0232 0.568068 0.00768959 
200 0.24 1017200000 571.983 7.96945 -45.4877 0.340182 2359.44 34.348 8.53674e+06 275091 0.000529866 0.00147785 0.00183713 0.00144392 0.0111316 0.00022203 0.000245504 1.12459e-05 0.0936284 0.00097012 7.24678 0.698729 82.4553 8.96618 1082.16 45.4209 1171.86 46.0232 1171.86 46.0232 0.568068 0.00768959 
200 0.24 1017600000 571.983 7.96945 -45.4877 0.340182 2359.44 34.348 8.53674e+06 275091 0.000529866 0.00147785 0.00183713 0.00144392 0.0111316 0.00022203 0.000245504 1.12459e-05 0.0936284 0.00097012 7.24678 0.698729 82.4553 8.96618 1082.16 45.4209 1171.86 46.0232 1171.86 46.0232 0.568068 0.00768959 
200 0.24 1018000000 571.983 7.96945 -45.4877 0.340182 2359.44 34.348 8.53674e+06 275091 0.000529866 0.00147785 0.00183713 0.00144392 0.0111316 0.00022203 0.000245504 1.12459e-05 0.0936284 0.00097012 7.24678 0.698729 82.4553 8.96618 1082.16 45.4209 1171.86 46.0232 1171.86 46.0232 0.568068 0.00768959 
200 0.24 1018400000 571.983 7.96945 -45.4877 0.340182 2359.44 34.348 8.53674e+06 275091 0.000529866 0.00147785 0.00183713 0.00144392 0.0111316 0.00022203 0.000245504 1.12459e-05 0.0936284 0.00097012 7.24678 0.698729 82.4553 8.96618 1082.16 45.4209 1171.86 46.0232 1171.86 46.0232 0.568068 0.00768959 
200 0.24 1018800000 571.983 7.92771 -45.4877 0.339748 2359.44 34.3036 8.53674e+06 274718 0.000529866 0.0014773 0.00183713 0.00143954 0.0111316 0.000220654 0.000245504 1.11748e-05 0.0936284 0.000968207 7.24678 0.697638 82.4553 8.96618 1082.16 45.4209 1171.86 46.0232 1171.86 46.0232 0.568068 0.00768959 
200 0.24 1019200000 571.983 7.92771 -45.4877 0.339748 2359.44 34.3036 8.53674e+06 274718 0.000529866 0.0014773 0.00183713 0.00143954 0.0111316 0.000220654 0.000245504 1.11748e-05 0.0936284 0.000968207 7.24678 0.697638 82.4553 8.96618 1082.16 45.4209 1171.86 46.0232 1171.86 46.0232 0.568068 0.00768959 
200 0.24 1019600000 571.983 7.92771 -45.4877 0.339748 2359.44 34.3036 8.53674e+06 274718 0.000529866 0.0014773 0.00183713 0.00143954 0.0111316 0.000220654 0.000245504 1.11748e-05 0.0936284 0.000968207 7.24678 0.697638 82.4553 8.96618 1082.16 45.4209 1171.86 46.0232 1171.86 46.0232 0.568068 0.00768959 
200 0.24 1020000000 571.983 7.92771 -45.4877 0.339748 2359.44 34.3036 8.53674e+06 274718 0.000529866 0.0014773 0.00183713 0.00143954 0.0111316 0.000220654 0.000245504 1.11748e-05 0.0936284 0.000968207 7.24678 0.697638 82.4553 8.96618 1082.16 45.4209 1171.86 46.0232 1171.86 46.0232 0.568068 0.00768959 
200 0.24 1020400000 571.983 7.92023 -45.4877 0.339256 2359.44 34.2609 8.53674e+06 274399 0.000529866 0.00147709 0.00183713 0.00143954 0.0111316 0.000220654 0.000245504 1.11748e-05 0.0936284 0.000968207 7.24678 0.696536 82.4553 8.96618 1082.16 45.4209 1171.86 46.0232 1171.86 46.0232 0.568068 0.00768959 
200 0.24 1020800000 571.983 7.92023 -45.4877 0.339256 2359.44 34.2609 8.53674e+06 274399 0.000529866 0.00147709 0.00183713 0.00143954 0.0111316 0.000220654 0.000245504 1.11748e-05 0.0936284 0.000968207 7.24678 0.696536 82.4553 8.96618 1082.16 45.4209 1171.86 46.0232 1171.86 46.0232 0.568068 0.00768959 
200 0.24 1021200000 571.983 7.92023 -45.4877 0.339256 2359.44 34.2609 8.53674e+06 274399 0.000529866 0.00147709 0.00183713 0.00143954 0.0111316 0.000220654 0.000245504 1.11748e-05 0.0936284 0.000968207 7.24678 0.696536 82.4553 8.96618 1082.16 45.4209 1171.86 46.0232 1171.86 46.0232 0.568068 0.00768959 
200 0.24 1021600000 571.983 7.92023 -45.4877 0.339256 2359.44 34.2609 8.53674e+06 274399 0.000529866 0.00147709 0.00183713 0.00143954 0.0111316 0.000220654 0.000245504 1.11748e-05 0.0936284 0.000968207 7.24678 0.696536 82.4553 8.96618 1082.16 45.4209 1171.86 46.0232 1171.86 46.0232 0.568068 0.00768959 
200 0.24 1022000000 571.983 7.92023 -45.4877 0.338857 2359.44 34.2237 8.53674e+06 274070 0.000529866 0.00147709 0.00183713 0.00143505 0.0111316 0.000220807 0.000245504 1.11748e-05 0.0936284 0.000971578 7.24678 0.695442 82.4553 8.96618 1082.16 45.4209 1171.86 46.0232 1171.86 46.0232 0.568068 0.00768959 
200 0.24 1022400000 571.983 7.92023 -45.4877 0.338857 2359.44 34.2237 8.53674e+06 274070 0.000529866 0.00147709 0.00183713 0.00143505 0.0111316 0.000220807 0.000245504 1.11748e-05 0.0936284 0.000971578 7.24678 0.695442 82.4553 8.96618 1082.16 45.4209 1171.86 46.0232 1171.86 46.0232 0.568068 0.00768959 
200 0.24 1022800000 571.983 7.92023 -45.4877 0.338857 2359.44 34.2237 8.53674e+06 274070 0.000529866 0.00147709 0.00183713 0.00143505 0.0111316 0.000220807 0.000245504 1.11748e-05 0.0936284 0.000971578 7.24678 0.695442 82.4553 8.96618 1082.16 45.4209 1171.86 46.0232 1171.86 46.0232 0.568068 0.00768959 
200 0.24 1023200000 571.983 7.92023 -45.4877 0.338857 2359.44 34.2237 8.53674e+06 274070 0.000529866 0.00147709 0.00183713 0.00143505 0.0111316 0.000220807 0.000245504 1.11748e-05 0.0936284 0.000971578 7.24678 0.695442 82.4553 8.96618 1082.16 45.4209 1171.86 46.0232 1171.86 46.0232 0.568068 0.00768959 
200 0.24 1023600000 571.983 7.92023 -45.4877 0.338628 2359.44 34.1917 8.53674e+06 273687 0.000529866 0.00147709 0.00183713 0.00143505 0.0111316 0.000220807 0.000245504 1.11748e-05 0.0936284 0.000971578 7.24678 0.695001 82.4553 8.96618 1082.16 45.4209 1171.86 46.0232 1171.86 46.0232 0.568068 0.00768959 
200 0.24 1024000000 571.983 7.92023 -45.4877 0.338628 2359.44 34.1917 8.53674e+06 273687 0.000529866 0.00147709 0.00183713 0.00143505 0.0111316 0.000220807 0.000245504 1.11748e-05 0.0936284 0.000971578 7.24678 0.695001 82.4553 8.96618 1082.16 45.4209 1171.86 46.0232 1171.86 46.0232 0.568068 0.00768959 
200 0.24 1024400000 571.983 7.92023 -45.4877 0.338628 2359.44 34.1917 8.53674e+06 273687 0.000529866 0.00147709 0.00183713 0.00143505 0.0111316 0.000220807 0.000245504 1.11748e-05 0.0936284 0.000971578 7.24678 0.695001 82.4553 8.96618 1082.16 45.4209 1171.86 46.0232 1171.86 46.0232 0.568068 0.00768959 
200 0.24 1024800000 571.983 7.92023 -45.4877 0.338628 2359.44 34.1917 8.53674e+06 273687 0.000529866 0.00147709 0.00183713 0.00143505 0.0111316 0.000220807 0.000245504 1.11748e-05 0.0936284 0.000971578 7.24678 0.695001 82.4553 8.96618 1082.16 45.4209 1171.86 46.0232 1171.86 46.0232 0.568068 0.00768959 
200 0.24 1025200000 571.983 7.92894 -45.4877 0.338107 2359.44 34.1385 8.53674e+06 273259 0.000529866 0.00147709 0.00183713 0.00143057 0.0111316 0.000220143 0.000245504 1.11271e-05 0.0936284 0.000969335 7.24678 0.693908 82.4553 8.96618 1082.16 45.4209 1171.86 46.0232 1171.86 46.0232 0.568068 0.00768959 
200 0.24 1025600000 571.983 7.92894 -45.4877 0.338107 2359.44 34.1385 8.53674e+06 273259 0.000529866 0.00147709 0.00183713 0.00143057 0.0111316 0.000220143 0.000245504 1.11271e-05 0.0936284 0.000969335 7.24678 0.693908 82.4553 8.96618 1082.16 45.4209 1171.86 46.0232 1171.86 46.0232 0.568068 0.00768959 
200 0.24 1026000000 571.983 7.92894 -45.4877 0.338107 2359.44 34.1385 8.53674e+06 273259 0.000529866 0.00147709 0.00183713 0.00143057 0.0111316 0.000220143 0.000245504 1.11271e-05 0.0936284 0.000969335 7.24678 0.693908 82.4553 8.96618 1082.16 45.4209 1171.86 46.0232 1171.86 46.0232 0.568068 0.00768959 
200 0.24 1026400000 571.983 7.92894 -45.4877 0.338107 2359.44 34.1385 8.53674e+06 273259 0.000529866 0.00147709 0.00183713 0.00143057 0.0111316 0.000220143 0.000245504 1.11271e-05 0.0936284 0.000969335 7.24678 0.693908 82.4553 8.96618 1082.16 45.4209 1171.86 46.0232 1171.86 46.0232 0.568068 0.00768959 
200 0.24 1026800000 571.983 7.91655 -45.4877 0.337616 2359.44 34.0919 8.53674e+06 272911 0.000529866 0.00147709 0.00183713 0.00143057 0.0111316 0.000220143 0.000245504 1.11271e-05 0.0936284 0.000969335 7.24678 0.692829 82.4553 8.96618 1082.16 45.4209 1171.86 46.0232 1171.86 46.0232 0.568068 0.00768959 
200 0.24 1027200000 571.983 7.91655 -45.4877 0.337616 2359.44 34.0919 8.53674e+06 272911 0.000529866 0.00147709 0.00183713 0.00143057 0.0111316 0.000220143 0.000245504 1.11271e-05 0.0936284 0.000969335 7.24678 0.692829 82.4553 8.96618 1082.16 45.4209 1171.86 46.0232 1171.86 46.0232 0.568068 0.00768959 
200 0.24 1027600000 571.983 7.91655 -45.4877 0.337616 2359.44 34.0919 8.53674e+06 272911 0.000529866 0.00147709 0.00183713 0.00143057 0.0111316 0.000220143 0.000245504 1.11271e-05 0.0936284 0.000969335 7.24678 0.692829 82.4553 8.96618 1082.16 45.4209 1171.86 46.0232 1171.86 46.0232 0.568068 0.00768959 
200 0.24 1028000000 571.983 7.91655 -45.4877 0.337616 2359.44 34.0919 8.53674e+06 272911 0.000529866 0.00147709 0.00183713 0.00143057 0.0111316 0.000220143 0.000245504 1.11271e-05 0.0936284 0.000969335 7.24678 0.692829 82.4553 8.96618 1082.16 45.4209 1171.86 46.0232 1171.86 46.0232 0.568068 0.00768959 
200 0.24 1028400000 571.983 7.90416 -45.4877 0.337087 2359.44 34.0385 8.53674e+06 272492 0.000529866 0.00147709 0.00183713 0.00143401 0.0111316 0.000219822 0.000245504 1.11271e-05 0.0936284 0.000967521 7.24678 0.691743 82.4553 8.96618 1082.16 45.4209 1171.86 46.0232 1171.86 46.0232 0.568068 0.00768959 
200 0.24 1028800000 571.983 7.90416 -45.4877 0.337087 2359.44 34.0385 8.53674e+06 272492 0.000529866 0.00147709 0.00183713 0.00143401 0.0111316 0.000219822 0.000245504 1.11271e-05 0.0936284 0.000967521 7.24678 0.691743 82.4553 8.96618 1082.16 45.4209 1171.86 46.0232 1171.86 46.0232 0.568068 0.00768959 
200 0.24 1029200000 571.983 7.90416 -45.4877 0.337087 2359.44 34.0385 8.53674e+06 272492 0.000529866 0.00147709 0.00183713 0.00143401 0.0111316 0.000219822 0.000245504 1.11271e-05 0.0936284 0.000967521 7.24678 0.691743 82.4553 8.96618 1082.16 45.4209 1171.86 46.0232 1171.86 46.0232 0.568068 0.00768959 
200 0.24 1029600000 571.983 7.90416 -45.4877 0.337087 2359.44 34.0385 8.53674e+06 272492 0.000529866 0.00147709 0.00183713 0.00143401 0.0111316 0.000219822 0.000245504 1.11271e-05 0.0936284 0.000967521 7.24678 0.691743 82.4553 8.96618 1082.16 45.4209 1171.86 46.0232 1171.86 46.0232 0.568068 0.00768959 
200 0.24 1030000000 571.983 7.89555 -45.4877 0.337008 2359.44 34.0209 8.53674e+06 272197 0.000529866 0.00147709 0.00183713 0.00143401 0.0111316 0.000219822 0.000245504 1.11271e-05 0.0936284 0.000967521 7.24678 0.690676 82.4553 8.96618 1082.16 45.4209 1171.86 46.0232 1171.86 46.0232 0.568068 0.00768959 
200 0.24 1030400000 571.983 7.89555 -45.4877 0.337008 2359.44 34.0209 8.53674e+06 272197 0.000529866 0.00147709 0.00183713 0.00143401 0.0111316 0.000219822 0.000245504 1.11271e-05 0.0936284 0.000967521 7.24678 0.690676 82.4553 8.96618 1082.16 45.4209 1171.86 46.0232 1171.86 46.0232 0.568068 0.00768959 
200 0.24 1030800000 571.983 7.89555 -45.4877 0.337008 2359.44 34.0209 8.53674e+06 272197 0.000529866 0.00147709 0.00183713 0.00143401 0.0111316 0.000219822 0.000245504 1.11271e-05 0.0936284 0.000967521 7.24678 0.690676 82.4553 8.96618 1082.16 45.4209 1171.86 46.0232 1171.86 46.0232 0.568068 0.00768959 
200 0.24 1031200000 571.983 7.89555 -45.4877 0.337008 2359.44 34.0209 8.53674e+06 272197 0.000529866 0.00147709 0.00183713 0.00143401 0.0111316 0.000219822 0.000245504 1.11271e-05 0.0936284 0.000967521 7.24678 0.690676 82.4553 8.96618 1082.16 45.4209 1171.86 46.0232 1171.86 46.0232 0.568068 0.00768959 
200 0.24 1031600000 571.444 7.88628 -45.3942 0.337417 2349.33 34.038 8.45749e+06 272007 0.000742781 0.00146706 0.00189003 0.0014304 0.0111222 0.000219101 0.00024383 1.10588e-05 0.0936519 0.000964509 7.23062 0.689599 82.0409 8.52744 1084.65 52.2284 1173.92 53.983 1173.92 53.983 0.567927 0.0084068 
200 0.24 1032000000 571.444 7.88628 -45.3942 0.337417 2349.33 34.038 8.45749e+06 272007 0.000742781 0.00146706 0.00189003 0.0014304 0.0111222 0.000219101 0.00024383 1.10588e-05 0.0936519 0.000964509 7.23062 0.689599 82.0409 8.52744 1084.65 52.2284 1173.92 53.983 1173.92 53.983 0.567927 0.0084068 
200 0.24 1032400000 571.444 7.88628 -45.3942 0.337417 2349.33 34.038 8.45749e+06 272007 0.000742781 0.00146706 0.00189003 0.0014304 0.0111222 0.000219101 0.00024383 1.10588e-05 0.0936519 0.000964509 7.23062 0.689599 82.0409 8.52744 1084.65 52.2284 1173.92 53.983 1173.92 53.983 0.567927 0.0084068 
200 0.24 1032800000 571.444 7.88628 -45.3942 0.337417 2349.33 34.038 8.45749e+06 272007 0.000742781 0.00146706 0.00189003 0.0014304 0.0111222 0.000219101 0.00024383 1.10588e-05 0.0936519 0.000964509 7.23062 0.689599 82.0409 8.52744 1084.65 52.2284 1173.92 53.983 1173.92 53.983 0.567927 0.0084068 
200 0.24 1033200000 571.444 7.87397 -45.3942 0.337775 2349.33 34.0554 8.45749e+06 271743 0.000742781 0.00146718 0.00189003 0.0014304 0.0111222 0.000219101 0.00024383 1.10588e-05 0.0936519 0.000964509 7.23062 0.688531 82.0409 8.52744 1084.65 52.2284 1173.92 53.983 1173.92 53.983 0.567927 0.0084068 
200 0.24 1033600000 571.444 7.87397 -45.3942 0.337775 2349.33 34.0554 8.45749e+06 271743 0.000742781 0.00146718 0.00189003 0.0014304 0.0111222 0.000219101 0.00024383 1.10588e-05 0.0936519 0.000964509 7.23062 0.688531 82.0409 8.52744 1084.65 52.2284 1173.92 53.983 1173.92 53.983 0.567927 0.0084068 
200 0.24 1034000000 571.444 7.87397 -45.3942 0.337775 2349.33 34.0554 8.45749e+06 271743 0.000742781 0.00146718 0.00189003 0.0014304 0.0111222 0.000219101 0.00024383 1.10588e-05 0.0936519 0.000964509 7.23062 0.688531 82.0409 8.52744 1084.65 52.2284 1173.92 53.983 1173.92 53.983 0.567927 0.0084068 
200 0.24 1034400000 571.444 7.87397 -45.3942 0.337775 2349.33 34.0554 8.45749e+06 271743 0.000742781 0.00146718 0.00189003 0.0014304 0.0111222 0.000219101 0.00024383 1.10588e-05 0.0936519 0.000964509 7.23062 0.688531 82.0409 8.52744 1084.65 52.2284 1173.92 53.983 1173.92 53.983 0.567927 0.0084068 
200 0.24 1034800000 571.444 7.86726 -45.3942 0.33732 2349.33 34.0091 8.45749e+06 271334 0.000742781 0.00146749 0.00189003 0.00142595 0.0111222 0.000218599 0.00024383 1.10588e-05 0.0936519 0.000961574 7.23062 0.68746 82.0409 8.52744 1084.65 52.2284 1173.92 53.983 1173.92 53.983 0.567927 0.0084068 
200 0.24 1035200000 571.444 7.86726 -45.3942 0.33732 2349.33 34.0091 8.45749e+06 271334 0.000742781 0.00146749 0.00189003 0.00142595 0.0111222 0.000218599 0.00024383 1.10588e-05 0.0936519 0.000961574 7.23062 0.68746 82.0409 8.52744 1084.65 52.2284 1173.92 53.983 1173.92 53.983 0.567927 0.0084068 
200 0.24 1035600000 571.444 7.86726 -45.3942 0.33732 2349.33 34.0091 8.45749e+06 271334 0.000742781 0.00146749 0.00189003 0.00142595 0.0111222 0.000218599 0.00024383 1.10588e-05 0.0936519 0.000961574 7.23062 0.68746 82.0409 8.52744 1084.65 52.2284 1173.92 53.983 1173.92 53.983 0.567927 0.0084068 
200 0.24 1036000000 571.444 7.86726 -45.3942 0.33732 2349.33 34.0091 8.45749e+06 271334 0.000742781 0.00146749 0.00189003 0.00142595 0.0111222 0.000218599 0.00024383 1.10588e-05 0.0936519 0.000961574 7.23062 0.68746 82.0409 8.52744 1084.65 52.2284 1173.92 53.983 1173.92 53.983 0.567927 0.0084068 
200 0.24 1036400000 571.444 7.86311 -45.3942 0.337115 2349.33 33.9653 8.45749e+06 270986 0.000742781 0.00147226 0.00189003 0.00142595 0.0111222 0.000218599 0.00024383 1.10588e-05 0.0936519 0.000961574 7.23062 0.686391 82.0409 8.52744 1084.65 52.2284 1173.92 53.983 1173.92 53.983 0.567927 0.0084068 
200 0.24 1036800000 571.444 7.86311 -45.3942 0.337115 2349.33 33.9653 8.45749e+06 270986 0.000742781 0.00147226 0.00189003 0.00142595 0.0111222 0.000218599 0.00024383 1.10588e-05 0.0936519 0.000961574 7.23062 0.686391 82.0409 8.52744 1084.65 52.2284 1173.92 53.983 1173.92 53.983 0.567927 0.0084068 
200 0.24 1037200000 571.444 7.86311 -45.3942 0.337115 2349.33 33.9653 8.45749e+06 270986 0.000742781 0.00147226 0.00189003 0.00142595 0.0111222 0.000218599 0.00024383 1.10588e-05 0.0936519 0.000961574 7.23062 0.686391 82.0409 8.52744 1084.65 52.2284 1173.92 53.983 1173.92 53.983 0.567927 0.0084068 
200 0.24 1037600000 571.444 7.86311 -45.3942 0.337115 2349.33 33.9653 8.45749e+06 270986 0.000742781 0.00147226 0.00189003 0.00142595 0.0111222 0.000218599 0.00024383 1.10588e-05 0.0936519 0.000961574 7.23062 0.686391 82.0409 8.52744 1084.65 52.2284 1173.92 53.983 1173.92 53.983 0.567927 0.0084068 
200 0.24 1038000000 571.444 7.86524 -45.3942 0.33634 2349.33 33.9163 8.45749e+06 270626 0.000742781 0.00147037 0.00189003 0.0014227 0.0111222 0.000223479 0.00024383 1.12846e-05 0.0936519 0.000976563 7.23062 0.685332 82.0409 8.52744 1084.65 52.2284 1173.92 53.983 1173.92 53.983 0.567927 0.0084068 
200 0.24 1038400000 571.444 7.86524 -45.3942 0.33634 2349.33 33.9163 8.45749e+06 270626 0.000742781 0.00147037 0.00189003 0.0014227 0.0111222 0.000223479 0.00024383 1.12846e-05 0.0936519 0.000976563 7.23062 0.685332 82.0409 8.52744 1084.65 52.2284 1173.92 53.983 1173.92 53.983 0.567927 0.0084068 
200 0.24 1038800000 571.444 7.86524 -45.3942 0.33634 2349.33 33.9163 8.45749e+06 270626 0.000742781 0.00147037 0.00189003 0.0014227 0.0111222 0.000223479 0.00024383 1.12846e-05 0.0936519 0.000976563 7.23062 0.685332 82.0409 8.52744 1084.65 52.2284 1173.92 53.983 1173.92 53.983 0.567927 0.0084068 
200 0.24 1039200000 571.444 7.86524 -45.3942 0.33634 2349.33 33.9163 8.45749e+06 270626 0.000742781 0.00147037 0.00189003 0.0014227 0.0111222 0.000223479 0.00024383 1.12846e-05 0.0936519 0.000976563 7.23062 0.685332 82.0409 8.52744 1084.65 52.2284 1173.92 53.983 1173.92 53.983 0.567927 0.0084068 
200 0.24 1039600000 571.444 7.91894 -45.3942 0.336379 2349.33 33.906 8.45749e+06 270372 0.000742781 0.00146815 0.00189003 0.0014227 0.0111222 0.000223479 0.00024383 1.12846e-05 0.0936519 0.000976563 7.23062 0.684272 82.0409 8.52744 1084.65 52.2284 1173.92 53.983 1173.92 53.983 0.567927 0.0084068 
200 0.24 1040000000 571.444 7.91894 -45.3942 0.336379 2349.33 33.906 8.45749e+06 270372 0.000742781 0.00146815 0.00189003 0.0014227 0.0111222 0.000223479 0.00024383 1.12846e-05 0.0936519 0.000976563 7.23062 0.684272 82.0409 8.52744 1084.65 52.2284 1173.92 53.983 1173.92 53.983 0.567927 0.0084068 
200 0.24 1040400000 571.444 7.91894 -45.3942 0.336379 2349.33 33.906 8.45749e+06 270372 0.000742781 0.00146815 0.00189003 0.0014227 0.0111222 0.000223479 0.00024383 1.12846e-05 0.0936519 0.000976563 7.23062 0.684272 82.0409 8.52744 1084.65 52.2284 1173.92 53.983 1173.92 53.983 0.567927 0.0084068 
200 0.24 1040800000 571.444 7.91894 -45.3942 0.336379 2349.33 33.906 8.45749e+06 270372 0.000742781 0.00146815 0.00189003 0.0014227 0.0111222 0.000223479 0.00024383 1.12846e-05 0.0936519 0.000976563 7.23062 0.684272 82.0409 8.52744 1084.65 52.2284 1173.92 53.983 1173.92 53.983 0.567927 0.0084068 
200 0.24 1041200000 571.444 7.90677 -45.3942 0.335949 2349.33 33.8656 8.45749e+06 270111 0.000742781 0.00146816 0.00189003 0.00142087 0.0111222 0.000223479 0.00024383 1.12846e-05 0.0936519 0.000974946 7.23062 0.683215 82.0409 8.52744 1084.65 52.2284 1173.92 53.983 1173.92 53.983 0.567927 0.0084068 
200 0.24 1041600000 571.444 7.90677 -45.3942 0.335949 2349.33 33.8656 8.45749e+06 270111 0.000742781 0.00146816 0.00189003 0.00142087 0.0111222 0.000223479 0.00024383 1.12846e-05 0.0936519 0.000974946 7.23062 0.683215 82.0409 8.52744 1084.65 52.2284 1173.92 53.983 1173.92 53.983 0.567927 0.0084068 
200 0.24 1042000000 571.444 7.90677 -45.3942 0.335949 2349.33 33.8656 8.45749e+06 270111 0.000742781 0.00146816 0.00189003 0.00142087 0.0111222 0.000223479 0.00024383 1.12846e-05 0.0936519 0.000974946 7.23062 0.683215 82.0409 8.52744 1084.65 52.2284 1173.92 53.983 1173.92 53.983 0.567927 0.0084068 
200 0.24 1042400000 571.444 7.90677 -45.3942 0.335949 2349.33 33.8656 8.45749e+06 270111 0.000742781 0.00146816 0.00189003 0.00142087 0.0111222 0.000223479 0.00024383 1.12846e-05 0.0936519 0.000974946 7.23062 0.683215 82.0409 8.52744 1084.65 52.2284 1173.92 53.983 1173.92 53.983 0.567927 0.0084068 
200 0.24 1042800000 571.444 7.89503 -45.3942 0.335937 2349.33 33.841 8.45749e+06 269829 0.000742781 0.00146608 0.00189003 0.00142087 0.0111222 0.000223479 0.00024383 1.12846e-05 0.0936519 0.000974946 7.23062 0.68217 82.0409 8.52744 1084.65 52.2284 1173.92 53.983 1173.92 53.983 0.567927 0.0084068 
200 0.24 1043200000 571.444 7.89503 -45.3942 0.335937 2349.33 33.841 8.45749e+06 269829 0.000742781 0.00146608 0.00189003 0.00142087 0.0111222 0.000223479 0.00024383 1.12846e-05 0.0936519 0.000974946 7.23062 0.68217 82.0409 8.52744 1084.65 52.2284 1173.92 53.983 1173.92 53.983 0.567927 0.0084068 
200 0.24 1043600000 571.444 7.89503 -45.3942 0.335937 2349.33 33.841 8.45749e+06 269829 0.000742781 0.00146608 0.00189003 0.00142087 0.0111222 0.000223479 0.00024383 1.12846e-05 0.0936519 0.000974946 7.23062 0.68217 82.0409 8.52744 1084.65 52.2284 1173.92 53.983 1173.92 53.983 0.567927 0.0084068 
200 0.24 1044000000 571.444 7.89503 -45.3942 0.335937 2349.33 33.841 8.45749e+06 269829 0.000742781 0.00146608 0.00189003 0.00142087 0.0111222 0.000223479 0.00024383 1.12846e-05 0.0936519 0.000974946 7.23062 0.68217 82.0409 8.52744 1084.65 52.2284 1173.92 53.983 1173.92 53.983 0.567927 0.0084068 
200 0.24 1044400000 571.444 7.89653 -45.3942 0.335664 2349.33 33.7998 8.45749e+06 269413 0.000742781 0.00146559 0.00189003 0.00141801 0.0111222 0.000222321 0.00024383 1.12246e-05 0.0936519 0.000976405 7.23062 0.681118 82.0409 8.52744 1084.65 52.2284 1173.92 53.983 1173.92 53.983 0.567927 0.0084068 
200 0.24 1044800000 571.444 7.89653 -45.3942 0.335664 2349.33 33.7998 8.45749e+06 269413 0.000742781 0.00146559 0.00189003 0.00141801 0.0111222 0.000222321 0.00024383 1.12246e-05 0.0936519 0.000976405 7.23062 0.681118 82.0409 8.52744 1084.65 52.2284 1173.92 53.983 1173.92 53.983 0.567927 0.0084068 
200 0.24 1045200000 571.444 7.89653 -45.3942 0.335664 2349.33 33.7998 8.45749e+06 269413 0.000742781 0.00146559 0.00189003 0.00141801 0.0111222 0.000222321 0.00024383 1.12246e-05 0.0936519 0.000976405 7.23062 0.681118 82.0409 8.52744 1084.65 52.2284 1173.92 53.983 1173.92 53.983 0.567927 0.0084068 
200 0.24 1045600000 571.444 7.89653 -45.3942 0.335664 2349.33 33.7998 8.45749e+06 269413 0.000742781 0.00146559 0.00189003 0.00141801 0.0111222 0.000222321 0.00024383 1.12246e-05 0.0936519 0.000976405 7.23062 0.681118 82.0409 8.52744 1084.65 52.2284 1173.92 53.983 1173.92 53.983 0.567927 0.0084068 
200 0.24 1046000000 571.444 7.88529 -45.3942 0.335173 2349.33 33.7548 8.45749e+06 269077 0.000742781 0.00146397 0.00189003 0.00141801 0.0111222 0.000222321 0.00024383 1.12246e-05 0.0936519 0.000976405 7.23062 0.680069 82.0409 8.52744 1084.65 52.2284 1173.92 53.983 1173.92 53.983 0.567927 0.0084068 
200 0.24 1046400000 571.444 7.88529 -45.3942 0.335173 2349.33 33.7548 8.45749e+06 269077 0.000742781 0.00146397 0.00189003 0.00141801 0.0111222 0.000222321 0.00024383 1.12246e-05 0.0936519 0.000976405 7.23062 0.680069 82.0409 8.52744 1084.65 52.2284 1173.92 53.983 1173.92 53.983 0.567927 0.0084068 
200 0.24 1046800000 571.444 7.88529 -45.3942 0.335173 2349.33 33.7548 8.45749e+06 269077 0.000742781 0.00146397 0.00189003 0.00141801 0.0111222 0.000222321 0.00024383 1.12246e-05 0.0936519 0.000976405 7.23062 0.680069 82.0409 8.52744 1084.65 52.2284 1173.92 53.983 1173.92 53.983 0.567927 0.0084068 
200 0.24 1047200000 571.444 7.88529 -45.3942 0.335173 2349.33 33.7548 8.45749e+06 269077 0.000742781 0.00146397 0.00189003 0.00141801 0.0111222 0.000222321 0.00024383 1.12246e-05 0.0936519 0.000976405 7.23062 0.680069 82.0409 8.52744 1084.65 52.2284 1173.92 53.983 1173.92 53.983 0.567927 0.0084068 
200 0.24 1047600000 571.444 7.88902 -45.3942 0.334854 2349.33 33.7158 8.45749e+06 268694 0.000742781 0.00146609 0.00189003 0.00141367 0.0111222 0.000222321 0.00024383 1.12246e-05 0.0936519 0.000973472 7.23062 0.679028 82.0409 8.52744 1084.65 52.2284 1173.92 53.983 1173.92 53.983 0.567927 0.0084068 
200 0.24 1048000000 571.444 7.88902 -45.3942 0.334854 2349.33 33.7158 8.45749e+06 268694 0.000742781 0.00146609 0.00189003 0.00141367 0.0111222 0.000222321 0.00024383 1.12246e-05 0.0936519 0.000973472 7.23062 0.679028 82.0409 8.52744 1084.65 52.2284 1173.92 53.983 1173.92 53.983 0.567927 0.0084068 
200 0.24 1048400000 571.444 7.88902 -45.3942 0.334854 2349.33 33.7158 8.45749e+06 268694 0.000742781 0.00146609 0.00189003 0.00141367 0.0111222 0.000222321 0.00024383 1.12246e-05 0.0936519 0.000973472 7.23062 0.679028 82.0409 8.52744 1084.65 52.2284 1173.92 53.983 1173.92 53.983 0.567927 0.0084068 
200 0.24 1048800000 571.444 7.88902 -45.3942 0.334854 2349.33 33.7158 8.45749e+06 268694 0.000742781 0.00146609 0.00189003 0.00141367 0.0111222 0.000222321 0.00024383 1.12246e-05 0.0936519 0.000973472 7.23062 0.679028 82.0409 8.52744 1084.65 52.2284 1173.92 53.983 1173.92 53.983 0.567927 0.0084068 
200 0.24 1049200000 571.444 7.88046 -45.3942 0.334618 2349.33 33.6894 8.45749e+06 268398 0.000742781 0.00146396 0.00189003 0.00141367 0.0111222 0.000222321 0.00024383 1.12246e-05 0.0936519 0.000973472 7.23062 0.677994 82.0409 8.52744 1084.65 52.2284 1173.92 53.983 1173.92 53.983 0.567927 0.0084068 
200 0.24 1049600000 571.444 7.88046 -45.3942 0.334618 2349.33 33.6894 8.45749e+06 268398 0.000742781 0.00146396 0.00189003 0.00141367 0.0111222 0.000222321 0.00024383 1.12246e-05 0.0936519 0.000973472 7.23062 0.677994 82.0409 8.52744 1084.65 52.2284 1173.92 53.983 1173.92 53.983 0.567927 0.0084068 
200 0.24 1050000000 571.444 7.88046 -45.3942 0.334618 2349.33 33.6894 8.45749e+06 268398 0.000742781 0.00146396 0.00189003 0.00141367 0.0111222 0.000222321 0.00024383 1.12246e-05 0.0936519 0.000973472 7.23062 0.677994 82.0409 8.52744 1084.65 52.2284 1173.92 53.983 1173.92 53.983 0.567927 0.0084068 
200 0.24 1050400000 571.444 7.88046 -45.3942 0.334618 2349.33 33.6894 8.45749e+06 268398 0.000742781 0.00146396 0.00189003 0.00141367 0.0111222 0.000222321 0.00024383 1.12246e-05 0.0936519 0.000973472 7.23062 0.677994 82.0409 8.52744 1084.65 52.2284 1173.92 53.983 1173.92 53.983 0.567927 0.0084068 
200 0.24 1050800000 571.444 7.86877 -45.3942 0.334157 2349.33 33.6401 8.45749e+06 267999 0.000742781 0.00146418 0.00189003 0.00140971 0.0111222 0.000222189 0.00024383 1.1196e-05 0.0936519 0.000976265 7.23062 0.676958 82.0409 8.52744 1084.65 52.2284 1173.92 53.983 1173.92 53.983 0.567927 0.0084068 
200 0.24 1051200000 571.444 7.86877 -45.3942 0.334157 2349.33 33.6401 8.45749e+06 267999 0.000742781 0.00146418 0.00189003 0.00140971 0.0111222 0.000222189 0.00024383 1.1196e-05 0.0936519 0.000976265 7.23062 0.676958 82.0409 8.52744 1084.65 52.2284 1173.92 53.983 1173.92 53.983 0.567927 0.0084068 
200 0.24 1051600000 571.444 7.86877 -45.3942 0.334157 2349.33 33.6401 8.45749e+06 267999 0.000742781 0.00146418 0.00189003 0.00140971 0.0111222 0.000222189 0.00024383 1.1196e-05 0.0936519 0.000976265 7.23062 0.676958 82.0409 8.52744 1084.65 52.2284 1173.92 53.983 1173.92 53.983 0.567927 0.0084068 
200 0.24 1052000000 571.444 7.86877 -45.3942 0.334157 2349.33 33.6401 8.45749e+06 267999 0.000742781 0.00146418 0.00189003 0.00140971 0.0111222 0.000222189 0.00024383 1.1196e-05 0.0936519 0.000976265 7.23062 0.676958 82.0409 8.52744 1084.65 52.2284 1173.92 53.983 1173.92 53.983 0.567927 0.0084068 
200 0.24 1052400000 571.444 7.85677 -45.3942 0.334305 2349.33 33.6636 8.45749e+06 268088 0.000742781 0.00146216 0.00189003 0.00140971 0.0111222 0.000222189 0.00024383 1.1196e-05 0.0936519 0.000976265 7.23062 0.675942 82.0409 8.52744 1084.65 52.2284 1173.92 53.983 1173.92 53.983 0.567927 0.0084068 
200 0.24 1052800000 571.444 7.85677 -45.3942 0.334305 2349.33 33.6636 8.45749e+06 268088 0.000742781 0.00146216 0.00189003 0.00140971 0.0111222 0.000222189 0.00024383 1.1196e-05 0.0936519 0.000976265 7.23062 0.675942 82.0409 8.52744 1084.65 52.2284 1173.92 53.983 1173.92 53.983 0.567927 0.0084068 
200 0.24 1053200000 571.444 7.85677 -45.3942 0.334305 2349.33 33.6636 8.45749e+06 268088 0.000742781 0.00146216 0.00189003 0.00140971 0.0111222 0.000222189 0.00024383 1.1196e-05 0.0936519 0.000976265 7.23062 0.675942 82.0409 8.52744 1084.65 52.2284 1173.92 53.983 1173.92 53.983 0.567927 0.0084068 
200 0.24 1053600000 571.444 7.85677 -45.3942 0.334305 2349.33 33.6636 8.45749e+06 268088 0.000742781 0.00146216 0.00189003 0.00140971 0.0111222 0.000222189 0.00024383 1.1196e-05 0.0936519 0.000976265 7.23062 0.675942 82.0409 8.52744 1084.65 52.2284 1173.92 53.983 1173.92 53.983 0.567927 0.0084068 
200 0.24 1054000000 571.444 7.86836 -45.3942 0.334022 2349.33 33.6219 8.45749e+06 267678 0.000742781 0.00145993 0.00189003 0.00140561 0.0111222 0.000222189 0.00024383 1.1196e-05 0.0936519 0.000973296 7.23062 0.674908 82.0409 8.52744 1084.65 52.2284 1173.92 53.983 1173.92 53.983 0.567927 0.0084068 
200 0.24 1054400000 571.444 7.86836 -45.3942 0.334022 2349.33 33.6219 8.45749e+06 267678 0.000742781 0.00145993 0.00189003 0.00140561 0.0111222 0.000222189 0.00024383 1.1196e-05 0.0936519 0.000973296 7.23062 0.674908 82.0409 8.52744 1084.65 52.2284 1173.92 53.983 1173.92 53.983 0.567927 0.0084068 
200 0.24 1054800000 571.444 7.86836 -45.3942 0.334022 2349.33 33.6219 8.45749e+06 267678 0.000742781 0.00145993 0.00189003 0.00140561 0.0111222 0.000222189 0.00024383 1.1196e-05 0.0936519 0.000973296 7.23062 0.674908 82.0409 8.52744 1084.65 52.2284 1173.92 53.983 1173.92 53.983 0.567927 0.0084068 
200 0.24 1055200000 571.444 7.86836 -45.3942 0.334022 2349.33 33.6219 8.45749e+06 267678 0.000742781 0.00145993 0.00189003 0.00140561 0.0111222 0.000222189 0.00024383 1.1196e-05 0.0936519 0.000973296 7.23062 0.674908 82.0409 8.52744 1084.65 52.2284 1173.92 53.983 1173.92 53.983 0.567927 0.0084068 
200 0.24 1055600000 571.444 7.85908 -45.3942 0.333605 2349.33 33.5709 8.45749e+06 267298 0.000742781 0.00145841 0.00189003 0.00140561 0.0111222 0.000222189 0.00024383 1.1196e-05 0.0936519 0.000973296 7.23062 0.67389 82.0409 8.52744 1084.65 52.2284 1173.92 53.983 1173.92 53.983 0.567927 0.0084068 
200 0.24 1056000000 571.444 7.85908 -45.3942 0.333605 2349.33 33.5709 8.45749e+06 267298 0.000742781 0.00145841 0.00189003 0.00140561 0.0111222 0.000222189 0.00024383 1.1196e-05 0.0936519 0.000973296 7.23062 0.67389 82.0409 8.52744 1084.65 52.2284 1173.92 53.983 1173.92 53.983 0.567927 0.0084068 
200 0.24 1056400000 571.444 7.85908 -45.3942 0.333605 2349.33 33.5709 8.45749e+06 267298 0.000742781 0.00145841 0.00189003 0.00140561 0.0111222 0.000222189 0.00024383 1.1196e-05 0.0936519 0.000973296 7.23062 0.67389 82.0409 8.52744 1084.65 52.2284 1173.92 53.983 1173.92 53.983 0.567927 0.0084068 
200 0.24 1056800000 571.444 7.85908 -45.3942 0.333605 2349.33 33.5709 8.45749e+06 267298 0.000742781 0.00145841 0.00189003 0.00140561 0.0111222 0.000222189 0.00024383 1.1196e-05 0.0936519 0.000973296 7.23062 0.67389 82.0409 8.52744 1084.65 52.2284 1173.92 53.983 1173.92 53.983 0.567927 0.0084068 
200 0.24 1057200000 571.444 7.84711 -45.3942 0.333105 2349.33 33.5214 8.45749e+06 266902 0.000742781 0.00145631 0.00189003 0.00140513 0.0111222 0.00022116 0.00024383 1.11383e-05 0.0936519 0.000971246 7.23062 0.672887 82.0409 8.52744 1084.65 52.2284 1173.92 53.983 1173.92 53.983 0.567927 0.0084068 
200 0.24 1057600000 571.444 7.84711 -45.3942 0.333105 2349.33 33.5214 8.45749e+06 266902 0.000742781 0.00145631 0.00189003 0.00140513 0.0111222 0.00022116 0.00024383 1.11383e-05 0.0936519 0.000971246 7.23062 0.672887 82.0409 8.52744 1084.65 52.2284 1173.92 53.983 1173.92 53.983 0.567927 0.0084068 
200 0.24 1058000000 571.444 7.84711 -45.3942 0.333105 2349.33 33.5214 8.45749e+06 266902 0.000742781 0.00145631 0.00189003 0.00140513 0.0111222 0.00022116 0.00024383 1.11383e-05 0.0936519 0.000971246 7.23062 0.672887 82.0409 8.52744 1084.65 52.2284 1173.92 53.983 1173.92 53.983 0.567927 0.0084068 
200 0.24 1058400000 571.444 7.84711 -45.3942 0.333105 2349.33 33.5214 8.45749e+06 266902 0.000742781 0.00145631 0.00189003 0.00140513 0.0111222 0.00022116 0.00024383 1.11383e-05 0.0936519 0.000971246 7.23062 0.672887 82.0409 8.52744 1084.65 52.2284 1173.92 53.983 1173.92 53.983 0.567927 0.0084068 
200 0.24 1058800000 571.444 7.83598 -45.3942 0.33266 2349.33 33.4744 8.45749e+06 266540 0.000742781 0.0014541 0.00189003 0.00140513 0.0111222 0.00022116 0.00024383 1.11383e-05 0.0936519 0.000971246 7.23062 0.671864 82.0409 8.52744 1084.65 52.2284 1173.92 53.983 1173.92 53.983 0.567927 0.0084068 
200 0.24 1059200000 571.444 7.83598 -45.3942 0.33266 2349.33 33.4744 8.45749e+06 266540 0.000742781 0.0014541 0.00189003 0.00140513 0.0111222 0.00022116 0.00024383 1.11383e-05 0.0936519 0.000971246 7.23062 0.671864 82.0409 8.52744 1084.65 52.2284 1173.92 53.983 1173.92 53.983 0.567927 0.0084068 
200 0.24 1059600000 571.444 7.83598 -45.3942 0.33266 2349.33 33.4744 8.45749e+06 266540 0.000742781 0.0014541 0.00189003 0.00140513 0.0111222 0.00022116 0.00024383 1.11383e-05 0.0936519 0.000971246 7.23062 0.671864 82.0409 8.52744 1084.65 52.2284 1173.92 53.983 1173.92 53.983 0.567927 0.0084068 
200 0.24 1060000000 571.444 7.83598 -45.3942 0.33266 2349.33 33.4744 8.45749e+06 266540 0.000742781 0.0014541 0.00189003 0.00140513 0.0111222 0.00022116 0.00024383 1.11383e-05 0.0936519 0.000971246 7.23062 0.671864 82.0409 8.52744 1084.65 52.2284 1173.92 53.983 1173.92 53.983 0.567927 0.0084068 
200 0.24 1060400000 571.444 7.82665 -45.3942 0.332173 2349.33 33.4297 8.45749e+06 266168 0.000742781 0.00145194 0.00189003 0.00140089 0.0111222 0.00022116 0.00024383 1.11383e-05 0.0936519 0.000969135 7.23062 0.670843 82.0409 8.52744 1084.65 52.2284 1173.92 53.983 1173.92 53.983 0.567927 0.0084068 
200 0.24 1060800000 571.444 7.82665 -45.3942 0.332173 2349.33 33.4297 8.45749e+06 266168 0.000742781 0.00145194 0.00189003 0.00140089 0.0111222 0.00022116 0.00024383 1.11383e-05 0.0936519 0.000969135 7.23062 0.670843 82.0409 8.52744 1084.65 52.2284 1173.92 53.983 1173.92 53.983 0.567927 0.0084068 
200 0.24 1061200000 571.444 7.82665 -45.3942 0.332173 2349.33 33.4297 8.45749e+06 266168 0.000742781 0.00145194 0.00189003 0.00140089 0.0111222 0.00022116 0.00024383 1.11383e-05 0.0936519 0.000969135 7.23062 0.670843 82.0409 8.52744 1084.65 52.2284 1173.92 53.983 1173.92 53.983 0.567927 0.0084068 
200 0.24 1061600000 571.444 7.82665 -45.3942 0.332173 2349.33 33.4297 8.45749e+06 266168 0.000742781 0.00145194 0.00189003 0.00140089 0.0111222 0.00022116 0.00024383 1.11383e-05 0.0936519 0.000969135 7.23062 0.670843 82.0409 8.52744 1084.65 52.2284 1173.92 53.983 1173.92 53.983 0.567927 0.0084068 
200 0.24 1062000000 571.444 7.81604 -45.3942 0.331799 2349.33 33.3968 8.45749e+06 266332 0.000742781 0.00144976 0.00189003 0.00140089 0.0111222 0.00022116 0.00024383 1.11383e-05 0.0936519 0.000969135 7.23062 0.669827 82.0409 8.52744 1084.65 52.2284 1173.92 53.983 1173.92 53.983 0.567927 0.0084068 
200 0.24 1062400000 571.444 7.81604 -45.3942 0.331799 2349.33 33.3968 8.45749e+06 266332 0.000742781 0.00144976 0.00189003 0.00140089 0.0111222 0.00022116 0.00024383 1.11383e-05 0.0936519 0.000969135 7.23062 0.669827 82.0409 8.52744 1084.65 52.2284 1173.92 53.983 1173.92 53.983 0.567927 0.0084068 
200 0.24 1062800000 571.444 7.81604 -45.3942 0.331799 2349.33 33.3968 8.45749e+06 266332 0.000742781 0.00144976 0.00189003 0.00140089 0.0111222 0.00022116 0.00024383 1.11383e-05 0.0936519 0.000969135 7.23062 0.669827 82.0409 8.52744 1084.65 52.2284 1173.92 53.983 1173.92 53.983 0.567927 0.0084068 
200 0.24 1063200000 571.444 7.81604 -45.3942 0.331799 2349.33 33.3968 8.45749e+06 266332 0.000742781 0.00144976 0.00189003 0.00140089 0.0111222 0.00022116 0.00024383 1.11383e-05 0.0936519 0.000969135 7.23062 0.669827 82.0409 8.52744 1084.65 52.2284 1173.92 53.983 1173.92 53.983 0.567927 0.0084068 
200 0.24 1063600000 571.444 7.80423 -45.3942 0.331306 2349.33 33.3635 8.45749e+06 266047 0.000742781 0.00144786 0.00189003 0.0014 0.0111222 0.000220054 0.00024383 1.10921e-05 0.0936519 0.000969365 7.23062 0.668837 82.0409 8.52744 1084.65 52.2284 1173.92 53.983 1173.92 53.983 0.567927 0.0084068 
200 0.24 1064000000 571.444 7.80423 -45.3942 0.331306 2349.33 33.3635 8.45749e+06 266047 0.000742781 0.00144786 0.00189003 0.0014 0.0111222 0.000220054 0.00024383 1.10921e-05 0.0936519 0.000969365 7.23062 0.668837 82.0409 8.52744 1084.65 52.2284 1173.92 53.983 1173.92 53.983 0.567927 0.0084068 
200 0.24 1064400000 571.444 7.80423 -45.3942 0.331306 2349.33 33.3635 8.45749e+06 266047 0.000742781 0.00144786 0.00189003 0.0014 0.0111222 0.000220054 0.00024383 1.10921e-05 0.0936519 0.000969365 7.23062 0.668837 82.0409 8.52744 1084.65 52.2284 1173.92 53.983 1173.92 53.983 0.567927 0.0084068 
200 0.24 1064800000 571.444 7.80423 -45.3942 0.331306 2349.33 33.3635 8.45749e+06 266047 0.000742781 0.00144786 0.00189003 0.0014 0.0111222 0.000220054 0.00024383 1.10921e-05 0.0936519 0.000969365 7.23062 0.668837 82.0409 8.52744 1084.65 52.2284 1173.92 53.983 1173.92 53.983 0.567927 0.0084068 
200 0.24 1065200000 571.444 7.79709 -45.3942 0.331542 2349.33 33.4391 8.45749e+06 267382 0.000742781 0.00144699 0.00189003 0.00140048 0.0111222 0.000220054 0.00024383 1.10921e-05 0.0936519 0.000969365 7.23062 0.667829 82.0409 8.52744 1084.65 52.2284 1173.92 53.983 1173.92 53.983 0.567927 0.0084068 
200 0.24 1065600000 571.444 7.79709 -45.3942 0.331542 2349.33 33.4391 8.45749e+06 267382 0.000742781 0.00144699 0.00189003 0.00140048 0.0111222 0.000220054 0.00024383 1.10921e-05 0.0936519 0.000969365 7.23062 0.667829 82.0409 8.52744 1084.65 52.2284 1173.92 53.983 1173.92 53.983 0.567927 0.0084068 
200 0.24 1066000000 571.444 7.79709 -45.3942 0.331542 2349.33 33.4391 8.45749e+06 267382 0.000742781 0.00144699 0.00189003 0.00140048 0.0111222 0.000220054 0.00024383 1.10921e-05 0.0936519 0.000969365 7.23062 0.667829 82.0409 8.52744 1084.65 52.2284 1173.92 53.983 1173.92 53.983 0.567927 0.0084068 
200 0.24 1066400000 571.444 7.79709 -45.3942 0.331542 2349.33 33.4391 8.45749e+06 267382 0.000742781 0.00144699 0.00189003 0.00140048 0.0111222 0.000220054 0.00024383 1.10921e-05 0.0936519 0.000969365 7.23062 0.667829 82.0409 8.52744 1084.65 52.2284 1173.92 53.983 1173.92 53.983 0.567927 0.0084068 
200 0.24 1066800000 571.444 7.79067 -45.3942 0.331115 2349.33 33.391 8.45749e+06 266979 0.000742781 0.00144623 0.00189003 0.00140018 0.0111222 0.000220054 0.00024383 1.10921e-05 0.0936519 0.000967523 7.23062 0.66682 82.0409 8.52744 1084.65 52.2284 1173.92 53.983 1173.92 53.983 0.567927 0.0084068 
200 0.24 1067200000 571.444 7.79067 -45.3942 0.331115 2349.33 33.391 8.45749e+06 266979 0.000742781 0.00144623 0.00189003 0.00140018 0.0111222 0.000220054 0.00024383 1.10921e-05 0.0936519 0.000967523 7.23062 0.66682 82.0409 8.52744 1084.65 52.2284 1173.92 53.983 1173.92 53.983 0.567927 0.0084068 
200 0.24 1067600000 571.444 7.79067 -45.3942 0.331115 2349.33 33.391 8.45749e+06 266979 0.000742781 0.00144623 0.00189003 0.00140018 0.0111222 0.000220054 0.00024383 1.10921e-05 0.0936519 0.000967523 7.23062 0.66682 82.0409 8.52744 1084.65 52.2284 1173.92 53.983 1173.92 53.983 0.567927 0.0084068 
200 0.24 1068000000 571.444 7.79067 -45.3942 0.331115 2349.33 33.391 8.45749e+06 266979 0.000742781 0.00144623 0.00189003 0.00140018 0.0111222 0.000220054 0.00024383 1.10921e-05 0.0936519 0.000967523 7.23062 0.66682 82.0409 8.52744 1084.65 52.2284 1173.92 53.983 1173.92 53.983 0.567927 0.0084068 
200 0.24 1068400000 571.444 7.77937 -45.3942 0.331115 2349.33 33.3741 8.45749e+06 266755 0.000742781 0.00144613 0.00189003 0.00139808 0.0111222 0.000220054 0.00024383 1.10921e-05 0.0936519 0.000967523 7.23062 0.665815 82.0409 8.52744 1084.65 52.2284 1173.92 53.983 1173.92 53.983 0.567927 0.0084068 
200 0.24 1068800000 571.444 7.77937 -45.3942 0.331115 2349.33 33.3741 8.45749e+06 266755 0.000742781 0.00144613 0.00189003 0.00139808 0.0111222 0.000220054 0.00024383 1.10921e-05 0.0936519 0.000967523 7.23062 0.665815 82.0409 8.52744 1084.65 52.2284 1173.92 53.983 1173.92 53.983 0.567927 0.0084068 
200 0.24 1069200000 571.444 7.77937 -45.3942 0.331115 2349.33 33.3741 8.45749e+06 266755 0.000742781 0.00144613 0.00189003 0.00139808 0.0111222 0.000220054 0.00024383 1.10921e-05 0.0936519 0.000967523 7.23062 0.665815 82.0409 8.52744 1084.65 52.2284 1173.92 53.983 1173.92 53.983 0.567927 0.0084068 
200 0.24 1069600000 571.444 7.77937 -45.3942 0.331115 2349.33 33.3741 8.45749e+06 266755 0.000742781 0.00144613 0.00189003 0.00139808 0.0111222 0.000220054 0.00024383 1.10921e-05 0.0936519 0.000967523 7.23062 0.665815 82.0409 8.52744 1084.65 52.2284 1173.92 53.983 1173.92 53.983 0.567927 0.0084068 
200 0.24 1070000000 571.444 7.76952 -45.3942 0.331343 2349.33 33.3629 8.45749e+06 266543 0.000742781 0.00144793 0.00189003 0.00139598 0.0111222 0.000219343 0.00024383 1.10491e-05 0.0936519 0.000965044 7.23062 0.664817 82.0409 8.52744 1084.65 52.2284 1173.92 53.983 1173.92 53.983 0.567927 0.0084068 
200 0.24 1070400000 571.444 7.76952 -45.3942 0.331343 2349.33 33.3629 8.45749e+06 266543 0.000742781 0.00144793 0.00189003 0.00139598 0.0111222 0.000219343 0.00024383 1.10491e-05 0.0936519 0.000965044 7.23062 0.664817 82.0409 8.52744 1084.65 52.2284 1173.92 53.983 1173.92 53.983 0.567927 0.0084068 
200 0.24 1070800000 571.444 7.76952 -45.3942 0.331343 2349.33 33.3629 8.45749e+06 266543 0.000742781 0.00144793 0.00189003 0.00139598 0.0111222 0.000219343 0.00024383 1.10491e-05 0.0936519 0.000965044 7.23062 0.664817 82.0409 8.52744 1084.65 52.2284 1173.92 53.983 1173.92 53.983 0.567927 0.0084068 
200 0.24 1071200000 571.444 7.76952 -45.3942 0.331343 2349.33 33.3629 8.45749e+06 266543 0.000742781 0.00144793 0.00189003 0.00139598 0.0111222 0.000219343 0.00024383 1.10491e-05 0.0936519 0.000965044 7.23062 0.664817 82.0409 8.52744 1084.65 52.2284 1173.92 53.983 1173.92 53.983 0.567927 0.0084068 
200 0.24 1071600000 571.444 7.75797 -45.3942 0.331343 2349.33 33.3392 8.45749e+06 266237 0.000742781 0.00144678 0.00189003 0.00139401 0.0111222 0.000219343 0.00024383 1.10491e-05 0.0936519 0.000965044 7.23062 0.663818 82.0409 8.52744 1084.65 52.2284 1173.92 53.983 1173.92 53.983 0.567927 0.0084068 
200 0.24 1072000000 571.444 7.75797 -45.3942 0.331343 2349.33 33.3392 8.45749e+06 266237 0.000742781 0.00144678 0.00189003 0.00139401 0.0111222 0.000219343 0.00024383 1.10491e-05 0.0936519 0.000965044 7.23062 0.663818 82.0409 8.52744 1084.65 52.2284 1173.92 53.983 1173.92 53.983 0.567927 0.0084068 
200 0.24 1072400000 571.444 7.75797 -45.3942 0.331343 2349.33 33.3392 8.45749e+06 266237 0.000742781 0.00144678 0.00189003 0.00139401 0.0111222 0.000219343 0.00024383 1.10491e-05 0.0936519 0.000965044 7.23062 0.663818 82.0409 8.52744 1084.65 52.2284 1173.92 53.983 1173.92 53.983 0.567927 0.0084068 
200 0.24 1072800000 571.444 7.75797 -45.3942 0.331343 2349.33 33.3392 8.45749e+06 266237 0.000742781 0.00144678 0.00189003 0.00139401 0.0111222 0.000219343 0.00024383 1.10491e-05 0.0936519 0.000965044 7.23062 0.663818 82.0409 8.52744 1084.65 52.2284 1173.92 53.983 1173.92 53.983 0.567927 0.0084068 
200 0.24 1073200000 571.444 7.74651 -45.3942 0.331298 2349.33 33.3012 8.45749e+06 265899 0.000742781 0.0014444 0.00189003 0.00139223 0.0111222 0.000219149 0.00024383 1.10491e-05 0.0936519 0.000965073 7.23062 0.662822 82.0409 8.52744 1084.65 52.2284 1173.92 53.983 1173.92 53.983 0.567927 0.0084068 
200 0.24 1073600000 571.444 7.74651 -45.3942 0.331298 2349.33 33.3012 8.45749e+06 265899 0.000742781 0.0014444 0.00189003 0.00139223 0.0111222 0.000219149 0.00024383 1.10491e-05 0.0936519 0.000965073 7.23062 0.662822 82.0409 8.52744 1084.65 52.2284 1173.92 53.983 1173.92 53.983 0.567927 0.0084068 
200 0.24 1074000000 571.444 7.74651 -45.3942 0.331298 2349.33 33.3012 8.45749e+06 265899 0.000742781 0.0014444 0.00189003 0.00139223 0.0111222 0.000219149 0.00024383 1.10491e-05 0.0936519 0.000965073 7.23062 0.662822 82.0409 8.52744 1084.65 52.2284 1173.92 53.983 1173.92 53.983 0.567927 0.0084068 
200 0.24 1074400000 571.444 7.74651 -45.3942 0.331298 2349.33 33.3012 8.45749e+06 265899 0.000742781 0.0014444 0.00189003 0.00139223 0.0111222 0.000219149 0.00024383 1.10491e-05 0.0936519 0.000965073 7.23062 0.662822 82.0409 8.52744 1084.65 52.2284 1173.92 53.983 1173.92 53.983 0.567927 0.0084068 
200 0.24 1074800000 571.444 7.73561 -45.3942 0.331298 2349.33 33.2775 8.45749e+06 265606 0.000742781 0.00144448 0.00189003 0.00139015 0.0111222 0.000219149 0.00024383 1.10491e-05 0.0936519 0.000965073 7.23062 0.66183 82.0409 8.52744 1084.65 52.2284 1173.92 53.983 1173.92 53.983 0.567927 0.0084068 
200 0.24 1075200000 571.444 7.73561 -45.3942 0.331298 2349.33 33.2775 8.45749e+06 265606 0.000742781 0.00144448 0.00189003 0.00139015 0.0111222 0.000219149 0.00024383 1.10491e-05 0.0936519 0.000965073 7.23062 0.66183 82.0409 8.52744 1084.65 52.2284 1173.92 53.983 1173.92 53.983 0.567927 0.0084068 
200 0.24 1075600000 571.444 7.73561 -45.3942 0.331298 2349.33 33.2775 8.45749e+06 265606 0.000742781 0.00144448 0.00189003 0.00139015 0.0111222 0.000219149 0.00024383 1.10491e-05 0.0936519 0.000965073 7.23062 0.66183 82.0409 8.52744 1084.65 52.2284 1173.92 53.983 1173.92 53.983 0.567927 0.0084068 
200 0.24 1076000000 571.444 7.73561 -45.3942 0.331298 2349.33 33.2775 8.45749e+06 265606 0.000742781 0.00144448 0.00189003 0.00139015 0.0111222 0.000219149 0.00024383 1.10491e-05 0.0936519 0.000965073 7.23062 0.66183 82.0409 8.52744 1084.65 52.2284 1173.92 53.983 1173.92 53.983 0.567927 0.0084068 
200 0.24 1076400000 571.444 7.73242 -45.3942 0.33099 2349.33 33.2403 8.45749e+06 265309 0.000742781 0.00144244 0.00189003 0.00138968 0.0111222 0.000218502 0.00024383 1.09993e-05 0.0936519 0.000962245 7.23062 0.660858 82.0409 8.52744 1084.65 52.2284 1173.92 53.983 1173.92 53.983 0.567927 0.0084068 
200 0.24 1076800000 571.444 7.73242 -45.3942 0.33099 2349.33 33.2403 8.45749e+06 265309 0.000742781 0.00144244 0.00189003 0.00138968 0.0111222 0.000218502 0.00024383 1.09993e-05 0.0936519 0.000962245 7.23062 0.660858 82.0409 8.52744 1084.65 52.2284 1173.92 53.983 1173.92 53.983 0.567927 0.0084068 
200 0.24 1077200000 571.444 7.73242 -45.3942 0.33099 2349.33 33.2403 8.45749e+06 265309 0.000742781 0.00144244 0.00189003 0.00138968 0.0111222 0.000218502 0.00024383 1.09993e-05 0.0936519 0.000962245 7.23062 0.660858 82.0409 8.52744 1084.65 52.2284 1173.92 53.983 1173.92 53.983 0.567927 0.0084068 
200 0.24 1077600000 571.444 7.73242 -45.3942 0.33099 2349.33 33.2403 8.45749e+06 265309 0.000742781 0.00144244 0.00189003 0.00138968 0.0111222 0.000218502 0.00024383 1.09993e-05 0.0936519 0.000962245 7.23062 0.660858 82.0409 8.52744 1084.65 52.2284 1173.92 53.983 1173.92 53.983 0.567927 0.0084068 
200 0.24 1078000000 571.444 7.72121 -45.3942 0.33099 2349.33 33.249 8.45749e+06 265064 0.000742781 0.00144106 0.00189003 0.00138761 0.0111222 0.000218502 0.00024383 1.09993e-05 0.0936519 0.000962245 7.23062 0.659888 82.0409 8.52744 1084.65 52.2284 1173.92 53.983 1173.92 53.983 0.567927 0.0084068 
200 0.24 1078400000 571.444 7.72121 -45.3942 0.33099 2349.33 33.249 8.45749e+06 265064 0.000742781 0.00144106 0.00189003 0.00138761 0.0111222 0.000218502 0.00024383 1.09993e-05 0.0936519 0.000962245 7.23062 0.659888 82.0409 8.52744 1084.65 52.2284 1173.92 53.983 1173.92 53.983 0.567927 0.0084068 
200 0.24 1078800000 571.444 7.72121 -45.3942 0.33099 2349.33 33.249 8.45749e+06 265064 0.000742781 0.00144106 0.00189003 0.00138761 0.0111222 0.000218502 0.00024383 1.09993e-05 0.0936519 0.000962245 7.23062 0.659888 82.0409 8.52744 1084.65 52.2284 1173.92 53.983 1173.92 53.983 0.567927 0.0084068 
200 0.24 1079200000 571.444 7.72121 -45.3942 0.33099 2349.33 33.249 8.45749e+06 265064 0.000742781 0.00144106 0.00189003 0.00138761 0.0111222 0.000218502 0.00024383 1.09993e-05 0.0936519 0.000962245 7.23062 0.659888 82.0409 8.52744 1084.65 52.2284 1173.92 53.983 1173.92 53.983 0.567927 0.0084068 
200 0.24 1079600000 571.444 7.70974 -45.3942 0.330103 2349.33 33.2164 8.45749e+06 264735 0.000742781 0.00143911 0.00189003 0.00138714 0.0111222 0.000218317 0.00024383 1.09993e-05 0.0936519 0.000960262 7.23062 0.658906 82.0409 8.52744 1084.65 52.2284 1173.92 53.983 1173.92 53.983 0.567927 0.0084068 
200 0.24 1080000000 571.444 7.70974 -45.3942 0.330103 2349.33 33.2164 8.45749e+06 264735 0.000742781 0.00143911 0.00189003 0.00138714 0.0111222 0.000218317 0.00024383 1.09993e-05 0.0936519 0.000960262 7.23062 0.658906 82.0409 8.52744 1084.65 52.2284 1173.92 53.983 1173.92 53.983 0.567927 0.0084068 
200 0.24 1080400000 571.444 7.70974 -45.3942 0.330103 2349.33 33.2164 8.45749e+06 264735 0.000742781 0.00143911 0.00189003 0.00138714 0.0111222 0.000218317 0.00024383 1.09993e-05 0.0936519 0.000960262 7.23062 0.658906 82.0409 8.52744 1084.65 52.2284 1173.92 53.983 1173.92 53.983 0.567927 0.0084068 
200 0.24 1080800000 571.444 7.70974 -45.3942 0.330103 2349.33 33.2164 8.45749e+06 264735 0.000742781 0.00143911 0.00189003 0.00138714 0.0111222 0.000218317 0.00024383 1.09993e-05 0.0936519 0.000960262 7.23062 0.658906 82.0409 8.52744 1084.65 52.2284 1173.92 53.983 1173.92 53.983 0.567927 0.0084068 
200 0.24 1081200000 571.444 7.70316 -45.3942 0.330103 2349.33 33.1979 8.45749e+06 264514 0.000742781 0.00143747 0.00189003 0.00138675 0.0111222 0.000218317 0.00024383 1.09993e-05 0.0936519 0.000960262 7.23062 0.657942 82.0409 8.52744 1084.65 52.2284 1173.92 53.983 1173.92 53.983 0.567927 0.0084068 
200 0.24 1081600000 571.444 7.70316 -45.3942 0.330103 2349.33 33.1979 8.45749e+06 264514 0.000742781 0.00143747 0.00189003 0.00138675 0.0111222 0.000218317 0.00024383 1.09993e-05 0.0936519 0.000960262 7.23062 0.657942 82.0409 8.52744 1084.65 52.2284 1173.92 53.983 1173.92 53.983 0.567927 0.0084068 
200 0.24 1082000000 571.444 7.70316 -45.3942 0.330103 2349.33 33.1979 8.45749e+06 264514 0.000742781 0.00143747 0.00189003 0.00138675 0.0111222 0.000218317 0.00024383 1.09993e-05 0.0936519 0.000960262 7.23062 0.657942 82.0409 8.52744 1084.65 52.2284 1173.92 53.983 1173.92 53.983 0.567927 0.0084068 
200 0.24 1082400000 571.444 7.70316 -45.3942 0.330103 2349.33 33.1979 8.45749e+06 264514 0.000742781 0.00143747 0.00189003 0.00138675 0.0111222 0.000218317 0.00024383 1.09993e-05 0.0936519 0.000960262 7.23062 0.657942 82.0409 8.52744 1084.65 52.2284 1173.92 53.983 1173.92 53.983 0.567927 0.0084068 
200 0.24 1082800000 571.444 7.69475 -45.3942 0.329222 2349.33 33.1781 8.45749e+06 264211 0.000742781 0.00143588 0.00189003 0.00138509 0.0111222 0.000217975 0.00024383 1.09591e-05 0.0936519 0.000959559 7.23062 0.657001 82.0409 8.14319 1084.65 52.2284 1173.92 53.983 1173.92 53.983 0.567927 0.0084068 
200 0.24 1083200000 571.444 7.69475 -45.3942 0.329222 2349.33 33.1781 8.45749e+06 264211 0.000742781 0.00143588 0.00189003 0.00138509 0.0111222 0.000217975 0.00024383 1.09591e-05 0.0936519 0.000959559 7.23062 0.657001 82.0409 8.14319 1084.65 52.2284 1173.92 53.983 1173.92 53.983 0.567927 0.0084068 
200 0.24 1083600000 571.444 7.69475 -45.3942 0.329222 2349.33 33.1781 8.45749e+06 264211 0.000742781 0.00143588 0.00189003 0.00138509 0.0111222 0.000217975 0.00024383 1.09591e-05 0.0936519 0.000959559 7.23062 0.657001 82.0409 8.14319 1084.65 52.2284 1173.92 53.983 1173.92 53.983 0.567927 0.0084068 
200 0.24 1084000000 571.444 7.69475 -45.3942 0.329222 2349.33 33.1781 8.45749e+06 264211 0.000742781 0.00143588 0.00189003 0.00138509 0.0111222 0.000217975 0.00024383 1.09591e-05 0.0936519 0.000959559 7.23062 0.657001 82.0409 8.14319 1084.65 52.2284 1173.92 53.983 1173.92 53.983 0.567927 0.0084068 
200 0.24 1084400000 571.444 7.68674 -45.3942 0.329131 2349.33 33.1398 8.45749e+06 263835 0.000742781 0.00143719 0.00189003 0.00138338 0.0111222 0.000217975 0.00024383 1.09591e-05 0.0936519 0.000959559 7.23062 0.656025 82.0409 8.14319 1084.65 52.2284 1173.92 53.983 1173.92 53.983 0.567927 0.0084068 
200 0.24 1084800000 571.444 7.68674 -45.3942 0.329131 2349.33 33.1398 8.45749e+06 263835 0.000742781 0.00143719 0.00189003 0.00138338 0.0111222 0.000217975 0.00024383 1.09591e-05 0.0936519 0.000959559 7.23062 0.656025 82.0409 8.14319 1084.65 52.2284 1173.92 53.983 1173.92 53.983 0.567927 0.0084068 
200 0.24 1085200000 571.444 7.68674 -45.3942 0.329131 2349.33 33.1398 8.45749e+06 263835 0.000742781 0.00143719 0.00189003 0.00138338 0.0111222 0.000217975 0.00024383 1.09591e-05 0.0936519 0.000959559 7.23062 0.656025 82.0409 8.14319 1084.65 52.2284 1173.92 53.983 1173.92 53.983 0.567927 0.0084068 
200 0.24 1085600000 571.444 7.68674 -45.3942 0.329131 2349.33 33.1398 8.45749e+06 263835 0.000742781 0.00143719 0.00189003 0.00138338 0.0111222 0.000217975 0.00024383 1.09591e-05 0.0936519 0.000959559 7.23062 0.656025 82.0409 8.14319 1084.65 52.2284 1173.92 53.983 1173.92 53.983 0.567927 0.0084068 
200 0.24 1086000000 571.444 7.67685 -45.3942 0.328413 2349.33 33.0912 8.45749e+06 263473 0.000742781 0.00143506 0.00189003 0.00138133 0.0111222 0.000217975 0.00024383 1.09591e-05 0.0936519 0.000957057 7.23062 0.655053 82.0409 8.14319 1084.65 52.2284 1173.92 53.983 1173.92 53.983 0.567927 0.0084068 
200 0.24 1086400000 571.444 7.67685 -45.3942 0.328413 2349.33 33.0912 8.45749e+06 263473 0.000742781 0.00143506 0.00189003 0.00138133 0.0111222 0.000217975 0.00024383 1.09591e-05 0.0936519 0.000957057 7.23062 0.655053 82.0409 8.14319 1084.65 52.2284 1173.92 53.983 1173.92 53.983 0.567927 0.0084068 
200 0.24 1086800000 571.444 7.67685 -45.3942 0.328413 2349.33 33.0912 8.45749e+06 263473 0.000742781 0.00143506 0.00189003 0.00138133 0.0111222 0.000217975 0.00024383 1.09591e-05 0.0936519 0.000957057 7.23062 0.655053 82.0409 8.14319 1084.65 52.2284 1173.92 53.983 1173.92 53.983 0.567927 0.0084068 
200 0.24 1087200000 571.444 7.67685 -45.3942 0.328413 2349.33 33.0912 8.45749e+06 263473 0.000742781 0.00143506 0.00189003 0.00138133 0.0111222 0.000217975 0.00024383 1.09591e-05 0.0936519 0.000957057 7.23062 0.655053 82.0409 8.14319 1084.65 52.2284 1173.92 53.983 1173.92 53.983 0.567927 0.0084068 
200 0.24 1087600000 571.444 7.6862 -45.3942 0.328359 2349.33 33.058 8.45749e+06 263165 0.000742781 0.00143459 0.00189003 0.00138189 0.0111222 0.000217975 0.00024383 1.09591e-05 0.0936519 0.000957057 7.23062 0.654093 82.0409 8.14319 1084.65 52.2284 1173.92 53.983 1173.92 53.983 0.567927 0.0084068 
200 0.24 1088000000 571.444 7.6862 -45.3942 0.328359 2349.33 33.058 8.45749e+06 263165 0.000742781 0.00143459 0.00189003 0.00138189 0.0111222 0.000217975 0.00024383 1.09591e-05 0.0936519 0.000957057 7.23062 0.654093 82.0409 8.14319 1084.65 52.2284 1173.92 53.983 1173.92 53.983 0.567927 0.0084068 
200 0.24 1088400000 571.444 7.6862 -45.3942 0.328359 2349.33 33.058 8.45749e+06 263165 0.000742781 0.00143459 0.00189003 0.00138189 0.0111222 0.000217975 0.00024383 1.09591e-05 0.0936519 0.000957057 7.23062 0.654093 82.0409 8.14319 1084.65 52.2284 1173.92 53.983 1173.92 53.983 0.567927 0.0084068 
200 0.24 1088800000 571.444 7.6862 -45.3942 0.328359 2349.33 33.058 8.45749e+06 263165 0.000742781 0.00143459 0.00189003 0.00138189 0.0111222 0.000217975 0.00024383 1.09591e-05 0.0936519 0.000957057 7.23062 0.654093 82.0409 8.14319 1084.65 52.2284 1173.92 53.983 1173.92 53.983 0.567927 0.0084068 
200 0.24 1089200000 571.444 7.79349 -45.3942 0.328058 2349.33 33.0292 8.45749e+06 262891 0.000742781 0.00143444 0.00189003 0.00138623 0.0111222 0.0002169 0.00024383 1.09028e-05 0.0936519 0.000954543 7.23062 0.653135 82.0409 8.14319 1084.65 52.2284 1173.92 53.983 1173.92 53.983 0.567927 0.0084068 
200 0.24 1089600000 571.444 7.79349 -45.3942 0.328058 2349.33 33.0292 8.45749e+06 262891 0.000742781 0.00143444 0.00189003 0.00138623 0.0111222 0.0002169 0.00024383 1.09028e-05 0.0936519 0.000954543 7.23062 0.653135 82.0409 8.14319 1084.65 52.2284 1173.92 53.983 1173.92 53.983 0.567927 0.0084068 
200 0.24 1090000000 571.444 7.79349 -45.3942 0.328058 2349.33 33.0292 8.45749e+06 262891 0.000742781 0.00143444 0.00189003 0.00138623 0.0111222 0.0002169 0.00024383 1.09028e-05 0.0936519 0.000954543 7.23062 0.653135 82.0409 8.14319 1084.65 52.2284 1173.92 53.983 1173.92 53.983 0.567927 0.0084068 
200 0.24 1090400000 571.444 7.79349 -45.3942 0.328058 2349.33 33.0292 8.45749e+06 262891 0.000742781 0.00143444 0.00189003 0.00138623 0.0111222 0.0002169 0.00024383 1.09028e-05 0.0936519 0.000954543 7.23062 0.653135 82.0409 8.14319 1084.65 52.2284 1173.92 53.983 1173.92 53.983 0.567927 0.0084068 
200 0.24 1090800000 571.444 7.78883 -45.3942 0.328058 2349.33 33.0036 8.45749e+06 262574 0.000742781 0.00143444 0.00189003 0.0013864 0.0111222 0.0002169 0.00024383 1.09028e-05 0.0936519 0.000954543 7.23062 0.652171 82.0409 8.14319 1084.65 52.2284 1173.92 53.983 1173.92 53.983 0.567927 0.0084068 
200 0.24 1091200000 571.444 7.78883 -45.3942 0.328058 2349.33 33.0036 8.45749e+06 262574 0.000742781 0.00143444 0.00189003 0.0013864 0.0111222 0.0002169 0.00024383 1.09028e-05 0.0936519 0.000954543 7.23062 0.652171 82.0409 8.14319 1084.65 52.2284 1173.92 53.983 1173.92 53.983 0.567927 0.0084068 
200 0.24 1091600000 571.444 7.78883 -45.3942 0.328058 2349.33 33.0036 8.45749e+06 262574 0.000742781 0.00143444 0.00189003 0.0013864 0.0111222 0.0002169 0.00024383 1.09028e-05 0.0936519 0.000954543 7.23062 0.652171 82.0409 8.14319 1084.65 52.2284 1173.92 53.983 1173.92 53.983 0.567927 0.0084068 
200 0.24 1092000000 571.444 7.78883 -45.3942 0.328058 2349.33 33.0036 8.45749e+06 262574 0.000742781 0.00143444 0.00189003 0.0013864 0.0111222 0.0002169 0.00024383 1.09028e-05 0.0936519 0.000954543 7.23062 0.652171 82.0409 8.14319 1084.65 52.2284 1173.92 53.983 1173.92 53.983 0.567927 0.0084068 
200 0.24 1092400000 571.444 7.82712 -45.3942 0.327773 2349.33 33.0107 8.45749e+06 262391 0.000742781 0.00143444 0.00189003 0.00138536 0.0111222 0.0002169 0.00024383 1.09028e-05 0.0936519 0.000952318 7.23062 0.651211 82.0409 8.14319 1084.65 52.2284 1173.92 53.983 1173.92 53.983 0.567927 0.0084068 
200 0.24 1092800000 571.444 7.82712 -45.3942 0.327773 2349.33 33.0107 8.45749e+06 262391 0.000742781 0.00143444 0.00189003 0.00138536 0.0111222 0.0002169 0.00024383 1.09028e-05 0.0936519 0.000952318 7.23062 0.651211 82.0409 8.14319 1084.65 52.2284 1173.92 53.983 1173.92 53.983 0.567927 0.0084068 
200 0.24 1093200000 571.444 7.82712 -45.3942 0.327773 2349.33 33.0107 8.45749e+06 262391 0.000742781 0.00143444 0.00189003 0.00138536 0.0111222 0.0002169 0.00024383 1.09028e-05 0.0936519 0.000952318 7.23062 0.651211 82.0409 8.14319 1084.65 52.2284 1173.92 53.983 1173.92 53.983 0.567927 0.0084068 
200 0.24 1093600000 571.444 7.82712 -45.3942 0.327773 2349.33 33.0107 8.45749e+06 262391 0.000742781 0.00143444 0.00189003 0.00138536 0.0111222 0.0002169 0.00024383 1.09028e-05 0.0936519 0.000952318 7.23062 0.651211 82.0409 8.14319 1084.65 52.2284 1173.92 53.983 1173.92 53.983 0.567927 0.0084068 
200 0.24 1094000000 571.444 7.81635 -45.3942 0.327662 2349.33 33.0296 8.45749e+06 262716 0.000742781 0.00143444 0.00189003 0.00138536 0.0111222 0.0002169 0.00024383 1.09028e-05 0.0936519 0.000952318 7.23062 0.650267 82.0409 8.14319 1084.65 52.2284 1173.92 53.983 1173.92 53.983 0.567927 0.0084068 
200 0.24 1094400000 571.444 7.81635 -45.3942 0.327662 2349.33 33.0296 8.45749e+06 262716 0.000742781 0.00143444 0.00189003 0.00138536 0.0111222 0.0002169 0.00024383 1.09028e-05 0.0936519 0.000952318 7.23062 0.650267 82.0409 8.14319 1084.65 52.2284 1173.92 53.983 1173.92 53.983 0.567927 0.0084068 
200 0.24 1094800000 571.444 7.81635 -45.3942 0.327662 2349.33 33.0296 8.45749e+06 262716 0.000742781 0.00143444 0.00189003 0.00138536 0.0111222 0.0002169 0.00024383 1.09028e-05 0.0936519 0.000952318 7.23062 0.650267 82.0409 8.14319 1084.65 52.2284 1173.92 53.983 1173.92 53.983 0.567927 0.0084068 
200 0.24 1095200000 571.444 7.81635 -45.3942 0.327662 2349.33 33.0296 8.45749e+06 262716 0.000742781 0.00143444 0.00189003 0.00138536 0.0111222 0.0002169 0.00024383 1.09028e-05 0.0936519 0.000952318 7.23062 0.650267 82.0409 8.14319 1084.65 52.2284 1173.92 53.983 1173.92 53.983 0.567927 0.0084068 
200 0.24 1095600000 571.444 7.80713 -45.3942 0.327181 2349.33 32.9811 8.45749e+06 262333 0.000742781 0.0014374 0.00189003 0.00139225 0.0111222 0.000215735 0.00024383 1.08552e-05 0.0936519 0.000950481 7.23062 0.649311 82.0409 8.14319 1084.65 52.2284 1173.92 53.983 1173.92 53.983 0.567927 0.0084068 
200 0.24 1096000000 571.444 7.80713 -45.3942 0.327181 2349.33 32.9811 8.45749e+06 262333 0.000742781 0.0014374 0.00189003 0.00139225 0.0111222 0.000215735 0.00024383 1.08552e-05 0.0936519 0.000950481 7.23062 0.649311 82.0409 8.14319 1084.65 52.2284 1173.92 53.983 1173.92 53.983 0.567927 0.0084068 
200 0.24 1096400000 571.444 7.80713 -45.3942 0.327181 2349.33 32.9811 8.45749e+06 262333 0.000742781 0.0014374 0.00189003 0.00139225 0.0111222 0.000215735 0.00024383 1.08552e-05 0.0936519 0.000950481 7.23062 0.649311 82.0409 8.14319 1084.65 52.2284 1173.92 53.983 1173.92 53.983 0.567927 0.0084068 
200 0.24 1096800000 571.444 7.80713 -45.3942 0.327181 2349.33 32.9811 8.45749e+06 262333 0.000742781 0.0014374 0.00189003 0.00139225 0.0111222 0.000215735 0.00024383 1.08552e-05 0.0936519 0.000950481 7.23062 0.649311 82.0409 8.14319 1084.65 52.2284 1173.92 53.983 1173.92 53.983 0.567927 0.0084068 
200 0.24 1097200000 571.444 7.79609 -45.3942 0.327018 2349.33 32.9522 8.45749e+06 261967 0.000742781 0.0014374 0.00189003 0.00139225 0.0111222 0.000215735 0.00024383 1.08552e-05 0.0936519 0.000950481 7.23062 0.648371 82.0409 8.14319 1084.65 52.2284 1173.92 53.983 1173.92 53.983 0.567927 0.0084068 
200 0.24 1097600000 571.444 7.79609 -45.3942 0.327018 2349.33 32.9522 8.45749e+06 261967 0.000742781 0.0014374 0.00189003 0.00139225 0.0111222 0.000215735 0.00024383 1.08552e-05 0.0936519 0.000950481 7.23062 0.648371 82.0409 8.14319 1084.65 52.2284 1173.92 53.983 1173.92 53.983 0.567927 0.0084068 
200 0.24 1098000000 571.444 7.79609 -45.3942 0.327018 2349.33 32.9522 8.45749e+06 261967 0.000742781 0.0014374 0.00189003 0.00139225 0.0111222 0.000215735 0.00024383 1.08552e-05 0.0936519 0.000950481 7.23062 0.648371 82.0409 8.14319 1084.65 52.2284 1173.92 53.983 1173.92 53.983 0.567927 0.0084068 
200 0.24 1098400000 571.444 7.79609 -45.3942 0.327018 2349.33 32.9522 8.45749e+06 261967 0.000742781 0.0014374 0.00189003 0.00139225 0.0111222 0.000215735 0.00024383 1.08552e-05 0.0936519 0.000950481 7.23062 0.648371 82.0409 8.14319 1084.65 52.2284 1173.92 53.983 1173.92 53.983 0.567927 0.0084068 
200 0.24 1098800000 571.444 7.79646 -45.3942 0.326846 2349.33 32.9353 8.45749e+06 261732 0.000742781 0.0014374 0.00189003 0.00138826 0.0111222 0.000215735 0.00024383 1.08552e-05 0.0936519 0.000949554 7.23062 0.647432 82.0409 8.14319 1084.65 52.2284 1173.92 53.983 1173.92 53.983 0.567927 0.0084068 
200 0.24 1099200000 571.444 7.79646 -45.3942 0.326846 2349.33 32.9353 8.45749e+06 261732 0.000742781 0.0014374 0.00189003 0.00138826 0.0111222 0.000215735 0.00024383 1.08552e-05 0.0936519 0.000949554 7.23062 0.647432 82.0409 8.14319 1084.65 52.2284 1173.92 53.983 1173.92 53.983 0.567927 0.0084068 
200 0.24 1099600000 571.444 7.79646 -45.3942 0.326846 2349.33 32.9353 8.45749e+06 261732 0.000742781 0.0014374 0.00189003 0.00138826 0.0111222 0.000215735 0.00024383 1.08552e-05 0.0936519 0.000949554 7.23062 0.647432 82.0409 8.14319 1084.65 52.2284 1173.92 53.983 1173.92 53.983 0.567927 0.0084068 
200 0.24 1100000000 571.444 7.79646 -45.3942 0.326846 2349.33 32.9353 8.45749e+06 261732 0.000742781 0.0014374 0.00189003 0.00138826 0.0111222 0.000215735 0.00024383 1.08552e-05 0.0936519 0.000949554 7.23062 0.647432 82.0409 8.14319 1084.65 52.2284 1173.92 53.983 1173.92 53.983 0.567927 0.0084068 
200 0.24 1100400000 571.444 7.78517 -45.3942 0.326423 2349.33 32.8899 8.45749e+06 261355 0.000742781 0.0014374 0.00189003 0.00138826 0.0111222 0.000215735 0.00024383 1.08552e-05 0.0936519 0.000949554 7.23062 0.646488 82.0409 8.14319 1084.65 52.2284 1173.92 53.983 1173.92 53.983 0.567927 0.0084068 
200 0.24 1100800000 571.444 7.78517 -45.3942 0.326423 2349.33 32.8899 8.45749e+06 261355 0.000742781 0.0014374 0.00189003 0.00138826 0.0111222 0.000215735 0.00024383 1.08552e-05 0.0936519 0.000949554 7.23062 0.646488 82.0409 8.14319 1084.65 52.2284 1173.92 53.983 1173.92 53.983 0.567927 0.0084068 
200 0.24 1101200000 571.444 7.78517 -45.3942 0.326423 2349.33 32.8899 8.45749e+06 261355 0.000742781 0.0014374 0.00189003 0.00138826 0.0111222 0.000215735 0.00024383 1.08552e-05 0.0936519 0.000949554 7.23062 0.646488 82.0409 8.14319 1084.65 52.2284 1173.92 53.983 1173.92 53.983 0.567927 0.0084068 
200 0.24 1101600000 571.444 7.78517 -45.3942 0.326423 2349.33 32.8899 8.45749e+06 261355 0.000742781 0.0014374 0.00189003 0.00138826 0.0111222 0.000215735 0.00024383 1.08552e-05 0.0936519 0.000949554 7.23062 0.646488 82.0409 8.14319 1084.65 52.2284 1173.92 53.983 1173.92 53.983 0.567927 0.0084068 
200 0.24 1102000000 571.444 7.77481 -45.3942 0.326099 2349.33 32.8631 8.45749e+06 261105 0.000742781 0.0014374 0.00189003 0.00138422 0.0111222 0.000214758 0.00024383 1.08021e-05 0.0936519 0.000946978 7.23062 0.645543 82.0409 8.14319 1084.65 52.2284 1173.92 53.983 1173.92 53.983 0.567927 0.0084068 
200 0.24 1102400000 571.444 7.77481 -45.3942 0.326099 2349.33 32.8631 8.45749e+06 261105 0.000742781 0.0014374 0.00189003 0.00138422 0.0111222 0.000214758 0.00024383 1.08021e-05 0.0936519 0.000946978 7.23062 0.645543 82.0409 8.14319 1084.65 52.2284 1173.92 53.983 1173.92 53.983 0.567927 0.0084068 
200 0.24 1102800000 571.444 7.77481 -45.3942 0.326099 2349.33 32.8631 8.45749e+06 261105 0.000742781 0.0014374 0.00189003 0.00138422 0.0111222 0.000214758 0.00024383 1.08021e-05 0.0936519 0.000946978 7.23062 0.645543 82.0409 8.14319 1084.65 52.2284 1173.92 53.983 1173.92 53.983 0.567927 0.0084068 
200 0.24 1103200000 571.444 7.77481 -45.3942 0.326099 2349.33 32.8631 8.45749e+06 261105 0.000742781 0.0014374 0.00189003 0.00138422 0.0111222 0.000214758 0.00024383 1.08021e-05 0.0936519 0.000946978 7.23062 0.645543 82.0409 8.14319 1084.65 52.2284 1173.92 53.983 1173.92 53.983 0.567927 0.0084068 
200 0.24 1103600000 571.444 7.76989 -45.3942 0.325833 2349.33 32.839 8.45749e+06 260854 0.000742781 0.0014374 0.00189003 0.00138422 0.0111222 0.000214758 0.00024383 1.08021e-05 0.0936519 0.000946978 7.23062 0.6446 82.0409 8.14319 1084.65 52.2284 1173.92 53.983 1173.92 53.983 0.567927 0.0084068 
200 0.24 1104000000 571.444 7.76989 -45.3942 0.325833 2349.33 32.839 8.45749e+06 260854 0.000742781 0.0014374 0.00189003 0.00138422 0.0111222 0.000214758 0.00024383 1.08021e-05 0.0936519 0.000946978 7.23062 0.6446 82.0409 8.14319 1084.65 52.2284 1173.92 53.983 1173.92 53.983 0.567927 0.0084068 
200 0.24 1104400000 571.444 7.76989 -45.3942 0.325833 2349.33 32.839 8.45749e+06 260854 0.000742781 0.0014374 0.00189003 0.00138422 0.0111222 0.000214758 0.00024383 1.08021e-05 0.0936519 0.000946978 7.23062 0.6446 82.0409 8.14319 1084.65 52.2284 1173.92 53.983 1173.92 53.983 0.567927 0.0084068 
200 0.24 1104800000 571.444 7.76989 -45.3942 0.325833 2349.33 32.839 8.45749e+06 260854 0.000742781 0.0014374 0.00189003 0.00138422 0.0111222 0.000214758 0.00024383 1.08021e-05 0.0936519 0.000946978 7.23062 0.6446 82.0409 8.14319 1084.65 52.2284 1173.92 53.983 1173.92 53.983 0.567927 0.0084068 
200 0.24 1105200000 571.444 7.77663 -45.3942 0.325561 2349.33 32.8014 8.45749e+06 260477 0.000742781 0.0014374 0.00189003 0.00138064 0.0111222 0.000214758 0.00024383 1.08021e-05 0.0936519 0.000944655 7.23062 0.643681 82.0409 8.14319 1084.65 52.2284 1173.92 53.983 1173.92 53.983 0.567927 0.0084068 
200 0.24 1105600000 571.444 7.77663 -45.3942 0.325561 2349.33 32.8014 8.45749e+06 260477 0.000742781 0.0014374 0.00189003 0.00138064 0.0111222 0.000214758 0.00024383 1.08021e-05 0.0936519 0.000944655 7.23062 0.643681 82.0409 8.14319 1084.65 52.2284 1173.92 53.983 1173.92 53.983 0.567927 0.0084068 
200 0.24 1106000000 571.444 7.77663 -45.3942 0.325561 2349.33 32.8014 8.45749e+06 260477 0.000742781 0.0014374 0.00189003 0.00138064 0.0111222 0.000214758 0.00024383 1.08021e-05 0.0936519 0.000944655 7.23062 0.643681 82.0409 8.14319 1084.65 52.2284 1173.92 53.983 1173.92 53.983 0.567927 0.0084068 
200 0.24 1106400000 571.444 7.77663 -45.3942 0.325561 2349.33 32.8014 8.45749e+06 260477 0.000742781 0.0014374 0.00189003 0.00138064 0.0111222 0.000214758 0.00024383 1.08021e-05 0.0936519 0.000944655 7.23062 0.643681 82.0409 8.14319 1084.65 52.2284 1173.92 53.983 1173.92 53.983 0.567927 0.0084068 
200 0.24 1106800000 571.444 7.76548 -45.3942 0.325099 2349.33 32.7577 8.45749e+06 260155 0.000742781 0.0014374 0.00189003 0.00138064 0.0111222 0.000214758 0.00024383 1.08021e-05 0.0936519 0.000944655 7.23062 0.642745 82.0409 8.14319 1084.65 52.2284 1173.92 53.983 1173.92 53.983 0.567927 0.0084068 
200 0.24 1107200000 571.444 7.76548 -45.3942 0.325099 2349.33 32.7577 8.45749e+06 260155 0.000742781 0.0014374 0.00189003 0.00138064 0.0111222 0.000214758 0.00024383 1.08021e-05 0.0936519 0.000944655 7.23062 0.642745 82.0409 8.14319 1084.65 52.2284 1173.92 53.983 1173.92 53.983 0.567927 0.0084068 
200 0.24 1107600000 571.444 7.76548 -45.3942 0.325099 2349.33 32.7577 8.45749e+06 260155 0.000742781 0.0014374 0.00189003 0.00138064 0.0111222 0.000214758 0.00024383 1.08021e-05 0.0936519 0.000944655 7.23062 0.642745 82.0409 8.14319 1084.65 52.2284 1173.92 53.983 1173.92 53.983 0.567927 0.0084068 
200 0.24 1108000000 571.444 7.76548 -45.3942 0.325099 2349.33 32.7577 8.45749e+06 260155 0.000742781 0.0014374 0.00189003 0.00138064 0.0111222 0.000214758 0.00024383 1.08021e-05 0.0936519 0.000944655 7.23062 0.642745 82.0409 8.14319 1084.65 52.2284 1173.92 53.983 1173.92 53.983 0.567927 0.0084068 
200 0.24 1108400000 571.444 7.75424 -45.3942 0.324812 2349.33 32.7187 8.45749e+06 259778 0.000742781 0.001431 0.00189003 0.00138115 0.0111222 0.000213928 0.00024383 1.07549e-05 0.0936519 0.00094253 7.23062 0.641811 82.0409 8.14319 1084.65 52.2284 1173.92 53.983 1173.92 53.983 0.567927 0.0084068 
200 0.24 1108800000 571.444 7.75424 -45.3942 0.324812 2349.33 32.7187 8.45749e+06 259778 0.000742781 0.001431 0.00189003 0.00138115 0.0111222 0.000213928 0.00024383 1.07549e-05 0.0936519 0.00094253 7.23062 0.641811 82.0409 8.14319 1084.65 52.2284 1173.92 53.983 1173.92 53.983 0.567927 0.0084068 
200 0.24 1109200000 571.444 7.75424 -45.3942 0.324812 2349.33 32.7187 8.45749e+06 259778 0.000742781 0.001431 0.00189003 0.00138115 0.0111222 0.000213928 0.00024383 1.07549e-05 0.0936519 0.00094253 7.23062 0.641811 82.0409 8.14319 1084.65 52.2284 1173.92 53.983 1173.92 53.983 0.567927 0.0084068 
200 0.24 1109600000 571.444 7.75424 -45.3942 0.324812 2349.33 32.7187 8.45749e+06 259778 0.000742781 0.001431 0.00189003 0.00138115 0.0111222 0.000213928 0.00024383 1.07549e-05 0.0936519 0.00094253 7.23062 0.641811 82.0409 8.14319 1084.65 52.2284 1173.92 53.983 1173.92 53.983 0.567927 0.0084068 
200 0.24 1110000000 571.444 7.74731 -45.3942 0.324386 2349.33 32.6754 8.45749e+06 259424 0.000742781 0.001431 0.00189003 0.00138115 0.0111222 0.000213928 0.00024383 1.07549e-05 0.0936519 0.00094253 7.23062 0.640887 82.0409 8.14319 1084.65 52.2284 1173.92 53.983 1173.92 53.983 0.567927 0.0084068 
200 0.24 1110400000 571.444 7.74731 -45.3942 0.324386 2349.33 32.6754 8.45749e+06 259424 0.000742781 0.001431 0.00189003 0.00138115 0.0111222 0.000213928 0.00024383 1.07549e-05 0.0936519 0.00094253 7.23062 0.640887 82.0409 8.14319 1084.65 52.2284 1173.92 53.983 1173.92 53.983 0.567927 0.0084068 
200 0.24 1110800000 571.444 7.74731 -45.3942 0.324386 2349.33 32.6754 8.45749e+06 259424 0.000742781 0.001431 0.00189003 0.00138115 0.0111222 0.000213928 0.00024383 1.07549e-05 0.0936519 0.00094253 7.23062 0.640887 82.0409 8.14319 1084.65 52.2284 1173.92 53.983 1173.92 53.983 0.567927 0.0084068 
200 0.24 1111200000 571.444 7.74731 -45.3942 0.324386 2349.33 32.6754 8.45749e+06 259424 0.000742781 0.001431 0.00189003 0.00138115 0.0111222 0.000213928 0.00024383 1.07549e-05 0.0936519 0.00094253 7.23062 0.640887 82.0409 8.14319 1084.65 52.2284 1173.92 53.983 1173.92 53.983 0.567927 0.0084068 
200 0.24 1111600000 571.444 7.74148 -45.3942 0.32555 2349.33 32.8436 8.45749e+06 260824 0.000742781 0.001431 0.00189003 0.00138368 0.0111222 0.000213928 0.00024383 1.07549e-05 0.0936519 0.000940404 7.23062 0.63997 82.0409 8.14319 1084.65 52.2284 1173.92 53.983 1173.92 53.983 0.567927 0.0084068 
200 0.24 1112000000 571.444 7.74148 -45.3942 0.32555 2349.33 32.8436 8.45749e+06 260824 0.000742781 0.001431 0.00189003 0.00138368 0.0111222 0.000213928 0.00024383 1.07549e-05 0.0936519 0.000940404 7.23062 0.63997 82.0409 8.14319 1084.65 52.2284 1173.92 53.983 1173.92 53.983 0.567927 0.0084068 
200 0.24 1112400000 571.444 7.74148 -45.3942 0.32555 2349.33 32.8436 8.45749e+06 260824 0.000742781 0.001431 0.00189003 0.00138368 0.0111222 0.000213928 0.00024383 1.07549e-05 0.0936519 0.000940404 7.23062 0.63997 82.0409 8.14319 1084.65 52.2284 1173.92 53.983 1173.92 53.983 0.567927 0.0084068 
200 0.24 1112800000 571.444 7.74148 -45.3942 0.32555 2349.33 32.8436 8.45749e+06 260824 0.000742781 0.001431 0.00189003 0.00138368 0.0111222 0.000213928 0.00024383 1.07549e-05 0.0936519 0.000940404 7.23062 0.63997 82.0409 8.14319 1084.65 52.2284 1173.92 53.983 1173.92 53.983 0.567927 0.0084068 
200 0.24 1113200000 571.444 7.73575 -45.3942 0.325175 2349.33 32.8075 8.45749e+06 260532 0.000742781 0.001431 0.00189003 0.00138368 0.0111222 0.000213928 0.00024383 1.07549e-05 0.0936519 0.000940404 7.23062 0.639046 82.0409 8.14319 1084.65 52.2284 1173.92 53.983 1173.92 53.983 0.567927 0.0084068 
200 0.24 1113600000 571.444 7.73575 -45.3942 0.325175 2349.33 32.8075 8.45749e+06 260532 0.000742781 0.001431 0.00189003 0.00138368 0.0111222 0.000213928 0.00024383 1.07549e-05 0.0936519 0.000940404 7.23062 0.639046 82.0409 8.14319 1084.65 52.2284 1173.92 53.983 1173.92 53.983 0.567927 0.0084068 
200 0.24 1114000000 571.444 7.73575 -45.3942 0.325175 2349.33 32.8075 8.45749e+06 260532 0.000742781 0.001431 0.00189003 0.00138368 0.0111222 0.000213928 0.00024383 1.07549e-05 0.0936519 0.000940404 7.23062 0.639046 82.0409 8.14319 1084.65 52.2284 1173.92 53.983 1173.92 53.983 0.567927 0.0084068 
200 0.24 1114400000 571.444 7.73575 -45.3942 0.325175 2349.33 32.8075 8.45749e+06 260532 0.000742781 0.001431 0.00189003 0.00138368 0.0111222 0.000213928 0.00024383 1.07549e-05 0.0936519 0.000940404 7.23062 0.639046 82.0409 8.14319 1084.65 52.2284 1173.92 53.983 1173.92 53.983 0.567927 0.0084068 
200 0.24 1114800000 571.444 7.72639 -45.3942 0.324707 2349.33 32.7621 8.45749e+06 260199 0.000742781 0.001431 0.00189003 0.00137978 0.0111222 0.000212697 0.00024383 1.06928e-05 0.0936519 0.000937973 7.23062 0.638141 82.0409 8.14319 1084.65 52.2284 1173.92 53.983 1173.92 53.983 0.567927 0.0084068 
200 0.24 1115200000 571.444 7.72639 -45.3942 0.324707 2349.33 32.7621 8.45749e+06 260199 0.000742781 0.001431 0.00189003 0.00137978 0.0111222 0.000212697 0.00024383 1.06928e-05 0.0936519 0.000937973 7.23062 0.638141 82.0409 8.14319 1084.65 52.2284 1173.92 53.983 1173.92 53.983 0.567927 0.0084068 
200 0.24 1115600000 571.444 7.72639 -45.3942 0.324707 2349.33 32.7621 8.45749e+06 260199 0.000742781 0.001431 0.00189003 0.00137978 0.0111222 0.000212697 0.00024383 1.06928e-05 0.0936519 0.000937973 7.23062 0.638141 82.0409 8.14319 1084.65 52.2284 1173.92 53.983 1173.92 53.983 0.567927 0.0084068 
200 0.24 1116000000 571.444 7.72639 -45.3942 0.324707 2349.33 32.7621 8.45749e+06 260199 0.000742781 0.001431 0.00189003 0.00137978 0.0111222 0.000212697 0.00024383 1.06928e-05 0.0936519 0.000937973 7.23062 0.638141 82.0409 8.14319 1084.65 52.2284 1173.92 53.983 1173.92 53.983 0.567927 0.0084068 
200 0.24 1116400000 571.444 7.72209 -45.3942 0.325091 2349.33 32.804 8.45749e+06 260248 0.000742781 0.001431 0.00189003 0.00137978 0.0111222 0.000212697 0.00024383 1.06928e-05 0.0936519 0.000937973 7.23062 0.637225 82.0409 8.14319 1084.65 52.2284 1173.92 53.983 1173.92 53.983 0.567927 0.0084068 
200 0.24 1116800000 571.444 7.72209 -45.3942 0.325091 2349.33 32.804 8.45749e+06 260248 0.000742781 0.001431 0.00189003 0.00137978 0.0111222 0.000212697 0.00024383 1.06928e-05 0.0936519 0.000937973 7.23062 0.637225 82.0409 8.14319 1084.65 52.2284 1173.92 53.983 1173.92 53.983 0.567927 0.0084068 
200 0.24 1117200000 571.444 7.72209 -45.3942 0.325091 2349.33 32.804 8.45749e+06 260248 0.000742781 0.001431 0.00189003 0.00137978 0.0111222 0.000212697 0.00024383 1.06928e-05 0.0936519 0.000937973 7.23062 0.637225 82.0409 8.14319 1084.65 52.2284 1173.92 53.983 1173.92 53.983 0.567927 0.0084068 
200 0.24 1117600000 571.444 7.72209 -45.3942 0.325091 2349.33 32.804 8.45749e+06 260248 0.000742781 0.001431 0.00189003 0.00137978 0.0111222 0.000212697 0.00024383 1.06928e-05 0.0936519 0.000937973 7.23062 0.637225 82.0409 8.14319 1084.65 52.2284 1173.92 53.983 1173.92 53.983 0.567927 0.0084068 
200 0.24 1118000000 571.444 7.71728 -45.3942 0.324865 2349.33 32.803 8.45749e+06 260716 0.000742781 0.001431 0.00189003 0.00137585 0.0111222 0.000212697 0.00024383 1.06928e-05 0.0936519 0.000938039 7.23062 0.636316 82.0409 8.14319 1084.65 52.2284 1173.92 53.983 1173.92 53.983 0.567927 0.0084068 
200 0.24 1118400000 571.444 7.71728 -45.3942 0.324865 2349.33 32.803 8.45749e+06 260716 0.000742781 0.001431 0.00189003 0.00137585 0.0111222 0.000212697 0.00024383 1.06928e-05 0.0936519 0.000938039 7.23062 0.636316 82.0409 8.14319 1084.65 52.2284 1173.92 53.983 1173.92 53.983 0.567927 0.0084068 
200 0.24 1118800000 571.444 7.71728 -45.3942 0.324865 2349.33 32.803 8.45749e+06 260716 0.000742781 0.001431 0.00189003 0.00137585 0.0111222 0.000212697 0.00024383 1.06928e-05 0.0936519 0.000938039 7.23062 0.636316 82.0409 8.14319 1084.65 52.2284 1173.92 53.983 1173.92 53.983 0.567927 0.0084068 
200 0.24 1119200000 571.444 7.71728 -45.3942 0.324865 2349.33 32.803 8.45749e+06 260716 0.000742781 0.001431 0.00189003 0.00137585 0.0111222 0.000212697 0.00024383 1.06928e-05 0.0936519 0.000938039 7.23062 0.636316 82.0409 8.14319 1084.65 52.2284 1173.92 53.983 1173.92 53.983 0.567927 0.0084068 
200 0.24 1119600000 571.444 7.70632 -45.3942 0.324457 2349.33 32.7645 8.45749e+06 260418 0.000742781 0.001431 0.00189003 0.00137585 0.0111222 0.000212697 0.00024383 1.06928e-05 0.0936519 0.000938039 7.23062 0.635407 82.0409 8.14319 1084.65 52.2284 1173.92 53.983 1173.92 53.983 0.567927 0.0084068 
200 0.24 1120000000 571.444 7.70632 -45.3942 0.324457 2349.33 32.7645 8.45749e+06 260418 0.000742781 0.001431 0.00189003 0.00137585 0.0111222 0.000212697 0.00024383 1.06928e-05 0.0936519 0.000938039 7.23062 0.635407 82.0409 8.14319 1084.65 52.2284 1173.92 53.983 1173.92 53.983 0.567927 0.0084068 
200 0.24 1120400000 571.444 7.70632 -45.3942 0.324457 2349.33 32.7645 8.45749e+06 260418 0.000742781 0.001431 0.00189003 0.00137585 0.0111222 0.000212697 0.00024383 1.06928e-05 0.0936519 0.000938039 7.23062 0.635407 82.0409 8.14319 1084.65 52.2284 1173.92 53.983 1173.92 53.983 0.567927 0.0084068 
200 0.24 1120800000 571.444 7.70632 -45.3942 0.324457 2349.33 32.7645 8.45749e+06 260418 0.000742781 0.001431 0.00189003 0.00137585 0.0111222 0.000212697 0.00024383 1.06928e-05 0.0936519 0.000938039 7.23062 0.635407 82.0409 8.14319 1084.65 52.2284 1173.92 53.983 1173.92 53.983 0.567927 0.0084068 
200 0.24 1121200000 571.444 7.70577 -45.3942 0.324321 2349.33 32.7471 8.45749e+06 260149 0.000742781 0.00141948 0.00189003 0.00137783 0.0111222 0.000212619 0.00024383 1.06731e-05 0.0936519 0.00093555 7.23062 0.634495 82.0409 8.14319 1084.65 52.2284 1173.92 53.983 1173.92 53.983 0.567927 0.0084068 
200 0.24 1121600000 571.444 7.70577 -45.3942 0.324321 2349.33 32.7471 8.45749e+06 260149 0.000742781 0.00141948 0.00189003 0.00137783 0.0111222 0.000212619 0.00024383 1.06731e-05 0.0936519 0.00093555 7.23062 0.634495 82.0409 8.14319 1084.65 52.2284 1173.92 53.983 1173.92 53.983 0.567927 0.0084068 
200 0.24 1122000000 571.444 7.70577 -45.3942 0.324321 2349.33 32.7471 8.45749e+06 260149 0.000742781 0.00141948 0.00189003 0.00137783 0.0111222 0.000212619 0.00024383 1.06731e-05 0.0936519 0.00093555 7.23062 0.634495 82.0409 8.14319 1084.65 52.2284 1173.92 53.983 1173.92 53.983 0.567927 0.0084068 
200 0.24 1122400000 571.444 7.70577 -45.3942 0.324321 2349.33 32.7471 8.45749e+06 260149 0.000742781 0.00141948 0.00189003 0.00137783 0.0111222 0.000212619 0.00024383 1.06731e-05 0.0936519 0.00093555 7.23062 0.634495 82.0409 8.14319 1084.65 52.2284 1173.92 53.983 1173.92 53.983 0.567927 0.0084068 
200 0.24 1122800000 571.444 7.69918 -45.3942 0.323859 2349.33 32.7036 8.45749e+06 259843 0.000742781 0.00141948 0.00189003 0.00137783 0.0111222 0.000212619 0.00024383 1.06731e-05 0.0936519 0.00093555 7.23062 0.633586 82.0409 8.14319 1084.65 52.2284 1173.92 53.983 1173.92 53.983 0.567927 0.0084068 
200 0.24 1123200000 571.444 7.69918 -45.3942 0.323859 2349.33 32.7036 8.45749e+06 259843 0.000742781 0.00141948 0.00189003 0.00137783 0.0111222 0.000212619 0.00024383 1.06731e-05 0.0936519 0.00093555 7.23062 0.633586 82.0409 8.14319 1084.65 52.2284 1173.92 53.983 1173.92 53.983 0.567927 0.0084068 
200 0.24 1123600000 571.444 7.69918 -45.3942 0.323859 2349.33 32.7036 8.45749e+06 259843 0.000742781 0.00141948 0.00189003 0.00137783 0.0111222 0.000212619 0.00024383 1.06731e-05 0.0936519 0.00093555 7.23062 0.633586 82.0409 8.14319 1084.65 52.2284 1173.92 53.983 1173.92 53.983 0.567927 0.0084068 
200 0.24 1124000000 571.444 7.69918 -45.3942 0.323859 2349.33 32.7036 8.45749e+06 259843 0.000742781 0.00141948 0.00189003 0.00137783 0.0111222 0.000212619 0.00024383 1.06731e-05 0.0936519 0.00093555 7.23062 0.633586 82.0409 8.14319 1084.65 52.2284 1173.92 53.983 1173.92 53.983 0.567927 0.0084068 
200 0.24 1124400000 571.444 7.68989 -45.3942 0.323589 2349.33 32.6779 8.45749e+06 259591 0.000742781 0.00141948 0.00189003 0.0013755 0.0111222 0.000212619 0.00024383 1.06731e-05 0.0936519 0.000933016 7.23062 0.632683 82.0409 8.14319 1084.65 52.2284 1173.92 53.983 1173.92 53.983 0.567927 0.0084068 
200 0.24 1124800000 571.444 7.68989 -45.3942 0.323589 2349.33 32.6779 8.45749e+06 259591 0.000742781 0.00141948 0.00189003 0.0013755 0.0111222 0.000212619 0.00024383 1.06731e-05 0.0936519 0.000933016 7.23062 0.632683 82.0409 8.14319 1084.65 52.2284 1173.92 53.983 1173.92 53.983 0.567927 0.0084068 
200 0.24 1125200000 571.444 7.68989 -45.3942 0.323589 2349.33 32.6779 8.45749e+06 259591 0.000742781 0.00141948 0.00189003 0.0013755 0.0111222 0.000212619 0.00024383 1.06731e-05 0.0936519 0.000933016 7.23062 0.632683 82.0409 8.14319 1084.65 52.2284 1173.92 53.983 1173.92 53.983 0.567927 0.0084068 
200 0.24 1125600000 571.444 7.68989 -45.3942 0.323589 2349.33 32.6779 8.45749e+06 259591 0.000742781 0.00141948 0.00189003 0.0013755 0.0111222 0.000212619 0.00024383 1.06731e-05 0.0936519 0.000933016 7.23062 0.632683 82.0409 8.14319 1084.65 52.2284 1173.92 53.983 1173.92 53.983 0.567927 0.0084068 
200 0.24 1126000000 571.444 7.68292 -45.3942 0.323306 2349.33 32.6608 8.45749e+06 259615 0.000742781 0.00141948 0.00189003 0.0013755 0.0111222 0.000212619 0.00024383 1.06731e-05 0.0936519 0.000933016 7.23062 0.631791 82.0409 8.14319 1084.65 52.2284 1173.92 53.983 1173.92 53.983 0.567927 0.0084068 
200 0.24 1126400000 571.444 7.68292 -45.3942 0.323306 2349.33 32.6608 8.45749e+06 259615 0.000742781 0.00141948 0.00189003 0.0013755 0.0111222 0.000212619 0.00024383 1.06731e-05 0.0936519 0.000933016 7.23062 0.631791 82.0409 8.14319 1084.65 52.2284 1173.92 53.983 1173.92 53.983 0.567927 0.0084068 
200 0.24 1126800000 571.444 7.68292 -45.3942 0.323306 2349.33 32.6608 8.45749e+06 259615 0.000742781 0.00141948 0.00189003 0.0013755 0.0111222 0.000212619 0.00024383 1.06731e-05 0.0936519 0.000933016 7.23062 0.631791 82.0409 8.14319 1084.65 52.2284 1173.92 53.983 1173.92 53.983 0.567927 0.0084068 
200 0.24 1127200000 571.444 7.68292 -45.3942 0.323306 2349.33 32.6608 8.45749e+06 259615 0.000742781 0.00141948 0.00189003 0.0013755 0.0111222 0.000212619 0.00024383 1.06731e-05 0.0936519 0.000933016 7.23062 0.631791 82.0409 8.14319 1084.65 52.2284 1173.92 53.983 1173.92 53.983 0.567927 0.0084068 
200 0.24 1127600000 571.444 7.67198 -45.3942 0.322846 2349.33 32.618 8.45749e+06 259321 0.000742781 0.00141948 0.00189003 0.00137161 0.0111222 0.000211548 0.00024383 1.0619e-05 0.0936519 0.000930478 7.23062 0.630893 82.0409 8.14319 1084.65 52.2284 1173.92 53.983 1173.92 53.983 0.567927 0.0084068 
200 0.24 1128000000 571.444 7.67198 -45.3942 0.322846 2349.33 32.618 8.45749e+06 259321 0.000742781 0.00141948 0.00189003 0.00137161 0.0111222 0.000211548 0.00024383 1.0619e-05 0.0936519 0.000930478 7.23062 0.630893 82.0409 8.14319 1084.65 52.2284 1173.92 53.983 1173.92 53.983 0.567927 0.0084068 
200 0.24 1128400000 571.444 7.67198 -45.3942 0.322846 2349.33 32.618 8.45749e+06 259321 0.000742781 0.00141948 0.00189003 0.00137161 0.0111222 0.000211548 0.00024383 1.0619e-05 0.0936519 0.000930478 7.23062 0.630893 82.0409 8.14319 1084.65 52.2284 1173.92 53.983 1173.92 53.983 0.567927 0.0084068 
200 0.24 1128800000 571.444 7.67198 -45.3942 0.322846 2349.33 32.618 8.45749e+06 259321 0.000742781 0.00141948 0.00189003 0.00137161 0.0111222 0.000211548 0.00024383 1.0619e-05 0.0936519 0.000930478 7.23062 0.630893 82.0409 8.14319 1084.65 52.2284 1173.92 53.983 1173.92 53.983 0.567927 0.0084068 
200 0.24 1129200000 571.444 7.66309 -45.3942 0.322388 2349.33 32.5717 8.45749e+06 258974 0.000742781 0.00141948 0.00189003 0.00137161 0.0111222 0.000211548 0.00024383 1.0619e-05 0.0936519 0.000930478 7.23062 0.629996 82.0409 8.14319 1084.65 52.2284 1173.92 53.983 1173.92 53.983 0.567927 0.0084068 
200 0.24 1129600000 571.444 7.66309 -45.3942 0.322388 2349.33 32.5717 8.45749e+06 258974 0.000742781 0.00141948 0.00189003 0.00137161 0.0111222 0.000211548 0.00024383 1.0619e-05 0.0936519 0.000930478 7.23062 0.629996 82.0409 8.14319 1084.65 52.2284 1173.92 53.983 1173.92 53.983 0.567927 0.0084068 
200 0.24 1130000000 571.444 7.66309 -45.3942 0.322388 2349.33 32.5717 8.45749e+06 258974 0.000742781 0.00141948 0.00189003 0.00137161 0.0111222 0.000211548 0.00024383 1.0619e-05 0.0936519 0.000930478 7.23062 0.629996 82.0409 8.14319 1084.65 52.2284 1173.92 53.983 1173.92 53.983 0.567927 0.0084068 
200 0.24 1130400000 571.444 7.66309 -45.3942 0.322388 2349.33 32.5717 8.45749e+06 258974 0.000742781 0.00141948 0.00189003 0.00137161 0.0111222 0.000211548 0.00024383 1.0619e-05 0.0936519 0.000930478 7.23062 0.629996 82.0409 8.14319 1084.65 52.2284 1173.92 53.983 1173.92 53.983 0.567927 0.0084068 
200 0.24 1130800000 571.444 7.65226 -45.3942 0.322311 2349.33 32.565 8.45749e+06 258786 0.000742781 0.00141948 0.00189003 0.00137095 0.0111222 0.000211548 0.00024383 1.0619e-05 0.0936519 0.000929759 7.23062 0.6291 82.0409 8.14319 1084.65 52.2284 1173.92 53.983 1173.92 53.983 0.567927 0.0084068 
200 0.24 1131200000 571.444 7.65226 -45.3942 0.322311 2349.33 32.565 8.45749e+06 258786 0.000742781 0.00141948 0.00189003 0.00137095 0.0111222 0.000211548 0.00024383 1.0619e-05 0.0936519 0.000929759 7.23062 0.6291 82.0409 8.14319 1084.65 52.2284 1173.92 53.983 1173.92 53.983 0.567927 0.0084068 
200 0.24 1131600000 571.444 7.65226 -45.3942 0.322311 2349.33 32.565 8.45749e+06 258786 0.000742781 0.00141948 0.00189003 0.00137095 0.0111222 0.000211548 0.00024383 1.0619e-05 0.0936519 0.000929759 7.23062 0.6291 82.0409 8.14319 1084.65 52.2284 1173.92 53.983 1173.92 53.983 0.567927 0.0084068 
200 0.24 1132000000 571.444 7.65226 -45.3942 0.322311 2349.33 32.565 8.45749e+06 258786 0.000742781 0.00141948 0.00189003 0.00137095 0.0111222 0.000211548 0.00024383 1.0619e-05 0.0936519 0.000929759 7.23062 0.6291 82.0409 8.14319 1084.65 52.2284 1173.92 53.983 1173.92 53.983 0.567927 0.0084068 
200 0.24 1132400000 571.444 7.64172 -45.3942 0.322026 2349.33 32.5302 8.45749e+06 258481 0.000742781 0.00141948 0.00189003 0.00137122 0.0111222 0.000211548 0.00024383 1.0619e-05 0.0936519 0.000929759 7.23062 0.628206 82.0409 8.14319 1084.65 52.2284 1173.92 53.983 1173.92 53.983 0.567927 0.0084068 
200 0.24 1132800000 571.444 7.64172 -45.3942 0.322026 2349.33 32.5302 8.45749e+06 258481 0.000742781 0.00141948 0.00189003 0.00137122 0.0111222 0.000211548 0.00024383 1.0619e-05 0.0936519 0.000929759 7.23062 0.628206 82.0409 8.14319 1084.65 52.2284 1173.92 53.983 1173.92 53.983 0.567927 0.0084068 
200 0.24 1133200000 571.444 7.64172 -45.3942 0.322026 2349.33 32.5302 8.45749e+06 258481 0.000742781 0.00141948 0.00189003 0.00137122 0.0111222 0.000211548 0.00024383 1.0619e-05 0.0936519 0.000929759 7.23062 0.628206 82.0409 8.14319 1084.65 52.2284 1173.92 53.983 1173.92 53.983 0.567927 0.0084068 
200 0.24 1133600000 571.444 7.64172 -45.3942 0.322026 2349.33 32.5302 8.45749e+06 258481 0.000742781 0.00141948 0.00189003 0.00137122 0.0111222 0.000211548 0.00024383 1.0619e-05 0.0936519 0.000929759 7.23062 0.628206 82.0409 8.14319 1084.65 52.2284 1173.92 53.983 1173.92 53.983 0.567927 0.0084068 
200 0.24 1134000000 573.577 7.63384 -45.376 0.321604 2346.68 32.4926 8.42782e+06 258203 0.000458231 0.0014117 0.00211138 0.00137022 0.0111174 0.000211017 0.0002443 1.05601e-05 0.093562 0.000928393 7.12718 0.627314 81.4581 7.77309 1077.44 52.2284 1166.03 53.983 1166.03 53.983 0.567585 0.0084068 
200 0.24 1134400000 573.577 7.63384 -45.376 0.321604 2346.68 32.4926 8.42782e+06 258203 0.000458231 0.0014117 0.00211138 0.00137022 0.0111174 0.000211017 0.0002443 1.05601e-05 0.093562 0.000928393 7.12718 0.627314 81.4581 7.77309 1077.44 52.2284 1166.03 53.983 1166.03 53.983 0.567585 0.0084068 
200 0.24 1134800000 573.577 7.63384 -45.376 0.321604 2346.68 32.4926 8.42782e+06 258203 0.000458231 0.0014117 0.00211138 0.00137022 0.0111174 0.000211017 0.0002443 1.05601e-05 0.093562 0.000928393 7.12718 0.627314 81.4581 7.77309 1077.44 52.2284 1166.03 53.983 1166.03 53.983 0.567585 0.0084068 
200 0.24 1135200000 573.577 7.63384 -45.376 0.321604 2346.68 32.4926 8.42782e+06 258203 0.000458231 0.0014117 0.00211138 0.00137022 0.0111174 0.000211017 0.0002443 1.05601e-05 0.093562 0.000928393 7.12718 0.627314 81.4581 7.77309 1077.44 52.2284 1166.03 53.983 1166.03 53.983 0.567585 0.0084068 
200 0.24 1135600000 573.577 7.62305 -45.376 0.321153 2346.68 32.4465 8.42782e+06 257837 0.000458231 0.0014117 0.00211138 0.00136887 0.0111174 0.000211017 0.0002443 1.05601e-05 0.093562 0.000928393 7.12718 0.626426 81.4581 7.77309 1077.44 52.2284 1166.03 53.983 1166.03 53.983 0.567585 0.0084068 
200 0.24 1136000000 573.577 7.62305 -45.376 0.321153 2346.68 32.4465 8.42782e+06 257837 0.000458231 0.0014117 0.00211138 0.00136887 0.0111174 0.000211017 0.0002443 1.05601e-05 0.093562 0.000928393 7.12718 0.626426 81.4581 7.77309 1077.44 52.2284 1166.03 53.983 1166.03 53.983 0.567585 0.0084068 
200 0.24 1136400000 573.577 7.62305 -45.376 0.321153 2346.68 32.4465 8.42782e+06 257837 0.000458231 0.0014117 0.00211138 0.00136887 0.0111174 0.000211017 0.0002443 1.05601e-05 0.093562 0.000928393 7.12718 0.626426 81.4581 7.77309 1077.44 52.2284 1166.03 53.983 1166.03 53.983 0.567585 0.0084068 
200 0.24 1136800000 573.577 7.62305 -45.376 0.321153 2346.68 32.4465 8.42782e+06 257837 0.000458231 0.0014117 0.00211138 0.00136887 0.0111174 0.000211017 0.0002443 1.05601e-05 0.093562 0.000928393 7.12718 0.626426 81.4581 7.77309 1077.44 52.2284 1166.03 53.983 1166.03 53.983 0.567585 0.0084068 
200 0.24 1137200000 573.577 7.63085 -45.376 0.320927 2346.68 32.4166 8.42782e+06 257510 0.000458231 0.0014117 0.00211138 0.00136694 0.0111174 0.000211017 0.0002443 1.05601e-05 0.093562 0.000932616 7.12718 0.625549 81.4581 7.77309 1077.44 52.2284 1166.03 53.983 1166.03 53.983 0.567585 0.0084068 
200 0.24 1137600000 573.577 7.63085 -45.376 0.320927 2346.68 32.4166 8.42782e+06 257510 0.000458231 0.0014117 0.00211138 0.00136694 0.0111174 0.000211017 0.0002443 1.05601e-05 0.093562 0.000932616 7.12718 0.625549 81.4581 7.77309 1077.44 52.2284 1166.03 53.983 1166.03 53.983 0.567585 0.0084068 
200 0.24 1138000000 573.577 7.63085 -45.376 0.320927 2346.68 32.4166 8.42782e+06 257510 0.000458231 0.0014117 0.00211138 0.00136694 0.0111174 0.000211017 0.0002443 1.05601e-05 0.093562 0.000932616 7.12718 0.625549 81.4581 7.77309 1077.44 52.2284 1166.03 53.983 1166.03 53.983 0.567585 0.0084068 
200 0.24 1138400000 573.577 7.63085 -45.376 0.320927 2346.68 32.4166 8.42782e+06 257510 0.000458231 0.0014117 0.00211138 0.00136694 0.0111174 0.000211017 0.0002443 1.05601e-05 0.093562 0.000932616 7.12718 0.625549 81.4581 7.77309 1077.44 52.2284 1166.03 53.983 1166.03 53.983 0.567585 0.0084068 
200 0.24 1138800000 573.577 7.62362 -45.376 0.3213 2346.68 32.4379 8.42782e+06 257369 0.000458231 0.0014117 0.00211138 0.00136548 0.0111174 0.000211017 0.0002443 1.05601e-05 0.093562 0.000932616 7.12718 0.624664 81.4581 7.77309 1077.44 52.2284 1166.03 53.983 1166.03 53.983 0.567585 0.0084068 
200 0.24 1139200000 573.577 7.62362 -45.376 0.3213 2346.68 32.4379 8.42782e+06 257369 0.000458231 0.0014117 0.00211138 0.00136548 0.0111174 0.000211017 0.0002443 1.05601e-05 0.093562 0.000932616 7.12718 0.624664 81.4581 7.77309 1077.44 52.2284 1166.03 53.983 1166.03 53.983 0.567585 0.0084068 
200 0.24 1139600000 573.577 7.62362 -45.376 0.3213 2346.68 32.4379 8.42782e+06 257369 0.000458231 0.0014117 0.00211138 0.00136548 0.0111174 0.000211017 0.0002443 1.05601e-05 0.093562 0.000932616 7.12718 0.624664 81.4581 7.77309 1077.44 52.2284 1166.03 53.983 1166.03 53.983 0.567585 0.0084068 
200 0.24 1140000000 573.577 7.62362 -45.376 0.3213 2346.68 32.4379 8.42782e+06 257369 0.000458231 0.0014117 0.00211138 0.00136548 0.0111174 0.000211017 0.0002443 1.05601e-05 0.093562 0.000932616 7.12718 0.624664 81.4581 7.77309 1077.44 52.2284 1166.03 53.983 1166.03 53.983 0.567585 0.0084068 
200 0.24 1140400000 573.577 7.61299 -45.376 0.320863 2346.68 32.3929 8.42782e+06 257006 0.000458231 0.0014117 0.00211138 0.00136314 0.0111174 0.000212128 0.0002443 1.05504e-05 0.093562 0.000931432 7.12718 0.62379 81.4581 7.77309 1077.44 52.2284 1166.03 53.983 1166.03 53.983 0.567585 0.0084068 
200 0.24 1140800000 573.577 7.61299 -45.376 0.320863 2346.68 32.3929 8.42782e+06 257006 0.000458231 0.0014117 0.00211138 0.00136314 0.0111174 0.000212128 0.0002443 1.05504e-05 0.093562 0.000931432 7.12718 0.62379 81.4581 7.77309 1077.44 52.2284 1166.03 53.983 1166.03 53.983 0.567585 0.0084068 
200 0.24 1141200000 573.577 7.61299 -45.376 0.320863 2346.68 32.3929 8.42782e+06 257006 0.000458231 0.0014117 0.00211138 0.00136314 0.0111174 0.000212128 0.0002443 1.05504e-05 0.093562 0.000931432 7.12718 0.62379 81.4581 7.77309 1077.44 52.2284 1166.03 53.983 1166.03 53.983 0.567585 0.0084068 
200 0.24 1141600000 573.577 7.61299 -45.376 0.320863 2346.68 32.3929 8.42782e+06 257006 0.000458231 0.0014117 0.00211138 0.00136314 0.0111174 0.000212128 0.0002443 1.05504e-05 0.093562 0.000931432 7.12718 0.62379 81.4581 7.77309 1077.44 52.2284 1166.03 53.983 1166.03 53.983 0.567585 0.0084068 
200 0.24 1142000000 573.577 7.61573 -45.376 0.320504 2346.68 32.3519 8.42782e+06 256653 0.000458231 0.0014117 0.00211138 0.00136233 0.0111174 0.000212128 0.0002443 1.05504e-05 0.093562 0.000931432 7.12718 0.622918 81.4581 7.77309 1077.44 52.2284 1166.03 53.983 1166.03 53.983 0.567585 0.0084068 
200 0.24 1142400000 573.577 7.61573 -45.376 0.320504 2346.68 32.3519 8.42782e+06 256653 0.000458231 0.0014117 0.00211138 0.00136233 0.0111174 0.000212128 0.0002443 1.05504e-05 0.093562 0.000931432 7.12718 0.622918 81.4581 7.77309 1077.44 52.2284 1166.03 53.983 1166.03 53.983 0.567585 0.0084068 
200 0.24 1142800000 573.577 7.61573 -45.376 0.320504 2346.68 32.3519 8.42782e+06 256653 0.000458231 0.0014117 0.00211138 0.00136233 0.0111174 0.000212128 0.0002443 1.05504e-05 0.093562 0.000931432 7.12718 0.622918 81.4581 7.77309 1077.44 52.2284 1166.03 53.983 1166.03 53.983 0.567585 0.0084068 
200 0.24 1143200000 573.577 7.61573 -45.376 0.320504 2346.68 32.3519 8.42782e+06 256653 0.000458231 0.0014117 0.00211138 0.00136233 0.0111174 0.000212128 0.0002443 1.05504e-05 0.093562 0.000931432 7.12718 0.622918 81.4581 7.77309 1077.44 52.2284 1166.03 53.983 1166.03 53.983 0.567585 0.0084068 
